lichess_id,ply,result,player,player_elo,time_scramble_bracket
bSLupltm,109,1-0,White,1522,<=5s vs 10-15s
d4LLlThS,105,1-0,White,1554,<=5s vs <=5s
9YEkl1Fa,89,1-0,White,1635,<=5s vs <=5s
hS5tjSTi,51,1-0,White,1099,<=5s vs 10-15s
Xu835FHa,83,1-0,White,2472,<=5s vs <=5s
y2GvakiQ,61,1-0,White,2340,<=5s vs 15-20s
Hr4P7eng,50,0-1,Black,1006,<=5s vs 5-10s
oIQWJlP9,86,0-1,Black,1611,<=5s vs 5-10s
RrGpmsH3,77,1-0,White,2280,<=5s vs 5-10s
Xuq2Myvl,81,1-0,White,1441,<=5s vs 5-10s
QcfreXdm,79,1-0,White,2064,<=5s vs <=5s
NZRGecDI,57,1-0,White,1840,<=5s vs 15-20s
zy3B6JCl,120,1/2-1/2,Black,1842,<=5s vs <=5s
OjZQiWNf,104,0-1,Black,1584,<=5s vs <=5s
hodykvG2,58,0-1,Black,2037,<=5s vs 10-15s
Q3NFhzIj,91,1-0,White,1904,<=5s vs <=5s
K64aBbjT,49,0-1,White,1458,<=5s vs 5-10s
N0Utx87l,70,0-1,Black,1329,<=5s vs <=5s
L9MILKce,77,1-0,White,1978,<=5s vs <=5s
b01UGhaq,79,0-1,White,2204,<=5s vs <=5s
D4ekUZVO,72,0-1,Black,1432,<=5s vs 5-10s
EfPlzQs5,55,1-0,White,1119,<=5s vs 5-10s
eUk6dfhZ,80,0-1,Black,2168,<=5s vs <=5s
4XnQ02sJ,61,1-0,White,1380,<=5s vs <=5s
MEyW6p1u,80,0-1,Black,1908,<=5s vs <=5s
5M2F7y8N,145,0-1,White,2390,<=5s vs <=5s
1Yoqpc6M,127,0-1,White,2458,<=5s vs <=5s
oVLtxOT5,38,0-1,Black,1274,<=5s vs 5-10s
BO4wjsHQ,88,0-1,Black,1960,<=5s vs <=5s
KVcRrNhg,82,0-1,Black,1439,<=5s vs <=5s
RUziThUT,85,0-1,White,1969,<=5s vs <=5s
CHBrl6d8,102,1/2-1/2,Black,1569,<=5s vs <=5s
Hr4VAlrn,49,1-0,White,1190,<=5s vs <=5s
pLbBPBwj,64,0-1,Black,1313,<=5s vs 5-10s
G398WHP8,70,0-1,Black,2264,<=5s vs 15-20s
mWdq3HVZ,66,1-0,Black,2041,<=5s vs <=5s
CZLlcGct,78,0-1,Black,1243,<=5s vs <=5s
gAz7sQtW,87,1-0,White,2355,<=5s vs <=5s
UT68U8X5,102,0-1,Black,2069,<=5s vs <=5s
d6aSJf9n,74,0-1,Black,1435,<=5s vs <=5s
YfUpBSZm,77,1-0,White,2562,<=5s vs 5-10s
RbNCMnIi,98,0-1,Black,2390,<=5s vs 10-15s
fTV6TmDl,93,0-1,White,2217,<=5s vs <=5s
kYd1FAwL,102,1-0,Black,2250,<=5s vs <=5s
nRFj3C2J,59,1-0,White,1500,<=5s vs <=5s
YAhLa6gD,55,1-0,White,1608,<=5s vs 10-15s
qrhUiWzA,115,1-0,White,1406,<=5s vs 5-10s
GXdnYpw4,67,1-0,White,1448,<=5s vs <=5s
SBYSuykX,127,0-1,White,2386,<=5s vs <=5s
cEVWq8ob,93,0-1,White,2028,<=5s vs <=5s
9yPP9OOD,110,1-0,Black,2450,<=5s vs <=5s
bWzcrlcV,70,0-1,Black,1333,<=5s vs 5-10s
Sxc7GfYo,84,0-1,Black,2272,<=5s vs 5-10s
4SS4iAiT,112,0-1,Black,2035,<=5s vs <=5s
H4kY13Yc,72,0-1,Black,1241,<=5s vs 5-10s
5zXBJT8D,72,0-1,Black,2192,<=5s vs 5-10s
77agmQmB,61,1-0,White,1072,<=5s vs <=5s
xn2Jrg3F,94,0-1,Black,1922,<=5s vs 5-10s
Ehgn1y3X,55,0-1,White,1673,<=5s vs <=5s
AyOAoGC2,100,1-0,Black,2593,<=5s vs <=5s
U745z8YD,61,1-0,White,1904,<=5s vs <=5s
iSB4IdXJ,65,1-0,White,1084,<=5s vs <=5s
Q7UFGmBa,118,0-1,Black,2786,<=5s vs <=5s
oNZviZ6Y,70,0-1,Black,1280,<=5s vs <=5s
T9Hm6Jip,123,1-0,White,1901,<=5s vs 15-20s
8WZCz7dr,96,0-1,Black,2529,<=5s vs <=5s
YtebxuO4,76,1-0,Black,1211,<=5s vs <=5s
NIivjgdy,90,0-1,Black,1746,<=5s vs <=5s
gvK8062S,100,0-1,Black,2567,<=5s vs <=5s
SSHVJ3gZ,112,1/2-1/2,Black,2341,<=5s vs 5-10s
ZDiueLo9,70,0-1,Black,1617,<=5s vs 10-15s
k8WlkAL7,63,1-0,White,1522,<=5s vs 10-15s
z6YVwsSR,76,0-1,Black,1854,<=5s vs <=5s
RPvZZEuQ,126,1-0,Black,2480,<=5s vs <=5s
9gnvTcnQ,88,0-1,Black,2232,<=5s vs <=5s
AqwPyfvX,81,1-0,White,1379,<=5s vs 5-10s
azvzWjE4,67,1-0,White,1322,<=5s vs <=5s
eKWRl2hm,76,0-1,Black,2432,<=5s vs 10-15s
T3MxcVMD,69,0-1,White,1798,<=5s vs <=5s
ocMlj8zg,130,1-0,Black,2414,<=5s vs <=5s
eTdcV147,121,1-0,White,2165,<=5s vs 5-10s
Pny8cXOU,86,0-1,Black,2332,<=5s vs 15-20s
SeMoITYC,106,1-0,Black,2609,<=5s vs 10-15s
bjz9fV6W,69,0-1,White,1215,<=5s vs <=5s
LSIDk00L,66,0-1,Black,2010,<=5s vs 10-15s
AEOLgCjm,70,0-1,Black,1285,<=5s vs 15-20s
7VvuIlR3,132,0-1,Black,1944,<=5s vs <=5s
NhyhtbOS,94,0-1,Black,2005,<=5s vs <=5s
SJUm0pjl,92,0-1,Black,2148,<=5s vs <=5s
243mb57U,93,1-0,White,1953,<=5s vs <=5s
bs6qqLU9,92,1/2-1/2,Black,2165,<=5s vs <=5s
5X6qWIc5,69,1-0,White,1116,<=5s vs 15-20s
dmpfzfYE,89,1-0,White,2344,<=5s vs 10-15s
LeaGbQXi,72,1-0,Black,1895,<=5s vs <=5s
N4LUFi3G,85,1-0,White,1985,<=5s vs 5-10s
Ubqvbjof,83,0-1,White,2290,<=5s vs <=5s
3nzFrgSQ,71,1-0,White,1989,<=5s vs 10-15s
vr78xPws,70,0-1,Black,1755,<=5s vs 5-10s
ce7iEAba,72,0-1,Black,1744,<=5s vs <=5s
iK8VO0fY,66,1-0,Black,2344,<=5s vs <=5s
aedH3pPp,78,0-1,Black,1226,<=5s vs 10-15s
7uAD1toj,76,1-0,Black,1899,<=5s vs <=5s
kcRkysxA,80,0-1,Black,2125,<=5s vs <=5s
94hxZ3BG,93,1-0,White,1900,<=5s vs 10-15s
IFQSm2Gq,107,0-1,White,2676,<=5s vs <=5s
8jMNzCkm,64,1-0,Black,2018,<=5s vs <=5s
9GHFKgp2,72,0-1,Black,1963,<=5s vs <=5s
miu88820,110,0-1,Black,2188,<=5s vs 5-10s
ACi3RJIo,71,1-0,White,1775,<=5s vs 5-10s
kxxGSLhg,65,1-0,White,1229,<=5s vs 10-15s
N8atl9ks,80,0-1,Black,1516,<=5s vs <=5s
FseLLaL5,52,0-1,Black,1121,<=5s vs 5-10s
2BCCdUN2,102,0-1,Black,2199,<=5s vs <=5s
1SGqAHDT,53,0-1,White,1053,<=5s vs <=5s
RaB0hTZh,91,1-0,White,2141,<=5s vs 5-10s
KNmVaNjQ,97,0-1,White,2220,<=5s vs <=5s
9aYvO3Vs,108,0-1,Black,2388,<=5s vs 5-10s
OQDTNsiF,113,1-0,White,2500,<=5s vs <=5s
dmNdf6Ar,61,1-0,White,1744,<=5s vs 5-10s
4c30mWg2,46,1-0,Black,2203,<=5s vs <=5s
IdaLM88i,59,1-0,White,1433,<=5s vs 10-15s
cbnbjVky,87,1-0,White,1892,<=5s vs 5-10s
BhvGsc2U,92,1-0,Black,2178,<=5s vs <=5s
H5xzKBPD,140,0-1,Black,1882,<=5s vs <=5s
c1So3BSt,115,1-0,White,2179,<=5s vs 10-15s
5QNbrPND,95,1-0,White,2326,<=5s vs 10-15s
NQICZB3F,76,0-1,Black,1869,<=5s vs 5-10s
HQ8QzAh6,76,0-1,Black,1672,<=5s vs <=5s
cnIUqjPl,133,0-1,White,2593,<=5s vs <=5s
TBeb7jzv,67,1-0,White,1806,<=5s vs 15-20s
yZAhxRzZ,81,1-0,White,1541,<=5s vs 10-15s
YLXKAEzS,76,0-1,Black,1411,<=5s vs <=5s
iBSGcmuP,89,0-1,White,2026,<=5s vs <=5s
dIkXruW0,55,0-1,White,1973,<=5s vs <=5s
AooTpkI7,46,1-0,Black,1059,<=5s vs <=5s
jFX18e16,178,0-1,Black,2342,<=5s vs <=5s
keUeaE5N,76,0-1,Black,2012,<=5s vs <=5s
GSAb3vGr,75,0-1,White,1671,<=5s vs <=5s
0xoUPR7M,79,1-0,White,1895,<=5s vs 10-15s
VvH2WJUR,86,0-1,Black,1315,<=5s vs 5-10s
V3VGp0pN,113,1-0,White,2241,<=5s vs 5-10s
388YC7tD,95,1-0,White,1664,<=5s vs 5-10s
173kiELw,76,0-1,Black,2364,<=5s vs 10-15s
9BGXXc3n,61,1-0,White,2077,<=5s vs <=5s
zCCj8ukt,57,1-0,White,1739,<=5s vs 5-10s
YMeV5pPg,80,0-1,Black,1908,<=5s vs <=5s
WdGLUwzE,68,1-0,Black,1751,<=5s vs <=5s
Or1valsc,68,0-1,Black,1656,<=5s vs <=5s
O8dJGBuZ,97,0-1,White,2621,<=5s vs <=5s
ZcLR30Ea,57,1-0,White,1102,<=5s vs 5-10s
tMrT4W2F,62,0-1,Black,1517,<=5s vs <=5s
6OyucqHE,44,0-1,Black,1438,<=5s vs 15-20s
A8fMAx3y,63,0-1,White,1338,<=5s vs <=5s
7nNHqZPH,83,0-1,White,2251,<=5s vs <=5s
Sx6w71c6,102,0-1,Black,1984,<=5s vs <=5s
3nUv9i1K,139,1-0,White,2124,<=5s vs <=5s
B9vUjDU9,92,1-0,Black,2584,<=5s vs <=5s
B3jkIFXX,92,0-1,Black,2095,<=5s vs <=5s
BdXayq3M,76,0-1,Black,1769,<=5s vs <=5s
OMgL2TZW,90,0-1,Black,2058,<=5s vs <=5s
QUBKqC1n,72,0-1,Black,1141,<=5s vs <=5s
JW1GXNSP,74,1-0,Black,1895,<=5s vs <=5s
3Yfm58qq,87,0-1,White,2373,<=5s vs <=5s
uBvMD9eW,121,1-0,White,1870,<=5s vs <=5s
LXLEc4Sg,89,1-0,White,1811,<=5s vs <=5s
9drsaif8,62,0-1,Black,2225,<=5s vs 10-15s
8Wip3LTE,93,0-1,White,2111,<=5s vs <=5s
QLIWYMrn,99,1-0,White,2303,<=5s vs <=5s
AfcwZkL1,59,1-0,White,1523,<=5s vs 15-20s
5ukHdcXL,95,1-0,White,1794,<=5s vs 15-20s
WEiOn5a4,80,0-1,Black,1711,<=5s vs 5-10s
XIpor39T,111,0-1,White,2476,<=5s vs <=5s
XQwaIO3e,89,1-0,White,1981,<=5s vs 5-10s
Wog3ORwq,140,0-1,Black,2542,<=5s vs <=5s
4yQFdsJ6,99,1-0,White,2240,<=5s vs 15-20s
CBnqmE6Q,128,1-0,Black,2526,<=5s vs <=5s
OHF9WnWV,93,0-1,White,2119,<=5s vs <=5s
7p3FRZd8,100,0-1,Black,2752,<=5s vs <=5s
b1Mu3aVW,126,0-1,Black,2303,<=5s vs 5-10s
OTLzK3Iw,82,0-1,Black,2211,<=5s vs <=5s
0IIb4g0H,109,1/2-1/2,White,2327,<=5s vs <=5s
NCUTnRVt,51,0-1,White,903,<=5s vs <=5s
S4BrZ9gF,99,1/2-1/2,White,2386,<=5s vs 5-10s
LErdzm4s,125,1-0,White,1583,<=5s vs <=5s
1mXJ1iAb,84,0-1,Black,1759,<=5s vs <=5s
Ea68Wl6d,77,1-0,White,2299,<=5s vs 10-15s
KZIzHMvk,111,0-1,White,2627,<=5s vs <=5s
9LCi5c6g,96,1-0,Black,2410,<=5s vs <=5s
ZqRiuHmJ,75,1-0,White,1647,<=5s vs 15-20s
Im2OQP4M,95,1-0,White,1823,<=5s vs <=5s
kW5cEy8o,88,1-0,Black,2109,<=5s vs <=5s
jADGNRFy,57,1-0,White,1077,<=5s vs 15-20s
biXyIIcq,93,1-0,White,2475,<=5s vs 15-20s
cLwcklwO,69,1-0,White,1544,<=5s vs 5-10s
1SRweQG8,60,0-1,Black,628,<=5s vs <=5s
Jl3em9Op,87,1-0,White,2385,<=5s vs <=5s
DNQoCTYv,92,0-1,Black,2083,<=5s vs <=5s
foeJuDfG,70,0-1,Black,1366,<=5s vs <=5s
u2iFNIt5,103,1-0,White,1578,<=5s vs 5-10s
mUefvx6U,73,1-0,White,1994,<=5s vs <=5s
vjfCUjaF,81,1-0,White,1452,<=5s vs 15-20s
5gPsbQLF,66,0-1,Black,1778,<=5s vs 15-20s
LKIvgShN,66,0-1,Black,1833,<=5s vs <=5s
G8sIQB1x,59,1-0,White,1473,<=5s vs <=5s
4AGZhNWD,74,1/2-1/2,Black,2284,<=5s vs 10-15s
GCZMtN9B,80,1/2-1/2,Black,2096,<=5s vs 5-10s
ckNMBubN,102,1-0,Black,2376,<=5s vs 5-10s
5er1JL9D,69,1-0,White,1366,<=5s vs 15-20s
q3TmNNYg,82,1-0,Black,2026,<=5s vs <=5s
GT45w22S,83,0-1,White,2356,<=5s vs <=5s
9D63veS5,184,0-1,Black,2578,<=5s vs 15-20s
nLLmv9rZ,102,1/2-1/2,Black,1927,<=5s vs 5-10s
NJMhr4Fk,97,1-0,White,2612,<=5s vs 10-15s
Y8rzn065,61,1-0,White,1769,<=5s vs 10-15s
Y1mfU1Gp,66,0-1,Black,1872,<=5s vs <=5s
Fu8BzjAr,82,0-1,Black,1617,<=5s vs 10-15s
gXp4rIxE,49,0-1,White,1298,<=5s vs 5-10s
1O7SNEmh,60,1/2-1/2,Black,1280,<=5s vs <=5s
IiPnoJsm,97,1-0,White,1611,<=5s vs <=5s
0jg0cZLT,59,1-0,White,1302,<=5s vs 5-10s
URe5ObM8,57,1-0,White,1741,<=5s vs 15-20s
8ncvfQnx,52,0-1,Black,1429,<=5s vs 10-15s
L7QaLLNg,78,1-0,Black,1776,<=5s vs <=5s
Vy4pPqEg,92,0-1,Black,2567,<=5s vs <=5s
gT66YQ4y,45,1-0,White,1500,<=5s vs 10-15s
nPtKrCyh,97,0-1,White,2188,<=5s vs <=5s
qvU9YGO7,77,0-1,White,1983,<=5s vs <=5s
kjtNeMhu,71,1-0,White,1868,<=5s vs 10-15s
CzmMKa2E,115,0-1,White,2358,<=5s vs <=5s
tizms4n1,112,1-0,Black,2515,<=5s vs <=5s
1jXDIvkz,98,0-1,Black,2145,<=5s vs <=5s
yOuxZ9BK,52,0-1,Black,1681,<=5s vs <=5s
JuO05nML,67,1-0,White,1500,<=5s vs 5-10s
w59cFUZA,67,1-0,White,1697,<=5s vs <=5s
CXjpCvaX,51,1-0,White,1056,<=5s vs 5-10s
j3YQEryV,101,1-0,White,2203,<=5s vs <=5s
Qm1w5ScM,93,1-0,White,2227,<=5s vs <=5s
Fa5I68Ia,101,1-0,White,2099,<=5s vs <=5s
h1ErfGB4,44,0-1,Black,852,<=5s vs 10-15s
2WLdXfHK,87,0-1,White,2070,<=5s vs <=5s
GyxxUQvL,81,1-0,White,2348,<=5s vs 10-15s
81hh9CZL,83,1-0,White,2024,<=5s vs <=5s
LawRqTJ1,67,1-0,White,2106,<=5s vs 10-15s
7siYmgJE,126,1-0,Black,2629,<=5s vs <=5s
eHYUIrBa,72,0-1,Black,2219,<=5s vs 5-10s
y6ypRJZ0,80,0-1,Black,1764,<=5s vs <=5s
Idfpd6oP,78,0-1,Black,1560,<=5s vs <=5s
H1Vc6njB,105,0-1,White,2175,<=5s vs <=5s
kJq1qgJy,72,1-0,Black,1411,<=5s vs <=5s
TMlx4XXv,95,0-1,White,1754,<=5s vs <=5s
4h37TsPe,88,0-1,Black,2259,<=5s vs <=5s
vIDkiki6,62,0-1,Black,1426,<=5s vs 10-15s
Lp7IbjWu,109,0-1,White,2356,<=5s vs <=5s
QIRjKbkb,86,1-0,Black,2344,<=5s vs 5-10s
1hRRuqL4,79,1-0,White,2327,<=5s vs 5-10s
y3ZaiV4M,92,1-0,Black,1887,<=5s vs <=5s
5FxA12rC,87,1-0,White,2350,<=5s vs <=5s
sGWTlEeJ,77,1-0,White,1875,<=5s vs <=5s
3kF9kGYt,65,1-0,White,1294,<=5s vs <=5s
ELh6vom8,97,1-0,White,2148,<=5s vs 10-15s
JmELIBmS,78,0-1,Black,1617,<=5s vs 10-15s
X8m7PlZ3,75,1-0,White,2266,<=5s vs <=5s
te8Ju3BN,71,0-1,White,1567,<=5s vs <=5s
WSAKv8e1,109,1-0,White,2273,<=5s vs 5-10s
CZvaEHMQ,64,0-1,Black,1503,<=5s vs 5-10s
a5Z4oemI,53,1-0,White,887,<=5s vs 5-10s
IJc0NB9g,75,0-1,White,2180,<=5s vs <=5s
Y6FfcOXw,82,1-0,Black,1968,<=5s vs <=5s
0NfWnXKq,66,1-0,Black,2162,<=5s vs <=5s
V3Wdlvks,55,1-0,White,1868,<=5s vs 5-10s
ZkXtD0C2,94,1-0,Black,2119,<=5s vs <=5s
gxC0r221,45,0-1,White,1650,<=5s vs 5-10s
L0J9EEPe,93,1-0,White,2532,<=5s vs 10-15s
TkKUhxIm,69,0-1,White,2183,<=5s vs <=5s
uMHN5CwN,77,1-0,White,1132,<=5s vs <=5s
Dxz5G4Wy,88,1-0,Black,2632,<=5s vs <=5s
45auh216,69,0-1,White,1439,<=5s vs <=5s
QrhBlQzX,61,1-0,White,1936,<=5s vs 5-10s
KywfbRhc,51,0-1,White,1445,<=5s vs <=5s
HdfbplQc,86,0-1,Black,2298,<=5s vs <=5s
6IwvMRq5,105,0-1,White,1703,<=5s vs <=5s
TtEPemxY,76,0-1,Black,2242,<=5s vs <=5s
VfHQUYMV,97,0-1,White,2157,<=5s vs 5-10s
Z16AFDDz,36,0-1,Black,1388,<=5s vs <=5s
4gGb819H,71,0-1,White,1626,<=5s vs <=5s
JjC7LdHI,70,1-0,Black,1807,<=5s vs <=5s
t4NdZQFk,81,1-0,White,1640,<=5s vs <=5s
vRZORafU,143,1-0,White,2406,<=5s vs <=5s
wJWMM1T6,83,1-0,White,1969,<=5s vs 5-10s
LyiFL9M8,74,1-0,Black,2303,<=5s vs <=5s
q4wZDdge,72,0-1,Black,2521,<=5s vs 5-10s
mQukj3cM,75,1-0,White,2118,<=5s vs 5-10s
G8hvCHJi,120,0-1,Black,1799,<=5s vs 5-10s
W22kBoxe,71,1-0,White,1216,<=5s vs <=5s
1BCmmLXr,78,1-0,Black,2736,<=5s vs <=5s
ANniNNQj,119,1-0,White,2458,<=5s vs <=5s
iXsVgyFl,104,1-0,Black,2416,<=5s vs <=5s
ETOnRpub,73,1-0,White,1758,<=5s vs <=5s
1hCMn8D8,92,0-1,Black,2242,<=5s vs <=5s
8mFteYvn,63,1-0,White,1953,<=5s vs 5-10s
C7UPDQe5,85,0-1,White,1889,<=5s vs <=5s
C6E6NfsJ,98,0-1,Black,2495,<=5s vs 15-20s
KmIsoZQp,73,0-1,White,997,<=5s vs 5-10s
opu4bz4m,77,1-0,White,1765,<=5s vs 10-15s
pJrECyg2,83,0-1,White,2437,<=5s vs <=5s
EEae8XwS,94,1/2-1/2,Black,2005,<=5s vs 5-10s
Le3Vw6Xe,66,0-1,Black,2241,<=5s vs 5-10s
J4J8HswG,82,0-1,Black,1800,<=5s vs <=5s
9xfutx8x,38,0-1,Black,713,<=5s vs 5-10s
TXU1A4Vc,87,0-1,White,1751,<=5s vs <=5s
4YVmZXHf,60,0-1,Black,1298,<=5s vs 5-10s
cOkrkNbm,85,1-0,White,1741,<=5s vs 10-15s
Ljk3gSSX,109,1-0,White,2653,<=5s vs 10-15s
G5GMSGU3,60,0-1,Black,1827,<=5s vs 5-10s
IdAZJiaa,122,0-1,Black,2292,<=5s vs 5-10s
VQC8lfKh,53,1-0,White,1407,<=5s vs 10-15s
ZBlhg5CS,71,1-0,White,1990,<=5s vs 15-20s
Fv3CLqJQ,75,1-0,White,1079,<=5s vs <=5s
QVKqabAJ,64,0-1,Black,2262,<=5s vs 15-20s
557J4mVB,96,0-1,Black,1642,<=5s vs 5-10s
dKq80xwj,57,1-0,White,1702,<=5s vs 15-20s
BHU5aGai,131,1-0,White,1668,<=5s vs <=5s
ztdCVKmk,59,1-0,White,1287,<=5s vs <=5s
PQAa2EA5,58,0-1,Black,1536,<=5s vs <=5s
YPf77MW9,100,1-0,Black,2392,<=5s vs <=5s
vGi7K2Si,88,0-1,Black,2771,<=5s vs <=5s
8qtVm0Jd,75,1/2-1/2,White,2420,<=5s vs <=5s
8YC4xzj3,65,0-1,White,1775,<=5s vs 5-10s
SHyc5xo1,71,1-0,White,1902,<=5s vs 5-10s
xHenVkIa,84,0-1,Black,837,<=5s vs 5-10s
vh79ieUk,124,1-0,Black,2090,<=5s vs <=5s
QmvmBoC6,89,1-0,White,1750,<=5s vs 5-10s
50UkNM1I,82,0-1,Black,2014,<=5s vs 5-10s
P78k6Hov,153,1-0,White,1190,<=5s vs <=5s
pSNABdHH,58,1-0,Black,1477,<=5s vs <=5s
JgMQ90ZC,86,1-0,Black,1833,<=5s vs <=5s
DWv69ine,103,0-1,White,2116,<=5s vs 5-10s
VWQ6fx2Q,62,0-1,Black,1744,<=5s vs 5-10s
rwZqdmq8,79,0-1,White,2496,<=5s vs <=5s
kujETBBv,63,1-0,White,1756,<=5s vs 10-15s
YvupDqUs,73,1-0,White,2091,<=5s vs 10-15s
hMYEjyVV,61,1-0,White,1679,<=5s vs 10-15s
NYDraJ9l,97,0-1,White,2118,<=5s vs <=5s
mxGXoTE6,81,1-0,White,1722,<=5s vs 5-10s
rC1siEuC,72,1/2-1/2,Black,2090,<=5s vs <=5s
Ow7rn40n,64,0-1,Black,1721,<=5s vs <=5s
qrQ7PcsN,99,1/2-1/2,White,2063,<=5s vs <=5s
VSoTgVg5,69,0-1,White,1377,<=5s vs 5-10s
27iIhEjf,53,1-0,White,1368,<=5s vs 15-20s
2OZaU69W,65,1-0,White,1851,<=5s vs 5-10s
OTarPfgP,95,0-1,White,1991,<=5s vs <=5s
LMJYIANz,106,0-1,Black,1788,<=5s vs 5-10s
6hAaYCvr,75,1-0,White,2062,<=5s vs <=5s
cpxKoz25,76,1-0,Black,1341,<=5s vs <=5s
6IvZ7HFN,113,1-0,White,1828,<=5s vs <=5s
simsPU7p,121,0-1,White,2421,<=5s vs <=5s
w4jgOkvg,52,0-1,Black,989,<=5s vs <=5s
11PJmjii,89,1-0,White,2366,<=5s vs <=5s
zgZ7Yktb,109,0-1,White,1938,<=5s vs <=5s
iRhyiOwu,83,0-1,White,1975,<=5s vs <=5s
hr4wtD3p,62,0-1,Black,980,<=5s vs 5-10s
9QjOr2ph,70,1-0,Black,1542,<=5s vs 5-10s
QJYEPZIs,74,0-1,Black,2316,<=5s vs <=5s
KFmyjSPZ,98,0-1,Black,2330,<=5s vs <=5s
YF8lW0HO,75,1-0,White,2229,<=5s vs 5-10s
XjaqEovV,65,1-0,White,1474,<=5s vs 10-15s
lNOTbDQ3,53,1-0,White,983,<=5s vs 5-10s
OeEvjySA,57,1-0,White,1607,<=5s vs <=5s
DHyDRLgM,95,0-1,White,2529,<=5s vs <=5s
3l6eim9N,46,1-0,Black,1167,<=5s vs <=5s
VwwNyJxZ,79,0-1,White,1434,<=5s vs 10-15s
0mLrzjtm,79,1-0,White,2607,<=5s vs <=5s
CnRTtOpR,58,0-1,Black,1086,<=5s vs <=5s
LaEaKJYo,108,0-1,Black,2303,<=5s vs <=5s
4aKSB10h,85,1-0,White,2388,<=5s vs <=5s
QHSAva60,84,1/2-1/2,Black,1636,<=5s vs <=5s
NbR14qFn,56,0-1,Black,1006,<=5s vs <=5s
DWzPwoqk,107,1-0,White,2470,<=5s vs <=5s
3R5A6ZsE,77,1-0,White,1697,<=5s vs 10-15s
S82bGBZX,65,0-1,White,1183,<=5s vs <=5s
A6EtvkPg,59,1-0,White,2063,<=5s vs 15-20s
ia7vh1Hs,68,0-1,Black,1469,<=5s vs 10-15s
HMkuDzSA,132,1/2-1/2,Black,2514,<=5s vs <=5s
rU5iHOy1,85,0-1,White,2469,<=5s vs <=5s
rhmpFgU9,53,1-0,White,806,<=5s vs 15-20s
sNNzBGD7,84,0-1,Black,2802,<=5s vs <=5s
BHuPmYQ9,82,0-1,Black,1912,<=5s vs <=5s
9q9vX63J,100,0-1,Black,2330,<=5s vs 5-10s
WClvp2MA,99,1-0,White,2335,<=5s vs 5-10s
Vx2Z4wh9,99,1-0,White,1957,<=5s vs <=5s
17eDrtbp,73,1-0,White,1094,<=5s vs <=5s
21hOdwlJ,78,0-1,Black,1519,<=5s vs 15-20s
wJBv8uoE,88,0-1,Black,1734,<=5s vs <=5s
CTIixUX2,75,1-0,White,2089,<=5s vs 5-10s
HNRg1AGj,50,0-1,Black,848,<=5s vs 5-10s
32ePdnCG,84,0-1,Black,1850,<=5s vs 15-20s
sDCBrBW3,66,1-0,Black,1817,<=5s vs <=5s
BbllpgKT,117,0-1,White,1650,<=5s vs <=5s
azrFRh0o,56,0-1,Black,1337,<=5s vs 10-15s
qWE0Lp9D,60,0-1,Black,1269,<=5s vs 5-10s
1pfwkf07,96,0-1,Black,2631,<=5s vs <=5s
YQyL6xYF,88,0-1,Black,2038,<=5s vs 10-15s
CHRFS1R9,78,0-1,Black,2455,<=5s vs <=5s
sA8t6Ugv,75,1-0,White,2675,<=5s vs 5-10s
cZpDa2Ku,85,1-0,White,1626,<=5s vs 15-20s
KHCuo4JE,65,1-0,White,1542,<=5s vs 15-20s
CpfsruTZ,59,1-0,White,1877,<=5s vs <=5s
EevN3Vz1,72,0-1,Black,1624,<=5s vs <=5s
e1XvXcQH,111,1-0,White,2351,<=5s vs <=5s
tufM9QTs,84,0-1,Black,1665,<=5s vs 5-10s
RxXdsd9w,85,1-0,White,1545,<=5s vs 10-15s
uFeC0ARu,65,1-0,White,1463,<=5s vs 5-10s
X1w6Chon,77,0-1,White,2657,<=5s vs <=5s
gDs5GTVk,75,1-0,White,1833,<=5s vs <=5s
Y5wcWy5Z,110,0-1,Black,2197,<=5s vs <=5s
JaM1MrOx,159,1/2-1/2,White,2178,<=5s vs <=5s
92D4P8iD,115,1-0,White,2328,<=5s vs <=5s
3vn7Un5v,98,1-0,Black,2313,<=5s vs <=5s
bCCh5ozA,80,0-1,Black,1740,<=5s vs <=5s
XHwok6zV,85,1-0,White,1961,<=5s vs <=5s
NCMkmqMK,53,1-0,White,912,<=5s vs 15-20s
8rKMUby4,85,1-0,White,2345,<=5s vs <=5s
EQ89m7Fe,73,0-1,White,1961,<=5s vs <=5s
hWhtjxgd,59,1-0,White,2049,<=5s vs <=5s
UGXNGbt0,94,0-1,Black,2254,<=5s vs 5-10s
86HyQFjb,89,0-1,White,2540,<=5s vs <=5s
1SMgEgcE,66,0-1,Black,1748,<=5s vs 15-20s
BSBNMLCO,83,1-0,White,2077,<=5s vs 5-10s
VhRYIzqG,89,1-0,White,2259,<=5s vs <=5s
zzDqWFf7,85,0-1,White,1705,<=5s vs <=5s
yFjReMQu,88,1-0,Black,2292,<=5s vs 5-10s
nmfStQO8,42,0-1,Black,1465,<=5s vs 10-15s
NRvVqIK1,77,1-0,White,2063,<=5s vs <=5s
I9dOE4Bv,81,1-0,White,1573,<=5s vs <=5s
ZwgTYahz,86,1-0,Black,2492,<=5s vs <=5s
G2dZ1nXT,83,1-0,White,2407,<=5s vs <=5s
pUJPQx7W,95,1-0,White,2405,<=5s vs 10-15s
IFohjKxW,82,1-0,Black,2066,<=5s vs <=5s
EQjvktN6,78,1-0,Black,2366,<=5s vs <=5s
fijqeD7b,89,1-0,White,2137,<=5s vs <=5s
492Qwuqb,100,0-1,Black,1694,<=5s vs <=5s
JOPpCQLM,65,1-0,White,1725,<=5s vs 10-15s
RZA3Fbxd,40,0-1,Black,620,<=5s vs 5-10s
HaPQYc1x,71,1-0,White,1469,<=5s vs 5-10s
EQfyhDFh,118,1/2-1/2,Black,2101,<=5s vs <=5s
PWmD7pOx,53,1-0,White,1136,<=5s vs 10-15s
6TD0bi4n,84,0-1,Black,1446,<=5s vs <=5s
9NhEvvZR,85,1-0,White,2227,<=5s vs <=5s
GNUhBtKW,143,0-1,White,2308,<=5s vs <=5s
PWnJztnw,56,0-1,Black,1813,<=5s vs 15-20s
0d1hroRl,64,0-1,Black,1715,<=5s vs <=5s
610QOaIU,113,1-0,White,2639,<=5s vs <=5s
X883E3OW,130,0-1,Black,2348,<=5s vs <=5s
ix8eb2Nv,158,1-0,Black,2492,<=5s vs <=5s
F9muuyBs,57,1-0,White,1455,<=5s vs 15-20s
Ima4kTWx,121,1-0,White,1981,<=5s vs <=5s
pzpkdIeE,48,0-1,Black,937,<=5s vs 5-10s
Tj87ynkr,72,0-1,Black,1817,<=5s vs 15-20s
REUfjYWl,99,1-0,White,1815,<=5s vs 5-10s
FZavRv2Q,76,0-1,Black,1963,<=5s vs 5-10s
xd5GA4B2,77,1-0,White,1718,<=5s vs 15-20s
WOU3F9UP,79,1-0,White,2265,<=5s vs 5-10s
1DqNr9O7,104,1-0,Black,1822,<=5s vs <=5s
FREKqDxD,66,0-1,Black,1260,<=5s vs <=5s
6uZmPqDN,71,1-0,White,1824,<=5s vs <=5s
A5NSMyeS,64,0-1,Black,1695,<=5s vs 10-15s
DmiTwJMH,77,1-0,White,2029,<=5s vs 5-10s
TwCRsGMC,77,1-0,White,2093,<=5s vs 15-20s
j0IVsNkC,82,0-1,Black,2151,<=5s vs 10-15s
mwu22TZF,82,0-1,Black,1565,<=5s vs <=5s
OkMIclUP,99,1-0,White,2487,<=5s vs <=5s
fWU7C9FN,59,0-1,White,1520,<=5s vs 5-10s
rwN1PlKk,74,0-1,Black,2399,<=5s vs <=5s
MsAwCj4V,70,1-0,Black,1772,<=5s vs <=5s
RDpHW91U,54,0-1,Black,2162,<=5s vs 5-10s
Hm4BGn3i,87,0-1,White,2521,<=5s vs <=5s
3AUT4PyX,71,0-1,White,2253,<=5s vs <=5s
QQQ95gNw,73,0-1,White,2166,<=5s vs <=5s
Xvzcji3a,63,0-1,White,2066,<=5s vs <=5s
MCrNtNJT,65,1-0,White,1555,<=5s vs 10-15s
Xb0qE89P,76,0-1,Black,1310,<=5s vs 10-15s
SpQUXiNb,124,0-1,Black,2200,<=5s vs <=5s
RH6B9o7c,101,1-0,White,2127,<=5s vs <=5s
hNTjxqQf,47,1-0,White,1429,<=5s vs 10-15s
LKxdkw1F,78,0-1,Black,2279,<=5s vs <=5s
KDK9Hkm6,70,0-1,Black,1809,<=5s vs 5-10s
PTrfZUmI,55,1-0,White,1747,<=5s vs 5-10s
KWvsOdhq,58,0-1,Black,1586,<=5s vs <=5s
joudJJIl,82,0-1,Black,1306,<=5s vs 10-15s
rNiLtxPb,80,1-0,Black,2012,<=5s vs <=5s
y3LzoGRj,59,1-0,White,1665,<=5s vs 10-15s
ozzwLAO2,111,0-1,White,2556,<=5s vs <=5s
WDwsrVi5,47,1-0,White,908,<=5s vs 5-10s
dBNDkZec,58,0-1,Black,1422,<=5s vs <=5s
jQoQHaH7,108,1/2-1/2,Black,2026,<=5s vs <=5s
fGXOhakz,92,1-0,Black,1942,<=5s vs <=5s
c6y3HPuu,89,1-0,White,1734,<=5s vs <=5s
3ssc9q3b,88,0-1,Black,2191,<=5s vs <=5s
xs6LqSjc,100,0-1,Black,2323,<=5s vs <=5s
6GWx8d8m,63,1-0,White,1379,<=5s vs 10-15s
gvQVvzOU,85,0-1,White,2166,<=5s vs <=5s
6hYTcGYZ,44,0-1,Black,867,<=5s vs 10-15s
P41OYRro,109,1-0,White,2286,<=5s vs <=5s
0rkRxZqp,50,0-1,Black,1194,<=5s vs 5-10s
348oayoV,78,0-1,Black,1797,<=5s vs 10-15s
o45sqbZH,99,1-0,White,1974,<=5s vs 5-10s
POEJKVLk,82,0-1,Black,964,<=5s vs <=5s
UnmOL4Ly,74,1-0,Black,2158,<=5s vs <=5s
GMyuFkrC,59,1-0,White,1240,<=5s vs 10-15s
PhQGp1dI,135,0-1,White,2635,<=5s vs <=5s
WxenXNqK,50,0-1,Black,1050,<=5s vs <=5s
HteOYG4Q,87,1-0,White,1841,<=5s vs <=5s
9m2DxIXk,128,0-1,Black,2367,<=5s vs 5-10s
UnXwMIIH,74,0-1,Black,1859,<=5s vs <=5s
HNKahI0f,62,1-0,Black,1563,<=5s vs <=5s
2FIEphlz,97,0-1,White,2377,<=5s vs <=5s
7H45PXrq,79,1-0,White,2411,<=5s vs 5-10s
BTthPq4f,77,1-0,White,2325,<=5s vs <=5s
OUXgfrgd,61,1-0,White,1411,<=5s vs <=5s
IQszymL3,91,0-1,White,2096,<=5s vs <=5s
qzNwRQLA,116,0-1,Black,1615,<=5s vs 5-10s
HO7SWzOz,56,0-1,Black,1433,<=5s vs 10-15s
508Ax3Vu,90,1-0,Black,2199,<=5s vs <=5s
D4vZIc5s,103,1-0,White,1782,<=5s vs <=5s
W1CzENs3,64,0-1,Black,1080,<=5s vs 10-15s
kEuWgBJj,85,1-0,White,2307,<=5s vs 5-10s
SHQ2WJ3W,83,1-0,White,2115,<=5s vs 5-10s
7qKckAQi,88,1-0,Black,2857,<=5s vs <=5s
yWpAIGYy,77,1-0,White,1666,<=5s vs <=5s
RpehE6lu,70,0-1,Black,1693,<=5s vs 5-10s
OEizQS8T,101,0-1,White,1908,<=5s vs <=5s
H3BvRGR5,71,1-0,White,1199,<=5s vs 10-15s
5Dq2N05G,45,1-0,White,1301,<=5s vs 5-10s
cF21DZhe,50,0-1,Black,1137,<=5s vs 5-10s
3lVYUcTr,76,0-1,Black,1812,<=5s vs 10-15s
tV1lZMvs,113,1-0,White,2722,<=5s vs 10-15s
O3CPWzSq,61,1-0,White,1500,<=5s vs 15-20s
Lnvxcs7N,68,0-1,Black,1354,<=5s vs <=5s
yvndc9Nq,83,0-1,White,2155,<=5s vs <=5s
uCHFpvVo,84,0-1,Black,2335,<=5s vs <=5s
A4DCkbPS,117,1/2-1/2,White,2538,<=5s vs <=5s
qAbQcmIq,68,0-1,Black,2022,<=5s vs 10-15s
6zcFXU2z,90,1-0,Black,1943,<=5s vs 5-10s
FzKHKLXr,83,1-0,White,1918,<=5s vs 5-10s
W7i3yVOQ,100,0-1,Black,1820,<=5s vs <=5s
LebQV0We,57,0-1,White,1432,<=5s vs 10-15s
4bseXucP,103,1-0,White,2599,<=5s vs <=5s
rj6IMXr5,62,1-0,Black,2702,<=5s vs <=5s
SNK8lapr,88,1-0,Black,1936,<=5s vs <=5s
EkkfOAid,50,0-1,Black,1257,<=5s vs 5-10s
KJuARLiP,91,1-0,White,1882,<=5s vs 10-15s
PERBu4W5,95,1-0,White,2675,<=5s vs <=5s
F1JeZN3B,88,0-1,Black,1974,<=5s vs <=5s
JkVUdvqT,98,0-1,Black,2318,<=5s vs <=5s
C1IJQclB,74,0-1,Black,2182,<=5s vs <=5s
m9O65UEp,76,0-1,Black,2324,<=5s vs 5-10s
pGYbQJtg,142,1-0,Black,2463,<=5s vs <=5s
dHIiiiLu,63,1-0,White,1724,<=5s vs 15-20s
2365lhTU,131,0-1,White,2735,<=5s vs <=5s
4RWEysjv,116,1/2-1/2,Black,2601,<=5s vs <=5s
XplSfbHN,68,0-1,Black,1215,<=5s vs 5-10s
2tveipC4,133,0-1,White,2190,<=5s vs 5-10s
iLJe2TXN,108,1/2-1/2,Black,2407,<=5s vs <=5s
xZ8NVVcr,127,0-1,White,2420,<=5s vs 5-10s
Lkbjui8p,61,1-0,White,1156,<=5s vs <=5s
ipgrHhsK,93,1-0,White,1589,<=5s vs 5-10s
r0LLmVJp,69,1-0,White,2030,<=5s vs 15-20s
XemUFRN2,66,0-1,Black,1433,<=5s vs 5-10s
I1ZtCCrU,83,1-0,White,1239,<=5s vs 5-10s
EcIn04jZ,81,1-0,White,2197,<=5s vs 5-10s
Uu5eC08s,92,0-1,Black,1626,<=5s vs 15-20s
XT0kktfE,91,0-1,White,2411,<=5s vs <=5s
QoPDAP6C,105,1-0,White,2298,<=5s vs 10-15s
2IQm5L2x,69,0-1,White,2037,<=5s vs 5-10s
3TTsip9J,73,1-0,White,1764,<=5s vs 5-10s
uCcrnJuJ,100,0-1,Black,2442,<=5s vs 10-15s
XFQ9Pl2O,110,0-1,Black,1118,<=5s vs 5-10s
JwWXXHZt,55,1-0,White,1775,<=5s vs <=5s
B9b8pDVp,54,0-1,Black,1312,<=5s vs <=5s
BYon8iHN,103,1-0,White,2814,<=5s vs <=5s
LyRAyrpf,110,0-1,Black,2314,<=5s vs <=5s
NBKRn8If,115,1/2-1/2,White,2047,<=5s vs 5-10s
QMvaao2v,68,0-1,Black,1889,<=5s vs 10-15s
izChkqi8,64,0-1,Black,2100,<=5s vs 15-20s
La4oHYrE,88,1-0,Black,2444,<=5s vs <=5s
sz574pHK,58,1-0,Black,1602,<=5s vs <=5s
a5FLZ88V,127,0-1,White,2144,<=5s vs <=5s
TJ24HML3,123,1-0,White,2543,<=5s vs <=5s
mVil0x7X,60,0-1,Black,1803,<=5s vs 5-10s
vV7CrjFv,84,0-1,Black,1972,<=5s vs <=5s
9xJoivxW,75,1-0,White,2088,<=5s vs 5-10s
jN8ZIvS6,142,1/2-1/2,Black,2006,<=5s vs <=5s
QLzdlCMu,126,1-0,Black,2072,<=5s vs <=5s
iiwEtWNi,96,0-1,Black,1851,<=5s vs 5-10s
HjGjAVh6,86,0-1,Black,1868,<=5s vs 5-10s
MYjN98pL,80,1-0,Black,2223,<=5s vs <=5s
HeAShKWI,52,0-1,Black,1479,<=5s vs <=5s
ZD1qpB8O,65,0-1,White,2115,<=5s vs 5-10s
1zC9Wswu,96,0-1,Black,2370,<=5s vs <=5s
91cTascq,97,1/2-1/2,White,1914,<=5s vs 5-10s
V5j5Tbsi,81,1-0,White,2299,<=5s vs 5-10s
2iPnDtay,119,1-0,White,2590,<=5s vs <=5s
y95AhNOL,106,1-0,Black,2246,<=5s vs <=5s
an5003YR,115,0-1,White,2464,<=5s vs <=5s
uIjndqlU,78,0-1,Black,2298,<=5s vs 5-10s
hIPN8bpY,59,0-1,White,1627,<=5s vs <=5s
MPPhhjFo,62,0-1,Black,2112,<=5s vs 10-15s
efHCfRhq,63,0-1,White,1223,<=5s vs <=5s
FquAXxEA,83,0-1,White,2428,<=5s vs <=5s
JCsCOG7R,84,0-1,Black,2166,<=5s vs <=5s
JWvUxQQa,117,0-1,White,2445,<=5s vs <=5s
76b1NvfJ,80,0-1,Black,1287,<=5s vs <=5s
urbcL8IP,78,1-0,Black,1773,<=5s vs 5-10s
194q5iCE,60,0-1,Black,1785,<=5s vs <=5s
JAIpxaZj,75,0-1,White,1234,<=5s vs <=5s
MhB5cV91,96,1-0,Black,2228,<=5s vs 10-15s
HaQDCRsu,98,0-1,Black,1762,<=5s vs <=5s
0XbO2Fwv,66,0-1,Black,1968,<=5s vs <=5s
KXrpVeVm,58,0-1,Black,1802,<=5s vs <=5s
2nbbP5KI,52,0-1,Black,1308,<=5s vs 5-10s
EFmTcfF7,88,1-0,Black,1425,<=5s vs <=5s
AWNOv3H7,121,1-0,White,2427,<=5s vs <=5s
otkEaC5F,119,0-1,White,1962,<=5s vs 5-10s
ly0pKbDV,58,0-1,Black,1182,<=5s vs 5-10s
MWJch2KG,67,1-0,White,2381,<=5s vs 5-10s
xuotn6D7,72,0-1,Black,1530,<=5s vs 5-10s
iRCm65ax,69,1-0,White,1729,<=5s vs <=5s
fqK5sfwI,131,1/2-1/2,White,2551,<=5s vs 5-10s
UVxuiM1y,103,1-0,White,1790,<=5s vs 5-10s
IMWbTf5k,69,1-0,White,2159,<=5s vs 15-20s
UIKeNeeG,44,0-1,Black,639,<=5s vs 10-15s
3LOdHaPN,77,1-0,White,2075,<=5s vs 10-15s
slECfDtQ,69,1-0,White,1783,<=5s vs <=5s
nAdQQccQ,79,1-0,White,2319,<=5s vs 10-15s
Uqi33LmC,145,0-1,White,2564,<=5s vs <=5s
jER39z0S,75,1-0,White,1896,<=5s vs <=5s
RGJGTmYv,58,0-1,Black,1239,<=5s vs <=5s
k02gfUoy,68,1-0,Black,1752,<=5s vs <=5s
GgdZvqcH,72,0-1,Black,1427,<=5s vs 10-15s
hDZfOaTN,63,0-1,White,1234,<=5s vs <=5s
9ollTqbi,73,1-0,White,1587,<=5s vs <=5s
8lerzQ6x,71,1-0,White,1954,<=5s vs 15-20s
9xhUaEKG,80,1-0,Black,2030,<=5s vs <=5s
CDieTDhD,92,0-1,Black,1128,<=5s vs 5-10s
9KBofaSs,98,1/2-1/2,Black,2118,<=5s vs <=5s
flXHHMBi,59,1-0,White,935,<=5s vs 5-10s
AA3vXG4g,92,1-0,Black,2260,<=5s vs <=5s
clyISz2F,96,0-1,Black,1981,<=5s vs 5-10s
h5ug36R4,109,0-1,White,2303,<=5s vs <=5s
szQbV5ov,61,1-0,White,1841,<=5s vs 10-15s
uxQr9AE2,41,1-0,White,1360,<=5s vs 15-20s
WnGeBPKh,74,0-1,Black,2038,<=5s vs <=5s
QN6Z8UYv,104,0-1,Black,2795,<=5s vs <=5s
qfUhgMtx,73,1-0,White,1163,<=5s vs 10-15s
MWNtY4Jz,72,0-1,Black,1662,<=5s vs <=5s
QbDlGq60,63,1-0,White,1794,<=5s vs 10-15s
IqQXX5qI,69,1-0,White,2636,<=5s vs 10-15s
nn2fpg8b,67,1-0,White,2067,<=5s vs 10-15s
ygGer5hm,108,0-1,Black,2366,<=5s vs <=5s
M5KihJAo,84,1/2-1/2,Black,2520,<=5s vs 15-20s
T8PfUqdL,60,0-1,Black,1910,<=5s vs <=5s
TraQJmk5,81,1-0,White,1107,<=5s vs <=5s
g2XN87aO,69,1-0,White,1415,<=5s vs <=5s
EhbCIFpw,87,0-1,White,1856,<=5s vs <=5s
RKGdzROu,75,0-1,White,2088,<=5s vs <=5s
2CxJEpAN,118,1-0,Black,1806,<=5s vs <=5s
9HJ1kUUu,81,1-0,White,1470,<=5s vs 5-10s
LoY8vUH9,107,1-0,White,2451,<=5s vs <=5s
U0YarnAm,78,1-0,Black,2715,<=5s vs <=5s
LnfUpzbm,90,0-1,Black,1572,<=5s vs <=5s
QtmkgWUl,116,0-1,Black,2220,<=5s vs <=5s
vPJI2lr9,150,1-0,Black,2509,<=5s vs <=5s
Cs4GnUDs,86,1-0,Black,1935,<=5s vs <=5s
NabGs4xs,79,1-0,White,2122,<=5s vs <=5s
E7j4DzwQ,65,1-0,White,1458,<=5s vs <=5s
FE6x0bep,103,1-0,White,1885,<=5s vs 10-15s
L54BdmOQ,78,0-1,Black,2260,<=5s vs 5-10s
5B3MgkQS,65,1-0,White,1716,<=5s vs 5-10s
Y1Am9Gx5,107,1-0,White,2060,<=5s vs <=5s
feuOlnR9,146,1-0,Black,2491,<=5s vs <=5s
VlmQfvHA,70,1-0,Black,2660,<=5s vs <=5s
2OWV7HXI,82,0-1,Black,1591,<=5s vs 5-10s
JKqLSJEb,82,0-1,Black,2499,<=5s vs 5-10s
k7y3ezKo,67,1-0,White,2282,<=5s vs 5-10s
aOGpftgk,63,1-0,White,1142,<=5s vs 5-10s
I5TwpAsr,42,0-1,Black,873,<=5s vs 15-20s
hCWenC6N,82,0-1,Black,2155,<=5s vs 15-20s
478hE1UL,65,1-0,White,1594,<=5s vs 5-10s
BdC2SsUv,43,1-0,White,1397,<=5s vs 10-15s
5GrtNtR2,116,1-0,Black,1792,<=5s vs <=5s
9ZwfVjbB,66,0-1,Black,1562,<=5s vs <=5s
UJVhqKC6,98,0-1,Black,2372,<=5s vs <=5s
YvPbkxQ4,88,1-0,Black,1786,<=5s vs <=5s
yXSqCylN,64,0-1,Black,1528,<=5s vs 5-10s
TJhMwH58,77,0-1,White,2137,<=5s vs 5-10s
SCXZwsBv,81,0-1,White,1949,<=5s vs 5-10s
wmw4qoXM,63,1-0,White,2397,<=5s vs 5-10s
mrCIEFSX,67,1-0,White,1710,<=5s vs 5-10s
APRcb2r4,76,1-0,Black,1519,<=5s vs <=5s
1nFOngZW,52,0-1,Black,1583,<=5s vs 10-15s
VhuaiBvo,72,0-1,Black,1696,<=5s vs <=5s
QzyWABd3,109,1-0,White,1648,<=5s vs <=5s
RQCrptWm,112,1-0,Black,2227,<=5s vs <=5s
vCqfbHoc,83,1-0,White,2601,<=5s vs 5-10s
h8O3dAbl,88,0-1,Black,1897,<=5s vs <=5s
jkCZ2RRv,58,0-1,Black,1254,<=5s vs 5-10s
M5KNEPWw,79,1-0,White,1863,<=5s vs 5-10s
uoVsICjv,57,1-0,White,1732,<=5s vs 10-15s
8c8fZ5DT,93,1-0,White,2233,<=5s vs 10-15s
9sVUcgAl,88,1-0,Black,2090,<=5s vs 10-15s
crrZ1XOx,95,1-0,White,2061,<=5s vs 5-10s
e7fviSEH,83,1-0,White,2086,<=5s vs 5-10s
2E56Lwrc,55,1-0,White,1002,<=5s vs 10-15s
PIHT0tf2,103,1-0,White,1971,<=5s vs 5-10s
AgfzM9Jo,119,1-0,White,2562,<=5s vs <=5s
bRiSfQDC,105,1-0,White,2377,<=5s vs <=5s
zdruNmXI,106,1-0,Black,2207,<=5s vs <=5s
qiuy3Hb6,60,1-0,Black,1560,<=5s vs 5-10s
D4knozI2,101,1-0,White,2326,<=5s vs 10-15s
mb8zrruZ,62,0-1,Black,1249,<=5s vs <=5s
hdgC5TkS,114,1-0,Black,1685,<=5s vs <=5s
PUPKG54w,65,1-0,White,1827,<=5s vs 15-20s
PwcIIHfv,153,1/2-1/2,White,2524,<=5s vs <=5s
2XXpU4gH,57,1-0,White,1531,<=5s vs 15-20s
9WEdgHNf,99,1-0,White,2120,<=5s vs 10-15s
Gaav7OJI,58,0-1,Black,1669,<=5s vs <=5s
6MHEXG5I,87,1-0,White,1775,<=5s vs <=5s
VXNfc1cp,121,1-0,White,2208,<=5s vs 5-10s
RJfoy00z,120,1-0,Black,2972,<=5s vs <=5s
7AJgKUdU,53,1-0,White,1047,<=5s vs 15-20s
94aoG11w,112,1/2-1/2,Black,1890,<=5s vs 10-15s
egwW1ger,77,1-0,White,1696,<=5s vs <=5s
BH1anYQt,118,1/2-1/2,Black,2506,<=5s vs <=5s
umI9Gxmb,83,0-1,White,1423,<=5s vs <=5s
1TqtHsVv,92,0-1,Black,2593,<=5s vs 5-10s
6rXlLoed,58,0-1,Black,1894,<=5s vs 15-20s
SF6CjyHQ,59,1-0,White,1865,<=5s vs 10-15s
JcLhMUSC,77,0-1,White,2004,<=5s vs 15-20s
X5Fsi3Sy,73,1-0,White,2300,<=5s vs 10-15s
0ylNJ6sq,72,0-1,Black,1855,<=5s vs <=5s
OfJREplK,98,0-1,Black,2197,<=5s vs <=5s
SzUVtOup,92,0-1,Black,2256,<=5s vs 5-10s
32i2y000,67,1-0,White,1571,<=5s vs <=5s
EKxuAGfi,97,1-0,White,2345,<=5s vs <=5s
mF4sGAAt,98,1-0,Black,2526,<=5s vs <=5s
1NMAfcEP,73,1-0,White,1434,<=5s vs <=5s
DRr5UbxF,63,1-0,White,1000,<=5s vs <=5s
sbUtZkW3,79,1-0,White,2163,<=5s vs <=5s
q1ei66f1,42,0-1,Black,576,<=5s vs <=5s
XsHdo3EF,50,0-1,Black,2241,<=5s vs 10-15s
6sl9iEwA,96,1-0,Black,2602,<=5s vs <=5s
rTMrYoNU,63,1-0,White,2088,<=5s vs 5-10s
E5olS4bH,89,0-1,White,1471,<=5s vs <=5s
VydpaaLw,78,0-1,Black,1621,<=5s vs 15-20s
Nk8jfixS,97,1-0,White,2012,<=5s vs 5-10s
mxlHoVxi,74,0-1,Black,1825,<=5s vs <=5s
nBcgmYKh,93,1-0,White,1700,<=5s vs 5-10s
HixDK6c7,81,0-1,White,2312,<=5s vs <=5s
YglxeDKx,66,0-1,Black,2013,<=5s vs 5-10s
97d02ka7,40,0-1,Black,1108,<=5s vs 15-20s
cg1P7vgG,75,1-0,White,1478,<=5s vs <=5s
viPAVCup,95,1-0,White,1780,<=5s vs <=5s
yxvn8bbS,50,0-1,Black,1186,<=5s vs 10-15s
K0PDp6WW,87,0-1,White,2217,<=5s vs <=5s
SRYD7wQL,81,1-0,White,1978,<=5s vs 10-15s
rgs9tqOR,105,1-0,White,2242,<=5s vs 5-10s
U9YW5cAP,46,0-1,Black,1322,<=5s vs <=5s
eqQL0JXX,108,0-1,Black,1874,<=5s vs <=5s
CvVGbfHI,63,1-0,White,878,<=5s vs <=5s
dnx7LUVo,115,1-0,White,2306,<=5s vs 5-10s
aRk8vdN5,68,0-1,Black,1384,<=5s vs 5-10s
0UzvXOQk,72,0-1,Black,1820,<=5s vs 10-15s
CkCCP6uY,87,0-1,White,2371,<=5s vs <=5s
Nl8gYG2B,42,0-1,Black,970,<=5s vs 15-20s
BiTHAmh5,96,1-0,Black,2202,<=5s vs <=5s
QEaylxHN,67,1-0,White,1677,<=5s vs <=5s
fJwNpoPO,35,1-0,White,1061,<=5s vs 10-15s
4aYnRjIE,76,0-1,Black,2067,<=5s vs <=5s
s6gmXcRS,84,0-1,Black,2461,<=5s vs 5-10s
52020F0J,74,0-1,Black,2324,<=5s vs <=5s
YbfEL7u7,68,1-0,Black,1832,<=5s vs 5-10s
6LOFUO6d,54,1-0,Black,985,<=5s vs <=5s
6vUZlDWB,64,0-1,Black,1516,<=5s vs 5-10s
Kt5KtO0D,57,1-0,White,1330,<=5s vs 10-15s
dYtjdT0B,57,1-0,White,1975,<=5s vs 5-10s
6bYRHw1C,58,0-1,Black,1630,<=5s vs 10-15s
6Z6Z80yp,96,1-0,Black,2201,<=5s vs <=5s
PQM5UFTO,61,0-1,White,1434,<=5s vs 5-10s
1uvlaKcq,68,1-0,Black,1995,<=5s vs <=5s
tHrEMG7p,112,0-1,Black,2033,<=5s vs 10-15s
Fni896dv,81,1-0,White,2562,<=5s vs <=5s
TrXUYBKF,94,0-1,Black,2053,<=5s vs 5-10s
6oyHwJLy,54,0-1,Black,2118,<=5s vs 10-15s
8nreX7LV,80,0-1,Black,1807,<=5s vs <=5s
RStXi4ku,59,0-1,White,1184,<=5s vs <=5s
YtEjqCj2,152,0-1,Black,2132,<=5s vs <=5s
eloYpeJ8,48,0-1,Black,772,<=5s vs 15-20s
hhHq2mIZ,100,0-1,Black,2217,<=5s vs <=5s
5Vbly0Hl,45,1-0,White,1132,<=5s vs <=5s
zFkRYlcL,28,0-1,Black,1178,<=5s vs 15-20s
GzjzaHdw,86,0-1,Black,2411,<=5s vs 5-10s
xH4ZC6oJ,70,1-0,Black,1392,<=5s vs <=5s
8886njET,63,0-1,White,1136,<=5s vs <=5s
VRFZtSiU,68,1-0,Black,1839,<=5s vs <=5s
3A4cZp8o,89,1-0,White,2501,<=5s vs 10-15s
Gu3B06RD,106,0-1,Black,2329,<=5s vs 5-10s
0SGuSiak,97,0-1,White,2262,<=5s vs <=5s
ZA1iRxOC,107,1-0,White,2376,<=5s vs 5-10s
F781lDj8,64,0-1,Black,1476,<=5s vs 10-15s
Hn9jefWz,63,0-1,White,1888,<=5s vs <=5s
B69Ij7wg,118,0-1,Black,2674,<=5s vs 5-10s
qco8wL9z,101,1-0,White,1819,<=5s vs 10-15s
E0WfU363,79,0-1,White,1356,<=5s vs <=5s
0EOWi6Zt,94,0-1,Black,2617,<=5s vs <=5s
AuCIgPIe,130,1-0,Black,2800,<=5s vs <=5s
fHe72lfG,74,1-0,Black,1629,<=5s vs <=5s
14mHhkCH,79,1-0,White,2415,<=5s vs <=5s
drhZpjoq,47,1-0,White,1910,<=5s vs 15-20s
5azb9AdE,125,1-0,White,2628,<=5s vs 10-15s
PYbI3Cs0,69,1-0,White,2270,<=5s vs 5-10s
W2xvKEQ0,97,0-1,White,1955,<=5s vs 5-10s
GGW0zDIk,104,0-1,Black,2405,<=5s vs <=5s
JEvsShWJ,90,1-0,Black,2286,<=5s vs 5-10s
fl7jwfOA,129,1/2-1/2,White,2363,<=5s vs 15-20s
lq4JQAAC,71,1-0,White,1701,<=5s vs <=5s
ZdgixDZw,61,1-0,White,1935,<=5s vs 5-10s
zabEEzgZ,68,1-0,Black,1826,<=5s vs <=5s
fZykcqbs,70,0-1,Black,2140,<=5s vs <=5s
GKRWGPUK,51,1-0,White,1239,<=5s vs <=5s
hC36Vwzg,75,1-0,White,2039,<=5s vs 10-15s
i8u6Bk69,81,0-1,White,1904,<=5s vs <=5s
Jrv1ucW4,85,0-1,White,1917,<=5s vs <=5s
MxLpychn,65,0-1,White,2417,<=5s vs <=5s
rCc5oasR,65,1-0,White,1014,<=5s vs 5-10s
GYcQ3c0S,98,0-1,Black,2069,<=5s vs <=5s
DgtLj17K,93,1/2-1/2,White,2406,<=5s vs <=5s
9ALdeRP6,79,1-0,White,2488,<=5s vs 5-10s
ZwB2MzRg,105,1-0,White,2634,<=5s vs <=5s
43lKV0IV,115,1-0,White,2297,<=5s vs 5-10s
CUzxgIwD,72,1-0,Black,1977,<=5s vs <=5s
f4mPrVrX,62,1-0,Black,1369,<=5s vs <=5s
zcx4A5o3,63,1-0,White,1270,<=5s vs <=5s
nOzd2o21,52,0-1,Black,1521,<=5s vs 15-20s
We7928E5,59,1-0,White,1701,<=5s vs 10-15s
nZi9Qr2m,37,1-0,White,764,<=5s vs 15-20s
267QP38I,54,0-1,Black,827,<=5s vs 15-20s
MITyCxWo,92,0-1,Black,1573,<=5s vs <=5s
Ue57OpiN,57,0-1,White,1701,<=5s vs <=5s
wY2d8CNM,86,0-1,Black,2315,<=5s vs <=5s
N8ilh54d,93,1-0,White,2211,<=5s vs 15-20s
tWvmkUho,83,0-1,White,1374,<=5s vs <=5s
oGqfr22Z,59,0-1,White,1365,<=5s vs <=5s
WYZk9Sel,87,1-0,White,1614,<=5s vs <=5s
8os6KZxe,94,0-1,Black,1975,<=5s vs <=5s
SVJVg1qM,78,0-1,Black,1864,<=5s vs <=5s
ZbhsD0QS,52,1-0,Black,1429,<=5s vs <=5s
cYoe3knc,69,1-0,White,1871,<=5s vs 5-10s
BS53ZoRv,76,1-0,Black,2002,<=5s vs <=5s
btIj7wfg,93,1-0,White,2068,<=5s vs 5-10s
dOUUuuAo,95,0-1,White,1540,<=5s vs <=5s
NvCjiESL,71,0-1,White,2500,<=5s vs <=5s
W897Ljgn,85,1-0,White,1611,<=5s vs 10-15s
xEVz62cD,75,1-0,White,1737,<=5s vs 15-20s
9rFF0RaX,97,1-0,White,1997,<=5s vs <=5s
Ec4Pofxn,72,0-1,Black,1481,<=5s vs 5-10s
tldpJ3SK,89,1-0,White,2133,<=5s vs <=5s
zI2sTePD,116,1-0,Black,2499,<=5s vs <=5s
4EMLXREJ,76,1-0,Black,1835,<=5s vs <=5s
3iInIWlZ,93,1-0,White,2077,<=5s vs <=5s
As12FkZR,108,1-0,Black,1837,<=5s vs <=5s
IMwFzqlV,63,0-1,White,872,<=5s vs <=5s
KwQEZDRc,48,0-1,Black,2230,<=5s vs 5-10s
3e0HNKCT,105,0-1,White,1796,<=5s vs <=5s
07fBoHvE,74,1-0,Black,2560,<=5s vs <=5s
XBdWDc18,60,0-1,Black,2228,<=5s vs 5-10s
fSRysTDH,152,0-1,Black,2592,<=5s vs <=5s
gE37fD5A,64,0-1,Black,1638,<=5s vs <=5s
9qpzMh5u,51,1-0,White,758,<=5s vs <=5s
os9ipxm2,84,1-0,Black,2363,<=5s vs <=5s
wqVRGEqa,92,0-1,Black,2434,<=5s vs 5-10s
yAApnoyp,58,0-1,Black,2404,<=5s vs <=5s
OEYYFIHH,94,0-1,Black,2332,<=5s vs 5-10s
Bd1rwKxE,68,0-1,Black,1151,<=5s vs 10-15s
3hN8rl7s,47,1-0,White,1003,<=5s vs 5-10s
ZZOt729m,58,0-1,Black,1241,<=5s vs 10-15s
2wcBCLal,54,0-1,Black,1449,<=5s vs 10-15s
1SrnIdIc,62,0-1,Black,1537,<=5s vs 10-15s
uo1cDhCI,71,1-0,White,1800,<=5s vs <=5s
UrJyMCnu,55,1-0,White,1083,<=5s vs 10-15s
tns432dW,73,0-1,White,1027,<=5s vs <=5s
DOgZyDYz,71,1-0,White,1779,<=5s vs <=5s
Wz82xY5E,92,0-1,Black,1566,<=5s vs 5-10s
G1M4VNJN,87,1/2-1/2,White,2467,<=5s vs 5-10s
xFSmwLrr,58,0-1,Black,1783,<=5s vs 10-15s
mTb7Gl3C,94,1-0,Black,1861,<=5s vs <=5s
CXMQz8A0,109,1-0,White,1903,<=5s vs 10-15s
zdbqD1F3,68,1-0,Black,1799,<=5s vs 5-10s
aP9ZGBK4,82,0-1,Black,1922,<=5s vs <=5s
vTC8CEVS,116,0-1,Black,2432,<=5s vs <=5s
oyPEnrmg,67,1-0,White,1018,<=5s vs 15-20s
IGz0blrp,117,0-1,White,2071,<=5s vs <=5s
omHUQZu1,105,0-1,White,2462,<=5s vs <=5s
DtzYc4qL,65,1-0,White,2390,<=5s vs <=5s
cvRkdfRj,59,1-0,White,1269,<=5s vs 10-15s
E7JRZDXY,95,1-0,White,2394,<=5s vs 5-10s
EFbRKo2O,83,0-1,White,2215,<=5s vs <=5s
5GVPUpIw,82,0-1,Black,2201,<=5s vs 10-15s
aaUq0IEd,121,0-1,White,1660,<=5s vs <=5s
1iOMcN1I,97,1-0,White,2239,<=5s vs <=5s
0uI5MoRh,84,0-1,Black,1527,<=5s vs <=5s
AuldOmUS,62,0-1,Black,1725,<=5s vs 10-15s
vcmw0yLi,76,0-1,Black,1954,<=5s vs <=5s
oEtZJLhY,71,1-0,White,2297,<=5s vs 10-15s
E6UG62UW,79,1-0,White,1667,<=5s vs <=5s
O7K1AyvB,107,1-0,White,1799,<=5s vs 15-20s
sqxzmGJF,104,0-1,Black,1815,<=5s vs 10-15s
EibfkxR7,80,0-1,Black,2751,<=5s vs <=5s
WvdCU3yX,119,0-1,White,2563,<=5s vs <=5s
acn3selI,94,1-0,Black,1506,<=5s vs <=5s
0LNy6Uon,53,0-1,White,1799,<=5s vs 5-10s
5gnVjVvu,57,1-0,White,1536,<=5s vs 15-20s
lc2E9PCo,62,0-1,Black,803,<=5s vs <=5s
H5sTDuRt,97,1-0,White,2274,<=5s vs 5-10s
CRqcchU7,78,1-0,Black,1554,<=5s vs <=5s
zTrgVtSa,123,1-0,White,2497,<=5s vs 15-20s
oJ3ehF39,71,1-0,White,1395,<=5s vs 5-10s
BOJySqpQ,136,1/2-1/2,Black,1895,<=5s vs <=5s
7SxEsFlS,78,0-1,Black,1931,<=5s vs <=5s
AxwDPy96,103,1-0,White,2078,<=5s vs <=5s
TmuWbZEt,72,1-0,Black,1141,<=5s vs <=5s
ZFQqru9w,53,1-0,White,1493,<=5s vs 10-15s
LuPRU6CE,77,1-0,White,2286,<=5s vs 5-10s
TajvaTCQ,77,1-0,White,1290,<=5s vs 15-20s
6LFyk3Qq,61,1-0,White,1772,<=5s vs 10-15s
V4JP81jE,49,0-1,White,1887,<=5s vs <=5s
OYvFAj1r,63,1-0,White,1918,<=5s vs 5-10s
gaOEoMbN,56,0-1,Black,1415,<=5s vs 5-10s
DUYnODwu,61,1-0,White,1519,<=5s vs 10-15s
JK6neQqa,58,0-1,Black,1658,<=5s vs 10-15s
R17YdhnJ,61,1-0,White,1464,<=5s vs 5-10s
QjknM8BD,80,0-1,Black,2389,<=5s vs <=5s
MKysjrGr,48,0-1,Black,839,<=5s vs 5-10s
G4UNfP7e,62,0-1,Black,1495,<=5s vs 5-10s
963ohecA,70,0-1,Black,2357,<=5s vs 10-15s
iU2XrzFE,72,0-1,Black,1115,<=5s vs 5-10s
yAhoIx0K,54,0-1,Black,1353,<=5s vs 15-20s
qk2FAelp,57,1-0,White,1498,<=5s vs 10-15s
P5VIx9Di,75,0-1,White,1884,<=5s vs <=5s
CGnc2uch,86,0-1,Black,2782,<=5s vs 5-10s
mFqDz0Is,74,0-1,Black,1532,<=5s vs <=5s
KILSofyR,89,0-1,White,2294,<=5s vs <=5s
8GEZ2yTD,59,1-0,White,1623,<=5s vs 5-10s
ZCakcmYM,107,1-0,White,1693,<=5s vs 5-10s
w0ol3DQZ,90,0-1,Black,2446,<=5s vs 5-10s
UUxbsxYy,117,1/2-1/2,White,2442,<=5s vs <=5s
0P8lDIa1,58,0-1,Black,1713,<=5s vs <=5s
1bkQm0G8,52,1-0,Black,826,<=5s vs 5-10s
mqXIUYRe,61,0-1,White,1602,<=5s vs 5-10s
NGTvPNQg,73,1-0,White,2186,<=5s vs <=5s
ZrjMgeYw,114,0-1,Black,2520,<=5s vs 5-10s
HIjGUFZw,52,0-1,Black,668,<=5s vs 10-15s
2g2MzmqJ,71,1-0,White,1844,<=5s vs <=5s
EMxtlWT2,90,1-0,Black,2289,<=5s vs <=5s
XNr3THpO,92,0-1,Black,2187,<=5s vs <=5s
EEaxFsUQ,107,0-1,White,2185,<=5s vs <=5s
jITLWUed,127,1-0,White,2575,<=5s vs 10-15s
JeFUMwO4,100,1-0,Black,2247,<=5s vs <=5s
fnsnmZxo,81,0-1,White,1298,<=5s vs <=5s
5LtYIxfF,142,0-1,Black,1812,<=5s vs <=5s
Uym5QhWX,44,0-1,Black,1258,<=5s vs <=5s
UFC6WPef,102,1/2-1/2,Black,1979,<=5s vs 10-15s
mqmNurHO,65,1-0,White,1542,<=5s vs <=5s
9SvWb7Bn,80,1-0,Black,1706,<=5s vs <=5s
D9UJPjmw,72,1-0,Black,2137,<=5s vs 5-10s
t8PDMltT,106,0-1,Black,2234,<=5s vs <=5s
PUxfHsk3,78,0-1,Black,1348,<=5s vs 5-10s
0AVoaoRa,62,0-1,Black,1942,<=5s vs 10-15s
HLDS9DD9,66,0-1,Black,2052,<=5s vs 5-10s
cddJ1p2g,63,1-0,White,2012,<=5s vs 5-10s
AVSNQQnP,77,1-0,White,1902,<=5s vs 5-10s
MmknwZPG,87,0-1,White,1940,<=5s vs <=5s
GaGo6HVi,128,1/2-1/2,Black,2545,<=5s vs 15-20s
O9DNZwj4,88,0-1,Black,2319,<=5s vs 10-15s
eZ294PB5,78,0-1,Black,1530,<=5s vs 10-15s
VAklWfvF,74,1-0,Black,1538,<=5s vs <=5s
vAgsKXKi,80,0-1,Black,1728,<=5s vs <=5s
FOo8avS5,71,0-1,White,1728,<=5s vs <=5s
SO9H2Gqs,137,1-0,White,2642,<=5s vs <=5s
C349nq1U,76,1-0,Black,2324,<=5s vs <=5s
PaXP51Ew,89,1-0,White,2806,<=5s vs 5-10s
g0E6InaY,74,1-0,Black,1346,<=5s vs <=5s
6PJmEBNE,79,1/2-1/2,White,2739,<=5s vs 10-15s
kqLESn2U,72,0-1,Black,1994,<=5s vs <=5s
zbVV4SJJ,80,0-1,Black,1635,<=5s vs 5-10s
i0BzIxdV,88,1-0,Black,2399,<=5s vs <=5s
63wvVgqe,78,1-0,Black,1813,<=5s vs 5-10s
aSSihprC,68,0-1,Black,1165,<=5s vs <=5s
YmrJkDdZ,102,0-1,Black,1578,<=5s vs 5-10s
M29S1WDi,71,0-1,White,1880,<=5s vs 15-20s
QeRZ7JMv,72,0-1,Black,1973,<=5s vs <=5s
TRN7F2ya,81,0-1,White,927,<=5s vs <=5s
6JgQb4sZ,59,1-0,White,1068,<=5s vs 5-10s
oNxt2s89,80,1-0,Black,1442,<=5s vs <=5s
6bukixAh,71,1-0,White,1926,<=5s vs 10-15s
Y1jM4Qd5,46,0-1,Black,1066,<=5s vs 5-10s
GHG7pXVX,68,1-0,Black,2199,<=5s vs <=5s
5CRZVv9X,108,1-0,Black,2423,<=5s vs <=5s
5XWTzZkC,54,0-1,Black,1334,<=5s vs <=5s
QqbyrQZ7,81,1-0,White,1332,<=5s vs 10-15s
9rqdgBvz,90,1-0,Black,2081,<=5s vs 10-15s
eKVEbPIf,76,0-1,Black,1044,<=5s vs <=5s
BT1EOp90,87,1-0,White,1732,<=5s vs 10-15s
ewNaqFA0,61,1-0,White,1698,<=5s vs 5-10s
tPuBe8sc,66,0-1,Black,2281,<=5s vs 15-20s
9fwQKwV0,103,1-0,White,1584,<=5s vs 10-15s
coNgHVlu,73,0-1,White,1521,<=5s vs <=5s
5O7dCAaH,124,0-1,Black,1934,<=5s vs <=5s
NSr9FRIx,100,1-0,Black,1839,<=5s vs <=5s
TAg3bWgS,57,1-0,White,1066,<=5s vs 5-10s
LyLf8BaN,43,1-0,White,910,<=5s vs 15-20s
Hw2ex2M8,72,0-1,Black,1267,<=5s vs <=5s
vM1bm38h,71,1-0,White,1593,<=5s vs 10-15s
kR9wOxKP,85,1-0,White,2233,<=5s vs 15-20s
U6CxhrwJ,81,1-0,White,2250,<=5s vs 10-15s
2Lz0Y9to,49,1-0,White,943,<=5s vs <=5s
Cpz3NvTZ,85,1-0,White,1233,<=5s vs <=5s
ILoYeC4a,62,0-1,Black,1413,<=5s vs 5-10s
1lvmD781,91,0-1,White,2419,<=5s vs <=5s
gPHEcC0A,64,0-1,Black,2214,<=5s vs 15-20s
MDgYpknx,67,1-0,White,1688,<=5s vs <=5s
UrF1D74b,74,0-1,Black,2058,<=5s vs 5-10s
21cGCPIj,68,0-1,Black,1593,<=5s vs 5-10s
Yr9SU3CS,77,1-0,White,1677,<=5s vs 15-20s
8WfGjl9t,88,1-0,Black,1745,<=5s vs <=5s
iC1K2oyF,144,0-1,Black,2028,<=5s vs 15-20s
Mt2kdzCI,38,1-0,Black,1023,<=5s vs 5-10s
P9fobL4U,122,1-0,Black,2606,<=5s vs <=5s
24Q4GvNY,68,0-1,Black,2032,<=5s vs 5-10s
BLHWVwoc,71,1-0,White,2411,<=5s vs 10-15s
cRD8FSrG,88,0-1,Black,2398,<=5s vs <=5s
qGOxJTtl,83,1-0,White,2114,<=5s vs <=5s
b3LaUQQl,95,1-0,White,2119,<=5s vs <=5s
3FsmD7Zz,99,0-1,White,2628,<=5s vs <=5s
H96N86Gd,89,0-1,White,2077,<=5s vs <=5s
RAly9GeY,118,0-1,Black,1951,<=5s vs 5-10s
7XnIiBl5,76,0-1,Black,1602,<=5s vs <=5s
ObU8LX1I,99,1-0,White,2186,<=5s vs 15-20s
0DTy64p6,83,0-1,White,2089,<=5s vs 5-10s
C6ACkwnA,96,1-0,Black,1725,<=5s vs <=5s
k8hddI8X,56,0-1,Black,1797,<=5s vs <=5s
Pi6NAcKw,75,1-0,White,1857,<=5s vs <=5s
yRwo4JZf,89,1-0,White,2248,<=5s vs <=5s
T3Umpt4o,42,0-1,Black,1983,<=5s vs 10-15s
kLO0rZK8,82,0-1,Black,2608,<=5s vs 10-15s
7XmPOPLZ,67,1-0,White,1603,<=5s vs <=5s
hQErbB1r,104,1-0,Black,2502,<=5s vs <=5s
k2Qt9B2v,85,1-0,White,2292,<=5s vs 5-10s
3yIjqC08,70,0-1,Black,2399,<=5s vs 5-10s
iLOtvGNx,81,0-1,White,2403,<=5s vs <=5s
UKkGUPrk,77,1-0,White,2317,<=5s vs <=5s
0BLG6mJe,113,1-0,White,2400,<=5s vs <=5s
6Mm8UA9r,61,1-0,White,1531,<=5s vs <=5s
8tiAbUW8,118,0-1,Black,2233,<=5s vs 10-15s
uc5sUdAi,68,0-1,Black,1704,<=5s vs <=5s
NHvGId0F,88,0-1,Black,1954,<=5s vs <=5s
ySRsFwD3,66,0-1,Black,1665,<=5s vs 5-10s
Wa7DZhDB,72,1-0,Black,1850,<=5s vs 10-15s
CLgk5yvn,67,0-1,White,1068,<=5s vs <=5s
0EyneKjW,113,1-0,White,1773,<=5s vs <=5s
SzvHsbfK,39,1-0,White,967,<=5s vs 15-20s
26hkEbL7,74,0-1,Black,1278,<=5s vs 10-15s
rHs6vKzR,77,1-0,White,1341,<=5s vs <=5s
N6wtAjUM,92,0-1,Black,2226,<=5s vs 5-10s
ZnpcFa6Y,111,1-0,White,1844,<=5s vs <=5s
G2lVVHBg,96,1-0,Black,2544,<=5s vs <=5s
K9JUgH9u,97,1-0,White,2301,<=5s vs <=5s
08tGPJO1,105,1-0,White,2253,<=5s vs <=5s
8095Dizt,74,0-1,Black,1664,<=5s vs <=5s
RsNBRu6G,146,0-1,Black,2665,<=5s vs <=5s
G6wCsPMS,77,1-0,White,1500,<=5s vs <=5s
VllAAlFi,71,0-1,White,1283,<=5s vs <=5s
3YRUKGhm,45,1-0,White,1069,<=5s vs 5-10s
vNyjGrqA,63,1-0,White,1631,<=5s vs 15-20s
VgyhdTMW,69,1-0,White,1464,<=5s vs <=5s
B7G0mXGJ,91,0-1,White,1908,<=5s vs <=5s
mlOHSRRh,65,0-1,White,1138,<=5s vs <=5s
81Thrxtk,68,0-1,Black,1582,<=5s vs 5-10s
3Ry7yiyt,112,1-0,Black,2184,<=5s vs <=5s
IaVfn4A2,70,0-1,Black,1125,<=5s vs <=5s
FM4E8ERp,97,0-1,White,1387,<=5s vs <=5s
TcBrZcRq,68,0-1,Black,2093,<=5s vs 5-10s
6vQAFxNq,94,1-0,Black,1175,<=5s vs <=5s
2jRwGrGH,103,0-1,White,2203,<=5s vs <=5s
IcwTuHN7,111,0-1,White,2517,<=5s vs <=5s
R3gIaslV,122,0-1,Black,2035,<=5s vs 10-15s
AL5z2eG7,91,0-1,White,2644,<=5s vs <=5s
yHNEPu7q,155,0-1,White,2420,<=5s vs 5-10s
WKB2JPtW,98,0-1,Black,2239,<=5s vs <=5s
TboCcgeA,87,1/2-1/2,White,1876,<=5s vs <=5s
Jiok6lLr,118,1/2-1/2,Black,2550,<=5s vs <=5s
RgQUGnWK,99,1-0,White,2178,<=5s vs <=5s
1Reca7Rd,82,1-0,Black,1955,<=5s vs <=5s
OZ4dwZeN,80,0-1,Black,2232,<=5s vs <=5s
NudNDvLJ,58,0-1,Black,1384,<=5s vs 5-10s
e2fZTFZm,81,1-0,White,1569,<=5s vs 5-10s
CFm3N4ga,116,0-1,Black,2409,<=5s vs <=5s
L3h78aaW,64,0-1,Black,2453,<=5s vs 5-10s
6gLTfpax,73,1-0,White,1968,<=5s vs 10-15s
5gouoeFM,56,0-1,Black,1600,<=5s vs 5-10s
Tv3vWewq,109,0-1,White,2168,<=5s vs <=5s
VEfP7xGT,63,0-1,White,1342,<=5s vs <=5s
uQAcnyOh,60,0-1,Black,1554,<=5s vs 10-15s
SwYSWDAu,81,1-0,White,2273,<=5s vs <=5s
msiBivwB,98,0-1,Black,2349,<=5s vs 5-10s
0CbdBMUE,115,0-1,White,2626,<=5s vs <=5s
1rujTFMp,149,0-1,White,2352,<=5s vs <=5s
idR9Xu2d,59,1-0,White,1738,<=5s vs 5-10s
V98EOlY8,74,1-0,Black,1498,<=5s vs 5-10s
hGvFiZbg,58,0-1,Black,2138,<=5s vs 10-15s
L1BtvIRt,84,0-1,Black,1966,<=5s vs 5-10s
KBIP6Xv4,105,1-0,White,2345,<=5s vs <=5s
KdsVXiHN,51,1-0,White,1379,<=5s vs 5-10s
Vqye3Ao1,86,1-0,Black,1892,<=5s vs <=5s
Abp6LdzE,88,0-1,Black,1602,<=5s vs <=5s
QpM7ADxP,76,0-1,Black,1799,<=5s vs 15-20s
8s5ZPiWn,100,0-1,Black,2023,<=5s vs <=5s
qmQ29hxP,102,1-0,Black,2403,<=5s vs <=5s
Mxgm6Q0C,72,0-1,Black,1739,<=5s vs 5-10s
sQXwxKSn,161,0-1,White,2339,<=5s vs <=5s
FpyzsnOl,109,1-0,White,2352,<=5s vs <=5s
yvdaRmpw,62,0-1,Black,1297,<=5s vs 10-15s
o80LneyF,51,1-0,White,1402,<=5s vs 5-10s
ZDhLI1OQ,82,1-0,Black,2369,<=5s vs <=5s
EjW61zsk,102,0-1,Black,2357,<=5s vs <=5s
mnDNdbdK,79,1-0,White,1836,<=5s vs 10-15s
JEzQusjI,78,0-1,Black,2247,<=5s vs <=5s
E0TPJLKf,93,0-1,White,2322,<=5s vs <=5s
2ZwR2xO8,61,1-0,White,1217,<=5s vs 10-15s
R4MLbI6u,140,1-0,Black,2692,<=5s vs <=5s
ZOjbMdqp,49,1-0,White,1611,<=5s vs 10-15s
K9wrKS9t,66,0-1,Black,1597,<=5s vs 15-20s
p99jsvLx,77,1-0,White,1783,<=5s vs <=5s
Cgj1DA6N,59,1-0,White,1628,<=5s vs 10-15s
Dtg9Okrd,82,1-0,Black,2032,<=5s vs <=5s
cRrnmgmg,73,1-0,White,2105,<=5s vs 15-20s
Tz7y9NQk,91,0-1,White,2334,<=5s vs <=5s
yuv3mfp8,63,0-1,White,1262,<=5s vs <=5s
zoAo153A,68,0-1,Black,1934,<=5s vs <=5s
85M4Mwvk,69,1-0,White,2500,<=5s vs <=5s
dVzbDj8f,76,0-1,Black,1754,<=5s vs 5-10s
K35HxZz8,81,1-0,White,2185,<=5s vs 5-10s
mGMhwWU5,68,0-1,Black,2235,<=5s vs 5-10s
TKcofzH3,128,1-0,Black,2987,<=5s vs <=5s
IVc8tM1A,81,1-0,White,1499,<=5s vs <=5s
Wd69yPPs,67,1-0,White,1764,<=5s vs 10-15s
QcDQ7mQ9,89,1-0,White,1903,<=5s vs <=5s
pG1VDBDC,69,0-1,White,1722,<=5s vs <=5s
UFHcNdPA,149,1-0,White,2234,<=5s vs <=5s
UKr4FQT3,77,1-0,White,1971,<=5s vs 10-15s
HulA5yXV,91,1-0,White,2016,<=5s vs <=5s
DOCYWIWw,96,1-0,Black,1840,<=5s vs 5-10s
FgxpPVR1,63,1-0,White,1570,<=5s vs 10-15s
Hy86P1oj,151,1-0,White,2499,<=5s vs <=5s
evdSHqnD,59,1-0,White,1372,<=5s vs 5-10s
Mlt3E6XZ,121,1-0,White,2491,<=5s vs <=5s
6RG1UUgB,52,0-1,Black,866,<=5s vs 5-10s
qqrE4vVP,53,1-0,White,1516,<=5s vs 5-10s
PAlSran0,57,1-0,White,1311,<=5s vs 10-15s
z8IOGkgX,65,1-0,White,1666,<=5s vs <=5s
nlnCvmYq,69,1-0,White,1466,<=5s vs <=5s
Tn2tPQgl,72,1-0,Black,2398,<=5s vs <=5s
Xrrc0geW,75,0-1,White,1698,<=5s vs <=5s
RDEoaTsk,69,1-0,White,1927,<=5s vs <=5s
frkG1JWC,81,1-0,White,1580,<=5s vs <=5s
tW9uZlF8,78,0-1,Black,1826,<=5s vs <=5s
4aIqkWco,78,0-1,Black,1986,<=5s vs <=5s
A2Vp5gc5,90,0-1,Black,1399,<=5s vs 5-10s
Ppqje3x5,103,0-1,White,2363,<=5s vs <=5s
Ie6ycart,101,0-1,White,2287,<=5s vs <=5s
O0GUeREw,110,1/2-1/2,Black,2455,<=5s vs <=5s
MA9JHGBw,126,1-0,Black,1915,<=5s vs <=5s
d8l0MzFC,83,1-0,White,1569,<=5s vs 5-10s
toohfjOs,54,0-1,Black,546,<=5s vs 5-10s
KkjkSSCK,63,0-1,White,1652,<=5s vs 5-10s
VWfyWkCx,74,0-1,Black,1642,<=5s vs <=5s
jDW5V0sO,44,0-1,Black,1695,<=5s vs 5-10s
m6QzJW1p,65,0-1,White,1998,<=5s vs <=5s
jKaKsGtW,65,1-0,White,1763,<=5s vs 10-15s
HM5fgzat,116,1-0,Black,2091,<=5s vs <=5s
KYmg0FFN,103,1/2-1/2,White,1837,<=5s vs <=5s
kBmCZues,84,0-1,Black,2539,<=5s vs 10-15s
4Svd3Cr6,59,0-1,White,1941,<=5s vs <=5s
9LlxrUAK,76,1-0,Black,2020,<=5s vs <=5s
115ZOqnV,113,1-0,White,1907,<=5s vs <=5s
IrD3DW6B,83,1-0,White,2181,<=5s vs <=5s
KG63kndg,125,0-1,White,2113,<=5s vs <=5s
24MKF6v5,78,0-1,Black,2170,<=5s vs <=5s
5nSmKrwQ,65,1-0,White,1300,<=5s vs <=5s
da8E1R6q,97,1-0,White,2243,<=5s vs <=5s
3ITG13fa,37,1-0,White,654,<=5s vs 5-10s
OVefEEDY,91,0-1,White,1988,<=5s vs <=5s
u7UEo4mZ,81,1-0,White,1748,<=5s vs 5-10s
xSMTWrQk,69,1-0,White,1552,<=5s vs 5-10s
3RApe70D,68,0-1,Black,1562,<=5s vs 5-10s
37lKBinv,37,1-0,White,1012,<=5s vs <=5s
0RMr3KfB,45,1-0,White,1070,<=5s vs 10-15s
yE6kxD8A,58,0-1,Black,1465,<=5s vs 5-10s
ZGh8Pr3Z,69,1-0,White,1443,<=5s vs <=5s
BmfdLOgS,62,0-1,Black,1541,<=5s vs 10-15s
zwiCLspY,106,0-1,Black,1882,<=5s vs <=5s
ZnCJ42bf,61,1-0,White,1344,<=5s vs <=5s
jZKc190G,119,1-0,White,2036,<=5s vs <=5s
6hIU4XtF,78,1-0,Black,1212,<=5s vs <=5s
14aRAXtV,86,0-1,Black,2054,<=5s vs 5-10s
IqtvrsfQ,84,0-1,Black,2563,<=5s vs 10-15s
9rx1kGDJ,80,0-1,Black,2114,<=5s vs 15-20s
djPGj436,76,0-1,Black,1660,<=5s vs 15-20s
EMwbJS8n,129,1-0,White,2417,<=5s vs <=5s
DeeEarXh,49,0-1,White,809,<=5s vs <=5s
4XV7IRaD,73,0-1,White,2108,<=5s vs <=5s
Ef61ty9p,96,1-0,Black,2002,<=5s vs <=5s
WsYER6mt,62,0-1,Black,1306,<=5s vs <=5s
gayMuEit,82,0-1,Black,1802,<=5s vs 10-15s
Vm2pb7pu,91,0-1,White,2497,<=5s vs <=5s
YULhBo0t,75,1-0,White,1658,<=5s vs <=5s
ayykO6Lq,65,1-0,White,1549,<=5s vs <=5s
T6cbJ5ux,62,0-1,Black,1442,<=5s vs 5-10s
RLFAF8LF,123,0-1,White,1965,<=5s vs <=5s
NhmCxZQJ,106,0-1,Black,2286,<=5s vs 10-15s
E6zDM0I0,63,1-0,White,2419,<=5s vs <=5s
aYsE3thF,65,1-0,White,1523,<=5s vs 5-10s
TPb09gS6,61,1-0,White,1045,<=5s vs 15-20s
236ybYgg,61,0-1,White,2398,<=5s vs 5-10s
rVJ0Oeog,67,1-0,White,2251,<=5s vs 15-20s
xqatAPbl,62,0-1,Black,1693,<=5s vs 5-10s
YbmdlnHM,72,0-1,Black,2227,<=5s vs <=5s
Cn6PSN9o,110,0-1,Black,2452,<=5s vs <=5s
2yCEiyq1,100,1/2-1/2,Black,2861,<=5s vs <=5s
HKnWb5Dw,70,0-1,Black,1727,<=5s vs <=5s
B9z6m5we,104,0-1,Black,2009,<=5s vs <=5s
eQaPJ8Ay,59,1-0,White,1679,<=5s vs 5-10s
xTUUT3JF,54,1-0,Black,1291,<=5s vs 15-20s
a4GcRqOj,70,1-0,Black,1482,<=5s vs <=5s
Le7IkVjK,82,1-0,Black,2124,<=5s vs 10-15s
y9iSAjt4,69,1-0,White,2289,<=5s vs 5-10s
u66MtPMm,52,0-1,Black,1681,<=5s vs 10-15s
Vg4Z4C3v,54,1-0,Black,1036,<=5s vs <=5s
TvusOBs0,109,0-1,White,1806,<=5s vs <=5s
c2yEBxLq,81,1-0,White,2167,<=5s vs <=5s
OHahhuGr,73,1-0,White,2471,<=5s vs 5-10s
eh3XSQlz,70,1-0,Black,1337,<=5s vs <=5s
ZAdAdscY,61,1-0,White,1164,<=5s vs <=5s
QzoyvXwu,122,0-1,Black,2058,<=5s vs 5-10s
hCm5ySYG,71,1-0,White,1483,<=5s vs <=5s
Q9M4kyX4,79,1-0,White,1120,<=5s vs <=5s
aiueYwZy,65,0-1,White,1715,<=5s vs <=5s
91jYNi6h,136,1-0,Black,2206,<=5s vs <=5s
vHxvTNxv,57,0-1,White,1952,<=5s vs 5-10s
Tq4XubO0,90,0-1,Black,2234,<=5s vs 10-15s
qgVPkOwW,141,1-0,White,2349,<=5s vs 10-15s
S6q2fs2E,85,1-0,White,2534,<=5s vs <=5s
6UpPsJxy,84,1-0,Black,2100,<=5s vs <=5s
AVlmm07d,74,1-0,Black,1913,<=5s vs <=5s
9gCty2O3,134,1-0,Black,2361,<=5s vs 5-10s
HbDQFa1L,81,1-0,White,1513,<=5s vs 15-20s
L95cUmS4,60,0-1,Black,2256,<=5s vs 15-20s
OIqKcL3S,77,1-0,White,1643,<=5s vs <=5s
Ihghv8ya,78,0-1,Black,2395,<=5s vs 5-10s
MGD8s7kR,89,1-0,White,2096,<=5s vs <=5s
zTbP1gDS,84,0-1,Black,1438,<=5s vs <=5s
6zxs6BTC,93,0-1,White,3016,<=5s vs <=5s
OL0r1VyV,101,1/2-1/2,White,2757,<=5s vs 10-15s
ZWVYk4bj,110,1-0,Black,2725,<=5s vs <=5s
FSBjIOdt,93,1-0,White,2745,<=5s vs <=5s
5GqaJkw5,95,0-1,White,2314,<=5s vs <=5s
8vcFY1yd,57,1-0,White,1872,<=5s vs 5-10s
jM8nrbdU,118,0-1,Black,2640,<=5s vs 5-10s
PQoQhNvJ,44,0-1,Black,1091,<=5s vs 15-20s
751XAOwS,98,0-1,Black,2325,<=5s vs 5-10s
7TGEUYWZ,59,1-0,White,1896,<=5s vs 5-10s
doV7FNcr,69,0-1,White,1319,<=5s vs <=5s
oqjlX7xE,41,1-0,White,658,<=5s vs 15-20s
XIYkupS5,101,1-0,White,2061,<=5s vs <=5s
5iBc0G0X,74,1-0,Black,1840,<=5s vs <=5s
XewXHqeL,58,0-1,Black,1965,<=5s vs 5-10s
OwC8bfs5,95,1-0,White,1986,<=5s vs <=5s
QOigRlqN,72,0-1,Black,2022,<=5s vs 5-10s
EcGryXLJ,104,0-1,Black,1950,<=5s vs 5-10s
nwAPyWs5,100,1-0,Black,1623,<=5s vs <=5s
lwTuRQcL,54,1-0,Black,1322,<=5s vs <=5s
wjIlfo1b,81,1-0,White,1959,<=5s vs 15-20s
Kthhtk8S,89,0-1,White,2229,<=5s vs <=5s
rpbAcpFS,128,1-0,Black,2566,<=5s vs <=5s
tdNivXFj,101,1-0,White,2253,<=5s vs <=5s
B0X5yCLS,57,0-1,White,824,<=5s vs <=5s
D1Otopac,87,1-0,White,2496,<=5s vs 5-10s
0Z2TMb1x,63,1-0,White,1497,<=5s vs <=5s
DviqOhuq,82,0-1,Black,1602,<=5s vs <=5s
nJkgH80l,64,0-1,Black,1778,<=5s vs 10-15s
FENMKxK6,128,1-0,Black,2251,<=5s vs <=5s
AyzHrqZg,95,1-0,White,2124,<=5s vs <=5s
64N53VtL,78,1/2-1/2,Black,2323,<=5s vs 5-10s
WJvGCcB1,105,1-0,White,2783,<=5s vs <=5s
3bnfHIVK,100,1-0,Black,2223,<=5s vs <=5s
Zn21FFKY,55,1-0,White,1414,<=5s vs <=5s
ToXOFbYG,62,0-1,Black,1401,<=5s vs <=5s
6f5iQOr8,105,1-0,White,1984,<=5s vs 10-15s
yfIhhNgI,75,0-1,White,2255,<=5s vs <=5s
OemBo5eW,128,1-0,Black,2297,<=5s vs <=5s
IStNd1sH,105,1-0,White,2509,<=5s vs <=5s
5YT7sElz,75,1-0,White,1547,<=5s vs 10-15s
OOXbnoT7,89,0-1,White,2112,<=5s vs <=5s
5t6dC5nH,104,1-0,Black,1951,<=5s vs <=5s
s5eMSs3L,100,0-1,Black,2018,<=5s vs 15-20s
6lg2GLAQ,65,1-0,White,1222,<=5s vs 5-10s
i3WcPAiE,71,1-0,White,2532,<=5s vs <=5s
6iRqHcup,67,0-1,White,2170,<=5s vs <=5s
v6bPiui9,42,1-0,Black,1063,<=5s vs <=5s
15vk5MJ7,131,0-1,White,2438,<=5s vs <=5s
VUhYSusQ,93,1-0,White,2427,<=5s vs <=5s
JBSjsCx6,88,1-0,Black,1648,<=5s vs <=5s
hsy81ZF1,65,0-1,White,1680,<=5s vs <=5s
FnxJugyN,55,1-0,White,903,<=5s vs 15-20s
ZoCiTPu5,46,0-1,Black,1478,<=5s vs 10-15s
TDrnOXEv,124,1-0,Black,1949,<=5s vs <=5s
WckKL2he,112,0-1,Black,2067,<=5s vs <=5s
PLgghMgI,88,0-1,Black,1734,<=5s vs <=5s
eCnSp8iz,101,1/2-1/2,White,2231,<=5s vs <=5s
mPpotWef,110,0-1,Black,2580,<=5s vs <=5s
9tCMBFSk,84,0-1,Black,2332,<=5s vs 5-10s
Y8Qw2CXr,62,0-1,Black,1377,<=5s vs 5-10s
BR4OPbfR,138,1-0,Black,2355,<=5s vs <=5s
6lC52Knp,116,1-0,Black,2379,<=5s vs <=5s
JLLOPSJL,95,0-1,White,2398,<=5s vs 5-10s
DikjMMmE,108,0-1,Black,2202,<=5s vs 10-15s
T0UGK9TS,70,0-1,Black,1772,<=5s vs <=5s
of1dshv6,55,1-0,White,1496,<=5s vs 5-10s
SQxRjwvX,60,0-1,Black,932,<=5s vs <=5s
aVEPpNOE,72,0-1,Black,1736,<=5s vs 10-15s
SlylZhzn,114,1-0,Black,2141,<=5s vs 15-20s
Ct593uyo,61,1-0,White,1787,<=5s vs <=5s
hz00bxuu,64,0-1,Black,1901,<=5s vs 5-10s
M4idrh6k,51,1-0,White,1748,<=5s vs 5-10s
6YXIeRNb,85,1/2-1/2,White,2295,<=5s vs 5-10s
OFEiBTQE,80,0-1,Black,1792,<=5s vs <=5s
G0LUjBxx,75,1-0,White,2120,<=5s vs 5-10s
RPYzDnES,96,1-0,Black,2578,<=5s vs <=5s
pDQ31zgz,64,0-1,Black,1309,<=5s vs <=5s
iUjnYm6P,99,1-0,White,2250,<=5s vs 15-20s
UExH78EO,41,1-0,White,1766,<=5s vs 15-20s
HGcS4kCn,68,0-1,Black,1923,<=5s vs 5-10s
hpZ1UHES,92,0-1,Black,2271,<=5s vs <=5s
ATT628Ll,110,0-1,Black,2142,<=5s vs <=5s
oxqHSWkw,54,1-0,Black,1699,<=5s vs 5-10s
qfqmetUH,131,1/2-1/2,White,2523,<=5s vs <=5s
OzlgNZtf,67,1-0,White,1284,<=5s vs <=5s
IxeUU9CL,73,1-0,White,1828,<=5s vs <=5s
WHS09Vui,76,0-1,Black,1628,<=5s vs <=5s
JNy2qOiU,79,0-1,White,2244,<=5s vs <=5s
raDHZ3dR,103,1-0,White,2558,<=5s vs <=5s
7JCGiV5Q,92,1-0,Black,2441,<=5s vs <=5s
ulBnjSDp,99,0-1,White,2334,<=5s vs <=5s
eeMuWIz9,80,1-0,Black,2100,<=5s vs <=5s
6pILHc58,87,0-1,White,1359,<=5s vs <=5s
AUxVw83A,99,0-1,White,2095,<=5s vs <=5s
hk0D7jdT,93,1-0,White,2420,<=5s vs 5-10s
AHnqK6y6,59,1-0,White,1304,<=5s vs 15-20s
RifVorIL,41,1-0,White,596,<=5s vs 10-15s
6srGX9hT,132,1-0,Black,2567,<=5s vs <=5s
40o1f4xs,80,1-0,Black,1800,<=5s vs <=5s
HnJ9Y5Su,128,0-1,Black,2359,<=5s vs 10-15s
57zyYDqE,120,1/2-1/2,Black,2183,<=5s vs <=5s
FVZ9tNg2,64,0-1,Black,1206,<=5s vs 5-10s
aQrz20nq,64,0-1,Black,2181,<=5s vs <=5s
MKmmH4Uv,102,0-1,Black,2960,<=5s vs 5-10s
rXuR8f0Y,64,0-1,Black,1124,<=5s vs <=5s
MFMc0kpd,107,1-0,White,2486,<=5s vs 10-15s
J0qudeIo,51,1-0,White,1219,<=5s vs 5-10s
DpZyZN3i,75,1-0,White,1534,<=5s vs 10-15s
kh63XBrC,66,1-0,Black,1495,<=5s vs <=5s
BaXpw1wX,78,1-0,Black,1948,<=5s vs <=5s
XFzKNuWm,167,0-1,White,2439,<=5s vs <=5s
A9NCzuuX,89,1-0,White,1401,<=5s vs <=5s
9i8Wtmhs,61,1-0,White,2180,<=5s vs 5-10s
5lF7No2P,116,1/2-1/2,Black,1657,<=5s vs <=5s
LqEJQBA6,138,0-1,Black,2003,<=5s vs 15-20s
6HYbwfUe,81,1-0,White,1646,<=5s vs 10-15s
EUsvwMSS,87,1-0,White,1553,<=5s vs 15-20s
TFcjrX5K,124,0-1,Black,1977,<=5s vs <=5s
YgLLnBnW,106,0-1,Black,1996,<=5s vs <=5s
QZKMIEv6,69,1-0,White,1177,<=5s vs <=5s
jyQh3oVw,58,0-1,Black,1187,<=5s vs <=5s
qn6Y9vq1,65,1-0,White,1908,<=5s vs 5-10s
QgGSPT9j,69,1-0,White,1913,<=5s vs <=5s
ZpDwijrG,94,0-1,Black,1981,<=5s vs <=5s
TznObrMe,73,1-0,White,1658,<=5s vs 5-10s
XCH457SX,79,0-1,White,1800,<=5s vs 10-15s
aZAAmdT7,75,1-0,White,2592,<=5s vs <=5s
x0ztBPK1,76,0-1,Black,1878,<=5s vs 10-15s
AsTBK24y,95,0-1,White,2169,<=5s vs <=5s
xpcINDk0,98,1-0,Black,2551,<=5s vs 5-10s
j5PKu4Rj,80,0-1,Black,1653,<=5s vs 5-10s
96QE9Q3f,74,1-0,Black,1940,<=5s vs <=5s
4iiLti6K,80,0-1,Black,2038,<=5s vs <=5s
bJBZvrJa,79,0-1,White,1982,<=5s vs <=5s
7w9ycxkr,87,1-0,White,1777,<=5s vs <=5s
DpMqfyaa,69,0-1,White,2076,<=5s vs <=5s
socMQSiv,58,0-1,Black,1646,<=5s vs 15-20s
pK0xNqii,81,1-0,White,1645,<=5s vs 10-15s
Rt6C7NTt,93,0-1,White,2049,<=5s vs 5-10s
lAVP70nH,61,1-0,White,1437,<=5s vs 5-10s
2Y0WIz3B,82,0-1,Black,2157,<=5s vs 5-10s
Ysq7Tpw6,115,0-1,White,2853,<=5s vs <=5s
sP1T2s7A,117,1-0,White,2142,<=5s vs <=5s
vpaJPxfy,83,1-0,White,1714,<=5s vs <=5s
a9fN2kdB,93,0-1,White,2296,<=5s vs <=5s
qb63enR3,65,0-1,White,1583,<=5s vs <=5s
q6lQj67E,57,1-0,White,1524,<=5s vs 15-20s
C2y74zaX,50,0-1,Black,1287,<=5s vs 10-15s
xyDkhoeJ,74,0-1,Black,1904,<=5s vs 5-10s
rlerKHKM,73,1-0,White,730,<=5s vs <=5s
6vtBgGIJ,76,0-1,Black,2504,<=5s vs <=5s
KievyfGT,94,1-0,Black,2143,<=5s vs <=5s
3DGTqd1e,91,1-0,White,2348,<=5s vs 5-10s
3uQd8gTL,92,1/2-1/2,Black,2648,<=5s vs 5-10s
HzuIanFU,65,0-1,White,1303,<=5s vs <=5s
N6eTWFEU,62,0-1,Black,2030,<=5s vs 15-20s
FGA9jWTH,76,0-1,Black,1771,<=5s vs <=5s
yptug5In,75,1-0,White,2294,<=5s vs 5-10s
70rqW9M4,76,0-1,Black,2045,<=5s vs <=5s
8qESENkI,72,0-1,Black,2176,<=5s vs 10-15s
0inWqfCf,78,1-0,Black,2474,<=5s vs <=5s
PJce7NjY,88,0-1,Black,2591,<=5s vs 5-10s
7S1KPGjb,62,0-1,Black,1782,<=5s vs 10-15s
kdguykUV,56,1-0,Black,1468,<=5s vs <=5s
XceKu5zZ,69,1-0,White,1450,<=5s vs 10-15s
gaeIf1rR,57,1-0,White,2302,<=5s vs 15-20s
C4cRfzes,91,0-1,White,2104,<=5s vs <=5s
30Q7O1Fy,83,1-0,White,2010,<=5s vs <=5s
ZTNodesv,104,0-1,Black,2095,<=5s vs 5-10s
QqO9J5yZ,114,0-1,Black,1698,<=5s vs <=5s
qfbL8FX5,59,1-0,White,1795,<=5s vs 5-10s
5CYJuAru,113,1/2-1/2,White,1891,<=5s vs 10-15s
Cb0wjMgX,117,1-0,White,2382,<=5s vs <=5s
wh1WD2sI,69,0-1,White,2198,<=5s vs 5-10s
TRJaiK78,81,0-1,White,2220,<=5s vs <=5s
V3Di7Hpl,47,0-1,White,842,<=5s vs <=5s
d2BsBHUa,54,0-1,Black,767,<=5s vs 10-15s
MHX8sl28,64,0-1,Black,2147,<=5s vs 5-10s
PJ1rjGt5,88,1/2-1/2,Black,2178,<=5s vs 5-10s
njbYIIbu,53,1-0,White,974,<=5s vs <=5s
WsoM39y5,86,0-1,Black,1611,<=5s vs <=5s
Ftpcfzan,84,0-1,Black,1821,<=5s vs <=5s
FxUGoVyT,64,0-1,Black,1802,<=5s vs 10-15s
VJxJi7Vp,66,0-1,Black,1357,<=5s vs <=5s
plZ9N9Bq,59,0-1,White,1217,<=5s vs <=5s
9yHgNQuF,75,0-1,White,2668,<=5s vs <=5s
BvX84gXv,92,0-1,Black,2260,<=5s vs 5-10s
XYxiTtIV,46,0-1,Black,1021,<=5s vs 5-10s
SwwhPzha,72,0-1,Black,706,<=5s vs 15-20s
SW7cZziR,87,0-1,White,2135,<=5s vs <=5s
4D5Ebbgd,111,1-0,White,2045,<=5s vs <=5s
z9D13fi5,114,0-1,Black,2347,<=5s vs <=5s
lZ59Mnyn,55,1-0,White,968,<=5s vs 5-10s
PLVVAwIM,67,1-0,White,1108,<=5s vs 5-10s
0qWn6hZo,77,1-0,White,1828,<=5s vs 5-10s
3xNXCOwj,86,0-1,Black,2244,<=5s vs <=5s
3dRZqP50,113,0-1,White,1852,<=5s vs <=5s
RFkrL9dl,48,0-1,Black,1761,<=5s vs 15-20s
zCUL63rX,67,0-1,White,1353,<=5s vs <=5s
kRJyozkk,100,0-1,Black,2089,<=5s vs <=5s
zbFja44m,121,0-1,White,2452,<=5s vs <=5s
7bzVmEoJ,141,0-1,White,2280,<=5s vs <=5s
9LBgUh7n,119,1-0,White,2912,<=5s vs <=5s
0z7JKDft,113,1-0,White,2922,<=5s vs <=5s
3QnVIoVn,63,1-0,White,1449,<=5s vs 15-20s
YdFvKSZA,69,1-0,White,1835,<=5s vs 5-10s
JMwRJnIS,91,1-0,White,1803,<=5s vs 5-10s
O0YMzeaY,101,1-0,White,2161,<=5s vs <=5s
7TkuQpea,69,0-1,White,1048,<=5s vs <=5s
x7PMZPN1,72,0-1,Black,2017,<=5s vs 10-15s
cSXP6MKp,60,0-1,Black,2099,<=5s vs <=5s
ZjAtMKvw,90,0-1,Black,2038,<=5s vs 5-10s
QIjV3cqx,62,0-1,Black,1917,<=5s vs <=5s
9jgGqLyc,77,0-1,White,1326,<=5s vs <=5s
Op0BiqnB,84,0-1,Black,2369,<=5s vs <=5s
qCQPAP7A,46,1-0,Black,2403,<=5s vs <=5s
PDKvzlde,69,1-0,White,2036,<=5s vs 5-10s
FjN415qV,56,0-1,Black,1555,<=5s vs <=5s
VQ0YP4fr,107,0-1,White,2501,<=5s vs <=5s
7OLIKi9w,82,1-0,Black,2573,<=5s vs <=5s
AspstuWP,101,1-0,White,2334,<=5s vs 5-10s
mWRRzobg,79,1-0,White,1813,<=5s vs <=5s
Fa26iby4,87,1-0,White,2061,<=5s vs 10-15s
Jll3dVZ1,97,0-1,White,1826,<=5s vs <=5s
JcP4Y1LM,87,1-0,White,2017,<=5s vs 5-10s
C7zSg9YG,80,0-1,Black,1620,<=5s vs 5-10s
MD2Iv6jG,71,1-0,White,2091,<=5s vs 5-10s
guV0XKRD,77,1-0,White,1809,<=5s vs 5-10s
azef3t0i,51,1-0,White,1490,<=5s vs <=5s
H3FCTjvQ,84,0-1,Black,2400,<=5s vs 5-10s
DCmyeh3l,82,0-1,Black,1484,<=5s vs <=5s
BDTAScSj,107,1-0,White,2140,<=5s vs <=5s
qkCdr7li,82,1-0,Black,1013,<=5s vs <=5s
65Irm7x5,60,0-1,Black,1874,<=5s vs 5-10s
NoPxHfvS,59,0-1,White,2049,<=5s vs <=5s
tX7PMAf5,127,1-0,White,2185,<=5s vs <=5s
pefumEia,72,0-1,Black,2400,<=5s vs <=5s
FKaAeQXF,69,1-0,White,1717,<=5s vs 15-20s
0lI7CZOj,54,0-1,Black,673,<=5s vs 10-15s
ICpmv47d,111,1-0,White,2632,<=5s vs <=5s
eE0GpbVB,86,0-1,Black,2542,<=5s vs 5-10s
6yFPcKe2,59,1-0,White,1158,<=5s vs 5-10s
ERa9ZFAV,80,0-1,Black,2516,<=5s vs <=5s
PDJqiKMl,87,1-0,White,2112,<=5s vs <=5s
8eUHe5rK,66,0-1,Black,2172,<=5s vs 15-20s
WOCSxGQt,71,1-0,White,1835,<=5s vs <=5s
HaWTMvNz,99,1-0,White,2030,<=5s vs 5-10s
NpAkaegm,80,1-0,Black,2468,<=5s vs <=5s
Gq3hAKIX,83,0-1,White,2468,<=5s vs <=5s
HZLSdmXG,94,0-1,Black,2121,<=5s vs 10-15s
U6HVPOTU,79,0-1,White,1837,<=5s vs <=5s
kX2t8Dhq,142,0-1,Black,2145,<=5s vs <=5s
AudG8eSw,110,1-0,Black,2530,<=5s vs <=5s
LIAc1GeD,74,1-0,Black,1859,<=5s vs <=5s
D6fqVA6P,89,0-1,White,2175,<=5s vs <=5s
8rF5NbKL,79,1-0,White,1667,<=5s vs <=5s
3pObOFlR,74,0-1,Black,1967,<=5s vs <=5s
DspFSyfe,100,0-1,Black,2712,<=5s vs <=5s
h3EuEL9b,80,0-1,Black,1902,<=5s vs <=5s
1usapQHA,77,1-0,White,1802,<=5s vs <=5s
B6IR3wv4,123,1/2-1/2,White,2956,<=5s vs <=5s
esK9igKK,62,0-1,Black,2051,<=5s vs 10-15s
he7iOBFy,46,0-1,Black,1141,<=5s vs 10-15s
3PNIOU8O,55,1-0,White,1297,<=5s vs 5-10s
fKSmdNOg,65,1-0,White,1945,<=5s vs <=5s
FqHU6KjI,72,0-1,Black,1540,<=5s vs <=5s
mNQLlW3r,65,1-0,White,1847,<=5s vs 10-15s
IIRyWcow,80,1-0,Black,2131,<=5s vs <=5s
13ywJCTi,117,0-1,White,2855,<=5s vs <=5s
PVFHjKPh,71,1-0,White,2112,<=5s vs 5-10s
jps8AGhB,93,0-1,White,2594,<=5s vs <=5s
thpBGjok,56,1-0,Black,2225,<=5s vs 15-20s
244YDw79,108,1-0,Black,2238,<=5s vs <=5s
c6umJBkl,77,0-1,White,672,<=5s vs 5-10s
RBwCCgoq,70,0-1,Black,2365,<=5s vs <=5s
JA36iYaj,65,1-0,White,1232,<=5s vs 5-10s
nSzJgJNK,76,0-1,Black,1072,<=5s vs 5-10s
K8UdkAfJ,141,1-0,White,2602,<=5s vs <=5s
DByp7rbP,91,0-1,White,1988,<=5s vs <=5s
xPE7IB9e,72,1-0,Black,1937,<=5s vs <=5s
yi58PYjP,55,1-0,White,1238,<=5s vs 5-10s
FVVvF5t5,70,0-1,Black,2158,<=5s vs <=5s
OaWXWoMo,55,1-0,White,1327,<=5s vs 15-20s
KsT3lVq1,87,0-1,White,2060,<=5s vs <=5s
FBqkw8ON,87,1-0,White,2197,<=5s vs <=5s
AoVFt52z,84,1-0,Black,1952,<=5s vs 5-10s
MUBfVs8H,83,0-1,White,2308,<=5s vs <=5s
xsH9mYjn,76,0-1,Black,1818,<=5s vs <=5s
lqu1yTW9,83,1-0,White,2212,<=5s vs 15-20s
QtkKCxtD,97,1-0,White,2247,<=5s vs <=5s
FhzimEvu,105,1-0,White,2424,<=5s vs 5-10s
Ak1mb1id,81,1-0,White,1441,<=5s vs <=5s
76TojuEy,94,0-1,Black,2222,<=5s vs 10-15s
tr7GOvPi,114,0-1,Black,1771,<=5s vs 10-15s
541MVEmS,80,0-1,Black,2528,<=5s vs 10-15s
ezduAFBm,122,1-0,Black,1962,<=5s vs <=5s
25fZwbrl,93,1-0,White,1816,<=5s vs 15-20s
iCHDNUrq,48,1-0,Black,1073,<=5s vs <=5s
QHOPeyFu,144,0-1,Black,2839,<=5s vs <=5s
3hLOBtQ0,82,0-1,Black,1749,<=5s vs <=5s
vNoSNhFA,125,1-0,White,2493,<=5s vs <=5s
4kEA8nsg,64,0-1,Black,873,<=5s vs 10-15s
IE6OL7jQ,64,0-1,Black,1742,<=5s vs 10-15s
xlYKSnZm,71,1-0,White,1575,<=5s vs 5-10s
x7kbNkHS,84,0-1,Black,1729,<=5s vs 5-10s
O1zACj6T,54,0-1,Black,1238,<=5s vs <=5s
CPLHtnmi,155,0-1,White,2256,<=5s vs <=5s
aW0D71rz,88,0-1,Black,2224,<=5s vs <=5s
ZLRoL5JK,88,0-1,Black,2063,<=5s vs <=5s
IQi1U7lW,57,1-0,White,1830,<=5s vs 5-10s
J27Ct5Ce,65,1-0,White,1366,<=5s vs 5-10s
2rXm168k,66,1-0,Black,1519,<=5s vs 10-15s
lLy9S1iM,197,0-1,White,2132,<=5s vs <=5s
KW9BJDS3,73,0-1,White,1046,<=5s vs 10-15s
aIpcVct8,64,0-1,Black,1157,<=5s vs <=5s
l03iHKKU,70,0-1,Black,1945,<=5s vs <=5s
WJUO3JBc,98,0-1,Black,2376,<=5s vs <=5s
4AlF47EB,68,0-1,Black,1631,<=5s vs <=5s
FUW0Ssjr,66,0-1,Black,1923,<=5s vs <=5s
VwQds4ND,94,1-0,Black,2056,<=5s vs <=5s
TxNXAfby,64,0-1,Black,1555,<=5s vs 5-10s
90oBIYk4,66,0-1,Black,2029,<=5s vs <=5s
HxV4L745,50,0-1,Black,1210,<=5s vs 10-15s
KIwfqOSj,73,1-0,White,2307,<=5s vs 15-20s
RmnQ2HF0,61,1-0,White,1327,<=5s vs 10-15s
0DVj97us,78,1/2-1/2,Black,1511,<=5s vs 5-10s
YtfZhJB5,79,1/2-1/2,White,1870,<=5s vs <=5s
UTqxgrRu,88,0-1,Black,1465,<=5s vs <=5s
ZCqLHaIZ,101,0-1,White,2806,<=5s vs <=5s
Brw4lvA4,73,1-0,White,1916,<=5s vs 5-10s
cxy8PfaM,55,1-0,White,1223,<=5s vs 10-15s
YIl7C23R,95,1-0,White,2599,<=5s vs 10-15s
Vlw6gEMa,84,0-1,Black,2256,<=5s vs <=5s
LUu9DwyS,107,1-0,White,2514,<=5s vs <=5s
e2eVtXvZ,61,1-0,White,1256,<=5s vs 15-20s
EGsTi5qQ,106,0-1,Black,1792,<=5s vs 15-20s
bCKSr2Wh,99,1-0,White,2351,<=5s vs 5-10s
0EbwnIHz,69,1-0,White,1615,<=5s vs 5-10s
11YRvPLX,67,0-1,White,2083,<=5s vs 5-10s
9KbtnLyw,79,1-0,White,2155,<=5s vs 5-10s
6H8Lmvxo,58,0-1,Black,1559,<=5s vs 5-10s
nlgkJSyB,99,1-0,White,2105,<=5s vs 5-10s
OljvYZBt,93,1/2-1/2,White,1800,<=5s vs 15-20s
Ev2XxLyV,45,0-1,White,1022,<=5s vs <=5s
66BVnBCb,83,1-0,White,1526,<=5s vs <=5s
7jHTKd4R,54,1-0,Black,710,<=5s vs <=5s
wflSYeC9,108,1-0,Black,1271,<=5s vs <=5s
yBJloQEL,99,1-0,White,2456,<=5s vs 10-15s
i91RYCCz,115,1-0,White,2507,<=5s vs 10-15s
tOHmIJOr,118,0-1,Black,2493,<=5s vs <=5s
bEMUFYv1,59,1-0,White,2136,<=5s vs 15-20s
7mmauIXl,108,1/2-1/2,Black,1898,<=5s vs <=5s
Sp9EZ8UK,67,1-0,White,627,<=5s vs 5-10s
2G8YWrpI,82,0-1,Black,2026,<=5s vs 5-10s
XFKix9Rk,97,0-1,White,2211,<=5s vs <=5s
ZHSmzIAG,80,0-1,Black,1703,<=5s vs 5-10s
RdfJGJ3E,104,0-1,Black,2365,<=5s vs <=5s
8rzOLr96,96,1-0,Black,2379,<=5s vs 5-10s
GpyI7Y0x,93,0-1,White,2654,<=5s vs <=5s
bzl7JtI2,69,0-1,White,1875,<=5s vs 5-10s
YxhhjTFa,55,0-1,White,2049,<=5s vs <=5s
HV2UaC2M,105,1-0,White,1979,<=5s vs 5-10s
4hQRs9Zh,63,1-0,White,2404,<=5s vs 15-20s
7jrFUwNE,94,0-1,Black,1975,<=5s vs 10-15s
SG1Pm3pE,89,1-0,White,1996,<=5s vs <=5s
u2m2ofME,75,1-0,White,2069,<=5s vs <=5s
FIl3fPfl,74,0-1,Black,2150,<=5s vs <=5s
9B8PAQYz,108,0-1,Black,2454,<=5s vs <=5s
re4PTFun,90,1-0,Black,2281,<=5s vs <=5s
TzZBg9y8,78,0-1,Black,2360,<=5s vs <=5s
ATWhmoZT,96,1-0,Black,2738,<=5s vs <=5s
IxUxrjMG,88,0-1,Black,2311,<=5s vs <=5s
C7mBy4hB,103,1-0,White,2054,<=5s vs 5-10s
aUaAgH7K,95,1-0,White,2652,<=5s vs 5-10s
02iw68YY,71,1-0,White,1808,<=5s vs <=5s
BCKJg5fF,57,1-0,White,1577,<=5s vs 10-15s
GawCETKp,56,0-1,Black,836,<=5s vs 10-15s
I0pLnVgE,53,1-0,White,1137,<=5s vs <=5s
cn71LAd4,94,0-1,Black,1366,<=5s vs <=5s
ybPtCAOI,83,1-0,White,1813,<=5s vs <=5s
FFuhy3pU,79,1-0,White,3097,<=5s vs 15-20s
OZqodIFP,62,1-0,Black,1628,<=5s vs <=5s
BL1xTkDz,107,0-1,White,2196,<=5s vs <=5s
CJThrWvz,80,0-1,Black,2210,<=5s vs <=5s
SlESBkqK,135,1/2-1/2,White,1927,<=5s vs 5-10s
cyJ1bjpk,102,0-1,Black,1937,<=5s vs 15-20s
Ep7FnHgh,71,1-0,White,1653,<=5s vs <=5s
3m9uK0cs,42,1-0,Black,843,<=5s vs <=5s
DiX1G7y5,103,0-1,White,2173,<=5s vs <=5s
wnbXhYL0,93,0-1,White,1303,<=5s vs 5-10s
9VY0qU1F,86,0-1,Black,2348,<=5s vs <=5s
IeQlBGhF,52,0-1,Black,1103,<=5s vs 5-10s
FTdOcMtv,110,1-0,Black,2437,<=5s vs <=5s
0VN5BI6d,64,0-1,Black,1201,<=5s vs <=5s
UnLGuP7q,81,1-0,White,2414,<=5s vs <=5s
sGCZlBa8,105,0-1,White,2038,<=5s vs 5-10s
f3hShxJs,34,0-1,Black,764,<=5s vs <=5s
87UVTOr5,102,1-0,Black,2691,<=5s vs <=5s
meu3iJlU,100,0-1,Black,2878,<=5s vs <=5s
5masdNJW,93,1/2-1/2,White,2113,<=5s vs <=5s
HBaYRwDF,129,1-0,White,2165,<=5s vs 5-10s
D1e776lq,79,1-0,White,2455,<=5s vs 10-15s
FCpWigAe,75,1/2-1/2,White,2361,<=5s vs 15-20s
Sm7OsuFB,109,1-0,White,2666,<=5s vs 5-10s
dUz33Xa7,44,0-1,Black,1751,<=5s vs 5-10s
4DREdtAy,67,0-1,White,2185,<=5s vs 5-10s
VcNyE3b4,81,1-0,White,1603,<=5s vs 15-20s
2Gp3UZWk,124,1-0,Black,2411,<=5s vs <=5s
J6MFwKXv,75,1-0,White,1659,<=5s vs <=5s
WaMl91Me,93,1-0,White,2236,<=5s vs 5-10s
NUbn2ww6,82,0-1,Black,2765,<=5s vs 5-10s
I3KzRiNk,110,0-1,Black,2367,<=5s vs <=5s
Vdk0tzOx,73,0-1,White,1375,<=5s vs 5-10s
HHdGUAPT,67,0-1,White,1779,<=5s vs <=5s
mrSnDGzh,76,0-1,Black,1310,<=5s vs 5-10s
kmm35UiA,70,0-1,Black,1388,<=5s vs <=5s
uyp7jz5i,151,1/2-1/2,White,2452,<=5s vs <=5s
eKK6hEsf,79,1-0,White,1308,<=5s vs 5-10s
1CUD0Gw3,102,1-0,Black,2551,<=5s vs 15-20s
OLBhTCOh,68,0-1,Black,1779,<=5s vs 5-10s
M3wPwUBy,102,1/2-1/2,Black,1969,<=5s vs <=5s
JyZsGwaZ,66,0-1,Black,1382,<=5s vs 10-15s
pbkmKyeI,101,1-0,White,2342,<=5s vs <=5s
ZyHkv9mJ,147,0-1,White,2282,<=5s vs <=5s
9dZgDHPU,76,0-1,Black,2416,<=5s vs <=5s
v8GZ6c1T,62,0-1,Black,2035,<=5s vs <=5s
NmTWRaw3,86,0-1,Black,2271,<=5s vs <=5s
gHIaoB57,84,1-0,Black,2031,<=5s vs <=5s
XKc65oVz,77,0-1,White,1850,<=5s vs <=5s
jPugTyHC,56,1-0,Black,902,<=5s vs <=5s
JYDxZLC0,86,1-0,Black,2465,<=5s vs 5-10s
djJd6UEn,56,0-1,Black,1551,<=5s vs 5-10s
oAPYUIcb,74,0-1,Black,1695,<=5s vs 5-10s
zywnFzKy,97,1-0,White,2338,<=5s vs <=5s
ZXQmvdMG,63,1-0,White,1910,<=5s vs <=5s
Xq6i9aGk,90,0-1,Black,1881,<=5s vs 5-10s
UzlyXiru,72,1-0,Black,2049,<=5s vs <=5s
MyCfxHgI,33,0-1,White,873,<=5s vs 5-10s
oi1zPKrQ,108,0-1,Black,1974,<=5s vs <=5s
IMzyuz6y,135,1-0,White,2908,<=5s vs <=5s
dd3Ds4Q3,58,0-1,Black,1315,<=5s vs 15-20s
EG80r3Mk,32,0-1,Black,966,<=5s vs 15-20s
IrOErtMz,51,1-0,White,2062,<=5s vs 15-20s
5iprrFNr,52,0-1,Black,1851,<=5s vs 15-20s
PjRcpL5h,72,0-1,Black,2231,<=5s vs 5-10s
qHVfVa6W,40,0-1,Black,828,<=5s vs <=5s
F2rzIYmO,71,1-0,White,1852,<=5s vs 15-20s
x8dBrU7t,72,1-0,Black,2323,<=5s vs <=5s
b3IdPwMZ,94,0-1,Black,2222,<=5s vs 5-10s
XcK4H09R,49,1-0,White,1133,<=5s vs 10-15s
kVpjR0I4,66,0-1,Black,2549,<=5s vs <=5s
vWfdRBbl,65,1-0,White,1666,<=5s vs 5-10s
YXlgcQcq,127,0-1,White,2315,<=5s vs <=5s
FVTNjKBU,57,1-0,White,1379,<=5s vs <=5s
1TWZzKQh,64,1-0,Black,2425,<=5s vs <=5s
YFaXEckH,68,0-1,Black,2130,<=5s vs 10-15s
lGgB9NNd,65,0-1,White,1741,<=5s vs <=5s
M2U1Q4Ys,113,0-1,White,1945,<=5s vs <=5s
OXwyDlIr,98,1-0,Black,2344,<=5s vs <=5s
UjilEeTG,83,0-1,White,2606,<=5s vs <=5s
VPuUhE9s,98,0-1,Black,2326,<=5s vs <=5s
vm1GR3vQ,65,1-0,White,1020,<=5s vs <=5s
x92rfLMI,95,0-1,White,2574,<=5s vs 10-15s
6T18mfeF,72,0-1,Black,1775,<=5s vs 10-15s
E2f7VKuz,85,1-0,White,1500,<=5s vs <=5s
yIK3g5Wf,80,0-1,Black,1961,<=5s vs 15-20s
EGOkLXyG,86,0-1,Black,2201,<=5s vs 5-10s
d0utuVIc,75,1-0,White,2170,<=5s vs <=5s
lGprUmus,80,1-0,Black,1838,<=5s vs <=5s
gNc2geZw,55,1-0,White,1357,<=5s vs <=5s
KmFXbihm,90,0-1,Black,2076,<=5s vs 5-10s
81l754Ux,105,1-0,White,2434,<=5s vs 10-15s
iIsZHyeC,67,1-0,White,1593,<=5s vs 10-15s
8tmcO28j,65,1-0,White,1738,<=5s vs 15-20s
3xmHDkHf,85,1-0,White,2271,<=5s vs 10-15s
fbyN9fGs,73,1-0,White,1745,<=5s vs <=5s
8PhWfK52,116,0-1,Black,2667,<=5s vs <=5s
DBW9a6tq,89,0-1,White,1893,<=5s vs <=5s
0fUDmp9u,92,1-0,Black,1565,<=5s vs <=5s
9Mah1Ae9,132,0-1,Black,1622,<=5s vs <=5s
gG5rF6L5,129,0-1,White,2143,<=5s vs <=5s
VbFUhE5w,84,0-1,Black,1527,<=5s vs <=5s
iWlz361O,80,0-1,Black,1762,<=5s vs 5-10s
ds8OSRRP,86,0-1,Black,1924,<=5s vs <=5s
8seFN9tH,73,0-1,White,1939,<=5s vs <=5s
bF1l6XBZ,71,0-1,White,1665,<=5s vs <=5s
LzBHDaux,71,1-0,White,1293,<=5s vs 5-10s
AcxTL3Ga,73,1-0,White,1224,<=5s vs <=5s
YDapWScl,89,1-0,White,2239,<=5s vs <=5s
cJbfiuBo,75,1-0,White,2638,<=5s vs 5-10s
3G8VWtTe,75,0-1,White,1610,<=5s vs <=5s
E126Y2ZR,67,1-0,White,1959,<=5s vs 15-20s
EPwb6oYz,82,1-0,Black,2316,<=5s vs <=5s
jrjtmrYu,61,1-0,White,1219,<=5s vs <=5s
wBaHiDMq,86,0-1,Black,2548,<=5s vs 5-10s
GIbYr3md,64,0-1,Black,1441,<=5s vs <=5s
zECePzCo,102,1-0,Black,2176,<=5s vs <=5s
C9sHDzVf,63,0-1,White,1459,<=5s vs <=5s
iDmAdGXf,114,1-0,Black,1774,<=5s vs <=5s
PGC2L1d7,71,0-1,White,2050,<=5s vs <=5s
NjUzoBdc,84,1-0,Black,2354,<=5s vs <=5s
oNtomugs,89,0-1,White,1392,<=5s vs <=5s
h9T9h5n4,59,0-1,White,943,<=5s vs 10-15s
RYYlNaYF,79,1-0,White,2067,<=5s vs 5-10s
26KHiQXQ,63,1-0,White,1671,<=5s vs 10-15s
JEpQ4U6Y,96,0-1,Black,2515,<=5s vs <=5s
PWlzlAlg,102,1-0,Black,2078,<=5s vs <=5s
iT2luEkp,74,0-1,Black,1945,<=5s vs <=5s
FNcZuGke,64,0-1,Black,1336,<=5s vs 15-20s
7VA9tK7F,77,0-1,White,1849,<=5s vs <=5s
k2ELSuoV,176,1/2-1/2,Black,1907,<=5s vs <=5s
bftwbDbf,71,1-0,White,1952,<=5s vs 5-10s
50aUTQEK,97,1-0,White,1628,<=5s vs 5-10s
Oh8VLSiS,54,0-1,Black,1231,<=5s vs 15-20s
MILRpDb9,61,1-0,White,1308,<=5s vs <=5s
jIlKtaJh,73,1-0,White,1259,<=5s vs <=5s
6rI8rnvy,134,0-1,Black,1816,<=5s vs <=5s
6cpVoQap,65,1-0,White,1354,<=5s vs 10-15s
lnCuAlQP,84,0-1,Black,1347,<=5s vs <=5s
owzezvVi,85,1-0,White,1465,<=5s vs 5-10s
Tj5uHuVF,107,1-0,White,2500,<=5s vs 10-15s
QpwXnE27,73,1-0,White,1371,<=5s vs <=5s
SDS3E6n1,84,1-0,Black,1381,<=5s vs <=5s
rJen9CKl,83,1-0,White,2005,<=5s vs <=5s
UNUj8xh0,57,1-0,White,1597,<=5s vs 5-10s
uxTTRLug,97,1-0,White,2008,<=5s vs <=5s
IZsADUIz,52,0-1,Black,1176,<=5s vs 5-10s
44nnpMu5,81,0-1,White,2268,<=5s vs 5-10s
DpNRoiWq,85,1-0,White,2478,<=5s vs 5-10s
7Ptmxn9k,94,0-1,Black,1607,<=5s vs 5-10s
lChdlGoE,79,1-0,White,1715,<=5s vs 5-10s
6tlwVMLZ,85,1-0,White,1863,<=5s vs <=5s
Fc6aPT0V,111,0-1,White,2598,<=5s vs <=5s
ICk9BmTC,105,1-0,White,2339,<=5s vs 5-10s
1EP2pZY3,91,1-0,White,2209,<=5s vs <=5s
NyCpMziz,71,0-1,White,1981,<=5s vs <=5s
aXEVbwVZ,79,0-1,White,2412,<=5s vs 5-10s
5il47Qvo,92,0-1,Black,2375,<=5s vs 5-10s
1YLTxOEe,58,0-1,Black,1213,<=5s vs <=5s
KlmDGLvw,62,0-1,Black,1018,<=5s vs <=5s
TggXmixs,86,0-1,Black,2260,<=5s vs 10-15s
CEMuXpx3,97,1-0,White,2466,<=5s vs <=5s
92yLAF82,87,0-1,White,2439,<=5s vs <=5s
bZKmMy69,68,0-1,Black,1260,<=5s vs 10-15s
PV4mANvQ,68,0-1,Black,1954,<=5s vs 10-15s
5qQtxPge,62,0-1,Black,935,<=5s vs 15-20s
CagGPnxq,80,0-1,Black,2515,<=5s vs 5-10s
2h8gBvGD,75,1-0,White,2364,<=5s vs <=5s
GLwKPV0c,135,1-0,White,2476,<=5s vs <=5s
1KubDM2S,84,0-1,Black,2084,<=5s vs 10-15s
OtGHyWWO,93,1-0,White,2318,<=5s vs 5-10s
T4taFYHt,97,1-0,White,2570,<=5s vs <=5s
wujyTdQF,59,1-0,White,1754,<=5s vs 5-10s
2p2GHiYW,86,0-1,Black,2183,<=5s vs 5-10s
XYATZQzE,57,0-1,White,1491,<=5s vs <=5s
5AytiQbh,64,1-0,Black,1488,<=5s vs <=5s
K30Uk2Qp,57,1-0,White,1762,<=5s vs <=5s
RHjZkXu3,130,0-1,Black,2236,<=5s vs <=5s
FhkGP0hZ,73,0-1,White,2224,<=5s vs <=5s
cfk4aswc,57,1-0,White,1581,<=5s vs <=5s
cn69SLz3,69,1-0,White,1450,<=5s vs 15-20s
jt8NHOgA,48,0-1,Black,1408,<=5s vs <=5s
C0TDhIyR,211,0-1,White,2658,<=5s vs <=5s
01rxmeKC,108,0-1,Black,2127,<=5s vs 5-10s
eodUTvxn,75,1-0,White,2258,<=5s vs 10-15s
sKWUn2PX,121,0-1,White,2546,<=5s vs <=5s
FDzgnoXK,152,0-1,Black,2316,<=5s vs <=5s
Vw02mecr,69,1-0,White,1673,<=5s vs 15-20s
UKWImQu3,75,0-1,White,1284,<=5s vs <=5s
g6FR2NB3,51,1-0,White,976,<=5s vs 5-10s
DAxUf1Js,84,1-0,Black,1333,<=5s vs <=5s
5LkVAU7B,48,0-1,Black,1689,<=5s vs <=5s
K8HKg8cS,98,1-0,Black,2102,<=5s vs <=5s
wOdVKMgD,82,0-1,Black,1794,<=5s vs 5-10s
eoc6beZv,129,0-1,White,1944,<=5s vs <=5s
DeBmDcav,70,0-1,Black,2475,<=5s vs 5-10s
cO5HQ81N,71,1-0,White,1529,<=5s vs 5-10s
XHQLJiDt,128,0-1,Black,2182,<=5s vs <=5s
DnRr6lpA,61,1-0,White,2475,<=5s vs 10-15s
pjKBB38f,95,0-1,White,2600,<=5s vs <=5s
1F5ERMDO,96,0-1,Black,2324,<=5s vs <=5s
swvA6b7e,86,0-1,Black,2251,<=5s vs 5-10s
GnlIX4NC,98,0-1,Black,1684,<=5s vs <=5s
GxNtkGha,86,0-1,Black,1455,<=5s vs <=5s
U9UaHEAE,51,1-0,White,1897,<=5s vs 5-10s
8RDRIIJv,103,1-0,White,2315,<=5s vs <=5s
Ys6CM17M,116,1/2-1/2,Black,2112,<=5s vs <=5s
KIdoaBH9,57,1-0,White,1373,<=5s vs 15-20s
mRX97vAE,108,0-1,Black,2275,<=5s vs 5-10s
Yw8HvpY5,77,1-0,White,1706,<=5s vs 5-10s
TdL6YdEX,83,0-1,White,1918,<=5s vs <=5s
DXk8YD2Z,64,1-0,Black,2180,<=5s vs <=5s
ZKZvorQv,86,1/2-1/2,Black,1895,<=5s vs 10-15s
iyogPuXW,35,0-1,White,904,<=5s vs 10-15s
hDNCdBES,49,1-0,White,1044,<=5s vs 15-20s
CRmfMiom,61,1-0,White,1450,<=5s vs 5-10s
7dYeWZhu,66,1-0,Black,1174,<=5s vs <=5s
VW6SUrIJ,94,1-0,Black,2328,<=5s vs <=5s
2zkZPL0G,98,1/2-1/2,Black,1742,<=5s vs <=5s
AiKOJRsW,65,0-1,White,2140,<=5s vs <=5s
rzhHfO4e,54,0-1,Black,1275,<=5s vs <=5s
7yZm2wGU,63,0-1,White,1398,<=5s vs <=5s
jBAhNAFt,101,0-1,White,1867,<=5s vs <=5s
tAsuB7Bz,78,0-1,Black,2055,<=5s vs <=5s
FbPUHB7s,107,1/2-1/2,White,2340,<=5s vs <=5s
tKSWmebf,78,1-0,Black,2177,<=5s vs 5-10s
uwPf9U9h,49,1-0,White,783,<=5s vs 10-15s
yyEEfdal,56,0-1,Black,1178,<=5s vs <=5s
SxXhmOar,151,1-0,White,2462,<=5s vs 5-10s
iGQshTnz,47,0-1,White,1512,<=5s vs <=5s
bV0wLF7U,130,1-0,Black,2097,<=5s vs <=5s
4BRTYT8a,65,1-0,White,807,<=5s vs <=5s
KGJAFWvM,74,0-1,Black,2578,<=5s vs <=5s
9raQub16,48,0-1,Black,977,<=5s vs 10-15s
XsXYVceL,90,0-1,Black,2626,<=5s vs 10-15s
BELEfqbx,89,1-0,White,1996,<=5s vs 10-15s
5lJEB1yv,118,0-1,Black,2447,<=5s vs <=5s
GDA3rOhD,78,0-1,Black,2141,<=5s vs <=5s
cnZPsqr1,50,0-1,Black,1888,<=5s vs 10-15s
DGMA9t5t,63,1-0,White,1304,<=5s vs 10-15s
EmJuTn4t,67,1-0,White,1699,<=5s vs <=5s
QStsWBc9,124,0-1,Black,2317,<=5s vs <=5s
0cPsgRc4,95,1-0,White,2259,<=5s vs 5-10s
Ffo8m21w,92,0-1,Black,2159,<=5s vs 5-10s
WDUhH3K0,65,1-0,White,2363,<=5s vs 5-10s
PTeK3yHr,76,0-1,Black,1357,<=5s vs 5-10s
8uASkQhZ,84,0-1,Black,1780,<=5s vs <=5s
8PKqulYx,91,0-1,White,2080,<=5s vs <=5s
54m9pRwe,96,0-1,Black,1940,<=5s vs 5-10s
Da8o02Qv,88,0-1,Black,2237,<=5s vs 5-10s
3la4NJ4F,58,0-1,Black,961,<=5s vs <=5s
cruho4Ke,56,0-1,Black,1914,<=5s vs 5-10s
LJ6xT21B,103,1-0,White,1918,<=5s vs 5-10s
k1Db8p2h,85,1-0,White,2560,<=5s vs <=5s
FNsXQm7f,70,0-1,Black,1871,<=5s vs <=5s
6JRN3cbv,92,0-1,Black,1972,<=5s vs <=5s
7fMSwIOz,76,0-1,Black,2291,<=5s vs 10-15s
df0k6FWq,58,1-0,Black,777,<=5s vs <=5s
UxSqocgv,85,1-0,White,2220,<=5s vs <=5s
gb2rz6Ht,38,0-1,Black,748,<=5s vs 15-20s
1kxEvqK6,98,1-0,Black,2204,<=5s vs <=5s
HUWuFPEm,78,0-1,Black,2224,<=5s vs <=5s
RHcG376D,42,0-1,Black,1243,<=5s vs 15-20s
BpgDeq9d,73,0-1,White,1861,<=5s vs <=5s
CUY0Nqjv,114,0-1,Black,2556,<=5s vs <=5s
6bscejFg,99,1-0,White,2033,<=5s vs 10-15s
BX2Oz4gA,79,1/2-1/2,White,2491,<=5s vs 10-15s
PsYyTaE7,103,1-0,White,2252,<=5s vs <=5s
RZUnVXhU,74,0-1,Black,1568,<=5s vs 5-10s
6ySmWbcd,102,0-1,Black,2034,<=5s vs 5-10s
30a8YSNE,82,0-1,Black,1929,<=5s vs <=5s
40fS3mRR,53,1-0,White,1536,<=5s vs 15-20s
kqnRt1Gj,98,0-1,Black,1836,<=5s vs <=5s
9muanb1c,50,0-1,Black,1173,<=5s vs 5-10s
940i9BRA,91,1-0,White,1646,<=5s vs <=5s
c9ZnUswl,81,0-1,White,2114,<=5s vs <=5s
UmGaVTLE,99,1-0,White,2413,<=5s vs 10-15s
cAB7rjyy,56,0-1,Black,2496,<=5s vs <=5s
TFTAOrM9,107,1-0,White,2432,<=5s vs <=5s
9wZYff6l,87,0-1,White,1900,<=5s vs <=5s
0M9ihLEJ,101,0-1,White,2681,<=5s vs <=5s
MCYIgzpO,94,0-1,Black,1381,<=5s vs <=5s
KztKCjsB,124,0-1,Black,2289,<=5s vs <=5s
QixUzkig,90,1-0,Black,2222,<=5s vs <=5s
6syrKKGk,116,1-0,Black,2384,<=5s vs <=5s
P1cE8sfK,117,1-0,White,2661,<=5s vs <=5s
PeM2tYga,57,1-0,White,2174,<=5s vs <=5s
OlCpDfMw,84,0-1,Black,2005,<=5s vs 15-20s
x6jhhcq9,130,1-0,Black,2682,<=5s vs <=5s
vEgVeqeA,87,0-1,White,2278,<=5s vs <=5s
H8GwSFPx,90,0-1,Black,2505,<=5s vs 5-10s
SMImNIbY,122,0-1,Black,1931,<=5s vs <=5s
WtiXqIF1,146,0-1,Black,1857,<=5s vs 15-20s
CkYjfxeb,86,1-0,Black,2130,<=5s vs <=5s
C4tNyGHQ,78,0-1,Black,1708,<=5s vs <=5s
fI9novbO,64,1-0,Black,1767,<=5s vs <=5s
XjwawDCZ,111,1-0,White,2617,<=5s vs <=5s
plUhl558,102,1-0,Black,2260,<=5s vs <=5s
AIqwsuFJ,116,1-0,Black,1727,<=5s vs <=5s
NFSGt4U1,60,0-1,Black,1346,<=5s vs <=5s
guM8VaJv,86,0-1,Black,2663,<=5s vs 10-15s
26ij1oWf,33,1-0,White,1042,<=5s vs 10-15s
S2mxpAfn,88,1-0,Black,1370,<=5s vs 5-10s
5ligP6pj,76,1-0,Black,1825,<=5s vs <=5s
KhXKH9gg,64,1-0,Black,1506,<=5s vs <=5s
C3fqDjgN,68,0-1,Black,1374,<=5s vs 5-10s
8OpHcHgb,90,0-1,Black,962,<=5s vs 5-10s
B4cUaxNq,99,1-0,White,2270,<=5s vs <=5s
nnhMSQ2R,91,1-0,White,2253,<=5s vs <=5s
NYAwwYuz,82,0-1,Black,1373,<=5s vs <=5s
vBvmgcTw,103,0-1,White,2283,<=5s vs <=5s
SGG3cNBP,102,1-0,Black,2391,<=5s vs <=5s
9cmIcb0U,59,1-0,White,1906,<=5s vs 10-15s
benDJVFU,91,1-0,White,2532,<=5s vs <=5s
H34WNumk,71,1-0,White,1836,<=5s vs <=5s
Au1ITx8u,96,1-0,Black,1927,<=5s vs <=5s
A2xdStb0,102,0-1,Black,2176,<=5s vs <=5s
79BGq02E,80,0-1,Black,2266,<=5s vs 10-15s
U7Ic12hX,87,0-1,White,2171,<=5s vs <=5s
U3HP0Xjg,91,1-0,White,2373,<=5s vs 5-10s
CsNFXqyw,64,0-1,Black,2201,<=5s vs 5-10s
VIbo5RMQ,72,1-0,Black,1987,<=5s vs <=5s
kEQmB1ls,44,0-1,Black,887,<=5s vs 10-15s
MHRhGczE,95,1-0,White,2451,<=5s vs 10-15s
t7nu3h4F,52,0-1,Black,886,<=5s vs 10-15s
qZI8mQX0,107,1-0,White,2566,<=5s vs 5-10s
chOsGXKE,115,1-0,White,2719,<=5s vs <=5s
VuOApxoI,53,1-0,White,1532,<=5s vs 15-20s
N0AaP2KD,52,0-1,Black,1807,<=5s vs 15-20s
ZgMvwuZd,75,1-0,White,2437,<=5s vs 5-10s
0ikkL8qt,61,1-0,White,1848,<=5s vs <=5s
Hql4UUtA,119,0-1,White,3075,<=5s vs 5-10s
kKv8362k,62,0-1,Black,1153,<=5s vs 5-10s
IpqFoJU3,97,0-1,White,2333,<=5s vs 5-10s
qIMtpbzd,72,0-1,Black,912,<=5s vs <=5s
6jz6a1dF,135,1-0,White,2393,<=5s vs <=5s
OdsuTRaG,67,1-0,White,1958,<=5s vs <=5s
I0yJBYDK,87,1-0,White,1758,<=5s vs <=5s
lLmRQK0T,108,0-1,Black,2376,<=5s vs <=5s
BctN7Vwb,104,0-1,Black,1926,<=5s vs <=5s
Q0NXHg2R,40,0-1,Black,819,<=5s vs <=5s
ICaRNPq0,94,1-0,Black,1691,<=5s vs <=5s
al1ZWJOq,63,1-0,White,1596,<=5s vs <=5s
GWhVnTF8,64,0-1,Black,2061,<=5s vs 15-20s
Ma35YqJt,57,1-0,White,1076,<=5s vs <=5s
c4bqAJ5f,151,1/2-1/2,White,2217,<=5s vs <=5s
Cb58ejPL,81,0-1,White,1337,<=5s vs 5-10s
8UPzJSVi,70,0-1,Black,1340,<=5s vs <=5s
fe3MsixY,97,0-1,White,2014,<=5s vs <=5s
eh6G3kX1,57,1-0,White,1553,<=5s vs <=5s
iO0QuyxT,59,0-1,White,1574,<=5s vs 10-15s
j2eBrFwr,74,0-1,Black,1602,<=5s vs <=5s
9JIq8HWk,60,0-1,Black,1588,<=5s vs <=5s
tZoZRVuP,107,1-0,White,2495,<=5s vs <=5s
9h7Q9AI1,67,1-0,White,1189,<=5s vs <=5s
VH32oSQb,46,0-1,Black,1076,<=5s vs 5-10s
83onulNH,40,0-1,Black,1120,<=5s vs 10-15s
PdaFniuS,73,1-0,White,1257,<=5s vs 5-10s
eeTa0KxJ,83,1-0,White,1344,<=5s vs 15-20s
E59LOVmH,69,1-0,White,896,<=5s vs <=5s
yTLOQZYr,123,1-0,White,2022,<=5s vs <=5s
EcBD3S2g,70,0-1,Black,1975,<=5s vs 5-10s
cDSmEQXc,84,0-1,Black,1101,<=5s vs <=5s
Fqy5MNpF,72,0-1,Black,2224,<=5s vs <=5s
7Uzse4vW,68,0-1,Black,1383,<=5s vs 5-10s
0ifWYXmQ,83,1-0,White,2079,<=5s vs 10-15s
BNcci4tY,86,0-1,Black,2399,<=5s vs 5-10s
fFYrqCWu,111,1-0,White,1834,<=5s vs 10-15s
amMlyL7Y,85,1-0,White,1564,<=5s vs 5-10s
W1vuVNtH,127,0-1,White,2629,<=5s vs <=5s
zH6yybJl,101,0-1,White,2315,<=5s vs <=5s
gq1Qm1xb,37,0-1,White,1007,<=5s vs 5-10s
MuAjcA3l,122,1-0,Black,2378,<=5s vs <=5s
4zWP5Yde,107,0-1,White,2433,<=5s vs <=5s
k9OVirsW,107,1-0,White,1937,<=5s vs 5-10s
LNlJVdz2,82,0-1,Black,2438,<=5s vs 5-10s
NLKEhMPT,101,0-1,White,1826,<=5s vs <=5s
BIiJydxb,56,0-1,Black,1541,<=5s vs 5-10s
wfx37JLq,56,0-1,Black,867,<=5s vs 10-15s
fjMT6RvT,102,0-1,Black,1930,<=5s vs 10-15s
Jex0u7x1,77,1-0,White,1107,<=5s vs <=5s
YN7PQIke,65,0-1,White,2387,<=5s vs <=5s
U1vLQYgb,102,1-0,Black,2501,<=5s vs <=5s
2WfXOIcy,33,1-0,White,2618,<=5s vs 15-20s
EjvZY23g,93,0-1,White,2558,<=5s vs <=5s
vH8gbzuN,91,0-1,White,1958,<=5s vs <=5s
WVhAf2LG,76,0-1,Black,1747,<=5s vs 10-15s
5V5B47JK,71,1-0,White,1421,<=5s vs <=5s
jPHnlIpg,116,0-1,Black,2078,<=5s vs <=5s
OKppEWq9,155,0-1,White,3087,<=5s vs <=5s
SG2IoNU4,67,1-0,White,1061,<=5s vs 5-10s
HMSrCc0K,88,0-1,Black,2162,<=5s vs 5-10s
Cimw19aM,102,0-1,Black,2141,<=5s vs <=5s
Yp3RiX2s,133,1-0,White,2642,<=5s vs 5-10s
4lWCsYdR,87,1-0,White,2166,<=5s vs 5-10s
PWioeJtc,59,1-0,White,1839,<=5s vs 5-10s
VeifvwTO,80,1-0,Black,1717,<=5s vs <=5s
ClvplV8Z,143,1-0,White,2293,<=5s vs <=5s
GOfhKLrC,103,1-0,White,2466,<=5s vs <=5s
a3mvEu0V,85,1-0,White,1582,<=5s vs 5-10s
19Y5JQes,91,1-0,White,2096,<=5s vs 10-15s
9TC59zXC,114,1-0,Black,2451,<=5s vs <=5s
1ExS7svq,86,0-1,Black,2275,<=5s vs <=5s
5GI9MTVD,88,0-1,Black,2490,<=5s vs <=5s
F42qFVV5,85,1-0,White,2202,<=5s vs <=5s
BY0y7X6L,167,0-1,White,2478,<=5s vs <=5s
ntT2DONf,85,1-0,White,1516,<=5s vs 5-10s
ZEFChDfi,75,0-1,White,2414,<=5s vs <=5s
ofQ1UUky,100,1-0,Black,1309,<=5s vs <=5s
SF1HYcG5,100,0-1,Black,1629,<=5s vs <=5s
3qLt0tls,110,0-1,Black,2027,<=5s vs <=5s
IIYxgEdl,75,1-0,White,2255,<=5s vs 10-15s
dmTqBvTN,31,1-0,White,880,<=5s vs 5-10s
XXiIEPe8,91,0-1,White,1580,<=5s vs <=5s
rFZslGQo,88,0-1,Black,2062,<=5s vs <=5s
JJ81PGtm,60,0-1,Black,1706,<=5s vs 10-15s
HcEDSUMy,85,1/2-1/2,White,2290,<=5s vs 5-10s
vm3JaSVo,123,0-1,White,2548,<=5s vs <=5s
eGJWd7cS,61,0-1,White,2287,<=5s vs <=5s
BbZVoP6X,91,1-0,White,1443,<=5s vs <=5s
82tumG5R,59,1-0,White,2026,<=5s vs <=5s
nTHx6EOB,79,1-0,White,2366,<=5s vs 10-15s
u8qKCWKE,79,0-1,White,1575,<=5s vs <=5s
XF0J47J0,74,1/2-1/2,Black,1476,<=5s vs 5-10s
9vRemYHZ,68,0-1,Black,1051,<=5s vs <=5s
d7WR1PGP,52,1/2-1/2,Black,1581,<=5s vs 5-10s
KPHPrGdC,82,0-1,Black,2278,<=5s vs 5-10s
MO44rryQ,110,1-0,Black,2300,<=5s vs <=5s
mFEQEVWj,65,1-0,White,2222,<=5s vs 5-10s
xEHLUzyI,71,0-1,White,1310,<=5s vs <=5s
YfgC4bCx,82,1-0,Black,1841,<=5s vs <=5s
FdKDRBq1,60,0-1,Black,1926,<=5s vs 5-10s
sBqqawHa,78,0-1,Black,1301,<=5s vs 5-10s
RkqqkUTC,85,1-0,White,1910,<=5s vs 5-10s
rA2UL2AG,50,0-1,Black,1219,<=5s vs 10-15s
D9qYMXvg,54,0-1,Black,1740,<=5s vs 5-10s
uUxLLNZ7,124,0-1,Black,1796,<=5s vs 15-20s
P4axSVmx,102,1-0,Black,2077,<=5s vs <=5s
cYrZQjSG,82,1-0,Black,2401,<=5s vs <=5s
BUqL0RuJ,99,1-0,White,1655,<=5s vs 10-15s
SvKfMdlf,30,0-1,Black,935,<=5s vs <=5s
EnoA2vqB,62,1-0,Black,1783,<=5s vs <=5s
G4G4lvtl,80,1-0,Black,2256,<=5s vs <=5s
PW9MftEU,88,0-1,Black,2467,<=5s vs <=5s
RirjvQlz,58,0-1,Black,2259,<=5s vs 10-15s
yapuzlxs,57,1-0,White,2353,<=5s vs 15-20s
ZDnvVv0B,100,1-0,Black,2455,<=5s vs <=5s
0zfoaDZh,126,0-1,Black,2419,<=5s vs <=5s
PBoVcETj,123,1/2-1/2,White,1890,<=5s vs 5-10s
TDqlKzRZ,100,0-1,Black,2258,<=5s vs <=5s
Rzt7LjF3,83,1-0,White,2120,<=5s vs <=5s
0BmllaMR,85,0-1,White,2162,<=5s vs <=5s
prsngdpE,103,0-1,White,2280,<=5s vs 5-10s
StspQJLk,93,1-0,White,1647,<=5s vs <=5s
1PTmfyxZ,61,1-0,White,1437,<=5s vs 10-15s
J8CTqxhX,89,0-1,White,2319,<=5s vs <=5s
WOJQj4tg,88,0-1,Black,1740,<=5s vs 5-10s
mCx1aka6,127,0-1,White,2359,<=5s vs <=5s
h7H83vS0,78,1-0,Black,1702,<=5s vs <=5s
AaLKd6vm,61,1-0,White,1671,<=5s vs <=5s
0oTB4pae,93,1-0,White,1646,<=5s vs <=5s
HFnKvehp,84,0-1,Black,2001,<=5s vs <=5s
AtBdGgCe,74,1/2-1/2,Black,2368,<=5s vs 5-10s
VZGuuLwe,73,1-0,White,1595,<=5s vs 5-10s
vbstBmv9,76,1-0,Black,2192,<=5s vs <=5s
vlvVWmy5,63,1-0,White,1224,<=5s vs <=5s
dNtcX1mu,61,1-0,White,1203,<=5s vs 15-20s
wRzQ5NBS,90,0-1,Black,1502,<=5s vs <=5s
H5V8HR0A,54,1-0,Black,2269,<=5s vs <=5s
ii7UIINz,139,0-1,White,2513,<=5s vs <=5s
mQND4iwA,54,0-1,Black,1390,<=5s vs 15-20s
rp5w4Rov,56,0-1,Black,1514,<=5s vs 15-20s
IdzC5j8x,95,1-0,White,1507,<=5s vs <=5s
ANPSe7tN,81,0-1,White,2303,<=5s vs <=5s
F8LVu06x,60,0-1,Black,1663,<=5s vs 15-20s
Ro0byTLa,76,1/2-1/2,Black,2544,<=5s vs 10-15s
6oQFIFnH,98,1-0,Black,2050,<=5s vs <=5s
tp2PUqlY,109,1-0,White,2108,<=5s vs <=5s
Yxooipxe,81,0-1,White,1272,<=5s vs <=5s
c2MCEydp,116,0-1,Black,2320,<=5s vs 5-10s
RBGaDw5b,60,0-1,Black,1249,<=5s vs 15-20s
F1Sc8UBb,65,1-0,White,1287,<=5s vs 5-10s
CRlDx9IX,93,0-1,White,1843,<=5s vs <=5s
SVOiggAH,81,0-1,White,2487,<=5s vs <=5s
74h4IP2s,100,0-1,Black,1841,<=5s vs <=5s
P8C3ckoF,101,0-1,White,2202,<=5s vs <=5s
7vO7bVmD,87,1/2-1/2,White,2419,<=5s vs 5-10s
jVB3z9Gh,66,0-1,Black,1309,<=5s vs 10-15s
8xriFAxV,80,1-0,Black,2251,<=5s vs <=5s
4A9rh1vw,63,1-0,White,1937,<=5s vs 5-10s
VRASTeiu,91,1-0,White,2454,<=5s vs 15-20s
CzghiUjF,60,0-1,Black,1185,<=5s vs <=5s
brVfuUEv,94,1-0,Black,2467,<=5s vs 5-10s
pMGAGMRP,79,0-1,White,1807,<=5s vs <=5s
C34VQ94s,73,1-0,White,1507,<=5s vs 5-10s
WYKcgAtK,61,1-0,White,2195,<=5s vs 15-20s
gUfTNZeV,100,0-1,Black,1532,<=5s vs 10-15s
GZvCAPMb,38,0-1,Black,1736,<=5s vs 5-10s
B5LdQbad,107,1-0,White,2479,<=5s vs <=5s
y8DFUGhw,65,1-0,White,1377,<=5s vs 15-20s
8M99ZTKR,51,0-1,White,1028,<=5s vs <=5s
HhgkavDv,79,1-0,White,1705,<=5s vs 5-10s
zboNXF0X,84,0-1,Black,1801,<=5s vs 10-15s
EVwk1aXt,43,0-1,White,1027,<=5s vs 5-10s
XWlLF69a,91,0-1,White,1819,<=5s vs <=5s
4IWuq2Oe,42,0-1,Black,901,<=5s vs <=5s
tdaJGx9K,34,0-1,Black,601,<=5s vs 15-20s
ovjuO05y,117,1-0,White,2040,<=5s vs 5-10s
Pe5bcACK,46,1-0,Black,1189,<=5s vs 5-10s
T3lc2Qat,103,1-0,White,2395,<=5s vs <=5s
FOZmIJUF,88,0-1,Black,2200,<=5s vs 5-10s
O1o7oLZa,100,1-0,Black,2293,<=5s vs <=5s
XOSHjl65,108,0-1,Black,2408,<=5s vs 10-15s
CSl4uWIt,75,1-0,White,2421,<=5s vs <=5s
Dq6RXEwA,73,0-1,White,1739,<=5s vs <=5s
AzNcApWS,73,1-0,White,1713,<=5s vs 10-15s
Aa7il06u,61,1-0,White,1694,<=5s vs 15-20s
YQ9fEnVh,101,0-1,White,2603,<=5s vs <=5s
NOMBRPIa,109,1-0,White,2100,<=5s vs 5-10s
IOkYJgcN,143,1-0,White,2076,<=5s vs <=5s
ATBHsNlM,69,1-0,White,1945,<=5s vs <=5s
MkAyNKEH,70,0-1,Black,1662,<=5s vs 5-10s
JehSz6LY,78,0-1,Black,2360,<=5s vs 10-15s
WGoHueo0,77,1-0,White,1301,<=5s vs 5-10s
wncAn78P,85,1-0,White,2233,<=5s vs 5-10s
N7HB220y,130,1-0,Black,2243,<=5s vs <=5s
cHp8a4T8,76,1-0,Black,1768,<=5s vs <=5s
CZ7t232O,98,1/2-1/2,Black,1644,<=5s vs 5-10s
2JGCnIeC,69,1-0,White,2080,<=5s vs 10-15s
z5SEl1Wg,71,0-1,White,2104,<=5s vs <=5s
pJPBahN1,80,0-1,Black,1279,<=5s vs 15-20s
z2ZpJ9R7,117,1-0,White,1879,<=5s vs 10-15s
eoXVoOyJ,68,0-1,Black,1680,<=5s vs 15-20s
PAE8XMSd,61,0-1,White,2213,<=5s vs <=5s
ChhQ40Gf,74,0-1,Black,1754,<=5s vs 5-10s
EfQ1DX71,36,0-1,Black,540,<=5s vs 5-10s
aAFXudUz,74,0-1,Black,746,<=5s vs 10-15s
dMy68P7e,107,1-0,White,2350,<=5s vs 10-15s
aygL3nmR,124,0-1,Black,2565,<=5s vs <=5s
Kc7OIB50,79,1-0,White,2046,<=5s vs 10-15s
29Em7lzq,92,0-1,Black,2103,<=5s vs <=5s
EHHaEVei,97,1/2-1/2,White,2301,<=5s vs <=5s
hDsiFJUe,72,0-1,Black,1792,<=5s vs <=5s
FTj9bbo6,83,0-1,White,1821,<=5s vs <=5s
jUV6DIxg,75,1-0,White,1360,<=5s vs <=5s
8vZBMYYT,77,1-0,White,2162,<=5s vs 10-15s
tYYenNAA,101,1-0,White,1921,<=5s vs 15-20s
Ivtlib6C,79,1/2-1/2,White,2529,<=5s vs 10-15s
5EqtNVpb,123,0-1,White,2736,<=5s vs <=5s
2AOJEuVb,67,1-0,White,2089,<=5s vs 15-20s
BxKqwnLs,74,0-1,Black,1695,<=5s vs 5-10s
fYIr3uqJ,83,0-1,White,2252,<=5s vs <=5s
gzz2oqvg,87,0-1,White,1870,<=5s vs <=5s
fVLNVlAk,62,1-0,Black,1996,<=5s vs <=5s
XNGlJ5ju,120,0-1,Black,2321,<=5s vs <=5s
NdtXTfCB,55,1-0,White,1484,<=5s vs 10-15s
SREQQ0mc,94,1-0,Black,1951,<=5s vs <=5s
hGERfdN8,76,0-1,Black,2104,<=5s vs <=5s
C6zANPbA,89,1-0,White,1522,<=5s vs <=5s
sKJj4Sqv,79,0-1,White,1950,<=5s vs <=5s
mGb1OWsu,56,1-0,Black,956,<=5s vs <=5s
sbb8W8iR,166,1-0,Black,2284,<=5s vs <=5s
GI5SzcQs,63,1-0,White,1512,<=5s vs 5-10s
xWA5xnNX,104,0-1,Black,2081,<=5s vs 5-10s
7hoXv5cA,104,0-1,Black,2053,<=5s vs 5-10s
NiftcvTt,74,0-1,Black,2062,<=5s vs <=5s
No6tNmCx,85,1-0,White,1994,<=5s vs <=5s
CeA6THaH,108,0-1,Black,2227,<=5s vs <=5s
2lgU6IQK,45,1-0,White,1187,<=5s vs 15-20s
IcGl7vbf,139,1-0,White,2705,<=5s vs <=5s
dZsBazBM,82,0-1,Black,2392,<=5s vs 15-20s
3n7lZD4e,90,1-0,Black,2126,<=5s vs 15-20s
5vJj7BAa,71,0-1,White,1915,<=5s vs 5-10s
2TETdIUg,68,0-1,Black,1976,<=5s vs 15-20s
8fk5suuK,65,1-0,White,1497,<=5s vs 5-10s
CscPxFlC,79,1-0,White,2481,<=5s vs 10-15s
VWU5Iul4,66,0-1,Black,2148,<=5s vs 15-20s
hw0H6HR3,67,1-0,White,1524,<=5s vs 5-10s
ldMbwacA,69,1-0,White,1765,<=5s vs 10-15s
BntSjuVV,77,0-1,White,1935,<=5s vs <=5s
Azl81nBR,57,1-0,White,1069,<=5s vs 15-20s
qy6NBwWM,65,1-0,White,1257,<=5s vs <=5s
ZPmUI2gf,59,1-0,White,1490,<=5s vs 10-15s
raURyKRp,82,0-1,Black,2050,<=5s vs 15-20s
G0bmpTBx,111,1-0,White,2379,<=5s vs <=5s
WBHOyN5q,89,1-0,White,2327,<=5s vs 5-10s
Ob3CXNYH,53,1-0,White,1583,<=5s vs 5-10s
mrSuq14F,71,1-0,White,1295,<=5s vs <=5s
FedVGcj8,95,0-1,White,2237,<=5s vs <=5s
a1GfOPed,56,0-1,Black,838,<=5s vs <=5s
FQAw5DhU,134,0-1,Black,2776,<=5s vs 10-15s
RAiNhX1A,130,1-0,Black,2179,<=5s vs <=5s
WjKxBrZQ,96,0-1,Black,1814,<=5s vs <=5s
aMbfU4x0,81,0-1,White,1874,<=5s vs <=5s
nofKiGN1,117,1-0,White,2425,<=5s vs <=5s
VeLTAJYd,56,1-0,Black,1378,<=5s vs <=5s
E56dXUDp,86,0-1,Black,2251,<=5s vs <=5s
MguIMgSy,71,0-1,White,1738,<=5s vs <=5s
uP8paCmo,55,0-1,White,1862,<=5s vs <=5s
W2GNDpon,92,1-0,Black,2493,<=5s vs <=5s
mI6OA3OP,93,1-0,White,2923,<=5s vs <=5s
lAzYX5jT,95,1-0,White,1737,<=5s vs <=5s
Ppq7WVWK,71,1-0,White,2351,<=5s vs 5-10s
2P3pqsF2,44,0-1,Black,1159,<=5s vs <=5s
s2A9ffBs,104,0-1,Black,1924,<=5s vs <=5s
MJnSv9Zz,87,1-0,White,2228,<=5s vs <=5s
z3HnzdTb,85,1-0,White,1942,<=5s vs 10-15s
TOA6XWJO,71,1-0,White,2381,<=5s vs <=5s
8iSMN4lB,92,0-1,Black,2359,<=5s vs <=5s
0N9e8GDH,93,1-0,White,1622,<=5s vs <=5s
C1nrG4X7,47,1-0,White,1505,<=5s vs <=5s
VJqgYHGn,84,0-1,Black,2368,<=5s vs <=5s
D5uvtpv7,49,1-0,White,1022,<=5s vs <=5s
bwXKpDPK,61,1-0,White,1189,<=5s vs 10-15s
DPKsQjJY,100,0-1,Black,2647,<=5s vs 5-10s
bn72kNjH,64,0-1,Black,1347,<=5s vs <=5s
KYdy5hqr,81,1-0,White,2449,<=5s vs 5-10s
G9x2hxxQ,70,0-1,Black,2059,<=5s vs <=5s
8LPBOSOX,95,0-1,White,1182,<=5s vs <=5s
yGI3vkyF,87,1-0,White,1338,<=5s vs 5-10s
6tSaqPZm,75,0-1,White,2536,<=5s vs <=5s
KEfTmigL,97,0-1,White,2132,<=5s vs <=5s
HLja3jUs,107,1-0,White,2194,<=5s vs <=5s
bmnACH3b,81,1-0,White,1747,<=5s vs 15-20s
NbGsoyiM,127,1-0,White,2487,<=5s vs <=5s
h8J4du2q,115,1-0,White,1771,<=5s vs 10-15s
zGZg8Ul2,91,1-0,White,2012,<=5s vs <=5s
C3NS0l3i,95,1-0,White,1773,<=5s vs 10-15s
OVCIOGKy,54,1-0,Black,1036,<=5s vs <=5s
dJ6V6SRx,80,0-1,Black,2318,<=5s vs 5-10s
iWLRNZR6,83,1-0,White,2455,<=5s vs <=5s
l79GgiUf,61,1-0,White,1250,<=5s vs 15-20s
EpwCXSDr,68,1-0,Black,1263,<=5s vs <=5s
41APwC0f,103,0-1,White,2516,<=5s vs <=5s
O10LJU0n,96,0-1,Black,2477,<=5s vs 5-10s
JsDE7gkc,66,0-1,Black,2154,<=5s vs 10-15s
uEXfYoV2,57,1-0,White,1121,<=5s vs <=5s
LcT1aPhk,77,1-0,White,1468,<=5s vs <=5s
480NDorO,79,1-0,White,1990,<=5s vs <=5s
U0Gls0MH,90,0-1,Black,1827,<=5s vs 5-10s
Lf0vjzxk,71,1-0,White,1766,<=5s vs 5-10s
wgWFFUTv,67,1-0,White,1688,<=5s vs <=5s
DNL01BBd,58,0-1,Black,1457,<=5s vs <=5s
RlLdCT9C,98,0-1,Black,1542,<=5s vs <=5s
gF8Lowlg,74,1-0,Black,1987,<=5s vs <=5s
RGl1ZNiI,111,1-0,White,2229,<=5s vs 5-10s
D40TMN4l,89,1-0,White,2690,<=5s vs 5-10s
yTv5WM7r,58,0-1,Black,1465,<=5s vs <=5s
3vddBD1J,154,1/2-1/2,Black,2098,<=5s vs <=5s
YLNubstU,131,0-1,White,2656,<=5s vs <=5s
0FtVZIqm,140,0-1,Black,2279,<=5s vs 5-10s
EL3Ap8Rb,55,1-0,White,1324,<=5s vs <=5s
rAnzBDGR,102,1/2-1/2,Black,2331,<=5s vs 5-10s
ND4OacdL,77,1-0,White,1302,<=5s vs 5-10s
vicQT2f0,75,1-0,White,1453,<=5s vs 5-10s
8uBIwR3y,101,1-0,White,2477,<=5s vs <=5s
04ZvD0qW,73,1-0,White,1727,<=5s vs 5-10s
CF74uSoV,113,1-0,White,2334,<=5s vs 5-10s
MTf31eMm,89,1-0,White,2217,<=5s vs <=5s
LQOdqXpV,92,0-1,Black,1986,<=5s vs <=5s
3v6GjetT,60,0-1,Black,1358,<=5s vs 5-10s
XzTAPdQZ,59,0-1,White,1585,<=5s vs <=5s
Ls8ctbJ4,81,1-0,White,1639,<=5s vs 10-15s
zuI8kYP1,57,1-0,White,1051,<=5s vs 5-10s
zCHH37VY,60,0-1,Black,1699,<=5s vs 10-15s
uYopmtAs,48,0-1,Black,1177,<=5s vs 5-10s
PgM6sqlM,108,0-1,Black,2592,<=5s vs <=5s
Df6GBYvn,128,0-1,Black,2778,<=5s vs 15-20s
yUDPoPjH,45,0-1,White,1758,<=5s vs 5-10s
todawnPx,79,1-0,White,2377,<=5s vs <=5s
DDSc1raX,129,0-1,White,1695,<=5s vs <=5s
6mdztk3G,76,0-1,Black,2021,<=5s vs 10-15s
Q4FYRRYi,103,1-0,White,1976,<=5s vs <=5s
0Zm3uKyG,113,1-0,White,2265,<=5s vs <=5s
UAx1D6Iv,132,1-0,Black,2284,<=5s vs <=5s
Fl7Jaxry,59,1-0,White,1220,<=5s vs 5-10s
qoBrmQbF,71,1-0,White,1440,<=5s vs <=5s
5OUvWscD,76,0-1,Black,1497,<=5s vs <=5s
CdNG6ENv,92,0-1,Black,2020,<=5s vs <=5s
Xoc0cyiF,110,0-1,Black,2794,<=5s vs <=5s
MEc2ydob,54,0-1,Black,1418,<=5s vs 5-10s
64lxkUAA,57,0-1,White,1664,<=5s vs <=5s
PfqlrgTh,110,0-1,Black,1239,<=5s vs <=5s
DTheWVmx,109,1-0,White,2181,<=5s vs 5-10s
MPTlTlp3,101,1-0,White,1545,<=5s vs <=5s
epgyXxJB,53,1-0,White,1250,<=5s vs 10-15s
CAFGqmtl,114,1-0,Black,2155,<=5s vs <=5s
wCUnqamU,74,0-1,Black,2336,<=5s vs 10-15s
T4t9uFCM,87,1-0,White,1563,<=5s vs <=5s
c9ifWeI5,115,1/2-1/2,White,2293,<=5s vs <=5s
twfVFCiY,53,1-0,White,1292,<=5s vs 5-10s
4VFmPmZP,78,0-1,Black,1704,<=5s vs <=5s
9Q4Y92e5,86,1-0,Black,2888,<=5s vs 5-10s
FaYs1cSV,139,1-0,White,2357,<=5s vs <=5s
BkheNDUr,97,1-0,White,2382,<=5s vs 5-10s
d4hWEGrO,88,0-1,Black,2348,<=5s vs 5-10s
XNKap8sQ,92,0-1,Black,1724,<=5s vs 10-15s
M2zO49ZT,85,1-0,White,1959,<=5s vs <=5s
VCEd8a5h,129,1-0,White,1883,<=5s vs <=5s
x5eZ6H0n,164,1-0,Black,2501,<=5s vs <=5s
ylwiimh9,72,0-1,Black,1921,<=5s vs 5-10s
XAvC3uUH,51,1-0,White,1341,<=5s vs 5-10s
tkJdvkHP,86,0-1,Black,1818,<=5s vs <=5s
XrnfU1I9,50,0-1,Black,1254,<=5s vs 15-20s
RbeEkPEG,119,1/2-1/2,White,2594,<=5s vs <=5s
ehDGIFyI,65,1-0,White,1711,<=5s vs <=5s
NFAXECN1,79,1-0,White,1812,<=5s vs 5-10s
59Un4RpA,63,1-0,White,1845,<=5s vs 5-10s
3jl3WV6h,123,0-1,White,2456,<=5s vs 5-10s
8AOUqQFd,71,1-0,White,1640,<=5s vs 5-10s
0DwvAJuF,123,0-1,White,2429,<=5s vs <=5s
QQRPosfP,54,0-1,Black,1742,<=5s vs 5-10s
ZMz2Na4C,90,0-1,Black,2139,<=5s vs <=5s
0TSmwdBe,77,0-1,White,2273,<=5s vs <=5s
Tsg01o1U,86,1-0,Black,1946,<=5s vs <=5s
5t44mja9,78,0-1,Black,2023,<=5s vs 15-20s
8qshzoKb,94,1-0,Black,1360,<=5s vs <=5s
9ZVMfDyi,73,1-0,White,1500,<=5s vs 5-10s
yHfoZehM,68,0-1,Black,1833,<=5s vs <=5s
DdJeqrqe,98,0-1,Black,1701,<=5s vs <=5s
oqVL2Liw,71,0-1,White,1226,<=5s vs <=5s
fZtHxkvG,101,0-1,White,1369,<=5s vs 5-10s
WdmBnePG,71,1-0,White,2217,<=5s vs 5-10s
aBJV7rKr,62,1-0,Black,1584,<=5s vs <=5s
NGWuD25d,57,1-0,White,1432,<=5s vs <=5s
RvT7K89V,62,0-1,Black,1853,<=5s vs <=5s
MxMEFQX4,97,1-0,White,2097,<=5s vs 5-10s
REsrwFZb,70,1-0,Black,2085,<=5s vs <=5s
i4yf352s,69,1-0,White,1731,<=5s vs 10-15s
O0pv4VEx,110,0-1,Black,2051,<=5s vs <=5s
U4LLr7rb,99,1-0,White,2186,<=5s vs <=5s
3SNAPWMI,59,1-0,White,1108,<=5s vs 5-10s
Cx6c11mr,83,0-1,White,1548,<=5s vs <=5s
0EhDSBf3,77,0-1,White,1242,<=5s vs <=5s
EOMlK1BT,100,1-0,Black,2566,<=5s vs <=5s
O4r8zMtN,132,1-0,Black,2369,<=5s vs <=5s
wO4P0dU0,121,0-1,White,2603,<=5s vs <=5s
mB6LT4NV,47,1-0,White,1016,<=5s vs <=5s
UJyzJvHU,73,0-1,White,1824,<=5s vs <=5s
p3uN0OuC,77,0-1,White,2210,<=5s vs <=5s
PjqIqem5,84,0-1,Black,1417,<=5s vs <=5s
J6DcH4Dq,57,1-0,White,1883,<=5s vs 5-10s
9pNxVlLj,83,1-0,White,2064,<=5s vs 5-10s
LKE75dBN,107,0-1,White,1947,<=5s vs 10-15s
DbzSM8b4,91,1-0,White,2455,<=5s vs 10-15s
YCDlTFSy,81,1-0,White,2119,<=5s vs <=5s
P4F8k27S,57,1-0,White,2360,<=5s vs 10-15s
bBVpdoRg,70,1-0,Black,1710,<=5s vs <=5s
4QIpNMF8,84,0-1,Black,1912,<=5s vs 5-10s
Bj7UDuVs,97,1-0,White,2331,<=5s vs 5-10s
P3FYfdn1,78,0-1,Black,2387,<=5s vs 5-10s
lii6EoW6,75,0-1,White,1617,<=5s vs <=5s
YXpT3uOA,58,0-1,Black,1664,<=5s vs <=5s
VY7buIWw,89,0-1,White,2379,<=5s vs <=5s
6gQSyObY,145,0-1,White,2190,<=5s vs 5-10s
FswgKSHd,67,1-0,White,2641,<=5s vs 15-20s
QWLBqS3t,129,1-0,White,2542,<=5s vs <=5s
hr4hdKjT,95,0-1,White,2626,<=5s vs <=5s
o2T5AlGI,100,0-1,Black,1989,<=5s vs 5-10s
tQW7nazR,62,0-1,Black,1229,<=5s vs 5-10s
YNyTVTbF,91,1-0,White,2295,<=5s vs 5-10s
Ic9vMxdQ,94,1-0,Black,1956,<=5s vs <=5s
tSnPAe0v,85,1-0,White,1579,<=5s vs 15-20s
bikBRNLf,71,0-1,White,1852,<=5s vs <=5s
AQJvaYQ5,85,1-0,White,2217,<=5s vs <=5s
BvSrRrci,115,1-0,White,2403,<=5s vs <=5s
A58Jdoz8,92,1-0,Black,2379,<=5s vs <=5s
pwFRxZjF,94,0-1,Black,2126,<=5s vs <=5s
Y9VQcfkT,59,0-1,White,2159,<=5s vs 15-20s
2WZXHfso,108,0-1,Black,3093,<=5s vs <=5s
ElupGFI1,128,0-1,Black,2216,<=5s vs <=5s
pJF5dPEN,63,1-0,White,1542,<=5s vs <=5s
YoNTTJ5X,75,1-0,White,2608,<=5s vs 10-15s
xImaVqPi,66,0-1,Black,1657,<=5s vs 5-10s
Ecd7tZkV,104,0-1,Black,2385,<=5s vs <=5s
Q6W31f4Q,43,1-0,White,1173,<=5s vs 5-10s
0hVJqBFA,91,1-0,White,2434,<=5s vs 5-10s
mPxgaIV4,89,0-1,White,2120,<=5s vs <=5s
IQLvDVoT,106,0-1,Black,2662,<=5s vs <=5s
Oqd610bY,86,1-0,Black,2119,<=5s vs <=5s
gimbKKpJ,74,1-0,Black,2151,<=5s vs <=5s
WpR2Y0go,69,1-0,White,1393,<=5s vs 5-10s
CwdfpijE,122,1-0,Black,2448,<=5s vs <=5s
0J8Xx10B,92,0-1,Black,2018,<=5s vs 10-15s
Vu3vmVgj,111,1-0,White,3091,<=5s vs <=5s
FwlavyBE,126,1-0,Black,2392,<=5s vs <=5s
NSaEWSZp,83,0-1,White,1854,<=5s vs <=5s
l79vR5mk,66,1-0,Black,1583,<=5s vs 5-10s
RTGzd3j1,85,0-1,White,1985,<=5s vs <=5s
7YbXD9UW,103,1-0,White,2398,<=5s vs <=5s
VxFTCsLo,76,0-1,Black,2074,<=5s vs <=5s
Koiku1pi,85,1-0,White,2139,<=5s vs 5-10s
W83nXRM4,74,0-1,Black,1297,<=5s vs 10-15s
BMxPlZ7Z,82,0-1,Black,1903,<=5s vs 10-15s
zFDEjQHC,93,1-0,White,2257,<=5s vs <=5s
LjycV9f1,83,1-0,White,1404,<=5s vs <=5s
JpO8FE7C,78,1-0,Black,1750,<=5s vs <=5s
O8Yhuw3A,82,0-1,Black,2105,<=5s vs 10-15s
DZcQsCVl,87,1-0,White,1541,<=5s vs 5-10s
FYDGq6Uw,86,1-0,Black,1820,<=5s vs <=5s
YLB3Pazv,121,1-0,White,2214,<=5s vs 15-20s
UBEWufEQ,115,1/2-1/2,White,2482,<=5s vs <=5s
1qkmOGsR,78,0-1,Black,1590,<=5s vs 5-10s
5MguOlQE,92,0-1,Black,1463,<=5s vs 5-10s
2j6v6xrE,138,1-0,Black,2682,<=5s vs <=5s
VZwMtirf,65,1-0,White,1347,<=5s vs 10-15s
TSH1b5WR,118,0-1,Black,2240,<=5s vs <=5s
oCZvKKRr,74,0-1,Black,2311,<=5s vs 5-10s
oI8hIP68,74,1-0,Black,1561,<=5s vs <=5s
r8W5FJPw,49,1-0,White,1500,<=5s vs 15-20s
t6ILlZtt,103,0-1,White,2455,<=5s vs <=5s
Xgm9ymeW,98,0-1,Black,2186,<=5s vs 5-10s
QNA0N8O3,58,0-1,Black,1261,<=5s vs 5-10s
ECTt9jZK,124,0-1,Black,1909,<=5s vs <=5s
5bKjaiZ4,44,0-1,Black,1373,<=5s vs 15-20s
gxSVB65D,122,0-1,Black,2399,<=5s vs <=5s
MGR6bzZM,120,0-1,Black,2267,<=5s vs 5-10s
AKpnmFeJ,108,0-1,Black,1449,<=5s vs <=5s
8uN5iO8I,79,1-0,White,2247,<=5s vs 5-10s
IVu7wuHF,117,0-1,White,2440,<=5s vs <=5s
NwBYV4vA,43,1-0,White,1467,<=5s vs 5-10s
7N3uS99S,94,1-0,Black,2001,<=5s vs <=5s
rAuJhDBR,63,0-1,White,993,<=5s vs <=5s
ScNrbnoK,79,1-0,White,1320,<=5s vs <=5s
HYqwbqmX,63,1-0,White,1500,<=5s vs 5-10s
YpTCDBw8,69,1/2-1/2,White,1051,<=5s vs 5-10s
FVlJ2BMz,74,0-1,Black,1826,<=5s vs 5-10s
rjzNcay4,65,1-0,White,1507,<=5s vs 5-10s
khBE6E9K,65,1-0,White,1654,<=5s vs 10-15s
4ApZKfL9,93,1-0,White,1835,<=5s vs 5-10s
nMzJMaCW,57,1-0,White,1778,<=5s vs 10-15s
8TPA31bD,117,0-1,White,2441,<=5s vs <=5s
EW8lcIuF,90,0-1,Black,2088,<=5s vs <=5s
6YTCr1QK,63,0-1,White,1367,<=5s vs <=5s
0d6qOJgY,43,1-0,White,1381,<=5s vs 5-10s
7DtOkWB1,103,0-1,White,2659,<=5s vs <=5s
2yKRRQRp,75,0-1,White,1774,<=5s vs <=5s
b7HyFN8d,49,0-1,White,1776,<=5s vs <=5s
DCK4kvNj,128,1-0,Black,2453,<=5s vs <=5s
lXxKj0O3,81,1-0,White,1973,<=5s vs 15-20s
eaQW3gBw,128,1/2-1/2,Black,1943,<=5s vs <=5s
CUfDdhXC,82,0-1,Black,1870,<=5s vs 5-10s
xUUHCW3B,111,0-1,White,2179,<=5s vs <=5s
VfRuptc9,89,1-0,White,2374,<=5s vs 5-10s
IivF37no,82,1-0,Black,2190,<=5s vs <=5s
fW3BRkqX,57,0-1,White,1445,<=5s vs 10-15s
Lzq65ONy,71,1-0,White,1919,<=5s vs 5-10s
7tFwBU6h,89,1-0,White,1782,<=5s vs <=5s
2v1bQG9R,110,1-0,Black,2384,<=5s vs <=5s
kSZ4Cd4M,99,1-0,White,1878,<=5s vs 5-10s
BwQtxNN2,69,0-1,White,1168,<=5s vs <=5s
zZKyWqY9,118,1-0,Black,2456,<=5s vs <=5s
09YyT1mO,93,1-0,White,1945,<=5s vs <=5s
qR7KU22e,90,0-1,Black,1283,<=5s vs <=5s
ek5HATwd,67,1-0,White,1533,<=5s vs 5-10s
suQiJKsc,89,1-0,White,2323,<=5s vs 5-10s
Uv0hivP4,68,0-1,Black,1985,<=5s vs 15-20s
KKmb7KEt,115,1-0,White,2746,<=5s vs <=5s
BmdKt3Qa,86,1-0,Black,2231,<=5s vs <=5s
tOWL817K,56,0-1,Black,1952,<=5s vs 15-20s
fS25RHOi,94,1-0,Black,2071,<=5s vs <=5s
VAitIxJt,42,0-1,Black,1006,<=5s vs 10-15s
q690uRtr,53,1-0,White,1427,<=5s vs 10-15s
cmmmtRXx,84,1-0,Black,1911,<=5s vs <=5s
zvU9vyLQ,67,1-0,White,1585,<=5s vs 5-10s
RY99sl2G,94,0-1,Black,2010,<=5s vs <=5s
gaSW0x1p,60,0-1,Black,1532,<=5s vs 5-10s
usNkua2Z,72,0-1,Black,1719,<=5s vs 15-20s
LmPWYtnC,115,1-0,White,1990,<=5s vs <=5s
67t2tUwZ,87,0-1,White,1479,<=5s vs <=5s
2uwtXGo7,99,1/2-1/2,White,2226,<=5s vs 5-10s
CPaK49jh,125,1-0,White,2278,<=5s vs <=5s
zSV9Z6kP,66,0-1,Black,1232,<=5s vs 10-15s
7y6snptw,64,0-1,Black,1803,<=5s vs 5-10s
0twgaHWj,125,0-1,White,2748,<=5s vs <=5s
ZG0VAJkJ,98,1-0,Black,1682,<=5s vs <=5s
4KPmdxnq,80,0-1,Black,2369,<=5s vs <=5s
LfA9qiQg,66,0-1,Black,1751,<=5s vs <=5s
Seh6feRJ,59,1-0,White,1355,<=5s vs 15-20s
mYQnDQ90,94,0-1,Black,2367,<=5s vs <=5s
ozW26XNZ,76,0-1,Black,1955,<=5s vs <=5s
tjXm8iwV,72,0-1,Black,886,<=5s vs 5-10s
NVRyUEjQ,81,1-0,White,2077,<=5s vs 10-15s
3ZmSwI8Y,74,0-1,Black,1970,<=5s vs 5-10s
rrOgxT0Z,111,0-1,White,2122,<=5s vs <=5s
1Bl929Fq,64,0-1,Black,1993,<=5s vs 15-20s
6D3aa4hU,100,1-0,Black,2352,<=5s vs <=5s
mB7rkKhG,58,0-1,Black,725,<=5s vs <=5s
Ruw0sUxe,98,1/2-1/2,Black,1880,<=5s vs 15-20s
SmITLLxs,128,1-0,Black,2625,<=5s vs 5-10s
Gn1Rk98S,51,1-0,White,1337,<=5s vs 15-20s
2bM2Y7ov,86,0-1,Black,1720,<=5s vs 5-10s
wds7WJlC,63,1-0,White,1198,<=5s vs 5-10s
TfWIOQTC,147,1-0,White,2485,<=5s vs <=5s
HsHCRulb,128,1-0,Black,2414,<=5s vs <=5s
Q4Ue297M,64,0-1,Black,2499,<=5s vs <=5s
Y0rJVXON,97,1-0,White,2571,<=5s vs <=5s
cAKudley,53,0-1,White,1130,<=5s vs <=5s
64BZESiV,102,0-1,Black,2193,<=5s vs 5-10s
7LTEjMlD,127,0-1,White,2349,<=5s vs <=5s
5jxalYF9,42,0-1,Black,1057,<=5s vs <=5s
8hTiVmX4,117,0-1,White,2866,<=5s vs <=5s
0YIhDurh,101,1-0,White,2111,<=5s vs <=5s
1gHa6QQz,58,0-1,Black,1374,<=5s vs 10-15s
z9w9iwGd,75,1-0,White,1825,<=5s vs 15-20s
Ky3CbSZI,91,1-0,White,2025,<=5s vs 5-10s
L2K85oEg,103,0-1,White,2272,<=5s vs <=5s
b6OqnLVC,99,0-1,White,1977,<=5s vs <=5s
GsDVD9cE,62,0-1,Black,2220,<=5s vs 15-20s
8Rxqscsx,128,0-1,Black,1584,<=5s vs 5-10s
zdT0bSze,72,0-1,Black,2103,<=5s vs <=5s
hpcEXEQj,74,0-1,Black,2234,<=5s vs 5-10s
5Gn6b51p,82,0-1,Black,2503,<=5s vs 5-10s
rBtMFWyz,78,0-1,Black,1500,<=5s vs <=5s
SiNfiD0c,79,1-0,White,2340,<=5s vs 5-10s
DbKcmouK,79,1-0,White,2394,<=5s vs <=5s
IyOvLGEU,78,0-1,Black,1406,<=5s vs <=5s
FsPOzXb9,109,1/2-1/2,White,2024,<=5s vs <=5s
pWUP9sG5,72,0-1,Black,1994,<=5s vs 5-10s
3UW4CrLC,47,1-0,White,656,<=5s vs 15-20s
NfgE9xro,114,1-0,Black,2436,<=5s vs 10-15s
cQcfAlTz,48,0-1,Black,1529,<=5s vs 15-20s
CRR9k7iQ,64,0-1,Black,1479,<=5s vs <=5s
0itByVwa,94,1-0,Black,1775,<=5s vs <=5s
ZsUG7Ifq,97,1/2-1/2,White,2132,<=5s vs 5-10s
a4WcusBt,92,0-1,Black,2560,<=5s vs <=5s
GMnm0fb3,94,0-1,Black,1301,<=5s vs 10-15s
Vs29I7IG,109,1-0,White,1786,<=5s vs <=5s
i78p7jLC,62,0-1,Black,1594,<=5s vs 5-10s
AnhhMOjI,68,0-1,Black,2128,<=5s vs 10-15s
PcQn1UUd,98,1/2-1/2,Black,2598,<=5s vs <=5s
uzBvKTP5,62,0-1,Black,1593,<=5s vs 15-20s
DrrrNtnW,88,1-0,Black,2161,<=5s vs <=5s
7kLCnoCw,61,0-1,White,1118,<=5s vs <=5s
pqu2DLiq,68,1-0,Black,1737,<=5s vs <=5s
QEUs9e74,89,1-0,White,1940,<=5s vs 15-20s
ov3lRGvZ,107,0-1,White,2865,<=5s vs 10-15s
ZXoLMR7f,90,1-0,Black,2319,<=5s vs 5-10s
Wj6ZPOMY,53,1-0,White,1462,<=5s vs 10-15s
0jLBu7NF,47,1-0,White,847,<=5s vs 10-15s
wrvI7uMo,138,0-1,Black,2612,<=5s vs <=5s
5iQhw2cr,107,0-1,White,2291,<=5s vs <=5s
E2yydVfB,134,0-1,Black,2287,<=5s vs <=5s
U35I45U8,82,0-1,Black,2160,<=5s vs 5-10s
J2Ot7fzA,92,0-1,Black,1948,<=5s vs 5-10s
7jvw0TDq,92,0-1,Black,2458,<=5s vs 5-10s
tYeETpA2,91,1-0,White,2410,<=5s vs 5-10s
IWjjnxI7,125,1-0,White,2381,<=5s vs <=5s
M74HbEtC,86,1-0,Black,1942,<=5s vs <=5s
2z1gfDAP,97,0-1,White,2039,<=5s vs 5-10s
YobEgLTu,109,1-0,White,2555,<=5s vs <=5s
ATv1WAjd,114,1-0,Black,2295,<=5s vs <=5s
D4aqisIV,48,0-1,Black,1753,<=5s vs 10-15s
u1fJujIl,72,1-0,Black,1608,<=5s vs <=5s
XzP2S9aN,73,1-0,White,1989,<=5s vs <=5s
24Bcrgt4,74,0-1,Black,1796,<=5s vs 10-15s
CU93SRqw,87,1-0,White,2427,<=5s vs 10-15s
MCDiqQR2,86,0-1,Black,2173,<=5s vs 5-10s
t3DE0Qpn,78,0-1,Black,1806,<=5s vs 5-10s
3a1hcDyy,79,1-0,White,1811,<=5s vs <=5s
AnVdE8sI,84,1-0,Black,1933,<=5s vs <=5s
TfSFQdcy,61,1-0,White,2126,<=5s vs 15-20s
4KAOfr0a,61,1-0,White,1224,<=5s vs 5-10s
FQRAnv6x,88,0-1,Black,1489,<=5s vs <=5s
u8fzkhq2,59,0-1,White,1191,<=5s vs <=5s
QFgSQbrX,95,1-0,White,2538,<=5s vs <=5s
uqM7P2yH,55,1-0,White,1486,<=5s vs <=5s
8n5OoXS7,85,1-0,White,2287,<=5s vs <=5s
RJUDtv5e,93,1-0,White,1907,<=5s vs <=5s
vZzPer1A,81,1-0,White,1757,<=5s vs <=5s
CfOb27DR,86,0-1,Black,1272,<=5s vs 10-15s
rVBmYLhn,67,1-0,White,1719,<=5s vs 15-20s
dCD9UWP7,69,1-0,White,1956,<=5s vs <=5s
WwFsws0n,71,0-1,White,1403,<=5s vs <=5s
2nn4KCbs,104,0-1,Black,1900,<=5s vs <=5s
EWTqyfCk,105,1-0,White,2274,<=5s vs 15-20s
VPuYkO6n,86,0-1,Black,1905,<=5s vs <=5s
j5LoOOuz,67,0-1,White,1478,<=5s vs <=5s
5VKbzadI,76,1-0,Black,2067,<=5s vs <=5s
MGalBc6O,82,0-1,Black,1875,<=5s vs <=5s
jbcNOfOr,73,1-0,White,1304,<=5s vs <=5s
9PAuBOcd,80,0-1,Black,2270,<=5s vs <=5s
G4ndkMnO,88,1-0,Black,1710,<=5s vs <=5s
1T3yRAMM,77,1-0,White,1835,<=5s vs 10-15s
OrdKucve,90,1-0,Black,1882,<=5s vs <=5s
4XWGzIb9,47,1-0,White,1487,<=5s vs 15-20s
44KNbqak,82,0-1,Black,1854,<=5s vs 10-15s
BOgxKdut,81,1-0,White,2311,<=5s vs 15-20s
22tkAXhK,77,1-0,White,1511,<=5s vs <=5s
OYfst34W,68,0-1,Black,2011,<=5s vs <=5s
SWWHEMby,64,0-1,Black,1692,<=5s vs 15-20s
jKqfuez3,46,0-1,Black,2111,<=5s vs 15-20s
GUM8NDBa,79,1-0,White,1633,<=5s vs <=5s
pkr1BCrB,75,1-0,White,2151,<=5s vs 10-15s
UCNNTlBz,84,1-0,Black,1952,<=5s vs <=5s
hzcko072,65,1-0,White,857,<=5s vs <=5s
jCweRSGJ,54,0-1,Black,1566,<=5s vs 5-10s
3kZQCI4h,148,0-1,Black,2400,<=5s vs <=5s
NJ7aPuNF,77,0-1,White,2633,<=5s vs <=5s
U5RPIpUS,66,1-0,Black,1515,<=5s vs <=5s
EO9rtMsT,66,0-1,Black,1775,<=5s vs 10-15s
go4zrx9Z,70,0-1,Black,1477,<=5s vs 15-20s
xp6yEEro,86,0-1,Black,2163,<=5s vs <=5s
rS94dXBv,70,0-1,Black,1500,<=5s vs <=5s
hiEqUnvL,64,0-1,Black,1559,<=5s vs 5-10s
1AudOc8L,72,0-1,Black,1471,<=5s vs <=5s
DsDZ50fX,47,1-0,White,1245,<=5s vs <=5s
8YSkbH8t,62,0-1,Black,1487,<=5s vs 5-10s
T6FuKjIy,93,1/2-1/2,White,1959,<=5s vs 5-10s
PbJPB3Th,109,1/2-1/2,White,2443,<=5s vs 10-15s
QWNlNfyS,58,0-1,Black,2208,<=5s vs <=5s
fKIPzpT4,91,1-0,White,1908,<=5s vs <=5s
DbBAtppM,90,1-0,Black,2464,<=5s vs <=5s
r0vV66Vu,70,0-1,Black,2597,<=5s vs <=5s
VsGghsas,60,0-1,Black,1475,<=5s vs 15-20s
M2YSGwoC,61,1-0,White,1902,<=5s vs 5-10s
i8G8O5Mm,126,0-1,Black,2475,<=5s vs 5-10s
UqrIsZ11,176,0-1,Black,2350,<=5s vs <=5s
JTOelToq,98,0-1,Black,1832,<=5s vs <=5s
mle0ih2H,91,1-0,White,2026,<=5s vs <=5s
5OjHmPQL,113,1-0,White,2550,<=5s vs <=5s
dV6Cg6Ul,147,1-0,White,2190,<=5s vs 5-10s
F6A2mJDQ,75,1-0,White,2424,<=5s vs 15-20s
84dlWkRS,76,1-0,Black,2226,<=5s vs <=5s
y3sZ4nC0,80,0-1,Black,2112,<=5s vs 15-20s
VeQgB4dz,75,1-0,White,1331,<=5s vs <=5s
G64seMrO,58,0-1,Black,1292,<=5s vs <=5s
8CHWzUYG,72,0-1,Black,1624,<=5s vs <=5s
qTr99oqf,95,1-0,White,1757,<=5s vs 15-20s
TkrXYeQF,79,1-0,White,2086,<=5s vs 5-10s
XkcyTV9n,68,0-1,Black,1665,<=5s vs 5-10s
L8Jr6aSA,57,0-1,White,1296,<=5s vs <=5s
Or70yTRG,47,1-0,White,1037,<=5s vs 10-15s
g34E7wbs,87,0-1,White,1118,<=5s vs <=5s
jo2fQhRi,80,0-1,Black,1749,<=5s vs 5-10s
8vQpGeWe,74,0-1,Black,2121,<=5s vs <=5s
FxLT75Ag,89,0-1,White,2380,<=5s vs <=5s
RAmTZLoQ,84,0-1,Black,1975,<=5s vs <=5s
t9kzwKJB,93,1-0,White,2570,<=5s vs 5-10s
9WW8Y9A5,77,1-0,White,2302,<=5s vs 5-10s
23Lc9QTf,96,1-0,Black,2046,<=5s vs <=5s
aCWAQK2z,127,1/2-1/2,White,2048,<=5s vs <=5s
AlNRVivU,86,1-0,Black,1475,<=5s vs <=5s
S6xlAvgR,77,1-0,White,1770,<=5s vs <=5s
DqabQwge,56,1-0,Black,1183,<=5s vs <=5s
7P5bvTS6,72,1-0,Black,2097,<=5s vs <=5s
89WfngIF,130,0-1,Black,2561,<=5s vs <=5s
EI8KWlPG,60,0-1,Black,1677,<=5s vs 5-10s
FZjowrWD,109,1-0,White,2065,<=5s vs <=5s
Aj9zjSAb,89,1-0,White,1959,<=5s vs <=5s
dynrTB7o,92,0-1,Black,1557,<=5s vs <=5s
0DdSjMH0,57,1-0,White,1316,<=5s vs 5-10s
6WC4E9Zh,160,1-0,Black,3030,<=5s vs <=5s
8gvdD8jJ,98,1-0,Black,2099,<=5s vs <=5s
9REngvmS,77,0-1,White,1573,<=5s vs <=5s
WGIjujAV,95,1-0,White,2240,<=5s vs <=5s
ZFTXjyjK,79,0-1,White,1181,<=5s vs <=5s
G0J6qoNr,56,0-1,Black,2168,<=5s vs 15-20s
vR34uu4q,70,0-1,Black,1194,<=5s vs 15-20s
qUyJkKMu,62,0-1,Black,1458,<=5s vs 10-15s
DbncgtPx,166,1-0,Black,2192,<=5s vs <=5s
8nviuyud,59,1-0,White,1062,<=5s vs <=5s
FYE8QaN2,110,0-1,Black,2215,<=5s vs <=5s
XnPkIN2t,94,1-0,Black,1511,<=5s vs <=5s
DR2qWQmC,80,1-0,Black,1628,<=5s vs <=5s
AV5YIane,98,1-0,Black,2074,<=5s vs <=5s
d2CynepT,73,1-0,White,1676,<=5s vs 10-15s
2ZvLO40s,92,0-1,Black,2344,<=5s vs <=5s
m0Wdu3pO,65,1-0,White,2377,<=5s vs 5-10s
kZ6rQdDj,88,0-1,Black,1500,<=5s vs <=5s
gFE1DJ1j,111,1-0,White,2440,<=5s vs <=5s
QfnwxBRy,95,1-0,White,2424,<=5s vs 10-15s
NyJ4gfCU,45,0-1,White,1266,<=5s vs 10-15s
9o0UIorO,124,0-1,Black,2797,<=5s vs <=5s
XMjdyFri,95,0-1,White,2057,<=5s vs 5-10s
6AfgyMG5,103,1-0,White,2219,<=5s vs <=5s
pIiGGCHF,66,1-0,Black,1728,<=5s vs 10-15s
1RUq9rLV,97,1-0,White,2515,<=5s vs <=5s
YlQReiWi,78,0-1,Black,1870,<=5s vs 10-15s
EpSMA6ey,85,0-1,White,2051,<=5s vs <=5s
0CJh3RjN,70,0-1,Black,2447,<=5s vs <=5s
Xe4crbcD,53,1-0,White,1347,<=5s vs 5-10s
OEXnGVlI,82,0-1,Black,2037,<=5s vs <=5s
KQvHpq1f,75,1-0,White,1932,<=5s vs 10-15s
etvyHcHT,46,0-1,Black,807,<=5s vs 10-15s
xrUHQqPZ,78,0-1,Black,2079,<=5s vs 10-15s
D5WoVq0a,99,1-0,White,2109,<=5s vs <=5s
NWsK2QsS,97,1-0,White,2823,<=5s vs <=5s
ZCElOved,104,1-0,Black,2590,<=5s vs <=5s
7z8bgGly,70,0-1,Black,1407,<=5s vs <=5s
YVczY0LB,113,0-1,White,2164,<=5s vs <=5s
4Hen4VR5,110,0-1,Black,2858,<=5s vs <=5s
i1LNk6Um,72,0-1,Black,2560,<=5s vs <=5s
u6fTdY8J,95,1-0,White,2214,<=5s vs 5-10s
SC3i7NR4,62,0-1,Black,2241,<=5s vs 5-10s
5xGQZG1m,87,1-0,White,2425,<=5s vs <=5s
rnHerzsY,150,1-0,Black,2631,<=5s vs <=5s
T4mqejMK,66,0-1,Black,2069,<=5s vs 5-10s
SKMmXoY9,104,0-1,Black,1631,<=5s vs 5-10s
Gcgv403z,69,1-0,White,2098,<=5s vs 15-20s
ysvZ8BVS,38,0-1,Black,954,<=5s vs 15-20s
FzOqgIGN,65,1-0,White,2324,<=5s vs 5-10s
ALuIs6mY,72,1-0,Black,2840,<=5s vs <=5s
F0XMPBNJ,81,1-0,White,1777,<=5s vs 15-20s
be3VwuMM,87,1-0,White,2139,<=5s vs <=5s
xbokWl1I,60,0-1,Black,1868,<=5s vs <=5s
3BbxM08C,63,1-0,White,2240,<=5s vs 5-10s
fJEozlnV,67,1-0,White,1205,<=5s vs <=5s
F4vdARXJ,70,0-1,Black,1672,<=5s vs <=5s
lqrbEuxQ,59,1-0,White,1001,<=5s vs <=5s
7Qq5iul7,36,0-1,Black,673,<=5s vs 15-20s
3pSIrT3G,94,0-1,Black,2309,<=5s vs <=5s
Gw4xrgiL,107,0-1,White,1786,<=5s vs <=5s
ve0TreGS,90,0-1,Black,2408,<=5s vs 15-20s
6BKqOmk8,57,1-0,White,1687,<=5s vs 15-20s
mMRv17TZ,104,0-1,Black,2052,<=5s vs 5-10s
Ro9tOrES,94,0-1,Black,2411,<=5s vs <=5s
BWJVLv2q,105,1-0,White,1705,<=5s vs <=5s
rzZRyBan,96,0-1,Black,2221,<=5s vs <=5s
8ks1Gyrv,111,1/2-1/2,White,2856,<=5s vs <=5s
gGYJ8CE0,63,1-0,White,853,<=5s vs 10-15s
BDnRieAG,103,0-1,White,2396,<=5s vs <=5s
raC1VbZh,49,1-0,White,1500,<=5s vs 5-10s
RYAf1JPq,79,1-0,White,2363,<=5s vs <=5s
GTWyMOtv,140,0-1,Black,2080,<=5s vs <=5s
WV3DgzEP,98,0-1,Black,2330,<=5s vs <=5s
2beJIBRI,117,1-0,White,2698,<=5s vs <=5s
Az5Nc6yf,134,0-1,Black,2495,<=5s vs <=5s
6bmI6ndC,70,0-1,Black,1904,<=5s vs <=5s
WXCJt5Kw,56,1-0,Black,908,<=5s vs <=5s
lKYiNeSp,90,0-1,Black,2501,<=5s vs 5-10s
R9zBj5vf,95,0-1,White,1969,<=5s vs 5-10s
78YcuEp3,71,1-0,White,2438,<=5s vs 10-15s
NGZlZfIH,85,1-0,White,1755,<=5s vs 5-10s
by0ZcZzF,65,1-0,White,2010,<=5s vs 10-15s
6owiLLf3,68,0-1,Black,1504,<=5s vs 10-15s
W11a1kC5,63,1-0,White,1164,<=5s vs 10-15s
dV3Y0kmf,102,1-0,Black,2286,<=5s vs <=5s
JDa5jytz,95,0-1,White,2374,<=5s vs <=5s
j3BVCV4d,85,0-1,White,2010,<=5s vs <=5s
Gqet4WSb,121,1-0,White,2251,<=5s vs 5-10s
F9Gy7Ppa,45,1-0,White,1407,<=5s vs 15-20s
gLFAYajZ,51,1-0,White,1355,<=5s vs 10-15s
s6Dnk7Fz,68,1-0,Black,1323,<=5s vs <=5s
lxqv6D5t,59,1-0,White,1179,<=5s vs <=5s
4zbYa0Ez,77,1-0,White,1735,<=5s vs <=5s
uLzD802u,85,1-0,White,2276,<=5s vs <=5s
BSDQAsXL,99,1-0,White,1518,<=5s vs 10-15s
Db2kSDvf,70,0-1,Black,1785,<=5s vs 5-10s
B6UqMSu7,97,1-0,White,2130,<=5s vs <=5s
DuB9eCV3,61,1-0,White,1958,<=5s vs 10-15s
0MT3n9ne,96,0-1,Black,1922,<=5s vs <=5s
DUEGcfcr,136,0-1,Black,2156,<=5s vs <=5s
hde5Ub1d,66,0-1,Black,914,<=5s vs 5-10s
Yd0mkA6z,74,0-1,Black,2379,<=5s vs 5-10s
2JLRdD6E,113,0-1,White,2035,<=5s vs <=5s
3WxUc59I,67,1-0,White,1473,<=5s vs 15-20s
84SdyzqS,92,0-1,Black,1695,<=5s vs <=5s
SzrMRNWo,88,1-0,Black,2170,<=5s vs <=5s
X6gc1PBe,95,1-0,White,2285,<=5s vs <=5s
Ec7V0u3G,71,1-0,White,2332,<=5s vs 5-10s
C9Vr6QVK,86,1-0,Black,2413,<=5s vs <=5s
lOHMASaG,106,0-1,Black,2662,<=5s vs <=5s
MONEXgdU,76,0-1,Black,2293,<=5s vs <=5s
FSspOCsw,67,1-0,White,2425,<=5s vs <=5s
M3Oio86s,86,0-1,Black,2239,<=5s vs <=5s
7UU3oxjT,118,0-1,Black,2295,<=5s vs <=5s
s8JGcBAz,72,0-1,Black,1860,<=5s vs <=5s
4pP66cJ5,53,1-0,White,1144,<=5s vs 5-10s
1hTVnYMY,36,0-1,Black,1143,<=5s vs 15-20s
zRiNTqEI,70,0-1,Black,2317,<=5s vs 5-10s
TnARm9VX,79,0-1,White,1376,<=5s vs <=5s
4sD8Qk1V,88,0-1,Black,2239,<=5s vs <=5s
GeTPQpct,50,0-1,Black,1783,<=5s vs 15-20s
xadnh5LD,82,0-1,Black,1691,<=5s vs 10-15s
T2JCMZ8z,76,0-1,Black,1870,<=5s vs 5-10s
06AVoI8e,107,1-0,White,2142,<=5s vs <=5s
JyzNrFF6,57,1-0,White,1298,<=5s vs <=5s
DHWvg04y,86,0-1,Black,2354,<=5s vs <=5s
TSrVXA3Y,112,0-1,Black,1937,<=5s vs <=5s
ODx1mJ0h,84,0-1,Black,1911,<=5s vs <=5s
HkgsRxRU,91,0-1,White,1934,<=5s vs <=5s
PiQFxyFP,42,0-1,Black,811,<=5s vs <=5s
lFsVOQEA,89,0-1,White,1665,<=5s vs <=5s
XGzLgFjk,87,0-1,White,2644,<=5s vs <=5s
lHxaBIck,59,1-0,White,1562,<=5s vs <=5s
5aHJVFZ3,78,1-0,Black,1849,<=5s vs <=5s
slk32Jox,114,0-1,Black,2334,<=5s vs 5-10s
XElQdnkE,99,1-0,White,2237,<=5s vs 10-15s
FdkS1Sjz,74,0-1,Black,1839,<=5s vs 5-10s
U6WPy8Ju,88,0-1,Black,1960,<=5s vs <=5s
KjmEdTel,77,0-1,White,1844,<=5s vs <=5s
UzR7dQB0,89,0-1,White,1820,<=5s vs <=5s
AdlfMcHb,98,1-0,Black,2104,<=5s vs <=5s
1Z12JJv0,59,1-0,White,1727,<=5s vs 15-20s
SmNVnhSi,50,0-1,Black,553,<=5s vs 10-15s
qZhzDzsr,75,1-0,White,1989,<=5s vs 5-10s
ZmmyecDz,106,0-1,Black,2606,<=5s vs <=5s
GEdWoPwC,59,1-0,White,1561,<=5s vs 5-10s
3loPcEzh,70,0-1,Black,1668,<=5s vs <=5s
5swFSKgX,95,1-0,White,2474,<=5s vs <=5s
4MKIvqfA,97,1-0,White,2353,<=5s vs <=5s
0eDSbAhv,92,0-1,Black,1874,<=5s vs <=5s
kiFbXT4r,71,0-1,White,1509,<=5s vs <=5s
YsvKBQZj,117,0-1,White,1887,<=5s vs <=5s
SvorkVYF,90,0-1,Black,2360,<=5s vs <=5s
QESUG7Gd,97,1-0,White,2668,<=5s vs <=5s
NkubQdIE,117,0-1,White,2394,<=5s vs <=5s
Z78VKIqs,132,1-0,Black,2378,<=5s vs <=5s
jCUoDste,83,1-0,White,1757,<=5s vs 10-15s
PwimlDuc,72,0-1,Black,2067,<=5s vs <=5s
FYsankWr,70,1-0,Black,2390,<=5s vs <=5s
AKHLSh8y,121,1/2-1/2,White,1964,<=5s vs <=5s
nbtowtbr,74,1-0,Black,1606,<=5s vs <=5s
QS0pfLDh,79,1-0,White,1427,<=5s vs 10-15s
3ElUsW3f,60,1-0,Black,1825,<=5s vs <=5s
YnEHrEWO,65,1-0,White,1464,<=5s vs <=5s
mAECuBAB,88,0-1,Black,2181,<=5s vs <=5s
Rmvg3m6y,122,1-0,Black,2099,<=5s vs <=5s
RmYc92Iu,105,1-0,White,2319,<=5s vs 5-10s
VLnGhfqp,86,0-1,Black,2101,<=5s vs 5-10s
SRzKQpFd,99,1-0,White,2799,<=5s vs 15-20s
KMyj2aCL,84,0-1,Black,1727,<=5s vs 5-10s
E63JkFPm,91,1-0,White,1843,<=5s vs <=5s
rdAVDIO2,52,0-1,Black,1607,<=5s vs 15-20s
AwPfPVCs,62,0-1,Black,1951,<=5s vs 10-15s
XhGQP6Wd,70,0-1,Black,1334,<=5s vs 10-15s
peRpPLqc,62,0-1,Black,1530,<=5s vs 10-15s
hYVs1h1T,73,1-0,White,1235,<=5s vs 10-15s
CeVmY9mc,93,0-1,White,2277,<=5s vs <=5s
TMetf9aY,73,1-0,White,1840,<=5s vs <=5s
a95MY4Sl,67,1-0,White,1564,<=5s vs 5-10s
qbSHcG3k,62,0-1,Black,1123,<=5s vs 5-10s
NaOitl3Q,57,1-0,White,2432,<=5s vs 5-10s
b8vzlMl9,83,1-0,White,1539,<=5s vs <=5s
LIasmsKH,64,0-1,Black,1522,<=5s vs 5-10s
6BZKkRou,122,0-1,Black,2372,<=5s vs <=5s
GnPu4ccd,71,1-0,White,2393,<=5s vs 5-10s
GTRXeYYI,140,0-1,Black,2631,<=5s vs <=5s
gduMzhQp,53,1-0,White,1252,<=5s vs <=5s
JkGBAEOQ,64,1-0,Black,1532,<=5s vs <=5s
161CwRZm,109,0-1,White,2628,<=5s vs <=5s
TtU7lDD2,84,0-1,Black,1959,<=5s vs 15-20s
7VBTB5yq,65,0-1,White,2030,<=5s vs <=5s
xpUkjRbL,69,1-0,White,2497,<=5s vs 15-20s
7dj9FybM,100,0-1,Black,2295,<=5s vs 5-10s
r7KBcff2,77,1-0,White,2180,<=5s vs 5-10s
JpfrRLtN,67,1-0,White,2094,<=5s vs <=5s
SghfOLB3,88,0-1,Black,2313,<=5s vs <=5s
4yBXIEKB,53,1-0,White,1471,<=5s vs <=5s
xaZiV0u0,74,1-0,Black,2180,<=5s vs <=5s
DzSswY9b,112,1-0,Black,2265,<=5s vs <=5s
EiRTtbyh,46,0-1,Black,1280,<=5s vs 5-10s
D7ZLSEBg,64,0-1,Black,1173,<=5s vs 5-10s
oIOv3uM9,110,0-1,Black,2363,<=5s vs <=5s
8Ff02xHj,102,0-1,Black,1735,<=5s vs 5-10s
Gmvzs65x,132,1-0,Black,2391,<=5s vs <=5s
pJ4nnehf,97,1-0,White,1450,<=5s vs <=5s
FyQKDZey,49,0-1,White,1751,<=5s vs 5-10s
BHSX4QF2,90,0-1,Black,1332,<=5s vs <=5s
w5OEuZHi,39,1-0,White,1149,<=5s vs 10-15s
bIiPcfSA,71,1-0,White,1554,<=5s vs 5-10s
Wl13dmHY,74,0-1,Black,1549,<=5s vs <=5s
L072zn5R,73,0-1,White,1963,<=5s vs <=5s
Pju30JpQ,119,1/2-1/2,White,2284,<=5s vs <=5s
KXEjkKox,78,0-1,Black,2240,<=5s vs <=5s
pdohmVYj,65,0-1,White,1764,<=5s vs 5-10s
Shl86ZmU,83,1-0,White,1865,<=5s vs 5-10s
N8E7PoHm,94,0-1,Black,2534,<=5s vs <=5s
2kqYyAte,53,1-0,White,1606,<=5s vs 5-10s
Nwbv53zA,60,0-1,Black,1202,<=5s vs 10-15s
TIWLY8Ma,62,0-1,Black,1545,<=5s vs 5-10s
PVlettM8,140,1-0,Black,2325,<=5s vs <=5s
BJSugDuz,109,1/2-1/2,White,1763,<=5s vs <=5s
SHqDJHUn,92,0-1,Black,2380,<=5s vs <=5s
oW4BTIIY,112,0-1,Black,2612,<=5s vs <=5s
W5bs2MZB,64,0-1,Black,2108,<=5s vs 5-10s
IgxHNpyN,60,1-0,Black,1505,<=5s vs <=5s
M6kCZsn0,107,1-0,White,2287,<=5s vs <=5s
Ct5HTWgI,77,0-1,White,1315,<=5s vs <=5s
n1WV3COi,104,0-1,Black,2286,<=5s vs <=5s
LN1rlGaB,82,0-1,Black,2259,<=5s vs 15-20s
HNRHNzTM,82,0-1,Black,1959,<=5s vs 5-10s
aGn5cHho,79,1-0,White,1964,<=5s vs 5-10s
4ePz1Pep,65,1-0,White,2185,<=5s vs 5-10s
JCtGLIjD,97,0-1,White,2442,<=5s vs <=5s
tLgRhBEc,84,1-0,Black,1862,<=5s vs <=5s
yPrPuCzz,82,0-1,Black,1230,<=5s vs 5-10s
Q7wneieB,85,0-1,White,1485,<=5s vs <=5s
CtU34QIA,83,1-0,White,1833,<=5s vs <=5s
guTURJ3z,131,1-0,White,2064,<=5s vs 5-10s
D2YA2qKh,70,0-1,Black,2107,<=5s vs <=5s
TdszB0en,79,1-0,White,1671,<=5s vs 5-10s
raHzNmh5,98,0-1,Black,1808,<=5s vs <=5s
G5Eze5dm,86,0-1,Black,2440,<=5s vs 5-10s
o7HM9oau,46,1-0,Black,1422,<=5s vs <=5s
9ZCxF3vv,91,1-0,White,2345,<=5s vs 5-10s
iXd3MvL8,77,1-0,White,1294,<=5s vs 5-10s
lccgDEKv,116,0-1,Black,2194,<=5s vs <=5s
H1vcLnyQ,109,1/2-1/2,White,1422,<=5s vs <=5s
VlSFrR0A,59,1-0,White,1932,<=5s vs 10-15s
jTuubwGi,91,0-1,White,1887,<=5s vs <=5s
sSxgk458,120,1-0,Black,2075,<=5s vs <=5s
jkCM9lJV,70,0-1,Black,1576,<=5s vs 15-20s
D0NTfMUz,74,0-1,Black,2556,<=5s vs <=5s
MlStKTGh,72,0-1,Black,1825,<=5s vs <=5s
VB3FlEKQ,77,1/2-1/2,White,2099,<=5s vs 5-10s
ienoElk8,64,1-0,Black,1005,<=5s vs <=5s
TunYzlmK,87,0-1,White,2044,<=5s vs <=5s
bw1om6UE,47,1-0,White,1312,<=5s vs <=5s
30N4n7N6,65,1-0,White,1295,<=5s vs <=5s
x25wZbv9,92,1/2-1/2,Black,2331,<=5s vs <=5s
FEn8GUdH,68,0-1,Black,2371,<=5s vs 5-10s
BO48jmM2,68,1-0,Black,2238,<=5s vs <=5s
IjgB56nV,59,0-1,White,1623,<=5s vs <=5s
WKnGbKqb,116,0-1,Black,2737,<=5s vs <=5s
NBB5xMfZ,75,0-1,White,1217,<=5s vs <=5s
t7npK2JX,88,0-1,Black,1198,<=5s vs <=5s
VZYt9vvq,65,1-0,White,1317,<=5s vs 15-20s
0hW4T4Hf,80,0-1,Black,2246,<=5s vs <=5s
6maSMHs4,79,1-0,White,2106,<=5s vs 10-15s
DiC4RbcC,85,0-1,White,2110,<=5s vs <=5s
JLuGtI6m,128,0-1,Black,2739,<=5s vs <=5s
GYc5n5fY,73,1-0,White,2189,<=5s vs 5-10s
Htw9TE8p,78,1-0,Black,1415,<=5s vs <=5s
YyO6g5Nd,107,1-0,White,1892,<=5s vs <=5s
yQ4XPTXL,67,1-0,White,2356,<=5s vs 5-10s
5RGCGG01,84,1-0,Black,1801,<=5s vs <=5s
33wLGQeF,72,0-1,Black,1824,<=5s vs 5-10s
YTuIPMJq,66,0-1,Black,2037,<=5s vs 15-20s
Pd9WYOLz,63,1-0,White,1503,<=5s vs 10-15s
zLfng1mH,47,1-0,White,839,<=5s vs <=5s
A1bBNfvI,67,1-0,White,1584,<=5s vs 5-10s
5NbfjeWC,78,1-0,Black,1455,<=5s vs <=5s
P2XxeKng,48,0-1,Black,1193,<=5s vs 10-15s
945uIP3U,84,0-1,Black,1821,<=5s vs <=5s
xKrjLwF1,73,1-0,White,1382,<=5s vs <=5s
T5R3owpI,107,1-0,White,1889,<=5s vs <=5s
WrVdS0R1,96,0-1,Black,2475,<=5s vs <=5s
lOULxAzg,52,0-1,Black,1989,<=5s vs <=5s
CmMvBLDO,78,0-1,Black,1697,<=5s vs <=5s
upwm9z60,45,1-0,White,1147,<=5s vs 10-15s
x8d4S6rR,80,0-1,Black,2149,<=5s vs <=5s
yJKiOAra,76,0-1,Black,1572,<=5s vs <=5s
PeB7VoVG,66,0-1,Black,1137,<=5s vs 15-20s
QscQbfcK,90,0-1,Black,2086,<=5s vs <=5s
wrNehJaI,54,0-1,Black,991,<=5s vs 5-10s
HWLq3L7Z,66,0-1,Black,2220,<=5s vs <=5s
6ikTKypi,102,0-1,Black,2167,<=5s vs <=5s
YSf9niVL,63,1-0,White,1934,<=5s vs 10-15s
JKFKa99O,91,1-0,White,2226,<=5s vs <=5s
uc6vZNZV,69,0-1,White,1260,<=5s vs 10-15s
osSziAad,50,0-1,Black,1572,<=5s vs 5-10s
Mld8cmYG,77,1-0,White,1798,<=5s vs <=5s
Ujyy7MK0,110,0-1,Black,2200,<=5s vs <=5s
DKXtNB70,63,1-0,White,1372,<=5s vs <=5s
nUixVaho,112,1-0,Black,1832,<=5s vs <=5s
0KX7moIt,63,1-0,White,1246,<=5s vs 5-10s
DEjGgZzl,88,0-1,Black,1605,<=5s vs <=5s
m3mxZW6g,93,1-0,White,1673,<=5s vs <=5s
4pYAaUBV,81,1-0,White,2490,<=5s vs <=5s
BuhFtNQ4,81,1-0,White,2268,<=5s vs <=5s
RmA0BR4M,82,0-1,Black,2278,<=5s vs 5-10s
wxoH3HLp,56,0-1,Black,972,<=5s vs 15-20s
58D0pEtd,80,0-1,Black,2151,<=5s vs <=5s
CDl9DiwY,89,1-0,White,2021,<=5s vs 5-10s
E9rzFAJf,83,1-0,White,1665,<=5s vs 5-10s
ZMJ0H8k1,51,0-1,White,1839,<=5s vs <=5s
6GoBAjkW,93,0-1,White,2300,<=5s vs 5-10s
r60WAFv6,58,0-1,Black,1984,<=5s vs 15-20s
TLkbjdie,77,1-0,White,1970,<=5s vs 5-10s
j0XB11Ml,93,1-0,White,2256,<=5s vs <=5s
K5YYOHws,82,0-1,Black,2454,<=5s vs <=5s
I7GRvfQQ,102,1-0,Black,2382,<=5s vs <=5s
HslYgZCl,101,1-0,White,1782,<=5s vs <=5s
SI0t0U7X,58,0-1,Black,1280,<=5s vs <=5s
KRPyjzUQ,106,0-1,Black,2257,<=5s vs <=5s
Q2Hp3dS8,100,1-0,Black,1778,<=5s vs <=5s
497z31Re,93,1-0,White,908,<=5s vs 15-20s
FYH52uK3,78,0-1,Black,1718,<=5s vs 5-10s
eNiVXoT0,75,1-0,White,1385,<=5s vs <=5s
bTB820Dh,69,1/2-1/2,White,2643,<=5s vs 5-10s
QjkLys0z,67,0-1,White,2256,<=5s vs 5-10s
wS5E8A3n,63,1-0,White,1867,<=5s vs 15-20s
S4dVc587,82,1-0,Black,2355,<=5s vs 5-10s
s0LRrt9e,100,0-1,Black,1939,<=5s vs <=5s
o3ynz53V,61,0-1,White,1428,<=5s vs 5-10s
vByGMeaT,98,0-1,Black,1915,<=5s vs <=5s
gnH2RiwA,71,1-0,White,1858,<=5s vs 5-10s
c8YH4p0z,106,0-1,Black,2894,<=5s vs <=5s
kUBazy66,95,1-0,White,1788,<=5s vs 5-10s
XE9krwmK,81,1-0,White,1982,<=5s vs <=5s
2Dv5THPp,77,1-0,White,1975,<=5s vs 10-15s
WEPzbxOm,105,1-0,White,2391,<=5s vs 15-20s
lvpAStrJ,115,1/2-1/2,White,2095,<=5s vs <=5s
vtA74TBj,75,1-0,White,2522,<=5s vs <=5s
wAI7WIJC,81,1-0,White,1307,<=5s vs 10-15s
FbdOufXM,77,1-0,White,855,<=5s vs <=5s
778Hfsb7,115,0-1,White,2366,<=5s vs <=5s
yhcqmDm1,87,0-1,White,2608,<=5s vs <=5s
PjPABmgz,62,0-1,Black,1242,<=5s vs 10-15s
CIjqA7i8,45,0-1,White,1339,<=5s vs 5-10s
PjOOPx4X,77,1-0,White,2317,<=5s vs 5-10s
OVM3OXFY,81,1-0,White,2568,<=5s vs <=5s
P4EZoW8M,81,1-0,White,1986,<=5s vs 5-10s
jRkeSPUu,85,1-0,White,1984,<=5s vs <=5s
JbNFK5it,55,1-0,White,1719,<=5s vs 10-15s
9KCG8lUG,78,0-1,Black,2454,<=5s vs 5-10s
DIIUYssl,67,0-1,White,1164,<=5s vs <=5s
FsFdmoFq,80,0-1,Black,1819,<=5s vs 5-10s
PfhPCiMf,70,0-1,Black,1626,<=5s vs 5-10s
xfIhlmcM,118,0-1,Black,2008,<=5s vs 5-10s
ItrZTTlI,106,1-0,Black,2056,<=5s vs <=5s
3tbQRMfq,48,0-1,Black,1068,<=5s vs 5-10s
oHeC71eL,41,0-1,White,995,<=5s vs <=5s
5V6i8k3S,92,1-0,Black,2595,<=5s vs <=5s
DjWaslgb,58,0-1,Black,1647,<=5s vs <=5s
XSA14pdY,117,1-0,White,1715,<=5s vs <=5s
0RbmkqCx,61,1-0,White,1171,<=5s vs 5-10s
aGyf4Dhx,49,1-0,White,1568,<=5s vs 10-15s
L5lNeLPW,77,1-0,White,1102,<=5s vs <=5s
78PcoePl,80,1-0,Black,2056,<=5s vs <=5s
npxAmsoC,75,1-0,White,2305,<=5s vs 5-10s
WpXps0iD,113,0-1,White,2396,<=5s vs <=5s
Hi7nQqWe,118,0-1,Black,2105,<=5s vs 5-10s
FRMsu0N8,109,1-0,White,1704,<=5s vs <=5s
9p92ax2M,60,0-1,Black,2077,<=5s vs <=5s
EVDUU1kY,59,1-0,White,2151,<=5s vs 10-15s
pDreQxc1,39,1-0,White,882,<=5s vs 10-15s
4rtrDVax,62,0-1,Black,2474,<=5s vs <=5s
L6WkWHnF,91,1-0,White,2042,<=5s vs 5-10s
mkg7O84l,76,1-0,Black,1197,<=5s vs <=5s
0EdVO2MT,44,1-0,Black,1029,<=5s vs 5-10s
fAgBub4q,93,0-1,White,2568,<=5s vs <=5s
cGcpHrE7,61,1-0,White,2108,<=5s vs 10-15s
es9YTa5r,131,1/2-1/2,White,1737,<=5s vs <=5s
dSzxoGwM,55,1-0,White,1392,<=5s vs 10-15s
ByEVRA6U,104,0-1,Black,2235,<=5s vs <=5s
egf9Q6y9,60,0-1,Black,1798,<=5s vs 5-10s
Vkff1OUZ,66,0-1,Black,1712,<=5s vs 5-10s
GpHl7ImB,87,1/2-1/2,White,1890,<=5s vs <=5s
5JOLmKa1,75,1-0,White,1798,<=5s vs <=5s
W3OtOwUU,90,0-1,Black,1561,<=5s vs <=5s
Oc13yodc,83,1-0,White,2036,<=5s vs 10-15s
WjauBU6f,98,1-0,Black,2642,<=5s vs <=5s
GAYK70nc,131,1/2-1/2,White,2538,<=5s vs 5-10s
18zLWeT9,63,1-0,White,2606,<=5s vs <=5s
T6HZoQ6e,77,1-0,White,1764,<=5s vs <=5s
5VlHpRwX,49,1-0,White,1560,<=5s vs <=5s
Srk08T6E,50,0-1,Black,1198,<=5s vs 15-20s
JTHnWZns,54,0-1,Black,1808,<=5s vs <=5s
1GwSggwA,98,1/2-1/2,Black,1993,<=5s vs <=5s
xVKYmfGE,74,1-0,Black,1281,<=5s vs <=5s
7xyTZr1X,106,0-1,Black,2729,<=5s vs 5-10s
h1pD7g0G,86,0-1,Black,2374,<=5s vs <=5s
4Abtf3Yl,51,1-0,White,1147,<=5s vs 10-15s
FIBtFS9p,82,0-1,Black,2484,<=5s vs 5-10s
Gp3ZyFiO,94,1/2-1/2,Black,2021,<=5s vs <=5s
9u95iDV0,63,1-0,White,1700,<=5s vs 5-10s
9zVfOmb2,64,0-1,Black,1470,<=5s vs 10-15s
6lCj6LxA,63,1-0,White,1226,<=5s vs 5-10s
Y5nuZ4Ux,67,1-0,White,1899,<=5s vs 5-10s
o1A09n4n,74,0-1,Black,1801,<=5s vs <=5s
f0FfzSgF,155,1-0,White,2393,<=5s vs <=5s
CqApDpmX,90,1-0,Black,1753,<=5s vs <=5s
bGr9y8Xu,97,1/2-1/2,White,2218,<=5s vs 5-10s
lTfNnRC6,81,1-0,White,2494,<=5s vs 5-10s
GduHYnaP,73,0-1,White,1904,<=5s vs <=5s
HuNvHmIA,99,0-1,White,1870,<=5s vs <=5s
f8hnilny,91,1-0,White,2226,<=5s vs <=5s
BBDesLVy,63,1-0,White,1618,<=5s vs 15-20s
HHwUNKTH,68,0-1,Black,1379,<=5s vs <=5s
zoLnqrk5,63,1-0,White,1556,<=5s vs 15-20s
XP8jaPDm,74,1-0,Black,1273,<=5s vs <=5s
8aBltF68,88,0-1,Black,2373,<=5s vs 5-10s
TPUFa0LV,104,0-1,Black,2377,<=5s vs 5-10s
1QiygsaQ,44,0-1,Black,1193,<=5s vs <=5s
9r6TdMsw,90,0-1,Black,1386,<=5s vs <=5s
AfldLLz9,101,1-0,White,1497,<=5s vs 5-10s
kjDn5zqs,97,0-1,White,1974,<=5s vs <=5s
Uq3ttqEu,73,1-0,White,2291,<=5s vs 5-10s
rUrmsSkJ,71,1-0,White,2061,<=5s vs 5-10s
M6VG1asm,62,0-1,Black,1559,<=5s vs <=5s
DYAPuLda,77,1-0,White,1456,<=5s vs <=5s
eMilUPQ8,81,1-0,White,2342,<=5s vs 10-15s
D0NaRveX,77,1-0,White,2019,<=5s vs 5-10s
H9RrVewm,113,0-1,White,2167,<=5s vs <=5s
ms9LF95S,79,0-1,White,2563,<=5s vs <=5s
GOnrBYgx,135,1-0,White,1650,<=5s vs 10-15s
KeDZjIdW,63,1-0,White,1496,<=5s vs <=5s
g4ipWs9c,87,1-0,White,2473,<=5s vs <=5s
ju5TF3C3,106,0-1,Black,2407,<=5s vs <=5s
Iy0d8XKg,78,0-1,Black,2111,<=5s vs <=5s
ZXAKecG7,115,1-0,White,2022,<=5s vs <=5s
9i5Mc7if,77,0-1,White,2553,<=5s vs <=5s
MELngteX,105,1-0,White,2110,<=5s vs 15-20s
KviVuoGb,68,0-1,Black,1706,<=5s vs 5-10s
J0lRfaWt,66,0-1,Black,1483,<=5s vs 10-15s
jA2Np8Fa,66,0-1,Black,1741,<=5s vs <=5s
yN0mhGlU,107,0-1,White,2398,<=5s vs 5-10s
HL7jSrr6,73,0-1,White,1772,<=5s vs 5-10s
lDq9D2Z9,81,1-0,White,1808,<=5s vs <=5s
dTMnPXRs,73,1-0,White,2041,<=5s vs <=5s
vIenZf6X,96,0-1,Black,2383,<=5s vs 5-10s
oXBxQDkt,99,1-0,White,2681,<=5s vs 5-10s
V8Fzrtw3,139,0-1,White,2553,<=5s vs <=5s
nDSAFpk1,126,1-0,Black,2216,<=5s vs <=5s
8nfQrvK2,60,0-1,Black,2662,<=5s vs 10-15s
UWLDjWcD,66,0-1,Black,1803,<=5s vs 5-10s
31xSjQ0W,70,1-0,Black,1321,<=5s vs <=5s
a34u9gaM,93,1-0,White,1962,<=5s vs <=5s
GPWuo9vo,57,1-0,White,1711,<=5s vs 15-20s
C5xcK1bZ,123,0-1,White,2102,<=5s vs <=5s
Vnhbzfpy,104,1-0,Black,2586,<=5s vs <=5s
PbKohomK,69,1-0,White,1792,<=5s vs 10-15s
HB3JddFh,94,1/2-1/2,Black,2131,<=5s vs <=5s
RuDtD0fb,63,1-0,White,1227,<=5s vs <=5s
TcqN15aW,101,0-1,White,2225,<=5s vs <=5s
EGlXk51g,123,0-1,White,2679,<=5s vs <=5s
HLOvcJcB,107,1-0,White,1766,<=5s vs <=5s
zlEEfrUF,63,1-0,White,1677,<=5s vs 10-15s
bc6Ptsjh,72,0-1,Black,908,<=5s vs 10-15s
xl06Oweb,78,1-0,Black,1345,<=5s vs <=5s
IzvRriFO,96,0-1,Black,2448,<=5s vs <=5s
Jwi315Is,77,0-1,White,1430,<=5s vs <=5s
xmSp7xGt,66,0-1,Black,1055,<=5s vs 10-15s
835ebNZX,79,1/2-1/2,White,1998,<=5s vs 10-15s
ZW1bOQLQ,56,0-1,Black,1413,<=5s vs <=5s
ng8PSTYn,87,1-0,White,1788,<=5s vs <=5s
HEN4ALTw,81,1-0,White,2116,<=5s vs 15-20s
P82Ajjk6,104,1/2-1/2,Black,1768,<=5s vs <=5s
2cglU2ys,96,1-0,Black,1999,<=5s vs <=5s
wMVY1FQm,80,0-1,Black,2451,<=5s vs 5-10s
NKXBbiWb,52,0-1,Black,1350,<=5s vs 15-20s
UVJF5BAJ,80,0-1,Black,1694,<=5s vs <=5s
CLQUq3qo,74,0-1,Black,2221,<=5s vs 10-15s
935Nr5Iy,77,1-0,White,1798,<=5s vs 5-10s
PbaHZAnL,82,1-0,Black,2117,<=5s vs <=5s
3fB3aF8H,71,1/2-1/2,White,2108,<=5s vs 15-20s
DkUMJppz,89,0-1,White,2269,<=5s vs <=5s
JZ9xrNO0,91,1-0,White,2464,<=5s vs <=5s
jv7u92XU,65,0-1,White,1345,<=5s vs 5-10s
ClC4pPJ2,84,0-1,Black,2162,<=5s vs 10-15s
WF9PGEhQ,85,1-0,White,2153,<=5s vs 10-15s
87CgqXPq,82,0-1,Black,2459,<=5s vs <=5s
Ue1xiLjX,96,1-0,Black,2517,<=5s vs <=5s
cZdUoWS6,55,1-0,White,1415,<=5s vs 5-10s
R75e1CRI,81,1-0,White,2100,<=5s vs 10-15s
MEMQVSla,98,0-1,Black,1551,<=5s vs <=5s
xGFL0MXw,93,1-0,White,1699,<=5s vs <=5s
5uIKkS9U,81,1-0,White,2216,<=5s vs <=5s
22HZO2qq,70,0-1,Black,2213,<=5s vs 10-15s
9xKIuIGZ,117,1/2-1/2,White,2373,<=5s vs <=5s
fh1mFWYz,76,0-1,Black,1615,<=5s vs <=5s
PnlEvHff,67,0-1,White,1275,<=5s vs <=5s
6iuX5Ijt,88,0-1,Black,2186,<=5s vs 5-10s
xGAIbsBA,96,0-1,Black,2171,<=5s vs 5-10s
UfBO0Xrn,77,1-0,White,2193,<=5s vs 5-10s
5fsIqsU6,78,0-1,Black,2008,<=5s vs <=5s
KC5FB5br,87,0-1,White,2180,<=5s vs <=5s
D6xLNURF,31,1-0,White,639,<=5s vs 15-20s
NYDBAWbR,76,0-1,Black,1489,<=5s vs <=5s
YwIh0aSU,45,1-0,White,778,<=5s vs <=5s
rQLKeK5b,53,1-0,White,2159,<=5s vs 15-20s
FmtOfMEJ,85,1-0,White,2565,<=5s vs <=5s
TcjvMHnT,90,0-1,Black,2169,<=5s vs <=5s
TlVxptXk,72,1-0,Black,1819,<=5s vs <=5s
Vz2jKbEO,51,1-0,White,1874,<=5s vs 15-20s
N34WSOkA,72,0-1,Black,2364,<=5s vs 10-15s
kzRma6UG,57,1-0,White,1827,<=5s vs 15-20s
IZatjS6E,130,1-0,Black,2269,<=5s vs <=5s
W7paWuSr,88,0-1,Black,2146,<=5s vs 5-10s
5fZKKMzZ,133,1-0,White,2256,<=5s vs <=5s
1wdxBr5M,62,0-1,Black,940,<=5s vs 5-10s
IoeCIoAU,83,1-0,White,2389,<=5s vs <=5s
ownXrnHY,113,1-0,White,2838,<=5s vs <=5s
v76yP4AG,101,1-0,White,1511,<=5s vs <=5s
QShHmxei,61,0-1,White,1813,<=5s vs <=5s
gihbFXKe,59,0-1,White,2115,<=5s vs 5-10s
pDJOAcMO,55,1-0,White,1639,<=5s vs 15-20s
OKWcxd8z,91,1-0,White,2426,<=5s vs <=5s
1t2X3Q3o,88,0-1,Black,2197,<=5s vs <=5s
05wRpGFt,93,0-1,White,2344,<=5s vs <=5s
yNCY7Xe2,97,1-0,White,2258,<=5s vs <=5s
Uci6tBvw,68,0-1,Black,1969,<=5s vs 5-10s
3Nz4e6Yr,61,1-0,White,1417,<=5s vs 10-15s
EwTeAVRx,86,0-1,Black,2332,<=5s vs <=5s
Mq8B17sa,69,0-1,White,1386,<=5s vs 5-10s
LOuftOTU,121,1-0,White,1906,<=5s vs <=5s
9pD0q67F,86,0-1,Black,2039,<=5s vs <=5s
CqxHbhpq,72,0-1,Black,2012,<=5s vs 5-10s
WtsiplX4,78,0-1,Black,1602,<=5s vs 5-10s
CpeNG4va,102,1-0,Black,2399,<=5s vs <=5s
Fq9vYS67,53,1-0,White,2207,<=5s vs 10-15s
5s4YjeIn,110,0-1,Black,2058,<=5s vs <=5s
ROEGLJQO,104,1-0,Black,2415,<=5s vs <=5s
TdP8QwZi,37,0-1,White,1291,<=5s vs 10-15s
gnS0yFCT,60,1-0,Black,1573,<=5s vs 5-10s
O0xuh1UO,101,0-1,White,2209,<=5s vs <=5s
JedI9B70,102,0-1,Black,2482,<=5s vs <=5s
vXrgqDht,56,0-1,Black,1223,<=5s vs 5-10s
BZprbCS2,71,1-0,White,2391,<=5s vs <=5s
LMeoLh73,46,0-1,Black,1206,<=5s vs 5-10s
Hr5xerZi,77,1-0,White,2445,<=5s vs 5-10s
HEnKQU16,113,1-0,White,2306,<=5s vs 5-10s
oCXd02hP,73,1-0,White,2056,<=5s vs <=5s
JjESpEKA,58,0-1,Black,2183,<=5s vs <=5s
HKoxlAIw,79,0-1,White,2243,<=5s vs <=5s
ZyL661da,46,0-1,Black,874,<=5s vs 15-20s
MrYbf58n,142,0-1,Black,2749,<=5s vs 5-10s
y3aC3wyW,110,1-0,Black,1553,<=5s vs <=5s
1ughQWZs,78,0-1,Black,1369,<=5s vs <=5s
vTUpJIw3,68,0-1,Black,1461,<=5s vs 5-10s
MJ5srdVc,62,0-1,Black,2035,<=5s vs <=5s
8l2FS3C1,92,0-1,Black,1738,<=5s vs 10-15s
QuBxEjmu,63,1-0,White,1213,<=5s vs 15-20s
P9d8a5NF,81,1-0,White,1494,<=5s vs 10-15s
WPREDgJT,93,1-0,White,2200,<=5s vs <=5s
6Xmd1zq4,58,0-1,Black,1314,<=5s vs <=5s
elcvPZ0W,87,1-0,White,1346,<=5s vs 5-10s
w8VPP4cu,96,1-0,Black,2652,<=5s vs <=5s
Ol7McZRa,73,0-1,White,1438,<=5s vs <=5s
Dsj2bleA,78,0-1,Black,1502,<=5s vs <=5s
cUoNSjkh,100,0-1,Black,1750,<=5s vs 10-15s
GXTzMh1L,103,1-0,White,2220,<=5s vs <=5s
5AyDSC66,88,1-0,Black,1791,<=5s vs <=5s
sZ66shzG,71,0-1,White,1301,<=5s vs <=5s
Z7cRTwiA,73,1-0,White,2205,<=5s vs <=5s
0V6fz4mk,79,1-0,White,2087,<=5s vs <=5s
pcOpVbzl,75,0-1,White,2462,<=5s vs <=5s
NW1QUMYO,75,0-1,White,1526,<=5s vs 15-20s
OD5OXo4V,68,1-0,Black,1247,<=5s vs <=5s
Hk4X9Gky,82,0-1,Black,1417,<=5s vs <=5s
KMTfK4cG,54,0-1,Black,1425,<=5s vs 5-10s
l5PsDW0J,62,0-1,Black,1481,<=5s vs 10-15s
lbXdOPIM,49,1-0,White,1322,<=5s vs 15-20s
xjFa5b0s,105,0-1,White,2615,<=5s vs <=5s
A3HasM9X,38,0-1,Black,731,<=5s vs 5-10s
Uf8ZyXci,108,0-1,Black,2316,<=5s vs <=5s
u4q2KeFC,74,0-1,Black,1566,<=5s vs 5-10s
k8zVCXPU,54,0-1,Black,1421,<=5s vs 5-10s
ptlbowSb,69,1-0,White,1465,<=5s vs 5-10s
xbntnA6q,113,1-0,White,1297,<=5s vs 15-20s
VJk9CikO,92,0-1,Black,1851,<=5s vs <=5s
TLTPyy6D,57,1-0,White,1233,<=5s vs 5-10s
fnWW6ira,55,1-0,White,1617,<=5s vs 15-20s
ZQ5gq42n,63,1-0,White,2020,<=5s vs 10-15s
TfVwepp2,87,1-0,White,2210,<=5s vs <=5s
CmWNjte3,86,1-0,Black,2184,<=5s vs <=5s
CU0X6UXs,113,0-1,White,2055,<=5s vs <=5s
6GStckho,115,0-1,White,2002,<=5s vs <=5s
UM1nGiIu,67,1-0,White,2699,<=5s vs <=5s
tt96xrNx,85,1-0,White,2182,<=5s vs 5-10s
BsWTx9tf,99,0-1,White,2462,<=5s vs <=5s
VSkZjvYR,100,1-0,Black,2251,<=5s vs <=5s
XfddqV00,125,1-0,White,1929,<=5s vs 15-20s
84hNJoPQ,62,0-1,Black,2288,<=5s vs 15-20s
7YRDL56G,97,1-0,White,2177,<=5s vs <=5s
i3wU0M7W,93,0-1,White,1913,<=5s vs <=5s
rZFjtkoR,71,1-0,White,1007,<=5s vs 10-15s
lPhl7xRB,61,1/2-1/2,White,2221,<=5s vs 5-10s
JEDUWb7A,75,1-0,White,1776,<=5s vs 10-15s
FtlFqz5M,83,1-0,White,2031,<=5s vs <=5s
IWywqkwz,51,1-0,White,1003,<=5s vs <=5s
3lRuHosO,119,1-0,White,1997,<=5s vs 10-15s
0y2etYne,92,0-1,Black,2136,<=5s vs <=5s
sLY3pHW4,56,0-1,Black,1467,<=5s vs 15-20s
nTVL0yWd,82,0-1,Black,1788,<=5s vs <=5s
Aqqk5Pwr,89,1-0,White,2195,<=5s vs 10-15s
HAttLMdj,50,0-1,Black,992,<=5s vs 5-10s
Z2Etuf3O,96,0-1,Black,1587,<=5s vs 10-15s
L2WugGU7,52,0-1,Black,1048,<=5s vs 5-10s
1YEkZC0z,139,0-1,White,2483,<=5s vs <=5s
dz5H6SFu,60,0-1,Black,1152,<=5s vs 5-10s
Dm54ATCj,80,0-1,Black,2120,<=5s vs 5-10s
gXohHCI8,82,0-1,Black,1314,<=5s vs 5-10s
TXc2qTkm,98,0-1,Black,1628,<=5s vs <=5s
L3pJUJOz,91,1-0,White,2225,<=5s vs <=5s
W7GjMHvA,92,0-1,Black,2281,<=5s vs <=5s
hFtKFlbt,90,0-1,Black,1351,<=5s vs 5-10s
UYG0pVMT,97,1-0,White,2513,<=5s vs <=5s
UNBbORgW,81,1-0,White,2123,<=5s vs 5-10s
VmLdvm3T,64,1-0,Black,2082,<=5s vs <=5s
REWbOspI,86,0-1,Black,2172,<=5s vs <=5s
BsbjW9pf,98,0-1,Black,2231,<=5s vs <=5s
TRXqZkWd,79,1-0,White,2311,<=5s vs <=5s
KsZIoESi,121,1-0,White,2259,<=5s vs <=5s
ORvXVXtR,107,0-1,White,2355,<=5s vs <=5s
YTr9hd4V,67,1-0,White,1354,<=5s vs 5-10s
3epdWhIK,65,1-0,White,2566,<=5s vs 5-10s
BfEJNgxT,113,1-0,White,1965,<=5s vs <=5s
0722W6RA,122,1/2-1/2,Black,2321,<=5s vs <=5s
IMSguCyD,76,1-0,Black,1960,<=5s vs <=5s
6LRRBmt7,80,0-1,Black,1979,<=5s vs <=5s
bWsw3480,68,0-1,Black,1539,<=5s vs 5-10s
RdFt3X56,127,1-0,White,2144,<=5s vs <=5s
3LFesuMQ,85,1-0,White,2120,<=5s vs 10-15s
rgSgxejD,79,1-0,White,2221,<=5s vs <=5s
5xdnJkcE,96,1-0,Black,2478,<=5s vs <=5s
N7R42nhR,88,0-1,Black,2233,<=5s vs 5-10s
PU57Vs62,84,0-1,Black,2325,<=5s vs 5-10s
FjK6N9Rb,65,1-0,White,1465,<=5s vs <=5s
RhLbULo6,96,0-1,Black,2069,<=5s vs 5-10s
6kakjXWH,58,0-1,Black,1394,<=5s vs <=5s
XM2HBhsf,63,1-0,White,1590,<=5s vs <=5s
8y8mnBsC,82,1-0,Black,1454,<=5s vs <=5s
W6oXNXFS,84,0-1,Black,1710,<=5s vs 10-15s
INfHZysY,72,1/2-1/2,Black,1612,<=5s vs 5-10s
yaU8gJ4n,48,0-1,Black,1257,<=5s vs <=5s
2578iUh6,95,0-1,White,2437,<=5s vs 10-15s
NEa6CGBk,104,1/2-1/2,Black,2600,<=5s vs 10-15s
Mbu00Gj8,93,0-1,White,1595,<=5s vs <=5s
j9I6zuLy,81,1-0,White,1451,<=5s vs <=5s
MPcvtLco,91,1-0,White,2028,<=5s vs <=5s
NXoXqjgU,82,0-1,Black,2096,<=5s vs 10-15s
R7zLNw4d,82,1-0,Black,2584,<=5s vs 5-10s
CInRlcVn,63,0-1,White,1998,<=5s vs 5-10s
qEGymzbR,115,1/2-1/2,White,2173,<=5s vs 5-10s
mSX3MdLl,69,1-0,White,1411,<=5s vs 5-10s
WjIF8z3r,130,0-1,Black,2277,<=5s vs 15-20s
RMJbNjnO,66,0-1,Black,2481,<=5s vs 10-15s
q0B4CmW6,49,1-0,White,1096,<=5s vs 15-20s
V3ix93fq,63,1-0,White,1555,<=5s vs <=5s
oFqk8V9H,72,0-1,Black,1691,<=5s vs 10-15s
G00Kaf61,78,0-1,Black,2238,<=5s vs 15-20s
6YTt08bI,71,1-0,White,2373,<=5s vs 10-15s
emj0ZLSj,95,1-0,White,2144,<=5s vs 10-15s
2KcEffuD,101,1-0,White,2136,<=5s vs <=5s
r19b45oz,91,1-0,White,2068,<=5s vs <=5s
CaCbeVR2,76,0-1,Black,1972,<=5s vs 5-10s
q6yeXihC,56,0-1,Black,733,<=5s vs 5-10s
FyYXvEwd,61,1-0,White,1718,<=5s vs 5-10s
NP9HbuE9,95,1-0,White,2316,<=5s vs 15-20s
91Nr918A,111,1-0,White,2333,<=5s vs <=5s
iz0guQid,68,0-1,Black,900,<=5s vs <=5s
WvGD0CDG,60,0-1,Black,1455,<=5s vs <=5s
JMEnkJZX,91,1-0,White,2112,<=5s vs <=5s
qj7LWfCi,82,0-1,Black,1790,<=5s vs 15-20s
pHPu5WHQ,75,1-0,White,1489,<=5s vs <=5s
E2CwbxaV,95,0-1,White,2112,<=5s vs <=5s
k4HoPQNh,79,1-0,White,2260,<=5s vs 10-15s
LX8tYwYZ,75,1-0,White,884,<=5s vs <=5s
FDHjh6H3,73,1-0,White,2484,<=5s vs 5-10s
765ofcH7,81,0-1,White,2427,<=5s vs <=5s
8xp3q0ou,67,1-0,White,1661,<=5s vs 5-10s
NV9Vm8sX,50,0-1,Black,1844,<=5s vs 5-10s
4pbHbIcv,75,0-1,White,2076,<=5s vs <=5s
rEVcEWVw,108,0-1,Black,2576,<=5s vs <=5s
UslxpcDg,80,1-0,Black,2183,<=5s vs <=5s
X33tS9iW,59,1-0,White,1731,<=5s vs <=5s
PsHQ1qDQ,73,1-0,White,2192,<=5s vs <=5s
LkawYPmW,67,1-0,White,2337,<=5s vs 10-15s
L66rUxDP,91,1-0,White,3026,<=5s vs 5-10s
ZJCmg25m,64,0-1,Black,1590,<=5s vs <=5s
W1QEW4PQ,74,0-1,Black,2085,<=5s vs 5-10s
NE1bu3UQ,73,0-1,White,1845,<=5s vs <=5s
0WOlDRz6,95,1-0,White,1929,<=5s vs 5-10s
joagn6pr,95,1-0,White,2620,<=5s vs 5-10s
4YkkPRmB,86,1-0,Black,1615,<=5s vs <=5s
HvkDaI17,137,1-0,White,2201,<=5s vs <=5s
IhPgcKMr,77,1-0,White,2145,<=5s vs 5-10s
3asINhAP,79,0-1,White,2538,<=5s vs <=5s
IUjeLa0g,73,0-1,White,2284,<=5s vs <=5s
6mcXY3Vt,63,0-1,White,1579,<=5s vs <=5s
I6CdKItV,54,0-1,Black,1580,<=5s vs 5-10s
WdoKjWCl,65,1-0,White,1560,<=5s vs 5-10s
S8EvBgZG,122,0-1,Black,2391,<=5s vs 5-10s
JjNwvLeO,77,1-0,White,2587,<=5s vs <=5s
2rUKpZRi,95,1-0,White,1791,<=5s vs 10-15s
7LzVI9FV,101,1-0,White,2671,<=5s vs <=5s
DCQss7z5,81,1-0,White,1225,<=5s vs <=5s
8zlgaMzi,75,0-1,White,2665,<=5s vs <=5s
yjEleSEP,78,0-1,Black,2193,<=5s vs <=5s
doIGMy1l,70,1-0,Black,1973,<=5s vs 10-15s
RVoomKmZ,81,1-0,White,1349,<=5s vs 10-15s
NDS9g1Al,85,1-0,White,1728,<=5s vs <=5s
RnZfuZIy,99,1-0,White,2294,<=5s vs 5-10s
3r6XajQ2,54,0-1,Black,1172,<=5s vs <=5s
p5yeICB7,79,1-0,White,959,<=5s vs <=5s
5COifnyA,63,1-0,White,1841,<=5s vs <=5s
GdDTzeKA,104,0-1,Black,2118,<=5s vs <=5s
6kz7v8b0,76,1-0,Black,2015,<=5s vs 5-10s
cULLxCl8,71,0-1,White,1226,<=5s vs <=5s
4MpSPqHo,71,1-0,White,1798,<=5s vs 10-15s
6w4zuhVG,103,1-0,White,1761,<=5s vs <=5s
KsqTLXus,96,1-0,Black,1807,<=5s vs <=5s
MhFDTIYq,86,0-1,Black,2505,<=5s vs <=5s
MPpAGleK,95,1-0,White,2113,<=5s vs 10-15s
MEDIX2iy,58,0-1,Black,1107,<=5s vs <=5s
mEM9IMQK,103,1-0,White,2216,<=5s vs <=5s
E4pTMB4g,92,0-1,Black,2545,<=5s vs <=5s
A8gJ1nNY,42,0-1,Black,1198,<=5s vs <=5s
qJLxR8oX,85,1-0,White,1595,<=5s vs 5-10s
o9Px4VES,100,1-0,Black,1012,<=5s vs 5-10s
eUWnhUeI,117,1-0,White,2098,<=5s vs 15-20s
7pDLqKLW,108,1-0,Black,2333,<=5s vs <=5s
NTkLabuD,64,0-1,Black,1501,<=5s vs 5-10s
PFKjSX6U,54,0-1,Black,723,<=5s vs <=5s
EOVGdyNo,111,1-0,White,1587,<=5s vs 5-10s
VVcK9xJr,134,0-1,Black,2609,<=5s vs <=5s
dHTwBhU6,62,0-1,Black,870,<=5s vs <=5s
HtUd5urc,113,1-0,White,2548,<=5s vs <=5s
yM62OG8i,69,1-0,White,2784,<=5s vs 5-10s
pcA8o4Ix,80,0-1,Black,2062,<=5s vs 5-10s
QK6ZGRXK,79,0-1,White,2158,<=5s vs <=5s
464gJYnN,67,0-1,White,2000,<=5s vs <=5s
K9YZrKwF,73,0-1,White,1150,<=5s vs <=5s
HwvzWQQT,91,0-1,White,2200,<=5s vs <=5s
oUnkhpui,114,0-1,Black,2278,<=5s vs 10-15s
Adc8QIka,149,0-1,White,1786,<=5s vs <=5s
f6AIb023,60,0-1,Black,998,<=5s vs <=5s
TcAgIZ8A,61,1-0,White,1614,<=5s vs 15-20s
KxwTe4EF,74,0-1,Black,2133,<=5s vs 10-15s
BGPkeN7S,86,0-1,Black,1484,<=5s vs <=5s
PeetljWl,89,1-0,White,2239,<=5s vs <=5s
4G626Gvi,65,1-0,White,1934,<=5s vs 10-15s
BFd5Hmsf,81,0-1,White,2201,<=5s vs <=5s
gOBAvvTP,115,0-1,White,2333,<=5s vs <=5s
6XexALHf,68,0-1,Black,1241,<=5s vs <=5s
mqilGwbF,88,0-1,Black,2297,<=5s vs 5-10s
HBse5MU5,79,1-0,White,2190,<=5s vs 10-15s
9NJbkxNc,60,0-1,Black,1213,<=5s vs <=5s
WtOPoW6W,110,1-0,Black,2745,<=5s vs <=5s
HcWl4zW0,76,1-0,Black,1414,<=5s vs <=5s
i5uH2VkN,113,0-1,White,3115,<=5s vs <=5s
PvFjWdzg,81,1-0,White,2111,<=5s vs 15-20s
9qP0mwWU,87,1-0,White,2324,<=5s vs 15-20s
5OU8VAiq,84,1-0,Black,2363,<=5s vs <=5s
wLJ5yaNG,80,0-1,Black,1404,<=5s vs <=5s
4KqS8HGs,104,1-0,Black,2510,<=5s vs <=5s
KrlfOpHh,61,1-0,White,1320,<=5s vs 15-20s
w0Mb5mRi,90,1-0,Black,2082,<=5s vs <=5s
XCcnTq1x,89,1-0,White,2403,<=5s vs 5-10s
NQvAsrEo,75,0-1,White,2025,<=5s vs <=5s
FDeKAlv6,110,1-0,Black,1932,<=5s vs <=5s
15AxCQM1,61,0-1,White,1389,<=5s vs 10-15s
uvxdTbtk,76,0-1,Black,1975,<=5s vs 15-20s
XBzIVLyZ,77,1-0,White,2448,<=5s vs 10-15s
MeJrA65L,64,0-1,Black,1901,<=5s vs <=5s
sQwcDJWL,70,1-0,Black,1047,<=5s vs <=5s
ae9ocLpf,77,1-0,White,1481,<=5s vs <=5s
51R3yACU,59,1-0,White,1077,<=5s vs 5-10s
2jVQqO1d,110,1-0,Black,1675,<=5s vs <=5s
X4JCmXuo,119,1-0,White,2255,<=5s vs <=5s
OsJ2SSUm,83,0-1,White,2562,<=5s vs 5-10s
J8C83qYx,92,0-1,Black,1739,<=5s vs <=5s
S22dTiSX,83,0-1,White,2206,<=5s vs <=5s
txeDGc6W,87,0-1,White,1649,<=5s vs <=5s
wchH6j2a,82,0-1,Black,2567,<=5s vs 5-10s
FiWI3HPr,54,0-1,Black,1032,<=5s vs <=5s
GzH8MJ3K,66,1-0,Black,2016,<=5s vs <=5s
V5XBtKL5,62,1-0,Black,1111,<=5s vs <=5s
hBMjWrQf,59,1-0,White,1129,<=5s vs 10-15s
0mBvhQul,81,1-0,White,1989,<=5s vs 15-20s
FSQqWI0X,97,0-1,White,1648,<=5s vs <=5s
Bs7Gowmn,76,0-1,Black,2027,<=5s vs 5-10s
FSZ89qur,46,0-1,Black,895,<=5s vs 10-15s
ONcSiNXZ,54,0-1,Black,910,<=5s vs 5-10s
SfkyJyAi,102,0-1,Black,2219,<=5s vs 15-20s
drk0caV3,58,0-1,Black,917,<=5s vs 10-15s
MqFIsCt6,90,0-1,Black,2096,<=5s vs <=5s
sZ4p23eP,79,1-0,White,1340,<=5s vs 10-15s
4qe77xOa,136,1-0,Black,1913,<=5s vs <=5s
8CTH6vxK,131,1-0,White,2239,<=5s vs <=5s
mW1PRTbu,79,1-0,White,1597,<=5s vs <=5s
WRzHGacY,69,1-0,White,1522,<=5s vs <=5s
1d8zV1Rx,59,1-0,White,1697,<=5s vs 10-15s
2wFdWSnP,100,1-0,Black,2260,<=5s vs <=5s
ZqijGepG,103,1/2-1/2,White,1076,<=5s vs 10-15s
WtQBvkF5,80,1-0,Black,2022,<=5s vs <=5s
RqJbb1jz,54,0-1,Black,1006,<=5s vs 5-10s
2IJeVOVC,63,1-0,White,1578,<=5s vs <=5s
N1cIrplw,148,0-1,Black,3084,<=5s vs <=5s
oFBZlizU,82,0-1,Black,1940,<=5s vs <=5s
tpSSrwUb,181,0-1,White,2569,<=5s vs <=5s
wp7IxR4T,79,1-0,White,1583,<=5s vs <=5s
MGtUgXY8,90,0-1,Black,2408,<=5s vs 5-10s
ctOixctC,59,1-0,White,1307,<=5s vs 5-10s
Gdye6wcQ,123,1-0,White,2863,<=5s vs 5-10s
jNfPOL8H,79,1-0,White,1747,<=5s vs 10-15s
kyWJzhQ7,60,1-0,Black,1171,<=5s vs <=5s
ugyC0YxR,59,1-0,White,1659,<=5s vs 5-10s
rVqqW8Fz,85,0-1,White,2302,<=5s vs <=5s
BydmBAPU,79,1-0,White,1992,<=5s vs 5-10s
hGIcuNp1,146,0-1,Black,2448,<=5s vs <=5s
QoOF8rMd,73,1-0,White,1882,<=5s vs 10-15s
6qiKRDo3,73,1-0,White,1437,<=5s vs <=5s
XvhuKIGI,77,1-0,White,2740,<=5s vs 15-20s
o7wRJc2n,96,1-0,Black,2585,<=5s vs <=5s
WgsDAriH,84,1-0,Black,2044,<=5s vs <=5s
Esdqp75J,89,0-1,White,2063,<=5s vs <=5s
sUSWiWPa,61,1-0,White,1764,<=5s vs <=5s
ZQrXlLpR,64,0-1,Black,1921,<=5s vs 10-15s
PpZdjGis,92,0-1,Black,1856,<=5s vs 10-15s
5mwr96G1,89,1-0,White,1960,<=5s vs 15-20s
SPkC5Ael,88,0-1,Black,1751,<=5s vs <=5s
1MvJfcll,49,1-0,White,2130,<=5s vs <=5s
3HgEQtPo,115,0-1,White,2183,<=5s vs <=5s
84vafiIr,99,1-0,White,1943,<=5s vs <=5s
ydLknmlF,80,1-0,Black,1856,<=5s vs 5-10s
Q05eXFtn,131,0-1,White,2908,<=5s vs <=5s
u8dgdPH7,57,1-0,White,960,<=5s vs 5-10s
SHLrZnxL,107,1-0,White,2073,<=5s vs 5-10s
GZKH41XN,106,0-1,Black,2259,<=5s vs <=5s
mtds3qyz,80,0-1,Black,1682,<=5s vs <=5s
kd5lQEll,137,0-1,White,2355,<=5s vs <=5s
BMI83EkW,56,1-0,Black,2089,<=5s vs <=5s
U68U3WIV,107,1/2-1/2,White,1940,<=5s vs <=5s
wKgXAn1D,80,1-0,Black,2052,<=5s vs <=5s
uAugoDWD,53,1-0,White,1740,<=5s vs 10-15s
N2JJb51N,112,1-0,Black,1856,<=5s vs <=5s
Mu2B2c3i,117,1-0,White,2314,<=5s vs 10-15s
9Q5fuZkX,99,0-1,White,1944,<=5s vs <=5s
a0R2WZm4,36,0-1,Black,965,<=5s vs 10-15s
pOcf2i37,106,0-1,Black,2247,<=5s vs 5-10s
1bTDw247,77,0-1,White,1641,<=5s vs <=5s
sn2KZrxv,98,0-1,Black,1676,<=5s vs <=5s
FBmSZ2i4,76,0-1,Black,1872,<=5s vs 10-15s
FDG0Okvb,90,0-1,Black,2324,<=5s vs 5-10s
NDawU0tI,54,0-1,Black,1410,<=5s vs 5-10s
7Omo3w8v,140,1-0,Black,2988,<=5s vs <=5s
jARcrMIm,80,0-1,Black,1885,<=5s vs <=5s
3CEfLkJa,83,0-1,White,1965,<=5s vs <=5s
owrgePsY,84,0-1,Black,1381,<=5s vs 5-10s
FYtZybgj,131,0-1,White,2564,<=5s vs <=5s
acdExQ6k,86,0-1,Black,2077,<=5s vs 5-10s
5Ko1Upr0,73,0-1,White,2136,<=5s vs <=5s
8QFpJtdo,78,0-1,Black,1298,<=5s vs 5-10s
MkDSO3d8,58,0-1,Black,1173,<=5s vs <=5s
5QEAVUWq,119,1-0,White,1659,<=5s vs 10-15s
g1jlqOZW,54,0-1,Black,1117,<=5s vs 10-15s
HX26HWzb,194,0-1,Black,2749,<=5s vs 5-10s
6eM1PShL,123,1-0,White,2029,<=5s vs <=5s
ZDqB6Iz1,79,0-1,White,2264,<=5s vs <=5s
2xa2Irt7,71,1-0,White,1734,<=5s vs 5-10s
HOOjzDa7,90,1-0,Black,1893,<=5s vs <=5s
RSgWaOXt,61,1-0,White,1002,<=5s vs <=5s
9JGNkNKZ,170,0-1,Black,2099,<=5s vs <=5s
RiS6LBrM,65,0-1,White,1673,<=5s vs <=5s
eUZb5qbJ,86,1-0,Black,1346,<=5s vs <=5s
LZFD8IjN,61,0-1,White,1935,<=5s vs <=5s
5oWsyaF4,65,1-0,White,1666,<=5s vs <=5s
ybjIq6vm,58,0-1,Black,1931,<=5s vs <=5s
WUQ0NZYq,94,1-0,Black,2493,<=5s vs 5-10s
UhkePl4j,84,0-1,Black,1681,<=5s vs 10-15s
2XHWH66D,119,1-0,White,3111,<=5s vs <=5s
qQYazi2c,89,0-1,White,1190,<=5s vs <=5s
hY7vfpTz,108,0-1,Black,2510,<=5s vs 5-10s
ecmOF6n0,95,0-1,White,1896,<=5s vs <=5s
XWnS8UL7,78,1-0,Black,1913,<=5s vs <=5s
3JSjHZkC,114,1-0,Black,2150,<=5s vs <=5s
eG6Brl9U,88,0-1,Black,2021,<=5s vs 5-10s
uFoqe3Wy,83,1-0,White,1864,<=5s vs <=5s
sM4l2wsF,54,0-1,Black,1256,<=5s vs 15-20s
4CUVDdIw,114,0-1,Black,1735,<=5s vs <=5s
L5ICUrnI,82,0-1,Black,1911,<=5s vs <=5s
NumZ3YSB,61,1-0,White,1794,<=5s vs 15-20s
TnwSAlBY,88,0-1,Black,1486,<=5s vs 15-20s
GoYunhYi,92,1-0,Black,2244,<=5s vs 5-10s
mJ9N8mcl,78,0-1,Black,2033,<=5s vs <=5s
6ejhZGGq,61,1-0,White,1827,<=5s vs <=5s
WHQliqgQ,115,0-1,White,2888,<=5s vs <=5s
L4RCqGJn,67,0-1,White,2191,<=5s vs 15-20s
vhRs7X20,67,1-0,White,1393,<=5s vs 5-10s
Ah5A5Nb9,97,1-0,White,2187,<=5s vs 10-15s
aUYc37zf,70,1-0,Black,1361,<=5s vs <=5s
I2Q9UFh9,88,0-1,Black,1813,<=5s vs <=5s
EEvfzeHh,61,1-0,White,1896,<=5s vs <=5s
CvuL116J,64,0-1,Black,1909,<=5s vs <=5s
d8uoYtfy,103,1-0,White,2666,<=5s vs <=5s
VquU9ipN,84,0-1,Black,2377,<=5s vs 5-10s
dKmQKjil,64,1-0,Black,2054,<=5s vs <=5s
rBcFsp61,74,0-1,Black,1690,<=5s vs 10-15s
eEzuOmWI,117,0-1,White,2207,<=5s vs 5-10s
Sq1x2REN,79,1-0,White,2121,<=5s vs 10-15s
3z00saTs,124,1/2-1/2,Black,1931,<=5s vs <=5s
tdGkPZwk,70,1-0,Black,1997,<=5s vs <=5s
HbAqaOAt,75,1-0,White,2498,<=5s vs 10-15s
40NjPy8g,93,1-0,White,1493,<=5s vs 5-10s
J5cVRBic,84,0-1,Black,2055,<=5s vs 5-10s
wtifVLND,77,1-0,White,1757,<=5s vs 10-15s
uvascUlJ,76,1-0,Black,1644,<=5s vs 5-10s
U6rQjEzz,71,1-0,White,1801,<=5s vs 10-15s
EZudYlLF,98,0-1,Black,2622,<=5s vs 5-10s
DpUQEGcQ,74,0-1,Black,1529,<=5s vs 15-20s
QiTp4SWu,55,0-1,White,885,<=5s vs <=5s
2fVBHsuH,77,0-1,White,2135,<=5s vs <=5s
nimCh8TF,95,1-0,White,2211,<=5s vs <=5s
tcz2b6l5,98,0-1,Black,1883,<=5s vs <=5s
O8qpnqq6,119,0-1,White,2564,<=5s vs <=5s
CD0kHmq4,39,1-0,White,983,<=5s vs 5-10s
o71qcz3b,73,1-0,White,1589,<=5s vs 15-20s
bgS8C8Xo,73,0-1,White,2203,<=5s vs <=5s
lJ4FylKM,106,0-1,Black,1805,<=5s vs 5-10s
nW9fPVpP,75,1-0,White,1356,<=5s vs 5-10s
0zPY8NBi,42,1-0,Black,890,<=5s vs <=5s
2McWUZHg,112,1-0,Black,2705,<=5s vs <=5s
QASvNuIO,39,1-0,White,1601,<=5s vs 10-15s
QXKE57cV,49,1-0,White,1298,<=5s vs 5-10s
YX914xYS,73,1-0,White,1500,<=5s vs 10-15s
PbWcScUj,64,0-1,Black,1868,<=5s vs 5-10s
az20LJp7,55,0-1,White,1228,<=5s vs <=5s
8ioG53z9,62,0-1,Black,961,<=5s vs <=5s
I37BGsQw,68,0-1,Black,1608,<=5s vs 5-10s
1zI51a5l,69,1-0,White,2196,<=5s vs 5-10s
aLAbveAw,60,0-1,Black,1464,<=5s vs 10-15s
Ndjq91qC,83,0-1,White,2333,<=5s vs <=5s
I6yXcQ7U,119,0-1,White,2479,<=5s vs <=5s
fxF8y0lj,93,1-0,White,2251,<=5s vs 10-15s
fenOIOvO,73,0-1,White,1922,<=5s vs <=5s
aDNwHqVE,46,0-1,Black,1177,<=5s vs 15-20s
WytU2rOi,60,0-1,Black,2087,<=5s vs 5-10s
7W3ftUBp,67,1-0,White,1460,<=5s vs <=5s
VlVH8qay,85,1-0,White,1864,<=5s vs 10-15s
VrhB0DRU,52,0-1,Black,1281,<=5s vs 10-15s
VI4KHvVe,79,1-0,White,1193,<=5s vs 10-15s
o93hUOLY,72,0-1,Black,1675,<=5s vs <=5s
VOjBNStQ,91,1-0,White,2285,<=5s vs <=5s
eDUAAI0L,63,1-0,White,1529,<=5s vs 10-15s
61CCsCSg,120,1-0,Black,1979,<=5s vs 5-10s
lBbUbpE2,103,0-1,White,2371,<=5s vs <=5s
5IP163pj,84,0-1,Black,2442,<=5s vs <=5s
kY7XHDYB,87,1-0,White,2026,<=5s vs <=5s
Z5Oqo4Wi,101,0-1,White,2282,<=5s vs <=5s
vQZJHRvn,73,0-1,White,1754,<=5s vs <=5s
WaVoSpiQ,106,0-1,Black,2552,<=5s vs 5-10s
9nCrdtPy,72,0-1,Black,1055,<=5s vs 10-15s
vrqBGfTi,79,1-0,White,1765,<=5s vs <=5s
N565JYya,62,1-0,Black,2352,<=5s vs <=5s
wDmfyizL,112,1/2-1/2,Black,2415,<=5s vs 5-10s
0khZ6muI,89,1-0,White,2190,<=5s vs 5-10s
BfBKKnOb,74,0-1,Black,1447,<=5s vs 5-10s
UhPEc7UP,97,1-0,White,1983,<=5s vs 10-15s
it9NteBU,88,0-1,Black,1836,<=5s vs <=5s
ucKghc6H,66,0-1,Black,2369,<=5s vs 5-10s
GP3jslxb,55,1-0,White,1199,<=5s vs 5-10s
MyrMDGyt,86,1-0,Black,2456,<=5s vs <=5s
OBEPehKh,50,0-1,Black,947,<=5s vs 10-15s
AHSLG4Hc,110,1-0,Black,1673,<=5s vs <=5s
enQNoocz,111,1-0,White,2218,<=5s vs 10-15s
xX65RtIj,51,1-0,White,798,<=5s vs 15-20s
JtVVS5EM,70,0-1,Black,1693,<=5s vs 10-15s
7Ro1UPE2,74,0-1,Black,1180,<=5s vs 5-10s
TYTUMTn9,138,0-1,Black,2430,<=5s vs <=5s
6DXIdsgK,44,0-1,Black,1462,<=5s vs <=5s
7jZy39OA,101,1/2-1/2,White,1528,<=5s vs 5-10s
BkNrHAYT,73,1-0,White,1740,<=5s vs <=5s
10FLx7gN,127,1-0,White,2498,<=5s vs <=5s
5sQH0hdB,101,0-1,White,2167,<=5s vs <=5s
ka4Kw0wz,56,0-1,Black,949,<=5s vs 5-10s
ne0LBYCq,83,0-1,White,2402,<=5s vs <=5s
HhKkC2AA,79,0-1,White,1987,<=5s vs <=5s
ylIEPM2T,75,0-1,White,2009,<=5s vs <=5s
iT8Zcfzb,56,0-1,Black,1692,<=5s vs 10-15s
k2xSRU6u,52,0-1,Black,2031,<=5s vs 10-15s
5jSERRCs,91,0-1,White,1765,<=5s vs <=5s
IURSyGDL,108,1-0,Black,2259,<=5s vs <=5s
JFH6vCUa,82,0-1,Black,1317,<=5s vs <=5s
eZzTsQmc,81,0-1,White,1163,<=5s vs 10-15s
0BbNtkg9,105,0-1,White,2337,<=5s vs <=5s
Trb1Jy0h,88,1-0,Black,1960,<=5s vs <=5s
FbQvyxQc,95,1-0,White,2262,<=5s vs 10-15s
V5xZ0GHw,70,1-0,Black,1603,<=5s vs <=5s
7xkP4C9L,96,1-0,Black,2514,<=5s vs <=5s
t99DmGV3,45,1-0,White,1716,<=5s vs 5-10s
8JjX6r4u,66,0-1,Black,1530,<=5s vs 5-10s
eQcEojth,92,1/2-1/2,Black,1517,<=5s vs <=5s
UJ9wBkmr,134,0-1,Black,2137,<=5s vs 10-15s
XhINhI17,90,1-0,Black,1472,<=5s vs 10-15s
vGbBIYrv,125,1-0,White,2643,<=5s vs <=5s
Su2FFenf,114,1-0,Black,2449,<=5s vs <=5s
mJYREcwu,65,1-0,White,2011,<=5s vs 15-20s
zybG2SXq,40,0-1,Black,922,<=5s vs 5-10s
lRVt1NIM,61,1-0,White,1796,<=5s vs 15-20s
UJvogjs7,107,1-0,White,2435,<=5s vs 5-10s
aWQc0RPT,104,0-1,Black,1670,<=5s vs <=5s
g8eP3EXf,67,1-0,White,1876,<=5s vs <=5s
aibynSYU,77,1-0,White,1593,<=5s vs 5-10s
xBZ9tTKx,90,0-1,Black,1813,<=5s vs <=5s
XqUqqSpz,62,0-1,Black,2048,<=5s vs 5-10s
4zQNCTvl,98,0-1,Black,2349,<=5s vs <=5s
PfroL5YL,92,0-1,Black,2178,<=5s vs 5-10s
spavQFGd,86,0-1,Black,2423,<=5s vs <=5s
zJkyFnvL,73,1-0,White,1990,<=5s vs 15-20s
9CxoQLbm,56,1-0,Black,1525,<=5s vs 5-10s
iQUkQJCA,81,1/2-1/2,White,1418,<=5s vs 5-10s
N0ptUTNg,61,1-0,White,2263,<=5s vs 10-15s
YqhbglO9,62,0-1,Black,1546,<=5s vs <=5s
T5xetuMW,69,1-0,White,1810,<=5s vs 5-10s
ZKJl5a6q,78,0-1,Black,1895,<=5s vs 10-15s
HJgat7pv,126,0-1,Black,2512,<=5s vs <=5s
9Zj8Vw5q,86,0-1,Black,2275,<=5s vs 5-10s
q46rRbr2,85,1-0,White,1572,<=5s vs 5-10s
AkVd5Byy,109,1-0,White,2263,<=5s vs 5-10s
273QiUTJ,96,0-1,Black,2487,<=5s vs <=5s
Wi8sFUGa,62,0-1,Black,1865,<=5s vs 5-10s
XfseqFoH,101,0-1,White,2321,<=5s vs <=5s
X0CdzHtk,58,0-1,Black,964,<=5s vs 15-20s
SAvS9X1U,83,1-0,White,2161,<=5s vs 5-10s
BLiGwWU4,66,0-1,Black,2147,<=5s vs 5-10s
47tRbkrd,65,1-0,White,1121,<=5s vs <=5s
GLC39tct,56,1-0,Black,1092,<=5s vs <=5s
b6MVFg8s,74,1-0,Black,1892,<=5s vs <=5s
NQOsOhUK,77,1-0,White,2459,<=5s vs 5-10s
P53yTYgA,76,0-1,Black,1332,<=5s vs <=5s
aBMpFr5c,69,1-0,White,1625,<=5s vs 10-15s
qnmJYBXE,51,1-0,White,1927,<=5s vs 15-20s
EzET4FRW,78,0-1,Black,2339,<=5s vs <=5s
bfC27KoZ,137,0-1,White,2534,<=5s vs <=5s
Dozl0tGz,62,0-1,Black,2430,<=5s vs <=5s
iKJbaC3L,107,0-1,White,1929,<=5s vs <=5s
8znZVJNC,63,1-0,White,1446,<=5s vs <=5s
EKEQ6LD2,66,1-0,Black,1854,<=5s vs <=5s
gn7vpXdq,66,0-1,Black,1929,<=5s vs 15-20s
cLVLVd8r,86,0-1,Black,1862,<=5s vs 5-10s
u4K6KMzA,122,0-1,Black,2702,<=5s vs <=5s
MCFvnFrE,76,0-1,Black,1765,<=5s vs 5-10s
q1KsAoKP,62,0-1,Black,2106,<=5s vs <=5s
Cc4asSIW,57,1-0,White,1265,<=5s vs 5-10s
Kuj11G6w,95,1-0,White,2265,<=5s vs 5-10s
AtwO7Rxq,79,0-1,White,2401,<=5s vs <=5s
EIZQI6Dz,92,0-1,Black,1683,<=5s vs 5-10s
OLmXPAKA,98,0-1,Black,2232,<=5s vs 15-20s
8OkDpv3h,88,0-1,Black,2123,<=5s vs <=5s
ozvf0ORH,73,1-0,White,1792,<=5s vs 5-10s
NjZK0Jpk,51,1-0,White,1352,<=5s vs 5-10s
o8eKcbgi,71,1-0,White,1617,<=5s vs <=5s
b7CwVZx3,71,0-1,White,2055,<=5s vs <=5s
c5pBLome,70,0-1,Black,1351,<=5s vs 15-20s
PGxziKQQ,69,1-0,White,1712,<=5s vs <=5s
g5yhn0x4,78,0-1,Black,1865,<=5s vs 5-10s
R9szxMjF,80,0-1,Black,931,<=5s vs <=5s
iFWd2cF5,122,1-0,Black,1831,<=5s vs <=5s
72FExqIB,96,1-0,Black,2495,<=5s vs <=5s
mtVnghS9,113,1-0,White,2465,<=5s vs 5-10s
ljWPHRI7,75,1-0,White,1671,<=5s vs 15-20s
QKgFaqQM,77,0-1,White,1786,<=5s vs <=5s
O2JUuR09,112,0-1,Black,1961,<=5s vs <=5s
7ti0VUYv,109,1-0,White,2623,<=5s vs <=5s
h5O6KvmO,95,0-1,White,2168,<=5s vs <=5s
dr1jrqAb,59,1-0,White,2098,<=5s vs 15-20s
4Ioo2bQu,114,1-0,Black,2771,<=5s vs <=5s
dWFglMp9,90,1-0,Black,1680,<=5s vs <=5s
84776Ct2,81,1-0,White,2012,<=5s vs 15-20s
CSStSGgy,72,0-1,Black,2028,<=5s vs <=5s
o9hUBJXp,83,1-0,White,2026,<=5s vs 5-10s
LArvJ38M,84,0-1,Black,1481,<=5s vs 5-10s
j801LmoF,64,0-1,Black,1510,<=5s vs 5-10s
WSvDNzO3,114,1-0,Black,2760,<=5s vs <=5s
jSoIuYu3,86,0-1,Black,2099,<=5s vs 5-10s
n2maX9kc,83,0-1,White,1827,<=5s vs <=5s
aqG3uGhx,50,0-1,Black,1390,<=5s vs 5-10s
sCbsvPwN,67,0-1,White,1965,<=5s vs <=5s
7kAlYtpr,76,1-0,Black,2341,<=5s vs 15-20s
e8eDhjGS,87,1-0,White,2019,<=5s vs <=5s
MRoW7C9m,60,0-1,Black,1886,<=5s vs 15-20s
hWHBG2Zp,57,1-0,White,2273,<=5s vs 15-20s
HxSRPPJE,70,0-1,Black,2099,<=5s vs <=5s
211ket9J,71,0-1,White,2766,<=5s vs <=5s
A7P9JSQC,67,1-0,White,1875,<=5s vs 5-10s
C6wnFaiL,83,1-0,White,2424,<=5s vs <=5s
mKYXDk4w,79,0-1,White,2481,<=5s vs 5-10s
4GtH7pZI,58,0-1,Black,1796,<=5s vs 15-20s
HG8BOoV7,73,1-0,White,1410,<=5s vs 5-10s
4Bgsa84u,91,0-1,White,1869,<=5s vs <=5s
AnNZovFy,84,0-1,Black,1250,<=5s vs 5-10s
SDjHYbcr,81,1-0,White,1789,<=5s vs <=5s
8cE4DMFo,98,0-1,Black,2319,<=5s vs 15-20s
Ia9F3UJq,56,0-1,Black,1951,<=5s vs 10-15s
Hfbk4niM,65,1-0,White,1943,<=5s vs <=5s
v5NBkj7s,56,0-1,Black,1178,<=5s vs <=5s
BTJoXsSA,95,0-1,White,1967,<=5s vs <=5s
wduqRfi3,63,1-0,White,1908,<=5s vs 15-20s
CudVJChw,62,0-1,Black,1685,<=5s vs 5-10s
l8wQPdPn,69,1-0,White,1738,<=5s vs 10-15s
NjCWv0x8,64,0-1,Black,1513,<=5s vs 10-15s
tt6Mlhmq,63,1-0,White,1348,<=5s vs <=5s
Lh4jRzao,71,1-0,White,1693,<=5s vs 15-20s
X9ml1nXK,105,1-0,White,2296,<=5s vs <=5s
iHl07BNM,61,1-0,White,1500,<=5s vs 5-10s
LaSEEaZr,67,1-0,White,1569,<=5s vs <=5s
XoAJSiHB,62,0-1,Black,1267,<=5s vs 10-15s
YCC06uvL,65,1-0,White,1923,<=5s vs <=5s
izzx5rw4,63,0-1,White,1996,<=5s vs <=5s
5W2wZLGF,139,1/2-1/2,White,2049,<=5s vs <=5s
P8hOphCC,85,1-0,White,1952,<=5s vs <=5s
WDBNQnpL,87,1-0,White,1323,<=5s vs 5-10s
DbzrxWqh,65,1-0,White,1639,<=5s vs 15-20s
Fnfbjk60,83,0-1,White,2194,<=5s vs <=5s
y3C9b5vt,59,1-0,White,1937,<=5s vs 5-10s
XI6vbI8N,70,0-1,Black,1367,<=5s vs 5-10s
LeEKudQt,55,0-1,White,2011,<=5s vs <=5s
89yrWDxX,70,0-1,Black,1806,<=5s vs 5-10s
0rQwJ5nq,118,0-1,Black,2428,<=5s vs <=5s
obGXBYnY,69,1-0,White,1807,<=5s vs 10-15s
i77e09B4,56,0-1,Black,2034,<=5s vs 15-20s
A4ETuH4Z,88,0-1,Black,2094,<=5s vs <=5s
KkQLqfjd,54,0-1,Black,2003,<=5s vs 15-20s
mKVkZA4z,73,0-1,White,1631,<=5s vs 5-10s
KnWcf91t,71,1-0,White,1680,<=5s vs <=5s
OtgBdhCz,107,1-0,White,2318,<=5s vs 10-15s
3vVH8hf9,106,0-1,Black,2414,<=5s vs <=5s
4w5wEtWJ,86,1-0,Black,2164,<=5s vs <=5s
54se1ak2,103,1-0,White,2338,<=5s vs <=5s
7Az2zpzq,94,0-1,Black,2460,<=5s vs 5-10s
JoK6HNus,85,1-0,White,2180,<=5s vs 10-15s
G72IoqSe,88,0-1,Black,1749,<=5s vs 5-10s
PFd1FVpj,76,0-1,Black,1931,<=5s vs <=5s
Hf3WgQ8z,67,1-0,White,1827,<=5s vs <=5s
MY9eSbSw,58,0-1,Black,1943,<=5s vs <=5s
CdMIz3Oo,80,1-0,Black,1523,<=5s vs <=5s
pDVttziB,52,0-1,Black,1312,<=5s vs 10-15s
hv8KG8fR,67,1-0,White,2095,<=5s vs 15-20s
yu4deKrr,45,0-1,White,964,<=5s vs 5-10s
419EdyK3,58,0-1,Black,1061,<=5s vs <=5s
gg6CUREP,61,1-0,White,1298,<=5s vs <=5s
2l6uwwld,102,0-1,Black,1628,<=5s vs <=5s
qmvwxqkQ,72,0-1,Black,1939,<=5s vs 10-15s
miILbkUT,141,1/2-1/2,White,2147,<=5s vs <=5s
jyZyMDa5,72,1-0,Black,1578,<=5s vs <=5s
1w3X8bie,87,1-0,White,1934,<=5s vs 5-10s
ezI4VNlF,61,1-0,White,1241,<=5s vs <=5s
0GN7T4B8,53,1-0,White,1680,<=5s vs 10-15s
dtNX7UVq,81,1-0,White,1815,<=5s vs <=5s
e3qDsAPC,70,0-1,Black,732,<=5s vs <=5s
edJqdqWr,57,1-0,White,1573,<=5s vs 15-20s
sTU2Ueha,78,0-1,Black,1515,<=5s vs 5-10s
QOfp4ESy,101,1-0,White,2072,<=5s vs <=5s
GXiH4CaW,57,1-0,White,2106,<=5s vs 15-20s
q5gZfINx,78,0-1,Black,1161,<=5s vs <=5s
rMtbOJRb,83,1-0,White,1576,<=5s vs 10-15s
Fg3Lxzj6,101,1/2-1/2,White,2416,<=5s vs <=5s
hOzLck4o,68,0-1,Black,2329,<=5s vs 10-15s
LFpi27Bh,125,1-0,White,2453,<=5s vs 5-10s
dnRyPtw4,46,0-1,Black,1061,<=5s vs 10-15s
RnowhBUY,73,1-0,White,2009,<=5s vs 10-15s
HNUtIFV3,112,1-0,Black,2442,<=5s vs <=5s
qhToAWmp,93,1-0,White,2414,<=5s vs 5-10s
0Kpjh2s1,79,0-1,White,2233,<=5s vs <=5s
5uZdoK1t,100,0-1,Black,2405,<=5s vs <=5s
YYRb4Nes,76,0-1,Black,1949,<=5s vs 5-10s
18xKscFb,69,1-0,White,2215,<=5s vs <=5s
k10LJIMw,83,0-1,White,2170,<=5s vs <=5s
Obzq5spK,91,1/2-1/2,White,2421,<=5s vs 10-15s
PB9YTT7W,77,1-0,White,2495,<=5s vs <=5s
SoIxJpjM,118,0-1,Black,2788,<=5s vs <=5s
urKTnZjv,102,1-0,Black,2286,<=5s vs <=5s
UBwWjzNJ,88,0-1,Black,2054,<=5s vs <=5s
CTSxYWa5,82,0-1,Black,919,<=5s vs 5-10s
jvzR3NfH,70,0-1,Black,1600,<=5s vs <=5s
U0XSG9oe,79,1-0,White,1112,<=5s vs 5-10s
s6j39KBr,79,1-0,White,1549,<=5s vs <=5s
rqNs9niP,87,0-1,White,2568,<=5s vs 5-10s
HoQFwA9r,88,0-1,Black,2906,<=5s vs <=5s
oQblq8SF,78,0-1,Black,2201,<=5s vs 10-15s
E5q3xXR2,66,0-1,Black,1327,<=5s vs <=5s
w52CfMYh,51,1-0,White,1216,<=5s vs 10-15s
z8zRlMxT,86,0-1,Black,1135,<=5s vs 5-10s
F6rf6Ps5,104,0-1,Black,2410,<=5s vs <=5s
cjZRMX6U,72,0-1,Black,1217,<=5s vs <=5s
zKR0cmU4,58,0-1,Black,1432,<=5s vs 5-10s
2j0LtGOp,80,0-1,Black,1829,<=5s vs <=5s
KkQipL7R,41,1-0,White,776,<=5s vs 15-20s
FlYfv6xC,88,1-0,Black,1648,<=5s vs <=5s
ZrLr6CLU,75,1-0,White,1738,<=5s vs 15-20s
VEDF0d6M,104,0-1,Black,1715,<=5s vs 5-10s
aqrrwLTR,59,1-0,White,943,<=5s vs 5-10s
Nd22x0BL,51,1-0,White,949,<=5s vs 5-10s
yxigB9f8,83,0-1,White,1939,<=5s vs <=5s
B2qaTiIm,85,1-0,White,1843,<=5s vs <=5s
3v81I22O,76,1/2-1/2,Black,2050,<=5s vs 5-10s
XW37HI6f,103,1-0,White,1790,<=5s vs 5-10s
bpa7U02W,98,1-0,Black,2317,<=5s vs <=5s
VrotMwVy,55,1-0,White,2206,<=5s vs 15-20s
2ScGVnD4,79,1-0,White,864,<=5s vs 10-15s
ONAjO6mZ,60,1-0,Black,2356,<=5s vs 5-10s
bgYxFh4l,110,0-1,Black,1930,<=5s vs 15-20s
sVeAYDCD,72,1-0,Black,1362,<=5s vs <=5s
s3P1IPk6,57,1-0,White,1398,<=5s vs <=5s
Z6eoHjLx,71,1-0,White,1290,<=5s vs <=5s
EUnb1sIu,98,0-1,Black,1768,<=5s vs 10-15s
ISKeKsm5,65,1-0,White,1694,<=5s vs 5-10s
XblgBZI0,63,1-0,White,2153,<=5s vs 15-20s
DTyOW2n4,72,1-0,Black,1600,<=5s vs <=5s
MnlylpCv,79,1-0,White,2345,<=5s vs 5-10s
gGPaTDFo,117,0-1,White,2879,<=5s vs <=5s
TuG6he3a,83,1-0,White,1702,<=5s vs 5-10s
LPL9lXcQ,60,0-1,Black,1444,<=5s vs 5-10s
z4t3rwI5,53,1-0,White,1167,<=5s vs <=5s
xwvkplMz,84,0-1,Black,2094,<=5s vs 5-10s
ViGc43O7,79,1-0,White,2212,<=5s vs 10-15s
IMf3n8j5,111,1-0,White,2337,<=5s vs <=5s
nnPBBeF7,98,0-1,Black,1902,<=5s vs <=5s
ptxYn6C1,78,0-1,Black,1759,<=5s vs <=5s
3BBPQaED,83,0-1,White,2178,<=5s vs <=5s
NAuWE2Je,123,1-0,White,1927,<=5s vs 5-10s
bMGlLYnz,40,0-1,Black,1038,<=5s vs 10-15s
IzHkt5OM,63,1-0,White,1793,<=5s vs 5-10s
SQFvDI4X,74,1-0,Black,1607,<=5s vs <=5s
3O76ATgw,130,0-1,Black,1926,<=5s vs <=5s
4RsXvHVL,124,0-1,Black,1605,<=5s vs 5-10s
B7WHSCll,94,1-0,Black,2221,<=5s vs <=5s
O82G4hKV,67,1-0,White,1374,<=5s vs 5-10s
iH7s3VzL,46,0-1,Black,1171,<=5s vs 5-10s
bYvzyBvX,80,0-1,Black,1885,<=5s vs <=5s
rtAaTVWv,98,0-1,Black,2177,<=5s vs 5-10s
XrGwzfZa,76,0-1,Black,1365,<=5s vs 10-15s
yK1zQqiE,56,0-1,Black,1424,<=5s vs 5-10s
qdRaSQBC,107,0-1,White,1821,<=5s vs <=5s
NLzznmB7,125,0-1,White,2716,<=5s vs <=5s
RdU0a2dZ,82,0-1,Black,1784,<=5s vs <=5s
NbuMimgS,108,1-0,Black,2291,<=5s vs <=5s
au5BKCaR,47,1-0,White,1025,<=5s vs 10-15s
VBse8PGE,87,1-0,White,1895,<=5s vs <=5s
PYU1ZgXF,76,1-0,Black,1804,<=5s vs <=5s
rg2VytzS,184,1-0,Black,2506,<=5s vs <=5s
HS3SPZKO,66,0-1,Black,1460,<=5s vs <=5s
GAQuXW40,67,1-0,White,2192,<=5s vs <=5s
hUTo8CYP,41,1-0,White,1361,<=5s vs 10-15s
zsrPDpJ4,42,0-1,Black,1036,<=5s vs 15-20s
LQJc8BzN,79,0-1,White,1861,<=5s vs <=5s
M0uaazAl,80,1-0,Black,1453,<=5s vs <=5s
g7tnOnc8,60,0-1,Black,1717,<=5s vs <=5s
PsWbHW22,79,1-0,White,2512,<=5s vs 10-15s
BDCd6H2S,109,1-0,White,2548,<=5s vs 5-10s
PxkDBocQ,152,0-1,Black,2389,<=5s vs <=5s
Q1KRrsrp,101,1/2-1/2,White,2049,<=5s vs 10-15s
QmjdV58T,104,1-0,Black,2645,<=5s vs <=5s
x8Qjm2Pd,113,0-1,White,2513,<=5s vs <=5s
ew2q3ldD,71,1-0,White,1352,<=5s vs 5-10s
OPHSru1C,33,1-0,White,848,<=5s vs <=5s
tvM8VeCx,104,0-1,Black,2450,<=5s vs <=5s
9YS3esdL,87,1-0,White,1918,<=5s vs 15-20s
TfQ6RqwZ,91,1-0,White,2136,<=5s vs <=5s
YcnftsYd,70,0-1,Black,2007,<=5s vs 15-20s
ra6G1cZ6,63,1-0,White,1672,<=5s vs 5-10s
MevPEKdh,75,1-0,White,2303,<=5s vs 5-10s
uqRzOyp3,75,1-0,White,2197,<=5s vs <=5s
3NBGOcfO,109,0-1,White,1681,<=5s vs <=5s
BwuM4yR5,120,0-1,Black,2425,<=5s vs <=5s
CyIwHuoi,98,0-1,Black,2620,<=5s vs <=5s
D8z7jvYM,100,0-1,Black,2198,<=5s vs <=5s
5RzeTxlu,64,0-1,Black,1884,<=5s vs 15-20s
YdKj6D1J,77,0-1,White,1104,<=5s vs <=5s
5szYGAu9,121,1-0,White,2096,<=5s vs <=5s
kalmAttt,89,1-0,White,2585,<=5s vs 10-15s
UOtT2Xrl,122,0-1,Black,1119,<=5s vs <=5s
aFnovwH8,51,1-0,White,1110,<=5s vs 5-10s
QKPsGZra,145,1/2-1/2,White,2618,<=5s vs <=5s
LrvDpgeY,69,1-0,White,1706,<=5s vs <=5s
XHSw8XQ4,75,1-0,White,2312,<=5s vs <=5s
tEgVPRqF,98,1-0,Black,2455,<=5s vs <=5s
KU1DTFTy,75,1-0,White,2279,<=5s vs <=5s
AxUtC7ym,75,0-1,White,1854,<=5s vs <=5s
wHwR0odL,72,0-1,Black,1173,<=5s vs <=5s
wcAGcvgo,75,1-0,White,1812,<=5s vs <=5s
Vu6yIHWY,114,1-0,Black,1920,<=5s vs <=5s
ReBYyp13,58,0-1,Black,575,<=5s vs 10-15s
pZlXQD97,69,1-0,White,1444,<=5s vs 5-10s
2o5DbZEz,74,1-0,Black,1506,<=5s vs <=5s
oDLbx5Hv,96,0-1,Black,2640,<=5s vs <=5s
Q1uil2DA,50,0-1,Black,740,<=5s vs <=5s
qX4vaCRM,111,1-0,White,1993,<=5s vs <=5s
aMtUXkNI,88,0-1,Black,2092,<=5s vs 5-10s
0FWB98Dd,46,0-1,Black,1387,<=5s vs 10-15s
NePrLw54,85,1-0,White,1908,<=5s vs 15-20s
4nMdR3TN,96,0-1,Black,2439,<=5s vs <=5s
L9kCsXBe,74,0-1,Black,1665,<=5s vs 15-20s
Rk2c8nP9,87,1-0,White,1659,<=5s vs 15-20s
8fFe5ret,120,0-1,Black,2584,<=5s vs <=5s
BDGIATV1,94,0-1,Black,2185,<=5s vs 15-20s
V6iVBida,60,0-1,Black,1884,<=5s vs 15-20s
9pwUAJv1,77,1-0,White,1427,<=5s vs 5-10s
ZRWDZBNF,68,0-1,Black,1561,<=5s vs 5-10s
VVBdOn6A,81,1-0,White,1973,<=5s vs 15-20s
XtZMmyQr,85,1-0,White,2016,<=5s vs 5-10s
9EXQWDza,70,0-1,Black,1368,<=5s vs 15-20s
b2T60pTV,62,0-1,Black,2656,<=5s vs <=5s
0uIoDwVk,138,0-1,Black,2288,<=5s vs <=5s
ZZuqYiaD,86,0-1,Black,2110,<=5s vs 5-10s
cvWPdmSC,67,1-0,White,1281,<=5s vs 5-10s
jxOz5XCy,63,1-0,White,1967,<=5s vs 5-10s
nfRuHcpL,45,1-0,White,1170,<=5s vs 15-20s
Q1AZOSXp,110,1-0,Black,1581,<=5s vs <=5s
VK6nCuRk,106,1-0,Black,2144,<=5s vs <=5s
NCFMxOrv,64,0-1,Black,1283,<=5s vs <=5s
yOYDiwsv,61,0-1,White,1925,<=5s vs <=5s
SyTDTAmX,72,0-1,Black,1363,<=5s vs 5-10s
JfPPXbh5,52,0-1,Black,1129,<=5s vs 15-20s
kofsg7xZ,107,1-0,White,2540,<=5s vs <=5s
466f736Y,48,0-1,Black,744,<=5s vs 15-20s
wTkbVsV0,97,1-0,White,1894,<=5s vs <=5s
OOdv69qx,50,0-1,Black,1022,<=5s vs <=5s
rkPB9uzW,51,1-0,White,1434,<=5s vs 10-15s
OosYw7pp,94,0-1,Black,2318,<=5s vs <=5s
25pSKNZU,69,0-1,White,1701,<=5s vs <=5s
hwKAwhJn,129,1-0,White,2572,<=5s vs <=5s
Q6bkur56,114,0-1,Black,2239,<=5s vs <=5s
pb7RGWQM,89,0-1,White,1922,<=5s vs <=5s
8ly1Fxy5,80,0-1,Black,1530,<=5s vs <=5s
u1U6vrU3,75,0-1,White,2395,<=5s vs <=5s
4F4IKJZF,87,1-0,White,2343,<=5s vs 5-10s
1LJLkQsa,79,1-0,White,2934,<=5s vs 5-10s
5jbIr1WR,125,0-1,White,2783,<=5s vs <=5s
S1cWhUog,103,0-1,White,2741,<=5s vs <=5s
igQ5ivFY,91,1-0,White,1692,<=5s vs <=5s
KEvQmiVn,83,1-0,White,2095,<=5s vs 5-10s
Jx2xoa2K,77,1-0,White,2242,<=5s vs <=5s
mBq29mPq,94,0-1,Black,1774,<=5s vs <=5s
fIP0s8Xj,68,0-1,Black,1909,<=5s vs 10-15s
syFUBC2y,86,0-1,Black,1698,<=5s vs <=5s
RrNpEm8I,89,1-0,White,2188,<=5s vs 5-10s
2bxavxnv,80,1-0,Black,2423,<=5s vs <=5s
4nZESpHI,84,0-1,Black,2366,<=5s vs <=5s
TNenugNa,76,0-1,Black,1298,<=5s vs <=5s
d9QawIiB,58,0-1,Black,834,<=5s vs <=5s
qEVRKyyG,82,0-1,Black,1676,<=5s vs <=5s
a1qIOc4f,83,1-0,White,1777,<=5s vs 5-10s
BQbTyvqK,79,1-0,White,1266,<=5s vs 5-10s
hMi8lUcG,78,1/2-1/2,Black,1823,<=5s vs <=5s
fKc2Tf7d,95,1-0,White,1750,<=5s vs 5-10s
SUXGly0x,46,0-1,Black,1409,<=5s vs <=5s
30ARwrWY,126,1-0,Black,1970,<=5s vs <=5s
dTpSxGIc,75,1-0,White,1555,<=5s vs <=5s
OoqPuNWS,165,1-0,White,2409,<=5s vs <=5s
AFMDnocC,56,0-1,Black,1747,<=5s vs 15-20s
ARfC3DnZ,125,1-0,White,2498,<=5s vs <=5s
uHkZE5PE,71,1-0,White,1500,<=5s vs <=5s
myZxkuAD,63,0-1,White,1119,<=5s vs <=5s
Ch03YsBF,81,1-0,White,1589,<=5s vs 5-10s
5lNUK3uZ,55,1-0,White,2224,<=5s vs 15-20s
LaRESMfO,67,1-0,White,1667,<=5s vs <=5s
BIra6SRi,117,1-0,White,2229,<=5s vs 5-10s
AG5AY38A,81,1-0,White,1463,<=5s vs <=5s
CLF2MlpJ,99,1-0,White,2067,<=5s vs 5-10s
U9mS9Xym,86,0-1,Black,1739,<=5s vs <=5s
apxN8g9J,93,1-0,White,1363,<=5s vs 5-10s
NZau0pph,80,0-1,Black,1963,<=5s vs 5-10s
JYAvdAOY,95,1-0,White,1801,<=5s vs 5-10s
afENiGNQ,117,0-1,White,2373,<=5s vs <=5s
4BihwyB5,66,0-1,Black,1319,<=5s vs 10-15s
MgDx3zGb,51,0-1,White,1722,<=5s vs 15-20s
kxTij82S,59,1-0,White,1168,<=5s vs 5-10s
xHwpN0UV,65,1-0,White,1673,<=5s vs <=5s
S4s8yJ0S,74,0-1,Black,2242,<=5s vs 5-10s
5uWIyhp1,85,1-0,White,1709,<=5s vs <=5s
IE1kg7Cw,104,1/2-1/2,Black,1624,<=5s vs <=5s
3YLzhWFu,97,0-1,White,2273,<=5s vs 5-10s
j0snh7uv,171,1-0,White,2641,<=5s vs 5-10s
XVsI8eJe,66,0-1,Black,1807,<=5s vs 5-10s
TbkHS2Fd,134,0-1,Black,1930,<=5s vs <=5s
ssZw0jlA,111,0-1,White,2073,<=5s vs <=5s
JqBcCr4C,59,1-0,White,1700,<=5s vs 5-10s
1CpJHkXE,71,1-0,White,1401,<=5s vs 5-10s
pb2jdlQD,48,0-1,Black,1022,<=5s vs 10-15s
XLfuviPD,91,1-0,White,2062,<=5s vs 5-10s
5LrbnJVG,89,1-0,White,2156,<=5s vs <=5s
7r5mMQuD,47,0-1,White,835,<=5s vs 5-10s
LEXPFBI1,108,1-0,Black,2227,<=5s vs <=5s
8FbKYCnH,66,0-1,Black,1966,<=5s vs 10-15s
dgVmnoAK,65,1-0,White,1944,<=5s vs 5-10s
kBGrREg2,62,0-1,Black,1266,<=5s vs <=5s
ul2Bldu8,92,1-0,Black,2144,<=5s vs <=5s
Lt61pTjh,71,0-1,White,2055,<=5s vs <=5s
Q6quTZ17,82,1-0,Black,1743,<=5s vs <=5s
CwU5vC1T,92,0-1,Black,2102,<=5s vs <=5s
O8Xb9nA1,47,0-1,White,1086,<=5s vs <=5s
NS27NBiJ,122,0-1,Black,2623,<=5s vs <=5s
G9T7L8RB,135,1-0,White,1983,<=5s vs <=5s
qgXtTzM7,83,0-1,White,1834,<=5s vs <=5s
E6azXUPD,90,1-0,Black,2323,<=5s vs <=5s
suZCn8vT,132,1-0,Black,2672,<=5s vs <=5s
FaJZYuQZ,105,1-0,White,2072,<=5s vs 5-10s
RwVgxyEp,82,1-0,Black,1988,<=5s vs <=5s
4DVhMM05,116,1-0,Black,2639,<=5s vs <=5s
YZ9IQ2lK,77,0-1,White,2547,<=5s vs <=5s
py3t1Xci,80,0-1,Black,2233,<=5s vs 5-10s
VJdy1JOE,51,1-0,White,1384,<=5s vs 5-10s
gDdfzNyy,126,0-1,Black,1906,<=5s vs <=5s
dNlM3MfW,153,1-0,White,2054,<=5s vs <=5s
3uWK3nUL,77,0-1,White,2175,<=5s vs <=5s
HkjPFpCg,43,0-1,White,1546,<=5s vs 10-15s
TjuEVlJA,93,1-0,White,1581,<=5s vs <=5s
DhlCBjDV,84,0-1,Black,2467,<=5s vs <=5s
2BJMWydv,106,0-1,Black,2311,<=5s vs <=5s
RTiuW8y1,70,0-1,Black,1244,<=5s vs <=5s
3lcDK9zW,80,0-1,Black,2124,<=5s vs 10-15s
Z9S9G5ps,87,1-0,White,1704,<=5s vs 10-15s
W0fFuHgp,93,0-1,White,2592,<=5s vs <=5s
feHJdx4M,78,0-1,Black,1275,<=5s vs <=5s
XCEulyiP,142,0-1,Black,2305,<=5s vs <=5s
z2AYKMVc,48,0-1,Black,1241,<=5s vs <=5s
LTVsCYLi,73,1-0,White,1772,<=5s vs <=5s
Hw1zVvKQ,128,0-1,Black,2625,<=5s vs <=5s
KRro3ZcU,81,1/2-1/2,White,2100,<=5s vs 5-10s
U5ZmYOW1,52,0-1,Black,1254,<=5s vs <=5s
PfQShRxF,67,1-0,White,1822,<=5s vs 15-20s
J2n7LEGd,76,0-1,Black,1123,<=5s vs 10-15s
7GBWKO24,51,1-0,White,1209,<=5s vs 5-10s
Genr2DO5,141,1-0,White,1578,<=5s vs <=5s
0HBOg9Xr,95,1-0,White,1639,<=5s vs 5-10s
A1C6oyaE,47,1-0,White,1269,<=5s vs <=5s
W6HrhNGn,37,1-0,White,822,<=5s vs <=5s
n6zvBf1A,67,1-0,White,1443,<=5s vs 5-10s
oz6PA7Rf,107,1-0,White,2251,<=5s vs <=5s
IbKyKG9U,127,0-1,White,2695,<=5s vs 5-10s
Gyf6nxil,73,0-1,White,851,<=5s vs <=5s
DNAWhPeD,82,0-1,Black,2037,<=5s vs <=5s
gl1ZqYXO,80,0-1,Black,1953,<=5s vs 5-10s
ZGYSymhb,68,0-1,Black,1966,<=5s vs 15-20s
mXQVaTK3,94,0-1,Black,1889,<=5s vs 10-15s
NeFGAFid,94,1-0,Black,2337,<=5s vs <=5s
k3Rpy9lF,71,1-0,White,2115,<=5s vs 10-15s
GKA9Cg9P,81,1-0,White,2381,<=5s vs <=5s
FLZuCGNT,84,0-1,Black,2397,<=5s vs <=5s
LcDVTVG1,72,1-0,Black,1783,<=5s vs <=5s
tu0mSrKN,78,1-0,Black,1492,<=5s vs <=5s
THp4LKKy,119,1/2-1/2,White,2644,<=5s vs 5-10s
K8UYRFEj,89,0-1,White,1543,<=5s vs <=5s
pqhJNrw3,67,1-0,White,1945,<=5s vs <=5s
hoGn7feX,84,0-1,Black,1808,<=5s vs 5-10s
RzzwjUWq,84,0-1,Black,2050,<=5s vs 5-10s
bIZHAsFP,96,1-0,Black,2119,<=5s vs <=5s
vLssbk4W,92,0-1,Black,2013,<=5s vs <=5s
HZIQV73s,87,1-0,White,1753,<=5s vs 5-10s
PGjSkrE5,98,0-1,Black,2202,<=5s vs 5-10s
I88LUGAM,56,0-1,Black,1180,<=5s vs <=5s
FEOG9nHl,80,1-0,Black,2358,<=5s vs 10-15s
8rcWq22V,68,1-0,Black,2168,<=5s vs 10-15s
hDQBZRR2,116,0-1,Black,2516,<=5s vs 5-10s
CzYA7hDK,122,1/2-1/2,Black,2266,<=5s vs 5-10s
7nRKSpRU,110,0-1,Black,2191,<=5s vs <=5s
YO85lMiW,83,1-0,White,2148,<=5s vs 5-10s
lWwChSyF,116,0-1,Black,2132,<=5s vs 5-10s
rfNaqeoa,48,0-1,Black,1296,<=5s vs <=5s
KbCxsu4l,100,1-0,Black,2211,<=5s vs 15-20s
9cc4KZVz,128,1-0,Black,3224,<=5s vs <=5s
jz4ETyPy,83,1-0,White,2228,<=5s vs <=5s
RCpPdBjZ,81,1-0,White,2182,<=5s vs 5-10s
03aTh0fP,94,0-1,Black,1513,<=5s vs 5-10s
BMsmumbb,64,0-1,Black,2161,<=5s vs 5-10s
UtzDrFrs,170,1/2-1/2,Black,2603,<=5s vs <=5s
QqReyz9J,40,0-1,Black,991,<=5s vs 10-15s
235E69KH,88,0-1,Black,2859,<=5s vs <=5s
VKnI18v5,67,1-0,White,1531,<=5s vs <=5s
RTKzaJ8o,100,0-1,Black,2225,<=5s vs <=5s
l7Jrls1X,63,0-1,White,1574,<=5s vs <=5s
1hHzjqnA,55,1-0,White,1822,<=5s vs 10-15s
QczbRsQC,65,1-0,White,1209,<=5s vs 10-15s
vsFfzTBO,82,1-0,Black,1896,<=5s vs <=5s
ugHnr7nP,48,0-1,Black,1387,<=5s vs 15-20s
0EcGkwOa,85,1-0,White,1954,<=5s vs 15-20s
1akZdlTo,66,0-1,Black,1564,<=5s vs <=5s
2kTAlD9B,80,0-1,Black,1865,<=5s vs <=5s
LJs99710,113,1-0,White,1891,<=5s vs <=5s
kXKt1Mbj,80,1-0,Black,1576,<=5s vs <=5s
Vii8gfAK,101,0-1,White,2549,<=5s vs <=5s
jOLNQbw6,142,0-1,Black,1849,<=5s vs <=5s
ihyandKU,69,1-0,White,1498,<=5s vs 5-10s
8XMWgtDS,85,1/2-1/2,White,2016,<=5s vs <=5s
5XkhVRJH,123,0-1,White,1864,<=5s vs <=5s
R2jxlGSM,83,1-0,White,2547,<=5s vs <=5s
GiKyvQOj,121,1-0,White,2020,<=5s vs 5-10s
ryxDAjJg,111,1-0,White,2320,<=5s vs <=5s
gzmnMMUN,71,1-0,White,1738,<=5s vs <=5s
205J4bTa,142,1-0,Black,1955,<=5s vs <=5s
bMFPnnGc,58,0-1,Black,1037,<=5s vs 15-20s
7lHIiYkb,140,0-1,Black,2245,<=5s vs <=5s
qmt7IgqG,39,1-0,White,842,<=5s vs <=5s
HpIESXre,148,0-1,Black,2642,<=5s vs <=5s
pgVJxB6o,72,0-1,Black,1798,<=5s vs 10-15s
nXWFBlAa,75,1-0,White,1904,<=5s vs 5-10s
f47K2c6i,69,1-0,White,2476,<=5s vs <=5s
53cGaiU3,40,0-1,Black,1324,<=5s vs 10-15s
hqVFvODO,69,1-0,White,1235,<=5s vs <=5s
UWgt5wTB,63,1-0,White,1723,<=5s vs <=5s
JPpIfHvf,100,0-1,Black,2431,<=5s vs <=5s
Vz7uINYl,107,0-1,White,2841,<=5s vs <=5s
B9kFHl8A,69,0-1,White,1216,<=5s vs <=5s
vaU5vhiA,94,1-0,Black,2384,<=5s vs <=5s
TAjJyqAP,81,1-0,White,1537,<=5s vs <=5s
2hbqBTg0,75,1-0,White,1795,<=5s vs 5-10s
2KCTHZNh,73,1-0,White,2213,<=5s vs 5-10s
6dEhyYIH,81,1-0,White,1969,<=5s vs 5-10s
u2es1RLc,72,0-1,Black,862,<=5s vs 5-10s
p6OV72sg,94,0-1,Black,1471,<=5s vs 5-10s
H1BX6taU,52,1-0,Black,1728,<=5s vs 5-10s
cOxIlFuY,85,1-0,White,1651,<=5s vs 15-20s
EsYEtVvv,91,1-0,White,2203,<=5s vs 10-15s
QTGA4ZUA,63,1-0,White,1700,<=5s vs 5-10s
D7F6UwXf,86,1-0,Black,2204,<=5s vs <=5s
p9FUf8rg,100,0-1,Black,2097,<=5s vs <=5s
AbAM9RtG,86,0-1,Black,2159,<=5s vs <=5s
EsXj1f3X,100,0-1,Black,2031,<=5s vs 5-10s
vpwofkFU,120,0-1,Black,2582,<=5s vs <=5s
S4Sq9Xfq,92,0-1,Black,1947,<=5s vs <=5s
00DDsdK0,74,0-1,Black,1988,<=5s vs 15-20s
E7N22mT2,100,0-1,Black,2012,<=5s vs 10-15s
FXRgPaid,51,1-0,White,1620,<=5s vs 5-10s
rp8OBjzv,75,0-1,White,2648,<=5s vs 5-10s
WbvAmitC,92,0-1,Black,2516,<=5s vs <=5s
k8SUbZOp,110,1/2-1/2,Black,2256,<=5s vs <=5s
essJbFrk,97,1-0,White,1744,<=5s vs 15-20s
6vWH0RwX,57,1-0,White,1982,<=5s vs 10-15s
63eJlnuv,72,1-0,Black,1475,<=5s vs 15-20s
Iqf6Kpvw,68,0-1,Black,2536,<=5s vs 5-10s
xOudRqxj,81,0-1,White,1286,<=5s vs <=5s
7Rw1Rvd9,87,1-0,White,2006,<=5s vs <=5s
2sEYB5b4,88,0-1,Black,2574,<=5s vs <=5s
87Od5a2p,125,1/2-1/2,White,1974,<=5s vs <=5s
R88OJpEE,113,0-1,White,2362,<=5s vs <=5s
3INbFJsR,68,0-1,Black,1481,<=5s vs <=5s
ZU4gM3Cl,107,1/2-1/2,White,2051,<=5s vs <=5s
MZIenGIa,69,1-0,White,1092,<=5s vs 15-20s
FYGVOW9H,84,0-1,Black,1906,<=5s vs 10-15s
dtEfkolM,64,1-0,Black,1434,<=5s vs <=5s
aZUwNQsC,59,1/2-1/2,White,2058,<=5s vs <=5s
QMcS6Gqe,50,0-1,Black,786,<=5s vs <=5s
ORCP1xT0,90,1-0,Black,1949,<=5s vs <=5s
hzrtwCOV,59,1-0,White,1335,<=5s vs 5-10s
B6nTt8wG,61,1-0,White,2250,<=5s vs <=5s
AKNNXVvJ,52,0-1,Black,1264,<=5s vs <=5s
ICuGfLGl,72,0-1,Black,1650,<=5s vs <=5s
AKvYXvXS,79,1-0,White,1841,<=5s vs <=5s
gFRZUEsY,73,0-1,White,1562,<=5s vs <=5s
RY8vjDvq,51,1-0,White,1271,<=5s vs 10-15s
g5kWHdsR,117,0-1,White,2309,<=5s vs <=5s
Yz6MCoj3,87,1-0,White,2075,<=5s vs <=5s
NoK9nHLy,89,0-1,White,2299,<=5s vs <=5s
brlvn6G4,83,1-0,White,1992,<=5s vs 5-10s
QtyqI8rw,117,0-1,White,2106,<=5s vs <=5s
6C5yhKfr,97,0-1,White,2490,<=5s vs <=5s
USvt6Rrz,156,1-0,Black,2097,<=5s vs <=5s
HnVIQBlo,86,1/2-1/2,Black,2274,<=5s vs <=5s
kYlJtQ4p,63,1-0,White,928,<=5s vs 15-20s
JOLvsNdj,66,1-0,Black,1863,<=5s vs <=5s
cowySzNZ,71,1/2-1/2,White,968,<=5s vs 15-20s
tpgjKukT,123,1-0,White,2394,<=5s vs <=5s
adcN8Fy8,69,1-0,White,1479,<=5s vs 5-10s
oEBfPdBc,119,0-1,White,2188,<=5s vs 5-10s
ZZJt3pnn,79,1-0,White,2290,<=5s vs <=5s
26Q03trm,61,1-0,White,1654,<=5s vs 15-20s
YtYFGOJ2,77,0-1,White,1387,<=5s vs <=5s
x3Qiu7Nu,99,1-0,White,1908,<=5s vs 15-20s
paY5zrvx,96,0-1,Black,2048,<=5s vs 10-15s
Pr6aaesm,74,1-0,Black,2055,<=5s vs <=5s
t3f6onsO,71,1-0,White,1790,<=5s vs <=5s
IW6TqaKi,102,0-1,Black,2510,<=5s vs 5-10s
Ey5BDrfE,62,0-1,Black,1912,<=5s vs 5-10s
MhO56Kbb,62,1-0,Black,1666,<=5s vs <=5s
lRkwV7N6,102,1-0,Black,2309,<=5s vs <=5s
5zUPTyBe,60,0-1,Black,735,<=5s vs 10-15s
CMXKPl6W,62,0-1,Black,1339,<=5s vs 10-15s
i5BRrAde,63,0-1,White,1541,<=5s vs 5-10s
Xo2nDu23,60,0-1,Black,1400,<=5s vs <=5s
OF8Xehdv,110,0-1,Black,2221,<=5s vs <=5s
lifOlu5h,45,1-0,White,974,<=5s vs 5-10s
RTIOvkgL,102,0-1,Black,1829,<=5s vs <=5s
iHHrIw9T,93,1-0,White,1917,<=5s vs <=5s
p4yA1gEF,70,1-0,Black,2021,<=5s vs <=5s
Uk23wKmR,99,1-0,White,2652,<=5s vs 5-10s
JTYZy4MM,63,1-0,White,1714,<=5s vs 10-15s
5uQHb9ix,92,0-1,Black,1821,<=5s vs 5-10s
aPzNSigM,68,0-1,Black,1611,<=5s vs 10-15s
ZoLTSXmV,65,1-0,White,1753,<=5s vs 5-10s
jJ6n613Q,100,1/2-1/2,Black,1944,<=5s vs <=5s
Fyw9z8vW,78,0-1,Black,1407,<=5s vs 5-10s
XszEQJfa,52,0-1,Black,1002,<=5s vs 10-15s
DyGCbRcJ,47,1-0,White,1007,<=5s vs 5-10s
Gw2BPKEg,75,1-0,White,2130,<=5s vs <=5s
JFaeypUH,69,1-0,White,1278,<=5s vs <=5s
ipb6HzFj,48,0-1,Black,980,<=5s vs 15-20s
Gs6jUJce,64,0-1,Black,1161,<=5s vs <=5s
8KLGxFPg,61,1-0,White,2099,<=5s vs 10-15s
ca9MbQcJ,62,0-1,Black,2130,<=5s vs 5-10s
8I9YEJgU,63,1-0,White,1691,<=5s vs 10-15s
UAqikLQD,87,1-0,White,2124,<=5s vs 5-10s
MTWpHnwW,93,0-1,White,2389,<=5s vs <=5s
n1ZMMfuB,58,0-1,Black,2169,<=5s vs <=5s
33bF53ZY,82,1-0,Black,2615,<=5s vs <=5s
Nki4isum,63,1-0,White,1802,<=5s vs 5-10s
RpDr82aX,62,0-1,Black,1511,<=5s vs <=5s
Ts7NUjP8,80,1/2-1/2,Black,1742,<=5s vs <=5s
8hxcyZ2F,78,1-0,Black,1324,<=5s vs <=5s
B8hixNVp,99,1-0,White,2172,<=5s vs <=5s
DH1Jn6IM,70,0-1,Black,2299,<=5s vs 5-10s
qXrAGPQQ,80,0-1,Black,1593,<=5s vs <=5s
Nyyb1Tut,74,0-1,Black,2032,<=5s vs <=5s
QOuLWjPA,68,1-0,Black,1585,<=5s vs 5-10s
wyCfF1og,72,0-1,Black,1646,<=5s vs <=5s
Jh5mmzYH,71,0-1,White,2353,<=5s vs <=5s
XfZkaPV9,80,0-1,Black,2028,<=5s vs <=5s
0gREbNNj,114,0-1,Black,2078,<=5s vs 10-15s
Ccg50yD9,86,0-1,Black,1735,<=5s vs 15-20s
gRJtKJwm,90,0-1,Black,1857,<=5s vs <=5s
LQR38t8n,80,0-1,Black,2006,<=5s vs 5-10s
OxSOMGGP,146,1-0,Black,2741,<=5s vs <=5s
e4hiKveG,93,1-0,White,1186,<=5s vs <=5s
d9fjWbfg,77,0-1,White,1498,<=5s vs <=5s
NlwGvd4D,82,0-1,Black,1202,<=5s vs 10-15s
VSYP6dYl,68,1-0,Black,1712,<=5s vs <=5s
kq8TjTgA,79,1-0,White,1962,<=5s vs <=5s
b6Ykwvlj,76,0-1,Black,874,<=5s vs 15-20s
3NjCCqfK,57,0-1,White,1337,<=5s vs 15-20s
PGuoV8cy,124,0-1,Black,2278,<=5s vs <=5s
zbHfgJyS,74,0-1,Black,2184,<=5s vs 10-15s
V4iPDb6H,63,1-0,White,1343,<=5s vs <=5s
kyL8Pc7c,74,0-1,Black,1737,<=5s vs <=5s
FfUFbMRG,88,1-0,Black,2737,<=5s vs <=5s
HiGdhDBf,127,0-1,White,2083,<=5s vs <=5s
0oWihbuV,93,0-1,White,1736,<=5s vs <=5s
Z5zWGZkF,81,1-0,White,1243,<=5s vs 10-15s
5X5bHvTU,100,1-0,Black,2151,<=5s vs 5-10s
k0HdZMPB,63,1-0,White,1131,<=5s vs 10-15s
r5b0Blus,41,1-0,White,1021,<=5s vs <=5s
1SYHvZZb,81,0-1,White,1922,<=5s vs <=5s
ZIHNCbth,69,0-1,White,1948,<=5s vs <=5s
183LiRMu,95,0-1,White,1540,<=5s vs <=5s
e7Dq05Zy,55,1-0,White,1066,<=5s vs 10-15s
WCymcJeJ,82,1-0,Black,1274,<=5s vs 5-10s
mD6XpqjR,58,0-1,Black,1775,<=5s vs <=5s
nyvkiRTI,56,0-1,Black,1847,<=5s vs 5-10s
O3ElWm52,64,0-1,Black,1862,<=5s vs 10-15s
YcVfTfjc,61,1-0,White,1673,<=5s vs 5-10s
cA9Bcivf,147,0-1,White,1865,<=5s vs <=5s
ZRIaf6tD,68,0-1,Black,1870,<=5s vs 15-20s
KE5yR4yw,93,1-0,White,2354,<=5s vs 10-15s
YWFiYgqI,89,1-0,White,1625,<=5s vs 10-15s
2SuIF3YZ,84,0-1,Black,1647,<=5s vs 10-15s
RIxVmYkY,47,1-0,White,1475,<=5s vs 5-10s
x04hcSGF,91,1-0,White,2213,<=5s vs 5-10s
vK8kwLLd,111,0-1,White,2479,<=5s vs <=5s
k6MTb1YB,129,1-0,White,2411,<=5s vs <=5s
u5BU0eND,96,0-1,Black,1910,<=5s vs <=5s
JB5hba35,85,1-0,White,2216,<=5s vs 15-20s
KhHsJIMx,117,1-0,White,2502,<=5s vs <=5s
WUKs6B0K,92,0-1,Black,1905,<=5s vs 5-10s
E5QK7nqc,93,1-0,White,1939,<=5s vs 15-20s
QBzIWD7I,89,1-0,White,2274,<=5s vs 5-10s
9syIz5Rs,55,1-0,White,1666,<=5s vs 15-20s
4HIN4igp,42,0-1,Black,1712,<=5s vs 5-10s
PKf1HThH,82,0-1,Black,2533,<=5s vs <=5s
eSkLB7mX,79,1-0,White,1791,<=5s vs 10-15s
V7IGfhq2,98,0-1,Black,1903,<=5s vs <=5s
vKvvddjz,89,1-0,White,1355,<=5s vs <=5s
SbItS1ri,87,1-0,White,1895,<=5s vs 10-15s
ZcJbHEyd,92,0-1,Black,1184,<=5s vs 10-15s
rbS50ztM,43,1-0,White,1127,<=5s vs 10-15s
z8XmnaXn,101,1-0,White,1764,<=5s vs 5-10s
KxUPfj11,78,0-1,Black,1458,<=5s vs <=5s
YwyTEZ3u,111,1-0,White,2513,<=5s vs <=5s
L7XOrutb,122,1-0,Black,1681,<=5s vs <=5s
oqln0Om5,83,0-1,White,1436,<=5s vs <=5s
v56M2yVB,70,0-1,Black,2010,<=5s vs 5-10s
Dhlf9X3W,109,0-1,White,2006,<=5s vs <=5s
LSlliiGH,90,0-1,Black,2333,<=5s vs <=5s
1ZVSIP53,87,1-0,White,1416,<=5s vs <=5s
9tAfQrit,74,1-0,Black,1666,<=5s vs 5-10s
Xndq7Fdk,118,0-1,Black,2417,<=5s vs 5-10s
aPv5oTap,98,1-0,Black,1557,<=5s vs <=5s
bE4aDcgK,110,0-1,Black,2954,<=5s vs <=5s
zRvtMy1H,80,1-0,Black,1860,<=5s vs <=5s
1Pgy0O1b,75,0-1,White,1244,<=5s vs <=5s
x7bO9fHs,74,0-1,Black,2586,<=5s vs <=5s
2Tlj9fzn,82,0-1,Black,1281,<=5s vs <=5s
WjL5MDG6,123,1-0,White,2686,<=5s vs <=5s
pmXnRWj2,77,0-1,White,1444,<=5s vs <=5s
ExeWTmRl,134,1-0,Black,2485,<=5s vs <=5s
nHNLz3cI,65,1-0,White,1687,<=5s vs 5-10s
vwChN32w,41,1-0,White,1668,<=5s vs <=5s
G58LPzUc,79,1-0,White,1788,<=5s vs 10-15s
i7dXlnOc,82,0-1,Black,3104,<=5s vs <=5s
iWQK0Q79,153,1-0,White,2925,<=5s vs <=5s
XFhCWS9w,94,0-1,Black,2414,<=5s vs <=5s
7hQGv5YD,112,1-0,Black,2389,<=5s vs <=5s
yRORK9LT,106,0-1,Black,1866,<=5s vs <=5s
Q5iFKlrd,72,0-1,Black,2037,<=5s vs 10-15s
qFzCzKoA,67,1-0,White,1464,<=5s vs 10-15s
avPQGV2m,63,1-0,White,1515,<=5s vs 10-15s
3JmgfELZ,127,1-0,White,2219,<=5s vs 5-10s
PypvvQO9,85,1-0,White,2419,<=5s vs 5-10s
zN7UJKJY,31,1-0,White,670,<=5s vs 10-15s
AZT65VKb,83,1-0,White,2283,<=5s vs <=5s
8hXVMsVw,74,0-1,Black,2075,<=5s vs 10-15s
dcukvUi8,112,0-1,Black,2106,<=5s vs <=5s
dBa3Bg8I,85,1-0,White,1712,<=5s vs <=5s
48YH2Q1Y,78,0-1,Black,2034,<=5s vs <=5s
dFEwghHh,93,1-0,White,1742,<=5s vs 15-20s
7D77VlS3,62,0-1,Black,1888,<=5s vs 15-20s
lelQ7ZoH,102,0-1,Black,3064,<=5s vs 5-10s
BrzGaQdf,117,1-0,White,2599,<=5s vs <=5s
p3sQ5xt4,67,1-0,White,2109,<=5s vs <=5s
BBzt3bn7,53,0-1,White,1734,<=5s vs 15-20s
hoP1aM71,120,0-1,Black,2489,<=5s vs 5-10s
gIUng0Lc,49,1-0,White,2130,<=5s vs 5-10s
Xik2JNeY,89,0-1,White,1804,<=5s vs <=5s
ya3uuHz2,84,0-1,Black,2397,<=5s vs 5-10s
j3ZCY1pm,63,1-0,White,1859,<=5s vs 15-20s
wet6Yn54,83,1-0,White,1832,<=5s vs <=5s
54YukWxA,70,0-1,Black,2039,<=5s vs 15-20s
FFHgW9Ta,101,0-1,White,2253,<=5s vs <=5s
pW4krxFP,74,0-1,Black,1813,<=5s vs 5-10s
WpYSLe3z,59,1-0,White,1260,<=5s vs 5-10s
sCJQGoTo,75,1-0,White,1637,<=5s vs 15-20s
mNBbkMEh,93,0-1,White,2928,<=5s vs <=5s
6UmuaUjI,84,0-1,Black,1988,<=5s vs 5-10s
ORPbEjas,48,1-0,Black,1071,<=5s vs <=5s
PCNCSXWA,36,0-1,Black,1310,<=5s vs 15-20s
UoY4JDWz,101,1-0,White,2148,<=5s vs 5-10s
QiP8W6AA,56,0-1,Black,1561,<=5s vs 10-15s
dFWFU3Ny,57,1-0,White,1726,<=5s vs 5-10s
GXjjUteD,78,1-0,Black,2246,<=5s vs 10-15s
XElYYIMC,91,1-0,White,2230,<=5s vs 5-10s
MUu6rbBT,96,0-1,Black,2400,<=5s vs <=5s
ZFCasFBh,59,1-0,White,1955,<=5s vs 10-15s
Mg9hrG3V,68,1-0,Black,1784,<=5s vs <=5s
VAGPI83P,127,0-1,White,2798,<=5s vs <=5s
4Oi8kE7l,87,1/2-1/2,White,2616,<=5s vs <=5s
DtOcBHFd,115,0-1,White,1919,<=5s vs <=5s
4iMbFKVU,72,1-0,Black,1916,<=5s vs 5-10s
Rx8edTVO,83,1-0,White,2157,<=5s vs <=5s
9GGLeIqK,72,0-1,Black,2105,<=5s vs 10-15s
FHJFxPfI,130,1/2-1/2,Black,1874,<=5s vs <=5s
YNvvxRuk,83,0-1,White,1451,<=5s vs <=5s
InQTl0bI,63,0-1,White,1944,<=5s vs 5-10s
KdSdfNue,99,1-0,White,1962,<=5s vs <=5s
DypUGjqq,72,1-0,Black,1543,<=5s vs <=5s
Yy6qbSWn,95,1-0,White,1549,<=5s vs 15-20s
7j6vCvb1,94,0-1,Black,2302,<=5s vs 10-15s
04d89RVr,104,0-1,Black,2412,<=5s vs <=5s
jGfASkzG,77,1-0,White,1960,<=5s vs <=5s
hbuo7gCw,71,0-1,White,1271,<=5s vs <=5s
WyQDExA6,87,1-0,White,1986,<=5s vs 15-20s
5PHS0anE,113,1/2-1/2,White,2453,<=5s vs <=5s
8rQwmLo6,76,1-0,Black,1912,<=5s vs <=5s
ITdotbpc,103,0-1,White,2814,<=5s vs <=5s
NWlHicGg,53,1-0,White,1233,<=5s vs 15-20s
QGPoQl0R,83,1-0,White,1948,<=5s vs <=5s
g1hdLM1z,83,0-1,White,1061,<=5s vs <=5s
StRS8eEA,83,0-1,White,2111,<=5s vs 5-10s
TgpomQD2,45,1-0,White,950,<=5s vs <=5s
sBVaNCr4,95,1-0,White,1415,<=5s vs <=5s
TkH5H1BR,71,1-0,White,2263,<=5s vs <=5s
L5ev4eeK,128,1-0,Black,2462,<=5s vs <=5s
WgrZpPGF,92,0-1,Black,2056,<=5s vs <=5s
YtchRMkz,49,0-1,White,1184,<=5s vs <=5s
BEcUFIa5,84,0-1,Black,1849,<=5s vs 5-10s
lCqhtNE5,69,0-1,White,1294,<=5s vs <=5s
xzVqtAPV,69,1-0,White,1713,<=5s vs <=5s
lcEcIH6Y,58,1-0,Black,970,<=5s vs <=5s
1SG2Q6He,115,1-0,White,2080,<=5s vs <=5s
j6v33xxe,85,1-0,White,2055,<=5s vs <=5s
Lv5rngZ1,49,1-0,White,1616,<=5s vs 15-20s
67FLI5ts,91,0-1,White,1590,<=5s vs <=5s
9kGKRaPx,83,1-0,White,1804,<=5s vs 5-10s
TawQUPty,69,1-0,White,1296,<=5s vs <=5s
Bg4F1kTw,81,0-1,White,2075,<=5s vs <=5s
vMS2n5Z3,60,0-1,Black,1227,<=5s vs <=5s
45H7rERU,91,1-0,White,2448,<=5s vs 5-10s
62TiFp3R,76,1-0,Black,1811,<=5s vs <=5s
UKR5EDdK,70,1-0,Black,1593,<=5s vs <=5s
OcflF7YF,115,1-0,White,1643,<=5s vs 5-10s
9vkdxPrG,65,1-0,White,1114,<=5s vs <=5s
gv9kDVVh,61,1-0,White,1139,<=5s vs 5-10s
7yQLEdkn,115,1-0,White,2512,<=5s vs <=5s
MZB6s5GP,67,1-0,White,990,<=5s vs 5-10s
u5QptEcU,62,1-0,Black,1281,<=5s vs <=5s
wKZg9yWO,43,1-0,White,1159,<=5s vs 10-15s
3GKMxjP3,119,1-0,White,2889,<=5s vs 10-15s
2jySdKh6,82,0-1,Black,2760,<=5s vs 5-10s
m8b212ed,61,1-0,White,1888,<=5s vs 15-20s
tD7yV1ap,75,0-1,White,2115,<=5s vs 5-10s
emRbARHb,84,1-0,Black,1899,<=5s vs <=5s
ynDo24A8,118,1-0,Black,2575,<=5s vs <=5s
XoMW6XxH,68,0-1,Black,1957,<=5s vs <=5s
Vh1E0tTJ,58,0-1,Black,2380,<=5s vs 10-15s
AzibpOwW,64,0-1,Black,1749,<=5s vs <=5s
4D9eAeuj,70,0-1,Black,1617,<=5s vs 15-20s
v612Utlz,65,1-0,White,1971,<=5s vs 5-10s
jrWygJ80,61,1-0,White,1968,<=5s vs 10-15s
6PPxnwdp,98,0-1,Black,2493,<=5s vs 10-15s
jOTIdNW9,94,0-1,Black,2038,<=5s vs <=5s
qIHio7tr,110,0-1,Black,1865,<=5s vs <=5s
7inRSdzy,47,1-0,White,1344,<=5s vs 5-10s
L7r3bBnO,91,0-1,White,2044,<=5s vs <=5s
9tBt7JqQ,79,0-1,White,1602,<=5s vs <=5s
Mzy3FmAA,57,1-0,White,970,<=5s vs <=5s
b5823If9,71,1-0,White,1338,<=5s vs 5-10s
9oGUOD4p,104,0-1,Black,1837,<=5s vs <=5s
h6MfUhrS,66,0-1,Black,1882,<=5s vs 10-15s
3Yl6xyfU,59,0-1,White,1912,<=5s vs 5-10s
RVOHtkQe,69,1-0,White,2082,<=5s vs <=5s
3u1hRXxb,96,1/2-1/2,Black,2047,<=5s vs <=5s
hPnfONS6,60,0-1,Black,1973,<=5s vs 10-15s
HblR7UTY,104,0-1,Black,1764,<=5s vs <=5s
K7LZyrcJ,62,0-1,Black,1686,<=5s vs <=5s
ZU0IMHAe,138,0-1,Black,2648,<=5s vs 10-15s
LI2nQtbj,111,1/2-1/2,White,2042,<=5s vs <=5s
kONeR3Jl,81,1-0,White,2508,<=5s vs <=5s
ewxt1dql,71,1-0,White,1853,<=5s vs 5-10s
BBFuz0i0,92,0-1,Black,2174,<=5s vs 15-20s
lKNY7kJT,121,1-0,White,2309,<=5s vs <=5s
OfOKcbWT,59,0-1,White,1007,<=5s vs <=5s
snLVPjLX,56,0-1,Black,1264,<=5s vs <=5s
rzpUGNFw,54,0-1,Black,1345,<=5s vs 5-10s
d1hxehKq,124,1-0,Black,2325,<=5s vs <=5s
bAH8C83B,83,1-0,White,2080,<=5s vs 10-15s
NHdXKuHq,91,0-1,White,1782,<=5s vs <=5s
7sbWOuVy,78,0-1,Black,1792,<=5s vs 5-10s
jSkHqpR2,77,1-0,White,1848,<=5s vs <=5s
PhoipsLh,125,0-1,White,2592,<=5s vs <=5s
qhJVWWkm,67,0-1,White,1643,<=5s vs 5-10s
AJ290hfs,75,0-1,White,2080,<=5s vs <=5s
S77D5ggE,91,1/2-1/2,White,2467,<=5s vs <=5s
iC0OMsjp,65,0-1,White,1910,<=5s vs <=5s
pMJXVPD9,81,1-0,White,1715,<=5s vs 5-10s
K50PUi1E,88,1-0,Black,2675,<=5s vs <=5s
8cE33qYt,80,0-1,Black,1549,<=5s vs 5-10s
uxMxp1xv,70,0-1,Black,1247,<=5s vs 5-10s
oqKVoong,69,1-0,White,1317,<=5s vs 5-10s
VH1ILA52,97,1-0,White,2448,<=5s vs <=5s
M0WYhFtJ,75,1-0,White,2493,<=5s vs <=5s
2Y6kGzxe,61,1-0,White,1745,<=5s vs <=5s
Ulcy62HW,67,1-0,White,1463,<=5s vs <=5s
keRXdkKU,72,0-1,Black,1559,<=5s vs 10-15s
qwWW3zE6,91,1-0,White,1981,<=5s vs <=5s
o9Vfxk6x,62,0-1,Black,1819,<=5s vs <=5s
dgLCBYqW,62,0-1,Black,2603,<=5s vs 5-10s
uroq0ncX,40,0-1,Black,1149,<=5s vs 5-10s
N64A2TeY,81,0-1,White,1140,<=5s vs 5-10s
D6HIZwAo,101,0-1,White,2461,<=5s vs <=5s
eGZ6Vgxj,62,0-1,Black,1087,<=5s vs <=5s
auTrmCvv,110,1-0,Black,2023,<=5s vs <=5s
WZWjJMjE,77,1-0,White,2379,<=5s vs 15-20s
LvYG7xOA,105,0-1,White,2167,<=5s vs <=5s
G3CKahyi,69,0-1,White,2606,<=5s vs 5-10s
EWDRjJej,67,0-1,White,1171,<=5s vs <=5s
By1nAUqC,94,0-1,Black,1523,<=5s vs <=5s
xphcl26y,128,0-1,Black,2765,<=5s vs <=5s
eM1uSI9a,75,0-1,White,2060,<=5s vs <=5s
wBknxpzd,85,0-1,White,2873,<=5s vs 10-15s
mqXs20PY,119,0-1,White,2251,<=5s vs <=5s
Fawg8qDs,85,0-1,White,1936,<=5s vs 5-10s
uWROjWWb,88,0-1,Black,2275,<=5s vs 5-10s
ouplahoP,88,0-1,Black,1072,<=5s vs 10-15s
AAUDvE5d,84,0-1,Black,1878,<=5s vs 5-10s
Wj1CptVp,91,1-0,White,1665,<=5s vs 5-10s
hTmL7gJ1,83,1-0,White,2176,<=5s vs 5-10s
N8Icn4dt,72,1-0,Black,2026,<=5s vs <=5s
aoH2pvIQ,46,0-1,Black,1023,<=5s vs <=5s
f2czzLun,59,1-0,White,2088,<=5s vs 5-10s
IYH45Qdz,67,1-0,White,1495,<=5s vs 10-15s
M1fNGLBf,91,1-0,White,2164,<=5s vs <=5s
a5VC2qNX,50,0-1,Black,1589,<=5s vs <=5s
U11JDQPr,58,0-1,Black,1348,<=5s vs 5-10s
O8z739NH,114,0-1,Black,2272,<=5s vs <=5s
4Fk1t9g2,109,1-0,White,1986,<=5s vs 5-10s
Uq2ep200,71,1-0,White,1852,<=5s vs 10-15s
JPubBbnw,80,0-1,Black,1673,<=5s vs 15-20s
LcVKQM99,89,1-0,White,2191,<=5s vs 5-10s
nlbl7SV2,90,0-1,Black,2045,<=5s vs <=5s
rgW7ATR6,76,1-0,Black,1730,<=5s vs <=5s
GIJaBII9,86,1/2-1/2,Black,2385,<=5s vs 10-15s
NLQY8lFE,82,1/2-1/2,Black,2305,<=5s vs <=5s
K4EB1y2K,69,1-0,White,1683,<=5s vs <=5s
150gu7FB,102,0-1,Black,2257,<=5s vs <=5s
R7WVdeNQ,152,0-1,Black,1987,<=5s vs 5-10s
MWkxJTnY,56,0-1,Black,984,<=5s vs 10-15s
1f3IvKvJ,104,1-0,Black,1902,<=5s vs <=5s
AKsxMGKZ,103,0-1,White,2253,<=5s vs <=5s
RzWtZRIa,118,1-0,Black,2607,<=5s vs <=5s
7C9TlYHN,73,1-0,White,2228,<=5s vs <=5s
Bq6zfppe,69,0-1,White,960,<=5s vs <=5s
Ynwb1Wte,73,1-0,White,2044,<=5s vs <=5s
TR1Wa6v0,129,0-1,White,2433,<=5s vs <=5s
HMiENOQY,111,1-0,White,2841,<=5s vs <=5s
pI5SNhOT,66,0-1,Black,1468,<=5s vs <=5s
QyWCAqNF,94,0-1,Black,1881,<=5s vs 5-10s
GfHMxSVn,77,0-1,White,1824,<=5s vs <=5s
SUX1fF0P,74,0-1,Black,1032,<=5s vs 15-20s
gRGtry4H,52,0-1,Black,1650,<=5s vs 10-15s
a0n5VkXo,57,1-0,White,1537,<=5s vs 15-20s
go1BlwtT,49,1-0,White,706,<=5s vs 15-20s
7IWQfRKQ,64,0-1,Black,1219,<=5s vs 15-20s
tZQxc8N3,65,1-0,White,1644,<=5s vs <=5s
V8EzaV7j,86,0-1,Black,2297,<=5s vs <=5s
CItczEcl,81,1-0,White,2629,<=5s vs <=5s
88oc7P8y,59,1-0,White,1720,<=5s vs 5-10s
5vNd6wCe,61,1-0,White,960,<=5s vs 10-15s
Nl1iBxFm,94,0-1,Black,2003,<=5s vs <=5s
bIzHPJGj,55,0-1,White,1511,<=5s vs 5-10s
4ryBOUSK,75,0-1,White,2496,<=5s vs 5-10s
2pOCsOtl,78,0-1,Black,2104,<=5s vs 10-15s
K9epqds2,90,0-1,Black,1865,<=5s vs <=5s
n1KBheKV,73,0-1,White,1629,<=5s vs <=5s
0SeR5u53,94,0-1,Black,2310,<=5s vs 10-15s
oc9PPAZD,80,0-1,Black,1629,<=5s vs 10-15s
4avIHIZY,69,1-0,White,1616,<=5s vs <=5s
CUnxKUtd,78,1-0,Black,1935,<=5s vs <=5s
CX8l6j2Y,101,1-0,White,1791,<=5s vs <=5s
iQa49f2y,70,1-0,Black,2273,<=5s vs <=5s
YV1gpcgA,77,1-0,White,1785,<=5s vs <=5s
t2SPQJu1,55,1-0,White,1452,<=5s vs 5-10s
0THELXio,73,1-0,White,1579,<=5s vs 5-10s
uKrczv76,86,1-0,Black,1289,<=5s vs <=5s
k5q4dJzI,90,0-1,Black,2384,<=5s vs <=5s
An9DHclE,93,1-0,White,1968,<=5s vs <=5s
8GL2KMzD,154,1-0,Black,2142,<=5s vs <=5s
B1R68DiF,76,0-1,Black,1055,<=5s vs 5-10s
UCo6LgN4,68,0-1,Black,1890,<=5s vs 15-20s
2AGwgrDJ,117,1-0,White,2590,<=5s vs 15-20s
hCkNgwP2,69,1-0,White,1580,<=5s vs 5-10s
gxJ6F1ja,115,1-0,White,1783,<=5s vs 10-15s
eo7FCtqc,131,1/2-1/2,White,2447,<=5s vs <=5s
AEBaOJHI,71,1-0,White,1759,<=5s vs 10-15s
Fv11TyYf,101,0-1,White,2274,<=5s vs <=5s
SKhhvnkS,88,0-1,Black,2360,<=5s vs <=5s
xSplTBP9,88,0-1,Black,1975,<=5s vs <=5s
ruX8n8K8,135,1-0,White,2660,<=5s vs <=5s
cKC0s0zp,48,0-1,Black,1160,<=5s vs 15-20s
SwOelPJp,65,1-0,White,1800,<=5s vs 5-10s
FjFr0j1m,104,1-0,Black,2398,<=5s vs <=5s
fe3Sm5GG,63,1-0,White,1572,<=5s vs 5-10s
1SpunQxx,81,1-0,White,2031,<=5s vs <=5s
kdFnUIxp,79,1-0,White,1828,<=5s vs 5-10s
5UQhKRgf,102,1-0,Black,1954,<=5s vs <=5s
q03wArzL,56,0-1,Black,1851,<=5s vs 5-10s
7UIkfbWq,73,1-0,White,1970,<=5s vs <=5s
bYZV1EQJ,86,1-0,Black,2230,<=5s vs <=5s
0UReTy4r,75,1-0,White,2410,<=5s vs 5-10s
4tzbU5GR,48,0-1,Black,1016,<=5s vs 5-10s
H0aWEtlU,77,1-0,White,2240,<=5s vs <=5s
hOEjixlQ,66,0-1,Black,1605,<=5s vs 5-10s
lCnBOpkC,75,0-1,White,2164,<=5s vs <=5s
6zvlFl0U,70,1-0,Black,1229,<=5s vs <=5s
Fh8MNgN1,70,0-1,Black,2253,<=5s vs 5-10s
Q0XtY7ri,82,1-0,Black,1736,<=5s vs <=5s
mmxNFNrl,121,1-0,White,2635,<=5s vs <=5s
d5WOpsjC,59,1-0,White,1455,<=5s vs <=5s
DUfydWLZ,94,0-1,Black,1789,<=5s vs 5-10s
M49iQQln,105,1/2-1/2,White,2194,<=5s vs <=5s
EdvZGiFy,121,1-0,White,2221,<=5s vs 10-15s
hCMM4wEg,56,0-1,Black,1181,<=5s vs 5-10s
2QoxhaIY,103,1-0,White,1923,<=5s vs <=5s
XgHMOOoS,74,0-1,Black,1785,<=5s vs <=5s
MwopKHw2,87,1-0,White,1899,<=5s vs <=5s
1zWeOKdF,67,1-0,White,1265,<=5s vs <=5s
Z0itBBCm,55,1-0,White,1122,<=5s vs <=5s
rZaeTBJL,64,0-1,Black,1612,<=5s vs <=5s
vZr28aI3,76,0-1,Black,1478,<=5s vs <=5s
CFsJBNFR,93,1-0,White,2001,<=5s vs 5-10s
d0T6jpvX,120,0-1,Black,1510,<=5s vs 5-10s
5n09RmzR,58,0-1,Black,1889,<=5s vs 10-15s
w6uPFvFd,95,1-0,White,2352,<=5s vs <=5s
dWNSaWgP,68,0-1,Black,1231,<=5s vs <=5s
uHpQqHmW,71,1-0,White,2074,<=5s vs <=5s
JxaFVqcM,57,0-1,White,1823,<=5s vs 5-10s
XIf0vtY0,66,0-1,Black,2307,<=5s vs <=5s
4TqArToH,84,0-1,Black,1820,<=5s vs 5-10s
4xhg5Ael,80,0-1,Black,2537,<=5s vs <=5s
9KfJvT6o,55,1-0,White,1586,<=5s vs <=5s
sdqf4wZ5,89,1-0,White,2047,<=5s vs 10-15s
H3DnVxHz,122,0-1,Black,2299,<=5s vs <=5s
E3kJnrH4,65,1-0,White,1395,<=5s vs 5-10s
OPv97sKm,79,1-0,White,1784,<=5s vs <=5s
ILQezX5r,72,0-1,Black,2016,<=5s vs 10-15s
cwtEAr5u,62,0-1,Black,2348,<=5s vs <=5s
SEfB4tXg,79,1-0,White,2146,<=5s vs <=5s
Ee9Yrdjx,86,0-1,Black,1628,<=5s vs <=5s
qkHG72y9,77,0-1,White,1487,<=5s vs <=5s
7ivvLzsC,64,0-1,Black,2673,<=5s vs 10-15s
001SPQ3B,103,1-0,White,1722,<=5s vs <=5s
mIYlM8mb,75,1-0,White,1201,<=5s vs 5-10s
O3P1sFBp,129,0-1,White,2672,<=5s vs <=5s
FqL3BXY8,80,0-1,Black,1930,<=5s vs <=5s
b2wW9KhP,79,1-0,White,1205,<=5s vs 5-10s
1hpWfHFK,56,0-1,Black,1776,<=5s vs 10-15s
G5GrGPO8,93,1-0,White,2082,<=5s vs <=5s
yaGjD2VO,92,1-0,Black,1835,<=5s vs 5-10s
YYvplZWS,80,0-1,Black,1690,<=5s vs 5-10s
EGxZlBhl,83,0-1,White,2431,<=5s vs <=5s
nFBbGjEA,141,0-1,White,2028,<=5s vs <=5s
tHA7T2Z3,92,1-0,Black,1093,<=5s vs <=5s
G8mgaiQm,134,0-1,Black,1817,<=5s vs 15-20s
YW5K15SF,64,1-0,Black,1747,<=5s vs <=5s
ZqMUr9N9,55,1-0,White,1608,<=5s vs 5-10s
DPWC1IbV,110,0-1,Black,2266,<=5s vs <=5s
z0D2UlRT,81,1-0,White,1811,<=5s vs 5-10s
Xy5ly3c9,55,1-0,White,1537,<=5s vs <=5s
zHZd6O4j,87,0-1,White,1887,<=5s vs <=5s
rBx5IV0V,123,0-1,White,2004,<=5s vs 5-10s
r63kl0d5,78,0-1,Black,1705,<=5s vs <=5s
Eumhzf7p,102,1-0,Black,1810,<=5s vs <=5s
P2ikx5PN,78,0-1,Black,1864,<=5s vs 5-10s
Hg1zT52o,103,0-1,White,2372,<=5s vs <=5s
uCaOuJpC,84,0-1,Black,2201,<=5s vs 15-20s
2uXC18G1,83,1-0,White,1611,<=5s vs 10-15s
DDhXmjvU,59,0-1,White,1326,<=5s vs <=5s
ax4zNi2a,60,0-1,Black,1945,<=5s vs <=5s
ODPLyfDk,78,1-0,Black,1802,<=5s vs <=5s
4IMb5Ql8,56,0-1,Black,1593,<=5s vs <=5s
7R8k3YMf,59,1-0,White,1553,<=5s vs <=5s
ZaXxMD3U,111,0-1,White,1520,<=5s vs <=5s
LdkvVEqQ,43,1-0,White,1106,<=5s vs 5-10s
pMchPlWZ,68,0-1,Black,1633,<=5s vs 5-10s
1ojb2GiG,91,1-0,White,1723,<=5s vs 15-20s
r1rKHEr7,53,1-0,White,1035,<=5s vs <=5s
K2Q3BJJN,130,1-0,Black,2242,<=5s vs <=5s
TboWvvje,94,0-1,Black,2396,<=5s vs <=5s
4zzsBcev,103,1-0,White,2128,<=5s vs 5-10s
79BjyZKB,100,1-0,Black,1897,<=5s vs <=5s
doP4QgWU,111,0-1,White,2529,<=5s vs <=5s
SWK2dWHV,61,1-0,White,2341,<=5s vs 10-15s
1MSZvcgw,82,0-1,Black,1605,<=5s vs <=5s
A2TCyz9J,81,1-0,White,1327,<=5s vs 10-15s
9Q8mAE1Z,115,1-0,White,2240,<=5s vs 10-15s
W7zW1KdD,54,0-1,Black,1972,<=5s vs 10-15s
x6mX8RZN,54,1-0,Black,1814,<=5s vs <=5s
CJno53st,61,0-1,White,2892,<=5s vs 10-15s
9puLw149,55,1/2-1/2,White,1371,<=5s vs 5-10s
2LgIV6jo,86,1-0,Black,1842,<=5s vs <=5s
1bBjmfwP,105,1/2-1/2,White,1926,<=5s vs 5-10s
9Yhe5PuN,88,1-0,Black,1398,<=5s vs <=5s
lh31bvWV,83,0-1,White,1182,<=5s vs <=5s
xCB2T5Jk,44,0-1,Black,1360,<=5s vs 10-15s
rJvf6YRB,84,1-0,Black,1775,<=5s vs <=5s
9oSTrLOI,120,0-1,Black,1940,<=5s vs 5-10s
rjsR0ItK,75,0-1,White,2561,<=5s vs <=5s
HFJPpLIX,93,1-0,White,1870,<=5s vs <=5s
QaSxvyXK,112,0-1,Black,2249,<=5s vs 5-10s
u81voq5B,93,1-0,White,2486,<=5s vs <=5s
vmMUHm1j,75,1-0,White,1382,<=5s vs 5-10s
BV9MUmq9,82,0-1,Black,2078,<=5s vs 15-20s
9KpWSHl5,52,0-1,Black,1309,<=5s vs 15-20s
DcZOECyr,68,0-1,Black,1494,<=5s vs <=5s
f2GCwabZ,129,1-0,White,2305,<=5s vs 5-10s
6zkvTCCE,85,0-1,White,1790,<=5s vs <=5s
j1Ujv300,65,1-0,White,832,<=5s vs 5-10s
lptlrJON,100,1-0,Black,2063,<=5s vs <=5s
NJQUW5xj,96,0-1,Black,2223,<=5s vs <=5s
8gMee8cM,91,1-0,White,2328,<=5s vs 10-15s
x7mZQGyy,76,0-1,Black,1413,<=5s vs <=5s
7izbIXnQ,75,1-0,White,1701,<=5s vs 5-10s
WHKb5bZh,117,1-0,White,2549,<=5s vs <=5s
buCIhZ74,66,0-1,Black,1535,<=5s vs <=5s
l3Md56e0,77,1-0,White,1801,<=5s vs <=5s
1iIN7y6g,100,0-1,Black,2273,<=5s vs <=5s
HSHX8OLu,33,0-1,White,877,<=5s vs <=5s
5RSF2sXV,91,0-1,White,1861,<=5s vs <=5s
HG9BnASd,62,0-1,Black,1500,<=5s vs <=5s
ylNyHqxw,97,1-0,White,2337,<=5s vs 5-10s
ylby9Qs7,100,0-1,Black,1790,<=5s vs 15-20s
pDbqsMUJ,102,0-1,Black,2534,<=5s vs <=5s
D2SLTUOV,50,0-1,Black,1114,<=5s vs 5-10s
2A07UyWz,81,1-0,White,2442,<=5s vs 5-10s
rD3Bn0DT,57,1-0,White,1155,<=5s vs 10-15s
3j3u2Cz0,88,0-1,Black,1745,<=5s vs 5-10s
G3DOrjKG,67,1-0,White,1705,<=5s vs <=5s
lv6hLJAL,58,0-1,Black,1592,<=5s vs <=5s
oWePRfFs,75,1-0,White,2068,<=5s vs <=5s
9Qn104ZF,74,0-1,Black,2362,<=5s vs 5-10s
fUDyL6YC,63,0-1,White,1153,<=5s vs <=5s
1grfoIrP,113,1-0,White,2498,<=5s vs <=5s
44PxnoXS,81,1-0,White,1237,<=5s vs 10-15s
G5NAg000,78,1-0,Black,1934,<=5s vs <=5s
dlGrvNih,80,1-0,Black,2193,<=5s vs <=5s
6ldTAPJC,64,0-1,Black,2057,<=5s vs 10-15s
WMzStGOC,75,1-0,White,2315,<=5s vs <=5s
yIoawAgb,106,0-1,Black,2683,<=5s vs <=5s
42u3XeCQ,57,1/2-1/2,White,2023,<=5s vs 15-20s
98zRVLX0,70,0-1,Black,1323,<=5s vs <=5s
frl7yNdr,85,1-0,White,2060,<=5s vs <=5s
ss79dUoF,74,0-1,Black,1710,<=5s vs <=5s
E1asrkPr,107,1-0,White,2775,<=5s vs <=5s
HLS5Ohgd,111,0-1,White,2378,<=5s vs <=5s
7wgRnVhJ,56,0-1,Black,890,<=5s vs 5-10s
6gdamjIr,76,0-1,Black,1888,<=5s vs 15-20s
T204074d,105,1/2-1/2,White,1157,<=5s vs <=5s
acR8XOJ9,107,0-1,White,2393,<=5s vs <=5s
XJNrPKfF,89,1-0,White,1333,<=5s vs <=5s
D13wdVoR,87,1-0,White,2203,<=5s vs 5-10s
y2Gt0kDJ,65,1-0,White,1281,<=5s vs 15-20s
FG3jyd93,57,1-0,White,1488,<=5s vs <=5s
9jbQQ0PY,118,1-0,Black,1709,<=5s vs 5-10s
FUjpFNCS,78,0-1,Black,1488,<=5s vs <=5s
FfWNOK0l,41,0-1,White,703,<=5s vs 5-10s
Uzy92ver,92,0-1,Black,1703,<=5s vs 5-10s
WJbwXKv5,71,1-0,White,1575,<=5s vs 10-15s
y5HeNXEc,67,1-0,White,1365,<=5s vs <=5s
17PJEdyw,66,0-1,Black,939,<=5s vs 5-10s
1wwFrkwi,97,1-0,White,2035,<=5s vs 10-15s
uDKBJRZG,84,1-0,Black,1105,<=5s vs <=5s
9tVtK67Q,55,0-1,White,959,<=5s vs <=5s
Q5MlIh6B,92,0-1,Black,1895,<=5s vs <=5s
tlKIWHTD,62,0-1,Black,1544,<=5s vs <=5s
jLZCuKwk,122,1-0,Black,2485,<=5s vs <=5s
L8CbvH2p,90,0-1,Black,2674,<=5s vs <=5s
WgxfVUK9,116,0-1,Black,2714,<=5s vs <=5s
QmfbqUFo,52,0-1,Black,1083,<=5s vs 10-15s
W9cuISQX,50,0-1,Black,1115,<=5s vs 10-15s
izmXhJu2,87,1-0,White,1568,<=5s vs 5-10s
7WEIgz0z,105,1-0,White,1581,<=5s vs <=5s
XGvrlrIC,46,0-1,Black,1350,<=5s vs 10-15s
MR1f6Gyf,86,1-0,Black,1714,<=5s vs <=5s
OU2tvfu0,77,0-1,White,2265,<=5s vs <=5s
VCOTyRQ9,111,1-0,White,2442,<=5s vs 5-10s
1b1KuGES,100,1/2-1/2,Black,1870,<=5s vs <=5s
AGsDCTIn,89,1-0,White,2125,<=5s vs <=5s
YjCxmWUc,63,1-0,White,961,<=5s vs <=5s
yhClGHei,66,0-1,Black,1697,<=5s vs 5-10s
9JZd2ss9,78,1-0,Black,1503,<=5s vs <=5s
Wjd7VU53,49,1-0,White,1466,<=5s vs 15-20s
3p6TGsJ1,96,0-1,Black,2317,<=5s vs <=5s
Wy5xKzvf,66,0-1,Black,1372,<=5s vs <=5s
EZ6qJspb,58,1-0,Black,1944,<=5s vs <=5s
F1HGWQfo,96,1-0,Black,2028,<=5s vs <=5s
2Np82rb8,82,0-1,Black,1351,<=5s vs <=5s
6lCwOolv,65,1/2-1/2,White,1745,<=5s vs 5-10s
JDnCtCTx,85,1-0,White,2075,<=5s vs 15-20s
PNVms8lK,87,1-0,White,2621,<=5s vs <=5s
ooqrKWpZ,72,0-1,Black,977,<=5s vs 10-15s
ZihrucFp,93,1-0,White,2569,<=5s vs 10-15s
tu1ar1BU,117,1/2-1/2,White,2461,<=5s vs 5-10s
pXUWXQxl,84,1-0,Black,2053,<=5s vs <=5s
RNMNE0uS,119,1-0,White,2396,<=5s vs <=5s
giBH76hg,64,0-1,Black,1812,<=5s vs 5-10s
s4LL1A2e,90,0-1,Black,2110,<=5s vs 10-15s
LkNb2PTl,66,0-1,Black,1641,<=5s vs <=5s
TXQRCL69,88,0-1,Black,2276,<=5s vs 5-10s
Od8WmV5T,145,0-1,White,2831,<=5s vs <=5s
0mGUFoCS,118,0-1,Black,2269,<=5s vs 10-15s
WLsRoFEu,85,0-1,White,2555,<=5s vs <=5s
uLQ71O0O,66,0-1,Black,1525,<=5s vs 10-15s
yGWyCflF,79,1-0,White,2127,<=5s vs 10-15s
aAJc9FU1,97,1-0,White,1890,<=5s vs <=5s
89GruSTy,61,1-0,White,1305,<=5s vs <=5s
vnlhrjqK,115,0-1,White,1971,<=5s vs <=5s
JkKpzpnv,78,0-1,Black,2314,<=5s vs 5-10s
MIgolDL9,85,1-0,White,1735,<=5s vs <=5s
6RCDmQz7,103,1-0,White,1921,<=5s vs 5-10s
76LPH6DT,86,1/2-1/2,Black,2646,<=5s vs 15-20s
DEG5cVfK,60,0-1,Black,2097,<=5s vs 15-20s
7sa0hdLi,65,1-0,White,1417,<=5s vs 5-10s
Y1YhtdE6,88,0-1,Black,2355,<=5s vs 5-10s
in26gIgO,72,0-1,Black,1672,<=5s vs 15-20s
Ahn6ndNx,80,0-1,Black,2132,<=5s vs <=5s
lJDHJRgL,82,0-1,Black,2277,<=5s vs <=5s
gNumLgt4,84,1-0,Black,1614,<=5s vs <=5s
MfhFppRb,72,0-1,Black,2158,<=5s vs 5-10s
TaglNIxg,123,0-1,White,2704,<=5s vs <=5s
3wWsI3xH,46,0-1,Black,1951,<=5s vs 5-10s
8KvcFElA,54,0-1,Black,1174,<=5s vs <=5s
ao7ryf5v,69,0-1,White,1178,<=5s vs <=5s
MDmjnl8u,72,0-1,Black,2204,<=5s vs 10-15s
wWDqpYhX,80,0-1,Black,1290,<=5s vs 15-20s
G7J0EQdn,85,0-1,White,1853,<=5s vs <=5s
F0c289ax,87,0-1,White,2176,<=5s vs <=5s
McIrLCt6,106,0-1,Black,2127,<=5s vs <=5s
OCwK8zfP,99,0-1,White,2208,<=5s vs <=5s
4DfJPSQY,57,1-0,White,2087,<=5s vs 10-15s
OxNjYbtR,118,1-0,Black,2215,<=5s vs <=5s
XteMr1wF,124,1-0,Black,2887,<=5s vs <=5s
v39yy1n8,65,0-1,White,1525,<=5s vs 5-10s
MmXWVW3N,41,1-0,White,1430,<=5s vs <=5s
oKuaJ1b0,72,0-1,Black,1690,<=5s vs <=5s
MGMQ4I2c,71,1-0,White,1369,<=5s vs <=5s
LWkhPscn,126,0-1,Black,2239,<=5s vs 10-15s
xnpzflce,88,0-1,Black,2007,<=5s vs 5-10s
MpNWBVh9,70,0-1,Black,1376,<=5s vs 10-15s
1go6C5Dm,66,0-1,Black,1687,<=5s vs 5-10s
BGO3jnnH,84,0-1,Black,2229,<=5s vs <=5s
Nq0rVdxI,71,0-1,White,1701,<=5s vs <=5s
EJyRlayB,90,0-1,Black,1405,<=5s vs 5-10s
ZAoFo5Au,68,0-1,Black,1487,<=5s vs <=5s
iRTmQKY2,72,0-1,Black,1182,<=5s vs 5-10s
GjoNAiQr,110,0-1,Black,2023,<=5s vs <=5s
seey87oP,98,0-1,Black,2395,<=5s vs <=5s
0FIMM0bU,97,0-1,White,2323,<=5s vs <=5s
rmpwwY7s,125,0-1,White,2146,<=5s vs <=5s
aTwQnvNu,75,1-0,White,1191,<=5s vs <=5s
WsifxBM4,116,0-1,Black,2595,<=5s vs <=5s
2uzIObPN,90,1-0,Black,2062,<=5s vs <=5s
DkjfPMw5,139,0-1,White,2433,<=5s vs <=5s
vd6E7vWc,88,0-1,Black,1687,<=5s vs 5-10s
EB9MSDJK,99,1-0,White,1856,<=5s vs <=5s
Tp8TD3Ph,83,1-0,White,1846,<=5s vs 10-15s
1eZ1snLG,78,0-1,Black,2236,<=5s vs 5-10s
GNzzBhnh,79,1-0,White,2063,<=5s vs 5-10s
FouFQvfQ,51,0-1,White,1064,<=5s vs 5-10s
xkyWUcEb,81,1-0,White,1950,<=5s vs 5-10s
R4Vcq9cr,99,0-1,White,1817,<=5s vs <=5s
2E1sVqIr,81,1-0,White,2362,<=5s vs <=5s
q7A0sb9L,40,1-0,Black,1094,<=5s vs <=5s
DYKUrCOG,78,1-0,Black,1782,<=5s vs <=5s
FylugkMT,110,0-1,Black,2067,<=5s vs <=5s
Egl0LAL1,78,0-1,Black,1661,<=5s vs <=5s
4sGgQvAG,121,1-0,White,2110,<=5s vs <=5s
obBa0RpO,121,1-0,White,2379,<=5s vs 5-10s
iZ9NN00V,78,1-0,Black,2120,<=5s vs <=5s
Nf2CE1xW,114,1-0,Black,2142,<=5s vs <=5s
3TLGCvrh,72,0-1,Black,2139,<=5s vs <=5s
jukOKpAx,62,1-0,Black,1415,<=5s vs <=5s
W1ybdFUo,94,1-0,Black,1965,<=5s vs <=5s
eGTiyWAh,116,0-1,Black,2552,<=5s vs <=5s
9Q4RgXqi,104,0-1,Black,1857,<=5s vs 5-10s
WgXJ4bJZ,116,1-0,Black,2250,<=5s vs <=5s
zvbiJBIG,63,1-0,White,1560,<=5s vs <=5s
zxBRGfEf,95,1-0,White,2082,<=5s vs <=5s
gNlcS9Bb,83,1-0,White,1362,<=5s vs 5-10s
Gign3qGN,78,0-1,Black,2457,<=5s vs 10-15s
eimPXBOS,82,0-1,Black,1898,<=5s vs <=5s
LNopLBc8,84,1-0,Black,1149,<=5s vs <=5s
Ug1zPwmY,83,1/2-1/2,White,1869,<=5s vs 5-10s
47i1Cll2,93,1-0,White,1918,<=5s vs <=5s
AV4GvoFG,41,1-0,White,1077,<=5s vs <=5s
HyByFIiR,63,1-0,White,1396,<=5s vs 5-10s
5Ei9r63K,65,1-0,White,1151,<=5s vs <=5s
K0Cv11Dg,186,0-1,Black,2420,<=5s vs <=5s
HoTSmMXH,90,1-0,Black,2154,<=5s vs <=5s
2UfDnLzZ,59,0-1,White,1247,<=5s vs <=5s
TP1yQ7Lq,72,1-0,Black,929,<=5s vs <=5s
Znwust6f,196,1/2-1/2,Black,2663,<=5s vs <=5s
Vul8Pjfx,71,1-0,White,1590,<=5s vs <=5s
3xwXNxI3,111,1-0,White,2340,<=5s vs <=5s
AManZ1Uw,74,0-1,Black,1838,<=5s vs 5-10s
0m1S9rpu,97,0-1,White,1726,<=5s vs <=5s
WNtCV0tw,92,0-1,Black,2336,<=5s vs 10-15s
7KCB2CoW,50,0-1,Black,1032,<=5s vs 5-10s
rktkmt9Z,71,1-0,White,1989,<=5s vs <=5s
RpO8WPbD,93,1-0,White,2121,<=5s vs <=5s
kLW8hD5q,79,0-1,White,2076,<=5s vs <=5s
HsvfsG84,92,0-1,Black,2279,<=5s vs <=5s
7yOhIs9Y,80,1-0,Black,2021,<=5s vs <=5s
aItVhXfE,70,0-1,Black,2302,<=5s vs 5-10s
CEpmzh2R,84,0-1,Black,1835,<=5s vs 5-10s
QDrge951,95,0-1,White,2289,<=5s vs <=5s
c5Z5tJ8D,81,0-1,White,2262,<=5s vs <=5s
1JqyBF6U,65,1-0,White,1875,<=5s vs 5-10s
MVrPkSth,113,1-0,White,1987,<=5s vs 5-10s
KgbWxT5m,70,0-1,Black,1988,<=5s vs <=5s
DvPoLrNt,73,1-0,White,1964,<=5s vs <=5s
ZFRN5dSj,62,1-0,Black,887,<=5s vs <=5s
knBiaXgB,52,0-1,Black,1704,<=5s vs <=5s
VbZD4Hen,78,0-1,Black,1482,<=5s vs <=5s
4U92QnR9,103,0-1,White,2320,<=5s vs <=5s
iqneHtCH,130,0-1,Black,2059,<=5s vs <=5s
GHr9QXfT,77,1-0,White,2056,<=5s vs <=5s
XfXWI0fN,109,1-0,White,2119,<=5s vs <=5s
zCOdqk7j,89,1-0,White,2160,<=5s vs 15-20s
1COvOrLA,91,0-1,White,2050,<=5s vs <=5s
4DG9jq37,63,1-0,White,1206,<=5s vs 5-10s
xTZc3S1S,91,1-0,White,1677,<=5s vs <=5s
RubvVBA6,113,1-0,White,2579,<=5s vs <=5s
Od9jakLW,80,0-1,Black,2310,<=5s vs <=5s
A33FaKGL,70,0-1,Black,2173,<=5s vs 5-10s
T1jKDQ4v,70,0-1,Black,1981,<=5s vs 5-10s
HdYxc9OY,115,1-0,White,1896,<=5s vs <=5s
VL0xCddA,62,0-1,Black,1334,<=5s vs <=5s
dlDrYWnF,86,0-1,Black,1569,<=5s vs <=5s
tQXbf5Fz,45,1-0,White,905,<=5s vs 5-10s
HQ3BSBMY,48,0-1,Black,1059,<=5s vs 15-20s
wiZ7SpT1,81,1-0,White,1594,<=5s vs <=5s
NWU8jdxt,99,1-0,White,2454,<=5s vs <=5s
AgR6ULIB,65,0-1,White,1492,<=5s vs 5-10s
aWRFfvQi,73,0-1,White,2486,<=5s vs <=5s
oTxAj0th,81,0-1,White,2275,<=5s vs 5-10s
chA8G2V3,82,0-1,Black,1729,<=5s vs 10-15s
zvdzNgCY,71,1-0,White,1325,<=5s vs 15-20s
IePozsnD,79,1-0,White,2217,<=5s vs <=5s
8K1BpWN1,74,0-1,Black,2190,<=5s vs <=5s
H7NznI7R,74,0-1,Black,1293,<=5s vs <=5s
MJmMDbZR,62,0-1,Black,1373,<=5s vs <=5s
5AfhgG7X,70,0-1,Black,1964,<=5s vs <=5s
iJrZn33r,55,1-0,White,1952,<=5s vs 10-15s
4erVVAPl,55,1-0,White,1019,<=5s vs <=5s
zQ2ftSpq,68,0-1,Black,1540,<=5s vs 5-10s
8tCGqE6u,88,0-1,Black,2165,<=5s vs <=5s
2v9kvGXZ,101,1-0,White,1857,<=5s vs <=5s
0ozngw85,57,1-0,White,1968,<=5s vs <=5s
P4nb4F3q,71,1-0,White,1496,<=5s vs 15-20s
D29pcrm6,49,1-0,White,1270,<=5s vs 5-10s
e29yEzTm,44,0-1,Black,1014,<=5s vs 15-20s
dsHk5q5H,76,1-0,Black,1947,<=5s vs <=5s
ujjQ3h0v,64,0-1,Black,1319,<=5s vs <=5s
IlnBNvNN,61,0-1,White,2304,<=5s vs 5-10s
q1FEfUME,75,0-1,White,1873,<=5s vs <=5s
FBvfRxSy,81,1-0,White,2589,<=5s vs 10-15s
KOc6sCsi,59,0-1,White,2058,<=5s vs <=5s
W7RIBYgj,82,0-1,Black,1695,<=5s vs 15-20s
JNRt4oQw,61,1-0,White,1872,<=5s vs <=5s
oF2yfe77,105,0-1,White,2601,<=5s vs 5-10s
buK68yT2,71,1-0,White,1095,<=5s vs 5-10s
ctpOxOwm,80,0-1,Black,2051,<=5s vs 10-15s
ddnecYiF,63,1-0,White,1258,<=5s vs <=5s
5MWSe9Dv,71,1-0,White,2259,<=5s vs 5-10s
3wnkwwKC,89,1-0,White,2548,<=5s vs 10-15s
kZFZpRf0,90,0-1,Black,1685,<=5s vs 15-20s
7cK4oqYt,89,0-1,White,2179,<=5s vs <=5s
kpQclLMv,119,0-1,White,2728,<=5s vs <=5s
JHUljWZ5,60,1-0,Black,1496,<=5s vs <=5s
1RtXCTdQ,71,1-0,White,1904,<=5s vs <=5s
AEneclIU,76,0-1,Black,1913,<=5s vs <=5s
rn016Nwc,57,1-0,White,2185,<=5s vs 5-10s
Z5Gy0z2g,60,0-1,Black,1317,<=5s vs 10-15s
U40kdygO,76,0-1,Black,1414,<=5s vs <=5s
deSioQA8,70,1-0,Black,1694,<=5s vs <=5s
p2R6jY66,77,1-0,White,905,<=5s vs <=5s
2kufajfy,83,1-0,White,2205,<=5s vs 10-15s
GMc6h0vJ,82,1-0,Black,1933,<=5s vs <=5s
4OyXT1ga,77,1-0,White,1998,<=5s vs <=5s
50AeREEB,97,1-0,White,2108,<=5s vs <=5s
hZ0WqKnw,81,1-0,White,1626,<=5s vs 10-15s
9nkzeSPZ,76,1-0,Black,2040,<=5s vs <=5s
lrVZqpv2,71,1-0,White,1889,<=5s vs 5-10s
aSyjg5a4,137,1-0,White,2418,<=5s vs <=5s
lIaZmOSG,69,1-0,White,2006,<=5s vs 5-10s
0woPUxiG,75,1-0,White,1741,<=5s vs 10-15s
q1SfvDbN,61,1-0,White,2054,<=5s vs <=5s
PCPGuM75,94,1-0,Black,2415,<=5s vs <=5s
v339U7UU,67,1-0,White,1715,<=5s vs 5-10s
rjLmwVB6,61,1-0,White,1550,<=5s vs 5-10s
p4D1NAyE,65,1-0,White,2420,<=5s vs 5-10s
DVyleW46,126,0-1,Black,2854,<=5s vs <=5s
DC4KkzbQ,88,0-1,Black,2229,<=5s vs <=5s
SHFpx5wk,60,0-1,Black,1359,<=5s vs 10-15s
2lIpIIEC,95,0-1,White,2586,<=5s vs <=5s
R2vpOFO6,79,0-1,White,1795,<=5s vs 5-10s
jMxxx90h,49,0-1,White,1094,<=5s vs <=5s
8TkpOdQr,70,1-0,Black,1866,<=5s vs <=5s
ta3FdIYQ,65,1-0,White,2257,<=5s vs 15-20s
t8BiFDNx,47,1-0,White,1565,<=5s vs 15-20s
6lJgOBOz,59,1-0,White,1872,<=5s vs <=5s
e71julb5,87,0-1,White,2247,<=5s vs 5-10s
VA3H9rGT,71,1-0,White,2294,<=5s vs <=5s
NNcr9HiY,85,1-0,White,1571,<=5s vs <=5s
8gCdxk8V,106,0-1,Black,2247,<=5s vs <=5s
AElnDULd,89,1/2-1/2,White,1648,<=5s vs 10-15s
BSOR2TwD,91,0-1,White,2218,<=5s vs <=5s
FIaSQhza,77,1-0,White,2194,<=5s vs 5-10s
sO2chDK8,111,1-0,White,2008,<=5s vs <=5s
WBWNnpRq,86,0-1,Black,2183,<=5s vs <=5s
7B1uw1hR,62,0-1,Black,1618,<=5s vs 5-10s
N13fQ45C,79,1-0,White,2454,<=5s vs 5-10s
qxU3eKgx,72,1-0,Black,1898,<=5s vs <=5s
JhGDuB67,61,1-0,White,1566,<=5s vs 5-10s
1ENumHc0,56,1-0,Black,883,<=5s vs <=5s
MBU722it,104,0-1,Black,2542,<=5s vs <=5s
hMPGCuDM,92,0-1,Black,1909,<=5s vs 10-15s
O7SHwHKb,113,1-0,White,2047,<=5s vs <=5s
pHzVG2wv,52,0-1,Black,1146,<=5s vs 15-20s
YX7EO3Y4,69,0-1,White,1629,<=5s vs <=5s
9bhCxjuU,86,1-0,Black,2738,<=5s vs 10-15s
el0u9Bdx,99,1-0,White,2343,<=5s vs 5-10s
xCn7IzLh,69,1-0,White,1791,<=5s vs <=5s
Q91KElB6,98,1-0,Black,2390,<=5s vs <=5s
bb1KyRMY,138,0-1,Black,2505,<=5s vs <=5s
VhilGu2u,71,0-1,White,1920,<=5s vs <=5s
CFwkX0fu,98,0-1,Black,2011,<=5s vs 5-10s
pbg2KDFY,67,1-0,White,1949,<=5s vs 5-10s
ViGM5OWU,79,1-0,White,1236,<=5s vs <=5s
HSkPK6Uh,71,0-1,White,1435,<=5s vs <=5s
OXPRpgbG,87,1-0,White,2041,<=5s vs 5-10s
dNaKkAgw,74,0-1,Black,1807,<=5s vs <=5s
dF6L9qBB,86,1-0,Black,1354,<=5s vs <=5s
BLNFhhqp,121,1-0,White,1817,<=5s vs 10-15s
MmOqEg1U,79,0-1,White,2706,<=5s vs <=5s
G7n9GuJl,63,1-0,White,1229,<=5s vs 5-10s
Y8xcXWZN,129,0-1,White,2255,<=5s vs <=5s
29iZiQaX,101,1-0,White,2322,<=5s vs <=5s
7BiKJg3G,132,0-1,Black,2279,<=5s vs <=5s
pI9FhRVL,80,1-0,Black,1438,<=5s vs <=5s
S9K27rm5,41,1-0,White,1311,<=5s vs 15-20s
fohvhWXv,75,1-0,White,2077,<=5s vs <=5s
QtUUaZLP,70,0-1,Black,2584,<=5s vs <=5s
k1GVH6CQ,82,1-0,Black,1921,<=5s vs <=5s
lQGJgpEH,134,1/2-1/2,Black,2298,<=5s vs 5-10s
GPUCXfmp,91,1/2-1/2,White,2501,<=5s vs <=5s
aYS63gsc,110,1/2-1/2,Black,2523,<=5s vs 10-15s
qJdX7rKG,71,1-0,White,2087,<=5s vs <=5s
yZzhToWJ,58,0-1,Black,1096,<=5s vs 15-20s
YIszY2Pu,119,1/2-1/2,White,2675,<=5s vs 10-15s
5jR500Fe,71,0-1,White,1634,<=5s vs <=5s
piha25fc,101,0-1,White,2224,<=5s vs <=5s
JrlMPcvM,61,0-1,White,1918,<=5s vs <=5s
MF84En1U,72,0-1,Black,2317,<=5s vs 5-10s
4J58bmeo,92,0-1,Black,2185,<=5s vs <=5s
iPGqsy34,116,0-1,Black,1908,<=5s vs <=5s
MZL5lD3G,74,0-1,Black,1698,<=5s vs <=5s
Vr8ksxKR,67,1-0,White,1478,<=5s vs <=5s
VqpKCn9K,96,0-1,Black,2017,<=5s vs <=5s
pLckfAm3,58,0-1,Black,1352,<=5s vs 10-15s
hezZ6CpJ,133,0-1,White,2392,<=5s vs <=5s
aPYtYmL7,85,1-0,White,2008,<=5s vs 5-10s
OvCr1i3B,93,1/2-1/2,White,2052,<=5s vs <=5s
WydzvIyh,79,1-0,White,1304,<=5s vs 5-10s
kVSFOx1B,104,1-0,Black,2291,<=5s vs <=5s
PU6bC6hQ,98,0-1,Black,2091,<=5s vs <=5s
JnUDWHMh,42,0-1,Black,881,<=5s vs 15-20s
Jbx8fjyL,44,0-1,Black,1236,<=5s vs 10-15s
KW0YhTPx,70,0-1,Black,2027,<=5s vs 5-10s
MSz9PrXw,64,1-0,Black,2504,<=5s vs <=5s
MEdK7B6l,82,0-1,Black,2059,<=5s vs <=5s
ovJiai7e,117,1-0,White,1802,<=5s vs <=5s
dEpl7Hxf,141,0-1,White,2518,<=5s vs <=5s
yaEXAxfE,56,0-1,Black,1372,<=5s vs <=5s
hEP49N2L,82,1-0,Black,2116,<=5s vs <=5s
SgkHDh3t,54,1-0,Black,1027,<=5s vs <=5s
GENH8PZu,136,0-1,Black,2160,<=5s vs <=5s
Tpe65Jeb,128,1-0,Black,2889,<=5s vs <=5s
NnzCJa4A,109,1-0,White,2391,<=5s vs 10-15s
1wY2VoO4,92,0-1,Black,2362,<=5s vs <=5s
6cz7zmqu,48,0-1,Black,937,<=5s vs 15-20s
pUp0ZVD1,53,1-0,White,1396,<=5s vs <=5s
Sxu1TPAK,70,0-1,Black,1583,<=5s vs <=5s
N681f2Qw,74,0-1,Black,2343,<=5s vs <=5s
7Mb1KL5L,54,0-1,Black,2004,<=5s vs 5-10s
LcIRg7cX,83,0-1,White,1650,<=5s vs <=5s
WdK9FMWm,64,0-1,Black,1539,<=5s vs 5-10s
yJMBLzWH,56,0-1,Black,1084,<=5s vs 5-10s
aWCnGWXB,71,1-0,White,1294,<=5s vs <=5s
VBx3mt9y,51,0-1,White,881,<=5s vs <=5s
zMhGG9xt,62,0-1,Black,1042,<=5s vs <=5s
0pvSzJGo,52,0-1,Black,1099,<=5s vs 5-10s
M9BoY7wq,61,1-0,White,2131,<=5s vs 5-10s
khvvvqOz,59,1-0,White,1988,<=5s vs 10-15s
i0pyMtXN,91,1-0,White,1579,<=5s vs <=5s
6zguqIx2,63,1-0,White,1841,<=5s vs <=5s
fjfn033r,52,0-1,Black,1171,<=5s vs 5-10s
wHZMuiZX,51,1-0,White,2428,<=5s vs <=5s
TQo7mPML,85,1-0,White,2057,<=5s vs 5-10s
Y5M5Avbj,108,0-1,Black,3249,<=5s vs <=5s
aIGZd5w8,74,1-0,Black,1299,<=5s vs <=5s
Cf5tLx0K,66,0-1,Black,1387,<=5s vs <=5s
sIr0EnkH,52,1-0,Black,1475,<=5s vs <=5s
UBK82NPr,66,0-1,Black,1760,<=5s vs 10-15s
GdPCrLDc,82,1-0,Black,2540,<=5s vs <=5s
O9Vk8mEl,107,0-1,White,2073,<=5s vs <=5s
p7f4ZmrP,128,0-1,Black,1420,<=5s vs 5-10s
pEhWptfw,106,0-1,Black,2449,<=5s vs 15-20s
UGW6Oftl,23,1-0,White,637,<=5s vs 15-20s
9yuHDjo6,98,0-1,Black,2260,<=5s vs <=5s
IyV4QaqT,78,0-1,Black,1860,<=5s vs <=5s
oaqBnn87,97,0-1,White,2745,<=5s vs <=5s
fekePQOw,115,1-0,White,3035,<=5s vs <=5s
lZDMY1Hd,85,1-0,White,2449,<=5s vs <=5s
K8D2IPAx,114,1-0,Black,2289,<=5s vs <=5s
OeD1QoTU,68,0-1,Black,1349,<=5s vs 10-15s
aNjQm3OW,73,1-0,White,1699,<=5s vs 15-20s
guVKt5tL,121,1-0,White,1835,<=5s vs 5-10s
piHgVU2M,93,1-0,White,1824,<=5s vs <=5s
KYCl7b4T,109,1-0,White,2479,<=5s vs <=5s
YjknA53B,96,1-0,Black,1871,<=5s vs <=5s
1otvVYZP,79,1-0,White,1804,<=5s vs 5-10s
q7y0pbhT,58,1-0,Black,1492,<=5s vs <=5s
GrKLVive,118,0-1,Black,1715,<=5s vs <=5s
V2oHOXj4,104,0-1,Black,2554,<=5s vs <=5s
1XXSs9BL,63,1-0,White,1936,<=5s vs <=5s
SHMZCvpu,91,0-1,White,2022,<=5s vs 5-10s
DjOZo640,78,0-1,Black,1088,<=5s vs 10-15s
LDjszsBy,87,1-0,White,2196,<=5s vs 5-10s
Rn6lziGk,64,0-1,Black,2087,<=5s vs 15-20s
a84NM0cg,95,1-0,White,2414,<=5s vs 5-10s
UVbxSjKF,124,1-0,Black,2779,<=5s vs <=5s
Zn44ElfV,110,1-0,Black,2347,<=5s vs <=5s
GEYU12nv,70,0-1,Black,1051,<=5s vs <=5s
XatHUbj9,53,1-0,White,1507,<=5s vs 15-20s
vKzyEOAs,74,0-1,Black,1586,<=5s vs <=5s
7tj8QcyP,68,0-1,Black,2065,<=5s vs <=5s
NWPmYWRe,70,0-1,Black,2015,<=5s vs <=5s
KeiXSTx2,76,1-0,Black,1980,<=5s vs <=5s
KgdUFEjb,144,0-1,Black,2143,<=5s vs <=5s
TbvbvlYM,81,1-0,White,2062,<=5s vs <=5s
If5Ax55F,65,1-0,White,1415,<=5s vs 10-15s
LsZVAYFH,81,1-0,White,1756,<=5s vs 10-15s
RzN2EfJe,56,0-1,Black,1077,<=5s vs 10-15s
TjtZ2mMx,108,1-0,Black,2288,<=5s vs <=5s
LcudeTCQ,58,0-1,Black,1619,<=5s vs 5-10s
36px0B7Q,67,0-1,White,2242,<=5s vs 10-15s
W9RAPWEv,87,1-0,White,2117,<=5s vs <=5s
xXMeSxmN,118,0-1,Black,2391,<=5s vs 10-15s
ulY5ChJR,63,1-0,White,1173,<=5s vs 5-10s
v3JB5NG3,61,1-0,White,1414,<=5s vs <=5s
Uo3FzEHq,65,1-0,White,2171,<=5s vs 15-20s
Lc4tyHlx,111,0-1,White,2165,<=5s vs 5-10s
sBpOyTLJ,98,1-0,Black,1428,<=5s vs <=5s
97YhoVGF,98,1-0,Black,1437,<=5s vs 5-10s
6Qh7XWAc,72,0-1,Black,1597,<=5s vs 5-10s
kmrg2wk4,59,0-1,White,1307,<=5s vs <=5s
FVOLl72e,73,1-0,White,1613,<=5s vs 5-10s
lOiJvpwr,111,1-0,White,1764,<=5s vs <=5s
Qoi9okW3,97,1-0,White,1740,<=5s vs 5-10s
kST3xXie,35,1-0,White,739,<=5s vs 10-15s
6moCdoa3,63,1-0,White,1509,<=5s vs <=5s
IOqxLE3d,60,1-0,Black,1865,<=5s vs 5-10s
E3FGi9e2,92,0-1,Black,1803,<=5s vs <=5s
EgjjI3zw,102,0-1,Black,1156,<=5s vs 15-20s
O97CiBDH,80,0-1,Black,1924,<=5s vs <=5s
jMcdfZxo,69,1-0,White,1514,<=5s vs 5-10s
9Y96GQxU,58,0-1,Black,1476,<=5s vs 10-15s
NQNs7bDG,104,1-0,Black,2468,<=5s vs <=5s
HVRNvh6O,73,1-0,White,1428,<=5s vs 5-10s
3EyjMsxO,106,0-1,Black,2287,<=5s vs <=5s
6JvWZb8h,86,0-1,Black,1700,<=5s vs <=5s
5FCJVGYm,33,1-0,White,1060,<=5s vs 15-20s
E7iabVG3,129,1-0,White,2033,<=5s vs 15-20s
ZaUW4s5Z,90,0-1,Black,2212,<=5s vs <=5s
74cTcJxz,94,1-0,Black,2421,<=5s vs <=5s
F070ofDF,84,0-1,Black,2171,<=5s vs <=5s
sVK8vHH7,100,1-0,Black,1412,<=5s vs <=5s
9ik1lHwL,102,1-0,Black,2273,<=5s vs 5-10s
2E32j7Hv,115,0-1,White,2627,<=5s vs <=5s
24LRlg9h,99,1-0,White,2098,<=5s vs 5-10s
ohORlU2d,76,1-0,Black,1727,<=5s vs <=5s
P82PiJAp,93,1-0,White,2331,<=5s vs 5-10s
nVHCkPVU,115,1-0,White,2813,<=5s vs <=5s
CBqIaAE8,74,1-0,Black,2123,<=5s vs <=5s
xkLLxcci,44,0-1,Black,1608,<=5s vs 5-10s
bO8iKPlI,113,0-1,White,2206,<=5s vs <=5s
Vgv0isxS,64,0-1,Black,1659,<=5s vs 15-20s
NlaPVrdv,82,0-1,Black,2497,<=5s vs 5-10s
mXm2rwvn,79,1-0,White,2331,<=5s vs <=5s
7kjcVbqV,128,1-0,Black,2127,<=5s vs <=5s
8qslI3Bq,109,0-1,White,2272,<=5s vs <=5s
gn2h7aFa,79,1-0,White,1643,<=5s vs <=5s
AfZIrKq9,94,0-1,Black,2141,<=5s vs <=5s
PnKtC7AW,138,1-0,Black,2299,<=5s vs <=5s
Jft7iAW6,70,0-1,Black,1172,<=5s vs <=5s
ojw96Wcm,80,0-1,Black,1804,<=5s vs <=5s
zbIrtiLt,64,0-1,Black,2103,<=5s vs 10-15s
PAA7KFTt,91,1-0,White,2921,<=5s vs 10-15s
88OlrdWK,107,0-1,White,1943,<=5s vs <=5s
0DeImvIP,74,0-1,Black,1671,<=5s vs 5-10s
Jkfeq0qo,146,0-1,Black,1603,<=5s vs <=5s
XTKGP2rs,83,1-0,White,1888,<=5s vs <=5s
HE0jzFgM,65,1-0,White,2045,<=5s vs 15-20s
aQTYxy5f,83,1/2-1/2,White,2638,<=5s vs 10-15s
wanooozO,81,1-0,White,1663,<=5s vs 10-15s
19xJ3zRv,121,1-0,White,1756,<=5s vs 5-10s
0CMP4ziW,111,1-0,White,2577,<=5s vs <=5s
9SdflALl,67,1-0,White,2107,<=5s vs 5-10s
VAIWhhwD,68,0-1,Black,1864,<=5s vs 5-10s
oGR0DN0N,66,0-1,Black,1846,<=5s vs 5-10s
DY7VGnpW,136,0-1,Black,1211,<=5s vs <=5s
XAkjnHWd,83,0-1,White,1755,<=5s vs <=5s
TZBmqA3c,72,0-1,Black,2458,<=5s vs 5-10s
EHZALBFj,65,1-0,White,1995,<=5s vs 10-15s
gYSzbk4N,78,0-1,Black,1953,<=5s vs 15-20s
sr4MFjAt,66,0-1,Black,1247,<=5s vs 10-15s
Pp68NGCn,70,0-1,Black,1517,<=5s vs <=5s
UM9UfCI5,79,1-0,White,1566,<=5s vs <=5s
F0WvSrjO,86,0-1,Black,1842,<=5s vs 5-10s
5s8opgAW,53,1-0,White,1847,<=5s vs 15-20s
MA05LrOo,51,1-0,White,932,<=5s vs 5-10s
hYz5yb00,81,0-1,White,2096,<=5s vs <=5s
HAZJNb8f,73,0-1,White,1977,<=5s vs 5-10s
Ulfrf5Yi,117,1-0,White,2379,<=5s vs <=5s
sR70BgxM,77,1-0,White,1512,<=5s vs 10-15s
C1IStDq2,150,1/2-1/2,Black,2140,<=5s vs <=5s
9R9PEeCV,85,0-1,White,2246,<=5s vs <=5s
dQUEw0a7,132,1-0,Black,2406,<=5s vs <=5s
RxZgxALr,72,0-1,Black,2024,<=5s vs <=5s
4xVT1lH9,67,0-1,White,2520,<=5s vs 5-10s
DjYVv3g5,67,0-1,White,2636,<=5s vs 5-10s
jGzERnjh,45,1-0,White,1213,<=5s vs 5-10s
fHHwtvkW,91,1/2-1/2,White,1380,<=5s vs 5-10s
V7KZzAwn,67,1-0,White,2336,<=5s vs <=5s
cL7BDuvF,54,0-1,Black,1227,<=5s vs <=5s
Awy2ikrk,88,0-1,Black,1300,<=5s vs 5-10s
A9rUbYnB,90,0-1,Black,1822,<=5s vs 15-20s
Tb0T4eoI,50,0-1,Black,1396,<=5s vs 5-10s
Bx030UBN,68,0-1,Black,1571,<=5s vs 15-20s
JcfhDLZg,88,1-0,Black,2005,<=5s vs <=5s
cXqJvWwK,70,0-1,Black,2032,<=5s vs <=5s
YrNuCuzJ,67,1-0,White,1226,<=5s vs 5-10s
I4if0rep,65,1-0,White,828,<=5s vs 15-20s
l0QfcSy1,114,1-0,Black,2145,<=5s vs <=5s
hXVdiBM7,106,0-1,Black,2313,<=5s vs 5-10s
1eze2juz,101,1-0,White,2191,<=5s vs 5-10s
DjG5jhdY,94,0-1,Black,2441,<=5s vs <=5s
Qaliq5rB,81,1-0,White,1884,<=5s vs <=5s
785Pkjod,79,0-1,White,2158,<=5s vs <=5s
04FNFBF1,67,0-1,White,1909,<=5s vs <=5s
mN8nsN5m,68,0-1,Black,1639,<=5s vs 10-15s
IjkLU7UA,117,0-1,White,1920,<=5s vs <=5s
ZEEY3ixl,70,0-1,Black,1549,<=5s vs 5-10s
WC86BhoK,89,0-1,White,2422,<=5s vs <=5s
kb18RakK,121,0-1,White,2005,<=5s vs <=5s
4zpO53CD,46,1-0,Black,2046,<=5s vs 5-10s
I9qfSeDX,79,1-0,White,2720,<=5s vs 15-20s
SPO4vBpI,72,1-0,Black,2061,<=5s vs <=5s
BjwZJee4,99,1-0,White,1609,<=5s vs <=5s
JfWdXOO1,87,1-0,White,1546,<=5s vs <=5s
bElvRnOK,71,1-0,White,1684,<=5s vs 5-10s
ax0jHHgD,109,1-0,White,1997,<=5s vs <=5s
0iDob2Mt,112,0-1,Black,2179,<=5s vs <=5s
sEYmYB0u,75,1-0,White,1914,<=5s vs <=5s
umJFtAZq,58,0-1,Black,1159,<=5s vs 5-10s
WHysw6es,78,0-1,Black,1697,<=5s vs 5-10s
alYRvlW1,66,0-1,Black,1521,<=5s vs 5-10s
6PAKqFks,133,0-1,White,1982,<=5s vs <=5s
ygW02sO2,119,1-0,White,2973,<=5s vs <=5s
LCRjZT2p,106,0-1,Black,2086,<=5s vs 5-10s
00BdrYlo,69,0-1,White,1865,<=5s vs <=5s
n6mpoxCt,87,1-0,White,918,<=5s vs 10-15s
SW3luOE8,107,1-0,White,1997,<=5s vs 15-20s
Z2GMRA46,89,1-0,White,1608,<=5s vs <=5s
tb19uV3y,58,0-1,Black,1235,<=5s vs 5-10s
A9rKU00J,102,1-0,Black,2162,<=5s vs <=5s
Shx5koqP,65,1-0,White,1142,<=5s vs 5-10s
2uDEEEWQ,82,0-1,Black,2492,<=5s vs 5-10s
M6R93RRM,65,1-0,White,1681,<=5s vs <=5s
LrCwDz50,45,1-0,White,1412,<=5s vs 5-10s
nSXgvFZR,78,0-1,Black,1806,<=5s vs <=5s
T2FDWtJD,86,0-1,Black,2346,<=5s vs <=5s
5v4QBHgl,75,1-0,White,1807,<=5s vs <=5s
JMsoh3RV,77,1-0,White,1946,<=5s vs <=5s
3d6zpTRD,117,1-0,White,2478,<=5s vs 5-10s
kXRt8XBq,55,0-1,White,1190,<=5s vs <=5s
4VjCYw0Z,80,1-0,Black,2147,<=5s vs <=5s
BftxXUcL,78,1-0,Black,1833,<=5s vs <=5s
FaRg1lPb,44,0-1,Black,1145,<=5s vs 15-20s
emUYr62I,50,0-1,Black,1175,<=5s vs 15-20s
4tSEZ7TE,104,0-1,Black,2379,<=5s vs <=5s
115xYNiL,99,1-0,White,1940,<=5s vs <=5s
8lTk8q1t,89,1-0,White,1964,<=5s vs 10-15s
W9mC2Tg6,68,0-1,Black,1510,<=5s vs <=5s
InSQmHji,89,1-0,White,1676,<=5s vs <=5s
JhAABrJb,78,0-1,Black,1999,<=5s vs <=5s
cViLxfka,101,1-0,White,2276,<=5s vs 5-10s
pOoru1II,78,0-1,Black,1722,<=5s vs 5-10s
IfSzFFTd,85,1-0,White,1907,<=5s vs <=5s
eyZANcxr,61,1-0,White,1336,<=5s vs <=5s
XeZAjZjF,62,0-1,Black,1916,<=5s vs 15-20s
Btb92tFc,90,0-1,Black,1907,<=5s vs 5-10s
9DtC6Q0C,88,1-0,Black,1893,<=5s vs 5-10s
aL9l8fhl,53,1-0,White,1554,<=5s vs <=5s
YjGsQvjd,73,1-0,White,1072,<=5s vs 10-15s
4ZsJn9rN,82,1-0,Black,1171,<=5s vs <=5s
8DxIDNdD,46,0-1,Black,1022,<=5s vs 15-20s
KqebmEay,66,0-1,Black,966,<=5s vs 15-20s
2s0eiupp,75,1-0,White,2441,<=5s vs 5-10s
6gnLgic3,85,1-0,White,1378,<=5s vs <=5s
dz4bLxOm,77,1-0,White,2815,<=5s vs <=5s
XN0yuIWY,87,0-1,White,1928,<=5s vs 5-10s
Je2uSvuN,94,0-1,Black,2584,<=5s vs 10-15s
XXqHUOuH,72,0-1,Black,2019,<=5s vs <=5s
HuPUcLMV,55,1-0,White,1414,<=5s vs 15-20s
F6BoWWV5,83,0-1,White,1867,<=5s vs <=5s
PT8tFmA6,57,0-1,White,1705,<=5s vs <=5s
g2TmH0xb,77,1-0,White,2098,<=5s vs <=5s
6aPrn9x2,80,0-1,Black,1785,<=5s vs <=5s
lW1mFrHC,80,0-1,Black,1357,<=5s vs <=5s
lde0ZYGF,56,0-1,Black,1877,<=5s vs 15-20s
X0DtnXAw,94,0-1,Black,2213,<=5s vs 5-10s
RkPcDzkd,95,1-0,White,1860,<=5s vs <=5s
PwKanaKV,127,0-1,White,1738,<=5s vs <=5s
4Npget97,103,0-1,White,1581,<=5s vs <=5s
GSe4V2y1,81,1-0,White,1905,<=5s vs 5-10s
fnd6InJj,145,0-1,White,2112,<=5s vs <=5s
KQLk6prC,96,0-1,Black,2352,<=5s vs <=5s
tFR0AtPg,67,1-0,White,2074,<=5s vs <=5s
0NcZr6px,112,1/2-1/2,Black,2309,<=5s vs 5-10s
dX7MxKFU,116,0-1,Black,1732,<=5s vs 5-10s
RPiBBD2L,62,1-0,Black,1376,<=5s vs <=5s
nbP1q1xj,77,1-0,White,1863,<=5s vs 5-10s
pEASKL2i,66,0-1,Black,1859,<=5s vs <=5s
Ztlxsynm,80,0-1,Black,783,<=5s vs <=5s
dL89eMxL,85,1-0,White,1530,<=5s vs <=5s
vWCjAdXz,90,0-1,Black,1758,<=5s vs 5-10s
oHXMkHb0,83,1-0,White,2059,<=5s vs 10-15s
BRxwxYMP,100,0-1,Black,2340,<=5s vs <=5s
1rlnLXSA,44,0-1,Black,974,<=5s vs 10-15s
j8o8K7IE,141,1-0,White,2488,<=5s vs <=5s
Scn0L6nL,70,1-0,Black,1736,<=5s vs <=5s
HhyeNmxb,128,1/2-1/2,Black,2756,<=5s vs <=5s
9A6tizZJ,67,1-0,White,1879,<=5s vs <=5s
2CuB7W7t,117,0-1,White,2405,<=5s vs <=5s
jas1Nx0w,87,0-1,White,1648,<=5s vs <=5s
bm8PheNn,98,0-1,Black,1814,<=5s vs <=5s
xZFw1Ux3,105,1/2-1/2,White,2419,<=5s vs <=5s
K9yYhPDW,103,1-0,White,2045,<=5s vs <=5s
66BAHSyn,65,0-1,White,1718,<=5s vs <=5s
M1gh0RRk,62,0-1,Black,1554,<=5s vs 15-20s
WDK7qGu6,97,0-1,White,1947,<=5s vs <=5s
cSv7B7pH,61,1-0,White,2078,<=5s vs 15-20s
xTsFtACL,78,0-1,Black,1714,<=5s vs <=5s
6pm2dyGe,47,1-0,White,907,<=5s vs 5-10s
THEbKfUG,72,0-1,Black,1432,<=5s vs <=5s
47DPKOK1,70,0-1,Black,2391,<=5s vs <=5s
MEMHlhAV,74,0-1,Black,1792,<=5s vs 10-15s
rvrd0Kpy,64,0-1,Black,1207,<=5s vs 5-10s
ZiK7TgCB,46,0-1,Black,757,<=5s vs 5-10s
3GLsPBAl,76,1-0,Black,1538,<=5s vs <=5s
JzuPOLR7,64,0-1,Black,1474,<=5s vs 15-20s
bjmgcm5n,81,1-0,White,1955,<=5s vs 5-10s
O3YoHMbu,93,1-0,White,1633,<=5s vs <=5s
wDThR2aC,53,1-0,White,900,<=5s vs <=5s
0sCmv6Mr,96,0-1,Black,2277,<=5s vs <=5s
Jy6xqdBY,61,1-0,White,1576,<=5s vs 10-15s
Y8KghY9O,100,1-0,Black,2211,<=5s vs <=5s
PpuCJOFw,78,1-0,Black,1948,<=5s vs <=5s
ce2KA329,70,1-0,Black,1010,<=5s vs <=5s
BeWcHPrW,108,0-1,Black,2003,<=5s vs <=5s
qPQ4tqf3,74,0-1,Black,1489,<=5s vs <=5s
EIlcyx2Q,63,1-0,White,2347,<=5s vs 10-15s
UQpr5E8p,82,0-1,Black,2133,<=5s vs 5-10s
Vz6LnK8L,93,1-0,White,1800,<=5s vs 5-10s
EKFHyAw0,111,0-1,White,1391,<=5s vs <=5s
tLCRfVRf,79,0-1,White,2154,<=5s vs <=5s
VtuiliIj,103,0-1,White,1368,<=5s vs <=5s
Am7mo7RQ,43,1-0,White,972,<=5s vs 15-20s
1mU66EPy,72,0-1,Black,1982,<=5s vs 5-10s
Pz3KcFZs,100,1-0,Black,1953,<=5s vs <=5s
kPxZmbC0,63,0-1,White,1849,<=5s vs <=5s
5n2bzZsc,81,1-0,White,1131,<=5s vs 10-15s
v4f1ZoeZ,63,1-0,White,1560,<=5s vs 15-20s
CkBoEdFw,52,0-1,Black,1393,<=5s vs 5-10s
Oa7aCeXC,130,0-1,Black,2531,<=5s vs <=5s
Ww9hLAcm,94,0-1,Black,1966,<=5s vs <=5s
GqEhkUwc,59,1-0,White,1818,<=5s vs 10-15s
pew1ec6O,67,0-1,White,2374,<=5s vs 5-10s
LdHK8I6t,96,0-1,Black,2258,<=5s vs <=5s
IX3BgSBH,50,1-0,Black,1301,<=5s vs <=5s
MoCNv7uT,57,1-0,White,2567,<=5s vs 5-10s
IEgfT73Y,46,0-1,Black,833,<=5s vs 10-15s
m7z10DTT,65,0-1,White,1833,<=5s vs <=5s
HcTleuIG,79,1-0,White,1301,<=5s vs <=5s
akoeRm4k,110,1-0,Black,2522,<=5s vs <=5s
1YcaYPOP,73,0-1,White,1271,<=5s vs 5-10s
IeAT1ezR,74,0-1,Black,2321,<=5s vs <=5s
uDlmwdIl,64,0-1,Black,1026,<=5s vs <=5s
mL6OOeh7,103,0-1,White,2548,<=5s vs <=5s
MiFkJHDt,72,0-1,Black,1750,<=5s vs <=5s
oBZFJFL9,65,1-0,White,1966,<=5s vs 15-20s
7VFnWY7t,113,0-1,White,2453,<=5s vs 5-10s
4sf5WdKE,122,1-0,Black,2329,<=5s vs <=5s
MYIOrIXN,81,1-0,White,2374,<=5s vs <=5s
UZZnISoN,85,1-0,White,1721,<=5s vs 5-10s
HwCXRp5O,69,1-0,White,1342,<=5s vs <=5s
8Uo5oz35,92,0-1,Black,2372,<=5s vs 10-15s
segWf935,76,0-1,Black,1790,<=5s vs 5-10s
E1Q8jQXr,129,1/2-1/2,White,2403,<=5s vs <=5s
MLIhpBsO,56,0-1,Black,1288,<=5s vs 15-20s
ESugaub9,123,1-0,White,2518,<=5s vs 10-15s
g2yYg3Al,55,0-1,White,1108,<=5s vs <=5s
PqbPSGMK,70,0-1,Black,2196,<=5s vs <=5s
hLdOkr1h,62,0-1,Black,1500,<=5s vs <=5s
pelVuU4r,38,0-1,Black,1807,<=5s vs 5-10s
oYmtLpFl,75,1-0,White,1575,<=5s vs <=5s
Wyu4gXrW,50,0-1,Black,1274,<=5s vs 15-20s
EHxtdt00,62,0-1,Black,1974,<=5s vs <=5s
6HzXv4VO,66,1-0,Black,1110,<=5s vs 5-10s
uExkuFKJ,70,0-1,Black,1566,<=5s vs 5-10s
Bigfnc3r,71,1-0,White,1410,<=5s vs 5-10s
2ot9GkAt,65,1-0,White,1972,<=5s vs 10-15s
8bhrk60o,84,0-1,Black,1978,<=5s vs 5-10s
n8hIFRog,129,0-1,White,2348,<=5s vs 5-10s
UP1CevnD,79,1-0,White,2093,<=5s vs 5-10s
kc0QHQUi,48,1-0,Black,1140,<=5s vs <=5s
9aSIkF4A,102,1-0,Black,2362,<=5s vs <=5s
4PmWksCh,113,1-0,White,2946,<=5s vs <=5s
d2lHiZZu,45,1-0,White,1313,<=5s vs 5-10s
KJEBTGPg,41,0-1,White,827,<=5s vs 5-10s
EHnxwTef,89,0-1,White,1745,<=5s vs 10-15s
AASJVwh6,79,1-0,White,1828,<=5s vs 5-10s
DCGOvtGK,103,0-1,White,2837,<=5s vs 5-10s
lpBAgKW0,84,0-1,Black,1800,<=5s vs 5-10s
vz4GJ21W,68,1-0,Black,2315,<=5s vs <=5s
LjGtCV03,61,1-0,White,852,<=5s vs <=5s
zNhTeEom,115,1-0,White,2050,<=5s vs <=5s
AdYo41QO,60,0-1,Black,1809,<=5s vs <=5s
FT9y3KRg,79,1-0,White,1443,<=5s vs <=5s
4L4CJXK5,99,0-1,White,2384,<=5s vs <=5s
YenqA3eq,98,0-1,Black,2547,<=5s vs <=5s
4fQn9aiI,74,0-1,Black,1239,<=5s vs 5-10s
wkbj9kzq,75,1-0,White,2038,<=5s vs 5-10s
5OZv0Utx,89,1-0,White,2398,<=5s vs <=5s
C3PmjcQ1,97,1-0,White,2369,<=5s vs 10-15s
DuB8uRC5,57,1-0,White,1657,<=5s vs 5-10s
0p6KyFwP,83,1-0,White,2107,<=5s vs 15-20s
BGnQiTqP,66,0-1,Black,1854,<=5s vs 5-10s
ExmhmCDy,57,1-0,White,2263,<=5s vs 5-10s
nonft1Ll,86,0-1,Black,2453,<=5s vs <=5s
QHTldIb6,96,0-1,Black,2155,<=5s vs 15-20s
VQ7k8SgG,86,0-1,Black,1846,<=5s vs <=5s
thfIavws,79,0-1,White,1408,<=5s vs <=5s
hdcSrcmd,75,1-0,White,1541,<=5s vs 5-10s
4yo0PQmW,90,0-1,Black,2055,<=5s vs 10-15s
Y3xVhRDF,78,1-0,Black,1570,<=5s vs <=5s
C46l2LKW,64,0-1,Black,1771,<=5s vs 15-20s
mGK15g3Q,98,0-1,Black,2499,<=5s vs 10-15s
8YOCN4Zw,61,1-0,White,1591,<=5s vs 5-10s
uWz0hcT7,108,1-0,Black,2365,<=5s vs <=5s
1JkCnH5M,108,1/2-1/2,Black,2121,<=5s vs 5-10s
cLwgsJbE,143,1/2-1/2,White,2693,<=5s vs 5-10s
A3kRty55,101,0-1,White,2375,<=5s vs <=5s
1e4k0OoJ,60,0-1,Black,1529,<=5s vs 15-20s
5ovRty0d,67,1-0,White,1507,<=5s vs 5-10s
yx0u6uo1,81,1-0,White,1054,<=5s vs <=5s
pqairkYQ,90,0-1,Black,1628,<=5s vs <=5s
Ig2saRf2,99,1-0,White,1646,<=5s vs 5-10s
Eqp5vsZk,84,0-1,Black,2012,<=5s vs 5-10s
tEQaUYJH,65,1-0,White,1096,<=5s vs 5-10s
0akLfVSu,75,1-0,White,2183,<=5s vs 15-20s
bQ8OknGT,204,0-1,Black,2256,<=5s vs 5-10s
95EyfjhA,64,0-1,Black,1458,<=5s vs 10-15s
7Bo0D0PT,118,0-1,Black,2140,<=5s vs <=5s
WJ1D8Y2s,128,0-1,Black,2345,<=5s vs <=5s
TeOS7sfq,114,1/2-1/2,Black,1954,<=5s vs <=5s
AmiyOgrx,94,1-0,Black,1531,<=5s vs <=5s
hxpy0IkI,37,1-0,White,820,<=5s vs 15-20s
TzlL5g2g,75,0-1,White,2184,<=5s vs <=5s
PRZmMNEn,115,1-0,White,2442,<=5s vs <=5s
yuaLwblW,77,0-1,White,1224,<=5s vs <=5s
nBUEZiOh,113,1/2-1/2,White,1840,<=5s vs <=5s
2RAq95di,78,0-1,Black,2489,<=5s vs <=5s
Hy1IZbr0,73,1-0,White,2005,<=5s vs <=5s
mUce3HRd,56,0-1,Black,764,<=5s vs <=5s
ORfGNdPW,77,1-0,White,1929,<=5s vs 5-10s
eFNdD7mu,69,1-0,White,1960,<=5s vs 15-20s
t28FU0eY,73,1-0,White,1418,<=5s vs 10-15s
3nLY2Kje,81,1-0,White,2106,<=5s vs <=5s
oJ4nZDRi,139,0-1,White,2267,<=5s vs 15-20s
aNPQXo1T,71,1-0,White,2340,<=5s vs <=5s
1EIVNQYf,106,0-1,Black,2092,<=5s vs <=5s
1l9zWsmo,65,1-0,White,2211,<=5s vs 5-10s
47X9wIeh,36,1-0,Black,715,<=5s vs <=5s
w0f54koy,77,1-0,White,1784,<=5s vs 15-20s
GYDX2cGa,76,0-1,Black,1814,<=5s vs <=5s
LppKIJx7,52,0-1,Black,1322,<=5s vs 5-10s
EUaXYn4D,47,1-0,White,1207,<=5s vs 5-10s
RIte2De7,60,0-1,Black,2201,<=5s vs 15-20s
Sp61MF1c,70,0-1,Black,1498,<=5s vs 5-10s
QvWlA6UN,132,0-1,Black,2214,<=5s vs <=5s
Jlca7MhA,71,1-0,White,1333,<=5s vs 5-10s
A2jx51or,116,1-0,Black,3147,<=5s vs <=5s
EHscB5bM,78,0-1,Black,2247,<=5s vs 5-10s
shRFlIK4,78,0-1,Black,1880,<=5s vs 5-10s
0x92eDOs,102,0-1,Black,2535,<=5s vs <=5s
MQD7iHEQ,57,1-0,White,1246,<=5s vs 10-15s
9NP34iDa,109,0-1,White,2313,<=5s vs 5-10s
6WvwAGDf,110,1-0,Black,2420,<=5s vs <=5s
rPqUr0KS,85,1-0,White,1906,<=5s vs <=5s
K5RNeR1p,133,1-0,White,2050,<=5s vs <=5s
v3Yhm436,74,0-1,Black,2019,<=5s vs <=5s
vhQxfDVH,102,0-1,Black,2048,<=5s vs <=5s
J0OJT2zS,104,0-1,Black,1971,<=5s vs <=5s
JU9LxZOA,83,1-0,White,1914,<=5s vs <=5s
xRwESRqi,55,0-1,White,1269,<=5s vs <=5s
bzp8OFmC,86,1-0,Black,1820,<=5s vs <=5s
BvY2I989,69,0-1,White,1504,<=5s vs <=5s
mTd8F4Pf,71,1-0,White,1910,<=5s vs <=5s
fgDm5QxO,72,0-1,Black,1836,<=5s vs 5-10s
PDjWc94o,54,0-1,Black,1146,<=5s vs <=5s
8OmXqPRg,47,1-0,White,1399,<=5s vs <=5s
GI67WdQF,63,1-0,White,1800,<=5s vs 10-15s
pyPWwPUZ,74,0-1,Black,1936,<=5s vs <=5s
QdQSZEzk,91,1-0,White,1033,<=5s vs 15-20s
BAEjYLRU,78,0-1,Black,1669,<=5s vs 10-15s
83PL7CLl,69,1-0,White,2776,<=5s vs 5-10s
k38Lgbbp,83,0-1,White,886,<=5s vs <=5s
WhBZW6wb,85,1-0,White,1992,<=5s vs <=5s
cMcYhGh9,42,0-1,Black,824,<=5s vs 15-20s
D9ht7g7O,85,1-0,White,1690,<=5s vs <=5s
BayuDItk,94,1-0,Black,1667,<=5s vs <=5s
hBeYug56,58,0-1,Black,1327,<=5s vs 5-10s
FmtHlb0E,89,1-0,White,2588,<=5s vs 5-10s
qJDXRjO1,83,1-0,White,2546,<=5s vs 5-10s
bkV65EQ3,76,1-0,Black,1101,<=5s vs <=5s
RfmSqQ4Q,88,0-1,Black,1657,<=5s vs <=5s
7ayoqYRH,66,0-1,Black,1698,<=5s vs 10-15s
FP8vWVC2,73,1/2-1/2,White,975,<=5s vs 5-10s
h92WthWL,83,1-0,White,1411,<=5s vs <=5s
7bshrhgJ,71,1-0,White,1501,<=5s vs <=5s
Y8UkJb59,49,1-0,White,1474,<=5s vs 15-20s
XLWS2LmU,86,1-0,Black,2268,<=5s vs 5-10s
KOmfJRDV,91,1-0,White,1616,<=5s vs <=5s
qbT9pyti,40,0-1,Black,1083,<=5s vs <=5s
KfJ58cYI,50,0-1,Black,1872,<=5s vs 10-15s
LNGbqDAX,57,1-0,White,1531,<=5s vs 5-10s
CorYEP3n,55,1-0,White,1235,<=5s vs 15-20s
JCE0RqK6,54,0-1,Black,1319,<=5s vs 5-10s
O72czaHN,136,0-1,Black,2149,<=5s vs <=5s
P9kjnNgz,77,1-0,White,1313,<=5s vs 15-20s
8M28kkIT,67,1-0,White,1738,<=5s vs 15-20s
fuZVCcFv,106,1/2-1/2,Black,1937,<=5s vs <=5s
ohOuQF1A,91,1-0,White,2031,<=5s vs 5-10s
ABJojHKS,64,0-1,Black,1421,<=5s vs <=5s
PhiTR7sC,95,1-0,White,2202,<=5s vs 5-10s
QMCREtiP,73,1-0,White,1112,<=5s vs 5-10s
Z1iMsHHJ,87,0-1,White,1153,<=5s vs <=5s
6Kv281ff,129,1-0,White,2234,<=5s vs 5-10s
0KLq6mig,75,1-0,White,2298,<=5s vs <=5s
7NlhgWoE,66,0-1,Black,2160,<=5s vs 5-10s
mw1gkhH0,55,0-1,White,1329,<=5s vs 10-15s
E97gEZAC,84,1-0,Black,2099,<=5s vs 5-10s
odRb4zcs,117,1-0,White,2568,<=5s vs 10-15s
XTX1B4O1,89,1-0,White,2045,<=5s vs <=5s
bsRDeDvO,51,1-0,White,1136,<=5s vs 15-20s
TJnp3dhD,55,1-0,White,1854,<=5s vs 5-10s
BhlOx2ue,90,0-1,Black,1808,<=5s vs <=5s
QUo8PYN9,134,1-0,Black,2658,<=5s vs <=5s
iZSfT6I5,60,0-1,Black,1343,<=5s vs 5-10s
sCRI7RwP,89,1-0,White,1833,<=5s vs <=5s
hcvc1Oi0,82,0-1,Black,1518,<=5s vs 15-20s
QtrFFtSM,64,0-1,Black,1379,<=5s vs <=5s
LmUyfabr,118,1-0,Black,2148,<=5s vs <=5s
cNmhAVLj,110,0-1,Black,2680,<=5s vs 5-10s
NiIFecQp,57,1-0,White,1545,<=5s vs <=5s
9hC4t3g6,88,1-0,Black,2352,<=5s vs <=5s
z2gh0rQQ,117,0-1,White,2027,<=5s vs <=5s
Hw2E1mFh,94,0-1,Black,2616,<=5s vs 5-10s
2L8dhrwl,87,1-0,White,1481,<=5s vs <=5s
0yllt02z,70,1-0,Black,2230,<=5s vs <=5s
REiEDIVa,81,1-0,White,1794,<=5s vs <=5s
UJEDnuyM,97,1-0,White,2422,<=5s vs <=5s
jg4f3isH,127,0-1,White,2336,<=5s vs <=5s
pPzUlfms,52,0-1,Black,920,<=5s vs 5-10s
YvaPXK1q,82,0-1,Black,1423,<=5s vs 5-10s
KYtrgylm,53,1-0,White,819,<=5s vs 15-20s
6KGzhUYn,73,1-0,White,2194,<=5s vs <=5s
xvGeeSsm,67,1-0,White,956,<=5s vs <=5s
v8jG17X6,59,1-0,White,1228,<=5s vs 15-20s
kEuENEUz,79,1-0,White,1341,<=5s vs <=5s
GKqg5io0,47,0-1,White,1004,<=5s vs <=5s
BQswMLNq,114,1-0,Black,2008,<=5s vs <=5s
3kEt19bq,84,1-0,Black,1901,<=5s vs 15-20s
Oi5LtABq,68,0-1,Black,2327,<=5s vs <=5s
AI9ZyfZO,86,1-0,Black,2049,<=5s vs <=5s
CzHdINdb,61,0-1,White,856,<=5s vs 10-15s
DjOQAutF,75,0-1,White,1915,<=5s vs <=5s
3LXMq7Gg,94,1-0,Black,2496,<=5s vs <=5s
zqC0XH1l,58,0-1,Black,2134,<=5s vs <=5s
U27rEegA,113,0-1,White,2836,<=5s vs 5-10s
Ddm4MNnm,70,0-1,Black,2134,<=5s vs 10-15s
1PsFMeEK,103,0-1,White,1015,<=5s vs 5-10s
8elxB8Yd,73,1-0,White,1747,<=5s vs 10-15s
OalQmRjL,34,0-1,Black,719,<=5s vs 5-10s
LJ7UTjvC,57,1-0,White,2458,<=5s vs <=5s
qcfLRyoC,70,0-1,Black,1584,<=5s vs 10-15s
DmmVZL7e,54,0-1,Black,1600,<=5s vs 15-20s
hs61nhyA,151,1-0,White,2458,<=5s vs <=5s
R0MDNozl,89,1-0,White,1886,<=5s vs 5-10s
fYBrn7z8,64,0-1,Black,1264,<=5s vs 10-15s
xLByc9TE,92,0-1,Black,1945,<=5s vs 5-10s
0FNNOd6V,92,0-1,Black,2218,<=5s vs <=5s
6IkBVpYl,87,1-0,White,2061,<=5s vs <=5s
iXJTYc4f,37,1-0,White,869,<=5s vs 5-10s
LTepbiLg,80,0-1,Black,1772,<=5s vs 10-15s
LWq5p9Ak,77,1-0,White,2245,<=5s vs 15-20s
0LU8pebc,81,1-0,White,2282,<=5s vs <=5s
NZDtk6BP,58,1-0,Black,1767,<=5s vs <=5s
DV3jWued,54,0-1,Black,1457,<=5s vs 5-10s
Fgaca7Rn,62,0-1,Black,1171,<=5s vs 5-10s
7ov1RZJ8,58,1-0,Black,1664,<=5s vs <=5s
9BIpaxgJ,62,0-1,Black,2137,<=5s vs <=5s
ogKEw18i,74,1-0,Black,956,<=5s vs <=5s
5jRZS4oZ,74,0-1,Black,2228,<=5s vs 15-20s
0eUWlTdl,119,1/2-1/2,White,2224,<=5s vs 5-10s
oGmZrFlK,77,1-0,White,2053,<=5s vs 10-15s
SJM7gz3y,101,1/2-1/2,White,1391,<=5s vs <=5s
dxKAl90G,67,1-0,White,1641,<=5s vs 5-10s
XA99tTSs,99,0-1,White,2322,<=5s vs <=5s
O9JHX55Z,75,1-0,White,1865,<=5s vs <=5s
yHNOWt6H,76,0-1,Black,2166,<=5s vs 5-10s
fvmL0ovt,66,1/2-1/2,Black,2062,<=5s vs 5-10s
dQ5S8wAX,155,1-0,White,2181,<=5s vs 5-10s
Nzf99hqW,94,1-0,Black,2184,<=5s vs <=5s
UCWLzH0h,69,1-0,White,1802,<=5s vs 5-10s
vNVsvSrf,61,1-0,White,1987,<=5s vs 10-15s
jx7qbgkX,62,0-1,Black,1527,<=5s vs <=5s
852AJuaO,64,1-0,Black,1318,<=5s vs <=5s
pFx5Ouu4,74,1-0,Black,2313,<=5s vs <=5s
3wn4gUrD,90,1-0,Black,2356,<=5s vs <=5s
Ia3KFgsk,55,1-0,White,1992,<=5s vs 5-10s
ruYKqjhF,78,0-1,Black,1612,<=5s vs <=5s
8bAU4hHK,117,1/2-1/2,White,2456,<=5s vs <=5s
YdbeBYaG,85,1-0,White,1913,<=5s vs <=5s
HRcrrXVy,67,0-1,White,1950,<=5s vs <=5s
FBn5dV37,83,1-0,White,1572,<=5s vs 10-15s
bvTtlaY6,54,0-1,Black,1500,<=5s vs <=5s
ZbUZfCJg,155,1-0,White,2393,<=5s vs 5-10s
6GCPfmxi,115,0-1,White,1726,<=5s vs <=5s
IHPjunQI,74,0-1,Black,1497,<=5s vs 5-10s
Z6UVxc5X,70,1-0,Black,1477,<=5s vs <=5s
cXee8Vvq,69,1-0,White,1647,<=5s vs 5-10s
EPzc9UXn,94,0-1,Black,2303,<=5s vs <=5s
u78KMzEc,85,1-0,White,2210,<=5s vs 5-10s
RI0ImJdo,62,0-1,Black,1476,<=5s vs 5-10s
6XY7BiuP,90,0-1,Black,1965,<=5s vs 10-15s
WPLH9ofC,96,1-0,Black,2278,<=5s vs 5-10s
2XTQ7nUm,88,0-1,Black,2387,<=5s vs <=5s
ovArgvLM,89,1-0,White,1392,<=5s vs <=5s
MrHskwjs,70,1-0,Black,2331,<=5s vs 10-15s
PBo9Q2eG,81,0-1,White,2461,<=5s vs <=5s
OZRU2J0f,61,1-0,White,1814,<=5s vs 15-20s
BtEFIO0K,92,1/2-1/2,Black,1889,<=5s vs <=5s
dZZip64A,61,0-1,White,1881,<=5s vs <=5s
P1xWxwE0,45,1-0,White,1447,<=5s vs 5-10s
pY3nNftD,79,1-0,White,2168,<=5s vs <=5s
ncYoqzgc,66,0-1,Black,1330,<=5s vs 5-10s
4cVyDIqe,109,1-0,White,2362,<=5s vs <=5s
4c9QoY1c,86,1-0,Black,2335,<=5s vs <=5s
cusDwPSH,69,1-0,White,1365,<=5s vs 5-10s
rCRrbAua,66,0-1,Black,2140,<=5s vs 5-10s
i8cpGvX4,61,1-0,White,1251,<=5s vs <=5s
uMQ1lehr,85,1-0,White,1662,<=5s vs 15-20s
4nS2MxxT,68,0-1,Black,1068,<=5s vs <=5s
pM9sy9GN,89,1-0,White,2370,<=5s vs 5-10s
JRkGOZOR,64,0-1,Black,1326,<=5s vs 5-10s
VSE8rPYa,79,0-1,White,1732,<=5s vs <=5s
U7iQlV5t,120,1-0,Black,2558,<=5s vs <=5s
l5BaA8sM,75,0-1,White,1349,<=5s vs <=5s
PJofz37y,88,0-1,Black,1690,<=5s vs <=5s
zwkXdvbp,63,1-0,White,1194,<=5s vs 15-20s
ZhHzLZjd,68,0-1,Black,2055,<=5s vs 10-15s
8ZUCsuET,82,0-1,Black,2253,<=5s vs 15-20s
ICxgC7xm,62,0-1,Black,1794,<=5s vs 10-15s
lko0P6M5,64,0-1,Black,1986,<=5s vs <=5s
Mjd4ipPL,116,1-0,Black,2130,<=5s vs <=5s
1LVZfWz0,60,0-1,Black,1048,<=5s vs 5-10s
cFplJITx,97,0-1,White,2465,<=5s vs 5-10s
CHMJ75mb,72,1-0,Black,1641,<=5s vs <=5s
K5wOKH6X,79,1-0,White,1754,<=5s vs 5-10s
idsOpPiQ,50,0-1,Black,1675,<=5s vs <=5s
segi5QXe,112,0-1,Black,2382,<=5s vs <=5s
GR1DIUjI,113,1-0,White,2563,<=5s vs <=5s
4z5BY43l,98,0-1,Black,2127,<=5s vs <=5s
XD23edcy,88,1-0,Black,2171,<=5s vs 15-20s
3zoUxOB3,82,0-1,Black,1943,<=5s vs 10-15s
65laEMEx,115,0-1,White,2365,<=5s vs <=5s
f1so9KHp,44,0-1,Black,1002,<=5s vs 15-20s
0L4EJ4kZ,51,1-0,White,1228,<=5s vs <=5s
YK8B5SKi,67,0-1,White,2484,<=5s vs <=5s
BfJYM77m,67,1-0,White,1610,<=5s vs <=5s
5fAWa8px,63,0-1,White,459,<=5s vs <=5s
2CRJI5Zi,74,0-1,Black,2043,<=5s vs <=5s
NOxrYb4I,74,0-1,Black,2238,<=5s vs <=5s
vrfoMNNh,69,1-0,White,1656,<=5s vs <=5s
7rbpRkYE,82,0-1,Black,2512,<=5s vs 15-20s
qL1ZFUIV,56,0-1,Black,1044,<=5s vs 15-20s
kHoXxPdM,68,0-1,Black,2178,<=5s vs <=5s
o2LKF2uI,67,0-1,White,1440,<=5s vs <=5s
rin93Rw3,84,1-0,Black,2389,<=5s vs 5-10s
rTc49seL,83,0-1,White,1463,<=5s vs <=5s
RMnCzUcv,94,0-1,Black,1886,<=5s vs <=5s
VqKJFS42,187,1/2-1/2,White,2176,<=5s vs 10-15s
SR7HsPi9,73,0-1,White,1661,<=5s vs <=5s
JQz0m6yg,69,1-0,White,1226,<=5s vs 10-15s
LXqBTAPJ,56,0-1,Black,1341,<=5s vs 10-15s
aCNB2UyN,141,1/2-1/2,White,2591,<=5s vs <=5s
MtB89tYr,103,1-0,White,2460,<=5s vs 5-10s
A6Je9gmD,110,0-1,Black,2030,<=5s vs 5-10s
AYsX4VXk,78,0-1,Black,1816,<=5s vs 5-10s
U7XPWVXp,109,1-0,White,1926,<=5s vs 15-20s
Yq50Oqf8,105,0-1,White,1922,<=5s vs <=5s
8YFrLcvd,92,0-1,Black,1895,<=5s vs <=5s
lzxRS4wm,64,1-0,Black,1681,<=5s vs <=5s
mMg31lwn,68,0-1,Black,1321,<=5s vs 10-15s
xfP2Fhhv,69,1-0,White,1606,<=5s vs 5-10s
nfuID6nZ,191,0-1,White,1499,<=5s vs <=5s
SkoCieyQ,79,1-0,White,1731,<=5s vs <=5s
YOAH0BJN,72,0-1,Black,2283,<=5s vs 10-15s
hCAzFpwJ,78,0-1,Black,2185,<=5s vs <=5s
EXvWfx1t,70,0-1,Black,2390,<=5s vs <=5s
UpqrYYuP,108,1-0,Black,2566,<=5s vs <=5s
XwsGYcJu,62,1-0,Black,2000,<=5s vs 5-10s
mYqCvRxm,64,0-1,Black,1757,<=5s vs 10-15s
YQ9oPdb2,67,0-1,White,2182,<=5s vs <=5s
DepQHbF4,46,0-1,Black,892,<=5s vs 5-10s
vvAGEZJe,82,0-1,Black,1615,<=5s vs <=5s
2wfSRFhx,63,1-0,White,1274,<=5s vs 5-10s
akC5kL5m,135,1-0,White,2455,<=5s vs 5-10s
jCiABUKy,87,0-1,White,2345,<=5s vs <=5s
k2ZX2NZ1,107,0-1,White,3119,<=5s vs 10-15s
pqibfou7,75,1-0,White,1496,<=5s vs 15-20s
jfT3r5pL,70,0-1,Black,1774,<=5s vs <=5s
JPjgAYpf,66,0-1,Black,1279,<=5s vs 10-15s
q6otN09v,72,0-1,Black,1254,<=5s vs 5-10s
4eVcLlXJ,84,0-1,Black,2076,<=5s vs <=5s
ejlUes1l,76,0-1,Black,2392,<=5s vs 5-10s
dcwafdxe,81,1-0,White,2066,<=5s vs 5-10s
8n7EUh5y,65,0-1,White,2060,<=5s vs 5-10s
xcJAhXWz,93,1-0,White,2463,<=5s vs 10-15s
hjsVxxqt,96,0-1,Black,2606,<=5s vs <=5s
PwVrODoL,89,1-0,White,1902,<=5s vs <=5s
e7eUlYcU,109,1/2-1/2,White,2520,<=5s vs <=5s
9vKDiQ0j,54,1-0,Black,1119,<=5s vs <=5s
BrBiKrEc,112,1-0,Black,2522,<=5s vs <=5s
7xuUKIPi,118,0-1,Black,2318,<=5s vs <=5s
F0CmpXrA,84,0-1,Black,1698,<=5s vs 5-10s
RbWHVfS7,80,0-1,Black,2023,<=5s vs 5-10s
rwyJ9xwa,86,0-1,Black,2421,<=5s vs 10-15s
MWm7WCjG,81,1-0,White,1904,<=5s vs 15-20s
XxaoKehP,50,0-1,Black,1037,<=5s vs 10-15s
naq3k8GD,51,0-1,White,983,<=5s vs <=5s
KBdrlFmE,151,1/2-1/2,White,2109,<=5s vs <=5s
XDPIRqeS,71,1-0,White,2288,<=5s vs <=5s
psUTXwGM,52,0-1,Black,910,<=5s vs <=5s
PL39OSHE,97,1/2-1/2,White,2291,<=5s vs <=5s
6ibW7ODc,62,1-0,Black,1436,<=5s vs <=5s
zCtuw4ZS,64,0-1,Black,2148,<=5s vs 10-15s
ue25tQpW,76,0-1,Black,2004,<=5s vs <=5s
5d10bEck,92,1-0,Black,1504,<=5s vs <=5s
vzZ5KDCC,105,1-0,White,1208,<=5s vs <=5s
Qtc4eOfB,54,0-1,Black,2001,<=5s vs 5-10s
gJlvb170,95,1-0,White,2513,<=5s vs <=5s
dErXg0vK,70,0-1,Black,1676,<=5s vs <=5s
IerH0KFa,86,0-1,Black,2744,<=5s vs <=5s
TnNkcF3K,73,0-1,White,1823,<=5s vs <=5s
sJjjYEHo,85,1-0,White,2095,<=5s vs <=5s
HlWp6W2m,92,1-0,Black,2026,<=5s vs <=5s
rRFQP7ep,46,0-1,Black,768,<=5s vs 10-15s
B2Z14oWe,115,0-1,White,1742,<=5s vs <=5s
PRhwhtT1,87,1-0,White,2293,<=5s vs 10-15s
UnEaz6vY,120,1/2-1/2,Black,2055,<=5s vs <=5s
huPylgp0,48,0-1,Black,1036,<=5s vs 10-15s
508DwscM,77,1-0,White,1931,<=5s vs 15-20s
jiABALK9,66,0-1,Black,1889,<=5s vs <=5s
Mb1x99jq,59,1-0,White,928,<=5s vs <=5s
nGTqWO6I,117,0-1,White,2060,<=5s vs <=5s
jy4bptvV,81,1-0,White,1897,<=5s vs <=5s
PLm0sS4y,73,1-0,White,1699,<=5s vs <=5s
AM8ZcbnI,115,1-0,White,2673,<=5s vs <=5s
5LNmGkL2,77,1-0,White,1091,<=5s vs 5-10s
TxHn8ms5,76,0-1,Black,1861,<=5s vs <=5s
7hbiVaLD,109,1-0,White,2406,<=5s vs 5-10s
Qzg4czH0,145,0-1,White,2581,<=5s vs <=5s
hQtlFJP7,71,1-0,White,1746,<=5s vs 10-15s
jT97gIIf,127,0-1,White,2443,<=5s vs <=5s
rdNUavj1,85,1-0,White,1844,<=5s vs 5-10s
5WCE5rqL,104,0-1,Black,2636,<=5s vs <=5s
L6XUW0Wm,81,1-0,White,2027,<=5s vs 5-10s
0lWUGQB4,58,0-1,Black,1856,<=5s vs 5-10s
qDOSKxYI,61,1-0,White,2088,<=5s vs 10-15s
Vxp67naW,92,0-1,Black,2046,<=5s vs <=5s
80yMaGi5,82,0-1,Black,1811,<=5s vs <=5s
9swyTClR,54,1-0,Black,1629,<=5s vs <=5s
GFWLi2yh,90,0-1,Black,2180,<=5s vs 10-15s
KbyQq1uQ,79,1-0,White,2093,<=5s vs 15-20s
H2w1FU43,42,0-1,Black,1294,<=5s vs 5-10s
87xzkmEd,87,1-0,White,1957,<=5s vs 15-20s
AzmArdcb,78,1/2-1/2,Black,2435,<=5s vs 15-20s
ADmOgjsl,73,1-0,White,1144,<=5s vs <=5s
hVsIBpyz,85,1-0,White,1937,<=5s vs 10-15s
4iP16HFj,86,0-1,Black,2367,<=5s vs 5-10s
8Y9cqdCr,80,1-0,Black,1709,<=5s vs <=5s
jN4QSGTj,127,1/2-1/2,White,1754,<=5s vs 10-15s
Ram26Xao,74,0-1,Black,1568,<=5s vs 15-20s
KeSUvNB7,128,0-1,Black,2354,<=5s vs <=5s
AGIYvYTf,84,1-0,Black,1418,<=5s vs <=5s
5Jec086o,66,1-0,Black,1355,<=5s vs 5-10s
SXEKIf3U,73,1-0,White,1572,<=5s vs 5-10s
VGeBljR8,117,0-1,White,2558,<=5s vs <=5s
EbY1CYgt,80,0-1,Black,1711,<=5s vs <=5s
g0ZmqG6l,113,0-1,White,2539,<=5s vs <=5s
sciR6B6k,50,0-1,Black,1433,<=5s vs <=5s
x4gx6SfB,103,1-0,White,1507,<=5s vs <=5s
rpSW7oTS,98,0-1,Black,2801,<=5s vs 15-20s
3NTZpXIg,105,1-0,White,2443,<=5s vs <=5s
EwkiyZ78,88,1-0,Black,1476,<=5s vs <=5s
RP9hbPt5,89,1-0,White,2063,<=5s vs 5-10s
RFyRPx8C,86,0-1,Black,2339,<=5s vs 5-10s
1TrxDfm7,105,1-0,White,1854,<=5s vs 5-10s
8b2ztPfj,118,0-1,Black,2663,<=5s vs <=5s
3dyiLV0z,106,0-1,Black,2193,<=5s vs <=5s
SLcsXk0m,95,1-0,White,1629,<=5s vs <=5s
bBbKLsHW,77,1-0,White,1520,<=5s vs 5-10s
PkbgqPD0,65,1-0,White,1424,<=5s vs <=5s
2yuhIHIu,100,0-1,Black,2159,<=5s vs <=5s
1KbCNjmq,62,0-1,Black,1501,<=5s vs 15-20s
MSsQ9fED,107,0-1,White,2329,<=5s vs 10-15s
7LziHBsR,67,0-1,White,2306,<=5s vs 10-15s
vLBNzoa7,102,0-1,Black,2198,<=5s vs <=5s
kcJebz6q,85,1-0,White,2188,<=5s vs 5-10s
31wYxbuo,146,1-0,Black,2739,<=5s vs <=5s
O6aHBPZe,127,1-0,White,2548,<=5s vs <=5s
WEM9mCAc,46,0-1,Black,1923,<=5s vs 5-10s
UZEktaHO,109,1-0,White,1845,<=5s vs 10-15s
UdNqaiFn,113,1-0,White,2103,<=5s vs 5-10s
XKbWuBTE,63,1-0,White,1688,<=5s vs 15-20s
5JUGvRto,58,0-1,Black,1427,<=5s vs <=5s
xrBFLuj1,50,0-1,Black,866,<=5s vs 15-20s
TMp94EKY,143,1-0,White,2697,<=5s vs <=5s
TaSg7CCZ,83,1-0,White,2103,<=5s vs 15-20s
zZIGpCtl,71,1-0,White,1448,<=5s vs 15-20s
ZB9EhpJB,77,1-0,White,2297,<=5s vs 15-20s
hoiU23qf,61,1-0,White,1826,<=5s vs 5-10s
C6Aqg7NU,59,1-0,White,1467,<=5s vs 15-20s
4FCTPqkR,78,0-1,Black,1915,<=5s vs <=5s
YVhhfM58,66,1-0,Black,1719,<=5s vs 15-20s
O4gocHyG,71,1-0,White,1936,<=5s vs 15-20s
5L33vUDf,117,0-1,White,2823,<=5s vs <=5s
kOEeCJhF,67,1-0,White,1253,<=5s vs 15-20s
yEqLMqEf,79,1-0,White,1931,<=5s vs 5-10s
K9tR2OkQ,55,1-0,White,2199,<=5s vs 10-15s
CKRiVG37,70,0-1,Black,2699,<=5s vs <=5s
YGdsZrvS,91,0-1,White,2045,<=5s vs <=5s
qMwssL2O,104,0-1,Black,2501,<=5s vs 5-10s
xWVBpZK1,70,0-1,Black,1832,<=5s vs <=5s
DIuXs8Kn,106,0-1,Black,2202,<=5s vs 5-10s
pBE3Z4i9,63,1-0,White,2111,<=5s vs <=5s
1XWtUbSY,106,0-1,Black,2408,<=5s vs <=5s
pfTnMNOz,75,0-1,White,1134,<=5s vs 5-10s
kdt7pyFQ,72,1-0,Black,1681,<=5s vs <=5s
JeGlSmrp,125,1/2-1/2,White,2382,<=5s vs 5-10s
6D7ghQs0,120,0-1,Black,2519,<=5s vs <=5s
fZ9WOyP4,62,0-1,Black,1083,<=5s vs <=5s
5DJU4nvu,65,1-0,White,1759,<=5s vs 15-20s
zO1J66pP,42,0-1,Black,1109,<=5s vs 10-15s
Ca3twumA,86,0-1,Black,1111,<=5s vs <=5s
v2djRiDZ,101,1-0,White,2184,<=5s vs 5-10s
rJQVC0VH,84,0-1,Black,1970,<=5s vs <=5s
USG6nuKg,118,1-0,Black,2544,<=5s vs <=5s
mS8KdVdb,117,1-0,White,2257,<=5s vs <=5s
HmJn4yJ6,56,1-0,Black,1650,<=5s vs <=5s
kMZh8pBy,95,1-0,White,1847,<=5s vs 5-10s
GihDOkQg,71,1-0,White,2933,<=5s vs 15-20s
xJTGFUMH,77,1-0,White,2373,<=5s vs 5-10s
RNBLB6Gf,103,1-0,White,2060,<=5s vs <=5s
rAM3dGC1,64,0-1,Black,2027,<=5s vs 15-20s
oWUYzvXy,58,0-1,Black,1101,<=5s vs 5-10s
3wWvDNKy,97,1-0,White,2043,<=5s vs <=5s
MVinWM1Z,93,1-0,White,2094,<=5s vs <=5s
YZS8aYik,77,1-0,White,1883,<=5s vs <=5s
87431ad9,60,0-1,Black,1171,<=5s vs 5-10s
ZLhowlGA,122,0-1,Black,2298,<=5s vs 5-10s
AaUySCmv,115,0-1,White,2006,<=5s vs 5-10s
sL6GQus5,57,0-1,White,1348,<=5s vs <=5s
iv5qU5hS,59,1-0,White,2333,<=5s vs 10-15s
ZCULk3Hv,123,1-0,White,2127,<=5s vs <=5s
5KvkAeby,59,1-0,White,1323,<=5s vs 5-10s
qVBbWBhv,80,0-1,Black,1944,<=5s vs <=5s
aNa5uIVD,59,1-0,White,1656,<=5s vs 5-10s
L0NhFKNg,78,1-0,Black,2163,<=5s vs <=5s
NWuitKHC,66,0-1,Black,1826,<=5s vs 5-10s
6mTDjdJd,77,1-0,White,1979,<=5s vs <=5s
OS3Wbxz9,47,1-0,White,1499,<=5s vs <=5s
HZv033Dr,82,0-1,Black,1957,<=5s vs <=5s
slMLIOKJ,117,1/2-1/2,White,2009,<=5s vs <=5s
9Qo7deLL,66,0-1,Black,1567,<=5s vs 15-20s
T7kQE3ra,49,0-1,White,1461,<=5s vs <=5s
LeYJqUZp,85,1-0,White,1729,<=5s vs 10-15s
0whdFU8S,55,1/2-1/2,White,986,<=5s vs <=5s
PxP1RyBU,121,1-0,White,1568,<=5s vs <=5s
dpnymEn2,57,1-0,White,2081,<=5s vs 15-20s
35679Wg2,78,0-1,Black,2277,<=5s vs 5-10s
uj0VIEIk,54,1-0,Black,1691,<=5s vs <=5s
XygDSkwz,61,1-0,White,1214,<=5s vs 5-10s
2LNFJWRk,62,0-1,Black,1258,<=5s vs 15-20s
pGxy4rAV,64,0-1,Black,1625,<=5s vs <=5s
05jJ0Obv,95,1-0,White,2421,<=5s vs <=5s
SF6fkkAK,60,0-1,Black,1487,<=5s vs <=5s
7ygOXLNv,65,0-1,White,1806,<=5s vs <=5s
0jnBaQFO,81,0-1,White,2559,<=5s vs <=5s
diZMXtfP,186,1/2-1/2,Black,2298,<=5s vs <=5s
4c3V7w56,100,0-1,Black,2236,<=5s vs <=5s
32nyjgFm,55,0-1,White,2017,<=5s vs <=5s
KwLl9q8V,84,0-1,Black,1850,<=5s vs <=5s
E08tmR55,123,0-1,White,2195,<=5s vs <=5s
0s0Vih0P,107,0-1,White,1742,<=5s vs <=5s
EAUbIRZK,80,0-1,Black,1774,<=5s vs <=5s
jUxYk9AT,74,0-1,Black,1850,<=5s vs <=5s
F2FTdNoC,80,0-1,Black,1658,<=5s vs 5-10s
EY4PVp9g,129,1-0,White,2316,<=5s vs <=5s
w8Xpctgr,63,0-1,White,1486,<=5s vs <=5s
BKY2o8Wp,111,1-0,White,2260,<=5s vs <=5s
A4Pd2C3X,106,0-1,Black,2032,<=5s vs 10-15s
8BGjJ9LS,84,0-1,Black,1270,<=5s vs <=5s
YThBlI0Y,107,0-1,White,853,<=5s vs <=5s
sliosJ8e,119,1-0,White,1859,<=5s vs <=5s
mh8p2fcg,97,0-1,White,1205,<=5s vs <=5s
IUzqKhvd,95,1-0,White,2124,<=5s vs <=5s
5OkBlG1T,68,0-1,Black,1485,<=5s vs 10-15s
NMIEIN3E,76,0-1,Black,1893,<=5s vs 10-15s
kjQB1XWE,67,1-0,White,2686,<=5s vs 15-20s
eIKCEUoP,64,1-0,Black,1419,<=5s vs 5-10s
XV84ZEIc,78,0-1,Black,1567,<=5s vs 5-10s
IP57rikd,93,0-1,White,2082,<=5s vs <=5s
BiPRUeby,56,0-1,Black,1374,<=5s vs 5-10s
RzLe0rLX,99,1-0,White,1961,<=5s vs <=5s
V9V1ukV3,94,0-1,Black,2279,<=5s vs 10-15s
Q4gcBly9,118,0-1,Black,2265,<=5s vs <=5s
HNeOdrs9,61,1-0,White,2343,<=5s vs 10-15s
QuScFuO7,71,0-1,White,1521,<=5s vs <=5s
WI9Q1FuH,78,0-1,Black,2225,<=5s vs 5-10s
PHKahuHu,68,0-1,Black,1710,<=5s vs 15-20s
BG5gJF2w,67,0-1,White,981,<=5s vs <=5s
GFs80X3V,82,0-1,Black,2526,<=5s vs <=5s
n31lqmxd,62,0-1,Black,1426,<=5s vs <=5s
KzTqruna,74,0-1,Black,1721,<=5s vs 5-10s
RFRfDaGi,92,0-1,Black,1964,<=5s vs <=5s
37wHi7sZ,104,1-0,Black,2095,<=5s vs 15-20s
HHUaQ9UD,83,0-1,White,1801,<=5s vs <=5s
8HGU2i0z,64,0-1,Black,1846,<=5s vs <=5s
M6lNv0mj,96,0-1,Black,2023,<=5s vs <=5s
X7Bsg6o0,59,1-0,White,1098,<=5s vs <=5s
3L4MxRtb,61,0-1,White,1728,<=5s vs <=5s
Fl9r14Pm,56,0-1,Black,1035,<=5s vs 5-10s
ImcxD4R5,89,0-1,White,2038,<=5s vs <=5s
CmMZTP1U,76,0-1,Black,1851,<=5s vs <=5s
1Kc9vJDN,66,0-1,Black,1189,<=5s vs <=5s
eRPiDais,63,1-0,White,1839,<=5s vs 10-15s
QqmDB5pu,116,1-0,Black,1849,<=5s vs <=5s
ECF3BnTD,85,1-0,White,1423,<=5s vs <=5s
jKrZ4Oid,61,1-0,White,1474,<=5s vs 5-10s
Hno3C7h3,82,0-1,Black,1754,<=5s vs <=5s
H8ITaiSv,50,0-1,Black,1119,<=5s vs 10-15s
EEwX3xuN,73,1-0,White,1869,<=5s vs 15-20s
tlwsxkDd,70,0-1,Black,767,<=5s vs 10-15s
GQ9GWju6,67,1-0,White,2302,<=5s vs 5-10s
KLzf0dkm,60,1-0,Black,976,<=5s vs <=5s
ExcVuau8,105,0-1,White,2634,<=5s vs <=5s
qncS09dV,101,1-0,White,2314,<=5s vs 5-10s
t64MAcNr,77,0-1,White,2126,<=5s vs <=5s
Iay2NVdS,100,1-0,Black,2915,<=5s vs <=5s
3WN2fifo,86,0-1,Black,2294,<=5s vs <=5s
VCuqVvUt,49,0-1,White,1130,<=5s vs 10-15s
JLBIXkRk,69,1-0,White,2397,<=5s vs <=5s
fFfG7fIl,63,1-0,White,2449,<=5s vs <=5s
h3wimtWI,69,1/2-1/2,White,1587,<=5s vs 10-15s
6vEUfXaR,71,1-0,White,1987,<=5s vs 5-10s
1z05YKh0,85,0-1,White,1772,<=5s vs <=5s
kjcpb7gM,74,0-1,Black,1228,<=5s vs <=5s
X908f8k2,88,1-0,Black,1854,<=5s vs <=5s
8ppTd5eT,140,0-1,Black,1571,<=5s vs <=5s
uK60Xbo4,78,0-1,Black,1814,<=5s vs <=5s
36z6gZFn,68,1-0,Black,1970,<=5s vs <=5s
NbnsQSSh,110,0-1,Black,2400,<=5s vs <=5s
1bMh2rf6,90,0-1,Black,1863,<=5s vs <=5s
9EmwO1Gz,52,0-1,Black,1077,<=5s vs <=5s
yOPxgsBv,79,1-0,White,1818,<=5s vs <=5s
D8AxrsCl,77,1-0,White,1370,<=5s vs <=5s
QnakDWCg,70,1-0,Black,2117,<=5s vs <=5s
TYcHLzI3,69,0-1,White,1585,<=5s vs <=5s
HHOMcSRq,81,1-0,White,1580,<=5s vs 15-20s
cFcHzmjZ,103,1-0,White,1622,<=5s vs <=5s
l4yBZZd0,60,0-1,Black,1415,<=5s vs 10-15s
O5KUI5Gk,63,1-0,White,1303,<=5s vs <=5s
emq9hl3g,70,0-1,Black,1569,<=5s vs <=5s
OA7Wnxdm,66,1-0,Black,1671,<=5s vs <=5s
fynozBB3,87,1-0,White,1458,<=5s vs 15-20s
uPW0pOV1,116,0-1,Black,2619,<=5s vs 5-10s
L0HG9X29,64,0-1,Black,2093,<=5s vs <=5s
K7QFPZvl,111,0-1,White,2179,<=5s vs <=5s
j2lFEDyw,62,1-0,Black,1862,<=5s vs 5-10s
pCsxmQnD,49,1-0,White,1161,<=5s vs 5-10s
qGqYIziZ,84,0-1,Black,1662,<=5s vs 10-15s
m3lqEa8H,67,0-1,White,1377,<=5s vs <=5s
EMacxTYw,56,0-1,Black,1128,<=5s vs <=5s
T240La6N,125,0-1,White,1923,<=5s vs <=5s
bU0QWrUp,59,0-1,White,1536,<=5s vs <=5s
mUxEsffT,74,0-1,Black,2076,<=5s vs 10-15s
xLeGJqFz,55,1-0,White,1272,<=5s vs 5-10s
21J9uqKc,61,0-1,White,1928,<=5s vs <=5s
jO3bESL8,69,0-1,White,2209,<=5s vs <=5s
YZJ89FQk,57,0-1,White,1854,<=5s vs 5-10s
sB4pbkY1,99,1-0,White,2294,<=5s vs <=5s
VOhD7bAv,88,1-0,Black,2308,<=5s vs 5-10s
YpuGdkxc,80,0-1,Black,1184,<=5s vs <=5s
wzYUKtjx,90,0-1,Black,2161,<=5s vs <=5s
8YejcHne,85,1-0,White,1436,<=5s vs <=5s
4uzH4Hgr,76,1-0,Black,1956,<=5s vs <=5s
gWYxMfwt,73,0-1,White,2308,<=5s vs <=5s
KCXENQqp,119,1/2-1/2,White,2226,<=5s vs <=5s
mloA6tXD,47,1-0,White,885,<=5s vs 10-15s
wS0Rfuxc,57,1-0,White,1817,<=5s vs 5-10s
WW1FMzpO,93,1-0,White,1930,<=5s vs <=5s
irjTeChS,84,1-0,Black,1699,<=5s vs <=5s
8myY0zaC,68,1-0,Black,1677,<=5s vs <=5s
Oox4AS2r,71,1-0,White,2007,<=5s vs <=5s
g4k0CU50,104,0-1,Black,1828,<=5s vs <=5s
laAi6XwL,81,1-0,White,1753,<=5s vs 10-15s
zCtYODOC,70,1-0,Black,2025,<=5s vs <=5s
CCLIqwQ4,56,0-1,Black,1578,<=5s vs 5-10s
5g2MtjIQ,48,0-1,Black,1035,<=5s vs 5-10s
XGasm9GI,93,0-1,White,1641,<=5s vs <=5s
avLj5062,69,1-0,White,2235,<=5s vs 10-15s
f0Jrgj30,58,1-0,Black,1506,<=5s vs <=5s
HrD7ESrT,54,0-1,Black,1012,<=5s vs 5-10s
BEcsT4US,56,0-1,Black,1414,<=5s vs 10-15s
NEUi3RGq,125,0-1,White,1713,<=5s vs <=5s
QIQZNxum,87,1-0,White,2072,<=5s vs 5-10s
qKzBnEw8,90,1-0,Black,2084,<=5s vs <=5s
BHOh93r6,92,0-1,Black,1773,<=5s vs 5-10s
4I2lOFje,86,1-0,Black,2415,<=5s vs <=5s
d2ywlrtw,53,1-0,White,1189,<=5s vs <=5s
8nAOH6wh,85,1-0,White,2017,<=5s vs 5-10s
K8c5faip,117,1-0,White,1633,<=5s vs <=5s
HuZIwvHw,49,1-0,White,1578,<=5s vs 5-10s
9pPqHE5H,92,0-1,Black,2091,<=5s vs <=5s
341ODoeu,115,1-0,White,1758,<=5s vs <=5s
oBH1BzHj,63,1-0,White,1730,<=5s vs 5-10s
IV2iTHXL,56,0-1,Black,1386,<=5s vs <=5s
AMKtuTAF,116,0-1,Black,2622,<=5s vs <=5s
8Obc5RBX,108,0-1,Black,1461,<=5s vs <=5s
zO15aP9Z,67,1-0,White,1345,<=5s vs 5-10s
7avPB83s,99,0-1,White,1393,<=5s vs <=5s
gcynJzPH,79,1-0,White,1172,<=5s vs 5-10s
TvXwkRT7,55,1-0,White,1859,<=5s vs 10-15s
tkLoG6aE,60,0-1,Black,2124,<=5s vs 5-10s
NGz9ceBs,100,1-0,Black,2311,<=5s vs <=5s
728KVBEj,66,0-1,Black,1770,<=5s vs <=5s
8z0BwRzc,67,0-1,White,2403,<=5s vs <=5s
AWlJXhh3,69,1-0,White,1622,<=5s vs <=5s
W4bSyqI0,103,1-0,White,1850,<=5s vs <=5s
5OXgus45,76,0-1,Black,1630,<=5s vs <=5s
D0cbZ7ws,70,0-1,Black,2321,<=5s vs 5-10s
vKh3KY1i,134,0-1,Black,2213,<=5s vs <=5s
GCtnIPKf,88,1-0,Black,2432,<=5s vs <=5s
iSQiW75f,93,1-0,White,2272,<=5s vs 5-10s
vCHs1RKx,102,0-1,Black,2502,<=5s vs <=5s
35RbpMOm,112,0-1,Black,3007,<=5s vs <=5s
KIniS2eQ,95,1-0,White,2404,<=5s vs <=5s
HWjH89Xm,106,1-0,Black,2402,<=5s vs <=5s
GOv3dH07,104,0-1,Black,2459,<=5s vs 5-10s
ZbkcDmtQ,80,0-1,Black,2851,<=5s vs 5-10s
ybgoHIig,69,1-0,White,2245,<=5s vs <=5s
Jo43qmqk,97,1-0,White,2703,<=5s vs 5-10s
3vQuGoOu,144,1-0,Black,2132,<=5s vs <=5s
tneLa1lG,58,0-1,Black,1065,<=5s vs <=5s
OZ1N4JdU,57,1-0,White,2096,<=5s vs 15-20s
NIzYSGB9,60,0-1,Black,2119,<=5s vs 10-15s
SRqGfg76,68,0-1,Black,1864,<=5s vs 10-15s
SV7UEY3N,89,0-1,White,1607,<=5s vs <=5s
gVv4XynD,73,1-0,White,1386,<=5s vs 5-10s
vWSi99nK,72,0-1,Black,636,<=5s vs <=5s
NRl5pm2R,75,0-1,White,2141,<=5s vs <=5s
cyh0kkEw,83,1-0,White,2225,<=5s vs 5-10s
IUMFPCeE,98,1-0,Black,2154,<=5s vs <=5s
P40pG6UG,79,0-1,White,2258,<=5s vs <=5s
8KapEQDI,65,1-0,White,2195,<=5s vs 10-15s
OrJ5MW7g,87,1-0,White,1968,<=5s vs 5-10s
UNLSwvxd,119,1/2-1/2,White,2525,<=5s vs <=5s
haS17YT9,59,1-0,White,976,<=5s vs 5-10s
GGK37Ebp,57,1-0,White,2432,<=5s vs 10-15s
bxK8pUFX,70,0-1,Black,1733,<=5s vs <=5s
6BIYQCwN,67,1-0,White,1614,<=5s vs 5-10s
lv9LssGS,57,0-1,White,2451,<=5s vs 5-10s
DsFjeldU,77,1-0,White,1408,<=5s vs 5-10s
zMyWU17d,65,1-0,White,1571,<=5s vs 5-10s
8VDiK1KT,56,0-1,Black,1322,<=5s vs <=5s
Ju8Alw3B,66,0-1,Black,1933,<=5s vs 5-10s
IV2DVMuY,80,0-1,Black,2926,<=5s vs 5-10s
z357hIaZ,123,0-1,White,2438,<=5s vs <=5s
l0wtLjvy,127,1/2-1/2,White,2407,<=5s vs <=5s
Yf93pMEX,92,0-1,Black,2487,<=5s vs <=5s
Lc8YC4Dk,82,1-0,Black,1810,<=5s vs <=5s
C1ONsAyl,66,0-1,Black,1463,<=5s vs <=5s
Wn9eGRMh,59,1-0,White,1974,<=5s vs <=5s
GMOxzxOY,95,1-0,White,2392,<=5s vs <=5s
P1sXtENT,128,0-1,Black,2013,<=5s vs 5-10s
Y0OkOshh,92,0-1,Black,2380,<=5s vs 5-10s
dKkGLR1w,71,1-0,White,1897,<=5s vs 10-15s
yJI1GMqf,119,0-1,White,2631,<=5s vs <=5s
hiT4m0rD,57,1-0,White,960,<=5s vs 15-20s
PJTQQcQt,100,0-1,Black,2467,<=5s vs 15-20s
kySsseBe,67,0-1,White,1664,<=5s vs <=5s
jNJfWcSM,61,1-0,White,1386,<=5s vs 5-10s
p27LbtFc,66,0-1,Black,1089,<=5s vs <=5s
5V0RDErQ,76,1-0,Black,1786,<=5s vs <=5s
vIwPzy2d,72,0-1,Black,1287,<=5s vs 5-10s
p6r33lzi,117,1-0,White,2484,<=5s vs <=5s
A2uzzhaa,47,1-0,White,1225,<=5s vs 10-15s
SCdecMs7,64,1-0,Black,1731,<=5s vs <=5s
ZbrDw69D,105,1-0,White,1980,<=5s vs 5-10s
lvtUEMJ7,103,1/2-1/2,White,2758,<=5s vs 5-10s
wCJvIUQc,74,1-0,Black,1303,<=5s vs <=5s
JUjrBbVW,67,0-1,White,2117,<=5s vs 5-10s
2zf0IAwo,41,1-0,White,824,<=5s vs 15-20s
TOUnFtVH,61,0-1,White,1579,<=5s vs <=5s
8RF8KVbN,176,1-0,Black,2420,<=5s vs <=5s
TPSeTFZ0,100,0-1,Black,2201,<=5s vs <=5s
IRgVhVEf,57,1-0,White,1903,<=5s vs 5-10s
ZTun0CaJ,70,0-1,Black,1485,<=5s vs 5-10s
Z9nHZ4MJ,75,1-0,White,1608,<=5s vs 10-15s
C68FW7Gz,99,1-0,White,2173,<=5s vs 10-15s
MtaRhSI4,78,0-1,Black,2241,<=5s vs 10-15s
KSiA8Ly5,86,0-1,Black,2423,<=5s vs 10-15s
AgNjBrzc,63,1-0,White,1216,<=5s vs 5-10s
1mULKNhO,93,0-1,White,1827,<=5s vs <=5s
V6A26dUn,81,0-1,White,2213,<=5s vs <=5s
6tVOtLyO,81,0-1,White,1495,<=5s vs 5-10s
ITVybTCZ,70,0-1,Black,1721,<=5s vs 5-10s
KcTq6h5D,75,1-0,White,1892,<=5s vs 5-10s
4FR3zLGE,106,1-0,Black,2024,<=5s vs <=5s
WPUL4QNz,62,0-1,Black,2433,<=5s vs 5-10s
Cs75dDJM,116,0-1,Black,2021,<=5s vs <=5s
W6kT0nZB,76,0-1,Black,2002,<=5s vs <=5s
5MOx2pzX,74,0-1,Black,2129,<=5s vs <=5s
sHZxnVgn,136,0-1,Black,2564,<=5s vs <=5s
9hxhtbw2,89,1-0,White,2114,<=5s vs <=5s
1jIHEwNJ,61,0-1,White,1064,<=5s vs <=5s
mcsvm3Tv,78,0-1,Black,2087,<=5s vs 5-10s
wLwlt33V,57,1-0,White,1137,<=5s vs 10-15s
TQhBqURp,122,0-1,Black,2092,<=5s vs 5-10s
JaG3CZ2t,61,1-0,White,1318,<=5s vs <=5s
QD5bgZAd,80,0-1,Black,1474,<=5s vs <=5s
EGFjrn9Z,59,1-0,White,1737,<=5s vs 5-10s
4RDOjhYb,61,0-1,White,2516,<=5s vs <=5s
kgyCCT9V,75,1-0,White,1242,<=5s vs <=5s
G59LRH0g,67,1-0,White,1444,<=5s vs <=5s
Dim3TISs,116,1-0,Black,2523,<=5s vs <=5s
6RJPirbE,88,1-0,Black,2176,<=5s vs <=5s
w8SpjRka,71,1-0,White,1557,<=5s vs 10-15s
r0iyTlCn,66,0-1,Black,950,<=5s vs <=5s
9ybM4vOc,68,1-0,Black,2471,<=5s vs <=5s
ehsbbxAD,76,0-1,Black,1900,<=5s vs 5-10s
GOIu1YlF,68,0-1,Black,1687,<=5s vs <=5s
qKqG9fHr,113,0-1,White,2362,<=5s vs <=5s
0sEmIqTr,108,0-1,Black,1539,<=5s vs 15-20s
VPN7wC0s,50,0-1,Black,1386,<=5s vs 5-10s
w2rx3lQQ,99,1-0,White,2452,<=5s vs <=5s
3Rk5NSeU,80,0-1,Black,1515,<=5s vs <=5s
e0G6Nlb7,76,0-1,Black,2239,<=5s vs 15-20s
D9u9zm8X,87,1-0,White,2081,<=5s vs <=5s
W6gXCO3r,66,0-1,Black,1247,<=5s vs 5-10s
N9hpnacj,105,1-0,White,2430,<=5s vs 15-20s
OrEa1fL7,92,0-1,Black,2066,<=5s vs 5-10s
GKtE2AZo,94,1/2-1/2,Black,2224,<=5s vs <=5s
JX2HpwaD,54,0-1,Black,1601,<=5s vs <=5s
Xi24Y05V,62,1-0,Black,748,<=5s vs <=5s
ga4iZ2GX,63,1-0,White,1488,<=5s vs 5-10s
d3e7ZBXH,91,0-1,White,2223,<=5s vs <=5s
GaXnReL6,116,1/2-1/2,Black,1380,<=5s vs <=5s
IfClxRSS,94,0-1,Black,1848,<=5s vs <=5s
OwJsKNGM,98,0-1,Black,2402,<=5s vs 5-10s
IDIzvhyA,67,0-1,White,2288,<=5s vs <=5s
dTKYgsE7,75,1-0,White,1661,<=5s vs 5-10s
41VuC4j4,75,0-1,White,1431,<=5s vs <=5s
T5QSY6Gv,68,0-1,Black,1157,<=5s vs <=5s
HYdkvc7i,90,1/2-1/2,Black,2585,<=5s vs 10-15s
AXmKiuoR,83,0-1,White,2250,<=5s vs <=5s
Fb2y61nW,89,0-1,White,2349,<=5s vs 5-10s
N4xXkAE3,80,0-1,Black,2344,<=5s vs <=5s
bBCDgTyJ,59,1-0,White,1700,<=5s vs 10-15s
zVfiajyN,80,0-1,Black,1870,<=5s vs 5-10s
RRSQz1mb,118,1-0,Black,2012,<=5s vs <=5s
hZzkPjTH,72,0-1,Black,1956,<=5s vs 10-15s
kfBjZsAd,86,1-0,Black,1030,<=5s vs <=5s
NrfpuYr2,45,0-1,White,910,<=5s vs <=5s
lNxaN2nX,88,0-1,Black,2003,<=5s vs 5-10s
kP7qn56O,62,1-0,Black,1581,<=5s vs 5-10s
xAYRiao4,42,0-1,Black,2092,<=5s vs 10-15s
Y9mEg5KF,65,1-0,White,1592,<=5s vs 10-15s
WGh5mw50,82,0-1,Black,2321,<=5s vs <=5s
MilttiX4,67,1-0,White,1941,<=5s vs 5-10s
naq0Z4Mi,92,1-0,Black,2801,<=5s vs <=5s
G88xusX3,65,1-0,White,1889,<=5s vs <=5s
h0dw0OdL,87,1-0,White,1910,<=5s vs 5-10s
BP5TI5TE,97,0-1,White,2585,<=5s vs <=5s
5M061J0Z,78,0-1,Black,2011,<=5s vs 10-15s
njHKjxQZ,63,1-0,White,1227,<=5s vs <=5s
nQzRX6Ab,144,0-1,Black,1853,<=5s vs 5-10s
eibaXkD5,84,0-1,Black,2178,<=5s vs 10-15s
bceNeHPl,84,0-1,Black,1941,<=5s vs <=5s
7qPwU6ns,109,0-1,White,2577,<=5s vs <=5s
rD3f3K6h,51,0-1,White,2041,<=5s vs <=5s
0seXpEDV,69,1-0,White,2056,<=5s vs 10-15s
0sGMB0vo,100,0-1,Black,2327,<=5s vs <=5s
IOZxcvgt,112,0-1,Black,1237,<=5s vs <=5s
GSLj6Gbd,61,1-0,White,1624,<=5s vs 5-10s
6aj1FNb0,127,1-0,White,2169,<=5s vs <=5s
Ugb0EL5n,81,1-0,White,2156,<=5s vs <=5s
B6pqbJju,92,0-1,Black,2142,<=5s vs 5-10s
KQ1PNuLd,119,0-1,White,1937,<=5s vs <=5s
gWfwNwnd,87,1-0,White,2100,<=5s vs 5-10s
MBzMbcGT,64,0-1,Black,1812,<=5s vs 15-20s
1bMcL7sx,91,1/2-1/2,White,2304,<=5s vs <=5s
t5tHfCXx,90,1-0,Black,2246,<=5s vs <=5s
ZBNWX9cB,135,0-1,White,2177,<=5s vs <=5s
TaYSvPQL,72,1-0,Black,1837,<=5s vs <=5s
gveK10Za,80,0-1,Black,2191,<=5s vs 15-20s
YjzRt5O7,71,1-0,White,1277,<=5s vs 5-10s
InWV6Uit,88,1-0,Black,2161,<=5s vs <=5s
BtAwOyZz,66,0-1,Black,1505,<=5s vs 5-10s
CvGc8CwB,80,0-1,Black,2196,<=5s vs <=5s
CwEunJvW,117,0-1,White,2457,<=5s vs <=5s
QnjzsEbU,80,0-1,Black,2479,<=5s vs 10-15s
FBM51XcI,69,1-0,White,2068,<=5s vs 10-15s
HfKqmQ4D,77,1-0,White,1384,<=5s vs <=5s
Qethc0Xv,67,1-0,White,1883,<=5s vs 5-10s
7JS3v7sd,64,1-0,Black,1666,<=5s vs <=5s
UV8kOWOk,75,0-1,White,1878,<=5s vs <=5s
41yr5SVw,103,0-1,White,1872,<=5s vs <=5s
chqqCbRw,70,0-1,Black,1811,<=5s vs <=5s
O4JT5KOV,78,0-1,Black,1739,<=5s vs 5-10s
vrC7c7ji,125,1-0,White,2621,<=5s vs 5-10s
S0GaT43N,73,0-1,White,1636,<=5s vs <=5s
O477UGaC,78,1-0,Black,1665,<=5s vs 10-15s
9Qo2bh7Q,124,1/2-1/2,Black,2719,<=5s vs <=5s
HxxkHtFB,119,1-0,White,1100,<=5s vs <=5s
y7qIAnjW,83,0-1,White,1778,<=5s vs <=5s
3ISCtxLr,49,1-0,White,1280,<=5s vs 15-20s
654GQCze,79,1-0,White,1493,<=5s vs 10-15s
l13oCTcV,98,1-0,Black,2135,<=5s vs <=5s
9UQgvKjk,83,1-0,White,2569,<=5s vs 10-15s
n4BCTAj1,55,1-0,White,1698,<=5s vs 5-10s
IirxW559,125,1-0,White,2052,<=5s vs 5-10s
JfV3oFd0,126,0-1,Black,2119,<=5s vs <=5s
H5B8Ax6w,140,0-1,Black,1809,<=5s vs 15-20s
tav0Qygj,56,0-1,Black,1295,<=5s vs 10-15s
RSE6BZQQ,87,1-0,White,1887,<=5s vs 15-20s
NIH6JlBJ,77,1-0,White,1659,<=5s vs <=5s
q0c389I3,112,1-0,Black,2433,<=5s vs <=5s
S3nnNa0n,69,0-1,White,1336,<=5s vs 5-10s
HrIQXBEU,81,1-0,White,1411,<=5s vs <=5s
WXaATsBf,100,0-1,Black,2219,<=5s vs <=5s
BzkrpUi1,57,1-0,White,1573,<=5s vs <=5s
KUaDqZfq,93,1-0,White,1835,<=5s vs 5-10s
idGnD3rl,147,1-0,White,2771,<=5s vs <=5s
q5cFFuHH,50,0-1,Black,1018,<=5s vs 15-20s
Vaney6KA,90,0-1,Black,1758,<=5s vs 15-20s
UJqRdVk2,75,0-1,White,1496,<=5s vs <=5s
ELqTtKUT,107,1-0,White,1813,<=5s vs <=5s
01rYSeEy,62,0-1,Black,977,<=5s vs 10-15s
5u5Fp1Jj,74,0-1,Black,2051,<=5s vs <=5s
su2Zm3Bw,67,1-0,White,896,<=5s vs <=5s
TfoCDKoG,67,1-0,White,2265,<=5s vs <=5s
tKbDdegz,69,1-0,White,1405,<=5s vs 5-10s
wzcYlnva,94,0-1,Black,1343,<=5s vs 5-10s
wefuWStc,70,0-1,Black,1629,<=5s vs 10-15s
OUMmjfAP,164,1/2-1/2,Black,2374,<=5s vs <=5s
gA6h4y7T,117,0-1,White,2386,<=5s vs <=5s
2EOAFIRY,87,1-0,White,2175,<=5s vs 10-15s
2Xs7PrJS,103,0-1,White,2188,<=5s vs <=5s
Vtpcxqzm,47,1-0,White,1500,<=5s vs 10-15s
0IkK3FqN,56,0-1,Black,2136,<=5s vs 5-10s
ibR0ztSc,99,1-0,White,2321,<=5s vs 10-15s
vSYSOBHB,89,1-0,White,1962,<=5s vs <=5s
BTh2zuYt,78,0-1,Black,2328,<=5s vs <=5s
oSve35hf,73,1-0,White,2355,<=5s vs <=5s
EnzSD4A0,72,0-1,Black,1852,<=5s vs <=5s
P0Hi345g,56,0-1,Black,1186,<=5s vs <=5s
8Ky53XBA,61,0-1,White,1886,<=5s vs <=5s
gNDQ8B3w,82,0-1,Black,2307,<=5s vs 10-15s
TTT22fBu,90,0-1,Black,2429,<=5s vs 5-10s
84CV8rb0,80,1-0,Black,2359,<=5s vs <=5s
EwUpZAfD,86,0-1,Black,2185,<=5s vs <=5s
sU1RZdMQ,91,1-0,White,2161,<=5s vs <=5s
u1715N4g,124,0-1,Black,1901,<=5s vs 5-10s
TiizNWt1,102,0-1,Black,2442,<=5s vs 5-10s
KufBe3mz,57,1-0,White,1628,<=5s vs 10-15s
LR6YAbvu,76,0-1,Black,1813,<=5s vs <=5s
EPe3bJeA,54,1-0,Black,2237,<=5s vs <=5s
ylPPKlgs,49,1-0,White,1490,<=5s vs 15-20s
fq8fo8tg,63,1-0,White,2667,<=5s vs 5-10s
IVNDUSt5,76,1-0,Black,1986,<=5s vs 5-10s
F2iIHQPE,93,0-1,White,1993,<=5s vs <=5s
mS1R8i6G,77,1-0,White,1612,<=5s vs 10-15s
20N2Fksr,117,1/2-1/2,White,2508,<=5s vs <=5s
ZZd268Zp,65,1-0,White,2045,<=5s vs 5-10s
PDugOeYf,75,1-0,White,1552,<=5s vs <=5s
twIUKttq,77,1-0,White,2032,<=5s vs <=5s
6gFQlLuM,96,1-0,Black,1918,<=5s vs <=5s
yYe3t27h,61,1-0,White,1056,<=5s vs 15-20s
FyRLE8cx,62,1-0,Black,1860,<=5s vs <=5s
we3sMg6p,65,1-0,White,1384,<=5s vs 15-20s
QON6NUqv,54,0-1,Black,1518,<=5s vs 10-15s
SKMiRoXe,65,1-0,White,1482,<=5s vs 5-10s
ti0hZSoK,89,1-0,White,1949,<=5s vs <=5s
VN7E4rux,39,1-0,White,972,<=5s vs 5-10s
AOmnrM5m,83,1-0,White,1980,<=5s vs <=5s
COf6X5n4,102,1-0,Black,1452,<=5s vs 5-10s
QHYlzgHN,89,0-1,White,2585,<=5s vs <=5s
QZNeaoHc,86,0-1,Black,1158,<=5s vs 5-10s
6QVXphWM,74,0-1,Black,2028,<=5s vs 10-15s
zNyf7JHI,116,0-1,Black,2510,<=5s vs 5-10s
2H5AI6xT,68,0-1,Black,1932,<=5s vs <=5s
v4Yp1nHm,53,1-0,White,1342,<=5s vs <=5s
mZL4LEvM,67,1-0,White,2270,<=5s vs 10-15s
9ktZXns3,74,0-1,Black,2345,<=5s vs <=5s
cpki2yOc,63,1-0,White,2067,<=5s vs 5-10s
Q4Ml6E5z,81,0-1,White,1433,<=5s vs <=5s
UfvSLpP0,93,1/2-1/2,White,2070,<=5s vs <=5s
QYKTCMD3,76,0-1,Black,1481,<=5s vs <=5s
r5GfRT9S,114,0-1,Black,2793,<=5s vs <=5s
c3RdP6DP,123,1-0,White,2463,<=5s vs <=5s
ahzh4HzO,113,1-0,White,2425,<=5s vs <=5s
ctjLOQZk,93,1-0,White,2252,<=5s vs <=5s
qNiI03Ti,77,1-0,White,1801,<=5s vs 10-15s
qpKbUTP0,80,0-1,Black,2434,<=5s vs <=5s
LS6e3raI,78,0-1,Black,2343,<=5s vs <=5s
srUlF1h5,64,0-1,Black,1137,<=5s vs <=5s
HJwoUiNh,54,0-1,Black,2051,<=5s vs 5-10s
BifFJOQg,106,1-0,Black,1871,<=5s vs <=5s
CQHrlwn7,85,1-0,White,1993,<=5s vs 10-15s
OavqAXG3,110,1/2-1/2,Black,2318,<=5s vs <=5s
9O10y1HF,113,0-1,White,2209,<=5s vs <=5s
7G9tZqIi,107,1-0,White,2389,<=5s vs 5-10s
93uMnfOQ,77,1-0,White,1250,<=5s vs <=5s
MOU6wtPG,111,1-0,White,2361,<=5s vs <=5s
ABKIMD7f,85,1-0,White,2293,<=5s vs <=5s
PYXJBCYg,81,1-0,White,2252,<=5s vs <=5s
Ncyp5AdJ,85,1-0,White,2143,<=5s vs <=5s
yZW3OEgx,51,1-0,White,1349,<=5s vs 5-10s
SSUkZyWj,80,1-0,Black,1495,<=5s vs <=5s
Xxtz4uwG,84,0-1,Black,2353,<=5s vs 5-10s
48aEb458,62,1-0,Black,1346,<=5s vs <=5s
uayhs7Nq,35,1-0,White,877,<=5s vs 10-15s
1YXbflFH,84,1-0,Black,2503,<=5s vs <=5s
YIBrim8a,72,0-1,Black,1870,<=5s vs 15-20s
xCyi1jlN,134,0-1,Black,2600,<=5s vs <=5s
6LQQOecZ,86,0-1,Black,2136,<=5s vs 10-15s
n5q0U7n2,129,1-0,White,2884,<=5s vs <=5s
Rbq7jhUI,93,0-1,White,1557,<=5s vs <=5s
9Dm90f3t,54,0-1,Black,1217,<=5s vs 10-15s
o5DYLyAx,72,0-1,Black,1768,<=5s vs 10-15s
FaBDNflm,50,1-0,Black,989,<=5s vs 5-10s
VAvZVDik,70,0-1,Black,1295,<=5s vs <=5s
AoqiLIqQ,93,1-0,White,2243,<=5s vs 5-10s
LtZ8KRje,73,0-1,White,1842,<=5s vs <=5s
F2KLhRCV,77,1-0,White,1858,<=5s vs 10-15s
s86NHDvB,80,1-0,Black,1815,<=5s vs <=5s
CFLmmah0,112,1-0,Black,2363,<=5s vs <=5s
DBDhCCwb,60,0-1,Black,1668,<=5s vs <=5s
wYSFHuY3,73,1-0,White,1479,<=5s vs 5-10s
Whn2r0RR,64,0-1,Black,1185,<=5s vs <=5s
DjNs1icw,128,1-0,Black,1401,<=5s vs <=5s
8183kBws,105,1-0,White,2177,<=5s vs 5-10s
LFdxeFKm,89,1-0,White,2075,<=5s vs 10-15s
gEIAtXWE,269,1-0,White,2817,<=5s vs 15-20s
BqXUUUFn,104,0-1,Black,1974,<=5s vs <=5s
y2KbpKSs,89,1-0,White,1990,<=5s vs 10-15s
FNVuUebV,95,1-0,White,2187,<=5s vs <=5s
OWQUoCCM,76,0-1,Black,1913,<=5s vs 5-10s
2aZCJvtN,97,1-0,White,2626,<=5s vs <=5s
Ic4kusKH,65,1-0,White,1473,<=5s vs 5-10s
isE5Oi0W,118,0-1,Black,2598,<=5s vs <=5s
DNHSa5Ya,93,0-1,White,2444,<=5s vs <=5s
cICWU5UI,127,1-0,White,2069,<=5s vs 15-20s
1rHMuk3p,75,1-0,White,2483,<=5s vs 10-15s
6Ll7YGei,96,0-1,Black,2050,<=5s vs 15-20s
Aj1jNK0Z,99,1-0,White,2139,<=5s vs <=5s
gUlgSUfo,52,0-1,Black,1199,<=5s vs <=5s
bvkd1o1P,61,0-1,White,2306,<=5s vs <=5s
26JmCmN1,82,0-1,Black,1842,<=5s vs 10-15s
BEfTnU8L,98,0-1,Black,2275,<=5s vs 5-10s
3Nj7oIRj,104,0-1,Black,2083,<=5s vs 5-10s
Qqmig4cp,73,1-0,White,2437,<=5s vs <=5s
CNELbj7q,67,1-0,White,2558,<=5s vs 5-10s
0RtlWrDC,56,0-1,Black,1375,<=5s vs 15-20s
zOkOD2HW,57,1-0,White,2041,<=5s vs 10-15s
RB41oM3o,73,1-0,White,1261,<=5s vs 5-10s
V3TIBKWP,65,0-1,White,1140,<=5s vs 5-10s
sjMnHIth,70,0-1,Black,1318,<=5s vs 5-10s
QBpWYUWm,75,0-1,White,2059,<=5s vs <=5s
2mDmNnLz,105,1-0,White,1632,<=5s vs 5-10s
PoWzjIQW,63,1-0,White,1864,<=5s vs 15-20s
BgupSmc7,85,1-0,White,2246,<=5s vs <=5s
S69daflV,87,0-1,White,2244,<=5s vs <=5s
d1mhSrlI,41,1-0,White,1366,<=5s vs 10-15s
sQQHFXtK,60,1-0,Black,1147,<=5s vs <=5s
ALqUEGCB,109,1-0,White,2317,<=5s vs <=5s
ItueRJlk,72,1-0,Black,1516,<=5s vs <=5s
M0UX7uNv,105,1-0,White,2514,<=5s vs <=5s
DSSjDocI,96,1/2-1/2,Black,2545,<=5s vs 5-10s
VbaALEZc,55,0-1,White,1203,<=5s vs 5-10s
gYBsHy7o,77,1-0,White,2210,<=5s vs 5-10s
dSNMTKHK,76,0-1,Black,2295,<=5s vs 5-10s
R88m1RzI,58,0-1,Black,1658,<=5s vs 15-20s
Y2rLGNLa,53,1-0,White,1420,<=5s vs 15-20s
caapFPGh,65,1-0,White,1988,<=5s vs 5-10s
HlF5bBEq,75,1-0,White,1945,<=5s vs 5-10s
Bthp0fRj,109,0-1,White,2352,<=5s vs 5-10s
5wKMWNaC,73,1-0,White,1552,<=5s vs 5-10s
JRcvTp3j,66,1-0,Black,1759,<=5s vs <=5s
KQqfKOdA,80,0-1,Black,1852,<=5s vs 5-10s
qrUecL5k,126,0-1,Black,2297,<=5s vs 5-10s
7yqcZhbK,77,1-0,White,1530,<=5s vs 15-20s
IiVXMAwv,78,0-1,Black,1867,<=5s vs 5-10s
67qPVz1w,53,1-0,White,1136,<=5s vs 15-20s
Zjp5D1nm,67,1-0,White,1376,<=5s vs 10-15s
NNcTu3OY,67,0-1,White,1994,<=5s vs <=5s
TpHvEOtG,91,0-1,White,1903,<=5s vs <=5s
a9YYdFGe,77,1-0,White,2355,<=5s vs 5-10s
ZTUXhU7R,82,0-1,Black,2447,<=5s vs 5-10s
xC23mwm1,106,1-0,Black,2472,<=5s vs <=5s
vYc8Zvdd,72,0-1,Black,1817,<=5s vs <=5s
9jFcFPdy,71,1-0,White,1424,<=5s vs <=5s
7QPIZUXP,59,1-0,White,1034,<=5s vs 5-10s
iTTYizk5,74,0-1,Black,1830,<=5s vs 10-15s
FuvFtWUj,51,1-0,White,1681,<=5s vs 5-10s
Gj5MFMz4,73,0-1,White,1548,<=5s vs <=5s
a4gt4jfW,49,0-1,White,1608,<=5s vs 10-15s
3kbIsOyK,65,1-0,White,1875,<=5s vs <=5s
Kiie0cCW,75,1-0,White,1523,<=5s vs 5-10s
Cxu6O5ei,89,0-1,White,2609,<=5s vs <=5s
lZlFAAY4,93,1-0,White,2100,<=5s vs <=5s
fCr2R7vN,89,1-0,White,1542,<=5s vs <=5s
cBqWSSXt,79,0-1,White,1179,<=5s vs <=5s
0jRsPkWc,64,0-1,Black,1616,<=5s vs <=5s
WK7Iexif,75,1-0,White,1904,<=5s vs <=5s
qIQFTmjL,113,0-1,White,1726,<=5s vs <=5s
nWHJJAmF,104,1-0,Black,1306,<=5s vs <=5s
dxcPoNwn,82,0-1,Black,1970,<=5s vs 10-15s
iUDy8cnj,68,0-1,Black,1339,<=5s vs <=5s
8EDhnCHB,70,0-1,Black,1561,<=5s vs 10-15s
Z9n55yL2,118,1-0,Black,3300,<=5s vs <=5s
vXm9yHHn,91,1-0,White,2066,<=5s vs 15-20s
hDzrSkh2,124,0-1,Black,1849,<=5s vs <=5s
RyN6tPt2,85,0-1,White,2406,<=5s vs <=5s
KIMbKHD1,84,0-1,Black,2551,<=5s vs 5-10s
CDE5FyMP,114,1/2-1/2,Black,2136,<=5s vs 10-15s
PcnCDCYN,82,0-1,Black,2083,<=5s vs 5-10s
IjTMbdWt,75,1-0,White,1924,<=5s vs <=5s
eDv2UGNv,70,0-1,Black,2406,<=5s vs 5-10s
wrv4k26S,78,0-1,Black,1502,<=5s vs <=5s
awutHz2G,106,0-1,Black,2104,<=5s vs <=5s
w24tD9Rv,83,1-0,White,1701,<=5s vs <=5s
GlunCLgl,79,1-0,White,1210,<=5s vs 5-10s
kUV8AhS9,120,1-0,Black,2277,<=5s vs <=5s
Iwk7yKi4,57,1-0,White,1204,<=5s vs 15-20s
6lVu7ZW6,69,1-0,White,1709,<=5s vs 10-15s
xg8c0dUC,60,0-1,Black,2171,<=5s vs 15-20s
0hN55z2G,42,0-1,Black,1065,<=5s vs 5-10s
kOuZGL5u,57,1-0,White,1256,<=5s vs 5-10s
12eDnyy3,139,1-0,White,2570,<=5s vs <=5s
AyaDju1j,83,1-0,White,1313,<=5s vs <=5s
O3IT8A0r,90,1-0,Black,2354,<=5s vs <=5s
9KNlpIFF,99,0-1,White,2484,<=5s vs <=5s
MWtiZmbV,97,1-0,White,2309,<=5s vs <=5s
YDI6AiMs,129,1/2-1/2,White,2276,<=5s vs <=5s
wEenr8gg,98,0-1,Black,1694,<=5s vs 5-10s
Eszslvab,69,0-1,White,1503,<=5s vs <=5s
ETxrLEjg,129,1-0,White,2208,<=5s vs <=5s
i4EbRfct,126,0-1,Black,2302,<=5s vs <=5s
ugmBkPZh,60,0-1,Black,1219,<=5s vs <=5s
w1ENYwpy,72,0-1,Black,1919,<=5s vs 10-15s
mZjPnLuc,58,0-1,Black,2316,<=5s vs 5-10s
1Zro7W9D,50,0-1,Black,841,<=5s vs 15-20s
oX9o5ygt,61,1-0,White,1852,<=5s vs 10-15s
6YBUS98A,54,0-1,Black,1640,<=5s vs 10-15s
q6ObZqs3,127,0-1,White,2588,<=5s vs <=5s
6XGyIozQ,113,0-1,White,2590,<=5s vs <=5s
dsxEyMMV,81,1-0,White,1716,<=5s vs 5-10s
Gg2RQY8L,93,1-0,White,1835,<=5s vs <=5s
2nLocZNb,73,0-1,White,1761,<=5s vs <=5s
uZBnL2HI,74,0-1,Black,1293,<=5s vs <=5s
VdyHpFiN,92,0-1,Black,1344,<=5s vs <=5s
ITWnzVKi,170,1-0,Black,3018,<=5s vs <=5s
SA1P5xS4,89,1/2-1/2,White,1375,<=5s vs 15-20s
xSzvUBIe,74,1-0,Black,1839,<=5s vs <=5s
Q2qpM9zn,68,0-1,Black,1496,<=5s vs <=5s
WKhxE2m7,81,1-0,White,1167,<=5s vs 5-10s
Dsrhn5Cb,107,1-0,White,2402,<=5s vs <=5s
4QmijkYG,100,1-0,Black,2535,<=5s vs <=5s
7sH02MK1,65,0-1,White,544,<=5s vs <=5s
8lhDAZm4,56,0-1,Black,2013,<=5s vs 5-10s
5OG87ymT,78,0-1,Black,1479,<=5s vs <=5s
rm82Kz9s,81,1-0,White,1846,<=5s vs <=5s
ulGjLJBe,94,1-0,Black,2630,<=5s vs <=5s
GNfh8F7b,63,1-0,White,1799,<=5s vs 10-15s
22PJtMLE,44,0-1,Black,911,<=5s vs 10-15s
sxjGo6pC,117,1-0,White,3094,<=5s vs 5-10s
WRLYCLyD,62,1-0,Black,2052,<=5s vs <=5s
d5dXhNLj,89,1/2-1/2,White,2499,<=5s vs <=5s
mzyZFOXx,83,0-1,White,1473,<=5s vs <=5s
dK3MMaeD,86,1-0,Black,2476,<=5s vs <=5s
sTq8zDuu,76,0-1,Black,1258,<=5s vs <=5s
EpMrqZZg,115,1-0,White,2582,<=5s vs <=5s
oeRs80gj,81,1-0,White,1915,<=5s vs 5-10s
mCdWoRtK,60,0-1,Black,1364,<=5s vs 10-15s
XpISAt1D,71,1-0,White,1007,<=5s vs <=5s
AFfrF2Yk,108,1-0,Black,1816,<=5s vs <=5s
oW3x7xMx,53,0-1,White,919,<=5s vs 5-10s
4o2HNLIZ,99,1-0,White,2400,<=5s vs <=5s
Xov3nrCv,123,1-0,White,2114,<=5s vs 5-10s
iCPw7Obx,37,1-0,White,992,<=5s vs 15-20s
Gxzkv9IE,76,0-1,Black,1607,<=5s vs <=5s
DPFq0RS9,80,1-0,Black,1790,<=5s vs <=5s
RjBklQTQ,105,1-0,White,2442,<=5s vs 10-15s
YWady3ua,78,0-1,Black,1462,<=5s vs <=5s
Zp0H0o0j,75,1-0,White,1439,<=5s vs <=5s
p9KA9WNq,82,0-1,Black,1443,<=5s vs 10-15s
OZEqwLJY,64,0-1,Black,1914,<=5s vs 10-15s
kEUMI9LQ,70,0-1,Black,2356,<=5s vs 10-15s
RfKhGBV6,82,0-1,Black,1715,<=5s vs <=5s
jQBjE1V0,98,1/2-1/2,Black,2242,<=5s vs <=5s
x4wS1nNj,46,0-1,Black,1845,<=5s vs 10-15s
BloWaGGs,76,0-1,Black,2039,<=5s vs 10-15s
DPRyK9IJ,107,1-0,White,1586,<=5s vs 15-20s
56MOO0B5,118,1-0,Black,2297,<=5s vs <=5s
r442ChvZ,107,1-0,White,2212,<=5s vs 15-20s
1lIma8uW,91,0-1,White,2142,<=5s vs <=5s
wnp9MUq9,114,0-1,Black,2219,<=5s vs 15-20s
NaZXHsAe,63,1-0,White,1665,<=5s vs 5-10s
Dk0Y5UL0,90,1-0,Black,2177,<=5s vs <=5s
3AtsbF41,63,1-0,White,1013,<=5s vs 10-15s
F4kOu6XZ,53,1-0,White,1598,<=5s vs 5-10s
zK6cm1Wm,64,0-1,Black,1721,<=5s vs <=5s
KO32oxv5,73,0-1,White,1702,<=5s vs <=5s
AO14GTYa,72,0-1,Black,1239,<=5s vs <=5s
xiArZNP3,90,0-1,Black,2698,<=5s vs 5-10s
GguBbTjz,97,1-0,White,2316,<=5s vs 5-10s
x5RcDpwt,97,0-1,White,2405,<=5s vs 5-10s
1XNUH4Ya,51,1-0,White,1272,<=5s vs 5-10s
grlPXZ2w,117,1-0,White,1789,<=5s vs 5-10s
0QbCTuAn,99,1-0,White,2891,<=5s vs <=5s
AcOsfMJF,94,0-1,Black,2279,<=5s vs <=5s
vsvTqj57,61,1-0,White,1715,<=5s vs 5-10s
PyRWywkK,93,1-0,White,2048,<=5s vs 5-10s
zcGws8mD,114,1-0,Black,2124,<=5s vs <=5s
IBrmz642,88,0-1,Black,1741,<=5s vs <=5s
ompnqmg6,80,0-1,Black,1336,<=5s vs 10-15s
LO7Mqxvf,105,1-0,White,1548,<=5s vs 10-15s
emLrFpTI,87,0-1,White,1579,<=5s vs <=5s
pF1x9yL3,57,1-0,White,1348,<=5s vs <=5s
mSH3Auit,126,1-0,Black,2686,<=5s vs <=5s
RXvEHNtn,32,0-1,Black,834,<=5s vs 15-20s
U5kHPnOW,62,0-1,Black,1539,<=5s vs <=5s
3BfOdv3R,68,0-1,Black,1685,<=5s vs <=5s
N2X78F5e,78,0-1,Black,1368,<=5s vs <=5s
Ib1MFNg7,63,1-0,White,1537,<=5s vs 15-20s
D2Mtnb3O,88,0-1,Black,1765,<=5s vs <=5s
joa4IOrJ,136,0-1,Black,2737,<=5s vs <=5s
8xx2OrQt,75,1-0,White,1509,<=5s vs 15-20s
xLrP624i,97,1-0,White,1878,<=5s vs <=5s
CFItPNLo,46,0-1,Black,1154,<=5s vs 5-10s
aywk33VV,163,1-0,White,2382,<=5s vs <=5s
AIf1SOu7,122,1-0,Black,2727,<=5s vs <=5s
RXQULltQ,130,1-0,Black,2717,<=5s vs <=5s
QBwwPCF7,77,1-0,White,2284,<=5s vs 5-10s
ij1XVY0V,68,0-1,Black,1977,<=5s vs 10-15s
pccmKZUo,72,0-1,Black,1237,<=5s vs 10-15s
FJN5NSSb,95,0-1,White,2155,<=5s vs <=5s
8JX5pU9R,88,0-1,Black,1870,<=5s vs 10-15s
d5M1xE4j,83,1-0,White,2250,<=5s vs <=5s
bjhb5MGT,115,1-0,White,2549,<=5s vs <=5s
7iPZ5o0d,65,1-0,White,1857,<=5s vs 5-10s
QDTncjU9,166,1/2-1/2,Black,2061,<=5s vs <=5s
W4hiLt4D,77,0-1,White,2028,<=5s vs 5-10s
8GybV1mx,82,1-0,Black,1581,<=5s vs <=5s
AgTz0JnG,44,1-0,Black,1270,<=5s vs <=5s
OyGL6I3N,60,0-1,Black,2235,<=5s vs 5-10s
oKyTLihR,93,1-0,White,2365,<=5s vs <=5s
KIj5uPpE,98,0-1,Black,2372,<=5s vs <=5s
Xt7tJwcN,58,1-0,Black,1932,<=5s vs <=5s
ONpjmopk,61,0-1,White,2108,<=5s vs <=5s
HDhr7fbR,95,1-0,White,2117,<=5s vs 5-10s
9I8WTxUl,95,1-0,White,1040,<=5s vs 5-10s
BJGOEQYY,68,0-1,Black,2312,<=5s vs 10-15s
U5YF7q4G,88,1-0,Black,2440,<=5s vs <=5s
BNuHzUK2,77,1-0,White,1794,<=5s vs <=5s
ddqLtBP2,90,0-1,Black,1677,<=5s vs <=5s
O0LrdLQK,79,1-0,White,1791,<=5s vs <=5s
iVduDNjv,65,0-1,White,1767,<=5s vs <=5s
2n5g6BJa,79,1-0,White,2096,<=5s vs <=5s
f4LUSaQf,62,1-0,Black,1885,<=5s vs <=5s
LUogffqU,68,1-0,Black,1195,<=5s vs <=5s
V0MReFF7,73,0-1,White,2000,<=5s vs <=5s
5xOporjz,61,1-0,White,1378,<=5s vs 5-10s
kWFUQ1Qj,77,1-0,White,1883,<=5s vs 5-10s
a5NcvQ6S,91,1-0,White,2258,<=5s vs <=5s
CNE618G4,79,1-0,White,2166,<=5s vs 5-10s
Z66sEYkf,77,1-0,White,2918,<=5s vs 5-10s
XTdhpc9b,77,1-0,White,2170,<=5s vs 10-15s
icZhPGMx,75,1-0,White,1996,<=5s vs <=5s
EkEPITvb,72,1-0,Black,1654,<=5s vs <=5s
3dr9dKOg,79,1-0,White,1841,<=5s vs <=5s
RvLz33Pb,66,1-0,Black,1185,<=5s vs 5-10s
EVggFAsc,106,0-1,Black,1892,<=5s vs 10-15s
YM79Nlqy,84,0-1,Black,2444,<=5s vs <=5s
Iyag52yX,152,0-1,Black,2686,<=5s vs <=5s
Ply7NamQ,119,0-1,White,1817,<=5s vs <=5s
EXgFs73H,57,1-0,White,1808,<=5s vs 5-10s
1PfHkkH0,93,1-0,White,1853,<=5s vs <=5s
TDfWuCJQ,59,1-0,White,2194,<=5s vs 15-20s
vkOlMaQb,91,0-1,White,2046,<=5s vs <=5s
fDAZpuZv,72,0-1,Black,2564,<=5s vs <=5s
qEduUxjn,103,1-0,White,2439,<=5s vs 5-10s
ix6v3vGW,50,0-1,Black,1365,<=5s vs 10-15s
xJioAzJg,109,1-0,White,1818,<=5s vs <=5s
GsbYtg4h,55,1-0,White,2237,<=5s vs 15-20s
hf7WXXX7,72,0-1,Black,1598,<=5s vs <=5s
lL7weX6D,76,1-0,Black,1905,<=5s vs <=5s
bgIG68Tn,121,1/2-1/2,White,2219,<=5s vs <=5s
6J0eaBWk,48,0-1,Black,1203,<=5s vs 10-15s
H4KUi7og,105,1/2-1/2,White,2572,<=5s vs 5-10s
nMYgVBEp,74,0-1,Black,1600,<=5s vs <=5s
c3nWwRtL,71,1-0,White,1721,<=5s vs 5-10s
8LnvLVDL,94,0-1,Black,1642,<=5s vs <=5s
RGtOjh8A,49,1-0,White,964,<=5s vs 15-20s
3p6ik11m,86,0-1,Black,2434,<=5s vs <=5s
Iymg1V0p,131,1-0,White,2118,<=5s vs <=5s
GpSVrG5S,80,0-1,Black,2474,<=5s vs 10-15s
uoqZWoKy,58,1-0,Black,1934,<=5s vs 5-10s
1Y17p9TI,89,1-0,White,1667,<=5s vs 5-10s
s4uBYpWW,127,1-0,White,2123,<=5s vs <=5s
yVFRNkfJ,88,1-0,Black,2179,<=5s vs <=5s
bF9LTjj9,101,1-0,White,2507,<=5s vs <=5s
b8TvSoF1,60,0-1,Black,1642,<=5s vs <=5s
XspVIJAd,87,1-0,White,2186,<=5s vs <=5s
5Xla41zq,129,1-0,White,2503,<=5s vs <=5s
GEti89g6,68,0-1,Black,1866,<=5s vs <=5s
xOCTINMU,77,1-0,White,1483,<=5s vs <=5s
XEyXWyOk,79,1-0,White,2259,<=5s vs <=5s
pCAkKBvI,33,1-0,White,717,<=5s vs 15-20s
1P9XbpXq,57,1-0,White,1755,<=5s vs 15-20s
8KRRSTQf,83,1-0,White,1142,<=5s vs <=5s
fjCI5PhT,76,0-1,Black,1930,<=5s vs <=5s
BQwnG3T5,51,0-1,White,772,<=5s vs 5-10s
rTKcQ3dB,80,0-1,Black,2177,<=5s vs 5-10s
dOWmAnVV,93,1-0,White,2404,<=5s vs <=5s
GXfYLaSY,73,1-0,White,2279,<=5s vs 10-15s
1fQtInO5,106,0-1,Black,2371,<=5s vs <=5s
1uMCEQzu,76,0-1,Black,1637,<=5s vs 5-10s
0O7WPadI,118,1-0,Black,2502,<=5s vs <=5s
mXwh0Bma,72,0-1,Black,1823,<=5s vs <=5s
jWpHdA5J,47,1-0,White,1416,<=5s vs 10-15s
OibUIu6z,63,1-0,White,868,<=5s vs 5-10s
iFNWhmgy,91,1-0,White,1635,<=5s vs <=5s
iHxxwaGq,84,0-1,Black,2354,<=5s vs <=5s
7TuaxPGG,66,0-1,Black,1534,<=5s vs 5-10s
s4d6UMOf,113,0-1,White,2464,<=5s vs <=5s
9GQKAFlo,82,0-1,Black,1223,<=5s vs <=5s
pKIh5YEb,78,1-0,Black,1844,<=5s vs <=5s
CSnt9lro,119,0-1,White,2139,<=5s vs <=5s
88MbxgrK,66,1-0,Black,1778,<=5s vs <=5s
gbeKNDax,89,0-1,White,2415,<=5s vs <=5s
G3txJFZd,146,0-1,Black,2202,<=5s vs <=5s
CCnNnd49,86,0-1,Black,1998,<=5s vs <=5s
E8jm1AAS,69,1-0,White,1741,<=5s vs <=5s
cViebBSl,75,1-0,White,1773,<=5s vs 15-20s
uXPcYhmb,110,1-0,Black,1969,<=5s vs 15-20s
X6afEvfQ,73,1-0,White,1966,<=5s vs 5-10s
PhWo161R,80,1-0,Black,1929,<=5s vs <=5s
8qF8txYU,81,1-0,White,2440,<=5s vs <=5s
P85Dt2PZ,68,0-1,Black,1850,<=5s vs 10-15s
rjKXuHxa,138,1/2-1/2,Black,2045,<=5s vs 5-10s
3dbeEohi,84,1-0,Black,2113,<=5s vs <=5s
M0G00vSx,102,0-1,Black,2554,<=5s vs <=5s
ygYVJlSp,45,1-0,White,801,<=5s vs <=5s
IF2ECdLy,87,1-0,White,2025,<=5s vs <=5s
JXfnLMss,97,1-0,White,1961,<=5s vs <=5s
ZdDk3P5c,78,1-0,Black,2077,<=5s vs <=5s
H9rRu6Cx,86,1-0,Black,2141,<=5s vs <=5s
2WeZA42S,166,1-0,Black,2607,<=5s vs <=5s
RWb0YjqN,74,0-1,Black,1914,<=5s vs <=5s
U4IwMQsL,59,1-0,White,1586,<=5s vs 10-15s
TllM38J9,83,1-0,White,1848,<=5s vs <=5s
ELIkcylt,101,1-0,White,2117,<=5s vs <=5s
moorpex2,63,1-0,White,802,<=5s vs 5-10s
6DUpPgwG,94,1-0,Black,2079,<=5s vs 5-10s
9VKDwIQX,77,1-0,White,1822,<=5s vs <=5s
O7VXY7Md,82,1-0,Black,2131,<=5s vs <=5s
4vPrxrx5,88,0-1,Black,2446,<=5s vs 5-10s
AftUhC3D,53,1-0,White,1414,<=5s vs 5-10s
PynSJAgs,66,0-1,Black,2073,<=5s vs 15-20s
UQr6wbLk,61,1-0,White,1042,<=5s vs <=5s
0i7MHkl3,105,0-1,White,2355,<=5s vs 5-10s
KIuTG2IS,68,0-1,Black,2390,<=5s vs 10-15s
3kBryv0i,100,0-1,Black,2609,<=5s vs 5-10s
y50JvoxI,49,0-1,White,1670,<=5s vs <=5s
FeAgmpAX,59,1-0,White,1605,<=5s vs <=5s
d4t6XRnB,112,0-1,Black,2457,<=5s vs 5-10s
BmWJCc2U,118,0-1,Black,2294,<=5s vs <=5s
9gm2QeGc,104,1/2-1/2,Black,2546,<=5s vs 5-10s
OmxNBMpk,54,0-1,Black,1140,<=5s vs <=5s
rX6D45cc,87,1-0,White,2497,<=5s vs 5-10s
3oLrLVMo,71,1-0,White,2415,<=5s vs 10-15s
oSaA7S4n,94,1/2-1/2,Black,2538,<=5s vs <=5s
21scLXAq,65,1-0,White,2143,<=5s vs 5-10s
EcrIT7N1,90,1-0,Black,2462,<=5s vs <=5s
vP192ivS,131,0-1,White,2481,<=5s vs <=5s
DqUg6jKW,77,0-1,White,1966,<=5s vs <=5s
G2DMH24f,110,0-1,Black,2408,<=5s vs <=5s
foM0eOFz,121,0-1,White,2019,<=5s vs <=5s
Lw01znxG,120,1-0,Black,2409,<=5s vs <=5s
0xWQe0iC,140,0-1,Black,2887,<=5s vs <=5s
V2k2oKZt,83,0-1,White,2084,<=5s vs <=5s
NkVN29L1,57,1-0,White,1804,<=5s vs <=5s
5UTQlyOD,67,0-1,White,1646,<=5s vs <=5s
XwY8wzar,120,0-1,Black,2481,<=5s vs <=5s
LkL3LaeU,88,1-0,Black,2324,<=5s vs <=5s
VV3OQyUZ,90,0-1,Black,2228,<=5s vs <=5s
V8zaoBIo,103,0-1,White,2293,<=5s vs <=5s
YJXQNZDr,102,1-0,Black,2234,<=5s vs 10-15s
FeMxNfac,121,0-1,White,2254,<=5s vs <=5s
D8JPBeSU,111,1-0,White,2487,<=5s vs 10-15s
ATXnvKCI,60,1-0,Black,1238,<=5s vs <=5s
sJDavq4b,88,1-0,Black,1927,<=5s vs <=5s
FayE2BJu,56,0-1,Black,1044,<=5s vs <=5s
eCAFWWb5,58,0-1,Black,1442,<=5s vs 15-20s
NRjkdglT,84,0-1,Black,1336,<=5s vs 5-10s
nNQy9pPJ,147,1-0,White,2716,<=5s vs <=5s
cG4AZpiI,51,1-0,White,1485,<=5s vs <=5s
Fkw2VgDs,108,0-1,Black,2291,<=5s vs <=5s
ziw6GOkY,67,1-0,White,901,<=5s vs 5-10s
HzPxLatI,74,0-1,Black,986,<=5s vs <=5s
zpfISE1B,65,1-0,White,887,<=5s vs 5-10s
xRzWPyHA,45,1-0,White,1063,<=5s vs 10-15s
BOJtBWib,65,1-0,White,1805,<=5s vs 15-20s
M9WnTXKH,88,1-0,Black,2456,<=5s vs <=5s
vX8gCbmv,86,0-1,Black,2341,<=5s vs <=5s
mZw4lAS9,64,0-1,Black,1318,<=5s vs <=5s
eeyZc2xh,71,0-1,White,1771,<=5s vs <=5s
HgZBv7Fm,52,1-0,Black,1227,<=5s vs <=5s
tUzYGJcC,167,1-0,White,2070,<=5s vs <=5s
eymL1S14,59,1-0,White,1891,<=5s vs <=5s
JlJTTcQ8,56,0-1,Black,1268,<=5s vs <=5s
sU3BZSIB,127,1-0,White,2182,<=5s vs <=5s
PrKX6SvG,71,1-0,White,1338,<=5s vs <=5s
CMmg0IuN,55,1-0,White,1580,<=5s vs 5-10s
YcN2fn0X,74,0-1,Black,2033,<=5s vs <=5s
IxQbFrMA,47,1-0,White,1332,<=5s vs 15-20s
tfWqMlyE,71,1-0,White,1675,<=5s vs <=5s
gZLnVC8M,83,1-0,White,2342,<=5s vs <=5s
qnN5RQaB,59,1-0,White,1262,<=5s vs 10-15s
Ibz74hL8,89,1-0,White,1818,<=5s vs <=5s
NAkxrdmg,73,1-0,White,2187,<=5s vs 15-20s
p2nPsArl,62,0-1,Black,1562,<=5s vs <=5s
rN9g9XiU,92,0-1,Black,1649,<=5s vs <=5s
7Cno9fNb,135,0-1,White,2029,<=5s vs <=5s
IKJqcoYq,84,1-0,Black,2555,<=5s vs <=5s
sWad1F3w,102,1-0,Black,2720,<=5s vs <=5s
Wt1fQzJZ,61,1-0,White,1588,<=5s vs 5-10s
VYHiYboz,86,0-1,Black,2373,<=5s vs 5-10s
vlfKDT7R,106,1/2-1/2,Black,2044,<=5s vs <=5s
TKXFkM2O,67,0-1,White,1571,<=5s vs <=5s
cikwydfk,51,1-0,White,1413,<=5s vs 10-15s
GGXWp4hp,131,1-0,White,2646,<=5s vs 5-10s
Vd7rTMY5,116,1-0,Black,2231,<=5s vs <=5s
aiX5W5Z8,82,1-0,Black,2091,<=5s vs <=5s
AS45blnU,73,0-1,White,1379,<=5s vs 5-10s
9SfeZbXy,58,0-1,Black,1364,<=5s vs <=5s
P4zCIPzd,72,0-1,Black,1856,<=5s vs <=5s
STuYNGIF,107,0-1,White,2398,<=5s vs 5-10s
hLo4tlUp,92,0-1,Black,1994,<=5s vs <=5s
yyFCscls,69,1-0,White,2301,<=5s vs 5-10s
A7Yumt7p,95,0-1,White,2517,<=5s vs 5-10s
zhFWxmoE,51,1-0,White,822,<=5s vs 5-10s
9ZPJ76vr,94,0-1,Black,2550,<=5s vs <=5s
AHSVJvMj,127,1-0,White,2011,<=5s vs <=5s
TxFdPJ73,64,1/2-1/2,Black,1035,<=5s vs 10-15s
RlPBgfON,84,0-1,Black,1869,<=5s vs <=5s
QOVy1tA9,78,1-0,Black,1838,<=5s vs 5-10s
ewwPG66T,70,0-1,Black,1386,<=5s vs 15-20s
ABjG6zi3,65,1-0,White,2117,<=5s vs 5-10s
zWTMQ4gt,65,1-0,White,1020,<=5s vs 15-20s
D55uD7SR,83,0-1,White,2351,<=5s vs <=5s
Zv5UxOkz,85,0-1,White,2509,<=5s vs <=5s
VGeUQKAB,91,1-0,White,2064,<=5s vs 10-15s
DvErs0PZ,85,0-1,White,1906,<=5s vs <=5s
AzxShvLU,124,0-1,Black,2640,<=5s vs <=5s
6aWfA9nb,64,0-1,Black,2359,<=5s vs 10-15s
TDiQrMLK,75,1-0,White,1819,<=5s vs <=5s
fB3up19M,79,1-0,White,1507,<=5s vs <=5s
Fybli8tR,83,1-0,White,1313,<=5s vs <=5s
irfrGdXi,51,1-0,White,1167,<=5s vs <=5s
DZ9dslM6,90,0-1,Black,1998,<=5s vs 15-20s
TekFrikF,70,1-0,Black,2505,<=5s vs <=5s
61H3r5TD,87,1-0,White,2278,<=5s vs <=5s
DfCQ8e3V,128,0-1,Black,2124,<=5s vs <=5s
PQ350Zs4,73,0-1,White,2036,<=5s vs <=5s
dINIYqAY,42,0-1,Black,937,<=5s vs 5-10s
KvSwm4gK,64,0-1,Black,1921,<=5s vs 15-20s
Hb6sAF9Q,74,1-0,Black,1786,<=5s vs <=5s
4JbrOmbZ,62,0-1,Black,2158,<=5s vs 15-20s
0Tie4di5,96,1-0,Black,2168,<=5s vs <=5s
y5gg2FxU,113,1-0,White,2319,<=5s vs <=5s
yCGrW53z,56,0-1,Black,1530,<=5s vs 15-20s
QUukTgSm,46,0-1,Black,1119,<=5s vs 10-15s
05tFmZ4K,74,0-1,Black,1546,<=5s vs 10-15s
OcniG77y,64,1-0,Black,2002,<=5s vs <=5s
fYMMxw1X,98,0-1,Black,1302,<=5s vs <=5s
R7tIWuuB,65,0-1,White,1091,<=5s vs <=5s
FL98Smmd,72,0-1,Black,1757,<=5s vs 10-15s
B0Dane1Y,107,0-1,White,2776,<=5s vs <=5s
7FxSdy3N,64,1-0,Black,1559,<=5s vs <=5s
99m47LtE,55,1-0,White,1545,<=5s vs 15-20s
NlJZbyPk,72,1-0,Black,1613,<=5s vs 5-10s
CbEeGSuR,69,0-1,White,1983,<=5s vs <=5s
l8MMU25G,73,1-0,White,1862,<=5s vs 5-10s
P4ubgwnX,75,1-0,White,1849,<=5s vs 15-20s
BM2ViTp5,51,1-0,White,1385,<=5s vs <=5s
1s6EXayt,107,0-1,White,1779,<=5s vs <=5s
7KZiNo8C,71,1-0,White,1725,<=5s vs 5-10s
dtsjptU6,67,1-0,White,1902,<=5s vs <=5s
KUJNL6Us,105,0-1,White,2343,<=5s vs <=5s
x4sbJMgW,91,0-1,White,2173,<=5s vs <=5s
JjKV8LVd,110,1-0,Black,2582,<=5s vs <=5s
LFKYFWhn,113,1-0,White,2360,<=5s vs <=5s
TG9uNw8t,63,1-0,White,2216,<=5s vs <=5s
3aG213yl,96,0-1,Black,1261,<=5s vs <=5s
OHl2TWQj,134,1/2-1/2,Black,2171,<=5s vs 5-10s
Bdohr9W2,63,1-0,White,1778,<=5s vs 15-20s
NnyrDw2N,45,1-0,White,920,<=5s vs <=5s
BEQVpkar,64,0-1,Black,1690,<=5s vs <=5s
Vnp49x6O,65,1-0,White,1792,<=5s vs 10-15s
fLKRwMEd,71,1-0,White,981,<=5s vs 5-10s
XIUqHu0B,80,0-1,Black,2023,<=5s vs <=5s
0XvZotFh,85,0-1,White,1439,<=5s vs 5-10s
WS23zZ08,118,0-1,Black,1849,<=5s vs <=5s
TVWpXH07,125,1-0,White,2183,<=5s vs <=5s
bkgjB4WW,127,0-1,White,2068,<=5s vs <=5s
XMtGwx4p,44,0-1,Black,1274,<=5s vs <=5s
9TtDfg3O,85,0-1,White,2268,<=5s vs <=5s
hiyB6QLy,116,1-0,Black,2121,<=5s vs <=5s
1dGpXQoS,72,0-1,Black,2118,<=5s vs 5-10s
DOR9Fgpt,120,1/2-1/2,Black,1920,<=5s vs 5-10s
XehLyO6S,91,1/2-1/2,White,2014,<=5s vs 5-10s
Trh0CcPO,41,1-0,White,937,<=5s vs 15-20s
f5MV77Eg,52,0-1,Black,940,<=5s vs <=5s
FwnVQsRB,62,0-1,Black,2553,<=5s vs 15-20s
cN5O6KtP,61,1-0,White,1740,<=5s vs 5-10s
7XnPCiE8,73,1-0,White,2372,<=5s vs 10-15s
6VZTPHu9,59,1-0,White,1285,<=5s vs 5-10s
Nhnug388,104,0-1,Black,2468,<=5s vs <=5s
UlzNG5IB,49,0-1,White,1343,<=5s vs 5-10s
TrANXnDV,50,0-1,Black,1414,<=5s vs 5-10s
EtpkiOC6,80,1-0,Black,2060,<=5s vs <=5s
YJmCJle5,85,0-1,White,1330,<=5s vs <=5s
CIqwMo97,87,1-0,White,1889,<=5s vs 10-15s
g0b2611A,116,0-1,Black,2399,<=5s vs 5-10s
iHnNTRJU,76,1-0,Black,2405,<=5s vs <=5s
LGELydQK,71,1-0,White,2408,<=5s vs <=5s
As48AMcg,102,0-1,Black,935,<=5s vs 5-10s
74JEoDgC,56,0-1,Black,2126,<=5s vs <=5s
u3lFDZrJ,78,0-1,Black,1528,<=5s vs 5-10s
xhaq3p0J,121,0-1,White,2087,<=5s vs <=5s
BqAUg1hG,60,0-1,Black,1639,<=5s vs 5-10s
BEG3plIT,56,0-1,Black,1284,<=5s vs <=5s
KDK35Vb7,69,1-0,White,2333,<=5s vs <=5s
HOlAwXwA,83,0-1,White,2592,<=5s vs <=5s
3piDIK5I,58,0-1,Black,467,<=5s vs <=5s
LGve3fcb,79,1/2-1/2,White,1906,<=5s vs 15-20s
IqFlODmT,114,0-1,Black,2113,<=5s vs <=5s
MJp8ra2T,53,1-0,White,983,<=5s vs 5-10s
EzUXInzt,57,1-0,White,1518,<=5s vs 15-20s
UrBnrg47,101,1-0,White,2604,<=5s vs <=5s
xXpGdzuu,100,1-0,Black,2526,<=5s vs <=5s
brXJiZnz,56,0-1,Black,1787,<=5s vs 10-15s
LEc5MB8p,53,1-0,White,1787,<=5s vs 5-10s
AkYjR8SB,88,0-1,Black,1697,<=5s vs <=5s
peCn5zkK,66,0-1,Black,1777,<=5s vs 10-15s
YycJbt0j,135,0-1,White,2723,<=5s vs 5-10s
34pQMoOF,79,0-1,White,2043,<=5s vs 5-10s
6ddfvUHv,83,1-0,White,1904,<=5s vs <=5s
Maw9i91O,70,0-1,Black,1964,<=5s vs 5-10s
FMoYZonA,144,0-1,Black,2612,<=5s vs <=5s
bxW9ux5U,68,0-1,Black,1544,<=5s vs <=5s
PhfhIKif,95,1-0,White,2659,<=5s vs <=5s
FwPW8lLe,90,1-0,Black,1722,<=5s vs <=5s
uAD4nq3P,47,1-0,White,1902,<=5s vs 5-10s
HLFYPflN,82,1-0,Black,1714,<=5s vs <=5s
KQqPBzeh,74,0-1,Black,1474,<=5s vs <=5s
iGdQZhBr,82,0-1,Black,1955,<=5s vs 15-20s
nvtY9xvG,62,0-1,Black,1850,<=5s vs <=5s
OxduaLbV,88,1-0,Black,1820,<=5s vs <=5s
54sHyoYA,103,1-0,White,2976,<=5s vs <=5s
phpljfrj,81,0-1,White,2517,<=5s vs <=5s
ifVrrw3y,72,0-1,Black,2034,<=5s vs 10-15s
PuQTJ84n,58,0-1,Black,1168,<=5s vs <=5s
NbX9ejEV,118,1-0,Black,2785,<=5s vs <=5s
Vgn1md6Q,61,0-1,White,1158,<=5s vs <=5s
DwihzRYt,75,0-1,White,1959,<=5s vs <=5s
UOeVrepT,73,1-0,White,2231,<=5s vs 10-15s
JS7FretM,118,0-1,Black,2762,<=5s vs <=5s
IiNbIIYL,85,1/2-1/2,White,2322,<=5s vs <=5s
Rwn1E5Df,117,0-1,White,1969,<=5s vs <=5s
rgNSAmjF,102,1-0,Black,2557,<=5s vs <=5s
rn9CIfHc,88,1-0,Black,1522,<=5s vs <=5s
j5QrIVr0,135,0-1,White,2415,<=5s vs <=5s
UQFeL9Oy,51,1-0,White,1493,<=5s vs 5-10s
BvfzIipy,105,1-0,White,2626,<=5s vs 10-15s
5QxQ4aaK,66,0-1,Black,1184,<=5s vs 5-10s
J7DDP1qv,91,0-1,White,2424,<=5s vs <=5s
k8O6yYX6,91,1/2-1/2,White,2626,<=5s vs <=5s
JZPaAWab,105,1-0,White,1909,<=5s vs 5-10s
xmIiipX6,47,1-0,White,1417,<=5s vs 10-15s
LPi7M4B4,81,1-0,White,1919,<=5s vs <=5s
WPhsOmnk,89,0-1,White,1927,<=5s vs <=5s
C63Azdv0,98,0-1,Black,2096,<=5s vs 15-20s
XRA1Pzav,75,1-0,White,1585,<=5s vs <=5s
0ufMvJIN,80,0-1,Black,1921,<=5s vs <=5s
FqnPp1EL,79,0-1,White,2234,<=5s vs 15-20s
ItSOV20O,79,0-1,White,1574,<=5s vs 5-10s
9kgTTwx1,132,1-0,Black,2431,<=5s vs <=5s
6C5JcSCO,96,0-1,Black,1883,<=5s vs <=5s
puY7CFfZ,128,0-1,Black,2647,<=5s vs <=5s
PA6UtSRP,86,1-0,Black,1936,<=5s vs <=5s
PT6PwXGP,105,1/2-1/2,White,2052,<=5s vs <=5s
NnKcAMoZ,100,1-0,Black,2393,<=5s vs 5-10s
iNDjX5qB,59,1-0,White,1283,<=5s vs 5-10s
sjlDrtnD,78,0-1,Black,1663,<=5s vs <=5s
4o3aovH0,88,0-1,Black,2754,<=5s vs 10-15s
DNyxr3hS,78,1-0,Black,2167,<=5s vs <=5s
8Fg819f2,78,0-1,Black,1979,<=5s vs <=5s
CVm2TbAs,64,1-0,Black,1386,<=5s vs 5-10s
PruyFkUl,64,1-0,Black,1699,<=5s vs <=5s
y6BTq7TN,73,1-0,White,1918,<=5s vs <=5s
KG61kA5v,92,0-1,Black,2024,<=5s vs <=5s
Z8qH94Wq,73,1-0,White,1855,<=5s vs <=5s
6Jv3H4I9,123,1-0,White,2517,<=5s vs <=5s
OkuooNYd,88,0-1,Black,1696,<=5s vs <=5s
C6DcdSsg,81,1-0,White,2023,<=5s vs 10-15s
DbpqRRxq,112,1-0,Black,2430,<=5s vs <=5s
6lCjqbJs,48,0-1,Black,738,<=5s vs <=5s
Q41hV1Lk,103,0-1,White,1831,<=5s vs 10-15s
9glwyQFh,86,1-0,Black,1948,<=5s vs <=5s
pxMQMTQy,74,1-0,Black,1069,<=5s vs <=5s
gwtbO0kz,80,0-1,Black,2245,<=5s vs <=5s
3zLR080x,84,0-1,Black,1996,<=5s vs 10-15s
4v9XrgoU,74,0-1,Black,1770,<=5s vs 5-10s
bUgGUv5c,63,1-0,White,2210,<=5s vs 15-20s
8H4wT3rY,53,1-0,White,1524,<=5s vs 10-15s
DydZtyQ5,79,1-0,White,2202,<=5s vs 10-15s
aDjfKMlq,106,1-0,Black,2315,<=5s vs <=5s
qE0j1jzV,67,1-0,White,1217,<=5s vs 10-15s
gh1w2l8J,65,1-0,White,2194,<=5s vs <=5s
f3wNssI0,92,1-0,Black,2002,<=5s vs <=5s
XJuvPhrg,93,1-0,White,2358,<=5s vs <=5s
Kb1kj0LX,64,0-1,Black,1757,<=5s vs <=5s
WUzDm8jB,70,0-1,Black,1887,<=5s vs <=5s
ZdVCOmOY,77,1-0,White,2487,<=5s vs <=5s
8VGfNy9a,76,1-0,Black,1871,<=5s vs <=5s
3NrMS5zK,74,0-1,Black,1733,<=5s vs <=5s
CCceDymS,93,0-1,White,2470,<=5s vs <=5s
L2K3KvOJ,67,1-0,White,1919,<=5s vs <=5s
QLm0IT9p,86,1-0,Black,2196,<=5s vs <=5s
CGsbMgA7,71,1-0,White,1704,<=5s vs 15-20s
MSopQzSX,61,1-0,White,1827,<=5s vs 15-20s
itvGnQzQ,79,1-0,White,1191,<=5s vs 5-10s
qQK1jRSJ,72,0-1,Black,1811,<=5s vs 10-15s
ztC1Gjwz,78,0-1,Black,785,<=5s vs 15-20s
Wd5Uy49U,73,0-1,White,1339,<=5s vs <=5s
tFsULeS1,63,1-0,White,1662,<=5s vs 10-15s
DU88oaTj,79,1-0,White,1892,<=5s vs <=5s
0bM5kC04,62,0-1,Black,1576,<=5s vs 15-20s
4nhc3fSc,71,1-0,White,1903,<=5s vs <=5s
OVycZJ0L,100,0-1,Black,1880,<=5s vs 10-15s
L87SlEMf,125,1-0,White,1792,<=5s vs <=5s
w29CibyR,145,1-0,White,2619,<=5s vs <=5s
ttjyg0k5,93,1-0,White,1929,<=5s vs 5-10s
He1Jgn7r,105,0-1,White,2665,<=5s vs <=5s
9FNuthIn,90,1-0,Black,1926,<=5s vs <=5s
nvJOMbRx,57,1-0,White,1467,<=5s vs 5-10s
jMq0QMpY,42,0-1,Black,1054,<=5s vs <=5s
MmewAgqd,112,0-1,Black,2463,<=5s vs <=5s
XI7J9Jap,113,1/2-1/2,White,2123,<=5s vs <=5s
96NpNYMu,130,1-0,Black,2805,<=5s vs 5-10s
Z2OmVrK4,85,1-0,White,1779,<=5s vs 15-20s
OSG0511o,97,1-0,White,1442,<=5s vs 15-20s
2fYQS4t6,99,1-0,White,2117,<=5s vs 5-10s
OJDSZBFC,90,1/2-1/2,Black,2289,<=5s vs <=5s
hjfYCo3a,64,0-1,Black,1444,<=5s vs 15-20s
JUD0Uv5I,57,1-0,White,1255,<=5s vs 5-10s
OoQbr5kl,68,0-1,Black,1878,<=5s vs 15-20s
5s9glPgk,60,0-1,Black,1940,<=5s vs 15-20s
F66Dmmrz,96,1-0,Black,2830,<=5s vs <=5s
Oek8zjHB,57,1-0,White,1894,<=5s vs 15-20s
G1fHMqfM,67,1-0,White,1668,<=5s vs <=5s
THOTb9LA,90,1-0,Black,2169,<=5s vs <=5s
lrZiHodR,91,1-0,White,2530,<=5s vs <=5s
rG2whqjx,86,1-0,Black,2345,<=5s vs <=5s
RQRHNeLK,82,1/2-1/2,Black,2174,<=5s vs 5-10s
jJimoxOt,108,1-0,Black,2439,<=5s vs <=5s
kPAVOz6y,91,1-0,White,1601,<=5s vs <=5s
KQ8Ks6UA,66,0-1,Black,1506,<=5s vs <=5s
r58bfiOo,57,1-0,White,1138,<=5s vs <=5s
HWx2NcLw,95,1-0,White,1782,<=5s vs 10-15s
vJqcwNDS,84,0-1,Black,1523,<=5s vs <=5s
GJAJHbjZ,52,0-1,Black,1221,<=5s vs 5-10s
KpC5hB0C,73,0-1,White,2099,<=5s vs <=5s
W75m5HVG,43,1-0,White,827,<=5s vs 10-15s
aQoDwrEK,120,0-1,Black,2612,<=5s vs <=5s
jgLf8wiQ,64,0-1,Black,1259,<=5s vs 10-15s
sCiZvOQT,96,1-0,Black,2377,<=5s vs <=5s
TXdplIr3,125,0-1,White,1569,<=5s vs 15-20s
51NEitRn,70,0-1,Black,2096,<=5s vs 5-10s
3un9Yei8,111,1-0,White,1810,<=5s vs <=5s
UakEVTMI,59,1-0,White,1907,<=5s vs <=5s
SoIV0HR4,101,0-1,White,1914,<=5s vs <=5s
pO0DKnCN,57,1-0,White,1387,<=5s vs <=5s
F9NVvUud,55,0-1,White,1408,<=5s vs 5-10s
Gu26sbFY,76,0-1,Black,1768,<=5s vs <=5s
LUg9CYOv,80,0-1,Black,2259,<=5s vs 5-10s
D6sHvFO9,100,1-0,Black,2328,<=5s vs <=5s
FHt7mJ7B,91,1-0,White,2321,<=5s vs 5-10s
MGfeht2O,79,0-1,White,1815,<=5s vs <=5s
i0efEOWy,67,0-1,White,1833,<=5s vs <=5s
OLLTTxtK,69,0-1,White,1793,<=5s vs <=5s
HhORM7DK,68,0-1,Black,2084,<=5s vs 15-20s
wyNrgso8,92,1-0,Black,2124,<=5s vs <=5s
FM6KMhdk,54,0-1,Black,1898,<=5s vs 15-20s
RNmNk8IV,65,0-1,White,1219,<=5s vs 5-10s
sxrn74BA,77,0-1,White,1156,<=5s vs 5-10s
lLZL8iWa,54,0-1,Black,1668,<=5s vs 10-15s
NsxfRNS5,93,0-1,White,1016,<=5s vs <=5s
eYcuv5Lz,60,0-1,Black,1831,<=5s vs <=5s
OUYOfQzf,74,0-1,Black,1406,<=5s vs 15-20s
tp2KL3cN,82,0-1,Black,1228,<=5s vs 10-15s
d9lvPtpt,98,0-1,Black,2355,<=5s vs 10-15s
GTkj0MOs,72,0-1,Black,1918,<=5s vs <=5s
C74yXafu,94,0-1,Black,2064,<=5s vs <=5s
g4fShC6t,82,0-1,Black,1676,<=5s vs 10-15s
DOQ3uGBY,77,1-0,White,2079,<=5s vs 10-15s
KH5dt9ZD,101,1-0,White,1927,<=5s vs 15-20s
CHT6DwLU,84,0-1,Black,1907,<=5s vs 5-10s
s1I8PCtj,71,1-0,White,1899,<=5s vs 10-15s
4C71Ho4I,84,0-1,Black,2184,<=5s vs <=5s
urU91FHi,92,0-1,Black,2544,<=5s vs <=5s
gGdZCrKQ,95,1-0,White,2423,<=5s vs 15-20s
mpVcBoe7,88,1-0,Black,2169,<=5s vs <=5s
7LvGcUWj,71,0-1,White,2633,<=5s vs 5-10s
O9IPOYag,110,0-1,Black,2468,<=5s vs 5-10s
78gvdrzl,58,0-1,Black,1199,<=5s vs <=5s
1wn2gmLG,93,1-0,White,2219,<=5s vs <=5s
540thTf3,119,1-0,White,1787,<=5s vs 5-10s
4kHhQKFn,69,1-0,White,1469,<=5s vs <=5s
67IiRge5,79,1-0,White,1744,<=5s vs 5-10s
JssX2YvU,88,0-1,Black,1825,<=5s vs 10-15s
AIvCYiIF,97,1-0,White,2034,<=5s vs <=5s
YlrzcIwZ,64,0-1,Black,2047,<=5s vs 10-15s
Zx9p2uBC,78,0-1,Black,2048,<=5s vs 5-10s
jxJtFWgc,92,0-1,Black,1942,<=5s vs <=5s
VjNZQsdZ,95,1-0,White,1898,<=5s vs 5-10s
DhyU6bSG,77,1-0,White,1880,<=5s vs 5-10s
MXrs2XFv,90,0-1,Black,1766,<=5s vs 5-10s
kZ5jNLq1,75,1-0,White,1458,<=5s vs <=5s
BaFhV4RU,77,1-0,White,1611,<=5s vs <=5s
Eu2j1fH3,63,1-0,White,1585,<=5s vs 10-15s
Km7CKYj8,93,0-1,White,1311,<=5s vs <=5s
V11AREBy,57,1-0,White,1339,<=5s vs <=5s
PjZzVAaH,74,0-1,Black,2208,<=5s vs 5-10s
KYXVvPJn,60,0-1,Black,2033,<=5s vs 5-10s
XAsNDJLw,56,0-1,Black,1661,<=5s vs 10-15s
pcSFg2qW,77,1-0,White,2274,<=5s vs 5-10s
MIaJgk9d,88,1-0,Black,2148,<=5s vs <=5s
6hMwsGnM,95,1-0,White,1873,<=5s vs 10-15s
dIojgSgQ,53,0-1,White,1484,<=5s vs <=5s
ajanbPV4,73,1-0,White,1400,<=5s vs <=5s
Ws9tFKsJ,83,1-0,White,1638,<=5s vs <=5s
uVb9oviT,50,0-1,Black,1239,<=5s vs <=5s
OV16WmLs,65,1-0,White,1563,<=5s vs 15-20s
RK34Ylc8,69,0-1,White,1837,<=5s vs <=5s
uAEePHh8,87,1-0,White,2006,<=5s vs 5-10s
vuQmR1oP,130,0-1,Black,1922,<=5s vs <=5s
k2yoFYkV,70,0-1,Black,1015,<=5s vs <=5s
CXZI740u,72,0-1,Black,1607,<=5s vs 5-10s
9eZ8W7JY,106,1-0,Black,2391,<=5s vs <=5s
xqlenwuP,76,0-1,Black,1129,<=5s vs <=5s
UHwHTGfi,127,1/2-1/2,White,1859,<=5s vs <=5s
Mfrmm667,70,1-0,Black,1843,<=5s vs <=5s
Lbrset0A,85,0-1,White,1989,<=5s vs <=5s
ks8elwfO,67,0-1,White,1486,<=5s vs <=5s
7a8yZJyj,85,0-1,White,2394,<=5s vs <=5s
OQ9AyCOU,94,1-0,Black,2142,<=5s vs <=5s
0Hv5mJ3K,84,0-1,Black,2395,<=5s vs 10-15s
oTdL4Ux7,106,0-1,Black,2880,<=5s vs <=5s
3w8Dc5HN,83,1-0,White,2613,<=5s vs 5-10s
y3YyBmoM,62,0-1,Black,1488,<=5s vs 5-10s
EEPmQrht,73,1-0,White,1742,<=5s vs 5-10s
lpECI9Qy,69,1-0,White,1717,<=5s vs <=5s
UAFXM5tr,49,0-1,White,969,<=5s vs <=5s
HanRPdGG,100,1-0,Black,2266,<=5s vs <=5s
LPjA6hi3,51,1-0,White,1466,<=5s vs 15-20s
0lpGE2VE,126,1-0,Black,2206,<=5s vs <=5s
7wjOTQme,123,1-0,White,2151,<=5s vs <=5s
XOgUg5JA,112,1-0,Black,2362,<=5s vs <=5s
oeHHTs6Y,68,0-1,Black,1367,<=5s vs 5-10s
04tw5fP6,88,0-1,Black,2709,<=5s vs <=5s
fKVcQbSI,39,1-0,White,1125,<=5s vs 10-15s
D3Z9BFVD,97,1-0,White,1965,<=5s vs 15-20s
K9WmvJ8g,103,1-0,White,2012,<=5s vs <=5s
OzXsHUuG,99,1-0,White,1912,<=5s vs <=5s
9szEKPCQ,61,0-1,White,1808,<=5s vs <=5s
wAEvshJm,74,1-0,Black,1842,<=5s vs <=5s
tPeRPnF7,187,1-0,White,2570,<=5s vs <=5s
hQfQZLdk,84,0-1,Black,1897,<=5s vs <=5s
d6bwqoCG,69,0-1,White,1539,<=5s vs <=5s
f5J6VreS,112,0-1,Black,1520,<=5s vs 15-20s
lTRuZ0O9,82,0-1,Black,2836,<=5s vs <=5s
3JB0yapN,71,1-0,White,2255,<=5s vs 10-15s
ayTpJDxg,115,1-0,White,2234,<=5s vs 5-10s
mPmokUEO,102,0-1,Black,2293,<=5s vs <=5s
cb7jGs3p,81,1-0,White,1806,<=5s vs 15-20s
TafTj97j,65,1-0,White,1474,<=5s vs 10-15s
MYjv7K3w,97,1-0,White,2360,<=5s vs <=5s
5uloxCPA,102,1-0,Black,2576,<=5s vs <=5s
3QVsnPJs,52,0-1,Black,1504,<=5s vs <=5s
R4QXSz60,91,1-0,White,2293,<=5s vs <=5s
ByJwRVlf,57,1-0,White,1377,<=5s vs 5-10s
7Q3LmdxO,66,1-0,Black,1901,<=5s vs <=5s
LqqNnGcY,85,0-1,White,2005,<=5s vs 5-10s
i3o4Gu7I,68,0-1,Black,1593,<=5s vs <=5s
bMknCuzP,89,1-0,White,1976,<=5s vs 10-15s
0McHyJXB,55,0-1,White,1450,<=5s vs <=5s
9WTYfJJV,83,0-1,White,2518,<=5s vs <=5s
RjFhTo3f,69,0-1,White,1639,<=5s vs 5-10s
emvBq67p,77,0-1,White,1888,<=5s vs <=5s
PB9x2Z05,135,1-0,White,1873,<=5s vs 10-15s
AhTVnCVK,133,1-0,White,2141,<=5s vs <=5s
lRZW6MZw,67,1-0,White,1642,<=5s vs 5-10s
TCShvgGu,115,1-0,White,2452,<=5s vs 5-10s
DrYj8RTh,48,1-0,Black,1315,<=5s vs <=5s
SYJkB8xw,57,1-0,White,1441,<=5s vs <=5s
PXq0V7Be,77,1-0,White,1685,<=5s vs 10-15s
VPtrASPD,83,1-0,White,2031,<=5s vs 10-15s
Zkb6HeIp,79,1-0,White,1694,<=5s vs 10-15s
aNs1HG00,63,0-1,White,1410,<=5s vs 10-15s
vvvX9at1,78,0-1,Black,925,<=5s vs <=5s
ddXT9coQ,80,0-1,Black,2672,<=5s vs 10-15s
gHgC8fnN,59,1-0,White,1335,<=5s vs 10-15s
2NILx2HJ,140,0-1,Black,1962,<=5s vs 15-20s
8dPpivSy,67,0-1,White,1246,<=5s vs 5-10s
9JZwmJ8q,75,1-0,White,2078,<=5s vs <=5s
LgbCrIUB,78,0-1,Black,1513,<=5s vs <=5s
UyirxGHx,77,1-0,White,1594,<=5s vs <=5s
oEfrOBUs,122,1-0,Black,2212,<=5s vs <=5s
9EMCOdvp,78,1-0,Black,1841,<=5s vs <=5s
7qUhgpn8,73,1-0,White,1756,<=5s vs <=5s
IzssZ4Qn,76,0-1,Black,1907,<=5s vs 5-10s
a5kcD4uw,80,0-1,Black,1813,<=5s vs 5-10s
Sa6bBKvE,40,1-0,Black,914,<=5s vs <=5s
nlq8kRuM,92,0-1,Black,2270,<=5s vs 10-15s
6jt939H1,92,1-0,Black,2593,<=5s vs <=5s
8NqgSUHw,96,0-1,Black,2115,<=5s vs 5-10s
KHikNBE6,100,1-0,Black,2053,<=5s vs <=5s
JDaE9sxC,103,1-0,White,2477,<=5s vs 5-10s
emIYJHeG,64,0-1,Black,1784,<=5s vs 15-20s
4HBY7G9T,58,0-1,Black,1260,<=5s vs 10-15s
mjdehF9u,79,1-0,White,1529,<=5s vs <=5s
lwAR1pgU,137,1-0,White,2924,<=5s vs 5-10s
t9fjpYw4,66,0-1,Black,1681,<=5s vs <=5s
knJ3pzGs,80,0-1,Black,1830,<=5s vs 5-10s
WBxgSrl2,67,0-1,White,1498,<=5s vs <=5s
HY9F4mzI,79,1-0,White,1309,<=5s vs 10-15s
DZXbpL0T,72,0-1,Black,1403,<=5s vs 5-10s
GpuVH1Nq,51,0-1,White,931,<=5s vs <=5s
AKlJP3mk,79,1-0,White,1969,<=5s vs <=5s
6rJWcqrS,122,1-0,Black,2508,<=5s vs <=5s
OCEnPKK0,87,1-0,White,1993,<=5s vs 5-10s
rlmIDQEG,89,1-0,White,1644,<=5s vs <=5s
3h3iOO7t,91,1-0,White,1798,<=5s vs <=5s
Er5zJeKp,135,1/2-1/2,White,1414,<=5s vs 10-15s
n4x7MZFO,62,1-0,Black,1723,<=5s vs <=5s
IYN7Uvn2,132,1-0,Black,2286,<=5s vs <=5s
OPNjl1hu,107,0-1,White,2577,<=5s vs <=5s
bWk5E9JI,48,0-1,Black,1647,<=5s vs 15-20s
VR8caK5s,81,1-0,White,1780,<=5s vs <=5s
P6IBQDro,56,1-0,Black,1376,<=5s vs <=5s
x0aKOfhT,85,1-0,White,2090,<=5s vs 5-10s
gHVQatb1,66,1-0,Black,1563,<=5s vs <=5s
6Yy2L6jd,82,0-1,Black,1877,<=5s vs <=5s
Vv9OImxf,71,1-0,White,1359,<=5s vs 5-10s
4ZNEj3nI,73,1-0,White,2216,<=5s vs 5-10s
xSX3B8vz,84,0-1,Black,1791,<=5s vs 5-10s
igWbzACj,82,1-0,Black,1622,<=5s vs <=5s
oOJGjrKU,93,0-1,White,2545,<=5s vs <=5s
tpaGCvr9,77,1-0,White,1589,<=5s vs <=5s
SlmgGhB9,65,1-0,White,1997,<=5s vs 5-10s
M0wN6J5J,85,0-1,White,1532,<=5s vs 10-15s
5UziibDw,119,1-0,White,2453,<=5s vs <=5s
KG3tyoBr,77,1-0,White,2338,<=5s vs 5-10s
Yk9J7jVm,91,1-0,White,1741,<=5s vs 10-15s
uKKvnRz1,67,1-0,White,1116,<=5s vs 10-15s
23PyOzM2,65,1-0,White,1786,<=5s vs <=5s
QqbQdvW5,91,0-1,White,2651,<=5s vs <=5s
VSJ2JObs,72,1-0,Black,2106,<=5s vs <=5s
UXhiXKaQ,62,0-1,Black,1288,<=5s vs <=5s
2BEcoMpp,72,1-0,Black,1725,<=5s vs <=5s
aNAQHgAa,93,1-0,White,2111,<=5s vs <=5s
65tONcQy,81,1-0,White,1157,<=5s vs 10-15s
AJe5XKEV,84,0-1,Black,1856,<=5s vs 15-20s
gyV6WYKs,50,0-1,Black,1473,<=5s vs <=5s
cMLyATQi,55,1-0,White,1300,<=5s vs 15-20s
EeQhJPoe,91,0-1,White,2267,<=5s vs <=5s
kyRw5gTz,69,1-0,White,2170,<=5s vs <=5s
OaWZV46z,64,0-1,Black,1897,<=5s vs 10-15s
ScUqFMvH,88,1-0,Black,1178,<=5s vs 10-15s
MrJWO3EW,70,0-1,Black,1706,<=5s vs 5-10s
qsmlAHEV,49,1-0,White,983,<=5s vs <=5s
19SYzgMw,116,1-0,Black,2603,<=5s vs <=5s
p3VptyOM,75,1-0,White,1738,<=5s vs <=5s
1oSo3JEy,63,1-0,White,1867,<=5s vs 5-10s
RyA8TxtP,64,0-1,Black,1331,<=5s vs 10-15s
tR1zLYD4,129,1-0,White,2108,<=5s vs 5-10s
GQHanVr5,84,0-1,Black,2210,<=5s vs <=5s
V4g4j3KJ,99,1-0,White,2003,<=5s vs <=5s
tcgEL9pH,47,1-0,White,1965,<=5s vs 5-10s
R3D3W0OE,64,0-1,Black,1236,<=5s vs 5-10s
P7o8V5zN,47,1-0,White,1256,<=5s vs 10-15s
C6utyiba,71,1-0,White,1446,<=5s vs <=5s
KyJ3F68d,82,0-1,Black,1514,<=5s vs 10-15s
Bgd4to41,83,1-0,White,2434,<=5s vs 5-10s
Jh35qNlv,78,0-1,Black,1241,<=5s vs <=5s
stv53uyx,63,1-0,White,1660,<=5s vs <=5s
jUN9sTAF,137,1-0,White,2080,<=5s vs <=5s
2kmO5k4d,92,0-1,Black,1819,<=5s vs 5-10s
FT8B9cKb,51,0-1,White,1062,<=5s vs <=5s
cS2NxItf,112,0-1,Black,1930,<=5s vs 10-15s
1MuNDcQQ,100,0-1,Black,2136,<=5s vs 5-10s
8Mk9BXe4,78,0-1,Black,2442,<=5s vs 5-10s
hFyvuYd8,73,1-0,White,1608,<=5s vs <=5s
Su1g932e,86,0-1,Black,2140,<=5s vs 10-15s
gL48BcVW,56,0-1,Black,1187,<=5s vs <=5s
N91rWcQc,111,0-1,White,2685,<=5s vs <=5s
gk46poct,78,0-1,Black,2218,<=5s vs 5-10s
O9laNvIj,58,0-1,Black,1720,<=5s vs 10-15s
zUuVtKDf,60,1-0,Black,2006,<=5s vs <=5s
tnmTMXk0,92,0-1,Black,2361,<=5s vs <=5s
2LR46HxS,109,1-0,White,2219,<=5s vs <=5s
QgYfhl66,78,1-0,Black,2302,<=5s vs 5-10s
WFlbZIk0,87,1-0,White,1500,<=5s vs 10-15s
O3mrSqcr,101,1-0,White,2290,<=5s vs <=5s
vVkFsccv,73,1-0,White,1732,<=5s vs <=5s
gMd83JDl,73,0-1,White,1074,<=5s vs <=5s
Vajx1xrR,68,1-0,Black,1617,<=5s vs <=5s
4ukRWVX7,78,0-1,Black,1915,<=5s vs 10-15s
kTqndc5r,100,0-1,Black,2074,<=5s vs <=5s
7t5jyFtD,67,1-0,White,982,<=5s vs 15-20s
zIkQrfZU,59,1-0,White,1662,<=5s vs 15-20s
g798xKCL,91,1-0,White,1910,<=5s vs 5-10s
QaJEd3PM,88,0-1,Black,1940,<=5s vs 15-20s
nLaYbawZ,77,1-0,White,1844,<=5s vs 5-10s
CcvQhigl,78,1-0,Black,1603,<=5s vs 5-10s
TzgncpIC,96,0-1,Black,2274,<=5s vs <=5s
bEnWu17c,74,0-1,Black,2440,<=5s vs <=5s
7IBfMZe1,58,1-0,Black,1627,<=5s vs <=5s
5El5vjOa,50,0-1,Black,1039,<=5s vs <=5s
ZwTSGLdx,63,0-1,White,1407,<=5s vs <=5s
KboKxiXm,87,1-0,White,2090,<=5s vs 5-10s
H9QOTOZe,88,0-1,Black,2895,<=5s vs 10-15s
2R0jU7ix,105,0-1,White,2482,<=5s vs 5-10s
qrRBBSyg,68,0-1,Black,2091,<=5s vs 10-15s
IOFHvf1I,71,0-1,White,1551,<=5s vs 5-10s
rCmkJBeS,75,1-0,White,2182,<=5s vs 10-15s
b3N4yDEC,66,0-1,Black,1454,<=5s vs 10-15s
jDRbBnSB,63,0-1,White,1622,<=5s vs <=5s
yrZ8uBbf,65,0-1,White,1306,<=5s vs 5-10s
S6NFuouu,51,1-0,White,1158,<=5s vs 5-10s
HENaamNJ,77,1-0,White,2195,<=5s vs <=5s
RFCV03IQ,46,0-1,Black,988,<=5s vs 5-10s
MNMQeAxb,118,0-1,Black,2246,<=5s vs 5-10s
5YOpyJZW,97,0-1,White,2350,<=5s vs <=5s
46UxHVhI,111,1-0,White,2164,<=5s vs <=5s
DTVDHG9U,124,0-1,Black,1738,<=5s vs 10-15s
UwPfPUh5,73,1-0,White,1821,<=5s vs 5-10s
87d1hRUs,113,1-0,White,2495,<=5s vs <=5s
MOZ047eR,77,0-1,White,1709,<=5s vs <=5s
apmjchPw,54,0-1,Black,1582,<=5s vs 15-20s
0gjlHkvX,135,1-0,White,2317,<=5s vs 5-10s
QqI2dtBv,54,0-1,Black,1339,<=5s vs 5-10s
SX15NFLf,46,0-1,Black,1155,<=5s vs 15-20s
qX0hoGWm,69,1-0,White,1572,<=5s vs <=5s
cKVgdak1,71,0-1,White,1793,<=5s vs 5-10s
mesE7VBK,49,1-0,White,1257,<=5s vs 15-20s
dIMGDefM,75,1-0,White,1153,<=5s vs 5-10s
yKWk7BVM,56,0-1,Black,1529,<=5s vs 5-10s
bdQATsPF,110,1-0,Black,1951,<=5s vs <=5s
QY3HqTgP,85,0-1,White,2667,<=5s vs <=5s
UUZOl2lm,115,1-0,White,2562,<=5s vs 10-15s
v6NIGbn5,76,0-1,Black,2005,<=5s vs <=5s
IL0Hj9TE,71,1-0,White,2517,<=5s vs 15-20s
wGOYfuh8,98,0-1,Black,2361,<=5s vs 5-10s
VyjU4VLo,109,0-1,White,2360,<=5s vs <=5s
PZD89N9e,84,1-0,Black,2039,<=5s vs <=5s
GKb5OEui,118,0-1,Black,2305,<=5s vs <=5s
J9raKNRA,86,0-1,Black,1810,<=5s vs 15-20s
JL6xtFiB,49,0-1,White,1556,<=5s vs 15-20s
u1FQ5Stl,62,0-1,Black,1583,<=5s vs 15-20s
RRjfs866,66,0-1,Black,1123,<=5s vs 15-20s
eBNeDhoQ,61,0-1,White,1500,<=5s vs 5-10s
mXq2OIjC,55,1-0,White,1019,<=5s vs 5-10s
hIKoYOXC,105,1-0,White,2014,<=5s vs <=5s
8p24vKy6,63,1-0,White,2301,<=5s vs 5-10s
JxtegCzg,75,1-0,White,2191,<=5s vs 5-10s
wwBdAg5N,83,1-0,White,2298,<=5s vs <=5s
MXHxdpxF,86,0-1,Black,1839,<=5s vs 10-15s
UCqBF771,70,1-0,Black,1722,<=5s vs <=5s
lhXFWg96,70,0-1,Black,1656,<=5s vs <=5s
RFoh8gb2,84,1-0,Black,1526,<=5s vs <=5s
JnFKIp7L,57,1-0,White,1743,<=5s vs 10-15s
LfBqohpg,102,0-1,Black,2089,<=5s vs 10-15s
c0ezSf59,86,0-1,Black,2126,<=5s vs 5-10s
Ixt38eUL,70,0-1,Black,1376,<=5s vs 15-20s
eyQUsxEI,107,0-1,White,2016,<=5s vs 15-20s
LoKNeUHD,47,1-0,White,1278,<=5s vs 15-20s
8T4NVVhx,70,0-1,Black,1435,<=5s vs <=5s
2EqGmgjH,116,0-1,Black,2530,<=5s vs <=5s
Em9zSgT4,105,1-0,White,2216,<=5s vs <=5s
UyRQu0wo,56,1-0,Black,557,<=5s vs <=5s
ecrh5Jfk,74,0-1,Black,2604,<=5s vs 5-10s
ETo6JfOn,73,1-0,White,875,<=5s vs 10-15s
VbsdlbUQ,93,1-0,White,2100,<=5s vs <=5s
YbyojzKq,107,0-1,White,2213,<=5s vs 5-10s
pBCSARsg,81,0-1,White,2205,<=5s vs <=5s
MOnhl4eY,71,1-0,White,2148,<=5s vs <=5s
KqiG60ua,132,0-1,Black,2320,<=5s vs <=5s
GFq9wh6z,66,0-1,Black,1907,<=5s vs <=5s
asp0I141,73,1-0,White,1783,<=5s vs 10-15s
5DuVdWVb,101,1-0,White,2109,<=5s vs 5-10s
OeF1wLz7,110,1-0,Black,2664,<=5s vs <=5s
Z71LyMrO,79,1-0,White,1506,<=5s vs <=5s
iNGNu9yP,43,1-0,White,979,<=5s vs 5-10s
c7DgknhZ,131,0-1,White,2326,<=5s vs <=5s
R0BdfBec,54,0-1,Black,1291,<=5s vs <=5s
JYrIfzrr,97,1-0,White,1485,<=5s vs <=5s
eCzyDzcJ,50,0-1,Black,1781,<=5s vs 15-20s
DEIv2CVm,84,0-1,Black,2696,<=5s vs 10-15s
jCfzSdlz,85,1-0,White,1797,<=5s vs <=5s
SreRtseH,80,1-0,Black,2142,<=5s vs <=5s
vwXKDW16,97,0-1,White,2019,<=5s vs <=5s
Lb2MMYKa,86,1/2-1/2,Black,1362,<=5s vs <=5s
rYUmTfGQ,84,0-1,Black,2164,<=5s vs 5-10s
IwLwcWLX,72,1-0,Black,2373,<=5s vs <=5s
ePEx7dYu,75,1-0,White,1620,<=5s vs 5-10s
ZXFc38dk,89,1-0,White,1642,<=5s vs <=5s
PfsBzA0P,76,0-1,Black,1360,<=5s vs 5-10s
LL6KvOzN,67,1-0,White,1624,<=5s vs 5-10s
5UIBFr3L,91,1/2-1/2,White,1808,<=5s vs <=5s
JJ5vih8y,119,0-1,White,2544,<=5s vs <=5s
5UtgZksV,99,1-0,White,2065,<=5s vs <=5s
Mn7oC8Vn,67,1-0,White,1960,<=5s vs <=5s
VjC1ijvy,73,1-0,White,1243,<=5s vs 5-10s
HzjA358C,109,1-0,White,2467,<=5s vs <=5s
o3fJxG3F,127,1-0,White,2300,<=5s vs <=5s
5EzqQnSa,80,1-0,Black,1663,<=5s vs <=5s
glwtA879,82,0-1,Black,1597,<=5s vs 10-15s
X25Qor6j,75,1-0,White,1123,<=5s vs <=5s
X4hyfHJS,95,1-0,White,1891,<=5s vs 5-10s
bOFch8aq,69,0-1,White,2143,<=5s vs <=5s
0p2QykeP,88,0-1,Black,2490,<=5s vs 5-10s
oIszqGWy,78,0-1,Black,1296,<=5s vs 10-15s
GVYHUYIl,75,1-0,White,1523,<=5s vs <=5s
sPeijZHb,94,0-1,Black,1207,<=5s vs <=5s
wPMK0Jtp,70,0-1,Black,1941,<=5s vs 10-15s
XirltCiC,107,0-1,White,1880,<=5s vs <=5s
8kGf5dqI,89,0-1,White,1089,<=5s vs <=5s
M0BIKQ3L,130,0-1,Black,1717,<=5s vs <=5s
FmbeIx1s,70,0-1,Black,1482,<=5s vs 5-10s
zjPYcacu,64,1-0,Black,1697,<=5s vs <=5s
zrKleQ1u,68,1-0,Black,2319,<=5s vs <=5s
4q7JM3QY,98,1-0,Black,2161,<=5s vs <=5s
YXKqvl38,127,1-0,White,2627,<=5s vs 15-20s
K9uhNYpk,136,1-0,Black,2564,<=5s vs <=5s
E8Bl9I6C,101,1-0,White,2499,<=5s vs <=5s
rnceTlAk,67,1-0,White,1476,<=5s vs 10-15s
QBhMhmqU,95,1/2-1/2,White,2342,<=5s vs 10-15s
wUibPjH7,119,1-0,White,2735,<=5s vs <=5s
nyKVcR4C,66,0-1,Black,1583,<=5s vs 5-10s
xKAPcPi0,54,0-1,Black,1625,<=5s vs 10-15s
ByBMSRke,118,1/2-1/2,Black,1490,<=5s vs <=5s
62fg2ulW,109,0-1,White,2423,<=5s vs <=5s
OfPbBS5z,69,1-0,White,2002,<=5s vs 10-15s
2h7DiFqN,84,1-0,Black,1661,<=5s vs <=5s
R1pHJKDk,111,0-1,White,1843,<=5s vs <=5s
2C3T8OEk,62,1-0,Black,1990,<=5s vs <=5s
MaYdtFbm,80,0-1,Black,2188,<=5s vs <=5s
YmOxLygP,86,1/2-1/2,Black,1616,<=5s vs <=5s
zuYwPLUl,145,1-0,White,2300,<=5s vs <=5s
rJEaSc9R,102,1/2-1/2,Black,2468,<=5s vs <=5s
4SnXbxKH,88,0-1,Black,1699,<=5s vs <=5s
oTVEqlCy,56,1-0,Black,872,<=5s vs 10-15s
H6ar6yDH,93,1-0,White,2388,<=5s vs <=5s
epEmDG09,80,0-1,Black,1791,<=5s vs 15-20s
YxEUPDdn,80,0-1,Black,2018,<=5s vs <=5s
YJSm2L24,61,1-0,White,1311,<=5s vs <=5s
KKxdVxDI,92,1/2-1/2,Black,1873,<=5s vs 5-10s
vsNmD6x1,39,1-0,White,867,<=5s vs 5-10s
MrBlndlk,89,0-1,White,2159,<=5s vs <=5s
RXMId0Zr,75,1-0,White,2261,<=5s vs <=5s
kKV8GHFT,79,1-0,White,2121,<=5s vs 5-10s
xSLHvmtT,104,0-1,Black,2487,<=5s vs <=5s
H8aCZRyh,76,0-1,Black,1959,<=5s vs 5-10s
rURGOfQ0,79,1-0,White,2009,<=5s vs <=5s
k1RTllVi,88,1-0,Black,2395,<=5s vs 10-15s
bXsrXxmN,61,1-0,White,2196,<=5s vs 15-20s
4cAH3dDo,52,0-1,Black,1403,<=5s vs 5-10s
3meRSjVZ,62,0-1,Black,1959,<=5s vs 5-10s
vp3b2syx,87,1-0,White,2195,<=5s vs <=5s
OhhKt2HZ,69,1-0,White,1477,<=5s vs 10-15s
8SDbh7Xx,104,1/2-1/2,Black,2307,<=5s vs 5-10s
QnaRcOnC,74,1-0,Black,1844,<=5s vs <=5s
SzOztv6l,87,1-0,White,2333,<=5s vs 5-10s
LfMSPTtb,65,1-0,White,1417,<=5s vs 5-10s
RzH9qE5E,41,1-0,White,1049,<=5s vs 15-20s
6usfA4NS,92,1-0,Black,2385,<=5s vs <=5s
0g935X81,84,0-1,Black,2109,<=5s vs 5-10s
vbrxgg7K,79,1-0,White,911,<=5s vs 5-10s
QfoMhVe0,114,1-0,Black,2386,<=5s vs <=5s
rKym2rQa,80,0-1,Black,1897,<=5s vs 10-15s
2IZubPVh,59,0-1,White,1382,<=5s vs <=5s
dxjrUnS8,103,0-1,White,1739,<=5s vs <=5s
bfXJqZul,61,1-0,White,1033,<=5s vs <=5s
13XZh9vh,81,1-0,White,1748,<=5s vs <=5s
QcHb7Aq1,81,1-0,White,1853,<=5s vs 5-10s
92ZVILnF,60,0-1,Black,1206,<=5s vs 5-10s
5YSiGJy6,80,0-1,Black,2224,<=5s vs <=5s
wikLzUbZ,61,1-0,White,1507,<=5s vs 10-15s
ZoCr52GQ,68,1-0,Black,1247,<=5s vs <=5s
6jgL7leu,62,0-1,Black,1207,<=5s vs <=5s
wPmOTKcO,54,0-1,Black,1837,<=5s vs 15-20s
N7z0TdW0,96,1/2-1/2,Black,2308,<=5s vs <=5s
PP3MQxXX,86,0-1,Black,2264,<=5s vs <=5s
M1d5KxDL,139,1/2-1/2,White,2299,<=5s vs 15-20s
lNKQ5Ucf,102,1/2-1/2,Black,1935,<=5s vs 5-10s
Fnn5nN3j,71,1-0,White,1687,<=5s vs <=5s
fgpouVJL,85,1-0,White,1915,<=5s vs <=5s
HU9mTvWC,103,0-1,White,2325,<=5s vs <=5s
FZ1zxzho,68,0-1,Black,1827,<=5s vs <=5s
QpKHyQPq,117,1-0,White,2571,<=5s vs 5-10s
UgQiFuro,142,1-0,Black,2307,<=5s vs <=5s
UHAoSttw,58,0-1,Black,1533,<=5s vs 5-10s
DpOefq0Y,69,0-1,White,1959,<=5s vs <=5s
Hfs9LcGP,63,1-0,White,1410,<=5s vs 10-15s
cBtszGyH,95,1-0,White,2339,<=5s vs <=5s
uAJ07oaF,132,1-0,Black,2900,<=5s vs <=5s
QjCOiKck,57,1-0,White,1904,<=5s vs 10-15s
1NsmoGtJ,106,1/2-1/2,Black,2617,<=5s vs 5-10s
Bn17EfVv,80,0-1,Black,1898,<=5s vs <=5s
h7WDzErA,77,1-0,White,1920,<=5s vs <=5s
8U6IgelO,49,0-1,White,1061,<=5s vs 5-10s
VqvIsb0U,57,1-0,White,1335,<=5s vs 5-10s
4hq3hajG,63,1-0,White,1751,<=5s vs 5-10s
hUC4vvGB,104,1/2-1/2,Black,1726,<=5s vs 15-20s
wh8jGXlb,65,1-0,White,1649,<=5s vs 10-15s
VzR3qTsK,65,1-0,White,1676,<=5s vs <=5s
J0MTm71F,106,1/2-1/2,Black,2468,<=5s vs <=5s
NAbWwLId,94,1-0,Black,2491,<=5s vs 10-15s
7lsQn3uF,104,0-1,Black,2090,<=5s vs <=5s
YYU0tQVz,71,1-0,White,2141,<=5s vs 5-10s
LfBNUhDu,41,1-0,White,1472,<=5s vs 5-10s
oxSRQ1xr,57,0-1,White,1267,<=5s vs 5-10s
0Ol9RxGk,90,0-1,Black,2239,<=5s vs <=5s
MVwSEZfl,111,1/2-1/2,White,1913,<=5s vs <=5s
ZXoKSGdm,115,1-0,White,2362,<=5s vs <=5s
5oVVjOnp,71,1-0,White,1179,<=5s vs 10-15s
p2c7R23V,83,0-1,White,2013,<=5s vs <=5s
KDlKc9xI,84,0-1,Black,1324,<=5s vs <=5s
oJWT5kK0,55,1-0,White,1059,<=5s vs <=5s
4nErKqRs,67,1-0,White,1319,<=5s vs 5-10s
pmdoI5xi,74,0-1,Black,1323,<=5s vs 5-10s
6K1q2vYf,84,0-1,Black,2195,<=5s vs 5-10s
QJjusRxR,91,0-1,White,1517,<=5s vs <=5s
W1EuJwyO,62,0-1,Black,1034,<=5s vs 5-10s
884NyB9h,71,0-1,White,2280,<=5s vs 5-10s
V6MCdyvc,79,1-0,White,2017,<=5s vs 5-10s
DnpQiFeM,78,0-1,Black,1776,<=5s vs 10-15s
pishvm7b,52,0-1,Black,1700,<=5s vs 5-10s
SQDZlNXk,88,1-0,Black,2255,<=5s vs 5-10s
yxSOVBmL,185,1-0,White,2507,<=5s vs <=5s
wD1bED8t,63,1-0,White,1332,<=5s vs <=5s
ZcQcNfL4,59,1-0,White,1606,<=5s vs <=5s
MCzgMvFR,97,0-1,White,2311,<=5s vs <=5s
waagDAcG,111,0-1,White,2135,<=5s vs <=5s
kd78OY40,83,1-0,White,2392,<=5s vs <=5s
AqMO6znk,115,1-0,White,2302,<=5s vs <=5s
YpEpxT49,49,1-0,White,1671,<=5s vs 10-15s
A5osV7Ng,102,0-1,Black,1745,<=5s vs <=5s
NgLDEvKt,120,0-1,Black,2141,<=5s vs 5-10s
A3HivmMq,85,0-1,White,2069,<=5s vs <=5s
ZHhLZaIG,45,1-0,White,933,<=5s vs 5-10s
seOXffqz,89,1-0,White,2498,<=5s vs 5-10s
ZOqSUDRn,64,0-1,Black,1793,<=5s vs <=5s
z8lgAQ1k,73,1-0,White,1616,<=5s vs 15-20s
JHzYxbcc,97,1-0,White,2135,<=5s vs <=5s
vvoAu7cs,53,1-0,White,1869,<=5s vs 15-20s
elfh2lPE,99,1-0,White,1808,<=5s vs <=5s
musOL3cI,81,0-1,White,1652,<=5s vs <=5s
Lyclcrka,69,0-1,White,1386,<=5s vs <=5s
8OmcHinl,82,0-1,Black,1826,<=5s vs <=5s
sGz5DW50,100,0-1,Black,1423,<=5s vs <=5s
yMxCJjRa,45,1-0,White,1205,<=5s vs 5-10s
lMc7honm,57,1-0,White,1245,<=5s vs <=5s
fkTbxCOs,87,1-0,White,1580,<=5s vs <=5s
7ls5UV99,103,1-0,White,2472,<=5s vs <=5s
Hl2lVRLD,72,0-1,Black,1679,<=5s vs <=5s
8pxdcjVv,64,1-0,Black,1299,<=5s vs <=5s
XnDtCVqB,80,0-1,Black,1658,<=5s vs 10-15s
Cr5Sk439,82,1-0,Black,2251,<=5s vs 5-10s
9IJwdRA3,81,1-0,White,1536,<=5s vs <=5s
7EFjfCG1,93,1-0,White,2063,<=5s vs <=5s
LYZfZJ4o,76,1-0,Black,1701,<=5s vs 5-10s
R1JMVPu7,127,1-0,White,2046,<=5s vs <=5s
MdZFoNms,119,0-1,White,2276,<=5s vs <=5s
KaSziMvd,79,0-1,White,2334,<=5s vs <=5s
8B4U9wJI,48,0-1,Black,1211,<=5s vs 10-15s
ao9UwMsb,66,0-1,Black,2310,<=5s vs 5-10s
JeucNQB9,88,1-0,Black,2266,<=5s vs <=5s
0b9DfzDx,70,0-1,Black,2221,<=5s vs <=5s
EeGJzvLG,71,1-0,White,1824,<=5s vs 10-15s
r1cH7zuc,81,1-0,White,2050,<=5s vs 15-20s
UcMWUFQx,74,0-1,Black,1922,<=5s vs 5-10s
tcCOHWig,90,0-1,Black,1864,<=5s vs <=5s
tWvA9way,79,1-0,White,1015,<=5s vs <=5s
2sBMrE33,54,0-1,Black,1493,<=5s vs 10-15s
W1U4aSfv,109,1-0,White,1738,<=5s vs 10-15s
6uGjI9SV,75,1-0,White,1656,<=5s vs 5-10s
1Ty3wHRm,83,1-0,White,1381,<=5s vs <=5s
shh1lvyP,64,1-0,Black,2173,<=5s vs <=5s
ivv63L08,114,1-0,Black,2500,<=5s vs <=5s
bJTSy4QT,79,1-0,White,1356,<=5s vs 5-10s
KgILXuvI,61,1-0,White,1041,<=5s vs 5-10s
imY6Hkuc,84,1-0,Black,2161,<=5s vs 5-10s
qBiY5wzO,71,1-0,White,1961,<=5s vs 10-15s
9qRbeCuA,86,0-1,Black,1154,<=5s vs 5-10s
Ac9f30XA,67,0-1,White,2129,<=5s vs <=5s
zHOR2d20,107,0-1,White,2902,<=5s vs <=5s
1Yio9WDJ,66,0-1,Black,1933,<=5s vs 5-10s
aJKMRqjD,62,1-0,Black,1262,<=5s vs <=5s
iVEr3mtY,50,0-1,Black,1674,<=5s vs 5-10s
9e40IdDJ,71,1-0,White,2357,<=5s vs 5-10s
B14RvQET,80,0-1,Black,2399,<=5s vs <=5s
SlmjeXEX,118,1-0,Black,2279,<=5s vs <=5s
CFa2E3TV,68,1-0,Black,1424,<=5s vs <=5s
lEnE9AWK,91,1-0,White,1770,<=5s vs <=5s
GCI2gNBD,117,1/2-1/2,White,2035,<=5s vs <=5s
5LA7R5ZN,92,0-1,Black,2294,<=5s vs 15-20s
3RTSIKKZ,79,1-0,White,1802,<=5s vs <=5s
DfylO11o,127,1-0,White,2693,<=5s vs <=5s
gmMFgglG,67,1-0,White,1783,<=5s vs 10-15s
oy0Gdedm,71,0-1,White,2374,<=5s vs 5-10s
YCrEI3Sq,120,0-1,Black,2488,<=5s vs <=5s
fY2xeAoB,91,0-1,White,2178,<=5s vs <=5s
aIWlxiv8,60,0-1,Black,1463,<=5s vs 10-15s
r9mHAh08,86,0-1,Black,1387,<=5s vs <=5s
UmOBUZhG,56,0-1,Black,1453,<=5s vs 5-10s
O2B6hEuh,65,1-0,White,2065,<=5s vs 10-15s
gu33EVXj,73,1-0,White,1905,<=5s vs 5-10s
syR8ARYV,75,1-0,White,1919,<=5s vs 5-10s
AHLiOPYT,46,0-1,Black,1073,<=5s vs 10-15s
NhBYELs9,47,1-0,White,1656,<=5s vs 5-10s
dzo1pfEv,73,1-0,White,2217,<=5s vs 5-10s
4EuBqlKG,126,1-0,Black,2524,<=5s vs <=5s
jcRL5lp8,101,1-0,White,2723,<=5s vs <=5s
dyc2brCI,105,1/2-1/2,White,2027,<=5s vs 10-15s
KsfgdwQF,84,0-1,Black,2038,<=5s vs <=5s
R3zk3utD,126,1-0,Black,2267,<=5s vs <=5s
osUMASW6,78,0-1,Black,2335,<=5s vs <=5s
0OtdA6x4,49,1-0,White,641,<=5s vs 10-15s
P4Os7jq9,40,0-1,Black,1549,<=5s vs 15-20s
SVKSMEfv,98,0-1,Black,2277,<=5s vs <=5s
9cmu0P09,93,1-0,White,2039,<=5s vs <=5s
cBGs9Q3S,111,1/2-1/2,White,2025,<=5s vs 10-15s
zaNhVUfw,75,1-0,White,2058,<=5s vs <=5s
4xlUH1EE,96,1-0,Black,2734,<=5s vs <=5s
5eQSXXRj,54,0-1,Black,1899,<=5s vs 10-15s
EMhInHVZ,55,1-0,White,1685,<=5s vs 10-15s
kLL0gld2,60,0-1,Black,1460,<=5s vs 10-15s
NPn8sfJY,67,0-1,White,1901,<=5s vs <=5s
E7jkfCcO,56,1-0,Black,1676,<=5s vs <=5s
1osIE0zJ,85,1-0,White,1868,<=5s vs <=5s
RcdtCsr3,57,1-0,White,1433,<=5s vs 10-15s
dvYrdkdp,126,0-1,Black,2640,<=5s vs <=5s
ImyBs1VP,95,1-0,White,1263,<=5s vs 10-15s
XDioDIAp,61,1-0,White,1863,<=5s vs 15-20s
hw5CvhXM,91,1-0,White,2476,<=5s vs <=5s
sB1ZEEND,57,1-0,White,1339,<=5s vs 10-15s
7dAYOukK,77,1-0,White,2270,<=5s vs 15-20s
G4OSVnJU,81,1-0,White,2384,<=5s vs <=5s
EANJptI7,95,1-0,White,1734,<=5s vs <=5s
G31DyQXh,106,0-1,Black,2498,<=5s vs 5-10s
0rMpI1VI,157,0-1,White,2209,<=5s vs <=5s
4uOXD6u8,48,0-1,Black,1053,<=5s vs <=5s
LOISUwIh,81,1-0,White,1500,<=5s vs <=5s
4q9B5iEt,133,1-0,White,1993,<=5s vs 10-15s
q6QRtYYj,71,1-0,White,1830,<=5s vs <=5s
t5wOSTOR,102,0-1,Black,2160,<=5s vs <=5s
D1NPfMaf,83,0-1,White,2323,<=5s vs <=5s
IZpikoIn,82,0-1,Black,2017,<=5s vs 5-10s
OawKHmqp,91,0-1,White,2766,<=5s vs <=5s
Uvz7TLiG,73,1-0,White,1339,<=5s vs <=5s
NnHjqN1P,38,0-1,Black,1026,<=5s vs <=5s
WwizvJdm,58,0-1,Black,1801,<=5s vs 5-10s
acLTtHkB,65,1-0,White,1300,<=5s vs 5-10s
MWRSHdLD,74,1-0,Black,2561,<=5s vs <=5s
P2pJruG2,78,0-1,Black,2248,<=5s vs <=5s
1rVE8acO,60,0-1,Black,939,<=5s vs <=5s
S27taH6r,94,0-1,Black,2230,<=5s vs <=5s
6NEDZJ6G,90,1-0,Black,2047,<=5s vs <=5s
89kjFUkE,94,0-1,Black,1692,<=5s vs <=5s
zwP2WeDo,95,0-1,White,2652,<=5s vs <=5s
CBrJnYXx,88,0-1,Black,2182,<=5s vs 5-10s
D2IKntOj,120,1-0,Black,2142,<=5s vs <=5s
Ht0jIKwK,83,0-1,White,2174,<=5s vs <=5s
zKsugHM8,67,1-0,White,1368,<=5s vs 5-10s
HyfZJBdg,80,0-1,Black,1562,<=5s vs <=5s
Aix8FXGz,106,0-1,Black,2073,<=5s vs 5-10s
SxI8G5St,87,1-0,White,2027,<=5s vs 5-10s
6zK7Y1OC,76,0-1,Black,2278,<=5s vs <=5s
eQ93lYlx,81,1-0,White,2522,<=5s vs <=5s
qMhvHyrC,64,1-0,Black,719,<=5s vs 10-15s
BdGiet81,53,1-0,White,1923,<=5s vs 15-20s
S0JgL0Ug,90,0-1,Black,1922,<=5s vs 5-10s
prKjKdly,93,1-0,White,2254,<=5s vs 15-20s
syPdOt5l,59,1-0,White,1503,<=5s vs 15-20s
CGhqOhbC,141,0-1,White,2647,<=5s vs <=5s
SHMjl9Vm,95,1-0,White,1599,<=5s vs <=5s
mPnPhdZP,125,1-0,White,1974,<=5s vs <=5s
eW27RlXr,62,1-0,Black,1499,<=5s vs <=5s
TLHcEdTt,62,1-0,Black,929,<=5s vs <=5s
Ammzq4Lg,96,0-1,Black,2070,<=5s vs 5-10s
4lLth0nz,83,0-1,White,1226,<=5s vs <=5s
MtEaxkQr,75,0-1,White,1891,<=5s vs <=5s
1rtS3lxb,97,0-1,White,2000,<=5s vs <=5s
sNxN8lIb,149,1/2-1/2,White,2414,<=5s vs <=5s
2csB7pfl,59,1-0,White,1654,<=5s vs 10-15s
7XSDZ9nA,67,1-0,White,1781,<=5s vs 5-10s
DJGF68BY,84,0-1,Black,1899,<=5s vs <=5s
rXXq6Vt4,74,0-1,Black,1521,<=5s vs 5-10s
h0NPPErQ,78,0-1,Black,2151,<=5s vs 5-10s
A6Pu7tvG,76,0-1,Black,2082,<=5s vs 15-20s
NZKGzAhn,118,0-1,Black,1890,<=5s vs 5-10s
FUwUSN9i,74,0-1,Black,2177,<=5s vs 10-15s
j8D58ij9,54,0-1,Black,1680,<=5s vs 15-20s
yri1dVUd,90,0-1,Black,2024,<=5s vs <=5s
S51fSlgA,50,0-1,Black,1123,<=5s vs 15-20s
46b7IaMV,90,0-1,Black,1974,<=5s vs <=5s
82RdURGf,88,1-0,Black,2270,<=5s vs <=5s
2RYPRcnH,103,0-1,White,2711,<=5s vs <=5s
cJT4gbrQ,69,1-0,White,2173,<=5s vs 5-10s
4L3CpUM6,93,1-0,White,1986,<=5s vs 5-10s
3Zcc4hA2,121,1-0,White,1492,<=5s vs 5-10s
fwd2VSjF,77,1-0,White,1693,<=5s vs <=5s
G9D0frp1,40,0-1,Black,928,<=5s vs 5-10s
UyU1BOWE,78,0-1,Black,1603,<=5s vs 5-10s
O3JU7dnp,71,1-0,White,1397,<=5s vs 5-10s
LdnZZzaC,106,0-1,Black,2304,<=5s vs 5-10s
PfaTMtDE,104,1-0,Black,2280,<=5s vs <=5s
0KW6C5Vi,97,0-1,White,2016,<=5s vs <=5s
6OXDlaBK,65,1-0,White,1112,<=5s vs 5-10s
15SFHqQh,70,0-1,Black,2706,<=5s vs 15-20s
p4JoDK65,90,0-1,Black,1658,<=5s vs 10-15s
5N75u13y,95,1-0,White,2199,<=5s vs <=5s
LAWu2psD,69,1-0,White,2419,<=5s vs <=5s
YReyq6hd,69,1-0,White,1771,<=5s vs <=5s
t4ep8olj,92,0-1,Black,1890,<=5s vs <=5s
2BlNAetw,59,0-1,White,1156,<=5s vs 5-10s
diLFYxvo,164,1-0,Black,2358,<=5s vs <=5s
BXk5qRR6,68,0-1,Black,1219,<=5s vs <=5s
bLjIXWx4,51,0-1,White,1311,<=5s vs <=5s
zPYBHRtz,52,0-1,Black,1094,<=5s vs 15-20s
znbVCxIF,76,1-0,Black,2077,<=5s vs <=5s
7LVnKtWs,82,0-1,Black,2052,<=5s vs 5-10s
8Hyy5W80,75,1-0,White,2546,<=5s vs 5-10s
UIU6Y3uD,114,1-0,Black,2339,<=5s vs <=5s
K84O3vmf,64,0-1,Black,1255,<=5s vs <=5s
82BKx8ys,100,1-0,Black,2305,<=5s vs <=5s
8IYK2jGs,89,1-0,White,1390,<=5s vs 10-15s
EXmyDZDf,125,1-0,White,2283,<=5s vs <=5s
lFEkJMnd,83,0-1,White,2318,<=5s vs <=5s
JPs6nXF8,77,1-0,White,2188,<=5s vs <=5s
SSh6gB1c,63,1-0,White,1320,<=5s vs <=5s
edkmtcEO,117,0-1,White,2748,<=5s vs <=5s
ZnR0Hqhz,101,1-0,White,2292,<=5s vs <=5s
bFIhXjr4,101,0-1,White,2447,<=5s vs <=5s
aqxIUhRj,85,0-1,White,2237,<=5s vs <=5s
2DAbcgkW,80,0-1,Black,2012,<=5s vs 15-20s
uXuxIbw1,68,0-1,Black,1040,<=5s vs <=5s
ItQr47h7,150,0-1,Black,2262,<=5s vs <=5s
kbrGBMdi,62,0-1,Black,1532,<=5s vs <=5s
j3GftMr8,82,1-0,Black,1714,<=5s vs <=5s
FOiBII3c,70,0-1,Black,1335,<=5s vs <=5s
Lz2PdOYP,66,1-0,Black,1547,<=5s vs <=5s
fmTexBVx,111,1-0,White,1979,<=5s vs <=5s
1PvpQZMS,63,0-1,White,1667,<=5s vs 10-15s
eUImYyPX,41,1-0,White,1405,<=5s vs 10-15s
Bt9VxOLP,64,0-1,Black,1769,<=5s vs 10-15s
YmjJgvte,65,0-1,White,1473,<=5s vs <=5s
F25Dz5DR,95,1-0,White,1716,<=5s vs <=5s
5sfiJbBW,64,0-1,Black,1570,<=5s vs <=5s
JuGT8Rn6,75,1-0,White,2137,<=5s vs 15-20s
J6XLpUgR,86,0-1,Black,2476,<=5s vs <=5s
d6KdHmWq,80,0-1,Black,1793,<=5s vs <=5s
31ZSnA8F,73,0-1,White,2137,<=5s vs <=5s
27pvHoVb,105,1-0,White,1778,<=5s vs <=5s
7kzNZhBN,50,0-1,Black,1129,<=5s vs <=5s
aJShCwT9,72,1-0,Black,1828,<=5s vs <=5s
czjEIbvj,44,0-1,Black,1249,<=5s vs <=5s
Ap9e9LoM,86,0-1,Black,2290,<=5s vs <=5s
XImvRoOh,65,1-0,White,2102,<=5s vs 5-10s
JlvEvt2Q,77,1-0,White,2644,<=5s vs 15-20s
lT09EJTY,69,1-0,White,1906,<=5s vs <=5s
NQpkvyqV,80,0-1,Black,2267,<=5s vs <=5s
5SUZb46R,67,1-0,White,1738,<=5s vs 5-10s
zZs7KXU2,143,1-0,White,3042,<=5s vs <=5s
ZkhwBOYa,62,0-1,Black,1273,<=5s vs 5-10s
GhFx30L3,72,1-0,Black,2375,<=5s vs <=5s
zZTzfkiQ,59,1-0,White,1575,<=5s vs <=5s
v3IPklOv,96,0-1,Black,2302,<=5s vs 5-10s
iRnEzQSQ,82,1-0,Black,1892,<=5s vs <=5s
zCN8iTg4,87,1-0,White,1691,<=5s vs <=5s
A5hmIxTS,66,0-1,Black,1733,<=5s vs 15-20s
fSVfm7gI,77,1-0,White,2090,<=5s vs <=5s
haCkqwyH,49,1-0,White,1520,<=5s vs 15-20s
clmi02c8,92,0-1,Black,2184,<=5s vs 5-10s
KTxtbbiw,65,1-0,White,1937,<=5s vs <=5s
zCujaPte,112,0-1,Black,2003,<=5s vs 15-20s
DZ9nE8EX,107,1-0,White,2276,<=5s vs 5-10s
LkgO3kT0,82,1-0,Black,1605,<=5s vs <=5s
71gfiaPu,64,0-1,Black,1921,<=5s vs 10-15s
96Toro9m,65,1-0,White,1208,<=5s vs <=5s
HPASGPAU,85,1-0,White,1809,<=5s vs 5-10s
QfxAbw8B,93,1-0,White,2132,<=5s vs 10-15s
H9MP4BZ0,63,1-0,White,1482,<=5s vs 10-15s
qRtQNdMD,71,0-1,White,1262,<=5s vs <=5s
UjMzp4x3,89,1-0,White,1675,<=5s vs <=5s
0gNxk96t,106,0-1,Black,1880,<=5s vs <=5s
23ywvZ2y,66,1-0,Black,2154,<=5s vs <=5s
o1mni0OU,87,1-0,White,2034,<=5s vs <=5s
S9xrrjQQ,107,1-0,White,2665,<=5s vs 5-10s
PhDX7Tlv,111,1-0,White,2493,<=5s vs <=5s
7DrFrG2S,80,1-0,Black,1491,<=5s vs <=5s
ONOdobU4,144,1-0,Black,2688,<=5s vs <=5s
VicBKRRe,76,0-1,Black,1489,<=5s vs <=5s
FDovku9w,68,0-1,Black,1568,<=5s vs <=5s
imU3XCIv,64,0-1,Black,1431,<=5s vs 15-20s
FoKmUhaG,99,0-1,White,2982,<=5s vs <=5s
C8eHDDFJ,126,1-0,Black,2928,<=5s vs <=5s
T1B0lfNh,71,0-1,White,1193,<=5s vs <=5s
FpOj8nb6,73,1-0,White,1595,<=5s vs 5-10s
vDApla6i,70,1-0,Black,1451,<=5s vs <=5s
ZKl4cBvH,62,0-1,Black,1490,<=5s vs <=5s
jpt7n6z3,102,1-0,Black,2337,<=5s vs <=5s
8YcqoQ0M,81,1-0,White,1343,<=5s vs 5-10s
DSozTHEe,82,0-1,Black,1710,<=5s vs 10-15s
WAi2q4yc,90,0-1,Black,2249,<=5s vs 5-10s
aAmJEkye,126,0-1,Black,2058,<=5s vs <=5s
qJjHu4Dr,119,1-0,White,2628,<=5s vs <=5s
i14EygSB,104,1-0,Black,1966,<=5s vs <=5s
FLoiXDPo,72,0-1,Black,1609,<=5s vs 10-15s
B6sb7Rb5,89,1-0,White,2088,<=5s vs <=5s
TgBXBsVG,77,1-0,White,2047,<=5s vs 5-10s
XuFAgrOW,89,1-0,White,2629,<=5s vs 5-10s
hcYPIGy0,74,1-0,Black,2409,<=5s vs <=5s
pS85MxA8,82,1-0,Black,1235,<=5s vs <=5s
2jbfm4dg,59,0-1,White,1262,<=5s vs 5-10s
7aN1MfA6,72,0-1,Black,1729,<=5s vs <=5s
1OJmiLQo,76,0-1,Black,1714,<=5s vs <=5s
0v4NihxR,71,0-1,White,1709,<=5s vs <=5s
H4NfwmNs,83,1-0,White,2111,<=5s vs <=5s
oS3jB9dy,85,1-0,White,2399,<=5s vs <=5s
qRl6q7fK,121,0-1,White,2388,<=5s vs <=5s
Lgeu2ft6,61,0-1,White,869,<=5s vs <=5s
IpWyFV5P,71,1-0,White,1265,<=5s vs <=5s
VY2Lf0D1,105,1/2-1/2,White,2600,<=5s vs <=5s
GWrT7DWj,87,0-1,White,1851,<=5s vs <=5s
YLCgJkjV,87,0-1,White,1915,<=5s vs <=5s
7shtb2hJ,52,0-1,Black,1178,<=5s vs <=5s
qoVq4qCA,76,0-1,Black,1352,<=5s vs <=5s
WNlG33Cw,53,1-0,White,1053,<=5s vs <=5s
FbCDgMw8,117,0-1,White,2208,<=5s vs <=5s
15H35VRd,68,1-0,Black,2326,<=5s vs <=5s
gCw0Hewx,48,0-1,Black,1508,<=5s vs 15-20s
lXWRvjsr,55,1-0,White,1755,<=5s vs <=5s
KR5w1HB2,92,1/2-1/2,Black,2296,<=5s vs 5-10s
CIv3Mm8P,86,1-0,Black,2008,<=5s vs <=5s
aXIASGhW,91,0-1,White,1874,<=5s vs <=5s
c6X6wNnf,90,1-0,Black,1818,<=5s vs <=5s
ySl273tM,69,1-0,White,2292,<=5s vs <=5s
RQCIneB6,74,0-1,Black,1347,<=5s vs 10-15s
AiIbEuLu,61,1-0,White,1453,<=5s vs 10-15s
d2RvfQt3,80,0-1,Black,1989,<=5s vs 10-15s
q1nMl7I6,50,0-1,Black,774,<=5s vs <=5s
Yc5HKnu2,66,0-1,Black,2016,<=5s vs <=5s
v4ijjGCw,110,1-0,Black,1675,<=5s vs <=5s
RkIqVXSF,81,1-0,White,2442,<=5s vs <=5s
oKF0THQ4,88,0-1,Black,1976,<=5s vs 5-10s
5IKud6n6,68,0-1,Black,1347,<=5s vs <=5s
DGWA0irk,80,0-1,Black,1722,<=5s vs <=5s
H2ALdTny,115,1-0,White,2439,<=5s vs <=5s
KpZkdzm0,83,0-1,White,1505,<=5s vs <=5s
7qXpPAzF,113,1-0,White,2675,<=5s vs <=5s
2bDoDtzr,57,1-0,White,1105,<=5s vs 10-15s
i1c4N0Wy,88,0-1,Black,2464,<=5s vs <=5s
Nv2Vs3q5,82,1-0,Black,1974,<=5s vs <=5s
SXtl1lOY,139,1-0,White,2841,<=5s vs <=5s
CK6YFZjO,120,1-0,Black,2622,<=5s vs <=5s
3CvpHwPG,70,0-1,Black,1469,<=5s vs 5-10s
U8m80vbN,83,1-0,White,1756,<=5s vs 5-10s
gU0drFZ6,101,1-0,White,2318,<=5s vs <=5s
iyd8Zosn,193,0-1,White,2526,<=5s vs <=5s
CbrJGTLy,105,1-0,White,1274,<=5s vs <=5s
iVDy0RLt,82,0-1,Black,1944,<=5s vs <=5s
RAF7nThQ,90,0-1,Black,2277,<=5s vs <=5s
R5uZ075c,85,1-0,White,1848,<=5s vs <=5s
RIvSFyEe,118,1/2-1/2,Black,2318,<=5s vs <=5s
UNArvbB1,76,1-0,Black,1340,<=5s vs <=5s
L8QiAQRr,56,0-1,Black,1445,<=5s vs 10-15s
82UyWl7x,69,0-1,White,1636,<=5s vs <=5s
RBFCwhxD,53,1-0,White,1286,<=5s vs 5-10s
PZscV62A,109,0-1,White,2406,<=5s vs <=5s
3WcLIgng,32,0-1,Black,700,<=5s vs 15-20s
dwdurB9V,127,1-0,White,2700,<=5s vs <=5s
2jSOSIBg,113,1-0,White,2649,<=5s vs <=5s
ZaoIIzX4,64,1-0,Black,1710,<=5s vs <=5s
MVLJqHF1,87,0-1,White,2065,<=5s vs <=5s
3GwFEjrC,83,0-1,White,1581,<=5s vs 5-10s
fRbpp9LY,85,1-0,White,1647,<=5s vs 10-15s
lODvUo1U,72,0-1,Black,1331,<=5s vs 15-20s
0YVFPkM6,100,0-1,Black,2237,<=5s vs 5-10s
gwGeuCG3,65,1-0,White,1752,<=5s vs 10-15s
vkgNmoX8,53,1-0,White,1162,<=5s vs 5-10s
acHpAPCa,81,1-0,White,2250,<=5s vs 5-10s
5ixMSA71,60,1-0,Black,1658,<=5s vs 15-20s
olzHWdRw,89,1-0,White,1450,<=5s vs 10-15s
CmFrqpUZ,82,0-1,Black,2407,<=5s vs <=5s
0NiXmeJO,61,1-0,White,1500,<=5s vs 10-15s
J0C9zsOu,61,1-0,White,1654,<=5s vs 10-15s
aGMZm5zB,86,1-0,Black,2401,<=5s vs 5-10s
Nd7ipmR7,90,0-1,Black,2006,<=5s vs 10-15s
XW47keBd,84,0-1,Black,1423,<=5s vs 5-10s
ONjunJSA,66,0-1,Black,1272,<=5s vs 10-15s
7IBuMWo9,33,1-0,White,1254,<=5s vs 10-15s
fBpfg1un,44,0-1,Black,1493,<=5s vs <=5s
DWLuzxcI,112,0-1,Black,1817,<=5s vs <=5s
bQXsek47,81,1-0,White,1860,<=5s vs 5-10s
BXJ2toGq,48,0-1,Black,1359,<=5s vs 10-15s
13tXZlGU,129,0-1,White,2506,<=5s vs <=5s
OYhsmb6f,131,0-1,White,2833,<=5s vs <=5s
ifXYhf49,69,0-1,White,1806,<=5s vs 5-10s
q4gS8OaS,68,1-0,Black,1214,<=5s vs <=5s
qI7IOvRP,94,0-1,Black,2502,<=5s vs 5-10s
hVpBVFPr,88,0-1,Black,1733,<=5s vs 5-10s
COeB93J2,65,1-0,White,1905,<=5s vs 5-10s
ywLjSG7j,108,1/2-1/2,Black,2279,<=5s vs <=5s
7QrG3IZ0,70,1-0,Black,1838,<=5s vs 5-10s
VdLpnK32,88,0-1,Black,2351,<=5s vs 5-10s
mrlTONSz,62,0-1,Black,1132,<=5s vs <=5s
gb0RBQwm,73,1-0,White,1777,<=5s vs <=5s
hOZ7It3V,80,0-1,Black,2021,<=5s vs <=5s
bQJE8Pve,78,0-1,Black,2241,<=5s vs <=5s
aZQ5JcuB,81,1-0,White,2353,<=5s vs 5-10s
Ntsc3MuY,75,1-0,White,2116,<=5s vs <=5s
1fNqbI9j,67,1-0,White,1822,<=5s vs 5-10s
T7zGlFiK,60,0-1,Black,1431,<=5s vs 15-20s
m743fwjL,68,0-1,Black,1592,<=5s vs 15-20s
Xr7Izamj,111,0-1,White,2254,<=5s vs <=5s
hsSoH6f3,154,1-0,Black,2195,<=5s vs 5-10s
wkRxdVgD,72,0-1,Black,1330,<=5s vs 5-10s
apHjohq5,89,0-1,White,1470,<=5s vs <=5s
LLu9Rhoy,66,1-0,Black,1230,<=5s vs 5-10s
5lf9tMYC,61,0-1,White,2413,<=5s vs <=5s
hD1zCItU,79,1-0,White,1622,<=5s vs <=5s
Tho9F9sC,118,1-0,Black,2268,<=5s vs <=5s
TubyDCoA,91,1-0,White,2470,<=5s vs 5-10s
Dyls08Fx,94,0-1,Black,2242,<=5s vs <=5s
v86SKw8D,105,0-1,White,1897,<=5s vs 5-10s
QHLlODnA,107,0-1,White,2672,<=5s vs <=5s
EEgqS4mT,104,0-1,Black,2408,<=5s vs 5-10s
pyxKD7Xt,86,0-1,Black,2303,<=5s vs <=5s
4RjpNX9U,77,1-0,White,1972,<=5s vs 5-10s
v1qbJopX,76,0-1,Black,1417,<=5s vs <=5s
u4Uz0sPs,60,0-1,Black,1841,<=5s vs 15-20s
OGhxg9nc,62,0-1,Black,1438,<=5s vs <=5s
OgqSsV6s,67,1-0,White,1506,<=5s vs 5-10s
G87AVyWU,105,1/2-1/2,White,2262,<=5s vs 5-10s
NCzHTnqi,120,1-0,Black,2040,<=5s vs 5-10s
4VDQ9hor,126,0-1,Black,2111,<=5s vs <=5s
ZMfNab28,83,1-0,White,1846,<=5s vs 10-15s
9b7V43Zv,60,0-1,Black,1637,<=5s vs 15-20s
yCK0wc8N,103,1-0,White,2361,<=5s vs 5-10s
sqyPY9DL,80,0-1,Black,2032,<=5s vs 10-15s
TrAVj6BB,106,1-0,Black,2300,<=5s vs <=5s
FZ9W0phr,79,0-1,White,1570,<=5s vs <=5s
ZB9XXfNA,99,1-0,White,1463,<=5s vs 5-10s
DMxwVzk2,82,1-0,Black,2451,<=5s vs <=5s
ugelMomU,126,1-0,Black,2465,<=5s vs <=5s
zWndwP1q,190,1-0,Black,2822,<=5s vs <=5s
evYcEIoK,73,0-1,White,1120,<=5s vs <=5s
eRElAtQS,81,0-1,White,2182,<=5s vs <=5s
GuKK9aGV,89,0-1,White,2143,<=5s vs <=5s
Dl3dEVb2,73,1-0,White,1701,<=5s vs 5-10s
OXBJUdXB,80,0-1,Black,1833,<=5s vs 5-10s
WKC3umPP,79,0-1,White,2403,<=5s vs <=5s
VFdlANKM,48,0-1,Black,1981,<=5s vs 10-15s
4H2oK6DH,85,1-0,White,1454,<=5s vs 10-15s
NsegXrEh,117,0-1,White,2459,<=5s vs <=5s
ItatQ0du,100,1-0,Black,2393,<=5s vs <=5s
8mFEMPiY,67,1-0,White,1478,<=5s vs 5-10s
lIleOYdK,66,0-1,Black,1954,<=5s vs 15-20s
L86bNSqw,69,1-0,White,1012,<=5s vs <=5s
5WA3hOer,95,1-0,White,2815,<=5s vs <=5s
nlWOAC4L,85,1-0,White,2143,<=5s vs 5-10s
T8T6owHD,83,1-0,White,2098,<=5s vs 15-20s
mRLHHBrY,48,0-1,Black,977,<=5s vs 15-20s
5Iu8j5RZ,52,0-1,Black,2292,<=5s vs 10-15s
3hbCeFdO,86,0-1,Black,2254,<=5s vs <=5s
KR2ksjT7,79,1-0,White,2649,<=5s vs <=5s
iUWMinoz,67,1-0,White,2726,<=5s vs 10-15s
VhURn720,62,0-1,Black,1325,<=5s vs 5-10s
cJwxLrMb,49,0-1,White,1700,<=5s vs <=5s
YPrIrHIS,101,1-0,White,2002,<=5s vs 5-10s
bajAvXUe,84,0-1,Black,2045,<=5s vs 5-10s
Sp4635B0,69,1-0,White,1567,<=5s vs 5-10s
0ZLA65Zy,110,0-1,Black,2410,<=5s vs <=5s
x6BxEJdO,116,1/2-1/2,Black,2000,<=5s vs <=5s
H4LgcTmJ,72,0-1,Black,2289,<=5s vs <=5s
RTzxBOT0,81,0-1,White,1014,<=5s vs <=5s
J5cO3RMr,89,1-0,White,2393,<=5s vs 10-15s
AbkdARh6,42,0-1,Black,1774,<=5s vs 15-20s
CyOYsjbY,104,1-0,Black,2153,<=5s vs <=5s
V4zSIogl,86,0-1,Black,2215,<=5s vs <=5s
CzQBDMRD,81,1-0,White,1475,<=5s vs <=5s
vJzMzk5o,91,1-0,White,1752,<=5s vs <=5s
9AfaSBFF,58,0-1,Black,1500,<=5s vs 5-10s
TgoRQC5j,49,1-0,White,1015,<=5s vs <=5s
JAQmjtCQ,82,0-1,Black,2119,<=5s vs <=5s
cCgku094,84,0-1,Black,2188,<=5s vs <=5s
skRjmCS2,84,1/2-1/2,Black,1560,<=5s vs 5-10s
xa1TnKdZ,53,1-0,White,1766,<=5s vs 15-20s
jXIxxY1j,69,0-1,White,2129,<=5s vs <=5s
58ehgohH,101,1-0,White,2396,<=5s vs <=5s
lxNrB9qS,64,0-1,Black,1035,<=5s vs <=5s
32bOlXvn,74,0-1,Black,2482,<=5s vs 10-15s
0eZyplEO,106,1/2-1/2,Black,2321,<=5s vs <=5s
PeOWj20v,102,0-1,Black,2619,<=5s vs <=5s
OBRkYRTo,87,1-0,White,2424,<=5s vs 10-15s
Bw8JOZOE,72,1-0,Black,2228,<=5s vs <=5s
Pkikhsh8,107,0-1,White,1374,<=5s vs <=5s
AzUVd25Z,78,0-1,Black,2415,<=5s vs <=5s
FcspOYmQ,85,1-0,White,1887,<=5s vs <=5s
PfraCxjK,81,1-0,White,2101,<=5s vs <=5s
AmClDcsU,81,0-1,White,1653,<=5s vs <=5s
bSF1YelM,71,0-1,White,1624,<=5s vs <=5s
Zvk8fenI,53,1-0,White,1913,<=5s vs 15-20s
PvDWyqmh,147,1-0,White,2374,<=5s vs <=5s
NGus5xK5,59,1-0,White,1301,<=5s vs 5-10s
7Pvvk5qO,54,0-1,Black,1222,<=5s vs 10-15s
SqODlePl,123,1-0,White,1792,<=5s vs 5-10s
hkSURfLo,101,1-0,White,1916,<=5s vs <=5s
R7K347U7,86,0-1,Black,2207,<=5s vs 10-15s
Rbj7PMdS,113,1-0,White,2138,<=5s vs <=5s
sgmSKjZS,72,0-1,Black,1581,<=5s vs <=5s
BHMI2FzF,68,1-0,Black,1364,<=5s vs <=5s
Pki2DmAN,67,1-0,White,1205,<=5s vs <=5s
Q3PDpfhn,79,1-0,White,1992,<=5s vs 5-10s
IaMncRJN,112,0-1,Black,2288,<=5s vs <=5s
5idrwYyc,91,1-0,White,1911,<=5s vs 5-10s
vX7ccXXC,106,1-0,Black,1342,<=5s vs <=5s
Or8jdDzE,57,0-1,White,1129,<=5s vs <=5s
ZmTl07fi,68,0-1,Black,1490,<=5s vs <=5s
94tQaMin,41,1-0,White,717,<=5s vs 10-15s
UPpcrbfW,86,0-1,Black,1685,<=5s vs <=5s
orUANRpW,70,0-1,Black,1602,<=5s vs 5-10s
orUCU9Fn,57,1-0,White,1954,<=5s vs 15-20s
J1D5dK3q,107,1-0,White,2399,<=5s vs <=5s
v9NUqpVZ,73,1-0,White,2113,<=5s vs 5-10s
uhgJojIx,67,1-0,White,2040,<=5s vs 5-10s
1d66y3Iu,68,0-1,Black,1346,<=5s vs 5-10s
NBaU2MGJ,76,0-1,Black,2063,<=5s vs 5-10s
IfxzN9OU,114,1-0,Black,1971,<=5s vs <=5s
PUVs6tXA,67,1-0,White,1924,<=5s vs 15-20s
o6MJ0kGN,131,1/2-1/2,White,2511,<=5s vs 5-10s
HSkmmaBw,70,1-0,Black,2210,<=5s vs <=5s
sQZrm6b0,95,1-0,White,1771,<=5s vs 10-15s
78wmloHR,58,1-0,Black,1906,<=5s vs <=5s
9ky6e3pl,72,0-1,Black,1418,<=5s vs <=5s
dN1OFkBH,77,1-0,White,1810,<=5s vs 5-10s
v1Cc6Itq,129,1-0,White,2057,<=5s vs 5-10s
ZV1kJ2Eg,66,1-0,Black,1692,<=5s vs <=5s
G3LjKwEu,46,0-1,Black,938,<=5s vs <=5s
O3Gs5JBv,83,1-0,White,1752,<=5s vs 5-10s
KRqX9wQk,86,0-1,Black,1764,<=5s vs <=5s
V9VyyusK,91,1-0,White,2035,<=5s vs 5-10s
h5P5OZ5x,77,1-0,White,2324,<=5s vs <=5s
xFDdWNpf,104,1-0,Black,1772,<=5s vs <=5s
Crq1dida,129,1-0,White,1974,<=5s vs 15-20s
pHBH5KeP,70,1-0,Black,1224,<=5s vs <=5s
jgd698jE,74,0-1,Black,2303,<=5s vs <=5s
0JYhzo7S,67,1-0,White,1120,<=5s vs 5-10s
lTaaVDEo,67,1-0,White,1652,<=5s vs <=5s
utzmklaG,84,1-0,Black,1998,<=5s vs <=5s
KIB4EPsM,82,0-1,Black,1438,<=5s vs <=5s
KRfQdOa4,68,0-1,Black,1844,<=5s vs 15-20s
ATtiPFNS,109,1/2-1/2,White,2224,<=5s vs <=5s
lQB7vqHE,72,1-0,Black,1733,<=5s vs 5-10s
2LluS8fJ,105,1-0,White,2117,<=5s vs <=5s
HtUsrS0v,67,1-0,White,1883,<=5s vs 5-10s
rcAB2d7j,124,1-0,Black,1935,<=5s vs <=5s
SjjyBmrD,63,1-0,White,1797,<=5s vs 5-10s
Ml1o6OjK,65,0-1,White,1105,<=5s vs <=5s
A2N3XSGU,49,1-0,White,1570,<=5s vs 10-15s
LEEebubT,119,0-1,White,2383,<=5s vs <=5s
YupWFyVK,104,1-0,Black,2227,<=5s vs <=5s
L620om5v,63,1-0,White,1211,<=5s vs <=5s
6IroIykD,84,1-0,Black,2246,<=5s vs <=5s
J7Dp2DcI,123,1-0,White,1767,<=5s vs 10-15s
vZxvn02V,101,0-1,White,2122,<=5s vs <=5s
MNL4p8aR,68,0-1,Black,1571,<=5s vs 15-20s
20pQPSTD,102,0-1,Black,2563,<=5s vs <=5s
5FKRLWdU,76,0-1,Black,2164,<=5s vs 5-10s
qJlTJfGt,113,0-1,White,2191,<=5s vs <=5s
1ZjJLbDm,65,1-0,White,964,<=5s vs <=5s
h1Xh3bdx,70,1-0,Black,1723,<=5s vs <=5s
iVaSlksU,63,1-0,White,2379,<=5s vs 5-10s
DXogaz0u,101,1/2-1/2,White,2454,<=5s vs <=5s
AiwY7UYS,88,1-0,Black,1905,<=5s vs <=5s
IrDJ30w1,69,0-1,White,1376,<=5s vs 5-10s
bRm1lBvC,85,1-0,White,1955,<=5s vs 5-10s
1YgT3CSC,60,0-1,Black,2592,<=5s vs <=5s
ilSK1uR3,69,1-0,White,1895,<=5s vs <=5s
gweYvPZM,83,1-0,White,1017,<=5s vs 5-10s
yviPUWUb,71,1-0,White,1099,<=5s vs <=5s
4ilL1y1J,110,0-1,Black,2197,<=5s vs <=5s
MgLupMKl,81,1-0,White,1614,<=5s vs 5-10s
LbgSGJeq,106,0-1,Black,2519,<=5s vs <=5s
7xRrkDly,82,0-1,Black,1728,<=5s vs <=5s
U3j5egqs,65,0-1,White,1812,<=5s vs 5-10s
9IkDqu3D,85,0-1,White,2314,<=5s vs <=5s
3dr5KYIK,76,0-1,Black,1485,<=5s vs 10-15s
9ScVsq3i,64,0-1,Black,1813,<=5s vs <=5s
JRgjvFc0,73,1-0,White,1705,<=5s vs 5-10s
kUnzuAT4,82,0-1,Black,1621,<=5s vs <=5s
H8inmKrD,71,1-0,White,1404,<=5s vs <=5s
2MIc9tcq,55,1-0,White,1290,<=5s vs 5-10s
WNOZj0va,72,1-0,Black,1761,<=5s vs <=5s
8qsV15PB,72,0-1,Black,1574,<=5s vs <=5s
umO5SUlw,54,1-0,Black,1095,<=5s vs <=5s
GhLGdMCd,118,1-0,Black,2137,<=5s vs <=5s
fzTQiBCn,74,0-1,Black,1971,<=5s vs 5-10s
q5oMresY,58,0-1,Black,1683,<=5s vs 5-10s
MXHXOfYr,56,0-1,Black,1908,<=5s vs <=5s
s5DPwsV0,77,1-0,White,2430,<=5s vs <=5s
XaKtBuzt,67,1-0,White,1443,<=5s vs 5-10s
YtWk99MS,85,1-0,White,1390,<=5s vs 5-10s
6oFV05Q5,116,1-0,Black,1998,<=5s vs <=5s
ilTl3gEL,109,1-0,White,1521,<=5s vs <=5s
QXLuVmrU,143,0-1,White,2043,<=5s vs <=5s
Co1buMsZ,111,1-0,White,1783,<=5s vs 5-10s
ei78SIM2,72,0-1,Black,1730,<=5s vs <=5s
6qi0hxA3,70,0-1,Black,1774,<=5s vs 10-15s
JRoXxFQh,94,1-0,Black,2200,<=5s vs <=5s
8pOXOkur,55,1-0,White,1480,<=5s vs 10-15s
AaTKkS6J,50,0-1,Black,1047,<=5s vs 10-15s
hTDKmsUq,66,0-1,Black,1540,<=5s vs <=5s
ELS7bKb8,75,1-0,White,1868,<=5s vs 10-15s
0j2Uji9Y,64,0-1,Black,1918,<=5s vs 5-10s
Ps4fbaOY,116,1/2-1/2,Black,2182,<=5s vs <=5s
s9phsMzM,59,1-0,White,1088,<=5s vs 15-20s
LiIYSMkj,97,1-0,White,1868,<=5s vs 5-10s
JZ9PFn7y,75,0-1,White,883,<=5s vs <=5s
QqEWVzOm,53,1-0,White,1853,<=5s vs 5-10s
lQ5Mrdje,113,1-0,White,1821,<=5s vs 5-10s
R6ZhfqAl,104,1-0,Black,2409,<=5s vs <=5s
HyE1PDjg,60,0-1,Black,1505,<=5s vs 5-10s
I25tyH4h,89,0-1,White,2525,<=5s vs <=5s
YuAHRREw,66,0-1,Black,1515,<=5s vs 15-20s
S090CD3D,76,0-1,Black,1952,<=5s vs 5-10s
VxZn1wNI,52,0-1,Black,1776,<=5s vs 10-15s
1doAscjM,94,0-1,Black,2001,<=5s vs <=5s
aufWT7qi,72,0-1,Black,2059,<=5s vs <=5s
M5rEUHdK,61,1-0,White,1941,<=5s vs 15-20s
vmbGIcxs,145,0-1,White,2780,<=5s vs <=5s
WTnuQtk5,50,0-1,Black,2122,<=5s vs 5-10s
ZDjpDxkP,48,0-1,Black,1129,<=5s vs 5-10s
El40gBQE,60,0-1,Black,2252,<=5s vs 15-20s
EsU8IfJv,108,0-1,Black,2184,<=5s vs <=5s
D3rkuzcg,81,1-0,White,1783,<=5s vs <=5s
Ymi6wOsq,110,1-0,Black,2378,<=5s vs <=5s
WfHn4dg5,111,0-1,White,2177,<=5s vs <=5s
uccH0hs3,116,1-0,Black,2456,<=5s vs <=5s
Oxtc0fIy,103,1-0,White,2518,<=5s vs 5-10s
StF9guqu,94,0-1,Black,1938,<=5s vs <=5s
JjXubv7Y,56,0-1,Black,1427,<=5s vs 10-15s
n8fWTrnt,57,0-1,White,1711,<=5s vs 5-10s
SsEkt0rq,89,0-1,White,2117,<=5s vs <=5s
YvmJIRYX,76,0-1,Black,2110,<=5s vs <=5s
30YVGTAV,68,0-1,Black,2094,<=5s vs 5-10s
2e9NJdW2,52,0-1,Black,1321,<=5s vs 10-15s
fxQrSg2H,101,1-0,White,2367,<=5s vs 5-10s
r4BTw3Di,56,0-1,Black,1432,<=5s vs 10-15s
NsAOLJTt,74,0-1,Black,1836,<=5s vs 15-20s
IqT2yumr,57,1-0,White,1010,<=5s vs 5-10s
0ARB5nkq,94,0-1,Black,2424,<=5s vs 5-10s
qioZ1ks1,79,1-0,White,2077,<=5s vs 10-15s
D2cFqyfx,73,1-0,White,1874,<=5s vs 5-10s
SEAWl4rN,77,1-0,White,1792,<=5s vs <=5s
9wBBA6th,114,0-1,Black,1655,<=5s vs <=5s
JHcHvEin,104,1/2-1/2,Black,1995,<=5s vs 5-10s
zmh3mXLo,70,0-1,Black,2650,<=5s vs 10-15s
EWylI1b9,62,0-1,Black,1308,<=5s vs 5-10s
2PeBizYT,97,1-0,White,1972,<=5s vs 5-10s
Wu6S0j4X,84,0-1,Black,1352,<=5s vs 5-10s
PLYhhTud,111,1-0,White,2297,<=5s vs <=5s
B7EySiDZ,88,0-1,Black,1905,<=5s vs 5-10s
BkSzRApY,70,0-1,Black,1931,<=5s vs 5-10s
tMjMdaJ5,78,1-0,Black,1412,<=5s vs <=5s
uB0fzlpy,79,1-0,White,1997,<=5s vs 5-10s
1AcwZf8V,72,0-1,Black,1730,<=5s vs <=5s
KcevWgAe,83,0-1,White,1734,<=5s vs <=5s
XwLrC7d8,106,0-1,Black,2250,<=5s vs <=5s
QjwDZfHT,64,0-1,Black,1820,<=5s vs 15-20s
MK3G70wm,62,1-0,Black,1216,<=5s vs <=5s
KVKyKEYn,86,0-1,Black,2237,<=5s vs 5-10s
z731vU6J,89,1-0,White,2477,<=5s vs <=5s
Fq4y8Da8,118,1-0,Black,1665,<=5s vs <=5s
LTyYlXPd,49,1-0,White,1421,<=5s vs 5-10s
J2qGTlHu,80,0-1,Black,2315,<=5s vs <=5s
bV8ZEpsE,106,0-1,Black,2404,<=5s vs <=5s
6pIqsBfe,80,0-1,Black,2490,<=5s vs 5-10s
9GZox47H,60,0-1,Black,1442,<=5s vs <=5s
Q9lQoD1z,118,1-0,Black,2227,<=5s vs <=5s
nsmVQBAG,62,0-1,Black,1248,<=5s vs <=5s
XZJp9cXv,55,1-0,White,1647,<=5s vs 5-10s
V2zvTup7,105,1-0,White,2112,<=5s vs <=5s
coVi596a,83,1-0,White,1505,<=5s vs <=5s
CEV0Wtec,95,1-0,White,2250,<=5s vs 15-20s
AtVHBVa2,69,1-0,White,1919,<=5s vs <=5s
RY7EBcSW,75,1-0,White,1918,<=5s vs 10-15s
qbJH8T1q,85,1-0,White,1790,<=5s vs 10-15s
y6kgMda1,83,0-1,White,2680,<=5s vs <=5s
LO4gDZm2,110,0-1,Black,2227,<=5s vs <=5s
NYuOE8BE,54,1-0,Black,1635,<=5s vs <=5s
mSGpZ6bL,75,1-0,White,2235,<=5s vs 10-15s
lwn33L3u,51,1-0,White,763,<=5s vs 5-10s
8m42VJls,36,0-1,Black,887,<=5s vs 15-20s
QtEa75k7,100,0-1,Black,2065,<=5s vs 5-10s
mZN0eg4m,106,1-0,Black,1838,<=5s vs 5-10s
lc7LyXbc,81,1-0,White,2113,<=5s vs <=5s
EtSBwXEB,136,1-0,Black,2596,<=5s vs <=5s
dgW1iNH4,55,1-0,White,1175,<=5s vs 15-20s
XSHnDKNj,44,0-1,Black,1745,<=5s vs 10-15s
5fNMFiZ4,48,0-1,Black,1366,<=5s vs 5-10s
OUvqNz0r,120,0-1,Black,2307,<=5s vs <=5s
y81FRjzj,85,0-1,White,2099,<=5s vs <=5s
B497XOpt,75,0-1,White,2386,<=5s vs <=5s
7yKAZezR,64,0-1,Black,1590,<=5s vs <=5s
UfFwaecm,98,1-0,Black,1988,<=5s vs <=5s
MwIv9EKa,98,0-1,Black,1745,<=5s vs 10-15s
91iYOctE,74,0-1,Black,1297,<=5s vs <=5s
0IGISACo,79,0-1,White,1686,<=5s vs <=5s
RE0HjmU8,66,1-0,Black,1688,<=5s vs <=5s
5STk37Zr,72,1-0,Black,1715,<=5s vs <=5s
Eo3K4dmx,87,0-1,White,1677,<=5s vs <=5s
kd9qwYCL,56,0-1,Black,1707,<=5s vs 10-15s
Lk39jAiF,110,0-1,Black,2288,<=5s vs <=5s
ovYsV0nt,69,1-0,White,2015,<=5s vs 10-15s
ockvGkNu,130,1-0,Black,3052,<=5s vs <=5s
LaEJg1pr,40,0-1,Black,1033,<=5s vs 10-15s
3S91nmsq,92,0-1,Black,1870,<=5s vs 5-10s
vnXUPrXt,93,1-0,White,1732,<=5s vs 5-10s
yplgE64x,74,1-0,Black,1968,<=5s vs 5-10s
IwPa5mmi,58,0-1,Black,2127,<=5s vs 10-15s
tbAPjE8o,105,1/2-1/2,White,2419,<=5s vs 15-20s
pAsqcMY7,50,0-1,Black,1143,<=5s vs <=5s
1yh01clm,68,0-1,Black,1431,<=5s vs 10-15s
ltK51I8W,96,0-1,Black,2275,<=5s vs 5-10s
O5T0gMeM,89,0-1,White,2142,<=5s vs <=5s
SXZXrtkj,114,1-0,Black,2528,<=5s vs <=5s
nkjWzw3A,90,0-1,Black,2108,<=5s vs 5-10s
j2g0sQHU,82,1-0,Black,1706,<=5s vs <=5s
MNlyC8Qw,78,1-0,Black,1622,<=5s vs <=5s
UAsq1DQv,93,1-0,White,2030,<=5s vs <=5s
dYYaggV6,61,1-0,White,1689,<=5s vs 5-10s
joMLqMf6,107,1-0,White,1963,<=5s vs 5-10s
eUtnltlB,132,0-1,Black,2434,<=5s vs <=5s
H5ugUQuH,91,1-0,White,1715,<=5s vs 10-15s
7bZFqPId,87,0-1,White,2304,<=5s vs <=5s
bj82lKA8,91,0-1,White,2569,<=5s vs 5-10s
ADQi2jXZ,87,1-0,White,1960,<=5s vs 10-15s
9MjEf7Cr,97,1-0,White,2615,<=5s vs <=5s
UUgzCvMW,72,1-0,Black,1284,<=5s vs <=5s
4JMRl6y9,84,0-1,Black,1106,<=5s vs <=5s
zNXKu1iu,112,1-0,Black,2490,<=5s vs 10-15s
32Z4lST7,69,1-0,White,1702,<=5s vs <=5s
9OFaKZjS,74,1-0,Black,1923,<=5s vs <=5s
O1gyulYi,80,0-1,Black,2360,<=5s vs 10-15s
GvYAETiz,76,0-1,Black,2600,<=5s vs <=5s
3lrfy4xr,135,1/2-1/2,White,2304,<=5s vs 5-10s
iD2zzWSN,66,0-1,Black,1342,<=5s vs 10-15s
3R7XXHf9,88,0-1,Black,2125,<=5s vs 10-15s
GB8WC6Yt,66,0-1,Black,1811,<=5s vs 5-10s
i9TdcVUp,52,0-1,Black,760,<=5s vs <=5s
SMBVUnvD,116,1/2-1/2,Black,2678,<=5s vs 5-10s
FBsRs5jX,66,1-0,Black,1668,<=5s vs 10-15s
aFnSSF4A,103,1-0,White,2197,<=5s vs <=5s
a9gwRv1m,58,0-1,Black,1951,<=5s vs <=5s
Ij5UzHfe,107,1-0,White,2620,<=5s vs <=5s
qCLKUnu7,75,1-0,White,1663,<=5s vs <=5s
Gd0PWyDV,80,0-1,Black,2231,<=5s vs <=5s
B2VRVsMm,100,1-0,Black,2265,<=5s vs <=5s
PZYVPdpT,67,1-0,White,2785,<=5s vs 5-10s
RL6sHnUy,82,0-1,Black,1369,<=5s vs 5-10s
oHGMlYC3,71,0-1,White,2049,<=5s vs <=5s
68mMNLPw,73,1-0,White,1540,<=5s vs <=5s
yDUNLKUs,67,1-0,White,1466,<=5s vs <=5s
bgroKQoj,81,1-0,White,1634,<=5s vs 5-10s
OVTLU4mh,109,0-1,White,2342,<=5s vs <=5s
RmGVfOr3,85,1-0,White,2167,<=5s vs <=5s
E9XD2khO,128,0-1,Black,2441,<=5s vs <=5s
COS6FJtd,80,1-0,Black,1293,<=5s vs <=5s
srDciza5,86,0-1,Black,2122,<=5s vs 5-10s
RrubK5LE,74,0-1,Black,1713,<=5s vs 5-10s
72qPNcE7,70,0-1,Black,1451,<=5s vs 10-15s
dgV8vuLt,87,1-0,White,2292,<=5s vs <=5s
CN9Exs5w,70,0-1,Black,2078,<=5s vs 10-15s
ZbcIcXVh,89,0-1,White,2314,<=5s vs <=5s
lqH338LR,84,0-1,Black,1587,<=5s vs <=5s
EuEuQBL5,79,0-1,White,2532,<=5s vs <=5s
kTKzCn0p,64,1-0,Black,1448,<=5s vs <=5s
G9SrX9L5,42,0-1,Black,985,<=5s vs 15-20s
UMXNamE9,102,0-1,Black,2304,<=5s vs <=5s
AgOT7kTu,89,1/2-1/2,White,2360,<=5s vs <=5s
JIFxiSKH,50,0-1,Black,1682,<=5s vs 10-15s
NfJcD1hL,110,0-1,Black,1916,<=5s vs 15-20s
l6clt8Uk,101,0-1,White,2306,<=5s vs <=5s
jKi6MfZq,146,1/2-1/2,Black,2118,<=5s vs 5-10s
7rWUrh9k,90,1-0,Black,1606,<=5s vs <=5s
WgEgnNSx,88,1-0,Black,2025,<=5s vs <=5s
hsftxN7b,77,1-0,White,2085,<=5s vs 10-15s
BcxeNavq,140,0-1,Black,2083,<=5s vs 5-10s
yhLOKR2H,106,0-1,Black,2468,<=5s vs <=5s
NjojabGW,50,0-1,Black,1497,<=5s vs <=5s
1onwN4Yc,47,1-0,White,1197,<=5s vs 5-10s
DNSY0rni,62,0-1,Black,1933,<=5s vs <=5s
8E61xFsq,72,0-1,Black,1654,<=5s vs <=5s
BtVXEgL6,95,1-0,White,2125,<=5s vs <=5s
8tfxoHAW,79,1-0,White,1698,<=5s vs <=5s
2lJvQGN5,100,1-0,Black,1716,<=5s vs <=5s
Nxvu46gB,82,1-0,Black,2453,<=5s vs <=5s
OIJXT3Uz,111,0-1,White,1970,<=5s vs <=5s
JA6mS6uj,73,1-0,White,2574,<=5s vs <=5s
uV1IgIff,55,1-0,White,1217,<=5s vs <=5s
DMyRjR82,48,1-0,Black,1851,<=5s vs 15-20s
TwezD5s0,79,0-1,White,2294,<=5s vs <=5s
pRk9XUoO,104,0-1,Black,1474,<=5s vs <=5s
2dV4U13D,51,1-0,White,833,<=5s vs 5-10s
sNprUhlt,94,0-1,Black,1725,<=5s vs 5-10s
yiFNWygL,83,1-0,White,1829,<=5s vs 5-10s
KpJWsBRG,58,1-0,Black,2424,<=5s vs 15-20s
izYuuZEl,73,1-0,White,1864,<=5s vs <=5s
GXcXkKLw,95,1-0,White,1877,<=5s vs 10-15s
QY0Ssmmk,81,0-1,White,2186,<=5s vs <=5s
LBpSzAeI,75,1-0,White,1691,<=5s vs <=5s
Gh1FMOMK,103,1-0,White,1958,<=5s vs 15-20s
sbv6pg20,65,1-0,White,995,<=5s vs 5-10s
Fo5mwMoY,65,1-0,White,1739,<=5s vs 10-15s
RmRLddsQ,94,0-1,Black,2135,<=5s vs <=5s
3cZDj3qt,94,1-0,Black,2577,<=5s vs <=5s
Cwd3khOq,119,0-1,White,2026,<=5s vs <=5s
dycaIAPm,90,0-1,Black,2599,<=5s vs <=5s
8nbD92Is,71,0-1,White,2419,<=5s vs 5-10s
AB7ibzWf,76,0-1,Black,1799,<=5s vs 15-20s
JeyppV6X,76,1-0,Black,1699,<=5s vs <=5s
gQxieCBF,71,1-0,White,1992,<=5s vs 5-10s
GPfLCNra,74,0-1,Black,1513,<=5s vs 10-15s
TrjmHz6N,75,0-1,White,2003,<=5s vs <=5s
DY92nBhh,62,1-0,Black,1987,<=5s vs 15-20s
ADEJUbsr,78,0-1,Black,1400,<=5s vs <=5s
DOVslkyr,67,1-0,White,1196,<=5s vs 5-10s
9Dz2xDVw,92,0-1,Black,2101,<=5s vs 10-15s
JotaGTA2,95,1-0,White,1960,<=5s vs <=5s
UdQHIk8C,73,0-1,White,1892,<=5s vs <=5s
PnIMuhe7,90,0-1,Black,1514,<=5s vs <=5s
b2v6G1VO,96,0-1,Black,1575,<=5s vs <=5s
bb5AoFnI,74,1-0,Black,1526,<=5s vs <=5s
gvfX4MDw,78,0-1,Black,1301,<=5s vs <=5s
vVd9CHMN,112,1-0,Black,1849,<=5s vs 5-10s
oLvVLvtC,77,1-0,White,1028,<=5s vs 15-20s
zGvBCauX,66,0-1,Black,2022,<=5s vs 15-20s
9CYLvmND,109,1-0,White,2570,<=5s vs <=5s
Pq9uR0Jk,126,1/2-1/2,Black,2033,<=5s vs <=5s
RFACVv64,115,1-0,White,2005,<=5s vs 5-10s
dIRIMi3X,76,0-1,Black,1067,<=5s vs 15-20s
3JN056aA,110,0-1,Black,2414,<=5s vs <=5s
NwTPZNec,96,0-1,Black,2218,<=5s vs <=5s
jxaWDK2R,97,0-1,White,1973,<=5s vs <=5s
hwmdb0bj,94,0-1,Black,1801,<=5s vs <=5s
GSSzQ26M,88,0-1,Black,1959,<=5s vs 5-10s
jxUWLmZe,60,0-1,Black,1479,<=5s vs 5-10s
IDfxb6iG,120,1/2-1/2,Black,2653,<=5s vs <=5s
Q3jTGkMB,46,0-1,Black,1397,<=5s vs 5-10s
9UKdh1LC,71,1-0,White,1762,<=5s vs <=5s
wv1lLB1I,81,0-1,White,2033,<=5s vs <=5s
Edi2kHld,156,1-0,Black,2507,<=5s vs <=5s
pPSYyL9B,60,0-1,Black,1985,<=5s vs <=5s
pFYaqmi6,104,1-0,Black,2514,<=5s vs <=5s
hydAOnFb,73,1-0,White,2201,<=5s vs 5-10s
3OUshtIs,68,0-1,Black,1881,<=5s vs 5-10s
IsnrQap4,84,0-1,Black,1440,<=5s vs 5-10s
Ub33sk1U,66,0-1,Black,1664,<=5s vs 10-15s
43BQdnlI,130,0-1,Black,2145,<=5s vs <=5s
SiwlxKR9,75,0-1,White,1764,<=5s vs <=5s
sq3yMyso,70,0-1,Black,1823,<=5s vs <=5s
HlZW642h,97,1-0,White,2177,<=5s vs <=5s
zCDnfY1v,144,1-0,Black,2369,<=5s vs <=5s
VKEfmz3Z,125,1-0,White,1885,<=5s vs 5-10s
qskr1Az9,117,1/2-1/2,White,697,<=5s vs 5-10s
qQiGgM5e,79,1-0,White,1276,<=5s vs <=5s
cIkwfRKb,101,1-0,White,2447,<=5s vs 5-10s
ZGWRiPbT,102,0-1,Black,2351,<=5s vs <=5s
6VBGa54N,63,1-0,White,964,<=5s vs 5-10s
WbiHXWFu,78,0-1,Black,1859,<=5s vs 10-15s
8dq4c3uf,88,0-1,Black,1795,<=5s vs <=5s
JsToIvb4,97,1-0,White,2352,<=5s vs 10-15s
iM4m4glr,98,1-0,Black,2727,<=5s vs <=5s
tK8lQSBm,58,0-1,Black,931,<=5s vs <=5s
rDMOYaqP,62,0-1,Black,1650,<=5s vs <=5s
1fuaAv5q,60,1-0,Black,1263,<=5s vs <=5s
7qC04l1t,61,1-0,White,1279,<=5s vs 5-10s
YaDCuOvc,76,0-1,Black,2049,<=5s vs 10-15s
Vk5jdKWi,87,0-1,White,1434,<=5s vs <=5s
jUgIAcsN,46,1-0,Black,928,<=5s vs 10-15s
Ru4FeCZp,78,0-1,Black,1273,<=5s vs 5-10s
JldkNaXq,136,1-0,Black,1954,<=5s vs <=5s
COj4tIpi,96,0-1,Black,2796,<=5s vs <=5s
zHTcF3FJ,72,0-1,Black,1625,<=5s vs 5-10s
deY9gEzz,58,0-1,Black,1357,<=5s vs 15-20s
FHmt4aBl,105,0-1,White,2258,<=5s vs 5-10s
xaAicOvY,100,0-1,Black,2141,<=5s vs 15-20s
SWMKoOSF,108,1-0,Black,2699,<=5s vs <=5s
YfPq4LyK,62,0-1,Black,1029,<=5s vs <=5s
yUIJIHiw,79,0-1,White,1782,<=5s vs <=5s
OnODA9bd,72,0-1,Black,1623,<=5s vs <=5s
7BMvMt3S,80,0-1,Black,2588,<=5s vs 5-10s
8winAfpQ,74,0-1,Black,1478,<=5s vs 5-10s
Cr1Z4hpM,51,1-0,White,1175,<=5s vs 5-10s
E1Du2TGx,113,1-0,White,2686,<=5s vs <=5s
48Nj60sm,72,0-1,Black,1265,<=5s vs <=5s
6uPPa08w,85,0-1,White,1508,<=5s vs <=5s
gk99I1yR,68,1-0,Black,2290,<=5s vs <=5s
M39fery0,128,1-0,Black,1902,<=5s vs <=5s
bbNedCFk,68,0-1,Black,1854,<=5s vs 5-10s
MfqxkF0H,85,1-0,White,1744,<=5s vs <=5s
9FjudgP5,82,0-1,Black,1874,<=5s vs <=5s
FTHnFwHP,77,1-0,White,1776,<=5s vs 5-10s
bJvMOFpo,69,1-0,White,1652,<=5s vs 10-15s
WCTUwfBf,103,0-1,White,1680,<=5s vs 10-15s
ScHXhL3I,96,0-1,Black,2211,<=5s vs 10-15s
6H2fpQhs,93,1-0,White,2552,<=5s vs 5-10s
28ehlG43,75,0-1,White,1917,<=5s vs <=5s
EwOgw4Z2,72,1-0,Black,1692,<=5s vs <=5s
uilo5w9W,46,0-1,Black,1082,<=5s vs 15-20s
TOeWZHaA,82,1-0,Black,1899,<=5s vs <=5s
Vo1kkyw9,87,1-0,White,1750,<=5s vs 5-10s
RRmARJHI,80,1/2-1/2,Black,2145,<=5s vs 5-10s
VrqEEDcR,70,0-1,Black,1705,<=5s vs <=5s
kHyMpAwp,86,0-1,Black,2819,<=5s vs 5-10s
RaIrgFWd,118,0-1,Black,1863,<=5s vs 5-10s
oL0LSSRD,127,1-0,White,2231,<=5s vs <=5s
NPkmRA5F,90,1-0,Black,2482,<=5s vs <=5s
BCYGx7Ke,82,1-0,Black,1822,<=5s vs <=5s
Egcaq1FF,76,0-1,Black,1417,<=5s vs 15-20s
OXJPur6l,118,1-0,Black,1771,<=5s vs <=5s
ibcGGR5y,122,0-1,Black,1989,<=5s vs <=5s
5hqMmIRY,75,0-1,White,2116,<=5s vs <=5s
BaVmwCsm,85,0-1,White,2068,<=5s vs <=5s
hg9ky8Ic,99,0-1,White,2082,<=5s vs 5-10s
PKqCeCUm,117,1-0,White,2472,<=5s vs <=5s
YugmKD47,106,0-1,Black,2362,<=5s vs <=5s
FcuzSfXd,77,1-0,White,2534,<=5s vs 5-10s
I7g8nhUr,73,1-0,White,1977,<=5s vs <=5s
ZTpqg2LH,77,1-0,White,1341,<=5s vs 15-20s
ofEzTvZu,101,1-0,White,2574,<=5s vs <=5s
qXG6SwF0,91,1-0,White,2822,<=5s vs <=5s
VLyhovUJ,74,0-1,Black,1796,<=5s vs 5-10s
LtyD6qR2,68,0-1,Black,1866,<=5s vs 5-10s
2a8IB6mv,69,1-0,White,1812,<=5s vs <=5s
AS0M7bSG,76,0-1,Black,1854,<=5s vs 5-10s
VLRMEHVE,88,0-1,Black,2412,<=5s vs 5-10s
BbnEwjtN,99,1-0,White,1633,<=5s vs 5-10s
bulfGZBs,67,1-0,White,1289,<=5s vs 10-15s
e65DNpFo,138,1-0,Black,2346,<=5s vs 10-15s
ZATz55dv,53,1-0,White,1951,<=5s vs <=5s
7jJIXesW,99,1-0,White,2294,<=5s vs 5-10s
jcRjiL5e,65,1-0,White,2246,<=5s vs 5-10s
HwZ3IG9D,82,0-1,Black,1921,<=5s vs <=5s
PURjV1T0,129,0-1,White,1991,<=5s vs <=5s
DMAPZkWX,67,1-0,White,1995,<=5s vs 5-10s
a2y8Xekp,79,0-1,White,1174,<=5s vs <=5s
8EvZZBRR,100,0-1,Black,2285,<=5s vs 10-15s
4To8IQ4Y,67,1-0,White,1747,<=5s vs 10-15s
UL4Ai6GD,109,0-1,White,1426,<=5s vs 5-10s
1kO7xPtR,64,0-1,Black,2418,<=5s vs 5-10s
neKYqzB9,69,0-1,White,1786,<=5s vs <=5s
PGFATFLq,87,1-0,White,2082,<=5s vs 5-10s
iHW5RNgg,69,1-0,White,1934,<=5s vs 5-10s
JTFDfqs7,106,0-1,Black,1590,<=5s vs <=5s
7LhukNfY,83,1-0,White,1449,<=5s vs 5-10s
goVjlQVa,66,0-1,Black,1509,<=5s vs <=5s
OiOVnzfq,98,0-1,Black,2230,<=5s vs <=5s
gAtb0C4B,118,1/2-1/2,Black,2420,<=5s vs 5-10s
XADaiVBC,54,0-1,Black,1525,<=5s vs <=5s
DsSJ9yIT,51,0-1,White,1345,<=5s vs 15-20s
OtIzloYl,100,1-0,Black,1933,<=5s vs <=5s
jRm4K0ct,76,1-0,Black,1479,<=5s vs <=5s
BwE1iYap,73,1-0,White,1268,<=5s vs 15-20s
QUD97po1,57,1-0,White,1819,<=5s vs 10-15s
GPQewBbh,84,0-1,Black,2644,<=5s vs 10-15s
Du1f61X7,83,1-0,White,2202,<=5s vs <=5s
G36GIAAn,97,0-1,White,2553,<=5s vs <=5s
WG24MaGK,63,1-0,White,1822,<=5s vs <=5s
I2DchvOY,53,1-0,White,1164,<=5s vs 5-10s
e6ALpnvn,70,1-0,Black,1420,<=5s vs <=5s
OVuwZwto,82,0-1,Black,2218,<=5s vs <=5s
h8nkY1Wb,65,1-0,White,1949,<=5s vs 5-10s
MgurvNsO,97,1-0,White,1952,<=5s vs <=5s
KZvGspZ1,112,1-0,Black,2185,<=5s vs <=5s
qj6oUftg,62,0-1,Black,1190,<=5s vs <=5s
RBhEF5MS,69,1-0,White,1564,<=5s vs 10-15s
4gMsMgsl,74,0-1,Black,1819,<=5s vs 5-10s
HsDxHxJ4,75,1-0,White,2023,<=5s vs <=5s
5TkADPoB,87,0-1,White,2420,<=5s vs <=5s
e7u1VL1M,96,1-0,Black,1449,<=5s vs <=5s
rJwIMhIc,92,0-1,Black,1523,<=5s vs <=5s
B11kjNUY,89,1-0,White,2384,<=5s vs 10-15s
9ZWVRQ9p,101,1-0,White,2634,<=5s vs 5-10s
PvhLMR95,79,1-0,White,2207,<=5s vs 5-10s
HN4u3SLJ,49,1-0,White,980,<=5s vs 10-15s
O4HC5Zz0,81,0-1,White,1642,<=5s vs 15-20s
tUBWofyX,90,0-1,Black,2041,<=5s vs 5-10s
FFUR6Fmy,57,1-0,White,1410,<=5s vs 5-10s
sbXsLfep,137,0-1,White,2108,<=5s vs <=5s
H64c8N7m,52,0-1,Black,1135,<=5s vs <=5s
ekHKxhuk,74,0-1,Black,1345,<=5s vs 10-15s
VYWO5Vuo,61,1-0,White,820,<=5s vs 10-15s
2SaZYzCy,98,1-0,Black,2324,<=5s vs <=5s
bPZUx88Z,65,1-0,White,2336,<=5s vs 15-20s
bQVrS2Ok,85,1/2-1/2,White,1794,<=5s vs 10-15s
WLGGIi4P,108,0-1,Black,2511,<=5s vs <=5s
zPWGHOWL,79,1-0,White,2158,<=5s vs <=5s
9fEy9Zws,95,1-0,White,1619,<=5s vs 10-15s
mRbKMeHr,86,0-1,Black,1559,<=5s vs <=5s
IJnuyIfI,93,1-0,White,2127,<=5s vs <=5s
fIJ9cLeI,87,0-1,White,1753,<=5s vs <=5s
KArEOGh9,67,1-0,White,2046,<=5s vs <=5s
UH4dfoIB,60,0-1,Black,1869,<=5s vs 10-15s
4SKo3Vbl,57,1-0,White,1647,<=5s vs 10-15s
z4V9YBs8,92,0-1,Black,1929,<=5s vs 5-10s
dEofRxzC,85,1-0,White,1664,<=5s vs <=5s
YJqgbGeE,103,1-0,White,1746,<=5s vs <=5s
nq6jxOfS,77,1-0,White,1748,<=5s vs <=5s
uwsidVzS,76,0-1,Black,1263,<=5s vs 10-15s
ZVlyxxof,92,1-0,Black,2382,<=5s vs <=5s
t3MTdIWo,69,1-0,White,1352,<=5s vs 10-15s
Qwd2IzQl,58,0-1,Black,1364,<=5s vs 5-10s
S8J4K7am,98,1-0,Black,2095,<=5s vs 10-15s
22wsotXV,107,1-0,White,2093,<=5s vs <=5s
McMb29wr,57,1-0,White,1999,<=5s vs 5-10s
65442mIr,46,0-1,Black,1267,<=5s vs 15-20s
W0rZYCzD,69,0-1,White,1694,<=5s vs <=5s
PDfkufPc,89,1-0,White,1697,<=5s vs <=5s
TgWIfy0g,95,1-0,White,2213,<=5s vs <=5s
r4eVhC6Q,62,0-1,Black,1522,<=5s vs 10-15s
zftGAaYM,87,0-1,White,2463,<=5s vs <=5s
hnUNZcfc,64,1-0,Black,1248,<=5s vs <=5s
5Kxt2WKq,93,0-1,White,1885,<=5s vs <=5s
TzNG9GEE,50,0-1,Black,1786,<=5s vs 15-20s
wPx5yVfV,78,1-0,Black,2406,<=5s vs <=5s
mg20laLw,69,0-1,White,1556,<=5s vs <=5s
QYD4rw42,43,0-1,White,1383,<=5s vs <=5s
8F9LFDV2,77,0-1,White,1896,<=5s vs <=5s
5UtUyerZ,69,0-1,White,2242,<=5s vs <=5s
Wk9q8XZV,90,0-1,Black,1733,<=5s vs 5-10s
SeJ0TJlz,45,1-0,White,919,<=5s vs <=5s
Ik9WKyao,67,1-0,White,1436,<=5s vs 10-15s
kwVETuvb,65,1-0,White,2196,<=5s vs 10-15s
xkFY2GOR,101,1-0,White,1866,<=5s vs <=5s
TBlXrpAM,155,1-0,White,2218,<=5s vs <=5s
PtaXJ6lD,120,1/2-1/2,Black,1870,<=5s vs 10-15s
nsx7iuEQ,79,1-0,White,1586,<=5s vs 5-10s
qIL8ZJ2s,66,0-1,Black,1732,<=5s vs 10-15s
dykA3dYp,43,1-0,White,1006,<=5s vs 15-20s
Iglv2lbd,96,0-1,Black,1821,<=5s vs <=5s
Ias5SpPs,87,1-0,White,1290,<=5s vs <=5s
BCTPRWut,68,1-0,Black,1918,<=5s vs <=5s
zO2lbVKI,81,1-0,White,1857,<=5s vs 5-10s
CS8m7wkg,113,1-0,White,2038,<=5s vs <=5s
uJqNqJxC,79,1-0,White,2273,<=5s vs 15-20s
VTq8sG8i,127,0-1,White,1709,<=5s vs <=5s
G6SxHZpP,61,0-1,White,1471,<=5s vs <=5s
ptUwxcvd,87,1-0,White,1626,<=5s vs <=5s
FD2BeBit,79,1-0,White,1402,<=5s vs 10-15s
GouaThcU,53,1-0,White,1668,<=5s vs 15-20s
38KqeNzj,83,1-0,White,2561,<=5s vs 10-15s
Hog9ipG0,60,0-1,Black,1367,<=5s vs 5-10s
a2grmz9u,90,0-1,Black,2492,<=5s vs <=5s
8duvBYVS,56,1-0,Black,980,<=5s vs <=5s
2IAI9H6F,67,1-0,White,2037,<=5s vs 5-10s
IpEFqrly,83,0-1,White,2509,<=5s vs <=5s
l1d9hMqw,79,1-0,White,1776,<=5s vs 5-10s
NMgM2JMP,85,1-0,White,2455,<=5s vs <=5s
rJcXSwkY,83,0-1,White,2275,<=5s vs <=5s
IUEwu4lv,79,1-0,White,1999,<=5s vs <=5s
GLbF9zSY,86,1-0,Black,1705,<=5s vs <=5s
sT6OygZd,57,1-0,White,1475,<=5s vs 5-10s
TZnRc9RD,60,0-1,Black,1431,<=5s vs 5-10s
0rjXJF6g,76,0-1,Black,2243,<=5s vs <=5s
OPvk5WpU,80,0-1,Black,1827,<=5s vs 5-10s
VFaYdCB3,56,0-1,Black,1217,<=5s vs 5-10s
nArJ2AQz,53,0-1,White,890,<=5s vs <=5s
CNisyWsn,67,0-1,White,1670,<=5s vs 10-15s
EnVIPYbs,98,0-1,Black,1633,<=5s vs 15-20s
fx9WJl5Y,44,0-1,Black,1203,<=5s vs 5-10s
xzE74FcS,98,0-1,Black,2558,<=5s vs <=5s
ZBd7kxv0,92,1-0,Black,2313,<=5s vs <=5s
vtl5kpq0,63,1-0,White,2066,<=5s vs 5-10s
ughGZqq8,67,0-1,White,1820,<=5s vs <=5s
NjsYHo24,70,1-0,Black,2135,<=5s vs <=5s
H29YC7et,84,1-0,Black,2267,<=5s vs <=5s
dlAk88Y8,84,0-1,Black,2151,<=5s vs 5-10s
9tECQxBr,78,0-1,Black,1997,<=5s vs <=5s
oPcRXXH9,63,1-0,White,1797,<=5s vs 5-10s
kbozJ9iw,78,0-1,Black,1468,<=5s vs 5-10s
1zYJJkyO,105,0-1,White,2819,<=5s vs <=5s
9h0x6Kqe,112,0-1,Black,2595,<=5s vs 5-10s
XQtLwdUv,104,1-0,Black,2180,<=5s vs 5-10s
RVoaWA2g,70,0-1,Black,1777,<=5s vs 5-10s
0PnYIviV,124,0-1,Black,2612,<=5s vs <=5s
KnYtyd1j,68,0-1,Black,2203,<=5s vs <=5s
13U7M8OB,76,0-1,Black,1938,<=5s vs 10-15s
iUzd2KhZ,60,0-1,Black,1637,<=5s vs 5-10s
ddurFXEn,51,0-1,White,1199,<=5s vs <=5s
kvemWQsM,72,0-1,Black,1654,<=5s vs <=5s
uIJl0dBP,68,0-1,Black,1466,<=5s vs <=5s
OvTpmX8r,113,0-1,White,2240,<=5s vs <=5s
TFaOAzSX,71,1-0,White,1974,<=5s vs 5-10s
b8bu2GH6,110,1-0,Black,2327,<=5s vs <=5s
YgKF3erQ,145,0-1,White,3002,<=5s vs <=5s
0RGcNRtQ,119,1-0,White,2560,<=5s vs <=5s
GolTFWHF,99,0-1,White,2033,<=5s vs <=5s
DJtxUo6G,88,1-0,Black,1703,<=5s vs <=5s
NopsRNi6,58,0-1,Black,1877,<=5s vs <=5s
PD1StOg1,78,0-1,Black,2421,<=5s vs <=5s
9p2xa85o,100,0-1,Black,1998,<=5s vs <=5s
5tUgTY6l,89,1-0,White,2214,<=5s vs 15-20s
If3qZjat,81,1-0,White,1524,<=5s vs <=5s
UhKrGomR,66,0-1,Black,1195,<=5s vs 5-10s
c9PSCNmA,92,1-0,Black,2026,<=5s vs <=5s
NXT0ujcZ,137,1-0,White,2241,<=5s vs <=5s
XmRkX1ZV,67,0-1,White,1792,<=5s vs <=5s
dDAUXuSn,107,1/2-1/2,White,2168,<=5s vs 15-20s
K7BO7TGB,97,1-0,White,1606,<=5s vs 5-10s
8AxAKlPd,69,0-1,White,2033,<=5s vs <=5s
ueCOIT10,60,0-1,Black,1376,<=5s vs <=5s
CdfmBDhm,107,1-0,White,2084,<=5s vs <=5s
5jQkklYe,94,0-1,Black,2436,<=5s vs <=5s
pokyGFUe,70,0-1,Black,1831,<=5s vs 5-10s
9CbeeOBO,71,1-0,White,1199,<=5s vs 10-15s
BbAbGvnT,95,1-0,White,2910,<=5s vs 10-15s
7RMtB0ki,42,0-1,Black,958,<=5s vs <=5s
0zFJjkna,123,0-1,White,2605,<=5s vs <=5s
ABUxnHV0,135,0-1,White,2389,<=5s vs <=5s
unAHn8aK,76,0-1,Black,2045,<=5s vs 15-20s
APUpj6Xx,83,1-0,White,1525,<=5s vs 5-10s
e4w53AO6,77,0-1,White,1951,<=5s vs <=5s
gVOwfpud,70,0-1,Black,1890,<=5s vs <=5s
BNFlSKSV,48,1-0,Black,920,<=5s vs <=5s
LQPvBJpi,57,1-0,White,1476,<=5s vs 15-20s
cHzT0GSB,51,1-0,White,1653,<=5s vs 10-15s
FnY0MXLS,113,1/2-1/2,White,2196,<=5s vs 5-10s
Z8z99O2o,95,1-0,White,1796,<=5s vs <=5s
B9Xovc0N,81,1-0,White,2453,<=5s vs 5-10s
zoAjFTwd,64,0-1,Black,990,<=5s vs <=5s
5QWGfDNv,94,0-1,Black,2033,<=5s vs <=5s
EkfqKh9p,106,0-1,Black,2496,<=5s vs <=5s
A2SFBeKG,81,0-1,White,2230,<=5s vs <=5s
ASuAxmtD,119,1-0,White,2455,<=5s vs 5-10s
pGjtFrbH,93,1-0,White,2567,<=5s vs <=5s
LwDg64Af,83,1-0,White,2174,<=5s vs 5-10s
UmBd7D5v,66,0-1,Black,1467,<=5s vs <=5s
apCtla9j,64,0-1,Black,2237,<=5s vs <=5s
2ZRGBcRT,88,0-1,Black,1848,<=5s vs 5-10s
PLkZ52ek,115,1-0,White,2466,<=5s vs <=5s
QkuoRXtO,94,0-1,Black,1836,<=5s vs <=5s
4knht7Nt,83,1-0,White,1935,<=5s vs <=5s
iyl4R7a6,122,0-1,Black,2224,<=5s vs <=5s
fiGmBYxW,82,1-0,Black,1887,<=5s vs 5-10s
tYSmqtF3,81,1-0,White,1700,<=5s vs <=5s
8zKJcGat,93,1-0,White,2538,<=5s vs 15-20s
JMA7odI0,62,0-1,Black,1425,<=5s vs 15-20s
OrILvYby,103,1-0,White,2160,<=5s vs 5-10s
3lYlMnNM,126,0-1,Black,2045,<=5s vs <=5s
Vds7KvN5,123,1-0,White,3083,<=5s vs <=5s
v5zDxf4X,88,1-0,Black,1734,<=5s vs <=5s
TlNhFeI1,64,0-1,Black,1199,<=5s vs <=5s
RS8PffFL,64,0-1,Black,1278,<=5s vs 5-10s
3NkOvTi1,114,0-1,Black,2409,<=5s vs <=5s
aEitcYDJ,56,1-0,Black,1231,<=5s vs <=5s
D1jGeuwd,37,1-0,White,1026,<=5s vs 10-15s
3FEvT06q,119,0-1,White,2599,<=5s vs 5-10s
8hN3RxKn,94,0-1,Black,2130,<=5s vs <=5s
7XbissyC,97,1-0,White,2595,<=5s vs <=5s
aQpgaeTy,112,1-0,Black,2364,<=5s vs <=5s
M5L1oD1v,95,1-0,White,2650,<=5s vs <=5s
kvWfIchu,66,0-1,Black,1175,<=5s vs 5-10s
AQPJbdMu,112,0-1,Black,1376,<=5s vs 5-10s
cyrQPVEZ,94,0-1,Black,2006,<=5s vs 5-10s
Pphwl4eU,103,1-0,White,1080,<=5s vs 5-10s
QYSpWhkh,88,1/2-1/2,Black,1914,<=5s vs 5-10s
TxGDxvRA,93,1/2-1/2,White,2418,<=5s vs <=5s
XiWXvQid,52,0-1,Black,1098,<=5s vs 10-15s
k0Jirf3I,101,1-0,White,1847,<=5s vs 15-20s
KZu5e8hs,94,0-1,Black,2089,<=5s vs 10-15s
PoFVQc06,67,1-0,White,2090,<=5s vs <=5s
23f9ho9o,73,0-1,White,2328,<=5s vs <=5s
ZWncAFeP,96,0-1,Black,2405,<=5s vs <=5s
1ro2po69,92,0-1,Black,1429,<=5s vs 5-10s
JPSiUfVM,72,0-1,Black,1650,<=5s vs 10-15s
acIKZ3QF,60,1-0,Black,1773,<=5s vs <=5s
vQkwRxci,91,1-0,White,2259,<=5s vs 5-10s
MUarxqNx,96,1-0,Black,2567,<=5s vs <=5s
S7bgpQDe,128,1-0,Black,2600,<=5s vs <=5s
PIzmRvOJ,65,1-0,White,1145,<=5s vs 5-10s
VBYH12lh,87,1-0,White,2006,<=5s vs <=5s
dY6I6HI1,78,0-1,Black,1379,<=5s vs <=5s
ZzPEynPQ,72,1-0,Black,1432,<=5s vs <=5s
gfHZBjUO,78,0-1,Black,1756,<=5s vs <=5s
vM3mCdGY,76,0-1,Black,2137,<=5s vs <=5s
sKLR4geX,72,0-1,Black,1889,<=5s vs <=5s
RcmJpqoJ,94,0-1,Black,1978,<=5s vs 5-10s
XoJ1v8ye,103,1-0,White,2171,<=5s vs 5-10s
Bw2su4Dh,61,0-1,White,1187,<=5s vs <=5s
HhHbR4p4,87,1-0,White,1921,<=5s vs <=5s
r0zxniIV,85,1-0,White,2115,<=5s vs <=5s
1pxjQf7L,57,1-0,White,1315,<=5s vs 5-10s
H6bQpNWf,86,1-0,Black,2435,<=5s vs <=5s
ts7usekb,45,1-0,White,1220,<=5s vs 5-10s
GW2rN9yo,53,0-1,White,1118,<=5s vs 10-15s
MNZ1Xcfm,80,0-1,Black,2053,<=5s vs 5-10s
qJFcve5z,87,1-0,White,2497,<=5s vs 10-15s
9wJJOrps,76,1-0,Black,1476,<=5s vs <=5s
aBDsVv2K,57,1-0,White,1289,<=5s vs <=5s
BCi2FoFh,114,0-1,Black,1835,<=5s vs 15-20s
oltDm8jN,78,0-1,Black,1869,<=5s vs <=5s
8ukNosYt,43,1-0,White,798,<=5s vs 5-10s
hwmQETpp,35,1-0,White,1048,<=5s vs 10-15s
pk5pt2J9,52,0-1,Black,1258,<=5s vs <=5s
V1JElPvj,93,1-0,White,1714,<=5s vs <=5s
QymTYiio,63,1-0,White,1201,<=5s vs <=5s
ZRWa2C4t,53,1-0,White,1679,<=5s vs 5-10s
r8zds6sp,111,0-1,White,1576,<=5s vs <=5s
vZ8o3v18,64,0-1,Black,1273,<=5s vs 5-10s
QIdAdFJa,123,0-1,White,2593,<=5s vs <=5s
TkassR6w,74,0-1,Black,1939,<=5s vs 5-10s
8n1jpMnZ,76,0-1,Black,1275,<=5s vs <=5s
UBQNXpD8,78,0-1,Black,1753,<=5s vs 5-10s
qagw2c9s,77,1-0,White,1670,<=5s vs <=5s
Fsj8wVTH,80,0-1,Black,1044,<=5s vs <=5s
HIUPKUwo,78,0-1,Black,2681,<=5s vs <=5s
O8GJ4hSM,46,1-0,Black,1441,<=5s vs <=5s
K9jeJnxp,50,0-1,Black,1430,<=5s vs 5-10s
eWph0gGF,64,0-1,Black,1833,<=5s vs <=5s
vTOceTmY,62,0-1,Black,1758,<=5s vs <=5s
6b2NEqdn,71,1-0,White,2077,<=5s vs 10-15s
EphROfyp,83,1-0,White,2076,<=5s vs 5-10s
I5qBfS2O,90,0-1,Black,2323,<=5s vs 10-15s
B7CycC6s,95,1-0,White,2376,<=5s vs <=5s
O14qNM6t,88,1-0,Black,1729,<=5s vs 5-10s
XcPeYTxu,64,0-1,Black,1971,<=5s vs 10-15s
8HxxkzQ9,79,0-1,White,1821,<=5s vs <=5s
3leEjmwI,83,1-0,White,1828,<=5s vs <=5s
PUzoNgpT,98,1-0,Black,2186,<=5s vs <=5s
yR5k5BvH,95,1-0,White,2372,<=5s vs 5-10s
qFTX9AIN,59,1-0,White,1504,<=5s vs 5-10s
AYdgLiwp,70,0-1,Black,1976,<=5s vs 10-15s
F82tspRJ,73,1-0,White,1762,<=5s vs <=5s
JD84APSC,85,1-0,White,2148,<=5s vs 5-10s
JiNGEm4q,91,0-1,White,1767,<=5s vs <=5s
ZU3Eqrs2,78,0-1,Black,1698,<=5s vs <=5s
kY9cIB7J,69,1-0,White,1233,<=5s vs 5-10s
o1iJAlq1,92,1-0,Black,2224,<=5s vs <=5s
IIlLy8Il,99,1-0,White,2411,<=5s vs <=5s
nxKKo6mT,90,0-1,Black,2398,<=5s vs <=5s
GeCBzKZh,63,1-0,White,1994,<=5s vs <=5s
H40Zklkw,102,0-1,Black,2301,<=5s vs 15-20s
u6g3evZ9,55,1-0,White,1411,<=5s vs 10-15s
KiEDNvDP,132,1-0,Black,2786,<=5s vs <=5s
SGaxTUXV,85,0-1,White,1937,<=5s vs <=5s
39pK6rFl,75,0-1,White,2268,<=5s vs <=5s
tEvebj6s,57,1-0,White,1066,<=5s vs 10-15s
Ko32fJlx,97,1-0,White,1417,<=5s vs <=5s
ZGArZzzf,131,0-1,White,2868,<=5s vs 5-10s
9Co71ey6,62,0-1,Black,2000,<=5s vs 10-15s
zNsdBw2u,118,1/2-1/2,Black,2474,<=5s vs <=5s
4MAVUZx0,98,0-1,Black,2121,<=5s vs <=5s
ky3Xn6Ur,84,1-0,Black,1831,<=5s vs <=5s
SIX735PI,98,1-0,Black,805,<=5s vs <=5s
SLuGSpHF,93,0-1,White,2021,<=5s vs 10-15s
RcHsTdDY,50,0-1,Black,965,<=5s vs 10-15s
xK7EP0Jo,71,1-0,White,1331,<=5s vs <=5s
p0e2259z,59,0-1,White,2137,<=5s vs 5-10s
lgFSa23Z,84,0-1,Black,2107,<=5s vs <=5s
1f7XFysm,59,1-0,White,1330,<=5s vs <=5s
FE17YIKW,118,1-0,Black,2165,<=5s vs <=5s
uektlhVL,88,0-1,Black,1283,<=5s vs <=5s
ClvpSJjJ,67,1-0,White,2488,<=5s vs 10-15s
9T2LHkAu,111,1/2-1/2,White,2091,<=5s vs <=5s
2Ee8LkMp,91,1-0,White,1989,<=5s vs <=5s
JuefdM5h,63,1-0,White,975,<=5s vs <=5s
ddETUuBK,61,1-0,White,1097,<=5s vs 10-15s
HnKxal7E,86,0-1,Black,1926,<=5s vs <=5s
9v9Bo3a9,100,0-1,Black,2234,<=5s vs <=5s
t9SWE679,79,1-0,White,1780,<=5s vs <=5s
85VIop8E,85,0-1,White,2079,<=5s vs <=5s
uJNoKjs9,128,0-1,Black,2352,<=5s vs <=5s
YunLU6Sc,56,0-1,Black,1124,<=5s vs 15-20s
ddFSIsWQ,86,0-1,Black,1766,<=5s vs <=5s
8xRXkVE1,87,1-0,White,2319,<=5s vs 5-10s
dUItd48E,100,0-1,Black,1378,<=5s vs <=5s
KHBfVB0n,151,0-1,White,2552,<=5s vs <=5s
U2AO5s0j,48,0-1,Black,1665,<=5s vs 10-15s
kBZdWIgW,115,1/2-1/2,White,1577,<=5s vs 5-10s
G5ZqSg5d,56,0-1,Black,2104,<=5s vs <=5s
ARF4zmhm,77,1-0,White,2004,<=5s vs 5-10s
8yruzlCt,67,0-1,White,1500,<=5s vs <=5s
msH3xbuf,65,1-0,White,1555,<=5s vs 10-15s
oHYaH7e3,69,0-1,White,1777,<=5s vs 5-10s
FnWVmH96,73,1-0,White,1811,<=5s vs 10-15s
Zq1Ib9TP,82,0-1,Black,1639,<=5s vs 10-15s
iIGXjSLV,94,0-1,Black,2334,<=5s vs <=5s
OBkFp3Vy,124,1/2-1/2,Black,2004,<=5s vs <=5s
vKrycYJr,53,1-0,White,1977,<=5s vs 5-10s
FXoRo7NX,64,0-1,Black,1658,<=5s vs <=5s
PGyMAbur,106,1/2-1/2,Black,2611,<=5s vs 10-15s
kMJX2mhU,90,0-1,Black,1902,<=5s vs <=5s
MFKPeejT,116,0-1,Black,2553,<=5s vs <=5s
BfWGUiDb,72,0-1,Black,1104,<=5s vs 5-10s
6kKy3mg3,63,1-0,White,1362,<=5s vs 10-15s
BhYYINtw,46,0-1,Black,940,<=5s vs 10-15s
Lcnzf8py,75,1-0,White,1911,<=5s vs <=5s
0MWnQFKS,71,1-0,White,1691,<=5s vs 10-15s
59KJ8spY,55,1-0,White,1666,<=5s vs 10-15s
62TI9JYY,106,0-1,Black,2281,<=5s vs 10-15s
ofQvgAbP,87,1-0,White,1618,<=5s vs <=5s
2hGLrpQW,96,1-0,Black,2312,<=5s vs 5-10s
B6ICTnGr,52,0-1,Black,1232,<=5s vs 5-10s
K2uIZtCh,80,0-1,Black,1702,<=5s vs 5-10s
PqsE281s,78,1-0,Black,1339,<=5s vs <=5s
dBPXhpji,58,0-1,Black,1535,<=5s vs 10-15s
lLkabizo,75,1-0,White,1329,<=5s vs <=5s
cFB0FieE,70,0-1,Black,1369,<=5s vs <=5s
Fdk9chto,121,1-0,White,1912,<=5s vs <=5s
U4LIVf3y,60,1-0,Black,2188,<=5s vs <=5s
OcRYzMBH,100,0-1,Black,2064,<=5s vs <=5s
FUO7O0p8,87,0-1,White,2298,<=5s vs 5-10s
q4L9MK3K,77,0-1,White,1386,<=5s vs <=5s
sXPGDqA5,85,1-0,White,1985,<=5s vs <=5s
bf5yeX3w,57,1-0,White,2048,<=5s vs 15-20s
8ORw8ZFA,69,1-0,White,2247,<=5s vs 15-20s
mxENbUrF,115,1-0,White,2797,<=5s vs <=5s
rOsjv4JS,78,0-1,Black,2215,<=5s vs <=5s
dP4cJtuh,63,1-0,White,1558,<=5s vs <=5s
AajUc1Xr,98,0-1,Black,1947,<=5s vs 10-15s
V8YME4TJ,77,1-0,White,1774,<=5s vs 10-15s
SUuXrvFH,47,1-0,White,1323,<=5s vs 10-15s
Lrv7cxM9,79,1-0,White,1761,<=5s vs 15-20s
wJuaSyqX,91,0-1,White,2149,<=5s vs 5-10s
0BtNVzrv,79,0-1,White,1949,<=5s vs <=5s
ZG8ED302,80,0-1,Black,1126,<=5s vs <=5s
nL4HcjqP,81,1-0,White,2280,<=5s vs 10-15s
uV6YkN5B,76,0-1,Black,1675,<=5s vs <=5s
APIaQYZE,93,1-0,White,1926,<=5s vs <=5s
fwjJ71XC,71,1-0,White,2038,<=5s vs <=5s
04JxVOZL,114,1-0,Black,2684,<=5s vs 5-10s
iWgU72nC,64,0-1,Black,1197,<=5s vs 5-10s
Qen9La3v,69,1-0,White,2252,<=5s vs 5-10s
pofrT2MG,169,0-1,White,2464,<=5s vs <=5s
09IA4UMm,55,1-0,White,1642,<=5s vs 5-10s
Xro4Zw3i,119,1-0,White,2646,<=5s vs <=5s
PsZslGgU,71,1-0,White,1929,<=5s vs 15-20s
bPsvUZoR,112,1-0,Black,1259,<=5s vs <=5s
E98CXx2C,118,1-0,Black,2063,<=5s vs <=5s
KGqCodAb,79,0-1,White,1494,<=5s vs <=5s
Utrotej6,45,0-1,White,1791,<=5s vs <=5s
pSxakMoj,60,1-0,Black,1452,<=5s vs <=5s
DYbtVdIM,128,1-0,Black,2296,<=5s vs <=5s
Lyb8NVw0,103,1-0,White,2177,<=5s vs 5-10s
RwHHxcSa,101,1/2-1/2,White,2366,<=5s vs 5-10s
RUX7C8cS,79,0-1,White,1854,<=5s vs <=5s
7Qqi1o7p,77,0-1,White,1991,<=5s vs <=5s
EophbF9E,72,0-1,Black,1478,<=5s vs 5-10s
r77UoFUZ,66,1-0,Black,1560,<=5s vs <=5s
ZYMHJ6oF,84,1-0,Black,1336,<=5s vs <=5s
0wbRE0Qm,77,1-0,White,1666,<=5s vs 5-10s
gj4mUSmC,44,0-1,Black,1246,<=5s vs 5-10s
S7iPBHGY,74,1-0,Black,1416,<=5s vs <=5s
ZdStqYjE,82,0-1,Black,1323,<=5s vs 5-10s
tgDs013b,130,1-0,Black,2536,<=5s vs <=5s
ICArcxCK,74,0-1,Black,1383,<=5s vs 5-10s
4bczxumq,64,0-1,Black,2149,<=5s vs <=5s
Q0iH9yGL,102,1/2-1/2,Black,1733,<=5s vs 5-10s
nRVIMCga,75,0-1,White,1245,<=5s vs <=5s
dNcpF2H7,53,1-0,White,1257,<=5s vs 5-10s
xO7xCLZV,69,1-0,White,2055,<=5s vs 5-10s
1MMBNeah,110,1-0,Black,2422,<=5s vs <=5s
IRQd8fRg,145,1-0,White,2031,<=5s vs <=5s
HBzNOX4S,55,0-1,White,1296,<=5s vs <=5s
82twMHD8,111,0-1,White,2017,<=5s vs <=5s
sONtKWXC,78,0-1,Black,2189,<=5s vs 5-10s
6zf3mmZ3,102,0-1,Black,1608,<=5s vs 10-15s
3xXUJl8B,91,1-0,White,2806,<=5s vs <=5s
gGzcJ4bM,88,1-0,Black,2145,<=5s vs <=5s
i252S7Oq,124,0-1,Black,2248,<=5s vs <=5s
1jYcA4io,70,0-1,Black,1580,<=5s vs <=5s
TsdIHRm1,141,0-1,White,1965,<=5s vs 10-15s
KJUVLFF1,110,0-1,Black,2080,<=5s vs 10-15s
COWgt6Qn,104,1-0,Black,1870,<=5s vs <=5s
SFpKYekh,68,0-1,Black,2027,<=5s vs 15-20s
6yG28V8P,57,1-0,White,1188,<=5s vs 5-10s
w3JpYop0,70,0-1,Black,2201,<=5s vs 5-10s
h7v6i6U6,109,1-0,White,1500,<=5s vs 5-10s
dw8EAmC7,60,1-0,Black,1114,<=5s vs <=5s
BTZv5BT7,65,1-0,White,1347,<=5s vs 15-20s
JAUvIbaQ,61,1-0,White,1382,<=5s vs 10-15s
xG6rAUCE,125,1/2-1/2,White,2601,<=5s vs 5-10s
iEviA2Gj,81,1-0,White,1877,<=5s vs 5-10s
Do6i7ugH,74,0-1,Black,2035,<=5s vs 10-15s
vKyIvDfy,81,1-0,White,1753,<=5s vs 5-10s
jxJxpptM,91,1-0,White,1529,<=5s vs 5-10s
H8LVKx06,59,1-0,White,1124,<=5s vs <=5s
5zEKkh9x,70,1-0,Black,1940,<=5s vs <=5s
zP1XcgoY,82,1-0,Black,2168,<=5s vs <=5s
DCEFS8Ug,93,1-0,White,2135,<=5s vs <=5s
xxDJRyX0,64,0-1,Black,1248,<=5s vs <=5s
XGWarxNr,55,1-0,White,1271,<=5s vs 10-15s
mwFr7xRP,93,1-0,White,2064,<=5s vs 5-10s
dt7as5Ar,74,1-0,Black,1584,<=5s vs <=5s
L3QIwgbt,84,0-1,Black,1912,<=5s vs <=5s
QlHVhP07,82,0-1,Black,2077,<=5s vs 5-10s
Gunv8FbC,93,1-0,White,1874,<=5s vs 10-15s
U1t3PXCs,44,0-1,Black,1353,<=5s vs 10-15s
1ggDy4Ws,48,0-1,Black,1088,<=5s vs 10-15s
4IbY6Ckd,67,1-0,White,1633,<=5s vs <=5s
KIDXv8nC,101,1-0,White,2402,<=5s vs 5-10s
CELut9qt,88,0-1,Black,1841,<=5s vs <=5s
SQvKFGkr,65,1-0,White,1571,<=5s vs 10-15s
NG5hm1Rc,93,0-1,White,2360,<=5s vs <=5s
J8vyKZUb,66,1-0,Black,1342,<=5s vs <=5s
RRRrNYtA,115,0-1,White,2403,<=5s vs 5-10s
sD07EQhH,77,1-0,White,1500,<=5s vs 15-20s
MH74i6gw,75,1-0,White,2037,<=5s vs 5-10s
Cpl4oTfS,67,1-0,White,1544,<=5s vs 15-20s
ofCAPFYa,87,0-1,White,1819,<=5s vs <=5s
1ZR9PFC3,71,1-0,White,2259,<=5s vs 5-10s
2okaq6NP,52,0-1,Black,1721,<=5s vs 15-20s
xNF5u52w,65,1-0,White,1382,<=5s vs <=5s
EmY1sfyD,85,0-1,White,1568,<=5s vs <=5s
6X5ibEVa,77,0-1,White,1076,<=5s vs 10-15s
RX5vgP1s,76,0-1,Black,1512,<=5s vs <=5s
7wc2s53b,99,1-0,White,2098,<=5s vs 5-10s
tRkLKuxA,74,0-1,Black,1144,<=5s vs 10-15s
9WL9vDmN,69,1-0,White,2404,<=5s vs 5-10s
oRlJDNIU,127,1/2-1/2,White,2557,<=5s vs 5-10s
jd7di0E9,52,0-1,Black,807,<=5s vs <=5s
8V07jMAW,56,0-1,Black,1512,<=5s vs 5-10s
dDD3Mwgu,78,1-0,Black,1631,<=5s vs <=5s
EVivWwdO,118,0-1,Black,2102,<=5s vs 5-10s
6B6ELlMU,75,0-1,White,886,<=5s vs <=5s
AAerolKR,123,1-0,White,2402,<=5s vs <=5s
aqvV7jol,72,0-1,Black,1545,<=5s vs <=5s
Ipd4GtJx,49,0-1,White,1414,<=5s vs <=5s
wFxPUSyM,76,1-0,Black,1588,<=5s vs <=5s
XVxVIqmX,79,1/2-1/2,White,2133,<=5s vs 15-20s
IMkqgUvl,75,1-0,White,2098,<=5s vs 5-10s
GhdHa8fr,85,0-1,White,1426,<=5s vs <=5s
ZBQZAoCc,90,0-1,Black,2070,<=5s vs 5-10s
Dc1vpb3W,56,0-1,Black,1030,<=5s vs <=5s
dCvI8eB3,56,0-1,Black,819,<=5s vs <=5s
1HTthetC,91,1-0,White,1602,<=5s vs 15-20s
7e3IczNU,55,0-1,White,871,<=5s vs 5-10s
eqTPeuRS,73,1-0,White,2177,<=5s vs 5-10s
tRdzf9GR,105,1-0,White,2035,<=5s vs <=5s
2eU1qIOa,108,0-1,Black,2030,<=5s vs <=5s
TYwvtLhP,66,0-1,Black,2160,<=5s vs 10-15s
QmdEtUs0,100,0-1,Black,2242,<=5s vs 5-10s
z2EYrmbm,94,0-1,Black,2166,<=5s vs 10-15s
VYu11Yws,81,1-0,White,1976,<=5s vs <=5s
r8yyx4TL,76,0-1,Black,1823,<=5s vs <=5s
s6miBiMN,50,1-0,Black,1322,<=5s vs 5-10s
ky2wNeKh,76,1-0,Black,1767,<=5s vs <=5s
5He7pUYm,65,0-1,White,1070,<=5s vs 5-10s
mbnMMK8u,80,0-1,Black,2006,<=5s vs 5-10s
Wj2tVTt3,106,0-1,Black,2034,<=5s vs <=5s
Ag70zNIe,103,1-0,White,2266,<=5s vs <=5s
ouWqjbeL,88,0-1,Black,2085,<=5s vs 10-15s
7tXCpARF,64,1-0,Black,1840,<=5s vs <=5s
oZ6Ep935,51,1-0,White,1775,<=5s vs 5-10s
S3pKZYGZ,60,0-1,Black,994,<=5s vs 10-15s
HNNh5bNc,81,0-1,White,2239,<=5s vs <=5s
to6yZLB9,73,0-1,White,1472,<=5s vs <=5s
5YHLKD7E,90,1-0,Black,2567,<=5s vs <=5s
CY7XHEf7,68,0-1,Black,1678,<=5s vs 15-20s
oHS0Fh7S,144,0-1,Black,1702,<=5s vs <=5s
Rh9o6vWo,119,0-1,White,2042,<=5s vs 5-10s
IEyZfYIy,71,1-0,White,2168,<=5s vs 5-10s
8hN25aZ2,65,0-1,White,2069,<=5s vs <=5s
kVvOjEyZ,75,1-0,White,1511,<=5s vs <=5s
DJJEGM16,104,1-0,Black,2202,<=5s vs <=5s
7z7fod8p,88,0-1,Black,2017,<=5s vs <=5s
TnJ8IHRp,100,1/2-1/2,Black,1899,<=5s vs 5-10s
QplutGes,81,1-0,White,2080,<=5s vs 10-15s
LqmrZpet,80,0-1,Black,1985,<=5s vs <=5s
IHedhHRP,74,0-1,Black,2035,<=5s vs 5-10s
IQXSta72,105,1-0,White,2540,<=5s vs <=5s
SgCstoMq,91,1-0,White,2081,<=5s vs <=5s
LY8hinku,94,0-1,Black,2063,<=5s vs 5-10s
0yUDwqgh,71,1-0,White,2346,<=5s vs <=5s
TGqRzlsT,73,0-1,White,1685,<=5s vs 5-10s
G2dag6kF,102,1-0,Black,2153,<=5s vs <=5s
lbFpVJkf,96,0-1,Black,2051,<=5s vs <=5s
QNh8TYwT,75,1-0,White,1626,<=5s vs <=5s
KizYN2pG,116,0-1,Black,2342,<=5s vs <=5s
wZW9vQo4,103,0-1,White,2256,<=5s vs <=5s
V9wN1ToN,87,1-0,White,1701,<=5s vs 5-10s
DBzCKrQ2,105,1-0,White,2498,<=5s vs 10-15s
80jjT7hC,108,1-0,Black,2313,<=5s vs <=5s
W9Bvn5Tc,149,0-1,White,2177,<=5s vs <=5s
kJIcD6ak,129,1-0,White,2422,<=5s vs <=5s
GyjIaWWN,79,1-0,White,1930,<=5s vs 5-10s
lthackV8,55,1-0,White,1223,<=5s vs 5-10s
T1ugOP0g,35,1-0,White,854,<=5s vs 15-20s
Jmdc3JzY,70,0-1,Black,2154,<=5s vs <=5s
URjuGnIK,125,0-1,White,2338,<=5s vs <=5s
GBDNVPYl,97,0-1,White,1489,<=5s vs <=5s
egirUhMx,63,1-0,White,1387,<=5s vs 5-10s
yAUu26YO,97,0-1,White,2264,<=5s vs <=5s
BGQb9PZM,75,1-0,White,2410,<=5s vs 5-10s
mlZfc5nZ,89,0-1,White,2202,<=5s vs <=5s
CN0KQ8oy,61,1-0,White,1251,<=5s vs 10-15s
5gqYTvTe,71,1-0,White,1334,<=5s vs 5-10s
47bphVkt,136,1-0,Black,2459,<=5s vs <=5s
WHDGjbY0,39,1-0,White,827,<=5s vs 5-10s
JUTgulk2,109,0-1,White,1810,<=5s vs <=5s
QqxD1JJh,75,1-0,White,1771,<=5s vs 5-10s
hUeVtyWh,60,0-1,Black,2122,<=5s vs 15-20s
gIhdq80Y,91,1-0,White,1523,<=5s vs <=5s
EhzHTckf,61,1-0,White,996,<=5s vs <=5s
p4y4Rr7e,55,1-0,White,1741,<=5s vs 5-10s
mq1dEk6Y,135,1/2-1/2,White,2399,<=5s vs <=5s
whoUB1nE,145,0-1,White,2072,<=5s vs <=5s
8oYnCV5o,77,0-1,White,1576,<=5s vs 10-15s
BeLiXVr6,89,0-1,White,2481,<=5s vs <=5s
VLUeBxiQ,38,1-0,Black,951,<=5s vs <=5s
QR5mPtcH,68,1-0,Black,1679,<=5s vs <=5s
Zw9GSgTS,95,1-0,White,1487,<=5s vs <=5s
HTOvQEkH,103,0-1,White,2463,<=5s vs <=5s
VO8eOgyl,77,0-1,White,1985,<=5s vs <=5s
AbBAtvjK,45,1-0,White,2168,<=5s vs <=5s
Kwp2dT5j,64,0-1,Black,1673,<=5s vs <=5s
Jm6wdTzD,52,1-0,Black,1798,<=5s vs <=5s
8WrA1J5H,138,1-0,Black,2196,<=5s vs <=5s
szdCVTOO,81,1-0,White,2370,<=5s vs 10-15s
3oqSiHIo,94,1-0,Black,2568,<=5s vs 5-10s
K7A4DInK,70,0-1,Black,1580,<=5s vs 5-10s
sp1laeU4,100,0-1,Black,2297,<=5s vs <=5s
DFdPp3dm,84,0-1,Black,1918,<=5s vs <=5s
0uVewrWt,123,1-0,White,1658,<=5s vs <=5s
u3V2cBsC,88,0-1,Black,2739,<=5s vs 5-10s
er5pd7wo,65,1-0,White,1471,<=5s vs 15-20s
YgLV8hJB,112,1-0,Black,2061,<=5s vs <=5s
K4DKn15F,69,1-0,White,1789,<=5s vs 10-15s
ISqjMGds,85,1-0,White,2376,<=5s vs <=5s
dDNR8jqn,81,1-0,White,721,<=5s vs <=5s
DExCKcBV,129,1-0,White,2835,<=5s vs <=5s
jQ4KoSdH,136,0-1,Black,2547,<=5s vs <=5s
1eo5s7jy,96,1-0,Black,1362,<=5s vs <=5s
J5vC5zVY,65,1-0,White,1350,<=5s vs 5-10s
Ju1hvecD,90,0-1,Black,1818,<=5s vs 5-10s
Bzg6vqqO,80,1-0,Black,1683,<=5s vs <=5s
iyAqnUZJ,69,1-0,White,1356,<=5s vs 10-15s
6wojx0yv,63,1-0,White,1143,<=5s vs <=5s
TgOima57,117,1-0,White,1918,<=5s vs <=5s
S0NSeFuP,88,0-1,Black,1825,<=5s vs 5-10s
EjdxEzeK,53,0-1,White,1185,<=5s vs <=5s
e5f7YDZ4,141,0-1,White,2214,<=5s vs <=5s
NCYvpl8r,70,0-1,Black,1801,<=5s vs 5-10s
qO8PwfDi,90,1-0,Black,1747,<=5s vs <=5s
htzQa2mG,71,1-0,White,2474,<=5s vs <=5s
MzsKtkz6,71,1-0,White,1689,<=5s vs 5-10s
qKs7X9nD,88,0-1,Black,2137,<=5s vs <=5s
SUdZGrWp,77,1-0,White,1615,<=5s vs <=5s
GgfXCeWe,94,1-0,Black,2430,<=5s vs <=5s
13WVzhzv,124,0-1,Black,1785,<=5s vs <=5s
7BrYa3XE,80,0-1,Black,2070,<=5s vs <=5s
3Siht4kO,76,0-1,Black,1674,<=5s vs <=5s
AeESlWww,124,0-1,Black,2134,<=5s vs <=5s
Tj0XEfeC,64,0-1,Black,1381,<=5s vs 5-10s
bI9fMNxA,73,1-0,White,1429,<=5s vs 5-10s
2dcRGw8O,62,1-0,Black,1027,<=5s vs <=5s
mXygk34D,120,1-0,Black,2175,<=5s vs <=5s
fmbWt2ef,108,0-1,Black,2165,<=5s vs 5-10s
UFUBw7l7,104,1-0,Black,2694,<=5s vs <=5s
HmcDfwoC,80,0-1,Black,1806,<=5s vs <=5s
UAkQNNly,54,0-1,Black,1062,<=5s vs 5-10s
o7xXBdSu,63,0-1,White,1397,<=5s vs <=5s
DdZDirMi,71,1-0,White,1569,<=5s vs <=5s
IaaKCQhr,86,0-1,Black,2300,<=5s vs <=5s
wjWJpB1I,101,1-0,White,2614,<=5s vs <=5s
VzQ90dOg,103,1-0,White,1787,<=5s vs 10-15s
cf7Kb65l,93,1-0,White,1969,<=5s vs 5-10s
qrzvwNfv,85,1-0,White,1749,<=5s vs 5-10s
qZ9V6oyd,69,1-0,White,1187,<=5s vs <=5s
eJtMBBlk,111,0-1,White,1927,<=5s vs <=5s
xbxQ3ovu,67,1-0,White,1847,<=5s vs 10-15s
XGwEh4yh,93,1-0,White,1367,<=5s vs <=5s
tNwl1Dod,66,1/2-1/2,Black,1550,<=5s vs 15-20s
Yxh9yANe,63,1-0,White,1868,<=5s vs 10-15s
7QloClU6,51,1-0,White,1533,<=5s vs 15-20s
hiW8WZwF,58,1-0,Black,1643,<=5s vs <=5s
gdf5CfEs,119,0-1,White,2325,<=5s vs <=5s
VZ36VN55,121,1-0,White,1569,<=5s vs 5-10s
ltBE1Xgt,51,1-0,White,1594,<=5s vs 5-10s
9Bg4Rgcg,126,1/2-1/2,Black,2061,<=5s vs <=5s
qjTK1dY2,84,1-0,Black,2050,<=5s vs <=5s
JcT3d7mM,103,1-0,White,1941,<=5s vs <=5s
ZeflSUMX,74,0-1,Black,1956,<=5s vs 10-15s
mzKmaF2E,56,0-1,Black,1337,<=5s vs 10-15s
mdfPmyFv,67,1-0,White,1541,<=5s vs 10-15s
FYjMMBlf,111,0-1,White,1932,<=5s vs <=5s
hlX3dOTQ,83,1/2-1/2,White,1622,<=5s vs 15-20s
XyDz9yIV,100,0-1,Black,2030,<=5s vs 10-15s
24fV8Rl9,61,0-1,White,1920,<=5s vs <=5s
e2i1OjqV,88,0-1,Black,2717,<=5s vs <=5s
BHUfza5f,85,1-0,White,1722,<=5s vs <=5s
AZXfEksd,93,1-0,White,1821,<=5s vs 5-10s
QzXHNI40,81,1-0,White,2051,<=5s vs 5-10s
Ekbx0BUh,81,0-1,White,2487,<=5s vs <=5s
VYl8fKNX,85,1-0,White,2204,<=5s vs <=5s
SNXSvgOH,93,1-0,White,2314,<=5s vs 5-10s
bzw4NV5f,134,0-1,Black,2104,<=5s vs 5-10s
CDefQs2s,112,0-1,Black,1991,<=5s vs <=5s
p46L95Zq,83,1-0,White,1855,<=5s vs <=5s
fQqKKY5B,91,1-0,White,1536,<=5s vs 10-15s
SqC2LxlA,77,0-1,White,969,<=5s vs 5-10s
uFfcvG6O,56,0-1,Black,802,<=5s vs 10-15s
NkKBXKjl,89,0-1,White,1525,<=5s vs <=5s
HOST1Djf,92,0-1,Black,2070,<=5s vs <=5s
zjAsER5k,58,0-1,Black,1550,<=5s vs <=5s
zyGxM1Hj,65,0-1,White,1080,<=5s vs <=5s
6C0zhITc,92,1-0,Black,1742,<=5s vs <=5s
FuzjN2FW,61,1-0,White,1124,<=5s vs 5-10s
9ZIoQidm,67,1-0,White,2371,<=5s vs 5-10s
dvnkELMY,110,0-1,Black,2052,<=5s vs <=5s
Clsi8RhG,55,1-0,White,1476,<=5s vs <=5s
BT9py20w,76,1-0,Black,2164,<=5s vs <=5s
JnDSWoRj,94,0-1,Black,2605,<=5s vs <=5s
wpc78JZX,76,0-1,Black,1925,<=5s vs 5-10s
DIHAHbtb,95,1-0,White,1972,<=5s vs 5-10s
yc20dQvD,62,0-1,Black,2011,<=5s vs 5-10s
gqT4IzRB,119,0-1,White,2737,<=5s vs <=5s
HJy0I8AC,50,0-1,Black,1364,<=5s vs 15-20s
WEg6Xuyt,76,0-1,Black,1283,<=5s vs 15-20s
MtaNxnY6,132,0-1,Black,2804,<=5s vs <=5s
Ce8YWooN,60,1-0,Black,1390,<=5s vs <=5s
ZT76ivog,64,0-1,Black,1565,<=5s vs <=5s
6UcU1SWo,58,0-1,Black,1589,<=5s vs 15-20s
ux3miQqZ,73,1-0,White,1999,<=5s vs 10-15s
BMzRZelD,104,1-0,Black,1725,<=5s vs <=5s
32Oeu3cF,89,1-0,White,1982,<=5s vs <=5s
rcyPxJz0,87,1-0,White,2285,<=5s vs <=5s
NXbovyw5,61,1-0,White,1679,<=5s vs 5-10s
XGWKNdH5,87,1-0,White,1716,<=5s vs <=5s
PUSB9dAB,67,1-0,White,1196,<=5s vs <=5s
owt4qCms,99,1-0,White,2382,<=5s vs 10-15s
4jcZx9Tq,79,0-1,White,1943,<=5s vs <=5s
Hw6vvoeb,74,0-1,Black,1526,<=5s vs 5-10s
i4w3S3UA,132,1-0,Black,1546,<=5s vs <=5s
4PYBNKs3,76,0-1,Black,1465,<=5s vs 5-10s
gCIzGhng,71,1-0,White,1650,<=5s vs 5-10s
kvuN0jxl,133,0-1,White,2357,<=5s vs <=5s
nzbxcIOo,45,1-0,White,979,<=5s vs 15-20s
mrsJcNzt,62,0-1,Black,1777,<=5s vs <=5s
0iBc9oYE,72,0-1,Black,2174,<=5s vs <=5s
14SX4iMy,66,0-1,Black,1185,<=5s vs 5-10s
YQTjAsRn,56,0-1,Black,2434,<=5s vs <=5s
UJMT8Zph,64,0-1,Black,2049,<=5s vs 10-15s
r8aIDwvi,109,0-1,White,2019,<=5s vs <=5s
I06RqiZb,126,1-0,Black,2020,<=5s vs <=5s
DMTy7ZxH,54,0-1,Black,1823,<=5s vs <=5s
NuDEAL5k,87,0-1,White,1778,<=5s vs <=5s
7N3s180W,89,1-0,White,2207,<=5s vs <=5s
NXztseNJ,60,0-1,Black,2329,<=5s vs 10-15s
nFQHh4dP,55,1-0,White,1468,<=5s vs <=5s
D1eEZvxW,83,1-0,White,1952,<=5s vs <=5s
jxmZdl1a,92,0-1,Black,2031,<=5s vs <=5s
1MHzCGU2,105,1/2-1/2,White,1982,<=5s vs <=5s
Tg5ssDAU,67,0-1,White,2226,<=5s vs <=5s
i6FHszuP,69,1-0,White,1137,<=5s vs 5-10s
0qUr51ZU,86,0-1,Black,2305,<=5s vs 5-10s
Cn7I9JDm,81,1-0,White,1782,<=5s vs <=5s
28cc08Cj,52,0-1,Black,929,<=5s vs 10-15s
x6uW0tzd,73,0-1,White,2133,<=5s vs 5-10s
GAxLsdlR,122,1-0,Black,2471,<=5s vs <=5s
ZS1fd7tl,78,0-1,Black,1897,<=5s vs <=5s
34Qwyurl,77,1-0,White,2410,<=5s vs <=5s
mlTMPJKa,67,1-0,White,1018,<=5s vs 5-10s
6xeBta5q,91,1-0,White,2509,<=5s vs <=5s
OB7TUa1M,72,1-0,Black,2086,<=5s vs 5-10s
UlVEQkXO,81,0-1,White,1620,<=5s vs <=5s
bkg8lBJ6,77,1-0,White,1646,<=5s vs 5-10s
14vDMwJu,58,0-1,Black,1440,<=5s vs <=5s
RTrzKSfp,115,0-1,White,1359,<=5s vs <=5s
AUB0CpVo,99,0-1,White,2469,<=5s vs <=5s
kBCTVW1r,59,1-0,White,940,<=5s vs 15-20s
NsZoEscf,84,0-1,Black,2116,<=5s vs 10-15s
Toa4RjdG,68,1-0,Black,2034,<=5s vs <=5s
TPLzLPYA,106,1-0,Black,2601,<=5s vs <=5s
54sjM6xy,109,0-1,White,2496,<=5s vs <=5s
Hus85NFx,65,1-0,White,1733,<=5s vs <=5s
kCodzA29,43,1-0,White,1053,<=5s vs 10-15s
Do3kCKSQ,122,1-0,Black,2353,<=5s vs <=5s
K9QpueoB,90,0-1,Black,2423,<=5s vs <=5s
Pz6zaahW,61,1-0,White,1645,<=5s vs 5-10s
VaXj43fP,74,0-1,Black,1648,<=5s vs 5-10s
Gfq5r0w6,68,0-1,Black,2220,<=5s vs 10-15s
SrEBua1Q,90,0-1,Black,1836,<=5s vs 15-20s
5rqNvrdV,66,0-1,Black,1528,<=5s vs 10-15s
o3ih2H3Q,69,0-1,White,1958,<=5s vs <=5s
ALP3kBu3,64,0-1,Black,1694,<=5s vs <=5s
CN8n4oJn,68,0-1,Black,2063,<=5s vs <=5s
jX5vVJw7,93,1-0,White,2326,<=5s vs 5-10s
Vde8XDWm,93,1-0,White,1773,<=5s vs <=5s
4cp5WlCz,78,1-0,Black,1682,<=5s vs <=5s
pVKgZUoz,118,1/2-1/2,Black,2924,<=5s vs <=5s
TeNqP0W6,62,0-1,Black,1812,<=5s vs <=5s
zW2JEqM5,93,0-1,White,2504,<=5s vs <=5s
pQaGvQp1,92,0-1,Black,2063,<=5s vs 5-10s
Eft9FfSK,94,0-1,Black,1640,<=5s vs <=5s
uPn6V99L,134,1-0,Black,1870,<=5s vs <=5s
MUSWKYAy,122,1/2-1/2,Black,1747,<=5s vs 5-10s
NcEIr0FX,78,0-1,Black,2027,<=5s vs <=5s
V8989A44,160,0-1,Black,1950,<=5s vs <=5s
EhhLEWsE,73,0-1,White,2002,<=5s vs <=5s
UETccjuZ,60,1-0,Black,1049,<=5s vs <=5s
bxdIyfif,100,1-0,Black,2588,<=5s vs <=5s
Njy6OdmA,77,1-0,White,2327,<=5s vs 5-10s
HNTk2G15,113,1-0,White,2294,<=5s vs <=5s
i9H7bm55,68,0-1,Black,1574,<=5s vs 5-10s
PZc7vtEc,90,0-1,Black,2117,<=5s vs <=5s
wDjWYqh7,59,1-0,White,1169,<=5s vs 5-10s
4Ba9KMbP,137,1-0,White,2317,<=5s vs 5-10s
qpGhSsf4,91,1-0,White,1772,<=5s vs <=5s
HTu0Y2tO,62,0-1,Black,1203,<=5s vs <=5s
fmJLfIpa,77,0-1,White,2341,<=5s vs <=5s
dr38hYYN,70,0-1,Black,1762,<=5s vs 10-15s
1bY4IPVN,87,1-0,White,2199,<=5s vs 10-15s
D7xgOhRx,101,0-1,White,2341,<=5s vs <=5s
DG4TWGjD,88,0-1,Black,1955,<=5s vs <=5s
8Jcox47E,80,0-1,Black,1096,<=5s vs 5-10s
fSg4ODQj,85,1-0,White,2102,<=5s vs <=5s
GU9NhBr1,75,1-0,White,1875,<=5s vs <=5s
U9XDUgVD,79,1-0,White,2189,<=5s vs 10-15s
R7kxoJs8,138,1-0,Black,2407,<=5s vs 5-10s
MlNoeq1O,68,0-1,Black,2248,<=5s vs 5-10s
ENMMyO2j,48,0-1,Black,1794,<=5s vs <=5s
0NF5PNnX,169,1-0,White,2488,<=5s vs <=5s
QdyQP4mP,42,0-1,Black,1302,<=5s vs 10-15s
BxbzJ0mK,53,1-0,White,763,<=5s vs 5-10s
RtRB4KtJ,84,0-1,Black,2112,<=5s vs <=5s
GTCKkciq,123,1-0,White,1902,<=5s vs <=5s
RUpy0dA3,80,0-1,Black,2024,<=5s vs <=5s
QBOlniF1,79,0-1,White,1570,<=5s vs 5-10s
qwuePBQw,62,1-0,Black,1075,<=5s vs <=5s
thK6p0lO,67,0-1,White,998,<=5s vs <=5s
9eQ0Bul0,106,1-0,Black,1574,<=5s vs <=5s
hNeSbWeI,84,1-0,Black,2177,<=5s vs <=5s
EKThOMm7,70,1-0,Black,1749,<=5s vs <=5s
4nNWeOc7,45,1-0,White,980,<=5s vs <=5s
tUOFHfsD,70,0-1,Black,1098,<=5s vs 15-20s
SXhqUYAH,64,0-1,Black,1759,<=5s vs <=5s
c25QztvB,62,1-0,Black,1503,<=5s vs 5-10s
ZLQlTDww,109,0-1,White,2321,<=5s vs <=5s
ccwZgVkO,74,1-0,Black,1707,<=5s vs <=5s
yTC3nxTl,97,0-1,White,1963,<=5s vs <=5s
ADUe7WwS,76,0-1,Black,2129,<=5s vs <=5s
CqL0wv0r,53,1-0,White,1281,<=5s vs 15-20s
5dFfd5Yb,68,0-1,Black,1320,<=5s vs 5-10s
T8AC6tO8,63,1-0,White,1408,<=5s vs 5-10s
0Alqxe5M,86,1/2-1/2,Black,1818,<=5s vs <=5s
efCwWKla,71,1-0,White,1143,<=5s vs 15-20s
ZBT9RbUs,69,1-0,White,1811,<=5s vs 15-20s
2SbiGsXI,70,0-1,Black,1455,<=5s vs 10-15s
1OEmU9vf,101,0-1,White,1759,<=5s vs <=5s
ltHjHFF9,76,1-0,Black,2106,<=5s vs <=5s
d4CaCQJV,93,1-0,White,2005,<=5s vs 10-15s
wvZ7JNqU,83,1-0,White,2054,<=5s vs 5-10s
SVvM2Qtd,70,1-0,Black,1175,<=5s vs <=5s
az2ahcDM,110,0-1,Black,1945,<=5s vs 5-10s
EzwDzM5C,82,0-1,Black,1893,<=5s vs 5-10s
0viQRBDK,74,0-1,Black,2215,<=5s vs <=5s
WnlqRiR0,61,1-0,White,768,<=5s vs 15-20s
RrE31KIU,63,1-0,White,1017,<=5s vs 5-10s
UGgUv2Ht,69,1-0,White,2619,<=5s vs 5-10s
VVGxXPYT,174,1-0,Black,2194,<=5s vs <=5s
9Xctzip0,93,1-0,White,2694,<=5s vs <=5s
KDB6UAOU,82,0-1,Black,1064,<=5s vs 10-15s
BJBhVjt1,144,1-0,Black,2574,<=5s vs <=5s
krRJ0m1s,54,0-1,Black,1040,<=5s vs 10-15s
lijJFUsx,63,1-0,White,1436,<=5s vs <=5s
fRq9K5Z8,99,0-1,White,2480,<=5s vs 5-10s
7dfsGWHP,56,0-1,Black,2069,<=5s vs <=5s
6uxLgeSE,71,1-0,White,1970,<=5s vs 5-10s
OM8PZsWv,94,1-0,Black,2465,<=5s vs <=5s
dLSJmKFF,112,0-1,Black,2549,<=5s vs <=5s
2jmquucJ,67,1-0,White,2413,<=5s vs <=5s
rbVFcuIL,98,1/2-1/2,Black,2621,<=5s vs 5-10s
gAnYG9a6,60,0-1,Black,1215,<=5s vs 15-20s
YBXirpbw,94,0-1,Black,2074,<=5s vs <=5s
uwjiSFJ1,52,0-1,Black,1387,<=5s vs <=5s
sOH6AfFB,86,0-1,Black,2128,<=5s vs 5-10s
VlWeBsI1,99,1-0,White,2342,<=5s vs <=5s
lphYD2ka,70,0-1,Black,1860,<=5s vs 15-20s
Ap0pWvAY,64,0-1,Black,814,<=5s vs 5-10s
mbcr3MSJ,78,0-1,Black,1813,<=5s vs <=5s
TBxSCwfA,87,1-0,White,2148,<=5s vs <=5s
347VaH8H,70,0-1,Black,2165,<=5s vs 10-15s
9LUNAeSl,59,1-0,White,1102,<=5s vs 5-10s
F6cjMpVm,69,1-0,White,1329,<=5s vs 10-15s
GBvYAgXo,109,0-1,White,2205,<=5s vs <=5s
ElQLOBvi,46,0-1,Black,2392,<=5s vs 10-15s
Z5ujVR1P,77,1-0,White,2186,<=5s vs <=5s
aNcH0DZk,57,1-0,White,1273,<=5s vs 10-15s
YSGYEexb,121,1-0,White,2584,<=5s vs <=5s
NdsBdkYb,120,1/2-1/2,Black,2684,<=5s vs <=5s
XnHpGAUx,75,0-1,White,2655,<=5s vs <=5s
ILgcGC82,81,1-0,White,1954,<=5s vs 5-10s
zZP5w3vP,63,0-1,White,895,<=5s vs <=5s
ShRJDqZV,74,0-1,Black,1141,<=5s vs 5-10s
4G7fmUjo,70,0-1,Black,1351,<=5s vs 5-10s
PGicKO3Z,90,1-0,Black,1869,<=5s vs <=5s
0EwfqrGC,64,0-1,Black,1929,<=5s vs <=5s
0VM6JmQT,69,1-0,White,1869,<=5s vs <=5s
QhwVOlLv,86,1-0,Black,2149,<=5s vs 10-15s
rzuhrvmO,104,1-0,Black,2351,<=5s vs <=5s
pHMmVpXb,72,1-0,Black,2123,<=5s vs <=5s
Cc6iJlIz,109,0-1,White,2407,<=5s vs <=5s
LAmho7oW,106,0-1,Black,1909,<=5s vs 15-20s
1WBS0PJ1,87,1-0,White,2547,<=5s vs <=5s
FYnrxdH4,87,1-0,White,2118,<=5s vs 5-10s
9fkdZmbL,77,1-0,White,1807,<=5s vs <=5s
QmlxcYzS,64,0-1,Black,1601,<=5s vs <=5s
JghV9pqm,89,1-0,White,1998,<=5s vs <=5s
GXANjcQ8,97,1-0,White,2372,<=5s vs <=5s
MGBIyBaf,56,0-1,Black,1232,<=5s vs 15-20s
0037JdvT,141,0-1,White,2541,<=5s vs 15-20s
3bMyWSnG,84,0-1,Black,2177,<=5s vs <=5s
WfLhyXBv,70,1-0,Black,1275,<=5s vs 5-10s
Vx7gPaBc,54,0-1,Black,1769,<=5s vs 5-10s
MF4wnAYJ,56,0-1,Black,1320,<=5s vs 5-10s
qbTywfz0,62,1-0,Black,1826,<=5s vs <=5s
f81XYNFs,78,1-0,Black,1220,<=5s vs <=5s
rtGpHnta,66,0-1,Black,1447,<=5s vs 15-20s
UWp7L5Hx,70,0-1,Black,2111,<=5s vs <=5s
91t7pMN7,59,1-0,White,1652,<=5s vs <=5s
0wlXmTgJ,106,0-1,Black,2352,<=5s vs 10-15s
OPeoXSR7,77,1-0,White,2133,<=5s vs <=5s
3cqf9wNV,68,0-1,Black,1304,<=5s vs 5-10s
88p7xPrF,83,0-1,White,970,<=5s vs <=5s
zZGV5Xqq,65,1-0,White,1301,<=5s vs 5-10s
xtlqtKuX,64,0-1,Black,1387,<=5s vs <=5s
ae6s5Pmy,46,0-1,Black,1582,<=5s vs 10-15s
FgTbN21n,84,0-1,Black,2012,<=5s vs <=5s
YmpNvaeX,73,1-0,White,2129,<=5s vs 10-15s
fasxsrMt,70,1-0,Black,1908,<=5s vs 15-20s
J5Slee4m,84,0-1,Black,2102,<=5s vs <=5s
GVIJmjH2,135,0-1,White,2505,<=5s vs <=5s
E5eK5jft,89,0-1,White,2210,<=5s vs <=5s
rq40wwTG,83,1-0,White,3236,<=5s vs 5-10s
9v457D59,98,1-0,Black,1740,<=5s vs <=5s
Ty6EB9j3,105,1-0,White,1234,<=5s vs 15-20s
FvNAeNMx,97,0-1,White,2415,<=5s vs <=5s
rTxxSjV3,76,1-0,Black,1482,<=5s vs 10-15s
65VeRVCO,88,0-1,Black,2641,<=5s vs 5-10s
zHg1ArQo,78,0-1,Black,1394,<=5s vs <=5s
VLF9XnUS,99,1-0,White,1473,<=5s vs <=5s
p2YP2mTH,95,0-1,White,1508,<=5s vs <=5s
YXRYFF4O,54,0-1,Black,2067,<=5s vs <=5s
QjTyiOUX,144,0-1,Black,2524,<=5s vs <=5s
2qJxHLvy,39,1-0,White,824,<=5s vs 5-10s
Y1VOXnsl,88,1-0,Black,2146,<=5s vs <=5s
l4VYfYEI,136,0-1,Black,1997,<=5s vs <=5s
7p2aH8Yn,123,0-1,White,2337,<=5s vs <=5s
ozAUMp6s,54,0-1,Black,1595,<=5s vs 10-15s
gdwRTNFb,62,0-1,Black,1517,<=5s vs 5-10s
FaR4dhuY,111,1-0,White,1889,<=5s vs 5-10s
dHAXglpr,69,1-0,White,1521,<=5s vs <=5s
xxfHhNuz,47,1-0,White,1018,<=5s vs <=5s
1nIh1hN4,129,0-1,White,2013,<=5s vs <=5s
zSG37uJ8,111,0-1,White,2260,<=5s vs <=5s
OUAnokrj,118,0-1,Black,1773,<=5s vs 15-20s
LAmFOenl,41,0-1,White,1731,<=5s vs <=5s
ZOx1Uapw,94,1-0,Black,2211,<=5s vs <=5s
8xGTw4af,114,0-1,Black,2193,<=5s vs <=5s
NzPHazMy,72,0-1,Black,1132,<=5s vs <=5s
46vvdzct,97,0-1,White,2442,<=5s vs <=5s
0A7MuaDo,68,1-0,Black,1489,<=5s vs <=5s
3pnbI4I2,71,1-0,White,1465,<=5s vs 5-10s
6o5TztZ9,108,1/2-1/2,Black,2054,<=5s vs 15-20s
qAe22W27,123,1/2-1/2,White,2404,<=5s vs <=5s
PvIuFfS6,69,1-0,White,1856,<=5s vs 5-10s
hUsYviM8,47,1-0,White,1153,<=5s vs <=5s
VSmLNEGz,52,1-0,Black,1285,<=5s vs <=5s
kcubqp6v,73,1-0,White,2345,<=5s vs 10-15s
Qr3rA1zT,79,1-0,White,1484,<=5s vs <=5s
IOsbMurF,72,0-1,Black,1842,<=5s vs 5-10s
zFQ6PcoM,86,0-1,Black,1780,<=5s vs <=5s
6ZlWGNep,76,0-1,Black,2016,<=5s vs <=5s
QzLRCTTR,77,1-0,White,2283,<=5s vs 5-10s
9dPlLS7c,91,0-1,White,1902,<=5s vs 5-10s
CBISZgCk,99,1/2-1/2,White,1729,<=5s vs 5-10s
lGgE6ylQ,73,1-0,White,2051,<=5s vs 10-15s
n9uSMc3C,51,1-0,White,737,<=5s vs <=5s
bvrM1aKC,80,0-1,Black,2109,<=5s vs 15-20s
4pINTWyb,63,1-0,White,1517,<=5s vs <=5s
xaDRhMMn,71,0-1,White,1731,<=5s vs <=5s
3glI5KmZ,60,0-1,Black,1905,<=5s vs <=5s
Zn5rX4EZ,64,1-0,Black,1778,<=5s vs 5-10s
b7ZUtFfx,83,1-0,White,1728,<=5s vs <=5s
F6rRGVtJ,70,0-1,Black,1567,<=5s vs <=5s
240BYmZq,86,0-1,Black,1411,<=5s vs <=5s
k6SZFhN3,107,1-0,White,2110,<=5s vs <=5s
zbmvyYn0,105,1-0,White,2479,<=5s vs <=5s
2m5O4rYS,64,0-1,Black,897,<=5s vs 5-10s
O2xHFql6,84,0-1,Black,2374,<=5s vs <=5s
tTI6GUGG,81,1-0,White,1645,<=5s vs 10-15s
mwXD6d8N,47,1-0,White,1405,<=5s vs <=5s
BKSheLEW,59,1-0,White,966,<=5s vs 5-10s
aSnFigrW,93,0-1,White,2255,<=5s vs <=5s
Usb4rdzh,56,1-0,Black,1079,<=5s vs <=5s
DxWzTfMp,99,1-0,White,2063,<=5s vs <=5s
knvnKCKQ,47,1-0,White,969,<=5s vs 5-10s
ZOFstBqi,53,1-0,White,1339,<=5s vs 15-20s
AGJZ9EMx,51,1-0,White,1851,<=5s vs 10-15s
Y3hu9uOS,87,1-0,White,1938,<=5s vs 15-20s
UP5IoBC1,101,1-0,White,2094,<=5s vs 10-15s
99heNd8j,51,1-0,White,1528,<=5s vs 15-20s
QW59YpLy,65,0-1,White,1609,<=5s vs <=5s
tr1ViML2,86,1-0,Black,2008,<=5s vs <=5s
DoYHxbi1,73,1-0,White,1858,<=5s vs 10-15s
RROFflIl,65,1/2-1/2,White,2185,<=5s vs 10-15s
gIfPADhC,64,0-1,Black,1661,<=5s vs 5-10s
H7mGQXFw,74,0-1,Black,2201,<=5s vs <=5s
BoJDzOQX,89,1-0,White,2559,<=5s vs <=5s
1SHgkab9,103,0-1,White,2988,<=5s vs 5-10s
TVz1XQRX,51,1-0,White,1182,<=5s vs 15-20s
CuA6QyOQ,73,1-0,White,2250,<=5s vs 10-15s
uPAI60dA,98,0-1,Black,2404,<=5s vs <=5s
COhqmEBw,84,0-1,Black,2235,<=5s vs <=5s
QP8KFQe3,93,1-0,White,2248,<=5s vs <=5s
Z8OeKg3O,53,1-0,White,1121,<=5s vs 10-15s
EPAHlYIa,82,1-0,Black,1536,<=5s vs <=5s
eER95ept,60,1-0,Black,1049,<=5s vs 5-10s
I9GUn6Fz,56,0-1,Black,1120,<=5s vs 5-10s
tbkdMG0o,78,1-0,Black,1852,<=5s vs <=5s
Tzt4WYH6,117,0-1,White,2248,<=5s vs <=5s
dzdi8ANP,84,1-0,Black,2353,<=5s vs <=5s
BoKypj4N,78,0-1,Black,1615,<=5s vs <=5s
Xda2STPS,59,1-0,White,1845,<=5s vs <=5s
47t8ZRjS,68,0-1,Black,1783,<=5s vs 5-10s
FieiCLHh,74,1-0,Black,1979,<=5s vs <=5s
UaOCNfcp,77,1-0,White,2070,<=5s vs 15-20s
4TCJLbXi,69,1-0,White,1180,<=5s vs 5-10s
jKF5iUfG,79,1-0,White,2063,<=5s vs 15-20s
tzLSuFOP,70,0-1,Black,1633,<=5s vs 15-20s
8WwEQUh4,87,1-0,White,1912,<=5s vs <=5s
vrAu2KFB,90,0-1,Black,1625,<=5s vs <=5s
B5Y5oUQr,98,0-1,Black,2496,<=5s vs <=5s
NY9PC1HR,100,0-1,Black,2146,<=5s vs 10-15s
wnoGdvvx,57,1-0,White,1764,<=5s vs 15-20s
9TQVR9dc,88,0-1,Black,1658,<=5s vs 5-10s
BBae81MN,122,1/2-1/2,Black,2574,<=5s vs <=5s
lHNRN6d3,90,0-1,Black,2177,<=5s vs 5-10s
QNEbMXik,92,1-0,Black,2094,<=5s vs <=5s
tejnZ7oO,115,1-0,White,2401,<=5s vs 5-10s
p8qXiYvD,50,0-1,Black,1514,<=5s vs 5-10s
9Kt5IhQ5,60,0-1,Black,1760,<=5s vs <=5s
65DaOZEY,68,0-1,Black,1316,<=5s vs <=5s
0JvIOVZv,66,0-1,Black,1787,<=5s vs 15-20s
lCJ4ucfZ,59,0-1,White,993,<=5s vs <=5s
772f6R6F,72,0-1,Black,1340,<=5s vs <=5s
mmYzOc0b,70,0-1,Black,1633,<=5s vs <=5s
FQzXBqWw,56,0-1,Black,1249,<=5s vs 10-15s
A5aoPB8B,66,0-1,Black,1599,<=5s vs 15-20s
6xYbhfqT,89,1-0,White,1866,<=5s vs <=5s
4OgofGlk,110,0-1,Black,2066,<=5s vs 5-10s
RMvBSWqH,94,1-0,Black,2052,<=5s vs <=5s
38K4zOI4,101,1-0,White,2199,<=5s vs 5-10s
VhVaPBjV,97,1/2-1/2,White,2218,<=5s vs 5-10s
55cLQiAj,110,1/2-1/2,Black,1893,<=5s vs <=5s
fXqHkDwr,68,0-1,Black,2263,<=5s vs 5-10s
NA9wuJnN,77,1-0,White,2057,<=5s vs 5-10s
3qykQWgQ,109,0-1,White,2531,<=5s vs <=5s
lXe42xV1,134,0-1,Black,2383,<=5s vs 10-15s
voVK0yyE,93,1-0,White,2351,<=5s vs 5-10s
ihqMYDa9,86,1-0,Black,2219,<=5s vs <=5s
eh5945ST,84,0-1,Black,2411,<=5s vs <=5s
YJK7myBL,68,0-1,Black,2142,<=5s vs 5-10s
5QV7Omrh,77,1-0,White,1034,<=5s vs 10-15s
QLnAKnIi,70,0-1,Black,1902,<=5s vs 5-10s
WtqFQH2g,71,1-0,White,2396,<=5s vs 5-10s
fg8VIpww,84,1-0,Black,2781,<=5s vs 10-15s
qKBCcG4M,68,0-1,Black,2174,<=5s vs <=5s
xKFJ2kGR,84,0-1,Black,1991,<=5s vs 5-10s
MX1U2Tfv,107,1-0,White,2781,<=5s vs <=5s
NCk78E1I,132,0-1,Black,2421,<=5s vs <=5s
lPDlTSyb,52,0-1,Black,1415,<=5s vs <=5s
NsQCwVWu,73,1-0,White,2255,<=5s vs <=5s
EXqYrpn8,42,0-1,Black,1129,<=5s vs <=5s
yTPdIZM8,82,1-0,Black,2059,<=5s vs <=5s
eLBXWGUg,53,1-0,White,1325,<=5s vs 15-20s
bZpuXiJf,103,1-0,White,2092,<=5s vs 5-10s
GZIWO05X,125,0-1,White,1919,<=5s vs <=5s
oxnGCe5p,121,1-0,White,2391,<=5s vs <=5s
t6LszXgb,87,1-0,White,1608,<=5s vs <=5s
NnSj8Nv5,102,0-1,Black,1670,<=5s vs 5-10s
5s67puHR,54,1-0,Black,1345,<=5s vs <=5s
yOIVNl2n,68,0-1,Black,1864,<=5s vs 10-15s
yzTHYe1G,42,0-1,Black,663,<=5s vs 10-15s
s1fAw4N6,64,0-1,Black,1790,<=5s vs 10-15s
ozSJUf8j,117,0-1,White,2099,<=5s vs <=5s
DMzm2r1o,91,0-1,White,2118,<=5s vs <=5s
UXNz9JQZ,69,0-1,White,1764,<=5s vs <=5s
PlOAt05G,90,0-1,Black,2339,<=5s vs <=5s
fLtmoHVP,77,1-0,White,1742,<=5s vs 5-10s
d2A6ypNX,68,0-1,Black,1651,<=5s vs 15-20s
LfhK4MqD,137,1-0,White,1893,<=5s vs <=5s
W2H0Pw5F,82,0-1,Black,1469,<=5s vs 5-10s
V7Ewj8wm,132,1/2-1/2,Black,2371,<=5s vs <=5s
OD2wZaMZ,84,0-1,Black,1673,<=5s vs <=5s
O6sntr3g,107,1/2-1/2,White,2000,<=5s vs 10-15s
1VM6mi3Q,93,1-0,White,2116,<=5s vs <=5s
R9leZCKx,73,1-0,White,2198,<=5s vs <=5s
MvpSc1tW,114,1-0,Black,2391,<=5s vs <=5s
WSmZkf3i,84,0-1,Black,2244,<=5s vs <=5s
KRvzCuWk,86,0-1,Black,1612,<=5s vs 15-20s
cDa7NFSO,58,1-0,Black,1309,<=5s vs 15-20s
4YKbaiTr,93,1-0,White,2590,<=5s vs <=5s
LuOu2kr3,74,0-1,Black,2057,<=5s vs <=5s
DGD8i94o,73,1-0,White,2279,<=5s vs 5-10s
1dEtQueE,45,1-0,White,1715,<=5s vs 15-20s
0G1NcXpv,109,1-0,White,2131,<=5s vs <=5s
MzyyXOPg,78,0-1,Black,1086,<=5s vs 5-10s
ik9em4J9,71,0-1,White,1665,<=5s vs <=5s
RZjzbDv2,49,1-0,White,1718,<=5s vs 5-10s
mIKjr4N9,80,0-1,Black,1882,<=5s vs 5-10s
yLy88WLV,52,1-0,Black,1263,<=5s vs <=5s
jEY9RfJK,79,0-1,White,2064,<=5s vs <=5s
5ZbzunOb,62,0-1,Black,1452,<=5s vs <=5s
KFj41IKE,73,1-0,White,2188,<=5s vs 15-20s
DwA4BKKn,87,1-0,White,2524,<=5s vs 5-10s
Gt6a7TYU,90,1-0,Black,2309,<=5s vs <=5s
VMP0AmJq,140,0-1,Black,2062,<=5s vs <=5s
9VK2Xwke,66,0-1,Black,2345,<=5s vs <=5s
j0iiiJa3,103,1-0,White,2361,<=5s vs 5-10s
YmO7GTIC,47,1-0,White,1345,<=5s vs 5-10s
SliWhmEF,81,1-0,White,1430,<=5s vs <=5s
UNdRgqJL,85,1-0,White,998,<=5s vs 10-15s
FuavK8Le,60,0-1,Black,1648,<=5s vs 10-15s
BGJeKoWn,99,1-0,White,2481,<=5s vs <=5s
U7JK4CFK,68,0-1,Black,1880,<=5s vs <=5s
22A2H3cZ,62,0-1,Black,1279,<=5s vs 10-15s
1FYTj1DL,115,0-1,White,2129,<=5s vs 5-10s
x6zOQAO1,85,1-0,White,2882,<=5s vs <=5s
KhUtvw7D,91,1/2-1/2,White,1536,<=5s vs <=5s
qnRzS9Ut,65,0-1,White,1518,<=5s vs <=5s
3mBzWhw5,63,1-0,White,1273,<=5s vs 5-10s
Xc5O9fHZ,110,0-1,Black,2355,<=5s vs 5-10s
7T8ZiK6O,74,1-0,Black,1056,<=5s vs <=5s
LF1zcDxl,108,0-1,Black,2296,<=5s vs <=5s
v2m76643,91,1-0,White,1839,<=5s vs <=5s
DBdBnF3v,74,1-0,Black,2129,<=5s vs <=5s
3ch7MJL0,64,0-1,Black,2009,<=5s vs 5-10s
I6ZZyU0n,52,0-1,Black,1450,<=5s vs 5-10s
STOhdc1A,73,1-0,White,1959,<=5s vs 10-15s
sFg0nfbB,105,0-1,White,2164,<=5s vs <=5s
NNjVo4sv,66,0-1,Black,1354,<=5s vs <=5s
IGVk4f6S,89,1-0,White,2381,<=5s vs 5-10s
yPC6xiW0,66,0-1,Black,1439,<=5s vs 5-10s
WH0C97BB,62,0-1,Black,2510,<=5s vs 15-20s
fLYqSxTD,61,1-0,White,2341,<=5s vs 5-10s
vqZWn0x4,61,1-0,White,1470,<=5s vs 5-10s
2VKLLOEX,95,0-1,White,2277,<=5s vs <=5s
7vL7Sqzw,75,1-0,White,2217,<=5s vs 5-10s
FQrQpSM3,108,1-0,Black,2327,<=5s vs <=5s
hQ2xHM4f,153,1-0,White,2230,<=5s vs <=5s
T6IrvwBu,86,0-1,Black,1390,<=5s vs <=5s
PaB7sZOu,72,0-1,Black,2268,<=5s vs 10-15s
V8pum83T,77,0-1,White,1725,<=5s vs <=5s
8Qai6BNi,78,1-0,Black,1299,<=5s vs <=5s
UcmJaTKc,115,0-1,White,2232,<=5s vs <=5s
4KtrJkI7,74,0-1,Black,1492,<=5s vs 10-15s
VBKZeK5r,86,0-1,Black,1332,<=5s vs <=5s
5V9peo0d,95,1-0,White,1931,<=5s vs 5-10s
z6PIeySy,66,1-0,Black,1861,<=5s vs <=5s
AdRfRwIJ,64,1-0,Black,2091,<=5s vs <=5s
V1JHYs2z,93,0-1,White,2193,<=5s vs 5-10s
r2otnXbb,53,1-0,White,988,<=5s vs <=5s
5ZNNO1Cz,94,0-1,Black,2399,<=5s vs 10-15s
8PrSEWqZ,73,1-0,White,1026,<=5s vs 5-10s
U0zNGg23,74,0-1,Black,1808,<=5s vs <=5s
zuGYaWcw,63,1-0,White,1180,<=5s vs <=5s
MLcPaBQ7,79,1-0,White,2076,<=5s vs 10-15s
SFSW0GYS,88,1-0,Black,1758,<=5s vs <=5s
ccLLJq8L,52,0-1,Black,986,<=5s vs 10-15s
cpSs9gEr,69,0-1,White,1166,<=5s vs <=5s
cUlJ9gWk,104,0-1,Black,2459,<=5s vs <=5s
AGt6OjQA,97,1-0,White,2142,<=5s vs 5-10s
v4cMPdo3,97,1-0,White,1992,<=5s vs 10-15s
4eoxFTLx,100,1-0,Black,1609,<=5s vs <=5s
g5NlzDDA,63,1-0,White,989,<=5s vs <=5s
VSBiz6Sb,124,1-0,Black,1946,<=5s vs 5-10s
2Xdhn7VG,105,0-1,White,2656,<=5s vs <=5s
RHkIofly,87,0-1,White,1970,<=5s vs <=5s
V5Shb2hS,66,0-1,Black,1480,<=5s vs <=5s
Le51Grgi,103,0-1,White,1798,<=5s vs <=5s
dWyXpA3m,73,1-0,White,1672,<=5s vs 5-10s
YzNH3Ls5,81,1-0,White,1443,<=5s vs 5-10s
DCVrevLE,110,0-1,Black,2061,<=5s vs 5-10s
sMqDto4K,80,0-1,Black,2249,<=5s vs <=5s
P37B15ps,109,0-1,White,2406,<=5s vs <=5s
XcsNtI79,89,0-1,White,2242,<=5s vs <=5s
idxJY0Xx,84,0-1,Black,1693,<=5s vs 5-10s
DzOK9hfy,134,0-1,Black,2375,<=5s vs <=5s
1c6i0dVC,75,1-0,White,2229,<=5s vs <=5s
ZwtMh5RR,118,1-0,Black,2090,<=5s vs <=5s
knbcheTB,74,0-1,Black,2436,<=5s vs 5-10s
Pl1YaAB9,89,0-1,White,1989,<=5s vs <=5s
HHf89ezA,81,1-0,White,1761,<=5s vs 15-20s
XWZrYTK8,49,1-0,White,1696,<=5s vs <=5s
ZtBMCAMi,79,0-1,White,1617,<=5s vs <=5s
RgAVqunl,57,0-1,White,1170,<=5s vs <=5s
CNggO4bw,122,0-1,Black,2703,<=5s vs <=5s
iSTbURbJ,94,0-1,Black,1761,<=5s vs 5-10s
8BVEQA5X,125,0-1,White,1522,<=5s vs 5-10s
UQWdofcL,145,1-0,White,1832,<=5s vs 5-10s
mXzfCDJ8,50,0-1,Black,1159,<=5s vs 10-15s
4kuEGEhj,51,1-0,White,1308,<=5s vs 5-10s
5m8OXmLv,117,1-0,White,2112,<=5s vs 10-15s
QM9xl83X,53,0-1,White,1094,<=5s vs <=5s
07F3go7d,124,1/2-1/2,Black,2298,<=5s vs <=5s
J7S0cidF,74,0-1,Black,2222,<=5s vs <=5s
2EuAfFdb,57,1-0,White,1206,<=5s vs 10-15s
4pGoUAAy,53,1-0,White,1536,<=5s vs 5-10s
tQ0q1gMs,73,1-0,White,2304,<=5s vs 10-15s
8Ez2s3dg,54,0-1,Black,1353,<=5s vs 10-15s
CYs4cxtL,53,1-0,White,1515,<=5s vs 15-20s
1VyrnMto,107,0-1,White,2600,<=5s vs <=5s
n6lBFGEg,105,1-0,White,2867,<=5s vs <=5s
0bvXeKPa,130,1-0,Black,2006,<=5s vs <=5s
jozPgO0n,85,1-0,White,1888,<=5s vs 5-10s
x9LmHNxw,45,1-0,White,968,<=5s vs 15-20s
jxgtCXmc,138,1/2-1/2,Black,2313,<=5s vs <=5s
e0H6hM5S,61,1-0,White,2244,<=5s vs <=5s
eH359mVk,68,0-1,Black,2130,<=5s vs <=5s
o5qMvA4V,104,0-1,Black,2749,<=5s vs <=5s
k4VvfRDl,159,0-1,White,1601,<=5s vs 15-20s
WfpClmyM,57,1-0,White,1612,<=5s vs 15-20s
wNg6bca7,84,0-1,Black,2232,<=5s vs <=5s
5cdnKGlT,123,1-0,White,2457,<=5s vs <=5s
Cz95l1QC,66,0-1,Black,1753,<=5s vs <=5s
QBuTo7Hv,92,0-1,Black,2816,<=5s vs <=5s
NJsdXdha,77,1-0,White,1295,<=5s vs 5-10s
ww8CW9k0,149,0-1,White,2487,<=5s vs <=5s
KB0cyDUO,76,0-1,Black,1290,<=5s vs 10-15s
EetcB0up,118,0-1,Black,2236,<=5s vs <=5s
9CG9vOcJ,81,0-1,White,2024,<=5s vs <=5s
ExveCL7F,113,1-0,White,2007,<=5s vs <=5s
PBDSuswZ,84,1-0,Black,1504,<=5s vs 5-10s
efCHESz6,77,1-0,White,1847,<=5s vs <=5s
43zl44zW,67,1-0,White,1452,<=5s vs 10-15s
bDeFvLhp,79,1-0,White,1348,<=5s vs 5-10s
MV6JAhBk,66,0-1,Black,1178,<=5s vs 15-20s
rlrCIrgO,69,1-0,White,2219,<=5s vs <=5s
JlmzqkNu,65,1-0,White,930,<=5s vs <=5s
JzM0CMv3,90,0-1,Black,1335,<=5s vs <=5s
C0tFuaUI,96,0-1,Black,2399,<=5s vs 10-15s
0I3w4ItN,71,1-0,White,2875,<=5s vs 5-10s
8WoeCsR2,89,1-0,White,1781,<=5s vs 5-10s
1gMFXTg6,73,1-0,White,1650,<=5s vs 15-20s
4CTHh8L9,92,0-1,Black,2611,<=5s vs <=5s
NZcatylD,126,0-1,Black,2393,<=5s vs 5-10s
SNTasyhe,60,0-1,Black,1028,<=5s vs 10-15s
M4wi9SCZ,77,1-0,White,2374,<=5s vs 10-15s
esz4hxCF,75,0-1,White,1765,<=5s vs <=5s
XmgajCMd,73,1-0,White,2175,<=5s vs <=5s
4ip3TTr4,101,0-1,White,1999,<=5s vs <=5s
UvRvtsXL,65,0-1,White,1717,<=5s vs <=5s
VTwkXuaf,121,1-0,White,2457,<=5s vs 5-10s
BAuPn0Zs,96,0-1,Black,1824,<=5s vs <=5s
8EWb8SCu,67,0-1,White,1192,<=5s vs <=5s
gGPtmVMx,131,1/2-1/2,White,2422,<=5s vs <=5s
206nmEuq,83,0-1,White,2263,<=5s vs 5-10s
E9C9fTTd,60,1-0,Black,1877,<=5s vs <=5s
JyFQPbIm,75,1-0,White,1590,<=5s vs 5-10s
2Ua2XnFg,63,1-0,White,1960,<=5s vs 10-15s
ukFtFBk7,59,1-0,White,1075,<=5s vs <=5s
JwE9BEKW,96,0-1,Black,1858,<=5s vs <=5s
w1slHMaz,76,1-0,Black,1636,<=5s vs <=5s
ZTpSZm7p,94,1-0,Black,1656,<=5s vs <=5s
dWHQzqBB,70,0-1,Black,1403,<=5s vs 5-10s
cwgnlOoZ,55,0-1,White,2708,<=5s vs <=5s
smTzGN0o,101,0-1,White,2769,<=5s vs 5-10s
NgbuMwd3,67,1-0,White,2226,<=5s vs 10-15s
XLH131ks,75,1-0,White,2333,<=5s vs <=5s
iyUnaRCg,98,1-0,Black,2189,<=5s vs <=5s
07Rz9oSx,97,0-1,White,2606,<=5s vs <=5s
oRQXJ9fS,88,0-1,Black,2174,<=5s vs <=5s
CCmrNG3r,59,1-0,White,1978,<=5s vs 5-10s
ihjUVesg,215,1-0,White,2138,<=5s vs <=5s
gTQp3uqX,107,1-0,White,1881,<=5s vs <=5s
4VvKWwnH,93,1-0,White,2016,<=5s vs <=5s
m3frQqSN,83,1-0,White,2689,<=5s vs 10-15s
0KXSyihx,103,1-0,White,1949,<=5s vs 5-10s
M5dva6Vv,59,0-1,White,1312,<=5s vs <=5s
zVZqIsDf,55,1-0,White,1355,<=5s vs 15-20s
p81gXPjl,47,1-0,White,1000,<=5s vs 10-15s
VSbspDgm,70,0-1,Black,1934,<=5s vs 5-10s
7qNg1gWB,59,1-0,White,2234,<=5s vs 5-10s
UZbOsBiU,65,1-0,White,2256,<=5s vs 5-10s
bq7VEk0e,75,1-0,White,1351,<=5s vs 5-10s
R47TGgr7,114,0-1,Black,1875,<=5s vs 5-10s
lsysYzfb,75,1-0,White,1570,<=5s vs <=5s
BhP3ucy1,83,1-0,White,1837,<=5s vs 5-10s
Se2QdcmT,92,0-1,Black,2404,<=5s vs 5-10s
IkCSvLfk,73,1-0,White,2161,<=5s vs <=5s
1BkBoLLj,116,1/2-1/2,Black,2820,<=5s vs <=5s
WJ2Fc96l,71,1-0,White,2067,<=5s vs 5-10s
wCL5WJmm,68,0-1,Black,2357,<=5s vs 15-20s
spLKmWtx,88,0-1,Black,1791,<=5s vs 10-15s
ZocTBjIk,65,0-1,White,2047,<=5s vs 5-10s
eoqlzmjK,47,1-0,White,1512,<=5s vs 10-15s
O7nyLMtz,61,1-0,White,2054,<=5s vs 5-10s
BYPJW8YU,93,1-0,White,1897,<=5s vs <=5s
oDBiw2cX,100,1-0,Black,2445,<=5s vs <=5s
yzpmYYB6,42,0-1,Black,1273,<=5s vs 15-20s
Blkgrm04,106,0-1,Black,2207,<=5s vs <=5s
1QMCkZBr,94,1-0,Black,2030,<=5s vs <=5s
jE1CiM53,139,1-0,White,1918,<=5s vs <=5s
IT1epLEp,112,0-1,Black,1659,<=5s vs <=5s
bK6cQPrE,142,1-0,Black,1742,<=5s vs <=5s
If1K3TUw,111,0-1,White,2151,<=5s vs <=5s
vkiWPoqy,35,1-0,White,766,<=5s vs 10-15s
p0DYmI2k,82,0-1,Black,1351,<=5s vs 10-15s
hpoFxwHo,89,0-1,White,1105,<=5s vs <=5s
CVPuNZVd,81,0-1,White,2016,<=5s vs <=5s
RCWmRPK8,73,1-0,White,2069,<=5s vs 5-10s
Upj3zXlc,50,0-1,Black,966,<=5s vs 5-10s
s5JK2U8S,75,0-1,White,2240,<=5s vs <=5s
KqjQ3vtl,114,0-1,Black,2439,<=5s vs <=5s
V5Wkut30,69,1-0,White,2423,<=5s vs 5-10s
5wRcpBQK,63,1-0,White,1806,<=5s vs 10-15s
WLKpvG7B,123,1/2-1/2,White,2434,<=5s vs <=5s
fVOES5Tu,107,1-0,White,2277,<=5s vs 5-10s
Dq69Kbm7,107,1-0,White,1391,<=5s vs <=5s
KcAwv9Xz,58,1-0,Black,1697,<=5s vs <=5s
pXwGz5WY,56,0-1,Black,1330,<=5s vs <=5s
KpfZQtn0,69,0-1,White,1712,<=5s vs <=5s
0yRPTL9r,128,1-0,Black,2622,<=5s vs <=5s
BwyficuV,73,1-0,White,1841,<=5s vs <=5s
IK6yKbbG,73,1-0,White,1509,<=5s vs 5-10s
9lW8d2QB,54,0-1,Black,1606,<=5s vs 5-10s
n76Sw1vM,121,0-1,White,1502,<=5s vs 5-10s
jAlXDPbH,81,1-0,White,1778,<=5s vs <=5s
pET7YNU5,77,1-0,White,2238,<=5s vs <=5s
gPegVwkF,88,0-1,Black,2282,<=5s vs <=5s
9PwG6mBR,59,0-1,White,1163,<=5s vs <=5s
mVnCbMp8,71,1-0,White,1748,<=5s vs 10-15s
UVa8olcO,73,1-0,White,1717,<=5s vs 5-10s
Fx1pfwnE,77,1-0,White,1245,<=5s vs 5-10s
BvOkwPZu,101,0-1,White,1939,<=5s vs <=5s
alvVYpxu,69,1-0,White,2519,<=5s vs <=5s
ouPaUEbM,93,0-1,White,2569,<=5s vs <=5s
LXDVYkBE,71,1-0,White,2129,<=5s vs 10-15s
UrtqelTP,58,0-1,Black,1774,<=5s vs <=5s
nA0GYjHT,65,1-0,White,2100,<=5s vs <=5s
NM9e0P9I,65,1-0,White,1449,<=5s vs 15-20s
TmTpvVIB,73,1-0,White,2244,<=5s vs <=5s
bVvBirsl,100,0-1,Black,2456,<=5s vs 5-10s
UUfYbg2S,105,1-0,White,2096,<=5s vs <=5s
f9oDjKjp,85,1-0,White,1643,<=5s vs <=5s
UGBVakTm,55,1-0,White,1559,<=5s vs 15-20s
khEbl7Jh,139,0-1,White,2594,<=5s vs <=5s
hDQ02uel,52,0-1,Black,1139,<=5s vs 5-10s
XiMtUqlJ,87,1-0,White,2347,<=5s vs <=5s
OcDxVGPC,122,1/2-1/2,Black,1080,<=5s vs 15-20s
vUsnN3Y4,150,1/2-1/2,Black,1974,<=5s vs <=5s
AQUOeERe,138,1-0,Black,2651,<=5s vs <=5s
GGHgCreG,89,1-0,White,1828,<=5s vs 5-10s
14B55iAJ,81,0-1,White,2351,<=5s vs <=5s
xE4WARhY,61,1-0,White,1606,<=5s vs <=5s
Sm3IxUm0,77,1-0,White,1851,<=5s vs 10-15s
3CzxYug3,71,1-0,White,2163,<=5s vs 10-15s
hbePLoIJ,112,0-1,Black,2506,<=5s vs 5-10s
OFOWppAf,69,0-1,White,1277,<=5s vs <=5s
K0hdXnKx,61,1-0,White,2334,<=5s vs <=5s
DBMODcWo,91,1-0,White,1683,<=5s vs <=5s
kJ6u4M0r,43,1-0,White,866,<=5s vs 10-15s
qK5TUeix,70,0-1,Black,1889,<=5s vs <=5s
VFg75ZCC,134,0-1,Black,2454,<=5s vs <=5s
dDwcKqHa,68,1-0,Black,1481,<=5s vs <=5s
leTto6gE,47,1-0,White,872,<=5s vs 10-15s
R8jCFwiT,100,1-0,Black,2302,<=5s vs <=5s
UB553Wej,71,1-0,White,1238,<=5s vs <=5s
9NGCtmM5,57,0-1,White,880,<=5s vs <=5s
WVQYA1Ad,64,0-1,Black,1109,<=5s vs <=5s
JLYXGCzV,69,1-0,White,1216,<=5s vs 5-10s
XtL7Xwmp,77,1-0,White,1758,<=5s vs 5-10s
K36I67Nh,84,1/2-1/2,Black,2679,<=5s vs <=5s
WNRvheeu,70,1-0,Black,1217,<=5s vs <=5s
mRak5cRN,86,0-1,Black,1516,<=5s vs <=5s
3LVEqDVU,93,1-0,White,1882,<=5s vs <=5s
ZUu3DLUi,80,1-0,Black,2012,<=5s vs <=5s
uXc8pvxA,86,0-1,Black,2196,<=5s vs 15-20s
ZTx17UWP,85,0-1,White,2347,<=5s vs 15-20s
hkiQtli6,76,0-1,Black,1777,<=5s vs <=5s
HwsKa7S4,57,1/2-1/2,White,2278,<=5s vs 5-10s
hr0EZZ6y,85,1-0,White,2330,<=5s vs <=5s
bE6hnr1S,61,1-0,White,2155,<=5s vs 10-15s
75z3AsqW,98,0-1,Black,1608,<=5s vs 5-10s
uHqclyj6,61,1-0,White,1844,<=5s vs 10-15s
NbOftCUa,53,1-0,White,948,<=5s vs <=5s
WeQImNEE,95,0-1,White,2242,<=5s vs <=5s
3cxd45dz,60,0-1,Black,1142,<=5s vs 5-10s
TT3ldwPh,99,0-1,White,2399,<=5s vs <=5s
RVrGrDBa,61,0-1,White,2136,<=5s vs <=5s
lSnRQrae,105,0-1,White,1930,<=5s vs <=5s
4ZoFYBxO,112,1-0,Black,2513,<=5s vs <=5s
USoJVuLJ,94,0-1,Black,1982,<=5s vs 5-10s
cEJEhXmc,103,0-1,White,2050,<=5s vs <=5s
SwtUe7ua,61,1-0,White,1576,<=5s vs 5-10s
NNKKJJo2,58,0-1,Black,1700,<=5s vs 15-20s
cRBfZRHj,37,1-0,White,1027,<=5s vs 15-20s
FRiY9DEm,56,0-1,Black,1079,<=5s vs 10-15s
Iohw8wgw,97,1-0,White,2403,<=5s vs 5-10s
WgZydNX0,55,0-1,White,1625,<=5s vs 5-10s
T3daJttd,99,0-1,White,2405,<=5s vs <=5s
QI4IQcCF,114,0-1,Black,1908,<=5s vs <=5s
q5RaMW9W,65,1-0,White,1931,<=5s vs 5-10s
F0ISuTkK,47,0-1,White,968,<=5s vs <=5s
5ERiHi4e,87,1-0,White,2039,<=5s vs 5-10s
p221vXZm,77,0-1,White,1973,<=5s vs 5-10s
zqF5xhsy,50,0-1,Black,1601,<=5s vs 5-10s
eV9AHNyg,61,0-1,White,1835,<=5s vs <=5s
axORJ5al,59,1-0,White,1402,<=5s vs 10-15s
q2ysoQ1U,77,0-1,White,1764,<=5s vs <=5s
T4PEtI2e,89,0-1,White,2266,<=5s vs <=5s
hk1y90iq,126,1-0,Black,2162,<=5s vs <=5s
F3nhmGWE,102,0-1,Black,2424,<=5s vs <=5s
qPpH8PZu,65,1-0,White,2597,<=5s vs 10-15s
7hBkktJZ,95,1-0,White,1911,<=5s vs <=5s
0SjCPR9O,66,0-1,Black,2219,<=5s vs <=5s
L4eKgj8A,61,1-0,White,2156,<=5s vs 15-20s
ew0cgldp,182,0-1,Black,1970,<=5s vs <=5s
6mywF7M4,80,0-1,Black,2264,<=5s vs 5-10s
JjCA8k2r,93,1-0,White,2086,<=5s vs 10-15s
8ZiHFwQ5,127,1/2-1/2,White,1968,<=5s vs <=5s
g7WDsXbj,76,0-1,Black,625,<=5s vs <=5s
X3zp2chV,93,0-1,White,2132,<=5s vs <=5s
RLIE38Uy,89,1-0,White,2067,<=5s vs <=5s
oHZo9EPy,124,1/2-1/2,Black,2282,<=5s vs 15-20s
HNCTQdHJ,113,0-1,White,2080,<=5s vs <=5s
C37ASWQx,88,0-1,Black,1887,<=5s vs 5-10s
5vHJE609,149,1/2-1/2,White,2591,<=5s vs <=5s
hmA1uVT1,91,1-0,White,1317,<=5s vs <=5s
3Hc150vg,56,1-0,Black,1543,<=5s vs <=5s
MmvCv4lp,80,0-1,Black,2024,<=5s vs 5-10s
91VWq4Tu,115,0-1,White,2551,<=5s vs <=5s
GGGySC6U,138,0-1,Black,2252,<=5s vs <=5s
Zf97CKYY,58,0-1,Black,1404,<=5s vs 5-10s
6zmRmHge,68,0-1,Black,1273,<=5s vs <=5s
6ZvFEjvu,91,1-0,White,2514,<=5s vs <=5s
Q5dKHSRA,65,1-0,White,1561,<=5s vs <=5s
7l2sKS7U,74,0-1,Black,1995,<=5s vs 10-15s
zX3yMagd,67,0-1,White,1592,<=5s vs 5-10s
owHoBKAw,65,1-0,White,1802,<=5s vs 5-10s
Uw8Xm82s,84,0-1,Black,2287,<=5s vs 10-15s
oPxLgXns,109,0-1,White,2509,<=5s vs <=5s
Q26ghvqg,77,0-1,White,1661,<=5s vs <=5s
uYEk4Xp2,55,1-0,White,1154,<=5s vs 5-10s
CkXxGb5O,97,1-0,White,2321,<=5s vs <=5s
hSyuMlEs,68,0-1,Black,1981,<=5s vs 15-20s
xtjcU3SD,109,1-0,White,2267,<=5s vs <=5s
3TA7olEk,114,0-1,Black,2479,<=5s vs <=5s
3aOcT5RW,107,0-1,White,2435,<=5s vs <=5s
0JQBDhMH,72,1-0,Black,2087,<=5s vs <=5s
Me57he6d,100,0-1,Black,2564,<=5s vs <=5s
L66Ab0MZ,72,0-1,Black,2260,<=5s vs <=5s
AiGdqKy4,83,1-0,White,1686,<=5s vs <=5s
NAraIQjW,69,1-0,White,1770,<=5s vs 10-15s
7qEwyIpg,122,0-1,Black,2025,<=5s vs <=5s
xmkbnClY,67,1-0,White,1232,<=5s vs 5-10s
MtzhPU0O,71,0-1,White,2268,<=5s vs <=5s
lKV6OGtv,137,0-1,White,2625,<=5s vs <=5s
cZkv3wfx,67,0-1,White,2054,<=5s vs <=5s
My7XGdjv,56,0-1,Black,1270,<=5s vs 15-20s
8BOusXLz,54,0-1,Black,1115,<=5s vs <=5s
AxGbZZiq,35,1-0,White,1041,<=5s vs 15-20s
9JfSuzY8,64,0-1,Black,2645,<=5s vs 10-15s
ELqXgPRI,91,1-0,White,2429,<=5s vs 15-20s
MHd1LgrM,106,0-1,Black,1713,<=5s vs 10-15s
S2vH0eL2,58,0-1,Black,1704,<=5s vs <=5s
S4lSyki9,67,1-0,White,2464,<=5s vs 5-10s
gpamW2Gu,52,0-1,Black,1089,<=5s vs 15-20s
EsoSx5bQ,92,1-0,Black,2344,<=5s vs <=5s
cTGN4iTh,91,1/2-1/2,White,2102,<=5s vs <=5s
B8Os1sdv,108,0-1,Black,2251,<=5s vs 10-15s
IkX79b8b,73,0-1,White,1066,<=5s vs <=5s
FNLBYRFT,79,1-0,White,2462,<=5s vs 10-15s
GCSST1If,73,1-0,White,1747,<=5s vs 10-15s
iGXvW0tl,108,0-1,Black,2235,<=5s vs <=5s
doDG474W,76,0-1,Black,2193,<=5s vs <=5s
BJv6E6rV,69,0-1,White,1813,<=5s vs 5-10s
dvxn0TEk,70,1-0,Black,1914,<=5s vs <=5s
iW3PoCsk,76,0-1,Black,1658,<=5s vs 5-10s
3Uwb0yh0,65,1-0,White,1750,<=5s vs 5-10s
tpWpZ4g5,140,0-1,Black,2413,<=5s vs 10-15s
D6ffs6o2,100,0-1,Black,2174,<=5s vs 10-15s
MfKQyEp6,142,0-1,Black,2349,<=5s vs <=5s
9LYja81q,76,1-0,Black,1795,<=5s vs <=5s
iSSFF4ak,92,1-0,Black,1674,<=5s vs <=5s
MXI0eUrc,69,0-1,White,1481,<=5s vs <=5s
4L2E5ffE,97,1-0,White,1310,<=5s vs 10-15s
wr6pjpmh,70,0-1,Black,1615,<=5s vs <=5s
t8y3Phue,79,1-0,White,1351,<=5s vs <=5s
BgXfj8Ba,127,0-1,White,2079,<=5s vs <=5s
wG8Z9lML,91,1-0,White,1695,<=5s vs 5-10s
ZiNq7bpT,77,1-0,White,1907,<=5s vs <=5s
VyX8idwx,88,1-0,Black,2483,<=5s vs <=5s
dpD8QIOE,53,1-0,White,1009,<=5s vs 10-15s
AjTCQj73,88,0-1,Black,844,<=5s vs 5-10s
57TIdI6H,80,0-1,Black,1376,<=5s vs <=5s
rlw4ZudE,74,0-1,Black,2104,<=5s vs 15-20s
LQ5It5WZ,89,0-1,White,2258,<=5s vs 5-10s
EqQW8sNr,64,0-1,Black,1890,<=5s vs 5-10s
FzdrmnmT,80,0-1,Black,2124,<=5s vs <=5s
3P0MBqi4,93,0-1,White,1977,<=5s vs 5-10s
EKnj4oJB,116,1-0,Black,2467,<=5s vs <=5s
LhkO9lfj,95,1-0,White,1914,<=5s vs <=5s
2uuXWtAK,75,0-1,White,2228,<=5s vs 5-10s
xm6q9Pe7,34,0-1,Black,1158,<=5s vs 15-20s
dGs4RZy7,87,1-0,White,2139,<=5s vs 10-15s
YLZJyfIr,55,1-0,White,1871,<=5s vs <=5s
WXi9EcwS,94,0-1,Black,1996,<=5s vs <=5s
W1ccTX1v,93,1-0,White,2621,<=5s vs 5-10s
z8ge3nO2,40,0-1,Black,898,<=5s vs <=5s
2XK2p7LF,87,1-0,White,2355,<=5s vs <=5s
gWa9iKgu,45,1-0,White,840,<=5s vs 5-10s
PTATrT7A,118,0-1,Black,1983,<=5s vs <=5s
BzfEnrmv,57,1-0,White,1536,<=5s vs 10-15s
Fo3Bje0F,59,1-0,White,1484,<=5s vs <=5s
L1SDRv68,96,0-1,Black,1437,<=5s vs <=5s
RcCWyfJp,108,0-1,Black,2229,<=5s vs <=5s
k5KIdmen,69,1-0,White,1510,<=5s vs <=5s
2dUnnpQL,113,1-0,White,1024,<=5s vs 5-10s
zQNX2D25,56,0-1,Black,1331,<=5s vs <=5s
LeAY71Sg,108,1-0,Black,2560,<=5s vs <=5s
TQAEEjR9,74,0-1,Black,1153,<=5s vs 5-10s
Rp0gmCbA,91,1-0,White,2099,<=5s vs 5-10s
5fidugW5,72,0-1,Black,2136,<=5s vs 10-15s
F8Rx4d8Z,68,1-0,Black,1238,<=5s vs <=5s
3t2Lm8cz,92,0-1,Black,1585,<=5s vs 5-10s
Py65uD9E,73,1-0,White,1471,<=5s vs 15-20s
mHW9cl0Q,104,0-1,Black,1946,<=5s vs <=5s
b7iJOEu0,66,0-1,Black,1336,<=5s vs 10-15s
yG5oro7j,69,1-0,White,1541,<=5s vs <=5s
PuGNhubq,85,0-1,White,2300,<=5s vs <=5s
5bVIkZWb,88,1-0,Black,2561,<=5s vs <=5s
GexbCcTX,82,0-1,Black,2004,<=5s vs 15-20s
tLqCbzol,86,0-1,Black,1787,<=5s vs 10-15s
P04PlBo9,83,1-0,White,2406,<=5s vs 10-15s
FWcVxaQn,63,1-0,White,1946,<=5s vs <=5s
YuPuytuX,59,1-0,White,2224,<=5s vs 15-20s
1h5r5zzZ,78,1-0,Black,2117,<=5s vs <=5s
zth7a16f,88,1-0,Black,2212,<=5s vs <=5s
pbfrH4Tv,58,0-1,Black,1862,<=5s vs <=5s
4nj25R31,77,1-0,White,1541,<=5s vs <=5s
PMuKqcO8,82,1-0,Black,1835,<=5s vs <=5s
lA5hIUp6,90,1-0,Black,2154,<=5s vs <=5s
FtCpLDDx,73,1-0,White,1561,<=5s vs <=5s
KPOBSOR8,128,1/2-1/2,Black,2976,<=5s vs <=5s
i8QV0J5H,89,0-1,White,2290,<=5s vs <=5s
qlvC3xtQ,122,0-1,Black,2391,<=5s vs <=5s
VaXgWrqO,64,0-1,Black,1200,<=5s vs 5-10s
aOLauIqG,89,1-0,White,1500,<=5s vs 5-10s
SRviGXCz,129,1-0,White,1938,<=5s vs 5-10s
bp2EfzMX,37,1-0,White,1500,<=5s vs 15-20s
TlBBLiLg,125,1-0,White,2109,<=5s vs <=5s
IzQGIVYJ,48,0-1,Black,1306,<=5s vs 10-15s
SUY0tO6Q,49,1-0,White,1005,<=5s vs 5-10s
fIbL2TEr,55,1-0,White,1263,<=5s vs <=5s
EA7NW0LR,77,1-0,White,1544,<=5s vs 5-10s
M1bfCxSA,76,1-0,Black,1789,<=5s vs <=5s
hDR9KFUi,78,1-0,Black,1693,<=5s vs <=5s
nJvLr9P9,99,0-1,White,2346,<=5s vs <=5s
jjvjDB1c,73,1-0,White,2013,<=5s vs 10-15s
UpW4OqZc,57,1-0,White,2090,<=5s vs <=5s
uQSE9hN9,82,0-1,Black,2244,<=5s vs <=5s
TfiIP2cI,77,0-1,White,2155,<=5s vs <=5s
eSqCROdA,122,1-0,Black,2397,<=5s vs <=5s
lWni1SVZ,39,1-0,White,816,<=5s vs 5-10s
cjB2WmqX,83,1-0,White,1725,<=5s vs 5-10s
CW4kriMr,60,0-1,Black,1308,<=5s vs 10-15s
TNnXu0gB,92,0-1,Black,2192,<=5s vs <=5s
BMYV9UjO,67,1-0,White,1850,<=5s vs 5-10s
ENryYXz4,73,1-0,White,1723,<=5s vs <=5s
LNI4NWED,92,0-1,Black,2231,<=5s vs <=5s
afBMzK6A,89,1-0,White,2020,<=5s vs 5-10s
E5PtJSPz,75,1-0,White,1956,<=5s vs 15-20s
puJM5n2X,65,1-0,White,1336,<=5s vs 10-15s
WmeMaikU,75,0-1,White,1835,<=5s vs <=5s
B2CMSDZu,117,1-0,White,1848,<=5s vs <=5s
SKH77m6Q,56,0-1,Black,1180,<=5s vs <=5s
Gkzs0ziI,72,1-0,Black,1435,<=5s vs <=5s
36PlVZAi,100,1-0,Black,2178,<=5s vs 5-10s
1YGHgvML,112,0-1,Black,1761,<=5s vs <=5s
XXp7wByI,47,1-0,White,774,<=5s vs 5-10s
ZjhtwJAP,72,1/2-1/2,Black,2484,<=5s vs 10-15s
fi37CEnB,89,1-0,White,2185,<=5s vs <=5s
evmKtaF4,68,1-0,Black,1559,<=5s vs <=5s
0YitDaaU,76,1-0,Black,1757,<=5s vs <=5s
H0ObeGiN,82,0-1,Black,2012,<=5s vs 10-15s
79YbtHkK,74,0-1,Black,2105,<=5s vs <=5s
iUgPLgnX,62,0-1,Black,1019,<=5s vs 5-10s
wIyJrqUr,114,0-1,Black,1987,<=5s vs 10-15s
8QxUUybK,60,0-1,Black,1544,<=5s vs 10-15s
CqTegV5E,66,0-1,Black,1929,<=5s vs <=5s
fRNj2hfG,53,1-0,White,1102,<=5s vs <=5s
VA1bhteP,78,0-1,Black,2150,<=5s vs <=5s
FXiZqvkQ,81,1-0,White,1891,<=5s vs 5-10s
YLwJbHVW,76,0-1,Black,1709,<=5s vs 5-10s
Sk93iM8U,86,1-0,Black,1611,<=5s vs <=5s
pndhhhgT,115,1-0,White,2370,<=5s vs 15-20s
MlUVFr1g,67,0-1,White,1096,<=5s vs <=5s
vB5tNoRY,136,0-1,Black,1788,<=5s vs 5-10s
7Gy4Fq0t,69,1-0,White,1569,<=5s vs 10-15s
l0DqJ50E,57,0-1,White,2063,<=5s vs <=5s
DwwtoXDC,86,0-1,Black,2593,<=5s vs 10-15s
q3OiZ6dw,81,1-0,White,1429,<=5s vs <=5s
Oax1hwPm,76,0-1,Black,2070,<=5s vs <=5s
e7eJuhAg,63,1-0,White,1287,<=5s vs <=5s
56xexk5p,92,1-0,Black,2069,<=5s vs <=5s
HhqdFGXH,96,0-1,Black,2714,<=5s vs <=5s
9kqGt93Z,90,0-1,Black,1519,<=5s vs 5-10s
0Lgw4KGe,91,0-1,White,2222,<=5s vs <=5s
M1LDl94D,99,0-1,White,1297,<=5s vs <=5s
fY0qwOWt,92,0-1,Black,2895,<=5s vs <=5s
SLF5sILb,75,0-1,White,1295,<=5s vs <=5s
e2Ki9kOQ,83,0-1,White,1249,<=5s vs <=5s
8HSMyd1S,85,1-0,White,1943,<=5s vs <=5s
ua1QbbNX,103,1-0,White,1609,<=5s vs <=5s
eGe0G1ch,122,0-1,Black,2462,<=5s vs <=5s
7UhRJpmT,82,0-1,Black,2176,<=5s vs <=5s
I7o4D2o7,86,0-1,Black,2221,<=5s vs <=5s
2yLvKRUD,78,0-1,Black,2598,<=5s vs <=5s
x79Fga2Y,88,0-1,Black,1504,<=5s vs 5-10s
PUCdTCj5,88,0-1,Black,1552,<=5s vs 5-10s
AEbBX5od,56,0-1,Black,1827,<=5s vs 10-15s
t1iS7SqK,131,1-0,White,2399,<=5s vs <=5s
eBjG1XRL,104,1/2-1/2,Black,2533,<=5s vs <=5s
zSHl4NiI,120,1/2-1/2,Black,2464,<=5s vs 5-10s
5nIf5Z8v,71,1-0,White,1315,<=5s vs <=5s
ABWxAdsB,80,0-1,Black,2412,<=5s vs <=5s
saF647TK,84,0-1,Black,2296,<=5s vs 5-10s
YfO0L1VC,131,1-0,White,2076,<=5s vs <=5s
Wa6Y4ezb,103,0-1,White,2190,<=5s vs 5-10s
cUNJLME5,52,0-1,Black,1335,<=5s vs 15-20s
KicyZiXZ,58,0-1,Black,843,<=5s vs 10-15s
YIlPuUeh,65,1-0,White,1278,<=5s vs <=5s
U7FBlqe3,79,1-0,White,2034,<=5s vs 10-15s
Gkb5olK5,108,1-0,Black,2642,<=5s vs <=5s
4SRzQznz,85,1-0,White,2183,<=5s vs <=5s
gLJoiNB6,112,0-1,Black,2130,<=5s vs 10-15s
sLfhJZ0f,61,1-0,White,1290,<=5s vs 5-10s
8IHLYUCe,94,0-1,Black,2119,<=5s vs <=5s
ko615KU2,62,0-1,Black,1442,<=5s vs 10-15s
LXPMsuvj,48,1-0,Black,1021,<=5s vs 15-20s
dTfdJn6f,137,1-0,White,2479,<=5s vs 5-10s
RYdI3aAn,97,0-1,White,2326,<=5s vs <=5s
CyCfsXst,73,0-1,White,2167,<=5s vs <=5s
VHtTrlTu,140,0-1,Black,2285,<=5s vs <=5s
KHyrqPpq,121,1-0,White,2253,<=5s vs <=5s
F0vC5heO,110,1-0,Black,1950,<=5s vs <=5s
2GYMjG7e,77,1-0,White,1570,<=5s vs 10-15s
Z2HJKy0W,84,0-1,Black,2100,<=5s vs 10-15s
MladaARJ,62,0-1,Black,1991,<=5s vs 5-10s
drKT9xkY,103,1-0,White,2059,<=5s vs 10-15s
Aa91N1El,96,1-0,Black,2272,<=5s vs <=5s
hKcnfk5n,64,1-0,Black,1267,<=5s vs <=5s
ols2EOpU,78,0-1,Black,1691,<=5s vs <=5s
0ZItJ16d,78,0-1,Black,1712,<=5s vs <=5s
hzzsQI49,76,0-1,Black,1958,<=5s vs <=5s
OmXwVCuJ,77,1-0,White,1560,<=5s vs 5-10s
f2hb7YNq,78,1-0,Black,1493,<=5s vs <=5s
dNWAQx38,122,0-1,Black,2413,<=5s vs <=5s
SW1yb0c7,76,0-1,Black,1783,<=5s vs <=5s
S1EihYY3,87,1-0,White,1381,<=5s vs 5-10s
hbfhlpew,63,1-0,White,1329,<=5s vs 5-10s
VLHkpDkw,87,1-0,White,2025,<=5s vs 5-10s
JeuOaHjG,70,1-0,Black,2055,<=5s vs <=5s
0Kek4Qan,89,1-0,White,2219,<=5s vs 5-10s
dWrb7b1D,67,0-1,White,1087,<=5s vs <=5s
GlXg3fXS,55,1-0,White,1932,<=5s vs <=5s
jYi4nH6K,81,1-0,White,1516,<=5s vs 5-10s
xJZfDUpA,91,1-0,White,1785,<=5s vs 10-15s
T1pd7qSW,77,0-1,White,2213,<=5s vs <=5s
PUaHCThJ,93,1-0,White,1638,<=5s vs <=5s
Ii4YvVwq,123,1-0,White,2236,<=5s vs 5-10s
MAsFTyl8,116,1-0,Black,2144,<=5s vs <=5s
ZbRzy5XN,78,1-0,Black,2439,<=5s vs <=5s
Yq1MwY43,87,0-1,White,2456,<=5s vs <=5s
KqsWuzQq,60,0-1,Black,1782,<=5s vs 5-10s
35cnSQRO,100,0-1,Black,2348,<=5s vs 5-10s
uihpaw8e,91,1-0,White,2432,<=5s vs 10-15s
w0FcjpdV,94,0-1,Black,2457,<=5s vs <=5s
6q8Ld9G9,51,1-0,White,1462,<=5s vs 15-20s
OY9i4TOJ,79,1-0,White,1684,<=5s vs <=5s
QrtQ7Waw,86,0-1,Black,1455,<=5s vs <=5s
vxXRMSuU,39,1-0,White,884,<=5s vs 10-15s
fzx5BMNG,91,0-1,White,2722,<=5s vs 5-10s
2EsaxHrx,112,1-0,Black,2352,<=5s vs <=5s
k6CICCuT,88,0-1,Black,2294,<=5s vs 5-10s
6z9OPQLQ,86,1-0,Black,1695,<=5s vs <=5s
9PJOSXeF,130,0-1,Black,2514,<=5s vs <=5s
TOmFKGF9,118,1-0,Black,2357,<=5s vs <=5s
AL3yjeEn,64,1-0,Black,1505,<=5s vs 5-10s
xdeHC2Or,91,1-0,White,1145,<=5s vs 15-20s
OT3fh0Gs,61,1-0,White,1580,<=5s vs <=5s
6B8oqrjy,68,0-1,Black,2153,<=5s vs <=5s
5k5umOWg,75,0-1,White,1999,<=5s vs <=5s
agtmmo7s,135,1-0,White,2353,<=5s vs <=5s
15BMdWQS,63,1-0,White,2063,<=5s vs <=5s
uQKcUYtF,154,0-1,Black,2494,<=5s vs <=5s
73BfUmXa,99,1-0,White,2789,<=5s vs 10-15s
V58RiB2O,67,1-0,White,1933,<=5s vs 10-15s
vkSwz4c4,91,1-0,White,2002,<=5s vs <=5s
SXilNssU,117,1-0,White,2623,<=5s vs <=5s
o9hp9sY1,65,1-0,White,1573,<=5s vs <=5s
SCxrWh2Z,101,1-0,White,2321,<=5s vs <=5s
DIYigzgO,89,1-0,White,1439,<=5s vs 5-10s
4b45VIUK,77,1-0,White,1399,<=5s vs <=5s
cHPCZ3HL,63,1-0,White,1317,<=5s vs 10-15s
FchwA6dI,94,1-0,Black,2305,<=5s vs <=5s
55avFiVW,75,1-0,White,1585,<=5s vs <=5s
akWTfFXj,104,1-0,Black,2482,<=5s vs <=5s
Y341w9LG,100,0-1,Black,2636,<=5s vs 5-10s
CHgLHuiO,138,0-1,Black,1804,<=5s vs 15-20s
HwpPWtWb,72,0-1,Black,1710,<=5s vs <=5s
LcOvWGvp,87,0-1,White,1741,<=5s vs <=5s
ZqhpIYEl,132,0-1,Black,3031,<=5s vs <=5s
vbGaeZQA,146,0-1,Black,2380,<=5s vs 5-10s
QChftQNl,87,0-1,White,1842,<=5s vs <=5s
9ReP19d4,79,1-0,White,1975,<=5s vs 5-10s
K3sGdBLj,67,1-0,White,1728,<=5s vs <=5s
X0DDUX20,91,1-0,White,1909,<=5s vs <=5s
cP14tJdg,74,0-1,Black,1689,<=5s vs <=5s
YpIlUhuD,85,0-1,White,2208,<=5s vs <=5s
cdk7RT66,77,1-0,White,1221,<=5s vs 10-15s
Z6NWUS9d,96,1-0,Black,2251,<=5s vs <=5s
sPWKVESg,78,0-1,Black,2392,<=5s vs 10-15s
MMAdSBnq,123,0-1,White,1979,<=5s vs <=5s
6Duxw1rc,84,0-1,Black,2050,<=5s vs 5-10s
I31pffY2,146,1-0,Black,2665,<=5s vs <=5s
Jg8fYW1r,62,0-1,Black,2004,<=5s vs 10-15s
nADpH3Np,69,1-0,White,2295,<=5s vs 10-15s
4yEoDsTD,84,0-1,Black,1527,<=5s vs 5-10s
xm2w7XMC,48,1-0,Black,982,<=5s vs 5-10s
7a687Jbu,68,1-0,Black,1692,<=5s vs <=5s
rrF3gxZ2,83,0-1,White,1905,<=5s vs <=5s
PUeFmPuk,49,1-0,White,1836,<=5s vs 15-20s
4CNulBJd,139,1/2-1/2,White,2053,<=5s vs <=5s
70KrHHhE,50,0-1,Black,1482,<=5s vs 5-10s
gtEFC5ti,91,1-0,White,1878,<=5s vs <=5s
aOU4aQID,61,0-1,White,2182,<=5s vs <=5s
yqdjxrIX,56,0-1,Black,1445,<=5s vs 15-20s
fLQaLpiq,80,0-1,Black,2307,<=5s vs <=5s
XIrNtgpO,57,1-0,White,1348,<=5s vs 15-20s
S8N6R9gr,63,1-0,White,1829,<=5s vs 5-10s
wrLyujeT,70,0-1,Black,1619,<=5s vs 10-15s
iUpf9POa,77,1-0,White,1488,<=5s vs <=5s
apSrgmD7,57,1-0,White,1211,<=5s vs <=5s
6C3KxgLD,111,0-1,White,2360,<=5s vs 5-10s
NUVsULif,90,1/2-1/2,Black,1461,<=5s vs 5-10s
hF9rZcvd,74,0-1,Black,1995,<=5s vs 10-15s
CdxcmWFc,55,1-0,White,1907,<=5s vs 10-15s
3QolD5ne,91,1-0,White,1673,<=5s vs 10-15s
YZr80GZl,107,1/2-1/2,White,2088,<=5s vs 5-10s
QijqWh5N,79,0-1,White,1903,<=5s vs <=5s
Lfm3T8Hm,85,1-0,White,2111,<=5s vs <=5s
URvbt2uZ,86,1-0,Black,1502,<=5s vs <=5s
e6bH19qV,59,1-0,White,1430,<=5s vs <=5s
syluXBEl,116,1-0,Black,2248,<=5s vs <=5s
oVajBwsU,64,0-1,Black,1341,<=5s vs 10-15s
JCA5uXJw,128,0-1,Black,2073,<=5s vs <=5s
4rfh1Xau,78,0-1,Black,2000,<=5s vs <=5s
pz3iPalA,89,1/2-1/2,White,1530,<=5s vs <=5s
d2h9Vf4W,33,1-0,White,1293,<=5s vs 10-15s
0DT5u22p,84,1-0,Black,2022,<=5s vs <=5s
Fvl0XfAA,54,1-0,Black,2208,<=5s vs 10-15s
M1jsPx50,69,1-0,White,1846,<=5s vs 10-15s
809gXX4i,54,0-1,Black,1599,<=5s vs 15-20s
O01cmLRS,98,1-0,Black,2191,<=5s vs <=5s
L1QE1zC9,117,0-1,White,2187,<=5s vs <=5s
bUyS12rW,66,0-1,Black,2454,<=5s vs 15-20s
xDp1PUKM,57,1-0,White,970,<=5s vs 5-10s
avB6yQYt,76,0-1,Black,1906,<=5s vs 5-10s
3ijKyORk,64,0-1,Black,1382,<=5s vs <=5s
UXUZfZJk,62,0-1,Black,1766,<=5s vs 5-10s
SzXuTPfC,97,0-1,White,1917,<=5s vs <=5s
QhpH0Hd9,100,1-0,Black,2041,<=5s vs <=5s
vg2lrsHw,62,1-0,Black,2397,<=5s vs <=5s
0yqbjyg2,73,1-0,White,1913,<=5s vs 5-10s
2a2xpuHT,140,1/2-1/2,Black,2208,<=5s vs <=5s
TXuR09RV,96,1-0,Black,1904,<=5s vs <=5s
kKnsjaWq,82,0-1,Black,2377,<=5s vs 10-15s
E92YwJxl,94,0-1,Black,2097,<=5s vs <=5s
fFvCDqGg,73,1-0,White,1213,<=5s vs 15-20s
xR2lh5iS,136,1-0,Black,1776,<=5s vs <=5s
Qckx3Thr,71,1-0,White,1781,<=5s vs 5-10s
wRr7JX5X,48,0-1,Black,1218,<=5s vs <=5s
SbabARx0,114,0-1,Black,1645,<=5s vs <=5s
VeHGi0Gx,85,0-1,White,1766,<=5s vs <=5s
5eupamYm,73,1-0,White,1947,<=5s vs 5-10s
ukB1lkYB,78,1-0,Black,2054,<=5s vs <=5s
ALuFAL7s,58,0-1,Black,2046,<=5s vs 15-20s
r2U9IxUK,149,1-0,White,2347,<=5s vs <=5s
223stISR,89,1-0,White,2018,<=5s vs 10-15s
r619Cqaw,63,1-0,White,1741,<=5s vs 15-20s
ZKEoZ554,66,1-0,Black,1701,<=5s vs <=5s
EaB9CoHJ,71,1-0,White,1146,<=5s vs <=5s
NpqaOgud,93,1-0,White,1876,<=5s vs <=5s
uRRRjrty,42,0-1,Black,1470,<=5s vs 15-20s
bwLrCIer,90,0-1,Black,1999,<=5s vs 10-15s
XSd1I7uf,90,1-0,Black,2703,<=5s vs 5-10s
Mp9nWu2E,75,0-1,White,1289,<=5s vs 5-10s
1JzSdagH,69,1-0,White,1094,<=5s vs 5-10s
3X2TdkV3,114,0-1,Black,2670,<=5s vs <=5s
o0qHoyDs,82,1-0,Black,1414,<=5s vs <=5s
rBBGyMid,69,0-1,White,1321,<=5s vs <=5s
m13fgFYu,119,0-1,White,3252,<=5s vs <=5s
CbcCpDJt,110,0-1,Black,2285,<=5s vs <=5s
V5fKZA2d,80,0-1,Black,2043,<=5s vs <=5s
LrS0JZoq,79,0-1,White,1623,<=5s vs <=5s
fUV29vZZ,77,1-0,White,1825,<=5s vs <=5s
AQbFDHqh,107,1-0,White,2497,<=5s vs <=5s
OChtqjv1,92,1-0,Black,2239,<=5s vs <=5s
8mxUcMt7,66,0-1,Black,1635,<=5s vs 10-15s
BhLjf9D9,79,1-0,White,1930,<=5s vs 15-20s
G6ZcwtZk,109,1-0,White,1902,<=5s vs <=5s
Qrn3I2wO,82,1-0,Black,2158,<=5s vs 5-10s
ZBQxKnYq,48,0-1,Black,1008,<=5s vs <=5s
dpmzpwed,46,0-1,Black,886,<=5s vs <=5s
SJRevJp0,82,1-0,Black,2623,<=5s vs 5-10s
ypG9M6g7,99,1-0,White,2635,<=5s vs <=5s
HzpgfQwv,67,1-0,White,1507,<=5s vs 15-20s
CqtqDabP,91,1-0,White,1995,<=5s vs 10-15s
gxHEAXhb,95,1-0,White,1717,<=5s vs 5-10s
89lNPDtn,76,0-1,Black,918,<=5s vs <=5s
lMU5Clfa,71,1-0,White,1409,<=5s vs <=5s
jGm9m8Qc,69,1-0,White,1649,<=5s vs 10-15s
Di1rKgen,136,0-1,Black,1923,<=5s vs <=5s
1yqk0C9u,60,0-1,Black,686,<=5s vs 10-15s
NuP6XS3m,86,0-1,Black,1488,<=5s vs 5-10s
bMNDduyl,49,1-0,White,1890,<=5s vs 10-15s
9EW6tXaq,97,0-1,White,1903,<=5s vs <=5s
mxYG4YLK,53,1-0,White,1780,<=5s vs 5-10s
RC70LkqV,56,0-1,Black,1030,<=5s vs 5-10s
HlA4Muk6,92,1-0,Black,2316,<=5s vs <=5s
HOg9AMEv,59,0-1,White,1055,<=5s vs 5-10s
4RHYWNVY,108,1-0,Black,2070,<=5s vs <=5s
0fPbmYDr,70,0-1,Black,2549,<=5s vs 5-10s
iZxm6ONm,67,0-1,White,1619,<=5s vs <=5s
N8sMOMVI,76,1-0,Black,1098,<=5s vs <=5s
Ox9c9BQ1,135,1-0,White,2131,<=5s vs <=5s
MbYtwMAa,75,1-0,White,2178,<=5s vs 10-15s
DJcSE7yp,89,1-0,White,2118,<=5s vs 5-10s
LzU7pUXn,73,0-1,White,1379,<=5s vs <=5s
6nnul838,128,0-1,Black,2254,<=5s vs 5-10s
0KDTT3sf,76,0-1,Black,1730,<=5s vs 5-10s
6NPRDKFs,89,1-0,White,2783,<=5s vs <=5s
2XiwJl3x,75,1-0,White,1925,<=5s vs <=5s
wCUSKIe4,66,0-1,Black,1961,<=5s vs <=5s
FU0JCLl4,54,0-1,Black,1880,<=5s vs 15-20s
2zYGSosC,84,0-1,Black,1863,<=5s vs 5-10s
PUfN3A3T,140,1-0,Black,2638,<=5s vs <=5s
EpCrP9mV,64,1-0,Black,2446,<=5s vs <=5s
NTn9Rfyp,50,1-0,Black,897,<=5s vs <=5s
Ml6XvPn9,129,1/2-1/2,White,1990,<=5s vs 15-20s
CQlciXhn,124,0-1,Black,1630,<=5s vs 10-15s
ABmo7tTa,80,0-1,Black,2037,<=5s vs 5-10s
4EAsGObd,91,1-0,White,1475,<=5s vs <=5s
1KCpmDNh,72,0-1,Black,1915,<=5s vs 5-10s
qvMSLb5X,101,1-0,White,1747,<=5s vs <=5s
67aUshhG,88,0-1,Black,1095,<=5s vs <=5s
AjxYGx6A,56,0-1,Black,1308,<=5s vs <=5s
MHZtcVds,126,1-0,Black,2728,<=5s vs <=5s
5XrcqlPT,55,1-0,White,1451,<=5s vs 5-10s
ZEZHg7RP,95,0-1,White,2150,<=5s vs <=5s
U53qVtB5,69,1-0,White,2015,<=5s vs 5-10s
Ft1dDS1r,82,0-1,Black,928,<=5s vs 5-10s
9moOWM6Q,128,1-0,Black,2626,<=5s vs <=5s
VDRO36jx,104,0-1,Black,2598,<=5s vs 5-10s
hLBreGaE,74,0-1,Black,1505,<=5s vs 5-10s
c9Pw98u6,86,0-1,Black,1904,<=5s vs <=5s
3LsJ6i2y,54,0-1,Black,2274,<=5s vs 15-20s
FmszoT8Z,127,0-1,White,1557,<=5s vs <=5s
Al7wDYPG,108,0-1,Black,2275,<=5s vs <=5s
snh2wWEb,100,1-0,Black,1764,<=5s vs 5-10s
DP1kxY5p,79,1-0,White,2547,<=5s vs 15-20s
vHvbiRmo,72,0-1,Black,1358,<=5s vs 5-10s
BUCifIHr,76,0-1,Black,1331,<=5s vs <=5s
ViXrFbAP,93,1-0,White,2057,<=5s vs <=5s
GwDZmldr,81,0-1,White,2009,<=5s vs 5-10s
YsIjUYp8,72,1-0,Black,1207,<=5s vs <=5s
JQYp9gHB,57,1-0,White,2107,<=5s vs 15-20s
q3dhTV04,71,1-0,White,2328,<=5s vs <=5s
U6AdxsxW,103,1-0,White,1681,<=5s vs 5-10s
QC7cgN22,75,1-0,White,1519,<=5s vs <=5s
BFxQYNyZ,128,1-0,Black,2346,<=5s vs <=5s
NIN4vlsE,64,0-1,Black,2043,<=5s vs <=5s
WbnyhH3I,68,0-1,Black,1439,<=5s vs <=5s
4C4WLGP8,69,1-0,White,1618,<=5s vs 15-20s
EbNqLfnL,113,1-0,White,2390,<=5s vs <=5s
MVrF8x0b,123,1/2-1/2,White,1939,<=5s vs <=5s
dUpDgChi,101,1-0,White,1722,<=5s vs <=5s
4TpZ5cBa,49,1-0,White,1142,<=5s vs 5-10s
e0OgWYvg,81,1-0,White,2461,<=5s vs 5-10s
w7zEt1XD,58,0-1,Black,1595,<=5s vs <=5s
ZBIpKGJx,63,1-0,White,1229,<=5s vs <=5s
atDHTgH0,80,0-1,Black,1715,<=5s vs 5-10s
xvOuHQMx,51,1-0,White,1364,<=5s vs 5-10s
2UcqZJdh,109,0-1,White,2204,<=5s vs <=5s
w3n4Oii5,140,1-0,Black,2555,<=5s vs <=5s
IvEkVlNn,75,0-1,White,1751,<=5s vs <=5s
FaBOOZLm,82,1-0,Black,1696,<=5s vs 5-10s
7PHYcOgA,82,0-1,Black,1766,<=5s vs 5-10s
ofVXSkpu,88,0-1,Black,1988,<=5s vs 5-10s
OEhtcnlJ,60,0-1,Black,1000,<=5s vs 5-10s
iYqGgy1u,82,0-1,Black,1029,<=5s vs 10-15s
t2y2ZtQB,75,1-0,White,1945,<=5s vs 10-15s
cIb4s9Po,76,1-0,Black,1934,<=5s vs 5-10s
Ms7bojEq,65,1-0,White,1394,<=5s vs <=5s
K8SfgCUm,54,0-1,Black,800,<=5s vs <=5s
g4Fgg52M,64,0-1,Black,1379,<=5s vs 10-15s
iGw9RmUI,98,0-1,Black,2062,<=5s vs <=5s
x3ud9hON,67,1-0,White,1551,<=5s vs 10-15s
lPjozbhe,36,0-1,Black,1241,<=5s vs 5-10s
vqRm371N,95,1-0,White,2244,<=5s vs <=5s
lI1xSnBp,83,1-0,White,1839,<=5s vs <=5s
Px1Y272N,114,0-1,Black,2552,<=5s vs <=5s
7tMsxcsm,49,1-0,White,1545,<=5s vs 5-10s
kJjxA5nB,86,0-1,Black,1581,<=5s vs 15-20s
0B7czMv7,54,1-0,Black,1642,<=5s vs <=5s
iRnbUCCx,98,0-1,Black,2238,<=5s vs <=5s
A94kTuXI,148,0-1,Black,2820,<=5s vs <=5s
vtZVBG8L,69,1-0,White,1643,<=5s vs <=5s
8lfqaDgq,121,1/2-1/2,White,1538,<=5s vs 10-15s
yR5iQjSp,98,0-1,Black,2156,<=5s vs <=5s
55Jq17yM,65,0-1,White,1189,<=5s vs 5-10s
wHlMz41h,68,0-1,Black,1896,<=5s vs <=5s
jjcDLL20,74,0-1,Black,2018,<=5s vs <=5s
u98yrBG0,62,0-1,Black,1436,<=5s vs <=5s
wmABs549,57,1-0,White,1108,<=5s vs <=5s
G3KhcH3S,66,0-1,Black,1427,<=5s vs <=5s
FWyDEhKu,101,0-1,White,2072,<=5s vs <=5s
rGszqz8O,56,0-1,Black,819,<=5s vs 5-10s
bBFcSNns,61,0-1,White,937,<=5s vs <=5s
VxS2XOql,69,1-0,White,1983,<=5s vs 10-15s
khEJaPc8,68,0-1,Black,2213,<=5s vs 10-15s
LCAuKayd,60,0-1,Black,2193,<=5s vs <=5s
40YlfEEm,55,1-0,White,1366,<=5s vs <=5s
SXGPGe5v,52,0-1,Black,1311,<=5s vs 5-10s
j1DQbmLi,90,1-0,Black,2252,<=5s vs <=5s
CRLVStX4,87,0-1,White,2310,<=5s vs <=5s
ARYSzuvN,72,0-1,Black,1356,<=5s vs 5-10s
sNbQFHen,70,0-1,Black,1720,<=5s vs 5-10s
C2nBQPhm,65,1-0,White,1595,<=5s vs 5-10s
2yosbi2I,80,1-0,Black,1483,<=5s vs <=5s
aA5sOyOD,66,0-1,Black,1099,<=5s vs 5-10s
1BEnh5fd,114,1-0,Black,2147,<=5s vs <=5s
60OEmysv,66,1-0,Black,1745,<=5s vs <=5s
svWMmUes,45,1-0,White,1347,<=5s vs 10-15s
Fui7lDBU,104,1-0,Black,2735,<=5s vs <=5s
7uOGtG3D,102,0-1,Black,2823,<=5s vs <=5s
7AROPS50,69,1/2-1/2,White,2177,<=5s vs <=5s
3Bmq3rpd,53,1-0,White,1331,<=5s vs <=5s
RBlB7EPj,93,0-1,White,2276,<=5s vs <=5s
8QR6dCj7,84,0-1,Black,2580,<=5s vs 5-10s
SF9vME9l,73,1-0,White,1555,<=5s vs <=5s
qcQVTAw9,76,1-0,Black,1676,<=5s vs <=5s
iCzI5ZII,64,0-1,Black,1800,<=5s vs <=5s
gvUAh9hr,77,1-0,White,1406,<=5s vs 5-10s
0hWWvvRs,75,0-1,White,1860,<=5s vs <=5s
ZRcFtHAq,94,1-0,Black,1811,<=5s vs <=5s
oFWK6rBk,78,1-0,Black,1856,<=5s vs <=5s
TQZtgdwd,54,0-1,Black,1077,<=5s vs 15-20s
gbdbz0wx,56,0-1,Black,1281,<=5s vs <=5s
TncejN5Z,79,1-0,White,1424,<=5s vs <=5s
S8ZmOVSx,79,1-0,White,1946,<=5s vs <=5s
GdDWqbIy,77,1-0,White,1203,<=5s vs 5-10s
BpGDktU5,56,0-1,Black,1187,<=5s vs <=5s
rJyCosI6,77,1-0,White,2154,<=5s vs 10-15s
03xmLrZL,74,1-0,Black,1228,<=5s vs <=5s
P9UEy8It,123,1-0,White,2199,<=5s vs <=5s
o8BpGhJl,78,0-1,Black,1348,<=5s vs 10-15s
92Acd2lK,46,1-0,Black,1113,<=5s vs <=5s
FomGd2xH,101,1-0,White,2262,<=5s vs <=5s
rrkaf3NG,90,1-0,Black,1828,<=5s vs <=5s
Pbg8OvxJ,106,0-1,Black,2892,<=5s vs <=5s
DZNi3SDw,55,1-0,White,1257,<=5s vs 15-20s
XnaiSm57,59,1-0,White,2389,<=5s vs 10-15s
Hjcc4DtW,69,1-0,White,1158,<=5s vs 10-15s
AmUT5xQo,94,0-1,Black,1901,<=5s vs 5-10s
KPzA8k6o,85,0-1,White,1365,<=5s vs <=5s
GUMxW6bm,65,1-0,White,1616,<=5s vs <=5s
gTrBF80A,48,0-1,Black,1043,<=5s vs 10-15s
mQHl3MPW,81,1-0,White,1017,<=5s vs 10-15s
RsGAJJyk,60,1-0,Black,1916,<=5s vs <=5s
yiOSVK9X,48,0-1,Black,1735,<=5s vs 5-10s
CvOxcc7D,87,1-0,White,1302,<=5s vs <=5s
qfYsmFvH,81,0-1,White,2309,<=5s vs <=5s
46R0I3RU,81,1-0,White,1738,<=5s vs <=5s
XFQUxsE9,66,0-1,Black,1539,<=5s vs 5-10s
ua6KgXaO,62,0-1,Black,2039,<=5s vs 15-20s
HDJBqcHT,61,1-0,White,2435,<=5s vs 15-20s
R3M0mliK,77,1-0,White,2231,<=5s vs 10-15s
M5mFr9sg,103,1-0,White,2153,<=5s vs <=5s
UdWdPZ7T,77,1-0,White,2204,<=5s vs <=5s
gqzLqWHT,58,0-1,Black,924,<=5s vs <=5s
tIgnpHWl,114,1/2-1/2,Black,1745,<=5s vs <=5s
chK49Gfk,92,0-1,Black,1922,<=5s vs 5-10s
XPxsl3C2,83,0-1,White,2136,<=5s vs 5-10s
87aPJo49,79,1-0,White,1973,<=5s vs 5-10s
HIXU2MvT,46,0-1,Black,915,<=5s vs 15-20s
XhwINS2h,91,1-0,White,1803,<=5s vs <=5s
CWnZS8C7,63,1-0,White,1759,<=5s vs 10-15s
QG2USNtp,96,0-1,Black,2280,<=5s vs <=5s
hbBawdIa,112,0-1,Black,1464,<=5s vs 10-15s
gxXCnTvR,106,0-1,Black,2325,<=5s vs 5-10s
0lUIDv3N,110,0-1,Black,2063,<=5s vs <=5s
5TtuYFlf,99,1-0,White,2365,<=5s vs <=5s
lrnq3RhL,60,0-1,Black,1572,<=5s vs 5-10s
QwdPRFk1,93,1-0,White,1932,<=5s vs <=5s
MZShHaaN,120,0-1,Black,2038,<=5s vs 5-10s
vZlVJ4wv,90,1-0,Black,1449,<=5s vs <=5s
UQcGGPyu,68,0-1,Black,1310,<=5s vs 5-10s
MA9BIL7G,130,0-1,Black,2486,<=5s vs 15-20s
mfIjU4YE,131,1-0,White,2565,<=5s vs <=5s
XaKk8Xdw,99,1-0,White,2052,<=5s vs 5-10s
KGdgDMbq,88,0-1,Black,1893,<=5s vs 15-20s
gObgj0nn,111,0-1,White,2515,<=5s vs <=5s
PCdBwJ3Z,105,1-0,White,2033,<=5s vs 5-10s
BUbfhcrI,69,1-0,White,969,<=5s vs <=5s
9Zn7Nf0M,71,1-0,White,1778,<=5s vs 15-20s
4VFKTFfu,95,1-0,White,1504,<=5s vs <=5s
vccXlnNj,113,1-0,White,2622,<=5s vs 10-15s
Uc79qt04,94,0-1,Black,1569,<=5s vs 5-10s
XeYI9cVL,81,1-0,White,1481,<=5s vs 10-15s
bsSo0hrc,61,1-0,White,1006,<=5s vs 5-10s
Lc5RGYVe,66,0-1,Black,1932,<=5s vs <=5s
MUciefR8,97,0-1,White,2233,<=5s vs <=5s
L1pkX4hb,118,0-1,Black,2293,<=5s vs 5-10s
dx5P9YCH,85,1-0,White,1925,<=5s vs <=5s
jjxQrtB1,60,0-1,Black,1390,<=5s vs 10-15s
R8Pc5ilH,128,1-0,Black,2907,<=5s vs <=5s
H3TXjhKq,72,1-0,Black,1238,<=5s vs <=5s
4ZRehHX3,64,0-1,Black,1848,<=5s vs 15-20s
7BzULacH,91,1-0,White,2506,<=5s vs 5-10s
8h3vv3up,161,1-0,White,2611,<=5s vs <=5s
k6XsLQ5Q,75,1-0,White,1871,<=5s vs 10-15s
5XngnvUx,36,0-1,Black,842,<=5s vs 10-15s
3LHOHgco,78,0-1,Black,1830,<=5s vs <=5s
f4i7LHKG,119,0-1,White,2054,<=5s vs 5-10s
wSZ5YucB,72,0-1,Black,1951,<=5s vs <=5s
4Hwq0JrO,79,1-0,White,2557,<=5s vs <=5s
V6Dee7wW,85,1-0,White,1783,<=5s vs <=5s
NsqgzJ2B,36,0-1,Black,1305,<=5s vs 15-20s
RmApLQL7,77,1-0,White,2784,<=5s vs 5-10s
Ft4YBXUQ,79,1-0,White,2082,<=5s vs 10-15s
OXMH2MZ1,57,1-0,White,1231,<=5s vs 10-15s
o77IUgDo,126,1-0,Black,2717,<=5s vs <=5s
5Wjfofii,84,0-1,Black,2150,<=5s vs <=5s
wnVfGZzQ,69,1-0,White,1173,<=5s vs 5-10s
GNRUgqYf,84,0-1,Black,2429,<=5s vs <=5s
7JMH4kZW,74,0-1,Black,2237,<=5s vs 5-10s
J4d2Hehk,75,1-0,White,1457,<=5s vs 5-10s
r4SUWT8I,69,0-1,White,1378,<=5s vs <=5s
DQ7yPKtb,61,1-0,White,1392,<=5s vs 15-20s
Ejz28vMJ,130,0-1,Black,2327,<=5s vs <=5s
PDgGWF4G,72,1-0,Black,1834,<=5s vs <=5s
Yi7gIjKU,69,1-0,White,1788,<=5s vs 10-15s
ltwCS98E,90,1-0,Black,1997,<=5s vs <=5s
eMT12Zd8,63,1-0,White,1445,<=5s vs <=5s
YgKnoLzm,66,0-1,Black,1369,<=5s vs 10-15s
46ovFtGX,60,0-1,Black,1801,<=5s vs 5-10s
TUCyAyAf,138,0-1,Black,2807,<=5s vs <=5s
NLUaP2ct,60,0-1,Black,1094,<=5s vs <=5s
SrH6HgCK,61,1-0,White,1717,<=5s vs 10-15s
yO9n1Y82,93,0-1,White,2451,<=5s vs <=5s
HLCeDlmI,78,0-1,Black,1724,<=5s vs <=5s
xkGgMB45,91,1-0,White,1948,<=5s vs <=5s
801Il0kI,51,1-0,White,1226,<=5s vs 5-10s
cx5kCM7s,50,0-1,Black,1264,<=5s vs 15-20s
N1QhQP93,72,1-0,Black,2103,<=5s vs <=5s
4z9m03Ej,70,1-0,Black,2240,<=5s vs <=5s
JsZjhdSK,84,1-0,Black,2220,<=5s vs 5-10s
52dZ00Lm,61,0-1,White,1241,<=5s vs <=5s
VFLh0Gd5,73,1-0,White,2024,<=5s vs <=5s
4lrq6t0i,85,0-1,White,2434,<=5s vs <=5s
CNH99xH9,38,0-1,Black,1538,<=5s vs 15-20s
MZOU5d1X,81,1-0,White,1938,<=5s vs <=5s
XqHVc9sD,89,0-1,White,2192,<=5s vs <=5s
fXqxBVWB,79,1-0,White,1827,<=5s vs 10-15s
n0LLdV0o,65,1-0,White,1536,<=5s vs 5-10s
TZmMFBVQ,41,1-0,White,1055,<=5s vs 5-10s
GK1t0ogN,53,1-0,White,1639,<=5s vs 10-15s
L7X9lYa2,57,1-0,White,1244,<=5s vs 15-20s
UVddrkmt,54,0-1,Black,687,<=5s vs 15-20s
rUfZMfyR,80,1/2-1/2,Black,2116,<=5s vs <=5s
ludp5mDc,85,1-0,White,1582,<=5s vs <=5s
9Q0TVaei,66,0-1,Black,1032,<=5s vs <=5s
WFbW3g9j,113,1-0,White,1887,<=5s vs 5-10s
iJF7b2Ms,90,1-0,Black,1962,<=5s vs <=5s
N0fuIprM,63,1-0,White,1487,<=5s vs 5-10s
ezi22eqo,55,0-1,White,1231,<=5s vs <=5s
23C8ZZbt,83,1-0,White,2589,<=5s vs <=5s
Kh44JFdM,60,0-1,Black,2045,<=5s vs 10-15s
vmGuX240,67,1-0,White,1475,<=5s vs <=5s
AmVyetDA,81,1-0,White,2546,<=5s vs <=5s
iRkbwqSa,94,0-1,Black,2474,<=5s vs <=5s
QNV0IFTt,101,1/2-1/2,White,2201,<=5s vs <=5s
F6dgerpY,122,1-0,Black,2458,<=5s vs <=5s
c2PTi3sL,94,0-1,Black,2130,<=5s vs <=5s
h6PSZYnF,65,0-1,White,2117,<=5s vs 10-15s
jTiWkO8I,99,1-0,White,2288,<=5s vs <=5s
LWycz6Im,46,0-1,Black,1270,<=5s vs 10-15s
M7JMh3vp,90,0-1,Black,1854,<=5s vs <=5s
DGN4Ix27,51,0-1,White,1325,<=5s vs 10-15s
K28QknpB,91,1-0,White,1583,<=5s vs <=5s
WZkyMdgI,76,1-0,Black,1678,<=5s vs <=5s
nLhYKZRI,74,0-1,Black,1442,<=5s vs 5-10s
VXvaf1Xk,95,1-0,White,2637,<=5s vs <=5s
voW37ZGp,77,1-0,White,1770,<=5s vs <=5s
klpaEjkt,145,0-1,White,1477,<=5s vs <=5s
IHcD5nWP,67,1-0,White,1875,<=5s vs 5-10s
nufvifEi,81,1-0,White,2080,<=5s vs 10-15s
E1nGYFhH,90,0-1,Black,2638,<=5s vs <=5s
t39K0C8s,67,1-0,White,1997,<=5s vs 5-10s
rMrAxT2k,97,1-0,White,2617,<=5s vs 5-10s
GlNL2BtV,65,1-0,White,2049,<=5s vs 10-15s
VYJsocWU,209,1-0,White,2555,<=5s vs 15-20s
wHQD6xPX,83,0-1,White,1746,<=5s vs <=5s
GK2ilikp,77,1-0,White,1639,<=5s vs 15-20s
3RNhRwxX,77,1-0,White,1023,<=5s vs <=5s
JStWIT7c,39,1-0,White,1772,<=5s vs 15-20s
HRPfM8wJ,99,0-1,White,2718,<=5s vs <=5s
lOX6SsMm,69,1-0,White,2065,<=5s vs <=5s
HqleBhHl,113,1-0,White,2504,<=5s vs 10-15s
8bheIBdE,47,0-1,White,2121,<=5s vs <=5s
7tT3Vtky,69,1-0,White,2372,<=5s vs <=5s
RLoY8iHp,115,0-1,White,2285,<=5s vs <=5s
vQwHxw1H,116,1/2-1/2,Black,2243,<=5s vs <=5s
k5gdOhxG,99,1-0,White,2261,<=5s vs 10-15s
G4WfEYFC,86,1-0,Black,2603,<=5s vs <=5s
DPAQuzI7,82,0-1,Black,2158,<=5s vs <=5s
lgrWYSdl,64,0-1,Black,1608,<=5s vs <=5s
hNV7IQu7,40,0-1,Black,756,<=5s vs 15-20s
uexJyHuE,100,0-1,Black,1905,<=5s vs <=5s
6jEsYO8j,100,1-0,Black,2246,<=5s vs <=5s
BuwT8bKv,43,1-0,White,1010,<=5s vs 5-10s
XnleAmtt,67,0-1,White,1452,<=5s vs <=5s
VwW3LCqE,97,0-1,White,2360,<=5s vs <=5s
OrnaYNIV,103,1-0,White,1544,<=5s vs 15-20s
5PYYvkSl,78,1-0,Black,2412,<=5s vs <=5s
6b168lmG,126,1-0,Black,2764,<=5s vs <=5s
68XgIYmT,97,1-0,White,1859,<=5s vs 5-10s
QAdSx4WS,74,1-0,Black,1844,<=5s vs <=5s
0HurSO52,111,1-0,White,1970,<=5s vs 5-10s
7xbm6BHX,46,0-1,Black,1414,<=5s vs <=5s
uLQ24fRf,77,0-1,White,1991,<=5s vs <=5s
VfATpZOO,86,1-0,Black,1853,<=5s vs <=5s
1jdm7YYJ,84,0-1,Black,2066,<=5s vs <=5s
4QpvpXEo,103,1-0,White,2288,<=5s vs <=5s
Zf7skpvU,72,0-1,Black,1017,<=5s vs <=5s
X5CNHxIt,119,0-1,White,2348,<=5s vs <=5s
JWrZRAxN,69,1-0,White,1868,<=5s vs 15-20s
YFwf8JeJ,85,1-0,White,2591,<=5s vs <=5s
e3YzWkJ4,78,0-1,Black,1229,<=5s vs <=5s
kbQnNBWj,58,0-1,Black,1107,<=5s vs 10-15s
QuTVdeeZ,152,0-1,Black,1896,<=5s vs <=5s
W9T5KlPg,47,1-0,White,1136,<=5s vs <=5s
Om3Nrzt1,60,0-1,Black,996,<=5s vs 5-10s
90T7zl5t,87,1-0,White,2578,<=5s vs <=5s
WkVm7oIc,52,0-1,Black,1381,<=5s vs 5-10s
z8375aUl,67,1-0,White,1775,<=5s vs 5-10s
0okcDYyy,97,1-0,White,2299,<=5s vs <=5s
clx9zPyk,84,0-1,Black,1338,<=5s vs <=5s
FQOVOvkV,81,1-0,White,2682,<=5s vs 5-10s
w3kgKb0x,87,1-0,White,2262,<=5s vs 5-10s
9e5OsMES,147,1/2-1/2,White,3057,<=5s vs <=5s
KcB2ghSN,75,1-0,White,1563,<=5s vs <=5s
STUWQbUn,80,0-1,Black,1404,<=5s vs 5-10s
Jy2nSJbL,56,0-1,Black,856,<=5s vs 5-10s
CJXpGbOe,81,0-1,White,1928,<=5s vs 5-10s
opOfxsnq,69,0-1,White,2324,<=5s vs <=5s
4FzWVTpD,99,1-0,White,2716,<=5s vs <=5s
bxBjijNm,59,1-0,White,1690,<=5s vs <=5s
IKwpayrR,80,0-1,Black,1344,<=5s vs <=5s
pAHIU40e,132,0-1,Black,1043,<=5s vs <=5s
bNVw509b,71,1-0,White,1921,<=5s vs <=5s
LMMCiHw9,87,1-0,White,2606,<=5s vs 10-15s
pnyORGMJ,62,0-1,Black,1895,<=5s vs 10-15s
ZD64ZZGq,58,0-1,Black,1966,<=5s vs 15-20s
R6ndnNLC,89,1-0,White,2167,<=5s vs 15-20s
FsDSc3gZ,68,0-1,Black,1722,<=5s vs 5-10s
dQzgsQpm,46,0-1,Black,1590,<=5s vs 15-20s
CTwA4N2r,62,0-1,Black,2065,<=5s vs <=5s
UcTWB0fn,79,1-0,White,1490,<=5s vs <=5s
EmevODtf,101,0-1,White,2069,<=5s vs <=5s
CE89tunH,84,0-1,Black,2680,<=5s vs <=5s
sdSBnHp1,99,1-0,White,2710,<=5s vs 5-10s
69nI0OM8,82,0-1,Black,2083,<=5s vs 5-10s
S9DtZNqb,122,0-1,Black,1789,<=5s vs <=5s
YJdVaT0a,72,0-1,Black,1039,<=5s vs <=5s
OAefSP6t,96,0-1,Black,2350,<=5s vs 5-10s
Kb9RDp9R,63,1-0,White,1532,<=5s vs 5-10s
ZY82VKl1,73,1-0,White,1979,<=5s vs 5-10s
DhVbZQcO,95,1-0,White,1530,<=5s vs 15-20s
CLhJFJal,64,0-1,Black,1947,<=5s vs 10-15s
HtFtLXAz,84,0-1,Black,1759,<=5s vs 5-10s
D9IWIAhL,51,1-0,White,1094,<=5s vs <=5s
d9mgC0Ye,70,1-0,Black,1663,<=5s vs <=5s
N1KN4Gy9,109,0-1,White,1285,<=5s vs <=5s
W4HizH9i,112,1-0,Black,2303,<=5s vs <=5s
cw2rkQXT,132,1-0,Black,2466,<=5s vs <=5s
HXpgKX9c,100,0-1,Black,2529,<=5s vs <=5s
xZrCzO9q,87,1-0,White,2413,<=5s vs <=5s
pzCQxCpa,53,1-0,White,1221,<=5s vs 5-10s
YiLQPHoE,105,0-1,White,2005,<=5s vs <=5s
TH2SV4L5,104,1-0,Black,1975,<=5s vs <=5s
94dF5Hhr,81,1-0,White,2105,<=5s vs <=5s
kmdmik14,82,0-1,Black,1991,<=5s vs <=5s
lawplZWw,88,0-1,Black,1534,<=5s vs <=5s
DpPD1l6T,80,0-1,Black,1966,<=5s vs 10-15s
6ybaEZR4,69,0-1,White,1434,<=5s vs 5-10s
IUKVYTHZ,132,0-1,Black,2722,<=5s vs <=5s
FXAY7JZy,62,0-1,Black,1499,<=5s vs 10-15s
P5SH7ECy,132,0-1,Black,2411,<=5s vs <=5s
DrNTyAYA,51,1-0,White,1348,<=5s vs <=5s
IDkknExa,106,0-1,Black,2211,<=5s vs <=5s
DvFHjS94,87,0-1,White,1819,<=5s vs <=5s
0B5pyECg,140,0-1,Black,2683,<=5s vs <=5s
ViHeqdJK,71,1-0,White,2183,<=5s vs <=5s
lOZlc1ln,58,0-1,Black,1482,<=5s vs 15-20s
Fm6kxRyW,106,1-0,Black,2282,<=5s vs <=5s
8wierh58,80,1-0,Black,2358,<=5s vs <=5s
oFUeM9nA,62,0-1,Black,1621,<=5s vs <=5s
JvGeT7af,95,1-0,White,1413,<=5s vs 5-10s
JNAZCWUx,56,0-1,Black,959,<=5s vs 5-10s
w4O0ZBTP,112,0-1,Black,2710,<=5s vs <=5s
TGhgv19L,103,1-0,White,2459,<=5s vs 5-10s
i0MH7rLD,65,1-0,White,2013,<=5s vs <=5s
hUi6b4ix,78,0-1,Black,2105,<=5s vs <=5s
NhAfS9Ky,105,1-0,White,1990,<=5s vs 10-15s
65xLJvjY,89,1-0,White,1680,<=5s vs <=5s
do8MRkrt,47,1-0,White,1095,<=5s vs 15-20s
3eXTiOeA,73,1-0,White,1827,<=5s vs <=5s
3hLD8TZv,88,1-0,Black,1847,<=5s vs <=5s
8RGdS28k,53,0-1,White,1050,<=5s vs <=5s
TNLoR3eR,79,1-0,White,1221,<=5s vs 5-10s
7PlQfwoq,106,1-0,Black,2363,<=5s vs <=5s
Swam8Fnw,67,1-0,White,1947,<=5s vs 5-10s
1TOQkfFw,112,0-1,Black,1625,<=5s vs <=5s
TAoswPOg,82,0-1,Black,1881,<=5s vs 5-10s
gm8Wbw2D,79,0-1,White,1734,<=5s vs <=5s
g6RBzqxg,71,1-0,White,1441,<=5s vs 5-10s
Wrl33qrX,92,0-1,Black,1989,<=5s vs 5-10s
GatUYV4j,79,1-0,White,1935,<=5s vs 10-15s
cP2TCOKW,86,0-1,Black,2227,<=5s vs 10-15s
HnSDKcZB,75,0-1,White,1992,<=5s vs 5-10s
33a48JNK,81,1-0,White,1596,<=5s vs 5-10s
vS3OUYRu,77,1-0,White,2196,<=5s vs <=5s
VVFhXNu7,99,1-0,White,2693,<=5s vs <=5s
7hwall4Y,98,1-0,Black,1982,<=5s vs <=5s
RS5mocxY,70,1-0,Black,1509,<=5s vs <=5s
XWsIRBsF,72,0-1,Black,1747,<=5s vs 5-10s
b2UhPPka,100,0-1,Black,2204,<=5s vs <=5s
BFUkOx8g,122,1/2-1/2,Black,2740,<=5s vs <=5s
dMb4pt3j,80,1/2-1/2,Black,1470,<=5s vs 15-20s
w9u8sznx,86,0-1,Black,1809,<=5s vs 5-10s
uvms12VZ,83,1-0,White,2359,<=5s vs 5-10s
9abfsw4a,102,1-0,Black,2065,<=5s vs <=5s
4d4b2BrW,156,1-0,Black,2305,<=5s vs <=5s
K4grFxZs,111,1-0,White,1811,<=5s vs 5-10s
pUK4eiRH,77,1-0,White,1545,<=5s vs <=5s
5mMl2X7D,66,0-1,Black,1539,<=5s vs <=5s
Tjk4jmam,85,1-0,White,2654,<=5s vs <=5s
0bvv4V4L,68,0-1,Black,1888,<=5s vs 5-10s
E2Uykwqr,77,1-0,White,1800,<=5s vs 5-10s
pf21YCxC,55,1-0,White,1346,<=5s vs <=5s
QJjO8h3F,107,0-1,White,2697,<=5s vs <=5s
eiyIjoVF,107,1-0,White,2254,<=5s vs 15-20s
Zj1Ktjl3,64,0-1,Black,1388,<=5s vs 5-10s
ERmliJ6X,79,1-0,White,1630,<=5s vs <=5s
PJydAepd,163,1-0,White,2088,<=5s vs 15-20s
YER2yO66,94,0-1,Black,1757,<=5s vs <=5s
SlJCRkPQ,72,0-1,Black,1005,<=5s vs 15-20s
zIehbO9b,86,0-1,Black,1680,<=5s vs <=5s
9RVbJKtZ,104,1-0,Black,2136,<=5s vs <=5s
3Ff4u7Rz,72,1-0,Black,1725,<=5s vs <=5s
16dIuEbP,60,0-1,Black,901,<=5s vs <=5s
1mFajauN,50,1-0,Black,930,<=5s vs <=5s
xR67pfw6,71,1-0,White,2330,<=5s vs 5-10s
Qx073MQT,109,1-0,White,2430,<=5s vs 15-20s
9TP8Oeim,124,1-0,Black,2035,<=5s vs <=5s
P7CF0sLS,74,0-1,Black,1661,<=5s vs <=5s
1tJ5nG5b,69,1-0,White,1928,<=5s vs 15-20s
eZYh0Xcd,51,1-0,White,1747,<=5s vs 10-15s
R0I6eqkA,56,1-0,Black,1884,<=5s vs <=5s
B8kVXH6r,92,1-0,Black,2180,<=5s vs <=5s
GCXbcbo7,98,1/2-1/2,Black,2186,<=5s vs 15-20s
EuL61BWM,80,1-0,Black,2091,<=5s vs <=5s
KjzJlfm9,108,1-0,Black,2465,<=5s vs <=5s
9zJw0Erv,135,0-1,White,2377,<=5s vs <=5s
3xveLJah,58,0-1,Black,1785,<=5s vs 15-20s
UsitZ7Zb,85,1-0,White,2663,<=5s vs 5-10s
dvIGtzZc,67,1-0,White,1861,<=5s vs <=5s
WCeOGHIx,73,1-0,White,1345,<=5s vs 5-10s
OhxgVwXh,95,1-0,White,2565,<=5s vs 5-10s
OQCz8VOE,70,1-0,Black,2059,<=5s vs 5-10s
v6O6F3oh,64,0-1,Black,1560,<=5s vs 15-20s
eclhS1r0,78,0-1,Black,2744,<=5s vs <=5s
3moFc8sL,110,1-0,Black,2401,<=5s vs <=5s
9p6KL6eq,98,1-0,Black,1848,<=5s vs 5-10s
7qosLDab,69,1-0,White,1689,<=5s vs 10-15s
SbqchrrS,81,0-1,White,2247,<=5s vs 5-10s
IN6BjH9z,92,1-0,Black,2299,<=5s vs 5-10s
o8zLjnSo,66,0-1,Black,2150,<=5s vs <=5s
4vdd0C6x,82,0-1,Black,2275,<=5s vs 5-10s
y6xrTe19,50,0-1,Black,1296,<=5s vs 10-15s
YkeWWPrZ,70,0-1,Black,1716,<=5s vs <=5s
nexzfOPC,80,0-1,Black,1833,<=5s vs 5-10s
IK2lkGSO,116,1-0,Black,2502,<=5s vs <=5s
mZlzmcR2,85,1-0,White,1069,<=5s vs <=5s
rfD9Qqat,70,0-1,Black,2324,<=5s vs 10-15s
Vs369m8v,104,0-1,Black,2516,<=5s vs <=5s
YL4xOhiY,113,0-1,White,2231,<=5s vs <=5s
e5p8jTub,70,0-1,Black,1753,<=5s vs <=5s
LfXzwnuW,86,0-1,Black,1851,<=5s vs <=5s
XV4e7qXp,121,0-1,White,2425,<=5s vs <=5s
hhQzQuxV,76,0-1,Black,2311,<=5s vs 10-15s
WAF1kYVA,85,1-0,White,2322,<=5s vs 15-20s
2LiQztS1,97,1-0,White,2537,<=5s vs 15-20s
GL8mWPVX,57,1-0,White,1485,<=5s vs 10-15s
SEhoCqTo,69,1-0,White,2005,<=5s vs <=5s
hCm4qW8e,62,1/2-1/2,Black,1071,<=5s vs 10-15s
i9HzLiDc,46,0-1,Black,1032,<=5s vs 15-20s
GKhcYzPS,67,1-0,White,1858,<=5s vs 10-15s
9gajn76Y,70,0-1,Black,1371,<=5s vs <=5s
RvXtpGHu,54,0-1,Black,1155,<=5s vs 10-15s
n10AhhZJ,83,1-0,White,1870,<=5s vs <=5s
drqR3pHc,72,0-1,Black,1502,<=5s vs <=5s
LxJMJmIj,90,0-1,Black,2080,<=5s vs <=5s
nz3KaPO2,43,1-0,White,958,<=5s vs 10-15s
33j2vysc,49,1-0,White,1133,<=5s vs <=5s
VTJvgQBh,85,1-0,White,1651,<=5s vs <=5s
bX4vVUyH,80,0-1,Black,1772,<=5s vs <=5s
5X9SBWxH,60,0-1,Black,2370,<=5s vs 10-15s
E5BumtKt,77,0-1,White,1734,<=5s vs 5-10s
gjYAUO5f,202,1/2-1/2,Black,2279,<=5s vs <=5s
5dZWyDPr,121,1-0,White,2275,<=5s vs <=5s
sf3iE1zA,50,0-1,Black,1321,<=5s vs 15-20s
8541pt5y,58,0-1,Black,819,<=5s vs 10-15s
bXGyUyQH,82,0-1,Black,1108,<=5s vs <=5s
IoZb16l5,74,0-1,Black,2016,<=5s vs <=5s
2N0mXV2F,51,1-0,White,1298,<=5s vs 10-15s
A9aXRjGF,80,0-1,Black,2585,<=5s vs 5-10s
agmuJeaY,45,1-0,White,1000,<=5s vs 10-15s
