lichess_id,ply,result,player,time_scramble_bracket,player_elo
aedH3pPp,74,0-1,Black,<=5s vs 10-15s,1226
wk6Xd7G1,80,1-0,Black,<=5s vs 10-15s,1385
JmtFrMGA,58,0-1,Black,<=5s vs 5-10s,1702
Ay4X8S5Q,91,1-0,White,<=5s vs 5-10s,2245
x3dNIXgV,43,1-0,White,<=5s vs 15-20s,1141
Yu8YrHFC,123,1-0,White,<=5s vs 10-15s,2382
62a2XjHk,120,0-1,Black,<=5s vs 10-15s,2336
ISI1A0hq,74,0-1,Black,<=5s vs 10-15s,1252
wRn0ntBI,99,1-0,White,<=5s vs 5-10s,3172
KTsKRn1B,81,1-0,White,<=5s vs 5-10s,2301
hD8Y1fzt,58,1-0,Black,<=5s vs <=5s,971
jZL01Awb,77,0-1,White,<=5s vs 5-10s,1255
SzOycxVp,80,0-1,Black,<=5s vs 10-15s,2289
OQ5JWFkD,114,1-0,Black,<=5s vs 10-15s,2134
IQr86eVY,115,1-0,White,<=5s vs 5-10s,2319
7uuB2kJU,55,1-0,White,<=5s vs 15-20s,1949
9keXtN4m,62,0-1,Black,<=5s vs 10-15s,1025
skCDziVx,77,1-0,White,<=5s vs 10-15s,2518
fbPowBVR,55,1-0,White,<=5s vs 15-20s,1150
RN0fOdHI,77,1-0,White,<=5s vs 5-10s,1900
PCa5FowJ,66,0-1,Black,<=5s vs 15-20s,2020
QlYJBVWR,77,0-1,White,<=5s vs <=5s,1691
OOpMCtKl,59,1-0,White,<=5s vs 10-15s,2355
Yb9SJfY3,56,0-1,Black,<=5s vs 15-20s,1588
isepmI5r,84,0-1,Black,<=5s vs 5-10s,2404
hgflvJJy,83,0-1,White,<=5s vs 5-10s,2216
Hk5MaOzY,65,0-1,White,<=5s vs 5-10s,1937
TEfeQlA9,44,0-1,Black,<=5s vs 10-15s,2011
854vxvH3,108,0-1,Black,<=5s vs 15-20s,1880
ImXS7Vw0,56,0-1,Black,<=5s vs 5-10s,1202
jeShhQkX,89,1-0,White,<=5s vs 5-10s,1956
WRZW2GBM,95,1-0,White,<=5s vs 15-20s,2381
cKfkRxrd,48,0-1,Black,<=5s vs 10-15s,1321
xSMRPHlx,82,0-1,Black,<=5s vs 10-15s,2676
9hCVyvGL,54,0-1,Black,<=5s vs 15-20s,1657
AFv24LIp,66,1/2-1/2,Black,<=5s vs 15-20s,1576
WDo3W4sC,58,0-1,Black,<=5s vs 10-15s,1839
1m5doox5,88,0-1,Black,<=5s vs 10-15s,2375
6TfX8jpl,71,0-1,White,<=5s vs <=5s,1410
pv697i6c,60,0-1,Black,<=5s vs <=5s,1332
h9HOLvWz,70,0-1,Black,<=5s vs 10-15s,2678
SDlLz6uz,74,0-1,Black,<=5s vs 5-10s,2595
imMST37l,38,0-1,Black,<=5s vs 15-20s,1318
XfEUQMhj,75,0-1,White,<=5s vs 15-20s,1579
zk6RwQgs,45,1-0,White,<=5s vs 5-10s,1023
FG1b1GMA,139,1/2-1/2,White,<=5s vs 5-10s,2634
YEIJBFFe,49,1-0,White,<=5s vs 15-20s,1985
yZCSusTP,81,1-0,White,<=5s vs 10-15s,1713
fQ2HjhbU,92,0-1,Black,<=5s vs 15-20s,2456
lWXR4aNF,67,1-0,White,<=5s vs 15-20s,2242
csZJWvNN,63,1-0,White,<=5s vs 10-15s,2215
EVDzmZmO,81,1-0,White,<=5s vs 10-15s,1918
cRlE9DbQ,94,0-1,Black,<=5s vs <=5s,2384
fwxTmtOT,77,1-0,White,<=5s vs 15-20s,1432
s3Yc0Ugd,58,0-1,Black,<=5s vs 5-10s,1747
TUTbKysN,115,1/2-1/2,White,<=5s vs 5-10s,2051
6Fq3UkzW,119,1/2-1/2,White,<=5s vs 15-20s,2126
L9IrtTOI,98,1-0,Black,<=5s vs <=5s,2087
QZJpZ0hc,65,1-0,White,<=5s vs 10-15s,2412
UKZuzFe8,59,1-0,White,<=5s vs 10-15s,1167
92zvUw3W,103,0-1,White,<=5s vs 5-10s,2375
sZCbOfYg,46,0-1,Black,<=5s vs <=5s,1111
a6ocgWi1,87,0-1,White,<=5s vs 5-10s,2271
HXVUhC7M,123,1-0,White,<=5s vs 15-20s,2342
DrFjwoeX,127,1-0,White,<=5s vs 15-20s,2303
vhWEGsxw,53,0-1,White,<=5s vs <=5s,1871
WRp6PY6g,62,0-1,Black,<=5s vs 10-15s,2144
XjqEQPS7,89,1-0,White,<=5s vs 5-10s,1469
8ncg9gYd,85,0-1,White,<=5s vs <=5s,1867
TmSSpPN3,92,1-0,Black,<=5s vs 5-10s,2535
MaMb7uPT,93,0-1,White,<=5s vs 10-15s,1742
26iI4JaD,64,0-1,Black,<=5s vs 15-20s,2195
8teqnT5z,107,1-0,White,<=5s vs 10-15s,1695
sdehCVla,69,1-0,White,<=5s vs 15-20s,1996
yRpoaT3y,44,0-1,Black,<=5s vs 15-20s,1094
WFi8XYTF,54,0-1,Black,<=5s vs 10-15s,2109
9OorIQ7Z,49,1-0,White,<=5s vs 15-20s,1227
wzi73fwz,51,1-0,White,<=5s vs 15-20s,1080
NWTs4wmr,72,0-1,Black,<=5s vs 10-15s,2103
05msDmFF,61,1-0,White,<=5s vs 15-20s,2329
H8NF5D1Q,91,1-0,White,<=5s vs 15-20s,1983
TwcoEK4q,113,1-0,White,<=5s vs 5-10s,2034
MDGZaB9T,66,1-0,Black,<=5s vs 5-10s,1699
2xzdvwhA,83,1/2-1/2,White,<=5s vs 15-20s,1946
W4tou08e,80,0-1,Black,<=5s vs 15-20s,2314
U2uhQ5vQ,47,0-1,White,<=5s vs 5-10s,1934
Kx209ssx,124,1-0,Black,<=5s vs 5-10s,2313
muPBEOIG,66,0-1,Black,<=5s vs 10-15s,1910
JjjM49u5,84,0-1,Black,<=5s vs 5-10s,1933
8P2Q0tHr,49,1-0,White,<=5s vs 5-10s,978
ShCkgLtW,95,1-0,White,<=5s vs 15-20s,2487
jXLaTaMi,82,0-1,Black,<=5s vs 5-10s,2011
6CddtmGB,87,1-0,White,<=5s vs 5-10s,1992
QBmbARuB,56,1-0,Black,<=5s vs <=5s,1656
a7AKupDw,52,0-1,Black,<=5s vs 5-10s,957
5MHa8J7b,116,0-1,Black,<=5s vs 10-15s,1747
NIKaEY0k,46,0-1,Black,<=5s vs 5-10s,1305
N1T1TqpY,65,1-0,White,<=5s vs 15-20s,2158
FHIoMrIr,108,0-1,Black,<=5s vs 15-20s,1730
SOBG3JHm,108,1-0,Black,<=5s vs 10-15s,2274
F2bAcEvN,55,1-0,White,<=5s vs 10-15s,1327
AIbOL0JQ,110,0-1,Black,<=5s vs 10-15s,2522
2PMUx4nb,46,0-1,Black,<=5s vs 15-20s,1016
869j8Dju,106,0-1,Black,<=5s vs 10-15s,2133
g3HnmArj,41,0-1,White,<=5s vs <=5s,1507
pPM5ewUh,60,1-0,Black,<=5s vs <=5s,1601
WgSeXQTX,101,1-0,White,<=5s vs 15-20s,2543
ib2UpVnr,122,1/2-1/2,Black,<=5s vs 5-10s,2366
PYa9OoBK,71,0-1,White,<=5s vs 15-20s,2758
Mcv632NU,87,1-0,White,<=5s vs 15-20s,1936
NJ4u2cXl,96,1/2-1/2,Black,<=5s vs 5-10s,2836
lD0Vembx,80,0-1,Black,<=5s vs 5-10s,1317
rVAx9u2n,66,0-1,Black,<=5s vs 10-15s,1481
4VzNMy6W,111,1-0,White,<=5s vs 5-10s,2207
xCVYZMtn,76,1/2-1/2,Black,<=5s vs 5-10s,2401
bgmXzLVZ,47,1-0,White,<=5s vs 15-20s,1252
4JEk1rQV,58,0-1,Black,<=5s vs 5-10s,1537
rJ3Vfl7t,70,0-1,Black,<=5s vs 10-15s,2155
bCDqh6af,82,0-1,Black,<=5s vs 5-10s,1304
GIzVlcxc,91,1-0,White,<=5s vs 15-20s,1716
dVeRlKuM,168,0-1,Black,<=5s vs 15-20s,2342
iL2O0ARL,53,1-0,White,<=5s vs 10-15s,1081
9RYX0CKs,65,1-0,White,<=5s vs 10-15s,2384
39NwV6pJ,59,1-0,White,<=5s vs 10-15s,1440
MwDZhGWJ,72,0-1,Black,<=5s vs <=5s,1675
TxGb3ggQ,55,1-0,White,<=5s vs 15-20s,1475
ntBU2ISH,79,1-0,White,<=5s vs 10-15s,2441
yj42fzNS,74,1-0,Black,<=5s vs 5-10s,2111
SH5f2pXw,103,1-0,White,<=5s vs <=5s,2536
R4Pfxsg3,83,1-0,White,<=5s vs 15-20s,2565
xlC4UWxw,38,0-1,Black,<=5s vs 5-10s,1082
WUHsVtnb,54,0-1,Black,<=5s vs 5-10s,1365
tkW5u7Na,106,0-1,Black,<=5s vs <=5s,2298
NZ0o1Cya,71,1-0,White,<=5s vs <=5s,2112
nuDI5JJ4,36,0-1,Black,<=5s vs 5-10s,1058
3I0KXmo4,135,1-0,White,<=5s vs 15-20s,2403
gXOm8EHR,43,1-0,White,<=5s vs 5-10s,1124
YduVdc7j,55,1-0,White,<=5s vs 5-10s,1345
aDjqITwL,47,1-0,White,<=5s vs 15-20s,1652
JbjiJqCR,80,1/2-1/2,Black,<=5s vs 15-20s,2733
JA0dpaIJ,109,0-1,White,<=5s vs 10-15s,2751
Wu4jvDzS,61,1-0,White,<=5s vs 15-20s,2383
92YwIuXH,66,1-0,Black,<=5s vs <=5s,2386
NoBb62wk,105,0-1,White,<=5s vs 5-10s,1820
DhjIRkoW,62,0-1,Black,<=5s vs 10-15s,1729
k1p6LIBD,66,0-1,Black,<=5s vs 5-10s,1518
02iw68YY,66,1-0,Black,<=5s vs 5-10s,1763
Fm3dAyxX,113,1/2-1/2,White,<=5s vs 5-10s,2463
ydwi2MhQ,60,0-1,Black,<=5s vs 10-15s,1737
FlAwlqmU,80,0-1,Black,<=5s vs 5-10s,1829
xd5GA4B2,77,1-0,White,<=5s vs 15-20s,1718
6m4z6za9,73,1-0,White,<=5s vs 10-15s,1380
nmxvI1YE,72,0-1,Black,<=5s vs 5-10s,2298
Dwvo9SeQ,70,1-0,Black,<=5s vs <=5s,1681
UtYThrcr,72,0-1,Black,<=5s vs 10-15s,2448
GNrLB3Xz,74,1-0,Black,<=5s vs 5-10s,2173
bD4YwhH0,50,0-1,Black,<=5s vs 15-20s,1044
EIRatU0H,68,0-1,Black,<=5s vs 10-15s,2214
zRiNTqEI,70,0-1,Black,<=5s vs 5-10s,2317
gj2erpFT,73,1-0,White,<=5s vs <=5s,1652
RdgQsEPR,67,0-1,White,<=5s vs 15-20s,2542
pRkGb1Um,64,0-1,Black,<=5s vs 10-15s,1469
5t6dC5nH,103,1-0,White,<=5s vs <=5s,1952
8wqzYKW2,50,0-1,Black,<=5s vs 15-20s,1375
5uP9muvC,50,0-1,Black,<=5s vs 15-20s,1445
2BaFiUh2,51,1-0,White,<=5s vs 15-20s,1324
uK4DbOIU,43,1-0,White,<=5s vs 15-20s,943
PNeY1RHF,50,1-0,Black,<=5s vs 5-10s,2422
EETHQSsy,61,1-0,White,<=5s vs 5-10s,1984
uZ8yvZoJ,62,0-1,Black,<=5s vs 10-15s,2044
4K1hkrpT,106,0-1,Black,<=5s vs 5-10s,1241
2A1zwlI3,132,1-0,Black,<=5s vs <=5s,2417
PWxMXt98,63,1-0,White,<=5s vs 15-20s,1868
0xqQh4w4,56,0-1,Black,<=5s vs 10-15s,1356
T9LMdJAu,79,0-1,White,<=5s vs 10-15s,2091
8hyUn87L,120,1/2-1/2,Black,<=5s vs 5-10s,2563
UbLZWPJl,58,1-0,Black,<=5s vs 5-10s,2718
mf4LGkxx,42,0-1,Black,<=5s vs <=5s,966
lctnOOhm,121,0-1,White,<=5s vs 5-10s,2494
ywLaIA4N,58,0-1,Black,<=5s vs 5-10s,1520
fYM4KeeN,75,1-0,White,<=5s vs 15-20s,2099
nJZKMF6T,46,0-1,Black,<=5s vs 15-20s,1314
8dny0LGF,90,1-0,Black,<=5s vs <=5s,2522
4GtTxQbS,83,1-0,White,<=5s vs <=5s,1865
GAqgLZfy,90,0-1,Black,<=5s vs 5-10s,2389
KZV1dFbx,53,1-0,White,<=5s vs 15-20s,1309
5lJ8QtBQ,138,1/2-1/2,Black,<=5s vs 5-10s,2517
v9Yv9zPz,101,1-0,White,<=5s vs 5-10s,2069
41K7wWPB,67,1-0,White,<=5s vs 15-20s,2424
SBYSYRag,73,1-0,White,<=5s vs 5-10s,1578
0k9QYavG,83,1-0,White,<=5s vs 15-20s,2344
3LmliTlV,89,1-0,White,<=5s vs 5-10s,1716
Cz21bhhE,73,0-1,White,<=5s vs 5-10s,2240
1RiGWkdS,72,0-1,Black,<=5s vs 5-10s,2564
3yxg94AC,53,1-0,White,<=5s vs 10-15s,2188
W7XXj6QN,56,0-1,Black,<=5s vs 5-10s,1174
0zbIav0y,69,1-0,White,<=5s vs <=5s,1918
XIvEJL5e,55,1-0,White,<=5s vs 15-20s,678
ZmOGZF7X,71,1-0,White,<=5s vs 10-15s,2185
hlRVyQZy,76,1/2-1/2,Black,<=5s vs 5-10s,2304
P9QhK2n9,101,1/2-1/2,White,<=5s vs 5-10s,2720
yUaq7HkS,132,0-1,Black,<=5s vs 5-10s,2933
0ZmEiKPx,181,1-0,White,<=5s vs 15-20s,2194
4ePB3BfF,104,1/2-1/2,Black,<=5s vs 5-10s,2066
PRz97oKo,83,1-0,White,<=5s vs 5-10s,2118
kcIRX3sQ,72,0-1,Black,<=5s vs 10-15s,1435
bgRzvxWx,101,1-0,White,<=5s vs 10-15s,1555
UW9TG1Tg,66,0-1,Black,<=5s vs 5-10s,1971
Gu3B06RD,104,0-1,Black,<=5s vs 5-10s,2329
8xlarpT3,60,0-1,Black,<=5s vs 5-10s,1317
I35LSD43,89,1-0,White,<=5s vs 10-15s,2274
KQj3q3cL,78,0-1,Black,<=5s vs 5-10s,1680
BbDvClzZ,121,0-1,White,<=5s vs 5-10s,2627
JrDQRSyy,44,0-1,Black,<=5s vs 10-15s,1532
Ry6AIyNH,90,0-1,Black,<=5s vs 15-20s,2039
doJl3nhA,73,1-0,White,<=5s vs 15-20s,1704
QweHaKWP,76,0-1,Black,<=5s vs 10-15s,1971
xJYoSMRj,49,1-0,White,<=5s vs 10-15s,968
NeBPwrTj,87,0-1,White,<=5s vs 5-10s,1363
rcH9WXBx,83,1-0,White,<=5s vs 10-15s,1642
VphCx7pC,52,1-0,Black,<=5s vs 10-15s,1079
Nr0whKaa,52,0-1,Black,<=5s vs <=5s,2324
P4WIzg6c,113,1/2-1/2,White,<=5s vs 15-20s,1907
Wog7nBke,64,0-1,Black,<=5s vs 15-20s,1833
f7xGCJXf,104,0-1,Black,<=5s vs 10-15s,2054
szbzpqRD,74,0-1,Black,<=5s vs 10-15s,2061
kgxTbnfG,59,0-1,White,<=5s vs <=5s,1369
rQdi5qo7,58,0-1,Black,<=5s vs 5-10s,1380
GMGaejLC,52,0-1,Black,<=5s vs 10-15s,1736
G98jHzAn,67,1/2-1/2,White,<=5s vs <=5s,2284
UjPGj0gf,60,0-1,Black,<=5s vs <=5s,1717
Bb0ZYQDV,64,0-1,Black,<=5s vs 15-20s,2566
80s71ukw,42,0-1,Black,<=5s vs 10-15s,1414
XLKv6osE,73,1-0,White,<=5s vs 5-10s,1162
MFrrVouI,78,0-1,Black,<=5s vs 5-10s,1739
YmFI4OQd,41,0-1,White,<=5s vs <=5s,1314
TsbtWreB,136,0-1,Black,<=5s vs 15-20s,2214
BHVMmqiz,67,1-0,White,<=5s vs <=5s,1984
O2r6MQeZ,77,1-0,White,<=5s vs <=5s,2122
69fhgRvM,83,0-1,White,<=5s vs 5-10s,2409
zgVuxX4w,76,0-1,Black,<=5s vs 5-10s,1964
HyTCxSvG,141,1/2-1/2,White,<=5s vs 5-10s,2380
hURhg1kK,104,0-1,Black,<=5s vs 15-20s,2533
x8Q6EYzy,79,1-0,White,<=5s vs 15-20s,2183
vh79ieUk,106,1-0,Black,<=5s vs 5-10s,2090
4l19wUas,53,0-1,White,<=5s vs <=5s,850
Fttt4Ssq,87,0-1,White,<=5s vs 5-10s,2108
ApyIbd53,79,1-0,White,<=5s vs 5-10s,2044
nAi8Rkgo,73,1-0,White,<=5s vs 5-10s,1434
hzIBa1lM,34,1-0,Black,<=5s vs 5-10s,1208
feuOlnR9,130,1-0,Black,<=5s vs 5-10s,2491
s2A9ffBs,87,0-1,White,<=5s vs 5-10s,1903
ORTohzhi,58,0-1,Black,<=5s vs 15-20s,1782
LgSlqOCS,73,0-1,White,<=5s vs 5-10s,1079
iU0RbgnF,63,1-0,White,<=5s vs 5-10s,2478
oh9j42Q8,110,0-1,Black,<=5s vs 5-10s,2385
nB8pGPw2,118,1/2-1/2,Black,<=5s vs <=5s,2613
6fuAj6RX,75,0-1,White,<=5s vs <=5s,1917
a56DSXN8,79,1-0,White,<=5s vs 15-20s,2265
FGSSyIOq,81,0-1,White,<=5s vs 5-10s,2429
DrJxgHT8,60,0-1,Black,<=5s vs 5-10s,1856
1zVDQO1K,70,1-0,Black,<=5s vs 10-15s,1928
SmfZ7U8A,75,1-0,White,<=5s vs 15-20s,1571
0KVdj9nl,104,0-1,Black,<=5s vs 10-15s,2316
7MglJv8o,89,1-0,White,<=5s vs 5-10s,2504
3pNPgmgZ,79,1-0,White,<=5s vs 10-15s,2628
nfCKywLJ,76,1/2-1/2,Black,<=5s vs 5-10s,2147
efYFwxL7,57,1-0,White,<=5s vs 5-10s,1365
OQngptNp,89,1-0,White,<=5s vs 5-10s,2208
QsG6KjuF,76,0-1,Black,<=5s vs 15-20s,1742
78NRMxiK,72,0-1,Black,<=5s vs <=5s,1775
uNdChWxX,43,1-0,White,<=5s vs 15-20s,1236
6ra7DWv5,112,0-1,Black,<=5s vs 5-10s,2741
HN7flcJs,84,1-0,Black,<=5s vs 5-10s,2117
46jdhkx1,83,1-0,White,<=5s vs 10-15s,2014
eiicZ9KL,87,0-1,White,<=5s vs 5-10s,2388
g3zDXMjb,36,0-1,Black,<=5s vs 15-20s,809
9rALbXxp,71,1-0,White,<=5s vs 5-10s,1939
6w5rxSgb,61,1-0,White,<=5s vs 10-15s,2293
xs9unX8d,86,1-0,Black,<=5s vs <=5s,1760
98Mrsy2n,69,0-1,White,<=5s vs 5-10s,2392
iWjoClc4,47,1-0,White,<=5s vs 15-20s,1604
mshKaCQ7,76,0-1,Black,<=5s vs 5-10s,2109
bN4dVUJz,62,0-1,Black,<=5s vs 15-20s,2009
9XLJf3lh,64,0-1,Black,<=5s vs 10-15s,1610
kpKG1WoF,53,1-0,White,<=5s vs <=5s,1456
2SVPMuDq,74,1-0,Black,<=5s vs 5-10s,1017
CsNFXqyw,60,0-1,Black,<=5s vs 5-10s,2201
GaTvtGnU,82,0-1,Black,<=5s vs 5-10s,1894
aZjW8GUV,107,0-1,White,<=5s vs 15-20s,2077
39sZSLf4,136,1-0,Black,<=5s vs <=5s,2967
cqCpFlmV,66,0-1,Black,<=5s vs 15-20s,2228
26thtLVv,64,0-1,Black,<=5s vs 10-15s,1322
jpZ8iq5E,54,0-1,Black,<=5s vs 10-15s,1171
LMIAg4As,103,0-1,White,<=5s vs <=5s,2329
N2tlVh8A,42,0-1,Black,<=5s vs 15-20s,1024
TxJQPRh3,62,0-1,Black,<=5s vs 5-10s,1672
QiffonBi,69,1-0,White,<=5s vs 10-15s,1071
0Kehus0l,47,1-0,White,<=5s vs 5-10s,998
cadGvUeD,117,1-0,White,<=5s vs 5-10s,2312
L9aptyW8,125,1/2-1/2,White,<=5s vs 5-10s,2682
d27DuOEB,86,0-1,Black,<=5s vs 5-10s,2362
q2odvuyG,114,1-0,Black,<=5s vs <=5s,2448
5Bz5zXDf,72,0-1,Black,<=5s vs 15-20s,2139
KnJIHm6L,94,0-1,Black,<=5s vs 15-20s,2305
3L0P99mE,81,1-0,White,<=5s vs 5-10s,1717
LCtao6aZ,71,1-0,White,<=5s vs 15-20s,2527
Bbx5FTkg,92,0-1,Black,<=5s vs 15-20s,1470
1ktfnji7,75,1-0,White,<=5s vs 10-15s,2141
xtEHcNI6,73,1-0,White,<=5s vs <=5s,1521
UR14tz2f,101,1-0,White,<=5s vs 5-10s,2245
BLIqTlBB,69,1-0,White,<=5s vs 10-15s,2321
z67hNgEV,49,1-0,White,<=5s vs 10-15s,1038
RKPlZpyR,82,0-1,Black,<=5s vs 5-10s,2642
Oqd610bY,62,1-0,Black,<=5s vs 10-15s,2119
FWxzbszK,56,0-1,Black,<=5s vs 5-10s,1131
C5hT999o,77,0-1,White,<=5s vs 5-10s,1534
f7RbKtbl,57,1-0,White,<=5s vs 15-20s,1614
F4izv7Y6,84,1-0,Black,<=5s vs <=5s,1564
fRDI1UuH,42,0-1,Black,<=5s vs <=5s,1403
sGZKcqxN,40,1-0,Black,<=5s vs <=5s,1048
53QR4la3,89,1-0,White,<=5s vs 5-10s,2633
UQNz0GBd,67,1-0,White,<=5s vs 15-20s,2194
9cBryXiL,95,1/2-1/2,White,<=5s vs 10-15s,1337
39GsK76E,67,1-0,White,<=5s vs 15-20s,1793
HGFaFo5t,64,0-1,Black,<=5s vs 15-20s,1641
rQznaBf3,73,1-0,White,<=5s vs 5-10s,1725
86hEwgDp,59,1-0,White,<=5s vs 15-20s,1811
VhqoFdD2,114,0-1,Black,<=5s vs 15-20s,2521
8ZRVPE5g,65,1-0,White,<=5s vs 15-20s,1531
8LqinoI9,66,0-1,Black,<=5s vs 10-15s,2269
V3Zlk9xG,106,1-0,Black,<=5s vs <=5s,2707
e1saosxR,58,0-1,Black,<=5s vs 5-10s,962
OibMhYbA,95,1-0,White,<=5s vs 15-20s,2246
5MgZUXiG,81,1-0,White,<=5s vs 10-15s,2053
Ywdap3fJ,73,0-1,White,<=5s vs 5-10s,1850
NnjLpxfd,48,0-1,Black,<=5s vs 15-20s,1273
FlUtBH2J,78,0-1,Black,<=5s vs 10-15s,1778
SocqbpRt,58,0-1,Black,<=5s vs <=5s,2202
Bp4biyln,98,1/2-1/2,Black,<=5s vs 15-20s,2086
0gFoxeuw,70,1-0,Black,<=5s vs 5-10s,2317
Ppx1Sy76,89,1-0,White,<=5s vs 5-10s,1781
2BjRDZVX,84,0-1,Black,<=5s vs 10-15s,2651
SjUe7O7A,75,1-0,White,<=5s vs 5-10s,2115
xyRgkrFS,44,1-0,Black,<=5s vs 5-10s,917
KtDpa76P,60,0-1,Black,<=5s vs 15-20s,1953
GHKRQOkY,85,1-0,White,<=5s vs 5-10s,2494
6SmmVu6O,105,1-0,White,<=5s vs 15-20s,2092
A22uSnYu,88,0-1,Black,<=5s vs 10-15s,2445
ax095Qvl,72,1-0,Black,<=5s vs <=5s,1577
Lz4SPFHo,66,0-1,Black,<=5s vs 10-15s,1189
BXtvJFOu,56,0-1,Black,<=5s vs 5-10s,1919
QO23TuSZ,46,0-1,Black,<=5s vs 15-20s,1040
IQ3xWApy,48,0-1,Black,<=5s vs 15-20s,1623
2vq0tiJN,60,0-1,Black,<=5s vs 5-10s,2133
bJWeJjk1,95,1-0,White,<=5s vs 10-15s,2009
k8jddi4L,116,0-1,Black,<=5s vs 15-20s,2617
RgFqAov7,80,0-1,Black,<=5s vs 5-10s,2463
2MyeSYt7,78,0-1,Black,<=5s vs 10-15s,2286
05iyaind,103,0-1,White,<=5s vs 5-10s,2634
g7xBTFz5,77,1-0,White,<=5s vs 15-20s,1842
ctqSFc0G,60,0-1,Black,<=5s vs 10-15s,2056
QEhaX7hE,89,1-0,White,<=5s vs 15-20s,1921
MQwZycJx,113,1-0,White,<=5s vs 5-10s,2260
LBAyEcXL,69,1-0,White,<=5s vs 15-20s,1369
UwbBbBwo,88,1-0,Black,<=5s vs <=5s,1450
PtW49IMF,97,0-1,White,<=5s vs <=5s,2517
R3CnC522,107,1-0,White,<=5s vs 5-10s,2527
VT0LBRi0,124,0-1,Black,<=5s vs <=5s,2570
Thf1dnHh,66,0-1,Black,<=5s vs 5-10s,2478
Y04TfV9C,79,1-0,White,<=5s vs 10-15s,1821
Bx0AOYdL,36,0-1,Black,<=5s vs 10-15s,1201
RVMqmQyR,50,0-1,Black,<=5s vs 10-15s,1439
VJxV81D7,65,1-0,White,<=5s vs 10-15s,2458
SPtgAncw,81,1/2-1/2,White,<=5s vs 5-10s,972
O1QeIqvd,67,0-1,White,<=5s vs 5-10s,2444
VMJfSBSm,76,0-1,Black,<=5s vs 10-15s,2228
Ht9cGZrr,78,0-1,Black,<=5s vs 10-15s,1850
PZdV8lgI,87,1-0,White,<=5s vs 10-15s,2220
lu8pceko,44,0-1,Black,<=5s vs 15-20s,1519
3G7vWm1K,98,1-0,Black,<=5s vs <=5s,2376
mUnLhIM0,72,1-0,Black,<=5s vs <=5s,1447
NEMahWq6,50,0-1,Black,<=5s vs 15-20s,1119
7r1laYv1,57,1-0,White,<=5s vs 5-10s,1627
AXflrIlU,83,1-0,White,<=5s vs 10-15s,1942
xdEtcBdv,43,1-0,White,<=5s vs <=5s,1083
QeW01UCi,98,0-1,Black,<=5s vs 5-10s,1994
NbsUzPX5,90,0-1,Black,<=5s vs 10-15s,2210
FYrYh5uk,62,0-1,Black,<=5s vs 10-15s,1907
P8nnmtl3,62,1-0,Black,<=5s vs 5-10s,2670
NJ76z437,74,0-1,Black,<=5s vs 5-10s,1440
c600nk74,67,1/2-1/2,White,<=5s vs 15-20s,2079
JMZe9CEw,65,1-0,White,<=5s vs 5-10s,1069
QDkEQNqA,45,0-1,White,<=5s vs 5-10s,1344
pJRj7iwv,40,0-1,Black,<=5s vs 10-15s,1036
S1PvLKl4,45,1-0,White,<=5s vs 15-20s,1153
0k0IgR96,50,1-0,Black,<=5s vs 5-10s,1407
Crlyeqtx,86,0-1,Black,<=5s vs 5-10s,2507
Uo76ofJ6,40,0-1,Black,<=5s vs 15-20s,1119
oZMxbocu,46,0-1,Black,<=5s vs 15-20s,1451
WXtR31sn,69,1-0,White,<=5s vs 5-10s,1666
gkdGO3IB,82,0-1,Black,<=5s vs <=5s,2025
DHkAUzFE,57,0-1,White,<=5s vs 10-15s,2059
US3vrdak,81,0-1,White,<=5s vs <=5s,1760
FgVVEZ6F,54,0-1,Black,<=5s vs 15-20s,1938
dOrHbhUO,64,0-1,Black,<=5s vs 10-15s,1757
GSMD3VOq,49,1-0,White,<=5s vs 15-20s,1817
a0T7yDd8,56,1-0,Black,<=5s vs <=5s,2026
7fy4bMWn,66,1-0,Black,<=5s vs 5-10s,1506
xSH3JWyN,59,1-0,White,<=5s vs 15-20s,1786
DSwvdDwm,62,0-1,Black,<=5s vs 10-15s,1493
YvPy4lxH,69,1-0,White,<=5s vs 5-10s,2357
xYnP1sTi,124,1/2-1/2,Black,<=5s vs 15-20s,2469
Yeg3G0kY,105,1-0,White,<=5s vs 5-10s,1823
KeV0ZQPA,61,1-0,White,<=5s vs 10-15s,1806
2QXSLZbh,95,1-0,White,<=5s vs 5-10s,1861
8uorwELW,63,0-1,White,<=5s vs 5-10s,2602
VuQCdD9o,107,1-0,White,<=5s vs 5-10s,2390
pNF9jkNK,84,0-1,Black,<=5s vs 15-20s,1333
Yu0w5miL,92,0-1,Black,<=5s vs 15-20s,1842
5mcAAy2r,48,0-1,Black,<=5s vs 15-20s,1166
NOCbdpUb,71,0-1,White,<=5s vs <=5s,1864
tplbRn3M,81,1-0,White,<=5s vs 15-20s,1751
SVrvf0nn,75,1-0,White,<=5s vs 10-15s,1983
7JOD011Q,62,0-1,Black,<=5s vs 15-20s,1431
ADFlbeNf,66,1-0,Black,<=5s vs 5-10s,1948
JZwRknPs,67,1-0,White,<=5s vs 5-10s,1816
jUgkrNjO,94,0-1,Black,<=5s vs 5-10s,2263
TFh14I4m,70,0-1,Black,<=5s vs 15-20s,2132
IjSxH1wo,72,0-1,Black,<=5s vs 10-15s,2250
D3NtHZdg,113,1-0,White,<=5s vs 5-10s,2439
3jZlKeSn,52,0-1,Black,<=5s vs 10-15s,1248
CiJgL8mK,119,0-1,White,<=5s vs <=5s,2223
L5W9Pi2F,74,0-1,Black,<=5s vs 5-10s,1894
CsmA1bCT,71,1-0,White,<=5s vs 10-15s,1580
FNddh69R,85,1-0,White,<=5s vs 10-15s,2465
ghmOUvKL,75,1-0,White,<=5s vs 5-10s,2367
xgNwj7kX,52,0-1,Black,<=5s vs 15-20s,2030
vdG6Mzmt,52,0-1,Black,<=5s vs <=5s,1618
uKX8xMYx,50,0-1,Black,<=5s vs <=5s,644
5xCvnF8U,81,1-0,White,<=5s vs 15-20s,1566
hBDCkTop,91,1-0,White,<=5s vs 15-20s,2003
8hiNsNDn,75,0-1,White,<=5s vs <=5s,1683
1MmZD2RQ,88,0-1,Black,<=5s vs <=5s,2196
4Msd9YNg,56,0-1,Black,<=5s vs 5-10s,1686
vW2QWmQj,95,1-0,White,<=5s vs 10-15s,2602
Jao5f0ON,78,0-1,Black,<=5s vs 10-15s,1645
7pauh3ZK,83,1-0,White,<=5s vs 10-15s,2177
H3RE1u4R,64,0-1,Black,<=5s vs 10-15s,2062
1SQZpUOT,99,1-0,White,<=5s vs 5-10s,2130
IkEt4vFf,81,1-0,White,<=5s vs 10-15s,2462
534zwYvT,87,1/2-1/2,White,<=5s vs <=5s,2392
e3I9oIN4,79,1-0,White,<=5s vs 15-20s,1928
4NVSqEo1,99,0-1,White,<=5s vs 5-10s,2070
2nuJ4SL8,138,0-1,Black,<=5s vs 5-10s,2403
LLDm3yQD,75,1-0,White,<=5s vs 15-20s,1895
Tza3lG9a,73,1-0,White,<=5s vs 10-15s,2479
75phWAkv,70,0-1,Black,<=5s vs <=5s,2217
pNneJQmr,60,0-1,Black,<=5s vs 10-15s,1117
HQZsMRDk,65,1-0,White,<=5s vs 5-10s,1784
4VrZbopz,124,0-1,Black,<=5s vs <=5s,1749
mRUzQNtJ,45,1-0,White,<=5s vs 15-20s,797
HPIshL6H,94,0-1,Black,<=5s vs 5-10s,2614
CyAqe21N,81,1-0,White,<=5s vs 5-10s,2363
a1rw9duS,55,1-0,White,<=5s vs 5-10s,2370
MOi74dgl,64,0-1,Black,<=5s vs 5-10s,1104
9WYP9kZv,55,1-0,White,<=5s vs 10-15s,1445
qr5G9hKR,62,0-1,Black,<=5s vs 10-15s,1323
jubEhGHX,62,0-1,Black,<=5s vs 10-15s,1482
8mPUCfGI,52,1-0,Black,<=5s vs 5-10s,990
9tuAQPK2,83,1-0,White,<=5s vs 10-15s,2436
EQ0s1F2m,82,0-1,Black,<=5s vs 15-20s,2046
H3AnONLF,70,0-1,Black,<=5s vs 10-15s,1419
Ct09NyO5,77,1-0,White,<=5s vs 5-10s,1939
QkCfR7Vg,67,0-1,White,<=5s vs <=5s,1958
IlatOsj3,53,1-0,White,<=5s vs 5-10s,1470
vDVkvmSQ,63,1-0,White,<=5s vs 15-20s,1339
vTKVhrsK,84,0-1,Black,<=5s vs 5-10s,2383
QWSUeooX,67,1-0,White,<=5s vs 5-10s,2175
FY0dgdvQ,60,0-1,Black,<=5s vs 5-10s,1877
RfS0nF2n,64,0-1,Black,<=5s vs 5-10s,2058
xSkoK5ur,52,0-1,Black,<=5s vs <=5s,1828
UbP4UUOj,54,0-1,Black,<=5s vs 10-15s,2311
OBSyeJJ2,61,0-1,White,<=5s vs 15-20s,1652
hNjsIu7s,69,1-0,White,<=5s vs 15-20s,1168
7bB8qNv5,76,0-1,Black,<=5s vs 15-20s,1838
R9IQ1pyT,89,1-0,White,<=5s vs 10-15s,1777
8OnMKOVk,112,1-0,Black,<=5s vs <=5s,2356
WGlSSgF3,56,0-1,Black,<=5s vs 15-20s,2381
iWIb4EM7,66,0-1,Black,<=5s vs 15-20s,1238
2d3NCZae,68,0-1,Black,<=5s vs 15-20s,1948
lUMZk7bv,84,0-1,Black,<=5s vs 10-15s,1582
pfkS1228,54,1/2-1/2,Black,<=5s vs 5-10s,2272
ZDK1gOJB,60,0-1,Black,<=5s vs 10-15s,2073
X9Rlp3Bf,53,1-0,White,<=5s vs 5-10s,2059
FuiHn4kG,98,0-1,Black,<=5s vs 5-10s,1884
UyvANaII,71,1-0,White,<=5s vs 10-15s,2646
xtQmmwc6,58,0-1,Black,<=5s vs 5-10s,1510
psAEbzTQ,98,1-0,Black,<=5s vs <=5s,2361
d0tRcMsV,63,1-0,White,<=5s vs 10-15s,1753
lkX2gm2d,56,0-1,Black,<=5s vs 15-20s,1501
1nqLiWzM,73,1-0,White,<=5s vs <=5s,2004
9OtKRUg7,61,1-0,White,<=5s vs 10-15s,1996
3bE80cid,136,1/2-1/2,Black,<=5s vs 10-15s,1694
7NaByAy2,88,0-1,Black,<=5s vs <=5s,2992
fHU5ElsO,42,0-1,Black,<=5s vs 15-20s,932
TmDe1UjV,56,0-1,Black,<=5s vs 10-15s,2148
LHg60Qx4,58,0-1,Black,<=5s vs 15-20s,2121
1SMUeGSe,83,1-0,White,<=5s vs 5-10s,2797
KfSm5xOi,101,1/2-1/2,White,<=5s vs 5-10s,2631
9em656Kh,95,0-1,White,<=5s vs 5-10s,2590
XSiYBPpa,70,0-1,Black,<=5s vs 5-10s,1459
TpR2WUqG,64,1-0,Black,<=5s vs <=5s,1029
23QySA70,64,0-1,Black,<=5s vs 15-20s,2425
UvVJK4U8,92,0-1,Black,<=5s vs 5-10s,2361
zAqwVU5j,71,1-0,White,<=5s vs 5-10s,2174
ObXDrro7,65,1-0,White,<=5s vs 10-15s,1769
EySu9tsH,54,0-1,Black,<=5s vs 10-15s,1477
Mag3tBxO,64,0-1,Black,<=5s vs 5-10s,1534
rbjyuRwn,122,0-1,Black,<=5s vs 15-20s,2339
a4RDmJz3,59,0-1,White,<=5s vs <=5s,1113
cNHB6plW,45,1-0,White,<=5s vs 15-20s,1076
MWEdv5QI,66,1/2-1/2,Black,<=5s vs 5-10s,1479
jE44ABg3,112,0-1,Black,<=5s vs <=5s,2963
WIpSm0St,48,0-1,Black,<=5s vs 15-20s,1417
o4nGiniC,118,0-1,Black,<=5s vs <=5s,2485
VNCqVn4f,75,1-0,White,<=5s vs 5-10s,1283
RZCNssyz,110,0-1,Black,<=5s vs <=5s,2525
VFSZ5QgX,82,0-1,Black,<=5s vs 5-10s,1971
9QQZr0m6,64,0-1,Black,<=5s vs 5-10s,1390
1rcEMIEe,65,1-0,White,<=5s vs 10-15s,1926
FrVADENe,77,0-1,White,<=5s vs <=5s,2021
U40UJelb,53,1-0,White,<=5s vs 15-20s,1396
jY6iJdoY,79,1-0,White,<=5s vs 5-10s,1517
Va60Jbjs,34,0-1,Black,<=5s vs 5-10s,1073
6Gf1G6o7,82,0-1,Black,<=5s vs <=5s,1197
9DOmf8oA,64,0-1,Black,<=5s vs 10-15s,1489
7tEy9RQD,61,1-0,White,<=5s vs 10-15s,1741
nrQBlT95,55,1-0,White,<=5s vs 15-20s,1812
lflQjYjf,69,1-0,White,<=5s vs 5-10s,1951
dC5kaX1w,68,0-1,Black,<=5s vs 10-15s,1703
hxmapyYj,66,0-1,Black,<=5s vs 15-20s,2239
sH3hipDU,49,1-0,White,<=5s vs 15-20s,1941
3K3TbU6k,73,1-0,White,<=5s vs 10-15s,2352
SwKlgOse,75,1-0,White,<=5s vs 5-10s,1765
geWAL1ai,59,1-0,White,<=5s vs 5-10s,1715
3fyc2CGV,88,1/2-1/2,Black,<=5s vs <=5s,1133
ZP1lxCpN,67,1-0,White,<=5s vs 10-15s,1366
Z15HJSbR,87,0-1,White,<=5s vs <=5s,1837
jLhXZvze,62,0-1,Black,<=5s vs 10-15s,1419
3uKPSjFh,83,1-0,White,<=5s vs 15-20s,2347
BxJ3GYNY,60,0-1,Black,<=5s vs <=5s,1403
pjIHbHbk,85,1-0,White,<=5s vs 15-20s,1536
kutCxDoN,115,0-1,White,<=5s vs <=5s,2207
dMIz7HVx,140,1/2-1/2,Black,<=5s vs 15-20s,1479
pqOJjtzX,46,0-1,Black,<=5s vs 5-10s,1532
seg1X82h,84,0-1,Black,<=5s vs 5-10s,2235
NmGad54C,56,0-1,Black,<=5s vs 10-15s,1585
NTju3MHl,64,0-1,Black,<=5s vs 5-10s,1995
ZwSoqMPl,72,0-1,Black,<=5s vs 10-15s,1746
uveyNXQ1,57,1-0,White,<=5s vs 5-10s,1577
HtWFYlCq,108,1-0,Black,<=5s vs <=5s,2770
XfRidQ04,57,1-0,White,<=5s vs 10-15s,1445
Ja8QB688,70,1-0,Black,<=5s vs 5-10s,2015
9FcNfWot,68,0-1,Black,<=5s vs 10-15s,2069
uusgVKuv,121,0-1,White,<=5s vs 15-20s,2922
11UWYEjf,74,0-1,Black,<=5s vs 5-10s,2152
G5ZTnKtD,68,0-1,Black,<=5s vs 10-15s,2072
uH3iY2rZ,89,1-0,White,<=5s vs 5-10s,2437
r2lJhmnm,72,1-0,Black,<=5s vs 5-10s,1446
RzEaUcAC,47,1-0,White,<=5s vs 15-20s,2017
TkYDulFs,103,1-0,White,<=5s vs 5-10s,2364
0qJ9lp5h,100,0-1,Black,<=5s vs 5-10s,1961
oLERHwUj,44,0-1,Black,<=5s vs 5-10s,1000
KO8P9uWb,60,0-1,Black,<=5s vs 15-20s,2214
4K44MlnH,44,0-1,Black,<=5s vs 15-20s,1147
xhkuTohI,69,1-0,White,<=5s vs 15-20s,2145
8NNfMDdZ,64,0-1,Black,<=5s vs 15-20s,1756
qw7Uar96,71,1-0,White,<=5s vs 15-20s,1956
FqnGAFO5,85,1-0,White,<=5s vs 5-10s,2376
0OlOPpT1,88,0-1,Black,<=5s vs 5-10s,1879
j9t1ZTFs,63,1-0,White,<=5s vs 10-15s,1604
lsMDPFHI,56,0-1,Black,<=5s vs 15-20s,1908
sCBf5Gy7,116,1/2-1/2,Black,<=5s vs 10-15s,2038
SfAJjCs1,76,0-1,Black,<=5s vs 5-10s,1893
3HXEQpaQ,92,0-1,Black,<=5s vs 15-20s,2063
J3GD6Wbm,104,0-1,Black,<=5s vs 5-10s,1878
ShXF8kWB,124,1/2-1/2,Black,<=5s vs 15-20s,1914
OIDfTTqY,79,0-1,White,<=5s vs <=5s,1623
h6dGFyKC,70,0-1,Black,<=5s vs 10-15s,1915
Qm1w5ScM,86,1-0,Black,<=5s vs 5-10s,2235
w5SoSft2,58,0-1,Black,<=5s vs 15-20s,1479
Dx9HkvRn,79,1-0,White,<=5s vs 15-20s,1585
DLxBHday,72,1-0,Black,<=5s vs <=5s,1232
ZfdiAwmV,101,1-0,White,<=5s vs 5-10s,2426
WUJuzPWB,47,1-0,White,<=5s vs 10-15s,1663
DYsWVtUX,94,1-0,Black,<=5s vs <=5s,2702
EYOp1iMQ,58,0-1,Black,<=5s vs 5-10s,1382
C4eVAUaq,63,1-0,White,<=5s vs 15-20s,1961
pODM8vaA,65,0-1,White,<=5s vs 5-10s,1635
IxA2tuNB,51,1-0,White,<=5s vs 5-10s,915
iUkEw2Ey,76,0-1,Black,<=5s vs 10-15s,2090
cFZbWHFQ,92,1-0,Black,<=5s vs <=5s,2499
MgSHD9BJ,138,1/2-1/2,Black,<=5s vs 10-15s,1682
UF23GJDB,77,1-0,White,<=5s vs 5-10s,1515
90EAgik4,53,1-0,White,<=5s vs 15-20s,1834
bkO8aEBs,65,1-0,White,<=5s vs 5-10s,970
JbIGbDnk,85,1-0,White,<=5s vs 5-10s,2042
rcrXjYL3,70,1-0,Black,<=5s vs <=5s,1529
ak6bOS3s,79,1-0,White,<=5s vs 15-20s,2199
HTIn1yDs,85,1/2-1/2,White,<=5s vs 15-20s,2492
orbIQpLY,75,1-0,White,<=5s vs 5-10s,1866
itjVXE6p,59,1-0,White,<=5s vs 5-10s,2014
oD55It2V,51,1-0,White,<=5s vs 15-20s,1448
yVK9KTDT,50,0-1,Black,<=5s vs <=5s,1268
PqpzlOKl,111,1-0,White,<=5s vs <=5s,2723
4fuYlASk,69,1-0,White,<=5s vs <=5s,1378
rMrkbMCU,77,1-0,White,<=5s vs 5-10s,2384
IsdYXGtx,45,1-0,White,<=5s vs 15-20s,1019
5Y7GVBVz,120,1/2-1/2,Black,<=5s vs 5-10s,2574
CoJk01iP,44,1-0,Black,<=5s vs <=5s,995
V57MtjhX,66,1-0,Black,<=5s vs 10-15s,1600
DDa46lBi,64,0-1,Black,<=5s vs 5-10s,1485
KzozWOXe,54,0-1,Black,<=5s vs 10-15s,1125
2SPdsrEj,74,1-0,Black,<=5s vs 15-20s,1466
V8gEZcD3,91,0-1,White,<=5s vs 5-10s,2448
FoG295ac,80,0-1,Black,<=5s vs 15-20s,2143
NZ7LDg9E,57,1-0,White,<=5s vs 5-10s,979
cpbHaiJ2,76,0-1,Black,<=5s vs 10-15s,1561
IJPVZZME,49,1-0,White,<=5s vs 5-10s,1251
dnkDahXL,61,1-0,White,<=5s vs 15-20s,2318
Qk83VNgl,46,0-1,Black,<=5s vs 10-15s,1168
zsAOixMJ,84,0-1,Black,<=5s vs 10-15s,2098
F9iRL2Rd,49,1-0,White,<=5s vs 15-20s,1536
BS7Zxc69,64,0-1,Black,<=5s vs 10-15s,1636
mVTWRNGQ,107,1/2-1/2,White,<=5s vs <=5s,2285
HNcXhq2t,63,1-0,White,<=5s vs 5-10s,2514
6NimoWf2,45,1-0,White,<=5s vs 5-10s,1018
2yaDFe6P,41,1-0,White,<=5s vs 10-15s,995
QSbrgYA3,80,0-1,Black,<=5s vs 10-15s,1673
QMc2FQPV,118,0-1,Black,<=5s vs 15-20s,2495
4z9SPQFD,90,0-1,Black,<=5s vs 5-10s,2187
GjQ9bNHT,96,0-1,Black,<=5s vs 15-20s,1115
bXHyLP6Y,72,0-1,Black,<=5s vs 10-15s,2498
mDRpIaWX,68,0-1,Black,<=5s vs 10-15s,1698
WtUN35jc,78,0-1,Black,<=5s vs 15-20s,2383
kZOGn5jb,63,1-0,White,<=5s vs 15-20s,1476
RLOqBweT,80,1-0,Black,<=5s vs <=5s,2176
PfqWLF0C,55,1-0,White,<=5s vs 15-20s,2021
LWsgV7Rf,71,1-0,White,<=5s vs 5-10s,2681
GTqGF9YJ,56,0-1,Black,<=5s vs 10-15s,1376
7qEeEk0N,52,0-1,Black,<=5s vs 15-20s,1999
6JMcZUsl,79,1-0,White,<=5s vs <=5s,1221
WwmuCpx1,80,0-1,Black,<=5s vs 10-15s,1930
SotyeYlQ,105,1-0,White,<=5s vs 15-20s,2374
7N2L6Or9,79,1-0,White,<=5s vs 15-20s,1864
7Ien4jHm,57,1-0,White,<=5s vs 15-20s,1218
oI8hIP68,72,1-0,Black,<=5s vs <=5s,1561
5dTNq1KL,86,0-1,Black,<=5s vs <=5s,1844
CwbhghYl,68,0-1,Black,<=5s vs 10-15s,2673
thTVklxP,46,1-0,Black,<=5s vs 15-20s,1393
0vYohJ0W,53,1-0,White,<=5s vs 5-10s,1520
8b3CzvtG,108,1/2-1/2,Black,<=5s vs 10-15s,1755
jYfssEFJ,70,0-1,Black,<=5s vs 15-20s,1835
zyTwXVBR,100,1-0,Black,<=5s vs <=5s,2419
QKsoodt5,89,1-0,White,<=5s vs 5-10s,1803
XxczVmcR,81,1-0,White,<=5s vs 10-15s,1829
QJHQDlrU,100,1-0,Black,<=5s vs 5-10s,2417
7mdBD2zT,83,1-0,White,<=5s vs <=5s,1779
Gb6w41uJ,46,0-1,Black,<=5s vs <=5s,1160
S4Sv76Ua,156,1/2-1/2,Black,<=5s vs 15-20s,2527
nQhvV9Br,51,1-0,White,<=5s vs 15-20s,695
rx5OwQx9,114,1/2-1/2,Black,<=5s vs 5-10s,1678
BegZ9h8X,72,0-1,Black,<=5s vs 5-10s,1927
C62VpCsw,83,1-0,White,<=5s vs 15-20s,2217
3199GBo0,90,0-1,Black,<=5s vs 15-20s,1725
bP0a6vn7,71,1-0,White,<=5s vs 15-20s,2113
4Gd0YVCC,46,0-1,Black,<=5s vs 15-20s,1616
Y8Qw2CXr,62,0-1,Black,<=5s vs 5-10s,1377
zA21imOW,89,1-0,White,<=5s vs <=5s,2371
j5nN1QWU,67,1-0,White,<=5s vs 15-20s,1842
65MiZQQC,96,0-1,Black,<=5s vs <=5s,2217
sdC8XLV9,76,0-1,Black,<=5s vs <=5s,1816
524HNadF,95,1-0,White,<=5s vs 10-15s,2190
pmgxkl55,46,0-1,Black,<=5s vs 5-10s,1309
MCLsCXio,73,1-0,White,<=5s vs 5-10s,2214
IJHXSY1J,68,0-1,Black,<=5s vs 5-10s,1541
A3QjENgH,48,0-1,Black,<=5s vs 5-10s,1585
YL2RKyLn,71,0-1,White,<=5s vs 5-10s,1860
LDHgRwIy,105,1-0,White,<=5s vs 5-10s,1540
DLYbtNy1,100,0-1,Black,<=5s vs <=5s,2122
4f7DLxiF,61,0-1,White,<=5s vs 10-15s,1795
8M3vdC1n,101,0-1,White,<=5s vs 15-20s,2159
53pc66J5,107,1-0,White,<=5s vs 10-15s,2910
ysexInNN,88,0-1,Black,<=5s vs 10-15s,1751
yYyfd9rH,79,1-0,White,<=5s vs 10-15s,1880
VKaSRPs2,98,0-1,Black,<=5s vs 5-10s,2207
Id86ReoT,62,0-1,Black,<=5s vs 10-15s,2206
USIQwkAM,60,0-1,Black,<=5s vs 15-20s,1214
6bYRHw1C,56,0-1,Black,<=5s vs 10-15s,1630
Ahum5mfX,69,1-0,White,<=5s vs 15-20s,1181
Z9kZ1ZuU,67,0-1,White,<=5s vs 5-10s,1004
uJ9nn6No,56,0-1,Black,<=5s vs 10-15s,1311
Jl96bWdY,82,0-1,Black,<=5s vs 10-15s,2351
TCemKQ9j,93,1-0,White,<=5s vs 5-10s,2125
bih8Ll0O,86,0-1,Black,<=5s vs 5-10s,1725
ZSvx37AO,105,1-0,White,<=5s vs 10-15s,2232
TNbcj0aC,81,1-0,White,<=5s vs 5-10s,2108
NOly7PcL,65,1-0,White,<=5s vs 15-20s,1540
z0OyliSG,48,0-1,Black,<=5s vs 5-10s,863
2YSDsvCK,120,0-1,Black,<=5s vs 10-15s,2645
IuS8HZbK,51,1-0,White,<=5s vs 15-20s,1209
GArBdbLq,71,1-0,White,<=5s vs 5-10s,1659
6kCHjvsZ,68,0-1,Black,<=5s vs 5-10s,1900
TIlvvrnx,68,0-1,Black,<=5s vs 5-10s,2421
fGhmApjT,148,0-1,Black,<=5s vs <=5s,2791
12iA4Pey,85,1-0,White,<=5s vs <=5s,1986
2Kb2HsMv,92,0-1,Black,<=5s vs <=5s,2314
CyHQcU3W,78,0-1,Black,<=5s vs 10-15s,1979
uEKGpkjb,157,1-0,White,<=5s vs 15-20s,2561
PZf8xXpm,49,1-0,White,<=5s vs 15-20s,1272
AIXEjv0i,105,1-0,White,<=5s vs 15-20s,1849
13ZXcZcG,68,0-1,Black,<=5s vs 5-10s,2078
SkPxlfpM,63,1-0,White,<=5s vs 5-10s,1638
I6jjT1lQ,86,0-1,Black,<=5s vs 15-20s,2018
WujzaN1H,80,0-1,Black,<=5s vs 15-20s,2532
C84jrnf2,127,1-0,White,<=5s vs 10-15s,2243
SWCyMirp,134,1/2-1/2,Black,<=5s vs <=5s,2565
fJ6oSL5N,60,0-1,Black,<=5s vs 15-20s,1933
G636Rc7c,39,1-0,White,<=5s vs 15-20s,1203
7FjdC9Zy,61,1-0,White,<=5s vs 15-20s,1694
h2GaKKRa,49,0-1,White,<=5s vs <=5s,2243
vo22NrGG,79,0-1,White,<=5s vs 5-10s,2395
LR3HlK5V,59,1-0,White,<=5s vs 10-15s,1522
99ed3FtN,48,0-1,Black,<=5s vs <=5s,1791
Ad4QUabo,110,0-1,Black,<=5s vs 5-10s,2859
kqdVrhV9,75,1-0,White,<=5s vs 15-20s,2171
aHhHxu9O,63,0-1,White,<=5s vs 5-10s,2513
0TSi0qbC,55,1-0,White,<=5s vs 5-10s,1456
7vucg8GL,44,0-1,Black,<=5s vs 15-20s,960
IyOvLGEU,73,0-1,White,<=5s vs 5-10s,1460
JRdaTBUV,74,0-1,Black,<=5s vs 15-20s,1454
nLuy03qI,119,1-0,White,<=5s vs 15-20s,2363
lZWmFMeJ,54,1-0,Black,<=5s vs <=5s,1229
JibtCww5,61,1-0,White,<=5s vs 10-15s,2209
4KnF2oPT,64,0-1,Black,<=5s vs 15-20s,2315
MhkPGNBj,51,1-0,White,<=5s vs 15-20s,2044
qi7lOIbo,67,1-0,White,<=5s vs 10-15s,1339
wI8rMm2P,45,1-0,White,<=5s vs 10-15s,1259
vAtrFn07,93,1-0,White,<=5s vs 15-20s,2441
loICORBS,117,0-1,White,<=5s vs 5-10s,1966
Wx15rZfT,40,0-1,Black,<=5s vs 5-10s,976
814vgIsW,52,1-0,Black,<=5s vs 10-15s,2111
ZggcBJtP,63,0-1,White,<=5s vs 5-10s,1645
WNXfySE8,73,1-0,White,<=5s vs 5-10s,2153
6VsKb3EM,65,1-0,White,<=5s vs 10-15s,1512
DdLRBXs2,39,0-1,White,<=5s vs 10-15s,831
VVAxnMU8,71,1-0,White,<=5s vs 15-20s,2132
L8WkJj4t,56,0-1,Black,<=5s vs 5-10s,1941
cbnbjVky,85,1-0,White,<=5s vs 10-15s,1892
i4TLjfWX,62,0-1,Black,<=5s vs 5-10s,1211
1D0SZ0tO,66,1-0,Black,<=5s vs 5-10s,1889
JHgcDSNu,93,1/2-1/2,White,<=5s vs <=5s,1856
oSVFxeGf,97,0-1,White,<=5s vs 5-10s,2251
XXARcSuy,86,0-1,Black,<=5s vs 10-15s,2095
Vs2kjXn4,81,1-0,White,<=5s vs 5-10s,2206
J84HV9lf,78,0-1,Black,<=5s vs 15-20s,2688
ClfUXo8D,53,0-1,White,<=5s vs <=5s,1049
0K9zwPCG,61,1-0,White,<=5s vs 5-10s,1046
H5T0EPrN,47,1-0,White,<=5s vs 15-20s,1980
C1AONSFW,47,1-0,White,<=5s vs 10-15s,1544
BAmB5BTK,50,0-1,Black,<=5s vs 15-20s,2025
T6nnV8z3,68,0-1,Black,<=5s vs <=5s,1470
GBsdtWU4,85,1-0,White,<=5s vs 10-15s,1951
4kioRChV,41,1-0,White,<=5s vs 10-15s,1169
B8xeoS8N,85,1-0,White,<=5s vs <=5s,1889
b68TGphI,66,0-1,Black,<=5s vs 5-10s,2965
UudI4MvV,73,1-0,White,<=5s vs 5-10s,1824
JsWPk40T,117,1-0,White,<=5s vs 5-10s,1759
0nau5aUx,48,0-1,Black,<=5s vs 15-20s,1702
cwVcrTgr,62,0-1,Black,<=5s vs 10-15s,2464
eXWrCIqH,65,1-0,White,<=5s vs 10-15s,1455
CdEeHUOK,72,0-1,Black,<=5s vs 5-10s,1433
27F3ZwH7,51,1-0,White,<=5s vs 10-15s,1200
6e84IgLr,73,1-0,White,<=5s vs 10-15s,1920
KdfLUo0w,82,1-0,Black,<=5s vs <=5s,1963
YD72ba3Z,39,1-0,White,<=5s vs 5-10s,789
HtCWBMsb,70,1-0,Black,<=5s vs 10-15s,2015
qYIxGOXU,69,1-0,White,<=5s vs 10-15s,1539
unRxqV4f,99,1-0,White,<=5s vs <=5s,2511
otlOBnrT,51,1-0,White,<=5s vs 15-20s,1305
nTvAPWPE,77,1-0,White,<=5s vs 10-15s,2119
yOf0lhDv,56,0-1,Black,<=5s vs 10-15s,1656
ce1tDRC8,76,1-0,Black,<=5s vs <=5s,1757
vM8Ap1ZD,65,1-0,White,<=5s vs 15-20s,1797
1RuAKQVG,93,1-0,White,<=5s vs 5-10s,1540
ReWzxzO6,71,1-0,White,<=5s vs 5-10s,1736
0X1ngIRQ,69,1-0,White,<=5s vs 10-15s,1494
UMNZYCMY,55,0-1,White,<=5s vs 5-10s,1804
miMXL7wc,70,0-1,Black,<=5s vs 15-20s,1547
HYd7zePG,60,0-1,Black,<=5s vs 5-10s,1317
543aFkHA,59,0-1,White,<=5s vs 5-10s,1544
HFRuJZ1v,78,0-1,Black,<=5s vs 10-15s,1532
5SREc15A,69,1-0,White,<=5s vs 15-20s,1905
UcEFSVaW,53,1-0,White,<=5s vs <=5s,773
RYZFCBfQ,84,0-1,Black,<=5s vs 10-15s,2017
EhC0aJtc,98,0-1,Black,<=5s vs 5-10s,2440
BWTFMnzT,93,1-0,White,<=5s vs 5-10s,1148
C10KEaMs,75,1-0,White,<=5s vs 15-20s,2536
lpueV0aA,105,1-0,White,<=5s vs 5-10s,2345
ZvbaJCw6,53,1-0,White,<=5s vs <=5s,1562
SGaQZbQb,92,1-0,Black,<=5s vs <=5s,2746
0MQXWh1P,74,0-1,Black,<=5s vs 15-20s,2601
r29D4H3g,164,1-0,Black,<=5s vs <=5s,2480
jRN7W9FZ,61,1-0,White,<=5s vs 10-15s,1345
jUK4unbX,69,1-0,White,<=5s vs 10-15s,1678
N4KipvP6,50,0-1,Black,<=5s vs 15-20s,1378
kp3jeSBS,51,1-0,White,<=5s vs 15-20s,1620
j0yTVJ7h,70,0-1,Black,<=5s vs 15-20s,1806
63P709Xk,84,0-1,Black,<=5s vs 5-10s,1949
1yXuuqUl,100,0-1,Black,<=5s vs <=5s,2403
c48jmg97,61,1-0,White,<=5s vs 15-20s,2154
pRfFjErf,100,0-1,Black,<=5s vs 15-20s,2072
YFMUfn2I,76,0-1,Black,<=5s vs 5-10s,1443
PTemZulx,64,0-1,Black,<=5s vs 15-20s,1757
cWnAFAVS,57,1-0,White,<=5s vs 5-10s,1075
UFbKisrt,75,0-1,White,<=5s vs <=5s,2283
Nt2pdpmF,66,1-0,Black,<=5s vs <=5s,2221
KWyRsPZp,36,0-1,Black,<=5s vs 5-10s,1043
rpmCT4n0,111,0-1,White,<=5s vs <=5s,2149
1BnFS4xf,82,1-0,Black,<=5s vs 5-10s,2418
XWNqzTEK,60,0-1,Black,<=5s vs 10-15s,1721
To2gnYQs,78,0-1,Black,<=5s vs 5-10s,1567
BmFDLgmV,54,0-1,Black,<=5s vs 5-10s,1770
TvusOBs0,94,0-1,Black,<=5s vs <=5s,1819
EfW9gaen,64,0-1,Black,<=5s vs 15-20s,2356
bOkhIsn3,67,1-0,White,<=5s vs 15-20s,2699
rXiydvgQ,67,1-0,White,<=5s vs 5-10s,1165
2I3UOAk5,75,1-0,White,<=5s vs 10-15s,2125
uwG7NqGY,93,0-1,White,<=5s vs <=5s,2198
VaKvgayZ,55,1-0,White,<=5s vs 15-20s,1160
k7AmL7nO,46,0-1,Black,<=5s vs 15-20s,2042
VQm4H4eO,70,0-1,Black,<=5s vs 5-10s,1332
KxSDBozz,114,1/2-1/2,Black,<=5s vs 5-10s,2102
jldONd0i,66,1-0,Black,<=5s vs 10-15s,1754
9Q1NpgSn,93,1-0,White,<=5s vs 10-15s,2671
cSXlfGmx,45,1-0,White,<=5s vs 15-20s,1074
VrJIpVzf,44,0-1,Black,<=5s vs <=5s,885
IdDHkSrZ,66,0-1,Black,<=5s vs 10-15s,2061
huAFmAH9,78,0-1,Black,<=5s vs 5-10s,1479
Og0VYZ3H,105,1-0,White,<=5s vs <=5s,2461
Hvkk5oEK,40,0-1,Black,<=5s vs 15-20s,2039
L6TUWSMg,72,0-1,Black,<=5s vs 5-10s,1516
03wcuUPv,98,1-0,Black,<=5s vs <=5s,2032
wEbQ9Gma,56,0-1,Black,<=5s vs 5-10s,1806
jIDj9ERh,58,0-1,Black,<=5s vs 5-10s,1281
jYNUh5S4,61,1-0,White,<=5s vs <=5s,1914
8dEMcP2m,57,1-0,White,<=5s vs 15-20s,895
zYZr0CoZ,66,1-0,Black,<=5s vs <=5s,1274
8vz4iSRS,108,0-1,Black,<=5s vs 10-15s,2464
FhrIOLCY,66,1/2-1/2,Black,<=5s vs 5-10s,2593
x6EROtzO,68,0-1,Black,<=5s vs 5-10s,1625
BDz4fu00,116,0-1,Black,<=5s vs 10-15s,2552
f5dGJXhf,70,0-1,Black,<=5s vs 10-15s,1699
X12hghPK,97,1-0,White,<=5s vs 5-10s,2242
DjEWzrv0,69,0-1,White,<=5s vs 5-10s,1365
v85C2VB0,58,0-1,Black,<=5s vs 5-10s,1760
9xRooH7U,64,0-1,Black,<=5s vs 15-20s,2034
uGpHm4DQ,85,1-0,White,<=5s vs 15-20s,2465
WxSLd4gV,55,1-0,White,<=5s vs 10-15s,1471
RR4LBU8F,78,0-1,Black,<=5s vs 5-10s,2210
GsFsICL7,96,0-1,Black,<=5s vs 15-20s,2320
rtqOYsNu,76,0-1,Black,<=5s vs 5-10s,1122
XSpA3XUA,51,1-0,White,<=5s vs 10-15s,1716
2l4nXEGE,77,1-0,White,<=5s vs 10-15s,1460
oei9nh48,48,0-1,Black,<=5s vs 10-15s,1275
SQqCJ6Lt,91,1-0,White,<=5s vs 10-15s,2208
BwrEejtP,62,0-1,Black,<=5s vs 5-10s,1425
LSYpjcAC,107,1/2-1/2,White,<=5s vs 5-10s,2408
FjecKY6G,83,1-0,White,<=5s vs 5-10s,2238
RmhqqxKR,57,1-0,White,<=5s vs 10-15s,1500
WUIleRVc,68,0-1,Black,<=5s vs 15-20s,2409
JeRxaOAD,89,1-0,White,<=5s vs 10-15s,2060
AYNk28PN,76,0-1,Black,<=5s vs 15-20s,1627
RRdt60u7,103,1-0,White,<=5s vs 15-20s,2176
1rCdy1iB,63,1-0,White,<=5s vs 5-10s,1361
iBMOoTUd,83,1-0,White,<=5s vs 5-10s,866
X8RGkdrK,76,0-1,Black,<=5s vs 5-10s,2105
0yf7xmdg,54,0-1,Black,<=5s vs 5-10s,914
UclL03g0,56,0-1,Black,<=5s vs <=5s,1179
3gCvsdKd,53,0-1,White,<=5s vs 5-10s,1249
IzIbXyi3,109,1-0,White,<=5s vs <=5s,1900
EqG0VSMD,69,1-0,White,<=5s vs 5-10s,1258
fsvCocLR,135,1/2-1/2,White,<=5s vs 5-10s,2342
97hfbYbJ,44,0-1,Black,<=5s vs 5-10s,893
7n0s08mw,59,1-0,White,<=5s vs 10-15s,1646
7VPZUVtC,67,1-0,White,<=5s vs 10-15s,2582
4qX62MiQ,68,0-1,Black,<=5s vs 5-10s,2170
gtXqhSoQ,50,0-1,Black,<=5s vs 10-15s,1071
PC5e2fnd,76,0-1,Black,<=5s vs 10-15s,2259
R0ipLYQp,120,0-1,Black,<=5s vs <=5s,2713
dqPX3TXb,64,0-1,Black,<=5s vs 10-15s,2550
txplK4JB,99,1-0,White,<=5s vs 10-15s,2538
vTD3mtJV,60,0-1,Black,<=5s vs 5-10s,2024
6ItUFQOb,71,1-0,White,<=5s vs 5-10s,1914
VSoxpp1y,113,1-0,White,<=5s vs 15-20s,1965
cqZhNDLi,111,1-0,White,<=5s vs 5-10s,2528
90eS9o3a,86,1-0,Black,<=5s vs <=5s,1797
FuQOeANc,97,0-1,White,<=5s vs 5-10s,2373
G8RO9aAn,86,1-0,Black,<=5s vs <=5s,2257
xgqhn0DJ,58,0-1,Black,<=5s vs 15-20s,1666
TRX7aWEi,66,0-1,Black,<=5s vs 10-15s,1656
aZEVMwtr,83,1-0,White,<=5s vs 15-20s,2390
beZncU2V,47,1-0,White,<=5s vs 10-15s,1783
5R08jw3u,84,0-1,Black,<=5s vs 5-10s,1727
EJwRSbod,78,1-0,Black,<=5s vs <=5s,2078
Zsd1Cikz,44,1-0,Black,<=5s vs 5-10s,951
S1w0marc,111,1-0,White,<=5s vs <=5s,2219
v1GaqjDt,111,1-0,White,<=5s vs 5-10s,2889
sA7hfIZz,102,0-1,Black,<=5s vs 15-20s,2431
WoJ6370z,93,0-1,White,<=5s vs 5-10s,2268
RhmIw9sN,63,1-0,White,<=5s vs 10-15s,1761
ODfrhAmv,90,1-0,Black,<=5s vs 5-10s,2118
9y6U6Sxz,109,1-0,White,<=5s vs 5-10s,2477
MqS5aZWH,81,0-1,White,<=5s vs 5-10s,2468
dme9RXGe,75,1-0,White,<=5s vs 10-15s,2464
PuqKHPD6,76,0-1,Black,<=5s vs 10-15s,2339
0m4f0MZu,71,1-0,White,<=5s vs 10-15s,1439
W8HwOFIb,66,0-1,Black,<=5s vs 5-10s,1990
FlrQ82MP,55,0-1,White,<=5s vs <=5s,1261
NqTKamnH,110,0-1,Black,<=5s vs 15-20s,2428
vsLv4pju,119,1-0,White,<=5s vs 10-15s,2868
d9xsBfdP,69,1-0,White,<=5s vs 15-20s,1914
cALplrWP,90,0-1,Black,<=5s vs 5-10s,1613
yHpnCvLg,91,1/2-1/2,White,<=5s vs 5-10s,2248
jaGtc3lA,57,1-0,White,<=5s vs 10-15s,1574
YFqIu30r,59,1-0,White,<=5s vs 10-15s,1528
Ze50yil1,49,1-0,White,<=5s vs <=5s,1126
RiJv1X4O,98,0-1,Black,<=5s vs 5-10s,2440
poc6qcTe,130,0-1,Black,<=5s vs 10-15s,2386
bRORbFQu,89,1-0,White,<=5s vs 5-10s,2194
YEz0A8St,87,0-1,White,<=5s vs <=5s,1818
FbaQdOPd,54,0-1,Black,<=5s vs 5-10s,727
Hrfw6LwK,97,1-0,White,<=5s vs 15-20s,2366
UkqM03vL,36,0-1,Black,<=5s vs 10-15s,1541
bR0OML2l,81,1-0,White,<=5s vs 10-15s,1880
ToQyUmUv,75,0-1,White,<=5s vs 10-15s,1815
nwoZmMCY,65,1-0,White,<=5s vs 10-15s,1911
QjQf179e,83,1-0,White,<=5s vs 15-20s,2608
7JQhgaJb,52,0-1,Black,<=5s vs 10-15s,945
Wk0rWgHS,72,0-1,Black,<=5s vs 10-15s,1867
urBQhusg,35,0-1,White,<=5s vs 5-10s,802
HDfTj63v,57,1-0,White,<=5s vs 5-10s,1588
EqXMlZ0N,59,1-0,White,<=5s vs 5-10s,2321
Q6aFeCNs,127,1/2-1/2,White,<=5s vs 15-20s,2224
MktH2BWp,36,0-1,Black,<=5s vs 15-20s,908
7i9b9bE7,58,0-1,Black,<=5s vs <=5s,1451
nFA0uruX,101,1-0,White,<=5s vs 10-15s,1873
impImctB,125,1/2-1/2,White,<=5s vs 5-10s,2777
6VVl787k,68,0-1,Black,<=5s vs 15-20s,2115
6ikTKypi,90,0-1,Black,<=5s vs 5-10s,2167
hY7vfpTz,96,0-1,Black,<=5s vs 5-10s,2510
OOhonF3P,62,0-1,Black,<=5s vs 10-15s,1760
B6QYbMXt,38,1-0,Black,<=5s vs 15-20s,1377
3YpK4AkC,45,1-0,White,<=5s vs 15-20s,1737
z0rW5QH4,78,0-1,Black,<=5s vs 5-10s,2528
3kQYenEF,71,1-0,White,<=5s vs 5-10s,1970
sHIoEjo6,77,1-0,White,<=5s vs 5-10s,1612
lp4WHvut,63,0-1,White,<=5s vs <=5s,1457
5KnsdJvR,65,1-0,White,<=5s vs 5-10s,2089
3Q4meIbc,60,0-1,Black,<=5s vs 15-20s,1875
ilELyz9a,70,0-1,Black,<=5s vs 15-20s,1679
ClC4pPJ2,62,0-1,Black,<=5s vs 15-20s,2162
5fDe0fwS,64,0-1,Black,<=5s vs <=5s,1727
HuHxGiae,76,0-1,Black,<=5s vs 5-10s,1735
t3HOXuiX,61,0-1,White,<=5s vs <=5s,1239
2dIgfTIe,88,0-1,Black,<=5s vs 15-20s,1867
J3ZvJFQO,88,0-1,Black,<=5s vs 10-15s,2236
1DVpO6wK,85,1-0,White,<=5s vs 15-20s,2494
7VChy9an,45,1-0,White,<=5s vs 15-20s,631
K5AMljiM,80,1-0,Black,<=5s vs <=5s,1822
du7i7o7Y,81,1-0,White,<=5s vs 15-20s,1577
IertoP3l,69,1-0,White,<=5s vs 5-10s,2606
tei2MBlD,83,0-1,White,<=5s vs <=5s,2179
SCOL5npg,106,0-1,Black,<=5s vs 5-10s,2397
VR1lu5eB,113,1-0,White,<=5s vs 15-20s,1919
Vt1qUNfb,81,1-0,White,<=5s vs 5-10s,2131
Ifv7Ivvd,78,0-1,Black,<=5s vs 5-10s,2166
LnDAokPe,73,1-0,White,<=5s vs 10-15s,1857
rVwjLnAo,47,1-0,White,<=5s vs 15-20s,1819
C3FL7DGl,62,0-1,Black,<=5s vs 10-15s,1544
1gsWj4kV,53,1-0,White,<=5s vs 10-15s,1043
hswDYKXF,72,0-1,Black,<=5s vs <=5s,1100
0EqUK82q,72,0-1,Black,<=5s vs 5-10s,2059
BwO8ykcV,62,0-1,Black,<=5s vs 10-15s,2409
PoGg3TBf,68,1/2-1/2,Black,<=5s vs 10-15s,2181
9yIHSUgD,68,0-1,Black,<=5s vs 5-10s,1945
5pfudlg5,66,1/2-1/2,Black,<=5s vs 10-15s,1736
kpNFw8dy,81,1-0,White,<=5s vs 15-20s,2222
uVklHUzE,65,1-0,White,<=5s vs 5-10s,1663
8pEwPeDk,53,1-0,White,<=5s vs 5-10s,1288
0biJiwkn,74,0-1,Black,<=5s vs 15-20s,1922
XJ8N7ukv,60,1-0,Black,<=5s vs 5-10s,1477
ZHglRBTN,53,1-0,White,<=5s vs 15-20s,1750
sqz26sqh,62,0-1,Black,<=5s vs 15-20s,1500
xCH7gNVY,72,1-0,Black,<=5s vs 5-10s,2454
HDfl7J4Q,59,1-0,White,<=5s vs 5-10s,1285
XthQblLf,61,1-0,White,<=5s vs 15-20s,1821
ulsFsqCn,116,0-1,Black,<=5s vs 15-20s,3009
szStDMn2,59,1-0,White,<=5s vs 10-15s,2014
O85AzYy1,82,1-0,Black,<=5s vs <=5s,2341
cPGUm9B2,78,0-1,Black,<=5s vs <=5s,2166
KFE3gAU7,100,0-1,Black,<=5s vs <=5s,2310
i2CjUCYu,67,1-0,White,<=5s vs 10-15s,1652
kFRtgH9x,62,0-1,Black,<=5s vs 10-15s,2406
EP0RPuJq,68,0-1,Black,<=5s vs 5-10s,2231
eoyJFL5b,69,1-0,White,<=5s vs 5-10s,1699
YQQ4EB2b,72,0-1,Black,<=5s vs <=5s,2195
Bz2P1rwb,41,1-0,White,<=5s vs 15-20s,1306
QTKn8COo,86,0-1,Black,<=5s vs 15-20s,2484
Lpuo89mt,71,1-0,White,<=5s vs 5-10s,1355
2O3Zc9Ei,38,1-0,Black,<=5s vs 15-20s,927
5Pul6gjN,95,0-1,White,<=5s vs 5-10s,2039
evVD15yq,60,0-1,Black,<=5s vs 15-20s,1913
HuJ8Lb4R,66,0-1,Black,<=5s vs 5-10s,2022
iRk82aVW,67,1-0,White,<=5s vs 5-10s,2328
1kOtxwUC,60,0-1,Black,<=5s vs 15-20s,1648
pBKsflpO,100,1/2-1/2,Black,<=5s vs 10-15s,875
vAkRn3Uo,46,0-1,Black,<=5s vs 5-10s,1439
BfO9an5G,94,0-1,Black,<=5s vs 5-10s,1971
dPUQWE3u,66,1-0,Black,<=5s vs <=5s,1975
BgOFjhwI,80,0-1,Black,<=5s vs 5-10s,1550
FuXGRr2q,90,0-1,Black,<=5s vs <=5s,2038
JzA7SNJW,135,1-0,White,<=5s vs 15-20s,2445
Im8pPnGG,84,1-0,Black,<=5s vs <=5s,1162
XPcVFQnT,96,0-1,Black,<=5s vs 10-15s,2188
SnHlAOvK,62,0-1,Black,<=5s vs 10-15s,2565
bzR2NHJC,64,0-1,Black,<=5s vs 15-20s,1870
QUTPTF0J,86,0-1,Black,<=5s vs 10-15s,2600
SnXyCsgR,117,1/2-1/2,White,<=5s vs 5-10s,2584
5O7Sjb7n,73,0-1,White,<=5s vs 15-20s,2419
FxIg21se,91,1-0,White,<=5s vs 5-10s,2130
KaQ4x3AZ,84,0-1,Black,<=5s vs 10-15s,1541
PGux448i,74,1-0,Black,<=5s vs <=5s,2216
tKjFLnGO,97,1-0,White,<=5s vs 10-15s,2700
Ecr2sEYc,86,1-0,Black,<=5s vs 5-10s,2131
CCgA4njo,88,0-1,Black,<=5s vs 5-10s,2244
AG8B4kh6,75,1-0,White,<=5s vs 15-20s,2278
D6o5ze6L,30,1-0,Black,<=5s vs <=5s,901
1DJtSEoT,63,1-0,White,<=5s vs 5-10s,1480
bFxClwh2,90,0-1,Black,<=5s vs <=5s,1227
7DvVahpB,56,0-1,Black,<=5s vs 5-10s,1230
sQsal7vs,60,0-1,Black,<=5s vs 15-20s,1232
lLJ634EX,60,1-0,Black,<=5s vs <=5s,1550
EVehybG4,83,1-0,White,<=5s vs 5-10s,2384
AUqavs9m,77,1-0,White,<=5s vs 10-15s,1802
9j17yqUp,64,1-0,Black,<=5s vs <=5s,1759
Tax2LLOQ,61,1-0,White,<=5s vs <=5s,1041
yi2Yg8Sl,44,0-1,Black,<=5s vs 15-20s,1533
9igQNwfy,68,0-1,Black,<=5s vs 5-10s,1969
IdmPA8nX,71,1-0,White,<=5s vs <=5s,1966
XvzLb8JZ,60,0-1,Black,<=5s vs 15-20s,1436
ggrSDm7d,78,0-1,Black,<=5s vs <=5s,1645
hBdIj33O,76,0-1,Black,<=5s vs 10-15s,2287
Q8cCJ9Cv,48,1-0,Black,<=5s vs <=5s,1263
KOKbmjsg,83,1/2-1/2,White,<=5s vs 5-10s,1498
wR3v8Lf9,137,1/2-1/2,White,<=5s vs 15-20s,2332
2LGYEITu,79,1-0,White,<=5s vs 5-10s,1643
wq7nd5tH,76,0-1,Black,<=5s vs 15-20s,2364
M9Dx3eK2,48,0-1,Black,<=5s vs 5-10s,1220
9rsyc3qR,56,0-1,Black,<=5s vs <=5s,1673
LTPrnyUW,79,1-0,White,<=5s vs 5-10s,1999
eLScbSnj,68,0-1,Black,<=5s vs 10-15s,1184
BVY9PZv9,73,1-0,White,<=5s vs 10-15s,1599
a1SQViJh,58,0-1,Black,<=5s vs 5-10s,1941
IS9z36eF,65,1-0,White,<=5s vs <=5s,1557
4EonKnw0,54,0-1,Black,<=5s vs 10-15s,1477
MnHgvdy6,89,1-0,White,<=5s vs 5-10s,2416
ofkuVW3Q,63,1-0,White,<=5s vs 15-20s,2084
JPRHkrw5,35,1-0,White,<=5s vs 10-15s,1045
LiE530uX,78,1-0,Black,<=5s vs <=5s,2064
yugnAMly,70,0-1,Black,<=5s vs 5-10s,1403
2RL2cODC,101,0-1,White,<=5s vs 15-20s,2543
ErlwnQAa,86,0-1,Black,<=5s vs 5-10s,1870
uQuwRw9D,83,1-0,White,<=5s vs <=5s,1436
dIXL7Ivd,69,0-1,White,<=5s vs 5-10s,2039
H1yc7bWg,116,0-1,Black,<=5s vs 10-15s,1977
VEYgNqkr,62,0-1,Black,<=5s vs 15-20s,2167
UbZqI6Gj,70,0-1,Black,<=5s vs 15-20s,1748
W6BdBBTh,90,1/2-1/2,Black,<=5s vs 5-10s,2946
lt70td3w,73,1-0,White,<=5s vs 10-15s,1715
vHoC1Rje,73,1-0,White,<=5s vs 10-15s,2750
e09TDwVv,135,1-0,White,<=5s vs 10-15s,2443
UxFCpHxK,112,0-1,Black,<=5s vs 5-10s,2429
PETVlcr2,43,1-0,White,<=5s vs 10-15s,1003
2J5dKrt2,133,1-0,White,<=5s vs <=5s,1874
x83hPKCO,67,1-0,White,<=5s vs 15-20s,1932
wtE1omAs,37,1-0,White,<=5s vs 15-20s,816
06s17plM,76,0-1,Black,<=5s vs 15-20s,1450
O8Jutifz,68,0-1,Black,<=5s vs 15-20s,2591
gO8jrMLP,72,0-1,Black,<=5s vs 10-15s,2728
SRdKSBYh,112,0-1,Black,<=5s vs <=5s,2391
TuphLGg1,74,1-0,Black,<=5s vs 5-10s,2088
dhUILQLz,106,1/2-1/2,Black,<=5s vs 15-20s,2412
kSiOYbYu,59,1-0,White,<=5s vs 5-10s,1682
mxOv7hnX,60,0-1,Black,<=5s vs 5-10s,1305
VWeU2NVG,51,1-0,White,<=5s vs 10-15s,1140
lQOIevA1,68,0-1,Black,<=5s vs 5-10s,1693
ENDRNlhJ,65,1-0,White,<=5s vs 5-10s,2450
eXgyK0yi,54,0-1,Black,<=5s vs 5-10s,1559
TjZVnNMO,52,0-1,Black,<=5s vs 15-20s,1301
7rNuHiaO,55,1-0,White,<=5s vs 15-20s,1214
98XfcfEz,61,1-0,White,<=5s vs 10-15s,1465
gjJZ6Afa,53,1-0,White,<=5s vs 10-15s,1313
qTM7VIYo,70,0-1,Black,<=5s vs 10-15s,1232
Vg9qowLu,57,1-0,White,<=5s vs 5-10s,2181
EzTrQsFU,102,1/2-1/2,Black,<=5s vs 10-15s,2495
ZrjLaueN,76,0-1,Black,<=5s vs 15-20s,2291
b7ApT3aH,52,0-1,Black,<=5s vs 5-10s,1428
9ugPu8sf,101,1-0,White,<=5s vs 10-15s,2489
NphRo866,45,1-0,White,<=5s vs 10-15s,880
OtsQjeZC,47,1-0,White,<=5s vs 10-15s,965
SHlMV7uZ,64,0-1,Black,<=5s vs <=5s,1519
c6Hnrxr8,69,1-0,White,<=5s vs 10-15s,1827
41BX2xTz,182,0-1,Black,<=5s vs 10-15s,2717
wmpU5GZL,92,1-0,Black,<=5s vs <=5s,1895
Wi4OBO2r,80,0-1,Black,<=5s vs 15-20s,1866
MO9g14eY,40,0-1,Black,<=5s vs 5-10s,990
EFDF616B,64,0-1,Black,<=5s vs 5-10s,1458
pUWXGbyp,52,0-1,Black,<=5s vs 5-10s,1800
S7MypMgJ,82,1-0,Black,<=5s vs <=5s,2447
XgMZ3YLR,73,1-0,White,<=5s vs 15-20s,2388
IH5NcSOJ,38,0-1,Black,<=5s vs 10-15s,739
vfq9e0UP,64,0-1,Black,<=5s vs 15-20s,1551
EV7tNWVu,120,0-1,Black,<=5s vs 15-20s,2404
R7kbOYgk,54,0-1,Black,<=5s vs 5-10s,2305
2tKdfrsE,76,0-1,Black,<=5s vs 5-10s,2427
junEomZ7,52,0-1,Black,<=5s vs <=5s,1508
I7sqtDbh,68,0-1,Black,<=5s vs <=5s,2104
cpI02xfV,68,0-1,Black,<=5s vs <=5s,2174
KhTfc3yY,58,0-1,Black,<=5s vs 5-10s,1823
bYFkUS3g,123,1-0,White,<=5s vs 10-15s,2494
bpwr0SQJ,87,1-0,White,<=5s vs 15-20s,2258
sbb8W8iR,149,1-0,White,<=5s vs 10-15s,2295
JbznYKjH,66,0-1,Black,<=5s vs 15-20s,2482
oALDZTMn,57,0-1,White,<=5s vs 5-10s,1825
m4cvBDh0,71,1-0,White,<=5s vs 5-10s,1740
lSLQMnPR,77,0-1,White,<=5s vs <=5s,1190
Hh07138Q,54,0-1,Black,<=5s vs 10-15s,1668
R7QgHnds,80,0-1,Black,<=5s vs 15-20s,2578
HVBJfLZy,70,0-1,Black,<=5s vs 10-15s,2061
NYaN11dM,52,0-1,Black,<=5s vs 15-20s,1541
y0dvlVT2,58,0-1,Black,<=5s vs 10-15s,1232
3WrA5DHS,104,0-1,Black,<=5s vs 5-10s,2224
HRzEl6FF,60,0-1,Black,<=5s vs 15-20s,2139
DOENBvmP,61,1-0,White,<=5s vs 5-10s,1478
XLJYB6eQ,53,1-0,White,<=5s vs 15-20s,1477
ytNr0z2U,66,0-1,Black,<=5s vs 15-20s,1948
4ePSXWVe,55,0-1,White,<=5s vs 10-15s,1394
JrSFkVIX,92,1-0,Black,<=5s vs <=5s,2034
gGPejHO2,69,1-0,White,<=5s vs 5-10s,1226
czkqeK4K,55,1-0,White,<=5s vs 15-20s,1667
mRR2Qt1w,63,1-0,White,<=5s vs 10-15s,1538
1RnsEKL5,62,0-1,Black,<=5s vs 5-10s,1368
whC59h0t,58,1-0,Black,<=5s vs 10-15s,2433
Fcg6cf50,46,0-1,Black,<=5s vs 15-20s,1962
VzIB4Wr2,67,1-0,White,<=5s vs 15-20s,1773
RGLL90s7,98,0-1,Black,<=5s vs 5-10s,2525
jSRBkswX,118,1/2-1/2,Black,<=5s vs 10-15s,2905
AgD7vrfl,64,0-1,Black,<=5s vs 10-15s,1915
eykaiyzh,69,1-0,White,<=5s vs 10-15s,1401
rgwmxSN0,62,0-1,Black,<=5s vs 10-15s,2255
MGalBc6O,51,0-1,White,<=5s vs 10-15s,1913
OVdIJAS7,88,0-1,Black,<=5s vs 10-15s,1878
G8JDGwHD,63,1-0,White,<=5s vs 5-10s,2075
0ovTJvaD,80,0-1,Black,<=5s vs 5-10s,2024
fhX66dqN,65,1-0,White,<=5s vs 10-15s,1636
J52X3u9S,71,1-0,White,<=5s vs 10-15s,1945
Tl06JdPI,56,0-1,Black,<=5s vs 10-15s,2089
AUThWdhJ,49,1-0,White,<=5s vs 10-15s,1309
B2LeOeUo,77,1-0,White,<=5s vs 15-20s,1875
HcDbo61o,72,0-1,Black,<=5s vs 5-10s,1407
QAg5uFt3,87,1-0,White,<=5s vs 15-20s,2255
GxG5ffHo,78,1-0,Black,<=5s vs <=5s,2278
Kzc2rxAK,51,1-0,White,<=5s vs 10-15s,1944
VZDKsHDM,75,1-0,White,<=5s vs 15-20s,2360
DNF2O7Hn,90,1/2-1/2,Black,<=5s vs <=5s,1697
az8JBtQV,45,1-0,White,<=5s vs 5-10s,921
r9SyfPXR,77,1-0,White,<=5s vs 10-15s,1574
tQxVxT2y,64,0-1,Black,<=5s vs 5-10s,1593
vZv96iND,54,0-1,Black,<=5s vs <=5s,830
ALplUmib,83,1-0,White,<=5s vs 10-15s,2553
cSEquRcr,60,0-1,Black,<=5s vs 5-10s,1245
iOKARQl1,144,0-1,Black,<=5s vs 15-20s,2448
RC9BMzz9,110,0-1,Black,<=5s vs 5-10s,2524
0wKOrrvo,75,1-0,White,<=5s vs 5-10s,1733
SQDhtv4h,130,0-1,Black,<=5s vs <=5s,2563
bg5cWhfY,113,1/2-1/2,White,<=5s vs 5-10s,2145
bzINdLSH,55,1-0,White,<=5s vs 10-15s,1145
8KZoi6I5,58,0-1,Black,<=5s vs 10-15s,1986
kmKFoCP5,66,0-1,Black,<=5s vs 10-15s,1251
VBbJzwN4,52,1-0,Black,<=5s vs 5-10s,1937
OLrGVKsR,92,1-0,Black,<=5s vs <=5s,2746
K3i5u1jS,89,1-0,White,<=5s vs 5-10s,2305
a65lXVcb,113,1-0,White,<=5s vs 10-15s,1579
LuN4HQb6,56,0-1,Black,<=5s vs 10-15s,2266
OA2ZrwtV,87,1-0,White,<=5s vs 5-10s,2083
DND6jPxB,81,1-0,White,<=5s vs <=5s,2184
zgZUIB9M,36,0-1,Black,<=5s vs 10-15s,1110
fiegTQfZ,85,0-1,White,<=5s vs 5-10s,2405
EJyH6WHA,94,0-1,Black,<=5s vs <=5s,1999
nyCo9UMM,53,1-0,White,<=5s vs 15-20s,2200
MdLh4qFx,117,1/2-1/2,White,<=5s vs 10-15s,1900
ERmIimpJ,61,1-0,White,<=5s vs 10-15s,1224
RCite6Ua,54,0-1,Black,<=5s vs 15-20s,1294
HmclUISw,84,0-1,Black,<=5s vs 5-10s,2373
5MVdSH6C,67,1-0,White,<=5s vs <=5s,1587
HoCh1vRk,96,0-1,Black,<=5s vs 5-10s,2832
8fZEPdGp,79,1-0,White,<=5s vs 5-10s,2035
SYYSyGP8,99,1-0,White,<=5s vs 5-10s,2236
ezZKRpcK,57,1-0,White,<=5s vs <=5s,947
ISr2Czdg,65,1-0,White,<=5s vs 15-20s,1782
lf50NpLb,55,1-0,White,<=5s vs 15-20s,2090
AmXRjnJM,42,0-1,Black,<=5s vs 5-10s,982
HBJCFe7f,81,1-0,White,<=5s vs 10-15s,953
SjYVXnve,74,0-1,Black,<=5s vs 10-15s,1836
MNtHT1op,47,1-0,White,<=5s vs 10-15s,1018
0h37sb2K,59,1-0,White,<=5s vs 5-10s,1124
ZOp4TOO4,84,0-1,Black,<=5s vs 15-20s,1327
lCqPO8Az,34,1-0,Black,<=5s vs <=5s,1085
Tm0gcCHz,68,0-1,Black,<=5s vs 5-10s,1549
IefsociK,67,0-1,White,<=5s vs 15-20s,2412
3Hfp2aR4,67,1-0,White,<=5s vs 10-15s,1974
rFLeCG6l,86,0-1,Black,<=5s vs 15-20s,2437
o41olHKq,108,1/2-1/2,Black,<=5s vs <=5s,2520
qfgIS95z,57,1-0,White,<=5s vs 5-10s,1572
nDoZYkpg,71,1-0,White,<=5s vs 10-15s,2386
CV5xZmDT,77,1-0,White,<=5s vs 15-20s,1425
5CAAe0aS,58,0-1,Black,<=5s vs 15-20s,2149
18MFQT9J,45,1-0,White,<=5s vs 5-10s,1297
ehChF4xt,68,0-1,Black,<=5s vs 10-15s,1768
L3BA0Hly,110,1-0,Black,<=5s vs <=5s,1941
KoincWlc,50,0-1,Black,<=5s vs 15-20s,1155
9IthoDOb,98,0-1,Black,<=5s vs 10-15s,1509
s9BIjAij,76,1-0,Black,<=5s vs <=5s,1789
zmMr1Htx,79,1-0,White,<=5s vs <=5s,1436
LLOynYCf,50,0-1,Black,<=5s vs 10-15s,1241
PiVTSM38,89,1-0,White,<=5s vs 5-10s,1896
e8KiVbUg,53,1-0,White,<=5s vs 10-15s,1556
PnJJmVyU,77,0-1,White,<=5s vs 10-15s,1007
XcSjhZC4,70,1-0,Black,<=5s vs <=5s,2138
7o4wkuym,70,0-1,Black,<=5s vs 15-20s,1615
ylLtHZBV,70,0-1,Black,<=5s vs 15-20s,2385
QyKljKMG,72,0-1,Black,<=5s vs 5-10s,1880
VhdPSOQR,107,0-1,White,<=5s vs <=5s,2780
7hngpYLm,94,0-1,Black,<=5s vs 5-10s,2844
CIgxLLvO,77,1-0,White,<=5s vs 10-15s,2870
ETp3CGvu,60,0-1,Black,<=5s vs 10-15s,989
C1ww0At3,92,0-1,Black,<=5s vs <=5s,1985
CFYSCeqf,63,1/2-1/2,White,<=5s vs 5-10s,2652
VrB1wFUW,77,1-0,White,<=5s vs 10-15s,2116
8KwihCTj,85,1-0,White,<=5s vs 10-15s,1766
QCnkdDn2,44,0-1,Black,<=5s vs 5-10s,1213
dQRUqbAG,78,0-1,Black,<=5s vs 10-15s,1926
aDFETsfV,56,0-1,Black,<=5s vs 10-15s,1503
2RYIGz2u,56,0-1,Black,<=5s vs 10-15s,969
s0295r8y,70,0-1,Black,<=5s vs <=5s,1843
TLxxuFLP,61,1-0,White,<=5s vs 5-10s,2293
LDR0SoHs,85,1-0,White,<=5s vs 15-20s,2511
d2nnpcim,105,1/2-1/2,White,<=5s vs 5-10s,1629
9vFYfVJ7,60,1-0,Black,<=5s vs 5-10s,1657
xCr1FKIQ,64,0-1,Black,<=5s vs 15-20s,1857
QYKourM8,78,0-1,Black,<=5s vs 5-10s,1564
ZH2FXG9Y,46,0-1,Black,<=5s vs 15-20s,1226
PJ0l91zi,75,1-0,White,<=5s vs 10-15s,2335
IVP7fFkm,56,0-1,Black,<=5s vs 5-10s,1094
S4YWQDeN,58,0-1,Black,<=5s vs 10-15s,1493
4Y4wKLB5,119,1-0,White,<=5s vs 5-10s,2076
1udFvlCj,54,0-1,Black,<=5s vs 15-20s,2193
x1htL5qV,84,0-1,Black,<=5s vs 15-20s,2136
fwV0PXGQ,130,0-1,Black,<=5s vs 10-15s,2313
Et5LBy5X,73,1-0,White,<=5s vs 10-15s,1993
fcBgMj9w,100,1/2-1/2,Black,<=5s vs 5-10s,2553
IdAsaj1D,91,1-0,White,<=5s vs 5-10s,2450
Uex7W3V3,73,1-0,White,<=5s vs 10-15s,2215
ezK3hwE0,67,1-0,White,<=5s vs 10-15s,1551
4JcA93nN,62,0-1,Black,<=5s vs 15-20s,1693
K4i5LNXm,53,1-0,White,<=5s vs 10-15s,1263
dDEUgWqy,59,1-0,White,<=5s vs 5-10s,1955
kWdallhb,57,1-0,White,<=5s vs 10-15s,1410
cxdD8lRa,76,0-1,Black,<=5s vs 15-20s,917
da8pCNsx,64,0-1,Black,<=5s vs 5-10s,1838
qYbssMtJ,113,1-0,White,<=5s vs 15-20s,2731
WTqniTyM,58,0-1,Black,<=5s vs 10-15s,2040
xp53cQeT,151,1-0,White,<=5s vs 5-10s,2587
Lbc6Gdw7,78,0-1,Black,<=5s vs 10-15s,1573
NGLoFJcb,88,1-0,Black,<=5s vs <=5s,1861
MYXJDMUy,65,1-0,White,<=5s vs 5-10s,2073
PFMYPUiW,71,1-0,White,<=5s vs 10-15s,1742
9pC6MBkP,49,1-0,White,<=5s vs 10-15s,1091
2kcMh8SJ,119,0-1,White,<=5s vs 15-20s,1776
6h0IwSbc,77,1-0,White,<=5s vs 15-20s,2454
Iu3Lu1fp,74,0-1,Black,<=5s vs 10-15s,2234
jfE5uj3q,91,1-0,White,<=5s vs 10-15s,2203
BmCeKZgp,57,1-0,White,<=5s vs 15-20s,1885
Pny8cXOU,78,0-1,Black,<=5s vs 15-20s,2332
BHAIdHE4,68,0-1,Black,<=5s vs 15-20s,1502
yu1sxamL,65,1-0,White,<=5s vs 15-20s,1442
OY5de35Z,69,1-0,White,<=5s vs 10-15s,2108
DvPAzqRb,78,0-1,Black,<=5s vs 10-15s,2088
Ln2iz0Dz,79,1-0,White,<=5s vs 10-15s,973
yzynUDFf,104,1-0,Black,<=5s vs 5-10s,1948
4RGNNfKB,122,1/2-1/2,Black,<=5s vs 5-10s,2498
KKqeAx0B,68,0-1,Black,<=5s vs 10-15s,2102
R0gX6yAI,56,0-1,Black,<=5s vs 15-20s,1569
7vlOZ5jU,68,1-0,Black,<=5s vs <=5s,2263
OxuIHpkv,62,0-1,Black,<=5s vs 15-20s,1330
Kw2dNkmg,109,1-0,White,<=5s vs 15-20s,1999
PlDX3kZk,81,1-0,White,<=5s vs <=5s,2528
wVbTUWIN,79,1-0,White,<=5s vs 10-15s,1492
wbllscW5,50,0-1,Black,<=5s vs <=5s,1302
IdoejdAU,39,1-0,White,<=5s vs 15-20s,1440
JSr15ael,87,1-0,White,<=5s vs 5-10s,1197
g2ijMLRt,61,1-0,White,<=5s vs 5-10s,1422
5YjthKjT,41,1-0,White,<=5s vs 10-15s,830
C9K3jsXl,28,0-1,Black,<=5s vs 5-10s,925
ZWsg20Fd,53,1-0,White,<=5s vs 10-15s,1537
r0LLmVJp,67,1-0,White,<=5s vs 15-20s,2030
uTrOXd28,59,1-0,White,<=5s vs 5-10s,2006
4IWuq2Oe,41,0-1,White,<=5s vs <=5s,866
O7DSHgAs,48,0-1,Black,<=5s vs 10-15s,1541
YK9PhCNG,81,1-0,White,<=5s vs 5-10s,1814
IK87RYRJ,67,1-0,White,<=5s vs 10-15s,1723
gAbac7Ln,62,0-1,Black,<=5s vs 10-15s,1270
h0w9N163,69,1-0,White,<=5s vs 10-15s,1033
FBX6ysWr,73,1-0,White,<=5s vs 10-15s,1333
vwddzVI0,76,0-1,Black,<=5s vs 10-15s,1725
APIOfIXb,95,1-0,White,<=5s vs 15-20s,1933
Vc3lssbm,62,0-1,Black,<=5s vs 10-15s,1563
U1PUOseb,71,1-0,White,<=5s vs 10-15s,2062
5jcoCdag,92,0-1,Black,<=5s vs 10-15s,2206
M7pe1hKS,133,1-0,White,<=5s vs 5-10s,2414
p0ZnXNm8,58,0-1,Black,<=5s vs 10-15s,1885
gUMq2Wtk,75,0-1,White,<=5s vs 5-10s,1538
uw50090d,84,0-1,Black,<=5s vs <=5s,1530
rZf7uHgs,97,1-0,White,<=5s vs 15-20s,1927
0yssKn2R,64,0-1,Black,<=5s vs 10-15s,1889
SmGU9Nk5,62,0-1,Black,<=5s vs 15-20s,1972
CLBOQSIV,62,0-1,Black,<=5s vs 15-20s,2291
rmM4ATT3,59,1-0,White,<=5s vs 5-10s,1313
JVLfLYBR,83,1-0,White,<=5s vs 5-10s,2505
H8szMzTK,120,1-0,Black,<=5s vs 15-20s,3078
5EdhItf0,67,1-0,White,<=5s vs 15-20s,1631
Ey18JYoN,87,1/2-1/2,White,<=5s vs 5-10s,2550
6PDezJ8k,59,1-0,White,<=5s vs <=5s,1013
vGqu54s6,80,0-1,Black,<=5s vs 10-15s,1580
tnxedYcm,65,1-0,White,<=5s vs 10-15s,2400
9sx4VXpJ,120,0-1,Black,<=5s vs 15-20s,2581
hZD2F2Ny,75,0-1,White,<=5s vs 5-10s,2536
R9Hgza4S,79,1/2-1/2,White,<=5s vs 5-10s,2432
2l35oXia,54,1-0,Black,<=5s vs <=5s,1330
XTprdbKE,59,1-0,White,<=5s vs 10-15s,1325
Co3e4XQj,60,0-1,Black,<=5s vs 5-10s,1561
1EwhY192,78,0-1,Black,<=5s vs 5-10s,2452
y4yU1LTC,61,0-1,White,<=5s vs <=5s,1364
DW5B2jpi,74,0-1,Black,<=5s vs 10-15s,1019
dSVWEIQR,99,1-0,White,<=5s vs 10-15s,2548
cXRAJG9h,133,0-1,White,<=5s vs <=5s,2489
rldO9Tt6,44,0-1,Black,<=5s vs 10-15s,1180
g0B6s7Pc,64,0-1,Black,<=5s vs 5-10s,1606
YGrjI5Yb,71,1-0,White,<=5s vs 15-20s,1679
UxJH0ln4,58,0-1,Black,<=5s vs 5-10s,1529
QyOFAfdH,53,0-1,White,<=5s vs 10-15s,1490
bf0fWqZj,63,1-0,White,<=5s vs 10-15s,2106
1aShz86O,39,0-1,White,<=5s vs 5-10s,1099
7ZlsATVG,94,0-1,Black,<=5s vs 5-10s,1532
w3WsuRsy,49,1-0,White,<=5s vs 15-20s,2104
9vuQ0Gy0,53,1-0,White,<=5s vs 15-20s,1467
NtjeJ04e,76,1-0,Black,<=5s vs 5-10s,1905
VhobRtS0,105,1-0,White,<=5s vs 15-20s,2008
DAb9fMvF,58,0-1,Black,<=5s vs 10-15s,1707
Q4w4zHoV,82,1/2-1/2,Black,<=5s vs 10-15s,2429
q0zZrLQF,88,0-1,Black,<=5s vs 15-20s,2247
LokLpN5U,66,0-1,Black,<=5s vs <=5s,2220
5udBFlpJ,54,0-1,Black,<=5s vs 10-15s,927
a6vESv3E,106,1-0,Black,<=5s vs <=5s,2135
F4X0GqdF,68,1-0,Black,<=5s vs <=5s,1319
wPjiKkkh,58,0-1,Black,<=5s vs 10-15s,1603
Br24Lqc4,92,1-0,Black,<=5s vs 10-15s,2259
r7ytkHrx,61,1-0,White,<=5s vs 5-10s,2033
SWsaLO57,54,0-1,Black,<=5s vs 10-15s,1389
32sCbALo,65,1-0,White,<=5s vs 5-10s,2293
YWHko5kk,78,0-1,Black,<=5s vs 5-10s,1804
7BhAj5fh,71,1-0,White,<=5s vs 5-10s,1889
fOE5biWQ,44,0-1,Black,<=5s vs 5-10s,1572
kb4q0gTa,71,1-0,White,<=5s vs 5-10s,1939
MJdkCtmL,63,1-0,White,<=5s vs <=5s,1060
SghfOLB3,87,0-1,White,<=5s vs <=5s,2319
sPK555QV,79,1-0,White,<=5s vs 5-10s,1925
wUgmSrCd,59,1-0,White,<=5s vs 10-15s,1815
Il00eokX,86,0-1,Black,<=5s vs 5-10s,1816
9LWUXa6T,65,1-0,White,<=5s vs 10-15s,1622
JPw7C72v,72,0-1,Black,<=5s vs 15-20s,1895
Pz3qLNKx,51,1-0,White,<=5s vs 15-20s,1419
9Yhtv92u,71,1-0,White,<=5s vs 5-10s,1456
xADwbmPt,37,1-0,White,<=5s vs 10-15s,969
7VD7Llzc,61,1-0,White,<=5s vs 5-10s,1750
DQWfsHao,73,1-0,White,<=5s vs 10-15s,2032
vJdg7oRu,42,0-1,Black,<=5s vs 10-15s,1494
xbntnA6q,113,1-0,White,<=5s vs 15-20s,1297
ft5hCvDf,58,0-1,Black,<=5s vs 10-15s,1393
d6M9JgOv,84,0-1,Black,<=5s vs 5-10s,2682
W9G29b8P,60,0-1,Black,<=5s vs 10-15s,1728
689oAtaO,92,1-0,Black,<=5s vs <=5s,2194
U6SJracT,75,1-0,White,<=5s vs 5-10s,1630
77jzYKHT,82,0-1,Black,<=5s vs <=5s,1774
4kWfA8uq,54,0-1,Black,<=5s vs <=5s,2590
Jx3vFOpB,105,1-0,White,<=5s vs 15-20s,2748
kW2wVRnT,50,0-1,Black,<=5s vs <=5s,1164
MUgRvvxM,83,1-0,White,<=5s vs 15-20s,2231
1OvA0BZP,71,1-0,White,<=5s vs 5-10s,1541
gq2HWDeE,72,0-1,Black,<=5s vs 15-20s,1397
s0gIVF08,38,0-1,Black,<=5s vs 10-15s,1230
4BurENOY,58,0-1,Black,<=5s vs 15-20s,1701
C4nfElhG,70,0-1,Black,<=5s vs 15-20s,2117
DTeLYeHp,73,1-0,White,<=5s vs 15-20s,2389
PoHoAiQl,74,0-1,Black,<=5s vs <=5s,1221
I6QWyXNJ,61,1-0,White,<=5s vs 15-20s,1460
XEzBJXCc,90,0-1,Black,<=5s vs <=5s,2793
9rccGWPA,44,0-1,Black,<=5s vs 15-20s,1038
fgJjQauG,52,0-1,Black,<=5s vs <=5s,1330
S408QbMq,61,1-0,White,<=5s vs 15-20s,2306
JCsCOG7R,76,0-1,Black,<=5s vs 5-10s,2166
l7MnBJzx,58,0-1,Black,<=5s vs <=5s,1591
d6Oe9VTI,67,1-0,White,<=5s vs 15-20s,1890
9VdH4UPN,77,1-0,White,<=5s vs 15-20s,2358
hZAGRl3y,91,1-0,White,<=5s vs 15-20s,1863
kY1Jy018,85,1-0,White,<=5s vs 15-20s,1411
cV1dj48x,84,1-0,Black,<=5s vs 5-10s,2300
GuHhHotm,61,1-0,White,<=5s vs 10-15s,1885
W0raik7w,79,1-0,White,<=5s vs <=5s,2116
FitETr8w,81,1-0,White,<=5s vs 10-15s,1780
KFDKktwb,37,1-0,White,<=5s vs 15-20s,1525
oUTfcxfY,66,0-1,Black,<=5s vs <=5s,1921
0kACOoIx,136,0-1,Black,<=5s vs <=5s,2525
P30Ogbf2,91,1-0,White,<=5s vs 10-15s,2125
9kOrh7vk,50,0-1,Black,<=5s vs 5-10s,1772
4AwcZf5X,62,0-1,Black,<=5s vs 5-10s,1545
zWULNwDX,46,0-1,Black,<=5s vs 15-20s,1461
MTL6Rbyn,76,0-1,Black,<=5s vs 15-20s,1923
uMOC0alU,73,1-0,White,<=5s vs 10-15s,2358
CanMPpQT,58,0-1,Black,<=5s vs 5-10s,1612
Hs7XV3ui,81,0-1,White,<=5s vs <=5s,1976
4DS5wjNh,59,1-0,White,<=5s vs 5-10s,1967
7yYVu4p1,171,1-0,White,<=5s vs 15-20s,2527
Ko744mBS,50,0-1,Black,<=5s vs 5-10s,940
pERFP18x,59,1-0,White,<=5s vs 15-20s,1240
K0byKTSH,95,1-0,White,<=5s vs 5-10s,2648
rLIpAAa4,88,0-1,Black,<=5s vs 5-10s,2300
RizhrdL6,73,1-0,White,<=5s vs 10-15s,1530
024VUXkk,114,0-1,Black,<=5s vs 5-10s,2101
KRDIykj6,60,0-1,Black,<=5s vs 5-10s,1770
V8HlGd3t,90,1-0,Black,<=5s vs <=5s,2697
6146Sqz2,69,1-0,White,<=5s vs 15-20s,2045
3IWC8IOz,49,1-0,White,<=5s vs 15-20s,1509
19G0ye9H,58,0-1,Black,<=5s vs 5-10s,1982
2qNfowBV,117,1/2-1/2,White,<=5s vs 5-10s,2444
6OyucqHE,44,0-1,Black,<=5s vs 15-20s,1438
qVxP1DVN,72,0-1,Black,<=5s vs 10-15s,1161
73ioV5Ws,131,0-1,White,<=5s vs 10-15s,2508
LuGNytcT,102,1-0,Black,<=5s vs 5-10s,2257
XB9TGksL,89,1-0,White,<=5s vs 10-15s,2284
Rm90IVRT,65,1-0,White,<=5s vs 15-20s,2668
KDkByxF5,51,1-0,White,<=5s vs 15-20s,1777
0yuEYmwv,63,1-0,White,<=5s vs 5-10s,1622
2uzQflva,65,1-0,White,<=5s vs 5-10s,1608
M9Z4p7Fn,110,0-1,Black,<=5s vs 15-20s,2526
FWcSBMEj,62,0-1,Black,<=5s vs 5-10s,2669
iXRgrgMs,68,0-1,Black,<=5s vs 5-10s,2627
Hu3rA9QZ,70,0-1,Black,<=5s vs 10-15s,2340
Js55eDFZ,76,0-1,Black,<=5s vs 15-20s,2360
ume4592W,62,0-1,Black,<=5s vs 10-15s,1521
0vupHpm9,65,0-1,White,<=5s vs 10-15s,2386
hf5imEfc,105,1-0,White,<=5s vs 15-20s,2552
1EZ9cDcQ,63,1-0,White,<=5s vs 5-10s,1972
IZnsmkm8,64,0-1,Black,<=5s vs 5-10s,1368
HyZ4oswg,61,1-0,White,<=5s vs 15-20s,1899
vZ1vdE3L,60,0-1,Black,<=5s vs 5-10s,2332
V205sqit,92,0-1,Black,<=5s vs 5-10s,1906
Lu21ekB9,98,0-1,Black,<=5s vs 15-20s,2554
TH8OF7Ta,44,0-1,Black,<=5s vs 15-20s,1666
P8RWcZel,61,1-0,White,<=5s vs 15-20s,889
CxwwthjM,88,0-1,Black,<=5s vs 5-10s,2721
EvlcsxI3,60,0-1,Black,<=5s vs 5-10s,1391
BCcdyXkQ,70,0-1,Black,<=5s vs 15-20s,1178
8k5vkkkr,82,0-1,Black,<=5s vs 5-10s,1909
9CsrXsJC,53,1-0,White,<=5s vs 15-20s,1718
1zIXLS2c,70,1-0,Black,<=5s vs 10-15s,2118
HwiHE3Y7,80,0-1,Black,<=5s vs 15-20s,2041
scs63dpy,69,1-0,White,<=5s vs 15-20s,1971
5WBjYV8r,131,1/2-1/2,White,<=5s vs 15-20s,1943
owzszx8b,87,1-0,White,<=5s vs 5-10s,2542
CHa6ZeLm,66,0-1,Black,<=5s vs 5-10s,1461
OuDifw53,62,0-1,Black,<=5s vs 5-10s,1694
5l1N8fil,92,0-1,Black,<=5s vs 5-10s,2710
LgRr7faC,71,1-0,White,<=5s vs 15-20s,2142
I4wpxdZX,57,1-0,White,<=5s vs 5-10s,1515
Rja61Cfn,56,0-1,Black,<=5s vs 15-20s,1205
mg5PnJJj,67,1-0,White,<=5s vs 15-20s,2200
VhzS8Reo,44,0-1,Black,<=5s vs <=5s,875
NHEBjjG4,69,1-0,White,<=5s vs 5-10s,2232
E5iEFxNQ,95,1/2-1/2,White,<=5s vs 15-20s,2362
whUJAzzn,48,0-1,Black,<=5s vs 5-10s,1397
4IqVwjEt,60,0-1,Black,<=5s vs 15-20s,2297
KieSLd82,57,1-0,White,<=5s vs 15-20s,2225
QqbRuj2J,54,1-0,Black,<=5s vs 5-10s,2044
xlHXl0w6,36,0-1,Black,<=5s vs 15-20s,889
7cMjKtW6,71,1-0,White,<=5s vs 5-10s,1699
YDy0Oolb,72,0-1,Black,<=5s vs 10-15s,1837
9qCiM0cG,75,1-0,White,<=5s vs 15-20s,2320
zTA6U1ng,78,0-1,Black,<=5s vs <=5s,2061
KiNlZDkU,90,0-1,Black,<=5s vs 10-15s,1893
LURN4648,108,0-1,Black,<=5s vs 10-15s,2377
Y2VeqWs3,61,1-0,White,<=5s vs <=5s,1921
0gUVcbyV,82,0-1,Black,<=5s vs 10-15s,1860
bE6hyfrJ,100,0-1,Black,<=5s vs 5-10s,1998
4uVSM5oG,46,0-1,Black,<=5s vs 10-15s,1055
nFkfpuCy,69,0-1,White,<=5s vs 5-10s,1541
XJHcPzqP,52,0-1,Black,<=5s vs 5-10s,1411
QwFc6UNg,59,1-0,White,<=5s vs 10-15s,1711
CR9JrJvf,83,1-0,White,<=5s vs 5-10s,2361
cREbwwMq,64,0-1,Black,<=5s vs 5-10s,1520
5Q7nlKo8,87,1-0,White,<=5s vs 10-15s,2185
WW13grb9,63,1-0,White,<=5s vs 5-10s,834
PPDlnwP1,110,1-0,Black,<=5s vs <=5s,1790
czyIijUm,58,0-1,Black,<=5s vs 5-10s,1274
mmS7zY69,75,1-0,White,<=5s vs 5-10s,1207
IKz6Hc0t,72,0-1,Black,<=5s vs 5-10s,2603
IeUNtKLZ,40,0-1,Black,<=5s vs 10-15s,1326
GTXnPa50,51,0-1,White,<=5s vs 5-10s,2021
IXPA91Q1,76,0-1,Black,<=5s vs 10-15s,2122
epjak4OK,50,0-1,Black,<=5s vs 15-20s,1493
8sMdjHM9,81,1-0,White,<=5s vs 15-20s,2495
MCNj2BsR,105,0-1,White,<=5s vs 5-10s,2073
rgMxfHrd,52,1-0,Black,<=5s vs 5-10s,1780
JCdNYcz1,116,0-1,Black,<=5s vs 5-10s,2434
9HnprXze,80,1-0,Black,<=5s vs <=5s,2201
LX4ryDdg,70,0-1,Black,<=5s vs 5-10s,2166
eos6PYMU,59,1-0,White,<=5s vs 15-20s,1399
PRndpJEN,53,0-1,White,<=5s vs 15-20s,1621
6sW6j8ph,38,0-1,Black,<=5s vs 5-10s,996
5tAEdnSl,82,0-1,Black,<=5s vs 5-10s,2594
MRSjLbxY,120,0-1,Black,<=5s vs 10-15s,2600
AyDiqXou,89,1-0,White,<=5s vs 15-20s,1682
KVIqlYyd,84,0-1,Black,<=5s vs 5-10s,2179
NtUPHE0O,101,1-0,White,<=5s vs <=5s,2671
g2C6ewVD,72,0-1,Black,<=5s vs 10-15s,1950
bemx3gps,63,1-0,White,<=5s vs 15-20s,1693
GzcuNYB4,40,0-1,Black,<=5s vs 15-20s,1162
cWW3UAzM,69,1-0,White,<=5s vs 15-20s,2214
WCDldCuX,78,1-0,Black,<=5s vs <=5s,1968
rNLjgsp9,75,1-0,White,<=5s vs 15-20s,1683
tfb1RcOR,79,0-1,White,<=5s vs <=5s,1927
O5tQeCzk,55,0-1,White,<=5s vs 15-20s,2077
ukHsJxZ5,98,1/2-1/2,Black,<=5s vs 5-10s,2528
D87DGZhY,93,0-1,White,<=5s vs 5-10s,2296
MR90QY0e,75,1-0,White,<=5s vs <=5s,1211
0CI2xSYq,40,0-1,Black,<=5s vs 10-15s,939
x1nMOuKx,92,0-1,Black,<=5s vs 15-20s,1862
PDB5uUbm,82,1-0,Black,<=5s vs <=5s,2135
cKN8Ztzg,111,1-0,White,<=5s vs 10-15s,2117
plKkFECR,56,0-1,Black,<=5s vs 10-15s,1136
STRHD5Jk,81,1-0,White,<=5s vs 5-10s,1380
2O5y1hLy,78,0-1,Black,<=5s vs 5-10s,1483
SskXxcOQ,72,1-0,Black,<=5s vs <=5s,2544
hxR9SaY3,84,1/2-1/2,Black,<=5s vs 10-15s,1550
XOq81cOV,40,0-1,Black,<=5s vs 5-10s,2027
O2W0zqFo,62,1-0,Black,<=5s vs 5-10s,1958
QpnJPjl0,60,0-1,Black,<=5s vs 5-10s,1664
Oqkfo1bH,62,1-0,Black,<=5s vs <=5s,2091
6ghoT3wH,50,0-1,Black,<=5s vs 15-20s,1073
j38TgQGn,47,1-0,White,<=5s vs 15-20s,1529
SgfSOFlf,70,0-1,Black,<=5s vs 15-20s,2094
fuAj7lPJ,88,0-1,Black,<=5s vs 5-10s,2269
DOZ1tlTR,130,1/2-1/2,Black,<=5s vs 5-10s,3001
dSsCpKL1,51,1-0,White,<=5s vs 10-15s,1119
w03HjNzA,117,1-0,White,<=5s vs 10-15s,2323
lYxstbAG,75,1-0,White,<=5s vs 5-10s,2308
P3aMMptN,116,1-0,Black,<=5s vs <=5s,2308
Fk3EEQOD,57,1-0,White,<=5s vs 5-10s,2111
OYfst34W,61,0-1,White,<=5s vs 5-10s,1957
CEpSikq2,82,1-0,Black,<=5s vs 5-10s,2414
FZt1mhbS,100,0-1,Black,<=5s vs 10-15s,3017
SYwvnYL7,87,1-0,White,<=5s vs 15-20s,1944
9zLfe02a,58,1-0,Black,<=5s vs 5-10s,1464
xKWRqcRd,62,0-1,Black,<=5s vs 5-10s,1460
Dzrdr1K2,76,0-1,Black,<=5s vs 15-20s,1706
FFIe61V2,81,1-0,White,<=5s vs 10-15s,2579
MNOaAoFN,48,0-1,Black,<=5s vs 5-10s,1121
YZk2reyP,80,1-0,Black,<=5s vs <=5s,1826
5HPa841i,83,1-0,White,<=5s vs 15-20s,2462
KTmDuapR,76,0-1,Black,<=5s vs 10-15s,2377
IlM9xc3c,89,1/2-1/2,White,<=5s vs 5-10s,2251
j9vgrkQv,80,0-1,Black,<=5s vs 5-10s,1800
8pvsUB4P,60,0-1,Black,<=5s vs 15-20s,1905
ErDdeZ86,59,1-0,White,<=5s vs 5-10s,1643
uwLNDhdS,49,0-1,White,<=5s vs 5-10s,1220
YgqqJWFR,49,1-0,White,<=5s vs 10-15s,1197
AlID30j9,64,0-1,Black,<=5s vs 15-20s,2536
aqeFqFTg,56,0-1,Black,<=5s vs 5-10s,1794
22sQNDhn,66,0-1,Black,<=5s vs 5-10s,2311
C5ltuhBi,52,0-1,Black,<=5s vs 15-20s,1925
8jZY9ZIC,123,1-0,White,<=5s vs 15-20s,1989
8ulDYkfF,56,0-1,Black,<=5s vs 10-15s,3092
MjVQpFTp,50,0-1,Black,<=5s vs 15-20s,1036
9qWjSazT,49,1-0,White,<=5s vs 15-20s,1461
BtXZ9QPp,48,0-1,Black,<=5s vs 15-20s,2472
YGh7OyM9,71,1-0,White,<=5s vs 15-20s,2229
6AzSEeL3,112,1/2-1/2,Black,<=5s vs <=5s,1932
Be3PiY4a,47,1-0,White,<=5s vs 10-15s,1842
9ckMWfYN,135,1/2-1/2,White,<=5s vs 5-10s,2193
FwpUUzup,121,0-1,White,<=5s vs 5-10s,1589
pQG6oB82,102,0-1,Black,<=5s vs <=5s,1750
lUqGjsPt,102,0-1,Black,<=5s vs 10-15s,2821
DnaBWywL,84,0-1,Black,<=5s vs 15-20s,1998
MVlrRFBw,82,1-0,Black,<=5s vs 5-10s,2238
rRrSsNFw,56,0-1,Black,<=5s vs 15-20s,1587
qU6NokQ5,57,1-0,White,<=5s vs 15-20s,1829
NxFUmRph,72,0-1,Black,<=5s vs <=5s,1306
qorKWijD,47,1-0,White,<=5s vs 15-20s,1879
UYLZKUGk,53,1-0,White,<=5s vs 5-10s,1666
uXphLoZx,99,1-0,White,<=5s vs 10-15s,2275
9celQScU,89,1-0,White,<=5s vs 5-10s,1815
WckKL2he,104,0-1,Black,<=5s vs <=5s,2067
2DX7660b,67,1-0,White,<=5s vs 10-15s,2133
9NgleUJ2,61,1-0,White,<=5s vs 5-10s,1358
EBJgJcyJ,77,1-0,White,<=5s vs 15-20s,2402
WMzd9GbK,56,0-1,Black,<=5s vs 15-20s,1418
0UEzmpjk,115,1-0,White,<=5s vs 5-10s,2227
9OF29HQ3,60,1-0,Black,<=5s vs <=5s,1393
epOg8d5i,64,1-0,Black,<=5s vs <=5s,1349
6vBVajO9,74,0-1,Black,<=5s vs 10-15s,1366
6ghrLzcj,75,1-0,White,<=5s vs 5-10s,1957
hWbvQVDW,48,0-1,Black,<=5s vs <=5s,1287
Xeidvq9W,134,0-1,Black,<=5s vs 5-10s,1970
Y9JBNQ1J,84,1-0,Black,<=5s vs <=5s,1689
AJz9hOqZ,92,0-1,Black,<=5s vs 15-20s,2232
s67AsKzL,60,0-1,Black,<=5s vs <=5s,1095
LVNuv3s3,93,1-0,White,<=5s vs 5-10s,1955
BdcSKiQe,63,0-1,White,<=5s vs 10-15s,1599
yEvAPXqV,73,1-0,White,<=5s vs 5-10s,1172
cRefJENS,79,1/2-1/2,White,<=5s vs 15-20s,2325
V61SB3W0,86,0-1,Black,<=5s vs 10-15s,1523
9vzQO1OD,94,0-1,Black,<=5s vs 5-10s,2744
RVCfPdLV,51,1-0,White,<=5s vs 15-20s,2001
DzIZkpG4,71,1-0,White,<=5s vs 5-10s,761
7s3tZ1qm,71,1-0,White,<=5s vs 15-20s,1910
BzkElQzE,102,0-1,Black,<=5s vs 15-20s,1744
qAhILcdF,73,1-0,White,<=5s vs 10-15s,2142
4mOckRRV,57,1-0,White,<=5s vs 5-10s,1251
JNAI83BR,74,0-1,Black,<=5s vs 10-15s,1633
O8BIdEN0,98,1-0,Black,<=5s vs 5-10s,2640
PzvPDcuQ,124,0-1,Black,<=5s vs <=5s,2819
Xlb4pHyg,61,1-0,White,<=5s vs 15-20s,1205
Br3o5iM7,67,1-0,White,<=5s vs 10-15s,1586
5C94OLMb,44,1-0,Black,<=5s vs 5-10s,1236
17Dee6uj,66,0-1,Black,<=5s vs 10-15s,2532
xMtXslDH,76,0-1,Black,<=5s vs 10-15s,2194
QMnm8aND,62,0-1,Black,<=5s vs 10-15s,2214
CgPtJM3o,93,1/2-1/2,White,<=5s vs 15-20s,1929
D2SBsGVv,119,1-0,White,<=5s vs 5-10s,2771
uraFSGje,76,0-1,Black,<=5s vs 5-10s,2235
oa5W6kys,59,1-0,White,<=5s vs 15-20s,1437
LpsHxy95,96,1/2-1/2,Black,<=5s vs 15-20s,1843
pErH3ILV,70,0-1,Black,<=5s vs 10-15s,1953
mCW0AlYO,97,1-0,White,<=5s vs 10-15s,2286
VXblvPK8,45,1-0,White,<=5s vs 5-10s,1661
KbcZD3Ow,55,1-0,White,<=5s vs 15-20s,1771
c9Zy8zoK,56,0-1,Black,<=5s vs 10-15s,1093
NlBD2gis,91,1-0,White,<=5s vs 10-15s,2284
NrNvrA1f,48,0-1,Black,<=5s vs <=5s,948
CqxHbhpq,66,0-1,Black,<=5s vs 5-10s,2012
gNciKkPy,76,0-1,Black,<=5s vs 15-20s,2111
xB2DFIiZ,90,0-1,Black,<=5s vs 15-20s,1662
FFcmff4A,123,1-0,White,<=5s vs 5-10s,2464
N0UratkR,60,0-1,Black,<=5s vs 15-20s,2373
brYJIDA9,69,1-0,White,<=5s vs 15-20s,1914
lOMPHNcd,35,1-0,White,<=5s vs 15-20s,936
TCAdMo6y,92,0-1,Black,<=5s vs <=5s,2041
eaNN4MGR,83,1-0,White,<=5s vs 10-15s,1612
F3QkuYuL,54,0-1,Black,<=5s vs 5-10s,1350
pVgR5WkQ,76,0-1,Black,<=5s vs 5-10s,1890
aVcISqqw,73,0-1,White,<=5s vs 5-10s,1866
X1zMYEM1,73,0-1,White,<=5s vs 5-10s,2191
7KK9lZS8,83,1/2-1/2,White,<=5s vs 10-15s,2496
R6mprgxL,66,0-1,Black,<=5s vs 15-20s,1318
qzsP16Hp,63,1-0,White,<=5s vs <=5s,1386
BSMoqkjG,53,1-0,White,<=5s vs 10-15s,1617
VhB6LORF,72,0-1,Black,<=5s vs 5-10s,2558
UImjIMGI,108,0-1,Black,<=5s vs 5-10s,2638
iQUa6j5p,130,1/2-1/2,Black,<=5s vs 15-20s,2400
e6qz798j,53,1-0,White,<=5s vs 5-10s,2126
dGgI3qI9,90,0-1,Black,<=5s vs 10-15s,2304
0kQtDzm9,101,0-1,White,<=5s vs <=5s,2399
kO1hHYGK,97,1-0,White,<=5s vs 10-15s,1931
Lu5cAQ4b,61,1-0,White,<=5s vs 5-10s,1525
HimZifvj,79,1-0,White,<=5s vs 10-15s,1546
kaKHRvjr,70,0-1,Black,<=5s vs 5-10s,1588
L8CITRx6,65,1-0,White,<=5s vs 5-10s,1783
73EiDJCd,108,0-1,Black,<=5s vs 10-15s,2014
6S1hXlAU,60,0-1,Black,<=5s vs 15-20s,1941
p5tXXAlt,79,1-0,White,<=5s vs 10-15s,2940
ujMNBhOx,79,1-0,White,<=5s vs 5-10s,1872
Vco6dVIA,106,0-1,Black,<=5s vs 5-10s,2399
SvwJVLe0,155,1-0,White,<=5s vs 15-20s,2498
PJ8oKUZW,97,1-0,White,<=5s vs <=5s,2470
JkeWja29,65,1-0,White,<=5s vs 10-15s,2410
7VYIddqa,139,1/2-1/2,White,<=5s vs 5-10s,2192
WIxuqQAo,70,1/2-1/2,Black,<=5s vs 15-20s,1481
A0ubNtbV,84,0-1,Black,<=5s vs 5-10s,1730
PzJNeXAs,81,1-0,White,<=5s vs 15-20s,2013
FPyQVABM,41,1-0,White,<=5s vs 15-20s,1208
woid7x3n,116,1-0,Black,<=5s vs 5-10s,2346
L7vZJvsV,84,1-0,Black,<=5s vs 5-10s,2443
PHW0FyYv,50,0-1,Black,<=5s vs 10-15s,1390
SQzjyD8H,101,1-0,White,<=5s vs 15-20s,1608
kzTeSMoS,38,0-1,Black,<=5s vs 15-20s,1439
HsPuEyeC,52,0-1,Black,<=5s vs 10-15s,1343
CCj8Jkpd,53,1-0,White,<=5s vs 10-15s,1352
6UCejHlH,92,0-1,Black,<=5s vs 5-10s,2437
qAfNHDnt,104,1-0,Black,<=5s vs 5-10s,1700
4gGOJVQb,78,0-1,Black,<=5s vs 5-10s,2174
rWMjoOGJ,105,1-0,White,<=5s vs 15-20s,2236
MVUlr8KH,156,0-1,Black,<=5s vs 5-10s,2295
frVKrdpj,40,1-0,Black,<=5s vs <=5s,832
7PqVP8rO,75,0-1,White,<=5s vs 5-10s,1247
OeSaWhmC,67,1-0,White,<=5s vs 10-15s,2316
LvlSg5Qv,73,1-0,White,<=5s vs 5-10s,2049
oooZeSSB,120,0-1,Black,<=5s vs 15-20s,1909
8pc9A9Wz,84,1-0,Black,<=5s vs 10-15s,2318
8aIdniWj,66,0-1,Black,<=5s vs <=5s,1517
z9uiuZds,71,1-0,White,<=5s vs <=5s,1786
CmLLAdI7,65,0-1,White,<=5s vs 5-10s,1363
SqiiNX1O,80,0-1,Black,<=5s vs <=5s,2209
xZiKBZ4L,79,0-1,White,<=5s vs 5-10s,1718
06YG6J1K,64,0-1,Black,<=5s vs 10-15s,1644
8CaHYdvF,48,0-1,Black,<=5s vs 15-20s,1527
TAFQw36u,110,0-1,Black,<=5s vs 10-15s,2558
TFgpP2qO,48,0-1,Black,<=5s vs 10-15s,1013
8D7BjL5V,79,1-0,White,<=5s vs 15-20s,2392
CY6RcbPz,64,0-1,Black,<=5s vs 5-10s,1226
EmNEc4eU,69,1-0,White,<=5s vs 15-20s,1947
T6DGryNh,85,1-0,White,<=5s vs <=5s,2263
VsiBu8pG,82,0-1,Black,<=5s vs 10-15s,2787
GesJmiNq,93,1-0,White,<=5s vs 10-15s,2023
HgzCig83,82,0-1,Black,<=5s vs 10-15s,2276
xJoF2u0L,71,1-0,White,<=5s vs 10-15s,2427
NZsi84pT,74,0-1,Black,<=5s vs <=5s,1680
GhmZbzBX,44,0-1,Black,<=5s vs <=5s,1175
6IWXym90,61,1-0,White,<=5s vs 15-20s,1908
syjFXm1k,76,0-1,Black,<=5s vs <=5s,1472
0X3cSTuK,72,1-0,Black,<=5s vs <=5s,1523
d4otAVsG,46,0-1,Black,<=5s vs 15-20s,1262
wtXNugRk,40,0-1,Black,<=5s vs 15-20s,1270
0MY8tYxz,66,0-1,Black,<=5s vs 15-20s,1351
Sj4dZPpy,66,0-1,Black,<=5s vs 5-10s,2359
Pka6i4bv,60,1-0,Black,<=5s vs 10-15s,1671
WvkUS0L1,58,0-1,Black,<=5s vs 5-10s,1264
DOplEKRG,68,0-1,Black,<=5s vs 5-10s,2311
YUYYkfd8,95,0-1,White,<=5s vs <=5s,1669
TKrbnpa8,89,1-0,White,<=5s vs <=5s,2243
Zr0ROkxZ,44,0-1,Black,<=5s vs 5-10s,1601
y1VtXNDu,40,0-1,Black,<=5s vs 15-20s,1194
Uh2bRBfy,48,0-1,Black,<=5s vs 15-20s,2160
OWz0omP3,51,1-0,White,<=5s vs 15-20s,1087
IgUGFV9J,60,0-1,Black,<=5s vs 10-15s,1472
bhGRdVrA,75,0-1,White,<=5s vs 5-10s,1888
WQt1YrIB,66,1-0,Black,<=5s vs 5-10s,1430
raOUxnUX,75,1-0,White,<=5s vs 5-10s,1627
8KWaPO7v,128,1/2-1/2,Black,<=5s vs 5-10s,2357
gX3I6Mgw,93,1-0,White,<=5s vs 10-15s,2394
wFWQphBF,46,0-1,Black,<=5s vs 5-10s,1346
ZnZV6V2e,61,1-0,White,<=5s vs 5-10s,1216
eGboyFby,51,1-0,White,<=5s vs 15-20s,1629
H1cMmb5q,48,0-1,Black,<=5s vs 5-10s,1319
T7tkQiWS,97,0-1,White,<=5s vs 15-20s,2404
NUgetUFL,76,1-0,Black,<=5s vs <=5s,2358
IkNCZcUK,64,0-1,Black,<=5s vs 15-20s,1900
zWVrK1W0,76,0-1,Black,<=5s vs <=5s,1617
wP8rdeZx,64,1-0,Black,<=5s vs <=5s,1870
VTUr0bBT,78,1-0,Black,<=5s vs <=5s,1617
d134I51y,59,1-0,White,<=5s vs 10-15s,1956
HJGsQW5J,92,1/2-1/2,Black,<=5s vs 5-10s,1263
W3DSUlCp,60,0-1,Black,<=5s vs 15-20s,1778
DRr5UbxF,54,1-0,Black,<=5s vs <=5s,1023
Q1w1lSL6,57,0-1,White,<=5s vs 15-20s,1890
UUJbQvCV,70,0-1,Black,<=5s vs <=5s,1279
FOQpBiSN,108,0-1,Black,<=5s vs 5-10s,1539
tZRvN9do,79,1-0,White,<=5s vs 5-10s,1712
BaaFjRep,40,0-1,Black,<=5s vs 15-20s,1532
KZckT9v2,109,1-0,White,<=5s vs 5-10s,2338
4KYIds4A,114,1-0,Black,<=5s vs 15-20s,2394
8LshH5DF,92,1-0,Black,<=5s vs <=5s,2428
vy1wHkzV,51,1-0,White,<=5s vs 10-15s,1513
LJbjHBNF,108,1-0,Black,<=5s vs 5-10s,2625
yl15ZgFT,59,1-0,White,<=5s vs 15-20s,1615
FXOY7p5E,53,1-0,White,<=5s vs 5-10s,960
ntiJjzw5,44,0-1,Black,<=5s vs 10-15s,781
1Liz7ekM,99,1-0,White,<=5s vs <=5s,2294
B5yK3ddy,66,0-1,Black,<=5s vs 15-20s,2343
3jKv3MVS,47,1-0,White,<=5s vs <=5s,839
BPVfF2Jv,88,0-1,Black,<=5s vs 5-10s,1849
P4assQdM,81,1-0,White,<=5s vs 5-10s,1812
6w6ZUAvu,46,0-1,Black,<=5s vs 15-20s,1030
R7ZgEPJs,68,0-1,Black,<=5s vs 10-15s,1877
FJpwB9Jn,84,0-1,Black,<=5s vs 10-15s,2247
0gYxvBya,89,0-1,White,<=5s vs 5-10s,1686
QZmqaYWp,65,1-0,White,<=5s vs 5-10s,1839
Lyb2mWsm,93,1-0,White,<=5s vs 5-10s,2078
8nGcs8zn,44,0-1,Black,<=5s vs 15-20s,1084
EpqcLepr,36,0-1,Black,<=5s vs 15-20s,1189
QpjUQopK,73,1-0,White,<=5s vs <=5s,2377
d9GUdPxZ,74,1-0,Black,<=5s vs 5-10s,1852
CAHiHool,85,0-1,White,<=5s vs 5-10s,2125
USTuB5rD,106,0-1,Black,<=5s vs 5-10s,2356
7zVOta4f,58,0-1,Black,<=5s vs 10-15s,1991
b3H8vCpr,67,1-0,White,<=5s vs 10-15s,2318
2Hu3IkwW,63,0-1,White,<=5s vs <=5s,1441
RNnw7plz,83,1-0,White,<=5s vs 15-20s,2405
1U0lqiDV,64,0-1,Black,<=5s vs 5-10s,1276
EJ7Y2eCP,60,0-1,Black,<=5s vs 15-20s,1104
KRzpYROd,40,0-1,Black,<=5s vs 10-15s,1337
Jqg2qKTZ,60,0-1,Black,<=5s vs 5-10s,1442
MObxmiRy,137,1/2-1/2,White,<=5s vs <=5s,2060
Hj6nDU0B,64,0-1,Black,<=5s vs 15-20s,1964
6U0hvjN8,141,1/2-1/2,White,<=5s vs 5-10s,1795
0waeaB6B,88,0-1,Black,<=5s vs <=5s,1890
LEStwcmX,85,1-0,White,<=5s vs 5-10s,1617
soPh4bQV,104,0-1,Black,<=5s vs 10-15s,2366
8m5VUQoL,63,0-1,White,<=5s vs 5-10s,1443
YQnlAS4a,75,1-0,White,<=5s vs 10-15s,2384
zacuoFO6,97,1/2-1/2,White,<=5s vs 15-20s,2850
Dpi2lira,60,1-0,Black,<=5s vs <=5s,1619
2ygzLsQ0,43,1-0,White,<=5s vs 10-15s,992
6TRBqQvK,85,1-0,White,<=5s vs 10-15s,2230
viyrfeXI,70,0-1,Black,<=5s vs 10-15s,2340
d5fi40Ef,42,0-1,Black,<=5s vs 10-15s,1852
TySo9L9R,83,1-0,White,<=5s vs 5-10s,1805
bratCkby,89,0-1,White,<=5s vs <=5s,1198
Gw5bRtH1,48,0-1,Black,<=5s vs 15-20s,1352
ONIok6Gw,44,0-1,Black,<=5s vs 5-10s,1161
eEkE99B6,70,0-1,Black,<=5s vs 5-10s,1939
HonRdVrX,106,0-1,Black,<=5s vs <=5s,2181
FfGXfJaH,69,1-0,White,<=5s vs 10-15s,1592
Axw5PhjD,73,1-0,White,<=5s vs <=5s,1394
FojuAFYu,85,1-0,White,<=5s vs 5-10s,2043
CgSzQnBj,75,1-0,White,<=5s vs 10-15s,1721
3kB5aiab,113,1-0,White,<=5s vs 15-20s,2669
CgRnazWm,70,0-1,Black,<=5s vs 15-20s,2111
bnghXCGr,58,1-0,Black,<=5s vs 15-20s,1349
OuB2Jrk6,101,0-1,White,<=5s vs <=5s,1799
WbCACifm,45,1-0,White,<=5s vs 10-15s,967
T7bFBu1t,71,1-0,White,<=5s vs 15-20s,2009
cx3r7sC2,51,1-0,White,<=5s vs 15-20s,1351
eEpzqTDi,119,1-0,White,<=5s vs 10-15s,2201
wt5pIO74,61,1-0,White,<=5s vs 5-10s,2147
hswyqwWA,72,0-1,Black,<=5s vs 5-10s,1434
mlwfmC2s,55,1-0,White,<=5s vs 15-20s,1210
ev6UUwgS,67,1-0,White,<=5s vs 15-20s,2216
elz3CDU7,61,1-0,White,<=5s vs 10-15s,1412
bEZK8R3N,59,0-1,White,<=5s vs 5-10s,1817
PLVVAwIM,63,1-0,White,<=5s vs 10-15s,1108
pcPuRmLY,60,0-1,Black,<=5s vs 5-10s,1654
V4VjudIe,41,1-0,White,<=5s vs 15-20s,1390
ajMNmeOS,54,0-1,Black,<=5s vs 10-15s,1453
UNmmPA95,122,0-1,Black,<=5s vs 15-20s,1838
sCSdybsA,55,1-0,White,<=5s vs 15-20s,1800
7d8g3Tfq,86,1-0,Black,<=5s vs <=5s,2073
TJiET0FH,128,1-0,Black,<=5s vs <=5s,2461
8eS7kVUZ,93,1-0,White,<=5s vs 5-10s,1789
hzoFYlti,55,1-0,White,<=5s vs 5-10s,2004
Dhww6Wkc,70,0-1,Black,<=5s vs 5-10s,2302
kDQTZl8P,96,0-1,Black,<=5s vs 5-10s,2069
ey1dyVMW,80,0-1,Black,<=5s vs 10-15s,2216
3LJNqPhE,79,1-0,White,<=5s vs 15-20s,1712
yBIoI3Il,67,1/2-1/2,White,<=5s vs 10-15s,1529
aADIXeAG,66,0-1,Black,<=5s vs 5-10s,1339
bDEOfsLc,59,1-0,White,<=5s vs 15-20s,1634
s2AiOuGW,132,1/2-1/2,Black,<=5s vs 5-10s,2457
hiMczRk7,50,0-1,Black,<=5s vs 15-20s,1516
n49Eqbda,75,1-0,White,<=5s vs 10-15s,1782
3zkcH7gO,48,0-1,Black,<=5s vs <=5s,1155
YyadsNt9,56,0-1,Black,<=5s vs 10-15s,1141
ViPtiIEp,60,0-1,Black,<=5s vs 15-20s,2133
Is35leby,53,1-0,White,<=5s vs 15-20s,1371
a3QW8Wyv,112,0-1,Black,<=5s vs <=5s,2423
BB0e5KVH,66,1-0,Black,<=5s vs <=5s,1862
zNgjENAy,85,1-0,White,<=5s vs <=5s,2251
2ji23e1H,84,0-1,Black,<=5s vs 5-10s,2577
OLRc029S,112,1/2-1/2,Black,<=5s vs 5-10s,1725
9xpLMBV9,60,0-1,Black,<=5s vs 5-10s,2105
GpdYW0VK,43,1-0,White,<=5s vs 15-20s,1041
7jEjgE3N,74,0-1,Black,<=5s vs 15-20s,1818
njBkBeGX,65,0-1,White,<=5s vs 5-10s,1627
NFWKb04h,91,1-0,White,<=5s vs 10-15s,2715
HhyZOLfF,71,1-0,White,<=5s vs 10-15s,2122
8chfpWha,63,1-0,White,<=5s vs 5-10s,1618
IdNpY3qz,100,1-0,Black,<=5s vs <=5s,2488
j5kGpGtI,63,1-0,White,<=5s vs 15-20s,1521
m7DPVZUg,50,1-0,Black,<=5s vs <=5s,1289
CmrNwmGk,92,0-1,Black,<=5s vs 5-10s,2643
PVAc7Fm7,69,1-0,White,<=5s vs 5-10s,2045
BrMiefyo,79,0-1,White,<=5s vs <=5s,2271
xZ0OGOTg,57,1-0,White,<=5s vs 10-15s,1625
40EstaHZ,67,1-0,White,<=5s vs 5-10s,1825
BGIYFXt2,71,1-0,White,<=5s vs 15-20s,2325
VuQ0LimV,42,0-1,Black,<=5s vs 10-15s,978
Z2zeOeto,99,1-0,White,<=5s vs 5-10s,1842
eVm2B6gn,90,0-1,Black,<=5s vs 5-10s,1491
q7NxCFyL,82,0-1,Black,<=5s vs 5-10s,1550
mYJofBPp,60,0-1,Black,<=5s vs 10-15s,1603
GpRPo4tO,89,1-0,White,<=5s vs 5-10s,2459
PrpUm8Nt,68,0-1,Black,<=5s vs <=5s,1697
EjQRooJl,112,0-1,Black,<=5s vs <=5s,1329
6zSIMnQ2,107,0-1,White,<=5s vs 5-10s,854
doFuMzuR,51,1-0,White,<=5s vs 15-20s,2009
Lu013skJ,49,1-0,White,<=5s vs 10-15s,1297
4cxmk1Ql,46,1-0,Black,<=5s vs 5-10s,649
EVOQ0Cjk,71,1-0,White,<=5s vs 5-10s,2359
DFHehkgz,73,0-1,White,<=5s vs <=5s,1864
aTeRZpbD,104,0-1,Black,<=5s vs 5-10s,2084
E6G1clX9,105,0-1,White,<=5s vs 10-15s,1928
CucYIFL6,64,1-0,Black,<=5s vs <=5s,1246
6dZjXlM4,69,1-0,White,<=5s vs 15-20s,2063
xaCqdzJQ,74,0-1,Black,<=5s vs <=5s,2435
2cMvjevK,81,0-1,White,<=5s vs <=5s,2050
ufBpxQV5,73,1-0,White,<=5s vs 10-15s,1921
kSENMlLw,78,1-0,Black,<=5s vs <=5s,1671
yHMIlvzf,63,1-0,White,<=5s vs 10-15s,1374
74iec4Sg,61,1-0,White,<=5s vs 10-15s,1978
Er7WyMps,70,0-1,Black,<=5s vs 10-15s,1954
E9SHW7qC,118,1/2-1/2,Black,<=5s vs 15-20s,2247
auS2jYmr,52,0-1,Black,<=5s vs 15-20s,1007
QOgkUnmG,65,1-0,White,<=5s vs 10-15s,1590
KNmVaNjQ,80,0-1,Black,<=5s vs 5-10s,2221
rkSEHnQA,80,0-1,Black,<=5s vs 5-10s,2136
8su7Titg,51,1-0,White,<=5s vs 5-10s,2201
8bDHgEFn,74,0-1,Black,<=5s vs 15-20s,2349
ZVNiVIvS,62,0-1,Black,<=5s vs 5-10s,1550
Ty7nf87E,53,0-1,White,<=5s vs 5-10s,2010
wynHoIsT,67,1-0,White,<=5s vs 10-15s,1893
L9rrxw40,110,0-1,Black,<=5s vs 15-20s,1690
KVlK0bYu,77,1-0,White,<=5s vs 15-20s,1683
RUDNuM2x,96,0-1,Black,<=5s vs 10-15s,1732
INRRNCAG,94,0-1,Black,<=5s vs 10-15s,2302
R9mkzxX9,75,0-1,White,<=5s vs 5-10s,1266
hNzFSMWo,125,1-0,White,<=5s vs 5-10s,1962
iflOI65P,102,0-1,Black,<=5s vs 15-20s,2137
vloLZyW9,107,0-1,White,<=5s vs <=5s,1135
EtmZVFWT,82,0-1,Black,<=5s vs 10-15s,2308
yV5d3HiZ,78,0-1,Black,<=5s vs 10-15s,2273
i2aHzVUD,82,0-1,Black,<=5s vs 5-10s,1648
122lVa8W,84,0-1,Black,<=5s vs <=5s,1799
BAReI9cd,63,1-0,White,<=5s vs 15-20s,2319
vf3WPe0r,44,0-1,Black,<=5s vs 15-20s,1031
c1LERpt7,132,1/2-1/2,Black,<=5s vs <=5s,2583
NwkI91u0,78,0-1,Black,<=5s vs 10-15s,1825
GXt92Fvn,77,0-1,White,<=5s vs <=5s,1361
C9W1ul6a,57,1-0,White,<=5s vs 5-10s,1270
tRmigKWO,45,1-0,White,<=5s vs 5-10s,1110
XxfdUvGR,67,1-0,White,<=5s vs 10-15s,1719
jAIPvwT8,74,1-0,Black,<=5s vs 5-10s,2089
6oG23Umu,111,1-0,White,<=5s vs 5-10s,2629
gqLpIXqS,40,0-1,Black,<=5s vs 15-20s,1020
VQ2rxak2,83,0-1,White,<=5s vs 5-10s,2298
HQsekwKb,90,0-1,Black,<=5s vs 5-10s,2650
bTHKA8vh,123,0-1,White,<=5s vs <=5s,2655
Jxy793SS,80,0-1,Black,<=5s vs 15-20s,2738
DGsfeCjO,48,0-1,Black,<=5s vs 10-15s,1568
IFf6R3AZ,56,0-1,Black,<=5s vs 10-15s,1667
5vS2TUTk,56,0-1,Black,<=5s vs 5-10s,1213
jXn3GR6K,85,1-0,White,<=5s vs 5-10s,2295
WWLWRhGh,74,0-1,Black,<=5s vs 5-10s,1670
t76ePVUB,71,1-0,White,<=5s vs 15-20s,1471
4uTjUVOq,74,0-1,Black,<=5s vs 15-20s,1944
QEOCnEuZ,76,0-1,Black,<=5s vs 5-10s,1919
hhLIzKLi,58,0-1,Black,<=5s vs 5-10s,1251
nFS8QF5O,59,1-0,White,<=5s vs 15-20s,1400
UtBVd3Ht,77,1-0,White,<=5s vs 15-20s,1817
aoSBP5vX,101,1-0,White,<=5s vs 5-10s,1064
CF0kZyn4,34,0-1,Black,<=5s vs 5-10s,1016
idTIQbJe,66,0-1,Black,<=5s vs 5-10s,1985
AZWf6bWq,76,0-1,Black,<=5s vs 5-10s,1710
GFokAsjO,50,0-1,Black,<=5s vs 10-15s,1364
nVcNpbel,64,0-1,Black,<=5s vs 15-20s,1332
4h75MwBl,89,0-1,White,<=5s vs 5-10s,2267
IzLQr39G,72,0-1,Black,<=5s vs 10-15s,1889
u2VEPKDV,56,0-1,Black,<=5s vs 10-15s,1066
qy6wRnL2,76,0-1,Black,<=5s vs 5-10s,2201
QHyBmo8f,105,1-0,White,<=5s vs 5-10s,2104
xjU8noQ2,58,0-1,Black,<=5s vs 15-20s,1348
TyHIjg1Z,51,0-1,White,<=5s vs <=5s,1179
QcSn8UVq,88,0-1,Black,<=5s vs <=5s,2105
6R9ZEmKU,76,1-0,Black,<=5s vs <=5s,1958
MeASskfU,98,0-1,Black,<=5s vs 15-20s,2264
PSVf1zG3,106,0-1,Black,<=5s vs 15-20s,1657
TlhXuVZS,64,0-1,Black,<=5s vs 5-10s,1280
WJOhtmQ4,99,0-1,White,<=5s vs 15-20s,2306
Gvapi5ac,60,0-1,Black,<=5s vs <=5s,1176
mPtMC8SB,62,0-1,Black,<=5s vs 15-20s,2116
nc3KkrDJ,90,1-0,Black,<=5s vs <=5s,2203
GGwnSsUd,130,1/2-1/2,Black,<=5s vs 5-10s,2023
OtW083pu,84,0-1,Black,<=5s vs 15-20s,2538
4u0ZL21V,91,1-0,White,<=5s vs 5-10s,2329
qizVtetg,69,0-1,White,<=5s vs 5-10s,2094
lMfvlHqq,65,1-0,White,<=5s vs 10-15s,1939
BU1U1UYR,61,1-0,White,<=5s vs 15-20s,1500
fVWU14ZW,59,1-0,White,<=5s vs <=5s,1343
IDGoRdEZ,76,0-1,Black,<=5s vs <=5s,2377
C080Gji2,76,0-1,Black,<=5s vs 5-10s,1628
oTI8sBM5,34,0-1,Black,<=5s vs 10-15s,1436
Bl0Fly9I,57,1-0,White,<=5s vs 15-20s,2065
GTuDwn2y,55,1-0,White,<=5s vs 5-10s,1736
ivx5rGCC,70,0-1,Black,<=5s vs 15-20s,1787
8ejckGXf,73,1-0,White,<=5s vs 10-15s,2410
9aT2Apie,40,0-1,Black,<=5s vs 5-10s,1168
hYQY1jI4,32,0-1,Black,<=5s vs 5-10s,582
T6vVURXU,57,1-0,White,<=5s vs 15-20s,1418
hYBWNpo9,59,1-0,White,<=5s vs 10-15s,1335
ptY8NByW,77,0-1,White,<=5s vs <=5s,2308
5jfCPfFF,63,1-0,White,<=5s vs 5-10s,1885
QRRwu2An,114,1-0,Black,<=5s vs <=5s,2215
dN48thV8,61,1-0,White,<=5s vs 5-10s,1929
luYVMzyD,75,1-0,White,<=5s vs 5-10s,1999
M94qEfcJ,97,0-1,White,<=5s vs <=5s,2897
WOwPfzXj,59,1-0,White,<=5s vs 5-10s,1744
CInRlcVn,61,0-1,White,<=5s vs 5-10s,1998
5eripesn,114,0-1,Black,<=5s vs 5-10s,2551
BbAfyz43,100,0-1,Black,<=5s vs 5-10s,2392
IK4igLAs,80,0-1,Black,<=5s vs 10-15s,2015
ZzUQA6jR,59,1-0,White,<=5s vs <=5s,879
BNjzgBg3,108,0-1,Black,<=5s vs <=5s,2301
P724lsbW,78,1-0,Black,<=5s vs <=5s,2205
SGX85ooy,134,0-1,Black,<=5s vs 5-10s,2444
FDWGkgig,71,1-0,White,<=5s vs 5-10s,1565
LdamqMp1,104,1-0,Black,<=5s vs <=5s,1990
m4gXS5AY,66,0-1,Black,<=5s vs 5-10s,1972
KtbI7BrS,83,1-0,White,<=5s vs <=5s,2254
VoEp3qfN,55,1-0,White,<=5s vs 15-20s,2235
lCGDjPTF,53,1-0,White,<=5s vs 10-15s,1637
dmykdRZz,67,1-0,White,<=5s vs 15-20s,1981
TITuUuwu,80,0-1,Black,<=5s vs 5-10s,1988
m7EzdBs4,94,0-1,Black,<=5s vs 15-20s,1753
RZp7iUC4,111,1/2-1/2,White,<=5s vs 10-15s,2693
EH7u1yEV,69,0-1,White,<=5s vs <=5s,1857
TowoYIHw,78,0-1,Black,<=5s vs 5-10s,1622
YCXWy56k,60,0-1,Black,<=5s vs <=5s,1799
NMBs7Osw,83,1-0,White,<=5s vs 5-10s,2177
FIBTZyVH,79,1-0,White,<=5s vs 5-10s,2651
yn1fEmvf,57,0-1,White,<=5s vs 15-20s,1788
7qhat70D,59,1-0,White,<=5s vs 5-10s,1725
ZmHPxFRW,83,1-0,White,<=5s vs 10-15s,2276
GSrMs8zi,86,0-1,Black,<=5s vs 15-20s,2223
A6x7s62P,128,0-1,Black,<=5s vs 10-15s,2489
DR9o9QPt,78,0-1,Black,<=5s vs 10-15s,1668
OQOfnciW,70,0-1,Black,<=5s vs 15-20s,2105
VnvawfAA,59,1-0,White,<=5s vs 10-15s,1443
7Gr8iK6A,78,0-1,Black,<=5s vs 15-20s,2541
2ndfNkE4,63,1-0,White,<=5s vs 15-20s,1827
l34X4xa3,117,1-0,White,<=5s vs 5-10s,2241
cYpvg9qS,69,0-1,White,<=5s vs 10-15s,2291
Xh322MQ2,105,1-0,White,<=5s vs 5-10s,2408
376UNInr,54,0-1,Black,<=5s vs 15-20s,1590
5V6Fhpvj,70,0-1,Black,<=5s vs 15-20s,1525
NxBhyuAd,115,1-0,White,<=5s vs <=5s,2185
NYu0qBlj,71,1-0,White,<=5s vs 10-15s,1884
QwRiLOmP,43,1-0,White,<=5s vs 15-20s,911
LSSPUfBf,44,0-1,Black,<=5s vs <=5s,1355
AkuodknJ,68,0-1,Black,<=5s vs 10-15s,2449
0e4DhxRZ,112,0-1,Black,<=5s vs 5-10s,1809
zLjSDrkh,61,1-0,White,<=5s vs <=5s,2197
Dg15fpTu,68,0-1,Black,<=5s vs 5-10s,2239
T1GrQDU7,70,0-1,Black,<=5s vs 15-20s,1905
wfx37JLq,56,0-1,Black,<=5s vs 10-15s,867
S88r8VfZ,54,1-0,Black,<=5s vs <=5s,1503
4pLXeTM8,80,0-1,Black,<=5s vs 5-10s,1791
4OQja4eg,45,1-0,White,<=5s vs 10-15s,1428
jVSbXZzw,86,0-1,Black,<=5s vs 10-15s,1768
JKDLBZSD,105,0-1,White,<=5s vs <=5s,2368
ptTq0T7i,101,1-0,White,<=5s vs 15-20s,1982
1KAr29PN,80,0-1,Black,<=5s vs <=5s,899
ylZ9cQJX,85,1-0,White,<=5s vs 10-15s,1376
PZqwesCP,70,0-1,Black,<=5s vs 10-15s,1880
xZtbzDPr,123,1/2-1/2,White,<=5s vs 5-10s,2029
LfX7DgcQ,98,1/2-1/2,Black,<=5s vs 10-15s,2309
usvdXGXz,70,0-1,Black,<=5s vs <=5s,1602
c0ckkYeA,59,1-0,White,<=5s vs 10-15s,2168
Qb8XV396,49,1-0,White,<=5s vs 15-20s,1381
1numV90N,95,1-0,White,<=5s vs 10-15s,1047
Lxp55n1M,59,1-0,White,<=5s vs 15-20s,1158
Wv3hscv1,64,0-1,Black,<=5s vs 5-10s,1478
LOj3GcLH,66,0-1,Black,<=5s vs 10-15s,1826
EIkTJoQY,42,0-1,Black,<=5s vs 15-20s,1809
DE8UVIAU,94,1-0,Black,<=5s vs <=5s,2180
jBYLURkK,89,1-0,White,<=5s vs 5-10s,1340
Ot3t5kxs,62,0-1,Black,<=5s vs 15-20s,931
X3jQrrSW,66,0-1,Black,<=5s vs 15-20s,1769
EIwnPZbr,84,1/2-1/2,Black,<=5s vs 5-10s,2958
kkuXkcXK,47,1-0,White,<=5s vs 10-15s,1417
EyVAnhYT,78,1-0,Black,<=5s vs <=5s,1566
41bQ4REj,65,1-0,White,<=5s vs 5-10s,1558
88eeLtia,98,0-1,Black,<=5s vs 10-15s,2499
cS8x4i5I,71,1-0,White,<=5s vs 10-15s,1493
oFzXqPdf,61,0-1,White,<=5s vs <=5s,1473
FGxmkwkx,51,1-0,White,<=5s vs 15-20s,1187
aM8IeQUf,56,0-1,Black,<=5s vs 15-20s,1892
Iu0RP19z,67,1-0,White,<=5s vs 5-10s,1790
qhgr7GKR,105,1-0,White,<=5s vs 5-10s,2539
1qUYHyfw,41,1-0,White,<=5s vs <=5s,1033
3r5hFBAB,59,1-0,White,<=5s vs 5-10s,2454
CduP7kP1,62,0-1,Black,<=5s vs 15-20s,2085
JEW7GHVK,48,0-1,Black,<=5s vs 5-10s,1634
IeOWWnAa,68,0-1,Black,<=5s vs 5-10s,1735
UZTvZrFO,65,1-0,White,<=5s vs 10-15s,2357
tsuHRATL,79,1-0,White,<=5s vs 10-15s,1562
wcgRbn29,84,0-1,Black,<=5s vs 5-10s,2200
TMCrxxys,107,1-0,White,<=5s vs 5-10s,2063
jfuqHsjt,88,1/2-1/2,Black,<=5s vs 10-15s,2171
L2K85oEg,88,0-1,Black,<=5s vs 5-10s,2153
rqLNmQaM,85,1/2-1/2,White,<=5s vs 5-10s,2520
Z4F4CsA0,53,1-0,White,<=5s vs 5-10s,1857
OUf7Z3fx,35,1-0,White,<=5s vs 10-15s,1720
0BWXPjdY,75,0-1,White,<=5s vs <=5s,1874
TRRwulU5,53,1-0,White,<=5s vs 15-20s,2294
9aJBjESk,63,1-0,White,<=5s vs 15-20s,2024
E4ogVUCD,102,0-1,Black,<=5s vs 10-15s,2204
eks5dWlA,93,1-0,White,<=5s vs 15-20s,2238
DBt3Vhr4,76,0-1,Black,<=5s vs 5-10s,1714
AA7wFIsc,98,0-1,Black,<=5s vs 10-15s,1691
TJZUNory,74,0-1,Black,<=5s vs 5-10s,1979
vWfxbQLi,52,0-1,Black,<=5s vs 15-20s,1218
ZIQbQXQH,53,1-0,White,<=5s vs 15-20s,1078
lwoK3WTZ,56,0-1,Black,<=5s vs 5-10s,2013
Cr3TJTyx,82,1-0,Black,<=5s vs 5-10s,2127
RrPzOBxk,61,0-1,White,<=5s vs 10-15s,1254
81dBkrcu,96,0-1,Black,<=5s vs 15-20s,2069
8xqUJr2q,82,0-1,Black,<=5s vs 5-10s,2225
e37qUYBp,65,1-0,White,<=5s vs 10-15s,1349
aNC6zBRH,147,1-0,White,<=5s vs 5-10s,2203
Yy5e6gZz,64,0-1,Black,<=5s vs 5-10s,2011
9aUl8iRH,68,1-0,Black,<=5s vs <=5s,1212
MLktL00h,68,0-1,Black,<=5s vs 5-10s,1714
PmhndLZv,77,0-1,White,<=5s vs 5-10s,1623
ErkGwwqF,48,0-1,Black,<=5s vs 15-20s,1900
W59JLnW9,54,0-1,Black,<=5s vs 5-10s,2099
S2yCo1qh,69,1-0,White,<=5s vs 5-10s,1950
zgelFGgO,99,1-0,White,<=5s vs 10-15s,2333
dn2qmjO8,64,0-1,Black,<=5s vs 15-20s,1782
1GMgUVvO,64,0-1,Black,<=5s vs 5-10s,2005
jBZulEHf,65,1-0,White,<=5s vs 15-20s,1774
96IZxpwB,90,0-1,Black,<=5s vs 15-20s,1759
RoabKM3S,75,1-0,White,<=5s vs 5-10s,2169
fHKH3q88,50,0-1,Black,<=5s vs 15-20s,1524
THeZHjTh,62,0-1,Black,<=5s vs 5-10s,2154
HJVnZjnO,133,1-0,White,<=5s vs 15-20s,1817
480NDorO,73,1-0,White,<=5s vs <=5s,1990
dQQ5AYUc,59,1-0,White,<=5s vs 10-15s,1005
k6KTipjC,58,0-1,Black,<=5s vs 5-10s,1818
BZHKK3HH,85,0-1,White,<=5s vs <=5s,2294
CiJ5OdzM,53,1-0,White,<=5s vs 15-20s,962
gouL0bMp,59,1-0,White,<=5s vs 15-20s,1919
GxWIgjbh,84,0-1,Black,<=5s vs 10-15s,1501
4ZK1q370,96,1-0,Black,<=5s vs <=5s,1896
QKBBUNJ1,53,1-0,White,<=5s vs 15-20s,1032
x7xMeQEs,64,0-1,Black,<=5s vs 10-15s,2030
JuGuHMLd,62,0-1,Black,<=5s vs 5-10s,2322
I0z7NFPv,54,1-0,Black,<=5s vs <=5s,1735
d6pCWhfA,59,1-0,White,<=5s vs 15-20s,1456
RS2YdLE1,65,1-0,White,<=5s vs <=5s,1408
WrG19kiX,69,1-0,White,<=5s vs 5-10s,1612
DuabDHDa,70,0-1,Black,<=5s vs 10-15s,1767
OjylgfWO,97,1-0,White,<=5s vs 10-15s,2901
gVDcrmgD,55,0-1,White,<=5s vs 5-10s,1088
FsQxb9TR,125,1-0,White,<=5s vs 15-20s,2408
9sVlXni2,59,1-0,White,<=5s vs 15-20s,1692
oopR4pg1,70,0-1,Black,<=5s vs 10-15s,2315
8vtLYQig,88,0-1,Black,<=5s vs 10-15s,1671
1Tzu2cqC,134,0-1,Black,<=5s vs <=5s,2283
WX47kZ1m,87,1-0,White,<=5s vs 5-10s,1852
QOfDSu7q,79,0-1,White,<=5s vs 5-10s,1468
iotKT2Pf,75,1-0,White,<=5s vs 15-20s,1996
HelCQ8eg,132,0-1,Black,<=5s vs 15-20s,1924
GifENIcO,60,0-1,Black,<=5s vs <=5s,1455
n0P7dRdn,50,1-0,Black,<=5s vs <=5s,1702
gzL870By,58,0-1,Black,<=5s vs 15-20s,1342
1z5QgKhz,92,1-0,Black,<=5s vs <=5s,2094
55IS9bQU,56,0-1,Black,<=5s vs 5-10s,1247
JrSl22L9,96,0-1,Black,<=5s vs 10-15s,1807
9BfAv6X0,127,1-0,White,<=5s vs 10-15s,1692
1lG0PYz6,104,1-0,Black,<=5s vs <=5s,2390
EZbozTog,75,1-0,White,<=5s vs 5-10s,2039
ZabZHiS8,42,0-1,Black,<=5s vs 15-20s,1186
CN08Lpal,96,0-1,Black,<=5s vs 5-10s,2703
LJT4daLg,65,0-1,White,<=5s vs 5-10s,2089
lcx8AhZl,63,1-0,White,<=5s vs 5-10s,1332
WZRwxuSQ,108,0-1,Black,<=5s vs 5-10s,1670
3w8RaXwl,57,1-0,White,<=5s vs 5-10s,1398
3h4tNrwp,62,0-1,Black,<=5s vs 5-10s,1661
EQQBGMr7,59,1-0,White,<=5s vs 15-20s,1418
YNyKV3K9,69,1-0,White,<=5s vs 5-10s,2392
RTjbno7L,63,1-0,White,<=5s vs 10-15s,1364
A4z8voHG,56,0-1,Black,<=5s vs 5-10s,1829
ony3iwvr,41,1-0,White,<=5s vs 10-15s,1089
J2LoJYyR,69,1-0,White,<=5s vs 10-15s,1761
Qa5x5aVL,105,1-0,White,<=5s vs <=5s,2101
E918cfNA,137,1/2-1/2,White,<=5s vs 10-15s,2192
CnAyW1ky,80,1-0,Black,<=5s vs <=5s,1900
zAWbmmoo,56,0-1,Black,<=5s vs <=5s,1130
HcEDSUMy,81,1/2-1/2,White,<=5s vs 5-10s,2290
oyhqVrWL,86,0-1,Black,<=5s vs 10-15s,1537
IPql1ZxF,90,0-1,Black,<=5s vs 5-10s,2471
e1Ta74PC,87,1-0,White,<=5s vs 5-10s,2275
f944V01l,97,1/2-1/2,White,<=5s vs 10-15s,1802
OYZcksPK,52,0-1,Black,<=5s vs 15-20s,1633
4jwgW2Up,67,1-0,White,<=5s vs 10-15s,2602
cBZpoWpV,66,0-1,Black,<=5s vs 15-20s,1610
JscXiowk,122,0-1,Black,<=5s vs 5-10s,2477
THahO88G,66,1/2-1/2,Black,<=5s vs 10-15s,2540
St0EBA1J,124,0-1,Black,<=5s vs 5-10s,2460
mf0O0uC4,69,1-0,White,<=5s vs 10-15s,2110
WtjQlvoy,80,1-0,Black,<=5s vs 5-10s,2423
ZuLY8NWk,87,1-0,White,<=5s vs 10-15s,2363
Mi5OMyE0,70,0-1,Black,<=5s vs 10-15s,2170
ZpK14zEl,69,1-0,White,<=5s vs 10-15s,1382
9nFbRZ7K,44,1-0,Black,<=5s vs <=5s,1276
IIWcVJ3F,90,0-1,Black,<=5s vs 15-20s,3072
FyBSs3ID,78,0-1,Black,<=5s vs 15-20s,2252
xVdUBiLD,53,1-0,White,<=5s vs 10-15s,1268
HEU5nOxB,105,1-0,White,<=5s vs 5-10s,1866
pLqjYKew,82,0-1,Black,<=5s vs 15-20s,1897
O29qVqNY,77,1/2-1/2,White,<=5s vs 5-10s,1926
PfCFNCCs,73,1-0,White,<=5s vs 5-10s,2035
P0Rc2Zgm,62,0-1,Black,<=5s vs 5-10s,1030
Dbq5xmzT,63,1-0,White,<=5s vs 10-15s,2404
Kj7FIrnK,40,0-1,Black,<=5s vs 10-15s,1151
qhNlVf96,58,0-1,Black,<=5s vs 5-10s,1350
flCY1FhS,60,0-1,Black,<=5s vs 5-10s,1621
aaTLSYVs,62,1-0,Black,<=5s vs 15-20s,2077
A0SaPTI3,81,0-1,White,<=5s vs <=5s,1521
GbyemL9f,50,0-1,Black,<=5s vs 15-20s,1730
uKv9vF6d,59,1-0,White,<=5s vs 10-15s,1539
tDygI30x,77,1-0,White,<=5s vs 10-15s,1791
2MBFb09n,66,0-1,Black,<=5s vs <=5s,1517
PtNAMxoY,112,0-1,Black,<=5s vs 10-15s,2416
MYFTGFt1,67,1-0,White,<=5s vs 10-15s,1642
c0KYDt06,70,0-1,Black,<=5s vs 15-20s,1202
GH7dS6hs,72,0-1,Black,<=5s vs 10-15s,2096
k8b9zW6w,68,1-0,Black,<=5s vs <=5s,1399
MfWeQJHN,78,0-1,Black,<=5s vs 10-15s,2162
GEXaIvTZ,36,0-1,Black,<=5s vs 10-15s,989
Q7z1vpjE,57,1-0,White,<=5s vs 10-15s,2229
cs8kNCeT,75,1-0,White,<=5s vs 5-10s,1404
00ixPq0W,59,1-0,White,<=5s vs 10-15s,2121
MhgOk1zG,97,1/2-1/2,White,<=5s vs <=5s,2539
CriOh4rL,117,1/2-1/2,White,<=5s vs <=5s,1950
DIVpkgrM,140,1/2-1/2,Black,<=5s vs 10-15s,2324
PHYZxIXf,84,0-1,Black,<=5s vs <=5s,2446
Lxbw9nrI,73,1-0,White,<=5s vs 10-15s,2354
bOXv3z3u,58,1/2-1/2,Black,<=5s vs 5-10s,1938
YykQQxFZ,42,0-1,Black,<=5s vs 5-10s,1282
CEY8S1KV,66,0-1,Black,<=5s vs 10-15s,2056
DaTSilK3,63,1-0,White,<=5s vs 10-15s,1840
7yZ1Ti6v,123,0-1,White,<=5s vs 5-10s,2236
l8Wwtvue,59,1-0,White,<=5s vs 10-15s,1598
QsKwX6dm,61,1-0,White,<=5s vs 15-20s,1795
eeyhPmds,62,0-1,Black,<=5s vs 10-15s,1655
hc5yefmx,78,0-1,Black,<=5s vs 5-10s,2703
oisdiZiU,84,0-1,Black,<=5s vs 10-15s,1810
3cXo7s9P,57,1-0,White,<=5s vs 5-10s,1324
v1kHs1MJ,70,0-1,Black,<=5s vs 15-20s,1108
SYFhua9d,50,0-1,Black,<=5s vs 15-20s,836
mU6TKxgy,77,1-0,White,<=5s vs 15-20s,2239
ZthAvKAL,128,0-1,Black,<=5s vs 10-15s,2116
yfjjbMSp,71,0-1,White,<=5s vs 5-10s,2180
kgvFB1fC,80,0-1,Black,<=5s vs 15-20s,1983
Nw4HgCxV,73,1/2-1/2,White,<=5s vs 10-15s,1776
zjWDA9i7,92,0-1,Black,<=5s vs 5-10s,2236
WMgqTYS1,126,1/2-1/2,Black,<=5s vs 5-10s,2530
c7l2r1wn,91,0-1,White,<=5s vs 5-10s,2433
LbQf6nQM,64,0-1,Black,<=5s vs 10-15s,2082
rX5HesRB,62,0-1,Black,<=5s vs 10-15s,1614
nNBj2vzv,58,0-1,Black,<=5s vs 15-20s,1261
ow9Yaazi,64,0-1,Black,<=5s vs 5-10s,1699
h5bDzMji,77,1-0,White,<=5s vs 10-15s,1960
Lrz8VS3M,102,1-0,Black,<=5s vs 5-10s,2053
Gv7WvIdw,67,1-0,White,<=5s vs 10-15s,1572
PV4bmUda,80,0-1,Black,<=5s vs 10-15s,1916
LnI5i6Qc,83,0-1,White,<=5s vs 5-10s,2499
YNfGUN51,82,0-1,Black,<=5s vs 5-10s,2245
DMzlgBBg,76,0-1,Black,<=5s vs 10-15s,2015
qFKWq32R,68,0-1,Black,<=5s vs <=5s,926
69QVDyON,130,0-1,Black,<=5s vs <=5s,2004
waTXlLqs,56,0-1,Black,<=5s vs 15-20s,1409
kBzS9768,69,1-0,White,<=5s vs 15-20s,1749
aFaNrKWB,102,1/2-1/2,Black,<=5s vs 5-10s,1685
XOVb8OlX,78,0-1,Black,<=5s vs 5-10s,2212
3HM7tTeE,65,1-0,White,<=5s vs 5-10s,1964
U5Vm3mty,98,0-1,Black,<=5s vs <=5s,1613
aU2K3JhW,44,0-1,Black,<=5s vs 15-20s,1873
HbofWheu,127,1/2-1/2,White,<=5s vs <=5s,1662
UVEvkf1r,102,1-0,Black,<=5s vs 5-10s,2247
vQamQdBC,58,0-1,Black,<=5s vs 15-20s,1867
nxI4SaFR,69,1-0,White,<=5s vs 5-10s,2291
39WNpk7n,42,0-1,Black,<=5s vs 15-20s,926
oSjCjVWL,46,0-1,Black,<=5s vs 15-20s,1611
LrCcs7NS,65,1-0,White,<=5s vs 5-10s,2783
V5jrmmRm,91,1-0,White,<=5s vs 5-10s,2099
MKmmH4Uv,100,0-1,Black,<=5s vs 5-10s,2960
yY5ALeIF,36,0-1,Black,<=5s vs 15-20s,1167
zUHQkaYL,90,0-1,Black,<=5s vs 5-10s,2616
P52JxSzA,105,1/2-1/2,White,<=5s vs 15-20s,2074
aUvVnSmA,44,0-1,Black,<=5s vs 10-15s,1585
72sVEfWX,81,1-0,White,<=5s vs 5-10s,1757
VOVCeuZj,45,1-0,White,<=5s vs 15-20s,1678
IjMm7dp5,43,1-0,White,<=5s vs 15-20s,1046
niKM4HFO,41,1-0,White,<=5s vs 10-15s,825
dcsEhv8a,59,0-1,White,<=5s vs 10-15s,1525
Nu69nBUE,65,0-1,White,<=5s vs 10-15s,1317
VgeibbLE,75,1-0,White,<=5s vs 10-15s,2379
N19s7cQI,70,0-1,Black,<=5s vs <=5s,2024
Xqq8l2fp,71,0-1,White,<=5s vs 5-10s,1995
epbIOiX6,83,1-0,White,<=5s vs <=5s,1788
Oi9Qu1cS,86,0-1,Black,<=5s vs 10-15s,2609
bXzGvgwS,87,1-0,White,<=5s vs 5-10s,2500
O8as8BqA,67,1-0,White,<=5s vs 15-20s,2130
ZTR2sx7B,53,1-0,White,<=5s vs 5-10s,1554
6oV8nGNp,41,1-0,White,<=5s vs 10-15s,781
9abHrQoE,62,0-1,Black,<=5s vs 15-20s,1943
1ebYSHbN,62,0-1,Black,<=5s vs 15-20s,2416
RNihlpBd,41,1-0,White,<=5s vs 15-20s,1252
CWtLkNG8,57,1-0,White,<=5s vs 10-15s,1736
1WQ97Rcr,43,1-0,White,<=5s vs 5-10s,1297
R3M4UOoj,81,1-0,White,<=5s vs 5-10s,1040
YhFkIptC,40,0-1,Black,<=5s vs 15-20s,788
Oa91vHrx,58,0-1,Black,<=5s vs 10-15s,1646
d8Q18e1N,78,0-1,Black,<=5s vs 5-10s,1696
ODM69nUM,61,1-0,White,<=5s vs 15-20s,1838
u0KJ9HaU,63,1-0,White,<=5s vs 5-10s,1688
UvHfGjSd,76,0-1,Black,<=5s vs 5-10s,1954
Sm9dSOEt,88,0-1,Black,<=5s vs 15-20s,1810
Q8Mmm0hK,61,1-0,White,<=5s vs 10-15s,1677
lpVrzfUs,73,1-0,White,<=5s vs 5-10s,1362
RawQRcBR,96,0-1,Black,<=5s vs 15-20s,2627
PspCZC10,82,0-1,Black,<=5s vs 10-15s,2091
BUsQGBUG,60,0-1,Black,<=5s vs 15-20s,1925
IgEkB54Q,87,1/2-1/2,White,<=5s vs 5-10s,2227
yMcTghgf,61,1-0,White,<=5s vs <=5s,1709
g9nVRdrH,75,1-0,White,<=5s vs 10-15s,1731
Z71FAw4C,79,0-1,White,<=5s vs 5-10s,1221
GsiDk63a,68,0-1,Black,<=5s vs 10-15s,1784
6kuJ4Ymn,38,0-1,Black,<=5s vs 15-20s,1192
doo3MN6o,114,1/2-1/2,Black,<=5s vs 15-20s,2032
JbHKbTQo,56,0-1,Black,<=5s vs 10-15s,1604
aYz4qbRb,42,0-1,Black,<=5s vs 15-20s,1719
hULchJwZ,88,0-1,Black,<=5s vs 5-10s,2387
ClOEokkq,85,1-0,White,<=5s vs <=5s,2073
vcbeb8fa,121,1/2-1/2,White,<=5s vs 5-10s,1418
PrEtemtA,80,0-1,Black,<=5s vs 15-20s,2369
jrOMDuAN,48,0-1,Black,<=5s vs 10-15s,1455
uu4m4Pbx,131,1-0,White,<=5s vs 15-20s,2681
UvTSEYWw,108,1-0,Black,<=5s vs 5-10s,2135
TD1b2Yqr,50,0-1,Black,<=5s vs 10-15s,948
R3ntWljN,69,1-0,White,<=5s vs 15-20s,2048
Vfigjm8B,87,1-0,White,<=5s vs 5-10s,1478
yyCCrUQU,73,1-0,White,<=5s vs 5-10s,1769
siWN8P2e,70,0-1,Black,<=5s vs 10-15s,1905
B4XEY4VR,72,1/2-1/2,Black,<=5s vs 5-10s,2410
QASqxh2y,61,1-0,White,<=5s vs 15-20s,2180
DsRVIVcO,71,1-0,White,<=5s vs 10-15s,2198
XEIXpQAW,73,1-0,White,<=5s vs 10-15s,2103
5myX0jVy,75,1-0,White,<=5s vs 15-20s,1987
Bo7ypl6h,64,0-1,Black,<=5s vs 15-20s,1938
QbQ0DJwj,91,1-0,White,<=5s vs 5-10s,2538
NRkzxhOQ,60,0-1,Black,<=5s vs 10-15s,1401
2RKi6SgC,63,1-0,White,<=5s vs 5-10s,1734
0n1oIMD0,117,1-0,White,<=5s vs 5-10s,2049
0vCdIIwu,58,0-1,Black,<=5s vs 15-20s,1803
26zPfPk5,83,1-0,White,<=5s vs 15-20s,1395
JPpktckq,42,0-1,Black,<=5s vs 15-20s,1625
66M5eN4X,83,0-1,White,<=5s vs <=5s,1180
EY1If1BW,51,1-0,White,<=5s vs 5-10s,1289
4UlZmF6q,83,0-1,White,<=5s vs 5-10s,1964
jLbcLBlh,150,1/2-1/2,Black,<=5s vs 15-20s,2132
5VkJTgEw,91,1-0,White,<=5s vs 10-15s,2232
64ZQ3mO7,70,0-1,Black,<=5s vs 15-20s,2141
qRufdtLL,145,0-1,White,<=5s vs 5-10s,2328
f3nF49Rm,113,0-1,White,<=5s vs 15-20s,2496
CieKibfW,74,0-1,Black,<=5s vs 5-10s,1520
FzUOdB51,86,0-1,Black,<=5s vs 15-20s,2654
la2QnUwE,74,0-1,Black,<=5s vs 5-10s,1713
YfmItUaT,28,1-0,Black,<=5s vs 15-20s,1072
BZMPsl1u,60,0-1,Black,<=5s vs 5-10s,2205
KTB6etax,92,0-1,Black,<=5s vs 10-15s,2853
A0S0A0oU,67,1-0,White,<=5s vs 15-20s,1304
BqlXluTz,87,0-1,White,<=5s vs 10-15s,2222
hNH65UcD,79,1-0,White,<=5s vs 15-20s,2674
AryW1WDL,54,0-1,Black,<=5s vs 15-20s,1170
m4pP6s80,52,0-1,Black,<=5s vs 10-15s,1095
DZYQwUdY,81,0-1,White,<=5s vs 15-20s,2236
PM3nzgnd,137,1/2-1/2,White,<=5s vs <=5s,1637
8xEaBWzv,89,1-0,White,<=5s vs 5-10s,2214
24fFOtbX,104,0-1,Black,<=5s vs 10-15s,1677
MENTxQYQ,53,1-0,White,<=5s vs 15-20s,1779
L0Y7lEyB,54,0-1,Black,<=5s vs 5-10s,1558
WHYAOANV,62,0-1,Black,<=5s vs 10-15s,1308
pvJnMXww,63,1-0,White,<=5s vs 15-20s,2175
c5mFaN3e,107,1-0,White,<=5s vs 15-20s,1328
2y2XY6q0,127,1-0,White,<=5s vs 10-15s,2437
eNfT21eg,81,1-0,White,<=5s vs 10-15s,1934
XAfcSShP,65,1-0,White,<=5s vs 10-15s,2258
m5eDy9Br,49,1-0,White,<=5s vs 5-10s,1600
LQECVWn0,67,1-0,White,<=5s vs 15-20s,2405
zTPYOlZh,61,1-0,White,<=5s vs 15-20s,943
NQvAsrEo,66,0-1,Black,<=5s vs 5-10s,2062
8fK66NA6,112,0-1,Black,<=5s vs 5-10s,2373
b0HvzVvt,77,1-0,White,<=5s vs 15-20s,2040
OHpbDCK0,72,0-1,Black,<=5s vs 10-15s,1560
ZnIpzBur,115,0-1,White,<=5s vs 10-15s,1986
4js2lTL0,77,1-0,White,<=5s vs 5-10s,1759
40rUAQHf,46,0-1,Black,<=5s vs 10-15s,1610
wmPgCPoj,65,1-0,White,<=5s vs <=5s,1360
hInxxqUS,55,1-0,White,<=5s vs 15-20s,1491
U7hjIVvF,87,0-1,White,<=5s vs 5-10s,2149
pGT6n4Ra,58,0-1,Black,<=5s vs 5-10s,1461
Qmu8M5KY,103,1-0,White,<=5s vs 5-10s,2119
4230AMjk,71,1-0,White,<=5s vs 5-10s,2054
v0k1jUgC,96,0-1,Black,<=5s vs 10-15s,2470
MEJruape,73,1-0,White,<=5s vs 15-20s,1979
sakkAEsy,56,0-1,Black,<=5s vs 15-20s,981
25VTyBOE,93,1-0,White,<=5s vs <=5s,2502
0TIMWUkz,75,1-0,White,<=5s vs <=5s,2187
79VKxT0n,88,1-0,Black,<=5s vs <=5s,1751
KEMlaVQZ,88,1-0,Black,<=5s vs <=5s,1974
0AuLlQER,48,1-0,Black,<=5s vs <=5s,1202
sc5RKclV,75,1-0,White,<=5s vs 5-10s,1724
J4aBEsYV,81,1-0,White,<=5s vs 5-10s,1296
3r7G6Ue1,50,1-0,Black,<=5s vs 10-15s,1235
J6u3PXgc,59,1-0,White,<=5s vs 15-20s,1279
AwhiOV4A,61,1-0,White,<=5s vs 5-10s,1274
u3fMqlaX,54,0-1,Black,<=5s vs <=5s,1113
VvT8efSQ,50,0-1,Black,<=5s vs 5-10s,1116
lONyQh7L,77,1-0,White,<=5s vs 10-15s,1707
PJOt3v1Z,84,0-1,Black,<=5s vs <=5s,1582
40lSRlqz,74,0-1,Black,<=5s vs 10-15s,2091
hslsz6aY,93,1-0,White,<=5s vs 15-20s,1875
BBiIiQLR,53,1-0,White,<=5s vs 5-10s,2044
pbXzpIao,110,1-0,Black,<=5s vs <=5s,1652
7hzjS0xa,73,1-0,White,<=5s vs <=5s,1111
EbaDtu36,56,1-0,Black,<=5s vs 5-10s,2318
V5iDPeU0,50,0-1,Black,<=5s vs 10-15s,1316
mH1KMHO8,78,1-0,Black,<=5s vs <=5s,1689
lJby127l,62,0-1,Black,<=5s vs 15-20s,2024
kz3gs8UG,60,0-1,Black,<=5s vs 5-10s,1184
HQQUCCqr,70,0-1,Black,<=5s vs 5-10s,2486
pD2R4mku,60,0-1,Black,<=5s vs 15-20s,1840
N8pzekEP,73,1-0,White,<=5s vs 5-10s,1206
aGb71J0Q,92,0-1,Black,<=5s vs 15-20s,2326
kpkPGgdz,93,0-1,White,<=5s vs <=5s,2280
MmclaWVn,96,0-1,Black,<=5s vs 5-10s,2576
TEkdAjKi,102,0-1,Black,<=5s vs 5-10s,1871
52bylUje,65,1-0,White,<=5s vs 5-10s,1955
BJSKF2VD,50,0-1,Black,<=5s vs 10-15s,1188
HktveRsz,59,1-0,White,<=5s vs 5-10s,1637
Qt02cvzX,61,1-0,White,<=5s vs 10-15s,1479
1MJNj7NF,60,1-0,Black,<=5s vs 5-10s,1725
kBu0mozo,55,1-0,White,<=5s vs 5-10s,2161
RYm1cI7B,62,0-1,Black,<=5s vs 15-20s,1959
0wmb33eE,92,0-1,Black,<=5s vs <=5s,1965
XYFz2A9u,51,1-0,White,<=5s vs 15-20s,1433
GlH3Y8d2,71,1-0,White,<=5s vs 15-20s,1955
TCE1fk4G,111,1/2-1/2,White,<=5s vs 10-15s,2308
mxQ8DOWw,90,0-1,Black,<=5s vs 15-20s,2396
q37GSsj5,75,1-0,White,<=5s vs 15-20s,1707
RY1qA0ev,58,0-1,Black,<=5s vs 10-15s,1232
VeQgB4dz,68,1-0,Black,<=5s vs <=5s,1290
CgHy8DtW,58,0-1,Black,<=5s vs <=5s,1226
rZPLVUkw,46,0-1,Black,<=5s vs 15-20s,945
vaNYbmfT,123,0-1,White,<=5s vs <=5s,2294
EAOnmosP,110,0-1,Black,<=5s vs 5-10s,2633
LQ9dkujb,136,0-1,Black,<=5s vs 15-20s,1930
SiEnzz0m,139,1/2-1/2,White,<=5s vs 5-10s,2331
QOZloJiv,80,1/2-1/2,Black,<=5s vs 10-15s,1955
FwvoV3Fz,63,1-0,White,<=5s vs 10-15s,1569
IaIvz6wc,66,0-1,Black,<=5s vs 5-10s,1311
iTF6PXDS,80,1-0,Black,<=5s vs <=5s,2042
TEW1z2iF,60,0-1,Black,<=5s vs 5-10s,1713
MCPHBaol,90,0-1,Black,<=5s vs <=5s,1822
WYqD057k,68,0-1,Black,<=5s vs 5-10s,1471
ASurXVOq,46,1-0,Black,<=5s vs <=5s,1471
o4nOEo5V,76,0-1,Black,<=5s vs <=5s,1350
LDqvoY2H,76,0-1,Black,<=5s vs 10-15s,1634
PPULFIWm,53,1-0,White,<=5s vs 5-10s,1629
GsmOOSSE,72,1-0,Black,<=5s vs <=5s,1102
m1tmlrky,47,1-0,White,<=5s vs 10-15s,1420
tw0MScCJ,73,0-1,White,<=5s vs <=5s,1199
ymLBZc4A,71,1-0,White,<=5s vs 10-15s,1301
kCb4erLd,51,1-0,White,<=5s vs 15-20s,1681
HTcIWaPO,64,0-1,Black,<=5s vs 10-15s,2085
KTq2x07z,68,0-1,Black,<=5s vs 10-15s,2558
1CKibDJY,56,1-0,Black,<=5s vs 5-10s,1277
PRlabuwE,56,0-1,Black,<=5s vs <=5s,1998
Hjzb2Kba,91,1-0,White,<=5s vs 15-20s,2391
7xlTRPNZ,88,1-0,Black,<=5s vs 5-10s,2564
LTlItSOI,87,1-0,White,<=5s vs 15-20s,2373
wUIUokj9,64,0-1,Black,<=5s vs 15-20s,1753
RVAYvghk,101,0-1,White,<=5s vs 10-15s,1530
jVx0R0Y9,55,0-1,White,<=5s vs 15-20s,1546
th9cLojm,67,1-0,White,<=5s vs 15-20s,1581
m7MfmbQk,135,1-0,White,<=5s vs 5-10s,2503
emCrkq7n,127,0-1,White,<=5s vs <=5s,2888
4WsUxA3k,78,0-1,Black,<=5s vs 10-15s,1957
V0ZFmyJr,142,1/2-1/2,Black,<=5s vs 5-10s,2690
K3XB6xwT,80,0-1,Black,<=5s vs 10-15s,2097
4cJ98JF3,83,1-0,White,<=5s vs 5-10s,1710
WPCVYQYK,90,0-1,Black,<=5s vs 5-10s,2216
OvoITgQn,75,1-0,White,<=5s vs 15-20s,2243
sk5D6bLR,49,1-0,White,<=5s vs 10-15s,915
V59dvCsl,85,1-0,White,<=5s vs <=5s,2077
f4BpANGb,36,0-1,Black,<=5s vs 15-20s,1129
0R1Hb5Yt,52,0-1,Black,<=5s vs <=5s,1099
K4wDR72i,80,1/2-1/2,Black,<=5s vs 10-15s,2472
J0TUSVQ7,53,1-0,White,<=5s vs 5-10s,1432
88AA5Oqt,75,1-0,White,<=5s vs 10-15s,1788
OueSlHvM,54,0-1,Black,<=5s vs 5-10s,987
27cC86ZL,55,1-0,White,<=5s vs 15-20s,1745
56qyG0n2,60,0-1,Black,<=5s vs 5-10s,1763
7hoXv5cA,94,0-1,Black,<=5s vs 10-15s,2053
V14hIdCe,94,1-0,Black,<=5s vs <=5s,1344
2SwfEHTu,74,1/2-1/2,Black,<=5s vs 5-10s,2509
a1iUHPj6,117,1-0,White,<=5s vs 10-15s,2513
7wOkQfJv,69,1-0,White,<=5s vs 15-20s,2426
SmZqjFmr,97,1-0,White,<=5s vs 10-15s,2539
MeNJzh5W,61,1-0,White,<=5s vs 10-15s,2312
I2pWyJc9,72,0-1,Black,<=5s vs <=5s,1523
Qp4doP0m,64,0-1,Black,<=5s vs 15-20s,1328
0yzHvQ2a,74,0-1,Black,<=5s vs 15-20s,1831
Kga06wmP,52,0-1,Black,<=5s vs 5-10s,1484
PpbJkedL,113,1-0,White,<=5s vs 5-10s,1669
GZvS39zp,98,0-1,Black,<=5s vs 5-10s,2159
dXdoltqt,60,0-1,Black,<=5s vs 15-20s,1146
vuwkVv8y,45,1-0,White,<=5s vs 15-20s,1117
zLoE0rQY,91,1-0,White,<=5s vs 5-10s,2228
vxuI5mtf,77,1-0,White,<=5s vs 10-15s,1516
GsBJ8Iih,60,0-1,Black,<=5s vs 10-15s,1492
cEv4BqXw,85,1-0,White,<=5s vs <=5s,1891
yf71SesQ,86,0-1,Black,<=5s vs 5-10s,2341
80zGCXNN,76,0-1,Black,<=5s vs 5-10s,904
6LRRBmt7,77,0-1,White,<=5s vs <=5s,1935
O6rLIxT3,109,1-0,White,<=5s vs 10-15s,1948
DfRt1KVb,76,1-0,Black,<=5s vs <=5s,1683
DMIl4nQw,84,0-1,Black,<=5s vs <=5s,2218
Uf5UJwga,47,1-0,White,<=5s vs <=5s,1011
oD6LKMZb,63,1-0,White,<=5s vs 5-10s,1592
6rHXuXC2,64,0-1,Black,<=5s vs <=5s,1778
O2rBYJTe,66,0-1,Black,<=5s vs 15-20s,1675
WS5LFOhr,52,1-0,Black,<=5s vs 5-10s,1640
YmrJkDdZ,100,0-1,Black,<=5s vs 5-10s,1578
YenA9EqB,55,1-0,White,<=5s vs 15-20s,1513
OclSNR9x,64,0-1,Black,<=5s vs 15-20s,1220
ZxsSmBwm,69,0-1,White,<=5s vs 15-20s,2089
NAPvr1oT,94,0-1,Black,<=5s vs 5-10s,1819
Ya2voXJL,72,0-1,Black,<=5s vs 15-20s,1623
DSNuQKwA,145,1-0,White,<=5s vs 15-20s,1793
D2aiRsjm,65,1-0,White,<=5s vs 10-15s,1833
R4ItApsp,50,0-1,Black,<=5s vs 5-10s,2045
BWXZQth4,67,1-0,White,<=5s vs 15-20s,1483
urlfJH95,59,1-0,White,<=5s vs 5-10s,1044
LLP4WTaj,54,0-1,Black,<=5s vs 10-15s,1889
Gl4kJEwf,59,1-0,White,<=5s vs <=5s,1569
8gAdfJzg,78,0-1,Black,<=5s vs 5-10s,2075
ax2fHrWi,87,1-0,White,<=5s vs 5-10s,1784
inLxC0gi,102,0-1,Black,<=5s vs 5-10s,1755
5cioGEc1,72,1-0,Black,<=5s vs <=5s,2083
kETwdmaU,65,0-1,White,<=5s vs 5-10s,1686
Ko8Bc0x7,79,1-0,White,<=5s vs 5-10s,2466
Vzm8JlCc,60,0-1,Black,<=5s vs <=5s,1151
Tzks1WRe,63,1-0,White,<=5s vs 15-20s,2198
mBQaAk1j,42,0-1,Black,<=5s vs 5-10s,1257
Ghof7iWW,55,1-0,White,<=5s vs 15-20s,1675
a7fubbca,69,1-0,White,<=5s vs 10-15s,1612
98dWBJSc,77,1-0,White,<=5s vs 10-15s,1872
FbZYeARJ,63,1-0,White,<=5s vs 15-20s,2191
PIlUzKEJ,52,0-1,Black,<=5s vs 15-20s,2364
z8IOGkgX,50,1-0,Black,<=5s vs 10-15s,1670
3pSnMdCf,119,1-0,White,<=5s vs <=5s,2740
hO5oy0Js,119,1-0,White,<=5s vs 10-15s,2323
Plwocea3,86,1-0,Black,<=5s vs <=5s,2330
KXKlz2zx,52,0-1,Black,<=5s vs 5-10s,1263
xdZXd1fT,112,1-0,Black,<=5s vs 10-15s,2934
SWGThEC0,85,1/2-1/2,White,<=5s vs 10-15s,2134
bipstdh9,73,1-0,White,<=5s vs <=5s,1509
y4qwtcBp,67,1-0,White,<=5s vs 5-10s,1834
ktbk4cRq,102,0-1,Black,<=5s vs 15-20s,2204
jwHIECu9,59,1-0,White,<=5s vs 15-20s,1758
B61EzQ9X,47,1-0,White,<=5s vs 10-15s,1609
ItUiYXjK,40,0-1,Black,<=5s vs 15-20s,1234
NoRd2nnc,64,0-1,Black,<=5s vs 5-10s,2445
rnh7OBWC,111,1-0,White,<=5s vs 15-20s,2258
Jh8M2g6E,56,0-1,Black,<=5s vs 15-20s,1272
aQ9u1x29,57,1-0,White,<=5s vs 15-20s,1154
7lOsPVXl,70,1-0,Black,<=5s vs 5-10s,1106
CC00ABAE,78,1-0,Black,<=5s vs 5-10s,2416
UnCvloCc,61,1-0,White,<=5s vs 5-10s,2008
WhE0k9wx,112,1/2-1/2,Black,<=5s vs 5-10s,2280
fYr9G0jC,70,0-1,Black,<=5s vs 15-20s,1552
rAYCTTOy,74,0-1,Black,<=5s vs 5-10s,2044
v9Z2bPLd,107,0-1,White,<=5s vs <=5s,933
JfBBNA6o,48,0-1,Black,<=5s vs 15-20s,1602
L7V5WQnU,47,1-0,White,<=5s vs 10-15s,1826
XISm7wGE,47,1-0,White,<=5s vs 15-20s,983
3vpkZWWu,119,1-0,White,<=5s vs 5-10s,1380
9hej5HDm,96,1-0,Black,<=5s vs 5-10s,2171
oajgINeK,64,0-1,Black,<=5s vs <=5s,1131
AnHU2pLA,81,1-0,White,<=5s vs 15-20s,2119
Kysov76D,126,1-0,Black,<=5s vs 5-10s,1142
mrSuq14F,64,1-0,Black,<=5s vs <=5s,1247
RbTFLmOz,72,0-1,Black,<=5s vs 10-15s,1601
EFOFc0Vd,57,1-0,White,<=5s vs 15-20s,2146
TQe92C4j,107,1/2-1/2,White,<=5s vs 5-10s,1728
RNP6FdGm,61,1-0,White,<=5s vs 10-15s,2464
2Kyz3lvc,69,1-0,White,<=5s vs 15-20s,2000
zD5iRmwI,49,0-1,White,<=5s vs 15-20s,999
ydcrcv55,73,0-1,White,<=5s vs 5-10s,1546
Thz91ZXG,124,1/2-1/2,Black,<=5s vs 15-20s,2810
2vuWmWYH,74,0-1,Black,<=5s vs 15-20s,788
H9q7YEnZ,72,0-1,Black,<=5s vs 5-10s,2638
XiwVabZm,61,1-0,White,<=5s vs 10-15s,2240
FoTrzjnu,63,0-1,White,<=5s vs 10-15s,1535
oOd1u1Vk,69,1-0,White,<=5s vs 15-20s,1635
3nuFEGIa,75,1-0,White,<=5s vs 10-15s,2095
5i5tL7jA,67,1-0,White,<=5s vs 5-10s,1858
Em4MVA3g,98,0-1,Black,<=5s vs 10-15s,2291
5fkSkJin,127,1/2-1/2,White,<=5s vs 5-10s,2432
iLPWm1Bf,72,0-1,Black,<=5s vs 15-20s,2630
eg6dB0pg,162,0-1,Black,<=5s vs 5-10s,2565
S0EfkyvS,64,0-1,Black,<=5s vs 10-15s,1016
5RwCRjnb,78,0-1,Black,<=5s vs 5-10s,1807
F5ABkT9i,52,0-1,Black,<=5s vs 15-20s,640
UUEQI7VQ,107,1-0,White,<=5s vs <=5s,2157
98vUZBXf,119,1-0,White,<=5s vs 15-20s,1923
vGNKJpua,61,1-0,White,<=5s vs 15-20s,1324
gVgVkveO,81,1-0,White,<=5s vs 15-20s,2334
bIX5yvaU,135,1-0,White,<=5s vs 10-15s,2354
Ol6EM4pj,59,1-0,White,<=5s vs 10-15s,1182
eXor2fRl,97,0-1,White,<=5s vs 5-10s,1853
KCWAeyDP,67,1-0,White,<=5s vs 15-20s,1576
2Dw4kuJg,94,1-0,Black,<=5s vs 5-10s,2094
CjSAROyS,63,1-0,White,<=5s vs 10-15s,1755
gDc6yvwQ,67,1-0,White,<=5s vs 10-15s,1756
snr370CB,103,0-1,White,<=5s vs 5-10s,2675
KdEAR2iy,53,1-0,White,<=5s vs 10-15s,1125
HTYmmRAT,51,0-1,White,<=5s vs <=5s,1112
DVHF1h0X,52,0-1,Black,<=5s vs 15-20s,1586
M8Axzpac,84,1-0,Black,<=5s vs <=5s,1926
0zITEpqq,56,0-1,Black,<=5s vs 10-15s,2077
2fT7Z7By,62,0-1,Black,<=5s vs 15-20s,2013
3btROvX8,33,1-0,White,<=5s vs 15-20s,888
ObHxb3OR,60,0-1,Black,<=5s vs 5-10s,1544
G7R6IxaO,111,1-0,White,<=5s vs 5-10s,2484
1Be5tzD3,44,1-0,Black,<=5s vs 10-15s,1581
ygOw8Efe,108,0-1,Black,<=5s vs 5-10s,2151
xX1J7oKc,42,0-1,Black,<=5s vs 15-20s,892
Irhjyv7G,110,1-0,Black,<=5s vs <=5s,2214
uhBzARka,70,0-1,Black,<=5s vs 10-15s,1225
1QSsql5h,45,1-0,White,<=5s vs 10-15s,991
fA5IakAY,79,1-0,White,<=5s vs 15-20s,2456
5BQ2Bjdh,70,1/2-1/2,Black,<=5s vs 10-15s,2067
hKeO2SjE,74,0-1,Black,<=5s vs 10-15s,2256
AR4fOHtH,85,1-0,White,<=5s vs 5-10s,2388
InwisIol,76,0-1,Black,<=5s vs 10-15s,1641
H3UvZ3uq,68,0-1,Black,<=5s vs 15-20s,2203
HMwGwWGy,76,0-1,Black,<=5s vs 5-10s,2135
Ch7PKgOc,69,1-0,White,<=5s vs 5-10s,1973
Y02eSYgu,79,1-0,White,<=5s vs 5-10s,1593
XaQo69Vy,71,1-0,White,<=5s vs 10-15s,2328
T0dqwLf3,49,1-0,White,<=5s vs 5-10s,1252
xHuh079O,70,1-0,Black,<=5s vs <=5s,1399
N4JNrlZJ,125,0-1,White,<=5s vs <=5s,2317
nISFqo9h,85,1-0,White,<=5s vs 10-15s,2661
H8DpEo2c,46,0-1,Black,<=5s vs 5-10s,1089
tMTG7BSa,44,0-1,Black,<=5s vs 15-20s,1500
mbEHXKbR,66,0-1,Black,<=5s vs 10-15s,2591
u0sSgwtv,94,1-0,Black,<=5s vs 5-10s,2390
tVUktPNg,46,0-1,Black,<=5s vs 10-15s,1158
1lsK6UA9,50,0-1,Black,<=5s vs 10-15s,1088
SNKUtqDX,84,0-1,Black,<=5s vs 5-10s,2105
vf9f5Id3,62,0-1,Black,<=5s vs 5-10s,1856
Z1xmj4Oe,62,0-1,Black,<=5s vs 5-10s,1260
GXVIZeG4,82,0-1,Black,<=5s vs <=5s,2035
S81aphoK,63,1-0,White,<=5s vs 15-20s,1937
0jauhxbB,72,0-1,Black,<=5s vs <=5s,1099
0ws4IsXr,98,1-0,Black,<=5s vs <=5s,2312
NE658m9G,63,1-0,White,<=5s vs 15-20s,2293
FJrYDJsd,87,1-0,White,<=5s vs 5-10s,2314
lBL7JGfX,75,1-0,White,<=5s vs 15-20s,1357
Ev4GDoH0,76,0-1,Black,<=5s vs 15-20s,2031
cUWsACTR,67,1-0,White,<=5s vs 10-15s,1894
lhcYebq0,74,0-1,Black,<=5s vs <=5s,1805
MoPhoT5K,73,0-1,White,<=5s vs 5-10s,1706
UlzDMDb4,55,1-0,White,<=5s vs 5-10s,1731
fw4YaawO,67,1-0,White,<=5s vs 5-10s,1654
AHy4Jl2f,82,0-1,Black,<=5s vs 5-10s,1150
nONsy8h6,98,0-1,Black,<=5s vs <=5s,2579
UvqnChJg,82,0-1,Black,<=5s vs <=5s,1818
wslx7uYi,59,1-0,White,<=5s vs 10-15s,1984
N5RQqgak,66,0-1,Black,<=5s vs 5-10s,2523
UkCFIiZq,94,0-1,Black,<=5s vs <=5s,2270
zXFIurN1,95,1-0,White,<=5s vs 15-20s,2527
MYurCw48,57,1-0,White,<=5s vs 15-20s,1520
j1rfGW8f,45,1-0,White,<=5s vs 10-15s,915
d9ywcw4d,84,0-1,Black,<=5s vs 10-15s,1726
qAau4NbZ,77,1-0,White,<=5s vs 15-20s,1245
IB7Ebi0o,115,1/2-1/2,White,<=5s vs 5-10s,2013
qxoYKKXA,56,0-1,Black,<=5s vs 15-20s,1340
0vwyhuc9,39,1-0,White,<=5s vs 15-20s,1115
5vUrVufx,56,0-1,Black,<=5s vs 5-10s,1742
f7R2iJEx,51,1-0,White,<=5s vs 10-15s,1632
Cv25v879,79,1-0,White,<=5s vs 10-15s,2737
EDmPRjXo,56,0-1,Black,<=5s vs 15-20s,1347
bMlgdW5E,91,0-1,White,<=5s vs 10-15s,2061
IVWulBZ3,97,1-0,White,<=5s vs 5-10s,3082
JYLmifDt,74,0-1,Black,<=5s vs 5-10s,1948
w49FW75x,42,0-1,Black,<=5s vs 10-15s,1097
gl3O7HB9,51,1-0,White,<=5s vs 15-20s,1910
WZJVxHeV,80,0-1,Black,<=5s vs 5-10s,2253
RWQLESqj,72,1-0,Black,<=5s vs 5-10s,1635
CSO4qFYK,63,1-0,White,<=5s vs 15-20s,1297
RGsRewhF,77,1-0,White,<=5s vs 5-10s,2449
9wI4wZFZ,68,1-0,Black,<=5s vs <=5s,2780
bg6Kp4O7,55,1-0,White,<=5s vs 10-15s,1010
o482gZ5l,122,1-0,Black,<=5s vs <=5s,2574
ddsM8dZS,83,1-0,White,<=5s vs 5-10s,2211
flvdWzbq,110,1/2-1/2,Black,<=5s vs 5-10s,2169
W3NUrolu,76,0-1,Black,<=5s vs 5-10s,2340
H4dvUYeV,128,0-1,Black,<=5s vs 5-10s,2471
yD08410V,35,1-0,White,<=5s vs 15-20s,1076
VCxkqzls,60,0-1,Black,<=5s vs 10-15s,1533
x0APk8Z7,45,1-0,White,<=5s vs 10-15s,1579
SN4PviHk,61,1-0,White,<=5s vs 15-20s,2107
15Xtgnsm,137,1/2-1/2,White,<=5s vs 15-20s,2634
PJSakKx8,83,1-0,White,<=5s vs 10-15s,1703
CStS37x0,62,0-1,Black,<=5s vs 15-20s,1663
iKvKTRgb,60,0-1,Black,<=5s vs 10-15s,1838
FiSeCIIx,95,0-1,White,<=5s vs <=5s,2028
UpeFGCAo,75,1-0,White,<=5s vs 10-15s,1960
LgyPMm30,79,1-0,White,<=5s vs 15-20s,2030
FdA3Ppgs,67,1-0,White,<=5s vs 5-10s,1754
ITf92g9b,64,0-1,Black,<=5s vs 10-15s,1891
LHhXQXRq,59,0-1,White,<=5s vs <=5s,821
0cNpIsK8,60,0-1,Black,<=5s vs 5-10s,2388
U1XA92Yk,73,1-0,White,<=5s vs 5-10s,1993
eJVJizpO,78,0-1,Black,<=5s vs 15-20s,1799
ujif8DLA,44,0-1,Black,<=5s vs 15-20s,1656
MQnCLskK,92,0-1,Black,<=5s vs 5-10s,2339
OUWXSsjW,59,1-0,White,<=5s vs 15-20s,1684
hHuhWKIh,72,0-1,Black,<=5s vs 10-15s,1734
HvkSc1h6,88,0-1,Black,<=5s vs 5-10s,1759
PQVFNixO,101,1-0,White,<=5s vs 10-15s,1025
IpOeOCwA,50,0-1,Black,<=5s vs 15-20s,1996
VnZs3yiw,61,1-0,White,<=5s vs 10-15s,2187
SOhCB8CU,68,0-1,Black,<=5s vs 10-15s,1522
OEVYAWoP,138,1/2-1/2,Black,<=5s vs 5-10s,2757
O0pv4VEx,94,0-1,Black,<=5s vs 5-10s,2051
sDemKuzh,39,1-0,White,<=5s vs 15-20s,1303
xUHaaiAX,53,1-0,White,<=5s vs 10-15s,1304
i4bZoq3D,46,0-1,Black,<=5s vs 5-10s,1469
mOXk5q4g,54,0-1,Black,<=5s vs 15-20s,1618
oTD70cII,57,1-0,White,<=5s vs 15-20s,1704
of3fo7V0,78,1-0,Black,<=5s vs <=5s,2465
WktjxwF2,70,0-1,Black,<=5s vs 15-20s,1909
UM0JUyBn,53,1-0,White,<=5s vs 15-20s,2196
CMPpCO5X,132,0-1,Black,<=5s vs 5-10s,2649
at9ny4yj,59,1-0,White,<=5s vs 15-20s,2015
sT9e5l9a,92,1-0,Black,<=5s vs 10-15s,2542
pXawFaBO,73,1-0,White,<=5s vs 5-10s,1299
SBaft2IU,38,0-1,Black,<=5s vs 10-15s,1846
FXLk7eMV,97,0-1,White,<=5s vs <=5s,1918
k4xjIAHB,113,1-0,White,<=5s vs <=5s,2305
BnztcfMW,41,1-0,White,<=5s vs 5-10s,831
zwh6vY4Y,47,1-0,White,<=5s vs 5-10s,1004
RZ1jmqSx,97,1-0,White,<=5s vs 5-10s,2112
ALV5axZj,80,0-1,Black,<=5s vs 10-15s,2109
EEvfzeHh,51,1-0,White,<=5s vs 15-20s,1896
Xj8RxM6K,60,0-1,Black,<=5s vs 15-20s,1517
QqgKCbYE,70,0-1,Black,<=5s vs <=5s,1946
QF66owbw,80,1-0,Black,<=5s vs 10-15s,1906
29I4kAR3,78,0-1,Black,<=5s vs 10-15s,2464
rQ31RmCc,106,0-1,Black,<=5s vs 15-20s,2519
zWdFsyNf,58,0-1,Black,<=5s vs <=5s,1345
tLqTfCY5,51,1-0,White,<=5s vs 5-10s,1018
Q3r321NQ,88,1/2-1/2,Black,<=5s vs 5-10s,1945
gkGgQlhP,60,0-1,Black,<=5s vs 10-15s,1671
2Osk7eJ6,143,0-1,White,<=5s vs <=5s,2231
Spe9PaMT,67,1-0,White,<=5s vs <=5s,1389
YPdEVyGj,60,0-1,Black,<=5s vs 15-20s,1358
jiOfxY3Z,97,1-0,White,<=5s vs 15-20s,2677
vc03c55n,79,1-0,White,<=5s vs 5-10s,2111
D6U8eicB,68,0-1,Black,<=5s vs <=5s,1684
7pb0f2VG,61,1-0,White,<=5s vs 15-20s,2010
EUu4nb0l,68,0-1,Black,<=5s vs 5-10s,1368
LsErokxS,66,0-1,Black,<=5s vs 15-20s,2207
3hq0Zf99,107,1-0,White,<=5s vs 10-15s,1718
PbEw6uAz,48,0-1,Black,<=5s vs 10-15s,1951
Nrgs4vBF,114,0-1,Black,<=5s vs 15-20s,2057
bfBwmrRi,101,1-0,White,<=5s vs 15-20s,2249
aW4FLTgk,51,1-0,White,<=5s vs 15-20s,1858
ww07s5dQ,89,1-0,White,<=5s vs 15-20s,759
ReQsWhVi,57,1-0,White,<=5s vs <=5s,1413
5yGO2j1X,77,1-0,White,<=5s vs 5-10s,2308
C62vBqZ0,64,0-1,Black,<=5s vs 15-20s,1481
QdHhSzkm,75,1-0,White,<=5s vs 5-10s,1663
P9MWMfAF,64,0-1,Black,<=5s vs 15-20s,2105
BSrctVGO,78,0-1,Black,<=5s vs 15-20s,1157
xJxDCmaf,74,1-0,Black,<=5s vs <=5s,1598
BBmEz0Dy,79,1-0,White,<=5s vs 15-20s,1504
7wAIUoDq,63,1-0,White,<=5s vs 10-15s,1175
wo85OQyj,61,1-0,White,<=5s vs 10-15s,1065
KoR1SBrp,90,0-1,Black,<=5s vs 5-10s,1406
YRRa7BCc,51,1-0,White,<=5s vs 15-20s,1581
n1HDLhlF,75,1-0,White,<=5s vs 15-20s,2502
JklF7MdS,88,0-1,Black,<=5s vs 5-10s,2049
JbcmU1iB,55,1-0,White,<=5s vs 15-20s,1337
eP5ZuYSc,76,0-1,Black,<=5s vs 15-20s,2228
SV5vkRre,59,1-0,White,<=5s vs 15-20s,1027
E2bCedWy,62,0-1,Black,<=5s vs 10-15s,2017
2ktEgsve,71,1-0,White,<=5s vs 15-20s,2288
07IvO2W5,107,1-0,White,<=5s vs 5-10s,1634
ONvoWnvA,75,1-0,White,<=5s vs 5-10s,2002
RN2aHjPU,77,1-0,White,<=5s vs 15-20s,2790
Nu3rwDrV,90,1-0,Black,<=5s vs 15-20s,2362
yOcmR1Hu,52,0-1,Black,<=5s vs 10-15s,1705
45Hk5ns7,64,0-1,Black,<=5s vs 5-10s,2346
fxcOjSdx,59,1-0,White,<=5s vs 5-10s,1250
SejeTce2,75,0-1,White,<=5s vs 5-10s,1771
RNtDal2f,66,0-1,Black,<=5s vs 10-15s,1257
GPIQu8xd,85,1-0,White,<=5s vs 5-10s,2556
puBLiwQD,42,0-1,Black,<=5s vs 15-20s,1044
HGmfDvxY,76,0-1,Black,<=5s vs 10-15s,2192
MYBJEhmO,122,1-0,Black,<=5s vs <=5s,1763
0ZwMFHzj,73,1-0,White,<=5s vs 5-10s,2256
7dTyxHkG,56,0-1,Black,<=5s vs 15-20s,1883
I2KRKWRN,79,0-1,White,<=5s vs <=5s,1752
XptLDq9t,81,0-1,White,<=5s vs 10-15s,2323
Mh2a84cb,69,1-0,White,<=5s vs 15-20s,1024
E6s32LsT,54,0-1,Black,<=5s vs 5-10s,1043
FhKY8Vvo,106,0-1,Black,<=5s vs 10-15s,2272
RwWyvDra,64,0-1,Black,<=5s vs 5-10s,1246
TxLrEFmW,53,1-0,White,<=5s vs 5-10s,1168
zUbe7f21,63,1-0,White,<=5s vs 15-20s,1106
UZIlubH4,106,0-1,Black,<=5s vs 15-20s,2330
Xq83QrpK,67,1-0,White,<=5s vs 15-20s,1459
PSRpMxNu,67,1-0,White,<=5s vs 10-15s,2032
IB0W7E6y,70,1-0,Black,<=5s vs 5-10s,1434
EEuuTBuz,70,0-1,Black,<=5s vs 5-10s,2314
BnKZrUEV,78,1-0,Black,<=5s vs <=5s,1995
Gyd0f7gb,49,1-0,White,<=5s vs 5-10s,1502
c1qWMYOb,70,1-0,Black,<=5s vs 5-10s,1817
LOoxlpHz,76,0-1,Black,<=5s vs 5-10s,3074
i5zIKU0c,53,1-0,White,<=5s vs 10-15s,1283
FYraeCgO,105,1-0,White,<=5s vs 5-10s,2389
PPGiNZd7,57,1-0,White,<=5s vs 5-10s,2229
PWjouMoP,111,1/2-1/2,White,<=5s vs 5-10s,2547
ASpyYGdk,137,1-0,White,<=5s vs 10-15s,2580
X8EpA4MA,125,1-0,White,<=5s vs 15-20s,2233
39knDK45,41,1-0,White,<=5s vs 10-15s,843
7x2dluE0,65,0-1,White,<=5s vs 10-15s,2462
PB2dObAJ,153,1/2-1/2,White,<=5s vs 5-10s,2669
HJHDOEBR,64,0-1,Black,<=5s vs 5-10s,2175
GJHei9sO,138,1-0,Black,<=5s vs 15-20s,2308
7xeTcfR6,80,0-1,Black,<=5s vs 5-10s,1993
CgRrIBPh,39,1-0,White,<=5s vs 15-20s,977
VFIFQJU7,75,0-1,White,<=5s vs <=5s,1081
QhFbQuQV,96,0-1,Black,<=5s vs 15-20s,2448
n0MkBUAZ,67,0-1,White,<=5s vs 5-10s,1944
JcF0blNw,86,0-1,Black,<=5s vs 15-20s,2678
eblH4UiT,88,0-1,Black,<=5s vs 5-10s,2799
2boqqq0l,58,0-1,Black,<=5s vs 5-10s,1404
3aqrTVL8,72,0-1,Black,<=5s vs 10-15s,2295
QcEk6cee,74,0-1,Black,<=5s vs 10-15s,2501
fsNeb14X,60,0-1,Black,<=5s vs 10-15s,1151
YXZ90ZqH,78,0-1,Black,<=5s vs 5-10s,1272
x7GZceIZ,78,0-1,Black,<=5s vs 5-10s,1963
1S7Ho9xS,89,1-0,White,<=5s vs <=5s,1868
WSoONMAL,71,1-0,White,<=5s vs 15-20s,1295
rvgZMnbx,63,1-0,White,<=5s vs 15-20s,1783
QV3LD4YY,46,0-1,Black,<=5s vs 5-10s,2277
xtXVp9EA,60,1-0,Black,<=5s vs <=5s,2578
JZvsGaXR,66,0-1,Black,<=5s vs <=5s,1418
CPpByENT,63,1-0,White,<=5s vs 10-15s,1829
7Aamy1SE,125,1/2-1/2,White,<=5s vs 5-10s,2612
wDdm6fCi,53,1-0,White,<=5s vs 5-10s,1478
BVvnOzP0,110,1-0,Black,<=5s vs 5-10s,1539
UeWbiUs1,80,1-0,Black,<=5s vs 10-15s,1924
SPMGqxld,59,1-0,White,<=5s vs 15-20s,2691
V8Fzrtw3,137,0-1,White,<=5s vs <=5s,2553
kjRniTEd,99,0-1,White,<=5s vs <=5s,1888
18lMIrVJ,45,1-0,White,<=5s vs 10-15s,1154
lU5iNup7,48,0-1,Black,<=5s vs <=5s,1071
RUL5Fqbk,46,0-1,Black,<=5s vs 10-15s,1398
Pg7NjCLO,51,0-1,White,<=5s vs 10-15s,1378
ONWiN0ne,52,0-1,Black,<=5s vs 10-15s,1188
EULyB5u6,70,0-1,Black,<=5s vs 5-10s,1362
ODyUzDOq,109,0-1,White,<=5s vs 5-10s,1668
MkB35Sp2,85,1-0,White,<=5s vs 5-10s,2289
ELba8yGi,88,0-1,Black,<=5s vs 5-10s,2333
xQSVkEcq,76,0-1,Black,<=5s vs 5-10s,1532
3iyrarNs,61,1-0,White,<=5s vs 5-10s,1193
LskxIy0e,112,0-1,Black,<=5s vs 10-15s,2476
RSF0KGjV,106,0-1,Black,<=5s vs 10-15s,1742
mZHQORxK,54,0-1,Black,<=5s vs 10-15s,1574
9D6rCt74,68,0-1,Black,<=5s vs 10-15s,1896
yaJHKArr,83,1-0,White,<=5s vs <=5s,1977
dUH1PN3K,95,1-0,White,<=5s vs 10-15s,2269
IUma214C,75,0-1,White,<=5s vs 5-10s,2387
m6xE2mVK,114,1/2-1/2,Black,<=5s vs 5-10s,2482
3OVQwIDq,71,1-0,White,<=5s vs 15-20s,1916
IhEiWowX,84,0-1,Black,<=5s vs 5-10s,2152
U6ISCe7b,49,1-0,White,<=5s vs 15-20s,1520
BX5Tk57d,69,1-0,White,<=5s vs 15-20s,1603
Qd0qCU31,77,1-0,White,<=5s vs 15-20s,1843
0boOrPvE,48,0-1,Black,<=5s vs 5-10s,2123
qTbuKLqH,56,0-1,Black,<=5s vs 5-10s,1096
rk1t33Ss,87,1-0,White,<=5s vs 5-10s,1682
JX6HcDkg,76,0-1,Black,<=5s vs 10-15s,2346
za3aZV00,51,1-0,White,<=5s vs 15-20s,1576
8GMzV41N,54,0-1,Black,<=5s vs 10-15s,1366
WXielvup,68,0-1,Black,<=5s vs 15-20s,1299
V1EbR27h,79,0-1,White,<=5s vs 5-10s,2563
YFgkv2AX,78,1-0,Black,<=5s vs <=5s,2310
7OlmbtVG,70,0-1,Black,<=5s vs 5-10s,1767
f6BC0Dw8,50,0-1,Black,<=5s vs 15-20s,2239
GZ0teC2c,86,0-1,Black,<=5s vs 15-20s,2147
GLGs98OK,86,0-1,Black,<=5s vs 5-10s,2689
y23o0R17,64,0-1,Black,<=5s vs 10-15s,1709
xparGaab,100,1/2-1/2,Black,<=5s vs 5-10s,2119
9Yc73VcE,66,0-1,Black,<=5s vs 10-15s,1927
xcfdUWox,64,0-1,Black,<=5s vs 15-20s,2154
2C15YlMS,145,1/2-1/2,White,<=5s vs 10-15s,1607
ECyKeEf0,80,0-1,Black,<=5s vs 15-20s,1518
K9NNzkkC,109,1-0,White,<=5s vs 10-15s,2280
SL7cge48,71,1-0,White,<=5s vs 15-20s,2374
OkzrX4dv,71,1-0,White,<=5s vs 5-10s,1840
WQlng1uc,73,1-0,White,<=5s vs 10-15s,1884
WznpQVk0,107,1-0,White,<=5s vs 15-20s,2389
2fQD99Wc,71,1-0,White,<=5s vs 5-10s,1865
Kn1jfLwg,63,1-0,White,<=5s vs 10-15s,1336
6EI5BEyz,61,1-0,White,<=5s vs 5-10s,1694
pujucsMs,85,1-0,White,<=5s vs 15-20s,2684
N07Evhkg,81,1-0,White,<=5s vs 10-15s,2475
atNbc4AF,117,0-1,White,<=5s vs 5-10s,2619
BruoBZ9N,52,0-1,Black,<=5s vs 15-20s,1296
yOdJ9C4e,59,1-0,White,<=5s vs 15-20s,1306
6n2TokIn,151,1/2-1/2,White,<=5s vs 15-20s,1897
FBRT5ALw,83,1-0,White,<=5s vs 10-15s,1885
BgrmxOSA,62,0-1,Black,<=5s vs 10-15s,1840
6DAWry49,60,0-1,Black,<=5s vs 5-10s,1797
YA4be22Z,49,1-0,White,<=5s vs 10-15s,1375
Hq4r8mYu,81,1-0,White,<=5s vs 10-15s,2560
byM9sJVw,52,0-1,Black,<=5s vs 10-15s,1302
q84DyE5V,45,1-0,White,<=5s vs 10-15s,1951
BOM05iqd,113,0-1,White,<=5s vs 5-10s,2023
s0zaFdLx,51,1-0,White,<=5s vs <=5s,883
JKlkn6uc,62,1-0,Black,<=5s vs <=5s,1339
inYVcDQC,97,1-0,White,<=5s vs 15-20s,1126
gMI2uTMA,62,0-1,Black,<=5s vs 15-20s,1343
A6GTP3Rs,84,1-0,Black,<=5s vs 10-15s,2202
THyCZxqR,75,1-0,White,<=5s vs 15-20s,2131
Hx818xWd,167,1-0,White,<=5s vs 5-10s,2071
hSS4RcHy,47,1-0,White,<=5s vs 5-10s,1054
2wwn6fKk,70,0-1,Black,<=5s vs 10-15s,2353
7iQvJaPY,85,1-0,White,<=5s vs <=5s,2194
x5tzlLuq,81,0-1,White,<=5s vs 5-10s,1670
lSl5Nl8f,111,1-0,White,<=5s vs 15-20s,1988
JlnlkIhw,75,0-1,White,<=5s vs <=5s,2150
7Y3rnFx2,93,1-0,White,<=5s vs 5-10s,2356
9vhC9cSl,80,0-1,Black,<=5s vs 15-20s,1887
Hid1sXZb,62,0-1,Black,<=5s vs 15-20s,2108
bWu0LsxE,52,0-1,Black,<=5s vs 15-20s,1555
LXXmQysP,99,1-0,White,<=5s vs <=5s,2436
Kh1xvwU0,32,0-1,Black,<=5s vs 5-10s,1318
7DDgv0Zu,103,1-0,White,<=5s vs 15-20s,2157
1CDSm2za,47,1-0,White,<=5s vs 5-10s,1179
ktNNDVDT,163,1-0,White,<=5s vs 5-10s,2886
NFaoL73n,46,0-1,Black,<=5s vs 15-20s,1559
70kFRTtl,100,0-1,Black,<=5s vs 15-20s,1137
8JTiXMu7,76,0-1,Black,<=5s vs 10-15s,1997
UAMbQ1fB,67,1-0,White,<=5s vs <=5s,1243
BDMboUAX,72,0-1,Black,<=5s vs 15-20s,2048
LP3426n5,78,0-1,Black,<=5s vs 5-10s,1916
URtDzIi0,74,0-1,Black,<=5s vs <=5s,2138
roys61bv,88,0-1,Black,<=5s vs 5-10s,1446
4HshCRlT,74,0-1,Black,<=5s vs 15-20s,1799
wTdlwx8c,70,0-1,Black,<=5s vs 10-15s,2048
3VZOv9E3,80,1-0,Black,<=5s vs 5-10s,2516
mKs9PP1z,92,0-1,Black,<=5s vs 15-20s,2106
B6ydT5eD,87,1-0,White,<=5s vs 5-10s,1557
NFhMtSIo,53,1-0,White,<=5s vs 5-10s,1746
LaAMRnuM,83,0-1,White,<=5s vs 5-10s,1373
UUgv6Yhz,78,0-1,Black,<=5s vs <=5s,1675
KVrV6fP5,68,0-1,Black,<=5s vs 15-20s,1738
4P4TmkbA,56,0-1,Black,<=5s vs 15-20s,1957
hlf6cv4e,147,1-0,White,<=5s vs 10-15s,2541
Frsbkljq,68,0-1,Black,<=5s vs 15-20s,1920
45m59MW9,61,0-1,White,<=5s vs <=5s,874
DSb1VypS,53,1-0,White,<=5s vs 15-20s,1292
XQb6Qel6,68,0-1,Black,<=5s vs 5-10s,1560
F7pgZeh8,71,1-0,White,<=5s vs 5-10s,1376
oDfjpZBX,113,0-1,White,<=5s vs <=5s,2561
ETyM1vB4,82,0-1,Black,<=5s vs 15-20s,2599
dBBb6hBJ,50,1-0,Black,<=5s vs 10-15s,1933
KEcizCC3,98,0-1,Black,<=5s vs 5-10s,2577
5E9iLcjr,126,0-1,Black,<=5s vs <=5s,2550
yfck3m2H,40,0-1,Black,<=5s vs 15-20s,1507
GxE22eKh,69,1-0,White,<=5s vs 5-10s,2111
7DJHCto2,52,0-1,Black,<=5s vs 15-20s,1515
K7Rb4llT,50,0-1,Black,<=5s vs 15-20s,1170
eDoThSpB,57,1-0,White,<=5s vs 10-15s,1500
PSY8Nw2W,112,1/2-1/2,Black,<=5s vs 5-10s,1927
TFVBFz0E,64,0-1,Black,<=5s vs 10-15s,1591
CHcbZmMW,84,0-1,Black,<=5s vs <=5s,1823
MinuXmDP,54,0-1,Black,<=5s vs 15-20s,1663
MRnBXc6O,49,1-0,White,<=5s vs 15-20s,1417
emUslAwT,141,1/2-1/2,White,<=5s vs 5-10s,2357
bPMaBQDx,65,1-0,White,<=5s vs 15-20s,2097
S47BkN8r,69,1-0,White,<=5s vs 5-10s,2369
DeSW6xZ3,75,1-0,White,<=5s vs <=5s,1195
qq4J8Jtu,59,1-0,White,<=5s vs 5-10s,1402
9E5wegOn,64,1-0,Black,<=5s vs 5-10s,1868
fefmq2vj,131,1/2-1/2,White,<=5s vs 5-10s,2649
zjzJXSvv,70,1-0,Black,<=5s vs 5-10s,1889
GHJmi6kT,115,1-0,White,<=5s vs 5-10s,2080
ZUhlv1ph,52,0-1,Black,<=5s vs 10-15s,780
VGaYTFGb,53,1-0,White,<=5s vs 10-15s,1651
Pl5o701q,53,1-0,White,<=5s vs 5-10s,1384
WXW7nJ9J,96,0-1,Black,<=5s vs 5-10s,1958
AQpLvJj2,49,1-0,White,<=5s vs 15-20s,1112
WhWqEdXj,93,1-0,White,<=5s vs 10-15s,1607
78Yz0ZUg,69,1-0,White,<=5s vs 10-15s,2122
lqtS2x2j,49,0-1,White,<=5s vs 10-15s,891
pwYExVVN,70,0-1,Black,<=5s vs 10-15s,2770
hf4inCsO,50,0-1,Black,<=5s vs 10-15s,1564
tIdHUfFb,83,1-0,White,<=5s vs 5-10s,1604
6NrnBMVj,79,1-0,White,<=5s vs 15-20s,2369
0uif7yxe,72,0-1,Black,<=5s vs 10-15s,1351
rj7fJDnK,59,1-0,White,<=5s vs <=5s,1416
73i58n5z,78,0-1,Black,<=5s vs 5-10s,1470
ay0l3Wiw,77,1-0,White,<=5s vs 5-10s,1449
Dl8ePMLk,97,1-0,White,<=5s vs <=5s,2460
Yq6iKry1,75,1-0,White,<=5s vs 15-20s,2578
fDgDqDHC,58,0-1,Black,<=5s vs 5-10s,2032
QHT47NkP,114,1-0,Black,<=5s vs 5-10s,2302
imT0td5d,63,1-0,White,<=5s vs 5-10s,1142
IGs3ibHS,56,0-1,Black,<=5s vs <=5s,1807
ZtAo0Xmx,34,0-1,Black,<=5s vs 15-20s,1318
1VAxbm4G,71,1-0,White,<=5s vs 15-20s,2470
CdEjpkVe,87,1/2-1/2,White,<=5s vs 5-10s,2809
YyUoyEgA,144,0-1,Black,<=5s vs <=5s,2743
uXa8lGhH,87,0-1,White,<=5s vs 5-10s,2082
LQtWlXNe,86,0-1,Black,<=5s vs 15-20s,2600
6QEtZOT6,85,1-0,White,<=5s vs 10-15s,2258
CYiXh5zI,94,0-1,Black,<=5s vs <=5s,2304
NlUMVgQW,91,0-1,White,<=5s vs 10-15s,2321
h2acxbTu,119,1-0,White,<=5s vs 15-20s,1994
BJXqLU3h,75,1-0,White,<=5s vs 5-10s,1842
LNfIbd1C,48,0-1,Black,<=5s vs 15-20s,1445
S1O0LehQ,42,0-1,Black,<=5s vs <=5s,644
fF1rHqcl,74,0-1,Black,<=5s vs 15-20s,1487
UwdHKfZh,58,1-0,Black,<=5s vs <=5s,1552
PCmluhCS,66,0-1,Black,<=5s vs 5-10s,1326
KbmoNZBc,88,0-1,Black,<=5s vs 10-15s,2214
ALEteSs4,65,1-0,White,<=5s vs 15-20s,1000
pOXfITfL,47,1-0,White,<=5s vs 15-20s,1808
Wr9JE5xW,66,0-1,Black,<=5s vs 15-20s,2224
DZUNtcYq,73,1-0,White,<=5s vs 5-10s,1987
OtSHAeUK,53,1-0,White,<=5s vs 15-20s,1276
ELdB5VKy,71,1-0,White,<=5s vs 10-15s,1718
4PjCZOgm,62,0-1,Black,<=5s vs 5-10s,2391
Uei4MNLx,62,0-1,Black,<=5s vs 5-10s,1444
vwOJG4aN,71,1-0,White,<=5s vs 15-20s,1528
21H3smM5,39,1-0,White,<=5s vs 5-10s,753
GFJbXIDW,40,0-1,Black,<=5s vs 10-15s,1378
tOisfQxk,59,0-1,White,<=5s vs 10-15s,1920
GVftSGq3,54,0-1,Black,<=5s vs 10-15s,1251
gQQ6B61C,111,1-0,White,<=5s vs 5-10s,1979
Jc5pMBfg,66,0-1,Black,<=5s vs 5-10s,1637
KGTBl1Be,91,1-0,White,<=5s vs 15-20s,2138
zWWYRFkv,58,0-1,Black,<=5s vs 10-15s,2483
J478KK9O,89,0-1,White,<=5s vs <=5s,1708
Hdz6GL20,91,0-1,White,<=5s vs <=5s,1675
udDZtyF3,67,1-0,White,<=5s vs 10-15s,1407
LL8zQjsV,64,0-1,Black,<=5s vs 5-10s,1755
l3PITn6A,55,1-0,White,<=5s vs 15-20s,1765
WGQXuKgz,105,1/2-1/2,White,<=5s vs 5-10s,2472
3FhKor5b,31,1-0,White,<=5s vs 10-15s,1466
J6eXARUE,47,1-0,White,<=5s vs 15-20s,2254
6fXIn1eJ,70,0-1,Black,<=5s vs <=5s,1053
Fsb6BIgK,50,0-1,Black,<=5s vs 15-20s,1192
7v3Nt40U,48,1-0,Black,<=5s vs 10-15s,1213
tfemDDKU,64,1-0,Black,<=5s vs <=5s,2380
Xs9437La,136,0-1,Black,<=5s vs <=5s,1735
mj1TilDD,56,0-1,Black,<=5s vs <=5s,1282
dC0VJM2v,61,1-0,White,<=5s vs 5-10s,1545
twmNcMzl,39,1-0,White,<=5s vs 5-10s,1055
xi07kFQP,67,1-0,White,<=5s vs 15-20s,1352
IGkL0p8V,80,0-1,Black,<=5s vs 15-20s,1991
Hn7VMKe2,76,0-1,Black,<=5s vs 5-10s,2304
QwZ9q3WI,103,0-1,White,<=5s vs 10-15s,2311
XKGbVB2j,103,1/2-1/2,White,<=5s vs 5-10s,2000
AXigbBYT,73,1-0,White,<=5s vs 10-15s,1759
8LBxUmot,93,1/2-1/2,White,<=5s vs 5-10s,2392
ES1l2B4j,130,1-0,Black,<=5s vs 5-10s,2065
hooX6vk2,67,1-0,White,<=5s vs 15-20s,1484
DJ8uEQlP,119,1-0,White,<=5s vs 5-10s,2113
BPyUkpZE,65,1-0,White,<=5s vs 10-15s,2052
4D7WQt6z,61,1-0,White,<=5s vs 10-15s,1419
51NzNiwA,63,1-0,White,<=5s vs 15-20s,1737
6t3CJjle,61,1-0,White,<=5s vs 15-20s,1632
ACkVScYz,74,0-1,Black,<=5s vs 5-10s,1234
2Nlgf5yQ,92,1-0,Black,<=5s vs <=5s,1260
u19BIrlW,52,0-1,Black,<=5s vs 15-20s,1236
0kuni8aL,73,1-0,White,<=5s vs 10-15s,1520
8FucWCiH,67,1-0,White,<=5s vs 10-15s,2024
OljvYZBt,93,1/2-1/2,White,<=5s vs 15-20s,1800
WgtjG0Zv,60,0-1,Black,<=5s vs 15-20s,2030
W75bq8Oj,67,1-0,White,<=5s vs 10-15s,1613
pmZqgBfE,42,0-1,Black,<=5s vs 10-15s,1042
6jDHgZGI,52,0-1,Black,<=5s vs 10-15s,1757
doEUuZ3p,63,1-0,White,<=5s vs 5-10s,1463
GSJgSjMN,60,0-1,Black,<=5s vs 10-15s,1913
04zetdns,84,0-1,Black,<=5s vs 15-20s,1736
y1uLpYFz,88,0-1,Black,<=5s vs 5-10s,3029
0U8xsF0D,65,1-0,White,<=5s vs 10-15s,963
SLXGHtCY,85,1-0,White,<=5s vs 15-20s,2645
a9yKUrNo,58,0-1,Black,<=5s vs 10-15s,1722
hgmViunJ,77,1-0,White,<=5s vs 15-20s,1575
m37x33YE,44,0-1,Black,<=5s vs 10-15s,1758
Fs5D2nxD,63,1-0,White,<=5s vs 15-20s,1852
Qfz6WQgX,123,1-0,White,<=5s vs 5-10s,2469
PinpmyXL,46,0-1,Black,<=5s vs 15-20s,1480
VVYu6jhN,48,0-1,Black,<=5s vs 15-20s,1839
3bKxjAg8,86,0-1,Black,<=5s vs 5-10s,2023
BXH8TI0W,52,0-1,Black,<=5s vs 10-15s,1153
PdhmUxtE,94,1-0,Black,<=5s vs 5-10s,2039
BTVrOMcB,78,0-1,Black,<=5s vs 10-15s,1651
ysu05Djl,86,0-1,Black,<=5s vs 15-20s,1477
SusIA5I0,66,0-1,Black,<=5s vs 15-20s,2273
YNi6tiYU,62,0-1,Black,<=5s vs <=5s,1591
y6ac39Ah,118,1-0,Black,<=5s vs <=5s,1954
6NWkTUfQ,87,1-0,White,<=5s vs 10-15s,2388
OuPiQGLm,76,0-1,Black,<=5s vs 10-15s,1384
Gf5dGPlv,107,1-0,White,<=5s vs 15-20s,2384
heBOVKnv,108,1/2-1/2,Black,<=5s vs 5-10s,2628
S5v3Eoa8,105,1/2-1/2,White,<=5s vs 5-10s,2002
4CYx62GD,94,0-1,Black,<=5s vs 5-10s,1933
ICzE4h1f,57,1-0,White,<=5s vs 15-20s,1351
BuvGczQV,66,0-1,Black,<=5s vs 10-15s,2144
QObpxbhz,103,0-1,White,<=5s vs <=5s,2223
DQn2iysF,88,0-1,Black,<=5s vs <=5s,2542
5GGjfyrK,46,0-1,Black,<=5s vs 5-10s,790
Zjf3rTmU,78,0-1,Black,<=5s vs 10-15s,2468
2FIEphlz,97,0-1,White,<=5s vs <=5s,2377
N8PF4efP,86,0-1,Black,<=5s vs 10-15s,2258
SM7jw7IS,115,1-0,White,<=5s vs 5-10s,1606
ySqL160f,75,1-0,White,<=5s vs 5-10s,2277
edrjmVwQ,55,1-0,White,<=5s vs 15-20s,1848
I1WNO9Fh,77,1-0,White,<=5s vs 15-20s,1808
oHzqWy6q,37,1-0,White,<=5s vs 15-20s,712
NHxs4cUh,81,1-0,White,<=5s vs 5-10s,2028
r3dpdBKK,117,1/2-1/2,White,<=5s vs <=5s,2401
vOXiOph9,91,1-0,White,<=5s vs 15-20s,2848
TWti4xMr,64,0-1,Black,<=5s vs 15-20s,2176
SfpMXixg,82,1-0,Black,<=5s vs <=5s,1960
1uin1iRm,66,0-1,Black,<=5s vs 15-20s,1736
pqlXT2Jy,71,1-0,White,<=5s vs 10-15s,2518
jBdnmSDD,73,1-0,White,<=5s vs 5-10s,1745
9AiEIShq,71,1-0,White,<=5s vs 5-10s,1216
zGDwFTpx,66,0-1,Black,<=5s vs 5-10s,1550
QBRQFnqy,72,0-1,Black,<=5s vs 10-15s,1917
ol5OU8Ch,67,1-0,White,<=5s vs 15-20s,1781
CTnM6aXe,167,0-1,White,<=5s vs <=5s,3052
CxuXlnB7,72,0-1,Black,<=5s vs 5-10s,1465
I6bWeWWe,80,0-1,Black,<=5s vs 5-10s,1810
emfi9SzK,102,0-1,Black,<=5s vs 10-15s,2680
njbm2h5K,74,1-0,Black,<=5s vs <=5s,947
07HWT0Jz,82,1-0,Black,<=5s vs 5-10s,1663
uT5lRtUV,54,0-1,Black,<=5s vs 5-10s,1504
o4Fr0jxo,49,1-0,White,<=5s vs 15-20s,1003
Vjj18PYg,77,1-0,White,<=5s vs 10-15s,2144
sayoIolZ,64,0-1,Black,<=5s vs 5-10s,1530
1syyaYr0,114,1/2-1/2,Black,<=5s vs <=5s,2575
J2tyu2ji,59,1-0,White,<=5s vs 10-15s,2164
6UuMiTf5,54,0-1,Black,<=5s vs 15-20s,1173
yNMqGz0q,48,0-1,Black,<=5s vs 15-20s,1472
KdASUWce,52,0-1,Black,<=5s vs 15-20s,1656
b3y986iY,78,1-0,Black,<=5s vs 15-20s,2375
1FtXlxu1,51,1-0,White,<=5s vs 15-20s,1981
xoxk7WN4,87,0-1,White,<=5s vs 10-15s,2353
SzeclTLy,94,0-1,Black,<=5s vs 10-15s,2329
bOMevfRh,62,0-1,Black,<=5s vs 15-20s,1164
2MzcRIuY,63,1-0,White,<=5s vs 10-15s,1826
7DZaO9Kf,65,1-0,White,<=5s vs 15-20s,1755
2vuJlUdO,46,0-1,Black,<=5s vs 10-15s,1216
FGDabqpa,66,0-1,Black,<=5s vs 15-20s,1778
Vxmp3epD,68,0-1,Black,<=5s vs 5-10s,1468
6tl1p3N5,48,0-1,Black,<=5s vs 15-20s,895
IJxB52og,70,0-1,Black,<=5s vs <=5s,2099
Helwb79h,42,0-1,Black,<=5s vs 10-15s,1142
QOvDYXSP,85,1-0,White,<=5s vs 5-10s,2207
2hpwFKwK,77,0-1,White,<=5s vs 5-10s,1767
Nxx48eFN,80,0-1,Black,<=5s vs 10-15s,2346
7f3XDeoP,100,1-0,Black,<=5s vs 5-10s,2172
x94eDaNx,70,0-1,Black,<=5s vs <=5s,2661
cGYKOufH,69,1-0,White,<=5s vs 5-10s,1344
LPnIAxav,57,1-0,White,<=5s vs 15-20s,1526
dbUGbtf9,67,1-0,White,<=5s vs 5-10s,1370
0sA5KV1I,80,0-1,Black,<=5s vs 15-20s,2081
00Qi8CFQ,88,1/2-1/2,Black,<=5s vs 5-10s,2451
4fxXulq4,62,0-1,Black,<=5s vs 10-15s,2512
2IIYFsVx,91,1-0,White,<=5s vs 5-10s,1319
OcNs0Mkw,82,1-0,Black,<=5s vs <=5s,2093
6JoolkUt,56,0-1,Black,<=5s vs 5-10s,1058
TS8gw2Ts,79,1-0,White,<=5s vs 5-10s,2947
4I0Nc2DW,79,1-0,White,<=5s vs 10-15s,1787
Z9PGDI0X,103,1-0,White,<=5s vs <=5s,2139
wgaiIT88,83,1-0,White,<=5s vs 5-10s,2311
Anidw1xi,65,1-0,White,<=5s vs 5-10s,1795
Ow06jTvv,110,0-1,Black,<=5s vs 15-20s,1964
TmsffkKJ,90,0-1,Black,<=5s vs 10-15s,2217
Z1QF3ma8,72,0-1,Black,<=5s vs 10-15s,2791
Qnf3EFwz,87,1-0,White,<=5s vs 10-15s,2639
FwFVhyeE,68,0-1,Black,<=5s vs 5-10s,1877
oFCtRVcw,91,1-0,White,<=5s vs 5-10s,2048
V4xkakCu,66,0-1,Black,<=5s vs 10-15s,1355
Kfh2hGrJ,58,1-0,Black,<=5s vs 5-10s,1107
GH1u1hxH,68,1-0,Black,<=5s vs 5-10s,1453
feIJ5jp0,103,0-1,White,<=5s vs <=5s,2336
gyuwT52i,66,0-1,Black,<=5s vs 5-10s,1137
TQPOmLWW,67,1-0,White,<=5s vs 5-10s,2070
IW4LkAFl,111,1-0,White,<=5s vs 15-20s,2422
KueixWAb,101,1-0,White,<=5s vs <=5s,2415
qYYG3mQi,47,1-0,White,<=5s vs 15-20s,1441
GfKduhqe,107,1-0,White,<=5s vs 10-15s,2398
ToRcQFzE,47,1-0,White,<=5s vs 10-15s,1590
33e88a2l,64,0-1,Black,<=5s vs 5-10s,1343
Rwn5vSCw,88,1-0,Black,<=5s vs 5-10s,1836
9bNZKKT0,81,1-0,White,<=5s vs <=5s,2084
TxCuJsw4,69,0-1,White,<=5s vs 5-10s,1912
We51J49G,57,1-0,White,<=5s vs 10-15s,1929
07cWXDBC,50,1-0,Black,<=5s vs 15-20s,1791
dTC2uP79,77,0-1,White,<=5s vs 15-20s,1582
0bPKAMHZ,132,1-0,Black,<=5s vs 5-10s,2247
hQVkpSs2,43,1-0,White,<=5s vs 15-20s,929
1YB0ce9t,73,1-0,White,<=5s vs 10-15s,1861
w6jArtxL,96,0-1,Black,<=5s vs 10-15s,1888
AetHLyb8,85,0-1,White,<=5s vs <=5s,2388
5qPUgDfh,101,1-0,White,<=5s vs 5-10s,1847
5TB6dMD4,93,1-0,White,<=5s vs 10-15s,2561
JAqvNypa,69,1-0,White,<=5s vs 5-10s,2253
6W4T0Pxb,66,0-1,Black,<=5s vs 5-10s,1437
NA6BXiJ3,99,1-0,White,<=5s vs 10-15s,2215
PgLmh4Vm,72,0-1,Black,<=5s vs 5-10s,2360
KeLT1cQp,69,1-0,White,<=5s vs 15-20s,2157
iXfGkM48,69,1-0,White,<=5s vs 5-10s,1177
shHyKhNw,99,1-0,White,<=5s vs 15-20s,2105
J21jEWJ6,49,1-0,White,<=5s vs 5-10s,1742
MHz9XQ5O,88,0-1,Black,<=5s vs <=5s,997
fT6dccyJ,50,0-1,Black,<=5s vs 5-10s,1096
JHYPQqs4,98,0-1,Black,<=5s vs 10-15s,1719
IhpvLVsg,76,0-1,Black,<=5s vs 5-10s,1374
12URsicd,57,0-1,White,<=5s vs <=5s,1836
ESHIepsi,113,1-0,White,<=5s vs 10-15s,2125
zpJHAMpK,53,1-0,White,<=5s vs 15-20s,1157
DEekp75U,51,1-0,White,<=5s vs 10-15s,1832
cRiZ5yn1,55,1-0,White,<=5s vs 5-10s,1375
tQKn4g2O,68,1-0,Black,<=5s vs <=5s,1295
1X1I4N81,51,1-0,White,<=5s vs 15-20s,1299
EpdqriIe,68,0-1,Black,<=5s vs <=5s,2623
7x9skxZp,104,0-1,Black,<=5s vs 10-15s,2058
pmk4YbeM,91,1-0,White,<=5s vs 5-10s,2741
3Vn5Hbmg,93,1-0,White,<=5s vs 15-20s,2441
KGAh7OsL,71,1-0,White,<=5s vs 5-10s,2703
YF4Zt9FO,96,1-0,Black,<=5s vs 5-10s,2176
U2wiGU1j,104,0-1,Black,<=5s vs 5-10s,2185
ZU4iCDqE,83,1-0,White,<=5s vs 5-10s,2232
3XxMZF10,102,0-1,Black,<=5s vs 15-20s,2525
A62CdQBe,71,0-1,White,<=5s vs 5-10s,1867
SJw8xvkx,106,0-1,Black,<=5s vs 15-20s,2257
Tzz1Ak1A,70,0-1,Black,<=5s vs <=5s,1459
yirToMri,135,1/2-1/2,White,<=5s vs 10-15s,2365
7jjvjhoA,70,1-0,Black,<=5s vs 5-10s,1905
E3Ix4UAJ,119,0-1,White,<=5s vs 10-15s,1949
4CDfbBXV,76,0-1,Black,<=5s vs 15-20s,1821
1ZjutsQq,70,0-1,Black,<=5s vs 10-15s,2238
grzXeS3B,66,0-1,Black,<=5s vs <=5s,1529
PHOlDb9N,59,1-0,White,<=5s vs 10-15s,2154
LX4I7MKG,79,1-0,White,<=5s vs 5-10s,1213
ZlYmzX2J,72,1-0,Black,<=5s vs 5-10s,1481
npQWcQA8,57,1-0,White,<=5s vs 15-20s,1357
YwCmjEdK,67,1-0,White,<=5s vs 10-15s,1723
9wUmKy29,52,0-1,Black,<=5s vs 5-10s,1348
EhQ9Z1ku,82,0-1,Black,<=5s vs 10-15s,1854
Ct70SBgI,62,0-1,Black,<=5s vs 15-20s,2390
7Ho0QOI0,61,0-1,White,<=5s vs 5-10s,1545
EzCCmvDO,64,0-1,Black,<=5s vs 5-10s,1660
6uyTRLhF,68,0-1,Black,<=5s vs 5-10s,1408
rPiqAuPc,77,0-1,White,<=5s vs 10-15s,2044
3uhO1SZ1,84,0-1,Black,<=5s vs 15-20s,1717
mEQiyAf9,106,0-1,Black,<=5s vs 15-20s,2214
0E2a7i1O,120,0-1,Black,<=5s vs 15-20s,2295
PyLtRA5X,91,1-0,White,<=5s vs 10-15s,1409
1s0kSxzZ,73,0-1,White,<=5s vs 5-10s,2483
XWXBYYUZ,105,1-0,White,<=5s vs 15-20s,2358
28EfB9BG,54,0-1,Black,<=5s vs 15-20s,2268
6HYbwfUe,75,1-0,White,<=5s vs 10-15s,1646
cu8zmwXU,71,0-1,White,<=5s vs 5-10s,2232
GO5M8CxF,79,1-0,White,<=5s vs 10-15s,2030
TrH8lHha,79,1-0,White,<=5s vs 10-15s,1745
4swm36iI,82,0-1,Black,<=5s vs <=5s,2367
JJ4p63nV,74,0-1,Black,<=5s vs 10-15s,1803
AxKiFiPs,79,1-0,White,<=5s vs 15-20s,2424
wnJ7KGAo,67,1-0,White,<=5s vs 10-15s,1632
PEuvb6Ol,77,1-0,White,<=5s vs 10-15s,1520
mBJMH6oh,35,1-0,White,<=5s vs 15-20s,1012
gqHO7qPN,38,0-1,Black,<=5s vs 10-15s,776
T5qwZ5sm,103,1-0,White,<=5s vs 10-15s,1857
UoilDYH2,59,1-0,White,<=5s vs 10-15s,1234
iFNi40sk,55,1-0,White,<=5s vs 15-20s,1251
anMXeCQs,81,1-0,White,<=5s vs 5-10s,1849
kbaCLmbY,59,1-0,White,<=5s vs 5-10s,1818
1WOmWDxx,66,0-1,Black,<=5s vs 10-15s,2097
Cw0fBAKH,58,1-0,Black,<=5s vs 5-10s,1317
PKw10yCQ,74,0-1,Black,<=5s vs 5-10s,2661
0AeHGfTg,66,0-1,Black,<=5s vs <=5s,2232
5CYJuAru,111,1/2-1/2,White,<=5s vs 10-15s,1891
gSKpd2dJ,63,1-0,White,<=5s vs 15-20s,1926
8z6lUpeo,79,1-0,White,<=5s vs 5-10s,1913
NU0miFMb,136,1/2-1/2,Black,<=5s vs 5-10s,1696
NbbX2URj,77,0-1,White,<=5s vs 5-10s,1239
8uNsJfE5,47,1-0,White,<=5s vs 15-20s,1177
lKhfOo7z,90,0-1,Black,<=5s vs 5-10s,2241
qmlN4wvx,94,0-1,Black,<=5s vs 5-10s,1975
7bfyL2nT,126,0-1,Black,<=5s vs 5-10s,2046
XggdQ2KX,101,1/2-1/2,White,<=5s vs 5-10s,1934
DnJ1M2ZD,55,1-0,White,<=5s vs 15-20s,1344
GSXjLCNs,70,0-1,Black,<=5s vs 15-20s,1492
N0SHVIZ7,126,0-1,Black,<=5s vs <=5s,2460
aJpf9BSy,63,0-1,White,<=5s vs 5-10s,2169
2sfF0ngt,65,1-0,White,<=5s vs 15-20s,2170
T8Re49xS,106,1-0,Black,<=5s vs <=5s,2351
hCiUlePB,62,0-1,Black,<=5s vs <=5s,1240
6qVX6Iz8,75,0-1,White,<=5s vs 5-10s,1133
CLCdpEZC,92,0-1,Black,<=5s vs 5-10s,2469
5Rc2dOYE,138,0-1,Black,<=5s vs <=5s,2427
5l01wp2a,125,1-0,White,<=5s vs <=5s,2496
Tq88WWyv,66,0-1,Black,<=5s vs <=5s,2000
aPlCkfym,56,1-0,Black,<=5s vs 15-20s,1844
gwjhKVRH,71,1-0,White,<=5s vs <=5s,2230
AdMCwTIs,96,0-1,Black,<=5s vs 5-10s,2508
uQtvQf9X,47,1-0,White,<=5s vs 5-10s,1018
ZVKRvXou,102,0-1,Black,<=5s vs 5-10s,1878
HxgAOJSY,65,1-0,White,<=5s vs 10-15s,1548
eSCesnGH,57,1/2-1/2,White,<=5s vs 15-20s,1632
gWcLfQCm,98,0-1,Black,<=5s vs 5-10s,2386
0y0j0dkk,68,0-1,Black,<=5s vs 15-20s,1269
37voum06,83,1-0,White,<=5s vs 5-10s,2433
R2IGobH8,75,1-0,White,<=5s vs 10-15s,1699
SqUCe5Xa,89,1-0,White,<=5s vs <=5s,1977
aQscnsJL,65,1/2-1/2,White,<=5s vs 5-10s,1859
GsMRFV54,70,0-1,Black,<=5s vs 10-15s,2101
1EagFbqx,81,1-0,White,<=5s vs 10-15s,2537
wGAhDKKi,40,0-1,Black,<=5s vs 5-10s,1028
ZEZVFyR7,53,1-0,White,<=5s vs 15-20s,1279
3ZnoOfez,133,1-0,White,<=5s vs 15-20s,2776
SrDSj464,59,1-0,White,<=5s vs 10-15s,2021
6dBnvQZY,68,0-1,Black,<=5s vs 10-15s,1970
xnLmccRh,70,0-1,Black,<=5s vs 5-10s,1330
KhprKQYl,68,1-0,Black,<=5s vs 5-10s,2414
LmAXTcUQ,93,1-0,White,<=5s vs 5-10s,2209
A3Ar7KPv,83,1-0,White,<=5s vs 5-10s,1678
22evrfPQ,92,1-0,Black,<=5s vs 5-10s,1899
zhY0GOSC,81,1-0,White,<=5s vs 15-20s,2332
QOQFeQlz,75,1-0,White,<=5s vs 10-15s,1792
x7em05Qd,44,0-1,Black,<=5s vs 10-15s,2088
pIwGNRt9,86,1-0,Black,<=5s vs <=5s,1251
HhUFWD73,62,0-1,Black,<=5s vs 15-20s,1639
EMLAxJ1v,66,0-1,Black,<=5s vs 15-20s,1630
Uy9Esvxw,66,0-1,Black,<=5s vs 10-15s,1989
SmL5llOU,73,1-0,White,<=5s vs 10-15s,1065
715gomjX,54,0-1,Black,<=5s vs 15-20s,2121
aTI0oW22,65,1-0,White,<=5s vs 10-15s,1398
cGMTGPCb,80,0-1,Black,<=5s vs 15-20s,1881
jXuE90kI,89,1-0,White,<=5s vs 5-10s,2035
2lEfTw05,56,0-1,Black,<=5s vs 15-20s,1443
tZTn1DaD,62,0-1,Black,<=5s vs 15-20s,2151
6HHHfcH2,100,0-1,Black,<=5s vs 10-15s,2044
vs1qQqLY,53,0-1,White,<=5s vs 10-15s,972
XTryWGl2,129,0-1,White,<=5s vs 5-10s,2392
ClSBEqVG,100,1/2-1/2,Black,<=5s vs <=5s,2260
XUe7rbLT,70,0-1,Black,<=5s vs 10-15s,2041
06pESmGl,77,1-0,White,<=5s vs 5-10s,1846
gAPa2IU7,62,0-1,Black,<=5s vs 5-10s,1595
5Ht3ncd7,82,0-1,Black,<=5s vs 15-20s,2030
X9P1Ckf3,141,1/2-1/2,White,<=5s vs 15-20s,2535
XlvyJw2K,117,0-1,White,<=5s vs <=5s,2022
MoU9K8Eo,56,0-1,Black,<=5s vs 15-20s,2308
4chwqx6X,59,1-0,White,<=5s vs 10-15s,2063
V8Vw3VcC,148,0-1,Black,<=5s vs 5-10s,2430
L1lkUw8G,70,1-0,Black,<=5s vs <=5s,1121
dZRKWrC0,53,1-0,White,<=5s vs 5-10s,1420
1JKFMeeX,65,1-0,White,<=5s vs 10-15s,1955
KxsRQB0a,56,0-1,Black,<=5s vs 15-20s,1849
BRpljm8t,50,0-1,Black,<=5s vs 10-15s,2033
N1H5GJt6,72,1-0,Black,<=5s vs <=5s,1908
Mopb2RhS,69,1-0,White,<=5s vs 15-20s,1776
OHTKG8am,46,0-1,Black,<=5s vs 15-20s,1187
UjSq8UPZ,87,1-0,White,<=5s vs 5-10s,2606
pwtnmgYZ,90,0-1,Black,<=5s vs 10-15s,2647
KuYU9Qfj,105,0-1,White,<=5s vs 10-15s,1636
owSjAL8M,64,0-1,Black,<=5s vs 10-15s,2339
UZhVbJeh,38,0-1,Black,<=5s vs 15-20s,1085
rlHVs27y,110,0-1,Black,<=5s vs 5-10s,1849
dLFuUErv,81,1-0,White,<=5s vs 5-10s,1228
9J0IbS2H,115,1-0,White,<=5s vs <=5s,2458
D3hTdkvs,52,0-1,Black,<=5s vs 10-15s,1732
6a9E2DpH,99,1-0,White,<=5s vs 5-10s,2735
bAJCdS3p,107,1-0,White,<=5s vs 5-10s,1978
E7Zftrdv,74,0-1,Black,<=5s vs 5-10s,1987
yBulcGJ9,70,1-0,Black,<=5s vs 10-15s,2039
6DTwsgMD,58,0-1,Black,<=5s vs 10-15s,1576
L7pdh5f7,63,1-0,White,<=5s vs 15-20s,1321
fRNU2ww8,132,1-0,Black,<=5s vs 10-15s,2100
0bqJhb9M,68,0-1,Black,<=5s vs 5-10s,2351
f35fitfY,50,0-1,Black,<=5s vs 15-20s,1703
8pPuALqx,65,1-0,White,<=5s vs 15-20s,1486
Ule6u6dV,79,1-0,White,<=5s vs 5-10s,2241
8qfsl9sU,65,1-0,White,<=5s vs 10-15s,2100
K085mIxu,86,0-1,Black,<=5s vs 5-10s,1872
LsUA0zv8,94,0-1,Black,<=5s vs 15-20s,1925
ycic3hRw,87,1-0,White,<=5s vs 10-15s,2413
XHqXYFkj,50,0-1,Black,<=5s vs 15-20s,1744
MV8SRihD,88,1-0,Black,<=5s vs <=5s,1939
LlzJTgBS,71,1-0,White,<=5s vs 10-15s,2221
7w3vg3uQ,90,0-1,Black,<=5s vs 10-15s,1925
PxD0jaLq,114,1-0,Black,<=5s vs <=5s,1832
W8UbDKut,112,1-0,Black,<=5s vs 15-20s,2286
OmYZF4mT,52,0-1,Black,<=5s vs 5-10s,1106
XF6E7Pkj,102,1/2-1/2,Black,<=5s vs 15-20s,2556
Ghb0DNkm,67,1-0,White,<=5s vs 5-10s,1283
sp4cnB1r,58,1-0,Black,<=5s vs <=5s,1481
WggWkXhY,54,0-1,Black,<=5s vs 10-15s,1193
ylkMELq0,61,1-0,White,<=5s vs 10-15s,1301
1DpcpNkW,71,1-0,White,<=5s vs 5-10s,1361
CnveTG41,57,1-0,White,<=5s vs 15-20s,1538
ydI9PbgE,174,0-1,Black,<=5s vs 5-10s,2515
GqWVfDfu,38,0-1,Black,<=5s vs 15-20s,743
lDr8vnmk,64,0-1,Black,<=5s vs 5-10s,1566
5Dhch9mi,74,0-1,Black,<=5s vs 10-15s,1798
k425362z,79,1-0,White,<=5s vs 5-10s,2799
DKAavQkG,105,1-0,White,<=5s vs <=5s,2676
Vh5UPC8b,42,0-1,Black,<=5s vs 15-20s,1213
j9j6EqK8,90,0-1,Black,<=5s vs 5-10s,2932
Z1VYyFgc,102,1-0,Black,<=5s vs 5-10s,2544
7qyBjPQ3,76,0-1,Black,<=5s vs 15-20s,1385
RTOWGbyq,103,1-0,White,<=5s vs 15-20s,2452
lcYtD0o6,75,1-0,White,<=5s vs 10-15s,1616
Q3tvpfDv,101,1/2-1/2,White,<=5s vs 5-10s,2012
P9OclccE,135,0-1,White,<=5s vs <=5s,2683
RPmPxqmM,69,0-1,White,<=5s vs <=5s,1858
TjnKUV47,75,0-1,White,<=5s vs 5-10s,2233
0NWueY3N,52,0-1,Black,<=5s vs 10-15s,1625
MXefE7bQ,132,1/2-1/2,Black,<=5s vs 5-10s,2367
MySTn0yT,99,1-0,White,<=5s vs 15-20s,2517
nu3oB4Zh,123,1-0,White,<=5s vs 5-10s,2529
3nXGkvlq,91,0-1,White,<=5s vs <=5s,2022
2jK5ml9q,57,0-1,White,<=5s vs 15-20s,1541
AgiU1L7s,60,0-1,Black,<=5s vs <=5s,1919
HC58uO3Y,96,0-1,Black,<=5s vs 5-10s,2079
H4mtN2Hi,71,1-0,White,<=5s vs 10-15s,2006
snNyXa79,68,0-1,Black,<=5s vs 10-15s,2418
wfPNy5os,59,1-0,White,<=5s vs 15-20s,1231
9hyPB53u,60,0-1,Black,<=5s vs 10-15s,1445
9RBTVTAt,72,0-1,Black,<=5s vs 10-15s,2511
etWyLShq,41,1-0,White,<=5s vs 15-20s,928
tsWYZyC5,58,0-1,Black,<=5s vs 10-15s,1127
q3eVRrG5,89,1-0,White,<=5s vs 10-15s,896
9bs8DYBH,72,0-1,Black,<=5s vs <=5s,2004
NMgOi0ZB,56,0-1,Black,<=5s vs 10-15s,2160
Oqxnayvg,75,1-0,White,<=5s vs 10-15s,1993
ONGBXwa9,63,1-0,White,<=5s vs 10-15s,1984
4EYzIpue,81,1-0,White,<=5s vs 5-10s,1590
A8BbuEpn,69,1-0,White,<=5s vs 5-10s,923
GY5jq2dZ,64,1-0,Black,<=5s vs <=5s,1582
E4SaWpuh,57,1-0,White,<=5s vs 5-10s,1630
CkmC2efZ,51,1-0,White,<=5s vs 15-20s,1921
zzGmcQfX,76,0-1,Black,<=5s vs 5-10s,1902
5pmTyINT,50,0-1,Black,<=5s vs 5-10s,1207
VNLQjbVz,68,0-1,Black,<=5s vs 15-20s,1324
pfaKl0dR,61,1-0,White,<=5s vs 10-15s,2007
W9xa9JVc,106,1-0,Black,<=5s vs <=5s,1794
ZNjTGsdT,57,0-1,White,<=5s vs 15-20s,1714
AyuiePTD,75,0-1,White,<=5s vs 5-10s,1888
15dHhi7m,62,0-1,Black,<=5s vs 5-10s,2102
szvt0oJD,120,1/2-1/2,Black,<=5s vs 5-10s,2630
CuPP0fuh,66,1-0,Black,<=5s vs <=5s,2072
uyJ5pl8E,48,0-1,Black,<=5s vs 15-20s,2046
JqIriqtv,90,1-0,Black,<=5s vs 5-10s,2130
KPNFXxH2,89,1-0,White,<=5s vs 10-15s,2527
L5H9d8Hm,77,1-0,White,<=5s vs 5-10s,1686
bsKX4H6p,48,0-1,Black,<=5s vs 10-15s,1931
gF7V3e6C,43,1-0,White,<=5s vs 5-10s,1988
eTM77kLe,59,1-0,White,<=5s vs 5-10s,1071
2FnAxsk9,112,1/2-1/2,Black,<=5s vs 10-15s,2301
3zLCV3nE,124,0-1,Black,<=5s vs 15-20s,1997
5y2wWrpL,58,0-1,Black,<=5s vs 5-10s,1627
k0NKmdzx,72,1-0,Black,<=5s vs <=5s,2436
4Zfxi94J,78,0-1,Black,<=5s vs 10-15s,2642
FwaDf3AE,94,1-0,Black,<=5s vs <=5s,2249
6eSUzFaj,56,0-1,Black,<=5s vs 15-20s,2089
HQXgRUK4,84,0-1,Black,<=5s vs 5-10s,1596
CpWNtwNO,62,0-1,Black,<=5s vs 5-10s,1776
7z1sasb7,86,0-1,Black,<=5s vs 5-10s,2148
NAwAAWjn,147,1-0,White,<=5s vs 10-15s,2346
u1LaFiGB,80,0-1,Black,<=5s vs 10-15s,1808
gVJ6GGCz,61,1-0,White,<=5s vs 15-20s,1670
qCt17o97,79,1-0,White,<=5s vs 10-15s,2538
Ud6nrOoM,78,0-1,Black,<=5s vs <=5s,2268
E4uSIxUk,61,1-0,White,<=5s vs 10-15s,1370
LOGi72aW,77,1/2-1/2,White,<=5s vs 5-10s,2531
T3RlZDBk,61,1-0,White,<=5s vs 10-15s,1487
9Mf4cX98,124,0-1,Black,<=5s vs 10-15s,2514
vsvVbxyK,76,0-1,Black,<=5s vs 5-10s,2112
f3hShxJs,30,0-1,Black,<=5s vs <=5s,764
X0jt0E2F,87,1-0,White,<=5s vs 15-20s,2210
T66O2Fqf,131,1/2-1/2,White,<=5s vs 15-20s,2549
heL46Fv6,67,1-0,White,<=5s vs 10-15s,2350
tuwXlV2X,58,0-1,Black,<=5s vs 10-15s,1856
7gwoEGok,77,1-0,White,<=5s vs 10-15s,1757
JU74PImF,105,1-0,White,<=5s vs 15-20s,2433
cOILdCci,55,1-0,White,<=5s vs 10-15s,2031
Ny2TYpwD,110,0-1,Black,<=5s vs 15-20s,2439
qHfwfXIY,93,1-0,White,<=5s vs <=5s,2245
v7YuirHD,47,1-0,White,<=5s vs 10-15s,1148
f9x4JzIl,55,1-0,White,<=5s vs 10-15s,1016
KciVrx0e,89,1-0,White,<=5s vs 5-10s,2221
uCJ7at10,94,0-1,Black,<=5s vs 15-20s,2307
qsehWvLs,69,1-0,White,<=5s vs 15-20s,1598
Kqo6pPbs,53,1-0,White,<=5s vs 15-20s,1276
wLaFO9Je,38,0-1,Black,<=5s vs 15-20s,1390
PIVX0mNq,52,0-1,Black,<=5s vs <=5s,1174
W7NbHx1Q,58,0-1,Black,<=5s vs 5-10s,2137
v7yLkqum,38,0-1,Black,<=5s vs 15-20s,1114
pUQBEtqb,66,0-1,Black,<=5s vs 5-10s,1997
mvmZO2wV,99,1-0,White,<=5s vs 5-10s,3015
GiNA4Koi,101,1/2-1/2,White,<=5s vs 5-10s,1761
DCQUlAm8,102,0-1,Black,<=5s vs 15-20s,2398
DBcV6ZiI,72,0-1,Black,<=5s vs <=5s,1399
PKHqt9ve,82,0-1,Black,<=5s vs 10-15s,1597
TITmqDh9,77,1-0,White,<=5s vs 5-10s,2145
W6I1lRhm,54,0-1,Black,<=5s vs 5-10s,1500
T0XLo7Ck,59,0-1,White,<=5s vs <=5s,2003
n8woVgKF,79,1-0,White,<=5s vs 10-15s,1191
cpGDxkcf,138,1-0,Black,<=5s vs <=5s,2302
pM6jXa58,68,0-1,Black,<=5s vs 10-15s,2268
GqAkAc5G,53,1-0,White,<=5s vs 10-15s,1765
Ozxfr7e1,83,1-0,White,<=5s vs 10-15s,1802
8TvgXw5O,110,1/2-1/2,Black,<=5s vs <=5s,2481
DHIW9iVu,69,0-1,White,<=5s vs 10-15s,1463
lqg6qgye,62,0-1,Black,<=5s vs 15-20s,2102
TiACb3Xz,96,0-1,Black,<=5s vs 10-15s,2391
KCXiO0b1,64,0-1,Black,<=5s vs 15-20s,1040
8RSEBzy3,101,1-0,White,<=5s vs 5-10s,2591
Wdlkj3lP,81,1-0,White,<=5s vs 5-10s,2588
mQysnkbh,69,1-0,White,<=5s vs 15-20s,2279
8oZsgBW9,71,0-1,White,<=5s vs 5-10s,1296
8PKqulYx,76,0-1,Black,<=5s vs 5-10s,2070
h6FnqSXr,64,0-1,Black,<=5s vs 5-10s,1904
URJf6e9p,43,1-0,White,<=5s vs 15-20s,1056
VcAAMHy1,77,1-0,White,<=5s vs 5-10s,2203
aYNgEgK4,66,0-1,Black,<=5s vs 5-10s,897
2YdBIoEd,67,0-1,White,<=5s vs 5-10s,1906
AbWCpF5A,102,0-1,Black,<=5s vs <=5s,1777
UClBq8fg,86,1-0,Black,<=5s vs <=5s,1721
RmLp7DLf,73,1-0,White,<=5s vs 5-10s,2209
8HSZOSKn,65,1-0,White,<=5s vs 15-20s,1861
tm2xTaXk,74,1-0,Black,<=5s vs <=5s,2318
HyCS3dMc,73,1-0,White,<=5s vs 5-10s,2356
C2glbdRS,84,1/2-1/2,Black,<=5s vs 5-10s,1853
7NtZZY67,43,1-0,White,<=5s vs 10-15s,851
lEap53nq,124,0-1,Black,<=5s vs 5-10s,2399
hyVi8dhD,63,1-0,White,<=5s vs 5-10s,1240
aIbhOxwy,89,1-0,White,<=5s vs 15-20s,1728
sb1J3Zuv,46,0-1,Black,<=5s vs 15-20s,1233
bmq45ljX,54,0-1,Black,<=5s vs 15-20s,1350
tDUyb1VZ,93,1-0,White,<=5s vs 5-10s,1192
ecuWhAgF,115,0-1,White,<=5s vs 5-10s,2319
IedlhZW5,80,0-1,Black,<=5s vs 15-20s,1661
3Lt9I1xR,75,1-0,White,<=5s vs 5-10s,1200
NMCb3k24,84,1-0,Black,<=5s vs <=5s,1868
jlEQLy75,98,0-1,Black,<=5s vs 5-10s,1907
4p89422I,141,1/2-1/2,White,<=5s vs 5-10s,2140
bl12onMk,67,0-1,White,<=5s vs 5-10s,1810
QV5m4QWQ,77,0-1,White,<=5s vs 5-10s,2359
zGRBZ6QB,72,1-0,Black,<=5s vs <=5s,963
ADVsgRqX,88,0-1,Black,<=5s vs 5-10s,2079
QdKrw5NY,59,1-0,White,<=5s vs 15-20s,1552
F1QlXq00,79,1-0,White,<=5s vs 15-20s,1477
Yexfg7EJ,62,0-1,Black,<=5s vs <=5s,2354
dDQTdMBg,96,0-1,Black,<=5s vs 10-15s,1679
H91evZAS,112,0-1,Black,<=5s vs 10-15s,2442
2HZYvpvC,46,0-1,Black,<=5s vs 10-15s,1036
drnnbNme,85,1-0,White,<=5s vs <=5s,1500
WbAQzPfV,90,0-1,Black,<=5s vs 10-15s,2551
5dnkxEeY,50,0-1,Black,<=5s vs 10-15s,1748
IXit7C8j,131,0-1,White,<=5s vs <=5s,2033
AreSjI86,79,1-0,White,<=5s vs 15-20s,1159
wdDwtgC1,50,0-1,Black,<=5s vs 5-10s,1431
FaiBvboU,77,0-1,White,<=5s vs 15-20s,1866
XpeqiopP,72,1-0,Black,<=5s vs 10-15s,2239
hGM3GL9j,39,0-1,White,<=5s vs 15-20s,1001
Ji0lkcOb,70,0-1,Black,<=5s vs 10-15s,1641
STnoZPJk,64,0-1,Black,<=5s vs 5-10s,1425
oMpC1ZAN,115,1/2-1/2,White,<=5s vs <=5s,1827
LAwPATO4,48,0-1,Black,<=5s vs 10-15s,960
jDl49hc0,47,1-0,White,<=5s vs 10-15s,1105
siwiPvu1,45,1-0,White,<=5s vs 15-20s,1304
jtZRUqfr,111,1-0,White,<=5s vs 5-10s,2411
N6BivIFv,91,1-0,White,<=5s vs 15-20s,2276
2a6LyvDq,103,1-0,White,<=5s vs 5-10s,2270
qaMZPZA4,86,1-0,Black,<=5s vs <=5s,2076
OrjblnBF,98,0-1,Black,<=5s vs 15-20s,1883
3vpw0mKo,65,1-0,White,<=5s vs 15-20s,1564
zz8qqrTs,131,1/2-1/2,White,<=5s vs 15-20s,2564
FT5n8QkF,127,1/2-1/2,White,<=5s vs 5-10s,1734
Rt41bIu9,64,0-1,Black,<=5s vs 5-10s,2191
IYqTDmRl,91,0-1,White,<=5s vs 5-10s,2491
RAytpis3,56,0-1,Black,<=5s vs 5-10s,1082
ehZF2FMk,76,1-0,Black,<=5s vs 5-10s,2356
padBpS0M,119,1-0,White,<=5s vs 5-10s,2016
GUGW5hdp,87,0-1,White,<=5s vs 10-15s,1951
gF8Lowlg,70,1-0,Black,<=5s vs <=5s,1987
NK5R9q8m,55,1-0,White,<=5s vs 5-10s,1804
jmJqOwuA,59,1-0,White,<=5s vs 5-10s,2250
KF5jNTz1,56,0-1,Black,<=5s vs <=5s,1076
hbymaywu,72,0-1,Black,<=5s vs 15-20s,1464
1ERLdB0S,82,0-1,Black,<=5s vs 10-15s,1517
MKiN93IG,54,0-1,Black,<=5s vs 15-20s,1338
Rn5uQwwP,66,0-1,Black,<=5s vs 15-20s,2068
VbaBvKTK,58,0-1,Black,<=5s vs 5-10s,1500
O9DNZwj4,88,0-1,Black,<=5s vs 10-15s,2319
8EHJ0Dcu,97,1/2-1/2,White,<=5s vs 15-20s,2192
5BhoIHY2,71,1-0,White,<=5s vs 10-15s,2048
uSEHskhF,60,0-1,Black,<=5s vs 5-10s,1922
4kowK4I4,96,0-1,Black,<=5s vs <=5s,2047
OT7kpUOw,59,1-0,White,<=5s vs 10-15s,2030
beAhOWOM,52,0-1,Black,<=5s vs 10-15s,2082
J4J8HswG,75,0-1,White,<=5s vs <=5s,1807
M6ry6sS3,139,1-0,White,<=5s vs 10-15s,2051
NF69T7pP,67,1-0,White,<=5s vs 5-10s,2118
8Xc356CR,45,1-0,White,<=5s vs 10-15s,2097
nIuDeU0c,93,1-0,White,<=5s vs 5-10s,2201
qaHrzXfM,72,0-1,Black,<=5s vs 5-10s,1658
9BnK3o7w,78,0-1,Black,<=5s vs 15-20s,1952
a9Q35m1q,74,0-1,Black,<=5s vs 10-15s,1443
m5rAKPkZ,59,1-0,White,<=5s vs 15-20s,1446
sxml8JuT,58,0-1,Black,<=5s vs 15-20s,1496
638GMB4z,116,1/2-1/2,Black,<=5s vs 15-20s,2987
yvdaRmpw,62,0-1,Black,<=5s vs 10-15s,1297
8hE9CAPD,71,1-0,White,<=5s vs 15-20s,1714
qmIlgxRS,86,0-1,Black,<=5s vs <=5s,1848
mDvGGoan,90,0-1,Black,<=5s vs 5-10s,2995
H3Ge5TEh,67,1-0,White,<=5s vs 15-20s,1599
JNMwpCCA,61,1-0,White,<=5s vs 15-20s,1794
MDf2ot9i,67,1/2-1/2,White,<=5s vs 10-15s,1909
AQA94by6,55,1-0,White,<=5s vs 5-10s,1877
og9ij2hF,51,1-0,White,<=5s vs 15-20s,1270
5h8jhLsS,54,0-1,Black,<=5s vs 15-20s,837
83w6MGCO,62,0-1,Black,<=5s vs 10-15s,1489
V0mryIUC,63,1-0,White,<=5s vs <=5s,1991
NFfZCwuf,54,1-0,Black,<=5s vs 10-15s,1461
fZSmlg2k,77,1-0,White,<=5s vs 10-15s,1576
mkE2uxa1,59,1-0,White,<=5s vs 15-20s,1892
D47hR99c,116,1-0,Black,<=5s vs <=5s,1673
YNSd0noi,61,1-0,White,<=5s vs 5-10s,1493
TJU4K1vu,102,0-1,Black,<=5s vs 15-20s,2472
D9Ci58fy,59,0-1,White,<=5s vs 10-15s,2308
sxyYnsN2,155,1/2-1/2,White,<=5s vs 15-20s,1877
ZD8Bz42U,58,1-0,Black,<=5s vs 5-10s,1053
WNxUsKFN,71,1-0,White,<=5s vs 15-20s,1915
TmLrmww2,80,0-1,Black,<=5s vs 10-15s,2939
MfO6PoW5,101,0-1,White,<=5s vs 5-10s,2713
TbwuJgUq,55,1-0,White,<=5s vs 10-15s,2101
7wJW81Dz,75,1-0,White,<=5s vs 10-15s,2499
87UVTOr5,101,1-0,White,<=5s vs 5-10s,2670
HkpgJQqV,63,1-0,White,<=5s vs 5-10s,1052
G70fxdcp,58,1-0,Black,<=5s vs <=5s,1221
p1G6yhkn,82,0-1,Black,<=5s vs 10-15s,1967
Wus92Z0Z,52,0-1,Black,<=5s vs 5-10s,1323
cVgJERw9,170,1/2-1/2,Black,<=5s vs 5-10s,2235
0lAJGgjc,84,1-0,Black,<=5s vs <=5s,1917
izjE8rMO,60,0-1,Black,<=5s vs 10-15s,1309
1Uo66eYp,80,0-1,Black,<=5s vs 10-15s,1805
MuOSKLph,91,1-0,White,<=5s vs 5-10s,2376
axgBxaxy,67,1-0,White,<=5s vs 10-15s,1629
tpSiYRVs,66,1-0,Black,<=5s vs 5-10s,1359
0RcH0E7g,74,0-1,Black,<=5s vs 15-20s,1288
nmJgRld7,59,1-0,White,<=5s vs 10-15s,2482
bCP0mEuc,116,0-1,Black,<=5s vs 15-20s,2240
SxT5jx32,110,0-1,Black,<=5s vs <=5s,2213
bj3VPXCp,45,1-0,White,<=5s vs 15-20s,1025
sL0qQMlL,42,0-1,Black,<=5s vs 15-20s,834
ytkPWsLx,52,0-1,Black,<=5s vs 15-20s,2809
I9ptKVML,120,1-0,Black,<=5s vs <=5s,2247
gydsdxtC,91,1/2-1/2,White,<=5s vs 10-15s,2275
3TSlmNu6,67,0-1,White,<=5s vs <=5s,1576
6tEGyheV,84,0-1,Black,<=5s vs 10-15s,2867
Vy2A5zS1,66,0-1,Black,<=5s vs 5-10s,1697
WxwITyiC,69,1-0,White,<=5s vs 15-20s,1389
9sgY0twE,59,1-0,White,<=5s vs 5-10s,2253
aDBvGe0M,69,1-0,White,<=5s vs 15-20s,1652
0nTXNix5,84,0-1,Black,<=5s vs 5-10s,2347
5SHjom69,69,1-0,White,<=5s vs 15-20s,2275
TpffuUIe,116,1/2-1/2,Black,<=5s vs 5-10s,2397
R2cM6Pz1,87,1-0,White,<=5s vs 15-20s,2651
dMFx3CzC,98,0-1,Black,<=5s vs 5-10s,1010
kRds0R7k,83,1-0,White,<=5s vs 15-20s,1853
o3S74Lgv,59,1-0,White,<=5s vs 15-20s,2210
VESJJram,60,0-1,Black,<=5s vs 15-20s,1963
3SdoGsGd,127,1/2-1/2,White,<=5s vs 5-10s,2137
ikSPik6A,53,1-0,White,<=5s vs 5-10s,1290
oxsRCF2i,41,1-0,White,<=5s vs 10-15s,1500
zVpuh0OH,72,0-1,Black,<=5s vs 5-10s,1620
IbeDDzfx,66,0-1,Black,<=5s vs 15-20s,2384
OnspjHGL,62,0-1,Black,<=5s vs 5-10s,1359
WSJno9cP,36,0-1,Black,<=5s vs 5-10s,1443
WqHM8mZk,53,1-0,White,<=5s vs 5-10s,1766
topNOMx1,105,1-0,White,<=5s vs 5-10s,2339
1qQKv6qn,54,0-1,Black,<=5s vs <=5s,1526
314nYztV,53,1-0,White,<=5s vs 5-10s,1883
swSsyOYs,91,1/2-1/2,White,<=5s vs 10-15s,1600
PsUZXgR7,105,1-0,White,<=5s vs 5-10s,2046
goRIU01W,48,0-1,Black,<=5s vs 10-15s,1666
FHzJd5gR,54,0-1,Black,<=5s vs 15-20s,1325
T2gOIGeq,66,0-1,Black,<=5s vs 10-15s,1721
ca0B7nIz,72,0-1,Black,<=5s vs <=5s,2278
12gYdCAB,51,1-0,White,<=5s vs 15-20s,1357
RRYmjX38,70,1-0,Black,<=5s vs 10-15s,2206
9x8gvkpN,73,1-0,White,<=5s vs 15-20s,2073
5nvO7SBn,109,1-0,White,<=5s vs 5-10s,2365
Ij4QKtv3,89,0-1,White,<=5s vs 5-10s,2165
n52gVSaN,47,1-0,White,<=5s vs 5-10s,1827
tGXDWnQX,49,1-0,White,<=5s vs 10-15s,1355
ZzrWa9iK,70,0-1,Black,<=5s vs 10-15s,1385
aEPanvx9,47,0-1,White,<=5s vs 15-20s,1180
mD4UHtWc,75,1-0,White,<=5s vs 10-15s,2245
WHGd9Y3B,63,1-0,White,<=5s vs 5-10s,2210
UUDvJ1Om,111,1-0,White,<=5s vs 10-15s,1802
IO1sHCN2,77,1/2-1/2,White,<=5s vs 10-15s,1316
2QryVpt1,105,1-0,White,<=5s vs 15-20s,2398
ZyXtOMa0,145,1-0,White,<=5s vs <=5s,2379
ze3EdyYB,72,0-1,Black,<=5s vs 5-10s,1619
QLYwIhKV,102,1/2-1/2,Black,<=5s vs 10-15s,2374
k63hGkeC,81,1-0,White,<=5s vs 15-20s,2930
A7Gcw0xS,101,0-1,White,<=5s vs 15-20s,1689
oSLgjnDW,74,0-1,Black,<=5s vs 10-15s,1934
RkNpcZgK,46,0-1,Black,<=5s vs 10-15s,1564
OH5YNmBV,61,1-0,White,<=5s vs 15-20s,1937
StgHVX9i,71,1-0,White,<=5s vs 5-10s,1496
9yhQKkdX,67,1-0,White,<=5s vs 15-20s,1878
w7X2ToNN,60,0-1,Black,<=5s vs 5-10s,1778
WUOOQ3U4,94,0-1,Black,<=5s vs 5-10s,2279
qjhLQIGh,75,1-0,White,<=5s vs 5-10s,1649
wNcfOUee,53,1-0,White,<=5s vs 10-15s,1911
KdubWwK4,72,0-1,Black,<=5s vs 10-15s,2140
AXXZWNBz,56,0-1,Black,<=5s vs 10-15s,2210
OoQpuDGZ,87,1-0,White,<=5s vs 5-10s,2241
hT4hkLeb,131,1-0,White,<=5s vs <=5s,2014
LDuBEwN4,95,1-0,White,<=5s vs 10-15s,2071
TqWewVjO,63,1-0,White,<=5s vs 5-10s,1182
Wbysevdk,76,0-1,Black,<=5s vs 10-15s,1798
ITP0QEs5,103,1-0,White,<=5s vs 10-15s,2305
anvc7VCL,73,1-0,White,<=5s vs 15-20s,2214
fUxd8plq,42,1-0,Black,<=5s vs <=5s,1026
ZyK0Z371,62,0-1,Black,<=5s vs 10-15s,1243
sgOVJISr,66,0-1,Black,<=5s vs 15-20s,1155
S5TQ2evq,61,1-0,White,<=5s vs 15-20s,1364
WSxNJx2E,61,1-0,White,<=5s vs 5-10s,2101
PWEDmipp,54,0-1,Black,<=5s vs <=5s,1064
3lyGgYsm,60,0-1,Black,<=5s vs 10-15s,1916
3RlCUJYU,69,1-0,White,<=5s vs 15-20s,2257
ZddIYQvQ,52,0-1,Black,<=5s vs 5-10s,1362
ee5rgqTw,88,0-1,Black,<=5s vs 5-10s,1311
bUtm2ljr,58,0-1,Black,<=5s vs 15-20s,2565
Xia44hIc,58,0-1,Black,<=5s vs 15-20s,1901
hpA7eW3p,72,1-0,Black,<=5s vs 5-10s,2297
4RBy77n7,90,0-1,Black,<=5s vs <=5s,2318
54FWMFAK,85,1-0,White,<=5s vs 15-20s,1532
xUGHHf98,72,0-1,Black,<=5s vs 10-15s,1171
R0fNV3y7,74,0-1,Black,<=5s vs 15-20s,1899
Gc2271bW,112,1-0,Black,<=5s vs <=5s,2586
1qiWbGWP,72,0-1,Black,<=5s vs <=5s,1718
E3W8boxO,43,1-0,White,<=5s vs 15-20s,1069
DM0mB0KR,88,0-1,Black,<=5s vs <=5s,1757
sRbXOxlA,74,0-1,Black,<=5s vs 15-20s,1121
YITqkE57,142,0-1,Black,<=5s vs <=5s,2611
PSIvNxz2,49,1-0,White,<=5s vs 15-20s,1319
iF58tAcZ,56,0-1,Black,<=5s vs 15-20s,2412
eGj7RNwF,81,1-0,White,<=5s vs 5-10s,2079
lKbcqccC,66,0-1,Black,<=5s vs 10-15s,2019
Y51NykAg,44,0-1,Black,<=5s vs 10-15s,1189
aY80dtdW,80,1-0,Black,<=5s vs 5-10s,1452
lJKBEIao,41,1-0,White,<=5s vs 5-10s,855
AN16GkF0,50,0-1,Black,<=5s vs 10-15s,2473
Vzaiuiii,79,1-0,White,<=5s vs 15-20s,2078
SWaqjbt9,92,0-1,Black,<=5s vs <=5s,1371
rcd8XwIc,62,1-0,Black,<=5s vs <=5s,1542
2aPDhLPt,64,1-0,Black,<=5s vs 5-10s,2130
vQHrw1mE,65,1-0,White,<=5s vs 5-10s,1832
oISXX7fH,59,1-0,White,<=5s vs 5-10s,1052
1k4bjZcm,94,0-1,Black,<=5s vs <=5s,1647
FPJdUH4t,96,0-1,Black,<=5s vs 15-20s,2183
cWJJI2uU,55,1-0,White,<=5s vs 5-10s,1529
Uc641CfO,101,0-1,White,<=5s vs 5-10s,1445
2f1J4rkq,115,1-0,White,<=5s vs 5-10s,1500
K12VkTDf,80,0-1,Black,<=5s vs 5-10s,2026
4pNKx9p7,114,0-1,Black,<=5s vs 5-10s,2260
lTzvZ0DA,69,1-0,White,<=5s vs <=5s,1042
H0Qo8Yr0,90,0-1,Black,<=5s vs 15-20s,2554
82w0aQw5,92,1-0,Black,<=5s vs <=5s,2358
ksLD3ZtN,94,1-0,Black,<=5s vs <=5s,1553
dzU0P7X4,89,1-0,White,<=5s vs 15-20s,2533
kMYbDb2q,43,1-0,White,<=5s vs 15-20s,1071
AKvPx5JW,69,1-0,White,<=5s vs 10-15s,2246
A2R4SGq1,51,1-0,White,<=5s vs 10-15s,1493
pr9E2eBp,89,1-0,White,<=5s vs 10-15s,2009
1uxrFCie,125,1-0,White,<=5s vs 5-10s,2075
jilQutAX,44,0-1,Black,<=5s vs <=5s,998
y1jUftQt,82,0-1,Black,<=5s vs <=5s,2120
TMGXmA2o,74,1-0,Black,<=5s vs <=5s,1377
EIiGUgrA,168,1/2-1/2,Black,<=5s vs <=5s,2878
tosc8IuB,65,1-0,White,<=5s vs 10-15s,2336
XyERvZpa,91,1-0,White,<=5s vs 10-15s,1922
bCZ9QB7P,54,0-1,Black,<=5s vs 15-20s,2219
1NdagXLW,70,1-0,Black,<=5s vs 5-10s,1853
IBUSvxew,50,0-1,Black,<=5s vs 5-10s,1737
NeVM8uBJ,132,0-1,Black,<=5s vs 5-10s,2583
3gCEzFS5,45,1-0,White,<=5s vs 15-20s,1386
9GpQPO4W,59,1-0,White,<=5s vs 15-20s,2028
Y0kPWSiL,68,0-1,Black,<=5s vs 5-10s,1476
zsk4XZNz,59,1-0,White,<=5s vs 5-10s,2055
Bj4Xz42M,61,1-0,White,<=5s vs 10-15s,2308
47CIkPwm,82,0-1,Black,<=5s vs 5-10s,1531
0sQSewsR,62,0-1,Black,<=5s vs 15-20s,2001
q4xdZVDE,96,0-1,Black,<=5s vs 5-10s,2462
Xcrq3gWY,77,1-0,White,<=5s vs 5-10s,1412
VgtdgcGW,121,1-0,White,<=5s vs 5-10s,2778
PwTreqJz,54,1-0,Black,<=5s vs <=5s,1027
UzCFIPlJ,99,1-0,White,<=5s vs 5-10s,2180
nmjFU1TJ,88,1/2-1/2,Black,<=5s vs 10-15s,2036
V9GDY9De,48,0-1,Black,<=5s vs <=5s,1760
vsJ0e6jW,81,1-0,White,<=5s vs 5-10s,1891
jRfdCh4a,59,1-0,White,<=5s vs 15-20s,1949
iKX4OItH,100,0-1,Black,<=5s vs 5-10s,2567
FUhy7bQk,108,1/2-1/2,Black,<=5s vs <=5s,2225
4psJ1p3o,62,0-1,Black,<=5s vs 10-15s,1971
soaqm2GB,119,0-1,White,<=5s vs 10-15s,2239
qUXadxGH,77,0-1,White,<=5s vs 5-10s,1718
QfBCg86y,59,1-0,White,<=5s vs 10-15s,1745
a8jAjVqH,93,1-0,White,<=5s vs 10-15s,2070
LqmSh9tl,83,1-0,White,<=5s vs 5-10s,2205
BGRcWKXx,81,1-0,White,<=5s vs 5-10s,1878
oRDGUyIj,60,0-1,Black,<=5s vs 10-15s,1916
sXiFZx6u,76,0-1,Black,<=5s vs 5-10s,2398
Y5ogJ1uA,142,1/2-1/2,Black,<=5s vs <=5s,2235
m0uZkqFx,63,1-0,White,<=5s vs 5-10s,767
ENfzdsnj,78,1-0,Black,<=5s vs 5-10s,2228
4r8XZuf1,144,1/2-1/2,Black,<=5s vs 5-10s,2407
mEtsd6Gh,111,1-0,White,<=5s vs 15-20s,2105
qzN3N1Dq,40,0-1,Black,<=5s vs 15-20s,885
v9swFjN8,44,0-1,Black,<=5s vs 15-20s,1148
vlzEZaXU,58,0-1,Black,<=5s vs <=5s,1440
WX6B2Hqv,76,0-1,Black,<=5s vs 15-20s,1957
L4DT63tC,74,0-1,Black,<=5s vs 10-15s,1945
XemNtSjo,47,1-0,White,<=5s vs 5-10s,1023
EB04W0ly,68,1-0,Black,<=5s vs 5-10s,2504
4XTWKZu1,143,1/2-1/2,White,<=5s vs 5-10s,2155
4ozH1xR9,66,0-1,Black,<=5s vs 15-20s,2301
YZmGzCIs,47,1-0,White,<=5s vs 5-10s,855
3AvNnw5x,83,1-0,White,<=5s vs 5-10s,1832
so40S5jz,48,0-1,Black,<=5s vs 5-10s,1237
xrZRimGJ,49,1-0,White,<=5s vs 15-20s,1637
LyaTQMmt,104,0-1,Black,<=5s vs <=5s,2258
SpJx74N8,38,0-1,Black,<=5s vs 5-10s,839
t65RBRYh,61,1-0,White,<=5s vs 10-15s,1456
le3qAGwT,44,1-0,Black,<=5s vs 15-20s,1327
oJ1Auaib,55,1-0,White,<=5s vs 10-15s,1509
V0Mkm8WE,74,0-1,Black,<=5s vs 15-20s,2169
I0H25PE7,54,0-1,Black,<=5s vs 15-20s,1756
9MfEOT54,138,1-0,Black,<=5s vs <=5s,2566
bH2JbqcH,54,0-1,Black,<=5s vs 5-10s,2356
5gif1Prl,69,0-1,White,<=5s vs 5-10s,1931
WFvCBEqW,92,1-0,Black,<=5s vs 5-10s,2353
1bydc3KU,67,1/2-1/2,White,<=5s vs 10-15s,1567
gkFgKQnn,80,0-1,Black,<=5s vs 10-15s,2010
mvyQPY1g,64,0-1,Black,<=5s vs 5-10s,1046
HjYBMyQ8,95,1-0,White,<=5s vs 5-10s,2312
1xMRjM9v,52,0-1,Black,<=5s vs 10-15s,1560
dkLOrWwG,49,1-0,White,<=5s vs 10-15s,1451
Cn495kEx,54,0-1,Black,<=5s vs 5-10s,1370
K23q98jr,69,1-0,White,<=5s vs 15-20s,2227
fpIZm38L,42,1-0,Black,<=5s vs 10-15s,1473
qQi5xzFf,61,1-0,White,<=5s vs 10-15s,1638
3PNuoTOs,106,1-0,Black,<=5s vs <=5s,2072
blBDpKkC,80,1-0,Black,<=5s vs 5-10s,1736
afImAO1E,95,1-0,White,<=5s vs 10-15s,2592
aXqvyXCA,97,1-0,White,<=5s vs 10-15s,2164
CoJdwqoa,104,0-1,Black,<=5s vs 15-20s,2153
ctSqYavu,83,1-0,White,<=5s vs 5-10s,1963
6jIxz3El,59,1-0,White,<=5s vs 10-15s,2216
5ZvufyMz,34,0-1,Black,<=5s vs 15-20s,1234
P1BaUpsr,113,1-0,White,<=5s vs 15-20s,2255
yBgsbxhC,75,1-0,White,<=5s vs 15-20s,1973
KqzS1QyM,96,0-1,Black,<=5s vs 5-10s,2147
LCC3MigS,49,1-0,White,<=5s vs 15-20s,1817
4dCKvMm5,59,1-0,White,<=5s vs 15-20s,1845
zApYdTm9,44,0-1,Black,<=5s vs 15-20s,1294
8X3yT9dQ,93,1-0,White,<=5s vs 5-10s,2350
r6nYf0Vu,54,0-1,Black,<=5s vs 10-15s,1701
PFWvFDfb,69,1-0,White,<=5s vs 5-10s,2709
KHuSq6Yl,70,0-1,Black,<=5s vs <=5s,1831
VVLoBrvF,88,0-1,Black,<=5s vs <=5s,1670
OnwFtcD8,173,1/2-1/2,White,<=5s vs 15-20s,2128
aXjbWeue,69,0-1,White,<=5s vs 5-10s,1637
D81gGTWh,52,0-1,Black,<=5s vs <=5s,1984
tFFTq94x,50,1-0,Black,<=5s vs 5-10s,1504
Csm8lBxr,59,1-0,White,<=5s vs 15-20s,1735
4pFgZKrg,84,0-1,Black,<=5s vs 10-15s,1410
gXgkuUf6,55,1-0,White,<=5s vs 15-20s,1236
0ZFF2unk,76,1-0,Black,<=5s vs <=5s,1686
1mXJ1iAb,77,0-1,White,<=5s vs 5-10s,1806
9YYb38ud,62,0-1,Black,<=5s vs 5-10s,2312
HJXRkFS0,89,0-1,White,<=5s vs <=5s,2652
N7Je8PRW,77,1-0,White,<=5s vs 10-15s,1968
GBQTzeeO,51,1-0,White,<=5s vs 15-20s,1442
4Tky7Lu9,97,1-0,White,<=5s vs 10-15s,3081
rj99QO0w,119,1-0,White,<=5s vs 15-20s,2314
SNqiGU1I,59,0-1,White,<=5s vs 15-20s,1710
mVHPaxJc,94,0-1,Black,<=5s vs <=5s,2191
uig0vMlg,49,1-0,White,<=5s vs <=5s,1679
EplQWflk,94,0-1,Black,<=5s vs 15-20s,2233
KyMGmcHs,59,1-0,White,<=5s vs 15-20s,1539
8j0db0PI,74,0-1,Black,<=5s vs 5-10s,1284
HjyDNujc,75,1-0,White,<=5s vs 10-15s,2169
z7RRUJhg,67,0-1,White,<=5s vs 5-10s,1882
Phw31JuJ,119,0-1,White,<=5s vs 10-15s,1558
R9jBTbrz,102,1-0,Black,<=5s vs <=5s,2316
0xgG8wZz,30,0-1,Black,<=5s vs 15-20s,739
jYBV7nC9,80,0-1,Black,<=5s vs 5-10s,1434
ALeklR8b,42,0-1,Black,<=5s vs 15-20s,1223
ikLvtLWR,46,0-1,Black,<=5s vs 15-20s,1431
J6I7eUky,51,1-0,White,<=5s vs 15-20s,2042
Bm3AX6k9,76,0-1,Black,<=5s vs <=5s,1355
a3xUThu3,77,1-0,White,<=5s vs <=5s,1988
kZyBTzqG,136,1-0,Black,<=5s vs 10-15s,2171
VmRGRbPC,93,0-1,White,<=5s vs 5-10s,1821
IZF8gdU8,88,1/2-1/2,Black,<=5s vs 15-20s,1969
EGKdn2rz,66,0-1,Black,<=5s vs 15-20s,1426
e8PhNsZp,80,1-0,Black,<=5s vs <=5s,1706
24gm4ZhF,107,1-0,White,<=5s vs 15-20s,2230
VclM4pz5,82,0-1,Black,<=5s vs 5-10s,2257
1vxLepLs,117,1-0,White,<=5s vs 10-15s,2703
Od9AFlqx,70,0-1,Black,<=5s vs 15-20s,2441
qBfIgTet,56,1-0,Black,<=5s vs 5-10s,1082
IbtRyYi1,67,1-0,White,<=5s vs 10-15s,2208
Lgff6hzy,51,1-0,White,<=5s vs 5-10s,1403
4xeNbAhK,64,0-1,Black,<=5s vs 10-15s,2397
ljPBumYW,99,1-0,White,<=5s vs 15-20s,2131
yJKirINE,48,0-1,Black,<=5s vs 15-20s,1180
S3Y70lcp,60,0-1,Black,<=5s vs <=5s,1204
fG7dYcKL,82,0-1,Black,<=5s vs 15-20s,2222
becxvVZw,69,1-0,White,<=5s vs <=5s,1352
6MuF1gzX,72,0-1,Black,<=5s vs 5-10s,2321
YKQeylvX,69,1-0,White,<=5s vs 15-20s,1761
BkheNDUr,97,1-0,White,<=5s vs 5-10s,2382
I1JAqqRU,68,0-1,Black,<=5s vs 15-20s,1669
cRJzBusf,144,1-0,Black,<=5s vs <=5s,2256
qGFIjYx3,35,1-0,White,<=5s vs 10-15s,965
FairHuet,74,0-1,Black,<=5s vs <=5s,2235
YUrdA4lB,79,1-0,White,<=5s vs 10-15s,1963
Mp5ARE8F,107,1/2-1/2,White,<=5s vs 10-15s,2617
PDjfNxqm,39,1-0,White,<=5s vs 15-20s,1177
PST63pHJ,46,1-0,Black,<=5s vs <=5s,811
AZjbhB7X,74,1/2-1/2,Black,<=5s vs <=5s,1713
AdWBbTqW,38,0-1,Black,<=5s vs 10-15s,1013
Mzb50jMf,65,0-1,White,<=5s vs 10-15s,2201
yTLOQZYr,107,1-0,White,<=5s vs 15-20s,2022
IykDyPb9,75,0-1,White,<=5s vs 10-15s,1936
v0ynb93X,53,1-0,White,<=5s vs 10-15s,1426
6a5OE0eQ,59,1-0,White,<=5s vs 5-10s,1004
GNupDZQW,122,1-0,Black,<=5s vs <=5s,2443
V1lVYh8Q,39,0-1,White,<=5s vs 5-10s,965
WymtdI0Y,66,0-1,Black,<=5s vs 15-20s,1668
Jle3ebjG,67,1-0,White,<=5s vs 15-20s,1822
IdK2LOD9,74,0-1,Black,<=5s vs 10-15s,2302
jWpPD7KI,109,1-0,White,<=5s vs 15-20s,2172
oW1dkVC8,77,1-0,White,<=5s vs 15-20s,1430
USSchZlt,86,0-1,Black,<=5s vs 5-10s,1927
D97b4mde,70,0-1,Black,<=5s vs 10-15s,1609
KZrrnoIa,49,1-0,White,<=5s vs 15-20s,1905
C2oCFQeH,75,1-0,White,<=5s vs 5-10s,2319
v0fAbrff,74,0-1,Black,<=5s vs <=5s,1464
2NMCcWcQ,166,1/2-1/2,Black,<=5s vs 5-10s,2417
cXHFUixr,38,0-1,Black,<=5s vs 10-15s,992
DdtHhH77,60,0-1,Black,<=5s vs 10-15s,2197
kOXgY1c4,59,1-0,White,<=5s vs 10-15s,1083
8DJ8bBqQ,76,1-0,Black,<=5s vs <=5s,1792
TYFSBAgz,60,1/2-1/2,Black,<=5s vs <=5s,1259
8bySH6hB,108,1-0,Black,<=5s vs <=5s,2324
wKiNYkhA,99,1-0,White,<=5s vs 5-10s,2643
dx2nlKLU,50,1-0,Black,<=5s vs 5-10s,1281
sVhnkbxT,75,1-0,White,<=5s vs 5-10s,1437
I0W1CkJR,63,1-0,White,<=5s vs 15-20s,1992
JtLTPpm0,63,1-0,White,<=5s vs 15-20s,2023
RvyYYNIZ,95,1-0,White,<=5s vs 5-10s,2545
F3qrlxcw,100,0-1,Black,<=5s vs 5-10s,2483
deIKP8hL,55,1-0,White,<=5s vs 15-20s,1537
77EbYtZE,52,0-1,Black,<=5s vs 10-15s,1601
GMll22gn,62,0-1,Black,<=5s vs 15-20s,1438
De3wyBvd,69,1-0,White,<=5s vs 5-10s,2126
CyclVrAV,80,1/2-1/2,Black,<=5s vs 15-20s,3010
D9Q66oAd,78,0-1,Black,<=5s vs 10-15s,1726
JHJhjBPK,107,1-0,White,<=5s vs 5-10s,2383
O2Az9EUo,56,0-1,Black,<=5s vs 15-20s,2005
3j8kDyfT,63,0-1,White,<=5s vs 10-15s,1250
8WPkHnQR,72,0-1,Black,<=5s vs 10-15s,2414
kYrv0DBH,80,0-1,Black,<=5s vs <=5s,2119
cISqdN80,128,0-1,Black,<=5s vs 5-10s,2661
C1QjiKY9,127,0-1,White,<=5s vs 5-10s,2259
GDrKijvR,69,1-0,White,<=5s vs 15-20s,2348
Wou2IVb5,88,0-1,Black,<=5s vs <=5s,1839
JZxI7fMN,111,1-0,White,<=5s vs 10-15s,2481
Ek8w2TZS,103,0-1,White,<=5s vs 10-15s,2091
GAa1kTjx,47,1-0,White,<=5s vs 15-20s,1088
Z4MwbZia,84,0-1,Black,<=5s vs 5-10s,2250
MfMF9bt3,91,0-1,White,<=5s vs <=5s,2210
oOT5aE6s,155,1-0,White,<=5s vs 5-10s,1815
SXeGNQVy,75,1-0,White,<=5s vs 5-10s,2290
DGzeSNSC,88,0-1,Black,<=5s vs 5-10s,2372
WysxeWxi,98,0-1,Black,<=5s vs 10-15s,1652
vac10xO4,45,1-0,White,<=5s vs 10-15s,1596
jmvQX76q,52,0-1,Black,<=5s vs 5-10s,1215
AAaJMbr2,99,1-0,White,<=5s vs 5-10s,2411
slWtvt3d,74,0-1,Black,<=5s vs 15-20s,1915
DwUylyzZ,63,1-0,White,<=5s vs 15-20s,1395
dzFZVfRg,83,1-0,White,<=5s vs 5-10s,3016
oxqi4OSI,52,0-1,Black,<=5s vs 10-15s,1463
pw9BZMGf,66,0-1,Black,<=5s vs 15-20s,2092
W0B8UpFY,109,1-0,White,<=5s vs 10-15s,2208
auCoGy9E,88,0-1,Black,<=5s vs <=5s,1440
pIvIKUYF,109,1-0,White,<=5s vs 10-15s,2597
FFJlb1jf,75,1-0,White,<=5s vs 5-10s,2177
gGL5lvg2,61,1-0,White,<=5s vs 15-20s,1152
6O286FEA,71,1-0,White,<=5s vs 10-15s,1691
2b2X3RsN,65,1-0,White,<=5s vs 10-15s,2209
m4iP0iAC,82,0-1,Black,<=5s vs 5-10s,2499
ytca8mp5,65,1-0,White,<=5s vs 10-15s,1497
EyLZ3n4Y,73,1-0,White,<=5s vs 10-15s,1528
D9mcMecC,107,1/2-1/2,White,<=5s vs 5-10s,2513
9wVU6DdV,101,1-0,White,<=5s vs 5-10s,2160
VblCwBg4,64,0-1,Black,<=5s vs 10-15s,1595
0cXwmA8Q,79,1/2-1/2,White,<=5s vs 5-10s,2660
oNOW0Jaf,49,0-1,White,<=5s vs 5-10s,2006
sRqbEpqh,82,0-1,Black,<=5s vs 15-20s,2090
51doXyQC,41,1-0,White,<=5s vs 15-20s,1302
3mzQQ1HV,91,1-0,White,<=5s vs 10-15s,2452
JQAY5ulO,102,1-0,Black,<=5s vs 5-10s,2020
0oLI8tE1,51,1-0,White,<=5s vs 5-10s,946
XLN09hFr,58,1-0,Black,<=5s vs <=5s,1965
2N4uO1fb,99,1/2-1/2,White,<=5s vs 10-15s,1716
Kj3zlxJc,124,0-1,Black,<=5s vs 15-20s,2402
Af4B6vnf,76,1-0,Black,<=5s vs <=5s,1208
Z1gO4mNe,90,0-1,Black,<=5s vs 15-20s,2038
6pRVoEwa,86,0-1,Black,<=5s vs 5-10s,1642
dKbWKcVK,52,0-1,Black,<=5s vs 15-20s,1849
JCAptlzN,53,1-0,White,<=5s vs 5-10s,966
2XovFy23,77,1-0,White,<=5s vs 15-20s,1222
I3ph1yGi,64,0-1,Black,<=5s vs 15-20s,1376
KUQKh7yW,66,0-1,Black,<=5s vs 10-15s,1270
NR9H73lo,71,1-0,White,<=5s vs <=5s,1702
ijE1tAwP,47,1-0,White,<=5s vs 10-15s,1035
iOrk6rew,63,1-0,White,<=5s vs 5-10s,964
C8CzxUei,90,1/2-1/2,Black,<=5s vs 5-10s,2219
up0UeZF5,139,1-0,White,<=5s vs 15-20s,1502
fcqDERka,56,0-1,Black,<=5s vs 10-15s,2129
np8Ly0C0,70,0-1,Black,<=5s vs 5-10s,2197
4gkU2wgN,77,1-0,White,<=5s vs 10-15s,1208
huoDa9jo,71,1-0,White,<=5s vs 10-15s,1293
txdiuHd3,32,0-1,Black,<=5s vs 15-20s,914
3A6jZYKm,99,1-0,White,<=5s vs 15-20s,2033
0IWoDzlW,43,1-0,White,<=5s vs 5-10s,1339
gGnJlqVV,63,1-0,White,<=5s vs 15-20s,2168
bnauwHfu,69,0-1,White,<=5s vs 5-10s,1729
qwcp5LwD,60,0-1,Black,<=5s vs 5-10s,1109
Jackx9AV,68,1-0,Black,<=5s vs <=5s,2173
Jw5oYMov,112,0-1,Black,<=5s vs 5-10s,2021
JxpTzL0N,57,0-1,White,<=5s vs 5-10s,2026
ogqD3MrI,71,1-0,White,<=5s vs 10-15s,1518
r2LDYXSl,72,0-1,Black,<=5s vs 15-20s,1814
jq8vNE7C,70,1-0,Black,<=5s vs 10-15s,1023
0qstKdZS,54,0-1,Black,<=5s vs 10-15s,1110
2oHCh29w,43,1-0,White,<=5s vs 15-20s,1521
IFVLRYqn,51,1-0,White,<=5s vs 10-15s,1541
xmgLV5F1,50,0-1,Black,<=5s vs 15-20s,1175
FcrP6Y9g,62,0-1,Black,<=5s vs 10-15s,1706
untOhloh,64,0-1,Black,<=5s vs 5-10s,1773
0WHrNd1T,95,1-0,White,<=5s vs 15-20s,2120
03WJOxda,84,0-1,Black,<=5s vs 10-15s,2090
B9Fw64yq,65,1-0,White,<=5s vs 10-15s,896
7UCHKGN4,62,0-1,Black,<=5s vs <=5s,1849
0xdhKOHz,79,1-0,White,<=5s vs 15-20s,2242
OvzIghNb,79,1-0,White,<=5s vs 15-20s,722
TPiaIsSU,121,1-0,White,<=5s vs 15-20s,1822
slwnCS9n,65,1-0,White,<=5s vs 15-20s,1412
GmJ0MINW,54,0-1,Black,<=5s vs <=5s,1345
KFXe4LvW,53,1-0,White,<=5s vs 15-20s,1358
VQoVhSRP,68,0-1,Black,<=5s vs <=5s,2211
Fw9QfLcQ,64,0-1,Black,<=5s vs 5-10s,1859
OSEimxAy,68,0-1,Black,<=5s vs <=5s,1660
mlC0AyzZ,81,1-0,White,<=5s vs 10-15s,1601
eg0ntBi4,58,0-1,Black,<=5s vs 5-10s,1347
n6nK1aBB,70,0-1,Black,<=5s vs 5-10s,1603
QON1zmXz,137,1-0,White,<=5s vs 10-15s,2454
Bood4HeZ,53,1-0,White,<=5s vs 15-20s,1791
WdK9z8S7,79,1-0,White,<=5s vs 10-15s,1686
3ZEFNBLb,84,0-1,Black,<=5s vs 5-10s,2091
xgIOzUBd,110,0-1,Black,<=5s vs 15-20s,2672
AUkz6Oj3,52,0-1,Black,<=5s vs 10-15s,1612
7BBYVz6i,129,1/2-1/2,White,<=5s vs 5-10s,2302
3YSeA6RP,43,1-0,White,<=5s vs 15-20s,1738
Kqv9LPiv,72,0-1,Black,<=5s vs 5-10s,1494
vgYQsWup,66,0-1,Black,<=5s vs 5-10s,1430
lBBgUCS9,100,0-1,Black,<=5s vs 15-20s,2893
71oIChOF,82,1-0,Black,<=5s vs <=5s,2027
JU0HKUB2,67,0-1,White,<=5s vs 15-20s,1141
Y8lWyKHh,97,1-0,White,<=5s vs 15-20s,1855
bHc4P97B,68,0-1,Black,<=5s vs 15-20s,2020
DK5IihWw,83,1-0,White,<=5s vs 10-15s,2429
0HbQ5KP9,73,0-1,White,<=5s vs 5-10s,2448
2UeBlewY,60,0-1,Black,<=5s vs 10-15s,2022
CniuqVQk,56,0-1,Black,<=5s vs <=5s,977
WQDHJY2B,72,1-0,Black,<=5s vs 10-15s,2083
nUdsPtb0,102,0-1,Black,<=5s vs 15-20s,2446
GXDLLoBw,93,1-0,White,<=5s vs 10-15s,1174
VVoAgMbn,106,0-1,Black,<=5s vs 10-15s,2622
VHH2wbmn,51,1-0,White,<=5s vs 15-20s,1751
KpWQzSNz,66,0-1,Black,<=5s vs <=5s,1830
6t9sgXTY,41,1-0,White,<=5s vs 10-15s,1511
BNCDMeuF,77,1-0,White,<=5s vs 5-10s,2020
jGGWrCSu,105,1-0,White,<=5s vs 10-15s,2802
j4vCc5t4,65,1-0,White,<=5s vs 10-15s,2008
GzWJ8djU,88,1-0,Black,<=5s vs <=5s,1679
peOuJmlp,46,1-0,Black,<=5s vs 5-10s,1219
CeUFmrhn,61,0-1,White,<=5s vs 5-10s,1330
Z2bkHNav,65,1-0,White,<=5s vs 5-10s,1245
vIf2Xkaq,68,0-1,Black,<=5s vs <=5s,2245
EFAv0cNW,53,1-0,White,<=5s vs 5-10s,1566
rJEhvgV4,85,1-0,White,<=5s vs 5-10s,1435
g6yBzV9E,41,1-0,White,<=5s vs 10-15s,946
69JfDe4J,71,1-0,White,<=5s vs 10-15s,1412
FvcWinOc,64,0-1,Black,<=5s vs 10-15s,1156
QBn5UFgH,57,1-0,White,<=5s vs 10-15s,2672
156MWmjE,78,0-1,Black,<=5s vs 5-10s,2619
rsruA2Bk,51,1-0,White,<=5s vs 15-20s,1308
GQDnA6wv,102,1-0,Black,<=5s vs <=5s,2034
VucBSGuR,91,1-0,White,<=5s vs 5-10s,2532
gq1AKzE2,86,1/2-1/2,Black,<=5s vs <=5s,1982
N3T7PXnN,64,0-1,Black,<=5s vs 10-15s,2191
rISRmXUX,42,0-1,Black,<=5s vs 15-20s,861
rDkPHM8z,44,0-1,Black,<=5s vs 15-20s,1746
2wCwE5xe,83,1-0,White,<=5s vs 10-15s,1672
Z1kD8Dmt,93,1-0,White,<=5s vs 15-20s,2347
P8mqOhx0,81,1-0,White,<=5s vs 10-15s,1966
SI0QCIed,110,0-1,Black,<=5s vs 5-10s,2898
NWashkkd,62,1-0,Black,<=5s vs <=5s,1223
89cPcjPk,98,0-1,Black,<=5s vs 10-15s,2235
0S82QURZ,76,0-1,Black,<=5s vs 10-15s,2280
fUZ34gpY,51,0-1,White,<=5s vs 10-15s,1455
Cesy4CVX,58,0-1,Black,<=5s vs 5-10s,1177
xItPe0QH,130,0-1,Black,<=5s vs 15-20s,1861
qqgyENc2,209,1/2-1/2,White,<=5s vs 10-15s,2284
FHp59T7J,89,1-0,White,<=5s vs 10-15s,2727
wUU2rZWE,62,0-1,Black,<=5s vs 15-20s,2173
KDvvhn9M,102,0-1,Black,<=5s vs 10-15s,2391
JwOC7298,83,1-0,White,<=5s vs 15-20s,2365
uVTi2dD8,41,1-0,White,<=5s vs 15-20s,891
mgo19niu,37,1-0,White,<=5s vs 15-20s,1089
eo6ocfEc,62,0-1,Black,<=5s vs 10-15s,1499
tqQ9axc3,41,1-0,White,<=5s vs 5-10s,1110
J8MBSVkt,98,0-1,Black,<=5s vs 10-15s,1526
9dHcHK4u,115,1/2-1/2,White,<=5s vs 10-15s,2067
9OxSMeX9,66,0-1,Black,<=5s vs 10-15s,1585
7xfNOuEL,72,0-1,Black,<=5s vs 10-15s,2163
QRagN9Kf,103,1-0,White,<=5s vs 10-15s,2449
YFJbHFdl,59,1-0,White,<=5s vs 15-20s,1203
qvmYb7La,70,0-1,Black,<=5s vs 5-10s,1906
AY8BWCSh,70,0-1,Black,<=5s vs <=5s,1700
Rq5VHH81,74,0-1,Black,<=5s vs 10-15s,2412
OCUEVH65,56,1-0,Black,<=5s vs <=5s,1629
OFlBQ2vi,55,0-1,White,<=5s vs <=5s,1303
SbQhe2LN,66,0-1,Black,<=5s vs 5-10s,2088
MUxQUMXk,165,1-0,White,<=5s vs 10-15s,2112
9gmiq56Y,55,1-0,White,<=5s vs 15-20s,2307
nXCGVOuB,74,0-1,Black,<=5s vs <=5s,1680
riNQrcD4,59,1-0,White,<=5s vs 5-10s,1270
g31Mp4NO,75,1-0,White,<=5s vs 10-15s,2099
2ePpy67v,95,1-0,White,<=5s vs 5-10s,2775
4wAaHbPG,100,1/2-1/2,Black,<=5s vs 5-10s,2357
QAdOxo7B,56,0-1,Black,<=5s vs 15-20s,1378
NmWMCjt5,84,1-0,Black,<=5s vs <=5s,1899
vtLPmwYS,130,0-1,Black,<=5s vs 5-10s,2689
SiB3Fknm,50,0-1,Black,<=5s vs 10-15s,920
0EYQgyQf,56,0-1,Black,<=5s vs 10-15s,2470
hPVXAq8H,73,1-0,White,<=5s vs 5-10s,1156
ARYK2SsB,77,1-0,White,<=5s vs 10-15s,2487
PXqhqefh,110,1-0,Black,<=5s vs 15-20s,1964
2xEuGY0m,108,0-1,Black,<=5s vs 5-10s,2296
ShsoERk3,81,0-1,White,<=5s vs 5-10s,2159
kaXSfXAV,64,0-1,Black,<=5s vs 15-20s,2480
l31IHqHC,65,1-0,White,<=5s vs <=5s,1652
boFshk65,64,0-1,Black,<=5s vs 10-15s,1772
2lYXqpf2,60,0-1,Black,<=5s vs 10-15s,2067
2wsJsVDI,60,0-1,Black,<=5s vs 5-10s,2027
jf8tC1U2,65,1-0,White,<=5s vs 15-20s,1259
G3u7uuYj,72,0-1,Black,<=5s vs 10-15s,1715
fXlX61vj,52,0-1,Black,<=5s vs 5-10s,926
sSIwX5ZR,61,1-0,White,<=5s vs 5-10s,1417
OKiafuFP,98,0-1,Black,<=5s vs 15-20s,1897
wq4Q8xnv,127,1-0,White,<=5s vs 5-10s,2404
0zFaJzCw,65,1-0,White,<=5s vs 10-15s,1866
DXsd6B2s,57,1-0,White,<=5s vs 15-20s,2000
33nT8808,116,1-0,Black,<=5s vs <=5s,2249
BieP1MlC,83,1-0,White,<=5s vs 15-20s,2401
O2ZRixyk,57,1-0,White,<=5s vs 5-10s,1573
gJZKr3hc,52,0-1,Black,<=5s vs 10-15s,1231
bi93GBPD,85,1-0,White,<=5s vs 10-15s,2243
yQ0wnOYp,57,1-0,White,<=5s vs 5-10s,1184
F1jiYW0L,67,0-1,White,<=5s vs 5-10s,1876
skNy4Hw4,88,0-1,Black,<=5s vs 5-10s,2503
IZP4DaVS,84,1-0,Black,<=5s vs <=5s,859
SAuFMbZB,125,1-0,White,<=5s vs 15-20s,2007
lBwo0XSe,50,0-1,Black,<=5s vs 5-10s,1091
lQlP0uX0,83,1-0,White,<=5s vs 15-20s,1979
iSzu6kCG,91,1-0,White,<=5s vs 15-20s,1853
soTW3OCp,59,1-0,White,<=5s vs 15-20s,2032
yAIxlREP,97,0-1,White,<=5s vs 5-10s,2294
q3Di2n3l,76,0-1,Black,<=5s vs 5-10s,1980
gVHLyPKj,74,0-1,Black,<=5s vs 10-15s,1851
s6g1sCz1,51,1-0,White,<=5s vs 10-15s,1205
44M02RX6,50,0-1,Black,<=5s vs 10-15s,1824
aqQMK7EE,65,1-0,White,<=5s vs 10-15s,1920
NMFDFlzk,84,0-1,Black,<=5s vs 5-10s,1801
OIzO273z,77,1-0,White,<=5s vs 15-20s,2059
r3xoWJAo,106,0-1,Black,<=5s vs 10-15s,2317
PIJ8Bwjk,114,0-1,Black,<=5s vs 5-10s,2145
mv7DGYJY,65,1-0,White,<=5s vs 15-20s,1792
g2GZYG8R,135,1/2-1/2,White,<=5s vs 5-10s,2016
bXoqgeDR,138,1/2-1/2,Black,<=5s vs <=5s,2262
Z1kuzQbV,38,0-1,Black,<=5s vs 10-15s,1625
GNWB7lU6,136,1/2-1/2,Black,<=5s vs <=5s,2965
gexnTbqh,97,0-1,White,<=5s vs 5-10s,2900
AJ5PV8K6,60,1-0,Black,<=5s vs 5-10s,2070
24fbas3V,77,1/2-1/2,White,<=5s vs 15-20s,2181
72oHojzk,54,0-1,Black,<=5s vs 15-20s,2133
7aL7d9Lj,89,1-0,White,<=5s vs 10-15s,2311
e9tohIvb,61,1-0,White,<=5s vs 15-20s,2054
1Ubwo1LB,63,0-1,White,<=5s vs 5-10s,1057
Clh0mczP,82,1-0,Black,<=5s vs 15-20s,1694
fj3FWlfw,49,1-0,White,<=5s vs 15-20s,907
P6NYgydQ,69,1-0,White,<=5s vs 10-15s,957
YBaG6RUL,114,0-1,Black,<=5s vs 5-10s,2995
Jcjrgf6o,53,1-0,White,<=5s vs 10-15s,1903
gyOeoXFX,73,1-0,White,<=5s vs 10-15s,1874
TyVZA1iQ,82,0-1,Black,<=5s vs 10-15s,2710
rZzMp19v,55,1-0,White,<=5s vs 15-20s,2006
ZxHfCbw6,106,1-0,Black,<=5s vs <=5s,2218
I0rjgJNz,109,0-1,White,<=5s vs 10-15s,1987
EGoL1IuF,138,0-1,Black,<=5s vs 10-15s,2052
gw6sYBgO,55,1-0,White,<=5s vs 5-10s,1198
rZEl0rW5,71,1-0,White,<=5s vs 10-15s,2093
NjTVNtcM,48,0-1,Black,<=5s vs 10-15s,1225
UjASKQfm,125,1/2-1/2,White,<=5s vs 5-10s,2616
DNDfos4R,39,1-0,White,<=5s vs 10-15s,939
EeaEC7YW,81,0-1,White,<=5s vs 5-10s,2232
kOnTfzLM,97,0-1,White,<=5s vs 5-10s,1891
SrNvctr5,103,1-0,White,<=5s vs 15-20s,2358
9vrXo1FK,68,0-1,Black,<=5s vs 5-10s,1807
sWMzatUM,75,0-1,White,<=5s vs <=5s,2543
n8j5SWC1,68,0-1,Black,<=5s vs <=5s,1961
j32wKqKG,68,0-1,Black,<=5s vs <=5s,1210
6TGUZj1v,49,1-0,White,<=5s vs 15-20s,941
UAu4PnN1,91,1-0,White,<=5s vs 10-15s,2170
eRxc9oNr,70,0-1,Black,<=5s vs 10-15s,2104
qkecGOmD,72,0-1,Black,<=5s vs 5-10s,2276
eGZh79IR,82,0-1,Black,<=5s vs 5-10s,2363
EhKu1q5l,88,0-1,Black,<=5s vs 15-20s,2573
ARHagro9,118,0-1,Black,<=5s vs 10-15s,2303
34cMjBMX,51,0-1,White,<=5s vs 5-10s,1486
vBO9M2pn,49,1-0,White,<=5s vs 10-15s,1073
XdPZrBA8,82,0-1,Black,<=5s vs <=5s,1826
FdbIZ145,156,1-0,Black,<=5s vs <=5s,2425
8hvPsRXs,133,1-0,White,<=5s vs 15-20s,1938
xl3kEbhW,41,1-0,White,<=5s vs 5-10s,691
Lc2gq46n,64,0-1,Black,<=5s vs 15-20s,1400
Jr2bB0vh,86,0-1,Black,<=5s vs 5-10s,2330
SNzSM5og,68,1-0,Black,<=5s vs <=5s,1497
yiCEr2Rt,69,1-0,White,<=5s vs 10-15s,1924
tmPeBzey,74,0-1,Black,<=5s vs <=5s,1566
Q3l9JW6T,67,1-0,White,<=5s vs 10-15s,1755
Z7FHi1pq,58,0-1,Black,<=5s vs 5-10s,2074
tVj3EBVI,42,0-1,Black,<=5s vs 15-20s,1511
TSylh2kO,83,1-0,White,<=5s vs 5-10s,1655
CUpM97Wo,101,1-0,White,<=5s vs 15-20s,1726
sXK6op1N,118,0-1,Black,<=5s vs 5-10s,1854
VOG51vSQ,71,1-0,White,<=5s vs 15-20s,2461
0N8uAnD9,50,0-1,Black,<=5s vs 10-15s,1684
EYcwmrTh,99,1-0,White,<=5s vs <=5s,2141
Uyismina,70,0-1,Black,<=5s vs 15-20s,2255
VUmT83Kk,55,1-0,White,<=5s vs 15-20s,2239
zQLKueeR,65,1-0,White,<=5s vs 5-10s,2175
mCJdDU1B,77,1-0,White,<=5s vs 15-20s,2204
jf8HEVHN,112,1-0,Black,<=5s vs <=5s,2464
7lc8Va1x,71,0-1,White,<=5s vs <=5s,2148
But7m0as,59,1-0,White,<=5s vs 5-10s,1102
JLwswf2r,61,1-0,White,<=5s vs 5-10s,1895
8oHHjQCE,117,1-0,White,<=5s vs 5-10s,3013
NjJ0M5OL,94,0-1,Black,<=5s vs 10-15s,2554
JP5Z4I6A,73,0-1,White,<=5s vs <=5s,2085
VsrQBoQK,43,1-0,White,<=5s vs 5-10s,1399
zTQLNHXY,69,1-0,White,<=5s vs 15-20s,1763
YW7ey3wD,80,0-1,Black,<=5s vs 10-15s,2225
A2XWAVM0,100,0-1,Black,<=5s vs 10-15s,1902
nWUYCoNm,57,1-0,White,<=5s vs 15-20s,1542
4Rs5UCOd,70,0-1,Black,<=5s vs 15-20s,1912
O7UvhiYF,65,1-0,White,<=5s vs 10-15s,2243
nXY2EzPL,66,0-1,Black,<=5s vs 10-15s,1902
OUYCv4wM,46,0-1,Black,<=5s vs 5-10s,1505
5PQg3DWO,37,1-0,White,<=5s vs 15-20s,2013
N8Y7qf1O,55,1-0,White,<=5s vs 15-20s,1874
TG7pHAud,60,0-1,Black,<=5s vs <=5s,1500
WNimKzGp,80,0-1,Black,<=5s vs 10-15s,2248
UsvebJWJ,104,1-0,Black,<=5s vs <=5s,1962
TJBFQx35,86,0-1,Black,<=5s vs 10-15s,2599
KKaG7ouH,92,1/2-1/2,Black,<=5s vs 5-10s,2236
qiVliZDJ,61,1-0,White,<=5s vs 5-10s,1497
EKwHJCRG,96,0-1,Black,<=5s vs 15-20s,1978
RtA0XI49,82,1-0,Black,<=5s vs 5-10s,2334
4b6RpNjF,104,1-0,Black,<=5s vs 5-10s,2936
N5LIFusn,68,0-1,Black,<=5s vs 15-20s,1275
24NihRoM,53,1-0,White,<=5s vs 15-20s,1195
35QM1bSr,51,1-0,White,<=5s vs 15-20s,1420
nMHTAB8h,77,1-0,White,<=5s vs 10-15s,1733
DoF59wqX,105,0-1,White,<=5s vs 5-10s,1787
RVi3i1Wt,78,0-1,Black,<=5s vs 10-15s,1404
HjoJytod,75,1-0,White,<=5s vs 5-10s,2108
zFaA70mc,71,1-0,White,<=5s vs 15-20s,2174
Gx2D15pK,87,1-0,White,<=5s vs 5-10s,2027
W9qrQXmS,126,1/2-1/2,Black,<=5s vs 5-10s,2709
c7BGbSUR,75,1-0,White,<=5s vs 10-15s,1520
irpASLsw,57,1-0,White,<=5s vs 10-15s,1055
wUz0IRVD,70,0-1,Black,<=5s vs 15-20s,1528
LLxx3UDE,119,1/2-1/2,White,<=5s vs 15-20s,2492
DQenDiIU,81,1-0,White,<=5s vs 10-15s,1771
WeLppoJv,72,0-1,Black,<=5s vs 10-15s,2321
Q5G7MMVD,78,0-1,Black,<=5s vs 5-10s,2540
5MQGGDFM,56,0-1,Black,<=5s vs 15-20s,1701
koJucL8f,63,1-0,White,<=5s vs 10-15s,1819
4iylDWjy,59,1-0,White,<=5s vs 15-20s,2131
9lxO3bUe,62,1-0,Black,<=5s vs 5-10s,2314
XNGlJ5ju,98,0-1,Black,<=5s vs <=5s,2321
Kq5Y8Ybw,86,0-1,Black,<=5s vs 5-10s,1896
209f7UrP,74,0-1,Black,<=5s vs 10-15s,2047
TuD1RRiu,33,0-1,White,<=5s vs 10-15s,428
cmdS1X86,52,0-1,Black,<=5s vs 10-15s,2191
jMwFdsHe,44,0-1,Black,<=5s vs 15-20s,1080
VAvYn6bp,44,0-1,Black,<=5s vs 10-15s,1444
fFyFTlzL,49,1-0,White,<=5s vs 5-10s,720
0FL46ZQq,100,0-1,Black,<=5s vs 15-20s,2512
z9Cvvmph,75,0-1,White,<=5s vs <=5s,1891
KHaxaKki,59,1-0,White,<=5s vs 10-15s,2409
XA8Lw3cf,107,1/2-1/2,White,<=5s vs 5-10s,2395
QVVPHr2l,43,1-0,White,<=5s vs 5-10s,870
dq83qLTc,45,1-0,White,<=5s vs 5-10s,1501
fK2i8gPS,67,1-0,White,<=5s vs 5-10s,2003
k64DmNzK,84,0-1,Black,<=5s vs 5-10s,1183
JsjPbjdv,96,0-1,Black,<=5s vs 15-20s,2501
2SwO6gsz,42,0-1,Black,<=5s vs 15-20s,1086
PtkQjgdv,75,1-0,White,<=5s vs 15-20s,2053
8wdCb8WP,99,0-1,White,<=5s vs <=5s,2386
256PLY39,49,1-0,White,<=5s vs 5-10s,1493
BWRedT1q,74,0-1,Black,<=5s vs 5-10s,2180
O7Wa056Q,85,1-0,White,<=5s vs 5-10s,2578
qGlNmjRO,98,0-1,Black,<=5s vs 10-15s,1759
Qu3Crdei,147,1-0,White,<=5s vs 15-20s,2420
cqdfotor,107,1-0,White,<=5s vs 10-15s,2532
yumLpQST,71,1-0,White,<=5s vs 5-10s,1519
iBY3sYg3,73,1-0,White,<=5s vs 10-15s,1730
q91cdr6f,77,1-0,White,<=5s vs 5-10s,1755
KV6OwKAG,71,1-0,White,<=5s vs 15-20s,1068
q1RIO1xy,64,0-1,Black,<=5s vs 15-20s,1802
N2sNi9xg,67,1-0,White,<=5s vs 15-20s,2191
5hdlQWys,42,0-1,Black,<=5s vs 10-15s,873
RvFIR9Tj,127,1/2-1/2,White,<=5s vs 5-10s,2695
6XlrHiVu,72,0-1,Black,<=5s vs 10-15s,2512
XmhBs3nF,83,1-0,White,<=5s vs 5-10s,1594
4sy4d2F3,67,1-0,White,<=5s vs 10-15s,2167
0AiuEHib,106,0-1,Black,<=5s vs 5-10s,1969
GOvfG8Gi,83,1-0,White,<=5s vs 10-15s,2407
V9qsGNIs,74,0-1,Black,<=5s vs 10-15s,1856
oQiloYYg,54,0-1,Black,<=5s vs 15-20s,1364
CDtgl5Aj,38,0-1,Black,<=5s vs 15-20s,1313
1iUdh0Pv,100,0-1,Black,<=5s vs 15-20s,2921
evM6Eudk,112,0-1,Black,<=5s vs 15-20s,2186
d6EyR9cS,91,1-0,White,<=5s vs <=5s,2009
jTk1a7uI,122,0-1,Black,<=5s vs <=5s,2487
6ei5brFZ,71,1-0,White,<=5s vs 15-20s,2319
9LI8CN3A,79,1-0,White,<=5s vs 10-15s,1888
mgMAJ2MA,75,1-0,White,<=5s vs 5-10s,1899
8XtbV9Pg,42,0-1,Black,<=5s vs 15-20s,779
Oju36dgt,133,1-0,White,<=5s vs 15-20s,2076
AKcEn7jZ,56,1-0,Black,<=5s vs <=5s,1764
JKGkcPQl,57,1-0,White,<=5s vs 10-15s,2104
wAlfyHiE,84,1-0,Black,<=5s vs <=5s,2626
O7NViZfL,71,1-0,White,<=5s vs 10-15s,2126
QRcudj05,107,0-1,White,<=5s vs <=5s,2416
7iP6lhib,43,1-0,White,<=5s vs 5-10s,1377
8GAnaGqb,109,1-0,White,<=5s vs 5-10s,2148
VlpVCreY,73,0-1,White,<=5s vs 5-10s,1896
ZH6Eus8a,63,1-0,White,<=5s vs 15-20s,1318
FoXwQgPs,51,0-1,White,<=5s vs 5-10s,1465
DwRnYR6h,64,0-1,Black,<=5s vs 15-20s,1764
lUtZRwXX,70,0-1,Black,<=5s vs <=5s,947
b7G7Sswl,80,0-1,Black,<=5s vs 5-10s,1564
RSKaX7YX,94,1-0,Black,<=5s vs <=5s,2818
jtYrs46a,67,1-0,White,<=5s vs 5-10s,1761
4VWC8cz1,73,1-0,White,<=5s vs 15-20s,1322
TtJAomtp,54,1-0,Black,<=5s vs 15-20s,1550
368zLi3H,62,0-1,Black,<=5s vs 5-10s,2073
mw5voYDe,56,0-1,Black,<=5s vs 15-20s,1950
MWRRi1Qz,70,0-1,Black,<=5s vs 5-10s,1810
3QtHopHB,75,1-0,White,<=5s vs 10-15s,1533
iwk6Q7LF,80,0-1,Black,<=5s vs 10-15s,2437
nFvWba1O,133,1-0,White,<=5s vs 10-15s,2404
r0s13A2A,43,1-0,White,<=5s vs 15-20s,952
eXk83SJ0,44,0-1,Black,<=5s vs 10-15s,1510
PEph3nbg,81,1/2-1/2,White,<=5s vs 5-10s,2303
cQbAafZ4,54,0-1,Black,<=5s vs 15-20s,1178
MCIKIdVI,87,0-1,White,<=5s vs <=5s,1951
35YTAvMy,41,1-0,White,<=5s vs 15-20s,1608
86oSFlPp,88,0-1,Black,<=5s vs 15-20s,2461
n08vJY3S,63,1-0,White,<=5s vs 10-15s,1880
1e6p4NtT,95,1-0,White,<=5s vs <=5s,2091
Z4xvwmmF,84,1-0,Black,<=5s vs <=5s,2438
0P3G2yjo,34,0-1,Black,<=5s vs 10-15s,752
NVGqSpbW,73,1-0,White,<=5s vs 5-10s,2353
R9C1iSV9,120,0-1,Black,<=5s vs 5-10s,2679
k06usdsO,75,1-0,White,<=5s vs 5-10s,1710
m20dgFdG,50,0-1,Black,<=5s vs 15-20s,1888
DL59RbKp,58,0-1,Black,<=5s vs 5-10s,1991
wZhS87yb,77,1-0,White,<=5s vs 5-10s,1948
JqpvnEXp,73,1-0,White,<=5s vs 15-20s,2259
oSeMAAdE,67,1-0,White,<=5s vs 5-10s,1358
uH0Cceox,128,0-1,Black,<=5s vs 15-20s,2559
SwyWUPsL,69,1-0,White,<=5s vs 5-10s,1891
1uvlaKcq,63,1-0,White,<=5s vs <=5s,2010
PjEaFI27,68,0-1,Black,<=5s vs <=5s,2236
3VgWe1WO,148,1/2-1/2,Black,<=5s vs <=5s,2303
jeZgJA3O,83,1-0,White,<=5s vs 10-15s,1983
0YHuHl8T,118,0-1,Black,<=5s vs 15-20s,2171
UHFLdcdb,48,0-1,Black,<=5s vs 10-15s,1351
sVCw6yah,114,1-0,Black,<=5s vs 5-10s,2590
0GH9zgjL,53,0-1,White,<=5s vs 5-10s,1211
TZUslDXh,60,0-1,Black,<=5s vs 15-20s,1300
dYA3MVRS,171,1/2-1/2,White,<=5s vs 15-20s,2618
0CYxGRqm,98,1/2-1/2,Black,<=5s vs 5-10s,2675
qmIv0Uhs,84,0-1,Black,<=5s vs <=5s,1691
ebgJVvia,42,0-1,Black,<=5s vs 15-20s,1043
ufyyl813,98,0-1,Black,<=5s vs 15-20s,1898
fbXG2pUr,66,0-1,Black,<=5s vs 5-10s,1803
t0VATgY3,52,0-1,Black,<=5s vs 15-20s,1964
KATk3pvc,34,0-1,Black,<=5s vs <=5s,818
ZNh7Uvo1,59,1-0,White,<=5s vs 10-15s,1404
CQUVR66r,76,0-1,Black,<=5s vs 5-10s,2211
OXGXGziP,45,0-1,White,<=5s vs 5-10s,1001
rrWth1RZ,49,1-0,White,<=5s vs 15-20s,1292
R0CP3pRK,39,1-0,White,<=5s vs 15-20s,1152
V9KTu6uy,68,0-1,Black,<=5s vs 5-10s,2067
soxmzmkh,80,0-1,Black,<=5s vs <=5s,1777
4L6kpVJJ,71,1-0,White,<=5s vs 15-20s,1665
Aijp3gX3,69,1-0,White,<=5s vs 10-15s,2211
bXlhicJ3,57,1-0,White,<=5s vs 10-15s,1676
rL3L6LYP,59,1-0,White,<=5s vs 10-15s,1615
kM19tSHU,73,1-0,White,<=5s vs 5-10s,1291
GcoKyJPn,96,0-1,Black,<=5s vs 15-20s,2366
kTi3j1vV,71,1-0,White,<=5s vs 10-15s,1364
HRetPAX5,62,0-1,Black,<=5s vs 5-10s,1212
U1Zc1dCp,114,1/2-1/2,Black,<=5s vs 5-10s,1829
hsop6g8J,59,0-1,White,<=5s vs <=5s,1002
qL7Ar3Io,48,0-1,Black,<=5s vs 15-20s,1160
V5wirl79,42,0-1,Black,<=5s vs <=5s,979
9urW1KIT,104,0-1,Black,<=5s vs 15-20s,2239
EiBHDWhu,81,1-0,White,<=5s vs 5-10s,2009
znrlji6u,68,0-1,Black,<=5s vs 15-20s,1224
HRrRfFFE,114,1/2-1/2,Black,<=5s vs 15-20s,2561
jBczsMMS,40,0-1,Black,<=5s vs 10-15s,931
7W4M6H0b,108,1-0,Black,<=5s vs 5-10s,2016
8XgmI7It,62,0-1,Black,<=5s vs 5-10s,1310
0V8jhC5B,66,1-0,Black,<=5s vs 5-10s,2101
pB7JIAeX,67,1-0,White,<=5s vs 15-20s,1991
0oGSGFoC,70,0-1,Black,<=5s vs 10-15s,1142
nZ2g8msM,60,0-1,Black,<=5s vs 5-10s,1320
4RDNmuDp,66,0-1,Black,<=5s vs 15-20s,1780
0V10UTGZ,81,0-1,White,<=5s vs <=5s,2124
OZLi7nEI,62,0-1,Black,<=5s vs 15-20s,1090
hb4Hy3wX,64,0-1,Black,<=5s vs <=5s,1549
dGwZTeYW,111,1-0,White,<=5s vs 15-20s,2491
JZUbsfOH,95,1-0,White,<=5s vs 10-15s,2184
mRtqKFiq,96,0-1,Black,<=5s vs 10-15s,1968
6WC4E9Zh,107,1-0,White,<=5s vs 10-15s,2986
GMxUDMMh,71,0-1,White,<=5s vs 5-10s,2413
G5cT7Fyx,67,1-0,White,<=5s vs 5-10s,1217
51FHz7T3,90,0-1,Black,<=5s vs 15-20s,1869
4B2EkyW3,90,0-1,Black,<=5s vs 5-10s,2442
w1ss15X0,56,0-1,Black,<=5s vs 10-15s,2078
KcKiqqyV,43,1-0,White,<=5s vs 10-15s,1136
ZPibNKLs,78,0-1,Black,<=5s vs 15-20s,2855
kj7bv9ga,40,0-1,Black,<=5s vs 5-10s,712
dnAcxHzA,64,0-1,Black,<=5s vs 5-10s,1960
tnZh0yRm,64,0-1,Black,<=5s vs 15-20s,1904
Fns555kg,76,0-1,Black,<=5s vs 5-10s,2266
kEVMtFno,98,1/2-1/2,Black,<=5s vs 10-15s,2491
3XXue4eE,82,0-1,Black,<=5s vs 5-10s,1525
GpreUsU7,50,0-1,Black,<=5s vs 15-20s,2095
AHOwNnlH,63,1-0,White,<=5s vs 10-15s,1789
SDRf83r6,57,1-0,White,<=5s vs <=5s,983
nPH7CsWL,95,1-0,White,<=5s vs 15-20s,2336
lSWpuQWQ,58,0-1,Black,<=5s vs 5-10s,1303
idn9oUBw,41,1-0,White,<=5s vs 15-20s,1041
w3IEVseG,79,0-1,White,<=5s vs 5-10s,2255
O2mIjC1F,114,0-1,Black,<=5s vs 10-15s,2521
Wo4rodbU,97,0-1,White,<=5s vs <=5s,1777
MRyBoZwv,52,0-1,Black,<=5s vs 10-15s,1631
OlSiRw5O,70,0-1,Black,<=5s vs 5-10s,1005
Tqw2MBKC,71,0-1,White,<=5s vs 5-10s,1798
D4PI98cp,40,0-1,Black,<=5s vs 15-20s,880
WpmCZ71d,76,0-1,Black,<=5s vs 10-15s,2404
B7mdouqY,76,0-1,Black,<=5s vs 5-10s,2000
OlexmgMx,124,1-0,Black,<=5s vs 5-10s,2587
AGgsvnk9,97,0-1,White,<=5s vs 5-10s,2404
8EE2FUZE,91,1-0,White,<=5s vs 10-15s,2190
5D32M3Mu,80,0-1,Black,<=5s vs 5-10s,1884
AkY4Whf9,63,0-1,White,<=5s vs 5-10s,747
L9lDfhUH,57,0-1,White,<=5s vs <=5s,1213
UN4MsYiN,67,1-0,White,<=5s vs 5-10s,2334
iw70XS9l,102,0-1,Black,<=5s vs 15-20s,2312
Ds3jI1nR,89,0-1,White,<=5s vs <=5s,2051
YrHn7jP0,43,1-0,White,<=5s vs 10-15s,730
BTcijxya,89,1-0,White,<=5s vs 10-15s,2208
2JTsbJzq,82,0-1,Black,<=5s vs 5-10s,2453
Qu7nz30x,66,0-1,Black,<=5s vs 10-15s,1956
MFPlOkWY,123,1-0,White,<=5s vs <=5s,2368
Qm19VwGc,59,1-0,White,<=5s vs 15-20s,1770
5HHXQHVl,82,0-1,Black,<=5s vs 10-15s,2190
2voTJtVO,89,1-0,White,<=5s vs <=5s,2132
IB9EvEFb,62,0-1,Black,<=5s vs 5-10s,1888
VWiunpAk,56,0-1,Black,<=5s vs 10-15s,1964
5ZYyrurW,68,0-1,Black,<=5s vs 10-15s,2573
DY2RxUGY,85,1-0,White,<=5s vs 5-10s,2349
5SU1l21z,76,0-1,Black,<=5s vs 10-15s,1958
Hfu3ejrb,83,1-0,White,<=5s vs 10-15s,2228
YiJNcRvz,103,1-0,White,<=5s vs 5-10s,2357
IW7m2tYM,112,0-1,Black,<=5s vs 15-20s,1891
IuvzG0T7,61,0-1,White,<=5s vs 5-10s,1274
MVIwzUpo,64,0-1,Black,<=5s vs 15-20s,2415
Of2MuBtq,78,0-1,Black,<=5s vs 15-20s,1508
7DqmVafM,138,1/2-1/2,Black,<=5s vs 5-10s,1475
GYfY5YRE,160,1/2-1/2,Black,<=5s vs <=5s,2863
NNFzkrNl,84,0-1,Black,<=5s vs 5-10s,2697
DZppOIh8,63,1-0,White,<=5s vs 15-20s,2338
o8k9sihX,52,0-1,Black,<=5s vs 15-20s,1300
1uFQL7Ok,105,1-0,White,<=5s vs 10-15s,2083
qOT04F7G,60,0-1,Black,<=5s vs 10-15s,1090
FzS7f0iO,73,1-0,White,<=5s vs 10-15s,1798
LVWAIZGb,52,0-1,Black,<=5s vs 15-20s,1301
BAT0Gkyj,91,1-0,White,<=5s vs 5-10s,2347
nMzJMaCW,57,1-0,White,<=5s vs 10-15s,1778
Wog3ORwq,139,0-1,White,<=5s vs <=5s,2535
VmSiqJj1,59,1-0,White,<=5s vs 10-15s,1624
Mswc00Ql,75,0-1,White,<=5s vs 5-10s,2372
RDw0RmWf,68,1-0,Black,<=5s vs <=5s,2403
JpdhkSrc,68,0-1,Black,<=5s vs 10-15s,2457
rnp6MHHN,45,1-0,White,<=5s vs 15-20s,1151
Pwdxoiya,70,1-0,Black,<=5s vs 10-15s,2224
ZMS7zcCN,61,1-0,White,<=5s vs 5-10s,1355
Gv95fhtu,68,0-1,Black,<=5s vs 5-10s,1652
37xHhCQD,81,1-0,White,<=5s vs 10-15s,1613
elAbYMI8,60,1-0,Black,<=5s vs <=5s,1937
f6FM4e4A,133,1-0,White,<=5s vs <=5s,2256
MvrDSwNr,67,1-0,White,<=5s vs 15-20s,2167
2Xddqpsz,86,0-1,Black,<=5s vs 15-20s,2431
v6eh3ymU,47,1-0,White,<=5s vs 10-15s,1201
Vr7AcNxA,52,0-1,Black,<=5s vs 5-10s,1204
N7alhV9l,90,1/2-1/2,Black,<=5s vs 5-10s,2066
6YG21cti,115,1-0,White,<=5s vs 5-10s,2059
gqYDOyIp,128,0-1,Black,<=5s vs 15-20s,2427
liSFw02H,68,1-0,Black,<=5s vs 5-10s,1774
V8bCIwwp,58,1-0,Black,<=5s vs 5-10s,1580
bJSbG6W1,109,1-0,White,<=5s vs 5-10s,2324
h3XsOSHd,76,0-1,Black,<=5s vs 5-10s,2660
27IzCqRn,111,1-0,White,<=5s vs 5-10s,2522
GamOJqRy,67,0-1,White,<=5s vs 5-10s,2248
3e9C0ep2,55,1-0,White,<=5s vs 15-20s,1530
EBvtiH05,46,0-1,Black,<=5s vs 5-10s,848
5nMO2c8j,54,0-1,Black,<=5s vs 15-20s,1597
ltwGygBS,43,0-1,White,<=5s vs 10-15s,1036
QxZkHqYZ,67,1-0,White,<=5s vs 5-10s,2033
DaFr0S0i,82,1-0,Black,<=5s vs 5-10s,1560
OsqELhTX,66,1-0,Black,<=5s vs <=5s,513
NPnrxMGc,79,1-0,White,<=5s vs 10-15s,2286
8WyUc9Qt,91,1-0,White,<=5s vs 5-10s,2146
BWNgyu7T,88,0-1,Black,<=5s vs 15-20s,2550
iQ11De7U,75,1-0,White,<=5s vs 15-20s,2108
7c0UYYqf,71,0-1,White,<=5s vs <=5s,1059
2VUwbdUg,81,1-0,White,<=5s vs 10-15s,1368
ztrPoDF3,86,0-1,Black,<=5s vs 10-15s,1955
C6jYLdUk,53,1-0,White,<=5s vs 5-10s,1678
chByf3ST,79,0-1,White,<=5s vs 15-20s,2144
soVyVnDq,58,0-1,Black,<=5s vs 5-10s,2094
l9Et34ga,82,0-1,Black,<=5s vs 5-10s,1795
Bxz2iuyA,84,0-1,Black,<=5s vs 15-20s,1805
yMpsu5Sf,58,0-1,Black,<=5s vs 10-15s,1449
PJl8Zmq4,71,1-0,White,<=5s vs 15-20s,1471
BxkibvSE,43,1-0,White,<=5s vs 10-15s,1302
XfCQbr1t,76,1-0,Black,<=5s vs <=5s,2076
ZclEQjgv,53,1-0,White,<=5s vs 15-20s,1407
P9za326W,96,0-1,Black,<=5s vs 5-10s,2388
XHfI36LS,106,0-1,Black,<=5s vs <=5s,1793
wmMbZqvG,100,1-0,Black,<=5s vs 10-15s,2058
RPOQjkSC,55,1-0,White,<=5s vs 5-10s,1313
VGTAHZD8,74,0-1,Black,<=5s vs 5-10s,2509
8qjMNe7N,60,0-1,Black,<=5s vs 5-10s,2095
AK18hCbt,131,1-0,White,<=5s vs <=5s,2408
ZQsLyWR4,50,0-1,Black,<=5s vs 15-20s,1230
E1ed4Tv7,47,0-1,White,<=5s vs 15-20s,1202
gesDaFKF,86,0-1,Black,<=5s vs 10-15s,2140
5uNBzwlz,61,1-0,White,<=5s vs 15-20s,2111
XXm5Z69c,91,1-0,White,<=5s vs 10-15s,2592
0LkDltEU,88,1-0,Black,<=5s vs <=5s,2039
EEOMGiiL,55,1-0,White,<=5s vs 15-20s,1771
wibhAIyL,62,0-1,Black,<=5s vs 10-15s,1263
QmOgvpCP,69,1-0,White,<=5s vs 5-10s,2416
DQShZUeF,60,0-1,Black,<=5s vs 5-10s,1317
NZdHcDPP,71,1-0,White,<=5s vs <=5s,1340
D6gQ3ClC,92,0-1,Black,<=5s vs 5-10s,1371
0QB6DqV0,79,0-1,White,<=5s vs 10-15s,2559
c4021W1n,85,0-1,White,<=5s vs 5-10s,2171
SVXFWeyb,60,1-0,Black,<=5s vs 5-10s,1805
1b8RsNTW,40,0-1,Black,<=5s vs <=5s,1223
7ySld2du,95,1-0,White,<=5s vs 5-10s,2333
mZ5x0Q2w,77,1-0,White,<=5s vs 5-10s,1509
UDnSqdOO,66,0-1,Black,<=5s vs 5-10s,1674
rwZqdmq8,76,0-1,Black,<=5s vs <=5s,2427
R5fVA3ol,58,1/2-1/2,Black,<=5s vs 5-10s,1705
iwMvUQ34,75,1-0,White,<=5s vs 5-10s,2142
xgfcNzdz,60,0-1,Black,<=5s vs 5-10s,1065
MJV5D4YV,44,0-1,Black,<=5s vs 15-20s,1100
xZtx4Rr3,127,1-0,White,<=5s vs 5-10s,2476
TV2jbKiO,63,1-0,White,<=5s vs 10-15s,2034
JqWxVHwF,46,0-1,Black,<=5s vs 15-20s,1499
zIbnWuLI,67,1-0,White,<=5s vs 15-20s,1580
dmyvYQ6Z,49,1-0,White,<=5s vs 10-15s,1058
a9fN2kdB,82,0-1,Black,<=5s vs 5-10s,2293
7yQLFGeE,77,0-1,White,<=5s vs 5-10s,1464
OWBKXaMq,76,0-1,Black,<=5s vs 15-20s,2042
1hQYhfZZ,66,0-1,Black,<=5s vs 10-15s,2124
l0hG75ss,45,1-0,White,<=5s vs 15-20s,1816
qXTdmV4p,71,1-0,White,<=5s vs 5-10s,1809
Nr4rDhXk,75,0-1,White,<=5s vs 5-10s,2176
aWawPTRs,60,0-1,Black,<=5s vs 10-15s,1621
HR9P6MQ5,74,1-0,Black,<=5s vs 5-10s,1822
7EbLgZWh,75,1-0,White,<=5s vs 5-10s,1814
JrHvi5NB,118,0-1,Black,<=5s vs <=5s,2440
DnArHyf7,60,0-1,Black,<=5s vs 10-15s,1373
JwmhITBe,72,0-1,Black,<=5s vs 15-20s,1507
N5yLtbxl,46,0-1,Black,<=5s vs 10-15s,1710
e2nsDKdv,56,0-1,Black,<=5s vs 5-10s,1201
P2i8WtH6,95,1-0,White,<=5s vs 5-10s,1093
kyX8goOM,86,0-1,Black,<=5s vs <=5s,1503
xfWXSmhS,78,0-1,Black,<=5s vs 5-10s,1638
s5lVTely,70,0-1,Black,<=5s vs 5-10s,1584
MJxVsiSa,58,1-0,Black,<=5s vs <=5s,1420
NxrETVg9,91,1-0,White,<=5s vs 10-15s,2499
mYn8g93g,55,0-1,White,<=5s vs 5-10s,1115
AXXEqUFn,59,1-0,White,<=5s vs 5-10s,1769
9EwVWAoS,51,1-0,White,<=5s vs 10-15s,1453
LJokNJMd,61,0-1,White,<=5s vs <=5s,1389
Zc5nxnkv,48,0-1,Black,<=5s vs 5-10s,1253
o55eBLPS,61,0-1,White,<=5s vs <=5s,1002
wIOlEJty,57,1-0,White,<=5s vs 15-20s,1614
OSs06cp2,77,1-0,White,<=5s vs 5-10s,1682
ImQOj8tv,84,0-1,Black,<=5s vs <=5s,2350
V8A36Veh,65,1-0,White,<=5s vs 10-15s,1440
0LRb4SNq,66,1-0,Black,<=5s vs <=5s,2128
3aMtUkJx,64,0-1,Black,<=5s vs 5-10s,1612
T9Hm6Jip,123,1-0,White,<=5s vs 15-20s,1901
30JSoonR,84,0-1,Black,<=5s vs 10-15s,2005
Znzwe0qn,66,0-1,Black,<=5s vs 15-20s,1353
V7ywRAO2,63,1-0,White,<=5s vs 10-15s,1435
o3T9OYBQ,47,1-0,White,<=5s vs 15-20s,1420
iDr0Buhd,103,0-1,White,<=5s vs 5-10s,2336
iPvYzPde,76,0-1,Black,<=5s vs 5-10s,1752
coC158R0,71,0-1,White,<=5s vs 10-15s,2069
75YzVDF3,93,0-1,White,<=5s vs 5-10s,2431
ZsR0GZ2f,68,0-1,Black,<=5s vs 5-10s,2126
gJD23FeB,78,0-1,Black,<=5s vs 5-10s,1824
Lq6gpMW5,71,1-0,White,<=5s vs 5-10s,2100
7Y7q6PKx,63,1-0,White,<=5s vs 5-10s,1647
JQ9YrvM2,65,1-0,White,<=5s vs 15-20s,2096
7DZIdVz5,61,1-0,White,<=5s vs 15-20s,2067
YD6G0UrZ,49,1-0,White,<=5s vs 10-15s,1542
61svccQo,69,1-0,White,<=5s vs 10-15s,2472
TZGaRuAp,71,1-0,White,<=5s vs 10-15s,1617
60aSKvYJ,52,0-1,Black,<=5s vs 5-10s,1663
vKKl7B3z,68,0-1,Black,<=5s vs 10-15s,1535
g0ZJptFw,77,1-0,White,<=5s vs 10-15s,2062
X3E7uYrW,81,1-0,White,<=5s vs 10-15s,1773
PIMR4Xfq,76,0-1,Black,<=5s vs 5-10s,1492
Xc2E9I9C,58,0-1,Black,<=5s vs <=5s,996
HCe0FIaX,62,0-1,Black,<=5s vs 5-10s,1132
v1ZVGXCP,63,1-0,White,<=5s vs 15-20s,1391
aTrrPi3r,108,0-1,Black,<=5s vs 15-20s,2052
EskKy9EA,69,1-0,White,<=5s vs <=5s,1692
YCaafSA3,49,1-0,White,<=5s vs 15-20s,1119
2zDFcjBy,85,1-0,White,<=5s vs 5-10s,2456
qoKwpUz1,72,0-1,Black,<=5s vs <=5s,1582
Jho1j5Ks,127,0-1,White,<=5s vs <=5s,1882
mVq66XAv,64,0-1,Black,<=5s vs 5-10s,1475
JKfWpEGx,103,1-0,White,<=5s vs 15-20s,2662
XF0J47J0,72,1/2-1/2,Black,<=5s vs 5-10s,1476
dSnyDqHT,66,0-1,Black,<=5s vs 10-15s,1846
jGyDbQfc,92,0-1,Black,<=5s vs 5-10s,2571
jfQfztJk,63,1-0,White,<=5s vs 5-10s,1997
3jtiQm6x,82,0-1,Black,<=5s vs 5-10s,2436
0j9xYjQl,92,0-1,Black,<=5s vs 10-15s,1334
jOrYzKZG,80,0-1,Black,<=5s vs 10-15s,2169
sCba6zPe,99,0-1,White,<=5s vs 10-15s,2746
oqVL2Liw,66,0-1,Black,<=5s vs 5-10s,1196
CQQkh9s8,146,1-0,Black,<=5s vs <=5s,2508
tRg2w53R,38,0-1,Black,<=5s vs <=5s,966
NCcpZKr7,161,1-0,White,<=5s vs 5-10s,1782
Y2NZ7fEf,51,1-0,White,<=5s vs 10-15s,1153
yGYITtqJ,54,0-1,Black,<=5s vs 10-15s,1193
UhFyUWdj,76,0-1,Black,<=5s vs 10-15s,1686
Hv4cM6Wf,60,1/2-1/2,Black,<=5s vs 15-20s,2315
Ve9CP8W7,78,0-1,Black,<=5s vs 5-10s,2411
CeqGvWZV,53,1-0,White,<=5s vs <=5s,1190
tgVpFhxR,106,0-1,Black,<=5s vs 10-15s,1949
CJmAbPbk,62,0-1,Black,<=5s vs 15-20s,1603
HNI8Qjl0,51,0-1,White,<=5s vs <=5s,1424
yhG3go1n,63,0-1,White,<=5s vs 10-15s,1547
HZaPOJBm,61,0-1,White,<=5s vs <=5s,2024
l2IheEyQ,90,0-1,Black,<=5s vs 5-10s,1561
mJkd4VCI,97,1-0,White,<=5s vs 5-10s,2216
O7Qn9IFx,56,0-1,Black,<=5s vs 5-10s,1410
urMdg2W9,101,0-1,White,<=5s vs 15-20s,2417
9O13IcfM,76,0-1,Black,<=5s vs 10-15s,980
ucqlzaCA,74,0-1,Black,<=5s vs <=5s,1590
KeSKnTPS,141,1-0,White,<=5s vs 15-20s,2306
9dZiGOmJ,38,0-1,Black,<=5s vs 15-20s,1205
2UppXt6O,52,0-1,Black,<=5s vs 10-15s,1912
w2mb0y2a,35,1-0,White,<=5s vs 15-20s,869
LmduZgum,49,1-0,White,<=5s vs 15-20s,2393
RF10OIFM,79,1-0,White,<=5s vs 5-10s,1887
lp2Nb37L,71,1-0,White,<=5s vs 5-10s,850
VRwk24Py,142,0-1,Black,<=5s vs 15-20s,2739
suLmT7ET,67,1-0,White,<=5s vs 5-10s,1929
4WS474bC,66,0-1,Black,<=5s vs 10-15s,2333
ePXX5mng,152,0-1,Black,<=5s vs 15-20s,2367
2dcrelHs,136,1-0,Black,<=5s vs <=5s,1975
dixOlM46,48,0-1,Black,<=5s vs 15-20s,1553
la2N5kU9,88,0-1,Black,<=5s vs 5-10s,2396
nqWS1T1L,76,0-1,Black,<=5s vs <=5s,1626
sDe3N1fM,57,1-0,White,<=5s vs 15-20s,1504
LqeKytU8,105,1-0,White,<=5s vs 15-20s,2512
K1tvMSJ5,66,0-1,Black,<=5s vs 10-15s,1957
Jl15bwus,80,0-1,Black,<=5s vs <=5s,1320
E1yvslsg,50,0-1,Black,<=5s vs 10-15s,1958
9zk8YRC8,109,1/2-1/2,White,<=5s vs 10-15s,2054
ju9bWdss,45,1-0,White,<=5s vs 15-20s,1029
6gqC5xqT,52,0-1,Black,<=5s vs 15-20s,1685
2PQhlj3D,55,0-1,White,<=5s vs 10-15s,1494
3t0Kz1gG,46,0-1,Black,<=5s vs 10-15s,1006
eMgGCxvf,65,1-0,White,<=5s vs 5-10s,1731
itpx2MUe,79,1-0,White,<=5s vs 15-20s,1661
ZIkEJq8E,99,1-0,White,<=5s vs 5-10s,2405
y9uiWQfX,73,1-0,White,<=5s vs 10-15s,2630
JxQjtKco,107,1/2-1/2,White,<=5s vs 15-20s,1051
Tdv0l7AL,95,1-0,White,<=5s vs 10-15s,2960
ZcI6RBgU,56,0-1,Black,<=5s vs 15-20s,1239
64QnkoUk,100,1/2-1/2,Black,<=5s vs 15-20s,2082
UR3JlkCl,56,0-1,Black,<=5s vs 15-20s,1532
CcrpxYyu,96,0-1,Black,<=5s vs 5-10s,2414
H9WSrGXg,66,0-1,Black,<=5s vs <=5s,1728
bUwI9VwE,59,1-0,White,<=5s vs 5-10s,1336
JOveRNp1,68,0-1,Black,<=5s vs 15-20s,1742
jJMoiCpz,81,1-0,White,<=5s vs 15-20s,3171
8zHtwJgN,60,0-1,Black,<=5s vs <=5s,2071
nz6jdAbr,56,1-0,Black,<=5s vs <=5s,693
J39KZNRL,62,0-1,Black,<=5s vs 10-15s,2030
Nzr9aXMi,65,1-0,White,<=5s vs 15-20s,1578
6fwoW8At,49,1-0,White,<=5s vs 15-20s,1581
4o6nZQ19,87,1-0,White,<=5s vs 15-20s,2908
B03lDqNy,93,1-0,White,<=5s vs 15-20s,1653
Colj5srq,92,0-1,Black,<=5s vs 5-10s,2543
QD3SHBat,78,0-1,Black,<=5s vs 15-20s,2334
HVfQHS5Z,43,1-0,White,<=5s vs 15-20s,1705
9Ny7peJd,119,1-0,White,<=5s vs 15-20s,2029
T7zLVvPb,56,0-1,Black,<=5s vs 15-20s,1759
3mUoaApY,90,1-0,Black,<=5s vs 5-10s,2203
8E4MhAQ7,136,0-1,Black,<=5s vs 5-10s,2080
6CMdKif2,107,1-0,White,<=5s vs 15-20s,2567
elDbWIoM,64,1-0,Black,<=5s vs <=5s,1589
lRwHgCcy,35,0-1,White,<=5s vs 15-20s,2169
RG2sIm4X,64,0-1,Black,<=5s vs 15-20s,1854
E1qEiAbr,72,0-1,Black,<=5s vs 10-15s,1323
mVTLOglt,85,1-0,White,<=5s vs 5-10s,1785
GEjv2kZb,106,1/2-1/2,Black,<=5s vs 5-10s,2895
t78Jpgox,68,0-1,Black,<=5s vs <=5s,1603
6dLSPsCN,73,1-0,White,<=5s vs 10-15s,1841
KJox6u4d,111,1/2-1/2,White,<=5s vs 15-20s,2026
IOLtB0Vj,62,1-0,Black,<=5s vs <=5s,1857
kCCAg7CA,145,1/2-1/2,White,<=5s vs <=5s,2191
ngzVULuK,110,0-1,Black,<=5s vs 15-20s,1387
YIDq4dRO,49,1-0,White,<=5s vs 15-20s,1496
iWfLnqs0,73,1-0,White,<=5s vs 5-10s,2164
BXTWb9Xa,92,0-1,Black,<=5s vs 5-10s,2253
ggTTfLyC,74,1-0,Black,<=5s vs <=5s,1333
SUuRnTko,48,0-1,Black,<=5s vs 10-15s,1181
ANUCoAgQ,55,0-1,White,<=5s vs <=5s,1859
7qzB05Vx,50,0-1,Black,<=5s vs 5-10s,1023
oc8sU0XV,106,0-1,Black,<=5s vs 15-20s,1808
fBFP5oz9,47,1-0,White,<=5s vs 15-20s,1659
RSm1mLsW,86,0-1,Black,<=5s vs 15-20s,2238
8oEaOLog,88,0-1,Black,<=5s vs 10-15s,1733
76AjRupr,60,0-1,Black,<=5s vs 15-20s,1445
zfFdfQ6V,54,0-1,Black,<=5s vs 15-20s,1254
FGc1mEXs,109,1-0,White,<=5s vs 5-10s,2462
eYxF4DFl,30,0-1,Black,<=5s vs 15-20s,623
mMvBjUKl,79,1-0,White,<=5s vs 15-20s,2237
q41Qb2wy,71,1-0,White,<=5s vs 10-15s,2192
NhSMNMOC,66,0-1,Black,<=5s vs 5-10s,1857
3phUKmOH,56,0-1,Black,<=5s vs 5-10s,1370
4y9H3v2B,81,1-0,White,<=5s vs <=5s,1669
CmFdtG4Y,54,0-1,Black,<=5s vs 15-20s,1537
E4Cs8lC3,57,1-0,White,<=5s vs 15-20s,1547
aUQUw5zm,61,1-0,White,<=5s vs 15-20s,1709
D4lHpimK,83,1-0,White,<=5s vs 5-10s,1135
vaSrHBN5,92,0-1,Black,<=5s vs 10-15s,2051
TpMjkzuH,61,1-0,White,<=5s vs 10-15s,1668
JrqGJHho,68,1-0,Black,<=5s vs <=5s,1392
DXf0HFAZ,61,1-0,White,<=5s vs <=5s,1518
ZevuxBHN,47,0-1,White,<=5s vs 5-10s,944
JhDxgIhg,90,1-0,Black,<=5s vs <=5s,2525
WiZVNPc1,104,0-1,Black,<=5s vs <=5s,2041
kQOwKIgW,72,0-1,Black,<=5s vs 10-15s,1734
T30aGaW7,91,0-1,White,<=5s vs 5-10s,2048
K00c8N8b,76,0-1,Black,<=5s vs <=5s,2061
Xy9Od4pB,50,0-1,Black,<=5s vs 15-20s,1238
VavjhlEg,74,0-1,Black,<=5s vs 15-20s,2387
tChtHexk,34,0-1,Black,<=5s vs 5-10s,791
X52ZbUzO,55,1-0,White,<=5s vs 10-15s,1498
hKq63qZc,96,1-0,Black,<=5s vs 5-10s,1357
ZmI1RFQh,65,1-0,White,<=5s vs 5-10s,1673
Wdt6zg14,64,0-1,Black,<=5s vs 5-10s,982
787zClOW,188,1/2-1/2,Black,<=5s vs <=5s,2875
ju90izti,55,1-0,White,<=5s vs 15-20s,1088
XJ6SWj5K,51,1-0,White,<=5s vs 15-20s,1094
30de3DZw,72,1-0,Black,<=5s vs <=5s,1727
b8K7xJPY,69,1-0,White,<=5s vs 5-10s,1511
3cVzSpcJ,119,1/2-1/2,White,<=5s vs 10-15s,2686
rLK3MSkm,101,1-0,White,<=5s vs 5-10s,3031
dPuzzVsS,64,1-0,Black,<=5s vs <=5s,1854
GeFQFuEZ,61,1-0,White,<=5s vs 10-15s,1807
q8uBucrN,53,1-0,White,<=5s vs 10-15s,1128
iX4Jxjc9,102,1-0,Black,<=5s vs 15-20s,2608
AnUFCest,71,1-0,White,<=5s vs 15-20s,1934
k9lk576u,58,0-1,Black,<=5s vs 10-15s,1460
NXmgYZqz,74,0-1,Black,<=5s vs 10-15s,2285
LYRN9t1r,92,0-1,Black,<=5s vs 15-20s,2360
9tOIhTUX,36,1-0,Black,<=5s vs 5-10s,898
JNmnu2SO,58,0-1,Black,<=5s vs 15-20s,1885
4volX0eW,82,1-0,Black,<=5s vs <=5s,1474
lOEYqk1G,37,1-0,White,<=5s vs 15-20s,1084
U2tPy0QC,104,0-1,Black,<=5s vs <=5s,2246
Ds5KFbLp,100,1/2-1/2,Black,<=5s vs <=5s,2206
QMHWCFZW,55,1-0,White,<=5s vs 10-15s,1944
USPymYdv,85,1-0,White,<=5s vs 5-10s,2124
87ubwswC,40,0-1,Black,<=5s vs 10-15s,715
E02wvUZC,55,1-0,White,<=5s vs 15-20s,1317
E2gSXTv7,76,0-1,Black,<=5s vs 5-10s,2402
JOahBdO6,59,1-0,White,<=5s vs 15-20s,1202
tozurJrS,99,1-0,White,<=5s vs <=5s,2180
8FAa79zG,66,1-0,Black,<=5s vs <=5s,2075
YYS8Eox5,82,1-0,Black,<=5s vs 10-15s,1919
1YBM2bYK,61,1-0,White,<=5s vs 10-15s,1912
Z1UGYeOt,64,0-1,Black,<=5s vs 10-15s,1607
92QgcqS7,74,1-0,Black,<=5s vs <=5s,1311
jetQJtOr,60,0-1,Black,<=5s vs 10-15s,1871
Ua7usadx,69,1-0,White,<=5s vs 10-15s,1740
qzW61qlR,123,0-1,White,<=5s vs <=5s,2162
hcv2o4lL,84,0-1,Black,<=5s vs 15-20s,2305
FKlW0HHP,61,1-0,White,<=5s vs 10-15s,1581
UENdjqOI,69,1-0,White,<=5s vs 15-20s,1854
8t77pebr,65,1-0,White,<=5s vs 15-20s,1708
0hftUnTi,81,1-0,White,<=5s vs 15-20s,1449
CHgauHoK,65,1-0,White,<=5s vs 15-20s,1443
vIjL1mjs,59,0-1,White,<=5s vs 15-20s,1553
pY9FUNfn,55,1-0,White,<=5s vs 10-15s,1427
6lHJiKul,83,1-0,White,<=5s vs 5-10s,1834
IX0ncNXx,73,1-0,White,<=5s vs 5-10s,1597
kksQoF1S,60,0-1,Black,<=5s vs 15-20s,1735
jlOMYOOn,96,0-1,Black,<=5s vs 5-10s,2438
JQqiYZQu,61,1-0,White,<=5s vs 10-15s,1328
F4vdARXJ,70,0-1,Black,<=5s vs <=5s,1672
9VY0qU1F,86,0-1,Black,<=5s vs <=5s,2348
Bt6p5qfz,115,0-1,White,<=5s vs <=5s,2667
MSyqWzQP,118,1/2-1/2,Black,<=5s vs 5-10s,2363
Y5l8H8vo,73,0-1,White,<=5s vs 10-15s,2112
LSesBjx2,77,1-0,White,<=5s vs 15-20s,1504
Q3foTdjN,88,0-1,Black,<=5s vs 15-20s,2549
K4LAqvWn,65,1-0,White,<=5s vs 5-10s,1835
t5BfIUWY,94,0-1,Black,<=5s vs 10-15s,2546
UvQYoW4g,73,1-0,White,<=5s vs 10-15s,2862
5X5vfZmW,80,0-1,Black,<=5s vs 5-10s,2235
gXl8Nfu5,32,0-1,Black,<=5s vs 15-20s,887
euwiZ0kP,50,1/2-1/2,Black,<=5s vs 5-10s,961
WCs5es1e,71,1-0,White,<=5s vs 5-10s,1371
3SJOQ6Ko,104,1-0,Black,<=5s vs <=5s,1738
9ecL1az8,108,0-1,Black,<=5s vs <=5s,2208
eh79FDdN,60,1-0,Black,<=5s vs <=5s,1277
LQG3lh3r,87,1-0,White,<=5s vs 5-10s,2717
hF29s0Xn,50,0-1,Black,<=5s vs 10-15s,1214
4iRPqo79,57,1-0,White,<=5s vs 10-15s,2552
Vlq98Jut,78,0-1,Black,<=5s vs <=5s,1818
HPdBYzM1,48,0-1,Black,<=5s vs 5-10s,1008
qHrhcV26,64,0-1,Black,<=5s vs 5-10s,3092
0tVDRxOU,71,0-1,White,<=5s vs <=5s,1349
s4JXhhtW,51,1-0,White,<=5s vs 10-15s,938
lURmejIn,63,1-0,White,<=5s vs 10-15s,2161
jM5oP6Qh,113,1-0,White,<=5s vs 15-20s,2368
vaYc3Ahb,57,1-0,White,<=5s vs 10-15s,1748
qKulzf3H,40,0-1,Black,<=5s vs 10-15s,1030
KBQaZLew,68,1-0,Black,<=5s vs 5-10s,1403
1x5dnMWN,97,1-0,White,<=5s vs 5-10s,1169
cVqRhIyN,82,0-1,Black,<=5s vs 15-20s,2186
lI4FRHjK,89,1-0,White,<=5s vs <=5s,2442
2C4x8JuN,88,0-1,Black,<=5s vs 5-10s,2026
MLtmyQ6o,56,0-1,Black,<=5s vs 15-20s,1439
MSukt5PD,65,1-0,White,<=5s vs 15-20s,1863
0Z2TMb1x,61,1-0,White,<=5s vs 5-10s,1497
eVUmc0za,50,0-1,Black,<=5s vs 10-15s,1172
8GwgVDFK,63,1-0,White,<=5s vs 10-15s,1966
TdMPb2pF,58,0-1,Black,<=5s vs 10-15s,1313
Z7BwNUDO,73,1-0,White,<=5s vs 10-15s,1200
7Rv6A0Lo,69,0-1,White,<=5s vs 5-10s,1590
vdB0u4Sj,40,0-1,Black,<=5s vs 15-20s,1243
IrOErtMz,51,1-0,White,<=5s vs 15-20s,2062
1T2JLTyM,57,1-0,White,<=5s vs <=5s,1335
mtEHOLQ2,110,1-0,Black,<=5s vs <=5s,1996
6gETQ8rp,60,0-1,Black,<=5s vs 10-15s,1662
QYFuCaO0,91,1-0,White,<=5s vs <=5s,1727
2zi2LIb0,89,1-0,White,<=5s vs 10-15s,2013
sFIL3PsA,50,0-1,Black,<=5s vs <=5s,914
hr64CQGx,109,1-0,White,<=5s vs 5-10s,2234
6EgmUWf0,54,0-1,Black,<=5s vs 15-20s,1117
ZfTuXA8F,63,0-1,White,<=5s vs 10-15s,1437
5CDfBvRw,90,1/2-1/2,Black,<=5s vs 15-20s,2225
nblmunU6,70,0-1,Black,<=5s vs 15-20s,1933
Jpv8Gq8M,77,0-1,White,<=5s vs 10-15s,1177
FBaNlGNR,68,0-1,Black,<=5s vs 15-20s,1966
Emd26EsK,97,1-0,White,<=5s vs 5-10s,2344
buSrzGpN,104,1-0,Black,<=5s vs 10-15s,2475
DtklS9xK,82,1-0,Black,<=5s vs <=5s,1487
exEXRt3W,61,1-0,White,<=5s vs 10-15s,1668
MtuLHMTX,74,0-1,Black,<=5s vs 5-10s,2515
FAMH9caX,108,1/2-1/2,Black,<=5s vs 5-10s,2473
TWqRNNxO,88,0-1,Black,<=5s vs <=5s,2184
7B37UKCt,86,0-1,Black,<=5s vs 5-10s,2155
EnYhKopq,62,0-1,Black,<=5s vs <=5s,1103
5eVozEsU,51,1-0,White,<=5s vs 10-15s,844
Re1ZX0eo,79,1-0,White,<=5s vs 10-15s,1907
HH2qY0Pg,44,0-1,Black,<=5s vs 10-15s,1258
TKNN0v0x,80,0-1,Black,<=5s vs <=5s,2098
FiND6Pq5,87,1-0,White,<=5s vs 10-15s,2577
GDshTC8g,54,0-1,Black,<=5s vs 5-10s,1041
9GPgSb8R,121,1-0,White,<=5s vs <=5s,2639
QvFnXCEe,76,0-1,Black,<=5s vs 5-10s,2038
7Sc7E5ya,57,1-0,White,<=5s vs 5-10s,906
als6GFZR,82,0-1,Black,<=5s vs 5-10s,1678
E2S7lAph,118,0-1,Black,<=5s vs 5-10s,2474
d4oTivG5,71,1-0,White,<=5s vs 15-20s,2596
USYciv75,112,1/2-1/2,Black,<=5s vs <=5s,1771
pWgnAPFy,83,1-0,White,<=5s vs <=5s,2111
c0pFn2tT,68,1-0,Black,<=5s vs <=5s,2512
1lb0FI4P,74,0-1,Black,<=5s vs 5-10s,1542
6OSRfJeO,53,1-0,White,<=5s vs 5-10s,1972
JtFneq6s,87,1-0,White,<=5s vs 10-15s,2971
weEORZNZ,116,0-1,Black,<=5s vs 5-10s,1659
Lc8umv3Z,77,1-0,White,<=5s vs 10-15s,2533
nogvQUZL,84,0-1,Black,<=5s vs 15-20s,2349
QYA0CxSe,101,0-1,White,<=5s vs <=5s,2377
3PEB1TvD,102,1-0,Black,<=5s vs <=5s,2509
N4ruY1u9,98,1-0,Black,<=5s vs 5-10s,2167
SZk455ky,90,0-1,Black,<=5s vs <=5s,1957
f60DaKk4,88,0-1,Black,<=5s vs <=5s,1985
QcRfYTxF,92,1/2-1/2,Black,<=5s vs 5-10s,3016
Fon3GMfd,65,0-1,White,<=5s vs 5-10s,1362
8jDAmlsW,60,0-1,Black,<=5s vs 15-20s,1925
95qAuLiG,67,1-0,White,<=5s vs 15-20s,1719
bEmG3pcO,72,0-1,Black,<=5s vs 5-10s,2034
73XfuMtY,49,1-0,White,<=5s vs 15-20s,1666
vXmJ8Oge,114,0-1,Black,<=5s vs 15-20s,1813
eeknJmp6,90,0-1,Black,<=5s vs 5-10s,2446
lY7hHOOu,70,0-1,Black,<=5s vs 5-10s,1086
kvE7k3yf,67,1-0,White,<=5s vs 5-10s,2457
OpnJ4URI,65,1-0,White,<=5s vs 15-20s,1569
ucddMLA9,85,1-0,White,<=5s vs 15-20s,2498
Gu0TvsyB,62,0-1,Black,<=5s vs 15-20s,2288
sf8zYaXP,73,0-1,White,<=5s vs 5-10s,1544
A9EL4Pp9,66,0-1,Black,<=5s vs 5-10s,1135
ZMBAlqNe,65,1-0,White,<=5s vs 15-20s,1515
6koAwQ56,100,0-1,Black,<=5s vs 15-20s,2542
tpy7vD2z,77,0-1,White,<=5s vs <=5s,2108
G6frJBxQ,59,1-0,White,<=5s vs 10-15s,1583
0C7Qe87Q,98,0-1,Black,<=5s vs 5-10s,2175
4NlHGulx,76,0-1,Black,<=5s vs 10-15s,2473
aSrLseaE,55,1-0,White,<=5s vs 15-20s,1350
VR7uJiQk,56,0-1,Black,<=5s vs 10-15s,1241
PLOBG25f,118,0-1,Black,<=5s vs 10-15s,2558
Z0zDGVfr,46,0-1,Black,<=5s vs 15-20s,1230
KgVUWEEr,117,1-0,White,<=5s vs 15-20s,1622
QsTN6CBM,96,0-1,Black,<=5s vs <=5s,2337
O52vK64P,78,0-1,Black,<=5s vs <=5s,2375
rC7viMh0,78,1-0,Black,<=5s vs 10-15s,2121
ZbdUzWYm,77,1-0,White,<=5s vs 10-15s,2044
LJuZ5Pq0,46,1/2-1/2,Black,<=5s vs 15-20s,1295
15Plpg0x,78,0-1,Black,<=5s vs 5-10s,1715
YR2TadzO,87,1-0,White,<=5s vs 15-20s,2449
N5hGtGf4,95,0-1,White,<=5s vs 5-10s,2361
5WGGgCR1,140,1/2-1/2,Black,<=5s vs 10-15s,2143
PPyyYQlj,128,1/2-1/2,Black,<=5s vs 5-10s,2441
a0AG4BSc,77,1-0,White,<=5s vs 15-20s,2329
BQE9Ugu1,70,0-1,Black,<=5s vs 5-10s,1380
PUgVOawJ,75,0-1,White,<=5s vs 5-10s,1626
wRMILQsh,59,1-0,White,<=5s vs 5-10s,1984
h033pZ8l,60,0-1,Black,<=5s vs 10-15s,1528
yCJOXann,61,0-1,White,<=5s vs 5-10s,1038
6nBcaNOO,62,0-1,Black,<=5s vs 10-15s,2476
3qoyh8Sm,116,1/2-1/2,Black,<=5s vs 5-10s,2174
WQOvuQTv,53,0-1,White,<=5s vs <=5s,903
BgaFe2gm,144,0-1,Black,<=5s vs <=5s,2672
v6I7FP41,54,0-1,Black,<=5s vs 15-20s,1717
ekIZTnhk,40,0-1,Black,<=5s vs 15-20s,919
bjJ5bt35,74,0-1,Black,<=5s vs 10-15s,2058
8GTdBTIK,46,0-1,Black,<=5s vs <=5s,1179
aZkZIsWH,66,0-1,Black,<=5s vs 5-10s,2163
AvUtVJ8d,54,1-0,Black,<=5s vs <=5s,1552
42lHyVSx,69,0-1,White,<=5s vs <=5s,1898
R2eqdUCG,82,0-1,Black,<=5s vs 10-15s,2180
wxL3wyHt,41,1-0,White,<=5s vs 10-15s,860
LeaGbQXi,69,1-0,White,<=5s vs 5-10s,1902
0PW6fU2W,78,1-0,Black,<=5s vs <=5s,2196
v8XZ0SjY,49,1-0,White,<=5s vs 10-15s,1664
06HRmzjx,50,0-1,Black,<=5s vs 5-10s,1445
JVMBznEJ,44,0-1,Black,<=5s vs 10-15s,1395
0ZT0AUYU,52,0-1,Black,<=5s vs 5-10s,1627
AxphJrkh,92,1-0,Black,<=5s vs <=5s,1736
f1yv3RdH,52,1-0,Black,<=5s vs 5-10s,1621
YuHpDTFW,133,1/2-1/2,White,<=5s vs 5-10s,2551
9ws6taZQ,95,1/2-1/2,White,<=5s vs 10-15s,2066
T30hWmHA,73,1-0,White,<=5s vs 15-20s,1863
BX2Kgzmk,59,0-1,White,<=5s vs 5-10s,935
b3tAqug7,46,0-1,Black,<=5s vs 10-15s,1426
mfeSVwSM,58,0-1,Black,<=5s vs 5-10s,973
OVr0wxhu,64,1-0,Black,<=5s vs 5-10s,1470
4RvFc2zm,69,1-0,White,<=5s vs 15-20s,1957
20Zi5AxZ,46,0-1,Black,<=5s vs 5-10s,1486
WGSiTzyM,50,0-1,Black,<=5s vs 15-20s,1310
IB0xu1eH,100,1-0,Black,<=5s vs 5-10s,1839
eJbpxAkH,65,1-0,White,<=5s vs 15-20s,1930
B2Oft28M,85,1-0,White,<=5s vs 15-20s,1700
GH98g2Qy,46,0-1,Black,<=5s vs 15-20s,1695
lLvTYFMR,50,0-1,Black,<=5s vs 10-15s,1596
5LOnuntE,56,0-1,Black,<=5s vs <=5s,1560
4UWCFS7x,44,0-1,Black,<=5s vs 15-20s,1741
WBt6cxJp,49,1-0,White,<=5s vs 10-15s,1186
h7HgTgRH,43,1-0,White,<=5s vs 5-10s,1134
OiE8ksE6,63,0-1,White,<=5s vs 15-20s,2075
Srm6Pbf3,64,0-1,Black,<=5s vs 10-15s,1802
QsdGVTtN,37,1-0,White,<=5s vs 15-20s,1001
4rW8A5LX,101,0-1,White,<=5s vs <=5s,2289
2brD0Blr,90,0-1,Black,<=5s vs 5-10s,1927
nNabqtjF,75,1-0,White,<=5s vs 15-20s,2246
Gsx6hFwi,56,0-1,Black,<=5s vs 10-15s,1399
siCozA7t,81,0-1,White,<=5s vs <=5s,2352
HcbnJLlj,82,1/2-1/2,Black,<=5s vs 5-10s,1069
syLyZaxN,56,0-1,Black,<=5s vs <=5s,1289
wJxmsu0T,47,1-0,White,<=5s vs 10-15s,1276
O4C0wTYE,83,1-0,White,<=5s vs 10-15s,1766
WRI8cfE5,99,1-0,White,<=5s vs 5-10s,2842
P2Q1V9IN,135,0-1,White,<=5s vs 10-15s,2532
1jyQHpjq,112,0-1,Black,<=5s vs 10-15s,2440
2mxiBH3z,125,1-0,White,<=5s vs 10-15s,2069
7jqrjavj,59,0-1,White,<=5s vs <=5s,1065
FP60oGeR,54,0-1,Black,<=5s vs 10-15s,1467
O2I1IiJW,44,0-1,Black,<=5s vs 5-10s,1160
5Ph2O8uX,116,0-1,Black,<=5s vs 5-10s,2764
j3xJIu2L,62,1-0,Black,<=5s vs <=5s,1725
IkXAQUXB,61,1-0,White,<=5s vs 15-20s,1296
PrgAau06,47,1-0,White,<=5s vs 10-15s,1397
RixUypGx,86,1-0,Black,<=5s vs 5-10s,2084
oVFvHpFX,72,0-1,Black,<=5s vs 5-10s,2073
80Er2khs,67,1-0,White,<=5s vs 15-20s,1296
cH6TsmNd,73,1-0,White,<=5s vs 15-20s,1655
5nTKoj1g,97,1-0,White,<=5s vs 10-15s,1657
N5xI94g4,67,1-0,White,<=5s vs 10-15s,2156
j3AmajeH,45,1-0,White,<=5s vs 5-10s,983
btRY88rZ,63,1-0,White,<=5s vs <=5s,1240
AOhetOx0,35,1-0,White,<=5s vs 15-20s,1500
AxwDPy96,90,1-0,Black,<=5s vs 5-10s,2079
XPf9vkJy,77,1-0,White,<=5s vs <=5s,2494
IAjfIiZT,58,0-1,Black,<=5s vs 10-15s,2073
KahXsGRW,88,0-1,Black,<=5s vs 10-15s,2276
huDpyS2P,82,0-1,Black,<=5s vs 10-15s,1274
QywQdCmr,71,1-0,White,<=5s vs 5-10s,1769
lLiBp3zx,80,0-1,Black,<=5s vs 10-15s,1813
HHnfmE5p,99,1-0,White,<=5s vs 5-10s,2821
Em3wVm9n,75,0-1,White,<=5s vs <=5s,1629
qrH86upW,102,0-1,Black,<=5s vs 5-10s,2266
EMw7imdf,50,0-1,Black,<=5s vs 10-15s,1260
p26eG3zE,58,0-1,Black,<=5s vs 10-15s,1454
0omxMfRJ,171,1-0,White,<=5s vs 15-20s,1854
U16AqvRQ,86,0-1,Black,<=5s vs <=5s,1915
3u0CF0tF,88,1-0,Black,<=5s vs <=5s,2168
xhl6ICFW,115,1-0,White,<=5s vs 5-10s,2340
lq9zudms,53,1-0,White,<=5s vs 10-15s,1574
tIuwLEpw,54,1-0,Black,<=5s vs <=5s,1428
c2JruW0b,105,0-1,White,<=5s vs <=5s,2133
CqQv06TZ,60,1-0,Black,<=5s vs 5-10s,1617
GTYRkq2c,65,1-0,White,<=5s vs 15-20s,1703
GXZXsTbo,51,1-0,White,<=5s vs 10-15s,2150
3mRYe89z,48,0-1,Black,<=5s vs 15-20s,1265
85dVJRc5,88,1-0,Black,<=5s vs <=5s,1523
9JLH6f6y,45,1-0,White,<=5s vs <=5s,1839
1EQCJyrA,41,1-0,White,<=5s vs 15-20s,1763
RjWPiWBw,72,0-1,Black,<=5s vs 10-15s,1887
C51Cevhh,65,1-0,White,<=5s vs 5-10s,1955
DtuyBtW9,79,0-1,White,<=5s vs 5-10s,1465
NjhuN6gw,149,1-0,White,<=5s vs 10-15s,2309
F1YD7IbU,55,1-0,White,<=5s vs 10-15s,1724
FD40Cg1I,79,1-0,White,<=5s vs 15-20s,2206
Oyh6ugQ9,154,1-0,Black,<=5s vs 5-10s,1606
bVmJNHHy,77,1-0,White,<=5s vs 5-10s,2136
vPXUi4it,107,1-0,White,<=5s vs 5-10s,1956
FLAdOBEg,59,1-0,White,<=5s vs 15-20s,1834
1lx4s8fa,44,0-1,Black,<=5s vs 15-20s,1441
9gP0NkQB,57,1-0,White,<=5s vs 15-20s,1510
LaIAuA9I,71,1-0,White,<=5s vs 5-10s,985
qSjjRpaX,58,0-1,Black,<=5s vs 15-20s,1920
AMH80qPd,79,1-0,White,<=5s vs 5-10s,1882
rDu2GbJt,65,1-0,White,<=5s vs 15-20s,1399
92WJd11G,69,1-0,White,<=5s vs 5-10s,1841
64q5u80V,58,1-0,Black,<=5s vs <=5s,2668
FY5ExdV2,60,0-1,Black,<=5s vs <=5s,1144
CXdafJhT,48,0-1,Black,<=5s vs 15-20s,2141
3fg6F5Vv,65,1-0,White,<=5s vs 15-20s,1903
FsDC4J3s,40,0-1,Black,<=5s vs 5-10s,1224
bf5tSZnK,64,0-1,Black,<=5s vs <=5s,1133
Uulj3TTC,85,1-0,White,<=5s vs 5-10s,2647
fQV9wm5B,51,1-0,White,<=5s vs 15-20s,1237
5lDqIElx,73,1-0,White,<=5s vs 5-10s,2168
T7BlUGxk,52,0-1,Black,<=5s vs 15-20s,1479
49Ticq8O,72,0-1,Black,<=5s vs 15-20s,2651
gOtMiuR9,83,1-0,White,<=5s vs 15-20s,1977
69CzJ57y,40,0-1,Black,<=5s vs 15-20s,1039
7Q26rc9p,72,0-1,Black,<=5s vs 5-10s,2529
OQ0DJizP,64,0-1,Black,<=5s vs 5-10s,1432
UtZqU8FO,105,1/2-1/2,White,<=5s vs 5-10s,3174
4fztMTQ2,77,1-0,White,<=5s vs 5-10s,1747
20E7EURS,61,1-0,White,<=5s vs 15-20s,2180
zv9hSTce,39,0-1,White,<=5s vs 5-10s,742
vUYkPsTN,88,0-1,Black,<=5s vs 5-10s,1887
ZG95sytA,87,1-0,White,<=5s vs 10-15s,1926
iSbdAmGf,81,1-0,White,<=5s vs 5-10s,1391
BptHntUo,128,0-1,Black,<=5s vs 5-10s,2681
SbrwTVPV,81,1-0,White,<=5s vs 15-20s,2088
ChhQ40Gf,74,0-1,Black,<=5s vs 5-10s,1754
RV95QptS,47,1-0,White,<=5s vs 15-20s,1204
c70YtHOy,48,0-1,Black,<=5s vs 10-15s,1460
WRAcXIFm,71,1-0,White,<=5s vs 15-20s,1557
pO0am7fA,69,1-0,White,<=5s vs 5-10s,1808
hZNhk1Je,76,1-0,Black,<=5s vs <=5s,1687
WJtghGNa,87,1-0,White,<=5s vs 10-15s,2708
fZ0v2wqG,72,0-1,Black,<=5s vs 15-20s,1059
jps8AGhB,81,0-1,White,<=5s vs 15-20s,2594
WJPTkrzu,76,0-1,Black,<=5s vs 10-15s,1924
P38Pbe2N,58,0-1,Black,<=5s vs 15-20s,2337
fweYOSUK,55,1-0,White,<=5s vs 10-15s,1445
LqftEZyK,63,1-0,White,<=5s vs 5-10s,1906
MqT6Igwn,57,1-0,White,<=5s vs 5-10s,931
xmBmr5j2,55,1-0,White,<=5s vs 15-20s,1740
FMs0EHkZ,54,0-1,Black,<=5s vs 10-15s,1543
R37a2RmM,96,0-1,Black,<=5s vs 5-10s,2207
2z1gfDAP,97,0-1,White,<=5s vs 5-10s,2039
6Bp8Rl0q,78,0-1,Black,<=5s vs 5-10s,1181
qDUzTiKc,82,1-0,Black,<=5s vs <=5s,1953
TvUm3B5E,80,0-1,Black,<=5s vs <=5s,2251
ClAE7Rgn,43,1-0,White,<=5s vs 5-10s,1251
CyrW4xrP,68,0-1,Black,<=5s vs 5-10s,1873
IElbk1Cj,90,0-1,Black,<=5s vs 5-10s,1525
pxPYtBrA,46,0-1,Black,<=5s vs 10-15s,1709
QrHz0bDv,69,0-1,White,<=5s vs 10-15s,2410
hpuUflLf,87,0-1,White,<=5s vs 5-10s,2368
MxManwdE,49,1-0,White,<=5s vs 5-10s,976
HAiKiSd0,57,1-0,White,<=5s vs 15-20s,1859
IKlgxeKS,42,0-1,Black,<=5s vs 5-10s,1019
DcwYaQvN,65,1-0,White,<=5s vs 15-20s,1184
PIP7KPWj,81,0-1,White,<=5s vs 5-10s,1386
YMMkh5L6,139,0-1,White,<=5s vs <=5s,2366
CH6rXjGm,90,0-1,Black,<=5s vs 15-20s,2583
bv0i2UNF,85,1-0,White,<=5s vs <=5s,1852
vMUva9nz,72,0-1,Black,<=5s vs 10-15s,1314
spCbqnvO,32,0-1,Black,<=5s vs 15-20s,1081
F8MJY0uw,50,0-1,Black,<=5s vs 5-10s,1795
C1lshUcH,74,0-1,Black,<=5s vs <=5s,1294
HsPERzja,82,0-1,Black,<=5s vs 5-10s,1881
pn04APwr,110,0-1,Black,<=5s vs 15-20s,2383
2aklqujj,74,0-1,Black,<=5s vs 15-20s,1552
KvhCwaGJ,58,0-1,Black,<=5s vs 15-20s,1129
bAGRAhHL,87,1-0,White,<=5s vs 10-15s,2180
6tJrfXxa,68,0-1,Black,<=5s vs 5-10s,1639
BWcEBYLZ,103,0-1,White,<=5s vs 5-10s,1761
lGVUuBHT,54,0-1,Black,<=5s vs 5-10s,1420
Y9BFdgSl,106,0-1,Black,<=5s vs 5-10s,2763
iR6kcaGb,68,0-1,Black,<=5s vs 10-15s,2359
6qLbvp8A,48,0-1,Black,<=5s vs 15-20s,1463
QvnPsr6H,81,0-1,White,<=5s vs 5-10s,1787
0vwK3iG9,74,0-1,Black,<=5s vs 15-20s,1760
FbEtDSix,58,0-1,Black,<=5s vs 15-20s,1557
Zy8NCPsM,67,1-0,White,<=5s vs 10-15s,2129
xagMvXHk,70,0-1,Black,<=5s vs <=5s,1745
JNzCqnkn,75,1-0,White,<=5s vs 15-20s,1263
7JASR83r,48,0-1,Black,<=5s vs 10-15s,1623
MBetF9US,51,1-0,White,<=5s vs 5-10s,1367
KuJjYZL8,93,1-0,White,<=5s vs 10-15s,2886
10Db41Nb,86,0-1,Black,<=5s vs 5-10s,2755
JNe8x0Ea,112,0-1,Black,<=5s vs 5-10s,1831
OoFbrTgT,57,1-0,White,<=5s vs 5-10s,1478
99sWsUZW,65,1-0,White,<=5s vs 15-20s,2439
JYx20MRJ,152,0-1,Black,<=5s vs 15-20s,2399
gr3iT4nB,84,0-1,Black,<=5s vs 5-10s,1785
s7MwFFzL,100,0-1,Black,<=5s vs 10-15s,2383
3vLTEr7q,69,1-0,White,<=5s vs 10-15s,898
HrDPf2N8,104,0-1,Black,<=5s vs 10-15s,2447
kZUT9pt9,95,1-0,White,<=5s vs 15-20s,2559
XZn5SZNn,49,1-0,White,<=5s vs 15-20s,1661
nJKCC9qY,50,0-1,Black,<=5s vs 5-10s,838
ZQH97hqW,38,0-1,Black,<=5s vs 15-20s,1204
beipMFI3,74,0-1,Black,<=5s vs 5-10s,1499
INxuQPuR,63,1-0,White,<=5s vs 10-15s,1704
GVt8aFK1,56,0-1,Black,<=5s vs <=5s,1445
rn4BhGo3,71,1-0,White,<=5s vs 5-10s,1271
uZrOiPMx,104,0-1,Black,<=5s vs <=5s,2558
QtnUe88U,108,1/2-1/2,Black,<=5s vs <=5s,1267
BmX57P8p,93,0-1,White,<=5s vs 10-15s,1870
VpHnuaIf,48,0-1,Black,<=5s vs <=5s,1303
52rK69G7,64,1-0,Black,<=5s vs <=5s,1501
7aiMAdzy,46,0-1,Black,<=5s vs 10-15s,1215
Pt6jgmq2,149,1/2-1/2,White,<=5s vs 10-15s,2365
HJMwlzRH,61,1-0,White,<=5s vs 15-20s,1615
WMChg5d5,49,1-0,White,<=5s vs 15-20s,1049
siksZiys,79,1-0,White,<=5s vs 5-10s,2454
7HRXMQg2,88,0-1,Black,<=5s vs 10-15s,1954
it2n8Tzg,66,0-1,Black,<=5s vs 10-15s,1514
k6cGIOwO,100,0-1,Black,<=5s vs 15-20s,2070
UbTJFQIV,59,1-0,White,<=5s vs 15-20s,1369
f433z2pP,89,1-0,White,<=5s vs 5-10s,2773
fktl6ccE,92,0-1,Black,<=5s vs 10-15s,2126
UHp7EFfy,99,1/2-1/2,White,<=5s vs 15-20s,2440
x0qnxiJd,72,1-0,Black,<=5s vs <=5s,1175
pdeeHjiH,76,0-1,Black,<=5s vs 15-20s,2254
5yut3d1O,77,1-0,White,<=5s vs 5-10s,1375
W62HFmyz,77,0-1,White,<=5s vs 5-10s,1952
dT61b5De,84,0-1,Black,<=5s vs 5-10s,1844
upheWRMn,58,0-1,Black,<=5s vs 15-20s,1409
7MVZAAi1,69,1-0,White,<=5s vs 5-10s,2225
AIeVBxAU,85,1-0,White,<=5s vs 5-10s,1942
GSMHXVks,95,1-0,White,<=5s vs 5-10s,1921
IdAZJiaa,108,0-1,Black,<=5s vs 10-15s,2292
sGOJIU1G,140,0-1,Black,<=5s vs <=5s,2435
rF0n0CrS,60,0-1,Black,<=5s vs 10-15s,1736
MvebV356,72,0-1,Black,<=5s vs 10-15s,2232
SI3fTrkd,65,1-0,White,<=5s vs 15-20s,1914
BHl4inoo,106,0-1,Black,<=5s vs <=5s,2535
IoN5RcUE,59,1-0,White,<=5s vs 10-15s,1023
8EYgt3DY,61,1-0,White,<=5s vs 15-20s,1468
UTQ791ne,54,0-1,Black,<=5s vs 10-15s,1433
atCM9O6l,82,0-1,Black,<=5s vs 5-10s,1829
bfXZTL7t,117,1-0,White,<=5s vs 5-10s,1465
eqPiO6hu,89,1-0,White,<=5s vs 15-20s,1888
ulMvGGS8,59,1-0,White,<=5s vs 15-20s,1491
f2qh5b7F,97,1-0,White,<=5s vs 5-10s,2477
U42CHsWH,85,1-0,White,<=5s vs 10-15s,2151
aKuPo5Z7,119,1-0,White,<=5s vs 15-20s,2241
6yTMv766,109,1-0,White,<=5s vs 5-10s,2645
AwRkry0m,118,1-0,Black,<=5s vs 5-10s,1951
LlXED4MJ,45,0-1,White,<=5s vs 10-15s,1896
4fREuOsB,162,0-1,Black,<=5s vs 10-15s,2001
02nqWUJp,94,0-1,Black,<=5s vs 15-20s,942
YsWnAs00,78,0-1,Black,<=5s vs 5-10s,2144
QSKIOGTy,102,0-1,Black,<=5s vs 10-15s,2228
6H7sfHRe,71,1-0,White,<=5s vs 15-20s,1733
Zvcft2QX,81,1-0,White,<=5s vs 5-10s,2227
IYnpH41P,55,1-0,White,<=5s vs 10-15s,1164
LzSMXLbm,93,1/2-1/2,White,<=5s vs 15-20s,2182
iLfta2ue,93,1-0,White,<=5s vs 15-20s,1930
My363mSk,53,1-0,White,<=5s vs 10-15s,1713
AZdRjHgb,49,0-1,White,<=5s vs 5-10s,880
M5TTkD1H,55,1-0,White,<=5s vs 15-20s,2076
53IWsxMj,60,1-0,Black,<=5s vs 5-10s,2338
U1hi5oT2,79,0-1,White,<=5s vs 5-10s,1522
tjB241pq,75,1-0,White,<=5s vs 5-10s,1564
1QGzM5SC,54,1-0,Black,<=5s vs 5-10s,1539
6UCI9025,50,0-1,Black,<=5s vs 15-20s,1104
f5cjFHWA,61,1-0,White,<=5s vs 5-10s,1375
9JDgz7yK,68,0-1,Black,<=5s vs 10-15s,2472
yOkgqTDv,79,1-0,White,<=5s vs 15-20s,2023
8zom5zt5,110,1/2-1/2,Black,<=5s vs 10-15s,2282
RJJCUz6b,54,0-1,Black,<=5s vs 15-20s,1757
yxgaqVb4,42,0-1,Black,<=5s vs 5-10s,759
V5vlrKOs,55,1-0,White,<=5s vs 10-15s,1385
NBiNvMJN,89,1-0,White,<=5s vs 5-10s,1507
gRsMxbOq,116,0-1,Black,<=5s vs 5-10s,2365
6Y5pvJlw,59,1-0,White,<=5s vs 15-20s,1340
IWdlQ9jk,97,1-0,White,<=5s vs 10-15s,2549
1c9P8Efc,77,1-0,White,<=5s vs 10-15s,2053
6Ri5nq9p,108,0-1,Black,<=5s vs 5-10s,2117
37cidc8L,50,0-1,Black,<=5s vs 15-20s,1459
6gJFGmVg,64,1/2-1/2,Black,<=5s vs 10-15s,1857
6qAs4XTx,109,1-0,White,<=5s vs 15-20s,2585
gsKd0Gnt,58,0-1,Black,<=5s vs 15-20s,2258
Xc3WRvaV,84,0-1,Black,<=5s vs 15-20s,2157
bsF5n3rc,98,0-1,Black,<=5s vs 10-15s,2038
IMxSSPWi,44,0-1,Black,<=5s vs 15-20s,1692
zQbp8hm4,79,0-1,White,<=5s vs 5-10s,1178
Tp90yxtk,36,0-1,Black,<=5s vs 5-10s,814
4WyCsRWO,75,1-0,White,<=5s vs 15-20s,1967
7Gk9yeF0,59,1-0,White,<=5s vs <=5s,1573
vYrcrTis,70,0-1,Black,<=5s vs 5-10s,2032
qkwbexEO,114,0-1,Black,<=5s vs 10-15s,1966
lP5l7XSf,56,0-1,Black,<=5s vs 10-15s,1025
GOR44M8s,73,1-0,White,<=5s vs 10-15s,1993
L8UBj0Ym,59,1-0,White,<=5s vs 10-15s,2025
PyLIZ8BI,67,1-0,White,<=5s vs 15-20s,1312
pqVADl3P,88,1-0,Black,<=5s vs <=5s,2155
5hkeFsN4,104,0-1,Black,<=5s vs 10-15s,2172
aHXenco0,45,1-0,White,<=5s vs 15-20s,1822
7rWh9x3v,82,0-1,Black,<=5s vs 10-15s,2476
Ttvo6joT,44,0-1,Black,<=5s vs 5-10s,1380
8x0wDlJS,67,1-0,White,<=5s vs 10-15s,2459
9XMFCBS8,50,0-1,Black,<=5s vs 5-10s,1803
9n5jjBZp,46,0-1,Black,<=5s vs 5-10s,925
BHEukGvR,87,1-0,White,<=5s vs <=5s,2101
XkQKrlQI,87,0-1,White,<=5s vs 5-10s,2154
lFsMHtzo,62,0-1,Black,<=5s vs 5-10s,1913
9FVZHvZZ,60,1-0,Black,<=5s vs <=5s,1446
LLNOG3Yp,33,1-0,White,<=5s vs 15-20s,1109
ExXqKzmV,66,0-1,Black,<=5s vs 5-10s,1837
rqQ0L0KM,77,1-0,White,<=5s vs 10-15s,1816
uiUYXvF6,61,1-0,White,<=5s vs 15-20s,1994
ZRQGmbW6,94,0-1,Black,<=5s vs 15-20s,2138
9zxiYxoH,75,1-0,White,<=5s vs 5-10s,1788
esz3OwCl,33,1-0,White,<=5s vs 10-15s,1462
QEKJYfa4,108,1-0,Black,<=5s vs 5-10s,2288
ipgdKZVV,43,1-0,White,<=5s vs 15-20s,961
WisxwsdR,53,1-0,White,<=5s vs 10-15s,980
H7jeHpJK,70,0-1,Black,<=5s vs 5-10s,1311
GyC4tkuv,38,1-0,Black,<=5s vs <=5s,818
7TmKYkRg,50,0-1,Black,<=5s vs 5-10s,1646
FNYKO903,74,0-1,Black,<=5s vs <=5s,2104
74sBScfu,53,1-0,White,<=5s vs 15-20s,1695
O4gz16Ud,46,1-0,Black,<=5s vs 15-20s,1087
MQPvgNKS,52,0-1,Black,<=5s vs 5-10s,1781
Dp6gztll,84,0-1,Black,<=5s vs 5-10s,2017
ZntTC3h9,78,0-1,Black,<=5s vs 15-20s,2539
fwlbSigG,85,1-0,White,<=5s vs 10-15s,1717
DlSwKwaF,47,1-0,White,<=5s vs 5-10s,2228
dxRw6Avt,122,1/2-1/2,Black,<=5s vs 10-15s,2610
4d8DFIn5,62,0-1,Black,<=5s vs <=5s,1678
UQq5EQXT,47,1-0,White,<=5s vs 15-20s,1047
jSDjVKqb,62,0-1,Black,<=5s vs 15-20s,1543
ICNbgnfD,55,1-0,White,<=5s vs 10-15s,1272
GYMoXz9G,57,1-0,White,<=5s vs <=5s,1496
iKW1l1PE,99,1-0,White,<=5s vs 5-10s,2255
kTHKrB4A,86,1-0,Black,<=5s vs <=5s,2233
61qADTYw,152,1-0,Black,<=5s vs <=5s,3187
0AioFyO5,74,0-1,Black,<=5s vs 10-15s,1607
jQZ1JrxU,111,0-1,White,<=5s vs 5-10s,2600
Bj6WY28b,71,1-0,White,<=5s vs 5-10s,1385
3MDgOFmu,73,0-1,White,<=5s vs 5-10s,1988
rQL5er7p,74,0-1,Black,<=5s vs 5-10s,1576
0HrjGhg7,66,1-0,Black,<=5s vs 10-15s,1530
slk32Jox,86,0-1,Black,<=5s vs 15-20s,2334
ljJEL6o8,55,1-0,White,<=5s vs 15-20s,1280
fodCrrAx,40,0-1,Black,<=5s vs 15-20s,1502
PEytxQzu,99,1-0,White,<=5s vs 15-20s,2171
XadNQZZs,87,0-1,White,<=5s vs <=5s,2284
r1MNzJ5e,64,0-1,Black,<=5s vs <=5s,1924
XW6Y9OUp,115,1-0,White,<=5s vs 10-15s,2397
ZidFDI1E,75,1-0,White,<=5s vs 10-15s,1920
gUkz7A0R,58,1-0,Black,<=5s vs 10-15s,1714
3EHFYhGJ,61,1/2-1/2,White,<=5s vs 10-15s,2240
CeTLbwiS,79,1-0,White,<=5s vs 15-20s,2509
jKunPkMx,117,1-0,White,<=5s vs 5-10s,1795
2RfS52By,104,1-0,Black,<=5s vs <=5s,2140
gI6814V2,50,0-1,Black,<=5s vs 10-15s,2185
odnCeSPA,55,1-0,White,<=5s vs 10-15s,1376
y6RAeVcn,57,1-0,White,<=5s vs 15-20s,1379
6t1h1l8l,85,1-0,White,<=5s vs 15-20s,2146
BwZveplP,90,0-1,Black,<=5s vs 15-20s,1719
n9ccg8ZK,77,1-0,White,<=5s vs 5-10s,1792
2OS39360,88,0-1,Black,<=5s vs <=5s,1914
5tb3jAyq,61,1-0,White,<=5s vs 15-20s,1792
babkr1v4,76,0-1,Black,<=5s vs <=5s,1514
q2owYkap,89,1-0,White,<=5s vs 10-15s,2258
0kkonNqH,83,1-0,White,<=5s vs 15-20s,1727
EfzrwCyY,45,1-0,White,<=5s vs 5-10s,1051
gcBeuHjy,40,0-1,Black,<=5s vs 5-10s,2326
Qdhiz3TY,55,1-0,White,<=5s vs 10-15s,1079
uGyq3Xts,73,1-0,White,<=5s vs 5-10s,1273
qoZbY3jY,49,1-0,White,<=5s vs 15-20s,1173
ihudBXd0,80,1-0,Black,<=5s vs <=5s,1749
XOXtPTpO,63,1-0,White,<=5s vs 5-10s,1594
lHQ1k3QT,80,0-1,Black,<=5s vs <=5s,1500
z69xGh2o,172,0-1,Black,<=5s vs 5-10s,2504
J2NKWMAF,64,0-1,Black,<=5s vs 5-10s,2157
FE9jj3fl,69,1-0,White,<=5s vs 10-15s,1972
6wVfXMh0,80,0-1,Black,<=5s vs 10-15s,2447
TCAc9GFs,74,0-1,Black,<=5s vs 10-15s,1658
CvlWtEMF,68,0-1,Black,<=5s vs 5-10s,1870
3Ly5utNG,38,1-0,Black,<=5s vs 15-20s,1547
P8aZnJ2g,57,1-0,White,<=5s vs 15-20s,1030
I30t53Ft,74,1-0,Black,<=5s vs <=5s,1529
9XiyFbFm,69,1-0,White,<=5s vs 15-20s,2226
A4diAi9E,62,0-1,Black,<=5s vs 15-20s,1827
wvAhddMP,73,0-1,White,<=5s vs 5-10s,2354
0zddj9RZ,50,1-0,Black,<=5s vs 15-20s,1251
AvOZX36m,62,0-1,Black,<=5s vs 15-20s,1568
hUTL4Wkc,70,1-0,Black,<=5s vs <=5s,1725
bMIr0soV,63,1/2-1/2,White,<=5s vs 5-10s,1711
VnZNKZzI,115,0-1,White,<=5s vs 5-10s,1922
LCs6Zb9y,62,0-1,Black,<=5s vs 5-10s,1733
twQUi9vE,118,1-0,Black,<=5s vs 5-10s,1894
N19e15do,74,0-1,Black,<=5s vs 10-15s,1895
pGPvj6sU,47,0-1,White,<=5s vs 10-15s,1976
pmFEpKvR,89,1-0,White,<=5s vs 15-20s,2185
AYmVgzNH,58,0-1,Black,<=5s vs 10-15s,1316
x8d4S6rR,77,0-1,White,<=5s vs <=5s,2081
BzvNamUA,116,1/2-1/2,Black,<=5s vs 15-20s,2927
pbpK0wgK,62,0-1,Black,<=5s vs 10-15s,1381
m04z19B9,73,1-0,White,<=5s vs 15-20s,2435
TQnir0QO,97,1-0,White,<=5s vs 5-10s,1164
fGrAuMzZ,61,1-0,White,<=5s vs 10-15s,1561
zeztARCb,95,0-1,White,<=5s vs 10-15s,1020
O8xoqjy6,79,1-0,White,<=5s vs 10-15s,2579
1460F6Zj,67,0-1,White,<=5s vs <=5s,1975
mD2OSe4A,51,1-0,White,<=5s vs 15-20s,2517
u3FIf70P,44,0-1,Black,<=5s vs 5-10s,1310
GGz5xhxE,64,0-1,Black,<=5s vs 5-10s,1964
XRG14LFj,93,1-0,White,<=5s vs 5-10s,2418
asSU4QYM,69,1-0,White,<=5s vs 10-15s,2494
Jdp3S5QQ,62,0-1,Black,<=5s vs 5-10s,1834
xDtdkuMz,73,1-0,White,<=5s vs 10-15s,1949
uvU9Sgbx,82,0-1,Black,<=5s vs 10-15s,2206
qhqLkKgx,110,1/2-1/2,Black,<=5s vs <=5s,1225
STmssEzH,104,1-0,Black,<=5s vs 5-10s,2382
gdmO70tH,61,1-0,White,<=5s vs 5-10s,1663
eA7Qqnee,63,1-0,White,<=5s vs 5-10s,1999
JkORmGh5,59,1-0,White,<=5s vs 15-20s,1633
Z3tpj6AA,69,0-1,White,<=5s vs <=5s,1015
XaF3msj6,78,0-1,Black,<=5s vs 10-15s,1477
dpO9LCbs,67,1-0,White,<=5s vs 5-10s,2633
A6uYXyz7,124,0-1,Black,<=5s vs 15-20s,1875
wk4qRO8L,63,0-1,White,<=5s vs 5-10s,1743
mDMGnR7S,121,1-0,White,<=5s vs 15-20s,1936
7VKltGWT,68,0-1,Black,<=5s vs 5-10s,1281
PEwQXKdH,61,1-0,White,<=5s vs 5-10s,2259
5f8d51lH,68,0-1,Black,<=5s vs 15-20s,1809
jvbr4fjg,52,0-1,Black,<=5s vs 5-10s,1117
2SczKnvY,132,1/2-1/2,Black,<=5s vs <=5s,2403
blAcSMXf,68,0-1,Black,<=5s vs 15-20s,1718
1au2EZ3U,93,1-0,White,<=5s vs 5-10s,1980
zLiGu18h,63,0-1,White,<=5s vs <=5s,1737
OIobtQte,81,0-1,White,<=5s vs <=5s,2187
8EKubWP3,58,0-1,Black,<=5s vs 5-10s,1404
OZ0sVgSx,73,1-0,White,<=5s vs 5-10s,1592
dFKU5Q35,36,0-1,Black,<=5s vs 5-10s,942
NOkTu9f6,100,1/2-1/2,Black,<=5s vs 5-10s,2549
zbfF0mpb,59,1-0,White,<=5s vs 5-10s,2243
4iiLti6K,72,0-1,Black,<=5s vs 5-10s,2038
HAaoew2l,98,0-1,Black,<=5s vs <=5s,2352
hm2HVJU0,107,1-0,White,<=5s vs 10-15s,2242
HblapI95,58,0-1,Black,<=5s vs 15-20s,1385
N0XqPZuA,59,1-0,White,<=5s vs 5-10s,1554
Og9iynC7,113,1-0,White,<=5s vs <=5s,1588
BnWSC3O8,119,1-0,White,<=5s vs 5-10s,2193
rCUZbi88,56,0-1,Black,<=5s vs 10-15s,1486
mQE7blTO,43,1-0,White,<=5s vs 15-20s,1282
1DFCgC01,53,1-0,White,<=5s vs 10-15s,1410
Ujw4vy12,101,0-1,White,<=5s vs <=5s,2312
BGyPlbM3,50,0-1,Black,<=5s vs 10-15s,1390
V988OOAl,76,0-1,Black,<=5s vs <=5s,2517
xTyG79o4,50,0-1,Black,<=5s vs 5-10s,1553
WJXo98r4,49,1-0,White,<=5s vs 15-20s,1515
USeUVnRt,95,1-0,White,<=5s vs 10-15s,2668
kcUPppHr,75,0-1,White,<=5s vs <=5s,1727
8Kt7d9PH,86,0-1,Black,<=5s vs <=5s,1614
4G5T35Ld,49,1-0,White,<=5s vs 5-10s,1281
gwXAtuJz,27,1-0,White,<=5s vs 15-20s,787
tIeFY9j6,100,0-1,Black,<=5s vs 15-20s,2136
Umeullel,69,1-0,White,<=5s vs 5-10s,1816
vbVDxg9a,65,1-0,White,<=5s vs 10-15s,1528
43ix1QG0,80,0-1,Black,<=5s vs <=5s,1968
9u95iDV0,61,1-0,White,<=5s vs 5-10s,1700
HZaf8d5y,58,1-0,Black,<=5s vs <=5s,2008
eeascaRK,96,1/2-1/2,Black,<=5s vs 5-10s,2125
GeI92rST,51,1-0,White,<=5s vs 15-20s,871
2XvI4hqd,112,0-1,Black,<=5s vs 10-15s,1177
HDRkYewo,76,0-1,Black,<=5s vs 5-10s,2535
y3aC3wyW,95,1-0,White,<=5s vs 5-10s,1557
Wccbog9u,83,1-0,White,<=5s vs 10-15s,2006
K33pZgPj,43,1-0,White,<=5s vs 10-15s,1661
1Dt1GSq9,63,1-0,White,<=5s vs 10-15s,1923
3t53Cqlv,86,0-1,Black,<=5s vs <=5s,2548
bNOHhgkO,89,1-0,White,<=5s vs 5-10s,2236
JVHSijwv,123,1-0,White,<=5s vs 15-20s,2452
QVnA0maF,69,1-0,White,<=5s vs 15-20s,1818
3zoIttw7,59,1-0,White,<=5s vs 10-15s,1194
R0ECYxGw,77,0-1,White,<=5s vs 10-15s,2081
Qlt1XKlg,111,1-0,White,<=5s vs 5-10s,2520
TrnlEZQ5,70,0-1,Black,<=5s vs 15-20s,2248
RdwqvPnH,49,1-0,White,<=5s vs 10-15s,1336
xYuw4eNq,54,0-1,Black,<=5s vs 15-20s,1922
5ybrjqeA,68,0-1,Black,<=5s vs 15-20s,1551
4yIoeMCS,49,1-0,White,<=5s vs 5-10s,1467
B5LAw0qQ,84,0-1,Black,<=5s vs 10-15s,1642
LdUCdJco,54,1-0,Black,<=5s vs <=5s,1234
QZd0Jjwt,52,0-1,Black,<=5s vs 10-15s,1298
RZHrC8zm,65,0-1,White,<=5s vs <=5s,1469
2LwWJbZn,63,1-0,White,<=5s vs 10-15s,1792
VqKcK1Jc,74,1-0,Black,<=5s vs 5-10s,1874
1WO2h3UU,85,1-0,White,<=5s vs 5-10s,2777
GJQ8qN1k,64,0-1,Black,<=5s vs 5-10s,1981
C0eXPeJo,63,1-0,White,<=5s vs 15-20s,2194
MBKb63EV,51,1-0,White,<=5s vs 5-10s,1115
3YElNNnm,70,1-0,Black,<=5s vs 5-10s,2117
GNBfob5H,69,1-0,White,<=5s vs 15-20s,1725
MA4FgTIk,54,0-1,Black,<=5s vs 15-20s,1389
LjCLI71F,64,0-1,Black,<=5s vs 5-10s,2046
avTqHKk0,52,0-1,Black,<=5s vs 15-20s,873
dm7In2Sj,218,1/2-1/2,Black,<=5s vs 15-20s,2143
CCDxTSfM,50,0-1,Black,<=5s vs 15-20s,1289
hWgMwmo1,80,1-0,Black,<=5s vs 5-10s,2074
JLz6CBR5,78,0-1,Black,<=5s vs 15-20s,2481
sG5HJ2Qf,62,1-0,Black,<=5s vs <=5s,1548
rPBkxT6E,65,1-0,White,<=5s vs 15-20s,1871
DjEpMbst,60,1-0,Black,<=5s vs <=5s,2014
sl8YDdOJ,54,0-1,Black,<=5s vs 5-10s,1477
VwJW9txK,82,0-1,Black,<=5s vs 10-15s,1734
lBKU80hh,48,0-1,Black,<=5s vs <=5s,1670
XNr3THpO,84,0-1,Black,<=5s vs 5-10s,2187
O9BmRncA,50,0-1,Black,<=5s vs 15-20s,1968
LauQoDHj,116,0-1,Black,<=5s vs <=5s,2143
nsRULjLL,99,1-0,White,<=5s vs 5-10s,2644
a2Gx76tE,56,0-1,Black,<=5s vs 5-10s,882
tjyiwobB,48,0-1,Black,<=5s vs 5-10s,1237
JS3nJstF,69,1-0,White,<=5s vs 10-15s,1890
HICaY03i,62,0-1,Black,<=5s vs 15-20s,1142
f0nk29mv,70,0-1,Black,<=5s vs 5-10s,2010
5c8OkNPq,60,0-1,Black,<=5s vs 5-10s,1815
YCEjrJ4Y,74,0-1,Black,<=5s vs <=5s,1859
NF0n1J9p,75,1-0,White,<=5s vs 15-20s,2580
5MguOlQE,88,0-1,Black,<=5s vs 5-10s,1463
7Oop53i8,107,0-1,White,<=5s vs 5-10s,2724
LZFD8IjN,56,0-1,Black,<=5s vs <=5s,1912
LwiYcGKc,47,1-0,White,<=5s vs 10-15s,1658
RjNT0695,51,1-0,White,<=5s vs 15-20s,2199
46tAKp2K,116,1/2-1/2,Black,<=5s vs 15-20s,2283
ZvYZprhJ,99,1-0,White,<=5s vs 10-15s,1813
J9VaeJNM,148,0-1,Black,<=5s vs 5-10s,1519
AHwNBL9H,51,1-0,White,<=5s vs 10-15s,1369
sw46FCcC,94,0-1,Black,<=5s vs 15-20s,2029
WEhcOSDD,74,1-0,Black,<=5s vs <=5s,1042
BN7B9hEd,79,0-1,White,<=5s vs 5-10s,2277
ci1o04Ay,106,1-0,Black,<=5s vs 5-10s,1798
aH0oqDe0,94,0-1,Black,<=5s vs <=5s,2252
UzTh5v3N,70,1/2-1/2,Black,<=5s vs 10-15s,1976
3p7CaS8W,95,1-0,White,<=5s vs <=5s,2072
Dyy5YcyY,80,0-1,Black,<=5s vs 5-10s,1671
HtmsTL0S,65,1-0,White,<=5s vs 15-20s,2274
FV2D0FF7,56,0-1,Black,<=5s vs 15-20s,1998
L7Wy9CMo,97,1-0,White,<=5s vs 10-15s,2049
HwH927y9,106,0-1,Black,<=5s vs 5-10s,2069
q6Dw424f,62,0-1,Black,<=5s vs 5-10s,1794
QuJIutEM,114,0-1,Black,<=5s vs 10-15s,2231
YS3Jktew,46,0-1,Black,<=5s vs <=5s,1130
trLFtbzy,95,1-0,White,<=5s vs 10-15s,2401
Ep13kjjv,120,0-1,Black,<=5s vs 15-20s,1619
91BnI85c,53,1-0,White,<=5s vs 5-10s,975
67mYyEjM,76,0-1,Black,<=5s vs 10-15s,2202
CfdT16uz,79,1-0,White,<=5s vs <=5s,2208
dRYc4duJ,68,0-1,Black,<=5s vs 15-20s,1815
A4Hn6KM6,63,1-0,White,<=5s vs 5-10s,1143
mcYJYgrU,83,1-0,White,<=5s vs 5-10s,1713
1me8eYag,63,1-0,White,<=5s vs 5-10s,1409
yd7me1oI,61,1-0,White,<=5s vs 10-15s,1751
02dcOCZF,80,1-0,Black,<=5s vs <=5s,1705
uGBnpFf0,78,0-1,Black,<=5s vs 15-20s,2652
Nl7E8YoX,82,0-1,Black,<=5s vs 15-20s,2298
sWD3zR9Z,53,1-0,White,<=5s vs 5-10s,688
BlxfMCrA,80,0-1,Black,<=5s vs 10-15s,1637
jssqSGwp,60,1-0,Black,<=5s vs <=5s,1307
24CEr1SC,73,1-0,White,<=5s vs 15-20s,1869
3Ylh6rAn,83,1-0,White,<=5s vs 10-15s,1703
i9JB2gt2,76,0-1,Black,<=5s vs 10-15s,1737
wLxezSxZ,135,1-0,White,<=5s vs 5-10s,2619
DJgXlW6L,68,1-0,Black,<=5s vs <=5s,2043
ztmV77Og,110,1/2-1/2,Black,<=5s vs 10-15s,1861
v28zFjC3,87,1-0,White,<=5s vs 5-10s,1121
zo0Cqf1J,70,0-1,Black,<=5s vs 5-10s,1664
Y8CASnvd,83,1-0,White,<=5s vs 10-15s,2835
y8ABYgsD,78,0-1,Black,<=5s vs 10-15s,2323
0RhzYEHO,78,0-1,Black,<=5s vs 10-15s,2717
jV1uDDid,78,0-1,Black,<=5s vs 10-15s,2037
yifclOr8,55,1-0,White,<=5s vs 10-15s,1389
8sHTb8zZ,68,0-1,Black,<=5s vs <=5s,1330
lIRhFNsx,110,0-1,Black,<=5s vs 10-15s,2350
QgYsXHD6,66,0-1,Black,<=5s vs 5-10s,2274
YbRi1xnk,48,0-1,Black,<=5s vs 5-10s,1018
AaK9t1fG,46,1-0,Black,<=5s vs 10-15s,1673
2lbCZqEg,101,0-1,White,<=5s vs 10-15s,2517
PJ6SSD16,69,0-1,White,<=5s vs <=5s,2512
HnywOvMB,156,0-1,Black,<=5s vs 15-20s,2260
FFZv6eD5,79,1-0,White,<=5s vs 15-20s,1940
UXPAWiH8,67,1-0,White,<=5s vs 15-20s,1466
fI5rmihO,94,1-0,Black,<=5s vs 5-10s,1794
Wgk7KYgP,108,0-1,Black,<=5s vs 10-15s,2533
bj35Y7Db,60,0-1,Black,<=5s vs 15-20s,1409
ShowgV77,84,0-1,Black,<=5s vs 5-10s,1966
kN3sHU57,51,1-0,White,<=5s vs 15-20s,1662
I4wcwCjy,64,0-1,Black,<=5s vs 15-20s,1471
7ORvN6Kx,142,0-1,Black,<=5s vs 15-20s,2441
X4YGLnp1,92,0-1,Black,<=5s vs 15-20s,1909
YPg5AAu1,45,1-0,White,<=5s vs 15-20s,1222
CLHr23ju,80,0-1,Black,<=5s vs 10-15s,2493
FbBEDeR3,109,1-0,White,<=5s vs 15-20s,1923
WgZhVpiH,78,0-1,Black,<=5s vs 5-10s,2154
ybx5HkR1,69,0-1,White,<=5s vs <=5s,1411
LCvW8oo4,65,1-0,White,<=5s vs 10-15s,1758
vHBSd9Db,81,0-1,White,<=5s vs <=5s,2230
UGwUoXLf,97,1-0,White,<=5s vs 5-10s,1459
Ws0xWgCR,74,0-1,Black,<=5s vs 5-10s,2116
VH4AdxUv,77,1-0,White,<=5s vs 10-15s,1939
qHwg7ACz,60,1-0,Black,<=5s vs <=5s,1679
KIEekQNQ,37,1-0,White,<=5s vs 15-20s,958
wV3itqHp,51,1-0,White,<=5s vs 10-15s,1151
E93zHp4q,49,1-0,White,<=5s vs 15-20s,1446
dFW1GLy3,99,1-0,White,<=5s vs 15-20s,2503
abRNoaaJ,79,1-0,White,<=5s vs 5-10s,1888
QGPSi0wz,88,1/2-1/2,Black,<=5s vs 5-10s,2389
PIA2Vnnh,81,1-0,White,<=5s vs <=5s,1395
iCLfVJl4,55,1-0,White,<=5s vs 10-15s,1374
BviyC6d6,85,0-1,White,<=5s vs 5-10s,2340
R80mM3RB,58,0-1,Black,<=5s vs 15-20s,2157
PQduybyf,83,0-1,White,<=5s vs 5-10s,1967
zl2RasIL,58,0-1,Black,<=5s vs 15-20s,1422
vesGnKU5,115,1-0,White,<=5s vs 10-15s,2524
GF9FSPZ7,102,0-1,Black,<=5s vs 5-10s,2301
zmkwzFz7,85,1-0,White,<=5s vs 15-20s,1725
M8UuaJqx,124,0-1,Black,<=5s vs <=5s,2318
NoBHsU4z,119,1/2-1/2,White,<=5s vs 5-10s,2720
I8FDAekh,84,1-0,Black,<=5s vs <=5s,1972
Cqb946un,38,0-1,Black,<=5s vs 10-15s,2432
xv1ug9tp,39,1-0,White,<=5s vs <=5s,1268
Tgspk57m,82,0-1,Black,<=5s vs 5-10s,2405
DT0RCL5W,44,0-1,Black,<=5s vs 5-10s,1147
4nD0la78,61,1-0,White,<=5s vs 15-20s,1811
B9b8pDVp,54,0-1,Black,<=5s vs <=5s,1312
h0t6MSu8,68,0-1,Black,<=5s vs 5-10s,1399
DdOi1JKN,87,1-0,White,<=5s vs 10-15s,1734
EgpDb9d6,108,0-1,Black,<=5s vs 5-10s,2323
TPBMdUeS,95,1-0,White,<=5s vs 10-15s,2344
2ZQu4ZxK,83,1-0,White,<=5s vs 5-10s,902
7Xgz4PC2,39,1-0,White,<=5s vs 10-15s,966
yvQ96a37,73,1-0,White,<=5s vs 5-10s,1368
i59vyTeJ,57,1-0,White,<=5s vs 10-15s,1746
sBSBJamr,52,0-1,Black,<=5s vs 10-15s,1587
0pw341m9,64,0-1,Black,<=5s vs 15-20s,1964
twMfOrlM,112,0-1,Black,<=5s vs 5-10s,2081
rRpHG0dL,147,0-1,White,<=5s vs 10-15s,2374
9OWRdwRA,80,0-1,Black,<=5s vs 5-10s,2088
OfWyK9XF,68,0-1,Black,<=5s vs <=5s,1551
TH3KgXSF,68,0-1,Black,<=5s vs 5-10s,1410
nE2sFNHQ,65,1-0,White,<=5s vs 15-20s,2581
dcZCNCMq,81,1-0,White,<=5s vs 10-15s,1894
RqrUnIFR,66,0-1,Black,<=5s vs 5-10s,1457
rx6Abwqv,77,0-1,White,<=5s vs <=5s,1921
YxQfVJZx,60,0-1,Black,<=5s vs 10-15s,1671
DcPf9RG0,80,0-1,Black,<=5s vs 10-15s,1798
NcJG1CGr,56,0-1,Black,<=5s vs 15-20s,1749
HPBkZeL3,74,0-1,Black,<=5s vs 10-15s,2327
TpWea6zQ,82,1/2-1/2,Black,<=5s vs 10-15s,2498
MnbvmGKZ,43,1-0,White,<=5s vs 10-15s,1165
xtjI7GHU,51,1-0,White,<=5s vs 15-20s,2355
OOmUnWfH,46,0-1,Black,<=5s vs 10-15s,1706
KcWjMjS7,56,0-1,Black,<=5s vs 15-20s,1922
GstjBv6o,62,0-1,Black,<=5s vs 15-20s,1507
dJBOIoZZ,58,0-1,Black,<=5s vs 5-10s,1402
EpyU62uH,97,0-1,White,<=5s vs <=5s,2467
vd9Aaly1,59,1-0,White,<=5s vs 5-10s,1748
6TVYsLdw,74,1-0,Black,<=5s vs 10-15s,1562
begGixK1,72,0-1,Black,<=5s vs 10-15s,1483
CkxconIG,82,1-0,Black,<=5s vs 5-10s,1745
9kG9Ettb,85,1-0,White,<=5s vs 10-15s,1646
id4ydGb1,72,1-0,Black,<=5s vs 10-15s,2180
6ypIJXlh,110,1-0,Black,<=5s vs <=5s,2828
ZmmyecDz,85,0-1,White,<=5s vs 10-15s,2576
mw5erzkn,86,0-1,Black,<=5s vs 10-15s,1737
W6YZDY9p,102,0-1,Black,<=5s vs 5-10s,1481
dwG7V86f,119,1/2-1/2,White,<=5s vs 5-10s,1037
8g7Y2Gzx,53,1-0,White,<=5s vs <=5s,1100
bxR71jDx,61,1-0,White,<=5s vs 15-20s,1414
jl2qTF9L,62,0-1,Black,<=5s vs 15-20s,1555
haa18FFG,78,0-1,Black,<=5s vs 5-10s,1666
UYfJPUV6,115,1-0,White,<=5s vs 5-10s,2407
De9dOrym,103,1-0,White,<=5s vs <=5s,2403
PFX7wwRU,56,0-1,Black,<=5s vs <=5s,1009
9M4D79MN,87,0-1,White,<=5s vs 5-10s,2846
OvWrRsC0,46,0-1,Black,<=5s vs 5-10s,1010
9QWdYbIe,64,0-1,Black,<=5s vs <=5s,1770
ujVdNWDN,90,0-1,Black,<=5s vs 15-20s,2304
ulObVNBT,145,1/2-1/2,White,<=5s vs 5-10s,2491
Tl2WDxEp,127,1-0,White,<=5s vs 15-20s,2335
MryIjElz,83,1-0,White,<=5s vs 10-15s,2599
pZ0dt4Am,49,1-0,White,<=5s vs 10-15s,1596
Q6XatsK4,56,0-1,Black,<=5s vs 10-15s,1772
TfLJGsFk,103,1-0,White,<=5s vs 10-15s,2055
gpb7MnIf,64,0-1,Black,<=5s vs 10-15s,1612
iyjCA0HH,46,0-1,Black,<=5s vs <=5s,1162
7AQsjKf1,64,0-1,Black,<=5s vs 15-20s,1648
JoxtAY0U,82,1-0,Black,<=5s vs <=5s,2773
6NFY0UsG,78,0-1,Black,<=5s vs 10-15s,2040
yLqQPomf,56,0-1,Black,<=5s vs 5-10s,1924
ZSo3Kivz,94,0-1,Black,<=5s vs 15-20s,1980
iL2AyTrN,63,0-1,White,<=5s vs 5-10s,1673
v7iPjANt,58,1-0,Black,<=5s vs <=5s,1317
3Xuu4dwx,72,0-1,Black,<=5s vs 5-10s,1330
RbvrTESU,91,1/2-1/2,White,<=5s vs <=5s,2336
CaETqgCl,61,1-0,White,<=5s vs <=5s,1366
AQfa8pN2,81,0-1,White,<=5s vs 10-15s,1499
pG1VDBDC,69,0-1,White,<=5s vs <=5s,1722
8m5IH5C3,36,0-1,Black,<=5s vs 5-10s,574
LiR9csml,130,1/2-1/2,Black,<=5s vs 5-10s,2422
xEkcBncV,58,1-0,Black,<=5s vs 5-10s,1644
sTBuLmMC,104,0-1,Black,<=5s vs 5-10s,1626
OqymawwK,103,0-1,White,<=5s vs 5-10s,2172
z9eJgYSe,136,0-1,Black,<=5s vs <=5s,1821
t1P1hnVF,56,0-1,Black,<=5s vs 10-15s,1397
6VDE7oMf,100,0-1,Black,<=5s vs 15-20s,2382
An3u6Ofh,60,0-1,Black,<=5s vs 15-20s,1670
rtTsiO2d,72,0-1,Black,<=5s vs 5-10s,1808
OpkJwhNM,50,0-1,Black,<=5s vs 5-10s,947
nLccZ7Wn,72,0-1,Black,<=5s vs 5-10s,1829
AuldOmUS,60,0-1,Black,<=5s vs 10-15s,1725
YKoUCOdl,46,0-1,Black,<=5s vs 10-15s,887
sLHF61Kh,118,1-0,Black,<=5s vs 5-10s,2386
9ccnUyDw,60,0-1,Black,<=5s vs 10-15s,1681
WL07gZlr,121,1/2-1/2,White,<=5s vs 5-10s,2657
Dh3Mfooy,107,0-1,White,<=5s vs 15-20s,2263
NEFK3FpN,71,0-1,White,<=5s vs 15-20s,2507
bhRVbdpp,74,0-1,Black,<=5s vs 10-15s,1380
aA6OsJRZ,56,1-0,Black,<=5s vs <=5s,1156
YVZYWuVR,82,0-1,Black,<=5s vs <=5s,2190
Tho9lkm2,60,0-1,Black,<=5s vs 5-10s,1995
HEiUcgFB,83,0-1,White,<=5s vs 5-10s,1456
VHYHqxcC,57,1-0,White,<=5s vs 5-10s,1560
PYKAQULz,75,1-0,White,<=5s vs 10-15s,1141
rP3vxbIc,96,0-1,Black,<=5s vs 15-20s,2284
JfIFXhBN,48,0-1,Black,<=5s vs 5-10s,1679
l2Hvm9Dc,59,1-0,White,<=5s vs 10-15s,1748
PwFwnFfr,75,1-0,White,<=5s vs 10-15s,2070
YXbpVxgE,49,1-0,White,<=5s vs 5-10s,1144
XFK9nSGf,61,1-0,White,<=5s vs 5-10s,1264
JAwIBIB1,75,1-0,White,<=5s vs 10-15s,1454
M0ReY9Xn,87,0-1,White,<=5s vs <=5s,2337
FgzKDnvJ,90,1/2-1/2,Black,<=5s vs 15-20s,1914
JMaYpM9w,86,0-1,Black,<=5s vs <=5s,1822
nduPCjut,54,0-1,Black,<=5s vs 15-20s,994
n4zkCE4E,48,0-1,Black,<=5s vs 15-20s,1569
Nq2CvBNk,132,1/2-1/2,Black,<=5s vs 10-15s,1977
Xo61XiNb,65,1-0,White,<=5s vs 10-15s,1564
XVfeMrte,82,1-0,Black,<=5s vs <=5s,1629
Zz7hiQZr,65,1-0,White,<=5s vs <=5s,1641
iVOvMfuR,61,1-0,White,<=5s vs 15-20s,2204
QIObK32E,97,0-1,White,<=5s vs 10-15s,2447
Kr0VAG9K,55,1-0,White,<=5s vs 15-20s,1643
bzotDqBR,66,0-1,Black,<=5s vs 5-10s,1842
dxQoCUwn,69,1-0,White,<=5s vs 10-15s,1997
Cj68o0x9,79,1-0,White,<=5s vs 5-10s,1810
FHO0wmIp,64,0-1,Black,<=5s vs 5-10s,1118
9E5mB8fE,57,1-0,White,<=5s vs 10-15s,1177
aRPRdbHP,61,1-0,White,<=5s vs 10-15s,1293
5olvsZrd,81,1-0,White,<=5s vs 5-10s,2527
XdvRJwwp,75,1-0,White,<=5s vs 5-10s,2585
uiWKNyjU,63,1-0,White,<=5s vs 15-20s,1380
LdtpXCRN,50,0-1,Black,<=5s vs 5-10s,1465
YJI5msiQ,59,1-0,White,<=5s vs 15-20s,2431
aZVb8z5j,71,1-0,White,<=5s vs 10-15s,1620
1vcr3iNc,54,1-0,Black,<=5s vs 5-10s,1319
tLNnRJpZ,73,0-1,White,<=5s vs <=5s,1051
JhnKWpGL,90,0-1,Black,<=5s vs 5-10s,1818
PVDVAiSZ,44,0-1,Black,<=5s vs 10-15s,1355
X2OJfEPH,112,0-1,Black,<=5s vs 15-20s,2087
eRARoTdi,52,1-0,Black,<=5s vs 5-10s,2243
sPk7FeTS,83,1-0,White,<=5s vs 5-10s,1606
0gB7Yqyw,106,0-1,Black,<=5s vs <=5s,2144
vy2mbbrf,71,1-0,White,<=5s vs 15-20s,1237
tqLjEYST,91,1-0,White,<=5s vs 10-15s,2102
jFFUQw8D,62,0-1,Black,<=5s vs 5-10s,1746
m7MV2dwq,60,0-1,Black,<=5s vs 10-15s,1014
QAhkOhLO,69,1-0,White,<=5s vs 10-15s,1625
Xx7vcJkA,75,1-0,White,<=5s vs 10-15s,2529
ytSaZR4s,76,0-1,Black,<=5s vs 5-10s,1680
BQcRw4Be,48,0-1,Black,<=5s vs 15-20s,1290
wErSZIB6,51,1-0,White,<=5s vs 10-15s,1132
SgJYzfvA,107,1-0,White,<=5s vs <=5s,1768
WHQliqgQ,106,0-1,Black,<=5s vs 5-10s,2954
Oo6LfIG5,104,0-1,Black,<=5s vs 15-20s,2357
MRcXeRYL,93,0-1,White,<=5s vs <=5s,1654
NGQfmfzg,73,1-0,White,<=5s vs 5-10s,1633
WkgcpHiz,80,1-0,Black,<=5s vs 5-10s,1937
DgKbtUMi,67,1-0,White,<=5s vs 5-10s,1239
mTEpBPlT,70,1-0,Black,<=5s vs <=5s,1752
d1I1IIw3,110,0-1,Black,<=5s vs 15-20s,2181
a4XSAuaR,96,0-1,Black,<=5s vs <=5s,2709
PMy5tZ5n,90,0-1,Black,<=5s vs 15-20s,2325
2FA40XPH,94,0-1,Black,<=5s vs 5-10s,2740
BSNFfaVH,61,1-0,White,<=5s vs 5-10s,1729
zrym9XfR,78,0-1,Black,<=5s vs 5-10s,2232
g5ttuc69,128,1-0,Black,<=5s vs 5-10s,2543
Y746ctpp,79,0-1,White,<=5s vs 10-15s,1928
N7uqcHZ7,90,0-1,Black,<=5s vs 15-20s,2263
1sZRdAo3,132,1/2-1/2,Black,<=5s vs 5-10s,2762
sSuZK6k8,44,0-1,Black,<=5s vs 10-15s,942
unbvX0je,109,1-0,White,<=5s vs <=5s,2782
C8gjFvQt,120,0-1,Black,<=5s vs 10-15s,2109
g8b0LJiw,63,0-1,White,<=5s vs 10-15s,2577
ZPT5PQKH,63,1-0,White,<=5s vs 15-20s,1959
QqB9S1EG,40,0-1,Black,<=5s vs 10-15s,1661
T8A0SHFX,71,1-0,White,<=5s vs 10-15s,2029
Dky3Wxb4,61,1-0,White,<=5s vs 5-10s,1500
PeIPvVRk,124,0-1,Black,<=5s vs 5-10s,2231
cl5PYcOb,51,0-1,White,<=5s vs 5-10s,1286
ZE1r9o0h,45,1-0,White,<=5s vs 10-15s,847
SYN3R0IN,84,0-1,Black,<=5s vs <=5s,1856
BTNer2MR,68,0-1,Black,<=5s vs 5-10s,2066
ttr6myAQ,85,1-0,White,<=5s vs 5-10s,2390
0Borqp29,58,0-1,Black,<=5s vs 15-20s,1575
SXACnBSw,70,0-1,Black,<=5s vs 15-20s,2273
rt2R9b0S,87,1-0,White,<=5s vs <=5s,2181
8I6L0eus,101,1/2-1/2,White,<=5s vs 5-10s,2363
018Q7Ikt,59,1-0,White,<=5s vs 15-20s,1677
H6X5cNuI,58,0-1,Black,<=5s vs 5-10s,2006
7iiaBGvR,53,1-0,White,<=5s vs 15-20s,1820
snLwAMwC,49,1-0,White,<=5s vs 5-10s,1615
4pEnZQtr,38,0-1,Black,<=5s vs 15-20s,1335
mpLVp5KW,106,1/2-1/2,Black,<=5s vs 10-15s,1848
N516kbQd,57,1-0,White,<=5s vs 15-20s,2156
3OgTeNdL,96,0-1,Black,<=5s vs 10-15s,2267
gsSuUmjo,67,1-0,White,<=5s vs 15-20s,2067
FLpKsvqe,90,0-1,Black,<=5s vs 10-15s,2127
LjwbkQ74,85,1-0,White,<=5s vs 15-20s,2513
ANEwvAvQ,106,1-0,Black,<=5s vs <=5s,2309
4odjZVp0,79,1-0,White,<=5s vs 5-10s,2411
E2T0l80X,78,0-1,Black,<=5s vs 10-15s,2271
78bU1yjN,71,1-0,White,<=5s vs 10-15s,2369
rCIVlQtO,65,1-0,White,<=5s vs 5-10s,1935
bNYisJuO,94,1-0,Black,<=5s vs 5-10s,2641
VRASTeiu,91,1-0,White,<=5s vs 15-20s,2454
2qrynrzM,67,1-0,White,<=5s vs 10-15s,1386
lCf9tMda,70,1/2-1/2,Black,<=5s vs <=5s,2096
I4s5PWj2,55,1-0,White,<=5s vs 15-20s,1663
Qvwwe1cG,72,0-1,Black,<=5s vs 5-10s,2154
Hc8ha4XM,49,0-1,White,<=5s vs 15-20s,1933
hXM7UpHW,49,1-0,White,<=5s vs 10-15s,1362
HnCbPxwf,73,1-0,White,<=5s vs 10-15s,1708
0KxMI4sR,84,0-1,Black,<=5s vs 10-15s,1833
cFuNUzg4,111,1-0,White,<=5s vs 10-15s,2476
2DlnBLoP,74,1-0,Black,<=5s vs 5-10s,1622
jok834CQ,46,0-1,Black,<=5s vs 15-20s,1596
BlkFNeAO,80,0-1,Black,<=5s vs 15-20s,1988
Wi4FjfLK,72,0-1,Black,<=5s vs 15-20s,1969
4baXn1GW,100,1/2-1/2,Black,<=5s vs 10-15s,2032
3Go2MuB8,39,1-0,White,<=5s vs 15-20s,1128
2x8kyxOY,57,1-0,White,<=5s vs 15-20s,928
JkfmQfNA,50,0-1,Black,<=5s vs 5-10s,1343
lLmw9PfW,35,1-0,White,<=5s vs 5-10s,615
sMIz6Yla,74,1-0,Black,<=5s vs 5-10s,2464
TZAmIdfq,63,1-0,White,<=5s vs 15-20s,1830
GViVxLZ0,80,0-1,Black,<=5s vs 5-10s,2287
5T6Qv6He,58,0-1,Black,<=5s vs 15-20s,1486
ZqrjS4Jj,85,0-1,White,<=5s vs 10-15s,1427
UI8T3xwv,64,0-1,Black,<=5s vs 10-15s,2065
0JCisbSw,90,0-1,Black,<=5s vs 10-15s,2050
G9ZqBnz1,66,0-1,Black,<=5s vs 10-15s,1334
S9rgKN9v,85,0-1,White,<=5s vs <=5s,1912
Ikdfs5ZU,90,0-1,Black,<=5s vs 15-20s,2328
FhdGflK7,76,0-1,Black,<=5s vs 15-20s,1889
SxEuvy6h,89,1-0,White,<=5s vs 5-10s,1987
Xb8Q2ABO,60,1-0,Black,<=5s vs 5-10s,2011
9Pf5wT3s,79,1-0,White,<=5s vs 15-20s,2306
eP6ASjlk,44,1-0,Black,<=5s vs <=5s,841
gOvEKUxu,50,1-0,Black,<=5s vs 5-10s,1277
Ji6MLnbq,48,0-1,Black,<=5s vs <=5s,1448
KcXlaC1Z,85,1-0,White,<=5s vs <=5s,2227
k7BESZkD,89,1-0,White,<=5s vs <=5s,1865
QVEabZJ8,82,0-1,Black,<=5s vs 5-10s,2343
dFBdV0Z8,79,1-0,White,<=5s vs 10-15s,1927
uC4AsUmG,56,0-1,Black,<=5s vs 15-20s,1968
ET5YgcFm,100,0-1,Black,<=5s vs 10-15s,1586
cEbn8HZn,88,0-1,Black,<=5s vs 5-10s,2511
OHmhODbF,67,1-0,White,<=5s vs 5-10s,1513
vzxQ1wjB,54,0-1,Black,<=5s vs <=5s,1351
TVzWsMuu,77,1-0,White,<=5s vs 10-15s,1496
ANzEeLya,124,0-1,Black,<=5s vs 10-15s,1945
xxWlZ71t,80,1-0,Black,<=5s vs <=5s,1417
ISLHh1lI,111,1-0,White,<=5s vs 5-10s,3118
Z1CICzDV,118,0-1,Black,<=5s vs 15-20s,2147
1Z2YOkjG,79,1-0,White,<=5s vs 15-20s,2048
Fi0cBGp0,66,0-1,Black,<=5s vs 15-20s,1773
Bbx0RR5y,86,0-1,Black,<=5s vs 5-10s,1642
XPJQFo4d,58,0-1,Black,<=5s vs 15-20s,1236
wef2ty4y,72,0-1,Black,<=5s vs 5-10s,1993
dSBN8mk4,60,0-1,Black,<=5s vs <=5s,1400
PVCbHx4s,65,0-1,White,<=5s vs 5-10s,1282
Mvjp4aJG,47,1-0,White,<=5s vs 15-20s,885
t9YHpoNl,58,0-1,Black,<=5s vs 10-15s,1513
IPMNUVso,104,0-1,Black,<=5s vs 5-10s,2301
5aRSiQ4U,69,1-0,White,<=5s vs 15-20s,2502
4fzyUR4z,91,1-0,White,<=5s vs 5-10s,2416
zwN7Sf84,58,0-1,Black,<=5s vs 15-20s,1321
jn4bD70E,94,1-0,Black,<=5s vs <=5s,2264
1ZQnCnoH,53,1-0,White,<=5s vs 5-10s,1870
DwP3xvFd,139,1-0,White,<=5s vs 10-15s,2403
90mmcKS4,83,0-1,White,<=5s vs <=5s,1638
0chN4XoK,87,1-0,White,<=5s vs 15-20s,2009
lpuu3vgJ,86,0-1,Black,<=5s vs 10-15s,2585
KMvBcVF2,82,1-0,Black,<=5s vs <=5s,2190
Gt0KSeNR,56,0-1,Black,<=5s vs 5-10s,2176
jFLoaeqQ,46,0-1,Black,<=5s vs 5-10s,1316
lAyt4TLE,51,1-0,White,<=5s vs 5-10s,1542
5FC9b3EN,46,0-1,Black,<=5s vs 15-20s,1399
mnfHxXGC,57,1-0,White,<=5s vs 15-20s,1946
LfmRjsLr,117,1/2-1/2,White,<=5s vs 15-20s,2202
EnY0Wv8b,81,1-0,White,<=5s vs 15-20s,2267
3kZQCI4h,136,0-1,Black,<=5s vs 5-10s,2400
7HhLtyam,101,1-0,White,<=5s vs 15-20s,1758
MMDL5z0V,63,1-0,White,<=5s vs <=5s,1364
wPxs0vNP,69,0-1,White,<=5s vs 10-15s,2139
6VDwRp6x,114,1/2-1/2,Black,<=5s vs <=5s,2132
9aLRgAVX,53,1-0,White,<=5s vs 10-15s,1078
vgZ2vkI5,68,0-1,Black,<=5s vs 10-15s,1112
wbk4JkpP,73,1-0,White,<=5s vs <=5s,1632
bDn7DIk0,86,0-1,Black,<=5s vs 10-15s,2567
DJDA2LsP,68,1-0,Black,<=5s vs <=5s,1630
7OrEeIzL,81,0-1,White,<=5s vs <=5s,2386
TfOH0PpB,83,0-1,White,<=5s vs 5-10s,1893
Lvb4tHem,126,1/2-1/2,Black,<=5s vs 5-10s,2775
Dm2AxdX9,157,1/2-1/2,White,<=5s vs 5-10s,2139
BJktbwoz,100,1/2-1/2,Black,<=5s vs 15-20s,2121
8jA2AuJ1,70,0-1,Black,<=5s vs 10-15s,2086
CgAT5Nlg,57,1-0,White,<=5s vs 15-20s,1633
H2bjZbht,71,0-1,White,<=5s vs <=5s,1533
l4Xe8VxL,75,1-0,White,<=5s vs 15-20s,2152
EkCmOItx,82,0-1,Black,<=5s vs 5-10s,2091
Nvz5P22R,68,0-1,Black,<=5s vs <=5s,2278
aV9r7L9D,74,0-1,Black,<=5s vs 5-10s,1494
w1fhAkoF,70,1-0,Black,<=5s vs <=5s,1274
QLQv103L,63,1-0,White,<=5s vs 10-15s,1402
NTVajHRv,66,0-1,Black,<=5s vs 15-20s,1824
D7nKANY8,59,1-0,White,<=5s vs 5-10s,1249
AR2ywIcz,72,0-1,Black,<=5s vs 5-10s,2399
yhmmnuLK,58,1-0,Black,<=5s vs <=5s,2208
BWKy26AY,110,1-0,Black,<=5s vs <=5s,2353
hXsPX3TW,67,1-0,White,<=5s vs <=5s,1675
vGG9HLmP,51,1-0,White,<=5s vs 5-10s,612
eZQMiJbW,149,1-0,White,<=5s vs <=5s,2649
oQF0LcXL,52,0-1,Black,<=5s vs 15-20s,1946
otwUMGIt,56,0-1,Black,<=5s vs 5-10s,1783
RUZzzBhm,64,0-1,Black,<=5s vs 10-15s,1458
4lDfKneL,65,1-0,White,<=5s vs 15-20s,2097
y3gaBmtg,68,0-1,Black,<=5s vs 10-15s,1879
jrDCpHzn,46,0-1,Black,<=5s vs <=5s,1230
f7TpDFBj,56,0-1,Black,<=5s vs 15-20s,1091
1urKIq9U,60,0-1,Black,<=5s vs 5-10s,1757
qiKdOtxB,48,0-1,Black,<=5s vs 5-10s,1083
JyQbexuj,88,1/2-1/2,Black,<=5s vs 15-20s,1356
ukfK0hh3,76,0-1,Black,<=5s vs 5-10s,1110
46VVOWrC,60,0-1,Black,<=5s vs 15-20s,1612
F2knRuXN,96,0-1,Black,<=5s vs 5-10s,2029
W2kHJ0iu,75,1-0,White,<=5s vs <=5s,2226
SteFmaw5,59,1-0,White,<=5s vs 15-20s,1390
OqPpKnnP,97,0-1,White,<=5s vs 5-10s,2134
75SiKpyy,59,1-0,White,<=5s vs 15-20s,2107
ckFEpY0S,73,0-1,White,<=5s vs 5-10s,1028
8NgRSsgB,76,0-1,Black,<=5s vs 5-10s,1905
SRoSa5YH,62,0-1,Black,<=5s vs 15-20s,2154
PvOIetKg,90,0-1,Black,<=5s vs 10-15s,2477
YYveLMZb,58,0-1,Black,<=5s vs 5-10s,1128
yPAGsANN,74,0-1,Black,<=5s vs 10-15s,1992
TYbGCWph,92,0-1,Black,<=5s vs 15-20s,1866
OP4TDBeJ,52,0-1,Black,<=5s vs 15-20s,1154
aRZBZVzq,95,1/2-1/2,White,<=5s vs 5-10s,2511
9AQvnrBq,72,0-1,Black,<=5s vs 10-15s,2402
fRDOKvoX,81,1-0,White,<=5s vs 5-10s,1840
IY5JgIsh,77,1-0,White,<=5s vs 5-10s,1499
J9kYS5NW,50,1-0,Black,<=5s vs 5-10s,1500
9J5CqjY3,63,1-0,White,<=5s vs 5-10s,1500
VlXrZ9Dz,77,1-0,White,<=5s vs 5-10s,2436
WDkzCR1p,85,1-0,White,<=5s vs 10-15s,2555
ZcTkiZgS,62,0-1,Black,<=5s vs 10-15s,1214
x6VMDAWk,92,0-1,Black,<=5s vs 10-15s,2191
w2pKE2cX,89,1-0,White,<=5s vs 15-20s,1002
QfXy8QPy,60,0-1,Black,<=5s vs 15-20s,1624
t1CFZlNB,62,0-1,Black,<=5s vs 15-20s,1598
7evoRMEb,66,1-0,Black,<=5s vs <=5s,2047
U2dU0joa,109,1-0,White,<=5s vs 5-10s,2668
Mx3gJnSM,176,1-0,Black,<=5s vs <=5s,1912
arYHPYSs,76,0-1,Black,<=5s vs <=5s,1953
xkbatLG7,113,1-0,White,<=5s vs 10-15s,2344
5RYod7Ts,96,1-0,Black,<=5s vs <=5s,1933
Nnzovhmp,58,1-0,Black,<=5s vs 5-10s,1628
n9aKXzpr,58,0-1,Black,<=5s vs <=5s,1174
50TNMKyP,53,1-0,White,<=5s vs <=5s,1139
oIsGzh6l,62,0-1,Black,<=5s vs 15-20s,1598
VtO8E6uA,68,0-1,Black,<=5s vs 10-15s,1866
oGhEIJ6E,99,1/2-1/2,White,<=5s vs 5-10s,2348
B29z1VN5,65,1-0,White,<=5s vs 15-20s,1339
scNJGGir,71,0-1,White,<=5s vs 5-10s,2158
Gpiy39Ny,113,1-0,White,<=5s vs 15-20s,1984
1IA7idH2,52,0-1,Black,<=5s vs 10-15s,1019
MQNHcuEQ,47,0-1,White,<=5s vs 5-10s,1010
cJX752Yb,63,0-1,White,<=5s vs <=5s,1552
kYU7sbge,86,0-1,Black,<=5s vs <=5s,2178
pSJd5wXY,87,1-0,White,<=5s vs 10-15s,2470
UUcUfuXk,93,1-0,White,<=5s vs 5-10s,2580
IcJD20u3,77,0-1,White,<=5s vs 5-10s,2525
jE81ZfXK,47,1-0,White,<=5s vs 15-20s,1230
IfzW5PCk,69,1-0,White,<=5s vs 5-10s,2182
ECKQGJF4,49,1-0,White,<=5s vs 10-15s,1655
QIovydJD,84,0-1,Black,<=5s vs 10-15s,1085
w10zfZWc,107,1-0,White,<=5s vs 5-10s,2097
IKrLfCvH,66,0-1,Black,<=5s vs 10-15s,1206
aNHpXAN2,61,1-0,White,<=5s vs 5-10s,1943
PSw8ucjg,63,0-1,White,<=5s vs 5-10s,1410
gBTa2R3p,149,1/2-1/2,White,<=5s vs 10-15s,2355
ZU9dCq4G,100,1-0,Black,<=5s vs <=5s,2107
4MeaJ93v,79,1-0,White,<=5s vs 5-10s,1883
vfuDXRuY,58,0-1,Black,<=5s vs 10-15s,1504
WWUUPsXz,65,1-0,White,<=5s vs <=5s,1386
QbjgvkuB,68,0-1,Black,<=5s vs 15-20s,2160
7ZnD28QL,54,0-1,Black,<=5s vs 15-20s,1007
SUR37pTh,85,1/2-1/2,White,<=5s vs 5-10s,2414
iAqmSBwQ,105,1-0,White,<=5s vs <=5s,2500
519KEbGz,66,1-0,Black,<=5s vs 10-15s,2040
CitoOmBE,59,1-0,White,<=5s vs 10-15s,2155
7z1gSFwo,47,1-0,White,<=5s vs 10-15s,1070
3TMRvYJG,96,1/2-1/2,Black,<=5s vs 5-10s,1556
MY3YCIgj,85,1-0,White,<=5s vs 5-10s,1712
UCnO8Sag,99,1-0,White,<=5s vs 15-20s,2689
U3Xz2n7x,68,0-1,Black,<=5s vs 10-15s,2041
XRgF1iw0,72,0-1,Black,<=5s vs 15-20s,1963
GZ55CrBM,50,0-1,Black,<=5s vs 10-15s,1437
CXPIVhBm,71,1-0,White,<=5s vs 15-20s,1941
yEK5UZ2V,77,1-0,White,<=5s vs 5-10s,1769
ECDhci1s,57,1-0,White,<=5s vs 15-20s,2163
oiqey3lW,109,0-1,White,<=5s vs 5-10s,1323
ptQnnYzj,71,1-0,White,<=5s vs 5-10s,1338
vxc4W0k7,75,1-0,White,<=5s vs 15-20s,1364
x8FX44Po,46,0-1,Black,<=5s vs 15-20s,1116
y5v5DP8J,62,0-1,Black,<=5s vs 15-20s,1468
5GnSbemn,90,0-1,Black,<=5s vs 5-10s,1744
TGE8dkzr,58,0-1,Black,<=5s vs 10-15s,1734
pnPtaFHZ,114,0-1,Black,<=5s vs 5-10s,2323
NDBduroK,40,0-1,Black,<=5s vs 15-20s,858
Oltr5lQa,73,1-0,White,<=5s vs 15-20s,2056
rQLKeK5b,49,1-0,White,<=5s vs 15-20s,2159
mgyPOmQd,67,1-0,White,<=5s vs 10-15s,1292
XAAd6cPi,103,1-0,White,<=5s vs 10-15s,3145
mK2FtOTK,50,0-1,Black,<=5s vs 10-15s,1293
1qQQep8N,87,0-1,White,<=5s vs 10-15s,2243
JeJwoucM,81,1-0,White,<=5s vs 10-15s,1721
QcAoZE7q,57,1-0,White,<=5s vs 10-15s,1231
Je91ImxK,69,1-0,White,<=5s vs 10-15s,2208
F6BWZs5U,110,0-1,Black,<=5s vs 5-10s,2530
9sNN7nd1,80,0-1,Black,<=5s vs 5-10s,2309
jh3ceoyD,52,0-1,Black,<=5s vs 5-10s,1272
J8CMVnyU,64,0-1,Black,<=5s vs 15-20s,1718
K7pS5MmW,78,0-1,Black,<=5s vs 5-10s,2237
VM49mnEa,56,1-0,Black,<=5s vs 5-10s,2175
AbgaXyvR,118,0-1,Black,<=5s vs 10-15s,2487
b2ioJUo4,81,0-1,White,<=5s vs 10-15s,1612
BrvUrYmT,67,1-0,White,<=5s vs 10-15s,1557
82KDLgeM,78,0-1,Black,<=5s vs 10-15s,2428
L1x7QGTr,97,0-1,White,<=5s vs <=5s,2629
IVTTtiur,53,1-0,White,<=5s vs 15-20s,1576
jiaZv3fw,53,1-0,White,<=5s vs 15-20s,2026
NYmmh2cC,75,0-1,White,<=5s vs 5-10s,2396
g66o95du,53,1-0,White,<=5s vs 15-20s,1235
pbfOXsTj,69,1-0,White,<=5s vs 5-10s,2218
KQCkWt68,58,0-1,Black,<=5s vs 10-15s,1745
ot9dc8u1,55,1-0,White,<=5s vs 5-10s,1987
8MGYcON2,122,0-1,Black,<=5s vs 5-10s,2354
zp40zjg5,90,0-1,Black,<=5s vs <=5s,2202
OLcue6vu,89,0-1,White,<=5s vs 5-10s,2275
A4YNvh4m,55,1-0,White,<=5s vs 10-15s,2299
g6LmDcL5,70,0-1,Black,<=5s vs 10-15s,1466
6ZsjMJwG,111,1-0,White,<=5s vs 10-15s,2513
FLiGhXGk,97,1-0,White,<=5s vs 5-10s,2276
r4IqZLCq,51,1-0,White,<=5s vs 15-20s,1466
HGEF0kIp,55,1-0,White,<=5s vs 10-15s,1579
OHhrEYXN,85,1-0,White,<=5s vs 15-20s,2680
kdYIaJOF,109,1-0,White,<=5s vs 5-10s,2497
GajiG6SO,56,0-1,Black,<=5s vs 10-15s,1879
MC06zTIZ,72,0-1,Black,<=5s vs <=5s,1518
5b9ZiaOF,86,0-1,Black,<=5s vs 10-15s,2209
iXd3MvL8,75,1-0,White,<=5s vs 5-10s,1294
DdvyKjKS,91,1-0,White,<=5s vs 15-20s,1248
hvnmoevj,52,0-1,Black,<=5s vs 5-10s,1073
CKQrQv9K,64,0-1,Black,<=5s vs 10-15s,1742
F6cIxCXZ,84,0-1,Black,<=5s vs <=5s,1622
mln9ojZD,56,0-1,Black,<=5s vs 15-20s,1768
eOYYr0if,79,0-1,White,<=5s vs 5-10s,1433
A7QAd9dw,56,1-0,Black,<=5s vs <=5s,1271
6IFEE9WI,70,1-0,Black,<=5s vs <=5s,2488
NORTewvo,81,1-0,White,<=5s vs 15-20s,2386
Y3zmPJhk,108,1/2-1/2,Black,<=5s vs 10-15s,2171
3tztNZeI,76,0-1,Black,<=5s vs 5-10s,2514
aG1IY0SD,82,1-0,Black,<=5s vs <=5s,2166
jIXnM7Mr,67,0-1,White,<=5s vs 15-20s,2084
etptRZ8n,116,0-1,Black,<=5s vs 10-15s,2481
yBmiCvzh,128,0-1,Black,<=5s vs 15-20s,2199
no4ygnRM,54,0-1,Black,<=5s vs 15-20s,1897
Zc8t6sR3,52,0-1,Black,<=5s vs 15-20s,1171
CvuPxNl8,44,0-1,Black,<=5s vs 10-15s,1142
NasVtXfV,64,0-1,Black,<=5s vs 15-20s,1985
DPPHths8,95,1-0,White,<=5s vs 15-20s,1886
5EzbI7oT,75,1-0,White,<=5s vs 15-20s,1741
MKQVPUjp,55,1-0,White,<=5s vs 5-10s,1701
6zJkIeGk,81,1-0,White,<=5s vs 5-10s,2248
CJVLIUXm,131,1-0,White,<=5s vs 5-10s,2377
NgLflM4t,47,1-0,White,<=5s vs 15-20s,1079
KGHb4E1L,110,0-1,Black,<=5s vs 15-20s,1864
6mzu83He,71,1-0,White,<=5s vs 5-10s,1141
RJkrTUqx,58,1-0,Black,<=5s vs <=5s,1647
0cN37xwL,64,0-1,Black,<=5s vs <=5s,1272
YAcVBg1L,55,0-1,White,<=5s vs 5-10s,1461
I03CcEhG,115,1-0,White,<=5s vs 10-15s,2364
uyddydUv,54,0-1,Black,<=5s vs 15-20s,913
nLu04BRv,55,1-0,White,<=5s vs 10-15s,1145
RV86NMLr,78,0-1,Black,<=5s vs <=5s,1914
HVwugdmP,79,1-0,White,<=5s vs 5-10s,2173
PefPYh98,95,1-0,White,<=5s vs 5-10s,2531
nwh9SFGm,101,1/2-1/2,White,<=5s vs 15-20s,2384
L26FbuWf,51,1-0,White,<=5s vs 10-15s,2038
7Bx85QLq,100,1/2-1/2,Black,<=5s vs 10-15s,2508
QlP7OV5a,73,1-0,White,<=5s vs 5-10s,1920
o5CDxxSI,82,1-0,Black,<=5s vs <=5s,1778
KRE4bvMy,54,0-1,Black,<=5s vs 5-10s,1704
D3aADiXS,57,1-0,White,<=5s vs 5-10s,1295
FyWxU7Dw,91,1-0,White,<=5s vs 10-15s,2968
0natT8uq,75,1-0,White,<=5s vs 15-20s,2238
8jNnaILD,69,1-0,White,<=5s vs 5-10s,1644
xuSkMVXL,42,0-1,Black,<=5s vs 15-20s,1529
1DnNvNGP,100,0-1,Black,<=5s vs 10-15s,2298
q6KxCH2B,63,1-0,White,<=5s vs 5-10s,962
Vvty3tVz,52,0-1,Black,<=5s vs 5-10s,2810
ZbW79qRr,59,1-0,White,<=5s vs 5-10s,1687
0nqS0ckT,71,1-0,White,<=5s vs 5-10s,1557
0tC1Dt91,103,1/2-1/2,White,<=5s vs 5-10s,2579
6cc7nvDd,42,0-1,Black,<=5s vs 15-20s,760
m4Fmmrbs,51,1-0,White,<=5s vs 15-20s,867
UFEoDl6n,38,0-1,Black,<=5s vs 15-20s,1312
gl1vPDpe,78,0-1,Black,<=5s vs 15-20s,2343
RLbg8VyK,86,0-1,Black,<=5s vs 5-10s,1960
7wGxlH4D,48,0-1,Black,<=5s vs 10-15s,1805
aa2KUoSm,65,0-1,White,<=5s vs 5-10s,1009
bWLTQhr7,66,0-1,Black,<=5s vs 10-15s,2047
6pILHc58,87,0-1,White,<=5s vs <=5s,1359
pWUP9sG5,70,0-1,Black,<=5s vs 5-10s,1994
tduG0a4m,83,1-0,White,<=5s vs 5-10s,1904
oU9o1hoO,81,1-0,White,<=5s vs 10-15s,2640
WFeKxNiH,65,0-1,White,<=5s vs 15-20s,2388
49WmBQJB,70,1-0,Black,<=5s vs 5-10s,1776
FiGZak6M,61,1-0,White,<=5s vs 10-15s,2373
1dNcxQCl,89,1-0,White,<=5s vs 15-20s,2317
Nc9X2KkJ,82,0-1,Black,<=5s vs 15-20s,2383
gwsomKBs,56,1-0,Black,<=5s vs 5-10s,1741
VInlYe6Z,72,1-0,Black,<=5s vs <=5s,1810
uvfqUuXA,74,0-1,Black,<=5s vs 15-20s,1904
Zj9bnG9Q,96,0-1,Black,<=5s vs 5-10s,2680
Jnk0oaLk,90,0-1,Black,<=5s vs 5-10s,2229
5Ap3J0rG,109,1-0,White,<=5s vs 15-20s,2215
dpiI0BLU,57,0-1,White,<=5s vs 5-10s,1125
4T0hurcK,59,1-0,White,<=5s vs 15-20s,1440
nWlEQwHm,95,0-1,White,<=5s vs 5-10s,2615
HvBwiMYB,57,1-0,White,<=5s vs 15-20s,1477
M7ss3ZDu,81,1-0,White,<=5s vs 10-15s,2298
YBA0FF1k,54,0-1,Black,<=5s vs 10-15s,1397
ID3jCl5r,72,0-1,Black,<=5s vs 5-10s,1964
POmM5JPj,90,0-1,Black,<=5s vs 5-10s,2054
cJe3GwCO,78,0-1,Black,<=5s vs <=5s,1904
Z1z4sURH,108,1/2-1/2,Black,<=5s vs 5-10s,2525
GEPksX8L,108,0-1,Black,<=5s vs 15-20s,2543
AGoGUdDC,75,1-0,White,<=5s vs 15-20s,1637
kuCPxGvS,85,0-1,White,<=5s vs <=5s,1906
WKY98C7D,80,0-1,Black,<=5s vs 5-10s,2065
ivojvgK0,72,1-0,Black,<=5s vs 5-10s,1653
K8510yiH,88,1-0,Black,<=5s vs <=5s,2115
4sPjwIQz,97,1-0,White,<=5s vs <=5s,2265
b1OgBovb,121,1-0,White,<=5s vs 5-10s,701
KoUhSrOo,76,0-1,Black,<=5s vs <=5s,1822
mv3FU98n,124,1/2-1/2,Black,<=5s vs 15-20s,1821
8kKeq0N2,67,1-0,White,<=5s vs 10-15s,1504
w7kdVLrz,48,0-1,Black,<=5s vs 10-15s,1025
INZ3tFil,127,1-0,White,<=5s vs 5-10s,2561
Jc65JKVO,82,0-1,Black,<=5s vs 15-20s,1765
aIXC3IHw,88,0-1,Black,<=5s vs 15-20s,2312
QK6ZGRXK,74,0-1,Black,<=5s vs 5-10s,2171
ZFVV7t8I,83,1-0,White,<=5s vs 15-20s,1826
FSE5nMkq,116,1-0,Black,<=5s vs <=5s,2122
ExXz1rKu,80,0-1,Black,<=5s vs 10-15s,2590
i2DlL6Kh,77,1-0,White,<=5s vs <=5s,2175
u0fqoymp,58,0-1,Black,<=5s vs <=5s,1050
RH7dOfy1,64,0-1,Black,<=5s vs 5-10s,1876
4heJrERb,88,0-1,Black,<=5s vs 5-10s,2465
JOzQP0Bq,118,1/2-1/2,Black,<=5s vs 5-10s,2186
VYJJfP0x,92,0-1,Black,<=5s vs 10-15s,2334
4EVe9I3G,60,0-1,Black,<=5s vs 5-10s,2136
OumVAAFG,68,0-1,Black,<=5s vs 15-20s,1786
R9zeDTBG,93,1-0,White,<=5s vs 10-15s,1211
46ieJyu7,68,0-1,Black,<=5s vs 10-15s,1337
03jqoaia,57,1-0,White,<=5s vs 10-15s,2084
HYM6Bj5V,64,0-1,Black,<=5s vs 5-10s,1423
lek6Oim0,56,0-1,Black,<=5s vs 5-10s,1309
LwYxXQYT,70,0-1,Black,<=5s vs 10-15s,1963
LokN26yW,69,1-0,White,<=5s vs 5-10s,850
Vszqu49K,55,1-0,White,<=5s vs 15-20s,1488
TQI3mJRB,70,0-1,Black,<=5s vs 10-15s,2383
xPVv0gqJ,80,0-1,Black,<=5s vs 15-20s,2189
GZha0iQL,78,0-1,Black,<=5s vs <=5s,1920
sg1gKpR4,61,1-0,White,<=5s vs 15-20s,2485
9JsiWQdH,107,1-0,White,<=5s vs 10-15s,1903
dkCtKgty,68,0-1,Black,<=5s vs <=5s,1655
87W19FlT,67,1-0,White,<=5s vs 15-20s,1166
iwq65le9,56,0-1,Black,<=5s vs 15-20s,1063
szQPae1G,72,0-1,Black,<=5s vs 5-10s,1660
G7XPEq2a,75,1-0,White,<=5s vs 5-10s,2207
IZpkUXTj,49,1-0,White,<=5s vs 5-10s,1500
m5L9Q6Qq,64,0-1,Black,<=5s vs 10-15s,1161
gKRtGzXD,75,1-0,White,<=5s vs 5-10s,1461
12Ld52Zz,79,1-0,White,<=5s vs 5-10s,2552
nNE4vvxU,70,1-0,Black,<=5s vs 5-10s,1856
IgPimLiN,46,0-1,Black,<=5s vs 15-20s,1082
AvI3u6ua,102,0-1,Black,<=5s vs <=5s,1104
qLbwKZSf,52,0-1,Black,<=5s vs 5-10s,1902
audjVVJj,60,0-1,Black,<=5s vs 10-15s,2163
Tmhqsleo,85,1-0,White,<=5s vs 5-10s,2587
AEoQ9VdI,70,0-1,Black,<=5s vs 10-15s,1498
ZKTtFgXj,69,1-0,White,<=5s vs 5-10s,1832
3jXsOgq1,60,1-0,Black,<=5s vs <=5s,1262
T9hXjKlT,74,0-1,Black,<=5s vs 10-15s,2431
VkHn7EHo,90,1-0,Black,<=5s vs 5-10s,2341
sg30f8mI,67,1-0,White,<=5s vs 5-10s,2012
uGoGtPy3,58,1-0,Black,<=5s vs 5-10s,1166
G5S67WDu,76,0-1,Black,<=5s vs 5-10s,1742
SBw7Ydkh,67,1-0,White,<=5s vs 5-10s,1485
mC2v4Put,113,1-0,White,<=5s vs 5-10s,1404
ZLIc8bCl,78,0-1,Black,<=5s vs 10-15s,2309
OOq5lv0j,59,1-0,White,<=5s vs 15-20s,967
RMLA4CSB,64,0-1,Black,<=5s vs 5-10s,1534
Udsr7Cpj,86,0-1,Black,<=5s vs 5-10s,2400
Dy2VOGBz,72,0-1,Black,<=5s vs 5-10s,2028
dOE4eBcc,57,0-1,White,<=5s vs 10-15s,1955
4r9j5PfL,47,1-0,White,<=5s vs 5-10s,1327
UM5GsWZD,79,1-0,White,<=5s vs 5-10s,1422
9Mah1Ae9,123,0-1,White,<=5s vs 5-10s,1613
smcjpbRP,99,1-0,White,<=5s vs 10-15s,1615
2eXCsWcH,55,1-0,White,<=5s vs 15-20s,1194
3B89YjFW,74,0-1,Black,<=5s vs 10-15s,1781
UgxuG5Jn,88,0-1,Black,<=5s vs 5-10s,2191
XeCzFIIR,87,1-0,White,<=5s vs 5-10s,2472
w2bbdlgM,64,0-1,Black,<=5s vs 10-15s,2211
by1HPqQ1,82,0-1,Black,<=5s vs 5-10s,1843
vB3bShKj,63,1-0,White,<=5s vs 5-10s,2058
YKVibUlT,70,0-1,Black,<=5s vs <=5s,2324
6jOwCRG5,146,0-1,Black,<=5s vs 10-15s,2113
ACsqihow,42,0-1,Black,<=5s vs 15-20s,2154
IkZGGEuz,90,0-1,Black,<=5s vs 5-10s,2132
bLdl0a82,79,1-0,White,<=5s vs 15-20s,2526
DtRzaNsu,70,1-0,Black,<=5s vs <=5s,2184
R2b5LBd2,62,1-0,Black,<=5s vs 15-20s,2088
PKXM4mix,89,0-1,White,<=5s vs 5-10s,2300
s3VtuMID,51,1-0,White,<=5s vs 10-15s,1088
0yJ5X0Mq,42,0-1,Black,<=5s vs 10-15s,1323
ipWy7CpM,64,0-1,Black,<=5s vs <=5s,2240
2nfKcGTJ,50,0-1,Black,<=5s vs 10-15s,1945
DpGNiVbN,81,0-1,White,<=5s vs <=5s,2289
NQL0EIwD,87,1-0,White,<=5s vs 10-15s,2444
X9CooKKO,87,1/2-1/2,White,<=5s vs <=5s,1611
9rS5vF73,72,0-1,Black,<=5s vs 10-15s,2456
UP5isQ5H,64,1-0,Black,<=5s vs <=5s,1977
T4jqNaWr,114,1-0,Black,<=5s vs <=5s,2337
5aOHHoyp,66,1-0,Black,<=5s vs 10-15s,1890
EMEXPN0n,81,1-0,White,<=5s vs 5-10s,2169
6l3au1z0,60,0-1,Black,<=5s vs 15-20s,1907
12bclGYo,49,1-0,White,<=5s vs 15-20s,2034
RJE2gT9M,168,1-0,Black,<=5s vs 5-10s,2257
OcCHF69K,61,1-0,White,<=5s vs 5-10s,1520
cTdHFLMC,67,0-1,White,<=5s vs 10-15s,1748
Enh5wlBf,111,1/2-1/2,White,<=5s vs 10-15s,2582
XMAglDki,74,0-1,Black,<=5s vs 5-10s,1818
9m78JQAz,78,0-1,Black,<=5s vs <=5s,1258
0uhDGfaS,54,0-1,Black,<=5s vs 5-10s,766
qr2mNAC1,76,0-1,Black,<=5s vs 15-20s,2399
j5ZRe1JX,125,1-0,White,<=5s vs 15-20s,2731
g7z63DZk,50,0-1,Black,<=5s vs 10-15s,1505
B42ZCtZe,72,0-1,Black,<=5s vs 10-15s,1862
2UL2YeG1,89,0-1,White,<=5s vs 5-10s,2624
9bQuMk7G,62,0-1,Black,<=5s vs <=5s,1809
AdDc9Uar,119,0-1,White,<=5s vs 10-15s,1827
H4rtlRGe,54,0-1,Black,<=5s vs 10-15s,2278
ArG9ICnz,75,1-0,White,<=5s vs 5-10s,1676
3Rl5E70z,32,0-1,Black,<=5s vs <=5s,914
Ml3B7heK,66,0-1,Black,<=5s vs <=5s,1404
JeZGo2pv,83,1-0,White,<=5s vs 10-15s,2349
XSXGo5b7,83,1-0,White,<=5s vs 5-10s,1520
PZyVfuDe,55,1-0,White,<=5s vs 10-15s,1469
XxwKrGX2,56,0-1,Black,<=5s vs 15-20s,1917
nC5ROe4M,48,1-0,Black,<=5s vs <=5s,1127
bOmThzVx,64,0-1,Black,<=5s vs <=5s,1258
2O8vTbc0,52,0-1,Black,<=5s vs <=5s,1150
HNf8GJhd,42,0-1,Black,<=5s vs 15-20s,1404
DAxUf1Js,76,1-0,Black,<=5s vs 10-15s,1333
pBO55O30,50,0-1,Black,<=5s vs 15-20s,946
Suf0krTU,155,1/2-1/2,White,<=5s vs 15-20s,2600
00Y5VkI2,91,1-0,White,<=5s vs 10-15s,1876
i1swzYwK,53,1-0,White,<=5s vs 5-10s,1516
eAPgtBYS,54,0-1,Black,<=5s vs 10-15s,1169
Fi5aUsMh,55,1-0,White,<=5s vs 10-15s,1491
YybOuqos,52,0-1,Black,<=5s vs 5-10s,1661
aDtERaPC,53,1-0,White,<=5s vs 10-15s,1195
PmEzC9w5,132,1/2-1/2,Black,<=5s vs <=5s,2427
1pEcbuB5,82,0-1,Black,<=5s vs 10-15s,1629
n6gTlbRj,73,1-0,White,<=5s vs 10-15s,1564
4PGG2auu,65,1-0,White,<=5s vs 15-20s,1803
m5RTQjiT,84,0-1,Black,<=5s vs 5-10s,1919
9fvNvsVB,56,0-1,Black,<=5s vs 10-15s,1637
Q3AlcUTl,71,1-0,White,<=5s vs 15-20s,1639
NOTwAFEn,109,0-1,White,<=5s vs 5-10s,2249
17OnsCZU,62,0-1,Black,<=5s vs 15-20s,1750
G6PRZtCw,64,0-1,Black,<=5s vs 5-10s,2170
M2FutPMb,62,0-1,Black,<=5s vs 5-10s,1615
PJkb8DJB,88,1-0,Black,<=5s vs 5-10s,2045
7gVC1tvc,79,0-1,White,<=5s vs 5-10s,2366
iobLsZh0,60,1-0,Black,<=5s vs 10-15s,2169
hwSWTch5,129,1-0,White,<=5s vs 10-15s,2870
XFsEnQl4,45,1-0,White,<=5s vs 5-10s,1060
V8PXpaWp,74,0-1,Black,<=5s vs 5-10s,1793
DnMy6KFw,68,0-1,Black,<=5s vs 5-10s,1586
S7rzqYyD,99,1-0,White,<=5s vs 5-10s,2922
OCaoSVdE,48,0-1,Black,<=5s vs 15-20s,1386
JoSkc8ta,52,1-0,Black,<=5s vs <=5s,1163
dWaRBXYc,56,0-1,Black,<=5s vs 5-10s,1351
jn9QkOWa,81,1-0,White,<=5s vs 15-20s,2233
ydNzrbNE,82,0-1,Black,<=5s vs 5-10s,2161
GcHmRdBX,141,1-0,White,<=5s vs 5-10s,2525
hPliZHSs,71,1/2-1/2,White,<=5s vs 15-20s,2860
Bl9pLeHn,93,1-0,White,<=5s vs <=5s,1821
ocDudxkK,69,1-0,White,<=5s vs 10-15s,2210
RPJfZuam,102,0-1,Black,<=5s vs 15-20s,2215
pHnU95mN,58,0-1,Black,<=5s vs 10-15s,1114
WMtPxXN2,52,0-1,Black,<=5s vs 10-15s,1267
RbOwlhLW,102,0-1,Black,<=5s vs 5-10s,2731
RfNFG4RO,61,1-0,White,<=5s vs 10-15s,1541
Z8bXm3J3,87,1-0,White,<=5s vs 5-10s,2365
71s8Vg9m,73,1-0,White,<=5s vs 15-20s,2726
0iz1xGo0,72,1-0,Black,<=5s vs <=5s,1309
jBcSfInq,85,1/2-1/2,White,<=5s vs 5-10s,2254
9HXppZPW,51,1-0,White,<=5s vs 10-15s,983
LzDnHUZu,95,0-1,White,<=5s vs 5-10s,2288
d2ubirXm,59,1-0,White,<=5s vs 10-15s,878
gsbC3nNv,136,1/2-1/2,Black,<=5s vs <=5s,3028
MgPEAQX4,38,0-1,Black,<=5s vs 15-20s,812
7qGu4f7x,70,0-1,Black,<=5s vs 10-15s,1642
SzDDETcR,108,1/2-1/2,Black,<=5s vs 5-10s,2427
jpsTOzsN,50,0-1,Black,<=5s vs <=5s,1241
8zLvFROu,62,0-1,Black,<=5s vs 10-15s,1782
t5h3Yu36,71,1-0,White,<=5s vs 10-15s,1358
25hm1hD3,104,0-1,Black,<=5s vs 10-15s,2062
0TObyly1,112,1/2-1/2,Black,<=5s vs 15-20s,2251
qog7a1Wt,89,1-0,White,<=5s vs 15-20s,2009
CfLY9Qvc,66,0-1,Black,<=5s vs 15-20s,2233
JRjLD0jN,50,0-1,Black,<=5s vs 5-10s,1881
gK9ptfsV,62,1-0,Black,<=5s vs <=5s,1230
436poVtE,73,1-0,White,<=5s vs <=5s,1390
9xzLtz3d,63,1-0,White,<=5s vs 15-20s,2137
Y9Wrp3uB,58,0-1,Black,<=5s vs 10-15s,1674
y5jo89RL,56,0-1,Black,<=5s vs 5-10s,1151
Hvvwqn2d,71,0-1,White,<=5s vs <=5s,2031
euD4kUXh,55,1-0,White,<=5s vs 10-15s,1474
pV0Z0qL3,75,1-0,White,<=5s vs 10-15s,2058
EQ5RWsct,119,1/2-1/2,White,<=5s vs <=5s,2002
1H8GTXu8,85,1-0,White,<=5s vs 5-10s,1858
U76RzByq,69,1-0,White,<=5s vs <=5s,2178
5jxalYF9,41,0-1,White,<=5s vs 5-10s,966
mN0s7HKb,112,1-0,Black,<=5s vs <=5s,2770
TvZesexs,128,0-1,Black,<=5s vs 5-10s,2436
uJcGvXO9,82,0-1,Black,<=5s vs <=5s,1607
pRj30i6A,68,0-1,Black,<=5s vs 5-10s,2097
CABDBcvD,74,0-1,Black,<=5s vs 15-20s,2549
8ILJYmte,104,0-1,Black,<=5s vs 15-20s,2013
BdBlbWUz,115,1-0,White,<=5s vs 15-20s,2586
Vh1MGYKF,104,0-1,Black,<=5s vs <=5s,2091
7vb94NVT,80,0-1,Black,<=5s vs 5-10s,2325
6ZD10rUt,61,1-0,White,<=5s vs 10-15s,1469
IIstcScY,108,1-0,Black,<=5s vs 5-10s,2571
y50OfXCb,75,1-0,White,<=5s vs 5-10s,1713
6ymg0kRN,65,0-1,White,<=5s vs <=5s,1587
57KtQahn,96,0-1,Black,<=5s vs 10-15s,1610
LKvxwjRw,69,1-0,White,<=5s vs 10-15s,2074
Qw2GUKLk,47,1-0,White,<=5s vs 10-15s,1184
I0tcW4Oc,87,1-0,White,<=5s vs 10-15s,2321
2M9ePY6W,56,0-1,Black,<=5s vs 15-20s,1577
eqNHDZOf,49,1-0,White,<=5s vs 15-20s,1673
3kMX5pDa,102,0-1,Black,<=5s vs 10-15s,2546
z60gyN1K,68,1-0,Black,<=5s vs 5-10s,1035
YCYpYhVB,90,1-0,Black,<=5s vs 5-10s,2623
PymIvmUU,137,1-0,White,<=5s vs 15-20s,2337
9HCpvkmy,42,0-1,Black,<=5s vs 15-20s,1068
Hd4DlX1x,32,0-1,Black,<=5s vs 15-20s,1041
kZ0LG87h,80,0-1,Black,<=5s vs 10-15s,1748
dKi4pq6B,142,0-1,Black,<=5s vs 5-10s,2250
ZjNNl6Z9,43,1-0,White,<=5s vs 5-10s,1729
jAvQuXLs,53,1-0,White,<=5s vs 15-20s,1399
I9jZbVNe,74,0-1,Black,<=5s vs <=5s,1723
B9ZbZJB2,104,1/2-1/2,Black,<=5s vs 5-10s,1783
TFBR94hy,66,0-1,Black,<=5s vs 10-15s,2092
BUwBSrqh,128,0-1,Black,<=5s vs <=5s,2886
eVlGh1VM,58,0-1,Black,<=5s vs 15-20s,1619
od2QUmeh,79,1-0,White,<=5s vs 10-15s,2421
2YsSJ7fS,62,0-1,Black,<=5s vs <=5s,1727
McqZsoiF,95,1-0,White,<=5s vs 10-15s,1658
w8uyqIeX,187,1/2-1/2,White,<=5s vs 10-15s,2517
9x8oQw2j,90,0-1,Black,<=5s vs 10-15s,1494
5U3CfO35,70,0-1,Black,<=5s vs <=5s,1516
IUstC4vC,42,0-1,Black,<=5s vs 15-20s,1041
Ch8FC3f6,65,1-0,White,<=5s vs 15-20s,1384
tXclpb9p,46,0-1,Black,<=5s vs 15-20s,1176
gZBHEgAA,100,0-1,Black,<=5s vs 15-20s,2075
kanbHs7v,73,1-0,White,<=5s vs 10-15s,1266
YS6roRDB,75,1-0,White,<=5s vs <=5s,1335
Hu3Nln3r,37,1-0,White,<=5s vs 15-20s,1429
vkRKcIss,101,1-0,White,<=5s vs 10-15s,2057
wiA6m9t5,38,0-1,Black,<=5s vs 15-20s,1417
AUxia2vu,67,1-0,White,<=5s vs 5-10s,1370
eVFSdnlQ,57,0-1,White,<=5s vs <=5s,1254
0pDt1uqo,90,1-0,Black,<=5s vs <=5s,1715
iICAwS2s,83,1/2-1/2,White,<=5s vs 10-15s,1722
kLLeGen3,111,1-0,White,<=5s vs 15-20s,1812
E5JQEVKp,52,0-1,Black,<=5s vs 15-20s,1448
EibfV1u3,57,1-0,White,<=5s vs 10-15s,1388
Jt4gmECo,54,0-1,Black,<=5s vs 10-15s,1386
mNe60ZOP,75,1-0,White,<=5s vs 5-10s,1505
Wdo9js6R,54,1-0,Black,<=5s vs 10-15s,1583
xm6d4Bme,73,1-0,White,<=5s vs 10-15s,1802
lOADt0ms,40,0-1,Black,<=5s vs 15-20s,2015
4q1ZrAEx,68,1-0,Black,<=5s vs <=5s,2560
flk66wiE,41,1-0,White,<=5s vs 15-20s,894
QN7oWrCS,66,1-0,Black,<=5s vs 5-10s,1804
kPxb3DBZ,166,0-1,Black,<=5s vs 5-10s,2409
JA21fvUh,90,0-1,Black,<=5s vs 15-20s,2447
bnsCLlvM,51,0-1,White,<=5s vs 5-10s,1235
aRvTuODM,67,1/2-1/2,White,<=5s vs 15-20s,2097
FfAM2dDw,63,1-0,White,<=5s vs 5-10s,1237
WmFlPXM3,60,0-1,Black,<=5s vs 15-20s,1390
H0G95dl7,89,1-0,White,<=5s vs <=5s,1859
EF5Si33l,106,0-1,Black,<=5s vs 15-20s,2361
xaTIKnEe,87,0-1,White,<=5s vs 10-15s,2326
cpciYUxL,145,1/2-1/2,White,<=5s vs 10-15s,2435
j4gNqNPJ,81,1-0,White,<=5s vs 15-20s,2525
sqD5uTRO,110,0-1,Black,<=5s vs 5-10s,1789
ZmDSqGz4,52,0-1,Black,<=5s vs 5-10s,1665
Y0YiBpP5,85,0-1,White,<=5s vs 10-15s,1855
X9i7HtCu,69,1-0,White,<=5s vs 15-20s,1524
MCzlvG3D,81,1-0,White,<=5s vs 5-10s,1799
UVuNYbss,84,0-1,Black,<=5s vs 10-15s,2515
HKW7pcCb,71,1-0,White,<=5s vs 10-15s,1299
GKrzSq3b,145,1-0,White,<=5s vs 15-20s,2167
UR0oxHnm,59,1-0,White,<=5s vs 10-15s,798
GeLjRqCJ,83,1-0,White,<=5s vs 5-10s,1264
5OrFNBDL,104,0-1,Black,<=5s vs 10-15s,1618
ZtfHVmPv,97,1-0,White,<=5s vs 15-20s,1824
31Giy6as,105,0-1,White,<=5s vs 5-10s,2410
k44wmoVi,116,1/2-1/2,Black,<=5s vs 10-15s,2430
wBEn2AgN,67,1-0,White,<=5s vs 5-10s,2197
VEyMwcOx,88,1-0,Black,<=5s vs <=5s,2192
KCvYjykZ,69,1-0,White,<=5s vs 5-10s,2212
lmrNjMbB,74,0-1,Black,<=5s vs 5-10s,1737
5LS1Dif6,57,1-0,White,<=5s vs 10-15s,2144
7zPzO1uZ,76,0-1,Black,<=5s vs 5-10s,1685
ViExNRTZ,84,1-0,Black,<=5s vs <=5s,1642
ty8hunE0,89,1-0,White,<=5s vs 10-15s,2470
PTUMbZ6j,87,1-0,White,<=5s vs 15-20s,2397
UIu2Ue7K,88,0-1,Black,<=5s vs <=5s,2009
BbsvzKxH,128,0-1,Black,<=5s vs 15-20s,1837
bLjstUm3,75,1-0,White,<=5s vs 15-20s,1887
1WzXcDjU,73,1-0,White,<=5s vs 15-20s,2262
OE5v91Rj,120,0-1,Black,<=5s vs 5-10s,2879
i39Vo6Dh,101,1-0,White,<=5s vs 5-10s,2331
8GI3GKUp,99,1-0,White,<=5s vs 5-10s,2928
aVN15lCN,97,1-0,White,<=5s vs 10-15s,1933
QkLO41IH,50,0-1,Black,<=5s vs <=5s,951
CFigPwQA,80,0-1,Black,<=5s vs 15-20s,2167
PsyD1myY,54,0-1,Black,<=5s vs 10-15s,1744
JPNBiI4c,66,0-1,Black,<=5s vs 15-20s,1917
wdU54H6B,90,1-0,Black,<=5s vs 5-10s,2397
NK6AR1ZQ,61,1-0,White,<=5s vs 5-10s,1066
gvqT16p8,73,1-0,White,<=5s vs 15-20s,2374
watzA1Xu,164,0-1,Black,<=5s vs 5-10s,2651
1oDPBtwp,82,0-1,Black,<=5s vs 10-15s,2451
mTrs827u,62,0-1,Black,<=5s vs <=5s,1600
GvYQdwPb,83,0-1,White,<=5s vs 15-20s,2479
Clj3pZbc,149,1/2-1/2,White,<=5s vs 5-10s,2066
EBsZuqFb,107,1-0,White,<=5s vs 10-15s,2733
FdGpWPGK,80,0-1,Black,<=5s vs <=5s,1006
MKr3e6wU,48,0-1,Black,<=5s vs 15-20s,1228
I8mH44X7,38,0-1,Black,<=5s vs 15-20s,1268
1vvaaclF,74,1-0,Black,<=5s vs 5-10s,2146
vdrVC9u4,92,0-1,Black,<=5s vs 10-15s,2220
dB7D0oQC,66,0-1,Black,<=5s vs 5-10s,1863
9USszRhs,81,1-0,White,<=5s vs <=5s,1772
Nnj4j58w,54,0-1,Black,<=5s vs 5-10s,1151
BB9aYcn8,76,0-1,Black,<=5s vs 10-15s,1389
NKkfO5sK,71,1-0,White,<=5s vs 15-20s,1931
i89sROaW,57,0-1,White,<=5s vs <=5s,1826
2wGYzIv6,69,1-0,White,<=5s vs 15-20s,2176
A8RNFmgj,75,1-0,White,<=5s vs 5-10s,1537
qczKusR7,57,0-1,White,<=5s vs 10-15s,2317
Ogi50yif,85,1-0,White,<=5s vs 10-15s,1778
WMZtFvrH,74,0-1,Black,<=5s vs 15-20s,1489
sjGpskUL,82,0-1,Black,<=5s vs 15-20s,2365
TpgDqnRT,89,1-0,White,<=5s vs 5-10s,2560
Ei4wSxJL,62,0-1,Black,<=5s vs 15-20s,2225
8NAopqrJ,140,1/2-1/2,Black,<=5s vs 5-10s,2112
BWebZhxF,82,0-1,Black,<=5s vs 10-15s,2250
v49B5LR0,126,0-1,Black,<=5s vs 5-10s,2635
Isr2FGma,119,1-0,White,<=5s vs 10-15s,2553
3AWawSA8,75,1-0,White,<=5s vs 15-20s,2286
mo8lJd8X,75,0-1,White,<=5s vs <=5s,1595
P4s5DwrU,61,1-0,White,<=5s vs 10-15s,1924
Lk1yYmte,86,0-1,Black,<=5s vs 5-10s,2545
T9TLXfPo,108,0-1,Black,<=5s vs 5-10s,2488
pOsL7h0M,45,1-0,White,<=5s vs 15-20s,1028
9bgNZQZ8,66,0-1,Black,<=5s vs <=5s,1534
BEZPltXp,89,1-0,White,<=5s vs <=5s,1204
46wuqn8N,96,0-1,Black,<=5s vs 15-20s,2056
oIBzvhMs,46,1-0,Black,<=5s vs <=5s,1236
5BHYoDcx,73,1-0,White,<=5s vs 15-20s,1343
s6Ggzb9m,64,0-1,Black,<=5s vs 10-15s,1981
NQYEsUzv,69,1-0,White,<=5s vs 5-10s,1670
GXTz7pHS,51,0-1,White,<=5s vs 5-10s,2106
Lb4umQkP,73,0-1,White,<=5s vs <=5s,2013
qwKj1MNe,60,0-1,Black,<=5s vs 10-15s,2090
OXlmeUtF,65,1-0,White,<=5s vs 5-10s,995
BWQRVpEW,64,0-1,Black,<=5s vs <=5s,1882
LbzZQTgH,85,0-1,White,<=5s vs 10-15s,2466
jOzNgaar,46,0-1,Black,<=5s vs 5-10s,1415
HxDd9zIO,54,0-1,Black,<=5s vs 15-20s,1483
0v63HMPU,81,0-1,White,<=5s vs 10-15s,2267
3Z24uQE7,66,0-1,Black,<=5s vs 5-10s,2304
GAVAqPyN,57,0-1,White,<=5s vs <=5s,1570
Vbafiu5C,50,0-1,Black,<=5s vs <=5s,1747
2ZhKmcn8,100,0-1,Black,<=5s vs <=5s,2122
2ixDQqrh,67,0-1,White,<=5s vs 5-10s,1804
fenxi8YD,99,1-0,White,<=5s vs 15-20s,2237
4bHp9LhL,81,1-0,White,<=5s vs 5-10s,2387
wK1kuYWY,95,1-0,White,<=5s vs 10-15s,2015
8rOgtwou,105,1-0,White,<=5s vs 5-10s,2556
fdryRmtS,93,1-0,White,<=5s vs 10-15s,1969
EhaMdMO2,71,1-0,White,<=5s vs 5-10s,936
XUI0Stj6,64,0-1,Black,<=5s vs <=5s,963
0woyBodW,40,0-1,Black,<=5s vs 15-20s,1070
0dPb3PCk,34,0-1,Black,<=5s vs 10-15s,1627
tHs5ynNB,115,1/2-1/2,White,<=5s vs 5-10s,1988
KsknkZ1z,61,1-0,White,<=5s vs 15-20s,1476
7W7xHQcc,61,1-0,White,<=5s vs 10-15s,1041
2BP8ZxEF,98,1-0,Black,<=5s vs 10-15s,2317
sbEashD3,76,1-0,Black,<=5s vs 15-20s,1950
l05vRexB,129,1-0,White,<=5s vs 10-15s,2455
0CjHA4B9,59,1-0,White,<=5s vs 5-10s,2431
cizF9m7D,67,1-0,White,<=5s vs 5-10s,1081
xFCI7dPH,103,1-0,White,<=5s vs 15-20s,1837
Y0ki8ACF,126,1/2-1/2,Black,<=5s vs 5-10s,2382
7ua5irR0,61,0-1,White,<=5s vs <=5s,1440
ZWXEJCqf,69,1-0,White,<=5s vs 10-15s,1082
LQOjCNJN,62,0-1,Black,<=5s vs 5-10s,2018
geS7z1SY,79,1-0,White,<=5s vs 10-15s,1886
bwzlazff,53,1-0,White,<=5s vs 15-20s,1599
tqdNGqd5,78,0-1,Black,<=5s vs 5-10s,2224
u6dmY7xY,63,0-1,White,<=5s vs <=5s,1647
QyP8wC6M,68,0-1,Black,<=5s vs 5-10s,1545
AtsHl98D,90,1/2-1/2,Black,<=5s vs 5-10s,2445
Cbabnc7z,57,1-0,White,<=5s vs 5-10s,1541
1Yvclmmp,79,1-0,White,<=5s vs 10-15s,2823
i2z6rPuf,81,0-1,White,<=5s vs <=5s,2211
mGXUsu9g,83,1-0,White,<=5s vs 10-15s,1649
immgPXC1,41,1-0,White,<=5s vs 5-10s,965
Mlri7iSb,82,0-1,Black,<=5s vs 5-10s,2212
r6Jjo4tU,61,1-0,White,<=5s vs 15-20s,1585
MRE5ByqL,36,0-1,Black,<=5s vs 10-15s,1931
CNw8kcWe,68,0-1,Black,<=5s vs 10-15s,1970
GDWEg3SC,64,1-0,Black,<=5s vs 10-15s,1479
lB41cDOv,72,0-1,Black,<=5s vs 5-10s,1984
3taZGPGt,63,1-0,White,<=5s vs 5-10s,989
KgqIBHcN,62,1-0,Black,<=5s vs 5-10s,1867
UIE7EqAe,59,1-0,White,<=5s vs 10-15s,954
ixOKU7aN,63,1-0,White,<=5s vs 15-20s,1760
V9rKAPH3,45,1-0,White,<=5s vs 5-10s,985
UfBO0Xrn,77,1-0,White,<=5s vs 5-10s,2193
FxEvUfod,92,0-1,Black,<=5s vs 5-10s,1689
Qadi6wSj,72,1-0,Black,<=5s vs 5-10s,2473
GmZ0lRxv,102,0-1,Black,<=5s vs 5-10s,1837
ctnqc1r1,87,1-0,White,<=5s vs 10-15s,1686
fmCD0UhO,73,1-0,White,<=5s vs 15-20s,2474
VYxlC0aj,75,1-0,White,<=5s vs 5-10s,1787
YwgLYIX3,50,1-0,Black,<=5s vs 10-15s,1053
k0bbamPg,102,0-1,Black,<=5s vs <=5s,2094
UbzztSmt,54,0-1,Black,<=5s vs 15-20s,738
5TnWru2x,164,0-1,Black,<=5s vs 15-20s,2121
KP3WWO6Z,54,1-0,Black,<=5s vs <=5s,974
Ju44Wzor,74,0-1,Black,<=5s vs 5-10s,1695
bhmm2kgF,44,0-1,Black,<=5s vs 15-20s,1031
yQTxG6iu,82,1-0,Black,<=5s vs 5-10s,1548
FFkiXjz0,60,1-0,Black,<=5s vs <=5s,1833
b7tGcjke,52,0-1,Black,<=5s vs 5-10s,928
N6xJKknD,66,1-0,Black,<=5s vs <=5s,2225
DDNZZVEt,51,1-0,White,<=5s vs 10-15s,1017
Wu4bCwFA,49,1-0,White,<=5s vs 5-10s,920
Fbsr9V54,82,1-0,Black,<=5s vs 5-10s,1869
uCk9UWJt,54,0-1,Black,<=5s vs 5-10s,1400
IVd4KLD6,98,0-1,Black,<=5s vs 5-10s,2299
0ZjMYK3H,69,1-0,White,<=5s vs 10-15s,2802
RRhc4xpt,73,1-0,White,<=5s vs 10-15s,2004
XOc3MrFv,65,1-0,White,<=5s vs 15-20s,2013
xUnCoKyx,61,0-1,White,<=5s vs 5-10s,1785
OuRaNy9b,40,0-1,Black,<=5s vs 10-15s,1146
WorcUPUt,86,0-1,Black,<=5s vs 10-15s,2619
Tp7ubfhh,55,0-1,White,<=5s vs 5-10s,2198
GAWnWcu2,44,0-1,Black,<=5s vs <=5s,1004
Y6jiM3Z1,45,1-0,White,<=5s vs 15-20s,1297
9KCD18Zt,42,0-1,Black,<=5s vs 15-20s,2048
LhSQ7sqk,47,1-0,White,<=5s vs 15-20s,1141
HhjaTZCo,42,0-1,Black,<=5s vs 15-20s,1142
6vrJaxll,91,1-0,White,<=5s vs 15-20s,1867
bzxMzcnJ,55,1-0,White,<=5s vs 15-20s,2026
Anf0nmz6,78,0-1,Black,<=5s vs 5-10s,1835
Z1TeGfTr,59,1-0,White,<=5s vs 5-10s,1440
WuHpWUGz,67,1-0,White,<=5s vs 10-15s,1021
966vvHpO,58,0-1,Black,<=5s vs 15-20s,1283
Q1qd7s2Y,67,1-0,White,<=5s vs 5-10s,1247
NNDgZzBq,50,0-1,Black,<=5s vs 10-15s,1033
mDDje2Xx,64,0-1,Black,<=5s vs 15-20s,1576
CKwNdMxE,71,1-0,White,<=5s vs 10-15s,1764
y8DS99X7,68,0-1,Black,<=5s vs <=5s,2072
d6NuzGZV,77,1-0,White,<=5s vs 15-20s,1559
GhEOqwhH,126,1/2-1/2,Black,<=5s vs 5-10s,2283
6V6GxgVR,143,0-1,White,<=5s vs <=5s,1793
OOfaw2om,75,1-0,White,<=5s vs 10-15s,2591
dZVi7S6M,45,1-0,White,<=5s vs <=5s,1089
IeTkuZlN,59,1-0,White,<=5s vs 5-10s,1360
VtnuYnHC,69,1/2-1/2,White,<=5s vs 10-15s,1944
uaAkny3i,67,1-0,White,<=5s vs 5-10s,1849
6v0Hg26b,68,0-1,Black,<=5s vs 15-20s,1802
Z4i3zshj,58,0-1,Black,<=5s vs 10-15s,2019
b6dW1pb7,68,0-1,Black,<=5s vs 5-10s,1453
3nQhe0fU,42,0-1,Black,<=5s vs 15-20s,1217
T1mo82b2,53,1-0,White,<=5s vs 10-15s,1089
U3S9mVfc,57,1-0,White,<=5s vs 15-20s,1857
0FdCCnI6,92,0-1,Black,<=5s vs 5-10s,2338
mFHZ0lKX,51,1-0,White,<=5s vs 10-15s,1673
v0cwDmCn,68,0-1,Black,<=5s vs 10-15s,1982
FpVJmbpq,66,0-1,Black,<=5s vs 15-20s,2261
RFrFqfCl,77,1-0,White,<=5s vs 5-10s,2320
gy4dDBIf,106,0-1,Black,<=5s vs 10-15s,2237
I4lFkg9X,111,0-1,White,<=5s vs 5-10s,2725
XhdLlnxs,101,1/2-1/2,White,<=5s vs 10-15s,1540
5dEN3pSo,64,0-1,Black,<=5s vs 10-15s,2203
bgnmzWaQ,91,1-0,White,<=5s vs 5-10s,2668
Qc2P0ANW,58,1-0,Black,<=5s vs 5-10s,1265
3IEeGCE8,127,1-0,White,<=5s vs 5-10s,2349
N1CpeYMX,78,1-0,Black,<=5s vs 5-10s,1849
cf8ooQia,71,1-0,White,<=5s vs 5-10s,1790
O7af87Xl,67,1-0,White,<=5s vs 5-10s,1505
fwgKdLr7,44,0-1,Black,<=5s vs 15-20s,952
UJt9bbRo,46,0-1,Black,<=5s vs 10-15s,1294
IsRz9sLj,61,1-0,White,<=5s vs 10-15s,2139
Eqdw5fN4,107,1-0,White,<=5s vs 5-10s,2228
fqq6XfaJ,68,1-0,Black,<=5s vs 5-10s,1542
oSDnS9R5,109,0-1,White,<=5s vs <=5s,2584
Fr5R1QUv,61,1-0,White,<=5s vs 10-15s,1291
smKevZwk,70,0-1,Black,<=5s vs 5-10s,1935
905hp8oz,54,0-1,Black,<=5s vs 5-10s,862
PXgac2ZQ,67,1-0,White,<=5s vs 10-15s,1560
OH1LMKJU,105,1/2-1/2,White,<=5s vs 5-10s,2018
awHOARpX,98,0-1,Black,<=5s vs 15-20s,1884
g0RGgQyP,70,0-1,Black,<=5s vs 10-15s,1663
kKNxyFoS,87,1-0,White,<=5s vs 5-10s,2207
UNG5i6BW,64,0-1,Black,<=5s vs 5-10s,1789
fKsjSnWJ,110,0-1,Black,<=5s vs 5-10s,2551
xvh6PGww,58,0-1,Black,<=5s vs 10-15s,1279
RPLoO6Vz,78,0-1,Black,<=5s vs 15-20s,1889
Rl2aytCn,82,0-1,Black,<=5s vs 15-20s,1110
1C4sXAVT,76,0-1,Black,<=5s vs 10-15s,1908
HjOiZSp8,32,0-1,Black,<=5s vs 15-20s,1019
Qd6uBAjn,67,0-1,White,<=5s vs <=5s,1729
Cv7It1Ft,52,0-1,Black,<=5s vs 10-15s,1473
D1279wOl,55,1-0,White,<=5s vs 15-20s,1838
eCCXznbK,91,1/2-1/2,White,<=5s vs 5-10s,2215
c0gsT7sR,73,1-0,White,<=5s vs <=5s,1764
hfBq5eEP,85,1-0,White,<=5s vs 15-20s,2694
iDTKscxR,76,0-1,Black,<=5s vs 10-15s,1428
g8lhnYyP,62,0-1,Black,<=5s vs 5-10s,844
Sdu0XI5o,79,1-0,White,<=5s vs 5-10s,1774
Tv1GUls9,83,0-1,White,<=5s vs 5-10s,1966
A6cxI8AQ,119,1-0,White,<=5s vs 5-10s,2657
B0bCOl2U,56,0-1,Black,<=5s vs 15-20s,1656
GWz3rELW,73,1-0,White,<=5s vs 5-10s,2443
jKIWgFfl,78,0-1,Black,<=5s vs 15-20s,1736
DkCvow6a,48,0-1,Black,<=5s vs 15-20s,1006
XjWR2EaS,83,1-0,White,<=5s vs 15-20s,1887
EbHjVr3H,72,1-0,Black,<=5s vs 5-10s,1746
6Jcv7BHh,78,0-1,Black,<=5s vs 5-10s,2337
oUhd9t2V,76,0-1,Black,<=5s vs 15-20s,2211
LbhWJBiq,72,0-1,Black,<=5s vs 15-20s,1878
iDBVHUi9,72,0-1,Black,<=5s vs 5-10s,1878
xKTDxXbw,77,1-0,White,<=5s vs <=5s,2055
Yz2pYTt5,101,1-0,White,<=5s vs 10-15s,2264
FifcoLoJ,98,0-1,Black,<=5s vs 15-20s,2183
lCAKuz9j,75,0-1,White,<=5s vs <=5s,1302
KJCDz19k,124,0-1,Black,<=5s vs 5-10s,2662
AtNMn6Ru,90,1-0,Black,<=5s vs 15-20s,2374
zixTzPOr,45,1-0,White,<=5s vs 10-15s,1211
QdrQmAdv,58,0-1,Black,<=5s vs 10-15s,1014
aiueYwZy,63,0-1,White,<=5s vs 5-10s,1715
H8cC9GLP,80,0-1,Black,<=5s vs 15-20s,1964
2pJz1Lz8,48,0-1,Black,<=5s vs 5-10s,1171
33sOyow2,75,1-0,White,<=5s vs 10-15s,2508
f7by29Vj,90,1-0,Black,<=5s vs <=5s,2206
Lyp5siVA,126,0-1,Black,<=5s vs 10-15s,2676
4xV3b9gI,86,1-0,Black,<=5s vs 5-10s,1653
hkUqVZGZ,123,0-1,White,<=5s vs <=5s,2392
MZeB97Df,92,1/2-1/2,Black,<=5s vs 10-15s,3008
gTWn7d5c,54,0-1,Black,<=5s vs 15-20s,1625
DIKUcl3S,46,0-1,Black,<=5s vs 5-10s,1228
1VIJ1FE8,55,1-0,White,<=5s vs 10-15s,1083
shm55JVZ,122,1/2-1/2,Black,<=5s vs 5-10s,2365
PL3UBiEm,61,1-0,White,<=5s vs 10-15s,1414
l8a2CpA1,38,0-1,Black,<=5s vs 15-20s,913
UScrDDqo,64,1-0,Black,<=5s vs <=5s,924
t5smI0Es,70,1-0,Black,<=5s vs <=5s,1899
fp05zaDu,54,0-1,Black,<=5s vs 10-15s,1037
JRFhdO7v,67,1-0,White,<=5s vs 10-15s,1286
0kplgmjU,79,1/2-1/2,White,<=5s vs 15-20s,2021
Oyc51RGQ,86,0-1,Black,<=5s vs 10-15s,2114
RRkktEd7,73,1-0,White,<=5s vs 10-15s,1690
uGh4Ds3E,57,1-0,White,<=5s vs 5-10s,1536
jWFLo3pZ,80,0-1,Black,<=5s vs <=5s,2606
2BMda3rc,118,0-1,Black,<=5s vs 15-20s,1353
JKFKa99O,71,1-0,White,<=5s vs 10-15s,2226
p29NOxxQ,53,1-0,White,<=5s vs 10-15s,866
F7TT8SYj,59,1-0,White,<=5s vs 10-15s,2221
6KiNiPEi,41,1-0,White,<=5s vs 5-10s,939
Xn1LrDL5,90,0-1,Black,<=5s vs 10-15s,2008
EatGINUz,66,0-1,Black,<=5s vs 10-15s,1627
CE2YAZQ5,75,1-0,White,<=5s vs 5-10s,1940
42EW9twp,117,1-0,White,<=5s vs 10-15s,2086
c09Sht7E,100,1/2-1/2,Black,<=5s vs 5-10s,1777
WtQBvkF5,78,1-0,Black,<=5s vs 5-10s,2022
2SlSmMcI,108,0-1,Black,<=5s vs 10-15s,2301
3S7ta9yq,70,0-1,Black,<=5s vs 15-20s,2665
dxN9orA1,94,1-0,Black,<=5s vs <=5s,2181
HRCOzxpq,61,1-0,White,<=5s vs 5-10s,2301
dBf5RtPM,60,0-1,Black,<=5s vs 5-10s,1248
VlGZL22W,68,0-1,Black,<=5s vs 15-20s,1804
VC873kcu,74,0-1,Black,<=5s vs 5-10s,2264
Ejwn9k7V,51,1-0,White,<=5s vs 5-10s,1991
J6bgJ6CG,64,0-1,Black,<=5s vs 10-15s,1401
Xv22Vvtx,70,0-1,Black,<=5s vs 15-20s,2092
Oq9OhJK6,68,0-1,Black,<=5s vs 5-10s,2299
nPO4PRxb,50,0-1,Black,<=5s vs 10-15s,1324
UxKthkMa,66,0-1,Black,<=5s vs 5-10s,1622
crrZ1XOx,81,1-0,White,<=5s vs 10-15s,2061
vd3TMqKD,59,1-0,White,<=5s vs 10-15s,1468
mThbdlAi,60,1-0,Black,<=5s vs <=5s,1906
JD9WIg1L,57,0-1,White,<=5s vs <=5s,1241
UplaHUPX,83,1-0,White,<=5s vs 10-15s,1732
RfbbxdS4,65,1-0,White,<=5s vs 10-15s,1440
G9PH5X5n,58,0-1,Black,<=5s vs 15-20s,2004
xxyFPcYv,47,1-0,White,<=5s vs 10-15s,911
u1qVbQXZ,97,1-0,White,<=5s vs 15-20s,1351
Lm8fxBNG,120,0-1,Black,<=5s vs <=5s,1787
yIoHfSAA,78,0-1,Black,<=5s vs 5-10s,1602
eKDjff2q,63,1-0,White,<=5s vs 15-20s,1319
xU2xAE5O,59,1-0,White,<=5s vs 15-20s,1744
T0C9xwsx,71,1-0,White,<=5s vs 15-20s,2327
myigPVzX,122,0-1,Black,<=5s vs 5-10s,2327
BkkyMMM5,108,0-1,Black,<=5s vs 10-15s,2063
VdSzH6jl,43,1-0,White,<=5s vs 15-20s,1723
eyOtmWtp,66,0-1,Black,<=5s vs <=5s,2404
gbCTCMrR,63,1-0,White,<=5s vs 5-10s,1598
ef4qUERt,43,1-0,White,<=5s vs 10-15s,1349
KMe4DaOi,38,0-1,Black,<=5s vs 10-15s,1117
54hoEVUu,77,1-0,White,<=5s vs 10-15s,1754
gZ6JFxin,101,1-0,White,<=5s vs <=5s,1976
21jhqvye,90,1-0,Black,<=5s vs <=5s,2155
RLjx4bBP,70,0-1,Black,<=5s vs 5-10s,1890
jMW6IxZA,105,1-0,White,<=5s vs 5-10s,2705
a084qTCx,74,0-1,Black,<=5s vs 5-10s,2152
M8volLG8,93,1-0,White,<=5s vs 15-20s,2299
FWkVRf2J,103,1-0,White,<=5s vs 5-10s,2765
amgzp8n4,119,1-0,White,<=5s vs 10-15s,1843
feVmQtNa,60,0-1,Black,<=5s vs <=5s,2250
4wavQ4Ct,80,1-0,Black,<=5s vs <=5s,2548
hvE37KOn,60,0-1,Black,<=5s vs 5-10s,1722
zKPdSlcD,99,1/2-1/2,White,<=5s vs 10-15s,2450
5cM1IsFS,51,1-0,White,<=5s vs 10-15s,1455
yl9rZzxl,84,0-1,Black,<=5s vs 10-15s,1945
xp3GBRPc,48,0-1,Black,<=5s vs 10-15s,1067
JEgZ6KZD,64,0-1,Black,<=5s vs 15-20s,1464
5SPiHbLz,63,1-0,White,<=5s vs 5-10s,1749
6G7kG4fc,89,0-1,White,<=5s vs <=5s,2195
gWTjMuXK,51,1-0,White,<=5s vs 15-20s,935
63J1fE4H,42,0-1,Black,<=5s vs 15-20s,1200
pYj08dF9,60,0-1,Black,<=5s vs 5-10s,1683
Hhc2Sgvf,64,0-1,Black,<=5s vs 10-15s,1883
6h8cuFm7,87,0-1,White,<=5s vs 15-20s,2079
IYXF8xxV,83,1-0,White,<=5s vs 5-10s,2297
GCb04urz,39,1-0,White,<=5s vs 15-20s,1366
4aVHmMbd,69,1-0,White,<=5s vs 15-20s,1716
lIh29yr2,55,1-0,White,<=5s vs 15-20s,1632
YlH5JiIO,80,0-1,Black,<=5s vs <=5s,1420
6ffkCkva,91,1-0,White,<=5s vs 10-15s,2258
XbBVPr7k,58,0-1,Black,<=5s vs 15-20s,1330
xZnuHibB,116,0-1,Black,<=5s vs 10-15s,2697
PdABNsMr,58,0-1,Black,<=5s vs 5-10s,2620
M1qbv7vN,71,1-0,White,<=5s vs 10-15s,1766
CJUHUav7,92,0-1,Black,<=5s vs 5-10s,2217
d7X85hIw,65,1-0,White,<=5s vs 5-10s,1577
dlZTUiYd,101,0-1,White,<=5s vs <=5s,1495
amC2a4II,54,0-1,Black,<=5s vs 15-20s,1701
TjSwJtkU,104,0-1,Black,<=5s vs 5-10s,2754
zIWotfOL,112,0-1,Black,<=5s vs 15-20s,2460
pQ8IUhzb,106,0-1,Black,<=5s vs 5-10s,2433
P9fxMC8H,84,0-1,Black,<=5s vs 5-10s,1930
VBW1jFgK,65,1-0,White,<=5s vs 15-20s,2351
Y5RmvftZ,80,1/2-1/2,Black,<=5s vs 10-15s,2306
QSvaLxRW,82,0-1,Black,<=5s vs 5-10s,2352
Dnnro8Og,105,0-1,White,<=5s vs <=5s,2416
NL7hK4e8,76,0-1,Black,<=5s vs 5-10s,1912
vai2bmLz,71,1-0,White,<=5s vs <=5s,1677
T9GblHJb,56,0-1,Black,<=5s vs 10-15s,1292
JqlVqq0N,59,1-0,White,<=5s vs 15-20s,966
LBxYs3st,111,1-0,White,<=5s vs 5-10s,2298
sKn7fj7A,66,0-1,Black,<=5s vs 5-10s,1323
CgkGMS8s,55,1-0,White,<=5s vs 5-10s,2157
hPo5TDWD,38,0-1,Black,<=5s vs 15-20s,1292
YdvgDBhR,75,1-0,White,<=5s vs 15-20s,1638
3A1eKJ52,56,0-1,Black,<=5s vs 5-10s,1590
0VautD6z,59,0-1,White,<=5s vs <=5s,1044
mD2K26KY,78,0-1,Black,<=5s vs 10-15s,2274
eCpjzWIl,88,0-1,Black,<=5s vs 5-10s,2491
w50XYgsZ,104,0-1,Black,<=5s vs 15-20s,2250
0fHiFCz3,55,1-0,White,<=5s vs 15-20s,2153
pM56Zhuj,57,1-0,White,<=5s vs 10-15s,1659
aCPdi2Ii,65,1-0,White,<=5s vs <=5s,1511
snXaLlQL,88,0-1,Black,<=5s vs 5-10s,2476
D7tqXh7H,69,1-0,White,<=5s vs 5-10s,1899
0XGwOhLC,56,0-1,Black,<=5s vs 5-10s,1799
fdmfYQGt,51,1-0,White,<=5s vs 5-10s,2519
Sgx93xk5,78,0-1,Black,<=5s vs 10-15s,2558
KtQAWyr6,132,0-1,Black,<=5s vs <=5s,2292
xYZMBr1E,86,0-1,Black,<=5s vs <=5s,1639
I72xspaW,136,0-1,Black,<=5s vs <=5s,2614
IPIHZh53,48,1-0,Black,<=5s vs <=5s,800
ylSYzYn9,74,0-1,Black,<=5s vs 10-15s,1977
LIktCX5v,76,1-0,Black,<=5s vs <=5s,1626
8ByHOQO3,62,0-1,Black,<=5s vs 15-20s,2408
O13WIWSS,62,0-1,Black,<=5s vs 10-15s,1847
2dqtWVQ9,50,0-1,Black,<=5s vs 15-20s,1484
QboCXwv2,80,0-1,Black,<=5s vs 5-10s,2164
TbHVfn5L,76,0-1,Black,<=5s vs <=5s,1419
Ug6R9yBF,97,1/2-1/2,White,<=5s vs 10-15s,1503
Z0qzM8bN,57,1-0,White,<=5s vs 15-20s,1830
ZEVZDaQf,129,1-0,White,<=5s vs 15-20s,2455
pxPSez2m,66,0-1,Black,<=5s vs <=5s,1476
r49PUMb1,48,1-0,Black,<=5s vs <=5s,1427
6QWfLN8w,62,0-1,Black,<=5s vs 15-20s,1490
vwaSwzAA,54,0-1,Black,<=5s vs 5-10s,1471
4qvAL9gs,85,0-1,White,<=5s vs 5-10s,2162
glmysTxh,92,0-1,Black,<=5s vs 15-20s,2291
kMHIApXA,41,1-0,White,<=5s vs 15-20s,983
G45YQLsS,66,0-1,Black,<=5s vs 10-15s,2330
v7IgPEo6,105,1-0,White,<=5s vs 10-15s,1297
AEYOFVbm,58,0-1,Black,<=5s vs 5-10s,1308
IPgGJOBg,48,0-1,Black,<=5s vs 15-20s,1355
86QFaQUN,48,0-1,Black,<=5s vs 5-10s,1457
3C5VtfFL,88,0-1,Black,<=5s vs 10-15s,2403
ZMHkL6l8,68,0-1,Black,<=5s vs 5-10s,1593
pNfxAG87,61,1-0,White,<=5s vs 5-10s,1669
Z32hbEuP,33,1-0,White,<=5s vs 15-20s,768
r1YAKllF,146,0-1,Black,<=5s vs <=5s,2288
gUUycPGP,55,1-0,White,<=5s vs 5-10s,2032
2RhfdccQ,56,0-1,Black,<=5s vs 10-15s,1438
ShyuYbjo,91,1-0,White,<=5s vs <=5s,2836
JesmbXfE,65,1-0,White,<=5s vs 10-15s,2913
Fb5YPbf6,65,1-0,White,<=5s vs 5-10s,1525
OTOKgq8S,64,0-1,Black,<=5s vs <=5s,2465
VgLxwYmT,101,1-0,White,<=5s vs <=5s,2484
Uo5MQbmQ,126,0-1,Black,<=5s vs 10-15s,2048
0kBiEviV,66,0-1,Black,<=5s vs 15-20s,1762
u4CfznH5,79,1-0,White,<=5s vs 15-20s,1242
77Z9Sb5G,49,1-0,White,<=5s vs 15-20s,1413
GCbY34N8,46,0-1,Black,<=5s vs 5-10s,1109
xALMBKVs,79,1/2-1/2,White,<=5s vs 15-20s,1873
Pvdfcdt7,58,1-0,Black,<=5s vs <=5s,696
0Kfny6aH,50,0-1,Black,<=5s vs 15-20s,1625
n2wQ81No,74,1-0,Black,<=5s vs 5-10s,1006
vVjUOvH5,89,0-1,White,<=5s vs 5-10s,2348
KawwKgns,120,0-1,Black,<=5s vs 5-10s,1970
M3S9z8Zd,112,0-1,Black,<=5s vs 5-10s,2621
Tvfyi4ek,41,1-0,White,<=5s vs 15-20s,1459
xVOmWXmS,111,1/2-1/2,White,<=5s vs 15-20s,2209
tis5YzPH,79,1-0,White,<=5s vs 5-10s,1495
POEv7RWH,72,1-0,Black,<=5s vs 5-10s,2089
vhMWrItm,68,0-1,Black,<=5s vs 5-10s,1331
E55PKd7j,67,1-0,White,<=5s vs 5-10s,1851
Qwo7cWbw,101,1-0,White,<=5s vs 10-15s,1471
I7VxC0ov,47,1-0,White,<=5s vs 5-10s,1248
S4NsUZK8,59,1-0,White,<=5s vs 5-10s,1241
fNUHQKB1,60,0-1,Black,<=5s vs 10-15s,1337
hINa3i6w,40,0-1,Black,<=5s vs 10-15s,1118
rsEKt35v,79,1-0,White,<=5s vs 5-10s,1434
CYlqXYCN,72,0-1,Black,<=5s vs 5-10s,1538
gIlnIMO0,86,0-1,Black,<=5s vs 10-15s,1558
oGsWaMJt,67,1-0,White,<=5s vs 5-10s,2337
ZaKqFKxi,74,0-1,Black,<=5s vs 15-20s,2038
Gr4ugJKi,78,0-1,Black,<=5s vs 5-10s,2234
WF9a7g9Y,68,0-1,Black,<=5s vs 5-10s,1706
BZCzQxeP,87,1-0,White,<=5s vs 5-10s,1817
IETiQET8,106,0-1,Black,<=5s vs 10-15s,2355
WJNLMrha,65,1-0,White,<=5s vs 10-15s,1990
sQalyK3I,48,0-1,Black,<=5s vs 15-20s,1024
xHoOou8i,66,0-1,Black,<=5s vs 15-20s,2327
L0jAwpEJ,128,0-1,Black,<=5s vs 15-20s,2399
mhQ4DzZs,68,0-1,Black,<=5s vs 15-20s,1429
Bee6fHgT,45,1-0,White,<=5s vs 15-20s,2406
144AiHlb,65,0-1,White,<=5s vs 15-20s,1556
ETOyptdt,70,0-1,Black,<=5s vs 5-10s,2392
o7W29upY,91,0-1,White,<=5s vs 15-20s,3036
MGm4thpU,64,1-0,Black,<=5s vs <=5s,1966
f5ZU6gOR,65,1-0,White,<=5s vs 5-10s,2035
yuMUwWqg,68,0-1,Black,<=5s vs 5-10s,1061
R0DZlNH2,63,1-0,White,<=5s vs 15-20s,2396
tG6MStkN,96,0-1,Black,<=5s vs <=5s,2145
2yfNIcWV,99,1/2-1/2,White,<=5s vs 5-10s,1542
Lk6e08IH,77,1-0,White,<=5s vs 5-10s,2184
ROA4FFLL,60,0-1,Black,<=5s vs 15-20s,1311
FcIA5djM,46,0-1,Black,<=5s vs 15-20s,1184
UXK7t1l1,67,1-0,White,<=5s vs 5-10s,1136
dZWkgB2o,85,1-0,White,<=5s vs 10-15s,2005
mEZBNHs3,66,0-1,Black,<=5s vs 5-10s,2182
FdfMfMs9,85,1-0,White,<=5s vs 5-10s,2257
OOXkjRK0,100,1/2-1/2,Black,<=5s vs 5-10s,2489
1UMegzRB,86,0-1,Black,<=5s vs 5-10s,1876
Lk5UbatB,68,1-0,Black,<=5s vs <=5s,1408
y5WPwPSu,118,1/2-1/2,Black,<=5s vs 5-10s,1223
HGy7qJkp,50,0-1,Black,<=5s vs <=5s,919
s6cVm9Lj,56,1-0,Black,<=5s vs <=5s,1351
8gX5nypO,67,1-0,White,<=5s vs 15-20s,1803
ySQQqmOv,90,0-1,Black,<=5s vs 15-20s,2388
cXiQ9cEU,67,0-1,White,<=5s vs 15-20s,1869
CuFyLLyO,67,1-0,White,<=5s vs 10-15s,1591
b18y4agi,96,0-1,Black,<=5s vs <=5s,2451
4lQrqZ1L,68,0-1,Black,<=5s vs 5-10s,1759
C2ZYAMgf,64,0-1,Black,<=5s vs 5-10s,2010
Xsjeror0,74,0-1,Black,<=5s vs 5-10s,1736
Btb4Y7Vp,90,0-1,Black,<=5s vs 15-20s,1656
8fVxKWjG,46,0-1,Black,<=5s vs 10-15s,1232
4QT1G0sf,66,0-1,Black,<=5s vs 5-10s,2024
O3dDGYXx,68,0-1,Black,<=5s vs 5-10s,1407
IflksG7c,115,1-0,White,<=5s vs <=5s,2997
UPpEHtax,58,0-1,Black,<=5s vs 10-15s,2262
DQVEyqd9,75,1/2-1/2,White,<=5s vs 10-15s,2745
RrCvMDPC,78,0-1,Black,<=5s vs 5-10s,1493
NlweXKli,81,1-0,White,<=5s vs 15-20s,2023
8B3rJEAm,62,1-0,Black,<=5s vs <=5s,1719
jwB0SNSJ,102,1/2-1/2,Black,<=5s vs 15-20s,2507
IYNdvKVh,98,1-0,Black,<=5s vs <=5s,2645
U0AlJ6Kx,48,0-1,Black,<=5s vs 10-15s,1249
dN01uUJW,53,1-0,White,<=5s vs 10-15s,1572
J8vw3pee,58,0-1,Black,<=5s vs 5-10s,1574
JePttrWT,58,0-1,Black,<=5s vs 5-10s,1166
XyecFTpf,70,0-1,Black,<=5s vs 10-15s,1960
V7vqZCCq,94,0-1,Black,<=5s vs 5-10s,2846
JXUvk4Ft,57,1-0,White,<=5s vs 5-10s,1185
uDwGBv2h,56,0-1,Black,<=5s vs <=5s,1608
crQGpRti,126,1-0,Black,<=5s vs <=5s,2682
M74TJYTS,45,1-0,White,<=5s vs 10-15s,1379
Px3y7uAk,102,0-1,Black,<=5s vs 5-10s,2123
Isqp0XuI,104,0-1,Black,<=5s vs 5-10s,2436
Pk3EiPo4,62,0-1,Black,<=5s vs 15-20s,1800
IWSvGHE8,126,0-1,Black,<=5s vs 15-20s,1945
phD3131S,52,0-1,Black,<=5s vs 10-15s,1539
afvS0BNF,61,0-1,White,<=5s vs <=5s,2513
wn0hENQA,102,1-0,Black,<=5s vs <=5s,1982
0DPiHSgN,66,0-1,Black,<=5s vs 5-10s,1211
Yml2Je0a,58,0-1,Black,<=5s vs 10-15s,1658
RGKSHVN5,77,1-0,White,<=5s vs 15-20s,2117
Rcq3GWsb,45,0-1,White,<=5s vs 5-10s,1704
lPNJCMuO,69,0-1,White,<=5s vs 5-10s,1581
79C763pt,98,1/2-1/2,Black,<=5s vs 5-10s,2162
U3t4deiD,46,0-1,Black,<=5s vs 15-20s,1733
vQYIiLJH,54,1-0,Black,<=5s vs 15-20s,2170
egMQ6Z9Q,50,0-1,Black,<=5s vs 5-10s,1235
ayv7YpzB,74,0-1,Black,<=5s vs 5-10s,2279
KKl8Gd4X,86,0-1,Black,<=5s vs 15-20s,1786
5IDhpohP,99,1-0,White,<=5s vs 5-10s,2637
XYtbtV3O,87,1-0,White,<=5s vs 5-10s,2186
0iSzX33h,73,1-0,White,<=5s vs 10-15s,1848
nj6sD615,59,1-0,White,<=5s vs 15-20s,2108
L8aQ7nAX,94,1-0,Black,<=5s vs 10-15s,2559
4pK8ol4O,135,1/2-1/2,White,<=5s vs <=5s,2444
AMZU4gcp,109,1-0,White,<=5s vs 5-10s,2557
FrXZKFU5,58,0-1,Black,<=5s vs 15-20s,1150
MzonZbxo,81,1-0,White,<=5s vs 10-15s,2401
faRP8yAX,121,0-1,White,<=5s vs <=5s,2407
mG0OzV46,112,1-0,Black,<=5s vs <=5s,2174
5ua5SjXL,49,0-1,White,<=5s vs 15-20s,1333
vFTrghrf,61,1-0,White,<=5s vs 15-20s,1744
BpMErB5X,51,1-0,White,<=5s vs <=5s,1402
eohdHQTs,59,1-0,White,<=5s vs 5-10s,1850
13dEzPC8,48,1-0,Black,<=5s vs 5-10s,1614
Bxibrqgi,72,1-0,Black,<=5s vs 5-10s,2504
P8KqO9O2,93,1-0,White,<=5s vs 10-15s,2208
aPXBmXgU,100,0-1,Black,<=5s vs 5-10s,1950
IxPiXe4h,120,1/2-1/2,Black,<=5s vs 10-15s,2561
IJckjV9c,52,0-1,Black,<=5s vs 5-10s,1067
kYwJqix2,61,1-0,White,<=5s vs 5-10s,1887
mWKxXzxq,99,1-0,White,<=5s vs 5-10s,2482
2GPhiuGu,76,0-1,Black,<=5s vs 15-20s,1706
NotjgkWL,79,0-1,White,<=5s vs 5-10s,1829
0o2TA7H4,71,1-0,White,<=5s vs 15-20s,1559
NjLJV3ov,76,1-0,Black,<=5s vs 5-10s,2706
weR8fero,94,0-1,Black,<=5s vs 5-10s,2252
lRhGMjb6,52,0-1,Black,<=5s vs <=5s,928
bpmKwS0U,129,1-0,White,<=5s vs <=5s,1907
P2oEkKbS,58,1-0,Black,<=5s vs 5-10s,2183
2sztCz6e,69,1-0,White,<=5s vs 5-10s,1460
qWOtkvLw,59,1-0,White,<=5s vs 5-10s,1258
8l6aFewk,101,1-0,White,<=5s vs 5-10s,1285
MIAubmNV,76,0-1,Black,<=5s vs <=5s,1703
z8OCfdML,70,0-1,Black,<=5s vs <=5s,1819
JOpZ9JUd,94,0-1,Black,<=5s vs 15-20s,2070
yvndc9Nq,81,0-1,White,<=5s vs <=5s,2155
Ka3OeCHk,81,1-0,White,<=5s vs 5-10s,2363
KqRmze3m,53,1-0,White,<=5s vs 10-15s,1300
aWbGKbYZ,60,0-1,Black,<=5s vs 10-15s,1745
QgvPO0Xs,51,1-0,White,<=5s vs 10-15s,1251
SOF9JzoQ,81,1-0,White,<=5s vs 5-10s,2672
HnQlHUT0,63,1-0,White,<=5s vs 10-15s,2183
tEyp6Il9,53,1-0,White,<=5s vs 5-10s,1041
5byDW2a1,47,1-0,White,<=5s vs 15-20s,1545
XRl56tY4,145,1-0,White,<=5s vs 5-10s,2105
gBRunORe,60,0-1,Black,<=5s vs <=5s,956
mkmZSPzP,63,1-0,White,<=5s vs 5-10s,1360
n02lfK0t,72,0-1,Black,<=5s vs 15-20s,1780
9YmLXH7N,107,1-0,White,<=5s vs 10-15s,2252
cd0bfH4N,125,1-0,White,<=5s vs 15-20s,2068
M1pheNZN,66,0-1,Black,<=5s vs 5-10s,2503
WD1ABHTW,89,1-0,White,<=5s vs 5-10s,2551
v41cjUDP,58,0-1,Black,<=5s vs 5-10s,1253
Aam5zgOB,102,0-1,Black,<=5s vs 10-15s,2572
1xqim3g7,134,1/2-1/2,Black,<=5s vs 5-10s,1808
rFVMNRYG,62,1-0,Black,<=5s vs <=5s,1313
y3sZ4nC0,76,0-1,Black,<=5s vs 15-20s,2112
lTBSV9oK,77,1-0,White,<=5s vs 15-20s,2087
0ShSdhxo,111,1-0,White,<=5s vs 5-10s,2276
8QIB6rsw,74,0-1,Black,<=5s vs <=5s,2173
QGO6x1hD,115,1-0,White,<=5s vs 10-15s,2182
hYoN2JGY,81,1-0,White,<=5s vs 5-10s,2150
FmruqWfE,70,0-1,Black,<=5s vs 5-10s,1790
ntP0hC5m,53,1-0,White,<=5s vs 15-20s,1314
gacaTkj9,55,1-0,White,<=5s vs 10-15s,1043
pMIVuuaT,69,1-0,White,<=5s vs 10-15s,2161
ygHSdCyH,64,0-1,Black,<=5s vs 10-15s,1975
Gf5HMJLZ,52,1-0,Black,<=5s vs 15-20s,1384
XscRe5KS,56,0-1,Black,<=5s vs 10-15s,2142
ci7jjsdg,61,1-0,White,<=5s vs 5-10s,1887
uA7YWtK5,101,1-0,White,<=5s vs 10-15s,1923
9hc8chdh,80,0-1,Black,<=5s vs 15-20s,2020
3iHAEsQW,65,1-0,White,<=5s vs 5-10s,1492
39uxdQn2,82,0-1,Black,<=5s vs 5-10s,1822
1CF66mDZ,58,0-1,Black,<=5s vs 5-10s,1892
7qRx4bnY,72,0-1,Black,<=5s vs 10-15s,2272
EeESuRmh,55,1-0,White,<=5s vs 5-10s,1366
D59fpRCc,81,1/2-1/2,White,<=5s vs 15-20s,2650
rClaobY1,78,0-1,Black,<=5s vs 10-15s,1934
ZKZfzhri,96,0-1,Black,<=5s vs 10-15s,2393
uMttifMe,76,0-1,Black,<=5s vs <=5s,1839
hc49Kbcq,124,0-1,Black,<=5s vs <=5s,2364
L7Cwa5JX,94,0-1,Black,<=5s vs 10-15s,2859
VeYHYn6C,79,1-0,White,<=5s vs 10-15s,2198
dzA3Zu6L,80,0-1,Black,<=5s vs <=5s,1607
TNmkPgFR,69,0-1,White,<=5s vs 5-10s,2409
2y1Rlc7z,65,1-0,White,<=5s vs 5-10s,1136
qFL47scQ,71,1/2-1/2,White,<=5s vs 5-10s,2329
MhqstsG7,59,1-0,White,<=5s vs 15-20s,1129
PZSxJ6rt,79,1/2-1/2,White,<=5s vs 10-15s,2328
BdLsVUez,75,1-0,White,<=5s vs 5-10s,1892
tGDB1i1A,112,0-1,Black,<=5s vs 5-10s,1957
aQe0w3Zf,61,1-0,White,<=5s vs 5-10s,1681
pNscWJbe,120,0-1,Black,<=5s vs 10-15s,2425
DqVoKwcS,64,0-1,Black,<=5s vs 5-10s,1447
jNxG8nM7,56,0-1,Black,<=5s vs 10-15s,1442
wkDCyFEm,79,0-1,White,<=5s vs 5-10s,1962
EzFRKLR8,69,1-0,White,<=5s vs 10-15s,1701
ab1LThT0,93,1-0,White,<=5s vs 15-20s,2014
mw9lJYN8,72,1-0,Black,<=5s vs 5-10s,1478
YQQ3r5fB,63,0-1,White,<=5s vs 10-15s,1900
SueWJFkz,56,0-1,Black,<=5s vs 15-20s,2629
n46jSVky,69,0-1,White,<=5s vs 15-20s,2300
5eQk5Piv,112,0-1,Black,<=5s vs 10-15s,1957
bikBRNLf,62,0-1,Black,<=5s vs 5-10s,1976
i0BB7UCK,42,0-1,Black,<=5s vs 5-10s,1102
1ahZFgm8,53,1-0,White,<=5s vs 10-15s,1780
fTgKePLM,61,1-0,White,<=5s vs 10-15s,1735
8REuqJdh,74,0-1,Black,<=5s vs 5-10s,1332
dCkKxPYV,114,0-1,Black,<=5s vs 5-10s,2321
ZC18g0Pp,57,1-0,White,<=5s vs 15-20s,1287
AVZl7XZR,110,0-1,Black,<=5s vs <=5s,1138
MvFVnMOC,83,0-1,White,<=5s vs <=5s,2041
MIvXCyrl,97,1-0,White,<=5s vs 5-10s,2481
T2TsYrIi,55,0-1,White,<=5s vs 10-15s,1190
qikFrXWU,70,1-0,Black,<=5s vs 5-10s,1752
GfgXGvPv,54,0-1,Black,<=5s vs 5-10s,1657
d0Jf7qzK,73,1-0,White,<=5s vs 5-10s,1289
gsVKzyZ0,121,1-0,White,<=5s vs 15-20s,2148
A0t6vs5v,51,1-0,White,<=5s vs 5-10s,1313
82kfoz1n,123,1-0,White,<=5s vs 15-20s,2508
afj3DfR7,53,0-1,White,<=5s vs 15-20s,1561
Htww684r,90,1-0,Black,<=5s vs 10-15s,2387
ddD3e67a,72,1-0,Black,<=5s vs <=5s,1157
Xh8pmeT3,52,1-0,Black,<=5s vs <=5s,1084
ZUXefpOY,83,0-1,White,<=5s vs <=5s,1637
cc6xTpPs,61,1-0,White,<=5s vs 5-10s,1703
pXLKITmN,49,1-0,White,<=5s vs 15-20s,1509
A3ZyTi2C,83,1-0,White,<=5s vs 15-20s,1845
U5UAWQWd,46,0-1,Black,<=5s vs 15-20s,923
ZptwPvzk,113,1/2-1/2,White,<=5s vs <=5s,2441
WCtPJznv,69,0-1,White,<=5s vs 15-20s,1817
AfPAkKZa,66,0-1,Black,<=5s vs 15-20s,1931
20znc1En,53,1-0,White,<=5s vs 15-20s,1545
P7PmDL4u,36,0-1,Black,<=5s vs 5-10s,824
1IoI6CZs,51,1-0,White,<=5s vs 5-10s,1409
mq2L2tFK,50,0-1,Black,<=5s vs 5-10s,1113
d1P5eMXJ,104,0-1,Black,<=5s vs 10-15s,2293
yyM12Dko,68,0-1,Black,<=5s vs 10-15s,2924
XSxmAOPF,57,1-0,White,<=5s vs 10-15s,1452
gqgbd0G4,87,1-0,White,<=5s vs 5-10s,1467
cqXJLizp,65,1-0,White,<=5s vs 5-10s,2627
R3CdZQK4,57,1-0,White,<=5s vs 10-15s,1571
erKy7Ztq,55,1-0,White,<=5s vs 5-10s,1839
O0IykHZ2,92,1-0,Black,<=5s vs <=5s,1979
vDeqs5rY,99,1-0,White,<=5s vs 5-10s,2400
ENiRApV0,61,1-0,White,<=5s vs 10-15s,1054
I9UMGieX,69,0-1,White,<=5s vs 5-10s,1204
LfuHQZNs,86,0-1,Black,<=5s vs 5-10s,2238
gWxcgwij,53,1-0,White,<=5s vs 15-20s,976
PfucOjbw,66,0-1,Black,<=5s vs 15-20s,1381
lUllB7H9,77,0-1,White,<=5s vs 5-10s,2017
LJOPKXHt,75,1-0,White,<=5s vs 10-15s,2010
862Nkwb6,83,1-0,White,<=5s vs 5-10s,2084
UKwgu6fz,79,1-0,White,<=5s vs <=5s,1872
M0m1F8v4,60,1-0,Black,<=5s vs 10-15s,2016
zbZ3VpT8,213,0-1,White,<=5s vs 5-10s,2735
xBsly0E1,58,0-1,Black,<=5s vs 10-15s,789
bOJneftF,82,0-1,Black,<=5s vs 5-10s,2267
wRRYWGuM,69,1-0,White,<=5s vs 15-20s,1953
Lkx2tg5k,81,1-0,White,<=5s vs 15-20s,2609
CobbTNfv,87,1/2-1/2,White,<=5s vs 10-15s,1239
OMc7fuVD,62,0-1,Black,<=5s vs <=5s,1253
2H6iGmpd,63,1-0,White,<=5s vs 15-20s,2368
MF5Isb6u,76,0-1,Black,<=5s vs 5-10s,2602
YcMoYCMi,67,1-0,White,<=5s vs 15-20s,1835
wtcFh2kS,56,0-1,Black,<=5s vs 15-20s,1209
2Pwxd9AU,60,0-1,Black,<=5s vs <=5s,1266
KmXCEhrK,65,1-0,White,<=5s vs 15-20s,2525
bjoVpKds,54,0-1,Black,<=5s vs 10-15s,1153
TU28apNJ,115,1-0,White,<=5s vs 10-15s,2324
7UK5qRHC,76,1-0,Black,<=5s vs 5-10s,1931
yJKFJnSV,62,0-1,Black,<=5s vs 15-20s,2126
cWNQZAY2,54,0-1,Black,<=5s vs 15-20s,1024
TLkHjvhN,79,0-1,White,<=5s vs 5-10s,3057
pjQtbZHY,44,0-1,Black,<=5s vs 15-20s,1090
f1yvprrI,69,1-0,White,<=5s vs 10-15s,2051
4P2RVgmx,62,0-1,Black,<=5s vs <=5s,1661
Q40rUSOo,75,1-0,White,<=5s vs 15-20s,1385
CfjG9env,65,1-0,White,<=5s vs 10-15s,2021
HExSYbyJ,94,1-0,Black,<=5s vs 5-10s,2128
BXjopkv7,49,1-0,White,<=5s vs <=5s,878
0GJbbE6y,85,1-0,White,<=5s vs 15-20s,1986
5Vl4OoVu,82,0-1,Black,<=5s vs 5-10s,2553
CCsdTee6,52,0-1,Black,<=5s vs 15-20s,1862
hxKCWNij,121,1/2-1/2,White,<=5s vs 5-10s,2538
iHIhCNAL,71,1/2-1/2,White,<=5s vs 10-15s,1799
4hkv7xzk,107,1-0,White,<=5s vs 15-20s,2480
4h1OwrcZ,98,1/2-1/2,Black,<=5s vs <=5s,2942
wc6QXoii,76,0-1,Black,<=5s vs <=5s,1968
vq2luA02,166,1/2-1/2,Black,<=5s vs <=5s,2477
N0IWyS5g,92,0-1,Black,<=5s vs 5-10s,2465
M5j4MI6A,42,0-1,Black,<=5s vs 5-10s,1425
3s3dnxbi,84,0-1,Black,<=5s vs 5-10s,1671
LMIMs3Uv,65,1-0,White,<=5s vs 15-20s,1898
NtQ8GKIC,63,1-0,White,<=5s vs 5-10s,1401
YnmhcKCW,86,0-1,Black,<=5s vs <=5s,1544
mZWOj2FT,78,0-1,Black,<=5s vs <=5s,1915
NVHTRiO3,36,0-1,Black,<=5s vs 15-20s,1352
3k471jcP,111,0-1,White,<=5s vs <=5s,2056
fHHjph7I,69,1-0,White,<=5s vs 5-10s,2215
j3snKigs,55,1-0,White,<=5s vs 10-15s,1456
Oh9tDYND,121,1/2-1/2,White,<=5s vs 5-10s,2252
1nH22xZC,75,1-0,White,<=5s vs 5-10s,1294
fm0FeSds,75,1-0,White,<=5s vs 10-15s,1817
pY559OSH,101,1-0,White,<=5s vs 5-10s,2600
4ljfZsJi,89,1-0,White,<=5s vs 10-15s,2564
mogjikZA,86,1-0,Black,<=5s vs 5-10s,2182
YJyfrWWB,72,0-1,Black,<=5s vs 15-20s,2067
fWQlCeR3,62,0-1,Black,<=5s vs 10-15s,1579
sDLs9x8J,98,0-1,Black,<=5s vs 10-15s,2195
VGbAEF1e,61,0-1,White,<=5s vs <=5s,1572
3L8bgiEY,43,1-0,White,<=5s vs 15-20s,926
nfetjrEH,69,1-0,White,<=5s vs 5-10s,1858
SAQIbGRV,75,0-1,White,<=5s vs <=5s,2319
4ttTjOGB,75,1-0,White,<=5s vs 15-20s,1977
LsAfgo3B,101,1-0,White,<=5s vs 5-10s,2492
ReZj6ums,61,1-0,White,<=5s vs 5-10s,2105
lWxx7pCz,43,0-1,White,<=5s vs 10-15s,1280
9ItDFrW2,49,1-0,White,<=5s vs 5-10s,1242
Bj5x6Zoy,77,0-1,White,<=5s vs 10-15s,1176
f7gpEGSk,62,0-1,Black,<=5s vs 15-20s,2959
JmolckBR,85,1-0,White,<=5s vs 5-10s,1390
OBhFnJ55,105,1-0,White,<=5s vs 10-15s,2323
9eQLwZyQ,94,1/2-1/2,Black,<=5s vs 15-20s,2255
z4t8dbvK,69,0-1,White,<=5s vs 5-10s,1780
sN5ixysF,65,1-0,White,<=5s vs 15-20s,1675
1k22n4rG,60,0-1,Black,<=5s vs <=5s,1026
vfu0dBut,56,0-1,Black,<=5s vs 10-15s,1714
6WraggdV,78,0-1,Black,<=5s vs 5-10s,2570
1nP7l7dy,39,1-0,White,<=5s vs 15-20s,901
mtZutxXg,55,1-0,White,<=5s vs 15-20s,1949
tM94h9DF,54,0-1,Black,<=5s vs 5-10s,1775
3WLMYIzk,56,0-1,Black,<=5s vs 15-20s,1099
IxfUAXTn,69,1-0,White,<=5s vs 5-10s,1914
Ca7spn5v,53,1-0,White,<=5s vs 5-10s,1412
ExjWhYvZ,60,1-0,Black,<=5s vs <=5s,1290
HtULdSks,71,1-0,White,<=5s vs 15-20s,2134
sjaMFaaJ,74,1-0,Black,<=5s vs <=5s,1833
0Sg4qmCp,71,1-0,White,<=5s vs 10-15s,1782
GrzDjrVu,99,1-0,White,<=5s vs 5-10s,2137
shKkI786,56,0-1,Black,<=5s vs 10-15s,1606
XVQzMDoz,121,1-0,White,<=5s vs 5-10s,2748
4MDJhtOx,67,1-0,White,<=5s vs 10-15s,1204
06V1K77z,83,1-0,White,<=5s vs 5-10s,2224
n4vSAhxT,103,1-0,White,<=5s vs 5-10s,2051
0M62ABc0,62,1-0,Black,<=5s vs 5-10s,1704
2uscsyWD,155,1-0,White,<=5s vs 15-20s,2475
MbGVrz2y,60,0-1,Black,<=5s vs 10-15s,1639
naBlYVhr,69,1-0,White,<=5s vs 15-20s,1478
C2IFvlFa,104,1/2-1/2,Black,<=5s vs 5-10s,2523
RfNf37dI,42,0-1,Black,<=5s vs 15-20s,965
ERztB2dM,72,0-1,Black,<=5s vs 5-10s,1927
yNQuTUCT,65,0-1,White,<=5s vs 5-10s,1206
2YnrBRAD,67,1-0,White,<=5s vs 5-10s,1947
ehTnOM2a,104,0-1,Black,<=5s vs 15-20s,2276
BxbWMHVn,63,1-0,White,<=5s vs 5-10s,1935
MNahPBZ9,102,0-1,Black,<=5s vs 5-10s,2286
evaDJXUF,62,1-0,Black,<=5s vs 5-10s,1577
Bhi18FNT,80,0-1,Black,<=5s vs <=5s,1735
Clz9M4Ar,109,1/2-1/2,White,<=5s vs <=5s,1828
9WVZY6dj,68,0-1,Black,<=5s vs 5-10s,2498
1fAnCQet,59,0-1,White,<=5s vs 10-15s,1736
LmBj9uCv,62,0-1,Black,<=5s vs 5-10s,2204
paw3BL6b,64,0-1,Black,<=5s vs 10-15s,1786
10K6lpJL,45,1-0,White,<=5s vs 15-20s,1027
xwxtMF8T,94,0-1,Black,<=5s vs 5-10s,1765
BKwqy0eY,130,0-1,Black,<=5s vs <=5s,2402
riYfluCs,53,1-0,White,<=5s vs 10-15s,1454
ELn9cUJd,120,1-0,Black,<=5s vs 5-10s,2736
BrteDntk,64,0-1,Black,<=5s vs 5-10s,1529
CsICrxN7,78,0-1,Black,<=5s vs 5-10s,2060
wbUhkS1e,95,1-0,White,<=5s vs 5-10s,2951
Si9iY5y8,66,0-1,Black,<=5s vs 10-15s,1931
cFTVkKFO,54,0-1,Black,<=5s vs 5-10s,1178
VdZDcJhy,87,1-0,White,<=5s vs 5-10s,2581
ij278wWP,58,0-1,Black,<=5s vs 15-20s,1461
xLmWPxTA,102,0-1,Black,<=5s vs 5-10s,2616
OfjFxsfl,53,1-0,White,<=5s vs 15-20s,1211
a5lxVpsR,72,0-1,Black,<=5s vs 10-15s,2599
AuHrU0BP,88,1-0,Black,<=5s vs 5-10s,2938
iMQbXalW,74,0-1,Black,<=5s vs 5-10s,1642
JP69EFio,63,1-0,White,<=5s vs <=5s,2218
AaYmA6QO,56,1-0,Black,<=5s vs <=5s,936
57OgoCcT,88,0-1,Black,<=5s vs 15-20s,2317
K8i2Opdu,110,0-1,Black,<=5s vs 10-15s,2071
4VFBE33y,64,0-1,Black,<=5s vs 15-20s,2118
VQAubpzO,59,1-0,White,<=5s vs 5-10s,1882
F8JDqFBR,67,1-0,White,<=5s vs 15-20s,1879
tmQNnwPv,54,0-1,Black,<=5s vs 10-15s,1141
9kh7GTbo,60,0-1,Black,<=5s vs 5-10s,1486
JIyyWewU,95,1-0,White,<=5s vs 5-10s,2252
QBHcbqtQ,82,1-0,Black,<=5s vs <=5s,1595
A5MVhehe,99,1-0,White,<=5s vs 10-15s,1906
owz0nGZL,136,1/2-1/2,Black,<=5s vs 15-20s,2127
fAxcZWpW,70,0-1,Black,<=5s vs 15-20s,2803
GKz6C8vk,73,1-0,White,<=5s vs 5-10s,1437
brmIkBAE,99,1-0,White,<=5s vs <=5s,1881
IHMWWDp0,83,1-0,White,<=5s vs 5-10s,1810
R2OkAXg0,56,0-1,Black,<=5s vs 15-20s,2153
fyitUCnY,68,0-1,Black,<=5s vs 10-15s,1634
FyQKDZey,49,0-1,White,<=5s vs 5-10s,1751
bE1PfGEW,70,0-1,Black,<=5s vs 5-10s,1283
uCwUloiH,62,0-1,Black,<=5s vs <=5s,1236
OxvAT7cf,64,0-1,Black,<=5s vs 5-10s,1836
wVWcfQ2Q,94,0-1,Black,<=5s vs 5-10s,2400
DwPDgN6L,65,1-0,White,<=5s vs 15-20s,1842
hb0VwxoQ,72,0-1,Black,<=5s vs 10-15s,1741
UCqbjJEG,56,0-1,Black,<=5s vs 5-10s,1600
sHrw6c5b,58,0-1,Black,<=5s vs 5-10s,1561
IQPg8Nhd,64,0-1,Black,<=5s vs 5-10s,1276
QVqi0eTT,76,0-1,Black,<=5s vs 10-15s,1889
GAELHL5K,54,0-1,Black,<=5s vs 15-20s,1413
1OjAjxWT,85,0-1,White,<=5s vs 5-10s,2509
h9OSqbbe,77,1-0,White,<=5s vs 10-15s,2033
fBpvSK1B,41,1-0,White,<=5s vs 15-20s,1156
JIVL4HnA,56,0-1,Black,<=5s vs 15-20s,1588
x0F3V4js,77,1-0,White,<=5s vs 15-20s,1631
6J7NBhMQ,52,0-1,Black,<=5s vs 10-15s,1296
jSryaXEL,77,0-1,White,<=5s vs 5-10s,1617
IQr5YLGi,89,1-0,White,<=5s vs 5-10s,1947
J4fhsY5E,46,0-1,Black,<=5s vs 5-10s,926
airFHqxI,94,1-0,Black,<=5s vs <=5s,2017
g9Jsm7qf,78,0-1,Black,<=5s vs 15-20s,2459
RYF4RvO7,74,0-1,Black,<=5s vs 5-10s,1861
Lb0A8r65,92,0-1,Black,<=5s vs 5-10s,2569
35ZiCKJH,69,0-1,White,<=5s vs 5-10s,2050
mURc7y9I,74,1-0,Black,<=5s vs <=5s,1947
TFEE33To,124,1/2-1/2,Black,<=5s vs 5-10s,2098
8tpbWr8H,75,1-0,White,<=5s vs 5-10s,2004
GivuxnGn,57,1-0,White,<=5s vs 5-10s,1369
8kIQfDVo,79,1-0,White,<=5s vs 5-10s,1524
G0uGPfoI,62,0-1,Black,<=5s vs 10-15s,1753
6OvUpa6X,65,1-0,White,<=5s vs 10-15s,1497
wv3lQT7g,84,1-0,Black,<=5s vs <=5s,2080
ZuxNxGKZ,61,1-0,White,<=5s vs 5-10s,943
TuX9KTis,70,1/2-1/2,Black,<=5s vs 5-10s,1841
ZlxMgNaK,72,0-1,Black,<=5s vs 5-10s,1485
HVoBIGF1,50,0-1,Black,<=5s vs 15-20s,1748
KWlBqnCA,100,0-1,Black,<=5s vs 5-10s,2429
CU5WoXbp,66,0-1,Black,<=5s vs 10-15s,1140
ScGOvy5N,71,1-0,White,<=5s vs 5-10s,1607
HVfDgjnf,58,0-1,Black,<=5s vs 5-10s,2387
M3Es8vsc,87,0-1,White,<=5s vs 5-10s,1725
8JMDbAJF,85,1-0,White,<=5s vs 5-10s,2261
VmPW8BYf,79,0-1,White,<=5s vs 5-10s,1850
WYlVDbRp,42,1-0,Black,<=5s vs 5-10s,1035
LMjNkUxf,62,0-1,Black,<=5s vs <=5s,1830
LeXxbcfl,69,1-0,White,<=5s vs 15-20s,1982
aJp9aElW,138,1-0,Black,<=5s vs 5-10s,2465
PKFNo0hH,77,1-0,White,<=5s vs 5-10s,2302
0N85em6c,59,0-1,White,<=5s vs <=5s,1418
Nq4C5Ft7,46,0-1,Black,<=5s vs 15-20s,1069
uNA8Ai88,80,0-1,Black,<=5s vs 15-20s,1963
B18Ku76n,51,1-0,White,<=5s vs 15-20s,1233
AMPUWG4V,76,0-1,Black,<=5s vs 10-15s,1455
TUBxZrxu,86,1-0,Black,<=5s vs 5-10s,2303
G6kS7xy0,80,0-1,Black,<=5s vs 15-20s,1222
8aty7HwX,116,0-1,Black,<=5s vs 5-10s,1895
QnuqSlE6,54,0-1,Black,<=5s vs 15-20s,2195
WuKcJks1,88,0-1,Black,<=5s vs 5-10s,2485
5wanMSAq,106,1-0,Black,<=5s vs <=5s,1730
cEOLy1kh,62,0-1,Black,<=5s vs 10-15s,1442
IxFqHBbN,80,0-1,Black,<=5s vs <=5s,1441
RiHxkS6L,60,0-1,Black,<=5s vs <=5s,1491
A0Ht0kCi,61,1-0,White,<=5s vs 10-15s,2030
I0OE6f5f,76,1-0,Black,<=5s vs 5-10s,1462
Nq9D3ZLP,60,0-1,Black,<=5s vs 15-20s,2187
iRmkecCp,85,1-0,White,<=5s vs 5-10s,2298
utWtg0MN,83,1-0,White,<=5s vs 15-20s,1703
4gemfoVX,97,1-0,White,<=5s vs 15-20s,2439
qtKkMj6F,120,0-1,Black,<=5s vs 5-10s,2497
uNkf8hws,93,1-0,White,<=5s vs <=5s,1977
VX5EPtVL,55,1-0,White,<=5s vs 15-20s,1566
o82bGBSk,119,0-1,White,<=5s vs <=5s,2178
7RscUusG,87,0-1,White,<=5s vs 5-10s,2372
L8hAQe6v,60,0-1,Black,<=5s vs 10-15s,1326
RyKfPHxZ,79,1-0,White,<=5s vs 10-15s,1530
5z69EwRh,66,0-1,Black,<=5s vs 5-10s,1118
B5VzYSgg,110,0-1,Black,<=5s vs <=5s,2160
5c6YFesz,71,1-0,White,<=5s vs 15-20s,2105
8Vbs2hqf,133,1-0,White,<=5s vs 5-10s,2463
KYvekaXz,47,1-0,White,<=5s vs 5-10s,1110
DxabFLDi,114,0-1,Black,<=5s vs 10-15s,2601
HrILD6bL,115,1-0,White,<=5s vs 5-10s,2834
qxc8H4tH,49,1-0,White,<=5s vs 10-15s,1136
bJxIcGWv,74,0-1,Black,<=5s vs 10-15s,1682
ttqG6nd1,98,0-1,Black,<=5s vs 10-15s,2182
I3D2luJp,62,0-1,Black,<=5s vs 15-20s,2469
RykKPeiO,70,0-1,Black,<=5s vs 5-10s,2491
ErVl7pGN,82,0-1,Black,<=5s vs 5-10s,1380
VlC3DQHp,73,1-0,White,<=5s vs <=5s,1341
srOkcrYV,93,1-0,White,<=5s vs 5-10s,1567
hlWvlE61,136,0-1,Black,<=5s vs 5-10s,1932
nbTQjgkm,52,0-1,Black,<=5s vs 10-15s,1521
qZyJZEuR,87,1/2-1/2,White,<=5s vs 5-10s,2468
7KNMwlLA,88,0-1,Black,<=5s vs 10-15s,2333
8wpUnJEd,114,0-1,Black,<=5s vs 5-10s,2189
HpthAlKr,40,0-1,Black,<=5s vs 5-10s,974
WKCoRA8F,139,1-0,White,<=5s vs 10-15s,2613
b446ooM2,59,1-0,White,<=5s vs 5-10s,1694
NkAij0za,53,0-1,White,<=5s vs 5-10s,1155
Es28WINU,105,1-0,White,<=5s vs 15-20s,2593
JF9fXyc6,114,0-1,Black,<=5s vs 5-10s,1678
P01AjufG,91,1-0,White,<=5s vs 15-20s,2694
UaZcelrO,61,1-0,White,<=5s vs 10-15s,2616
BiTHAmh5,95,1-0,White,<=5s vs <=5s,2282
pdLk5diU,53,1-0,White,<=5s vs 15-20s,1458
OuhuOTb7,90,0-1,Black,<=5s vs 10-15s,2141
uyS8f9MO,67,1-0,White,<=5s vs 10-15s,2022
OB49sgsO,56,0-1,Black,<=5s vs 5-10s,2305
3VYCMFnG,91,1-0,White,<=5s vs 10-15s,2422
hIVKpVwq,100,0-1,Black,<=5s vs 15-20s,2107
dsfhzkXA,50,1-0,Black,<=5s vs 5-10s,1279
8jmAy1dY,88,0-1,Black,<=5s vs 5-10s,2015
IvrsnIwU,98,1/2-1/2,Black,<=5s vs 10-15s,1540
z5qPmTcX,103,1-0,White,<=5s vs 5-10s,2244
RMz5QHiA,55,1-0,White,<=5s vs 15-20s,1548
XRRtPq0f,61,1-0,White,<=5s vs 10-15s,1696
EqljUD7V,51,1-0,White,<=5s vs <=5s,1423
SFj4kg1j,73,0-1,White,<=5s vs 5-10s,1807
YidqMMjf,68,0-1,Black,<=5s vs 10-15s,2107
VITGkbHl,58,0-1,Black,<=5s vs 15-20s,1982
02yJlvPz,65,0-1,White,<=5s vs <=5s,1290
DsMgvD2S,86,0-1,Black,<=5s vs 5-10s,1564
keoGYv20,48,0-1,Black,<=5s vs <=5s,1420
qQbQYt4N,76,0-1,Black,<=5s vs <=5s,1263
Yw4z3soK,81,1-0,White,<=5s vs 5-10s,1870
NTsyZNbV,61,1-0,White,<=5s vs 15-20s,753
qOUDaThA,52,0-1,Black,<=5s vs 15-20s,1888
5ICzpvcF,86,0-1,Black,<=5s vs 15-20s,1724
3FP23bJX,74,1-0,Black,<=5s vs <=5s,2338
Rar7USkj,61,1-0,White,<=5s vs <=5s,1456
vYnizNfd,115,0-1,White,<=5s vs 5-10s,3053
lFiTBqTK,90,0-1,Black,<=5s vs 5-10s,1799
2qii2XoP,68,0-1,Black,<=5s vs 10-15s,1587
ebtWF0B0,60,0-1,Black,<=5s vs <=5s,1103
ys4buFio,61,0-1,White,<=5s vs 10-15s,2607
Tr9z8EkB,88,0-1,Black,<=5s vs <=5s,1568
AIft0QoQ,51,1-0,White,<=5s vs 15-20s,1007
TyNVaqdQ,52,0-1,Black,<=5s vs 15-20s,1052
vPylVGL1,59,1-0,White,<=5s vs 10-15s,2199
tF0KZCbU,33,1-0,White,<=5s vs 15-20s,841
Of5hE8om,65,1-0,White,<=5s vs 10-15s,1797
v5jtiJ4n,75,1-0,White,<=5s vs 5-10s,1883
41anYCb1,52,1-0,Black,<=5s vs 5-10s,742
tHENm5B1,89,0-1,White,<=5s vs 10-15s,2410
TFylVFL2,76,0-1,Black,<=5s vs 5-10s,2229
ZZbpJWJK,138,0-1,Black,<=5s vs 15-20s,2199
XLT5VkOi,82,0-1,Black,<=5s vs 10-15s,2315
FzCVtrV4,77,1-0,White,<=5s vs 15-20s,1404
MDOx3qD9,74,0-1,Black,<=5s vs 5-10s,2083
Nuq8o2gn,178,1/2-1/2,Black,<=5s vs <=5s,2283
jFk1jg7C,138,1/2-1/2,Black,<=5s vs 5-10s,2157
cXanxjWl,73,1-0,White,<=5s vs 15-20s,2223
N6H4ey2V,53,1-0,White,<=5s vs 15-20s,2180
i4DEC0Uv,101,1-0,White,<=5s vs 15-20s,1114
WmdK4Qxa,69,1-0,White,<=5s vs 5-10s,2351
YcdTTuwP,111,0-1,White,<=5s vs 5-10s,2415
7JtVwQBw,92,1-0,Black,<=5s vs 15-20s,2662
1XbljMk7,76,0-1,Black,<=5s vs 10-15s,1725
mVM5QotM,92,0-1,Black,<=5s vs 5-10s,1805
N9bzcDql,67,1-0,White,<=5s vs 15-20s,1463
792bJi1t,59,1-0,White,<=5s vs 15-20s,1697
BT1z4bv6,47,1-0,White,<=5s vs 10-15s,1965
YQCNCm3X,75,1-0,White,<=5s vs 5-10s,1518
xdLJ0Xc5,40,0-1,Black,<=5s vs 10-15s,936
J7MOkxI8,52,0-1,Black,<=5s vs 10-15s,1401
eks0H2jo,42,0-1,Black,<=5s vs 5-10s,902
2hzcTgtK,63,1-0,White,<=5s vs 10-15s,2425
wMDOvICT,69,1-0,White,<=5s vs 5-10s,1522
HQYBENCT,72,0-1,Black,<=5s vs 15-20s,1589
zksfW0d2,74,0-1,Black,<=5s vs 10-15s,2014
A1sXhIPH,68,1-0,Black,<=5s vs 10-15s,2101
MFBtm1Po,54,0-1,Black,<=5s vs 10-15s,1520
G46NSwer,94,0-1,Black,<=5s vs 5-10s,2923
V4JP81jE,45,0-1,White,<=5s vs 5-10s,1887
nUs42jJH,73,1-0,White,<=5s vs <=5s,1954
GmZSxyeO,74,1-0,Black,<=5s vs 5-10s,1722
LiII1jgH,70,0-1,Black,<=5s vs 15-20s,1346
S3G8YR35,102,1/2-1/2,Black,<=5s vs 15-20s,2302
vWwlN6tQ,50,0-1,Black,<=5s vs 15-20s,1275
jnV91JKk,62,0-1,Black,<=5s vs 15-20s,1792
695FPUGw,54,0-1,Black,<=5s vs 15-20s,1116
KDTMXsRw,83,1-0,White,<=5s vs 5-10s,2160
p0uspcwE,102,0-1,Black,<=5s vs 10-15s,2816
OUDYZr0L,56,0-1,Black,<=5s vs 5-10s,1996
wowu5Fow,83,0-1,White,<=5s vs <=5s,1521
YL1DgupM,79,1-0,White,<=5s vs 5-10s,2139
7emh7krx,117,1-0,White,<=5s vs 10-15s,1851
UzFmU0RX,85,1-0,White,<=5s vs 15-20s,1502
PIoyjYpU,66,0-1,Black,<=5s vs 5-10s,1684
V1DEi58x,65,1-0,White,<=5s vs 10-15s,1709
57hCsS19,102,1/2-1/2,Black,<=5s vs 10-15s,2335
RODakF87,78,0-1,Black,<=5s vs 5-10s,2137
jm1vMowt,67,1-0,White,<=5s vs 10-15s,1663
IFohjKxW,79,1-0,White,<=5s vs <=5s,1994
SmleZEr9,70,0-1,Black,<=5s vs 10-15s,2046
gjJDb3ff,49,1-0,White,<=5s vs 15-20s,1504
ek2ihA95,82,0-1,Black,<=5s vs 5-10s,1848
PYXSdHnM,55,1-0,White,<=5s vs 10-15s,1392
Je4ifBx2,59,1-0,White,<=5s vs 10-15s,1122
xDEBVmZn,154,0-1,Black,<=5s vs 5-10s,2072
Y3Fh55HA,61,1-0,White,<=5s vs <=5s,1353
8S8JpNxa,79,0-1,White,<=5s vs 10-15s,2446
pQHa689P,79,1-0,White,<=5s vs 10-15s,1371
POTksEF1,79,1-0,White,<=5s vs 15-20s,2245
RfrxNUmp,76,0-1,Black,<=5s vs 5-10s,2288
JcZ2gY30,68,0-1,Black,<=5s vs 15-20s,1029
beZSQrDJ,82,1-0,Black,<=5s vs 5-10s,2415
QNP96ls1,94,0-1,Black,<=5s vs 5-10s,2116
KUp8MczH,128,0-1,Black,<=5s vs 10-15s,2110
0ejttUFT,119,0-1,White,<=5s vs <=5s,2431
jshxIvU5,50,0-1,Black,<=5s vs 15-20s,1603
LIqbUZSe,88,1-0,Black,<=5s vs <=5s,1963
clVqFxpm,116,0-1,Black,<=5s vs 5-10s,2415
pBQwcIDF,63,1-0,White,<=5s vs 5-10s,1725
5dlTZHEM,69,1-0,White,<=5s vs 10-15s,1755
NpHTx3LJ,60,0-1,Black,<=5s vs <=5s,1718
OTBdKEv6,55,1-0,White,<=5s vs 15-20s,2065
LUejdeM2,68,0-1,Black,<=5s vs <=5s,963
VHMjgeqm,67,1-0,White,<=5s vs 10-15s,1479
dA8eERjj,47,1-0,White,<=5s vs 5-10s,1182
w6Jbuqau,74,0-1,Black,<=5s vs 15-20s,1275
IjDGnqrG,62,0-1,Black,<=5s vs 10-15s,1117
qqkKXDiw,101,1-0,White,<=5s vs 10-15s,2453
crFVgwm9,79,0-1,White,<=5s vs <=5s,1510
zgc4KAM6,76,0-1,Black,<=5s vs 15-20s,1985
cxr6AE9M,101,0-1,White,<=5s vs <=5s,2240
qaWjDh3h,94,1-0,Black,<=5s vs 5-10s,2308
VBBXT47B,96,1/2-1/2,Black,<=5s vs 15-20s,2249
SyYsFZYl,73,1-0,White,<=5s vs 15-20s,2429
QYImHAeu,80,0-1,Black,<=5s vs 5-10s,2073
srGBwcuh,56,0-1,Black,<=5s vs 15-20s,1204
kA7P1BFS,72,0-1,Black,<=5s vs <=5s,2077
Uw81sbAw,74,0-1,Black,<=5s vs 10-15s,1392
nf7ay33f,57,1-0,White,<=5s vs 5-10s,1246
0YORFxpC,102,1/2-1/2,Black,<=5s vs 10-15s,1823
t11Hao7X,71,1-0,White,<=5s vs 15-20s,2138
KNJeNA3K,49,0-1,White,<=5s vs 5-10s,1301
Nezylw5j,48,0-1,Black,<=5s vs <=5s,1038
1gHL3O0u,109,0-1,White,<=5s vs 5-10s,2342
z48mlkAD,44,0-1,Black,<=5s vs 5-10s,809
CDMobkoC,132,0-1,Black,<=5s vs 5-10s,2679
Uo3yqmR4,67,1-0,White,<=5s vs 10-15s,1991
jWj6lSFV,91,0-1,White,<=5s vs <=5s,1813
hFJjy2Un,115,0-1,White,<=5s vs 15-20s,2414
3WUzq73D,68,0-1,Black,<=5s vs 15-20s,1241
H4SMB4gr,80,1-0,Black,<=5s vs 5-10s,1937
vsUL1AVd,70,0-1,Black,<=5s vs 5-10s,1298
A2z4wQ1R,62,1-0,Black,<=5s vs <=5s,2325
NtkFda8N,64,0-1,Black,<=5s vs 15-20s,2399
9A3IgjPH,73,1-0,White,<=5s vs 5-10s,1391
R0kanazr,77,1-0,White,<=5s vs 10-15s,1796
c0zPVuSr,47,1-0,White,<=5s vs 15-20s,1119
YFPbYU5R,70,0-1,Black,<=5s vs 15-20s,1279
c3msPVXl,59,0-1,White,<=5s vs <=5s,1339
MbFAhXzl,153,1/2-1/2,White,<=5s vs 10-15s,2433
1BF1oBVm,61,1-0,White,<=5s vs 5-10s,1862
8TgAyhn5,66,0-1,Black,<=5s vs 10-15s,1175
x4MeJsol,81,0-1,White,<=5s vs <=5s,1823
QgVnaX1R,51,1-0,White,<=5s vs 15-20s,1316
Qvu0HTFg,28,0-1,Black,<=5s vs 15-20s,798
Yd5HcknL,132,1/2-1/2,Black,<=5s vs <=5s,2597
CojVov9b,72,0-1,Black,<=5s vs 5-10s,2421
fSPKSV0L,65,1-0,White,<=5s vs 5-10s,1951
5fkBZxVA,131,0-1,White,<=5s vs 10-15s,2292
J3NTIArZ,97,1-0,White,<=5s vs 5-10s,2739
6XgjyYAz,53,0-1,White,<=5s vs 10-15s,1074
b6kK5zkA,54,0-1,Black,<=5s vs 15-20s,914
MumSdiKb,58,0-1,Black,<=5s vs 10-15s,2189
WagWnS6L,49,1-0,White,<=5s vs 15-20s,872
wgWFFUTv,60,1-0,Black,<=5s vs 5-10s,1609
ahz6t9ZV,95,1-0,White,<=5s vs 5-10s,2093
4N5YvPVp,45,1-0,White,<=5s vs 15-20s,1500
QG0vnNYb,81,1-0,White,<=5s vs <=5s,2037
MGqhvQIM,39,0-1,White,<=5s vs <=5s,1039
BlThWHeD,84,1-0,Black,<=5s vs <=5s,1510
0QV3cZ3L,63,1-0,White,<=5s vs 5-10s,1639
zbMJxqBd,80,0-1,Black,<=5s vs 10-15s,2568
IDMmoXem,62,0-1,Black,<=5s vs <=5s,1357
M92sMIkl,98,1/2-1/2,Black,<=5s vs 5-10s,2034
NgggM8mg,67,1-0,White,<=5s vs 15-20s,2079
9LnSw4pm,64,0-1,Black,<=5s vs 15-20s,1765
HoTkImbj,51,1-0,White,<=5s vs 10-15s,1648
ovqyyAoI,59,1-0,White,<=5s vs 10-15s,1235
jRUoA6HR,67,1-0,White,<=5s vs 5-10s,1372
h3vA9n3u,72,0-1,Black,<=5s vs <=5s,1374
MUb1qp2x,101,0-1,White,<=5s vs 5-10s,1873
8BjYeFH4,153,1-0,White,<=5s vs 15-20s,2548
XUPn4V5B,103,1-0,White,<=5s vs 5-10s,2382
XM2EFHLx,70,0-1,Black,<=5s vs 10-15s,1129
OIjxQGuW,63,1-0,White,<=5s vs 5-10s,1610
DQzffkiA,76,0-1,Black,<=5s vs <=5s,1668
5h4e0JQP,105,1-0,White,<=5s vs 5-10s,2652
cKiSKrXQ,61,1-0,White,<=5s vs 15-20s,1517
apE01frg,118,1/2-1/2,Black,<=5s vs 15-20s,2139
dpVxoG7H,76,0-1,Black,<=5s vs 15-20s,1634
wxyDCphl,47,1-0,White,<=5s vs 15-20s,1177
A83tXtcI,80,0-1,Black,<=5s vs 5-10s,2123
57XlqhMp,102,0-1,Black,<=5s vs 5-10s,952
WI5iQymc,72,0-1,Black,<=5s vs 10-15s,1859
wzK0P7pI,135,1/2-1/2,White,<=5s vs 15-20s,2114
Ghaqklv6,70,0-1,Black,<=5s vs 5-10s,2204
wG7PV2A3,99,1/2-1/2,White,<=5s vs 15-20s,2523
ULQrjywV,112,1-0,Black,<=5s vs 5-10s,2502
tonLWgDX,62,0-1,Black,<=5s vs 10-15s,1494
mvYNe66y,49,1-0,White,<=5s vs 10-15s,924
pWoM1OlX,53,1-0,White,<=5s vs 15-20s,1273
5PmI2s8n,118,0-1,Black,<=5s vs 5-10s,2829
7OiiJW0L,47,1-0,White,<=5s vs 10-15s,1086
Eax7tEBZ,113,1/2-1/2,White,<=5s vs 10-15s,2630
y2zoWjP9,114,0-1,Black,<=5s vs 10-15s,2371
P57R4lOU,109,1/2-1/2,White,<=5s vs 15-20s,2703
sH419RVk,56,1-0,Black,<=5s vs 10-15s,1347
1j4SEAhE,121,1-0,White,<=5s vs 10-15s,2301
4dn6bTSw,80,0-1,Black,<=5s vs 10-15s,2351
942wgDRD,53,1-0,White,<=5s vs 15-20s,1388
dsU64E9t,120,1-0,Black,<=5s vs <=5s,2545
Tq0scnWk,45,1-0,White,<=5s vs 15-20s,973
e9cnthwd,92,0-1,Black,<=5s vs 15-20s,1602
j2UlNEuY,53,1-0,White,<=5s vs 5-10s,1285
CBqvziXt,71,0-1,White,<=5s vs 5-10s,2463
69Gal5Kw,62,0-1,Black,<=5s vs 5-10s,1183
sWOLF2pw,73,1-0,White,<=5s vs 5-10s,1940
iCrDPafX,132,0-1,Black,<=5s vs <=5s,2095
NMMBhGCP,34,0-1,Black,<=5s vs 15-20s,1193
GBccRuBa,60,1-0,Black,<=5s vs 10-15s,2156
LNPxuIAK,68,0-1,Black,<=5s vs 15-20s,2303
eBg7ramm,80,0-1,Black,<=5s vs <=5s,1615
1RRxqq2i,83,1-0,White,<=5s vs 5-10s,2250
2VhARiJd,114,0-1,Black,<=5s vs 5-10s,3083
ceGlOfcc,82,0-1,Black,<=5s vs <=5s,1388
6dMCrK0w,136,0-1,Black,<=5s vs 15-20s,1570
UyuGJq08,80,1-0,Black,<=5s vs <=5s,2321
0SXPkaTd,82,0-1,Black,<=5s vs 5-10s,2489
iNu0meuA,64,0-1,Black,<=5s vs 10-15s,1916
Rh2moOrs,41,0-1,White,<=5s vs <=5s,1108
DkRu4Koo,69,1-0,White,<=5s vs 15-20s,1555
qRzJdwKK,63,1-0,White,<=5s vs 15-20s,1957
KkWE2nZL,48,0-1,Black,<=5s vs 10-15s,1078
OXE1KylF,90,1-0,Black,<=5s vs <=5s,2464
BbO43BGa,68,0-1,Black,<=5s vs 5-10s,1421
nZLFxRgy,108,0-1,Black,<=5s vs 5-10s,1595
WtjIjPOP,58,0-1,Black,<=5s vs 10-15s,1636
yGo3PrZB,81,0-1,White,<=5s vs <=5s,1256
J5ieJV8x,90,0-1,Black,<=5s vs 5-10s,2350
nYecoqVK,42,0-1,Black,<=5s vs 15-20s,918
T0CZamhe,110,1/2-1/2,Black,<=5s vs 15-20s,2380
MuPLGA6i,127,1-0,White,<=5s vs 5-10s,2207
m2LAVIxv,54,0-1,Black,<=5s vs 15-20s,1972
89PSSY80,76,0-1,Black,<=5s vs 10-15s,2190
cWAS8qVm,83,1-0,White,<=5s vs 10-15s,2256
UhA4W1ui,108,0-1,Black,<=5s vs 5-10s,2781
u8IL7oVg,78,1-0,Black,<=5s vs 10-15s,1472
8Iq4AKHm,51,1-0,White,<=5s vs 10-15s,1145
WEJXgmSM,104,0-1,Black,<=5s vs 5-10s,2119
nuRGz9Np,50,0-1,Black,<=5s vs 5-10s,1369
2c68DaB1,117,1-0,White,<=5s vs 10-15s,2241
5g613823,59,1-0,White,<=5s vs 15-20s,1474
1CMaww3r,52,0-1,Black,<=5s vs 5-10s,1357
WW7AokD0,48,0-1,Black,<=5s vs 15-20s,2027
FBtp1hnF,83,1-0,White,<=5s vs 15-20s,2394
NZwPsgkA,29,1-0,White,<=5s vs 15-20s,1338
WQu01Sl0,58,0-1,Black,<=5s vs 10-15s,1598
P8C3ckoF,68,0-1,Black,<=5s vs 5-10s,2174
dkRXQRT1,76,0-1,Black,<=5s vs 15-20s,1618
LGknG7gS,45,0-1,White,<=5s vs <=5s,1117
kzEjkYme,127,0-1,White,<=5s vs <=5s,2137
XRSkUwjK,66,0-1,Black,<=5s vs 10-15s,2429
36iXLrPT,70,0-1,Black,<=5s vs 5-10s,933
QdSqR8uC,75,1-0,White,<=5s vs 10-15s,1917
pF0xU4So,60,0-1,Black,<=5s vs 15-20s,1895
EpaFIq1J,52,0-1,Black,<=5s vs 5-10s,1951
561Ylipt,53,1-0,White,<=5s vs 15-20s,1986
b8ea9CMu,85,1-0,White,<=5s vs 5-10s,1831
agDlCzWn,51,1-0,White,<=5s vs 15-20s,1413
4R9PMps0,111,1-0,White,<=5s vs 15-20s,2500
vgkg5PdN,97,1-0,White,<=5s vs 15-20s,2366
Ohtpi3QW,48,0-1,Black,<=5s vs 5-10s,943
QxwJAmcQ,75,1-0,White,<=5s vs 5-10s,2221
p8A9Tz7D,79,0-1,White,<=5s vs 15-20s,1873
kd9jEE9x,55,1-0,White,<=5s vs 15-20s,1606
CHTMTXQt,76,0-1,Black,<=5s vs 15-20s,1580
AKjEQOGe,67,1-0,White,<=5s vs 10-15s,1519
FFu3kRIT,56,0-1,Black,<=5s vs <=5s,1786
G4xyc30Q,61,1-0,White,<=5s vs 15-20s,1831
FKKnrUp9,48,0-1,Black,<=5s vs 5-10s,1986
A739Oa1v,122,1/2-1/2,Black,<=5s vs 15-20s,2278
QDXXHfM2,93,1-0,White,<=5s vs 15-20s,2059
PXHZgKf7,54,0-1,Black,<=5s vs 5-10s,1120
pR68SpM8,79,1-0,White,<=5s vs 15-20s,1374
mGOD8igx,80,1-0,Black,<=5s vs 5-10s,1872
BK6y7XbB,72,0-1,Black,<=5s vs 15-20s,1463
7RtnvCog,68,0-1,Black,<=5s vs 5-10s,1207
WXhcH1io,58,0-1,Black,<=5s vs 10-15s,1549
MlBYpTon,56,1-0,Black,<=5s vs 15-20s,2216
TY3Oc9nl,86,0-1,Black,<=5s vs 5-10s,2183
qzP0M40D,39,1-0,White,<=5s vs 15-20s,865
3sJO1tic,104,0-1,Black,<=5s vs 5-10s,2629
UBzy2JOl,60,0-1,Black,<=5s vs 15-20s,2388
btTgiYax,108,0-1,Black,<=5s vs 5-10s,2043
TYPnQRwB,38,1-0,Black,<=5s vs 10-15s,1014
V1XiirE5,55,0-1,White,<=5s vs 10-15s,1772
xndQIAoq,69,0-1,White,<=5s vs 10-15s,1404
RN8H69ef,106,1-0,Black,<=5s vs 15-20s,2008
NIKRzb0o,58,0-1,Black,<=5s vs 15-20s,1562
HjNCOy4C,58,1-0,Black,<=5s vs 15-20s,1818
h2GOzLiB,60,0-1,Black,<=5s vs <=5s,1193
e0BxmqFG,44,0-1,Black,<=5s vs <=5s,1116
3Rb7kndY,94,0-1,Black,<=5s vs 10-15s,2002
4L4dXJ5u,54,0-1,Black,<=5s vs 5-10s,2027
PwrLe10l,45,1-0,White,<=5s vs 10-15s,1739
Hwk723Io,63,1-0,White,<=5s vs 10-15s,1677
mGdWO4Vq,71,1-0,White,<=5s vs 15-20s,1919
3PEPeGav,100,0-1,Black,<=5s vs 5-10s,2590
KDyGZjCR,70,0-1,Black,<=5s vs 5-10s,2011
E2du2ZeB,72,0-1,Black,<=5s vs 10-15s,1769
ixZpTslL,60,1-0,Black,<=5s vs 10-15s,1714
u118OFg9,70,0-1,Black,<=5s vs 5-10s,1105
ViLlSpVv,71,1-0,White,<=5s vs 15-20s,1767
4HpskUiq,58,0-1,Black,<=5s vs 10-15s,1540
T1vPUBCq,69,1-0,White,<=5s vs 10-15s,2084
6KhKQ8oA,109,1/2-1/2,White,<=5s vs 15-20s,1880
M7Vmxu4H,108,0-1,Black,<=5s vs 10-15s,2282
6Y4qBCrQ,81,1-0,White,<=5s vs 5-10s,2899
HkeH0p5h,180,1-0,Black,<=5s vs <=5s,1952
X2TbLedP,76,0-1,Black,<=5s vs <=5s,1616
LOAdUcOt,81,1-0,White,<=5s vs <=5s,1592
hJq7Tc6D,81,0-1,White,<=5s vs 5-10s,2339
TaPwX8gk,39,1-0,White,<=5s vs 15-20s,1146
QbSPGYzB,80,0-1,Black,<=5s vs 5-10s,2389
I85cX1O4,59,1-0,White,<=5s vs 15-20s,2030
ojZF11sy,75,1-0,White,<=5s vs 5-10s,1970
Ix2BT1VM,61,1-0,White,<=5s vs 10-15s,1220
O72FbTQP,76,1-0,Black,<=5s vs <=5s,1454
VhOm9IIf,68,0-1,Black,<=5s vs 10-15s,1411
XtlHpxkP,77,1-0,White,<=5s vs <=5s,1812
DFMinjvX,101,1-0,White,<=5s vs 5-10s,2300
BOD2E3zz,78,1-0,Black,<=5s vs 10-15s,1732
RKUyRk7C,59,1-0,White,<=5s vs 5-10s,1654
wiSgdpxl,55,1-0,White,<=5s vs 15-20s,1899
8ulTd6xe,61,0-1,White,<=5s vs 10-15s,1432
23Lc9QTf,91,1-0,White,<=5s vs 5-10s,2066
60wTAm60,67,1-0,White,<=5s vs 15-20s,1273
ijZtIeDy,59,1-0,White,<=5s vs 10-15s,1094
tvA1ftzc,87,0-1,White,<=5s vs 5-10s,2204
rmotUUym,126,1/2-1/2,Black,<=5s vs 5-10s,2957
ECcmCRoa,81,1-0,White,<=5s vs 5-10s,2514
s2M172bZ,105,1-0,White,<=5s vs <=5s,2410
tm4NgcL8,104,1-0,Black,<=5s vs 5-10s,2086
EvbcR6JH,50,0-1,Black,<=5s vs 10-15s,1164
I56w5S1n,83,0-1,White,<=5s vs 10-15s,2329
tfPbUWiS,72,1-0,Black,<=5s vs <=5s,1636
uPYbSjGN,151,1-0,White,<=5s vs 10-15s,2541
lBtHPHnQ,116,0-1,Black,<=5s vs 15-20s,2117
bFGlupCT,71,1-0,White,<=5s vs 5-10s,1971
CqISH0Yx,72,0-1,Black,<=5s vs 10-15s,1936
PDDFUGMN,74,0-1,Black,<=5s vs 10-15s,1987
XPjH1h6B,113,0-1,White,<=5s vs 5-10s,2593
Jyit9tXB,54,0-1,Black,<=5s vs 5-10s,1534
zqrtdgob,40,0-1,Black,<=5s vs 5-10s,778
le6sdzYG,65,1-0,White,<=5s vs 5-10s,1905
JGc58jU6,50,0-1,Black,<=5s vs 15-20s,1324
WRqv7umk,79,1-0,White,<=5s vs 5-10s,2436
1xhmvJil,100,1-0,Black,<=5s vs 10-15s,1696
SOm2r5gQ,64,0-1,Black,<=5s vs 5-10s,1729
57lrWuXe,61,1-0,White,<=5s vs 5-10s,1411
LCuMSXPI,129,1/2-1/2,White,<=5s vs 5-10s,2358
XK6TXlRl,78,1-0,Black,<=5s vs <=5s,1691
59CV1rHZ,57,1-0,White,<=5s vs 15-20s,1655
1t0bmYgR,58,0-1,Black,<=5s vs 10-15s,1312
nwK1s9vv,52,0-1,Black,<=5s vs 15-20s,2018
1C9qXh1z,71,1-0,White,<=5s vs 5-10s,2480
FTQ14qy2,68,0-1,Black,<=5s vs 15-20s,1934
i8Pyy5qC,33,1-0,White,<=5s vs 5-10s,896
zwLQzLRi,67,1-0,White,<=5s vs 15-20s,1448
ClnLMg11,87,1-0,White,<=5s vs 5-10s,2226
zgNc6t22,73,1-0,White,<=5s vs 5-10s,2183
22J6fvG9,144,1/2-1/2,Black,<=5s vs 5-10s,2486
ixiZTWMt,88,0-1,Black,<=5s vs 10-15s,1430
EWeRt8K9,73,0-1,White,<=5s vs <=5s,1674
bZaAXRMR,47,0-1,White,<=5s vs 5-10s,1282
YXGFP5dd,67,1-0,White,<=5s vs 10-15s,2586
FRNHWpvA,49,1-0,White,<=5s vs 10-15s,1122
Ip0i6T6G,58,0-1,Black,<=5s vs <=5s,1877
9tRjOagj,93,0-1,White,<=5s vs <=5s,1616
wAeYHKnn,56,0-1,Black,<=5s vs 5-10s,2406
So8wIsIO,72,0-1,Black,<=5s vs 5-10s,1314
sVJrcc4A,82,0-1,Black,<=5s vs 15-20s,1798
K3kR8gWL,59,1-0,White,<=5s vs 10-15s,1737
NTHyqHjI,92,0-1,Black,<=5s vs 5-10s,904
cGXsj38G,68,0-1,Black,<=5s vs 15-20s,1422
H11k8rbW,82,1-0,Black,<=5s vs <=5s,2092
N0dvYYri,86,0-1,Black,<=5s vs 10-15s,1568
u1xiYTBM,67,1-0,White,<=5s vs 15-20s,1671
9YoToqf0,69,1-0,White,<=5s vs 10-15s,1744
69EWGSTm,62,0-1,Black,<=5s vs 5-10s,1380
86pI7RYD,58,0-1,Black,<=5s vs 15-20s,1479
EtKGYmCw,100,0-1,Black,<=5s vs 5-10s,2471
SpADICJ3,90,0-1,Black,<=5s vs 5-10s,2679
s1Ogm9yZ,58,1-0,Black,<=5s vs <=5s,1094
n4oC2VIn,51,1-0,White,<=5s vs 15-20s,1617
wsozjteC,77,1-0,White,<=5s vs 10-15s,2576
bG6DMdap,55,1-0,White,<=5s vs 15-20s,1415
itf353tF,55,1-0,White,<=5s vs 10-15s,2058
yUAipVGE,56,0-1,Black,<=5s vs 10-15s,1263
N0ecl4pQ,63,1-0,White,<=5s vs 5-10s,1368
KH1oN72n,69,1-0,White,<=5s vs 10-15s,2131
9FQmUSu1,90,1-0,Black,<=5s vs <=5s,2492
rdQdkMUq,77,1-0,White,<=5s vs 15-20s,2550
07XJm4x3,109,0-1,White,<=5s vs 5-10s,2532
yYRiCmys,57,1-0,White,<=5s vs 10-15s,1171
T6LuUUHI,114,1/2-1/2,Black,<=5s vs 5-10s,3003
4LnKovVA,58,0-1,Black,<=5s vs 5-10s,1241
8P7hn4V7,69,1-0,White,<=5s vs 15-20s,2268
l3SRsxeu,68,0-1,Black,<=5s vs 5-10s,1218
8YWgQBCs,120,1-0,Black,<=5s vs <=5s,2399
tZNMLBHw,109,1-0,White,<=5s vs 15-20s,2467
8acKMQIP,60,0-1,Black,<=5s vs 5-10s,2221
2NBcRcb9,134,0-1,Black,<=5s vs 10-15s,2151
u4RmFRNT,97,1-0,White,<=5s vs 5-10s,2162
JBm1qOYc,69,1-0,White,<=5s vs 10-15s,1685
8BHahbS9,70,0-1,Black,<=5s vs 10-15s,909
Ksi1JlDw,92,0-1,Black,<=5s vs 5-10s,1840
OXhNiu8T,42,0-1,Black,<=5s vs 10-15s,909
oFsYGzWV,76,1-0,Black,<=5s vs 5-10s,1767
FJFsZtjN,74,1-0,Black,<=5s vs 15-20s,1798
9VT1HJrG,69,1-0,White,<=5s vs 10-15s,1906
OTwyO3Xv,72,1-0,Black,<=5s vs 5-10s,2289
bbEjMPNs,70,0-1,Black,<=5s vs 10-15s,1936
sJ13FJXw,68,0-1,Black,<=5s vs 5-10s,1594
Ptc6ydKi,100,0-1,Black,<=5s vs 5-10s,2404
msjon6vy,79,1-0,White,<=5s vs 15-20s,1414
LbgYsDBR,76,1-0,Black,<=5s vs 10-15s,1505
1LhikzSD,61,1-0,White,<=5s vs <=5s,1791
ZeNJBABC,93,1-0,White,<=5s vs <=5s,2470
xlJYdTwY,126,0-1,Black,<=5s vs 15-20s,1790
Cc4NqLH6,66,0-1,Black,<=5s vs 15-20s,2584
Nrx2xT72,58,0-1,Black,<=5s vs 5-10s,1569
kaEWYeCY,109,0-1,White,<=5s vs 5-10s,2647
95DQVC9Y,48,0-1,Black,<=5s vs 15-20s,1039
LdDxHAYW,71,1-0,White,<=5s vs 5-10s,1497
0NZ0u5Kq,75,1-0,White,<=5s vs 15-20s,1418
XM2duv6b,124,0-1,Black,<=5s vs 15-20s,2403
KgRLbt6d,57,1-0,White,<=5s vs <=5s,997
Nhw1Zvou,75,1-0,White,<=5s vs 5-10s,2499
XoMcshun,82,0-1,Black,<=5s vs 5-10s,1821
ob34qypf,85,1-0,White,<=5s vs 10-15s,1260
XJowWAPc,91,1-0,White,<=5s vs 5-10s,2222
1eRftD2o,62,0-1,Black,<=5s vs 10-15s,2284
Eljf18Pg,81,1/2-1/2,White,<=5s vs 5-10s,1764
zCcqlUmy,75,1-0,White,<=5s vs 15-20s,1749
EUfaD6pC,164,1/2-1/2,Black,<=5s vs 15-20s,2618
kdZ2OA3S,100,1-0,Black,<=5s vs <=5s,2451
PlOGyaoy,59,1-0,White,<=5s vs 15-20s,1937
5FsUE9Kq,85,1/2-1/2,White,<=5s vs 5-10s,1950
uWIkuA8A,56,0-1,Black,<=5s vs 15-20s,1346
eW40Zrmy,81,1-0,White,<=5s vs 15-20s,2329
v2sQQFtm,117,1-0,White,<=5s vs 15-20s,2339
z9gfflpo,53,1-0,White,<=5s vs 5-10s,1280
EAljr7Ew,119,0-1,White,<=5s vs <=5s,2800
AOyUSS96,67,1-0,White,<=5s vs 15-20s,2488
y5T5Ua6q,82,0-1,Black,<=5s vs 5-10s,2103
YcW4Ggur,75,1-0,White,<=5s vs 15-20s,2222
Arer0Ukb,72,0-1,Black,<=5s vs 15-20s,2369
9ikVxWxZ,54,1-0,Black,<=5s vs <=5s,1362
2dYQf3pn,52,0-1,Black,<=5s vs 10-15s,1742
cxvbJcYy,55,1-0,White,<=5s vs 15-20s,2038
3gJPyIth,133,1-0,White,<=5s vs 5-10s,2541
XgscB8b5,77,1-0,White,<=5s vs 5-10s,1332
4bm3bozM,120,0-1,Black,<=5s vs 5-10s,2359
AjbImA33,64,0-1,Black,<=5s vs 5-10s,1621
ubYRrtkf,57,1-0,White,<=5s vs 10-15s,1401
0ft1YLEx,59,1-0,White,<=5s vs 5-10s,1114
KMdBFP11,60,1-0,Black,<=5s vs 5-10s,1904
FuRCdVZ7,81,1-0,White,<=5s vs 5-10s,1857
uzdgoKzY,115,1-0,White,<=5s vs 15-20s,1832
xCcDF1oh,100,1/2-1/2,Black,<=5s vs 5-10s,2469
nq00r7Qp,55,1-0,White,<=5s vs <=5s,2090
4fPKZRnX,64,0-1,Black,<=5s vs 5-10s,1607
gewdzL57,66,0-1,Black,<=5s vs 10-15s,2359
TeeVvjUE,100,0-1,Black,<=5s vs 15-20s,2125
ScKzAtGv,73,1-0,White,<=5s vs 15-20s,2091
W096GWUM,84,0-1,Black,<=5s vs 5-10s,2048
0uu6LIVr,96,0-1,Black,<=5s vs 15-20s,2274
9KzyYiyM,104,0-1,Black,<=5s vs <=5s,1823
wAYR79xe,97,1-0,White,<=5s vs <=5s,2245
bIRF2ShH,80,0-1,Black,<=5s vs <=5s,2153
TBfQi2AF,47,1-0,White,<=5s vs 15-20s,1459
ZapyVBUc,103,1-0,White,<=5s vs 15-20s,2233
whkEuBeK,91,1-0,White,<=5s vs 15-20s,2192
gNgwvavr,75,1-0,White,<=5s vs 15-20s,2553
RWKeemCq,88,0-1,Black,<=5s vs <=5s,1033
5fjtzjcA,74,0-1,Black,<=5s vs 15-20s,2330
YGKsuTxH,50,0-1,Black,<=5s vs 5-10s,1870
Q38y87eV,106,0-1,Black,<=5s vs 5-10s,2167
yEFQapQ6,73,1-0,White,<=5s vs 5-10s,1770
Y7PXL4db,93,0-1,White,<=5s vs 15-20s,2105
UEa8DIcP,48,0-1,Black,<=5s vs 10-15s,1061
Uue660n0,72,0-1,Black,<=5s vs 15-20s,2109
O0KHqglI,43,1-0,White,<=5s vs 15-20s,1122
Vrxi8cYE,105,1-0,White,<=5s vs 15-20s,2191
Drh9H4kH,117,1-0,White,<=5s vs 10-15s,1023
Gco51G6j,114,0-1,Black,<=5s vs 5-10s,2186
wYXgWyiA,114,1/2-1/2,Black,<=5s vs 5-10s,2385
UeTy2ssd,71,1-0,White,<=5s vs 15-20s,1873
biyujCX3,54,0-1,Black,<=5s vs 5-10s,2267
9OpJMQsM,42,0-1,Black,<=5s vs 5-10s,669
NY5Ame1t,82,0-1,Black,<=5s vs <=5s,2498
jwBsUfa0,108,0-1,Black,<=5s vs 15-20s,1737
Fgaeiq9u,129,1-0,White,<=5s vs 15-20s,2332
DSILxS7a,141,0-1,White,<=5s vs 5-10s,2585
FrpcNbcR,35,1-0,White,<=5s vs 15-20s,1481
4cZ8JYoW,74,0-1,Black,<=5s vs <=5s,1941
NE6Or8UB,78,1-0,Black,<=5s vs <=5s,2501
4tvSESxY,83,1-0,White,<=5s vs 10-15s,1897
ObaB1NMo,66,0-1,Black,<=5s vs 10-15s,1902
zYjb4CKO,81,1-0,White,<=5s vs 5-10s,2445
2kghqRPH,58,0-1,Black,<=5s vs 15-20s,1680
TK2ZCL4Q,83,1-0,White,<=5s vs 5-10s,2880
AbnIDuBr,56,0-1,Black,<=5s vs 15-20s,1506
IDdw9BOg,86,0-1,Black,<=5s vs <=5s,1375
DqNqQpRg,97,1-0,White,<=5s vs 15-20s,2257
xrBz2hHE,94,0-1,Black,<=5s vs 15-20s,2809
qsoYGpAe,59,1/2-1/2,White,<=5s vs 10-15s,1319
oDeYxdzh,47,1-0,White,<=5s vs 15-20s,1023
nSZrAWUy,41,1-0,White,<=5s vs 15-20s,1895
dkepSuMS,73,1-0,White,<=5s vs 15-20s,1880
Qpww3Hbq,98,1-0,Black,<=5s vs <=5s,2567
WFaOVYzO,71,1-0,White,<=5s vs 15-20s,2089
9Am3tlAR,81,1-0,White,<=5s vs 5-10s,1994
eO8aKHze,82,0-1,Black,<=5s vs 15-20s,2075
FvTt35lN,59,1-0,White,<=5s vs 10-15s,2109
W59yyCzN,105,0-1,White,<=5s vs <=5s,1537
FYWdFqW6,74,1-0,Black,<=5s vs 5-10s,1776
96j4vIl0,53,1-0,White,<=5s vs 15-20s,814
3Al63YYL,84,0-1,Black,<=5s vs 10-15s,2468
28kZ41py,77,1-0,White,<=5s vs 5-10s,2499
1VthtEtQ,58,1-0,Black,<=5s vs <=5s,1097
uQ9mGUN4,53,1-0,White,<=5s vs 10-15s,1498
GCaR4qpe,49,1-0,White,<=5s vs 15-20s,1870
d6BfAtK2,83,1-0,White,<=5s vs 10-15s,1805
YKnW0uJy,79,1-0,White,<=5s vs 10-15s,1946
XJJMBpPf,95,1-0,White,<=5s vs 10-15s,1409
dxoYlWsx,47,0-1,White,<=5s vs 5-10s,1137
Ccbztw78,58,0-1,Black,<=5s vs 10-15s,1568
DJI6YJ2b,75,1-0,White,<=5s vs 5-10s,1523
h0pk3Qo2,57,1-0,White,<=5s vs 10-15s,2102
tzVqKTfC,107,1/2-1/2,White,<=5s vs 15-20s,1226
fvQ4fgyU,91,1-0,White,<=5s vs 10-15s,2220
3OuhjqFA,67,1-0,White,<=5s vs 10-15s,1608
dP8bFt0i,70,0-1,Black,<=5s vs 5-10s,2419
KPGUjyQk,64,0-1,Black,<=5s vs 15-20s,1913
abXjXsoR,77,1-0,White,<=5s vs 15-20s,1797
MoH1411c,99,1/2-1/2,White,<=5s vs <=5s,2595
6tNbd0rI,51,1-0,White,<=5s vs 15-20s,1435
5R7MX1N0,58,0-1,Black,<=5s vs 5-10s,2484
JsxWx629,108,0-1,Black,<=5s vs <=5s,1888
KAyfUiWf,71,1-0,White,<=5s vs 15-20s,1716
KfMXL9fS,75,1-0,White,<=5s vs 5-10s,1992
1SvKaiha,99,1-0,White,<=5s vs 5-10s,2806
ZMifnlIA,102,0-1,Black,<=5s vs 10-15s,2699
6zDHJgek,99,1-0,White,<=5s vs 5-10s,1909
QrBKya4U,72,0-1,Black,<=5s vs 10-15s,1949
4d5qh54K,69,0-1,White,<=5s vs 5-10s,1251
96cpefpy,61,1-0,White,<=5s vs <=5s,1449
5BxkxVNS,58,1-0,Black,<=5s vs 5-10s,1748
qzzbNd6L,63,0-1,White,<=5s vs 15-20s,1830
JoGOv9At,70,0-1,Black,<=5s vs <=5s,1562
EhTov19V,82,1-0,Black,<=5s vs <=5s,1312
Jeq9Z4vv,75,1-0,White,<=5s vs 10-15s,1961
ggkmAFfm,87,1-0,White,<=5s vs 5-10s,1428
OZoT762L,106,0-1,Black,<=5s vs 15-20s,2557
XUf2tNKq,48,0-1,Black,<=5s vs 5-10s,1202
lhIY9S8b,80,0-1,Black,<=5s vs <=5s,1666
zNwRSUO8,62,0-1,Black,<=5s vs 5-10s,1700
Aq0TuIjn,85,1-0,White,<=5s vs <=5s,1931
HKnWb5Dw,69,0-1,White,<=5s vs 5-10s,1720
5xIEtkBx,66,0-1,Black,<=5s vs 10-15s,2364
lnTQ6ARN,67,0-1,White,<=5s vs 5-10s,1347
bJw8P6gt,55,0-1,White,<=5s vs <=5s,1781
NR9XMMLX,65,1-0,White,<=5s vs 10-15s,1740
mXLMWHId,68,0-1,Black,<=5s vs 5-10s,1976
xqLvkMNs,110,0-1,Black,<=5s vs 10-15s,1962
pDOlNRBp,66,1-0,Black,<=5s vs <=5s,1503
44y9XJW8,78,0-1,Black,<=5s vs 10-15s,1869
1s0rmTuo,55,1-0,White,<=5s vs 15-20s,1588
ddkLSzgq,62,0-1,Black,<=5s vs 15-20s,2123
Tw2ckX2s,96,0-1,Black,<=5s vs 5-10s,1725
4VR244s9,56,0-1,Black,<=5s vs 10-15s,1960
Q2PgexIQ,80,0-1,Black,<=5s vs 10-15s,2063
xUDgxnE4,122,1/2-1/2,Black,<=5s vs 10-15s,2617
tzRKCb5F,81,1-0,White,<=5s vs 15-20s,2199
EDlAzYtb,63,0-1,White,<=5s vs 10-15s,2025
gcdFGq5O,59,1-0,White,<=5s vs 10-15s,1693
we171KJS,62,0-1,Black,<=5s vs <=5s,1633
jPU8BXZI,83,1-0,White,<=5s vs 15-20s,1949
9N7BoZmZ,73,0-1,White,<=5s vs <=5s,1998
3yHo3zVm,106,1/2-1/2,Black,<=5s vs 5-10s,2437
ILQzNCuf,79,1-0,White,<=5s vs 5-10s,1742
TraweIHX,139,1-0,White,<=5s vs <=5s,2167
kc5pTs7t,84,0-1,Black,<=5s vs 10-15s,1396
81VQGgHI,64,0-1,Black,<=5s vs 15-20s,1990
zIlv3ozP,60,1-0,Black,<=5s vs 5-10s,1155
gQxJ0aB1,82,0-1,Black,<=5s vs 10-15s,2312
mCQmlnvh,108,0-1,Black,<=5s vs 5-10s,1895
m2b4rNsL,47,1-0,White,<=5s vs 15-20s,1006
BJNuCLWN,116,1/2-1/2,Black,<=5s vs 5-10s,2136
iyg1Uwjh,66,0-1,Black,<=5s vs 5-10s,1014
hqmJgzxB,60,0-1,Black,<=5s vs <=5s,1199
pmuQjUEd,48,0-1,Black,<=5s vs 5-10s,1106
BMjfalTa,73,1-0,White,<=5s vs 5-10s,1852
3ezdJOsB,59,1-0,White,<=5s vs <=5s,974
HeXsY8ct,83,0-1,White,<=5s vs <=5s,2319
vecXqyPa,35,1-0,White,<=5s vs 15-20s,955
ldSyXctY,73,1-0,White,<=5s vs 15-20s,2183
OMwRDdoS,71,1-0,White,<=5s vs 5-10s,2518
Lgod1MRw,65,1-0,White,<=5s vs 15-20s,2153
f0eZtC9h,67,1-0,White,<=5s vs 10-15s,1597
s9Ap4FUB,74,0-1,Black,<=5s vs 5-10s,1376
ZIte0l3g,95,1-0,White,<=5s vs <=5s,1991
xUQbWO3X,104,0-1,Black,<=5s vs 10-15s,2284
e77UaqEE,104,0-1,Black,<=5s vs 5-10s,2217
NZCHRso0,87,1-0,White,<=5s vs 15-20s,2003
8otfjSaT,65,1-0,White,<=5s vs 10-15s,1659
KgZAF8yI,70,0-1,Black,<=5s vs <=5s,1861
Wn4kfQqT,56,0-1,Black,<=5s vs 15-20s,2227
gjmn9UTn,94,0-1,Black,<=5s vs 10-15s,2508
ontdPOK1,71,0-1,White,<=5s vs 5-10s,1466
Gi4NRGQU,108,0-1,Black,<=5s vs 5-10s,2950
VIBQpUlf,96,0-1,Black,<=5s vs 5-10s,2860
LcnfnJeX,102,0-1,Black,<=5s vs 15-20s,1543
3GuPOIOW,58,0-1,Black,<=5s vs 5-10s,1800
h1rufZ31,46,0-1,Black,<=5s vs 5-10s,1201
UCE5DDZD,69,1-0,White,<=5s vs 10-15s,2104
Tov2BtyM,91,1-0,White,<=5s vs 5-10s,2651
5c4gqtCk,63,1-0,White,<=5s vs 5-10s,1519
Fo7xLpvn,68,0-1,Black,<=5s vs 10-15s,1864
yymUozYm,67,1-0,White,<=5s vs 10-15s,1975
Tu0YSu7L,52,0-1,Black,<=5s vs 5-10s,1325
uXbB9zvn,100,0-1,Black,<=5s vs 15-20s,2503
CLIhuu2h,52,0-1,Black,<=5s vs 10-15s,1495
0dJ2hGR2,81,1-0,White,<=5s vs 10-15s,2436
1KnOXbsA,52,0-1,Black,<=5s vs 10-15s,1741
pX3b3lKS,142,1/2-1/2,Black,<=5s vs 15-20s,2362
9CFs83rH,70,0-1,Black,<=5s vs 10-15s,1531
yiRorgiw,61,1-0,White,<=5s vs 15-20s,2036
dzlLQVYf,58,0-1,Black,<=5s vs 10-15s,2099
w9jZVT8K,120,0-1,Black,<=5s vs 5-10s,2162
jMHplHbX,69,0-1,White,<=5s vs 5-10s,2490
Cw8MmNAE,77,0-1,White,<=5s vs <=5s,1916
szXJLfJs,76,0-1,Black,<=5s vs 5-10s,2091
fiA3FNcX,62,1-0,Black,<=5s vs <=5s,1754
V9M1X3La,60,0-1,Black,<=5s vs 10-15s,1225
9wA29r8J,53,1-0,White,<=5s vs 10-15s,1308
ct7efT3y,76,0-1,Black,<=5s vs 10-15s,1997
nJJsJGgU,59,1-0,White,<=5s vs 5-10s,1870
Ip37OpSb,54,0-1,Black,<=5s vs 15-20s,1777
GxYMSzfS,64,0-1,Black,<=5s vs 10-15s,1484
RGTUCPU2,82,1-0,Black,<=5s vs <=5s,2380
roZIUWr9,121,0-1,White,<=5s vs 5-10s,2385
q6k4va7B,78,1/2-1/2,Black,<=5s vs 5-10s,1683
1rFdn2E7,122,0-1,Black,<=5s vs 10-15s,2268
0rABN9dZ,65,0-1,White,<=5s vs <=5s,2128
zoud3XWM,101,1-0,White,<=5s vs 5-10s,2078
ueWpivZ7,60,0-1,Black,<=5s vs 5-10s,1083
JdFR755H,90,0-1,Black,<=5s vs 10-15s,2506
8kY0YJxt,75,1-0,White,<=5s vs 10-15s,2139
LJCXZW8n,77,0-1,White,<=5s vs 5-10s,2609
F25hyOos,40,0-1,Black,<=5s vs 15-20s,1640
8L7vDHcn,65,1-0,White,<=5s vs 15-20s,2145
F8ukyGuq,87,1-0,White,<=5s vs 5-10s,2813
2nxZHzg3,93,1-0,White,<=5s vs <=5s,1961
y0tkpGol,80,0-1,Black,<=5s vs 5-10s,2170
bn0McLsG,135,1-0,White,<=5s vs 15-20s,2737
lOXtlJzB,56,0-1,Black,<=5s vs 10-15s,1638
aeKBgxfG,85,1-0,White,<=5s vs 10-15s,2412
0FRZejOK,85,1-0,White,<=5s vs 5-10s,2344
B8GpVw8N,94,0-1,Black,<=5s vs 15-20s,2339
aws5w1PJ,54,0-1,Black,<=5s vs 10-15s,1376
SzYw8VyO,105,1/2-1/2,White,<=5s vs <=5s,1707
jWmFZkew,81,0-1,White,<=5s vs 10-15s,1932
cEkdohaF,65,1-0,White,<=5s vs 10-15s,1401
lKCiDWsp,63,1-0,White,<=5s vs 15-20s,1547
IkNa3hp7,75,1-0,White,<=5s vs 5-10s,2154
fsDvxByB,93,1-0,White,<=5s vs 10-15s,2627
AXSXIRJx,69,1-0,White,<=5s vs 5-10s,1568
26gm99IL,56,0-1,Black,<=5s vs 10-15s,1035
zGKQ3tkh,72,1-0,Black,<=5s vs 5-10s,1142
lOqMNknA,58,0-1,Black,<=5s vs 5-10s,1730
JqK3Jp1a,69,1-0,White,<=5s vs 15-20s,2330
9kF4t5OK,66,0-1,Black,<=5s vs 10-15s,2249
jRjJGYmS,104,0-1,Black,<=5s vs 10-15s,2013
cRGcL0Mg,81,1-0,White,<=5s vs 5-10s,1713
YDVNs3T1,62,1-0,Black,<=5s vs 10-15s,2030
pBp54Afb,58,0-1,Black,<=5s vs 15-20s,1471
niiUSj6b,61,1-0,White,<=5s vs 10-15s,2279
bpQpQ7xU,63,1-0,White,<=5s vs 10-15s,1754
k0iQ6MRv,70,0-1,Black,<=5s vs <=5s,2016
JhjNLoCG,47,1-0,White,<=5s vs 5-10s,686
WfOP05Oy,60,0-1,Black,<=5s vs 10-15s,1521
9gXi7gYk,143,1-0,White,<=5s vs 15-20s,2399
qUSGnkrr,122,1/2-1/2,Black,<=5s vs 15-20s,1388
ESnqah4X,95,1-0,White,<=5s vs 5-10s,2196
68pVlwrP,73,1-0,White,<=5s vs 10-15s,1333
NtR3gApK,115,1-0,White,<=5s vs 5-10s,2821
6isenKEt,53,1-0,White,<=5s vs 15-20s,2230
AlrxhoIz,53,1-0,White,<=5s vs 15-20s,1456
mWIzk6z8,86,0-1,Black,<=5s vs 15-20s,2309
UFhZ2xUp,114,0-1,Black,<=5s vs 5-10s,2405
9HN6pm7b,185,1/2-1/2,White,<=5s vs 5-10s,2167
FbJaz3TB,67,1-0,White,<=5s vs 5-10s,2083
RYraBRhV,86,0-1,Black,<=5s vs 15-20s,2743
lLha2DN9,61,1-0,White,<=5s vs 15-20s,2105
dZ2kulgZ,57,1-0,White,<=5s vs 5-10s,1588
XMEq8y0K,83,1-0,White,<=5s vs 15-20s,2761
CnZfLNou,66,0-1,Black,<=5s vs 5-10s,1377
dSue9AfC,57,1-0,White,<=5s vs 10-15s,2337
KPBZKMHU,48,0-1,Black,<=5s vs 10-15s,1412
8Z2g2DSc,80,1-0,Black,<=5s vs <=5s,2463
UYUFDr6b,51,1-0,White,<=5s vs 10-15s,1806
3fesriEC,86,0-1,Black,<=5s vs 5-10s,1952
a6K8VAJW,53,1-0,White,<=5s vs 10-15s,1635
ePlfBF3J,70,1-0,Black,<=5s vs <=5s,1206
DKAtMStf,95,1-0,White,<=5s vs 10-15s,2801
uqM7P2yH,55,1-0,White,<=5s vs <=5s,1486
8Bjhl8bl,85,1-0,White,<=5s vs 10-15s,1237
ZoIwjD7m,51,0-1,White,<=5s vs <=5s,1404
tPytXSqA,118,0-1,Black,<=5s vs <=5s,1878
LYvpENVx,119,0-1,White,<=5s vs <=5s,1351
3LOa0bZ6,49,1-0,White,<=5s vs 15-20s,1349
OmrcjN50,37,1-0,White,<=5s vs 10-15s,838
UU0aIhNV,113,1-0,White,<=5s vs 15-20s,2355
0wZDfMrk,66,0-1,Black,<=5s vs 5-10s,1433
zOw49Qsy,68,0-1,Black,<=5s vs 5-10s,1645
I4gw0y3c,101,1-0,White,<=5s vs 15-20s,2249
2ibAUkj0,103,0-1,White,<=5s vs 5-10s,2216
mS0NQFWb,52,0-1,Black,<=5s vs 5-10s,1326
6Ui8GNZo,93,1-0,White,<=5s vs 15-20s,1958
6cUGKNgD,54,0-1,Black,<=5s vs 10-15s,1127
Mi4wBvvl,45,1-0,White,<=5s vs 15-20s,1371
pO4vTfWl,96,0-1,Black,<=5s vs 10-15s,1898
nEpFlC1Z,91,1-0,White,<=5s vs 5-10s,2696
JoGjgwG9,64,0-1,Black,<=5s vs 10-15s,2549
XPRD59oV,39,1-0,White,<=5s vs 10-15s,846
FPD5uKvw,88,0-1,Black,<=5s vs 5-10s,2026
FwDsKTHT,43,0-1,White,<=5s vs 5-10s,1087
JpjgvKkP,79,0-1,White,<=5s vs 5-10s,1844
FcGbavXz,74,1-0,Black,<=5s vs <=5s,1986
KjaMWCUp,49,1-0,White,<=5s vs <=5s,1074
7M8u5KNx,68,1-0,Black,<=5s vs <=5s,1866
l9cRRNBp,57,1-0,White,<=5s vs 15-20s,1741
6JvKZdGE,66,0-1,Black,<=5s vs 15-20s,1614
bq5ruqqp,121,1/2-1/2,White,<=5s vs 5-10s,2209
IGSABdYv,77,0-1,White,<=5s vs 15-20s,2404
ooTwivgX,48,0-1,Black,<=5s vs 10-15s,1261
FaT7swW0,63,1-0,White,<=5s vs <=5s,2298
5hmCBSDK,73,1-0,White,<=5s vs 10-15s,2410
OHrrCA7C,81,1-0,White,<=5s vs 5-10s,1855
NMctgZVK,86,0-1,Black,<=5s vs 5-10s,2265
0d50elz1,58,0-1,Black,<=5s vs 15-20s,1677
MIfbN1SS,79,1-0,White,<=5s vs 15-20s,1870
Gd7iO5C1,128,0-1,Black,<=5s vs 5-10s,2470
jAleS4XG,72,0-1,Black,<=5s vs 5-10s,2035
0ND48FgU,42,0-1,Black,<=5s vs 15-20s,1552
TZ3ZvUN0,41,1-0,White,<=5s vs 5-10s,700
cwUK2qgc,54,0-1,Black,<=5s vs 5-10s,1098
KTbFqGH9,57,1-0,White,<=5s vs 5-10s,1058
SwBXtcjf,38,0-1,Black,<=5s vs 15-20s,1282
0adgotV2,105,1-0,White,<=5s vs 5-10s,2206
kvgHzxQt,47,1-0,White,<=5s vs 15-20s,1161
AagtgBO5,90,0-1,Black,<=5s vs 10-15s,1976
AK1ZGdkh,110,1-0,Black,<=5s vs <=5s,2641
uu3imfVo,58,0-1,Black,<=5s vs 5-10s,1627
y0ywrqsb,72,0-1,Black,<=5s vs 10-15s,2285
FfDERaHs,85,1-0,White,<=5s vs 5-10s,2543
jSW3VkXW,98,0-1,Black,<=5s vs 10-15s,2743
lXoLgbLK,70,0-1,Black,<=5s vs 10-15s,1550
NRCpW5bQ,55,1-0,White,<=5s vs 10-15s,1701
Gw8QjZU0,95,1-0,White,<=5s vs 5-10s,1311
OOY5oCu0,62,0-1,Black,<=5s vs 10-15s,1625
hj07reNm,107,1/2-1/2,White,<=5s vs 5-10s,2072
vnugh8Cb,69,1-0,White,<=5s vs 15-20s,1633
6XUA4SiC,40,0-1,Black,<=5s vs 5-10s,1635
0DrDBLfF,79,1/2-1/2,White,<=5s vs 5-10s,2024
g1XwwX8H,67,0-1,White,<=5s vs <=5s,1906
p2wD0HKj,106,1-0,Black,<=5s vs <=5s,2832
Y0fkcIfW,60,0-1,Black,<=5s vs 15-20s,1264
UkgDYLgx,52,0-1,Black,<=5s vs 10-15s,1290
WKfJ3fng,82,0-1,Black,<=5s vs <=5s,2355
lvn1of2H,24,0-1,Black,<=5s vs 15-20s,823
YNXtRwXh,103,1-0,White,<=5s vs 10-15s,2068
AasAbosb,95,1-0,White,<=5s vs 15-20s,2447
qpoTKYZi,91,1-0,White,<=5s vs 10-15s,1804
SOfSM9qJ,84,1-0,Black,<=5s vs <=5s,1727
hEQxhlMi,61,1-0,White,<=5s vs 15-20s,1979
S1V5nIW3,82,0-1,Black,<=5s vs 5-10s,2555
QEGFCyjb,60,0-1,Black,<=5s vs 10-15s,1894
7gfiCzMx,93,1-0,White,<=5s vs 15-20s,2311
8v4AAUVi,141,1/2-1/2,White,<=5s vs 5-10s,2228
ej80JWl8,55,0-1,White,<=5s vs 15-20s,2201
s4I8IpeT,65,1-0,White,<=5s vs 15-20s,1477
MURx9WCr,63,1-0,White,<=5s vs 10-15s,2245
jOyg5Iim,84,0-1,Black,<=5s vs 10-15s,2682
ENpI1fc3,86,0-1,Black,<=5s vs 15-20s,2292
itEm4ZBX,51,1-0,White,<=5s vs 15-20s,1249
McNhWAJs,62,0-1,Black,<=5s vs 10-15s,1949
7CJ6XV4I,92,1/2-1/2,Black,<=5s vs 5-10s,2176
aUaAgH7K,93,1-0,White,<=5s vs 5-10s,2652
TpUdG4ur,78,0-1,Black,<=5s vs 15-20s,2126
0iuzwHHS,105,1/2-1/2,White,<=5s vs 5-10s,2267
DmaxEuTS,76,1/2-1/2,Black,<=5s vs 5-10s,2118
VLCxtDsE,44,0-1,Black,<=5s vs 15-20s,1443
HlBsJOip,38,0-1,Black,<=5s vs 15-20s,1147
f9xRCzFP,81,1-0,White,<=5s vs 5-10s,1058
06GVCbYL,71,1-0,White,<=5s vs 10-15s,2286
KS4tATlL,56,0-1,Black,<=5s vs 10-15s,1094
tL78TkzY,49,0-1,White,<=5s vs 10-15s,1252
6S0AhZdC,68,0-1,Black,<=5s vs 5-10s,1542
Z16AFDDz,36,0-1,Black,<=5s vs <=5s,1388
znwnNYH6,61,1-0,White,<=5s vs 15-20s,2058
lur8eFbc,67,1-0,White,<=5s vs 15-20s,1802
8ski38xl,41,1-0,White,<=5s vs 15-20s,1095
V3AUmiap,45,1-0,White,<=5s vs 10-15s,1553
Knxk6nq5,48,1-0,Black,<=5s vs <=5s,1314
8CykkRy0,83,1-0,White,<=5s vs 5-10s,2303
2tux3Sy0,46,0-1,Black,<=5s vs 15-20s,1360
AbPX3IzM,43,1-0,White,<=5s vs 15-20s,1048
PHKzVfXe,82,0-1,Black,<=5s vs 10-15s,1484
AGsmzZY5,84,0-1,Black,<=5s vs <=5s,2273
lVRXzjS7,79,1-0,White,<=5s vs 15-20s,2018
RgxKF6lF,62,0-1,Black,<=5s vs 10-15s,2181
NeGBSKDN,123,1-0,White,<=5s vs 10-15s,1867
6uCXz4Pn,68,0-1,Black,<=5s vs 5-10s,1806
KPfTxFTk,54,1-0,Black,<=5s vs <=5s,1405
9O7CP0NA,53,1-0,White,<=5s vs 15-20s,2125
QB6JBLiH,76,0-1,Black,<=5s vs <=5s,1462
Ez1qkD8z,56,0-1,Black,<=5s vs 10-15s,1186
YcULd2U6,51,1-0,White,<=5s vs 5-10s,1384
ceOe6zVy,101,1-0,White,<=5s vs 15-20s,1858
XMRzSRvA,46,0-1,Black,<=5s vs 15-20s,973
HIXLCxan,98,0-1,Black,<=5s vs 5-10s,2358
rlCil786,72,0-1,Black,<=5s vs 5-10s,2262
PmzL4SOA,92,0-1,Black,<=5s vs <=5s,1720
BW17HdC5,74,1-0,Black,<=5s vs 5-10s,1725
6mFxlFrn,86,0-1,Black,<=5s vs 15-20s,2445
AIO1Kv84,67,1-0,White,<=5s vs 5-10s,2125
RjtdtRdf,111,0-1,White,<=5s vs 15-20s,2271
baaTdUu5,133,1-0,White,<=5s vs 10-15s,2280
DbwwyC0T,89,1-0,White,<=5s vs 15-20s,2165
OLuvP31M,79,1-0,White,<=5s vs 15-20s,1802
SMxbc9Es,54,0-1,Black,<=5s vs 5-10s,1756
DCh5ghw4,111,0-1,White,<=5s vs 5-10s,2822
w9YWxnaS,78,1-0,Black,<=5s vs 10-15s,1992
5wVCXghu,52,1-0,Black,<=5s vs 10-15s,992
EiieUns1,46,0-1,Black,<=5s vs 15-20s,1133
J1c1JmG0,84,1-0,Black,<=5s vs <=5s,2501
qEffnh7I,49,1-0,White,<=5s vs 10-15s,1762
cdo0ETtL,100,1/2-1/2,Black,<=5s vs 5-10s,2322
Wof1fHs5,49,1-0,White,<=5s vs 15-20s,1034
ovt9vQDl,59,1-0,White,<=5s vs 10-15s,1434
cf6M5IQl,73,1-0,White,<=5s vs 15-20s,1828
byhLjlBD,126,0-1,Black,<=5s vs <=5s,2321
AH8AFvOn,132,0-1,Black,<=5s vs 15-20s,2405
LA8sc216,78,0-1,Black,<=5s vs 5-10s,1662
8mGZbu8i,59,1-0,White,<=5s vs 15-20s,1545
u6eGTWcu,67,1-0,White,<=5s vs 10-15s,1397
5n3wzdTy,69,1-0,White,<=5s vs 5-10s,1779
lZSdeiuG,73,0-1,White,<=5s vs 5-10s,1541
DACvf7mE,138,1/2-1/2,Black,<=5s vs 5-10s,2386
kYkufs30,65,1-0,White,<=5s vs 10-15s,2075
z66ovFBQ,58,1-0,Black,<=5s vs 5-10s,1568
FNx5PpnB,79,1-0,White,<=5s vs 15-20s,1570
HGZhn1rB,76,0-1,Black,<=5s vs 10-15s,2435
gWyxqLKc,52,0-1,Black,<=5s vs <=5s,1087
Yyd8GhAE,66,0-1,Black,<=5s vs 5-10s,1613
TrtwmnBC,72,0-1,Black,<=5s vs 5-10s,1668
TEtHAEvZ,86,0-1,Black,<=5s vs 5-10s,2858
GcxBkxh9,54,0-1,Black,<=5s vs 15-20s,1133
xuP7tDQZ,118,0-1,Black,<=5s vs 5-10s,1892
B0IXjLzI,115,1-0,White,<=5s vs 10-15s,3107
uMdjFyKl,77,1-0,White,<=5s vs 10-15s,1612
joLRjbWd,82,0-1,Black,<=5s vs <=5s,1644
eKkqQ65D,84,0-1,Black,<=5s vs 10-15s,1654
tvh2ddcO,61,1-0,White,<=5s vs 10-15s,2392
r956r2no,69,1-0,White,<=5s vs 10-15s,1421
K68ukLjV,123,1/2-1/2,White,<=5s vs <=5s,2503
qwcWz0vy,99,1-0,White,<=5s vs 5-10s,1991
oDGva7Tw,60,0-1,Black,<=5s vs 5-10s,1717
J1ljqEWi,113,1/2-1/2,White,<=5s vs 5-10s,2185
AhUpFtSu,60,0-1,Black,<=5s vs 15-20s,1815
cHvzIQo9,73,1-0,White,<=5s vs 10-15s,2121
GUNh3o0O,73,1-0,White,<=5s vs 15-20s,1109
tLg5r3QV,45,1-0,White,<=5s vs 10-15s,1551
cbhCzO03,49,1-0,White,<=5s vs 5-10s,1097
BDCBKx4r,69,0-1,White,<=5s vs 10-15s,2562
KRJzlcCN,96,1/2-1/2,Black,<=5s vs 5-10s,2072
fOsgtro0,88,0-1,Black,<=5s vs 10-15s,2023
L7JQt4S2,121,1-0,White,<=5s vs 5-10s,1450
QrSRPZdb,73,0-1,White,<=5s vs 15-20s,1208
4LwaO6r0,77,1-0,White,<=5s vs 10-15s,2194
2P4SvBc2,54,0-1,Black,<=5s vs 5-10s,2181
JMOqNGZF,54,0-1,Black,<=5s vs 15-20s,1413
QH2Nedfx,58,0-1,Black,<=5s vs 5-10s,2331
QjMrcclg,53,1-0,White,<=5s vs 15-20s,2521
gfT76aJQ,81,1-0,White,<=5s vs 5-10s,1830
W4Dq2Jbn,104,0-1,Black,<=5s vs 5-10s,1945
pqB9TzkN,71,1-0,White,<=5s vs 5-10s,1155
33yhTG3L,59,1-0,White,<=5s vs 15-20s,2178
NLuLHKVF,87,1-0,White,<=5s vs 15-20s,1459
Ccg87gWy,64,1-0,Black,<=5s vs <=5s,1866
mM3CHrcr,156,1/2-1/2,Black,<=5s vs <=5s,2158
KUAXPoiA,88,1-0,Black,<=5s vs 5-10s,2151
4IgpOhTd,64,0-1,Black,<=5s vs 5-10s,1615
LixwLxuT,77,1-0,White,<=5s vs 10-15s,2259
CHhZSL3j,37,1-0,White,<=5s vs 15-20s,700
RDAB7kT4,50,0-1,Black,<=5s vs 15-20s,927
prKoC0Ec,94,0-1,Black,<=5s vs 15-20s,2266
X8SWbUTV,54,0-1,Black,<=5s vs 5-10s,1422
YHkARRnF,53,0-1,White,<=5s vs 15-20s,1753
KLdtp30G,97,1-0,White,<=5s vs 5-10s,2940
6syrKKGk,109,1-0,White,<=5s vs 5-10s,2459
g0ndamYP,91,0-1,White,<=5s vs 15-20s,1842
Nbj0EtHJ,84,0-1,Black,<=5s vs 5-10s,2338
WGXi8Uk1,78,0-1,Black,<=5s vs 10-15s,2148
QNMgy6zX,53,1-0,White,<=5s vs 15-20s,1345
TserU4nX,64,0-1,Black,<=5s vs 10-15s,1439
7NX8MubV,56,0-1,Black,<=5s vs 5-10s,1606
Pk55aaAF,83,1-0,White,<=5s vs 10-15s,2058
D6fheOQI,60,0-1,Black,<=5s vs 5-10s,1950
tpcTg80p,65,1-0,White,<=5s vs 15-20s,1574
vjfCUjaF,79,1-0,White,<=5s vs 15-20s,1452
1wQlBOii,50,0-1,Black,<=5s vs 10-15s,1586
CSPx4V3M,88,1/2-1/2,Black,<=5s vs 5-10s,2297
Tf00LMkB,83,1-0,White,<=5s vs 10-15s,1630
IjMbTef4,49,1-0,White,<=5s vs 5-10s,1161
a8CIOUgv,101,1-0,White,<=5s vs 15-20s,2298
Vti0RbTM,81,1-0,White,<=5s vs 10-15s,1692
85oFEZ4u,52,0-1,Black,<=5s vs 15-20s,1636
AGh3YGdU,82,0-1,Black,<=5s vs 15-20s,2615
B10giea7,50,0-1,Black,<=5s vs 5-10s,804
cIpNeNNC,87,1-0,White,<=5s vs 15-20s,1812
u7E0I4M9,66,0-1,Black,<=5s vs <=5s,1091
plIu0Ii2,84,0-1,Black,<=5s vs 10-15s,2124
6FZYV9Kf,57,1-0,White,<=5s vs <=5s,1249
Wku5tqjN,60,0-1,Black,<=5s vs 15-20s,1154
C20V0p4b,78,0-1,Black,<=5s vs 10-15s,2063
ChJX28SZ,96,1-0,Black,<=5s vs 5-10s,1974
24aVYCvK,75,1-0,White,<=5s vs 5-10s,1396
XNjabfMK,116,1-0,Black,<=5s vs 15-20s,1713
gGTl4t4m,47,1-0,White,<=5s vs 10-15s,1697
3iDpC60R,59,1-0,White,<=5s vs 10-15s,1642
vejllnZY,110,0-1,Black,<=5s vs 5-10s,2605
9KuzZ7vp,81,1-0,White,<=5s vs 15-20s,1335
RHuUXbqo,69,0-1,White,<=5s vs <=5s,2661
Ar9eggW4,51,1-0,White,<=5s vs 10-15s,2320
AeltV3p0,118,1-0,Black,<=5s vs <=5s,2188
EhhuKtQa,58,0-1,Black,<=5s vs 5-10s,1211
QxDRmgPj,110,1/2-1/2,Black,<=5s vs 5-10s,2310
aQOlH3ke,61,0-1,White,<=5s vs 5-10s,2144
1wR5QDqy,97,0-1,White,<=5s vs <=5s,2626
vx6CRxXA,123,1-0,White,<=5s vs 15-20s,2088
FMRvRyW3,89,1/2-1/2,White,<=5s vs 5-10s,2376
CKjcp27g,82,0-1,Black,<=5s vs 15-20s,2556
uM9R5z7Z,75,0-1,White,<=5s vs 5-10s,2405
7ByBQsqo,52,0-1,Black,<=5s vs 5-10s,1942
Cc0kjfK1,54,0-1,Black,<=5s vs 10-15s,1846
KJxc9P0S,69,1-0,White,<=5s vs 15-20s,2367
0BEgw3tF,65,1-0,White,<=5s vs 5-10s,2097
rZT4Gg7M,65,1-0,White,<=5s vs 5-10s,2033
4FhhEpDd,114,0-1,Black,<=5s vs 5-10s,2357
E2zvB7LM,66,1-0,Black,<=5s vs <=5s,1450
asWhPuYu,109,0-1,White,<=5s vs <=5s,2058
5VKk1JJP,50,0-1,Black,<=5s vs <=5s,1311
NNyF2urn,85,0-1,White,<=5s vs 5-10s,1584
TTMjDrdd,91,0-1,White,<=5s vs <=5s,2302
MYdNRyO1,72,0-1,Black,<=5s vs <=5s,924
lprqj3Hc,100,1-0,Black,<=5s vs 10-15s,2184
85JeDGiF,60,0-1,Black,<=5s vs 10-15s,1063
vNqJ1A3N,56,0-1,Black,<=5s vs 10-15s,1941
XumW7Vih,60,0-1,Black,<=5s vs 5-10s,1452
OQ8f3rix,57,1-0,White,<=5s vs 5-10s,887
13GMvK6s,67,1-0,White,<=5s vs 10-15s,2228
wnAmctH4,66,0-1,Black,<=5s vs <=5s,1190
KFiTltjc,63,1-0,White,<=5s vs 10-15s,1348
PErYPo3L,42,0-1,Black,<=5s vs 15-20s,1794
IOlOGcJY,65,1-0,White,<=5s vs 5-10s,1527
I4HafVSU,70,1-0,Black,<=5s vs 5-10s,1393
redZUvrH,52,0-1,Black,<=5s vs 10-15s,1311
sib3jf9I,61,1-0,White,<=5s vs 10-15s,2093
DGhf6U7I,38,0-1,Black,<=5s vs 10-15s,668
EjH1ujiL,71,1-0,White,<=5s vs 15-20s,2360
NJ0YNTmE,71,1-0,White,<=5s vs <=5s,1684
vMyuV16D,75,1-0,White,<=5s vs 10-15s,2254
7hUwK0yY,73,1-0,White,<=5s vs 10-15s,1547
EJaWvycn,72,0-1,Black,<=5s vs 5-10s,1483
mvfTAOMM,77,1-0,White,<=5s vs 5-10s,2094
rJt5B15a,79,1-0,White,<=5s vs 5-10s,1821
4FOYKVAE,126,1/2-1/2,Black,<=5s vs 15-20s,1907
MdAr8Jz2,57,1-0,White,<=5s vs 10-15s,1465
qEPADuxT,55,1-0,White,<=5s vs 15-20s,1545
jMwW4rqr,64,0-1,Black,<=5s vs 10-15s,1903
LB5p8ybD,61,1-0,White,<=5s vs 5-10s,2021
RSz1uwCS,59,1-0,White,<=5s vs 5-10s,1640
3AMw6Nhr,55,0-1,White,<=5s vs 10-15s,1938
eUpKL5eX,88,0-1,Black,<=5s vs 10-15s,2328
UhP4v4he,54,0-1,Black,<=5s vs 10-15s,1316
DCWaa7LE,67,1-0,White,<=5s vs 5-10s,2622
i9ayAZjn,70,0-1,Black,<=5s vs 5-10s,1479
e2js5i9H,56,0-1,Black,<=5s vs 15-20s,1043
tE20QnD7,81,1-0,White,<=5s vs <=5s,1466
Wu312xGr,64,0-1,Black,<=5s vs 5-10s,1119
iIqSH2dX,115,1-0,White,<=5s vs 5-10s,2294
uih5cmAC,62,0-1,Black,<=5s vs <=5s,1489
ipjqFSPR,75,1-0,White,<=5s vs 10-15s,2551
cSMF5wZv,53,1-0,White,<=5s vs 15-20s,1197
XoliRNP0,98,0-1,Black,<=5s vs 5-10s,2189
1ds9U5gL,66,1-0,Black,<=5s vs 10-15s,1877
6yFPcKe2,59,1-0,White,<=5s vs 5-10s,1158
p9fB6WME,93,1-0,White,<=5s vs 5-10s,2768
Uuqsen2v,81,1-0,White,<=5s vs 15-20s,1144
CscPxFlC,77,1-0,White,<=5s vs 10-15s,2481
AkNxvJMo,69,0-1,White,<=5s vs <=5s,1723
2lp0KhZf,63,1-0,White,<=5s vs 5-10s,1556
UzIqpWXQ,67,1-0,White,<=5s vs 10-15s,1928
P5bnHYH0,85,1-0,White,<=5s vs 5-10s,1120
4FzMBAKA,69,1-0,White,<=5s vs 15-20s,2018
3ENhnpld,88,0-1,Black,<=5s vs 5-10s,1594
2tsDlQho,56,1-0,Black,<=5s vs 5-10s,1527
9h68OGkX,78,0-1,Black,<=5s vs 5-10s,1737
2IXyUAfo,36,0-1,Black,<=5s vs <=5s,924
8B9gawqj,55,1-0,White,<=5s vs 5-10s,1702
f6WepW3i,66,0-1,Black,<=5s vs 10-15s,806
2ikwiMxN,67,1-0,White,<=5s vs 10-15s,1954
SCh2xGyx,67,1-0,White,<=5s vs 15-20s,2211
5HTRxwte,107,1-0,White,<=5s vs 5-10s,1735
rA842WUL,100,0-1,Black,<=5s vs 5-10s,2705
kGJJWE0g,99,1/2-1/2,White,<=5s vs 10-15s,2337
6OiFuceN,95,0-1,White,<=5s vs <=5s,2420
wQsthzWG,56,0-1,Black,<=5s vs 15-20s,1283
EK8YPLjk,96,0-1,Black,<=5s vs 5-10s,2112
4SQoVDnd,56,0-1,Black,<=5s vs <=5s,1591
s4xlFZak,90,0-1,Black,<=5s vs 15-20s,1978
z8uKaQwJ,58,0-1,Black,<=5s vs 15-20s,985
ibraOFyM,66,0-1,Black,<=5s vs 5-10s,2001
VSjSGk9K,77,0-1,White,<=5s vs 10-15s,1947
Wa7AHYTW,83,1-0,White,<=5s vs 15-20s,2266
g3rC7FtH,42,0-1,Black,<=5s vs 5-10s,1214
bwXKpDPK,55,1-0,White,<=5s vs 15-20s,1189
jfCfgmI6,71,1-0,White,<=5s vs 10-15s,1848
ZrD71xW2,103,1-0,White,<=5s vs 5-10s,2273
xvciZCzE,61,1-0,White,<=5s vs <=5s,1878
7vSeeGtn,75,1-0,White,<=5s vs 5-10s,2399
GxXWaSYw,70,1-0,Black,<=5s vs <=5s,1668
7XWYgNlR,122,0-1,Black,<=5s vs 15-20s,2253
30UIvy6Q,57,1-0,White,<=5s vs 15-20s,1332
m4XFa1bL,64,0-1,Black,<=5s vs 10-15s,1886
s7pKe6Xy,110,0-1,Black,<=5s vs 5-10s,1826
G4ZODVku,54,0-1,Black,<=5s vs 5-10s,1504
QWcPrwRv,72,0-1,Black,<=5s vs 15-20s,1326
3eVJGowH,69,1-0,White,<=5s vs 5-10s,2376
wdQ0P6Oy,66,0-1,Black,<=5s vs 15-20s,1986
8OwUrj2V,72,0-1,Black,<=5s vs 15-20s,2212
SLkk2EOs,76,0-1,Black,<=5s vs 5-10s,1576
34ck1h0J,85,1-0,White,<=5s vs 10-15s,1784
JFGkP9ih,100,0-1,Black,<=5s vs 15-20s,2244
LnN3NBXX,144,1/2-1/2,Black,<=5s vs <=5s,2425
OiR12Juk,78,0-1,Black,<=5s vs 10-15s,1293
EeRHvDcS,75,1-0,White,<=5s vs 5-10s,1923
inxzpu5l,55,1-0,White,<=5s vs 15-20s,1478
aaKOk6yD,54,0-1,Black,<=5s vs 10-15s,2066
agY4HFOW,112,0-1,Black,<=5s vs 15-20s,2637
HJ4LTJMD,68,1-0,Black,<=5s vs <=5s,1389
S3UWARUd,82,0-1,Black,<=5s vs 15-20s,1724
6Lb0IVQp,49,1-0,White,<=5s vs 15-20s,1687
cjigOMqs,56,0-1,Black,<=5s vs 5-10s,2004
1HwQMXi2,99,0-1,White,<=5s vs 5-10s,2481
6N6aN4Jx,62,1/2-1/2,Black,<=5s vs 10-15s,1538
nOgahSns,91,1-0,White,<=5s vs 10-15s,2788
FFZIX3zo,61,1-0,White,<=5s vs <=5s,1289
KXf3JHlQ,84,0-1,Black,<=5s vs <=5s,1946
A5B6EOkf,55,1-0,White,<=5s vs 15-20s,1390
GEDAIh87,104,0-1,Black,<=5s vs 10-15s,2251
NiJBxg0c,71,1-0,White,<=5s vs <=5s,1591
LiUeN3bd,101,1/2-1/2,White,<=5s vs 5-10s,2163
Ddyqkc5d,71,1-0,White,<=5s vs <=5s,1576
wUBFZNQS,63,1-0,White,<=5s vs 10-15s,1732
FGudOPH8,100,1-0,Black,<=5s vs 5-10s,2107
pzo7X4uy,87,1-0,White,<=5s vs 5-10s,1625
jSnEilZw,63,1-0,White,<=5s vs 5-10s,1866
SVJ0XsgN,55,1-0,White,<=5s vs 15-20s,1392
5N3xJ5kM,88,0-1,Black,<=5s vs <=5s,2301
VoWFLJMY,58,0-1,Black,<=5s vs 15-20s,1736
mYFe5U10,76,0-1,Black,<=5s vs 5-10s,1603
JtdQrjsJ,95,1-0,White,<=5s vs 10-15s,2181
N6nK8cJ1,79,1-0,White,<=5s vs 10-15s,1307
VEM8F04H,49,1-0,White,<=5s vs 15-20s,1362
fXr9S5tl,61,1-0,White,<=5s vs 5-10s,1649
LoXSSpu4,43,1-0,White,<=5s vs 10-15s,1496
5dgXDcEW,60,0-1,Black,<=5s vs <=5s,1125
gi1UXpiB,116,0-1,Black,<=5s vs 10-15s,2040
xbRO9u17,103,0-1,White,<=5s vs 10-15s,1918
H0os1O63,44,0-1,Black,<=5s vs 10-15s,1066
YN7PQIke,63,0-1,White,<=5s vs <=5s,2387
dNl5RcDu,53,1-0,White,<=5s vs 15-20s,1487
ohriQlUP,121,1/2-1/2,White,<=5s vs 5-10s,2364
wGIcEHAK,50,0-1,Black,<=5s vs 15-20s,1535
hvrjhsn7,79,1-0,White,<=5s vs 10-15s,1794
I7vscCia,70,0-1,Black,<=5s vs 10-15s,1950
lnSQM7Mr,75,0-1,White,<=5s vs 5-10s,1588
gLOlpQLV,77,0-1,White,<=5s vs <=5s,919
ItWRRmbs,72,0-1,Black,<=5s vs 10-15s,1742
Li5fQNkg,51,1-0,White,<=5s vs 5-10s,1281
cC5wiHAy,42,0-1,Black,<=5s vs 10-15s,831
be3VwuMM,79,1-0,White,<=5s vs 5-10s,2139
VhxZOXer,38,0-1,Black,<=5s vs 10-15s,684
7OvJ8w4R,126,1/2-1/2,Black,<=5s vs 15-20s,2079
vqw4gzPM,73,1-0,White,<=5s vs 10-15s,1579
n3p8uL49,92,0-1,Black,<=5s vs 15-20s,2267
um4UwIf6,108,1-0,Black,<=5s vs 5-10s,2233
sJRDX0u4,53,1-0,White,<=5s vs 15-20s,1278
pcOpVbzl,70,0-1,Black,<=5s vs <=5s,2362
Kc7OIB50,73,1-0,White,<=5s vs 10-15s,2046
niwEm2Q8,49,0-1,White,<=5s vs 5-10s,1200
njU2HzoC,81,0-1,White,<=5s vs 5-10s,2142
t4PodXF6,127,1-0,White,<=5s vs 15-20s,2451
75nDQRN9,70,0-1,Black,<=5s vs 5-10s,1981
UlK4HHA2,74,0-1,Black,<=5s vs 10-15s,2410
Div8gEK9,99,1-0,White,<=5s vs 5-10s,2232
1Reca7Rd,72,1-0,Black,<=5s vs 5-10s,1955
oljReqlt,75,0-1,White,<=5s vs 5-10s,1667
F9Q124DB,139,1/2-1/2,White,<=5s vs <=5s,2379
rrhNyBvy,79,1-0,White,<=5s vs 10-15s,1385
LTo9cFtC,55,1-0,White,<=5s vs 15-20s,1684
qNq11wCR,107,1-0,White,<=5s vs 5-10s,2528
U2Daz99B,72,0-1,Black,<=5s vs <=5s,1426
Eh3Y8l43,76,0-1,Black,<=5s vs 10-15s,1789
N3BT0Mqa,82,0-1,Black,<=5s vs <=5s,1759
HSXGzcEj,84,0-1,Black,<=5s vs 15-20s,2213
7ZUaIVU9,70,1/2-1/2,Black,<=5s vs 15-20s,2472
rF9nl7D9,60,0-1,Black,<=5s vs 10-15s,2045
QGJJtuqp,51,1-0,White,<=5s vs 15-20s,866
OhmvdfoX,42,0-1,Black,<=5s vs 10-15s,1621
0R0S2RYs,39,1-0,White,<=5s vs 15-20s,1653
cdb9PJdD,43,1-0,White,<=5s vs 10-15s,1428
cpWXrd6z,72,0-1,Black,<=5s vs 10-15s,2117
4UxhVsi8,77,1-0,White,<=5s vs 5-10s,1905
pAaT6Fs7,57,1-0,White,<=5s vs 10-15s,1325
88hPdYZP,65,1-0,White,<=5s vs 5-10s,2189
QmpxEmTR,37,1-0,White,<=5s vs 15-20s,1134
ThRSc8Wc,73,1-0,White,<=5s vs 5-10s,1444
LajPlYwZ,68,0-1,Black,<=5s vs 10-15s,1909
I5It3y0I,58,0-1,Black,<=5s vs 15-20s,1852
8SfPXJQl,64,0-1,Black,<=5s vs 15-20s,1699
6CK8QTqf,71,1-0,White,<=5s vs <=5s,1944
14oVlDpa,60,1-0,Black,<=5s vs <=5s,1562
JUCykziT,74,0-1,Black,<=5s vs 5-10s,2143
GXjGkFsB,52,0-1,Black,<=5s vs 10-15s,1373
6XJCaZNe,40,0-1,Black,<=5s vs <=5s,1042
lX32UwJw,69,1-0,White,<=5s vs 15-20s,1689
7g0ZBe62,93,1-0,White,<=5s vs 10-15s,1584
WwB5jM5e,82,0-1,Black,<=5s vs 5-10s,2398
CZKupbWD,75,1-0,White,<=5s vs 10-15s,2244
fYIr3uqJ,70,0-1,Black,<=5s vs 5-10s,2270
rc0nksJ6,60,0-1,Black,<=5s vs 15-20s,1859
WFkXsADT,72,0-1,Black,<=5s vs 15-20s,1686
di1iZdRD,80,0-1,Black,<=5s vs 5-10s,2242
2lQzJCHg,73,1-0,White,<=5s vs <=5s,1965
uYHoKoFy,69,1-0,White,<=5s vs 5-10s,2417
ISMmgt2i,67,1-0,White,<=5s vs 10-15s,2364
yGOl1aNO,64,0-1,Black,<=5s vs 5-10s,1819
s53MWc1m,44,0-1,Black,<=5s vs 10-15s,1274
wyhI6aFV,64,0-1,Black,<=5s vs <=5s,1219
Ad1FP767,77,1-0,White,<=5s vs <=5s,1692
3okUTAzj,108,0-1,Black,<=5s vs 5-10s,1965
u8Lt2CZ6,90,1-0,Black,<=5s vs <=5s,2283
Y5CVu9OG,62,0-1,Black,<=5s vs 5-10s,847
EE4qowKn,96,0-1,Black,<=5s vs <=5s,2124
GSj2mZcK,56,0-1,Black,<=5s vs 5-10s,1577
bjiracB4,88,0-1,Black,<=5s vs 5-10s,1596
qg61FUNy,62,0-1,Black,<=5s vs 5-10s,1561
4Mt0mfzP,94,0-1,Black,<=5s vs 5-10s,2503
H4iGk25U,71,1-0,White,<=5s vs 10-15s,2125
FtNgBSIi,116,0-1,Black,<=5s vs 10-15s,1717
Sj8SUga2,87,0-1,White,<=5s vs <=5s,1692
QHGVs5s2,58,0-1,Black,<=5s vs 5-10s,1988
7X5uHZqi,92,1/2-1/2,Black,<=5s vs 15-20s,1328
u4xE0BYm,106,0-1,Black,<=5s vs 5-10s,2487
d6swiiQG,119,1-0,White,<=5s vs 10-15s,1876
4k6FJUEu,85,1-0,White,<=5s vs 15-20s,2063
Gp6KUu09,131,1-0,White,<=5s vs 15-20s,1799
HviSsVJo,108,1/2-1/2,Black,<=5s vs 5-10s,2524
GaBWiwCl,90,1/2-1/2,Black,<=5s vs 5-10s,2543
p4BPibjF,59,1-0,White,<=5s vs 15-20s,1455
e2gu3iPU,182,1/2-1/2,Black,<=5s vs 10-15s,2516
taZvRE55,44,0-1,Black,<=5s vs 15-20s,2356
40n95X2F,61,1-0,White,<=5s vs 10-15s,2226
XZ9ynGVp,82,0-1,Black,<=5s vs 5-10s,1532
LRDH6eJU,87,1/2-1/2,White,<=5s vs 10-15s,2324
5QyfnWS7,92,0-1,Black,<=5s vs 5-10s,2568
dwCGDjet,103,1-0,White,<=5s vs 5-10s,1558
zWaacgd6,58,0-1,Black,<=5s vs <=5s,1236
rHZGTb14,63,1-0,White,<=5s vs 5-10s,1859
X0qwKa6U,134,0-1,Black,<=5s vs 5-10s,2563
De7LquI7,85,1-0,White,<=5s vs <=5s,1791
Myp6u5bn,64,0-1,Black,<=5s vs 5-10s,1199
MI97vSiK,83,1-0,White,<=5s vs 5-10s,1858
Pxp7LK07,76,1-0,Black,<=5s vs <=5s,2047
3WDUiCqu,102,0-1,Black,<=5s vs 5-10s,1880
diPs56QC,61,1-0,White,<=5s vs 10-15s,1817
Fv5kH4tL,63,0-1,White,<=5s vs 5-10s,2351
LbVAsq2h,91,1/2-1/2,White,<=5s vs <=5s,2862
YnNua3En,67,1-0,White,<=5s vs 15-20s,2248
vynkE4nQ,44,0-1,Black,<=5s vs 5-10s,1026
u71oZ9ml,127,1/2-1/2,White,<=5s vs 10-15s,2308
H8UiFC7G,90,0-1,Black,<=5s vs <=5s,1690
O9wYDZjr,140,1-0,Black,<=5s vs <=5s,2274
6XzO84Wh,75,1-0,White,<=5s vs 15-20s,1883
v1R0pwUO,116,0-1,Black,<=5s vs 10-15s,3218
JsEm4Xcn,78,1-0,Black,<=5s vs <=5s,2557
aWVUJ8jA,62,0-1,Black,<=5s vs 5-10s,2087
UYqKMDn3,79,1-0,White,<=5s vs 5-10s,1741
SBfeG7PU,75,1/2-1/2,White,<=5s vs 15-20s,2164
KXmNKx2E,82,0-1,Black,<=5s vs 5-10s,2312
59il8Cim,112,0-1,Black,<=5s vs <=5s,2024
YPskKE0o,71,1-0,White,<=5s vs 10-15s,2082
wpeoS5vc,39,1-0,White,<=5s vs 10-15s,1122
HxbRLvsJ,62,0-1,Black,<=5s vs 15-20s,1877
IKCtQTJe,61,1-0,White,<=5s vs 10-15s,1338
675ENXYT,99,1-0,White,<=5s vs 10-15s,2669
YEIxrRwu,52,1-0,Black,<=5s vs <=5s,1069
t8M0ABgy,97,0-1,White,<=5s vs 15-20s,1797
RbU504jJ,89,1-0,White,<=5s vs 10-15s,2320
Rv3yssT2,114,0-1,Black,<=5s vs 10-15s,1869
DROpSGCm,83,0-1,White,<=5s vs 5-10s,2121
Vk52C9S9,62,0-1,Black,<=5s vs 15-20s,2105
dTi3DXYJ,42,0-1,Black,<=5s vs 10-15s,927
wAfy8zrK,59,1-0,White,<=5s vs 15-20s,1778
zot9fCNd,94,0-1,Black,<=5s vs 5-10s,3097
CPzGLkb5,90,0-1,Black,<=5s vs 5-10s,2435
GACbjtUx,105,1/2-1/2,White,<=5s vs 10-15s,1591
VthrHmpj,90,0-1,Black,<=5s vs 5-10s,2213
JqMxD6HP,72,0-1,Black,<=5s vs 15-20s,2314
4ITEViyn,54,0-1,Black,<=5s vs 10-15s,1948
OoyGJGEq,72,0-1,Black,<=5s vs 10-15s,2441
W41CGkdw,97,1-0,White,<=5s vs 5-10s,2573
pULc5Ng6,60,0-1,Black,<=5s vs 15-20s,1593
EmZUteyS,71,1-0,White,<=5s vs 5-10s,879
prg0mmDT,57,1-0,White,<=5s vs <=5s,2441
tgWkXKLe,87,1-0,White,<=5s vs 10-15s,2552
3aO2dioG,72,0-1,Black,<=5s vs 5-10s,1921
IHARVzVA,83,1-0,White,<=5s vs 15-20s,2431
jzrZMylo,82,0-1,Black,<=5s vs <=5s,1916
Fke3X5qH,65,1-0,White,<=5s vs 10-15s,2122
L9jdTn54,50,0-1,Black,<=5s vs 10-15s,1645
aXAOhvoQ,74,0-1,Black,<=5s vs 5-10s,1541
PAmWQp7z,59,1-0,White,<=5s vs 15-20s,1675
HrfobFbe,78,1-0,Black,<=5s vs 5-10s,2086
OZZaQAk6,56,1-0,Black,<=5s vs 15-20s,1138
IodgsAOl,118,1-0,Black,<=5s vs <=5s,2897
ZRtUJwSQ,54,0-1,Black,<=5s vs 10-15s,1596
pnuBGzWO,50,0-1,Black,<=5s vs 5-10s,1444
YFxVkwI1,54,0-1,Black,<=5s vs 15-20s,2178
MK4ug6ub,60,1-0,Black,<=5s vs 5-10s,1126
1aJwaITV,68,0-1,Black,<=5s vs 15-20s,2150
JwQq8nLl,79,1-0,White,<=5s vs 5-10s,1290
OZEjSCjL,50,0-1,Black,<=5s vs <=5s,1304
Chv4iwKe,31,1-0,White,<=5s vs 10-15s,718
AKuiqGLn,76,1-0,Black,<=5s vs 5-10s,1937
QA5hyzXg,83,1-0,White,<=5s vs 15-20s,2010
aeaxyxYT,60,0-1,Black,<=5s vs 10-15s,1582
MfBBzkoU,60,1-0,Black,<=5s vs <=5s,1226
Tg8vpCRx,88,0-1,Black,<=5s vs 15-20s,918
t0UcOyF9,54,1-0,Black,<=5s vs <=5s,927
OEF6wvND,82,0-1,Black,<=5s vs 15-20s,2176
1IKEbwxd,83,1-0,White,<=5s vs 5-10s,1158
Df7OuyGR,42,1-0,Black,<=5s vs 5-10s,1072
vIWbysta,46,0-1,Black,<=5s vs 10-15s,1143
QqOsE5s3,68,0-1,Black,<=5s vs 5-10s,1618
rVU6oOdi,66,0-1,Black,<=5s vs <=5s,1734
dseAjIKG,63,1-0,White,<=5s vs 10-15s,1411
BqqryPMg,60,0-1,Black,<=5s vs 5-10s,1794
wlhB9O4d,80,0-1,Black,<=5s vs 10-15s,1388
7C139LJg,62,0-1,Black,<=5s vs 15-20s,1993
8DZGGvz1,97,1-0,White,<=5s vs 10-15s,2161
SU4B1wQx,53,1-0,White,<=5s vs 10-15s,1936
W2pdKIVg,50,0-1,Black,<=5s vs 10-15s,1348
a3QCHCA5,68,0-1,Black,<=5s vs <=5s,1733
O8R1c2pQ,56,0-1,Black,<=5s vs 5-10s,1857
RyHkIp04,125,1/2-1/2,White,<=5s vs 15-20s,1721
QzQJkeGF,69,1-0,White,<=5s vs 15-20s,1618
EhNHH9pv,52,0-1,Black,<=5s vs 10-15s,1900
m1hlIhAE,58,0-1,Black,<=5s vs 15-20s,1802
L0Vj7rZO,87,1-0,White,<=5s vs 5-10s,1780
lPf0Qdug,49,1-0,White,<=5s vs <=5s,1901
nhpREeQ6,78,0-1,Black,<=5s vs <=5s,1801
U1TSvsW7,68,1-0,Black,<=5s vs 5-10s,2254
H0tK2PD0,74,0-1,Black,<=5s vs 5-10s,2232
ua4hd8I0,83,1-0,White,<=5s vs 15-20s,2077
afBP1W9P,59,1-0,White,<=5s vs 15-20s,1577
ajzM2Jks,64,1-0,Black,<=5s vs 10-15s,1661
h90iBHZq,79,1-0,White,<=5s vs 15-20s,1433
KZd4SrEI,70,0-1,Black,<=5s vs <=5s,1896
KcWjhUbU,70,0-1,Black,<=5s vs 10-15s,1325
rVwcTEt4,52,0-1,Black,<=5s vs 10-15s,1314
GV3sBeEC,67,1/2-1/2,White,<=5s vs 10-15s,1892
Nnf8YPUA,54,0-1,Black,<=5s vs 5-10s,1508
a66F6Xcu,65,1-0,White,<=5s vs 5-10s,1898
SUokIpXU,70,0-1,Black,<=5s vs <=5s,2434
T4j21Jgh,57,1-0,White,<=5s vs 5-10s,1654
Klel2g5v,104,0-1,Black,<=5s vs 10-15s,2059
VV8FKqhj,95,0-1,White,<=5s vs 10-15s,2498
F1KeeVUJ,58,0-1,Black,<=5s vs 15-20s,1812
A6Wa4HZG,119,1-0,White,<=5s vs 5-10s,1193
oWHE23Xe,78,0-1,Black,<=5s vs <=5s,1897
7j4FS7st,71,1-0,White,<=5s vs 15-20s,2430
kabfRc6K,73,1-0,White,<=5s vs <=5s,1941
5mmHh7pf,65,1-0,White,<=5s vs 15-20s,1542
xhdc7M9f,45,1-0,White,<=5s vs 10-15s,1226
Hn44dwBB,58,0-1,Black,<=5s vs 10-15s,2013
2FB11JXI,104,0-1,Black,<=5s vs 5-10s,2675
NWHGGOrK,112,0-1,Black,<=5s vs 5-10s,1794
6VENmiE1,80,0-1,Black,<=5s vs 15-20s,2199
XkaqtqHb,69,1-0,White,<=5s vs 10-15s,2139
VmAOZl4s,63,1-0,White,<=5s vs 10-15s,1567
UjxuZYG9,84,1-0,Black,<=5s vs <=5s,2452
JAnQJzrD,76,1-0,Black,<=5s vs 10-15s,2524
FcvXFlgm,91,0-1,White,<=5s vs 5-10s,2615
Enjjso3c,65,1-0,White,<=5s vs 15-20s,1980
5aLGuvz2,79,1-0,White,<=5s vs 5-10s,2276
lxhb17JJ,87,0-1,White,<=5s vs 5-10s,2102
Uy1pnLb5,83,1-0,White,<=5s vs 15-20s,2360
KqxtV134,72,0-1,Black,<=5s vs 15-20s,1857
RE5J4hPF,117,1-0,White,<=5s vs 10-15s,1763
EKZM2NaV,52,0-1,Black,<=5s vs 15-20s,1508
WTlO0cFa,41,0-1,White,<=5s vs 5-10s,832
DXzUWHH6,86,0-1,Black,<=5s vs 5-10s,2407
3nq5VOqC,77,1-0,White,<=5s vs 5-10s,1582
Lwwxe5ZT,102,0-1,Black,<=5s vs 5-10s,2170
5lzq3lql,109,0-1,White,<=5s vs 10-15s,2419
7aSAbsH2,54,0-1,Black,<=5s vs 10-15s,1675
Aeta1JPZ,91,1-0,White,<=5s vs 10-15s,2329
xjUNAlCp,63,1-0,White,<=5s vs 10-15s,1173
920DxXSd,67,1-0,White,<=5s vs 5-10s,1886
KAd9hyYA,93,1-0,White,<=5s vs 10-15s,1154
Qk4U0owa,72,0-1,Black,<=5s vs 10-15s,2186
YRWyBiUW,64,0-1,Black,<=5s vs 5-10s,1416
bAOYS5eE,48,0-1,Black,<=5s vs 15-20s,2076
S4UMdE5a,97,1-0,White,<=5s vs 15-20s,1766
5mnLH6E1,54,0-1,Black,<=5s vs 10-15s,1614
zytJJdfN,58,0-1,Black,<=5s vs 10-15s,976
zyiOwrRy,62,0-1,Black,<=5s vs 15-20s,1464
8T9PkauA,104,0-1,Black,<=5s vs 15-20s,2059
C7w5zNUa,119,1/2-1/2,White,<=5s vs 5-10s,2719
Pk6XYve4,54,0-1,Black,<=5s vs 5-10s,1032
zgRWTUmn,102,0-1,Black,<=5s vs 15-20s,1890
3VkTePT3,90,1-0,Black,<=5s vs <=5s,1464
CXeg4VJ6,114,0-1,Black,<=5s vs <=5s,2590
aFLeM7OS,126,1-0,Black,<=5s vs <=5s,1944
7HlljVGa,69,1-0,White,<=5s vs 15-20s,2210
4VMfaeMh,69,1-0,White,<=5s vs 15-20s,1290
TKkuSi6k,46,0-1,Black,<=5s vs 5-10s,1245
KCCaLerZ,56,0-1,Black,<=5s vs 5-10s,1370
IqzWaP98,112,1/2-1/2,Black,<=5s vs <=5s,2519
5y2Si3Z6,89,1-0,White,<=5s vs 5-10s,1911
VSMv3x88,75,0-1,White,<=5s vs 5-10s,2270
yPXM12Y8,65,1-0,White,<=5s vs 15-20s,1872
4KrHPNCL,68,0-1,Black,<=5s vs 10-15s,2410
C6WTNLYe,88,0-1,Black,<=5s vs 10-15s,1941
KvvHWLCW,97,1-0,White,<=5s vs 5-10s,2631
qnqBqbhw,120,0-1,Black,<=5s vs 5-10s,2487
QrVe4CYG,87,1-0,White,<=5s vs 10-15s,1988
N5Ad3k6K,71,1-0,White,<=5s vs 15-20s,1952
ptlEC1do,66,0-1,Black,<=5s vs 10-15s,2268
ahLB9TQn,74,0-1,Black,<=5s vs 10-15s,2456
NXBfgayA,99,1/2-1/2,White,<=5s vs 5-10s,2269
XevIDhW2,61,1-0,White,<=5s vs 10-15s,1264
4XkqxHHZ,64,0-1,Black,<=5s vs 15-20s,1998
9cDPXqnY,33,1-0,White,<=5s vs 10-15s,1112
Rviiyz43,64,0-1,Black,<=5s vs 5-10s,1661
VR6BflQX,115,1-0,White,<=5s vs 10-15s,2154
HQXPlgEH,43,1-0,White,<=5s vs 10-15s,1267
sz6YXoGo,65,0-1,White,<=5s vs <=5s,1829
8xBdLGVu,48,0-1,Black,<=5s vs 10-15s,938
wr9JEp9D,143,1-0,White,<=5s vs 15-20s,1832
EYaeyBM2,92,1-0,Black,<=5s vs <=5s,2532
xlnEXhC9,69,1-0,White,<=5s vs 5-10s,2151
TPK0VEvg,54,0-1,Black,<=5s vs <=5s,991
7jvw0TDq,66,0-1,Black,<=5s vs 15-20s,2458
EqfU10aG,103,1/2-1/2,White,<=5s vs 10-15s,1886
k08hhWP6,74,0-1,Black,<=5s vs 10-15s,1267
gXulMV36,101,1-0,White,<=5s vs 15-20s,2461
msFNlzfC,54,0-1,Black,<=5s vs 10-15s,1004
Ozo43h2G,45,1-0,White,<=5s vs 10-15s,1725
y2gnizze,50,0-1,Black,<=5s vs 15-20s,1029
Rj2buLPA,95,1-0,White,<=5s vs 10-15s,1644
nisYjFP6,74,1-0,Black,<=5s vs <=5s,1809
2wVpe4p4,61,1-0,White,<=5s vs 5-10s,1252
lilfFdbp,46,0-1,Black,<=5s vs <=5s,1047
e6tjzJOZ,56,0-1,Black,<=5s vs 10-15s,2081
NyuZyneu,89,1/2-1/2,White,<=5s vs 15-20s,2232
HLCCR54E,62,0-1,Black,<=5s vs 10-15s,2134
9tZjKkvF,64,0-1,Black,<=5s vs 10-15s,1547
XRLDc69G,135,1-0,White,<=5s vs 5-10s,2232
Kilim7BD,76,1-0,Black,<=5s vs <=5s,2414
GdeqWoi8,68,0-1,Black,<=5s vs 15-20s,2244
800mdSiH,76,0-1,Black,<=5s vs 15-20s,2195
yY8L31Un,67,1-0,White,<=5s vs 15-20s,1376
KN8kxcac,82,1-0,Black,<=5s vs 5-10s,2368
Dcv0isJ7,49,1-0,White,<=5s vs 15-20s,1381
Hb2CpaiV,60,0-1,Black,<=5s vs <=5s,2537
NfpfXFgy,65,1-0,White,<=5s vs 15-20s,1394
J7PndvSS,85,1-0,White,<=5s vs <=5s,1898
AFBtd6KK,64,0-1,Black,<=5s vs 10-15s,1996
DZzTZQnS,80,1/2-1/2,Black,<=5s vs 5-10s,1202
QSTytlZp,100,0-1,Black,<=5s vs 5-10s,1119
duw7k7Su,119,1/2-1/2,White,<=5s vs 15-20s,2241
c9T4jQjz,57,1-0,White,<=5s vs 10-15s,2159
CO344RgV,62,1-0,Black,<=5s vs <=5s,1792
zLHRu2L6,68,0-1,Black,<=5s vs <=5s,1914
5vBBLrFn,56,0-1,Black,<=5s vs <=5s,1249
UUqRGHRK,45,1-0,White,<=5s vs 5-10s,730
bnTlBQ4j,75,0-1,White,<=5s vs 10-15s,2186
kNUhmk2R,65,1-0,White,<=5s vs 5-10s,1079
chgnZggj,50,0-1,Black,<=5s vs 10-15s,1252
jlvYuPlC,90,1-0,Black,<=5s vs <=5s,1814
BnJ3b30Q,50,0-1,Black,<=5s vs 15-20s,1559
qQxAz7pF,44,0-1,Black,<=5s vs 10-15s,1840
JxGmA4zN,107,0-1,White,<=5s vs 5-10s,2525
fju2WIFO,57,0-1,White,<=5s vs <=5s,1332
6ZmttMSW,55,1-0,White,<=5s vs 15-20s,1914
rCWNQAWc,66,1-0,Black,<=5s vs <=5s,1279
fcuaG6ZV,76,0-1,Black,<=5s vs <=5s,1938
kr15SyOI,61,0-1,White,<=5s vs 5-10s,1127
0mviFywE,74,0-1,Black,<=5s vs 10-15s,1920
mHlUCIbs,55,1-0,White,<=5s vs 5-10s,2074
3uhDqPh7,50,0-1,Black,<=5s vs 15-20s,1655
octrhK4k,130,1/2-1/2,Black,<=5s vs 15-20s,1320
fezutW72,88,1-0,Black,<=5s vs <=5s,2258
o7OiVaS9,71,1-0,White,<=5s vs 5-10s,1885
9QLpx4kW,71,1-0,White,<=5s vs <=5s,2424
GpHI2B0w,82,0-1,Black,<=5s vs 15-20s,1850
94IqSY7r,65,0-1,White,<=5s vs <=5s,2269
Wn5QYZF2,93,1-0,White,<=5s vs 5-10s,2361
nRP8ndZ6,124,1/2-1/2,Black,<=5s vs 10-15s,2300
fQtalVHp,60,1-0,Black,<=5s vs <=5s,1457
EB8MDTFw,83,0-1,White,<=5s vs 5-10s,2321
4RVyczV8,53,1-0,White,<=5s vs 15-20s,1563
PhjAxB16,47,1-0,White,<=5s vs 5-10s,1241
F3jVW6lO,45,1-0,White,<=5s vs 10-15s,993
vQPRWC8T,74,0-1,Black,<=5s vs 10-15s,2454
APbABFRB,73,1-0,White,<=5s vs 15-20s,2213
cBGhNKn4,51,1-0,White,<=5s vs 15-20s,1268
v1knBP6C,49,1-0,White,<=5s vs 15-20s,1998
y4QPD4mz,65,1-0,White,<=5s vs 5-10s,1360
oT3nHrm4,38,0-1,Black,<=5s vs 5-10s,800
lWzLWS2q,115,1-0,White,<=5s vs 10-15s,2067
zZ2fjcsC,69,1-0,White,<=5s vs 10-15s,1575
86xJXQQv,59,1-0,White,<=5s vs 5-10s,1975
C4APcbTQ,80,0-1,Black,<=5s vs 5-10s,2688
sOprzTWS,129,1/2-1/2,White,<=5s vs 10-15s,2175
5pwSHpbm,63,1-0,White,<=5s vs 5-10s,2409
ekZ23MSL,64,0-1,Black,<=5s vs 10-15s,986
WRZ1JCqW,66,0-1,Black,<=5s vs 10-15s,2073
qUyat0U4,65,0-1,White,<=5s vs 15-20s,1906
kqRZMTiu,47,1-0,White,<=5s vs 15-20s,1042
F18oBOvR,78,0-1,Black,<=5s vs 5-10s,1588
Hy4m6m1D,76,0-1,Black,<=5s vs 5-10s,2192
BUzlNzjV,38,0-1,Black,<=5s vs 10-15s,964
DuWZS8Rb,72,0-1,Black,<=5s vs 5-10s,1809
KgOr2TVa,84,0-1,Black,<=5s vs <=5s,1450
QjSnffnD,94,0-1,Black,<=5s vs 5-10s,2097
OBfo7eZM,63,1-0,White,<=5s vs 5-10s,2031
aHRGSe0z,64,1/2-1/2,Black,<=5s vs 5-10s,1721
3vbKpf2I,38,0-1,Black,<=5s vs 15-20s,1506
2lfWgIKG,67,1-0,White,<=5s vs 5-10s,1080
z7oSSVcf,136,1/2-1/2,Black,<=5s vs 5-10s,2274
NNM8m8yN,80,0-1,Black,<=5s vs 5-10s,2153
1CPQbWby,64,0-1,Black,<=5s vs 5-10s,1865
kUcHJ2q9,62,0-1,Black,<=5s vs 15-20s,1403
BaFDkRm4,57,1-0,White,<=5s vs 15-20s,2236
ijU1Mqq0,80,1-0,Black,<=5s vs 10-15s,2188
MBxYXQtK,112,0-1,Black,<=5s vs 5-10s,2241
rmC5MIYj,61,1-0,White,<=5s vs 5-10s,1590
Hjc1F4g1,58,0-1,Black,<=5s vs 10-15s,1531
K5dRfeLN,99,0-1,White,<=5s vs <=5s,2150
UBQ4ZzxQ,57,1-0,White,<=5s vs 5-10s,1211
phsF2v0y,75,0-1,White,<=5s vs <=5s,1468
VOwsfqRr,147,1-0,White,<=5s vs 5-10s,2383
DjTIqCOW,61,1-0,White,<=5s vs 10-15s,2343
auUekdoM,54,0-1,Black,<=5s vs 15-20s,2200
H2uvutu9,50,0-1,Black,<=5s vs 15-20s,2261
aOZ6LDpg,145,0-1,White,<=5s vs 5-10s,2443
KJXnh2Is,46,0-1,Black,<=5s vs 5-10s,1372
Mcf89G0A,85,1-0,White,<=5s vs 5-10s,2304
9IHzs1qw,69,1-0,White,<=5s vs 15-20s,1633
5WezNRrZ,58,0-1,Black,<=5s vs <=5s,998
s7S7ZxMI,47,1-0,White,<=5s vs 10-15s,1854
OfVzahe4,74,0-1,Black,<=5s vs 15-20s,2123
PNvdtuJW,129,1-0,White,<=5s vs 15-20s,2222
meI7gUNN,67,1-0,White,<=5s vs 15-20s,1786
mxaiYRsh,82,0-1,Black,<=5s vs <=5s,1310
Ukd14JpB,93,1-0,White,<=5s vs 10-15s,2942
1944EkIl,87,1-0,White,<=5s vs 15-20s,1844
P2J3wffd,98,1-0,Black,<=5s vs 10-15s,2108
KsgP624f,59,1-0,White,<=5s vs 10-15s,1966
YRyOsUer,54,0-1,Black,<=5s vs 5-10s,1216
p6HxvfG0,61,1-0,White,<=5s vs 10-15s,2182
6oA8nAzQ,103,1/2-1/2,White,<=5s vs 5-10s,1973
1MF0WczE,71,1-0,White,<=5s vs 10-15s,1307
dEz2uOTk,77,1-0,White,<=5s vs 5-10s,1313
pfnppOjM,89,1-0,White,<=5s vs 5-10s,2422
VW6SUrIJ,83,1-0,White,<=5s vs 5-10s,2449
T9vHFlrl,59,1-0,White,<=5s vs 5-10s,1796
yc3dlwP9,59,1-0,White,<=5s vs 5-10s,1030
S5OmKYHB,118,0-1,Black,<=5s vs 5-10s,2180
QC464T2V,56,0-1,Black,<=5s vs 5-10s,1033
9d58awLx,50,0-1,Black,<=5s vs 10-15s,1286
2AYbwrhk,67,1-0,White,<=5s vs 15-20s,1586
A776ohmH,118,0-1,Black,<=5s vs <=5s,2061
29DfHOdP,69,1-0,White,<=5s vs 10-15s,2321
hzkTAcS7,47,0-1,White,<=5s vs 15-20s,1078
erKUUBPI,53,1-0,White,<=5s vs 10-15s,1038
p7ly3DGQ,77,1-0,White,<=5s vs 10-15s,2487
w7eZSMWa,56,0-1,Black,<=5s vs 15-20s,1401
J7x9Us4N,59,0-1,White,<=5s vs <=5s,1690
nbOmPhWM,67,1-0,White,<=5s vs 10-15s,1490
IpAkLLgH,111,1-0,White,<=5s vs 15-20s,2298
OQsmjOuJ,57,1-0,White,<=5s vs 15-20s,1671
IzfR1qVg,75,1-0,White,<=5s vs 15-20s,2342
hcEy0TxP,84,0-1,Black,<=5s vs 15-20s,2062
OknKTqD2,125,1-0,White,<=5s vs 15-20s,2080
BtWzwUj7,71,1-0,White,<=5s vs 5-10s,2238
zg1dizcb,57,1-0,White,<=5s vs 15-20s,1612
hfcnmneY,70,1-0,Black,<=5s vs <=5s,2178
UrmAekHy,80,1-0,Black,<=5s vs <=5s,2390
ZNfHzxvs,81,1-0,White,<=5s vs 5-10s,2064
Fc1TwIhX,40,0-1,Black,<=5s vs 10-15s,847
VA2c7mPr,36,0-1,Black,<=5s vs 10-15s,873
DMqzEqlX,73,1-0,White,<=5s vs 15-20s,1519
p4HQPE5P,59,1-0,White,<=5s vs 15-20s,1673
Ql2NmFhJ,73,0-1,White,<=5s vs <=5s,1524
KYsP1Blo,60,0-1,Black,<=5s vs 15-20s,2212
XyYROBkJ,45,0-1,White,<=5s vs <=5s,991
qVG8g8kT,63,1-0,White,<=5s vs 15-20s,1591
sojLjdJb,88,0-1,Black,<=5s vs 10-15s,2024
QhmPNIOF,61,1-0,White,<=5s vs 15-20s,1559
CZrLSMtc,136,0-1,Black,<=5s vs 10-15s,1976
SAM5gpvE,76,0-1,Black,<=5s vs 10-15s,2530
UVkykbOs,90,0-1,Black,<=5s vs 15-20s,1866
cM9HsuBx,107,1-0,White,<=5s vs 5-10s,2419
pLsIqGSV,114,1/2-1/2,Black,<=5s vs 5-10s,2384
4gGb819H,70,0-1,Black,<=5s vs <=5s,1633
a7mienqk,68,0-1,Black,<=5s vs 5-10s,2101
zTVfCIwe,101,1-0,White,<=5s vs 10-15s,2322
vwPwgPHX,67,1-0,White,<=5s vs <=5s,2262
VQCthU95,65,1-0,White,<=5s vs 15-20s,2121
deJziAEJ,75,0-1,White,<=5s vs <=5s,1778
QjijJvDt,59,1-0,White,<=5s vs 15-20s,1905
2vFt7Zid,74,0-1,Black,<=5s vs <=5s,2330
URxy3tXR,87,1-0,White,<=5s vs 15-20s,1984
8fNbL2vt,58,0-1,Black,<=5s vs 10-15s,1222
m8JBmqzp,55,1-0,White,<=5s vs 5-10s,1289
G5R74y3Q,91,1-0,White,<=5s vs 10-15s,2606
XZvlp4Gx,69,1-0,White,<=5s vs 10-15s,2813
3msId3uh,47,0-1,White,<=5s vs 5-10s,1025
67gYtk7n,59,1-0,White,<=5s vs <=5s,1204
1Lq8py98,60,1-0,Black,<=5s vs 10-15s,1457
WgiDBlLR,112,0-1,Black,<=5s vs 10-15s,2315
5X57A1R4,57,1-0,White,<=5s vs 10-15s,1697
S4VJQQnk,94,0-1,Black,<=5s vs 5-10s,1870
4vBi4x5c,65,1-0,White,<=5s vs <=5s,1965
H2hNQKJf,83,0-1,White,<=5s vs 5-10s,2102
jEg9O6Dd,75,1-0,White,<=5s vs 15-20s,1836
1dIorQ47,72,0-1,Black,<=5s vs 10-15s,2242
PrdDRNGx,45,1-0,White,<=5s vs 5-10s,1102
TrWCNdwb,88,0-1,Black,<=5s vs 10-15s,2274
3PfMO3Ey,74,1/2-1/2,Black,<=5s vs 15-20s,1997
FhtJ7rdJ,42,0-1,Black,<=5s vs 5-10s,1277
FCCUSb3m,107,1/2-1/2,White,<=5s vs 15-20s,2163
guv1r3ZC,73,1-0,White,<=5s vs 5-10s,1536
zZvYvuRW,73,1-0,White,<=5s vs 10-15s,1730
cOL2KClj,78,0-1,Black,<=5s vs <=5s,1760
qXkkstOy,60,0-1,Black,<=5s vs 10-15s,1297
sx9mKa02,48,0-1,Black,<=5s vs 5-10s,996
iCj4rd2i,58,0-1,Black,<=5s vs <=5s,1323
3SwzXeX4,88,1/2-1/2,Black,<=5s vs 15-20s,2438
P5dsbGSD,54,0-1,Black,<=5s vs 15-20s,1718
7dO2KyIG,65,1-0,White,<=5s vs 15-20s,1824
IKY0pF3k,97,1-0,White,<=5s vs 10-15s,1422
eoUYrN56,55,1-0,White,<=5s vs 10-15s,1062
KdPLJ8W2,87,1-0,White,<=5s vs 5-10s,2066
Ot1xPoqB,58,0-1,Black,<=5s vs <=5s,2099
RS2QfU7K,70,0-1,Black,<=5s vs 5-10s,2512
Jq476ieO,54,0-1,Black,<=5s vs 15-20s,1599
ZjHm6S3R,67,1-0,White,<=5s vs 10-15s,1010
OZvONsPG,64,1-0,Black,<=5s vs 5-10s,1366
YQz7vyFB,59,0-1,White,<=5s vs 5-10s,1547
GBSyOtOk,86,0-1,Black,<=5s vs 10-15s,2709
4eXVTdp8,60,1-0,Black,<=5s vs 5-10s,1495
axhwZpty,82,0-1,Black,<=5s vs 5-10s,2936
WoPKJxIW,64,1-0,Black,<=5s vs <=5s,1358
0ZkBXWxc,60,1-0,Black,<=5s vs <=5s,1300
a4HgT2LE,41,1-0,White,<=5s vs 5-10s,1065
fnV9Eg0w,45,1-0,White,<=5s vs 15-20s,1832
HFq4MdNJ,109,1-0,White,<=5s vs 15-20s,2012
FEHJU5T8,82,0-1,Black,<=5s vs 5-10s,2319
Q8rxUUlq,63,0-1,White,<=5s vs 15-20s,1693
4EPsqzSd,127,1/2-1/2,White,<=5s vs 5-10s,2461
2WQGVMEn,97,1-0,White,<=5s vs 5-10s,2931
O0swNVgp,81,0-1,White,<=5s vs 5-10s,1543
900KMUfL,67,1-0,White,<=5s vs 5-10s,1588
4DCjncZe,99,1-0,White,<=5s vs 10-15s,2241
QhQ6tvhV,50,0-1,Black,<=5s vs 5-10s,897
9yKK7qfD,60,0-1,Black,<=5s vs 10-15s,1798
nZALv0F1,84,0-1,Black,<=5s vs 15-20s,1797
EKuYlcOg,76,1-0,Black,<=5s vs <=5s,1981
Y4q2M4Hq,76,0-1,Black,<=5s vs 5-10s,1329
6kik8dF7,52,0-1,Black,<=5s vs 15-20s,1081
6GT5AzHP,92,1-0,Black,<=5s vs 5-10s,2497
l3xYwlXp,57,1-0,White,<=5s vs <=5s,902
Ml4jNRFB,46,1-0,Black,<=5s vs 10-15s,1185
a8meBphE,89,0-1,White,<=5s vs <=5s,2383
0ZMyTWBp,71,0-1,White,<=5s vs 5-10s,2010
nxIQSrt9,64,0-1,Black,<=5s vs 15-20s,2175
9nCfYEDK,90,0-1,Black,<=5s vs 10-15s,2073
zCYgw0zW,59,1-0,White,<=5s vs 15-20s,1438
IRC7xRDL,96,0-1,Black,<=5s vs 10-15s,2064
VGaCRO3c,58,0-1,Black,<=5s vs 15-20s,1025
izbSqPe7,67,1-0,White,<=5s vs 10-15s,1942
n5lztcBx,81,1/2-1/2,White,<=5s vs 5-10s,2143
DYQn2dqD,70,0-1,Black,<=5s vs 15-20s,2456
HQyJsj4F,64,0-1,Black,<=5s vs 10-15s,1457
vfQ0C9h7,80,0-1,Black,<=5s vs 15-20s,1875
tTWnNe2u,79,1-0,White,<=5s vs 5-10s,1616
PlH9YXXA,59,1-0,White,<=5s vs 5-10s,1739
5pKse0Ed,91,0-1,White,<=5s vs <=5s,2308
69NOH2pR,78,0-1,Black,<=5s vs 5-10s,2428
eBJN5LCy,54,0-1,Black,<=5s vs 10-15s,1364
BM5wkylH,71,1-0,White,<=5s vs 10-15s,2294
5WiuOkdl,90,1-0,Black,<=5s vs <=5s,1433
ZpZTIGRx,94,0-1,Black,<=5s vs 10-15s,2794
muUZEZ6J,58,1-0,Black,<=5s vs 15-20s,1917
fSYgg8AT,113,1/2-1/2,White,<=5s vs 5-10s,1808
D9uVizRY,45,1-0,White,<=5s vs 5-10s,1006
WGxD0Pko,65,1-0,White,<=5s vs 15-20s,1650
wYsc0DqI,56,0-1,Black,<=5s vs 5-10s,1090
nhlXX5Dr,61,1-0,White,<=5s vs 10-15s,1924
BuDuAx7U,67,1-0,White,<=5s vs 15-20s,1859
T9YYbNy7,69,1-0,White,<=5s vs 15-20s,2173
ghhIFY4C,67,1-0,White,<=5s vs 5-10s,1347
xPJRV1ea,49,1-0,White,<=5s vs 10-15s,1424
JO9ZE1j8,93,1-0,White,<=5s vs 5-10s,2520
B4ex0MpY,104,0-1,Black,<=5s vs 5-10s,2501
8l43dj7Z,69,1-0,White,<=5s vs 10-15s,1811
QZTHsqcY,100,0-1,Black,<=5s vs <=5s,2214
KiTsYb9s,79,1-0,White,<=5s vs 5-10s,1808
Z9fQ92Y7,110,0-1,Black,<=5s vs 5-10s,1977
UXX4gmeQ,94,0-1,Black,<=5s vs 5-10s,1095
EGKR5qMU,51,1-0,White,<=5s vs 15-20s,1186
MQeDZnAu,62,0-1,Black,<=5s vs 5-10s,1634
MTf31eMm,87,1-0,White,<=5s vs 5-10s,2217
QLLR1xR9,126,0-1,Black,<=5s vs 5-10s,2342
YOe5KPPQ,90,1-0,Black,<=5s vs 10-15s,2205
GHHrgwDp,74,1-0,Black,<=5s vs 10-15s,2091
U2eMEIC2,72,0-1,Black,<=5s vs <=5s,1263
Onvo32Mn,64,0-1,Black,<=5s vs 15-20s,1632
CayviSjL,78,1-0,Black,<=5s vs <=5s,2292
7QP6Tg4R,66,1-0,Black,<=5s vs 5-10s,2195
Dy4zwJee,59,0-1,White,<=5s vs <=5s,1743
FbmL0dcx,73,1-0,White,<=5s vs 15-20s,1917
ed5fZOi9,83,1-0,White,<=5s vs <=5s,2436
m68IcQE3,88,0-1,Black,<=5s vs 10-15s,2577
ijetdHqx,69,1-0,White,<=5s vs 5-10s,1552
z8wSu5fa,111,1-0,White,<=5s vs 10-15s,2000
9TRCFRPe,54,0-1,Black,<=5s vs 10-15s,2108
pExl4LTZ,69,1-0,White,<=5s vs 15-20s,1632
Dw8iMHwn,76,0-1,Black,<=5s vs 15-20s,1743
47mwceS6,52,0-1,Black,<=5s vs <=5s,1473
vcEQja7V,80,0-1,Black,<=5s vs 10-15s,1263
Y5HEVzLS,67,1-0,White,<=5s vs 5-10s,2128
TG8yxgLf,83,0-1,White,<=5s vs 10-15s,2172
NMqRYgJw,65,1-0,White,<=5s vs 15-20s,2227
fJLNgl1v,46,0-1,Black,<=5s vs 10-15s,828
7DsTwcdm,55,1-0,White,<=5s vs 5-10s,1762
QXmoplkJ,46,0-1,Black,<=5s vs 15-20s,1198
iIiXosyF,68,1-0,Black,<=5s vs 5-10s,1701
LGvGjdjB,70,0-1,Black,<=5s vs <=5s,1350
zcEgarng,93,1-0,White,<=5s vs 10-15s,2230
PK1gSt4k,87,1-0,White,<=5s vs 15-20s,1666
EQLfzTBJ,69,1-0,White,<=5s vs 5-10s,2001
gmd5Yuy7,69,1-0,White,<=5s vs 15-20s,1690
krQpA03O,51,1-0,White,<=5s vs <=5s,1010
ArJstgwb,71,0-1,White,<=5s vs 5-10s,1602
xnMjkO7W,60,1-0,Black,<=5s vs <=5s,1479
WLQGsKYC,87,1-0,White,<=5s vs 15-20s,2503
1YX7JlJN,76,0-1,Black,<=5s vs 10-15s,2035
hfEHtEMG,70,0-1,Black,<=5s vs 15-20s,1054
KTxYPmRX,62,1-0,Black,<=5s vs <=5s,1204
86TIVLAf,76,0-1,Black,<=5s vs 10-15s,2310
kp1VWAxm,92,0-1,Black,<=5s vs 5-10s,2202
8P1EyKn9,65,1-0,White,<=5s vs 10-15s,1704
76iZq1Ls,55,1-0,White,<=5s vs 10-15s,1431
9ZYgV2rA,64,1-0,Black,<=5s vs 10-15s,1413
IG4G7Bhp,71,0-1,White,<=5s vs 5-10s,2145
BHDbGAYt,85,1-0,White,<=5s vs 5-10s,2099
3jygV9vZ,61,0-1,White,<=5s vs 5-10s,955
Wc15Qalm,62,0-1,Black,<=5s vs <=5s,1971
2Ii2VHmq,72,1-0,Black,<=5s vs 10-15s,2191
3YmqZrz2,83,1/2-1/2,White,<=5s vs 5-10s,1808
y7QU23Uz,47,1-0,White,<=5s vs 15-20s,1100
6wGPM9yB,63,1-0,White,<=5s vs 5-10s,2180
c4hZd6PV,56,0-1,Black,<=5s vs 15-20s,1195
OqkzNlj9,55,1-0,White,<=5s vs 5-10s,1694
58ImHfZs,75,1-0,White,<=5s vs 5-10s,2574
KckCmlNk,66,0-1,Black,<=5s vs <=5s,1756
cGpp7sG3,56,0-1,Black,<=5s vs <=5s,1210
Ubvny02c,87,1-0,White,<=5s vs 15-20s,2571
oGHW3lRY,74,0-1,Black,<=5s vs 10-15s,1407
tEZb7T9B,48,1-0,Black,<=5s vs 5-10s,2021
HwaWngxV,85,1-0,White,<=5s vs 5-10s,2404
IkclE8Sg,68,0-1,Black,<=5s vs 10-15s,1892
2doWQaN1,59,1-0,White,<=5s vs 10-15s,2015
j3FhlkBg,62,0-1,Black,<=5s vs 15-20s,1844
R3BfeHL7,90,0-1,Black,<=5s vs 5-10s,1306
od8EIZ2B,61,1-0,White,<=5s vs 15-20s,1357
DzwerT8C,48,0-1,Black,<=5s vs 15-20s,1181
rqgEXRRV,45,1-0,White,<=5s vs 15-20s,1386
hzYkGOnL,48,0-1,Black,<=5s vs 15-20s,1829
FzSD12av,80,0-1,Black,<=5s vs 10-15s,2425
7JMjOhds,165,1-0,White,<=5s vs 10-15s,1245
KbvtmoyU,57,1-0,White,<=5s vs 15-20s,1298
38nXmx3k,44,0-1,Black,<=5s vs 10-15s,996
qPX3eA2N,66,0-1,Black,<=5s vs 15-20s,2360
VlIgpTPJ,62,0-1,Black,<=5s vs 5-10s,1803
T0Vh9VNX,68,0-1,Black,<=5s vs <=5s,1238
7ZRm7eVX,62,0-1,Black,<=5s vs 5-10s,1080
3a7ITQLx,57,1-0,White,<=5s vs 15-20s,1959
5aRoN6oe,68,0-1,Black,<=5s vs 5-10s,1591
U7ZUE2Sm,78,1/2-1/2,Black,<=5s vs 5-10s,1577
aKOeuTCe,87,1-0,White,<=5s vs 15-20s,2684
4ILaEmeO,79,1-0,White,<=5s vs 5-10s,1791
TqOoRxyb,55,1-0,White,<=5s vs 15-20s,1155
Fe6n9q05,53,1-0,White,<=5s vs 10-15s,2092
XkcNqZYD,65,0-1,White,<=5s vs <=5s,1707
1NipOS5a,76,0-1,Black,<=5s vs 10-15s,2477
BuL3WIgc,86,1/2-1/2,Black,<=5s vs 5-10s,1802
MxfCzJZI,74,0-1,Black,<=5s vs 5-10s,1739
1k7oJLEC,53,1-0,White,<=5s vs 15-20s,1322
ykIoeDh6,56,0-1,Black,<=5s vs 10-15s,1106
luknE5tB,33,1-0,White,<=5s vs 10-15s,890
4lOorxDr,64,0-1,Black,<=5s vs <=5s,1775
xhnwWjZT,52,0-1,Black,<=5s vs 15-20s,1169
RzCrTsS8,63,1-0,White,<=5s vs 5-10s,1323
X4Mv1lOT,98,0-1,Black,<=5s vs 10-15s,2395
wEFtVna0,68,0-1,Black,<=5s vs 15-20s,1254
JFT5okWh,76,0-1,Black,<=5s vs 15-20s,2172
QjknM8BD,69,0-1,White,<=5s vs <=5s,2301
NztCeoO8,64,0-1,Black,<=5s vs 5-10s,1576
cdEn59QX,69,1-0,White,<=5s vs 15-20s,1859
7ZpmArLU,53,1-0,White,<=5s vs 5-10s,1376
YfwRq1SW,60,0-1,Black,<=5s vs <=5s,1833
ewpRtW0r,79,0-1,White,<=5s vs 5-10s,1774
INDrj62t,84,0-1,Black,<=5s vs 10-15s,2129
HteeptZQ,62,0-1,Black,<=5s vs 5-10s,2145
YVZDt7D5,96,1/2-1/2,Black,<=5s vs 10-15s,1934
jAs6glly,81,1-0,White,<=5s vs 5-10s,2064
RZsUaBOh,96,1-0,Black,<=5s vs <=5s,2674
4IpqY8ej,71,1-0,White,<=5s vs 5-10s,2187
OxP1xoKG,112,0-1,Black,<=5s vs 10-15s,2229
KDpm6WMW,68,0-1,Black,<=5s vs 15-20s,2585
DVOFtg7I,86,0-1,Black,<=5s vs <=5s,2120
61MtZG9g,75,0-1,White,<=5s vs 5-10s,1635
04EvlHSM,64,0-1,Black,<=5s vs 15-20s,1448
G58UZNVD,53,1-0,White,<=5s vs 10-15s,1667
idRiQen8,52,0-1,Black,<=5s vs 15-20s,1291
FvnfHrAC,47,1-0,White,<=5s vs 5-10s,1283
7rh4LGxh,100,0-1,Black,<=5s vs 5-10s,2264
MoFBMH4w,58,0-1,Black,<=5s vs 10-15s,1188
SxGmAl3g,163,1-0,White,<=5s vs 5-10s,2544
yjcjRmvd,87,1-0,White,<=5s vs 5-10s,2179
SRVJzpCg,81,1-0,White,<=5s vs 5-10s,1983
YhRvB9OJ,68,1-0,Black,<=5s vs 5-10s,2028
hoKb3ItZ,98,0-1,Black,<=5s vs 15-20s,1687
Ezamcnh6,65,1-0,White,<=5s vs 15-20s,2523
pKfVHzpp,53,1-0,White,<=5s vs 5-10s,1338
molPsUGH,85,1-0,White,<=5s vs <=5s,2016
4WHnfCyi,83,0-1,White,<=5s vs 5-10s,1978
BKGFxkgz,40,0-1,Black,<=5s vs 10-15s,837
UcDI317F,85,1-0,White,<=5s vs 5-10s,2086
885FARCL,69,1-0,White,<=5s vs 15-20s,2321
McqRhRJL,125,1/2-1/2,White,<=5s vs <=5s,2336
IgyBAoCX,67,1-0,White,<=5s vs 15-20s,1554
cc14PUIe,137,1-0,White,<=5s vs 15-20s,2366
zqs36aYv,28,1-0,Black,<=5s vs 10-15s,624
Q2yu11cL,69,0-1,White,<=5s vs 5-10s,1789
SZbQtWMs,59,1-0,White,<=5s vs 15-20s,1709
7OKKRgyH,80,1-0,Black,<=5s vs <=5s,1028
XiBuKsBC,60,1/2-1/2,Black,<=5s vs 10-15s,1612
jlkLFXjw,67,1-0,White,<=5s vs 10-15s,1657
TindH9H2,99,1/2-1/2,White,<=5s vs 10-15s,1996
3WLWrYSv,83,1-0,White,<=5s vs 15-20s,2129
ZaMdVYtm,89,1-0,White,<=5s vs 5-10s,2371
cFDdC5yP,86,0-1,Black,<=5s vs 15-20s,1988
xlbvpM8Z,75,1-0,White,<=5s vs 5-10s,2004
M2whPuYV,119,0-1,White,<=5s vs <=5s,2627
Ta94wLrR,89,1-0,White,<=5s vs 5-10s,1707
JmfjSNPe,73,1-0,White,<=5s vs <=5s,1133
lWj5bGcd,82,0-1,Black,<=5s vs 15-20s,1647
9xcBD9gG,46,0-1,Black,<=5s vs 10-15s,1093
14T97BWT,58,0-1,Black,<=5s vs <=5s,1595
YFALtWLI,73,1-0,White,<=5s vs 15-20s,1543
AhvSWshK,73,1-0,White,<=5s vs 10-15s,1444
Nvk9kNTP,103,0-1,White,<=5s vs 5-10s,1839
4rndL0Iw,80,0-1,Black,<=5s vs 15-20s,1213
Nbj8OOWg,69,0-1,White,<=5s vs <=5s,1930
SvrcpW5l,75,0-1,White,<=5s vs 5-10s,2408
APpqA0K9,53,1-0,White,<=5s vs 5-10s,1585
AOdcgton,145,1-0,White,<=5s vs 5-10s,2445
VSltffmb,115,1-0,White,<=5s vs <=5s,2194
3ZnKkyuH,92,1-0,Black,<=5s vs <=5s,2338
GHaO145s,75,1-0,White,<=5s vs 10-15s,2289
B8fq6td8,71,1-0,White,<=5s vs 5-10s,1787
qU10iDaA,42,0-1,Black,<=5s vs 15-20s,1641
DZ6zI9l4,74,1-0,Black,<=5s vs <=5s,1594
8YUjtdtz,62,0-1,Black,<=5s vs 15-20s,1529
GZSMY8Ie,78,1-0,Black,<=5s vs 15-20s,1404
op9w9BG1,64,0-1,Black,<=5s vs 10-15s,1966
Fg1RNgFd,72,0-1,Black,<=5s vs 5-10s,1998
1MvJfcll,49,1-0,White,<=5s vs <=5s,2130
0Jqvn8Ib,88,0-1,Black,<=5s vs 5-10s,1772
nhCcFk2g,91,1-0,White,<=5s vs 15-20s,2424
y3CTeQlo,52,0-1,Black,<=5s vs 10-15s,1417
lL0Vsd46,48,0-1,Black,<=5s vs 5-10s,1624
9ar5Oub6,72,1-0,Black,<=5s vs <=5s,1451
tni9ayXq,82,0-1,Black,<=5s vs 5-10s,2490
A3VgMNuw,53,1-0,White,<=5s vs 10-15s,1306
hzRi3nNX,95,1-0,White,<=5s vs 5-10s,1269
1tEvJp6K,68,0-1,Black,<=5s vs 5-10s,2193
b5QZVYxH,112,0-1,Black,<=5s vs 15-20s,2408
zfTsk7f7,65,1-0,White,<=5s vs 10-15s,1762
A5XGN7yU,85,1-0,White,<=5s vs 5-10s,2605
lPDAI8it,85,1-0,White,<=5s vs 5-10s,2581
REnEJePd,80,0-1,Black,<=5s vs 10-15s,2611
Igv2AaVi,71,1/2-1/2,White,<=5s vs 10-15s,1928
4aMBegWg,73,1-0,White,<=5s vs 10-15s,1867
J7MCWmEV,107,0-1,White,<=5s vs 5-10s,2248
hgrYyLBM,144,0-1,Black,<=5s vs 15-20s,2664
cXLA93IE,88,0-1,Black,<=5s vs 10-15s,2434
LcyBeDbZ,117,1/2-1/2,White,<=5s vs 10-15s,2008
5Fp5fbgw,100,0-1,Black,<=5s vs 10-15s,2453
eNNYj7hI,57,1-0,White,<=5s vs 10-15s,1900
IdzC5j8x,87,1-0,White,<=5s vs 5-10s,1507
Lrpiizd8,81,1-0,White,<=5s vs <=5s,1807
Fdkz2C1k,99,1-0,White,<=5s vs 10-15s,2555
TyYWdzNJ,60,0-1,Black,<=5s vs 15-20s,2094
UaKJgFXo,60,0-1,Black,<=5s vs 15-20s,1338
0dUDi1F8,81,1-0,White,<=5s vs 5-10s,2070
KikZmeVm,88,0-1,Black,<=5s vs 5-10s,1945
SgDxdYql,76,0-1,Black,<=5s vs 5-10s,2284
nkx8CkZD,58,0-1,Black,<=5s vs 5-10s,1417
1B8TBkJP,76,1-0,Black,<=5s vs <=5s,2495
H7obyEaV,83,1/2-1/2,White,<=5s vs <=5s,1794
pEVLdnyz,96,0-1,Black,<=5s vs 5-10s,1614
JSqgcL4f,68,0-1,Black,<=5s vs 15-20s,1910
i1PLjfQD,127,1-0,White,<=5s vs 15-20s,2594
jpTWZc5P,48,0-1,Black,<=5s vs 15-20s,1783
pqdEOCyU,81,1-0,White,<=5s vs <=5s,1242
iKAjcowm,66,0-1,Black,<=5s vs 10-15s,1791
6e3zSW09,62,0-1,Black,<=5s vs 10-15s,1963
EFRylHb5,60,1-0,Black,<=5s vs 10-15s,1415
6siNCCbx,150,0-1,Black,<=5s vs <=5s,2560
o9bAuKwq,111,0-1,White,<=5s vs 5-10s,2272
nfm1Zlkw,91,1-0,White,<=5s vs 5-10s,2268
FjkDcT2h,74,1-0,Black,<=5s vs <=5s,1865
ElDKQijz,102,0-1,Black,<=5s vs <=5s,2369
eTUhqNq6,54,1-0,Black,<=5s vs 10-15s,1288
7gZoPTT7,60,0-1,Black,<=5s vs 10-15s,2119
KcyLOZdt,83,0-1,White,<=5s vs <=5s,1938
P4YR4LpF,67,1-0,White,<=5s vs 5-10s,2161
WMNSiB7q,78,0-1,Black,<=5s vs 5-10s,2158
WB43wwpX,78,0-1,Black,<=5s vs 15-20s,2260
WpmL63pD,82,0-1,Black,<=5s vs 5-10s,2274
UMcMzUBA,83,1-0,White,<=5s vs <=5s,1759
drcH6A47,52,0-1,Black,<=5s vs 10-15s,1977
FEY0rJI1,74,0-1,Black,<=5s vs 5-10s,2151
duNUA9Kv,54,0-1,Black,<=5s vs 15-20s,1737
CncRuoJL,68,0-1,Black,<=5s vs 5-10s,1941
D71h5DZk,65,1-0,White,<=5s vs 15-20s,1831
kXGjocc8,66,0-1,Black,<=5s vs 15-20s,1467
8cvC0cBX,124,1/2-1/2,Black,<=5s vs 5-10s,2359
Vv2wvdQ4,68,1-0,Black,<=5s vs 5-10s,1925
PHKOPhVs,64,0-1,Black,<=5s vs <=5s,1912
bhOrnqo2,33,1-0,White,<=5s vs <=5s,1068
CSk2Uzi6,108,1/2-1/2,Black,<=5s vs <=5s,2014
ItmzG6Wk,80,0-1,Black,<=5s vs 10-15s,2149
jgQEaXz1,73,1-0,White,<=5s vs 15-20s,1591
3Q3A7KJW,46,0-1,Black,<=5s vs 10-15s,2089
efhlwfNd,49,0-1,White,<=5s vs 10-15s,1431
NaV35aRw,74,0-1,Black,<=5s vs 10-15s,1287
3BTdmY06,76,0-1,Black,<=5s vs 5-10s,1169
TEEqyiGd,80,0-1,Black,<=5s vs 10-15s,1940
PY0LBh88,69,1-0,White,<=5s vs 10-15s,2035
3mdTGtbF,71,1-0,White,<=5s vs 15-20s,1392
YDRhcAet,92,0-1,Black,<=5s vs <=5s,2001
DouWknwZ,73,1-0,White,<=5s vs 5-10s,2319
bepEmso4,54,0-1,Black,<=5s vs 5-10s,981
lMf5ZI6J,80,0-1,Black,<=5s vs 5-10s,2135
7aSa5pN8,47,1-0,White,<=5s vs 15-20s,1142
3vEK4VO0,43,1-0,White,<=5s vs 10-15s,1073
w6rastKe,95,0-1,White,<=5s vs 5-10s,2500
2Wd1W2r1,44,1-0,Black,<=5s vs <=5s,1241
4u05GrRV,134,0-1,Black,<=5s vs 10-15s,2280
GusqCM2x,106,0-1,Black,<=5s vs 10-15s,2570
lPRKn6AZ,111,1-0,White,<=5s vs <=5s,2884
AGn2SMcU,129,1/2-1/2,White,<=5s vs 10-15s,2079
XiVMWnox,74,0-1,Black,<=5s vs 15-20s,2066
J2eS4RCs,59,0-1,White,<=5s vs <=5s,1819
WAfVAA7W,70,0-1,Black,<=5s vs 10-15s,2594
jhmTxGj5,56,0-1,Black,<=5s vs 5-10s,1074
6dyFVME1,100,1-0,Black,<=5s vs <=5s,1761
NZjJdSz7,42,1-0,Black,<=5s vs 15-20s,1551
w7oT2rw7,71,0-1,White,<=5s vs 5-10s,1775
2WQmVx4E,57,0-1,White,<=5s vs 10-15s,1973
t50Ch5Lt,85,0-1,White,<=5s vs 5-10s,1569
PUmixIZA,71,1-0,White,<=5s vs 5-10s,1934
jYuu5REZ,114,1/2-1/2,Black,<=5s vs <=5s,1851
hnGewodc,65,1-0,White,<=5s vs 5-10s,1720
IgUZzU78,53,1-0,White,<=5s vs 15-20s,1364
R1EKvoNf,63,0-1,White,<=5s vs 10-15s,2173
cuTRsA0H,78,0-1,Black,<=5s vs 10-15s,1679
An8I1U78,70,0-1,Black,<=5s vs 5-10s,2373
rVik8pCx,118,0-1,Black,<=5s vs 10-15s,1771
rBNRqlFo,68,0-1,Black,<=5s vs 10-15s,1219
RU3aBw9l,71,1-0,White,<=5s vs 15-20s,2285
RGtceups,104,0-1,Black,<=5s vs 15-20s,2140
Nc1iBSmH,142,0-1,Black,<=5s vs 15-20s,1693
VhH5rkQj,82,0-1,Black,<=5s vs 5-10s,2325
9JtM3vT6,55,1-0,White,<=5s vs 5-10s,1361
zPgb38oY,79,1-0,White,<=5s vs 10-15s,2226
8dPPNXOi,102,1-0,Black,<=5s vs <=5s,2647
Sxb2H1Q9,68,0-1,Black,<=5s vs 5-10s,1919
4TuRvdkr,59,0-1,White,<=5s vs 10-15s,1322
NqKpmegU,34,0-1,Black,<=5s vs 15-20s,1063
Vt97Uvsq,102,0-1,Black,<=5s vs 15-20s,1980
9evWzIEp,63,1-0,White,<=5s vs 15-20s,2049
4p1l1dSc,54,0-1,Black,<=5s vs 10-15s,1836
aJhtAMQH,64,1-0,Black,<=5s vs 5-10s,2420
XQBGaTCl,50,0-1,Black,<=5s vs 15-20s,2424
Nlmthr6n,74,1-0,Black,<=5s vs <=5s,1915
DW5I2DRY,113,1-0,White,<=5s vs <=5s,2159
dHP2DQwv,78,1/2-1/2,Black,<=5s vs 5-10s,2728
Y18yZlbw,57,1-0,White,<=5s vs 15-20s,2329
28fXDTUR,82,1-0,Black,<=5s vs 5-10s,2367
iqlAFYVy,63,1-0,White,<=5s vs 10-15s,1477
4BqIIg5P,99,0-1,White,<=5s vs 5-10s,2401
WvM0ZM5Z,70,0-1,Black,<=5s vs <=5s,1529
5xDchKBw,84,0-1,Black,<=5s vs 10-15s,1855
b4mCd73g,95,1/2-1/2,White,<=5s vs <=5s,2923
0vbcLdOh,79,0-1,White,<=5s vs 5-10s,1526
Y4gFlSvK,40,1-0,Black,<=5s vs <=5s,987
k2nb3DxW,68,0-1,Black,<=5s vs 5-10s,1272
1yWoLakf,69,1-0,White,<=5s vs 15-20s,1883
PE9VGzjE,68,0-1,Black,<=5s vs <=5s,1229
aXFCC8L2,86,1-0,Black,<=5s vs <=5s,1505
f9QTRw8A,92,0-1,Black,<=5s vs 5-10s,2433
SHcsCIkl,44,1-0,Black,<=5s vs 10-15s,1890
CiRQLKzz,69,1-0,White,<=5s vs 5-10s,1830
ww1D3RCP,57,1-0,White,<=5s vs 10-15s,1410
jFmBX5qP,67,0-1,White,<=5s vs 10-15s,2217
CfXgF9SL,85,1-0,White,<=5s vs <=5s,2044
iTw3iYbk,85,1-0,White,<=5s vs 5-10s,2078
fcSQeFk4,60,1-0,Black,<=5s vs <=5s,1171
5fJzpBDu,51,1-0,White,<=5s vs 10-15s,1243
y1FJqa7x,54,0-1,Black,<=5s vs 15-20s,1729
HmyeXFzX,78,0-1,Black,<=5s vs 5-10s,2016
Mvz6p02K,52,1-0,Black,<=5s vs 10-15s,1289
gKamvWVQ,40,0-1,Black,<=5s vs 10-15s,1063
JaYdNGIJ,119,1/2-1/2,White,<=5s vs 15-20s,1830
D5g055qX,64,0-1,Black,<=5s vs 5-10s,1483
YySzdQsW,120,1-0,Black,<=5s vs 5-10s,1583
cFnTVUb5,45,1-0,White,<=5s vs 10-15s,1276
i1tNK1j2,54,0-1,Black,<=5s vs 15-20s,1471
GVck3lAo,87,1-0,White,<=5s vs <=5s,1925
HyKFXPMU,84,1-0,Black,<=5s vs 10-15s,1765
zSr397KL,86,0-1,Black,<=5s vs 15-20s,2367
Ijz0X90i,55,1-0,White,<=5s vs 15-20s,1519
QKe4ysW3,57,1-0,White,<=5s vs 5-10s,1570
I3YvGar5,81,0-1,White,<=5s vs 5-10s,1829
KNDpaslI,88,0-1,Black,<=5s vs 5-10s,1512
PPBmkbq8,66,1-0,Black,<=5s vs 10-15s,2060
Hkump5Jm,100,0-1,Black,<=5s vs 15-20s,2477
U0ibPhGn,64,0-1,Black,<=5s vs 5-10s,1692
u9seaEpV,96,0-1,Black,<=5s vs 15-20s,2027
jbMQEGaV,64,0-1,Black,<=5s vs <=5s,1182
Gpa3ssA9,49,1-0,White,<=5s vs 15-20s,1297
84zExucn,67,0-1,White,<=5s vs 5-10s,1940
iJGrrLe7,70,0-1,Black,<=5s vs 10-15s,1968
QX0vbWyg,69,1-0,White,<=5s vs 15-20s,2210
hysbuErf,67,0-1,White,<=5s vs 10-15s,2188
Z525s6VL,52,0-1,Black,<=5s vs 10-15s,1439
WxdAJoBh,62,0-1,Black,<=5s vs 10-15s,1598
6ocq9KqY,85,1-0,White,<=5s vs 15-20s,2231
R3GLDGDi,119,1/2-1/2,White,<=5s vs 15-20s,1952
JW7t1v1h,133,1/2-1/2,White,<=5s vs 5-10s,2541
51GLl5Au,65,1-0,White,<=5s vs 10-15s,1380
Toeu4NPj,44,1-0,Black,<=5s vs 5-10s,833
KqjDzkmE,45,1-0,White,<=5s vs 15-20s,1799
mS0v1N5w,81,1-0,White,<=5s vs 5-10s,1408
AzRtFtQg,64,0-1,Black,<=5s vs 10-15s,1785
vJSXVGuV,63,1-0,White,<=5s vs 15-20s,1887
0W0VVWhk,86,1-0,Black,<=5s vs <=5s,1990
IBNJUVf4,43,0-1,White,<=5s vs 5-10s,1201
KRHN14pu,47,1-0,White,<=5s vs 5-10s,1404
oIWypcri,40,0-1,Black,<=5s vs 10-15s,1022
hxivU8mn,56,1-0,Black,<=5s vs 10-15s,2330
DS40734J,53,1-0,White,<=5s vs 15-20s,1346
eZ0uDcm9,48,0-1,Black,<=5s vs 15-20s,1704
SJpZb01V,78,0-1,Black,<=5s vs 5-10s,1446
WTPOsn5S,80,0-1,Black,<=5s vs 10-15s,2138
xcwSmQqN,57,0-1,White,<=5s vs 10-15s,1577
DpsQjPzk,71,1-0,White,<=5s vs 15-20s,2371
dviPvSpC,102,0-1,Black,<=5s vs 5-10s,2081
3MF0KYLw,51,1-0,White,<=5s vs 15-20s,1661
3kqCtjny,69,1-0,White,<=5s vs 15-20s,2278
HkgEHKhb,57,1-0,White,<=5s vs 15-20s,1912
FcYPbPir,78,0-1,Black,<=5s vs 5-10s,2232
YgirxCoi,66,0-1,Black,<=5s vs 5-10s,1818
C5XzCYMY,78,0-1,Black,<=5s vs 5-10s,2106
bcPOHdRC,102,0-1,Black,<=5s vs 15-20s,2685
39Jm3RC2,92,1-0,Black,<=5s vs 5-10s,1750
TXzPLv7c,78,0-1,Black,<=5s vs <=5s,2064
eVdHTnLR,114,1-0,Black,<=5s vs 10-15s,1047
4vymDn4C,79,1-0,White,<=5s vs 15-20s,2384
gYPphhLA,134,1/2-1/2,Black,<=5s vs 5-10s,2636
3ALvJnFQ,45,0-1,White,<=5s vs 5-10s,1055
NFeG8ojE,139,1-0,White,<=5s vs 10-15s,1520
7cRIZ59k,90,0-1,Black,<=5s vs <=5s,2423
prfDjZIr,48,0-1,Black,<=5s vs 15-20s,1381
aGdNsQwN,70,1-0,Black,<=5s vs <=5s,1718
FO4wl58g,80,0-1,Black,<=5s vs 15-20s,2114
sSAgvCFf,75,0-1,White,<=5s vs 10-15s,1910
3vpa7BMg,73,1-0,White,<=5s vs 5-10s,1928
9mSgic1P,71,1-0,White,<=5s vs 15-20s,1465
gTcqthKO,50,0-1,Black,<=5s vs 5-10s,1093
p1da2Ja2,62,1-0,Black,<=5s vs <=5s,1930
8aMiZTaV,83,1/2-1/2,White,<=5s vs 5-10s,2087
L9XOj2xS,41,1-0,White,<=5s vs 15-20s,815
1SbQtW9m,90,1-0,Black,<=5s vs 5-10s,2020
Gh0vinDW,99,1/2-1/2,White,<=5s vs 5-10s,1876
g4T8BaBN,58,0-1,Black,<=5s vs 5-10s,1987
Fe867DFZ,74,0-1,Black,<=5s vs 15-20s,835
YZiJAUWT,73,1-0,White,<=5s vs <=5s,1615
feOEP6QX,73,1-0,White,<=5s vs 15-20s,1787
YHr3CiMv,133,1-0,White,<=5s vs 10-15s,2592
vAassk7s,42,0-1,Black,<=5s vs 5-10s,1376
0aVuBnRE,90,0-1,Black,<=5s vs 5-10s,1563
2DTMVzuX,73,1-0,White,<=5s vs 10-15s,1737
TrxGd3Fs,65,1-0,White,<=5s vs 5-10s,2065
Wv6r6hQe,96,0-1,Black,<=5s vs 15-20s,2525
NROvAGzi,57,1-0,White,<=5s vs 10-15s,1470
DqMph0lP,73,0-1,White,<=5s vs <=5s,2072
LtmlYyBf,66,0-1,Black,<=5s vs 15-20s,1661
64xLJg6W,55,1-0,White,<=5s vs 10-15s,1861
AsHSgDDI,95,1-0,White,<=5s vs 15-20s,2804
KWAkhO3t,69,0-1,White,<=5s vs <=5s,1767
1tiPOfdq,74,0-1,Black,<=5s vs <=5s,1525
UPk0HSKt,78,0-1,Black,<=5s vs <=5s,2219
yNzAsubY,85,1-0,White,<=5s vs 10-15s,970
BdUyN3Tl,72,0-1,Black,<=5s vs <=5s,1256
UoOO4Lmm,62,0-1,Black,<=5s vs 15-20s,2127
iZLn31M6,68,0-1,Black,<=5s vs 10-15s,1968
DEPv2S05,67,1-0,White,<=5s vs 10-15s,2375
Om7AbBfn,76,0-1,Black,<=5s vs 15-20s,1734
X9u4Hns0,76,0-1,Black,<=5s vs 10-15s,2111
9r6OB96n,79,1-0,White,<=5s vs 15-20s,1717
jr7ZI0YI,84,0-1,Black,<=5s vs 10-15s,1266
kRCqAXpE,108,0-1,Black,<=5s vs <=5s,2348
zDzuigHl,48,0-1,Black,<=5s vs 15-20s,1635
ITsnRcD4,63,0-1,White,<=5s vs 5-10s,1322
yvrVj3oY,50,0-1,Black,<=5s vs 15-20s,1912
P3PpAQLG,68,0-1,Black,<=5s vs 15-20s,1320
IYRx5GIP,47,0-1,White,<=5s vs 5-10s,860
5DavuAWx,124,0-1,Black,<=5s vs 15-20s,2123
jTMZqseJ,107,1-0,White,<=5s vs 5-10s,2129
VWiM3BAz,71,1-0,White,<=5s vs 15-20s,2110
HVW85fnH,80,1-0,Black,<=5s vs 5-10s,2135
142Xr4aC,85,1-0,White,<=5s vs 15-20s,2170
s7uijlrX,98,0-1,Black,<=5s vs 10-15s,1919
DNeT7Svz,64,0-1,Black,<=5s vs 15-20s,2360
kWRFvDQj,90,0-1,Black,<=5s vs 15-20s,2304
ZUadO6n5,47,1-0,White,<=5s vs 15-20s,1411
wuhhkrgX,45,1-0,White,<=5s vs 15-20s,1347
8zqX5RM5,90,0-1,Black,<=5s vs 10-15s,2178
HxvPLjUK,77,1-0,White,<=5s vs 15-20s,1173
GzXoJ0mR,54,0-1,Black,<=5s vs <=5s,1134
ftI3Odiu,41,1-0,White,<=5s vs 5-10s,994
8TZFf8Pq,122,0-1,Black,<=5s vs 15-20s,2023
YhdkJWQx,56,1-0,Black,<=5s vs <=5s,1308
EqP875O2,83,1-0,White,<=5s vs 15-20s,1896
De9cVV8U,52,0-1,Black,<=5s vs 5-10s,1047
3bvCVkyB,92,0-1,Black,<=5s vs 5-10s,1908
YA9CD43Q,50,1-0,Black,<=5s vs 10-15s,1194
nwXikobT,77,1-0,White,<=5s vs 10-15s,1509
sdTvTmgk,61,1-0,White,<=5s vs 10-15s,1943
EHIlsnDJ,75,1-0,White,<=5s vs 10-15s,2291
1djEvXh3,112,0-1,Black,<=5s vs <=5s,1593
SJUaQZ7v,61,1-0,White,<=5s vs 5-10s,1293
21JYuKOf,51,1-0,White,<=5s vs 15-20s,2096
VsrnDHGH,43,1-0,White,<=5s vs 10-15s,1068
KroMD6wY,69,1-0,White,<=5s vs 10-15s,1655
UAWilI7M,112,1-0,Black,<=5s vs <=5s,2763
whwpkUEo,80,0-1,Black,<=5s vs 15-20s,1736
aqLCbA8j,46,0-1,Black,<=5s vs 15-20s,1260
5bfXMRgc,63,1-0,White,<=5s vs 15-20s,2075
V9AkZVje,49,1-0,White,<=5s vs 15-20s,2076
Z97Qby4a,82,0-1,Black,<=5s vs 15-20s,1573
G0GZcJP8,88,1-0,Black,<=5s vs 15-20s,2511
NacyVAu1,112,0-1,Black,<=5s vs 5-10s,2021
7EbwOE4p,78,0-1,Black,<=5s vs 10-15s,1429
ii40FKtY,54,0-1,Black,<=5s vs 10-15s,1663
M85vbWhB,48,0-1,Black,<=5s vs 10-15s,1467
1avoxGLi,74,0-1,Black,<=5s vs 5-10s,2047
N2dk6nzC,107,1-0,White,<=5s vs 5-10s,2435
9WpwuosF,97,1/2-1/2,White,<=5s vs 10-15s,2631
RlqfCQuA,89,0-1,White,<=5s vs <=5s,2291
tLuD2D1V,74,1-0,Black,<=5s vs <=5s,2270
dGswuuTP,112,1/2-1/2,Black,<=5s vs 5-10s,2160
bEcJdteF,42,1-0,Black,<=5s vs 5-10s,1187
4fEZboHI,65,0-1,White,<=5s vs 5-10s,1948
4DKHF3fw,64,0-1,Black,<=5s vs 15-20s,1982
JyOsIJzi,110,0-1,Black,<=5s vs <=5s,2090
Ef5yS364,89,1-0,White,<=5s vs <=5s,2034
I26dEiOH,84,0-1,Black,<=5s vs 5-10s,2172
tEzt8C53,64,0-1,Black,<=5s vs 15-20s,1888
CAWLcGj4,111,1-0,White,<=5s vs 5-10s,1778
TmP3M3ki,71,0-1,White,<=5s vs <=5s,1797
8m7liTe0,50,0-1,Black,<=5s vs 10-15s,1554
QEUs9e74,79,1-0,White,<=5s vs 15-20s,1940
pZjI8ZzZ,78,0-1,Black,<=5s vs <=5s,1604
pEzKTMT8,50,0-1,Black,<=5s vs 5-10s,1260
MeWCNnHg,68,0-1,Black,<=5s vs 10-15s,1794
2wFdWSnP,91,1-0,White,<=5s vs <=5s,2321
OJQjlPZr,92,0-1,Black,<=5s vs <=5s,1292
n54Utuh4,66,0-1,Black,<=5s vs 10-15s,1716
j5FMUTxK,79,1-0,White,<=5s vs 15-20s,2237
VoV6hlqX,89,1-0,White,<=5s vs 5-10s,1978
h5VbTBw9,56,0-1,Black,<=5s vs 15-20s,1543
ck7QaAZ5,81,1-0,White,<=5s vs 10-15s,1427
DYC7N5iU,74,0-1,Black,<=5s vs 10-15s,1470
Jn70fIjP,103,0-1,White,<=5s vs <=5s,1733
NutfmhJJ,79,1-0,White,<=5s vs 10-15s,2166
TYxjeWsT,87,1-0,White,<=5s vs 10-15s,1886
rKhfPwQl,77,0-1,White,<=5s vs 5-10s,1823
Pm0MJdKd,107,1/2-1/2,White,<=5s vs <=5s,2464
FXaAkz1W,73,1-0,White,<=5s vs 10-15s,2319
UzSoHsHm,47,1-0,White,<=5s vs 15-20s,1257
7m4NFeLL,94,0-1,Black,<=5s vs <=5s,1964
VwHelMIS,77,1-0,White,<=5s vs 15-20s,2281
h44zowjL,80,1-0,Black,<=5s vs 10-15s,2038
b6yuGbIC,55,1-0,White,<=5s vs 5-10s,1959
Bo2Sa4YG,52,0-1,Black,<=5s vs 10-15s,1842
Wu33RpvK,52,0-1,Black,<=5s vs 15-20s,1216
Ry21NX04,91,1-0,White,<=5s vs <=5s,2420
0HA6LVTC,113,1-0,White,<=5s vs 10-15s,2398
atx27fB9,52,0-1,Black,<=5s vs 5-10s,1058
2CbHa93k,66,0-1,Black,<=5s vs 10-15s,2099
O9WbrqCE,151,1-0,White,<=5s vs <=5s,2532
lzwdGILN,150,0-1,Black,<=5s vs <=5s,2566
MnLrenHC,46,0-1,Black,<=5s vs 15-20s,1781
W3Jcmzds,66,1-0,Black,<=5s vs <=5s,1763
zwaJ4vOf,63,1-0,White,<=5s vs 10-15s,1235
vRMG2nwJ,129,1-0,White,<=5s vs 10-15s,2249
iN7djCjG,62,0-1,Black,<=5s vs 5-10s,1695
YREn25ku,77,1-0,White,<=5s vs <=5s,2010
UNpEwJ2I,82,1-0,Black,<=5s vs <=5s,2122
pUQf4rMy,58,0-1,Black,<=5s vs 10-15s,1693
AcPyNd5D,77,1-0,White,<=5s vs 5-10s,2087
6fr7Ca2E,88,0-1,Black,<=5s vs 15-20s,2452
W9rAdvqV,72,1-0,Black,<=5s vs <=5s,1441
CfjKWBHD,63,1-0,White,<=5s vs 15-20s,1353
GB1nzmLs,106,0-1,Black,<=5s vs 15-20s,2529
1USjGB8M,72,1-0,Black,<=5s vs <=5s,2001
jjnr6ZI5,102,0-1,Black,<=5s vs 10-15s,2462
BMQGXwlh,75,0-1,White,<=5s vs <=5s,2194
cm3nVEyf,48,1-0,Black,<=5s vs 5-10s,1076
tu8ddQIO,101,0-1,White,<=5s vs <=5s,1604
YxJspsez,95,1-0,White,<=5s vs 15-20s,2054
ZeHuW7qM,62,0-1,Black,<=5s vs 15-20s,1375
RG6lybyZ,83,0-1,White,<=5s vs 10-15s,2124
uLjpJF4x,75,1-0,White,<=5s vs 10-15s,2319
9sbnvjL1,55,1-0,White,<=5s vs 10-15s,2441
Gw2JAiK3,86,1-0,Black,<=5s vs <=5s,2320
eR7Svk3p,49,1-0,White,<=5s vs 15-20s,1679
HbQV5cAX,72,0-1,Black,<=5s vs <=5s,2383
OmjEz5ri,133,1-0,White,<=5s vs 5-10s,2402
h6lDTE4M,52,0-1,Black,<=5s vs 10-15s,1590
CtPbsTxT,122,1-0,Black,<=5s vs <=5s,2632
VPFTYuuU,54,0-1,Black,<=5s vs 10-15s,1604
euo0tesm,78,1-0,Black,<=5s vs 5-10s,2039
VramRwKQ,68,0-1,Black,<=5s vs 5-10s,2571
Y2IbJkf4,63,1-0,White,<=5s vs 15-20s,2325
feAyWWWM,112,0-1,Black,<=5s vs <=5s,1659
v2NtWeD5,52,1-0,Black,<=5s vs 10-15s,1316
3D4UjtUG,65,1/2-1/2,White,<=5s vs 10-15s,2178
ZzgPBWId,28,0-1,Black,<=5s vs 10-15s,979
FBsx047L,70,0-1,Black,<=5s vs 5-10s,2161
rSlEPH8s,87,1-0,White,<=5s vs 5-10s,2301
pzBkXIji,94,1/2-1/2,Black,<=5s vs 10-15s,2437
CoI9I1S0,77,1-0,White,<=5s vs 15-20s,2190
5M1RNrHq,89,1-0,White,<=5s vs 5-10s,1234
RReVOlsN,50,0-1,Black,<=5s vs 5-10s,1599
Xe69YpLg,46,1-0,Black,<=5s vs 5-10s,1826
KwcSkyr2,74,0-1,Black,<=5s vs <=5s,1421
SLxN4aHi,60,0-1,Black,<=5s vs 15-20s,1656
NyOAh2C9,49,1-0,White,<=5s vs 15-20s,2207
07McYLTM,76,0-1,Black,<=5s vs 10-15s,1542
s9LcH1TD,68,1-0,Black,<=5s vs <=5s,1402
RZGUinRL,49,1-0,White,<=5s vs 5-10s,1163
IpsSYLdC,88,1-0,Black,<=5s vs <=5s,2070
rVP3jX9f,93,0-1,White,<=5s vs 5-10s,2272
lHQfystM,120,1/2-1/2,Black,<=5s vs 10-15s,2639
rAYCXEhq,90,0-1,Black,<=5s vs 5-10s,2409
KWKpQkRN,102,0-1,Black,<=5s vs 5-10s,1184
2jsv833r,69,1-0,White,<=5s vs 15-20s,2131
4E8yyfjF,55,1-0,White,<=5s vs 10-15s,1170
crirVauE,85,0-1,White,<=5s vs 5-10s,1662
Z2Ldj5yd,123,1-0,White,<=5s vs 15-20s,2585
zJmi06M9,52,0-1,Black,<=5s vs 15-20s,1898
sF9rRyqn,125,1-0,White,<=5s vs 5-10s,1868
4c1qDuyw,94,1/2-1/2,Black,<=5s vs 15-20s,1890
EjpshNfO,60,0-1,Black,<=5s vs 15-20s,1781
DscHBsxw,60,0-1,Black,<=5s vs 10-15s,1300
JeTY0gR9,68,0-1,Black,<=5s vs 10-15s,1634
jAC9q9BR,56,0-1,Black,<=5s vs 10-15s,1224
0EaDnCSO,91,1-0,White,<=5s vs 10-15s,2046
CFTgSTs4,144,1-0,Black,<=5s vs 5-10s,2057
XzxG7nGM,52,0-1,Black,<=5s vs 15-20s,1578
aNPqqoEU,79,1-0,White,<=5s vs 5-10s,1858
MC4NUtZu,53,1-0,White,<=5s vs 10-15s,2146
duQsCa0w,60,0-1,Black,<=5s vs 5-10s,979
YF4TDFJW,68,0-1,Black,<=5s vs 15-20s,1697
lxkOec9k,84,0-1,Black,<=5s vs 5-10s,2384
XA4tBJjD,75,1-0,White,<=5s vs 10-15s,2051
kEXMnEa3,89,0-1,White,<=5s vs 5-10s,1551
XmNqvaBG,66,1/2-1/2,Black,<=5s vs 5-10s,2187
U9x5iI9B,64,0-1,Black,<=5s vs 5-10s,1991
Hqx7hErU,59,1-0,White,<=5s vs 5-10s,2025
StBS8WNY,61,1-0,White,<=5s vs 10-15s,2094
7cGiKt6r,57,1-0,White,<=5s vs 10-15s,1971
b7qzK7AR,89,0-1,White,<=5s vs 5-10s,1876
6IR0qZpD,79,0-1,White,<=5s vs 5-10s,1525
7oOmEt4X,54,0-1,Black,<=5s vs 10-15s,1498
0uQCCZy8,45,1-0,White,<=5s vs 10-15s,1884
ajHqm0sv,58,0-1,Black,<=5s vs 5-10s,1562
tjxkZ66m,115,1-0,White,<=5s vs 15-20s,2501
XrrPvqBM,66,0-1,Black,<=5s vs 10-15s,1218
PCGWxpZP,70,1-0,Black,<=5s vs 5-10s,1761
Un3YO87O,46,0-1,Black,<=5s vs 10-15s,1391
q6aI5inx,80,0-1,Black,<=5s vs <=5s,1528
URfg8vvu,78,0-1,Black,<=5s vs 10-15s,2469
Qwd6wj4L,104,0-1,Black,<=5s vs 5-10s,1979
LSmY0rtm,67,1-0,White,<=5s vs 5-10s,1668
3tP2AaDc,49,1-0,White,<=5s vs 10-15s,1679
MlcXdbbF,88,0-1,Black,<=5s vs 5-10s,1886
q1qivmgS,61,1-0,White,<=5s vs 5-10s,1742
dpN87mDw,42,0-1,Black,<=5s vs 15-20s,1656
JvrTF2FH,93,1-0,White,<=5s vs 5-10s,2802
ENjrHVmq,41,0-1,White,<=5s vs 5-10s,882
avF4vt2Y,70,0-1,Black,<=5s vs <=5s,927
yRhbgfSO,58,0-1,Black,<=5s vs 15-20s,1816
1poQgE9H,82,1/2-1/2,Black,<=5s vs <=5s,1682
g6GUzry2,67,1-0,White,<=5s vs <=5s,2126
RCWiwZRX,63,1-0,White,<=5s vs 5-10s,1452
Fg4x1hB5,68,0-1,Black,<=5s vs 5-10s,1784
7gIBhavH,76,1-0,Black,<=5s vs <=5s,1340
aVPHKZP5,100,0-1,Black,<=5s vs 15-20s,2375
NugKNF0g,60,0-1,Black,<=5s vs 10-15s,1343
IB8V5P86,114,0-1,Black,<=5s vs 15-20s,1970
saYIW6n6,44,0-1,Black,<=5s vs 10-15s,1171
p8RiL6mO,63,1-0,White,<=5s vs 5-10s,1734
RgmwSVuv,74,0-1,Black,<=5s vs <=5s,2274
ee15tjTZ,56,0-1,Black,<=5s vs 15-20s,1563
MYeRwxup,45,1-0,White,<=5s vs 15-20s,1407
DfbjkuER,83,1-0,White,<=5s vs 15-20s,1878
iNrBTlBE,146,1/2-1/2,Black,<=5s vs 10-15s,2506
d9XB3QHw,74,0-1,Black,<=5s vs 5-10s,1374
5Iu4Vcey,68,0-1,Black,<=5s vs 5-10s,2834
xoAiGBoC,43,0-1,White,<=5s vs 5-10s,1061
XANhrVxz,72,0-1,Black,<=5s vs 5-10s,1852
u1Mvbv4P,60,0-1,Black,<=5s vs <=5s,1005
I3x9idrV,56,0-1,Black,<=5s vs 10-15s,2153
DrO7KKDo,116,0-1,Black,<=5s vs <=5s,2453
nGBZynMz,69,1-0,White,<=5s vs <=5s,2038
5gxYsPBR,59,1-0,White,<=5s vs 10-15s,1346
9CbNb2lP,113,1-0,White,<=5s vs 10-15s,2188
c7uXvF35,65,1-0,White,<=5s vs 10-15s,2475
qKxWLKDr,67,1-0,White,<=5s vs <=5s,1956
X655FkJn,81,0-1,White,<=5s vs 5-10s,2517
IO5Xy33p,117,1/2-1/2,White,<=5s vs 5-10s,2296
PmsjatAr,77,1-0,White,<=5s vs 10-15s,1871
DEqS66GE,69,0-1,White,<=5s vs 5-10s,1609
3HmCcCtq,91,1-0,White,<=5s vs 10-15s,2290
MGLfXwGP,84,0-1,Black,<=5s vs 15-20s,1640
GFUGXX5Y,63,1-0,White,<=5s vs 10-15s,1434
Yw3kvyJm,115,1/2-1/2,White,<=5s vs 5-10s,2480
GT8BbT9p,82,0-1,Black,<=5s vs 10-15s,1847
v0b1WuCM,49,1-0,White,<=5s vs 15-20s,1404
aJ5g2wsO,63,0-1,White,<=5s vs <=5s,1351
SLHjGnoV,59,1-0,White,<=5s vs 10-15s,1048
gorYuapd,81,1-0,White,<=5s vs 10-15s,2213
EUyPHtxn,80,0-1,Black,<=5s vs 10-15s,2316
65AMnwW8,67,0-1,White,<=5s vs 10-15s,2350
gjar2fjm,181,1/2-1/2,White,<=5s vs 5-10s,2445
ZbgN36Yx,50,0-1,Black,<=5s vs 10-15s,1550
SL6ivug6,69,1-0,White,<=5s vs 10-15s,1642
v7ElZfwa,59,1-0,White,<=5s vs 15-20s,1161
zTQMhPZt,64,0-1,Black,<=5s vs 15-20s,2455
4VFdMrjM,55,1-0,White,<=5s vs 5-10s,1082
1HBlaG1A,57,1-0,White,<=5s vs 5-10s,963
A5keugu0,79,1-0,White,<=5s vs 10-15s,1584
oo4xyY05,67,1-0,White,<=5s vs 10-15s,2331
CFsSE7a8,92,0-1,Black,<=5s vs <=5s,2610
UYylYSr0,85,1-0,White,<=5s vs 5-10s,2572
ggKWI7U3,61,1-0,White,<=5s vs 15-20s,1774
BAVQnNVJ,69,1-0,White,<=5s vs 5-10s,2096
U0ptMHcH,59,1-0,White,<=5s vs 10-15s,995
sPDoLbRZ,68,0-1,Black,<=5s vs 10-15s,1371
8iwAkSpX,69,1-0,White,<=5s vs 10-15s,2248
DPWsipLF,81,1-0,White,<=5s vs 5-10s,1959
BpwHkDn2,58,0-1,Black,<=5s vs 5-10s,1346
GwFGrXMI,45,1-0,White,<=5s vs 15-20s,1579
mpvwDLMm,58,0-1,Black,<=5s vs 5-10s,1038
BLGPH4ff,99,0-1,White,<=5s vs <=5s,2341
jTb7PwLp,72,0-1,Black,<=5s vs 10-15s,1634
nh39jAZ5,145,1/2-1/2,White,<=5s vs 15-20s,2401
b9Cu5wDl,54,0-1,Black,<=5s vs 5-10s,1264
CzgMde1e,76,0-1,Black,<=5s vs <=5s,987
0jQ99H7H,68,0-1,Black,<=5s vs 5-10s,2472
ZW1rAI52,79,1-0,White,<=5s vs 10-15s,2307
RhMfwSqm,44,0-1,Black,<=5s vs 5-10s,1450
YaH6aOAz,59,1-0,White,<=5s vs 5-10s,2252
vWpid3n4,65,1-0,White,<=5s vs 15-20s,1298
ZHODocb4,61,1-0,White,<=5s vs 15-20s,2538
i6ZEsK1m,60,0-1,Black,<=5s vs 15-20s,1105
J8mDB1Yx,63,1-0,White,<=5s vs 10-15s,1871
BCZ5ik06,125,0-1,White,<=5s vs 5-10s,1991
6KMW9Uul,106,0-1,Black,<=5s vs 5-10s,2253
76pFpujN,74,0-1,Black,<=5s vs 5-10s,1771
O7qedlOI,99,1-0,White,<=5s vs 5-10s,2431
FuOQIvPC,74,0-1,Black,<=5s vs 10-15s,2510
oq8A3tq9,27,0-1,White,<=5s vs 5-10s,1093
tWH4Nq5L,53,0-1,White,<=5s vs 5-10s,1115
UbROc49z,50,1-0,Black,<=5s vs 15-20s,924
M3Zz88St,66,0-1,Black,<=5s vs 15-20s,1903
c4dZV1e8,93,1-0,White,<=5s vs 10-15s,2171
g3blfw4w,66,1-0,Black,<=5s vs <=5s,1136
AA191d9s,67,1-0,White,<=5s vs 10-15s,1548
AcT0P62f,77,1-0,White,<=5s vs 10-15s,1886
PpkretHn,66,0-1,Black,<=5s vs 15-20s,1680
2XWtXxB9,86,1-0,Black,<=5s vs <=5s,2464
CRnJbjaO,113,1-0,White,<=5s vs 15-20s,1956
Eqrqgorw,62,1-0,Black,<=5s vs <=5s,1340
JyXQOajX,68,0-1,Black,<=5s vs 15-20s,1859
B5zMP48f,54,0-1,Black,<=5s vs 10-15s,1135
IyQcSayN,141,1-0,White,<=5s vs 5-10s,2481
daYSqdBF,80,0-1,Black,<=5s vs 5-10s,2242
7WeJO4Mk,67,1-0,White,<=5s vs 5-10s,1855
dMXf1Tu5,48,0-1,Black,<=5s vs 15-20s,1292
jWTU0uPh,82,0-1,Black,<=5s vs <=5s,1698
vrElrlV5,67,1-0,White,<=5s vs 5-10s,2384
zphl0RCA,70,0-1,Black,<=5s vs 15-20s,1616
GtTBEb8Y,50,0-1,Black,<=5s vs 15-20s,1867
dlPUfuFu,53,0-1,White,<=5s vs 10-15s,1990
FDDcPPTO,76,0-1,Black,<=5s vs 15-20s,1785
R9zBj5vf,87,0-1,White,<=5s vs 5-10s,1969
e0PyI3d8,55,1-0,White,<=5s vs 10-15s,1262
bVCJUeZG,133,1-0,White,<=5s vs 5-10s,2725
ysBr1SyR,59,1-0,White,<=5s vs 10-15s,1484
AVtQMxT7,161,1/2-1/2,White,<=5s vs 5-10s,2209
1WOMxYsp,75,1-0,White,<=5s vs 5-10s,2496
fgypHVzh,77,0-1,White,<=5s vs 5-10s,2199
6V3SBJKO,48,0-1,Black,<=5s vs 10-15s,2237
Ye9vBPOu,85,1-0,White,<=5s vs 10-15s,2702
g8lWWdlt,66,0-1,Black,<=5s vs 5-10s,1524
SfVlPDIL,74,1-0,Black,<=5s vs <=5s,1881
e0Bzc9xj,83,1-0,White,<=5s vs <=5s,1805
IxcvtsTw,62,0-1,Black,<=5s vs 5-10s,2415
K4jNhd0N,101,0-1,White,<=5s vs <=5s,1300
ZcLR30Ea,57,1-0,White,<=5s vs 5-10s,1102
YReviSRG,102,1-0,Black,<=5s vs <=5s,2287
5JvGRA3l,73,0-1,White,<=5s vs 5-10s,2842
1xQX1cQK,52,0-1,Black,<=5s vs 10-15s,1305
xZXRAdyZ,55,1-0,White,<=5s vs 10-15s,1615
7fSp9kMl,70,0-1,Black,<=5s vs 10-15s,1618
7AUxrt3h,65,1-0,White,<=5s vs 15-20s,2132
GPEKz93f,59,0-1,White,<=5s vs 5-10s,1348
50Fw0omy,89,1-0,White,<=5s vs 5-10s,1350
DTdGur4K,57,1-0,White,<=5s vs 10-15s,1253
bL2PU4OP,76,1-0,Black,<=5s vs 5-10s,1873
jdRvwcPs,61,1-0,White,<=5s vs 15-20s,2308
r9479zyd,67,1-0,White,<=5s vs <=5s,1311
xZpJ78kB,72,0-1,Black,<=5s vs 15-20s,2116
rD9dJ5yX,137,1/2-1/2,White,<=5s vs 15-20s,2538
kVqEnEZd,63,1-0,White,<=5s vs 5-10s,1161
V3leZCK6,62,0-1,Black,<=5s vs 5-10s,1133
m6SlMi9u,79,1-0,White,<=5s vs 10-15s,1728
C7yXIsVS,40,0-1,Black,<=5s vs 15-20s,1447
xC4eGamv,77,1-0,White,<=5s vs 5-10s,2624
L12GLccL,56,0-1,Black,<=5s vs 10-15s,1466
bqik1UOx,94,0-1,Black,<=5s vs 10-15s,2420
CoMnP0c1,108,1-0,Black,<=5s vs <=5s,1879
14S2hQdF,70,0-1,Black,<=5s vs 15-20s,1978
XyQp0Whg,65,1-0,White,<=5s vs 15-20s,1526
jt1bZWYp,71,1-0,White,<=5s vs 15-20s,2071
dQtdlRml,63,1-0,White,<=5s vs 15-20s,1984
RgkVwYI7,84,1-0,Black,<=5s vs <=5s,2261
FPLXTqS1,52,0-1,Black,<=5s vs 15-20s,2274
R2jESYoO,92,1/2-1/2,Black,<=5s vs 5-10s,2175
LO00d8EZ,69,1-0,White,<=5s vs <=5s,1580
2AIFdrT3,81,1-0,White,<=5s vs <=5s,2314
St54Ggcw,64,1-0,Black,<=5s vs <=5s,1599
mMWIPt8E,79,1-0,White,<=5s vs 15-20s,2458
f6sFt7Uy,63,0-1,White,<=5s vs 5-10s,1680
TZva8Nzz,82,0-1,Black,<=5s vs 10-15s,2424
n5Y7Bk4j,122,0-1,Black,<=5s vs 5-10s,2412
z1ssesUC,123,1-0,White,<=5s vs 10-15s,2358
MOwAThep,67,0-1,White,<=5s vs <=5s,1844
8XRjMo5R,86,0-1,Black,<=5s vs 15-20s,2320
9nK0vohq,70,0-1,Black,<=5s vs 15-20s,2348
19lHrNWt,88,0-1,Black,<=5s vs 15-20s,1364
LZauukuf,104,0-1,Black,<=5s vs <=5s,2457
8AGYsV3m,113,1/2-1/2,White,<=5s vs 15-20s,1697
4xterGvC,73,1-0,White,<=5s vs 10-15s,2517
IV5TV9cx,61,1-0,White,<=5s vs 10-15s,1244
rV4o7sff,57,1-0,White,<=5s vs 10-15s,961
BWgrtPVl,104,0-1,Black,<=5s vs 15-20s,2023
1zGsORnt,47,1-0,White,<=5s vs 10-15s,1362
p1axGF1I,51,1-0,White,<=5s vs 10-15s,2018
92ZejuCT,56,0-1,Black,<=5s vs 15-20s,1160
6vuhFgAr,80,0-1,Black,<=5s vs <=5s,2044
AMLmh9vY,58,0-1,Black,<=5s vs 5-10s,1278
jCFqQ8RZ,109,0-1,White,<=5s vs 15-20s,2302
uYP2kRNg,50,0-1,Black,<=5s vs 15-20s,1113
velzMgs0,72,0-1,Black,<=5s vs <=5s,2101
FiTeJGhp,71,1-0,White,<=5s vs <=5s,1607
2HbCU94l,80,0-1,Black,<=5s vs 15-20s,2296
BFYPdApe,111,1-0,White,<=5s vs 10-15s,2381
5cBx4CST,57,1-0,White,<=5s vs 15-20s,1107
hlG7HeqE,74,0-1,Black,<=5s vs 10-15s,2022
YVTXRuZz,60,0-1,Black,<=5s vs 5-10s,891
MNBnScIh,76,0-1,Black,<=5s vs 5-10s,1886
RsVJCuw2,81,1/2-1/2,White,<=5s vs 10-15s,1875
fBWMQJnH,111,1-0,White,<=5s vs 10-15s,2161
JWvUxQQa,96,0-1,Black,<=5s vs 10-15s,2317
OlhOO4QI,55,0-1,White,<=5s vs 5-10s,1763
uCXFi7zz,64,0-1,Black,<=5s vs 5-10s,1079
BHy33Lyn,88,0-1,Black,<=5s vs 10-15s,2274
gkkoTkaH,39,1-0,White,<=5s vs 10-15s,1000
JPekwbfb,59,1-0,White,<=5s vs 15-20s,1401
CftzAxVY,54,0-1,Black,<=5s vs 15-20s,2011
ORaeMDTV,89,1-0,White,<=5s vs 15-20s,1777
CAfEFTDn,46,0-1,Black,<=5s vs 5-10s,694
UCePsDgL,72,1-0,Black,<=5s vs 5-10s,2000
VVZ07IBb,50,0-1,Black,<=5s vs 15-20s,1847
9TbByDbk,104,1-0,Black,<=5s vs <=5s,1666
rzgzXykR,56,0-1,Black,<=5s vs 15-20s,1421
dRXANZck,81,1-0,White,<=5s vs 15-20s,2032
66DAQhtF,116,0-1,Black,<=5s vs <=5s,2378
MQtZslNT,45,1-0,White,<=5s vs 10-15s,1120
JqH3NzQu,106,0-1,Black,<=5s vs 5-10s,2458
0ZyH1cL8,44,0-1,Black,<=5s vs 15-20s,1112
OyREVJRO,61,1-0,White,<=5s vs 10-15s,2225
KJ1b1XUj,76,0-1,Black,<=5s vs 5-10s,1871
gPldCiZr,75,1-0,White,<=5s vs <=5s,1686
7T8tYfg4,75,1-0,White,<=5s vs 5-10s,2104
Voq3G8Ct,97,1-0,White,<=5s vs 5-10s,2500
Cwd5sYno,104,0-1,Black,<=5s vs 5-10s,2775
RRSPDKcX,81,1/2-1/2,White,<=5s vs 5-10s,2143
IhiRXDwF,47,1-0,White,<=5s vs 15-20s,805
veWaYihT,109,1-0,White,<=5s vs 5-10s,1576
iGmDTVnX,63,1-0,White,<=5s vs 15-20s,1425
BjwrDQMO,70,0-1,Black,<=5s vs 10-15s,1711
sNZ88W42,110,1-0,Black,<=5s vs 5-10s,2266
LQ2JH9R2,54,0-1,Black,<=5s vs 15-20s,1145
YFOvUmE1,89,1-0,White,<=5s vs 15-20s,1926
qF7tTJvI,84,0-1,Black,<=5s vs 10-15s,2201
R8egVjuc,83,1-0,White,<=5s vs 5-10s,1557
Z8C8oPt3,74,0-1,Black,<=5s vs 5-10s,1976
js95gqQo,55,0-1,White,<=5s vs 5-10s,1835
tEM9dgG8,77,1/2-1/2,White,<=5s vs 10-15s,2274
VFaVKfm7,112,0-1,Black,<=5s vs 5-10s,2270
6e6DYVPw,60,0-1,Black,<=5s vs 5-10s,1993
6SUOVjqN,58,0-1,Black,<=5s vs <=5s,960
Cw1wVpDh,46,0-1,Black,<=5s vs 15-20s,1131
KRFHELts,69,0-1,White,<=5s vs <=5s,1624
PNeXqrKG,73,0-1,White,<=5s vs <=5s,1512
zblpFYOq,83,1-0,White,<=5s vs 5-10s,1768
KSCphdX1,76,1-0,Black,<=5s vs 5-10s,1051
pEiKPPLs,80,0-1,Black,<=5s vs 5-10s,1793
hRJ6wj9z,81,1-0,White,<=5s vs 10-15s,1870
AzNcApWS,73,1-0,White,<=5s vs 10-15s,1713
MzOVxTvD,69,1-0,White,<=5s vs 15-20s,1791
pDtiwzFc,110,0-1,Black,<=5s vs <=5s,2361
GMOUGVGf,101,0-1,White,<=5s vs 5-10s,2282
UhYuZiSf,62,0-1,Black,<=5s vs 10-15s,1829
ozQYM6DS,65,1-0,White,<=5s vs 10-15s,1703
wXW1sJ5w,78,1/2-1/2,Black,<=5s vs 5-10s,1888
ii7UIINz,120,0-1,Black,<=5s vs 10-15s,2643
4kROHzcM,96,0-1,Black,<=5s vs 5-10s,2557
6x3gVQz7,49,1-0,White,<=5s vs 5-10s,1118
zTJF2ax8,92,0-1,Black,<=5s vs 10-15s,2443
GYqc8E8p,73,1-0,White,<=5s vs 10-15s,2181
KNARd8Fw,59,1-0,White,<=5s vs 10-15s,1341
03TMu0AC,57,1-0,White,<=5s vs 5-10s,2265
vke81X5Y,35,0-1,White,<=5s vs 15-20s,616
mBoS9Dte,46,0-1,Black,<=5s vs 15-20s,853
nnwDH2DZ,72,1-0,Black,<=5s vs <=5s,1730
AwjuMfcB,55,0-1,White,<=5s vs 5-10s,808
U4gyupFO,135,1-0,White,<=5s vs 5-10s,2528
9C8zjQ4v,101,0-1,White,<=5s vs 5-10s,2160
KYfGsLqP,73,1-0,White,<=5s vs 10-15s,2018
16VPLX48,74,0-1,Black,<=5s vs 5-10s,2115
OcmZ6fuC,101,1-0,White,<=5s vs 5-10s,1907
6wM5QXHN,86,1-0,Black,<=5s vs 5-10s,2501
QzCFFCfI,113,1-0,White,<=5s vs 15-20s,1770
xDzhKK6u,47,1-0,White,<=5s vs 15-20s,1108
8MBHUPji,95,0-1,White,<=5s vs 5-10s,2159
jrwvEHqW,62,0-1,Black,<=5s vs 15-20s,1668
YzcGuVAV,95,1-0,White,<=5s vs <=5s,1279
79SxZlMi,63,0-1,White,<=5s vs 5-10s,1165
RIQYidpE,55,1-0,White,<=5s vs <=5s,2074
rk0c6Pan,78,0-1,Black,<=5s vs 5-10s,2716
7YBZmKeb,76,1-0,Black,<=5s vs <=5s,1202
hyf3hAic,59,1-0,White,<=5s vs 5-10s,1740
UxTepsZa,121,1-0,White,<=5s vs 15-20s,2450
vrRv7wxq,49,1-0,White,<=5s vs 5-10s,1571
Fu8BzjAr,78,0-1,Black,<=5s vs 15-20s,1617
UTTloEgJ,66,0-1,Black,<=5s vs 10-15s,1816
NQBrYBeX,97,1-0,White,<=5s vs 5-10s,2305
RISZF9cz,61,1-0,White,<=5s vs 5-10s,1524
5wUCRmkO,98,0-1,Black,<=5s vs 5-10s,1826
BoDJITxS,115,0-1,White,<=5s vs <=5s,2467
qiBZLA4r,53,1-0,White,<=5s vs 5-10s,1016
etVlNEGP,52,0-1,Black,<=5s vs 15-20s,1234
2n8E0bne,80,0-1,Black,<=5s vs 5-10s,1548
6baxQmK2,72,1-0,Black,<=5s vs <=5s,1367
6VtlRDbN,98,0-1,Black,<=5s vs 5-10s,2537
aKi8HJEc,37,1-0,White,<=5s vs 15-20s,1055
zAquRriv,47,1-0,White,<=5s vs 15-20s,1642
s51FNUn1,63,1-0,White,<=5s vs 10-15s,1536
G4MQZJQg,104,0-1,Black,<=5s vs 15-20s,1523
6AiWHCr7,116,0-1,Black,<=5s vs 10-15s,2634
EhylADqE,85,1-0,White,<=5s vs 15-20s,2411
AfZGHHat,99,1-0,White,<=5s vs <=5s,2182
u0LpIuo4,46,0-1,Black,<=5s vs 15-20s,1380
NKYvmDsK,68,0-1,Black,<=5s vs 10-15s,1579
vSCwbhZx,125,1-0,White,<=5s vs 10-15s,2482
KeuOCoOv,52,0-1,Black,<=5s vs 15-20s,1774
S6mi6n3z,73,1-0,White,<=5s vs 5-10s,1612
crRbkNQ0,68,0-1,Black,<=5s vs 10-15s,1481
ECh5Mtrz,60,0-1,Black,<=5s vs 10-15s,1982
ATw1Kwve,75,1-0,White,<=5s vs 15-20s,2074
OKppEWq9,113,0-1,White,<=5s vs 5-10s,3087
5SQK1KV2,86,0-1,Black,<=5s vs 5-10s,2427
A53fQCd5,66,1-0,Black,<=5s vs <=5s,2272
WbDhbz8o,79,1-0,White,<=5s vs 10-15s,2263
0EbwnIHz,67,1-0,White,<=5s vs 5-10s,1615
oPRs9XZQ,35,1-0,White,<=5s vs 10-15s,1271
rqutsiVA,106,0-1,Black,<=5s vs 15-20s,2174
LbDbNgfq,49,1-0,White,<=5s vs 10-15s,1210
OdHnZgS9,79,1/2-1/2,White,<=5s vs 5-10s,2329
haJjvWfT,61,1-0,White,<=5s vs 5-10s,1703
TjGTKUoq,37,1-0,White,<=5s vs 10-15s,1431
xLPrVQVn,118,1-0,Black,<=5s vs <=5s,2924
4QDOeShJ,93,1-0,White,<=5s vs 10-15s,2145
oiXeYwvB,80,0-1,Black,<=5s vs 5-10s,1400
F4t6bHtc,57,1-0,White,<=5s vs 15-20s,1234
4LGBqPxp,67,1-0,White,<=5s vs 5-10s,1293
9IwpXSZ4,83,1-0,White,<=5s vs 5-10s,1706
CVNS1TUA,55,1-0,White,<=5s vs 15-20s,1912
yH19XmZL,88,0-1,Black,<=5s vs 15-20s,2232
Kd5pWaw4,84,0-1,Black,<=5s vs <=5s,1295
AX0gynP0,75,1-0,White,<=5s vs <=5s,2073
Rf5Nbh9D,68,1-0,Black,<=5s vs <=5s,2046
4oRS7kqm,40,0-1,Black,<=5s vs 10-15s,784
3ymn6GeB,61,1-0,White,<=5s vs 5-10s,1339
Qq8tD682,88,0-1,Black,<=5s vs <=5s,2337
vMTnJwhT,64,1-0,Black,<=5s vs <=5s,2383
GTjMQrnc,36,0-1,Black,<=5s vs 15-20s,1329
oqCyZpt6,72,0-1,Black,<=5s vs 10-15s,1189
eVMzu6EA,70,0-1,Black,<=5s vs 10-15s,2364
vM0LdAhc,50,0-1,Black,<=5s vs 5-10s,1178
gboY9T23,113,0-1,White,<=5s vs 5-10s,2106
nvd2dpRr,81,1-0,White,<=5s vs 5-10s,2316
LaAfmuwN,66,1-0,Black,<=5s vs 5-10s,1684
jvmG2MFG,131,1/2-1/2,White,<=5s vs 10-15s,2313
4Yu1TqBr,55,0-1,White,<=5s vs 10-15s,1568
7kbBBAlU,74,1-0,Black,<=5s vs <=5s,902
T3z5STF2,101,1-0,White,<=5s vs 10-15s,2361
o0XvIErN,71,1-0,White,<=5s vs 5-10s,2186
gBuzvJLY,80,0-1,Black,<=5s vs <=5s,1610
F0ngMkEw,76,0-1,Black,<=5s vs 10-15s,2233
xaOjevJl,99,1-0,White,<=5s vs 10-15s,2234
nRkmPuBA,93,1-0,White,<=5s vs 10-15s,1572
92WVe2LS,45,1-0,White,<=5s vs 5-10s,981
781qkAR2,55,0-1,White,<=5s vs 10-15s,1916
W8aNLHO0,49,1-0,White,<=5s vs 15-20s,1140
zl63Lvkj,78,1-0,Black,<=5s vs <=5s,2294
CfThpj6v,116,0-1,Black,<=5s vs 10-15s,1081
vZ8wfAwh,117,1-0,White,<=5s vs 10-15s,2057
Jfblf7wl,92,0-1,Black,<=5s vs 5-10s,2769
Wp0y1zMX,118,0-1,Black,<=5s vs 15-20s,2275
4Af39hCo,66,1-0,Black,<=5s vs 5-10s,1538
40ldi9Ql,66,0-1,Black,<=5s vs 10-15s,1888
YgLLnBnW,105,0-1,White,<=5s vs <=5s,2024
AnvmBH3U,62,0-1,Black,<=5s vs 10-15s,1886
EWTjfcyK,102,0-1,Black,<=5s vs 10-15s,2199
OVV9eLVX,103,1-0,White,<=5s vs 15-20s,2210
dRDsyoa3,83,1-0,White,<=5s vs 10-15s,1973
9iEi7Faq,103,1/2-1/2,White,<=5s vs 10-15s,2270
AssQOOy4,91,1-0,White,<=5s vs 5-10s,2293
UfNCWsXf,45,1-0,White,<=5s vs 10-15s,1328
F5EB7tKK,54,0-1,Black,<=5s vs 10-15s,1225
EVKjJYW8,142,0-1,Black,<=5s vs <=5s,2434
1tAVyTLy,70,1-0,Black,<=5s vs <=5s,1601
kKONJL7X,90,1/2-1/2,Black,<=5s vs 5-10s,1664
Bgn7USlt,91,1-0,White,<=5s vs 15-20s,1873
F6kMSLSO,101,1-0,White,<=5s vs 10-15s,2264
mOCXCMc3,53,1-0,White,<=5s vs 10-15s,1630
L5uHLRQZ,75,0-1,White,<=5s vs 5-10s,1576
P4TPDDn6,110,0-1,Black,<=5s vs 10-15s,2350
IaQ9OZTg,74,0-1,Black,<=5s vs 5-10s,1378
q1HUccug,65,1-0,White,<=5s vs 15-20s,1606
XSIuq1yw,65,1-0,White,<=5s vs 15-20s,1958
XsOU5cdM,72,0-1,Black,<=5s vs 10-15s,1987
Ni9w06o7,75,1-0,White,<=5s vs <=5s,1354
dJwPJmN6,53,1-0,White,<=5s vs 5-10s,1423
4GQolJJQ,97,0-1,White,<=5s vs <=5s,1956
LEaJcCdJ,142,1/2-1/2,Black,<=5s vs <=5s,2746
MHTKSrlZ,66,1-0,Black,<=5s vs 5-10s,2144
U6CvI1s0,79,0-1,White,<=5s vs <=5s,1225
v4QDLYl9,58,0-1,Black,<=5s vs 10-15s,1317
81MdvVmz,92,0-1,Black,<=5s vs 15-20s,2039
8CPF9MSE,79,1-0,White,<=5s vs 10-15s,2460
6y1PqlJe,67,0-1,White,<=5s vs <=5s,1446
chPm5iLq,78,0-1,Black,<=5s vs 10-15s,2759
XhGQP6Wd,70,0-1,Black,<=5s vs 10-15s,1334
JCZ892He,80,1-0,Black,<=5s vs 10-15s,1826
agIHEFpi,62,0-1,Black,<=5s vs 10-15s,1590
xGPzN5OC,108,0-1,Black,<=5s vs 15-20s,2123
lM4FLGro,57,0-1,White,<=5s vs 10-15s,1689
EHm1G7Bp,89,0-1,White,<=5s vs <=5s,2344
TPzpzQ8L,31,1-0,White,<=5s vs 10-15s,671
qyUYspuC,56,0-1,Black,<=5s vs 10-15s,1532
JP3520yW,56,1-0,Black,<=5s vs 5-10s,912
4hvRITq8,43,1-0,White,<=5s vs 15-20s,815
3GzFl6TL,42,0-1,Black,<=5s vs 10-15s,713
zkpxjoyz,48,1-0,Black,<=5s vs <=5s,1385
wbozCjyG,78,0-1,Black,<=5s vs 15-20s,1188
MJDFRlgY,78,0-1,Black,<=5s vs 5-10s,2628
9XkufST9,95,1-0,White,<=5s vs 5-10s,1227
GkpGck7s,68,0-1,Black,<=5s vs 5-10s,2164
HHyGGOoc,128,0-1,Black,<=5s vs 15-20s,2330
kNmAI5Uu,171,0-1,White,<=5s vs 5-10s,1949
DdgiCOOX,57,1-0,White,<=5s vs 15-20s,1747
XYNpUvDq,82,0-1,Black,<=5s vs 5-10s,2615
G1d1BsVp,74,0-1,Black,<=5s vs 5-10s,1557
YYVi5PmU,56,1-0,Black,<=5s vs <=5s,1636
T3IgoAfM,60,0-1,Black,<=5s vs 5-10s,1161
RjRckFi8,119,1-0,White,<=5s vs 5-10s,3249
U35I45U8,74,0-1,Black,<=5s vs 10-15s,2160
GIiQrv1J,87,0-1,White,<=5s vs 5-10s,1775
Q8G4tAij,68,0-1,Black,<=5s vs 15-20s,1535
ldmE7SBZ,45,1-0,White,<=5s vs 15-20s,814
9TQOgyqH,74,0-1,Black,<=5s vs 5-10s,1902
wbwcSOTT,71,1-0,White,<=5s vs 5-10s,1681
8ylBfGCw,111,1/2-1/2,White,<=5s vs 10-15s,2636
xjDD2OSg,50,0-1,Black,<=5s vs 10-15s,1504
ZoiL7yut,75,1-0,White,<=5s vs 5-10s,2223
Au5HJK7d,50,0-1,Black,<=5s vs 5-10s,1535
aNWCEizo,72,1-0,Black,<=5s vs 10-15s,2586
vrp17G3V,67,1-0,White,<=5s vs 5-10s,2380
BRteWthO,52,0-1,Black,<=5s vs 10-15s,1129
OmkpAKbO,73,1-0,White,<=5s vs 15-20s,1656
F0vD5rRc,70,0-1,Black,<=5s vs 10-15s,2250
NevV1d69,39,1-0,White,<=5s vs 15-20s,1013
O8Rhc9NY,57,1-0,White,<=5s vs 5-10s,917
Yd8K7Q0t,75,0-1,White,<=5s vs 5-10s,1686
SRXFhz1L,105,0-1,White,<=5s vs 5-10s,2034
D6i79RCh,82,0-1,Black,<=5s vs 10-15s,2180
8nZWRIzN,53,1-0,White,<=5s vs 15-20s,1414
RnDF8nFA,73,1-0,White,<=5s vs 5-10s,2185
qb7TZ9F8,86,0-1,Black,<=5s vs 5-10s,2533
3AYq6eG7,98,0-1,Black,<=5s vs 10-15s,1651
4o1OJldK,38,0-1,Black,<=5s vs <=5s,528
SjwW9Fd8,65,1-0,White,<=5s vs 10-15s,1285
zoE6UVCZ,54,0-1,Black,<=5s vs 15-20s,1497
ISFhMxH5,106,0-1,Black,<=5s vs 5-10s,2125
hacZD5iG,69,1-0,White,<=5s vs 10-15s,2122
CREbs5nz,65,0-1,White,<=5s vs 5-10s,1578
SUYdfPsc,73,1-0,White,<=5s vs 15-20s,1618
9yEovzQw,95,1-0,White,<=5s vs <=5s,2149
RiSrIgFl,84,0-1,Black,<=5s vs 10-15s,3022
WaKHo9z6,61,0-1,White,<=5s vs 5-10s,1416
Ho9YVG5h,71,0-1,White,<=5s vs <=5s,2182
dGCLBeGU,84,0-1,Black,<=5s vs 5-10s,2467
SPBCeGt2,75,1-0,White,<=5s vs 15-20s,1296
srXfebgf,70,0-1,Black,<=5s vs 10-15s,1929
wLtrUfen,108,0-1,Black,<=5s vs 15-20s,2339
7d7OvsOd,68,0-1,Black,<=5s vs 15-20s,2005
lbyPGwxS,85,1-0,White,<=5s vs 15-20s,2221
HD3FyaaO,59,1-0,White,<=5s vs 15-20s,1260
0JN0Ap4T,33,1-0,White,<=5s vs 10-15s,823
gjBCtFPK,157,1/2-1/2,White,<=5s vs 5-10s,1859
cV1uzMPQ,112,1-0,Black,<=5s vs 10-15s,1712
dGeHeH7J,116,0-1,Black,<=5s vs 15-20s,2192
SbryhCjv,46,0-1,Black,<=5s vs 15-20s,1804
vybWuyRV,73,1-0,White,<=5s vs 5-10s,1679
A53VCuTt,62,0-1,Black,<=5s vs 5-10s,2090
kUKexf5D,87,1-0,White,<=5s vs 15-20s,2006
UPhVPsjj,46,0-1,Black,<=5s vs 15-20s,1661
OR3FHp13,90,0-1,Black,<=5s vs 10-15s,2149
zhWMyTP1,55,1-0,White,<=5s vs 10-15s,997
RRQP5dDP,53,1-0,White,<=5s vs 10-15s,988
CqIJZU0U,68,0-1,Black,<=5s vs 10-15s,2159
2UvhmIpC,72,0-1,Black,<=5s vs 5-10s,1408
Tsfb81aJ,103,1-0,White,<=5s vs <=5s,2136
ohT3tnBI,60,0-1,Black,<=5s vs <=5s,2143
NvqtqpAB,58,0-1,Black,<=5s vs 5-10s,1702
xZMQU1uw,68,0-1,Black,<=5s vs 15-20s,2031
JYoeDagm,35,1-0,White,<=5s vs 5-10s,943
Evi9CMEx,148,0-1,Black,<=5s vs 5-10s,2701
UGdPtB02,50,0-1,Black,<=5s vs 10-15s,1247
54aRvHyQ,69,1-0,White,<=5s vs 5-10s,2143
2ZvLO40s,66,0-1,Black,<=5s vs 5-10s,2344
IJ8x8Jr9,49,0-1,White,<=5s vs 5-10s,899
lxfXM3f3,81,1-0,White,<=5s vs 5-10s,2398
YNphPHaw,158,1-0,Black,<=5s vs 5-10s,2556
y4SwFWbz,74,0-1,Black,<=5s vs 5-10s,2174
0TNBCZo7,63,0-1,White,<=5s vs 5-10s,2014
vbZOZ0on,74,0-1,Black,<=5s vs 10-15s,2116
kGHXbcwA,86,1/2-1/2,Black,<=5s vs 5-10s,1866
4jlhyyR0,74,0-1,Black,<=5s vs 10-15s,1793
wF0g4D41,91,1-0,White,<=5s vs <=5s,2507
i9oTHZlA,42,0-1,Black,<=5s vs 10-15s,942
b5ya8kPu,72,0-1,Black,<=5s vs 5-10s,1124
tt96xrNx,73,1-0,White,<=5s vs 5-10s,2182
7PLmAl1d,108,0-1,Black,<=5s vs 15-20s,2101
DYTWZQQG,74,0-1,Black,<=5s vs 15-20s,2482
iB8ELrpr,58,0-1,Black,<=5s vs 15-20s,880
3lAKWcy4,104,0-1,Black,<=5s vs 5-10s,1958
QMXGosMG,67,1-0,White,<=5s vs 15-20s,1278
0clY1hUZ,100,1/2-1/2,Black,<=5s vs 5-10s,2721
t1JGxXBp,52,0-1,Black,<=5s vs 15-20s,1049
U8iOfyvA,63,1-0,White,<=5s vs 5-10s,1775
nJhKpqgV,82,0-1,Black,<=5s vs 10-15s,1446
0kdm01IX,53,1-0,White,<=5s vs 5-10s,1153
F4zdepHs,104,0-1,Black,<=5s vs 10-15s,2419
HeIjoEmb,86,0-1,Black,<=5s vs 5-10s,1497
QRUvPaBK,37,1-0,White,<=5s vs 10-15s,1190
qS6XXFIV,61,1-0,White,<=5s vs 5-10s,1950
dEdnuEsE,65,1-0,White,<=5s vs 10-15s,1411
K2W88EKc,115,1-0,White,<=5s vs 10-15s,2595
nxzUZkf3,60,0-1,Black,<=5s vs 10-15s,2151
8nHMeVBB,70,0-1,Black,<=5s vs 5-10s,1776
Mo5pyqVY,88,0-1,Black,<=5s vs 5-10s,2293
8vpGYjUO,61,0-1,White,<=5s vs 5-10s,2067
vwHO5KMw,81,1-0,White,<=5s vs 10-15s,1603
CUKk9UyO,83,1-0,White,<=5s vs <=5s,1397
9yFk3Ehc,55,1-0,White,<=5s vs 10-15s,1127
M4xoYMOL,57,1-0,White,<=5s vs 10-15s,1351
bHWyk81k,46,0-1,Black,<=5s vs 5-10s,1500
vXvDfQQE,75,0-1,White,<=5s vs 5-10s,1793
JdbZk3av,65,1-0,White,<=5s vs 10-15s,1843
swzHKmAZ,76,0-1,Black,<=5s vs 10-15s,1807
wiMeIr7R,123,1/2-1/2,White,<=5s vs 5-10s,2528
2m8ZyBQX,69,0-1,White,<=5s vs 5-10s,1975
hs34pRAY,77,1-0,White,<=5s vs 10-15s,1773
QC0mjX1x,64,0-1,Black,<=5s vs <=5s,1296
Op98sw3Z,60,0-1,Black,<=5s vs 10-15s,2556
4cWXXLd3,118,0-1,Black,<=5s vs 10-15s,2025
H2xL78lB,89,1-0,White,<=5s vs 5-10s,2305
KfLlFIIg,56,0-1,Black,<=5s vs 15-20s,2388
5rxbvsjQ,114,1/2-1/2,Black,<=5s vs 5-10s,2511
sRciQC1E,52,0-1,Black,<=5s vs 5-10s,887
qB1Dxn68,119,1-0,White,<=5s vs 10-15s,1956
J9D9JBgc,76,0-1,Black,<=5s vs 5-10s,1421
RbgXjSUb,105,1-0,White,<=5s vs 5-10s,2264
IB83x1R2,101,1/2-1/2,White,<=5s vs 15-20s,1943
Hj6Jd1na,115,1/2-1/2,White,<=5s vs <=5s,1742
2z9CZtaN,56,0-1,Black,<=5s vs 15-20s,1982
KKO8ApcA,57,1-0,White,<=5s vs 10-15s,1458
P4vzRyB7,44,1-0,Black,<=5s vs 15-20s,1894
BAPuaBfw,66,0-1,Black,<=5s vs 10-15s,1863
sZ4p23eP,79,1-0,White,<=5s vs 10-15s,1340
6ToZPe8R,81,0-1,White,<=5s vs 10-15s,2154
VviPgr9s,77,1-0,White,<=5s vs 5-10s,2177
1ieaTqPS,95,1-0,White,<=5s vs 5-10s,2194
MNSUEbnr,113,1/2-1/2,White,<=5s vs 5-10s,2777
9JRyXFmy,98,1/2-1/2,Black,<=5s vs 15-20s,2157
gNlHi7Do,65,1-0,White,<=5s vs 5-10s,1177
X86XC0mI,39,1-0,White,<=5s vs 15-20s,1144
gmOEJaG3,113,1-0,White,<=5s vs 10-15s,2100
AoStnPeQ,57,1-0,White,<=5s vs 15-20s,1989
LE7PKUvk,57,1-0,White,<=5s vs 10-15s,1445
ptyfpyfQ,54,0-1,Black,<=5s vs 15-20s,1656
cadRtoSX,83,1-0,White,<=5s vs 10-15s,1852
7moK8BAZ,106,0-1,Black,<=5s vs 10-15s,2424
mQ1KR4kX,110,1/2-1/2,Black,<=5s vs 5-10s,2645
HzMhtThA,72,0-1,Black,<=5s vs 5-10s,2150
imLZM4f1,56,0-1,Black,<=5s vs 15-20s,1620
UGzOT3V5,91,1-0,White,<=5s vs 15-20s,2033
DdkqYJ2p,46,0-1,Black,<=5s vs 15-20s,1126
6e4ePvYK,80,0-1,Black,<=5s vs 10-15s,2259
LjycV9f1,75,1-0,White,<=5s vs <=5s,1404
XtdVEcHF,65,0-1,White,<=5s vs 5-10s,2261
6ntK4A2B,77,1/2-1/2,White,<=5s vs 15-20s,1651
dANh98bT,50,0-1,Black,<=5s vs 15-20s,1223
ZykP6UdX,74,0-1,Black,<=5s vs 10-15s,1632
rOb6TDO6,83,1-0,White,<=5s vs 10-15s,1754
oUxEzRRa,85,1-0,White,<=5s vs 5-10s,2688
REGm5CSO,85,1-0,White,<=5s vs <=5s,2171
n8nIZkOS,59,1-0,White,<=5s vs 15-20s,1599
PbX02oly,107,1-0,White,<=5s vs <=5s,1902
ctCO0mV3,50,0-1,Black,<=5s vs 5-10s,1332
wiQ9K02X,39,1-0,White,<=5s vs 10-15s,814
4yFpm3PJ,78,1/2-1/2,Black,<=5s vs 5-10s,1799
tRlZlSRN,50,0-1,Black,<=5s vs 10-15s,1576
UYMUf1A8,87,1-0,White,<=5s vs 10-15s,1322
B8zcntJU,73,1-0,White,<=5s vs 5-10s,1627
SoA2d76m,89,0-1,White,<=5s vs 15-20s,2326
7bMGJ2Nk,83,1-0,White,<=5s vs 10-15s,1560
ulLsiPBu,82,0-1,Black,<=5s vs <=5s,1002
zF31q4iH,63,0-1,White,<=5s vs 10-15s,1802
MTrHT1sP,67,1-0,White,<=5s vs 10-15s,1628
KlYUFqUX,50,0-1,Black,<=5s vs 5-10s,1736
SlOkgJHT,54,0-1,Black,<=5s vs 5-10s,1395
pnhjyZ5l,42,0-1,Black,<=5s vs 10-15s,1029
BZ3Ywo0t,87,1-0,White,<=5s vs 15-20s,2226
XWs2V7be,75,1-0,White,<=5s vs 15-20s,1425
Wgzm9wIE,54,0-1,Black,<=5s vs 10-15s,1108
renvtTSn,60,0-1,Black,<=5s vs 10-15s,2129
GxlXmO18,35,1-0,White,<=5s vs 15-20s,1479
nMWGwv9A,75,1-0,White,<=5s vs 15-20s,1532
2wJ9sPF4,59,0-1,White,<=5s vs 10-15s,1783
67F4kO8j,101,1-0,White,<=5s vs 10-15s,2677
GVfeLHli,58,0-1,Black,<=5s vs 15-20s,2148
Ucb7PqYg,54,0-1,Black,<=5s vs 5-10s,1081
LSghQExu,65,1-0,White,<=5s vs 10-15s,1697
CNsZHsDw,60,0-1,Black,<=5s vs 10-15s,1509
FKyrG3Xm,75,1-0,White,<=5s vs 10-15s,2503
pFgEFmlv,46,0-1,Black,<=5s vs 10-15s,1555
JWqXH020,58,0-1,Black,<=5s vs 5-10s,1503
5hHLFfkr,69,1-0,White,<=5s vs 5-10s,1728
5Jk0CcwM,124,0-1,Black,<=5s vs 5-10s,2429
mRApYos5,56,0-1,Black,<=5s vs 5-10s,1114
9Aihvng6,70,0-1,Black,<=5s vs 15-20s,2751
0Dwshf8U,74,0-1,Black,<=5s vs 15-20s,1713
kg8tqdcy,83,1-0,White,<=5s vs 10-15s,1876
NEn6E5rN,75,0-1,White,<=5s vs <=5s,2180
trcmtL6Z,48,1-0,Black,<=5s vs 10-15s,1930
V7H7LhmN,60,0-1,Black,<=5s vs 15-20s,1445
kVZE0Pj1,73,0-1,White,<=5s vs 5-10s,2036
AC3CLaXM,45,1-0,White,<=5s vs <=5s,1068
t83vbxeL,65,1-0,White,<=5s vs <=5s,1308
98VXUXRt,60,1-0,Black,<=5s vs <=5s,1386
43qMl1ZN,86,1-0,Black,<=5s vs 10-15s,1637
2CJMPbt5,90,0-1,Black,<=5s vs 15-20s,2388
5sj3VFf0,57,0-1,White,<=5s vs 10-15s,1938
uDKcnTMi,52,0-1,Black,<=5s vs 15-20s,1821
I5CkT1Xb,129,0-1,White,<=5s vs 5-10s,2227
BnMJbIK9,76,0-1,Black,<=5s vs 5-10s,1919
biZPMozP,77,1-0,White,<=5s vs 15-20s,1499
nCYYsmxG,53,1-0,White,<=5s vs 10-15s,1229
vHZhnJCZ,65,1-0,White,<=5s vs 10-15s,2195
DzFTuyu6,61,1-0,White,<=5s vs 15-20s,1495
FQW6Yh45,62,0-1,Black,<=5s vs <=5s,1922
pzfmdbvR,96,0-1,Black,<=5s vs <=5s,1812
Ahpu7CnL,108,0-1,Black,<=5s vs <=5s,2226
JBWYUuNf,176,1-0,Black,<=5s vs 5-10s,2386
qUpjZFj8,39,1-0,White,<=5s vs 15-20s,752
E6dl7QTn,53,1-0,White,<=5s vs 10-15s,930
FhoZcyZV,56,1-0,Black,<=5s vs 5-10s,1655
Brfk1lS1,47,1-0,White,<=5s vs 15-20s,1977
E393ouoN,67,1-0,White,<=5s vs 15-20s,2189
qfxIeTEQ,117,1-0,White,<=5s vs 10-15s,2422
uBp51AGY,67,0-1,White,<=5s vs 15-20s,1588
6XuQO2is,60,0-1,Black,<=5s vs 10-15s,1445
bgJRFDu1,61,1-0,White,<=5s vs 15-20s,1621
lK4s2tU0,76,0-1,Black,<=5s vs <=5s,1838
NW1kB3yI,55,1-0,White,<=5s vs 10-15s,1102
juDTVyH4,75,1-0,White,<=5s vs 5-10s,1807
Rig4FjGL,46,0-1,Black,<=5s vs 5-10s,1991
jo2Qemq1,65,1-0,White,<=5s vs 10-15s,1439
9SeTavlM,45,1-0,White,<=5s vs 15-20s,2054
vTkUR7rE,56,0-1,Black,<=5s vs 10-15s,2015
wWKKWfdR,91,1/2-1/2,White,<=5s vs 5-10s,1767
QNxZUgPf,90,0-1,Black,<=5s vs 5-10s,1978
z2ahzoee,77,1-0,White,<=5s vs 5-10s,1602
FHYlMIkD,75,1-0,White,<=5s vs 15-20s,1949
H6xrjKXs,80,0-1,Black,<=5s vs 10-15s,2317
9fwQKwV0,101,1-0,White,<=5s vs 10-15s,1584
W4MuVTKd,126,0-1,Black,<=5s vs 10-15s,1983
j7jJH6qE,72,0-1,Black,<=5s vs 5-10s,2163
PKN1vRwq,43,1-0,White,<=5s vs 5-10s,1136
ewQfPAGp,71,1-0,White,<=5s vs 15-20s,2374
3sEb52zp,120,0-1,Black,<=5s vs 5-10s,2411
HL4lm8Dr,59,0-1,White,<=5s vs <=5s,1729
b5gFIgi6,65,1-0,White,<=5s vs 5-10s,1687
DX7rHdjZ,63,1-0,White,<=5s vs 15-20s,2239
vOe0fhYN,79,1/2-1/2,White,<=5s vs 5-10s,1526
RJi3eaj4,70,1-0,Black,<=5s vs <=5s,2044
mPVqvURo,118,0-1,Black,<=5s vs <=5s,2448
GuhxD8RD,72,0-1,Black,<=5s vs 15-20s,2434
Y19Q7sMj,80,0-1,Black,<=5s vs 5-10s,1413
Xr31YxpA,106,0-1,Black,<=5s vs 15-20s,1691
bYxtd2c0,76,0-1,Black,<=5s vs 10-15s,2499
1HNRiAuG,66,0-1,Black,<=5s vs 10-15s,2327
XRVrwURj,57,1-0,White,<=5s vs 15-20s,1083
l9SJzOCh,40,0-1,Black,<=5s vs 10-15s,933
k41pJWCk,64,0-1,Black,<=5s vs 10-15s,2117
9MIwnwlQ,127,1/2-1/2,White,<=5s vs <=5s,2102
KRt3qRlJ,101,0-1,White,<=5s vs 5-10s,2206
o6XR3Qv6,87,0-1,White,<=5s vs 5-10s,1876
DYJTPhy6,90,0-1,Black,<=5s vs 5-10s,2716
uBkH0RZ7,86,0-1,Black,<=5s vs 5-10s,2309
Ct9HCLOc,79,1-0,White,<=5s vs 5-10s,2190
Ez2H0joK,77,1-0,White,<=5s vs 10-15s,1852
N74qXgun,75,1-0,White,<=5s vs 5-10s,2313
otLHMQer,85,1-0,White,<=5s vs 5-10s,2433
O9Ze7JfS,67,1-0,White,<=5s vs 15-20s,2298
YNHS70n5,77,1-0,White,<=5s vs 10-15s,1461
TAflnMe9,97,1-0,White,<=5s vs 15-20s,2524
7DyLKBjD,99,1-0,White,<=5s vs <=5s,3072
gjWsjTnC,48,0-1,Black,<=5s vs 10-15s,1346
OkR1InEg,121,0-1,White,<=5s vs 5-10s,2108
Ten8nFHV,54,0-1,Black,<=5s vs 10-15s,1237
qFH15YGp,99,1/2-1/2,White,<=5s vs <=5s,2026
NP893v8v,60,0-1,Black,<=5s vs 10-15s,1457
p3Ar9ywa,83,1-0,White,<=5s vs 5-10s,1914
67iqizEk,82,0-1,Black,<=5s vs <=5s,2125
2axG6q2J,84,1/2-1/2,Black,<=5s vs <=5s,2323
GDEbl7fO,72,1/2-1/2,Black,<=5s vs 5-10s,2365
08qwmN70,125,1-0,White,<=5s vs 10-15s,2300
gDE4r8XW,53,1-0,White,<=5s vs 10-15s,1692
wtWn6P0H,95,1-0,White,<=5s vs 15-20s,2097
6I2Ll8qG,105,1/2-1/2,White,<=5s vs 5-10s,2508
plkIcXQt,48,1-0,Black,<=5s vs <=5s,819
YKu89dWv,72,1-0,Black,<=5s vs <=5s,1796
wv8ML5N7,79,1-0,White,<=5s vs <=5s,1708
QB9ONIFU,61,1-0,White,<=5s vs 10-15s,1735
9ThvUZ2C,56,0-1,Black,<=5s vs 10-15s,1225
EIVmFRX1,117,1/2-1/2,White,<=5s vs 15-20s,1827
EsuCKvXN,62,0-1,Black,<=5s vs 15-20s,1903
Gii7QShv,111,1-0,White,<=5s vs 10-15s,2315
BhZrWHxP,64,0-1,Black,<=5s vs 5-10s,1940
vSIkRbBD,62,0-1,Black,<=5s vs 15-20s,1176
MMcYETve,68,0-1,Black,<=5s vs 10-15s,1369
YRS6SidU,88,0-1,Black,<=5s vs 15-20s,1413
M6qg2TCk,80,0-1,Black,<=5s vs 10-15s,1729
IWjivvWl,125,1/2-1/2,White,<=5s vs 5-10s,2017
NWysq1se,55,1-0,White,<=5s vs 10-15s,2180
O3ylF8qg,85,1/2-1/2,White,<=5s vs 5-10s,2848
tQHhuLGP,71,1-0,White,<=5s vs 10-15s,1951
2I4pdvbW,90,1-0,Black,<=5s vs <=5s,1979
bPxZtHlC,64,0-1,Black,<=5s vs 15-20s,1720
5WpwTNns,62,0-1,Black,<=5s vs 15-20s,1647
9GqKF1iI,73,1-0,White,<=5s vs 5-10s,2081
t2Rpkvf3,47,1-0,White,<=5s vs 5-10s,1220
66Cj6C8I,93,1-0,White,<=5s vs 5-10s,2005
BpdPcjSc,54,0-1,Black,<=5s vs 5-10s,1052
AA56JLL1,59,1-0,White,<=5s vs 15-20s,1188
Jmeo6VwX,78,0-1,Black,<=5s vs 15-20s,2319
xniXpK42,51,0-1,White,<=5s vs <=5s,1247
uCf344eE,58,1-0,Black,<=5s vs <=5s,1730
5YSXjtbq,87,0-1,White,<=5s vs <=5s,2227
Bhb5a1aE,123,0-1,White,<=5s vs 15-20s,1992
SXgNkwl0,123,1-0,White,<=5s vs 5-10s,2250
DDGVuWhg,95,1-0,White,<=5s vs 5-10s,2753
sNY1SDOJ,66,0-1,Black,<=5s vs 10-15s,1987
Nc1P7Q4l,64,0-1,Black,<=5s vs <=5s,1741
STOrQpMc,58,0-1,Black,<=5s vs 15-20s,2214
k9OVirsW,107,1-0,White,<=5s vs 5-10s,1937
ZE57an7n,71,1-0,White,<=5s vs 5-10s,1891
ayjb2VAI,46,0-1,Black,<=5s vs 10-15s,1763
5QkBYUmi,85,1-0,White,<=5s vs 15-20s,2435
GgoPDI91,98,1/2-1/2,Black,<=5s vs <=5s,2342
Wd0yswIn,91,1-0,White,<=5s vs 10-15s,2646
iIaaCrWK,44,0-1,Black,<=5s vs 10-15s,1258
1r61bQCl,52,0-1,Black,<=5s vs 5-10s,1032
oa8kJpgE,79,1-0,White,<=5s vs 10-15s,2572
7CS1w8ip,58,0-1,Black,<=5s vs 10-15s,1468
LabROIpJ,110,0-1,Black,<=5s vs 15-20s,2473
avSsobuu,48,0-1,Black,<=5s vs 15-20s,1598
GWQqklam,70,0-1,Black,<=5s vs <=5s,1993
Z1TMNyEI,49,1-0,White,<=5s vs 15-20s,2361
1U0f7DVd,88,1-0,Black,<=5s vs 5-10s,2379
3jGnLsOW,71,1-0,White,<=5s vs 5-10s,2066
GGbPQVOr,59,1-0,White,<=5s vs 15-20s,1055
bmCDOO9I,57,1-0,White,<=5s vs 5-10s,1520
VkpWSORy,113,1/2-1/2,White,<=5s vs <=5s,1418
ghogM4k1,91,0-1,White,<=5s vs <=5s,1631
PlxgfiSC,80,1-0,Black,<=5s vs <=5s,2246
Wt5tulPK,61,1-0,White,<=5s vs 10-15s,1579
sHAWYonI,50,0-1,Black,<=5s vs 10-15s,753
DI19WNPs,88,0-1,Black,<=5s vs <=5s,2107
Bv3bfVWI,85,1-0,White,<=5s vs 15-20s,2146
XbCkejzP,61,1-0,White,<=5s vs 15-20s,1787
XXiIEPe8,91,0-1,White,<=5s vs <=5s,1580
1cI1OgTz,61,1-0,White,<=5s vs 10-15s,1229
0mrHChPx,76,1-0,Black,<=5s vs 5-10s,1555
SvaiU0rk,72,0-1,Black,<=5s vs 5-10s,1781
CAgpJcCZ,43,1-0,White,<=5s vs 10-15s,1482
1oOVUiOO,88,1-0,Black,<=5s vs 5-10s,1688
JaqSXwmg,96,1-0,Black,<=5s vs 5-10s,2651
NcRXgQHS,73,1-0,White,<=5s vs 5-10s,1719
7SAybJNc,92,0-1,Black,<=5s vs <=5s,2243
sOPYGor8,70,1-0,Black,<=5s vs <=5s,1447
LL9xV5uD,64,0-1,Black,<=5s vs 5-10s,1693
wFMQFXKD,68,1-0,Black,<=5s vs <=5s,1601
q6XGZ8ZA,43,1-0,White,<=5s vs <=5s,461
FN7vo1St,143,1-0,White,<=5s vs 5-10s,1609
66dWcWUE,58,0-1,Black,<=5s vs 10-15s,1884
4hHdecKL,103,1/2-1/2,White,<=5s vs <=5s,1809
N5fHYOGN,55,1-0,White,<=5s vs 10-15s,1425
9jc2CSps,80,0-1,Black,<=5s vs 10-15s,2423
VCAn09dQ,59,1-0,White,<=5s vs 5-10s,815
tYTZY3IQ,62,1-0,Black,<=5s vs 5-10s,1526
I9Mo5hxL,116,1-0,Black,<=5s vs <=5s,1634
HnvjJaV6,57,1-0,White,<=5s vs 10-15s,2388
Nyy7cOeB,87,1-0,White,<=5s vs 5-10s,2379
LzOH5Vss,90,1-0,Black,<=5s vs <=5s,1512
gnOVbgRi,40,0-1,Black,<=5s vs 15-20s,982
nkjTP5DH,82,0-1,Black,<=5s vs <=5s,1415
0xdKi81q,88,1/2-1/2,Black,<=5s vs 5-10s,2789
LgVN2qFg,59,1-0,White,<=5s vs 10-15s,1881
F9xOdq7z,63,1-0,White,<=5s vs <=5s,1243
WSZFFEHd,114,0-1,Black,<=5s vs 5-10s,1911
86Gy7YdJ,55,1-0,White,<=5s vs 15-20s,2073
rgfxzsDT,69,1-0,White,<=5s vs 15-20s,1659
yhcqmDm1,78,0-1,Black,<=5s vs <=5s,2732
0FgLc6vY,90,0-1,Black,<=5s vs <=5s,1538
gBU6qF8R,44,0-1,Black,<=5s vs <=5s,1326
MTXEb3Un,69,0-1,White,<=5s vs 5-10s,2289
LreIzK9b,70,0-1,Black,<=5s vs 10-15s,2192
jaUhPlUj,68,1-0,Black,<=5s vs <=5s,964
FjOy2KM1,49,1-0,White,<=5s vs 5-10s,1411
DIZuwMaG,103,0-1,White,<=5s vs 5-10s,1745
1Xg5wEgY,86,0-1,Black,<=5s vs 15-20s,1650
QjUoUNMr,140,1/2-1/2,Black,<=5s vs 5-10s,1606
Ou6tnPB2,119,1-0,White,<=5s vs 15-20s,2489
KBA0p9fr,90,0-1,Black,<=5s vs 15-20s,1300
npknUHpW,47,1-0,White,<=5s vs 15-20s,1283
75rulMYU,86,1/2-1/2,Black,<=5s vs 10-15s,2357
vIcFQzLa,74,0-1,Black,<=5s vs 10-15s,1952
wbUJCT9K,64,0-1,Black,<=5s vs 5-10s,1479
P6HzKVqn,81,1-0,White,<=5s vs 15-20s,2494
MdysTktr,106,1-0,Black,<=5s vs <=5s,2465
0ejdwbcc,88,0-1,Black,<=5s vs 5-10s,1899
v5AKD82O,63,0-1,White,<=5s vs 5-10s,1511
wQulzGPJ,69,0-1,White,<=5s vs 5-10s,2443
kDFiE1zc,73,1-0,White,<=5s vs 10-15s,1792
XJYXwhW2,75,1-0,White,<=5s vs 15-20s,2189
dJkVwKNm,65,1-0,White,<=5s vs 10-15s,1230
m98V1rBY,52,0-1,Black,<=5s vs 15-20s,1590
3UPX7JRU,90,0-1,Black,<=5s vs 10-15s,1885
K01TX3w1,77,1-0,White,<=5s vs 15-20s,2154
6JObPDso,70,0-1,Black,<=5s vs 10-15s,1540
AjVu9GhK,64,0-1,Black,<=5s vs 5-10s,1244
13StXLRf,79,1-0,White,<=5s vs 5-10s,1698
Ptpf22CL,54,0-1,Black,<=5s vs 15-20s,1702
9J2XGuBm,88,1/2-1/2,Black,<=5s vs 5-10s,2165
pdmBGe4x,76,0-1,Black,<=5s vs 5-10s,1852
cS2WV7ng,139,1-0,White,<=5s vs 10-15s,2477
tXK4nLnT,71,1-0,White,<=5s vs 15-20s,1157
OscQL8TS,64,0-1,Black,<=5s vs 15-20s,1146
0scG2xBp,60,0-1,Black,<=5s vs 5-10s,1848
1fFsbsNq,43,1-0,White,<=5s vs 10-15s,1606
XOwt4Kfr,78,0-1,Black,<=5s vs 5-10s,1985
5Zpx8ffP,89,1-0,White,<=5s vs 10-15s,2052
NEoJ8WkL,80,1-0,Black,<=5s vs 5-10s,1716
ZYgI1Js4,67,1-0,White,<=5s vs 5-10s,2307
HZYKXWp0,67,1-0,White,<=5s vs 5-10s,1203
ejIFZ8oi,91,1-0,White,<=5s vs <=5s,2225
0kNXuKpD,68,0-1,Black,<=5s vs 15-20s,2313
O4O4oKe7,72,0-1,Black,<=5s vs 5-10s,1537
cveZI6IM,69,1-0,White,<=5s vs 5-10s,990
rwsbtNDy,42,0-1,Black,<=5s vs 10-15s,1192
ulcDeF2g,94,0-1,Black,<=5s vs 10-15s,2478
TNU2xIBD,81,1-0,White,<=5s vs <=5s,1985
YnEkQZw3,70,0-1,Black,<=5s vs 5-10s,2206
sZCcCDZz,55,1-0,White,<=5s vs 15-20s,2351
xn2Jrg3F,90,0-1,Black,<=5s vs 5-10s,1922
4U8giuhq,68,0-1,Black,<=5s vs 10-15s,2164
4bbVGtQw,61,1-0,White,<=5s vs 5-10s,1319
RVekH2Bh,50,0-1,Black,<=5s vs 10-15s,981
QXMCHvHx,114,0-1,Black,<=5s vs <=5s,2402
WpwDtEd6,106,0-1,Black,<=5s vs 10-15s,2499
NnOieG0O,50,1-0,Black,<=5s vs <=5s,1090
VMz707ZD,125,1-0,White,<=5s vs 15-20s,2602
mjHlBBCl,48,0-1,Black,<=5s vs 10-15s,1261
xJ9Jq4JK,76,1/2-1/2,Black,<=5s vs 10-15s,2284
fn5vW249,61,1-0,White,<=5s vs 15-20s,1993
aKxeZytz,51,1-0,White,<=5s vs 15-20s,1317
3F0KCJEi,107,1/2-1/2,White,<=5s vs 10-15s,2277
2kFjEPMT,95,0-1,White,<=5s vs <=5s,2498
nxdDwxLI,75,1-0,White,<=5s vs 15-20s,2286
HbXGdj9r,73,1-0,White,<=5s vs 15-20s,2404
lnsTIx81,138,1-0,Black,<=5s vs <=5s,2407
E7kp6VEh,74,1-0,Black,<=5s vs 5-10s,2488
AITyyi83,58,0-1,Black,<=5s vs 15-20s,1621
7GlPPO1s,49,1-0,White,<=5s vs 10-15s,1530
89RpnzG4,72,0-1,Black,<=5s vs 10-15s,2490
vyvO2UaT,102,0-1,Black,<=5s vs 5-10s,2564
V58DvAMC,102,0-1,Black,<=5s vs 15-20s,2270
PU4wagt4,117,0-1,White,<=5s vs 5-10s,2602
6qE2MqcD,52,0-1,Black,<=5s vs 5-10s,1076
TrmyOvRj,79,0-1,White,<=5s vs 10-15s,2273
9VG432of,93,1-0,White,<=5s vs 10-15s,1976
2BYUqR7p,70,0-1,Black,<=5s vs 15-20s,2358
XxOZjSUg,73,1-0,White,<=5s vs <=5s,1723
hNPRsahj,42,1-0,Black,<=5s vs 5-10s,988
FKOAQiQ7,72,0-1,Black,<=5s vs 15-20s,1822
KKVrOebR,56,0-1,Black,<=5s vs 10-15s,1315
zTM5gTjk,81,1-0,White,<=5s vs <=5s,1784
YhMzlxDX,119,1-0,White,<=5s vs 5-10s,2361
Lv6hQCPU,81,0-1,White,<=5s vs <=5s,2241
bToYUwUg,41,1-0,White,<=5s vs 5-10s,989
Ats78Eqf,74,0-1,Black,<=5s vs 10-15s,1806
U7jWexC4,70,0-1,Black,<=5s vs 10-15s,2393
BUx2rQxa,48,0-1,Black,<=5s vs 15-20s,839
ZksXlvGo,39,1-0,White,<=5s vs 15-20s,1415
2t1JbqzW,104,1-0,Black,<=5s vs <=5s,2243
6o19VckZ,70,0-1,Black,<=5s vs 5-10s,1293
BlOlc3eB,89,0-1,White,<=5s vs 10-15s,2450
AuDU75hM,102,0-1,Black,<=5s vs 5-10s,2160
QGN4Thqa,57,1-0,White,<=5s vs 15-20s,2511
8mMHVgkH,90,0-1,Black,<=5s vs 10-15s,2558
Yt4vCM5z,59,1-0,White,<=5s vs 5-10s,1387
Ajqp2QsH,47,1-0,White,<=5s vs 15-20s,1300
7yrBBUsb,38,0-1,Black,<=5s vs 5-10s,1599
w7YcU194,113,1-0,White,<=5s vs 10-15s,2647
Zfcy7XcW,88,0-1,Black,<=5s vs 5-10s,1950
T1JPP6Me,49,1-0,White,<=5s vs 15-20s,1956
AFlpZ5Bc,112,1-0,Black,<=5s vs <=5s,2616
kNJ2YCUc,58,0-1,Black,<=5s vs 10-15s,1526
BkKMTgSl,78,0-1,Black,<=5s vs 5-10s,2086
gL44msfV,91,1-0,White,<=5s vs 10-15s,2826
nkAeYc79,70,0-1,Black,<=5s vs 5-10s,1415
cDuZn95w,91,1-0,White,<=5s vs 5-10s,1401
xgTiNwpM,59,1-0,White,<=5s vs 5-10s,1035
kZESGjf8,94,0-1,Black,<=5s vs 15-20s,2014
VugkeDUI,102,0-1,Black,<=5s vs 5-10s,2431
gOpn3Amh,102,0-1,Black,<=5s vs 10-15s,2367
fNLNNeHO,57,0-1,White,<=5s vs 10-15s,1005
VYue3zav,126,1-0,Black,<=5s vs 15-20s,2635
kdspbwvl,80,0-1,Black,<=5s vs 5-10s,2243
oQslHT7H,114,0-1,Black,<=5s vs 10-15s,2323
AqOsm29e,74,0-1,Black,<=5s vs 5-10s,2179
QOJF9DB9,55,1-0,White,<=5s vs 10-15s,2239
atRbLZ8I,88,0-1,Black,<=5s vs <=5s,2287
LJOFkPxR,104,0-1,Black,<=5s vs 5-10s,2534
FiD1fJQm,61,1-0,White,<=5s vs 10-15s,1513
nrpeR57x,109,1-0,White,<=5s vs 5-10s,2706
Xtg8I6C8,68,0-1,Black,<=5s vs 15-20s,1563
3rbiEWHh,39,1-0,White,<=5s vs 5-10s,1149
73i7pG2j,121,1-0,White,<=5s vs 5-10s,2401
WXcjxyrA,131,0-1,White,<=5s vs 10-15s,2249
DXuxjfXl,59,1-0,White,<=5s vs 5-10s,1288
uTOMwrlK,129,1-0,White,<=5s vs 5-10s,1947
FXcE5xhm,53,1-0,White,<=5s vs 5-10s,1288
Z5mPTPhh,92,1/2-1/2,Black,<=5s vs 5-10s,2239
G4md35zz,51,1-0,White,<=5s vs 10-15s,1022
afTE6mCi,64,0-1,Black,<=5s vs 10-15s,1959
HHGiR9IO,50,0-1,Black,<=5s vs 15-20s,1604
EQjvktN6,74,1-0,Black,<=5s vs 5-10s,2366
OVJVWkpV,43,1-0,White,<=5s vs 15-20s,1785
6VCW5YEX,88,0-1,Black,<=5s vs 5-10s,2326
7abPB3Lh,84,0-1,Black,<=5s vs 5-10s,1849
WgZJdtPe,60,0-1,Black,<=5s vs 10-15s,1438
0Y100cuE,74,0-1,Black,<=5s vs 15-20s,1770
QuWJuHrF,95,0-1,White,<=5s vs <=5s,2025
TNellYLN,73,1-0,White,<=5s vs 5-10s,1339
HBgW4bpl,62,0-1,Black,<=5s vs 15-20s,1435
9oQKcb3j,90,0-1,Black,<=5s vs 10-15s,2193
TWJC6t8N,70,0-1,Black,<=5s vs 10-15s,1321
5k55AKjh,60,1-0,Black,<=5s vs <=5s,2133
utwZqNKa,64,1-0,Black,<=5s vs 5-10s,1906
JySVsLjv,68,1/2-1/2,Black,<=5s vs 10-15s,2289
VprXRfbX,46,0-1,Black,<=5s vs 15-20s,1671
E5sTHvYM,126,1-0,Black,<=5s vs <=5s,2290
nF06fmMo,64,0-1,Black,<=5s vs 10-15s,1543
v7I0Ud16,69,1-0,White,<=5s vs 15-20s,2156
IavtfWWn,65,0-1,White,<=5s vs 15-20s,1338
oS5zzqZj,103,0-1,White,<=5s vs <=5s,2574
iYvbtL1Q,59,1-0,White,<=5s vs 10-15s,1684
eK9AV3TS,76,0-1,Black,<=5s vs 10-15s,1661
GWqCoomy,195,1-0,White,<=5s vs 5-10s,2599
iyxesCOu,68,0-1,Black,<=5s vs <=5s,1783
pFI93DMR,95,1-0,White,<=5s vs 15-20s,2092
kF6mfBMm,46,0-1,Black,<=5s vs 15-20s,1544
tULNsFWr,99,1-0,White,<=5s vs 15-20s,1891
Hiq6QgU0,58,0-1,Black,<=5s vs 15-20s,1355
SXCAf7hX,108,0-1,Black,<=5s vs 10-15s,2174
faFsYAOd,45,1-0,White,<=5s vs 15-20s,1257
RxHqBhh1,94,0-1,Black,<=5s vs <=5s,1532
LbeeARo3,80,0-1,Black,<=5s vs 5-10s,2417
D2S0negJ,84,0-1,Black,<=5s vs 5-10s,1360
Vicw4RNh,114,1/2-1/2,Black,<=5s vs 15-20s,1858
b3vedso9,72,0-1,Black,<=5s vs 5-10s,1934
8ZwoOzVB,49,1-0,White,<=5s vs 10-15s,1126
O1dKMxax,95,0-1,White,<=5s vs 5-10s,2718
8fA29dDx,107,1-0,White,<=5s vs 5-10s,2160
ye2IzyDX,67,1-0,White,<=5s vs 10-15s,2351
Mtyq1w5y,41,0-1,White,<=5s vs 5-10s,872
CTPSdIlS,44,0-1,Black,<=5s vs <=5s,1060
g3bZkQbk,84,0-1,Black,<=5s vs 5-10s,2226
FMdE6qEu,67,1-0,White,<=5s vs <=5s,1099
0fpUTh3d,91,1-0,White,<=5s vs 5-10s,1713
ckvJjz9W,68,0-1,Black,<=5s vs 5-10s,1923
utRDWQGA,125,1/2-1/2,White,<=5s vs 15-20s,2217
XabCTQhr,61,1-0,White,<=5s vs 5-10s,1499
0pnxJAMQ,77,1-0,White,<=5s vs 10-15s,1600
YQw8lXjh,62,0-1,Black,<=5s vs 5-10s,2322
mqex9rNy,52,0-1,Black,<=5s vs 10-15s,1038
KCGXn5Pq,96,1-0,Black,<=5s vs 10-15s,2417
awNtZMQF,108,0-1,Black,<=5s vs 15-20s,2091
6kD2Ollx,65,0-1,White,<=5s vs <=5s,1198
OoiFpnN8,54,0-1,Black,<=5s vs 15-20s,1908
f6H2qRTT,77,1-0,White,<=5s vs 5-10s,2303
QRvAMfOH,58,0-1,Black,<=5s vs 5-10s,1608
yx1989nV,80,0-1,Black,<=5s vs <=5s,2540
D7AlWYFi,80,0-1,Black,<=5s vs 5-10s,2178
OFAXXkTS,57,1-0,White,<=5s vs 5-10s,1742
ZbOKRAJL,49,1-0,White,<=5s vs 15-20s,1763
H5c4PBWS,49,1-0,White,<=5s vs 10-15s,1451
GAu0Mchh,100,0-1,Black,<=5s vs <=5s,2307
eB1LVId4,49,1-0,White,<=5s vs 15-20s,1139
JXPgToQx,49,1-0,White,<=5s vs 15-20s,1079
anDwZnCY,90,0-1,Black,<=5s vs 5-10s,2323
CZfwJlUH,113,1/2-1/2,White,<=5s vs 10-15s,2248
CV4yDvQC,115,1/2-1/2,White,<=5s vs 10-15s,2252
ZPCh255K,60,1-0,Black,<=5s vs <=5s,1282
KQTR6usV,75,1-0,White,<=5s vs 5-10s,1694
1kB41Pf3,93,1-0,White,<=5s vs 5-10s,1832
o1cwlxlH,71,1-0,White,<=5s vs <=5s,1722
mciMqEfB,64,0-1,Black,<=5s vs 15-20s,1392
xUUHCW3B,105,0-1,White,<=5s vs 5-10s,2179
bq6WOI6k,60,1/2-1/2,Black,<=5s vs <=5s,1171
HrPcB3Dj,50,0-1,Black,<=5s vs <=5s,1186
3xZ4UNxm,90,0-1,Black,<=5s vs 5-10s,2584
NTIM6RMz,48,1-0,Black,<=5s vs <=5s,1192
UESOXT7S,90,0-1,Black,<=5s vs 15-20s,2011
YHR8guYm,84,1-0,Black,<=5s vs 5-10s,2265
24Sv4nAZ,54,0-1,Black,<=5s vs 5-10s,1900
A0kNUW9t,70,0-1,Black,<=5s vs 5-10s,1506
6yqOVOom,73,0-1,White,<=5s vs 5-10s,1382
oprx0fiM,56,0-1,Black,<=5s vs 15-20s,2078
UMCPAvJw,66,1-0,Black,<=5s vs 5-10s,1615
3mMNTP1c,49,1-0,White,<=5s vs 10-15s,1273
1mj4izJq,66,1/2-1/2,Black,<=5s vs 15-20s,1897
RP17GRRE,75,1-0,White,<=5s vs 10-15s,2311
cSZceOtK,100,0-1,Black,<=5s vs 5-10s,2502
lE4QBHah,79,1-0,White,<=5s vs 5-10s,2072
vvpiLceh,111,0-1,White,<=5s vs <=5s,2298
arKDmjGQ,59,1-0,White,<=5s vs 5-10s,1705
T422D0y3,90,0-1,Black,<=5s vs 5-10s,2386
2LwNp76l,48,0-1,Black,<=5s vs 5-10s,2532
zDSvv5PE,60,1-0,Black,<=5s vs <=5s,1313
VzbYJrvC,100,0-1,Black,<=5s vs 5-10s,2555
D9xSYnaD,44,0-1,Black,<=5s vs 10-15s,1505
K8OBD0SP,122,0-1,Black,<=5s vs 5-10s,2722
fa4NIIm0,133,1-0,White,<=5s vs 15-20s,2738
V82tuS6w,59,1-0,White,<=5s vs 5-10s,1822
ARj7dEHs,58,0-1,Black,<=5s vs 15-20s,1606
S3vx7fnM,45,1-0,White,<=5s vs 5-10s,928
WFuOi9ce,69,1-0,White,<=5s vs 15-20s,2226
QMR5rQcW,101,1-0,White,<=5s vs 5-10s,2283
Z2mHFllG,91,0-1,White,<=5s vs 5-10s,2457
XAUG9owK,102,1/2-1/2,Black,<=5s vs 15-20s,1562
vA6F7z4H,84,0-1,Black,<=5s vs 10-15s,1383
0D7rznIW,47,1-0,White,<=5s vs 15-20s,935
IWBuyvvW,125,1-0,White,<=5s vs 15-20s,2326
8uOsMvzF,52,0-1,Black,<=5s vs 15-20s,1608
3TVOgRGz,60,0-1,Black,<=5s vs 10-15s,1738
0R0TQNbX,65,1-0,White,<=5s vs 5-10s,2482
t7wvL3bv,99,1-0,White,<=5s vs 10-15s,2810
zY6nmEBv,58,0-1,Black,<=5s vs 15-20s,1125
DGdUByEY,58,0-1,Black,<=5s vs 10-15s,1292
xgIFYKNL,84,0-1,Black,<=5s vs 5-10s,2054
MJbVwXoz,47,1-0,White,<=5s vs 5-10s,758
wmZDZME9,73,1/2-1/2,White,<=5s vs 10-15s,1967
Osvl4USV,75,1-0,White,<=5s vs 15-20s,2569
iODasc1E,85,1/2-1/2,White,<=5s vs 10-15s,2507
UCqPsdvD,76,0-1,Black,<=5s vs 15-20s,1652
y8FxxorW,94,1-0,Black,<=5s vs <=5s,2595
mBjqT6vW,82,1/2-1/2,Black,<=5s vs 5-10s,2707
tcHipWBf,72,0-1,Black,<=5s vs 5-10s,2245
xkhEEBO4,106,0-1,Black,<=5s vs 15-20s,2433
lgF99sxd,71,1/2-1/2,White,<=5s vs 15-20s,1291
6naGfWkJ,45,1-0,White,<=5s vs 15-20s,1518
qUyJkKMu,60,0-1,Black,<=5s vs 10-15s,1458
ROwGah4P,95,1-0,White,<=5s vs 5-10s,2419
DDdFJNUs,50,0-1,Black,<=5s vs 10-15s,1764
bxFipY88,86,0-1,Black,<=5s vs 10-15s,1783
cJTaRr0b,44,0-1,Black,<=5s vs <=5s,1182
cNcGlQKC,52,1-0,Black,<=5s vs 10-15s,2136
7o0jjVaY,86,0-1,Black,<=5s vs 5-10s,2332
UmHleMGu,85,0-1,White,<=5s vs 5-10s,1209
3QcaCfKV,69,1-0,White,<=5s vs 10-15s,2022
iq8feXzs,52,0-1,Black,<=5s vs 10-15s,1336
1Mn8FvKA,65,1-0,White,<=5s vs 10-15s,1466
r3Ia7Cm3,106,0-1,Black,<=5s vs 10-15s,1927
Q47xP99r,62,0-1,Black,<=5s vs 15-20s,2115
nlGbPElG,61,1-0,White,<=5s vs 5-10s,1877
ptujtF4H,56,0-1,Black,<=5s vs 5-10s,997
CUfDdhXC,82,0-1,Black,<=5s vs 5-10s,1870
8hOuwtae,77,1-0,White,<=5s vs 15-20s,2217
CSv7g6jy,83,1-0,White,<=5s vs 10-15s,2097
xjvfjVYw,51,1-0,White,<=5s vs 10-15s,1314
rZXA1hWy,84,1-0,Black,<=5s vs <=5s,1987
wVrxxAhi,84,0-1,Black,<=5s vs <=5s,1323
kv23QCYN,76,0-1,Black,<=5s vs <=5s,2343
msjF0Djq,99,1-0,White,<=5s vs 5-10s,2195
nZ1Z4riR,79,1-0,White,<=5s vs 5-10s,2060
n3PwIUDR,71,1-0,White,<=5s vs 5-10s,1501
tcyZrrpP,55,1-0,White,<=5s vs 10-15s,1203
rY8QdfVM,62,1-0,Black,<=5s vs <=5s,1848
AFlWyToS,91,1-0,White,<=5s vs 5-10s,2554
u2G6RsRB,66,1-0,Black,<=5s vs <=5s,1726
l6Q4JEGH,65,1-0,White,<=5s vs 15-20s,1871
W6ZurTXe,59,1-0,White,<=5s vs 10-15s,1302
mGxuBRc5,112,0-1,Black,<=5s vs 5-10s,1862
OJZTZt1R,77,1/2-1/2,White,<=5s vs 5-10s,2055
ViKiBoLy,100,0-1,Black,<=5s vs <=5s,2097
UFUFv4Gf,59,1-0,White,<=5s vs 5-10s,1289
fFMPbTtJ,63,1-0,White,<=5s vs 15-20s,897
AWqr6OrF,59,1-0,White,<=5s vs 15-20s,1431
0ChkHjK4,105,1-0,White,<=5s vs <=5s,2765
qtBEutfA,81,0-1,White,<=5s vs <=5s,2417
57ok2Uw5,56,0-1,Black,<=5s vs <=5s,1035
CxJJUrFg,63,0-1,White,<=5s vs 10-15s,2014
zId8nvku,50,0-1,Black,<=5s vs 15-20s,1369
7861Wytk,62,0-1,Black,<=5s vs 15-20s,1810
lLPW7l4P,69,1-0,White,<=5s vs 15-20s,1714
FiWZ4JYH,57,1-0,White,<=5s vs 15-20s,2159
O3GMTZHH,57,1-0,White,<=5s vs 15-20s,1263
bVnxa25J,70,0-1,Black,<=5s vs 10-15s,2063
lek9Ryfm,46,0-1,Black,<=5s vs 5-10s,1181
Fb9BjlGO,53,0-1,White,<=5s vs 15-20s,2008
y1aMxXxa,65,1-0,White,<=5s vs 15-20s,1542
uYzTiseq,56,0-1,Black,<=5s vs 10-15s,1455
IoYQM0Yw,96,0-1,Black,<=5s vs 15-20s,2132
pQkEa0DX,95,1-0,White,<=5s vs 5-10s,2451
Nmi75vyc,44,0-1,Black,<=5s vs 15-20s,1160
YRwWTT1p,53,1-0,White,<=5s vs 5-10s,1951
UMVXSQ5l,68,0-1,Black,<=5s vs <=5s,1270
Iu1712tL,64,0-1,Black,<=5s vs 5-10s,1411
IYZjvIZK,40,0-1,Black,<=5s vs 15-20s,1430
tkL5zH4u,79,1-0,White,<=5s vs 10-15s,1695
9zs5S9lq,82,0-1,Black,<=5s vs 15-20s,1656
Rn9227Wk,57,1-0,White,<=5s vs 10-15s,1415
kw3GZTTf,65,1-0,White,<=5s vs 5-10s,1760
0dZU47WA,78,1/2-1/2,Black,<=5s vs 5-10s,1306
GMrZasZc,82,0-1,Black,<=5s vs 10-15s,2616
kxpowlKY,41,0-1,White,<=5s vs 5-10s,1230
ml3aH88U,38,0-1,Black,<=5s vs 5-10s,840
2R1Drq8G,83,1/2-1/2,White,<=5s vs 5-10s,2165
aeRvrpzq,58,0-1,Black,<=5s vs 5-10s,1695
RbBANMJL,72,0-1,Black,<=5s vs 10-15s,2702
esLZVbRP,54,0-1,Black,<=5s vs <=5s,1824
RDkfY3Bd,95,1-0,White,<=5s vs 10-15s,2493
RFdf00Rr,80,0-1,Black,<=5s vs <=5s,2255
BrRvRekE,74,0-1,Black,<=5s vs 5-10s,1198
5bve7keu,58,0-1,Black,<=5s vs 5-10s,1134
BcatZTwS,70,0-1,Black,<=5s vs <=5s,1708
W1ZOI2hb,45,1-0,White,<=5s vs 15-20s,1825
mWppdqtw,86,0-1,Black,<=5s vs 10-15s,1543
FOGr0ULJ,62,1-0,Black,<=5s vs <=5s,1547
kN25g5s3,47,1-0,White,<=5s vs 15-20s,1038
iUO4trke,67,0-1,White,<=5s vs <=5s,2271
k5Nm8Ndv,78,0-1,Black,<=5s vs 15-20s,1499
kEeJ7Hdk,44,1-0,Black,<=5s vs 5-10s,1590
3nW6pbIC,99,1/2-1/2,White,<=5s vs 10-15s,1983
MeP5OUaX,79,1-0,White,<=5s vs 10-15s,2050
16bgVrRR,40,0-1,Black,<=5s vs <=5s,892
nyxS3sEY,43,1-0,White,<=5s vs 10-15s,1516
cgleIxeb,70,0-1,Black,<=5s vs 5-10s,1761
i0ElDepQ,88,1-0,Black,<=5s vs 5-10s,2452
h1yobqHQ,63,1-0,White,<=5s vs 15-20s,1621
3kkgTxhD,87,1-0,White,<=5s vs 15-20s,2127
T3PbZsfX,65,0-1,White,<=5s vs 15-20s,2443
QsXCIipw,74,0-1,Black,<=5s vs 15-20s,2243
0Ce7KE8H,77,0-1,White,<=5s vs 5-10s,1753
K0GiSEkO,40,0-1,Black,<=5s vs 10-15s,962
PfYR4k59,45,1-0,White,<=5s vs 10-15s,1497
qKY7rjjf,42,0-1,Black,<=5s vs 15-20s,1034
Nl2Gquu8,87,0-1,White,<=5s vs 5-10s,2117
lA4ErjXE,75,1-0,White,<=5s vs <=5s,1708
WvGD0CDG,56,0-1,Black,<=5s vs 5-10s,1455
bt9C2Whl,91,0-1,White,<=5s vs 5-10s,2522
1qo1229r,119,1-0,White,<=5s vs 10-15s,2491
1rg4SZdz,65,1-0,White,<=5s vs 10-15s,1603
mT5xy4TS,107,0-1,White,<=5s vs 15-20s,1730
1DTJ5i00,114,0-1,Black,<=5s vs 5-10s,1354
xTrAmMfm,48,0-1,Black,<=5s vs 15-20s,1304
J9gzuHdM,104,0-1,Black,<=5s vs 15-20s,1687
DJbu6Cr0,136,1/2-1/2,Black,<=5s vs 5-10s,1854
6KiFSUCg,69,1-0,White,<=5s vs 5-10s,1803
8EpKBP7Q,51,1-0,White,<=5s vs 15-20s,1226
a40LsQs6,81,1-0,White,<=5s vs 5-10s,1985
9iifXfrI,130,1-0,Black,<=5s vs <=5s,2528
877fRmQc,76,1-0,Black,<=5s vs 5-10s,2000
ZXRegWNZ,43,1-0,White,<=5s vs 5-10s,1352
Tp7omzjG,64,0-1,Black,<=5s vs 5-10s,2416
AgnvAdoA,122,1/2-1/2,Black,<=5s vs 5-10s,2676
YsdnkjA8,79,1-0,White,<=5s vs 10-15s,1828
Tsdw0V0X,77,1-0,White,<=5s vs 15-20s,2182
P1mwuOAU,67,1-0,White,<=5s vs 5-10s,918
FEXTbWVY,65,0-1,White,<=5s vs <=5s,1933
AbeqlJeY,40,1-0,Black,<=5s vs 15-20s,1746
k8S6afEx,77,1-0,White,<=5s vs 15-20s,1724
T2TbUDGz,66,1-0,Black,<=5s vs 15-20s,694
l3BzAhOg,66,0-1,Black,<=5s vs 15-20s,1487
GDMts17X,61,1-0,White,<=5s vs 15-20s,1699
ShrInRFT,59,1-0,White,<=5s vs 10-15s,2186
1WyUhCcx,61,1-0,White,<=5s vs 5-10s,2450
rn4trdVa,41,1-0,White,<=5s vs 10-15s,759
Ffo6dcQC,58,0-1,Black,<=5s vs <=5s,1191
BmHisaCV,41,1-0,White,<=5s vs 5-10s,1158
G47dppK7,44,0-1,Black,<=5s vs 5-10s,1088
rm66SP1M,75,1-0,White,<=5s vs 5-10s,1513
YFfskm5I,73,1-0,White,<=5s vs 5-10s,2080
ZeRqExJ6,67,0-1,White,<=5s vs <=5s,1222
muIsUtgT,122,1-0,Black,<=5s vs <=5s,2411
ZHKeRHIm,91,1-0,White,<=5s vs 10-15s,2387
wpORyNnW,58,0-1,Black,<=5s vs 10-15s,1144
1VGxz0tH,74,0-1,Black,<=5s vs 5-10s,2129
HND1EOvZ,45,1-0,White,<=5s vs 5-10s,1312
BaX3zpOr,170,1/2-1/2,Black,<=5s vs 5-10s,2420
OMHhOngG,52,1-0,Black,<=5s vs 15-20s,1392
lyRmoasQ,81,1-0,White,<=5s vs 15-20s,1831
KnqpFIkI,79,1-0,White,<=5s vs 10-15s,2112
vEOM9ssu,106,1/2-1/2,Black,<=5s vs 15-20s,2340
UQn4P32o,73,1-0,White,<=5s vs 10-15s,1177
m4q76bdn,56,1-0,Black,<=5s vs 5-10s,1616
oJOPTamk,41,1-0,White,<=5s vs 10-15s,1250
6D3usaTh,76,0-1,Black,<=5s vs 15-20s,2138
hWmL8qBu,77,1-0,White,<=5s vs 5-10s,2393
OtplBwbh,79,1-0,White,<=5s vs 10-15s,2294
iH2MoEHe,53,1-0,White,<=5s vs 15-20s,1317
TvTI2I6z,67,1-0,White,<=5s vs 5-10s,1761
HRirnRDT,93,1-0,White,<=5s vs 5-10s,2646
eETiahzm,133,1-0,White,<=5s vs 5-10s,2398
oIMdfEm5,64,0-1,Black,<=5s vs 15-20s,2219
0voka6Uc,45,1-0,White,<=5s vs 15-20s,1369
F10isJxi,71,1-0,White,<=5s vs 5-10s,1467
l6IMwmxw,55,1-0,White,<=5s vs <=5s,1338
Jlbk89tL,87,1/2-1/2,White,<=5s vs 5-10s,1593
gRnFOiwB,61,0-1,White,<=5s vs <=5s,1892
Gl2h3eSo,50,0-1,Black,<=5s vs 10-15s,1549
JbWCpHal,77,1/2-1/2,White,<=5s vs 10-15s,1891
nyvPrsIf,53,1-0,White,<=5s vs 10-15s,984
jPt3gCFZ,65,1-0,White,<=5s vs 10-15s,1871
28MHyRZL,70,0-1,Black,<=5s vs 15-20s,1083
YcN4SSzP,72,1-0,Black,<=5s vs <=5s,2332
FMZDcQUv,61,1-0,White,<=5s vs 10-15s,1976
f9T09R1P,96,0-1,Black,<=5s vs 15-20s,1171
N2XQX76O,59,1-0,White,<=5s vs 10-15s,1930
5DwWBBna,49,1-0,White,<=5s vs 5-10s,2030
3W2bAX4I,75,1-0,White,<=5s vs 15-20s,2598
1oLmNkDX,96,0-1,Black,<=5s vs 15-20s,1938
9yM0shZn,82,0-1,Black,<=5s vs 10-15s,2296
C0PokT3C,74,0-1,Black,<=5s vs 10-15s,2673
MvYGt0hh,83,1-0,White,<=5s vs 5-10s,1756
MownSlJ8,61,1-0,White,<=5s vs 5-10s,1678
LgYfMKjj,65,1-0,White,<=5s vs 10-15s,1351
lYBiBugb,86,1/2-1/2,Black,<=5s vs 5-10s,2508
kWh1J0WJ,72,0-1,Black,<=5s vs 10-15s,1727
0LtrfiAl,56,0-1,Black,<=5s vs 10-15s,1502
pbGe19Be,89,1-0,White,<=5s vs 10-15s,1994
t98e9f1U,40,0-1,Black,<=5s vs 15-20s,1009
5rIMsHZF,58,0-1,Black,<=5s vs 5-10s,1443
jqTjkpLo,46,0-1,Black,<=5s vs 15-20s,2592
tFqZy86T,101,1-0,White,<=5s vs 10-15s,2598
9cDAQAHF,75,1-0,White,<=5s vs 15-20s,1945
CRLNxQTs,80,0-1,Black,<=5s vs 10-15s,1664
GHKxdSAu,56,0-1,Black,<=5s vs 15-20s,2380
9EV4SGi2,51,1-0,White,<=5s vs 15-20s,1733
3YiF4Mw2,123,1-0,White,<=5s vs 15-20s,2526
PkKeOKd2,118,1-0,Black,<=5s vs 5-10s,2018
qDfssYfs,60,1-0,Black,<=5s vs 15-20s,1482
0LaiPxyT,64,0-1,Black,<=5s vs 10-15s,2300
cLvQVzZq,90,0-1,Black,<=5s vs 5-10s,2394
oYCdpdsp,90,1-0,Black,<=5s vs <=5s,2052
NIFFsZ8f,129,0-1,White,<=5s vs 10-15s,3127
9nicMQET,62,1-0,Black,<=5s vs <=5s,1539
70CSPYdd,58,0-1,Black,<=5s vs 15-20s,1461
7VSQClYF,79,1-0,White,<=5s vs 10-15s,1677
CsrsmD2o,75,1-0,White,<=5s vs 15-20s,2012
jccKgtYO,67,1-0,White,<=5s vs 15-20s,1339
MJRYLatX,53,1-0,White,<=5s vs 15-20s,1927
LipSF8tK,65,1-0,White,<=5s vs 10-15s,1938
p47MW0t5,68,0-1,Black,<=5s vs 15-20s,2000
qAoNOwhd,92,0-1,Black,<=5s vs 10-15s,2634
qnN79nM1,109,1/2-1/2,White,<=5s vs 10-15s,2994
v7Xmdcux,67,1/2-1/2,White,<=5s vs 5-10s,2252
h3y2UYH0,63,1-0,White,<=5s vs 10-15s,1073
e7IWVvMt,73,1-0,White,<=5s vs 5-10s,1602
SqZRJTls,54,0-1,Black,<=5s vs 15-20s,2490
cygH5dkR,101,0-1,White,<=5s vs 5-10s,2476
y3BUgWp2,64,0-1,Black,<=5s vs 15-20s,2744
K6VVXMmS,46,0-1,Black,<=5s vs 10-15s,966
sVYRMwrT,56,1-0,Black,<=5s vs <=5s,1561
gA5s3p1M,66,0-1,Black,<=5s vs <=5s,1298
2IWmdMgs,82,0-1,Black,<=5s vs 10-15s,1815
5WWHfo4G,57,1-0,White,<=5s vs 10-15s,1829
pDB50wDT,92,0-1,Black,<=5s vs 5-10s,2206
jVVG8Y8w,104,0-1,Black,<=5s vs 5-10s,2343
tXrKPsIA,49,1-0,White,<=5s vs 10-15s,1217
Vs4R64zW,65,1-0,White,<=5s vs 5-10s,1302
afDkmXq3,34,0-1,Black,<=5s vs 10-15s,686
xIKqJVLt,54,0-1,Black,<=5s vs <=5s,757
jDIzH9Re,44,1-0,Black,<=5s vs 10-15s,1454
s84muoL9,110,0-1,Black,<=5s vs 15-20s,2448
G6vdivjT,50,0-1,Black,<=5s vs 5-10s,1480
FDeKAlv6,102,1-0,Black,<=5s vs 5-10s,1932
TKVahHkw,89,1-0,White,<=5s vs <=5s,1933
BvdbjfEl,67,1-0,White,<=5s vs 5-10s,1401
kqI3uMs3,61,1-0,White,<=5s vs 5-10s,2059
Ku6qtAWI,98,0-1,Black,<=5s vs 5-10s,2108
3KtlyiBK,92,0-1,Black,<=5s vs 5-10s,2272
JpVmlZBU,81,1-0,White,<=5s vs 5-10s,2308
R2u4KxTn,133,1/2-1/2,White,<=5s vs 10-15s,2435
mmqpHEzK,83,1-0,White,<=5s vs 5-10s,2148
Mw4PZWsM,80,0-1,Black,<=5s vs 10-15s,2033
oWXEb14W,57,1-0,White,<=5s vs 5-10s,1199
gPueCq4z,79,1-0,White,<=5s vs 10-15s,2229
TtusE0uE,82,0-1,Black,<=5s vs 5-10s,2269
iawUrKAe,42,0-1,Black,<=5s vs 10-15s,1230
zj4UAq7t,60,0-1,Black,<=5s vs 10-15s,1550
9u1UWlbw,62,0-1,Black,<=5s vs 10-15s,1117
7FhUvEBx,76,0-1,Black,<=5s vs 10-15s,2466
olNGziCP,97,1-0,White,<=5s vs 15-20s,2271
AIgGM73B,46,0-1,Black,<=5s vs <=5s,1593
rF9V1qlr,45,1-0,White,<=5s vs <=5s,1188
gTsgKUWH,126,0-1,Black,<=5s vs 15-20s,1577
RwIk9UvX,58,0-1,Black,<=5s vs 15-20s,1480
EtWo1MLE,74,0-1,Black,<=5s vs 5-10s,1026
CVejpslo,112,0-1,Black,<=5s vs <=5s,2217
mhvprBnv,58,0-1,Black,<=5s vs 10-15s,1375
6UcLQGSy,50,0-1,Black,<=5s vs 10-15s,1263
qrYek83x,70,0-1,Black,<=5s vs 5-10s,2097
OGK76vR4,107,1-0,White,<=5s vs 5-10s,2607
J2zQounF,58,0-1,Black,<=5s vs 10-15s,1707
IdfjkBjh,58,0-1,Black,<=5s vs 5-10s,2449
11yQwM70,70,0-1,Black,<=5s vs 5-10s,1302
4OukeMVh,78,0-1,Black,<=5s vs 5-10s,2430
TBFeILBc,71,1-0,White,<=5s vs 5-10s,1793
wv7F0dPY,64,1-0,Black,<=5s vs <=5s,1439
T7LZMHjn,42,0-1,Black,<=5s vs 5-10s,1159
ATBlLWx0,104,0-1,Black,<=5s vs 15-20s,2791
eKuA07wj,62,0-1,Black,<=5s vs 5-10s,1187
lO7LHwOm,78,0-1,Black,<=5s vs 10-15s,1878
sR0WZ1vS,76,1-0,Black,<=5s vs 5-10s,1661
8ElzMUnu,43,1-0,White,<=5s vs 15-20s,1114
tifEM9Af,87,1-0,White,<=5s vs 10-15s,2559
Zg4F3oCr,148,1/2-1/2,Black,<=5s vs <=5s,2678
9oJJpzsb,66,0-1,Black,<=5s vs 5-10s,922
UnXX6u6M,92,0-1,Black,<=5s vs 15-20s,1714
gnijHExC,94,0-1,Black,<=5s vs 15-20s,2474
5UuUcyXR,40,0-1,Black,<=5s vs 5-10s,1158
CMvrzaGG,73,1-0,White,<=5s vs 15-20s,1537
4IiIBjSy,68,0-1,Black,<=5s vs 10-15s,1377
46vi2Gux,56,0-1,Black,<=5s vs 15-20s,1256
3fK9sXNj,51,1-0,White,<=5s vs 5-10s,1412
tHHXVdSB,64,1-0,Black,<=5s vs <=5s,1242
fYDhc1Ib,71,0-1,White,<=5s vs 10-15s,1860
hBKwWMa5,100,0-1,Black,<=5s vs <=5s,1721
oJGQxDsE,61,0-1,White,<=5s vs 15-20s,1413
VP7GAwFK,89,1-0,White,<=5s vs 5-10s,2193
kX2t8Dhq,133,0-1,White,<=5s vs 5-10s,2123
05MFeRhR,70,0-1,Black,<=5s vs 5-10s,1910
3RyJLuMf,130,1/2-1/2,Black,<=5s vs 5-10s,2521
2h5vtN9L,82,0-1,Black,<=5s vs 10-15s,1919
DsHcakIA,80,1-0,Black,<=5s vs 5-10s,2410
UNvP363U,87,1-0,White,<=5s vs 5-10s,2298
lDMXgid7,73,1-0,White,<=5s vs 5-10s,1665
cTvPD6le,58,0-1,Black,<=5s vs <=5s,1631
4X7Jvylh,52,1-0,Black,<=5s vs <=5s,1337
JmL4QXad,45,1-0,White,<=5s vs 15-20s,1563
2MBf2cV2,64,0-1,Black,<=5s vs 15-20s,2394
Y2OkkISB,89,1-0,White,<=5s vs 15-20s,1895
jSmNCgSd,57,1-0,White,<=5s vs 15-20s,2523
OfzpPvtO,62,1-0,Black,<=5s vs 5-10s,2162
ZIsUxHyX,103,1-0,White,<=5s vs 5-10s,1502
ys2xeRHz,56,0-1,Black,<=5s vs 15-20s,1385
LGiaiTPl,90,0-1,Black,<=5s vs <=5s,1181
wkgo9CjB,84,1-0,Black,<=5s vs 5-10s,1913
WYcJG9Ob,51,1-0,White,<=5s vs <=5s,1099
0i6SNShk,76,1-0,Black,<=5s vs <=5s,1804
pIw61X3s,73,1-0,White,<=5s vs 5-10s,2436
TTcYjC6k,59,1-0,White,<=5s vs 15-20s,1495
QGGT5NCK,62,0-1,Black,<=5s vs 15-20s,1808
VfiSLOuE,53,1-0,White,<=5s vs 5-10s,1083
u6jPTRY0,62,0-1,Black,<=5s vs 15-20s,1525
zRGG4L6t,74,0-1,Black,<=5s vs <=5s,1453
2se1AD98,108,0-1,Black,<=5s vs 5-10s,2562
KriwgAzk,53,1-0,White,<=5s vs 10-15s,818
cZH1D0qz,51,1-0,White,<=5s vs 10-15s,1341
42bs9dv1,79,1-0,White,<=5s vs <=5s,2314
zb4F4SiZ,86,0-1,Black,<=5s vs 15-20s,2406
h5ohnaIU,84,0-1,Black,<=5s vs 10-15s,2210
M6mgMBQB,139,0-1,White,<=5s vs 15-20s,1791
8OHUnNIo,86,1-0,Black,<=5s vs <=5s,1725
lODAsI2B,57,1-0,White,<=5s vs 10-15s,1402
RS636fLj,72,1-0,Black,<=5s vs <=5s,1879
Vbdzmubp,105,1-0,White,<=5s vs 5-10s,1666
8gfnOoPv,50,0-1,Black,<=5s vs 15-20s,858
oqV5SapV,45,0-1,White,<=5s vs 5-10s,753
qKCnmIJP,112,1-0,Black,<=5s vs <=5s,2546
Bes2V4n1,72,0-1,Black,<=5s vs 15-20s,2490
JUlg8uGS,90,0-1,Black,<=5s vs <=5s,2214
rVr8tPCi,61,1-0,White,<=5s vs <=5s,1137
JBDdvZmi,63,1-0,White,<=5s vs 15-20s,1543
H0TZBMB8,119,1/2-1/2,White,<=5s vs 15-20s,2261
DRLEmvQV,72,0-1,Black,<=5s vs 15-20s,1930
cOX2P8Vk,118,0-1,Black,<=5s vs 15-20s,2109
VULLYamb,92,0-1,Black,<=5s vs 15-20s,1651
36kGWkk8,50,0-1,Black,<=5s vs 5-10s,1200
3a9aCoVf,142,0-1,Black,<=5s vs 5-10s,1857
o9Lm2X16,52,0-1,Black,<=5s vs 10-15s,1148
iyhF1Er9,51,1-0,White,<=5s vs 15-20s,1000
UNFTXt1y,67,1-0,White,<=5s vs 10-15s,1792
F6RjxyBl,57,1-0,White,<=5s vs <=5s,1065
LLDyjE5s,81,1-0,White,<=5s vs 5-10s,2475
cgcP8r2M,70,0-1,Black,<=5s vs 5-10s,1823
HQbMoiRw,64,0-1,Black,<=5s vs 15-20s,1456
DAyhgyVo,95,1-0,White,<=5s vs 15-20s,2093
fnoHvUac,68,0-1,Black,<=5s vs 15-20s,2038
uBllwTev,149,1-0,White,<=5s vs 15-20s,1685
HIFdutyK,58,0-1,Black,<=5s vs 5-10s,1330
r3gUFAeT,60,0-1,Black,<=5s vs 15-20s,1991
MgZ1BlVA,62,0-1,Black,<=5s vs 10-15s,1890
LCcpaOzw,74,1-0,Black,<=5s vs 10-15s,2155
o49QUInc,44,0-1,Black,<=5s vs 15-20s,1378
GDeSJ5pi,68,0-1,Black,<=5s vs <=5s,1670
wLuzHNCW,64,0-1,Black,<=5s vs 5-10s,2001
ILFXd9Vr,103,1-0,White,<=5s vs 5-10s,2470
d7ywEIEi,65,1-0,White,<=5s vs 15-20s,2081
GY4O1k8Y,103,0-1,White,<=5s vs 5-10s,2802
DDv621Fm,116,0-1,Black,<=5s vs <=5s,2636
HVNaQkOs,107,1-0,White,<=5s vs 5-10s,2364
3m9uK0cs,37,1-0,White,<=5s vs 5-10s,898
dR46XbLz,87,1-0,White,<=5s vs 5-10s,1595
BwGtaoix,57,1-0,White,<=5s vs 10-15s,1117
wUXtDvmK,161,1-0,White,<=5s vs 5-10s,2655
GQ02RyEU,121,1/2-1/2,White,<=5s vs 5-10s,2511
Rs7BJwSa,49,1-0,White,<=5s vs 15-20s,1365
AJwR5o7L,103,1-0,White,<=5s vs 10-15s,2870
Q4QMbhiX,54,0-1,Black,<=5s vs 15-20s,1569
CYKwuOUI,61,1-0,White,<=5s vs 5-10s,1325
xZc6wFcF,61,1-0,White,<=5s vs 10-15s,827
SoL6A6wB,72,0-1,Black,<=5s vs 5-10s,1516
tb18nLfv,99,1-0,White,<=5s vs <=5s,2415
lg3cErLJ,61,1-0,White,<=5s vs 10-15s,1136
qrJLGAYo,72,0-1,Black,<=5s vs 5-10s,1794
jlP4Kuz9,91,1-0,White,<=5s vs 5-10s,1612
SBh3Mbj1,114,1/2-1/2,Black,<=5s vs 5-10s,2696
Wj2eCWxi,65,1-0,White,<=5s vs 15-20s,2288
Xeaqnzw6,72,0-1,Black,<=5s vs 5-10s,1018
60csbOge,100,0-1,Black,<=5s vs 5-10s,2322
3BgozNZu,68,0-1,Black,<=5s vs 5-10s,1995
xDztYKTg,77,1-0,White,<=5s vs 5-10s,1824
uTye5kuN,62,0-1,Black,<=5s vs 10-15s,986
s2iJjix1,65,0-1,White,<=5s vs 5-10s,1146
1D0fC7E4,115,1-0,White,<=5s vs 10-15s,2051
EDzGYzix,50,0-1,Black,<=5s vs 10-15s,1608
N7Fqn0SO,79,1-0,White,<=5s vs 5-10s,1461
hszJh7Nc,92,1-0,Black,<=5s vs <=5s,2480
jT0jb1K9,83,1-0,White,<=5s vs 10-15s,1327
qXmxfFOq,102,0-1,Black,<=5s vs 10-15s,1835
Wb2Qk7TZ,56,0-1,Black,<=5s vs 15-20s,1127
wboaOiWa,66,0-1,Black,<=5s vs 10-15s,1668
srORgTeD,66,1-0,Black,<=5s vs 10-15s,1613
iofvGbyJ,66,0-1,Black,<=5s vs <=5s,1380
D3sMHRq2,54,0-1,Black,<=5s vs 10-15s,1088
G6vEmOOK,194,1/2-1/2,Black,<=5s vs 5-10s,1772
Qb01rlV5,76,0-1,Black,<=5s vs 5-10s,1435
VRK4WPyf,57,1-0,White,<=5s vs 10-15s,1139
3i7llhh6,73,1-0,White,<=5s vs 15-20s,1407
7VkaaJXP,71,1-0,White,<=5s vs <=5s,1805
CijZmcXm,70,0-1,Black,<=5s vs <=5s,1428
stBC8FB0,84,0-1,Black,<=5s vs 15-20s,1574
LLnjXYE8,79,0-1,White,<=5s vs <=5s,2424
WeRgeLsF,118,0-1,Black,<=5s vs <=5s,2215
8zcjWZUl,61,1-0,White,<=5s vs 10-15s,1800
wNdzPxA9,56,0-1,Black,<=5s vs 5-10s,1356
v6nGnUKr,51,1-0,White,<=5s vs 15-20s,1949
r4S3kR5Z,92,0-1,Black,<=5s vs 10-15s,2401
xVFg1eJA,99,0-1,White,<=5s vs 5-10s,2150
SyCI06Jh,62,0-1,Black,<=5s vs 15-20s,2134
P2620Sb7,53,0-1,White,<=5s vs 10-15s,1454
TGagL93C,77,1-0,White,<=5s vs 5-10s,2632
mPDtYds2,50,0-1,Black,<=5s vs 10-15s,2284
EOrY1DTc,66,1-0,Black,<=5s vs <=5s,2247
NpLh5Wxo,53,1-0,White,<=5s vs 15-20s,1360
yQ5vqDPV,106,1/2-1/2,Black,<=5s vs 10-15s,2423
M6epLJrt,64,1-0,Black,<=5s vs 5-10s,1970
RoVUPnFl,88,0-1,Black,<=5s vs <=5s,2362
GGYfrclL,39,1-0,White,<=5s vs 5-10s,1007
q9wSrFg8,60,1-0,Black,<=5s vs 5-10s,1196
FYc1aEep,59,1-0,White,<=5s vs 15-20s,2157
itMrOsTL,71,0-1,White,<=5s vs <=5s,1249
IfOOnpUy,36,1-0,Black,<=5s vs 15-20s,1635
3mglbEr1,64,0-1,Black,<=5s vs <=5s,1590
dU8dBAIO,56,0-1,Black,<=5s vs 15-20s,1375
LMMvEOSS,59,1-0,White,<=5s vs 5-10s,1362
SX7yGu97,58,0-1,Black,<=5s vs 15-20s,1363
Cu7SIFXB,62,0-1,Black,<=5s vs 10-15s,1210
0kDbiIl9,84,0-1,Black,<=5s vs 15-20s,2286
8Mc9jezf,63,1-0,White,<=5s vs 10-15s,1539
szTfwwC3,70,0-1,Black,<=5s vs 15-20s,1996
4mF3vdT1,73,1-0,White,<=5s vs 10-15s,2205
HcoJOsRz,76,0-1,Black,<=5s vs 10-15s,1331
pjSaphUy,72,1-0,Black,<=5s vs <=5s,1934
LsilJV4I,125,0-1,White,<=5s vs <=5s,1282
8X2pnlGR,106,0-1,Black,<=5s vs 5-10s,2398
Cj1bj04E,64,0-1,Black,<=5s vs 15-20s,1748
2HhQrcYI,60,0-1,Black,<=5s vs 15-20s,2046
yD4fKVxg,62,1-0,Black,<=5s vs 5-10s,2100
3XcLzoiU,82,1/2-1/2,Black,<=5s vs 5-10s,2495
8jAoSvsn,54,0-1,Black,<=5s vs 10-15s,1838
Bc5sqgbK,64,0-1,Black,<=5s vs 15-20s,1357
4mbgOYeg,87,1-0,White,<=5s vs 5-10s,2263
0MII25IQ,94,0-1,Black,<=5s vs 5-10s,2403
ek4lYOvV,98,0-1,Black,<=5s vs 10-15s,1867
1cv6X50o,80,0-1,Black,<=5s vs 5-10s,1589
dZWESapy,60,0-1,Black,<=5s vs 5-10s,1603
tElC2rnf,57,1-0,White,<=5s vs 5-10s,1721
QPJKvAzw,90,0-1,Black,<=5s vs 5-10s,1602
ScAsHdjr,68,1/2-1/2,Black,<=5s vs 5-10s,2268
ErK4e8eh,38,0-1,Black,<=5s vs 15-20s,1500
5abN2DZV,72,0-1,Black,<=5s vs 5-10s,2246
Mx4wimms,73,1-0,White,<=5s vs 10-15s,1631
cgT2enSG,97,1/2-1/2,White,<=5s vs 5-10s,2519
HYC10DrH,53,0-1,White,<=5s vs 10-15s,1258
ASNNs2Zt,60,0-1,Black,<=5s vs <=5s,1158
AkqgQ602,132,1/2-1/2,Black,<=5s vs <=5s,2353
KkZlMyKN,48,0-1,Black,<=5s vs 5-10s,1159
3bkxlc9Y,105,1-0,White,<=5s vs 5-10s,1882
UPTIsR8p,78,0-1,Black,<=5s vs 15-20s,1748
j5q15zdL,64,0-1,Black,<=5s vs <=5s,1732
TfOu4yaX,121,1/2-1/2,White,<=5s vs 5-10s,2565
85koxm29,77,1-0,White,<=5s vs 5-10s,2156
RVrYawAA,130,1/2-1/2,Black,<=5s vs <=5s,2555
ytNUuTNo,54,0-1,Black,<=5s vs 10-15s,1741
Siv8An8J,70,1-0,Black,<=5s vs 5-10s,1236
YSTB7azo,44,0-1,Black,<=5s vs 15-20s,1376
RqbtVNGR,130,0-1,Black,<=5s vs 15-20s,2687
TLTPyy6D,53,1-0,White,<=5s vs 10-15s,1233
4p8CtFRE,97,1-0,White,<=5s vs 5-10s,1484
2Nrfbk9c,51,1-0,White,<=5s vs 15-20s,1666
CwUf8laI,58,0-1,Black,<=5s vs 15-20s,1738
EkHYIDqd,66,0-1,Black,<=5s vs 10-15s,2680
IEqzbDKE,81,0-1,White,<=5s vs <=5s,1238
VqCtK2Ts,60,0-1,Black,<=5s vs 15-20s,1156
8gU4FCb3,74,0-1,Black,<=5s vs 10-15s,2900
lPrJpHRj,146,1/2-1/2,Black,<=5s vs <=5s,2529
6GKlE6ag,54,1-0,Black,<=5s vs <=5s,1496
fBfx0IKe,70,0-1,Black,<=5s vs <=5s,2518
MNEpeoTr,123,1-0,White,<=5s vs <=5s,2598
6WHAtNtt,110,0-1,Black,<=5s vs 5-10s,2732
b9PEMUAI,116,1/2-1/2,Black,<=5s vs 5-10s,1953
I3fBmVS9,116,0-1,Black,<=5s vs 5-10s,2035
L7D9WXCr,64,0-1,Black,<=5s vs 15-20s,2341
DzVhNTX1,54,0-1,Black,<=5s vs 10-15s,1604
2SM68Ygx,82,0-1,Black,<=5s vs 5-10s,2077
BpMUNhc6,61,1-0,White,<=5s vs 10-15s,2344
p0v7GEQv,54,0-1,Black,<=5s vs 10-15s,1157
BzH9EHLj,65,1-0,White,<=5s vs 15-20s,2015
cpYP5ZWX,70,0-1,Black,<=5s vs 15-20s,2176
cmxVTyYF,46,0-1,Black,<=5s vs 15-20s,1514
PW8If3cf,74,0-1,Black,<=5s vs 15-20s,1887
Y3k0FgKB,41,1-0,White,<=5s vs 10-15s,1416
4c9tXXIz,116,0-1,Black,<=5s vs <=5s,2120
KdxagfXt,51,1-0,White,<=5s vs 10-15s,1346
1dcXWHfc,78,0-1,Black,<=5s vs <=5s,2454
cP0t9R4k,50,0-1,Black,<=5s vs 15-20s,1354
yWmUDbRV,90,0-1,Black,<=5s vs 10-15s,1967
OixqMYfi,57,1-0,White,<=5s vs 15-20s,1945
ZcEgGXWY,87,1-0,White,<=5s vs <=5s,2377
XDjIIQm6,108,1-0,Black,<=5s vs <=5s,2305
klYbzMHC,68,0-1,Black,<=5s vs 10-15s,1899
9DXNSYJ1,76,1-0,Black,<=5s vs 5-10s,2252
rNlUmaLd,44,0-1,Black,<=5s vs 15-20s,1482
RNCMmGpX,68,0-1,Black,<=5s vs 15-20s,1358
XUZ6IIRr,77,1-0,White,<=5s vs 15-20s,1717
E0cp9c9c,63,1-0,White,<=5s vs 15-20s,2250
kndGsY0V,62,0-1,Black,<=5s vs 5-10s,2008
IdHVp5yi,52,0-1,Black,<=5s vs 5-10s,920
EWGAx0Ys,55,1-0,White,<=5s vs 5-10s,946
ZKdAAHEl,83,0-1,White,<=5s vs 15-20s,2171
y422LWUt,106,1-0,Black,<=5s vs 5-10s,1777
HMFWC5Vc,61,0-1,White,<=5s vs 5-10s,1549
8qeYhHIh,105,1-0,White,<=5s vs 5-10s,2671
7cI2KhHC,49,1-0,White,<=5s vs 10-15s,1448
LfESbpJU,77,1-0,White,<=5s vs 15-20s,2410
Hk48QCAe,66,0-1,Black,<=5s vs 10-15s,1555
SctAK3DZ,77,1-0,White,<=5s vs 15-20s,1311
gt1ff14i,54,0-1,Black,<=5s vs 10-15s,1315
drlCkUjy,87,1-0,White,<=5s vs 5-10s,1793
YORwXhns,90,0-1,Black,<=5s vs 5-10s,1942
YwWqXUxY,74,0-1,Black,<=5s vs 5-10s,1636
CgCmPQWY,69,1-0,White,<=5s vs 5-10s,1522
bLmLBTCw,58,0-1,Black,<=5s vs 15-20s,1560
IeLSwA8v,119,1-0,White,<=5s vs 15-20s,2430
O6T9oirI,114,0-1,Black,<=5s vs 10-15s,2252
YZ3mF7PM,50,0-1,Black,<=5s vs 5-10s,1202
Q1BEbnvE,50,0-1,Black,<=5s vs 5-10s,1069
3UUhjIxe,67,0-1,White,<=5s vs 5-10s,2295
xcwNtRR0,59,1-0,White,<=5s vs 15-20s,1646
7ZEezsVg,93,0-1,White,<=5s vs <=5s,1842
jj6cKDsg,70,0-1,Black,<=5s vs 5-10s,1788
Qk1DT1Ql,99,1-0,White,<=5s vs 5-10s,2120
1xGlAtFm,75,1-0,White,<=5s vs 10-15s,1420
RUAqjYBz,70,0-1,Black,<=5s vs 10-15s,1579
jht0zfnY,54,0-1,Black,<=5s vs 15-20s,1499
58PORx3W,71,0-1,White,<=5s vs <=5s,1635
xery1Qax,98,0-1,Black,<=5s vs 15-20s,2334
kZJqbJzL,114,0-1,Black,<=5s vs 10-15s,1933
WVbRvlIG,73,1-0,White,<=5s vs 5-10s,1495
SNeuLI12,104,0-1,Black,<=5s vs 15-20s,2102
60Zk2AXv,74,0-1,Black,<=5s vs 10-15s,1862
iTez4i5I,108,1/2-1/2,Black,<=5s vs 10-15s,2770
VZFMvEfu,81,1-0,White,<=5s vs 10-15s,2069
GyU1KlI5,61,1-0,White,<=5s vs 5-10s,2258
MmMhT9X1,58,0-1,Black,<=5s vs 10-15s,2010
cim5cjUu,61,1-0,White,<=5s vs 10-15s,1939
Qd4OnFvE,78,1-0,Black,<=5s vs 10-15s,2228
GQd9YL5M,90,0-1,Black,<=5s vs 5-10s,2354
cBhJ1Txn,73,1-0,White,<=5s vs 15-20s,1624
1DkYnUNa,44,0-1,Black,<=5s vs 15-20s,2000
1dr61lqx,57,1-0,White,<=5s vs 10-15s,1672
84vafiIr,99,1-0,White,<=5s vs <=5s,1943
kbAIHAZN,87,0-1,White,<=5s vs 5-10s,1526
QjFdrtPX,65,1-0,White,<=5s vs 15-20s,2351
MsbiYeMc,56,1-0,Black,<=5s vs <=5s,1305
1fK9r89M,67,1-0,White,<=5s vs 5-10s,1794
W3QZtVIy,79,1-0,White,<=5s vs <=5s,2153
eLP82GcR,54,0-1,Black,<=5s vs 15-20s,2284
WvmroSaK,65,1-0,White,<=5s vs 10-15s,1441
74eDTXSN,87,1-0,White,<=5s vs <=5s,2521
wQQofg9t,116,0-1,Black,<=5s vs 15-20s,2050
isprZSNn,50,1-0,Black,<=5s vs <=5s,1921
kwHdkFXE,48,0-1,Black,<=5s vs 15-20s,926
5fSV6CRA,54,1-0,Black,<=5s vs <=5s,1677
XK1esg3f,87,1-0,White,<=5s vs 15-20s,2637
V01Glf7m,59,1-0,White,<=5s vs 10-15s,1713
NMwna26p,75,1-0,White,<=5s vs 10-15s,1735
alnwQH6S,68,0-1,Black,<=5s vs 5-10s,2051
BwK6Areo,71,1-0,White,<=5s vs 15-20s,2237
R33iEwqs,71,1-0,White,<=5s vs 10-15s,2029
MAOAuoTs,120,1/2-1/2,Black,<=5s vs <=5s,2409
C3SDyFz0,87,1-0,White,<=5s vs 5-10s,2018
gkgreK7Q,41,1-0,White,<=5s vs 15-20s,1075
iAs3RV8v,102,1-0,Black,<=5s vs 10-15s,1897
VplgL1Se,86,0-1,Black,<=5s vs 5-10s,1981
luRJlyMM,73,1-0,White,<=5s vs 15-20s,2175
9aaF2gWX,62,0-1,Black,<=5s vs 15-20s,1172
TlH4Dg2U,50,0-1,Black,<=5s vs 10-15s,1365
bPePk7CP,51,1-0,White,<=5s vs 5-10s,2235
E5Dp89cr,103,1-0,White,<=5s vs <=5s,2773
vhJqVkTs,45,1-0,White,<=5s vs 15-20s,1136
ZwAAdfHq,79,1-0,White,<=5s vs 10-15s,2143
aa3DTRP0,86,0-1,Black,<=5s vs 15-20s,2363
V7optwSn,74,1-0,Black,<=5s vs <=5s,2208
Q6ze9Yub,111,0-1,White,<=5s vs 5-10s,2009
3c5c6gE9,61,0-1,White,<=5s vs 15-20s,2106
kCtTvP04,71,1-0,White,<=5s vs 15-20s,1685
k7gQUj1s,84,0-1,Black,<=5s vs <=5s,1672
xI7WyBg5,69,1-0,White,<=5s vs 5-10s,1261
nAZWsvyr,49,1-0,White,<=5s vs 10-15s,1189
iDylnazS,75,1-0,White,<=5s vs 5-10s,2128
W4XCogJA,96,0-1,Black,<=5s vs 15-20s,2004
DLXzWd1d,64,0-1,Black,<=5s vs 5-10s,2008
iRCm65ax,61,1-0,White,<=5s vs 5-10s,1729
uLvOQNSD,84,1-0,Black,<=5s vs 5-10s,2186
Om82mx5W,63,0-1,White,<=5s vs 5-10s,1969
WtEeoTQX,78,0-1,Black,<=5s vs 5-10s,2405
uMjqpU7y,71,1-0,White,<=5s vs 5-10s,1230
2v6ZxkQs,90,0-1,Black,<=5s vs <=5s,2164
ePMOZGXD,94,1/2-1/2,Black,<=5s vs 10-15s,2651
GNDLsjm7,131,0-1,White,<=5s vs <=5s,2272
GAtRzreS,47,1-0,White,<=5s vs 15-20s,1211
CFPYSoKV,64,0-1,Black,<=5s vs <=5s,1653
6EpIK4fs,65,1-0,White,<=5s vs 5-10s,1902
LpFm7kx5,76,0-1,Black,<=5s vs 15-20s,1964
i6Ew1Vgr,59,1-0,White,<=5s vs 15-20s,1690
EQyt5SZl,55,1-0,White,<=5s vs 10-15s,1269
qMLAVno0,140,0-1,Black,<=5s vs 10-15s,2551
0PeVHYES,66,0-1,Black,<=5s vs 5-10s,1814
GXvPv3yi,105,1-0,White,<=5s vs 10-15s,1874
6hmD0sGY,68,0-1,Black,<=5s vs 10-15s,2485
KWER9mQ7,63,1-0,White,<=5s vs 5-10s,1495
Ep7FnHgh,65,1-0,White,<=5s vs <=5s,1653
41iL0lf5,67,1-0,White,<=5s vs 5-10s,2720
uXNsugna,75,0-1,White,<=5s vs <=5s,2913
D31T0EQj,95,1-0,White,<=5s vs 10-15s,2466
p03kc9t3,66,1-0,Black,<=5s vs 5-10s,1503
Yex93479,51,1-0,White,<=5s vs 15-20s,1384
Eo4NLMx1,53,1/2-1/2,White,<=5s vs 10-15s,2080
ImCNfFed,64,1-0,Black,<=5s vs 5-10s,2306
H1nRJZLQ,64,0-1,Black,<=5s vs <=5s,1387
GupDg2Bg,60,0-1,Black,<=5s vs 15-20s,1831
ZaneHt17,79,1-0,White,<=5s vs 5-10s,2542
Y3VNEBhV,79,1-0,White,<=5s vs <=5s,2487
822yzWA7,66,0-1,Black,<=5s vs 10-15s,3007
8eFzArXH,71,1-0,White,<=5s vs 10-15s,2517
O6Hn6qkE,56,0-1,Black,<=5s vs 10-15s,2022
75psvkHS,52,0-1,Black,<=5s vs 10-15s,1180
DIIZPEWY,65,0-1,White,<=5s vs <=5s,1701
Nm9rxB58,72,0-1,Black,<=5s vs 10-15s,2502
sDpubkZN,95,1-0,White,<=5s vs 10-15s,2192
VprwhwId,68,1-0,Black,<=5s vs <=5s,1721
YcfSq4jo,59,1-0,White,<=5s vs 15-20s,997
aJCQiA4I,78,1-0,Black,<=5s vs <=5s,2391
3KCE0x6i,107,1-0,White,<=5s vs 5-10s,2547
tncnfejp,66,0-1,Black,<=5s vs 5-10s,2057
PpEgAots,116,1/2-1/2,Black,<=5s vs 5-10s,2492
1eiWHr9Q,51,1-0,White,<=5s vs 15-20s,1396
8fWN0lJS,90,0-1,Black,<=5s vs 5-10s,2568
RZZhZwmx,79,1-0,White,<=5s vs 10-15s,2174
US3je9zq,67,1-0,White,<=5s vs 10-15s,1634
22TDv7sh,93,0-1,White,<=5s vs <=5s,2440
0fuyZ0ME,101,1/2-1/2,White,<=5s vs 5-10s,1909
hR0llpgg,66,0-1,Black,<=5s vs 15-20s,2089
Nio7jwha,59,0-1,White,<=5s vs <=5s,1220
VytrKi2D,86,0-1,Black,<=5s vs 10-15s,1847
lT0jnOQh,54,0-1,Black,<=5s vs 15-20s,1143
X5TPiWLX,78,1-0,Black,<=5s vs 5-10s,1981
3RjGfaJN,54,0-1,Black,<=5s vs 15-20s,1179
HS7tTRr6,49,1-0,White,<=5s vs 5-10s,1613
WZZ0j3et,78,0-1,Black,<=5s vs 10-15s,2532
ucDuhL67,62,0-1,Black,<=5s vs 15-20s,1886
ZpLmSkeb,175,1-0,White,<=5s vs 5-10s,2658
4l6j53lT,86,1-0,Black,<=5s vs <=5s,2195
FsIDTLoh,113,1-0,White,<=5s vs 15-20s,2032
0wFut2YG,102,1-0,Black,<=5s vs 5-10s,2159
svdNST0s,61,1-0,White,<=5s vs 10-15s,1613
cOUM0Rh6,60,0-1,Black,<=5s vs 15-20s,1533
V5KijNwE,63,1-0,White,<=5s vs 5-10s,1322
QVDNhNPN,84,0-1,Black,<=5s vs 10-15s,2402
AKzm63OJ,83,1-0,White,<=5s vs 15-20s,2122
Srl1nnvu,85,1/2-1/2,White,<=5s vs 10-15s,2568
2l6BAO3g,91,1-0,White,<=5s vs 5-10s,2209
YjRzEupf,61,1-0,White,<=5s vs 10-15s,1399
xZY4TRot,67,0-1,White,<=5s vs 5-10s,1606
xMWrJRlU,126,0-1,Black,<=5s vs 10-15s,2465
SNCnWYc9,61,1-0,White,<=5s vs 5-10s,1720
N7nj4gEx,61,1-0,White,<=5s vs 5-10s,1505
Cz9KA0OG,78,0-1,Black,<=5s vs 15-20s,1782
gfRBtpgq,43,1-0,White,<=5s vs 10-15s,1185
9vThXK9h,83,1-0,White,<=5s vs 5-10s,1500
Dfe39gGf,62,0-1,Black,<=5s vs 10-15s,1202
6FIi8GX4,57,1-0,White,<=5s vs 5-10s,1881
Q9RY0qFr,54,0-1,Black,<=5s vs 5-10s,1460
dqL1kTuI,62,1-0,Black,<=5s vs 5-10s,2229
1fsPjnsB,54,0-1,Black,<=5s vs 5-10s,1569
Rn9IzQm7,67,1-0,White,<=5s vs 5-10s,2449
V3VGp0pN,101,1-0,White,<=5s vs 5-10s,2241
KYfVs67M,61,1-0,White,<=5s vs 15-20s,1168
pYs3Kvoc,53,1-0,White,<=5s vs 5-10s,1609
JT1tzd58,56,0-1,Black,<=5s vs 10-15s,1629
RRhYR5UG,78,0-1,Black,<=5s vs 5-10s,1650
sEjZVB3u,82,0-1,Black,<=5s vs 10-15s,2185
Navq9gB4,70,0-1,Black,<=5s vs 5-10s,1511
JnYyFcJz,70,0-1,Black,<=5s vs <=5s,2355
RrOLoQ28,78,0-1,Black,<=5s vs 5-10s,1483
rlj5Ih8r,74,0-1,Black,<=5s vs 15-20s,1821
A122tnDf,109,1-0,White,<=5s vs 5-10s,2397
CKIa7QHV,41,1-0,White,<=5s vs 15-20s,933
EuD0Hq1C,70,0-1,Black,<=5s vs <=5s,1402
lX3wIORj,50,0-1,Black,<=5s vs 15-20s,797
3UzV3i3q,79,1-0,White,<=5s vs 10-15s,2500
l3WeP8dE,81,1-0,White,<=5s vs 5-10s,2628
A0hK0VOE,97,1/2-1/2,White,<=5s vs <=5s,2874
DugKGxtM,35,1-0,White,<=5s vs 15-20s,956
BZMZ1Uw2,69,1-0,White,<=5s vs 15-20s,1877
EjFOca53,66,0-1,Black,<=5s vs 15-20s,1931
uryCjjLv,79,1-0,White,<=5s vs 15-20s,2130
9jnV8YTY,70,1-0,Black,<=5s vs <=5s,2000
k5EMK3Fc,57,1-0,White,<=5s vs 5-10s,1813
8VRJCMFU,71,1-0,White,<=5s vs 15-20s,2494
VSV0B0KY,87,1-0,White,<=5s vs 15-20s,2499
h4ovVbHv,78,0-1,Black,<=5s vs 15-20s,1671
93AmKWYx,47,0-1,White,<=5s vs 5-10s,1353
TzEp3QdO,84,0-1,Black,<=5s vs 10-15s,1813
XNFGjTqq,61,0-1,White,<=5s vs 5-10s,1835
2BIgFK7A,89,1-0,White,<=5s vs 5-10s,2024
MwLrSrBQ,62,0-1,Black,<=5s vs 15-20s,1341
S4JqkrnS,110,0-1,Black,<=5s vs 10-15s,2175
xTuwjMfd,48,0-1,Black,<=5s vs 10-15s,1243
y4sO9AJo,54,0-1,Black,<=5s vs 15-20s,756
qtLlVFvN,92,0-1,Black,<=5s vs 5-10s,2376
efUpmbND,92,0-1,Black,<=5s vs 15-20s,2207
Kufx5ARD,55,1-0,White,<=5s vs 10-15s,2703
V5ABzfrQ,56,0-1,Black,<=5s vs 5-10s,1422
z736Tz1l,136,0-1,Black,<=5s vs 5-10s,2725
E0kvYwjq,105,1-0,White,<=5s vs 5-10s,1986
1fwxaBzL,64,0-1,Black,<=5s vs 5-10s,2159
gxRKWORm,72,0-1,Black,<=5s vs 5-10s,2246
SMswB66W,70,0-1,Black,<=5s vs 5-10s,1286
9JoKuzPo,46,0-1,Black,<=5s vs 5-10s,1022
9Hi1CXrs,101,1-0,White,<=5s vs 10-15s,2740
TB7rm93N,64,0-1,Black,<=5s vs 10-15s,2380
NVpOKuqw,52,0-1,Black,<=5s vs 15-20s,1421
Nb2VSh1i,79,1-0,White,<=5s vs 5-10s,2218
cf6gN9o1,78,0-1,Black,<=5s vs 10-15s,1182
aVEPpNOE,68,0-1,Black,<=5s vs 15-20s,1736
LTtxapmm,71,1-0,White,<=5s vs 5-10s,1461
IXpmvdvO,114,0-1,Black,<=5s vs 5-10s,1635
zKeItcPn,51,1-0,White,<=5s vs 5-10s,977
0J8XV1XY,71,1-0,White,<=5s vs 5-10s,2350
MQv2IHeA,56,1-0,Black,<=5s vs <=5s,1734
XcpkfxBD,39,1-0,White,<=5s vs 15-20s,1160
wp7zNjVy,126,1-0,Black,<=5s vs <=5s,2469
Udv5R7rY,80,1-0,Black,<=5s vs <=5s,1609
EUHdp5yU,85,1-0,White,<=5s vs <=5s,2472
qDp6ifGv,62,0-1,Black,<=5s vs 15-20s,1505
4nAU8REQ,79,1-0,White,<=5s vs 15-20s,2010
OcjN3vJy,112,0-1,Black,<=5s vs 10-15s,2362
c9KIS4Ie,66,0-1,Black,<=5s vs 10-15s,1752
slkn53C7,97,1-0,White,<=5s vs 15-20s,2902
GNfTo7QZ,87,1-0,White,<=5s vs 5-10s,2320
DzmtooIr,82,1-0,Black,<=5s vs 5-10s,1622
T51gojFO,79,1-0,White,<=5s vs 5-10s,2445
8UkpbOmp,112,0-1,Black,<=5s vs 10-15s,2367
q1TdjZES,104,1/2-1/2,Black,<=5s vs 5-10s,2372
muJtfuiE,88,0-1,Black,<=5s vs 5-10s,2584
9TC7E3Gf,75,1-0,White,<=5s vs <=5s,2176
azcCaqtr,53,1-0,White,<=5s vs 15-20s,1277
d0ZUSmKE,59,1-0,White,<=5s vs 15-20s,1676
68K26sLC,68,0-1,Black,<=5s vs 10-15s,1789
wYpFLfey,53,1-0,White,<=5s vs 5-10s,2206
wCylR4E2,77,1-0,White,<=5s vs 15-20s,2463
D5JuVJmW,69,1-0,White,<=5s vs 15-20s,1864
HjA2tlsH,79,0-1,White,<=5s vs 5-10s,2203
Vec2zxZA,84,1-0,Black,<=5s vs 10-15s,1483
YJ3s17LD,55,1-0,White,<=5s vs 5-10s,1661
XFKix9Rk,97,0-1,White,<=5s vs <=5s,2211
BjoEd7KA,112,0-1,Black,<=5s vs 15-20s,1991
RoATbcqi,78,0-1,Black,<=5s vs 15-20s,2081
fWGBlhNE,79,1-0,White,<=5s vs 10-15s,2194
U7nnNzuj,85,1-0,White,<=5s vs <=5s,2326
rc1HL4IV,86,1-0,Black,<=5s vs <=5s,2414
mIwgO2xi,79,1-0,White,<=5s vs <=5s,1581
z2T4TXgz,65,1-0,White,<=5s vs 15-20s,1863
u22UMyq0,67,1-0,White,<=5s vs 10-15s,2267
w3BtYjG4,82,0-1,Black,<=5s vs 15-20s,1873
zLPJo1ff,106,1/2-1/2,Black,<=5s vs 5-10s,2535
UkNAZxP6,79,1-0,White,<=5s vs 15-20s,2346
IZCFQM7X,90,0-1,Black,<=5s vs 5-10s,2502
DiX3EDy8,106,1/2-1/2,Black,<=5s vs <=5s,1869
7lW3xfws,95,0-1,White,<=5s vs 5-10s,1571
foUFyBdW,111,0-1,White,<=5s vs 5-10s,1845
4U2nMWCQ,48,0-1,Black,<=5s vs 10-15s,1919
XH9IeiZe,76,0-1,Black,<=5s vs 10-15s,2649
Zw8hQJza,68,0-1,Black,<=5s vs 5-10s,1913
PiK05Dzb,70,0-1,Black,<=5s vs 15-20s,1876
4KsQDfqT,46,0-1,Black,<=5s vs 15-20s,1278
mJi26aUS,51,1-0,White,<=5s vs 15-20s,1300
3fe5FOgE,91,1-0,White,<=5s vs 5-10s,2210
XDWKWxbZ,120,1/2-1/2,Black,<=5s vs 5-10s,2155
NFjuLO7q,72,0-1,Black,<=5s vs 5-10s,1974
UkQb2tUw,79,1-0,White,<=5s vs 10-15s,2597
YWgK6FhC,78,0-1,Black,<=5s vs 10-15s,1164
OPvu2NzA,75,1-0,White,<=5s vs 15-20s,1669
0ErmLt33,56,1-0,Black,<=5s vs 10-15s,1352
j0Vc4SjS,100,1-0,Black,<=5s vs <=5s,1965
dVwuml7X,49,1-0,White,<=5s vs 10-15s,1171
6FHVEPej,73,1-0,White,<=5s vs 15-20s,1500
U2YH4wRH,73,1-0,White,<=5s vs <=5s,1567
492Qwuqb,79,0-1,White,<=5s vs 15-20s,1737
FosIiy4M,69,1-0,White,<=5s vs 10-15s,2474
K6yUJlDK,69,1-0,White,<=5s vs 15-20s,1960
MwqdSLtV,98,0-1,Black,<=5s vs 5-10s,2265
z3DWfkiQ,48,0-1,Black,<=5s vs 5-10s,1950
CpdHL3NZ,103,1-0,White,<=5s vs 5-10s,1909
MNwHs8FV,52,0-1,Black,<=5s vs 5-10s,2185
Q9M4kyX4,72,1-0,Black,<=5s vs 5-10s,1081
HClgHrjW,97,1/2-1/2,White,<=5s vs 10-15s,1273
9H3ogTmU,94,0-1,Black,<=5s vs 10-15s,2318
a1zB0Xqm,94,0-1,Black,<=5s vs <=5s,2189
C5YSofkd,63,1-0,White,<=5s vs 10-15s,1454
M6M8IsaV,81,0-1,White,<=5s vs 5-10s,2229
fpNuFMfZ,80,0-1,Black,<=5s vs <=5s,1573
uSv0CoHD,103,0-1,White,<=5s vs <=5s,2369
fBY0RmRb,73,1-0,White,<=5s vs 5-10s,1359
bQD4qTgE,87,1-0,White,<=5s vs 10-15s,2345
N51PUsVj,99,1-0,White,<=5s vs 5-10s,2046
bN5J9o04,73,1-0,White,<=5s vs 15-20s,1355
gVmd4eGK,94,0-1,Black,<=5s vs 5-10s,1201
YBuAb1en,67,1-0,White,<=5s vs 15-20s,1595
JVYmwqqb,76,0-1,Black,<=5s vs <=5s,1458
DMOIUvFf,119,0-1,White,<=5s vs <=5s,2498
E2uaFgzR,109,0-1,White,<=5s vs 5-10s,2876
2HrvsSSl,129,1/2-1/2,White,<=5s vs 15-20s,1173
f0lQwCgs,65,1-0,White,<=5s vs 10-15s,1798
GL0X6kRO,61,0-1,White,<=5s vs 5-10s,1907
TiUMJoNH,75,0-1,White,<=5s vs <=5s,1554
fbPoVdB5,69,1-0,White,<=5s vs 10-15s,1464
E87wKz1V,54,1-0,Black,<=5s vs 15-20s,2104
MSGuWrWc,118,0-1,Black,<=5s vs 15-20s,2576
uhF0MMgZ,101,1-0,White,<=5s vs 15-20s,1615
bb37STkF,128,0-1,Black,<=5s vs 15-20s,1827
ovaYWGC9,96,0-1,Black,<=5s vs 15-20s,2650
5Sceihro,88,1-0,Black,<=5s vs <=5s,1718
H3H1zhGe,60,0-1,Black,<=5s vs 10-15s,1610
xvBUGiXz,90,1-0,Black,<=5s vs 5-10s,1832
Zj7L2UtQ,54,0-1,Black,<=5s vs <=5s,1278
j4JMGuGB,75,1-0,White,<=5s vs 15-20s,2456
NB94ypvJ,89,1-0,White,<=5s vs 5-10s,2551
GVVaiiK3,63,1-0,White,<=5s vs 15-20s,1965
2xXhy0CH,34,0-1,Black,<=5s vs 5-10s,833
98qW94e1,89,1-0,White,<=5s vs 10-15s,1465
IiqP9oIg,74,1-0,Black,<=5s vs <=5s,1374
en1pmCi4,75,1-0,White,<=5s vs 10-15s,2089
TPmaAsH7,84,1/2-1/2,Black,<=5s vs <=5s,1980
I9DK7UNj,95,1-0,White,<=5s vs 5-10s,2401
isy9l3Y3,159,1/2-1/2,White,<=5s vs 15-20s,2190
HvW8PSWH,82,0-1,Black,<=5s vs 5-10s,2168
hyxC4lUj,100,1-0,Black,<=5s vs <=5s,2222
r6MeIaTm,59,1-0,White,<=5s vs 10-15s,1634
coiRWvwr,66,0-1,Black,<=5s vs 10-15s,2186
HoWfb1Q1,76,1-0,Black,<=5s vs <=5s,2031
TYqhvF3X,75,1-0,White,<=5s vs 5-10s,2156
Qhc1qXJv,92,0-1,Black,<=5s vs 5-10s,2126
52b6eGWI,50,0-1,Black,<=5s vs 10-15s,1876
pL4u0yGZ,76,0-1,Black,<=5s vs 15-20s,2003
SP9KXZ5B,85,1-0,White,<=5s vs 5-10s,2160
yROk6VxL,161,0-1,White,<=5s vs <=5s,1076
SrRzJ4Qb,84,0-1,Black,<=5s vs 10-15s,2014
IewYbXU2,89,1-0,White,<=5s vs 5-10s,1982
tV9obzwv,56,0-1,Black,<=5s vs 5-10s,1374
dqrHOZHW,102,0-1,Black,<=5s vs 15-20s,2387
gMF83scV,90,1-0,Black,<=5s vs <=5s,1987
6XWXRtJl,78,0-1,Black,<=5s vs 10-15s,2059
iDG66hNC,67,0-1,White,<=5s vs 5-10s,2157
gLipER65,67,1-0,White,<=5s vs 5-10s,1592
5aPBsZB6,67,0-1,White,<=5s vs <=5s,2194
8Bti5NNE,169,1/2-1/2,White,<=5s vs 5-10s,2460
8PF8ba9E,53,1-0,White,<=5s vs 15-20s,1483
8VqfSgKu,53,1-0,White,<=5s vs 5-10s,1121
ff8wrdvu,41,1-0,White,<=5s vs 10-15s,1137
JFjyWQV2,39,1-0,White,<=5s vs 10-15s,967
j99J3xop,58,0-1,Black,<=5s vs 10-15s,1254
1IHlWGhy,76,0-1,Black,<=5s vs 10-15s,2372
pxhmIktS,83,1-0,White,<=5s vs 5-10s,1931
HjRqY1F3,64,0-1,Black,<=5s vs 15-20s,1665
UParq2pV,85,1-0,White,<=5s vs 5-10s,2304
FSCT3aZa,61,1-0,White,<=5s vs 5-10s,1472
5JSUrOE8,56,0-1,Black,<=5s vs <=5s,1389
P6qE8sco,64,0-1,Black,<=5s vs 15-20s,1939
NQXldtKg,94,0-1,Black,<=5s vs 5-10s,2272
wcByhTp9,80,0-1,Black,<=5s vs 10-15s,1861
MFLBfeZO,117,1-0,White,<=5s vs 10-15s,2565
c5JYAh5w,88,0-1,Black,<=5s vs 15-20s,1194
Ub6Xdcjl,75,1-0,White,<=5s vs 5-10s,2036
1OVXlu1j,100,0-1,Black,<=5s vs <=5s,2611
oQGwNmrb,87,1-0,White,<=5s vs 5-10s,2072
VpjPkY37,78,0-1,Black,<=5s vs 10-15s,1873
dk6ZWKDk,98,0-1,Black,<=5s vs 5-10s,1475
zgzB4y51,39,1-0,White,<=5s vs 15-20s,887
PJKTJGgm,117,1-0,White,<=5s vs 5-10s,2993
WjT4SdBz,62,0-1,Black,<=5s vs 5-10s,2529
rat2C2JG,79,1-0,White,<=5s vs 5-10s,2001
CmkPlbGJ,92,0-1,Black,<=5s vs 15-20s,1964
PkZBVOGq,76,1/2-1/2,Black,<=5s vs 5-10s,2136
lA3PlQ5o,51,1-0,White,<=5s vs 15-20s,1323
pbtL5hye,44,0-1,Black,<=5s vs 5-10s,1623
SFlafKmz,86,1-0,Black,<=5s vs <=5s,1614
Jup3Di5I,62,0-1,Black,<=5s vs 10-15s,1272
0m84dZdL,64,1-0,Black,<=5s vs 5-10s,1436
n3vs3tsE,81,1-0,White,<=5s vs 10-15s,1704
oHEqRSZr,60,0-1,Black,<=5s vs 15-20s,1096
8n0BDpHk,106,1/2-1/2,Black,<=5s vs 15-20s,2207
9CqyhtUA,74,0-1,Black,<=5s vs 15-20s,1500
97v4zSk5,83,1-0,White,<=5s vs 10-15s,2075
FmniseoS,66,0-1,Black,<=5s vs 10-15s,2283
BUUYxN4P,71,1-0,White,<=5s vs 15-20s,999
BE670QPD,140,1/2-1/2,Black,<=5s vs 15-20s,2222
SW4fJ2Zl,49,1-0,White,<=5s vs 10-15s,978
e1nkeUHa,45,1-0,White,<=5s vs 5-10s,877
O0W4MKFj,50,0-1,Black,<=5s vs 15-20s,1417
EK7ywPLh,53,1-0,White,<=5s vs 15-20s,1500
l1rDE1zF,81,1-0,White,<=5s vs 15-20s,2099
bRrpwpRP,71,1-0,White,<=5s vs 15-20s,2231
DI9TyHwZ,60,0-1,Black,<=5s vs 10-15s,1256
zfk8xWrs,81,0-1,White,<=5s vs 10-15s,2500
UkQSx83U,54,0-1,Black,<=5s vs 15-20s,1757
vfA7pZTF,44,0-1,Black,<=5s vs 15-20s,1654
JXISY0cm,70,0-1,Black,<=5s vs 15-20s,1111
2HN5ZnyG,128,1/2-1/2,Black,<=5s vs 15-20s,1980
BvlyR8uX,68,0-1,Black,<=5s vs <=5s,2236
nmYKuHof,77,0-1,White,<=5s vs <=5s,1371
ZUqx9rXo,97,1-0,White,<=5s vs 5-10s,2540
3MRpDXPa,39,1-0,White,<=5s vs 15-20s,1939
4ZZZylSE,59,1-0,White,<=5s vs 15-20s,1562
MRewGyYh,66,1-0,Black,<=5s vs 5-10s,2115
Yzf3LAL6,57,1-0,White,<=5s vs 10-15s,1562
FA1Y5UtV,70,0-1,Black,<=5s vs 5-10s,1783
w3fS9Pl7,86,0-1,Black,<=5s vs 15-20s,1872
1NfOMizM,87,1-0,White,<=5s vs 10-15s,2244
dczLAPOw,56,0-1,Black,<=5s vs 15-20s,1425
0pmXpz67,52,0-1,Black,<=5s vs 10-15s,1539
qs51lhz6,35,1-0,White,<=5s vs 5-10s,1246
kg2ShOrs,54,0-1,Black,<=5s vs 5-10s,1717
4Ww1ytgY,83,1/2-1/2,White,<=5s vs 10-15s,2098
OS0oFxbs,69,1-0,White,<=5s vs 5-10s,2137
ys7ydB7v,86,0-1,Black,<=5s vs 5-10s,2482
SDzloNY0,97,1/2-1/2,White,<=5s vs 5-10s,2035
6aFGRLGx,109,1-0,White,<=5s vs 5-10s,2504
mO4nowF1,99,0-1,White,<=5s vs 5-10s,2151
AovrvENM,71,0-1,White,<=5s vs <=5s,1421
U1UsRNu8,79,1-0,White,<=5s vs 15-20s,1589
BHVGabtP,60,0-1,Black,<=5s vs 15-20s,1413
Fy4gJEyV,111,1-0,White,<=5s vs 15-20s,1906
Tj8avnDH,79,1-0,White,<=5s vs 5-10s,1926
ZwbIxfLn,71,0-1,White,<=5s vs <=5s,1674
Q6sGDS9s,96,0-1,Black,<=5s vs 5-10s,1627
KN2OfBTT,116,0-1,Black,<=5s vs 5-10s,2617
d9mboTvT,55,1-0,White,<=5s vs 10-15s,1513
C9Vc9YCQ,71,1-0,White,<=5s vs 5-10s,1125
UZR36dKy,56,1-0,Black,<=5s vs 5-10s,1895
IfnhKzkY,78,0-1,Black,<=5s vs 15-20s,1372
awnJkVbX,170,1-0,Black,<=5s vs 5-10s,2717
bUTMwHvN,75,1-0,White,<=5s vs 10-15s,1660
DKPsY1hH,82,0-1,Black,<=5s vs 10-15s,2213
76heQD5W,118,0-1,Black,<=5s vs 5-10s,2117
3zGhPGnr,57,0-1,White,<=5s vs 5-10s,1905
NMNtkDNl,142,1/2-1/2,Black,<=5s vs 5-10s,1795
6sKCdOZK,48,0-1,Black,<=5s vs 15-20s,1221
OczmAmY1,103,0-1,White,<=5s vs <=5s,2155
VZZk9HdZ,59,1-0,White,<=5s vs 5-10s,1582
KaCVvF1g,75,1-0,White,<=5s vs 10-15s,1324
Bo3dFi2Z,83,1-0,White,<=5s vs <=5s,2040
FE6HfQDM,63,1-0,White,<=5s vs 5-10s,1179
c9j198Fl,70,0-1,Black,<=5s vs 15-20s,1904
BHCWxDzu,82,1-0,Black,<=5s vs <=5s,2126
PaEMG80J,66,1-0,Black,<=5s vs <=5s,1944
Lfos4AdN,67,1-0,White,<=5s vs 5-10s,1767
zWekutpH,85,1-0,White,<=5s vs 15-20s,2038
cFDQsGDl,130,0-1,Black,<=5s vs 10-15s,2286
xV5AFlnL,85,1-0,White,<=5s vs 5-10s,1584
AeRwhPdy,47,1-0,White,<=5s vs 5-10s,1220
0IzDQrEY,79,1-0,White,<=5s vs 5-10s,2352
VVQ1HeZE,79,1-0,White,<=5s vs 15-20s,2545
aeDl6u72,65,0-1,White,<=5s vs 5-10s,1425
exv2i6S4,69,0-1,White,<=5s vs <=5s,1664
qZHIPhmc,78,0-1,Black,<=5s vs 15-20s,1834
Iubq5Ubr,72,0-1,Black,<=5s vs 10-15s,1388
H2uDBfE2,60,1-0,Black,<=5s vs 10-15s,1701
8hvtnG2a,65,1-0,White,<=5s vs 15-20s,2367
ZEpNIrKs,55,1-0,White,<=5s vs <=5s,1447
HPf7wzW5,62,1-0,Black,<=5s vs 10-15s,1740
Ka09HrYM,70,0-1,Black,<=5s vs 5-10s,1531
PylIZekk,59,0-1,White,<=5s vs 5-10s,2081
bNPgV6BB,65,1-0,White,<=5s vs 5-10s,1681
ZHIYqjtP,68,0-1,Black,<=5s vs 10-15s,1319
TdnKwIma,56,0-1,Black,<=5s vs 10-15s,2210
a4VNtlu4,63,1-0,White,<=5s vs 15-20s,2222
IHrQmNUu,88,1-0,Black,<=5s vs 5-10s,2428
g42fTSFK,120,0-1,Black,<=5s vs 5-10s,2567
5iGXLhjs,68,0-1,Black,<=5s vs 5-10s,1812
O78g2Pkb,95,0-1,White,<=5s vs 5-10s,2187
6nD31dNX,42,0-1,Black,<=5s vs 10-15s,1207
Ke7GXMba,107,1-0,White,<=5s vs <=5s,2402
WiFefYl8,67,1-0,White,<=5s vs 15-20s,2264
PLlrjVyM,71,1-0,White,<=5s vs 10-15s,1849
ueUVBfMJ,86,0-1,Black,<=5s vs <=5s,1844
nsR6tjPx,102,1/2-1/2,Black,<=5s vs 15-20s,1399
4p5pasWA,74,0-1,Black,<=5s vs 10-15s,1631
bshMlZCb,134,0-1,Black,<=5s vs 10-15s,2547
wlxHca7i,37,1-0,White,<=5s vs 5-10s,1191
8y8mnBsC,81,1-0,White,<=5s vs <=5s,1484
bqTVdsy5,48,0-1,Black,<=5s vs <=5s,1986
FpqSaEeI,55,1-0,White,<=5s vs 10-15s,1056
1Qf08XHF,77,1-0,White,<=5s vs 5-10s,2249
BnnEZ9CF,47,1-0,White,<=5s vs 15-20s,1943
D95t7eW7,63,0-1,White,<=5s vs 5-10s,1580
7QWt04D6,59,1-0,White,<=5s vs 15-20s,1810
NoZ30rh9,32,1-0,Black,<=5s vs 10-15s,1013
4TjgmqJs,64,0-1,Black,<=5s vs <=5s,1102
jDmbFXUA,37,1-0,White,<=5s vs 15-20s,821
regy0nAu,62,0-1,Black,<=5s vs 15-20s,2252
Mh7L4I6I,82,1-0,Black,<=5s vs <=5s,2183
ZSkB7EHK,71,1-0,White,<=5s vs 5-10s,2362
oBk6nPSU,67,1-0,White,<=5s vs 5-10s,1368
92Z6qCXQ,56,0-1,Black,<=5s vs 5-10s,1203
VO80wkQT,51,1-0,White,<=5s vs 15-20s,1485
SnECahen,60,0-1,Black,<=5s vs 10-15s,1444
EP7Mp5hc,73,1-0,White,<=5s vs 5-10s,1932
pcFfjG7S,67,1-0,White,<=5s vs 5-10s,1862
MWzbkfHM,136,1/2-1/2,Black,<=5s vs 10-15s,2313
jARcrMIm,79,0-1,White,<=5s vs <=5s,1842
90vEoblF,72,1-0,Black,<=5s vs 5-10s,2092
nbCrbbc0,126,1-0,Black,<=5s vs 5-10s,2070
I43qBP07,69,1-0,White,<=5s vs 5-10s,1415
8Fp5yfkJ,57,1-0,White,<=5s vs <=5s,1601
pKHBBs8x,64,0-1,Black,<=5s vs 10-15s,1507
W0hU1plH,57,1-0,White,<=5s vs 10-15s,1773
kRN0p9cG,59,1-0,White,<=5s vs 15-20s,1220
hThYWmue,72,0-1,Black,<=5s vs 5-10s,1921
20GtV1t5,63,0-1,White,<=5s vs 10-15s,2068
IFptWMGN,95,1-0,White,<=5s vs 15-20s,2506
tE9j8OJM,72,0-1,Black,<=5s vs 10-15s,1308
YDeVbDl1,56,0-1,Black,<=5s vs 10-15s,1435
fNFnodLC,58,0-1,Black,<=5s vs 15-20s,1525
M2DZvS8X,76,0-1,Black,<=5s vs <=5s,1909
1qHuuiOq,60,0-1,Black,<=5s vs 5-10s,1971
6MiEqu2G,96,1-0,Black,<=5s vs <=5s,2182
uD3EJl4o,151,1/2-1/2,White,<=5s vs 10-15s,2424
gEyGoU6c,54,0-1,Black,<=5s vs 10-15s,2088
gfeMNZVa,81,1-0,White,<=5s vs 5-10s,1433
RXwSOjKv,57,1-0,White,<=5s vs 15-20s,1849
UfA9JZZJ,59,1-0,White,<=5s vs 10-15s,2558
ulx8ubVQ,48,0-1,Black,<=5s vs 10-15s,1493
1T56Y5dG,49,1-0,White,<=5s vs 15-20s,1414
w6W8GE7P,67,1-0,White,<=5s vs 15-20s,1797
JXo9hEdt,109,1-0,White,<=5s vs <=5s,2016
JhjbcT2C,80,1/2-1/2,Black,<=5s vs 5-10s,1529
BioOwn6e,94,0-1,Black,<=5s vs 5-10s,2207
HqOTCmCn,59,1-0,White,<=5s vs 10-15s,1510
Ensh54KA,70,0-1,Black,<=5s vs 10-15s,1267
LIs10pLK,67,1-0,White,<=5s vs 15-20s,1546
3AHBRMbh,49,1-0,White,<=5s vs 15-20s,1543
3NBpRLa4,99,1-0,White,<=5s vs 5-10s,1743
6lP8RG5s,60,0-1,Black,<=5s vs 15-20s,2518
V815KBXt,88,0-1,Black,<=5s vs 10-15s,2132
EMzyuWAg,58,0-1,Black,<=5s vs 5-10s,2121
utrqp4po,39,1-0,White,<=5s vs 15-20s,779
cev9l0Ru,110,1/2-1/2,Black,<=5s vs 5-10s,2116
aGogikFd,77,1-0,White,<=5s vs 5-10s,1768
9cirdqgq,61,1-0,White,<=5s vs 15-20s,1785
AzZ2LRCT,50,0-1,Black,<=5s vs 5-10s,1411
HPgYLJBR,81,1-0,White,<=5s vs 5-10s,1500
69OTERpX,61,1-0,White,<=5s vs 15-20s,1651
Jd0H1DWM,76,0-1,Black,<=5s vs 10-15s,2152
xd0fcchL,92,1/2-1/2,Black,<=5s vs 5-10s,2000
wv4O3hRu,82,0-1,Black,<=5s vs 10-15s,1390
mDm7KYOL,48,0-1,Black,<=5s vs 5-10s,1511
VmfJI7Vz,68,0-1,Black,<=5s vs 15-20s,1380
LBm7auav,82,0-1,Black,<=5s vs 10-15s,1471
VGIo888E,101,1-0,White,<=5s vs 10-15s,2235
8f4BS2pM,82,0-1,Black,<=5s vs 5-10s,1842
yDe7YLBA,113,1/2-1/2,White,<=5s vs <=5s,1673
9yypdS6L,95,1-0,White,<=5s vs 5-10s,2285
HA91MGEy,49,0-1,White,<=5s vs 10-15s,2100
xZzZfRdZ,75,1-0,White,<=5s vs 10-15s,2006
Hr2CZmec,104,1/2-1/2,Black,<=5s vs 5-10s,2077
taSbJAyr,96,1/2-1/2,Black,<=5s vs 15-20s,2413
nhnKvIYS,74,0-1,Black,<=5s vs 10-15s,1735
fBVaNf6j,57,0-1,White,<=5s vs <=5s,1102
FmkaXmCt,36,0-1,Black,<=5s vs 5-10s,776
uHwErpLi,59,1-0,White,<=5s vs 15-20s,1750
hnsrj8LY,68,0-1,Black,<=5s vs 15-20s,2082
TfYanMUS,76,0-1,Black,<=5s vs 10-15s,1946
QhWW0NKT,92,0-1,Black,<=5s vs 5-10s,2270
AoKS6uAC,107,1-0,White,<=5s vs 10-15s,1694
1ShcirTb,74,0-1,Black,<=5s vs 10-15s,1377
hxuYcumY,56,0-1,Black,<=5s vs 5-10s,1942
JqX1XZYG,59,1-0,White,<=5s vs 5-10s,1459
4mrZ2Ho5,51,1-0,White,<=5s vs 15-20s,771
3FoNSk9D,70,1-0,Black,<=5s vs 5-10s,1877
0B3yUbqj,53,0-1,White,<=5s vs 10-15s,2014
UqChKzbk,72,0-1,Black,<=5s vs 15-20s,2014
S8qud9A4,97,1-0,White,<=5s vs 5-10s,2245
AkmrXX1U,64,0-1,Black,<=5s vs 5-10s,2133
GdMZcZDu,61,1-0,White,<=5s vs 5-10s,1374
IIGBcJu7,121,1-0,White,<=5s vs 10-15s,1588
xEJAkZnq,49,1-0,White,<=5s vs 15-20s,1390
WyLUNRS1,72,0-1,Black,<=5s vs <=5s,1419
8IRCdSQI,104,0-1,Black,<=5s vs 15-20s,2212
qIS6TISK,48,0-1,Black,<=5s vs 15-20s,1188
B27HdpFm,76,0-1,Black,<=5s vs 5-10s,1174
KResXrSW,51,1-0,White,<=5s vs 5-10s,1381
z9b4TTxD,55,0-1,White,<=5s vs 15-20s,2731
6LJgsS7i,85,1-0,White,<=5s vs 15-20s,1805
0Ybvy3kP,40,0-1,Black,<=5s vs 5-10s,965
C4T1PDsT,63,0-1,White,<=5s vs 5-10s,1916
j7lx2do2,91,1-0,White,<=5s vs 15-20s,1986
xkKd5NBO,68,0-1,Black,<=5s vs 10-15s,1715
T8RlQNmm,50,0-1,Black,<=5s vs 15-20s,1310
4QcaeirN,73,1-0,White,<=5s vs 10-15s,2080
SqyE7S2d,57,0-1,White,<=5s vs 10-15s,2308
ABy99k3J,63,1-0,White,<=5s vs 10-15s,1353
azKkOz72,84,1-0,Black,<=5s vs 15-20s,1402
2WHphwAn,66,0-1,Black,<=5s vs 10-15s,2367
J8wxoMj2,55,1-0,White,<=5s vs 5-10s,1360
iHtYSD93,79,0-1,White,<=5s vs 5-10s,1801
QkR54bAN,58,0-1,Black,<=5s vs 10-15s,2069
9BPtHU5X,123,1/2-1/2,White,<=5s vs <=5s,1729
I0tTJagX,68,0-1,Black,<=5s vs <=5s,1717
Boj1vC3Z,96,0-1,Black,<=5s vs 10-15s,2614
7OLIKi9w,81,1-0,White,<=5s vs <=5s,2544
Dp48ffSU,51,1-0,White,<=5s vs 5-10s,1094
McKALC05,88,0-1,Black,<=5s vs 10-15s,2239
RFZQOcT4,87,1-0,White,<=5s vs 15-20s,2177
LOSyOj8j,106,1-0,Black,<=5s vs 5-10s,2426
1Uuf4yKG,83,0-1,White,<=5s vs 5-10s,2126
9n6lKzSC,62,0-1,Black,<=5s vs 5-10s,2705
KFaQdROA,58,0-1,Black,<=5s vs <=5s,1573
oI0T3AM3,58,0-1,Black,<=5s vs 15-20s,1659
28fPx1Ai,80,0-1,Black,<=5s vs 5-10s,1479
u4dNfqiA,53,1-0,White,<=5s vs 15-20s,1361
cYv9OxZr,56,0-1,Black,<=5s vs 15-20s,1215
itDNhRlJ,60,1-0,Black,<=5s vs 10-15s,1921
D6KSkrk5,61,1-0,White,<=5s vs 5-10s,1006
qzcvEHpt,77,0-1,White,<=5s vs <=5s,1410
YLZUgjHQ,67,1-0,White,<=5s vs 10-15s,1954
Lpn3yUOA,71,1-0,White,<=5s vs 5-10s,2023
xPKOFkvb,61,1-0,White,<=5s vs 5-10s,1092
rEgOqUmO,50,0-1,Black,<=5s vs 15-20s,1070
3n7lZD4e,86,1-0,Black,<=5s vs 15-20s,2126
AMROndlx,62,0-1,Black,<=5s vs 15-20s,991
pYgcvaUf,64,0-1,Black,<=5s vs 10-15s,1527
L7n3YC3g,65,1-0,White,<=5s vs 5-10s,2213
WsPhrIxB,127,1/2-1/2,White,<=5s vs 5-10s,2071
awIE18Gt,63,0-1,White,<=5s vs 10-15s,2001
YAebCYJX,82,0-1,Black,<=5s vs <=5s,2137
GHarKFkf,45,0-1,White,<=5s vs 10-15s,1438
2dF5m89q,86,0-1,Black,<=5s vs 10-15s,1975
thnbc5lv,75,1-0,White,<=5s vs 15-20s,2077
WCFwCZXk,53,1-0,White,<=5s vs 15-20s,2010
Jl5cplL4,68,0-1,Black,<=5s vs 5-10s,1454
BUUTg60C,57,1-0,White,<=5s vs 15-20s,1543
ihqtFfn0,55,1-0,White,<=5s vs 5-10s,1592
X6mB0EHY,66,0-1,Black,<=5s vs 5-10s,1483
QNBFfiCP,75,1-0,White,<=5s vs 15-20s,1949
8ZY8IXPL,102,1/2-1/2,Black,<=5s vs 5-10s,2420
XxFRMCSU,74,0-1,Black,<=5s vs 5-10s,1579
99F7BdKk,110,0-1,Black,<=5s vs 15-20s,1593
Eu7IS8N4,110,0-1,Black,<=5s vs 15-20s,1862
X8s3jFv8,75,1-0,White,<=5s vs 5-10s,2525
mvfGT1wO,66,0-1,Black,<=5s vs 10-15s,1572
GNR07y4U,75,1-0,White,<=5s vs 10-15s,2371
SXmVdD8s,70,0-1,Black,<=5s vs 5-10s,1633
6hiO72ct,58,0-1,Black,<=5s vs 5-10s,1750
cUWS6008,64,0-1,Black,<=5s vs 5-10s,993
xTlgCU0P,56,0-1,Black,<=5s vs 5-10s,1423
P0eoIUYA,61,1-0,White,<=5s vs 5-10s,1531
t490cYKe,95,1-0,White,<=5s vs 15-20s,2416
oBaXpZry,53,1-0,White,<=5s vs 10-15s,1272
AWgnogPh,82,0-1,Black,<=5s vs 5-10s,2061
yWpL58eB,112,1-0,Black,<=5s vs 15-20s,2418
gASqr0AG,84,0-1,Black,<=5s vs 15-20s,1900
frCokDOc,88,0-1,Black,<=5s vs 10-15s,1691
shFtUl3V,57,1-0,White,<=5s vs 15-20s,1978
EAAXtBtg,69,1-0,White,<=5s vs 15-20s,1901
L7t2CjCi,95,1-0,White,<=5s vs 15-20s,1885
dPqngOiS,64,0-1,Black,<=5s vs 10-15s,1809
1b9hDuqC,111,0-1,White,<=5s vs <=5s,2363
LKvumXOO,89,1-0,White,<=5s vs 5-10s,1578
B95maqzj,56,0-1,Black,<=5s vs 15-20s,1947
uJlKyy8z,89,1-0,White,<=5s vs 5-10s,1415
SPlvVkJF,49,1-0,White,<=5s vs 15-20s,1636
QrIBP24M,99,1-0,White,<=5s vs 5-10s,2605
EyR4wOZt,78,0-1,Black,<=5s vs 5-10s,1739
UOaXSDda,52,0-1,Black,<=5s vs 10-15s,1319
GVlLa71v,61,1-0,White,<=5s vs 5-10s,1528
JALdaimK,50,0-1,Black,<=5s vs <=5s,1135
GOm6IZvn,82,0-1,Black,<=5s vs 15-20s,1864
pcsyYFmR,87,1-0,White,<=5s vs <=5s,1827
iOpUoATy,74,0-1,Black,<=5s vs 15-20s,2383
D3o519uK,97,1/2-1/2,White,<=5s vs 15-20s,2193
abxuy4rQ,102,0-1,Black,<=5s vs 15-20s,2287
XcyJTWuH,103,1-0,White,<=5s vs 10-15s,1293
GHMoYwcX,130,1-0,Black,<=5s vs <=5s,2548
2wcZ9MDl,142,1/2-1/2,Black,<=5s vs 10-15s,2846
MevwWaYN,68,1-0,Black,<=5s vs <=5s,1369
pNH2M4fV,38,0-1,Black,<=5s vs 10-15s,951
cMpkmByW,75,1-0,White,<=5s vs 5-10s,2310
MAclbwCJ,135,0-1,White,<=5s vs <=5s,3067
7mx5u1r0,71,1-0,White,<=5s vs 5-10s,1392
sxhOArLT,79,1-0,White,<=5s vs 15-20s,1498
0iLOPoJz,60,0-1,Black,<=5s vs <=5s,1460
UyatRUTQ,158,1/2-1/2,Black,<=5s vs 15-20s,2066
vl3VYrBo,133,1-0,White,<=5s vs 5-10s,2587
W5ExShui,91,1-0,White,<=5s vs 5-10s,2543
j9Yi1dDf,63,1-0,White,<=5s vs 5-10s,2041
1oLlVFcY,57,1-0,White,<=5s vs 5-10s,1668
Ls8ctbJ4,73,1-0,White,<=5s vs 15-20s,1639
pWUdKyF6,55,1-0,White,<=5s vs 15-20s,1220
wgKHKjuQ,58,0-1,Black,<=5s vs 5-10s,1471
IrFxgfAa,78,0-1,Black,<=5s vs 5-10s,2106
uPrUusV6,46,0-1,Black,<=5s vs 5-10s,839
DBm9zTAy,65,0-1,White,<=5s vs 5-10s,1373
tKFBBCgu,64,0-1,Black,<=5s vs 15-20s,2023
WdAT7IAh,75,1-0,White,<=5s vs 15-20s,2011
2VBtuQlL,68,1-0,Black,<=5s vs <=5s,1825
F9qRzaeH,53,1-0,White,<=5s vs 15-20s,2034
ZGjuHRYU,77,1-0,White,<=5s vs 5-10s,1298
3k8evx9d,60,0-1,Black,<=5s vs 15-20s,1944
2Xz5iLg6,86,0-1,Black,<=5s vs 5-10s,1769
YZF5bikV,50,0-1,Black,<=5s vs 10-15s,1432
1EMxIykw,50,0-1,Black,<=5s vs 15-20s,1921
oghI5Xf2,64,0-1,Black,<=5s vs 15-20s,1164
AKrwNym5,52,0-1,Black,<=5s vs 15-20s,1112
5CLK1fI0,62,0-1,Black,<=5s vs 15-20s,809
uhvk6LrK,81,1/2-1/2,White,<=5s vs 5-10s,2250
PH4uPndN,77,1-0,White,<=5s vs 15-20s,1545
2PDFlGxB,59,1-0,White,<=5s vs 5-10s,1810
ahsEfmmX,100,0-1,Black,<=5s vs 15-20s,1421
aTIDUCaw,70,0-1,Black,<=5s vs 15-20s,1886
LzX99vTe,50,0-1,Black,<=5s vs 10-15s,1947
Mksm9o9d,118,1/2-1/2,Black,<=5s vs <=5s,1809
PyXW2zdc,75,1-0,White,<=5s vs 10-15s,1969
uANCBaMT,104,0-1,Black,<=5s vs 5-10s,2808
7WuXc1ZS,70,0-1,Black,<=5s vs 5-10s,1631
NogmsYvA,87,1-0,White,<=5s vs 10-15s,2169
6lzayR3q,64,0-1,Black,<=5s vs 15-20s,1841
8Jlo9JZL,84,1/2-1/2,Black,<=5s vs 10-15s,2175
jrLPRwQi,51,0-1,White,<=5s vs 5-10s,2000
AdPfzFFR,70,0-1,Black,<=5s vs 15-20s,1781
HBHfiKUO,69,1-0,White,<=5s vs 10-15s,1681
MbvqVKmy,61,1-0,White,<=5s vs 10-15s,1640
h2oW3yiU,56,0-1,Black,<=5s vs 15-20s,1394
Va6ymi20,61,1-0,White,<=5s vs 5-10s,1422
Nej25xSN,83,1-0,White,<=5s vs 5-10s,1674
MvaJ8lb2,49,1-0,White,<=5s vs 5-10s,1085
N7hGQXjM,62,0-1,Black,<=5s vs 10-15s,1503
CXZ82x7G,102,1/2-1/2,Black,<=5s vs 5-10s,2474
OtCEKU0g,89,1-0,White,<=5s vs <=5s,1878
QXU022PB,66,1-0,Black,<=5s vs <=5s,1381
6XempEgL,83,1-0,White,<=5s vs 10-15s,2472
SvnurWLy,56,1-0,Black,<=5s vs <=5s,1140
mpDfixcl,47,0-1,White,<=5s vs 10-15s,2173
oCtOYpRc,50,0-1,Black,<=5s vs <=5s,1520
ydGGZS1z,51,1-0,White,<=5s vs 15-20s,1899
9mYhxVJx,83,1-0,White,<=5s vs 15-20s,1752
0MPZbSD0,82,0-1,Black,<=5s vs 10-15s,2246
HGCt9Wlg,58,0-1,Black,<=5s vs 15-20s,1342
tb8qd7tl,76,1-0,Black,<=5s vs <=5s,1345
stWXkhPc,80,0-1,Black,<=5s vs <=5s,1830
glaGyB6u,51,1-0,White,<=5s vs 15-20s,1252
6n86NRPH,82,0-1,Black,<=5s vs 10-15s,2268
B6fQ9FhV,76,1-0,Black,<=5s vs <=5s,1538
VOecFzFw,66,0-1,Black,<=5s vs 10-15s,2483
DhARgvGi,50,0-1,Black,<=5s vs 10-15s,2169
7LiQ6Dl7,48,0-1,Black,<=5s vs 15-20s,1440
2d4D2Q2F,79,1-0,White,<=5s vs 10-15s,1876
V86XU56M,75,1-0,White,<=5s vs 5-10s,1806
bSLbHsiP,73,1-0,White,<=5s vs 15-20s,2367
Vi9odkOj,57,1-0,White,<=5s vs 10-15s,2695
N1TzrZK8,108,0-1,Black,<=5s vs 15-20s,1982
H2FrSaMa,92,0-1,Black,<=5s vs 10-15s,2342
7OOTNCct,52,1-0,Black,<=5s vs <=5s,2010
I2fFDEbV,37,1-0,White,<=5s vs 15-20s,1115
Q4pi2izJ,67,1-0,White,<=5s vs 5-10s,2400
Nnrn99l7,60,0-1,Black,<=5s vs 10-15s,977
Sul9GHl3,61,1-0,White,<=5s vs <=5s,908
gbZUaNfG,64,0-1,Black,<=5s vs 5-10s,1525
ElTyUvHW,48,0-1,Black,<=5s vs 10-15s,1492
nxg4MnTf,66,1-0,Black,<=5s vs 15-20s,2300
j8tv15dH,64,0-1,Black,<=5s vs <=5s,1792
EMPaZBlH,69,1-0,White,<=5s vs 15-20s,2121
OgSZGsnq,45,1-0,White,<=5s vs 15-20s,1824
iFKWehN3,73,1-0,White,<=5s vs 15-20s,1224
eAcr0Pol,59,1-0,White,<=5s vs 10-15s,1781
DbrGWQbh,143,1-0,White,<=5s vs 5-10s,2398
TOIfE59n,66,0-1,Black,<=5s vs 5-10s,2029
AaOYnNTB,110,0-1,Black,<=5s vs 10-15s,2364
VloynVIB,122,0-1,Black,<=5s vs <=5s,1893
eXOKetBr,43,0-1,White,<=5s vs <=5s,1044
NjHMjz6m,126,1-0,Black,<=5s vs <=5s,2469
GRFr81Fx,61,1-0,White,<=5s vs 15-20s,1711
kjt9cuxJ,72,1/2-1/2,Black,<=5s vs 10-15s,1940
04UsMIyV,115,1/2-1/2,White,<=5s vs 10-15s,2891
6rhkEF2E,87,1-0,White,<=5s vs 5-10s,2324
J3Wu2JBm,54,0-1,Black,<=5s vs 5-10s,1432
FgHMpQjd,58,0-1,Black,<=5s vs 5-10s,1629
K1us5IRY,99,0-1,White,<=5s vs <=5s,1989
8wku6AH7,58,1-0,Black,<=5s vs 10-15s,1958
MuPM5KzM,88,0-1,Black,<=5s vs 10-15s,2109
u5gXRkIh,73,1-0,White,<=5s vs 15-20s,1852
0ir07Har,61,1-0,White,<=5s vs 5-10s,925
KXwS9gVM,86,1-0,Black,<=5s vs 5-10s,2477
mPOXKQF1,84,0-1,Black,<=5s vs 10-15s,1747
WHtzVJlI,116,1-0,Black,<=5s vs <=5s,2915
Qj4mEPx7,83,1-0,White,<=5s vs 15-20s,2304
rmYfU1ZH,62,0-1,Black,<=5s vs 15-20s,2095
ErYp63iG,55,1-0,White,<=5s vs 5-10s,2013
4QSW1amb,92,1-0,Black,<=5s vs 5-10s,2253
ILgOf3vR,60,0-1,Black,<=5s vs 15-20s,1439
66heegTA,49,1-0,White,<=5s vs 15-20s,1770
6f3VYir8,50,0-1,Black,<=5s vs 5-10s,1308
E80G0ioT,60,1-0,Black,<=5s vs 10-15s,2010
cH5XzT67,129,0-1,White,<=5s vs 5-10s,2583
htbA7O4e,60,0-1,Black,<=5s vs 5-10s,1511
F8wCDbPs,138,1/2-1/2,Black,<=5s vs 5-10s,1854
OW6mg1KB,72,1/2-1/2,Black,<=5s vs <=5s,1947
Xu1Lfsjh,74,1-0,Black,<=5s vs <=5s,1894
tf7oV3zD,64,0-1,Black,<=5s vs 5-10s,978
TqYkPlmL,67,1-0,White,<=5s vs 10-15s,2053
zn7wZgX3,64,0-1,Black,<=5s vs 15-20s,1718
FASpK4hQ,84,0-1,Black,<=5s vs 10-15s,2417
RMJbNjnO,66,0-1,Black,<=5s vs 10-15s,2481
40yCjdiO,69,1-0,White,<=5s vs 10-15s,2650
gP7Tl9WA,130,0-1,Black,<=5s vs 10-15s,2572
9ERZwDWk,63,1-0,White,<=5s vs 10-15s,2415
wWj9Q2XT,63,1-0,White,<=5s vs 15-20s,1518
rPEbywXL,68,0-1,Black,<=5s vs <=5s,1462
LNXe0kJ7,76,0-1,Black,<=5s vs 10-15s,1585
8PmhNqCz,108,0-1,Black,<=5s vs 5-10s,2992
TE7DjgHs,48,0-1,Black,<=5s vs 5-10s,1508
JjESpEKA,57,0-1,White,<=5s vs <=5s,2179
pF8FYvAX,83,1-0,White,<=5s vs 5-10s,1238
Cx0hnwIZ,97,1-0,White,<=5s vs 5-10s,2568
vSwTbFy0,51,1-0,White,<=5s vs 10-15s,1484
p8Jv5HZR,76,0-1,Black,<=5s vs 10-15s,1846
fEsiY29R,106,1-0,Black,<=5s vs 5-10s,2177
HkrJ5PFA,104,0-1,Black,<=5s vs 15-20s,2196
OGAbZ72P,58,0-1,Black,<=5s vs 15-20s,1226
IsqOgtpN,72,0-1,Black,<=5s vs 5-10s,1539
RAf09jgY,81,1-0,White,<=5s vs 10-15s,2189
8ajHkx4J,36,0-1,Black,<=5s vs 15-20s,1028
TZvrRUXV,78,0-1,Black,<=5s vs <=5s,2327
xpMC4cKp,77,0-1,White,<=5s vs <=5s,1666
ZRi0M5yP,80,0-1,Black,<=5s vs 5-10s,1542
FULprs8B,132,0-1,Black,<=5s vs <=5s,2193
KsvNiREv,79,1-0,White,<=5s vs 10-15s,2026
8TlnRHFO,56,0-1,Black,<=5s vs 10-15s,734
LJBdeIo8,72,0-1,Black,<=5s vs 15-20s,2253
EdASyYAe,74,0-1,Black,<=5s vs <=5s,1669
gZyltQhc,90,0-1,Black,<=5s vs 10-15s,2193
EPaWHsAv,132,1-0,Black,<=5s vs <=5s,2408
lGIaIcLJ,119,1-0,White,<=5s vs <=5s,2558
Rhj4HsCf,147,1-0,White,<=5s vs 10-15s,1643
RnTDlZhN,96,0-1,Black,<=5s vs <=5s,1703
mGTEFO5T,85,1-0,White,<=5s vs 10-15s,1534
RdpqtSI4,128,1/2-1/2,Black,<=5s vs 10-15s,2218
Mcez53v2,64,0-1,Black,<=5s vs 10-15s,1045
DyqFmoLw,98,0-1,Black,<=5s vs 5-10s,1500
MjL25WXL,70,0-1,Black,<=5s vs 10-15s,1685
3tbQRMfq,46,0-1,Black,<=5s vs 10-15s,1068
G089D68t,68,0-1,Black,<=5s vs 10-15s,1537
giQkFuHt,67,0-1,White,<=5s vs 5-10s,1971
vRhv73xC,73,1-0,White,<=5s vs 15-20s,1740
ZDqB6Iz1,69,0-1,White,<=5s vs 10-15s,2264
XJ96TOU8,60,0-1,Black,<=5s vs <=5s,1815
q6IwE9Nw,68,0-1,Black,<=5s vs 15-20s,1668
pOcf2i37,104,0-1,Black,<=5s vs 10-15s,2247
Y14siO8x,129,1/2-1/2,White,<=5s vs 5-10s,2422
5WZHuwZl,88,0-1,Black,<=5s vs 5-10s,2290
Fth2fI3k,93,1-0,White,<=5s vs 15-20s,2178
mimNd5li,60,0-1,Black,<=5s vs 5-10s,1281
OArChcXr,58,0-1,Black,<=5s vs 5-10s,1787
kooBXUxN,70,0-1,Black,<=5s vs 5-10s,1839
gsmDXPvS,55,0-1,White,<=5s vs <=5s,1077
0zWEjr6E,83,1-0,White,<=5s vs 5-10s,2339
QxunQN5i,59,1-0,White,<=5s vs 10-15s,1230
pD0ox0da,49,1-0,White,<=5s vs 15-20s,1615
2PJKQOwP,112,0-1,Black,<=5s vs <=5s,2190
6tESeOSv,89,1-0,White,<=5s vs <=5s,1643
k29n8X3z,109,1-0,White,<=5s vs 5-10s,2431
S2e9W0Rh,74,0-1,Black,<=5s vs 15-20s,1652
stpY0VpR,76,0-1,Black,<=5s vs 15-20s,1566
V0WELiLi,60,0-1,Black,<=5s vs 10-15s,1676
MlnMH7Tr,65,1-0,White,<=5s vs 5-10s,2137
W5fRA0X3,75,1-0,White,<=5s vs <=5s,1512
VXXQlyvZ,87,1-0,White,<=5s vs 15-20s,1483
Um5iXw18,76,0-1,Black,<=5s vs <=5s,1723
OKWvq49R,78,0-1,Black,<=5s vs 10-15s,1918
nAXCJR8R,59,1-0,White,<=5s vs 10-15s,1223
bvzBMntP,99,1/2-1/2,White,<=5s vs 10-15s,1898
Af4LiQsC,90,0-1,Black,<=5s vs <=5s,2161
78PcoePl,79,1-0,White,<=5s vs <=5s,1985
bivdKJgl,82,1-0,Black,<=5s vs 5-10s,1948
EeTIV1TW,64,1-0,Black,<=5s vs 10-15s,1931
gNEPO1jL,86,0-1,Black,<=5s vs 5-10s,2221
j1NTolh2,91,1-0,White,<=5s vs 5-10s,2444
VydwibRl,63,1-0,White,<=5s vs 15-20s,1878
uqtBnyAX,71,1-0,White,<=5s vs 10-15s,1688
E7BjhYxP,99,1-0,White,<=5s vs <=5s,2382
BGl0cxXB,36,0-1,Black,<=5s vs 15-20s,810
xzGB789I,48,0-1,Black,<=5s vs 15-20s,1856
x4RzT1zx,82,1/2-1/2,Black,<=5s vs <=5s,1485
pM1x2aDR,49,1-0,White,<=5s vs 15-20s,1346
VlE4cKxb,66,0-1,Black,<=5s vs 5-10s,2342
aLPdoeL9,62,1-0,Black,<=5s vs <=5s,1233
42f6v9pp,60,0-1,Black,<=5s vs <=5s,880
IoQudhyf,98,0-1,Black,<=5s vs <=5s,2250
PAzTOXvm,44,0-1,Black,<=5s vs 15-20s,598
rQfTTzbj,77,1-0,White,<=5s vs 10-15s,1931
UJCunokp,94,0-1,Black,<=5s vs 10-15s,2432
PW7B16Ks,91,1/2-1/2,White,<=5s vs 5-10s,2104
cesFyW3k,69,1-0,White,<=5s vs 15-20s,1626
fTHwVbfh,50,0-1,Black,<=5s vs 10-15s,1558
xXhmyxfg,59,1-0,White,<=5s vs 15-20s,2308
Hk4Jwrlk,99,0-1,White,<=5s vs 10-15s,989
PuEXukcu,93,1/2-1/2,White,<=5s vs <=5s,2206
tlF7iIdf,55,1-0,White,<=5s vs 10-15s,940
jVRiSkQT,86,0-1,Black,<=5s vs 10-15s,2502
NSkVVHCJ,35,1-0,White,<=5s vs 15-20s,1272
IHYTBs4f,120,0-1,Black,<=5s vs <=5s,2591
yxHC1fGr,78,1/2-1/2,Black,<=5s vs 5-10s,1851
1Azzm7YJ,82,0-1,Black,<=5s vs 10-15s,2067
Eckp6boK,36,1-0,Black,<=5s vs <=5s,1042
HsWkm3pj,69,1-0,White,<=5s vs 10-15s,1787
DBGOdwhm,69,1-0,White,<=5s vs 5-10s,1953
DC9rcnNH,132,0-1,Black,<=5s vs 5-10s,2826
M6Oc8gdi,61,1-0,White,<=5s vs 10-15s,2058
zjxUnrRw,85,1-0,White,<=5s vs 15-20s,1911
MVOgVzao,79,1-0,White,<=5s vs 10-15s,1731
yBpPNPhj,153,1/2-1/2,White,<=5s vs 10-15s,2806
1sn2JOLu,49,1-0,White,<=5s vs 15-20s,1155
ENhUgqRI,61,1-0,White,<=5s vs 15-20s,1898
2qUDPSzf,60,0-1,Black,<=5s vs 15-20s,1631
EjvzsoYO,91,0-1,White,<=5s vs <=5s,2314
DUwSMCiW,67,1-0,White,<=5s vs 5-10s,2391
ropcgSxP,70,0-1,Black,<=5s vs 5-10s,1766
EKxIfTyw,62,0-1,Black,<=5s vs 5-10s,2331
1HHD0EN3,58,0-1,Black,<=5s vs 15-20s,1579
37KB9EcM,114,0-1,Black,<=5s vs 10-15s,2779
ROOx2jMB,51,1-0,White,<=5s vs 5-10s,1253
utVA97qe,122,0-1,Black,<=5s vs 15-20s,1983
FzO8VJna,70,0-1,Black,<=5s vs 10-15s,1486
7uwXm1OJ,62,0-1,Black,<=5s vs 15-20s,1415
9ViVhDID,65,1-0,White,<=5s vs 10-15s,2248
Foiveo8j,76,0-1,Black,<=5s vs 5-10s,2235
19eMU3DB,57,1-0,White,<=5s vs 10-15s,1500
vfkqqipl,136,0-1,Black,<=5s vs 15-20s,1982
WVbUgbkr,83,1/2-1/2,White,<=5s vs 15-20s,2340
VJqgYHGn,79,0-1,White,<=5s vs <=5s,2399
InWuKv0P,64,0-1,Black,<=5s vs 15-20s,2049
jSoLlWwp,53,1-0,White,<=5s vs 5-10s,1194
GiwlkMqJ,76,0-1,Black,<=5s vs 5-10s,2113
MvFA0Ebf,65,0-1,White,<=5s vs 5-10s,1629
4NXV9gnm,72,0-1,Black,<=5s vs 15-20s,1500
6ZAATZlc,65,1-0,White,<=5s vs 15-20s,2200
Cnn0PQh7,112,0-1,Black,<=5s vs 5-10s,2107
LZjo9kMQ,85,0-1,White,<=5s vs 5-10s,2534
98LB7clf,65,1-0,White,<=5s vs 10-15s,2553
pAulVjJy,108,0-1,Black,<=5s vs 15-20s,1977
UW94KxhW,65,1-0,White,<=5s vs 10-15s,1726
N7HB220y,116,1-0,Black,<=5s vs <=5s,2243
AwYqbfaD,60,1-0,Black,<=5s vs 5-10s,1683
Hz9yeOQn,97,1-0,White,<=5s vs 10-15s,2499
NfNpKmwb,58,0-1,Black,<=5s vs 5-10s,1151
agW9z29q,75,0-1,White,<=5s vs 10-15s,2672
9xYdWpSB,75,1-0,White,<=5s vs 5-10s,1264
cwVUYKV8,67,1-0,White,<=5s vs 10-15s,1786
y3RXfoDY,81,1-0,White,<=5s vs 5-10s,1298
fWMDvRmR,150,0-1,Black,<=5s vs 15-20s,2947
kP9ii6UD,64,0-1,Black,<=5s vs 15-20s,1286
2xm1jRpM,86,1/2-1/2,Black,<=5s vs 10-15s,2210
wOFeKm7A,66,0-1,Black,<=5s vs <=5s,1333
OCuM6fmx,77,1-0,White,<=5s vs 10-15s,1970
To8MYwhu,93,1-0,White,<=5s vs <=5s,2312
opsAOzOV,64,0-1,Black,<=5s vs 5-10s,1888
QC0NLC1Y,108,0-1,Black,<=5s vs <=5s,2315
SAmIPBJc,69,1-0,White,<=5s vs 10-15s,1229
J7CU0UBH,56,0-1,Black,<=5s vs 15-20s,1881
0jbfAMBw,78,0-1,Black,<=5s vs 15-20s,1288
GPAumIK7,56,0-1,Black,<=5s vs 15-20s,1069
3wNS9B0D,65,1-0,White,<=5s vs 10-15s,2246
JZ8TSKq3,90,0-1,Black,<=5s vs <=5s,2670
uVp6TBi3,125,1/2-1/2,White,<=5s vs 5-10s,2572
ACdr4KZC,64,0-1,Black,<=5s vs 10-15s,2331
444SiRhe,59,1-0,White,<=5s vs 10-15s,1482
e9YMo4Dw,86,0-1,Black,<=5s vs <=5s,2164
ZkGMY5P6,68,0-1,Black,<=5s vs 10-15s,2018
FoNYdVAG,63,1-0,White,<=5s vs 10-15s,1433
BmS3gAHH,52,0-1,Black,<=5s vs 15-20s,1692
oW82rVnf,43,1-0,White,<=5s vs 10-15s,1474
CPFNoHWQ,83,1-0,White,<=5s vs 15-20s,1482
ZNFWIq9X,76,0-1,Black,<=5s vs 10-15s,1334
x8cMHnue,25,1-0,White,<=5s vs 15-20s,465
mCI1elj2,91,1-0,White,<=5s vs 15-20s,2401
fh8An9RO,67,1-0,White,<=5s vs 15-20s,1624
h55BHXLz,58,0-1,Black,<=5s vs 15-20s,1270
DJSG6FCu,116,0-1,Black,<=5s vs 5-10s,2472
pFdEgldj,56,1-0,Black,<=5s vs <=5s,1260
JKH8PBS5,91,1/2-1/2,White,<=5s vs 5-10s,2836
IiIu41K1,110,1-0,Black,<=5s vs <=5s,1800
fiNC4Fdn,80,1-0,Black,<=5s vs <=5s,2076
W1Og7dAQ,79,1-0,White,<=5s vs 15-20s,2402
EPnMAkPu,71,1-0,White,<=5s vs 15-20s,1820
BMQhmesm,70,1-0,Black,<=5s vs 5-10s,1625
Sbjl67pD,106,1-0,Black,<=5s vs 10-15s,1814
zaJZuZ1o,98,0-1,Black,<=5s vs 10-15s,2456
CZHaQqZA,76,1-0,Black,<=5s vs <=5s,2107
59TaIvMc,88,0-1,Black,<=5s vs 5-10s,1525
Xf9WXMfE,79,1-0,White,<=5s vs <=5s,2345
t3xtLeF6,48,0-1,Black,<=5s vs <=5s,1146
hDBLMQU6,59,1-0,White,<=5s vs 10-15s,1541
FJF6GnKN,106,0-1,Black,<=5s vs 5-10s,2349
QIN464Za,62,0-1,Black,<=5s vs 15-20s,1459
MjJMbRWT,87,1-0,White,<=5s vs 5-10s,2184
7hbezuiv,70,0-1,Black,<=5s vs 5-10s,2381
MNNtls29,59,1-0,White,<=5s vs 15-20s,1638
6dwKRdu6,74,1-0,Black,<=5s vs <=5s,1845
sGiUxWvN,73,1-0,White,<=5s vs <=5s,1040
Ic8Pejc1,42,0-1,Black,<=5s vs 15-20s,1151
pNFPauJW,73,1-0,White,<=5s vs 15-20s,2202
RTg2sKBq,122,0-1,Black,<=5s vs <=5s,1499
8okrT1Tg,63,1-0,White,<=5s vs 5-10s,1444
k6KxcI89,112,0-1,Black,<=5s vs 10-15s,2467
EMlpdCt1,74,0-1,Black,<=5s vs 15-20s,1728
1ARy2ejY,67,0-1,White,<=5s vs <=5s,1813
0sfThtEt,87,1-0,White,<=5s vs 10-15s,1740
14sIOHNs,59,1-0,White,<=5s vs 15-20s,2485
PyEFaMcu,96,1-0,Black,<=5s vs 5-10s,2594
1mkXlnib,112,1/2-1/2,Black,<=5s vs 5-10s,2378
zqNfT0jC,43,1-0,White,<=5s vs 5-10s,1027
W05KH6SH,73,1-0,White,<=5s vs 10-15s,1506
5D7D78Jp,55,1-0,White,<=5s vs 10-15s,1614
hF8nJQix,66,0-1,Black,<=5s vs 5-10s,1275
yPsiQUTf,49,0-1,White,<=5s vs 5-10s,1872
OMOtvL39,52,0-1,Black,<=5s vs 10-15s,1417
opJMkmTQ,66,0-1,Black,<=5s vs 15-20s,1324
RpSe3uJU,57,0-1,White,<=5s vs <=5s,1843
UkhxZh2Z,104,1-0,Black,<=5s vs <=5s,2005
2YylhT8f,80,1/2-1/2,Black,<=5s vs 5-10s,2670
9oU7hqeL,60,0-1,Black,<=5s vs 10-15s,1569
9LvKDSo8,70,0-1,Black,<=5s vs 15-20s,1361
1AbwUIjW,47,1-0,White,<=5s vs 10-15s,2140
Q4hJlRXL,50,0-1,Black,<=5s vs 10-15s,1113
3bWdKDgP,48,0-1,Black,<=5s vs 10-15s,2026
SNo1UkVt,44,0-1,Black,<=5s vs 15-20s,1255
RlBBplmX,128,1/2-1/2,Black,<=5s vs 5-10s,2423
5qqpkIDn,109,1-0,White,<=5s vs 10-15s,1791
bVRTL7Mp,74,0-1,Black,<=5s vs 5-10s,1522
tNxxTRzE,65,1-0,White,<=5s vs 5-10s,1701
OebGliff,80,0-1,Black,<=5s vs 5-10s,1554
jSmRzRv9,69,1-0,White,<=5s vs 15-20s,1902
X7ppWkZb,59,1-0,White,<=5s vs 5-10s,1351
xzvrnaZT,42,0-1,Black,<=5s vs 5-10s,2009
UdEac3Vi,42,1-0,Black,<=5s vs 5-10s,1550
BNGXBHaN,80,0-1,Black,<=5s vs 15-20s,2447
RUNcFgmv,80,0-1,Black,<=5s vs <=5s,765
CUUgKPKj,47,1-0,White,<=5s vs 5-10s,1200
b47eRaVR,62,0-1,Black,<=5s vs 10-15s,1591
OtqbeFxz,56,0-1,Black,<=5s vs 10-15s,1895
YBTYekIb,75,1-0,White,<=5s vs 15-20s,2343
1lS0qTbI,53,1-0,White,<=5s vs 10-15s,1393
ALr7457G,65,1-0,White,<=5s vs 15-20s,1471
SNTcnVfT,44,0-1,Black,<=5s vs 5-10s,793
drWI5mOr,88,0-1,Black,<=5s vs 5-10s,1629
8DzWl6BO,104,0-1,Black,<=5s vs <=5s,2100
cDCh2U8i,63,1-0,White,<=5s vs 10-15s,1442
GV76lun2,121,1-0,White,<=5s vs 15-20s,1925
Jdcz2KXn,104,0-1,Black,<=5s vs 10-15s,1955
ExN3d3F6,63,1-0,White,<=5s vs 15-20s,2306
9nBJVUFw,72,0-1,Black,<=5s vs 10-15s,2301
K5k4l7CO,73,1/2-1/2,White,<=5s vs 10-15s,1954
Ne55KKLz,97,0-1,White,<=5s vs <=5s,2528
JBSjsCx6,86,1-0,Black,<=5s vs <=5s,1648
roUx7XYV,124,0-1,Black,<=5s vs 15-20s,1830
DPl8MxTz,56,0-1,Black,<=5s vs 15-20s,1708
FRiqAwAl,66,0-1,Black,<=5s vs 5-10s,1585
rXTygCUo,55,0-1,White,<=5s vs 15-20s,755
Z9euRfJL,59,1-0,White,<=5s vs 15-20s,1668
e4rDQNl1,60,0-1,Black,<=5s vs <=5s,1774
zHusGMii,129,1/2-1/2,White,<=5s vs 5-10s,3102
8vi5hf5E,78,1-0,Black,<=5s vs <=5s,1937
HnS1rzpd,75,1-0,White,<=5s vs 5-10s,2275
bIs9UZDS,89,1-0,White,<=5s vs 10-15s,1874
GklSR9z0,86,1-0,Black,<=5s vs <=5s,2048
6L78cJNz,62,0-1,Black,<=5s vs 10-15s,2033
trIO9wsk,62,0-1,Black,<=5s vs 10-15s,1768
M8fNivvx,48,0-1,Black,<=5s vs 5-10s,1449
adpfQy0D,58,1-0,Black,<=5s vs <=5s,1705
UegNLLd3,80,1-0,Black,<=5s vs <=5s,1601
E00PPqOr,53,1-0,White,<=5s vs 10-15s,1265
qv4qeFaz,66,0-1,Black,<=5s vs 15-20s,1808
R3UI9GbE,73,1-0,White,<=5s vs 15-20s,1594
BIxEK2sc,63,0-1,White,<=5s vs <=5s,2180
AUTUq24y,78,1-0,Black,<=5s vs <=5s,1461
gS9FiKY4,131,1-0,White,<=5s vs 5-10s,1853
HcJX8Aiv,49,1-0,White,<=5s vs 10-15s,1417
o25vyGw5,67,1-0,White,<=5s vs 10-15s,1370
Hao5sfdi,88,1-0,Black,<=5s vs <=5s,1857
g0q3rQBD,73,0-1,White,<=5s vs 5-10s,1644
AlXnFQiw,64,0-1,Black,<=5s vs 15-20s,1909
72JFGd6u,97,1-0,White,<=5s vs 10-15s,1963
S0O7Zv6O,114,0-1,Black,<=5s vs 5-10s,1989
oJA5vPTY,128,0-1,Black,<=5s vs <=5s,2408
qHOTe58g,41,0-1,White,<=5s vs <=5s,625
7oG58bxo,75,1-0,White,<=5s vs 15-20s,2484
MlsdzJu4,76,0-1,Black,<=5s vs 15-20s,1962
OqeNp3P7,111,1-0,White,<=5s vs 15-20s,2104
JdRU4zF7,93,1-0,White,<=5s vs 5-10s,2203
L6D3Ktyf,58,0-1,Black,<=5s vs 15-20s,2543
c5BPGIT7,50,0-1,Black,<=5s vs 5-10s,1211
JTIX0TKA,115,1/2-1/2,White,<=5s vs 10-15s,1487
UZca06DQ,55,1-0,White,<=5s vs 15-20s,1164
fJ8nIVoD,109,1-0,White,<=5s vs 10-15s,2089
K2GoglUe,67,1-0,White,<=5s vs 15-20s,2315
Re1f4yeQ,65,1-0,White,<=5s vs 15-20s,1143
CuRAJTIx,80,0-1,Black,<=5s vs 5-10s,2297
IoMSLqEG,86,0-1,Black,<=5s vs 15-20s,2012
eydOWeQE,87,1-0,White,<=5s vs 15-20s,1738
eWfKCpKN,73,1-0,White,<=5s vs 5-10s,2079
GsNLvyCF,91,1-0,White,<=5s vs 15-20s,2137
QEUILN8O,56,1-0,Black,<=5s vs 5-10s,1934
6DFVXNR9,84,0-1,Black,<=5s vs <=5s,2310
dJtF5H1g,77,1-0,White,<=5s vs 5-10s,1981
vBZEOasM,101,1/2-1/2,White,<=5s vs 10-15s,2502
p6yiW8Go,77,1-0,White,<=5s vs 10-15s,2238
uR89VRyJ,55,1-0,White,<=5s vs 5-10s,1600
SUvuu8QV,141,0-1,White,<=5s vs <=5s,1437
tr2f4bgo,52,0-1,Black,<=5s vs <=5s,1222
Gb8jcr6r,57,1-0,White,<=5s vs 15-20s,2032
3jAMuURh,42,0-1,Black,<=5s vs 5-10s,706
1kWxyFUE,146,1/2-1/2,Black,<=5s vs <=5s,2333
Gz7rO3f8,76,0-1,Black,<=5s vs <=5s,1791
DytKV4sN,77,1-0,White,<=5s vs 5-10s,1406
XdVcuk4v,53,1-0,White,<=5s vs 5-10s,1463
cjnAQIsE,66,1/2-1/2,Black,<=5s vs <=5s,1763
0hbe6Ia0,63,0-1,White,<=5s vs <=5s,1720
89ayGRYG,57,1-0,White,<=5s vs 10-15s,1715
MTR5i22h,92,1-0,Black,<=5s vs 5-10s,2252
KlwABOZ6,104,0-1,Black,<=5s vs 15-20s,2393
69QVxzyq,64,0-1,Black,<=5s vs 15-20s,990
Ij1S91OI,52,0-1,Black,<=5s vs <=5s,1128
guWSgI1w,115,1/2-1/2,White,<=5s vs 5-10s,2386
i8un6Nmv,75,1-0,White,<=5s vs 15-20s,1892
Ci9MNTKx,43,1-0,White,<=5s vs 10-15s,1568
IFsF3uN4,108,0-1,Black,<=5s vs <=5s,2459
89VAqFsh,109,1/2-1/2,White,<=5s vs 10-15s,1923
urcyHGHf,30,1-0,Black,<=5s vs 10-15s,1109
l7vkS6MU,85,1-0,White,<=5s vs 10-15s,900
XBUxySM8,81,1-0,White,<=5s vs <=5s,1983
6tvPrXns,52,0-1,Black,<=5s vs 10-15s,1410
aLRhW4sM,75,1-0,White,<=5s vs 5-10s,1810
7LF4siv9,119,1/2-1/2,White,<=5s vs 15-20s,2050
Goy5dwgK,75,1-0,White,<=5s vs 15-20s,2635
FhCjDzfv,55,1-0,White,<=5s vs 15-20s,2178
429qOjnz,49,0-1,White,<=5s vs 15-20s,1637
OQeVS1Xb,123,1-0,White,<=5s vs 15-20s,2121
CRIoATjj,76,0-1,Black,<=5s vs 10-15s,2371
kKSbPOy6,43,0-1,White,<=5s vs <=5s,1216
AquFX6i7,70,1/2-1/2,Black,<=5s vs 10-15s,1105
iYeWHeZQ,96,0-1,Black,<=5s vs 5-10s,2483
6zjsoBmj,107,0-1,White,<=5s vs <=5s,2406
RjkBw9DP,59,0-1,White,<=5s vs 10-15s,2078
G8Uqf0rj,54,0-1,Black,<=5s vs <=5s,1089
DoqhQfxa,103,1-0,White,<=5s vs 15-20s,2365
AOBojTTo,73,1-0,White,<=5s vs 10-15s,1575
LlhDe3Tc,122,1-0,Black,<=5s vs 5-10s,2457
eNUIQx4h,56,1-0,Black,<=5s vs 5-10s,1196
KmEnXpjp,70,0-1,Black,<=5s vs 15-20s,2142
KoLPfy4D,34,0-1,Black,<=5s vs 5-10s,1166
HzSAaS7f,59,1-0,White,<=5s vs 10-15s,1526
XpjKTx2I,62,0-1,Black,<=5s vs 5-10s,1095
PCD6NdvF,96,1-0,Black,<=5s vs 5-10s,2828
9vID1WOI,66,0-1,Black,<=5s vs <=5s,1402
oeMq2KDa,66,0-1,Black,<=5s vs 10-15s,1853
qr5BtYfN,71,1-0,White,<=5s vs 10-15s,1910
QazC8Gq4,55,1-0,White,<=5s vs 10-15s,2085
QpM7ADxP,74,0-1,Black,<=5s vs 15-20s,1799
KI3t0cWO,101,1-0,White,<=5s vs 5-10s,2161
i3cBGhRk,59,1-0,White,<=5s vs 5-10s,1836
6lHX92Cy,68,0-1,Black,<=5s vs 10-15s,2206
V6lUcvUu,74,0-1,Black,<=5s vs 5-10s,1860
Ugv9ZK6G,126,0-1,Black,<=5s vs 10-15s,1718
IXZHyFsO,73,0-1,White,<=5s vs 5-10s,2027
BEiRD34C,59,1-0,White,<=5s vs 5-10s,1595
3XMrvekG,47,1-0,White,<=5s vs 15-20s,1910
GW9A0XUl,61,1-0,White,<=5s vs 5-10s,2272
mkIORfCk,82,0-1,Black,<=5s vs 15-20s,1592
nwAPyWs5,93,1-0,White,<=5s vs 5-10s,1639
gXiQWSK6,73,1-0,White,<=5s vs 10-15s,2591
NrNylFzO,75,1-0,White,<=5s vs 10-15s,2465
HThhoSXq,69,1-0,White,<=5s vs 10-15s,1664
xXKzoV2r,74,0-1,Black,<=5s vs 10-15s,2021
QzkFWVjS,87,1-0,White,<=5s vs 5-10s,2425
Xk4k7EDq,64,0-1,Black,<=5s vs 10-15s,1156
VKU7FVOf,126,1-0,Black,<=5s vs 5-10s,2676
0we2NcWr,77,1-0,White,<=5s vs 15-20s,1568
1Wvf0Akl,63,1-0,White,<=5s vs 10-15s,1894
oJfl6f97,79,1-0,White,<=5s vs 10-15s,1944
GYOld0C5,43,1-0,White,<=5s vs 5-10s,2218
rFsUHLHu,121,1-0,White,<=5s vs 15-20s,2898
S9l4UTBj,97,1-0,White,<=5s vs 5-10s,2962
5wmxrHJH,68,0-1,Black,<=5s vs 10-15s,1710
5ocHkHtI,77,0-1,White,<=5s vs <=5s,2493
9IY0rCIs,72,0-1,Black,<=5s vs 5-10s,1951
4lWVXiqF,86,1/2-1/2,Black,<=5s vs 5-10s,1644
WDfc3tUS,117,1-0,White,<=5s vs 15-20s,2620
shMb6LPf,130,1-0,Black,<=5s vs <=5s,2120
wLJZA5sm,65,1-0,White,<=5s vs 10-15s,2104
jJutq8Fy,66,0-1,Black,<=5s vs <=5s,1429
MWD9eaP5,125,0-1,White,<=5s vs 5-10s,2984
7sazxt3A,41,0-1,White,<=5s vs 15-20s,2010
k0CpI9AY,105,1-0,White,<=5s vs 10-15s,2382
B9aDxXCU,32,0-1,Black,<=5s vs 15-20s,1414
DlEAxf7I,49,1-0,White,<=5s vs 15-20s,1132
0XcVs0xi,107,0-1,White,<=5s vs 5-10s,2484
48hIIQuL,76,1-0,Black,<=5s vs <=5s,2094
l1Qv28Gf,56,0-1,Black,<=5s vs 10-15s,1473
jElEahwe,42,0-1,Black,<=5s vs 15-20s,710
xqrFIwiD,74,0-1,Black,<=5s vs 15-20s,1313
Us22nDQV,62,1-0,Black,<=5s vs <=5s,2039
GK5kt1CZ,79,1-0,White,<=5s vs 10-15s,2647
PA4xj1yH,136,0-1,Black,<=5s vs 5-10s,2483
MhmqqRGy,110,0-1,Black,<=5s vs 10-15s,1858
2pDzt3nm,54,0-1,Black,<=5s vs 5-10s,1245
68TSqQDi,40,0-1,Black,<=5s vs 15-20s,1018
AlWDMChW,49,1-0,White,<=5s vs 10-15s,1704
BNidHsJG,71,1/2-1/2,White,<=5s vs 10-15s,2464
8CR1Et9Z,95,1-0,White,<=5s vs 15-20s,2608
Jr048exT,31,1-0,White,<=5s vs 15-20s,1300
4SrNdbvq,102,0-1,Black,<=5s vs <=5s,2352
0ctzAT1Q,50,0-1,Black,<=5s vs 10-15s,1238
JAr8ia2y,75,1-0,White,<=5s vs 10-15s,1419
qjt94fMX,89,1-0,White,<=5s vs 15-20s,1398
zKvQYnw2,69,1-0,White,<=5s vs 5-10s,1324
ORDwDaiz,82,0-1,Black,<=5s vs 10-15s,2384
6RoVgWUU,129,1-0,White,<=5s vs 10-15s,2590
EjapzPCN,64,0-1,Black,<=5s vs 10-15s,2239
3TBdMF2r,76,1-0,Black,<=5s vs 5-10s,2131
uqzBCwIq,54,0-1,Black,<=5s vs 15-20s,1385
01elhMwe,39,0-1,White,<=5s vs 15-20s,1140
BzFAr25E,49,1-0,White,<=5s vs 15-20s,1828
bBkro9Dl,63,0-1,White,<=5s vs 5-10s,1855
y4LJxXDg,95,1-0,White,<=5s vs 5-10s,1853
gQfkZM78,69,1-0,White,<=5s vs 15-20s,2560
5y4i8KMZ,91,0-1,White,<=5s vs 5-10s,2010
Jxa3HgEC,76,0-1,Black,<=5s vs 10-15s,1673
I1zZdhnd,74,1/2-1/2,Black,<=5s vs 10-15s,2315
lYsiNVvB,63,1-0,White,<=5s vs 15-20s,1482
R9wdMMAw,71,1-0,White,<=5s vs 10-15s,1966
E6JBx4Kj,63,0-1,White,<=5s vs 5-10s,1598
B28J1gEN,57,1-0,White,<=5s vs 15-20s,2004
KroekGBv,69,1-0,White,<=5s vs 10-15s,1963
MfuyBH6E,51,1-0,White,<=5s vs 15-20s,1397
7F86ZJhF,66,0-1,Black,<=5s vs 5-10s,1605
1Mjj5PYm,93,1-0,White,<=5s vs 15-20s,2549
2uxhbwBC,64,0-1,Black,<=5s vs 5-10s,1765
a05EhVla,74,0-1,Black,<=5s vs 15-20s,2297
FW0Nfz2M,54,0-1,Black,<=5s vs 10-15s,1489
Ln7wW7pe,55,1-0,White,<=5s vs 10-15s,1947
lyua1ZAV,46,0-1,Black,<=5s vs 10-15s,864
lSLBJZj2,64,1/2-1/2,Black,<=5s vs 5-10s,1742
s4zo2w8J,52,0-1,Black,<=5s vs 5-10s,1170
ZK1l7k85,68,0-1,Black,<=5s vs 5-10s,1808
LxETGHM5,72,1-0,Black,<=5s vs 15-20s,1995
myvZNAx6,64,0-1,Black,<=5s vs 10-15s,1474
xolPQn1l,36,0-1,Black,<=5s vs 15-20s,977
VUQU5YFk,124,0-1,Black,<=5s vs 5-10s,2388
lAzYX5jT,88,1-0,Black,<=5s vs <=5s,1794
QDdTfDYZ,74,0-1,Black,<=5s vs 5-10s,1916
mQjF3cVG,59,0-1,White,<=5s vs 10-15s,1175
mD8ozQ5G,58,1-0,Black,<=5s vs 5-10s,1891
TOLBDQQT,53,1-0,White,<=5s vs 15-20s,1239
Jaw3LPvv,60,0-1,Black,<=5s vs 5-10s,1315
dnHBfddL,67,1-0,White,<=5s vs 10-15s,2199
Mp8Ufi90,60,0-1,Black,<=5s vs 10-15s,2078
OkjLHNdq,103,1-0,White,<=5s vs 15-20s,2083
gzXkRb42,49,1-0,White,<=5s vs 15-20s,1781
dVuW4LvC,73,1-0,White,<=5s vs 10-15s,1895
bO4TqcKB,87,1-0,White,<=5s vs 5-10s,1585
0W5SP0Hy,60,0-1,Black,<=5s vs 15-20s,2066
4ADJU1Ye,100,0-1,Black,<=5s vs 15-20s,2465
Dmmpdd0n,94,0-1,Black,<=5s vs <=5s,2062
U0DmXXX2,62,0-1,Black,<=5s vs <=5s,1513
l38tawdY,61,1-0,White,<=5s vs 10-15s,2312
FVmooBEZ,70,0-1,Black,<=5s vs 5-10s,2780
qWnftEeT,80,0-1,Black,<=5s vs 10-15s,1988
Jd1BUBwG,56,0-1,Black,<=5s vs 15-20s,2057
A1h6AZXK,67,1-0,White,<=5s vs <=5s,2053
PbqYpPag,95,1-0,White,<=5s vs 15-20s,2315
ReHWFbYY,81,1-0,White,<=5s vs 5-10s,2692
3SLmAYIt,106,0-1,Black,<=5s vs 5-10s,2594
VV7vg0OL,71,1-0,White,<=5s vs 5-10s,1349
jeHM75I5,86,1-0,Black,<=5s vs <=5s,1995
YtR1N3bZ,59,1-0,White,<=5s vs 15-20s,2219
S0fxfhQ0,114,0-1,Black,<=5s vs <=5s,2614
DJzS5unr,67,1-0,White,<=5s vs 5-10s,1849
aM6fzKxk,82,0-1,Black,<=5s vs 5-10s,1478
sulEXXkM,141,1-0,White,<=5s vs 15-20s,1804
LKaAY6k8,96,1-0,Black,<=5s vs 5-10s,2061
CHrG1BEV,50,1-0,Black,<=5s vs 5-10s,1173
2Sert2zU,65,1-0,White,<=5s vs 15-20s,1452
lBj2ptcu,51,1-0,White,<=5s vs 10-15s,1110
FTlOTzxL,75,1-0,White,<=5s vs 5-10s,1702
TnYAJeao,72,1-0,Black,<=5s vs <=5s,2048
xYMsBLVc,131,1/2-1/2,White,<=5s vs 15-20s,2347
1FqFvNrs,55,1-0,White,<=5s vs <=5s,1119
PD9TOxTz,63,1-0,White,<=5s vs 15-20s,1801
itrnCodl,57,1-0,White,<=5s vs <=5s,933
ex34VWxg,74,0-1,Black,<=5s vs 10-15s,1191
uYVOKHDz,53,0-1,White,<=5s vs 15-20s,1083
wqWY6NmY,80,0-1,Black,<=5s vs 15-20s,2228
jb3GzOh7,72,0-1,Black,<=5s vs 5-10s,1553
OHabtzZh,46,1-0,Black,<=5s vs <=5s,2243
IRqWe8hy,54,0-1,Black,<=5s vs 15-20s,1472
dtn9ur26,72,0-1,Black,<=5s vs 10-15s,1291
iXOuA0Fk,50,1-0,Black,<=5s vs 5-10s,1232
WWPmt6Kf,64,0-1,Black,<=5s vs 5-10s,1948
vyZblXVO,62,1-0,Black,<=5s vs 15-20s,2147
Qj9yODo4,86,1/2-1/2,Black,<=5s vs <=5s,2540
0Z7WlwZj,122,1/2-1/2,Black,<=5s vs 10-15s,2086
X7VLVjzV,50,0-1,Black,<=5s vs 10-15s,1538
7v79qooa,101,1-0,White,<=5s vs 10-15s,2701
8NI6v6Mm,76,0-1,Black,<=5s vs 10-15s,1643
TT7UmMaj,68,0-1,Black,<=5s vs 5-10s,1898
b9OiLFoM,78,0-1,Black,<=5s vs 10-15s,2353
xUfGRTBg,69,1-0,White,<=5s vs 15-20s,1707
b3LaUQQl,89,1-0,White,<=5s vs 5-10s,2119
EwfxpM82,62,0-1,Black,<=5s vs 15-20s,1278
NUKr9YNK,71,1-0,White,<=5s vs 10-15s,2356
JVlGeIC1,98,0-1,Black,<=5s vs 10-15s,2721
6UFlexRX,46,0-1,Black,<=5s vs 10-15s,1157
O4JfNpbv,72,0-1,Black,<=5s vs 10-15s,2545
UxeSJxiO,62,0-1,Black,<=5s vs 10-15s,1817
wESwL9cB,69,1-0,White,<=5s vs 10-15s,1660
xVT90R9y,74,1-0,Black,<=5s vs 5-10s,1921
PKm9F9j0,85,1-0,White,<=5s vs 15-20s,1813
L9y4pbTx,53,1-0,White,<=5s vs <=5s,1482
OBnpXvha,80,1-0,Black,<=5s vs <=5s,2349
etqNo1K5,80,0-1,Black,<=5s vs 5-10s,1425
0DPo5UWC,66,0-1,Black,<=5s vs 5-10s,1523
6vtBgGIJ,75,0-1,White,<=5s vs <=5s,2532
4XEUhJD4,72,1-0,Black,<=5s vs 5-10s,1297
cyUVOlir,74,0-1,Black,<=5s vs 10-15s,1435
Dwb1ZY3q,84,0-1,Black,<=5s vs 5-10s,1847
tnizkca8,83,1-0,White,<=5s vs 15-20s,1749
kxIlXRtg,66,1-0,Black,<=5s vs 5-10s,2521
G2JOEM7Q,102,1/2-1/2,Black,<=5s vs 15-20s,2668
zmPcXwR3,73,1-0,White,<=5s vs 10-15s,2117
BBYAPAWo,62,0-1,Black,<=5s vs 5-10s,1047
A0K889O1,154,0-1,Black,<=5s vs 15-20s,2765
cyFSV33X,148,0-1,Black,<=5s vs 10-15s,1882
p7iqpngD,82,0-1,Black,<=5s vs 5-10s,2190
AAZAOR73,64,0-1,Black,<=5s vs 10-15s,1157
SAsusPAJ,50,0-1,Black,<=5s vs 15-20s,1724
tGTHWoYV,124,1-0,Black,<=5s vs <=5s,2264
J4VlwUgq,89,1-0,White,<=5s vs 10-15s,2050
Lmd4OeRY,81,1-0,White,<=5s vs 5-10s,2098
5C9uFup3,69,1-0,White,<=5s vs 10-15s,2463
S6TET91o,144,0-1,Black,<=5s vs 15-20s,1749
IwCkiwK5,51,0-1,White,<=5s vs 5-10s,1590
ijNwyFCc,114,0-1,Black,<=5s vs 10-15s,2143
bHnmZo7A,78,0-1,Black,<=5s vs 5-10s,1938
3PHDZINR,71,1-0,White,<=5s vs <=5s,1783
9pr6ZBq3,66,0-1,Black,<=5s vs 15-20s,1135
W2EwQIiD,93,0-1,White,<=5s vs 5-10s,1881
SywFEW2j,44,0-1,Black,<=5s vs 15-20s,2126
Z6CXiFlY,90,0-1,Black,<=5s vs 10-15s,2753
F65GsXu7,66,0-1,Black,<=5s vs 5-10s,2251
EJl41nJU,83,0-1,White,<=5s vs <=5s,1873
qWrFsWYz,58,1-0,Black,<=5s vs 5-10s,2157
vT9hs6UK,101,1-0,White,<=5s vs 15-20s,1278
0q5STbnu,60,0-1,Black,<=5s vs 5-10s,1459
VWdAPZ6f,56,0-1,Black,<=5s vs 15-20s,1444
OqnfWI8h,65,1-0,White,<=5s vs 5-10s,1951
nKaaFiOX,73,1-0,White,<=5s vs 5-10s,2195
6bnmFj4f,81,1-0,White,<=5s vs 15-20s,2372
s0RyS6jZ,89,0-1,White,<=5s vs <=5s,1458
9pD0q67F,74,0-1,Black,<=5s vs 10-15s,2039
BjWdkjxn,61,1-0,White,<=5s vs 10-15s,1111
4Jv7QRzA,101,1-0,White,<=5s vs 5-10s,2048
Jqlf222p,75,1-0,White,<=5s vs 15-20s,1611
3vwghStG,54,0-1,Black,<=5s vs 10-15s,2032
OaqJehzK,72,0-1,Black,<=5s vs 10-15s,1711
TDYHZupC,59,1-0,White,<=5s vs 5-10s,1649
W6Glzp0B,70,0-1,Black,<=5s vs 10-15s,2414
JOXU0cCG,82,0-1,Black,<=5s vs <=5s,2151
Oeo4vvs2,61,0-1,White,<=5s vs 15-20s,2010
bCW3ABOc,130,0-1,Black,<=5s vs 5-10s,2451
uBFbleXs,68,0-1,Black,<=5s vs 15-20s,1748
tWjaJ3uq,44,0-1,Black,<=5s vs 15-20s,1726
oic3lSNS,51,1-0,White,<=5s vs 15-20s,1473
AhRFgjPr,58,0-1,Black,<=5s vs <=5s,1768
0Fz1stSN,63,1-0,White,<=5s vs 10-15s,1900
gxI5MHlh,42,0-1,Black,<=5s vs 15-20s,1063
NdstqMCi,63,1-0,White,<=5s vs 10-15s,2026
iL1HjNvr,102,1-0,Black,<=5s vs 5-10s,2372
S5AwvYvq,55,1-0,White,<=5s vs 5-10s,1873
PIzdzIxG,69,1-0,White,<=5s vs 5-10s,2333
6ZI7xrkk,77,1-0,White,<=5s vs 10-15s,1955
DpHfEiEN,64,0-1,Black,<=5s vs 5-10s,2612
6ZT4z8YY,51,1-0,White,<=5s vs 15-20s,1942
gkK5v4BF,132,1-0,Black,<=5s vs <=5s,2650
XDuor51T,77,1-0,White,<=5s vs 15-20s,1443
qJLxR8oX,83,1-0,White,<=5s vs 5-10s,1595
iLcyFrwa,92,1-0,Black,<=5s vs 5-10s,1945
RhPFUyG0,105,0-1,White,<=5s vs <=5s,2260
Qcwb28RS,59,1-0,White,<=5s vs 5-10s,1494
WE3WW7WZ,102,0-1,Black,<=5s vs 5-10s,2744
a8D2p2GZ,195,1/2-1/2,White,<=5s vs 5-10s,2165
FpukUAXj,46,0-1,Black,<=5s vs 15-20s,1339
BhG7jJZg,88,0-1,Black,<=5s vs 15-20s,1650
CEzIkQtv,77,1-0,White,<=5s vs <=5s,2373
FZGgeQIv,37,1-0,White,<=5s vs 10-15s,1139
ln98G5RK,76,0-1,Black,<=5s vs 5-10s,1883
N99mQPCv,61,0-1,White,<=5s vs 5-10s,1112
mHfGFq3Z,85,1-0,White,<=5s vs 5-10s,2107
AyeGoMNG,71,1-0,White,<=5s vs 10-15s,1484
LcfmlSbM,83,1-0,White,<=5s vs 5-10s,2751
ELR4AJ9w,54,0-1,Black,<=5s vs 10-15s,1603
CzOa1fn7,61,1-0,White,<=5s vs 5-10s,2158
DFeRrJEL,54,0-1,Black,<=5s vs 15-20s,1862
aLG3wsn4,111,1-0,White,<=5s vs 10-15s,1477
rhq3nGIO,90,0-1,Black,<=5s vs <=5s,1407
27aSQHVe,52,0-1,Black,<=5s vs 10-15s,1970
aenk1Kc4,90,1-0,Black,<=5s vs 10-15s,2293
66BRUkJ2,122,0-1,Black,<=5s vs 10-15s,2162
5kSZbx8P,35,1-0,White,<=5s vs 15-20s,824
MdlCcE8r,68,1-0,Black,<=5s vs 5-10s,2371
RIEmhToB,83,0-1,White,<=5s vs 10-15s,2280
XPunFsn4,107,1-0,White,<=5s vs 15-20s,2680
5SXWWlsu,68,0-1,Black,<=5s vs 15-20s,1971
AXzsHYGF,44,0-1,Black,<=5s vs 10-15s,852
iLyuv7Wf,122,1/2-1/2,Black,<=5s vs 5-10s,2590
OLkv2BbZ,108,1-0,Black,<=5s vs <=5s,2957
4rhyoBgn,54,0-1,Black,<=5s vs 15-20s,1702
0vGGeBOO,90,0-1,Black,<=5s vs 10-15s,1897
I195T3FE,38,0-1,Black,<=5s vs 5-10s,1044
yY74BkFD,80,0-1,Black,<=5s vs 15-20s,2071
KZgKxwjU,55,1-0,White,<=5s vs 15-20s,1354
3ape7bej,81,1-0,White,<=5s vs 5-10s,2187
RRUUXVgk,55,0-1,White,<=5s vs <=5s,1092
KJoi0ltd,61,1-0,White,<=5s vs 15-20s,1398
okp52KBu,60,0-1,Black,<=5s vs 10-15s,1238
LKqZp3Nb,76,1-0,Black,<=5s vs <=5s,2192
tpiqzJxF,77,1-0,White,<=5s vs 15-20s,1893
BzHf8AUk,67,1-0,White,<=5s vs 10-15s,1486
n3XzxROd,60,0-1,Black,<=5s vs 5-10s,1870
dgGI6jxN,58,0-1,Black,<=5s vs 5-10s,1575
FTvgW0iC,119,0-1,White,<=5s vs 5-10s,1882
NW4SBwLp,117,1-0,White,<=5s vs <=5s,2684
krYq0pzJ,58,1-0,Black,<=5s vs 5-10s,1470
4OmZXuMR,91,1-0,White,<=5s vs 5-10s,2570
5gaRdzK8,48,0-1,Black,<=5s vs 10-15s,961
3RtP5CqH,71,1-0,White,<=5s vs 5-10s,1935
AHNxaJuq,55,1-0,White,<=5s vs 10-15s,2353
BChnvmms,80,0-1,Black,<=5s vs 5-10s,2022
tXI9214g,61,1-0,White,<=5s vs 15-20s,2061
MxX0zB1l,85,0-1,White,<=5s vs <=5s,1816
a9drj7Hn,75,1-0,White,<=5s vs 5-10s,1820
F1pfBw1B,64,0-1,Black,<=5s vs 5-10s,1688
O0Zm6YBd,77,1-0,White,<=5s vs 10-15s,1741
xUtaHDuo,131,0-1,White,<=5s vs 5-10s,2488
K1liGyem,67,1-0,White,<=5s vs 15-20s,1685
ouXeCAlG,73,0-1,White,<=5s vs <=5s,2196
9qIuzZz2,74,0-1,Black,<=5s vs 5-10s,2277
9zr3JGgP,74,0-1,Black,<=5s vs 5-10s,2288
RKiYyO01,83,0-1,White,<=5s vs 5-10s,2429
LZ33P8jA,102,1/2-1/2,Black,<=5s vs 5-10s,2892
XSZZVa3n,82,0-1,Black,<=5s vs 10-15s,1784
1PAs6pNc,57,1-0,White,<=5s vs 15-20s,1676
VY8mIp5f,62,0-1,Black,<=5s vs <=5s,2560
D8BtNHUI,86,0-1,Black,<=5s vs 10-15s,1727
m2PHi2dK,72,0-1,Black,<=5s vs 10-15s,2067
yRDm8rfj,55,1-0,White,<=5s vs 15-20s,1353
F84PGami,74,0-1,Black,<=5s vs 10-15s,1881
p6540mM5,69,1-0,White,<=5s vs 10-15s,1439
PWvXrXP9,80,0-1,Black,<=5s vs 5-10s,1965
AYi0QaTz,96,0-1,Black,<=5s vs <=5s,2536
d4jQ0Wt0,57,0-1,White,<=5s vs 5-10s,1353
TEXEdiCO,79,1-0,White,<=5s vs 5-10s,2230
QlfEEpy6,64,0-1,Black,<=5s vs 10-15s,1360
d6rssWOS,79,1-0,White,<=5s vs 15-20s,2247
4VUXpWwi,49,1-0,White,<=5s vs 5-10s,1265
Bzv0MFFS,131,1/2-1/2,White,<=5s vs <=5s,2334
Ntpl1jnN,70,1-0,Black,<=5s vs <=5s,1137
PGISESnl,59,1-0,White,<=5s vs 5-10s,1510
jIl7761s,55,1-0,White,<=5s vs 10-15s,1659
c4Za35Ir,106,0-1,Black,<=5s vs 10-15s,1500
CsWSehf2,56,0-1,Black,<=5s vs 10-15s,1365
j7gIsnDz,48,0-1,Black,<=5s vs 10-15s,1763
uqUDqEmO,62,0-1,Black,<=5s vs 5-10s,2270
cMfn76HQ,62,1-0,Black,<=5s vs 10-15s,1651
A6GLr4as,129,1-0,White,<=5s vs <=5s,2806
E3qZG4U1,40,0-1,Black,<=5s vs 10-15s,1170
uk0VbuGA,66,0-1,Black,<=5s vs 10-15s,2341
NC5ombiT,91,1-0,White,<=5s vs 10-15s,2526
JbSaYsCd,57,1-0,White,<=5s vs 10-15s,1792
1m96WsOw,65,1-0,White,<=5s vs 10-15s,2657
vtSCSL5a,94,0-1,Black,<=5s vs 15-20s,1377
6bnmdZfU,123,1-0,White,<=5s vs 5-10s,2188
cO7vAtYp,76,0-1,Black,<=5s vs 15-20s,1994
Aod9Ul8I,46,0-1,Black,<=5s vs 15-20s,1433
x28KYPyP,77,1-0,White,<=5s vs 10-15s,2579
Dk4uBlNA,70,0-1,Black,<=5s vs 10-15s,1745
CB8b3ccB,66,1-0,Black,<=5s vs 5-10s,2324
KCaFcBNF,112,0-1,Black,<=5s vs 15-20s,2124
IgcIHyRk,78,0-1,Black,<=5s vs 10-15s,1491
yNKMQhoq,64,0-1,Black,<=5s vs 5-10s,1383
2EpiRcYF,58,0-1,Black,<=5s vs 15-20s,2112
PmN8JwkV,48,0-1,Black,<=5s vs 15-20s,1445
3dpHQ1Wz,71,1-0,White,<=5s vs 15-20s,2126
zpewW2Xb,66,0-1,Black,<=5s vs 10-15s,1591
KvFfRKMn,57,1-0,White,<=5s vs 15-20s,2068
bBofiWJJ,68,0-1,Black,<=5s vs 15-20s,1555
O370X5FW,89,1-0,White,<=5s vs 5-10s,1700
4lzDaDb1,106,0-1,Black,<=5s vs 10-15s,2304
TVrkVRHp,116,0-1,Black,<=5s vs 10-15s,2040
Nl8gYG2B,42,0-1,Black,<=5s vs 15-20s,970
JZIsIWKb,79,0-1,White,<=5s vs <=5s,1180
1sIjNE3D,43,1-0,White,<=5s vs 15-20s,985
zmbPXy3p,57,1-0,White,<=5s vs 10-15s,1358
YeYAVa19,76,0-1,Black,<=5s vs 5-10s,1860
lBCwqJJE,71,1-0,White,<=5s vs 15-20s,1635
fsazA2YE,78,0-1,Black,<=5s vs <=5s,1779
QSo6EwwC,76,0-1,Black,<=5s vs 5-10s,1827
z4K1qGOq,57,1-0,White,<=5s vs 10-15s,1590
VmWhh4O5,67,1-0,White,<=5s vs 5-10s,1400
2rlP1oSd,80,0-1,Black,<=5s vs 15-20s,2092
VxgAC6c9,60,0-1,Black,<=5s vs <=5s,1333
XfgX7ij4,69,1-0,White,<=5s vs 5-10s,1500
YvLKBtd8,94,1-0,Black,<=5s vs <=5s,2183
QJzjh3JV,114,0-1,Black,<=5s vs 15-20s,2274
7ZtGnEJ3,103,0-1,White,<=5s vs 5-10s,2496
qQbb6EHI,55,1-0,White,<=5s vs 5-10s,1751
jICA69ex,60,0-1,Black,<=5s vs 5-10s,1767
XGNEEx9i,89,1-0,White,<=5s vs 15-20s,2073
1SRweQG8,60,0-1,Black,<=5s vs <=5s,628
EwHJQoh6,61,1-0,White,<=5s vs 10-15s,1959
gMhuxcz6,72,0-1,Black,<=5s vs 10-15s,1812
SS1ja40l,60,0-1,Black,<=5s vs 15-20s,2120
F6XwR8xl,61,1-0,White,<=5s vs 15-20s,1984
B2NY1ntq,40,0-1,Black,<=5s vs 5-10s,711
H8Doq9OT,71,1-0,White,<=5s vs 10-15s,1580
fPDjQh0F,78,1-0,Black,<=5s vs <=5s,1436
WrmATNv2,75,1-0,White,<=5s vs <=5s,1500
uVF3CRHB,46,0-1,Black,<=5s vs 15-20s,856
pYdo2VVV,35,1-0,White,<=5s vs 5-10s,751
CR7artXM,99,0-1,White,<=5s vs 10-15s,1869
9yV0SYA3,107,0-1,White,<=5s vs 5-10s,1648
RuA1jhZQ,82,1-0,Black,<=5s vs <=5s,1604
Z657o0qg,69,1-0,White,<=5s vs 15-20s,1045
WU2lZ6QP,103,1-0,White,<=5s vs <=5s,1960
9ETbTp2q,82,0-1,Black,<=5s vs 5-10s,1982
chIcuaO6,82,0-1,Black,<=5s vs 15-20s,2344
QT9Erh9y,96,0-1,Black,<=5s vs 15-20s,2375
VwALPLDM,82,0-1,Black,<=5s vs <=5s,1613
60nq92fi,37,1-0,White,<=5s vs 15-20s,1270
hewjG2Zd,120,1-0,Black,<=5s vs 5-10s,2296
p28fsK4o,55,1-0,White,<=5s vs 10-15s,1316
kGrIuO4k,71,1-0,White,<=5s vs 10-15s,1753
0UXVbtkm,58,0-1,Black,<=5s vs 15-20s,1648
K3RkNEwV,85,1-0,White,<=5s vs 5-10s,1845
XMI27I9Z,89,0-1,White,<=5s vs 5-10s,1958
a9o4k6uW,112,0-1,Black,<=5s vs <=5s,2740
W9KRjqnQ,52,0-1,Black,<=5s vs 15-20s,2513
Bh3JBSTe,83,1-0,White,<=5s vs 10-15s,2197
H0t7ZWJI,71,1-0,White,<=5s vs 5-10s,1322
OWuk585e,51,1-0,White,<=5s vs 5-10s,2328
xqY87Nw0,63,1-0,White,<=5s vs 5-10s,1240
r4sIPGN4,52,0-1,Black,<=5s vs 5-10s,1091
qjuVJeK2,52,0-1,Black,<=5s vs 15-20s,1540
1p30ffi5,90,0-1,Black,<=5s vs <=5s,1340
ao5DOCZ6,41,1-0,White,<=5s vs 15-20s,1540
2ArK2jNe,70,1-0,Black,<=5s vs 5-10s,2194
OUi0NIrn,54,0-1,Black,<=5s vs <=5s,1688
8Blk5sLV,77,1-0,White,<=5s vs 5-10s,2598
F7BQXrTs,69,1-0,White,<=5s vs 5-10s,1884
2Nwyapfm,76,1-0,Black,<=5s vs <=5s,1352
s7iJPtJY,78,0-1,Black,<=5s vs 10-15s,1640
7RTkqfXi,113,1/2-1/2,White,<=5s vs 5-10s,930
ff6iMFfz,76,1-0,Black,<=5s vs 10-15s,1191
cJnmK6Re,62,0-1,Black,<=5s vs 5-10s,1509
g3rHDXnl,126,0-1,Black,<=5s vs <=5s,1444
CRnMnNfF,82,1-0,Black,<=5s vs 5-10s,1399
LzFWnPAs,59,1-0,White,<=5s vs 5-10s,1959
59h6Iak0,69,1-0,White,<=5s vs 10-15s,1899
4aij8Xz7,62,0-1,Black,<=5s vs 10-15s,1874
nbe3G9ur,61,0-1,White,<=5s vs 15-20s,1257
M40OAZFF,49,1-0,White,<=5s vs 5-10s,1115
qPVmFXE2,58,0-1,Black,<=5s vs 5-10s,1420
D9dD2PBj,97,0-1,White,<=5s vs 5-10s,2655
KSsMPMYr,35,0-1,White,<=5s vs <=5s,938
aYRebjUK,90,0-1,Black,<=5s vs 10-15s,2177
Vq4cSJBI,152,1/2-1/2,Black,<=5s vs 10-15s,2484
H4Oqq3yJ,70,0-1,Black,<=5s vs 5-10s,2498
fNZZciI4,112,0-1,Black,<=5s vs <=5s,2904
lk58mdQE,101,1-0,White,<=5s vs 10-15s,1857
XlgrkFX0,60,0-1,Black,<=5s vs 5-10s,2015
MM5QKRCm,64,0-1,Black,<=5s vs 15-20s,1676
fh89weKE,101,1-0,White,<=5s vs 5-10s,2172
GMmVHZzU,81,1-0,White,<=5s vs 10-15s,1771
ieXg4nEj,78,0-1,Black,<=5s vs 15-20s,2418
rukSxMSB,104,0-1,Black,<=5s vs 10-15s,1839
krV5OTbx,58,0-1,Black,<=5s vs 15-20s,1077
HnkoG4WW,75,1-0,White,<=5s vs 15-20s,1986
lvul3a5p,44,0-1,Black,<=5s vs 10-15s,1437
BMafGxZG,96,1/2-1/2,Black,<=5s vs <=5s,2007
6DIpNQwl,42,0-1,Black,<=5s vs 10-15s,1157
cpugcWUp,56,0-1,Black,<=5s vs <=5s,1097
Er2R9x6B,84,0-1,Black,<=5s vs 15-20s,2589
fKRusCxX,65,1-0,White,<=5s vs 10-15s,1872
zTEt5jav,81,1-0,White,<=5s vs 15-20s,2208
Gzv2M99s,106,1-0,Black,<=5s vs 5-10s,2589
MFqy0dzX,83,0-1,White,<=5s vs 5-10s,1808
v38Pd1PM,52,1-0,Black,<=5s vs 15-20s,1600
ytkB5KiI,84,0-1,Black,<=5s vs 5-10s,1794
vUj6dPgq,62,0-1,Black,<=5s vs 5-10s,1094
LUDteVku,77,1-0,White,<=5s vs <=5s,1924
iTfOeJ6C,61,1-0,White,<=5s vs 15-20s,2786
Z1uOULeJ,148,1/2-1/2,Black,<=5s vs 10-15s,2861
Ik6x3uwQ,76,1-0,Black,<=5s vs <=5s,1935
6t2OLhwV,42,0-1,Black,<=5s vs 15-20s,1047
iU9dO2ba,49,1-0,White,<=5s vs 15-20s,1272
iGU0n2fQ,63,1-0,White,<=5s vs <=5s,2099
CDm9tKar,81,1-0,White,<=5s vs 5-10s,2387
En3r2ED0,83,1-0,White,<=5s vs 10-15s,2079
EwZgXUoY,114,0-1,Black,<=5s vs 5-10s,1879
f9YBIbsz,82,0-1,Black,<=5s vs 5-10s,2524
5HCA4G2p,55,1-0,White,<=5s vs 10-15s,1241
BDfzB8TU,73,1-0,White,<=5s vs 10-15s,1757
HWJLUBoP,85,1-0,White,<=5s vs 5-10s,1830
Z0y9NhKP,103,1-0,White,<=5s vs 5-10s,2300
EMhWlN7r,46,0-1,Black,<=5s vs 5-10s,840
BRloYg5m,75,0-1,White,<=5s vs 5-10s,1383
tDBZ536O,40,0-1,Black,<=5s vs 15-20s,873
MphWOTSB,50,0-1,Black,<=5s vs 5-10s,1531
jfaWefDc,85,0-1,White,<=5s vs <=5s,2183
BFUV5MNJ,103,1/2-1/2,White,<=5s vs 5-10s,2559
0mD8ZzUx,56,0-1,Black,<=5s vs <=5s,1556
2qb4djRc,71,1-0,White,<=5s vs 15-20s,2168
a7J07gye,70,0-1,Black,<=5s vs <=5s,2193
G64ktAPT,52,0-1,Black,<=5s vs 15-20s,1160
CvOezAyc,91,1-0,White,<=5s vs 10-15s,2157
7FeXAwik,98,0-1,Black,<=5s vs <=5s,2450
VX17RzEu,81,0-1,White,<=5s vs 5-10s,2291
FrCbesB3,70,0-1,Black,<=5s vs 10-15s,2315
YhJ5m8kq,54,0-1,Black,<=5s vs 15-20s,872
QzaWcahi,112,1/2-1/2,Black,<=5s vs 5-10s,2974
ovqHL4h9,66,0-1,Black,<=5s vs 5-10s,2460
u4w2MvHT,81,1/2-1/2,White,<=5s vs 10-15s,1235
PqkY1d0b,58,0-1,Black,<=5s vs <=5s,1929
NkZvPsWH,50,0-1,Black,<=5s vs <=5s,1322
4fyGFytP,97,1/2-1/2,White,<=5s vs 10-15s,1888
OY0bBjE5,55,1-0,White,<=5s vs 15-20s,969
ByOKbSxS,50,0-1,Black,<=5s vs 10-15s,912
T4orcNRf,58,0-1,Black,<=5s vs 15-20s,2359
EOQ9DPhd,126,0-1,Black,<=5s vs 5-10s,2303
rhs8jkfp,49,1-0,White,<=5s vs 15-20s,1366
k99xqt2x,77,1-0,White,<=5s vs 10-15s,1305
Ch9lphpD,69,1-0,White,<=5s vs 5-10s,1912
BJtAPEMP,72,1-0,Black,<=5s vs 15-20s,2120
TCaIoJKa,87,0-1,White,<=5s vs <=5s,2392
Fr3Glz9W,56,0-1,Black,<=5s vs 10-15s,1650
u66MtPMm,48,0-1,Black,<=5s vs 10-15s,1681
0CrEzXAg,128,0-1,Black,<=5s vs <=5s,2215
pmavlNmB,83,1-0,White,<=5s vs 5-10s,1413
JWG7BokB,79,1-0,White,<=5s vs 5-10s,2197
PzUPs8sF,48,0-1,Black,<=5s vs 15-20s,1252
OMDuPDTv,79,1-0,White,<=5s vs 5-10s,2652
MCpV6OhA,72,0-1,Black,<=5s vs 15-20s,1585
6TAit6z4,69,1-0,White,<=5s vs 10-15s,1795
rdWKaLAw,141,1-0,White,<=5s vs 15-20s,2481
ZNVvu52E,126,0-1,Black,<=5s vs 15-20s,1949
hgfBBSq7,88,0-1,Black,<=5s vs 5-10s,2187
ZCwwe0A1,65,1-0,White,<=5s vs 5-10s,2080
4Kb60ZrL,71,1-0,White,<=5s vs 10-15s,1568
5D0lfYSN,114,0-1,Black,<=5s vs <=5s,2056
nLCqGRPw,79,1-0,White,<=5s vs 10-15s,2178
KUcyAceJ,106,0-1,Black,<=5s vs 10-15s,1834
a6WDCalj,116,1/2-1/2,Black,<=5s vs 10-15s,2480
eiye8ctI,86,0-1,Black,<=5s vs 5-10s,1415
C3jHDnfr,108,1/2-1/2,Black,<=5s vs 5-10s,2702
KI5wXyXN,58,0-1,Black,<=5s vs 15-20s,1652
IyHWl31Z,71,1-0,White,<=5s vs 10-15s,2216
0QlXL8np,73,1-0,White,<=5s vs 5-10s,2366
DF1sxUC5,82,0-1,Black,<=5s vs 10-15s,2348
LsLfcd5r,68,0-1,Black,<=5s vs 10-15s,2378
Y1lriPzS,75,0-1,White,<=5s vs <=5s,1418
uOv8AS4W,103,0-1,White,<=5s vs 5-10s,2785
k3iPa0kv,50,0-1,Black,<=5s vs 10-15s,1717
qmBL3kuT,45,1-0,White,<=5s vs <=5s,846
iedRkYHE,55,1-0,White,<=5s vs 5-10s,1598
qdA90IT4,95,1/2-1/2,White,<=5s vs 10-15s,2171
SWQxCAc4,109,1-0,White,<=5s vs 15-20s,1958
3zCXdk5z,76,0-1,Black,<=5s vs 5-10s,2475
CMyf7Wst,70,0-1,Black,<=5s vs 10-15s,2091
Ewqsqd5t,72,0-1,Black,<=5s vs 5-10s,1426
LJWoX4pV,59,1-0,White,<=5s vs 10-15s,1275
Dq90yqbZ,50,0-1,Black,<=5s vs 15-20s,1707
3hfDiHeg,65,1-0,White,<=5s vs 5-10s,1156
M6VANCq3,68,1-0,Black,<=5s vs 5-10s,2056
BHSX4QF2,67,0-1,White,<=5s vs 5-10s,1405
C8WRqTA9,80,0-1,Black,<=5s vs 10-15s,1835
avcJMAEs,51,1-0,White,<=5s vs 10-15s,2525
10DITek6,74,0-1,Black,<=5s vs 15-20s,2198
YPCGGF25,59,1-0,White,<=5s vs 5-10s,1805
lCQzT5pF,66,0-1,Black,<=5s vs 15-20s,1842
EUNBavxB,68,0-1,Black,<=5s vs 10-15s,1177
r3JeOzBs,120,1-0,Black,<=5s vs <=5s,2543
5TpkCqa5,56,0-1,Black,<=5s vs 10-15s,1196
yRqLd4cL,73,1-0,White,<=5s vs 5-10s,2071
M1M91pd6,71,1-0,White,<=5s vs 10-15s,1518
6UiJDVz1,57,1-0,White,<=5s vs 10-15s,2181
buBSUEwC,117,1-0,White,<=5s vs 10-15s,2991
Ste6vXef,69,1-0,White,<=5s vs 5-10s,1459
5h1JPqWY,61,1-0,White,<=5s vs 10-15s,1700
G5I8yOok,86,1/2-1/2,Black,<=5s vs 5-10s,2522
YZOe21CI,89,1-0,White,<=5s vs 5-10s,2427
bTOA0lPH,156,0-1,Black,<=5s vs 15-20s,2827
BhsApi1Q,78,0-1,Black,<=5s vs 10-15s,2051
FpEAcByr,90,0-1,Black,<=5s vs 5-10s,1936
JCXncSAQ,69,1-0,White,<=5s vs 10-15s,1786
N9io5ei6,59,1-0,White,<=5s vs 5-10s,1196
uwxmXJc6,127,1-0,White,<=5s vs 5-10s,1823
D3Gf51QW,87,1-0,White,<=5s vs 5-10s,1952
brOBCDQD,90,0-1,Black,<=5s vs 5-10s,2500
GqML4nL7,74,0-1,Black,<=5s vs 10-15s,2125
IqYNyGHs,43,0-1,White,<=5s vs 10-15s,1424
jyjGYY8D,87,1-0,White,<=5s vs 5-10s,2370
Gr7OcFUm,49,1-0,White,<=5s vs 15-20s,881
3CmysElW,81,0-1,White,<=5s vs <=5s,1858
pa1Nyr64,50,0-1,Black,<=5s vs 15-20s,1496
naY9Fw4X,68,0-1,Black,<=5s vs 5-10s,1731
ottNemsR,97,0-1,White,<=5s vs 10-15s,1929
wuajmrje,87,0-1,White,<=5s vs 5-10s,2368
s8zChJnG,69,1-0,White,<=5s vs 5-10s,1282
TYmgczB5,80,0-1,Black,<=5s vs 5-10s,2994
0RvsjHyN,86,0-1,Black,<=5s vs 5-10s,1479
ZKYVuZ54,71,1-0,White,<=5s vs 5-10s,2264
IivF37no,74,1-0,Black,<=5s vs <=5s,2190
rpOLzkmn,73,1-0,White,<=5s vs 5-10s,2152
MlSbqsTU,91,1-0,White,<=5s vs 10-15s,2350
erK3D79c,99,1-0,White,<=5s vs 10-15s,2349
7qb7zwGS,172,0-1,Black,<=5s vs 10-15s,2235
8zn3FRKF,79,1-0,White,<=5s vs 10-15s,2153
F0x7dQ4O,74,0-1,Black,<=5s vs 15-20s,1577
AB9JK5xf,85,1-0,White,<=5s vs 5-10s,1678
4Z4lSwfX,78,0-1,Black,<=5s vs 5-10s,1881
LnfUpzbm,88,0-1,Black,<=5s vs <=5s,1572
btmLKxAK,95,1-0,White,<=5s vs 5-10s,2494
eEDpotZE,57,0-1,White,<=5s vs <=5s,1492
crRHSzj3,51,1-0,White,<=5s vs 15-20s,1468
JgEGPa26,47,1-0,White,<=5s vs 5-10s,1373
AAXP24Y1,46,0-1,Black,<=5s vs 10-15s,1338
nUx2RzPh,65,1-0,White,<=5s vs 15-20s,2112
VwP8BvlM,57,1-0,White,<=5s vs 5-10s,1901
jnxVGWIN,76,0-1,Black,<=5s vs 15-20s,2331
jUySkkqQ,74,0-1,Black,<=5s vs 10-15s,1744
GX3EzmkM,91,1/2-1/2,White,<=5s vs 10-15s,1919
g6gdgJU5,66,0-1,Black,<=5s vs 10-15s,2017
CheEDyiv,89,0-1,White,<=5s vs 5-10s,2524
DrbhkuL3,82,0-1,Black,<=5s vs 10-15s,2279
wow5r8vU,77,0-1,White,<=5s vs 10-15s,2259
TWwp8hLl,64,0-1,Black,<=5s vs 15-20s,1531
BzvC0eHJ,79,0-1,White,<=5s vs <=5s,1947
W1koYiPX,47,1-0,White,<=5s vs <=5s,995
6aqt6jqe,76,0-1,Black,<=5s vs 5-10s,1753
ryjjqIvm,101,1-0,White,<=5s vs 10-15s,2272
FosiOV75,83,1-0,White,<=5s vs 5-10s,1802
YTud7VPQ,100,1/2-1/2,Black,<=5s vs 5-10s,2443
FQkghfnU,44,0-1,Black,<=5s vs 10-15s,1536
jZG9RG71,68,0-1,Black,<=5s vs 10-15s,1779
eYJ6SlMS,81,1-0,White,<=5s vs 10-15s,1927
0j9Q1osW,59,0-1,White,<=5s vs 10-15s,1580
ZdiwP9Nv,63,1-0,White,<=5s vs 5-10s,1583
2S6CBTO7,60,0-1,Black,<=5s vs <=5s,1557
8IljPql2,111,1-0,White,<=5s vs 15-20s,2482
a9vaTuKx,64,0-1,Black,<=5s vs 10-15s,1846
1AkQjjAw,54,0-1,Black,<=5s vs 5-10s,1402
GOMascHh,62,1-0,Black,<=5s vs <=5s,1551
bnZA6eF0,64,1-0,Black,<=5s vs <=5s,1496
zrH4drWc,46,0-1,Black,<=5s vs 15-20s,1699
9qUDaOET,112,0-1,Black,<=5s vs 10-15s,2443
1xpAWAx9,71,1-0,White,<=5s vs 10-15s,2240
3nxdEfDQ,59,1-0,White,<=5s vs 10-15s,814
6JKJQQ0O,68,1-0,Black,<=5s vs <=5s,2049
jRieRLP6,53,1-0,White,<=5s vs 5-10s,2042
1dOhBNHK,36,0-1,Black,<=5s vs 10-15s,1604
NNCM5Yfr,43,0-1,White,<=5s vs 5-10s,1227
vgjZQLdJ,98,0-1,Black,<=5s vs <=5s,2233
msPU5x4r,95,1-0,White,<=5s vs 15-20s,2647
vJPShF4D,68,0-1,Black,<=5s vs 15-20s,1694
OAcQH7VW,70,0-1,Black,<=5s vs 15-20s,2001
oLqSIPHK,103,1-0,White,<=5s vs 5-10s,2411
gh8giGcW,64,0-1,Black,<=5s vs <=5s,2055
O4Cw8RSn,72,1-0,Black,<=5s vs <=5s,1204
viW0qwJO,64,0-1,Black,<=5s vs 5-10s,1170
pGSJSyNw,73,1-0,White,<=5s vs 10-15s,1431
0yXAYpzF,38,0-1,Black,<=5s vs 5-10s,1449
PoAgADV1,57,1-0,White,<=5s vs 10-15s,1305
U8NFy6QB,69,1-0,White,<=5s vs 10-15s,1686
AIqSMYu8,101,1-0,White,<=5s vs 5-10s,1850
ImQBM5HM,72,0-1,Black,<=5s vs 5-10s,1190
qPWhgb1I,64,0-1,Black,<=5s vs 10-15s,1382
Ap3crGWB,92,1/2-1/2,Black,<=5s vs <=5s,2559
s6Pgj9RU,105,1-0,White,<=5s vs 15-20s,2422
UhZRIRHM,56,0-1,Black,<=5s vs 15-20s,1709
E27qi2sK,46,0-1,Black,<=5s vs <=5s,1815
es6IWiHg,81,1-0,White,<=5s vs <=5s,2107
iQa6UtMD,95,1-0,White,<=5s vs 5-10s,1377
9CgMnpgs,85,1-0,White,<=5s vs 10-15s,2514
rhORkyty,122,0-1,Black,<=5s vs 15-20s,2011
BRoKQzg1,79,0-1,White,<=5s vs <=5s,2399
OdXtsHEJ,67,1-0,White,<=5s vs 5-10s,1081
ty2UVEOH,68,0-1,Black,<=5s vs <=5s,1520
ZXNnTUFf,78,0-1,Black,<=5s vs 10-15s,2570
FYsankWr,67,1-0,White,<=5s vs 5-10s,2455
oelSMK8D,67,1-0,White,<=5s vs 15-20s,1788
zEHoyQOY,108,0-1,Black,<=5s vs 5-10s,2708
VOZ2vPrT,92,0-1,Black,<=5s vs <=5s,2251
RTXz1bwC,92,0-1,Black,<=5s vs 5-10s,2787
Y6MSzcVK,103,0-1,White,<=5s vs <=5s,2677
Dkai37vZ,63,1-0,White,<=5s vs 5-10s,2257
NTcbOCQj,48,0-1,Black,<=5s vs 15-20s,2074
sfYCqTXu,65,1-0,White,<=5s vs 15-20s,1696
ZG9IOlsi,126,0-1,Black,<=5s vs 5-10s,2048
fwzsTzyi,78,1-0,Black,<=5s vs <=5s,1996
qp78yxRm,76,0-1,Black,<=5s vs 5-10s,2546
bhUnBfVM,111,1-0,White,<=5s vs 10-15s,814
8aBltF68,88,0-1,Black,<=5s vs 5-10s,2373
6Wa258bn,89,1-0,White,<=5s vs 10-15s,1868
ijJyqgXo,93,1-0,White,<=5s vs 5-10s,2363
GsgxwHhH,97,0-1,White,<=5s vs <=5s,2106
hYgjXVon,113,1/2-1/2,White,<=5s vs 5-10s,2483
eneR1pAp,71,1-0,White,<=5s vs 10-15s,1412
hFKGSEUp,60,0-1,Black,<=5s vs 10-15s,1713
fHtRLRxf,67,0-1,White,<=5s vs 10-15s,1703
6zqeqLt8,69,1-0,White,<=5s vs 15-20s,1342
5sCmNliA,79,1/2-1/2,White,<=5s vs 5-10s,1150
OvmN4BII,75,0-1,White,<=5s vs <=5s,2147
sJQsF9mC,80,0-1,Black,<=5s vs 10-15s,1422
9GKZJ5NH,56,1-0,Black,<=5s vs 5-10s,1315
jX7yAJVK,43,1-0,White,<=5s vs 10-15s,888
iiITHFB4,60,0-1,Black,<=5s vs 10-15s,1305
fLr1yBwZ,71,0-1,White,<=5s vs <=5s,1792
s05duPs8,38,0-1,Black,<=5s vs 15-20s,1769
wTfyqtvC,65,1-0,White,<=5s vs 15-20s,1770
bPIwi8U3,69,1-0,White,<=5s vs 15-20s,2416
tp2PUqlY,86,1-0,Black,<=5s vs 15-20s,2054
fvsWI0uX,34,0-1,Black,<=5s vs 15-20s,1748
ENleBVhC,69,1-0,White,<=5s vs 5-10s,1448
HRGQ78HT,72,0-1,Black,<=5s vs 10-15s,1591
FcMOhOiQ,83,0-1,White,<=5s vs 5-10s,2361
nrDRalre,56,0-1,Black,<=5s vs 15-20s,1444
QoLYcIl5,59,1-0,White,<=5s vs 15-20s,1464
EQwY8VE2,69,1-0,White,<=5s vs 10-15s,1589
As9MLbdg,83,1-0,White,<=5s vs 5-10s,1318
Zf3zSs5C,113,1-0,White,<=5s vs 10-15s,2133
xEpktytj,84,1/2-1/2,Black,<=5s vs 15-20s,2108
x9FjlCqK,60,0-1,Black,<=5s vs <=5s,1756
DSEe7ERc,68,0-1,Black,<=5s vs 10-15s,1590
PDyXA9Pa,64,0-1,Black,<=5s vs 5-10s,1600
L9b99qIJ,44,0-1,Black,<=5s vs 10-15s,1585
WcG1gNyl,64,0-1,Black,<=5s vs <=5s,1862
6rV2kPoB,61,1-0,White,<=5s vs 15-20s,957
QUyF46IG,78,0-1,Black,<=5s vs 10-15s,1585
Am55FksT,105,1-0,White,<=5s vs 15-20s,2797
5tSvftVe,146,1/2-1/2,Black,<=5s vs <=5s,2459
857TsWKK,55,1-0,White,<=5s vs 15-20s,1571
QRfK03lW,162,1/2-1/2,Black,<=5s vs 5-10s,2463
8TUh5XEA,92,0-1,Black,<=5s vs 5-10s,1603
lQIx1gGf,60,0-1,Black,<=5s vs 10-15s,1073
dA823JmW,116,1/2-1/2,Black,<=5s vs 5-10s,2552
DYMNH4tR,75,0-1,White,<=5s vs 15-20s,1928
7Qnw9BiN,46,0-1,Black,<=5s vs 5-10s,1199
2CUrF9Dr,85,1-0,White,<=5s vs 5-10s,2355
EFpvc2TA,63,1-0,White,<=5s vs 5-10s,1009
vw3jYLjd,60,0-1,Black,<=5s vs 5-10s,1419
8boYTPdp,48,0-1,Black,<=5s vs 5-10s,2096
R2ITLAIi,73,1-0,White,<=5s vs 10-15s,1684
plMHhOWm,62,0-1,Black,<=5s vs 5-10s,1012
BBThNpx8,53,1-0,White,<=5s vs 5-10s,1500
QjmwMQyh,73,1-0,White,<=5s vs 10-15s,1584
FfrqpUJK,87,1-0,White,<=5s vs 10-15s,1684
olgOrnJX,77,1-0,White,<=5s vs 15-20s,1878
8ua2fGu0,94,0-1,Black,<=5s vs 5-10s,2834
43Y8AOF5,70,0-1,Black,<=5s vs 5-10s,2406
MzTB71Lb,49,1-0,White,<=5s vs 15-20s,2394
g7xO2Mwf,77,1-0,White,<=5s vs 5-10s,1453
GR31c8te,77,1-0,White,<=5s vs <=5s,1870
dejL02GN,87,1/2-1/2,White,<=5s vs 5-10s,1504
4MwXD70z,112,1/2-1/2,Black,<=5s vs 5-10s,2256
7PnHmlSv,62,0-1,Black,<=5s vs 10-15s,2319
AOg06rgm,73,1-0,White,<=5s vs 15-20s,2117
2TjE9WtT,74,0-1,Black,<=5s vs 10-15s,2105
JFsGw0yS,66,0-1,Black,<=5s vs 15-20s,1974
exyksSua,120,1-0,Black,<=5s vs 5-10s,2535
3MK7aDgV,78,0-1,Black,<=5s vs 5-10s,2267
nTZLNoc8,50,0-1,Black,<=5s vs 15-20s,1682
8d9c6gJk,77,1-0,White,<=5s vs 10-15s,2170
SvrgK0f2,86,0-1,Black,<=5s vs 5-10s,1963
VlXvI1PP,44,1-0,Black,<=5s vs 5-10s,729
xrPVDbjc,44,0-1,Black,<=5s vs 5-10s,1332
pXWP507b,75,1-0,White,<=5s vs 15-20s,2205
AwvJZ4DE,117,1-0,White,<=5s vs 10-15s,2242
I2mWKmjM,76,1-0,Black,<=5s vs 5-10s,2132
z9z3XKDV,63,0-1,White,<=5s vs 15-20s,2072
Py4ChaZQ,108,0-1,Black,<=5s vs 5-10s,2380
zVm8gzT5,81,1-0,White,<=5s vs 10-15s,2371
eLvZCmdp,54,0-1,Black,<=5s vs 10-15s,1442
fN31HLo9,107,1-0,White,<=5s vs 15-20s,2412
u6JAYkvk,62,0-1,Black,<=5s vs 15-20s,1808
cfIScj6t,52,0-1,Black,<=5s vs 10-15s,1212
67Udgp9U,46,0-1,Black,<=5s vs 15-20s,2846
KEoXFWNn,104,1-0,Black,<=5s vs 5-10s,2097
PaYmnqHE,64,0-1,Black,<=5s vs 5-10s,1422
xzczPsnC,73,1-0,White,<=5s vs 5-10s,2008
FXO3N8ue,65,1/2-1/2,White,<=5s vs 5-10s,957
MgVqtayZ,100,1/2-1/2,Black,<=5s vs 10-15s,2444
iLkJYTCR,57,0-1,White,<=5s vs 10-15s,998
tgvEqrMX,60,1-0,Black,<=5s vs <=5s,1152
RheUNQvc,91,1-0,White,<=5s vs 5-10s,1742
4Dc4DMtQ,52,0-1,Black,<=5s vs 15-20s,2457
uOls2djR,66,0-1,Black,<=5s vs 15-20s,1616
iiNa1a70,39,1-0,White,<=5s vs 15-20s,1184
HBGHMwwi,80,0-1,Black,<=5s vs 10-15s,1500
hxOYPVpJ,61,1-0,White,<=5s vs 10-15s,1741
fYMaaTCX,85,0-1,White,<=5s vs 5-10s,2377
Ud4KiugL,52,0-1,Black,<=5s vs 10-15s,1654
6aGE30Z9,104,0-1,Black,<=5s vs 10-15s,2871
cpwbcldK,63,1-0,White,<=5s vs 5-10s,1797
1r9GN56s,91,1-0,White,<=5s vs 5-10s,2368
u8GrDbfb,50,0-1,Black,<=5s vs 15-20s,1596
WivVg3nV,96,0-1,Black,<=5s vs 15-20s,2478
CIWbCeoO,66,0-1,Black,<=5s vs 15-20s,1531
Bc2ZEjsm,64,0-1,Black,<=5s vs 15-20s,2193
LuKDs1WD,67,1-0,White,<=5s vs 15-20s,1542
ZTJW3pq0,58,0-1,Black,<=5s vs 15-20s,1572
1Zrpx31Z,88,1/2-1/2,Black,<=5s vs 15-20s,2192
Gmuay27F,71,1-0,White,<=5s vs 15-20s,2286
BLjXRJga,54,0-1,Black,<=5s vs 15-20s,1955
ySYcCQ5O,63,1-0,White,<=5s vs 5-10s,2231
OQvLQHPh,38,0-1,Black,<=5s vs <=5s,830
Q06XgouY,71,1-0,White,<=5s vs 5-10s,2146
BQzfJNtW,60,0-1,Black,<=5s vs 10-15s,1377
f8Ulguat,56,0-1,Black,<=5s vs 15-20s,2286
TOkAb64H,62,0-1,Black,<=5s vs 10-15s,1802
asqcM2rg,89,1-0,White,<=5s vs 5-10s,1931
DIB8UBef,89,1-0,White,<=5s vs 10-15s,1919
XloqQBIU,65,1-0,White,<=5s vs 5-10s,1862
77W9qBH6,58,0-1,Black,<=5s vs 10-15s,1911
8NRqFHAG,90,0-1,Black,<=5s vs 15-20s,2157
Ts05D50A,70,0-1,Black,<=5s vs 10-15s,1426
R3d3wl38,92,0-1,Black,<=5s vs 5-10s,3186
RTx6UUg4,84,0-1,Black,<=5s vs <=5s,1605
5fMBHV3t,81,0-1,White,<=5s vs 5-10s,1446
Hpg0xkSa,92,0-1,Black,<=5s vs 15-20s,2212
3dC5ART4,63,1-0,White,<=5s vs 5-10s,1505
9BExH8kP,74,0-1,Black,<=5s vs 5-10s,1597
oeXPEwUy,51,1-0,White,<=5s vs 15-20s,1837
A3GhogvC,55,1-0,White,<=5s vs 15-20s,1826
nyBYgzaK,93,0-1,White,<=5s vs <=5s,2148
aBJV7rKr,57,1-0,White,<=5s vs 10-15s,1579
nRf3GKcO,81,1-0,White,<=5s vs 5-10s,1676
06uUblv0,107,1-0,White,<=5s vs <=5s,2023
3B1Zq934,51,1-0,White,<=5s vs 10-15s,1228
zVwOGFU7,68,1-0,Black,<=5s vs <=5s,1757
X2zOeJ1A,78,0-1,Black,<=5s vs 5-10s,1385
hgvFXHqy,74,0-1,Black,<=5s vs 15-20s,1865
mb8zrruZ,62,0-1,Black,<=5s vs <=5s,1249
zXDLqEhr,59,1-0,White,<=5s vs 15-20s,1168
pTWdFSf0,58,0-1,Black,<=5s vs 15-20s,1590
qIobdiiS,100,0-1,Black,<=5s vs 15-20s,2569
0V3QKL3H,55,1-0,White,<=5s vs 5-10s,1785
sGzQjk6d,75,1-0,White,<=5s vs 15-20s,1871
B4q4uete,67,1-0,White,<=5s vs 15-20s,1811
fYrKoCtY,153,1-0,White,<=5s vs 5-10s,2625
p3eESlak,87,1-0,White,<=5s vs 10-15s,1578
NWS6ynym,98,1/2-1/2,Black,<=5s vs 5-10s,2360
Gkyg8lZV,92,1/2-1/2,Black,<=5s vs 10-15s,1927
RC4kfSGZ,48,0-1,Black,<=5s vs 10-15s,1467
404K98Q5,118,0-1,Black,<=5s vs 5-10s,2499
biVacVE6,31,1-0,White,<=5s vs 15-20s,1088
XEQDJ1S7,76,1-0,Black,<=5s vs <=5s,2572
5WBIfZG6,68,0-1,Black,<=5s vs 5-10s,2318
FIIXZesc,52,0-1,Black,<=5s vs 5-10s,1363
GitFB9Pa,72,0-1,Black,<=5s vs 15-20s,2285
NSJFYhtS,69,1-0,White,<=5s vs 10-15s,1821
CbmG3x1o,78,0-1,Black,<=5s vs 10-15s,1987
ctiHMgfz,70,0-1,Black,<=5s vs 5-10s,1229
tyvNqfus,104,0-1,Black,<=5s vs 15-20s,2491
9Lu9iQ6n,104,0-1,Black,<=5s vs 5-10s,2540
AcppeWag,103,1-0,White,<=5s vs 15-20s,2130
9LssJfSq,47,0-1,White,<=5s vs <=5s,1509
l3xQgRiK,63,1-0,White,<=5s vs 15-20s,1857
sEH2A6uS,71,1-0,White,<=5s vs 10-15s,1448
SNmWHPvD,122,0-1,Black,<=5s vs 10-15s,2409
DvcVFrju,122,1-0,Black,<=5s vs <=5s,2707
BZS9DIRh,69,1-0,White,<=5s vs 10-15s,2792
a3U73l5S,54,0-1,Black,<=5s vs <=5s,1141
7LZeCanA,46,0-1,Black,<=5s vs 5-10s,1238
T6FuKjIy,93,1/2-1/2,White,<=5s vs 5-10s,1959
XbKjiyrF,54,0-1,Black,<=5s vs 10-15s,1152
Alf7hiby,61,1-0,White,<=5s vs 10-15s,1886
XHYvpnRy,96,0-1,Black,<=5s vs 15-20s,2626
DEb3HAzY,73,1-0,White,<=5s vs 10-15s,2387
sow8OEz3,101,1-0,White,<=5s vs 10-15s,1658
hADugw40,59,1-0,White,<=5s vs 15-20s,1637
nk8nMCcd,74,0-1,Black,<=5s vs 10-15s,1243
7oAga8go,104,0-1,Black,<=5s vs <=5s,2377
gB7PzedB,59,0-1,White,<=5s vs <=5s,1463
evgBv8iI,98,0-1,Black,<=5s vs 5-10s,2015
yLDYTtzD,74,0-1,Black,<=5s vs <=5s,1748
Kh5nKQhj,74,0-1,Black,<=5s vs 10-15s,2165
G9BeK4qd,56,0-1,Black,<=5s vs <=5s,1659
KRtTjvsr,71,1-0,White,<=5s vs 5-10s,1785
wZrkTYfN,87,1-0,White,<=5s vs 5-10s,1798
ixehCeZJ,79,1-0,White,<=5s vs 5-10s,2116
I58Dtj0o,62,0-1,Black,<=5s vs 5-10s,999
1wUMmV4O,84,0-1,Black,<=5s vs 15-20s,1391
aI2L8RsB,68,0-1,Black,<=5s vs 15-20s,2241
YC6tfEDC,72,0-1,Black,<=5s vs 5-10s,1945
mGb1OWsu,54,1-0,Black,<=5s vs <=5s,956
FbRSw5Xd,95,1-0,White,<=5s vs 10-15s,2187
kCiX4HmZ,68,0-1,Black,<=5s vs <=5s,1741
TxZDIi9O,44,0-1,Black,<=5s vs 15-20s,2170
jHiUTtgp,87,1-0,White,<=5s vs 10-15s,1380
QadlWeOr,55,1-0,White,<=5s vs 5-10s,1556
xNGBwLCp,56,1-0,Black,<=5s vs 5-10s,1123
2gdfxztw,73,1-0,White,<=5s vs 10-15s,2286
bYEknEKL,69,0-1,White,<=5s vs <=5s,1512
LCHtkspa,92,0-1,Black,<=5s vs 5-10s,3036
trpY0xQr,60,0-1,Black,<=5s vs 15-20s,1748
Hx33hYcO,87,1/2-1/2,White,<=5s vs 10-15s,2299
xaRn6l39,44,0-1,Black,<=5s vs 15-20s,1259
9HxB2jvo,43,1-0,White,<=5s vs 10-15s,1167
jecNotEz,129,0-1,White,<=5s vs 5-10s,2218
V1SRhNl6,60,1-0,Black,<=5s vs 10-15s,1335
L6b7qpwl,64,0-1,Black,<=5s vs 15-20s,2143
P83ZnhI7,149,1/2-1/2,White,<=5s vs 5-10s,2265
ydJc7hqe,53,1-0,White,<=5s vs 15-20s,1133
Ea0zA1kl,73,1-0,White,<=5s vs 5-10s,2056
heSoy0h0,48,0-1,Black,<=5s vs <=5s,819
iH3x91sR,84,0-1,Black,<=5s vs 5-10s,2261
NOYQZenh,63,0-1,White,<=5s vs 5-10s,2067
sg4E6kO2,77,0-1,White,<=5s vs 15-20s,1649
8ascKq4k,58,0-1,Black,<=5s vs <=5s,2298
benDJVFU,87,1-0,White,<=5s vs <=5s,2532
JFfcqUd2,63,0-1,White,<=5s vs 10-15s,719
CLyRCFP3,64,0-1,Black,<=5s vs 10-15s,1303
9lm89fID,63,1-0,White,<=5s vs 15-20s,1825
tBBkzcJT,55,1-0,White,<=5s vs 15-20s,2154
oVVPNDax,42,0-1,Black,<=5s vs 15-20s,1040
dkxNOKPC,64,0-1,Black,<=5s vs 5-10s,1564
c8L3S0oH,127,1/2-1/2,White,<=5s vs <=5s,2495
X91VQhSH,58,0-1,Black,<=5s vs 15-20s,1961
M89fDvk7,62,1-0,Black,<=5s vs <=5s,1491
60qu7iTN,101,1/2-1/2,White,<=5s vs 10-15s,2336
ZNUpUvVa,52,1-0,Black,<=5s vs 10-15s,1371
7GCI5IRR,81,1-0,White,<=5s vs 5-10s,2160
qPOecjXG,64,0-1,Black,<=5s vs 5-10s,2350
pWFbhfi2,86,0-1,Black,<=5s vs 15-20s,1878
7oJAYeAF,63,1-0,White,<=5s vs 10-15s,1046
iVyYlKf2,64,0-1,Black,<=5s vs 15-20s,2006
X1Y1RMjA,47,0-1,White,<=5s vs 5-10s,1441
5sjVp8f1,71,1-0,White,<=5s vs 5-10s,1823
SKvN3WVR,82,0-1,Black,<=5s vs 10-15s,2061
YFhKIPme,68,0-1,Black,<=5s vs 10-15s,2117
GaKGpdka,60,0-1,Black,<=5s vs 5-10s,1314
cAyUOtJK,50,0-1,Black,<=5s vs 5-10s,1468
SiHBca8M,55,1-0,White,<=5s vs 15-20s,1876
a7pLDgyS,123,1-0,White,<=5s vs 5-10s,2504
3jXjLo5V,52,0-1,Black,<=5s vs 15-20s,781
MVcQmqKM,75,1-0,White,<=5s vs 15-20s,2340
oovE4L57,75,1-0,White,<=5s vs 10-15s,1158
4rQpuEzw,81,1-0,White,<=5s vs <=5s,1810
jMcWOcaB,66,0-1,Black,<=5s vs 10-15s,1806
UicOGXBd,48,0-1,Black,<=5s vs 10-15s,1381
LxoerP9l,56,0-1,Black,<=5s vs 15-20s,1820
mgxNtSZW,49,1-0,White,<=5s vs 10-15s,1621
JXJBj4cr,68,0-1,Black,<=5s vs 5-10s,2474
JJFrz6VQ,61,1-0,White,<=5s vs 15-20s,1845
P3TDWiDm,73,1-0,White,<=5s vs 10-15s,1451
TwIXfLMY,160,1-0,Black,<=5s vs <=5s,2119
vA0hntiV,63,1-0,White,<=5s vs 5-10s,1462
zpdhnNEP,51,0-1,White,<=5s vs <=5s,986
ikv6gS8w,125,1-0,White,<=5s vs 15-20s,1651
r9AHnOHT,85,1-0,White,<=5s vs 5-10s,1675
dikazG0f,56,0-1,Black,<=5s vs 5-10s,1474
5P5qhJYL,84,0-1,Black,<=5s vs 15-20s,2265
PHY2igDP,57,1-0,White,<=5s vs 15-20s,1347
In7OMhWp,73,1-0,White,<=5s vs 10-15s,1810
qGzMxo5q,75,1-0,White,<=5s vs 5-10s,2322
eSDv7esh,104,0-1,Black,<=5s vs 10-15s,1857
edaSa2X5,45,1-0,White,<=5s vs 15-20s,1400
BORS24n8,77,1-0,White,<=5s vs 5-10s,1607
kgaeexeE,68,1-0,Black,<=5s vs <=5s,1500
hESadrf1,120,1-0,Black,<=5s vs 10-15s,2441
RstczvjA,59,1-0,White,<=5s vs 10-15s,2025
cq1pPPwq,90,0-1,Black,<=5s vs <=5s,2116
cr5WB9Ag,50,0-1,Black,<=5s vs 15-20s,1556
TrCBTm7K,64,0-1,Black,<=5s vs 15-20s,2071
60mExPdm,84,0-1,Black,<=5s vs 10-15s,2411
jtrp3aOb,69,1-0,White,<=5s vs 10-15s,1968
e84rbgEs,58,0-1,Black,<=5s vs 10-15s,1384
UjwZVS7O,103,1-0,White,<=5s vs 5-10s,2701
hWnCntcL,69,1-0,White,<=5s vs 15-20s,2389
euwD74mq,49,1-0,White,<=5s vs 15-20s,1335
HS3gcdQu,77,0-1,White,<=5s vs 15-20s,1568
MaoVlAJR,58,0-1,Black,<=5s vs <=5s,1903
SVlRzB7s,77,1-0,White,<=5s vs 10-15s,2145
GJtsutG0,56,0-1,Black,<=5s vs 5-10s,1475
hAJCZm5a,74,0-1,Black,<=5s vs 5-10s,2262
eTm9PyH6,48,0-1,Black,<=5s vs <=5s,1138
4iMXCGDT,112,1-0,Black,<=5s vs <=5s,2320
X1URewb1,53,1-0,White,<=5s vs 15-20s,1658
YsLqoarn,76,0-1,Black,<=5s vs 5-10s,1830
MZLYObvV,56,0-1,Black,<=5s vs 15-20s,2332
NuUM89MZ,145,1/2-1/2,White,<=5s vs 5-10s,2434
3osqQ0EN,56,0-1,Black,<=5s vs 10-15s,1351
l93zmp0j,53,1-0,White,<=5s vs 15-20s,1761
E2JVzHbN,67,0-1,White,<=5s vs <=5s,1316
6ptXC0kf,71,1-0,White,<=5s vs 15-20s,1964
sbtNqkqz,54,0-1,Black,<=5s vs 15-20s,1610
wN1kWNnw,82,0-1,Black,<=5s vs 15-20s,1176
vmDwuxo1,70,0-1,Black,<=5s vs 10-15s,1412
FDp4io0V,53,0-1,White,<=5s vs 5-10s,1384
Tw4RipAe,62,0-1,Black,<=5s vs 10-15s,1578
VAPo91xL,67,1-0,White,<=5s vs 15-20s,2000
UE6UqPBf,71,1-0,White,<=5s vs <=5s,1491
YD4Tkrnw,45,1-0,White,<=5s vs 15-20s,1324
74gOcuk4,52,1-0,Black,<=5s vs 5-10s,2078
33bCJvZl,91,1-0,White,<=5s vs 10-15s,2277
9oGSqd7r,50,1-0,Black,<=5s vs <=5s,1867
32SsixIL,80,1-0,Black,<=5s vs 5-10s,1575
Cuk1xIBy,126,1/2-1/2,Black,<=5s vs 5-10s,2542
FkuliycG,56,0-1,Black,<=5s vs 10-15s,1445
utFKGj9x,75,1-0,White,<=5s vs 5-10s,1966
LqBvPRSe,97,1-0,White,<=5s vs 10-15s,1742
TfOx0gk0,52,0-1,Black,<=5s vs 15-20s,2441
Hgoq0G2v,44,0-1,Black,<=5s vs 10-15s,1309
UcMM8O5F,128,0-1,Black,<=5s vs 15-20s,2334
FXS7FWyq,66,1-0,Black,<=5s vs <=5s,1796
W6hrTCu4,114,1-0,Black,<=5s vs 15-20s,1391
939LxapZ,104,0-1,Black,<=5s vs 5-10s,2315
B2W6E1YI,96,0-1,Black,<=5s vs 5-10s,2821
nQ2mIoGY,47,1-0,White,<=5s vs 15-20s,1134
Jku14I1D,47,1-0,White,<=5s vs 10-15s,1768
OoseZ4eG,69,0-1,White,<=5s vs <=5s,1460
neNK51C0,49,0-1,White,<=5s vs <=5s,1465
N1drD6co,76,0-1,Black,<=5s vs 10-15s,1775
KeXnIHPo,56,0-1,Black,<=5s vs 15-20s,1951
Txcy2OgW,46,0-1,Black,<=5s vs 5-10s,1150
l8brtkJd,83,0-1,White,<=5s vs <=5s,2047
LB8DIioc,50,0-1,Black,<=5s vs 5-10s,1570
TU1GDE6F,133,0-1,White,<=5s vs 5-10s,2400
iSzBZpQw,84,0-1,Black,<=5s vs <=5s,1952
n1BSNgC4,51,1-0,White,<=5s vs 5-10s,1097
dYDyOSFE,94,0-1,Black,<=5s vs 10-15s,1838
qQo4vi9u,83,1-0,White,<=5s vs 10-15s,2414
hM9LToI4,56,0-1,Black,<=5s vs 10-15s,1542
tGiBJ7dn,53,1-0,White,<=5s vs 5-10s,1116
stUGC4jh,100,0-1,Black,<=5s vs 15-20s,2542
nixDUgFu,62,0-1,Black,<=5s vs 15-20s,2107
5hR6PW11,139,1/2-1/2,White,<=5s vs 10-15s,2381
7wPOzLBR,73,0-1,White,<=5s vs <=5s,1750
03ofKH8Y,51,1-0,White,<=5s vs 15-20s,1657
JCJTwfsj,85,1-0,White,<=5s vs 10-15s,1676
MF4g8st1,87,0-1,White,<=5s vs <=5s,2096
Y3YgwcEX,72,0-1,Black,<=5s vs 5-10s,1312
9zOMEwlh,93,1-0,White,<=5s vs <=5s,2031
gj8m0iVc,101,1-0,White,<=5s vs 15-20s,2080
VGLwgWiJ,94,1-0,Black,<=5s vs <=5s,1151
h4tAYyao,128,1-0,Black,<=5s vs <=5s,2010
DgvN4982,130,0-1,Black,<=5s vs 5-10s,2578
EXdm0WaU,80,0-1,Black,<=5s vs 15-20s,1809
4SQJyE68,80,0-1,Black,<=5s vs 5-10s,2445
AmZlI6wz,62,0-1,Black,<=5s vs 15-20s,1302
cub5kElU,54,1-0,Black,<=5s vs 5-10s,1934
2531msQa,60,1-0,Black,<=5s vs <=5s,1732
LNdIprqu,89,1-0,White,<=5s vs 10-15s,1765
jiuR5uPG,47,1-0,White,<=5s vs 5-10s,1276
CcjLzfJ6,53,1-0,White,<=5s vs 15-20s,2337
VHYVvJFF,57,1-0,White,<=5s vs 15-20s,2192
HjIfleiC,115,1/2-1/2,White,<=5s vs <=5s,2116
963ohecA,66,0-1,Black,<=5s vs 10-15s,2357
NHYqZduw,43,1-0,White,<=5s vs 10-15s,1033
NAvc0uv8,67,1-0,White,<=5s vs 5-10s,1978
E7yjtKSw,62,0-1,Black,<=5s vs 5-10s,1027
1TafWa5o,96,0-1,Black,<=5s vs 5-10s,2347
CJZ3rPEe,99,1-0,White,<=5s vs 10-15s,2647
mq6MPH8B,54,0-1,Black,<=5s vs 10-15s,636
1HFVp28M,83,1-0,White,<=5s vs 5-10s,1840
BMIEm3ww,64,0-1,Black,<=5s vs 10-15s,2151
4arrhFai,84,0-1,Black,<=5s vs 10-15s,2339
4SXMY33A,58,0-1,Black,<=5s vs 10-15s,1399
9T20KVqI,86,0-1,Black,<=5s vs 10-15s,1200
8Y3jnir8,73,1-0,White,<=5s vs 5-10s,1730
mmySdy3F,61,1-0,White,<=5s vs 15-20s,1117
v4zO5Mxx,59,1-0,White,<=5s vs 5-10s,1184
FcU06XP8,63,1-0,White,<=5s vs 10-15s,2197
1yw7m4Tm,42,0-1,Black,<=5s vs 15-20s,1385
Lfg8Utf8,42,0-1,Black,<=5s vs 10-15s,1066
WwsApqXx,66,1-0,Black,<=5s vs 10-15s,2028
ZraqOPyX,57,0-1,White,<=5s vs 10-15s,2004
GqEUB92T,58,0-1,Black,<=5s vs 10-15s,1629
9QEbVnTi,116,1-0,Black,<=5s vs 5-10s,2158
1Mgbb0NM,90,1-0,Black,<=5s vs 5-10s,3058
cj1jTfLQ,132,1/2-1/2,Black,<=5s vs 5-10s,2462
a2URyGKY,116,0-1,Black,<=5s vs 5-10s,2181
fj7wI6Fz,92,0-1,Black,<=5s vs 10-15s,2315
FuTs9d5J,82,0-1,Black,<=5s vs 15-20s,1303
luySTLOy,64,0-1,Black,<=5s vs 15-20s,1802
KV54IFhW,47,1-0,White,<=5s vs 10-15s,875
V39q7aW2,52,0-1,Black,<=5s vs 15-20s,1831
JVv29IQO,50,0-1,Black,<=5s vs 5-10s,1998
jdcUfDMO,63,1-0,White,<=5s vs 10-15s,1544
LPvCwvDJ,65,1-0,White,<=5s vs 15-20s,2034
sSSJQiOl,74,0-1,Black,<=5s vs 5-10s,1817
UzEpmhLM,53,1-0,White,<=5s vs 10-15s,917
I01CmBpm,100,1/2-1/2,Black,<=5s vs 10-15s,2314
73g2WoLL,77,1-0,White,<=5s vs 15-20s,1976
Rk7B9Hed,54,0-1,Black,<=5s vs 10-15s,2705
GiPbYDC7,57,1-0,White,<=5s vs 10-15s,1570
iCEFdNDm,44,1-0,Black,<=5s vs <=5s,1153
SvSPawRE,54,0-1,Black,<=5s vs 5-10s,900
IU96EV6K,66,0-1,Black,<=5s vs 15-20s,1804
BJBNx6L3,78,0-1,Black,<=5s vs 5-10s,1797
H9Zry9Yw,60,0-1,Black,<=5s vs 10-15s,1454
mrSnDGzh,70,0-1,Black,<=5s vs 5-10s,1310
dfDFWKVI,105,1-0,White,<=5s vs 15-20s,2645
XStfHwme,75,1-0,White,<=5s vs 5-10s,2412
Ii60hGBx,84,0-1,Black,<=5s vs 5-10s,2416
bPRRRhyc,78,0-1,Black,<=5s vs 10-15s,1707
STzeCCEB,82,0-1,Black,<=5s vs 10-15s,1125
MQtZAcDy,67,1-0,White,<=5s vs 10-15s,2259
cCVPLu0a,76,1-0,Black,<=5s vs <=5s,1404
6Ub32Cpp,98,1-0,Black,<=5s vs 5-10s,1728
PcImzSIJ,80,0-1,Black,<=5s vs 15-20s,2466
FPVmXXE1,103,1-0,White,<=5s vs 5-10s,1574
LLvKpr6U,103,1-0,White,<=5s vs 15-20s,2841
mohC8VGq,98,0-1,Black,<=5s vs 15-20s,2746
xiEMRgSA,170,0-1,Black,<=5s vs 5-10s,2004
ubqCiMl4,54,0-1,Black,<=5s vs 5-10s,966
dk65piNU,85,0-1,White,<=5s vs 5-10s,2613
Nd4Dh2gt,64,0-1,Black,<=5s vs 10-15s,1304
SIjPXpn7,84,1-0,Black,<=5s vs 5-10s,2084
GLmHgrfZ,141,1/2-1/2,White,<=5s vs 5-10s,1538
49zf7WLj,42,0-1,Black,<=5s vs 10-15s,1170
ArRVyJKS,65,1-0,White,<=5s vs 15-20s,1787
VINTyx14,65,1-0,White,<=5s vs 15-20s,1129
Um6vgxO8,79,0-1,White,<=5s vs 5-10s,1835
qqAg5IhI,49,1-0,White,<=5s vs 5-10s,1072
Uu6nDs3I,142,1-0,Black,<=5s vs <=5s,2107
3QJtNNmY,79,1-0,White,<=5s vs 10-15s,2324
UfE3hS08,86,1-0,Black,<=5s vs 5-10s,1830
q8Fhs1Zu,79,1-0,White,<=5s vs 10-15s,2081
cqi6Q7Lk,73,0-1,White,<=5s vs 5-10s,2165
YLmLoQ4s,62,0-1,Black,<=5s vs 15-20s,2094
GQDrEIvX,68,0-1,Black,<=5s vs 15-20s,2112
K9VmTHou,100,0-1,Black,<=5s vs 10-15s,2296
PQz1BdfK,77,1-0,White,<=5s vs 5-10s,2254
V8VuLIHA,84,1-0,Black,<=5s vs <=5s,2206
70iQTtBA,77,1-0,White,<=5s vs 15-20s,2463
1dZXSmtf,90,1-0,Black,<=5s vs <=5s,1627
BQDD67j6,117,1-0,White,<=5s vs 5-10s,2085
jgMwknTp,48,0-1,Black,<=5s vs 15-20s,1279
TwvGfHNq,54,0-1,Black,<=5s vs 5-10s,2334
uFpUxa1b,66,0-1,Black,<=5s vs 5-10s,1893
VlitoEaP,76,0-1,Black,<=5s vs 10-15s,1526
95uIfRCO,66,0-1,Black,<=5s vs <=5s,1421
OXbTr1Pd,41,1-0,White,<=5s vs 15-20s,915
Z0FGzt3N,67,1-0,White,<=5s vs 10-15s,1693
nW7gJuUp,65,0-1,White,<=5s vs 10-15s,1979
7UZkAD2n,71,1-0,White,<=5s vs 10-15s,2320
X1kdZ4Tc,111,1-0,White,<=5s vs 5-10s,2449
emn2cPN1,89,1-0,White,<=5s vs 10-15s,2879
iAFPU97q,76,0-1,Black,<=5s vs 10-15s,2373
zdjhLrK2,63,1-0,White,<=5s vs 15-20s,1544
6m9nN1wi,108,0-1,Black,<=5s vs 5-10s,1817
bRiNk1Gt,72,1-0,Black,<=5s vs <=5s,2156
eIiw6zof,61,1-0,White,<=5s vs 5-10s,802
zC7C6JIc,37,1-0,White,<=5s vs 10-15s,1371
ITl4K9lN,74,0-1,Black,<=5s vs <=5s,1141
J899Ayw9,53,1-0,White,<=5s vs 15-20s,786
AOvPfjVH,38,0-1,Black,<=5s vs 15-20s,995
50Shpaf0,61,1-0,White,<=5s vs 5-10s,2271
VKoqrkRP,76,1-0,Black,<=5s vs <=5s,2229
6YyMWhtg,71,1-0,White,<=5s vs 5-10s,1855
PxhcnZrh,72,0-1,Black,<=5s vs 5-10s,1906
MXLaMh4m,71,1-0,White,<=5s vs 10-15s,1471
RuUBJCWG,106,1/2-1/2,Black,<=5s vs 5-10s,2554
SY4FV11N,42,0-1,Black,<=5s vs 15-20s,2412
WBZ81ti7,63,1-0,White,<=5s vs 10-15s,1520
1pm5iWjO,61,1-0,White,<=5s vs 5-10s,1629
tJkf9dhQ,84,0-1,Black,<=5s vs 5-10s,1777
ptSzCz59,79,0-1,White,<=5s vs <=5s,1531
RliVcOMv,73,1-0,White,<=5s vs 5-10s,1609
zsdkpS6J,86,0-1,Black,<=5s vs 15-20s,2058
6xjZT3ff,60,0-1,Black,<=5s vs 5-10s,1530
QuLDXjKB,65,1-0,White,<=5s vs 15-20s,1485
CRFogKjc,82,0-1,Black,<=5s vs 15-20s,2295
3ViZzeY6,116,0-1,Black,<=5s vs 5-10s,2328
TxoJE7ZK,65,1-0,White,<=5s vs 15-20s,937
7ZGSW7sp,55,1-0,White,<=5s vs 5-10s,1445
F0JjorJk,90,0-1,Black,<=5s vs 5-10s,2181
dHEHKdzv,120,0-1,Black,<=5s vs 5-10s,2471
ZYK6k7Qm,75,1-0,White,<=5s vs <=5s,1475
JCaj69OO,50,0-1,Black,<=5s vs 5-10s,2223
H3wpFM6e,55,1-0,White,<=5s vs 5-10s,1602
UV8H238u,78,1-0,Black,<=5s vs <=5s,1456
owWo1sMX,55,1-0,White,<=5s vs 5-10s,1219
VHSWd5hL,64,0-1,Black,<=5s vs 10-15s,1178
IkvJI8aX,60,0-1,Black,<=5s vs 5-10s,1926
rtFpagS9,69,1-0,White,<=5s vs 10-15s,1701
M5hLqurb,75,0-1,White,<=5s vs 10-15s,2429
fkYnHcr4,62,0-1,Black,<=5s vs 10-15s,2683
2IlykRWj,79,0-1,White,<=5s vs <=5s,1638
235ajY1V,76,0-1,Black,<=5s vs 5-10s,1073
Zbea85A7,57,1/2-1/2,White,<=5s vs 5-10s,1702
9ZtlJtR4,136,0-1,Black,<=5s vs <=5s,1711
dUPPfkdD,40,0-1,Black,<=5s vs 15-20s,1107
xtm632dy,84,0-1,Black,<=5s vs 5-10s,2215
ky8XwC3A,89,1-0,White,<=5s vs <=5s,1932
F605OF0q,56,0-1,Black,<=5s vs 15-20s,2051
7mmoaDW5,83,1-0,White,<=5s vs 10-15s,2236
S6XWSaiH,60,1-0,Black,<=5s vs 10-15s,2557
d0uveZw9,64,0-1,Black,<=5s vs 15-20s,1733
wde71VHW,115,1-0,White,<=5s vs 5-10s,2162
Vpgkbq50,54,0-1,Black,<=5s vs 10-15s,2346
uKT24r9q,64,0-1,Black,<=5s vs <=5s,833
lPjN7syR,127,1/2-1/2,White,<=5s vs 15-20s,2413
1BjgaFxH,142,0-1,Black,<=5s vs 15-20s,2058
Xn2mzIpM,55,1-0,White,<=5s vs 5-10s,1628
mvQQ7M1Q,41,1-0,White,<=5s vs 10-15s,1335
VNRXCaS9,50,0-1,Black,<=5s vs 15-20s,819
3ZwApAvC,54,0-1,Black,<=5s vs 10-15s,1289
4LcLKbFV,101,1-0,White,<=5s vs 15-20s,2537
airoJ7St,67,0-1,White,<=5s vs 5-10s,1856
Cw9N30iW,62,0-1,Black,<=5s vs 15-20s,2000
hanuqUjK,75,1-0,White,<=5s vs 10-15s,2201
ATcbnz4W,51,1-0,White,<=5s vs 10-15s,1288
BZkI6grY,118,0-1,Black,<=5s vs 10-15s,2360
WikoZrrp,79,0-1,White,<=5s vs <=5s,1135
32Mh8HRL,93,1-0,White,<=5s vs 5-10s,2271
9l9szJyL,78,0-1,Black,<=5s vs 5-10s,2358
wO9wxEId,71,0-1,White,<=5s vs 10-15s,2034
K0abdlYz,55,0-1,White,<=5s vs <=5s,1350
uDwKInbd,51,1-0,White,<=5s vs 15-20s,1437
cztc9Php,76,0-1,Black,<=5s vs 5-10s,1709
ZQpPs1bS,72,1-0,Black,<=5s vs <=5s,1959
QflkJx4k,65,1-0,White,<=5s vs 15-20s,1473
LOAs5EXU,132,1/2-1/2,Black,<=5s vs 5-10s,2452
ehdLGzYA,62,0-1,Black,<=5s vs 15-20s,1528
bqTqsilj,57,1-0,White,<=5s vs 15-20s,1734
9yBixW2N,74,0-1,Black,<=5s vs 10-15s,1981
gfDpplic,65,0-1,White,<=5s vs 5-10s,1454
JRY3ZVtd,78,1-0,Black,<=5s vs <=5s,1780
PK0iOOqv,97,1-0,White,<=5s vs 15-20s,1794
bBy3ebmj,103,1-0,White,<=5s vs 5-10s,2082
xzqAMquE,57,1-0,White,<=5s vs 5-10s,1194
lHYrpt2D,110,0-1,Black,<=5s vs 10-15s,2179
nQ1ECc3A,63,1-0,White,<=5s vs 10-15s,1811
M2YSGwoC,59,1-0,White,<=5s vs 5-10s,1902
ElL1WOKW,75,1-0,White,<=5s vs 15-20s,2056
HdI3D6s5,74,0-1,Black,<=5s vs 15-20s,1791
VIYpjtaV,71,1-0,White,<=5s vs 10-15s,1803
u7McoEaA,44,1-0,Black,<=5s vs <=5s,993
Y4NeVvwK,85,0-1,White,<=5s vs 5-10s,2653
eKtA2RD6,44,0-1,Black,<=5s vs 15-20s,1049
kAQBPBUM,76,0-1,Black,<=5s vs 5-10s,2060
Fx73Rp60,48,0-1,Black,<=5s vs <=5s,1888
vC6c8dpU,97,1-0,White,<=5s vs 5-10s,1958
o5ffzQ8C,62,1-0,Black,<=5s vs <=5s,1847
DG1bbZAz,79,1-0,White,<=5s vs 10-15s,1878
ZcJyc5Gz,60,0-1,Black,<=5s vs 5-10s,2009
b1s0p6kK,57,1-0,White,<=5s vs 15-20s,1589
MrvcNhFz,57,0-1,White,<=5s vs 5-10s,1007
ESScHWx4,87,1-0,White,<=5s vs 5-10s,1855
qTHUtswY,82,0-1,Black,<=5s vs 10-15s,2094
kgfIqy8x,92,0-1,Black,<=5s vs 15-20s,2299
67Iit7gd,108,0-1,Black,<=5s vs 5-10s,2608
94hh5Ifv,54,0-1,Black,<=5s vs 10-15s,1290
kTd87jUC,65,0-1,White,<=5s vs 5-10s,2422
YGomfamJ,55,1-0,White,<=5s vs 15-20s,2024
MNWfyqof,77,1-0,White,<=5s vs 5-10s,2153
mT4OeaYp,82,0-1,Black,<=5s vs 5-10s,2369
YxuAqNK7,61,1-0,White,<=5s vs 15-20s,2349
UgSruPSA,45,1-0,White,<=5s vs <=5s,1596
7QeXiDMh,61,1-0,White,<=5s vs 15-20s,1897
WJ95QbdH,71,1-0,White,<=5s vs 5-10s,1423
SRLsMtpG,70,0-1,Black,<=5s vs <=5s,2237
8m7Fb22H,60,0-1,Black,<=5s vs 15-20s,1281
rTJB2CmS,83,1-0,White,<=5s vs 5-10s,1971
gHVxijIh,63,1-0,White,<=5s vs 15-20s,1908
7jIhBM4G,94,1-0,Black,<=5s vs <=5s,2453
UdmNQLC9,35,1-0,White,<=5s vs 15-20s,865
znic9qBN,94,0-1,Black,<=5s vs 5-10s,2354
Owt9DgGB,105,1-0,White,<=5s vs 5-10s,2485
N9jsDtCO,85,1-0,White,<=5s vs 15-20s,1691
ZkZUYC5Y,36,0-1,Black,<=5s vs 5-10s,1034
qjQXbODG,69,1-0,White,<=5s vs 5-10s,2171
NQ6QuxJG,101,1-0,White,<=5s vs 15-20s,2976
PzCncTeN,99,1/2-1/2,White,<=5s vs 5-10s,2431
RaAqXcDY,83,1-0,White,<=5s vs 5-10s,2173
SnejucGQ,44,0-1,Black,<=5s vs 5-10s,982
6TYrvmzY,77,1-0,White,<=5s vs 15-20s,1973
RNI3hLSl,79,1-0,White,<=5s vs 15-20s,1813
i17lA6Og,89,1-0,White,<=5s vs 15-20s,1785
F3aqXOzg,88,0-1,Black,<=5s vs 5-10s,2356
pyfdiS3K,113,1-0,White,<=5s vs 5-10s,2385
mzL48QrL,72,0-1,Black,<=5s vs 15-20s,1657
eqD89raO,65,0-1,White,<=5s vs 5-10s,2063
GElzNbmx,58,0-1,Black,<=5s vs 5-10s,1739
47eoY55I,100,0-1,Black,<=5s vs 5-10s,2558
zODKE2sw,169,1/2-1/2,White,<=5s vs <=5s,2186
e5vDGDrU,94,0-1,Black,<=5s vs 5-10s,2857
rS2THRCC,60,1-0,Black,<=5s vs 5-10s,1380
oMwLCL7h,65,0-1,White,<=5s vs <=5s,2426
Fzv9oskD,77,1-0,White,<=5s vs 15-20s,2120
Du3NHOwV,68,0-1,Black,<=5s vs <=5s,1964
UvLo1npZ,107,1-0,White,<=5s vs 5-10s,2173
vRmCNOrL,73,1-0,White,<=5s vs 15-20s,2387
cWXpOnwW,72,1-0,Black,<=5s vs 15-20s,1469
V1jODb3w,72,0-1,Black,<=5s vs 5-10s,2088
O91jjIa2,78,0-1,Black,<=5s vs 15-20s,2001
1fbACu9L,103,1-0,White,<=5s vs 10-15s,2864
7CbbewDD,58,0-1,Black,<=5s vs 5-10s,2327
M4uqnC14,104,1-0,Black,<=5s vs 5-10s,2919
M70FCC93,66,0-1,Black,<=5s vs 5-10s,1975
ZDu17nJC,51,1-0,White,<=5s vs 10-15s,1296
epoZZwDJ,84,0-1,Black,<=5s vs 5-10s,1900
FMQO2tWU,49,1-0,White,<=5s vs 10-15s,1812
AImtHrHK,47,1-0,White,<=5s vs 10-15s,1271
PgOYT9V0,64,0-1,Black,<=5s vs <=5s,1263
Xljbo6fN,61,1-0,White,<=5s vs 5-10s,1156
8wmi1VDb,83,1-0,White,<=5s vs 5-10s,2361
h7XnZJSn,66,0-1,Black,<=5s vs <=5s,1687
7sSClbKE,67,1-0,White,<=5s vs 10-15s,1614
FF1B2f9P,77,1-0,White,<=5s vs <=5s,1425
3rO8MwzV,71,1-0,White,<=5s vs 10-15s,2163
WEknHqGv,80,0-1,Black,<=5s vs 5-10s,2463
WHVi4Kdz,67,1-0,White,<=5s vs <=5s,2063
POAFFqJw,76,0-1,Black,<=5s vs 10-15s,2192
9VmtVQAR,72,1-0,Black,<=5s vs 10-15s,2062
WZN1UO6w,83,1-0,White,<=5s vs 5-10s,2078
Jbo0vscX,70,1-0,Black,<=5s vs <=5s,1808
HnbfElbl,69,1-0,White,<=5s vs 5-10s,2224
HGYwFU8J,110,1-0,Black,<=5s vs 5-10s,2714
LLJm6jZh,80,0-1,Black,<=5s vs 5-10s,1753
QHnB32Qg,89,1-0,White,<=5s vs 5-10s,1677
uToydDD2,68,0-1,Black,<=5s vs 10-15s,2021
EXSkdxjl,70,0-1,Black,<=5s vs 10-15s,1463
ybXoRazB,60,0-1,Black,<=5s vs 10-15s,1432
O1sLoZ0a,96,0-1,Black,<=5s vs 15-20s,2843
pGaI8PLB,61,1-0,White,<=5s vs 10-15s,1749
v9fTTaKk,45,1-0,White,<=5s vs <=5s,1229
Gb2fqqLF,77,1-0,White,<=5s vs 10-15s,2225
6GY5Btg1,79,1-0,White,<=5s vs 5-10s,2502
Xi3QFfUG,73,1-0,White,<=5s vs 10-15s,2035
UWy89Vu7,102,0-1,Black,<=5s vs 10-15s,2581
Z2Etuf3O,94,0-1,Black,<=5s vs 15-20s,1587
8QAsbA1l,49,1-0,White,<=5s vs 15-20s,2563
CMV5vWWN,60,0-1,Black,<=5s vs 5-10s,1036
N6saPZKK,62,0-1,Black,<=5s vs 10-15s,2073
wRWUVrsJ,69,1-0,White,<=5s vs 15-20s,1956
WMPNuIku,98,0-1,Black,<=5s vs 5-10s,1577
GYIlusE3,76,0-1,Black,<=5s vs 10-15s,2294
dOCivFce,140,1-0,Black,<=5s vs 5-10s,2241
poWXhODb,80,0-1,Black,<=5s vs <=5s,1667
1HNGKEGJ,59,1-0,White,<=5s vs <=5s,1354
GerHDIMg,59,1-0,White,<=5s vs 15-20s,2108
hFpR0j2w,129,1-0,White,<=5s vs 10-15s,2388
LtoZcSdm,95,1-0,White,<=5s vs 15-20s,2445
udSudQ6G,73,1-0,White,<=5s vs 5-10s,1501
2jubbNCv,70,1-0,Black,<=5s vs 5-10s,1936
7gLMZOW9,107,0-1,White,<=5s vs <=5s,1872
1eYVii5Y,67,1-0,White,<=5s vs 5-10s,1853
R4mBmh8R,58,0-1,Black,<=5s vs 10-15s,1801
4fwnyxa4,65,0-1,White,<=5s vs 5-10s,1651
U5a8bNtV,62,0-1,Black,<=5s vs 10-15s,2223
23w87UHg,91,1-0,White,<=5s vs 15-20s,1302
GijePIyq,60,0-1,Black,<=5s vs 15-20s,1552
19iP4brH,54,0-1,Black,<=5s vs <=5s,836
QWWcWwmG,87,1-0,White,<=5s vs 5-10s,1816
IAfIM4k9,107,0-1,White,<=5s vs 5-10s,2254
z1SjMAN6,76,0-1,Black,<=5s vs 10-15s,2233
f3C92Uwl,39,0-1,White,<=5s vs 15-20s,2174
G3Q6EI9c,67,1-0,White,<=5s vs 10-15s,1518
exGCLbeJ,48,0-1,Black,<=5s vs 15-20s,1060
OolgVcTd,76,0-1,Black,<=5s vs 5-10s,2001
R7eNYSZ7,58,0-1,Black,<=5s vs <=5s,1781
Ac0YJLGH,58,1-0,Black,<=5s vs 5-10s,2299
Ex57XFu5,77,1-0,White,<=5s vs 10-15s,2252
REyh84V7,48,0-1,Black,<=5s vs 10-15s,1398
1TYiK7Mu,75,1-0,White,<=5s vs 5-10s,943
2qP56Utc,96,1/2-1/2,Black,<=5s vs 5-10s,2614
C3ZYzkw5,66,0-1,Black,<=5s vs <=5s,1496
2l8NWFrM,57,1-0,White,<=5s vs 15-20s,1184
TR0p3JKX,86,0-1,Black,<=5s vs <=5s,2103
RSVXsqUr,61,1-0,White,<=5s vs 5-10s,2345
YWclQLe0,76,1-0,Black,<=5s vs <=5s,1775
8QofFIDX,78,0-1,Black,<=5s vs 5-10s,1419
a3qqv8aG,91,1-0,White,<=5s vs 10-15s,1903
XcVTC1qk,62,1-0,Black,<=5s vs <=5s,1253
3pb8ce7t,90,0-1,Black,<=5s vs 5-10s,2229
0jg0cZLT,49,1-0,White,<=5s vs 10-15s,1302
EPJPxiuF,40,0-1,Black,<=5s vs 10-15s,1179
GkeAJmUW,65,1-0,White,<=5s vs 5-10s,1543
IxiMsYE4,108,0-1,Black,<=5s vs 5-10s,2562
IkqKcJG2,104,0-1,Black,<=5s vs 5-10s,2690
LrgX9Ehx,65,1-0,White,<=5s vs 15-20s,1249
b5pQvG98,77,1/2-1/2,White,<=5s vs 15-20s,740
RTRWfT4j,89,1-0,White,<=5s vs 5-10s,2482
zv27PliW,84,0-1,Black,<=5s vs 5-10s,2207
kIvgU1WF,97,1/2-1/2,White,<=5s vs 5-10s,2986
XmtOuDBL,65,1-0,White,<=5s vs 15-20s,2102
RLohueaO,53,0-1,White,<=5s vs 15-20s,1354
F4hLFfL3,50,0-1,Black,<=5s vs 15-20s,1420
3byeRHOA,61,1-0,White,<=5s vs 5-10s,1585
4HDv2FIe,66,0-1,Black,<=5s vs 10-15s,1743
kf3JvwWj,44,0-1,Black,<=5s vs 10-15s,1044
PbF4ehSl,61,1-0,White,<=5s vs 10-15s,2188
sANAtnNS,62,0-1,Black,<=5s vs 5-10s,2248
ig5AT5qi,68,1-0,Black,<=5s vs <=5s,1297
URV8cwh1,77,0-1,White,<=5s vs 5-10s,1631
XzmAY0ik,72,0-1,Black,<=5s vs 5-10s,1751
mDb7i4IU,63,1-0,White,<=5s vs 10-15s,1956
GYsmXgEs,73,0-1,White,<=5s vs 15-20s,2290
lFaKp1HE,89,1-0,White,<=5s vs 15-20s,2336
nGVuS0x7,56,0-1,Black,<=5s vs 10-15s,1313
mmnH7iZ5,48,0-1,Black,<=5s vs 10-15s,1380
UzMxSzl6,101,1-0,White,<=5s vs 15-20s,1850
LJdHid7O,75,1/2-1/2,White,<=5s vs 5-10s,1932
LpCplGDx,64,0-1,Black,<=5s vs 10-15s,2007
4FVfUh3z,61,1-0,White,<=5s vs 15-20s,2081
dFkyG2ic,100,0-1,Black,<=5s vs 15-20s,1930
wnTBpys0,55,1-0,White,<=5s vs 10-15s,1743
SE9NuTDr,62,0-1,Black,<=5s vs 15-20s,1980
gc0eMWXT,42,0-1,Black,<=5s vs 10-15s,1228
XAaGTuJu,125,1/2-1/2,White,<=5s vs 10-15s,1799
VerIsLhq,49,1-0,White,<=5s vs 15-20s,1251
0MWY2s5A,62,0-1,Black,<=5s vs 10-15s,1464
61AKTu1l,126,0-1,Black,<=5s vs <=5s,1945
lgpeS4NW,74,0-1,Black,<=5s vs 5-10s,1703
bOIpcmx0,80,1/2-1/2,Black,<=5s vs 5-10s,1660
0tOzo8qy,49,1-0,White,<=5s vs <=5s,1135
vLw7pcTr,54,0-1,Black,<=5s vs 5-10s,1263
B7OGmFcK,77,1-0,White,<=5s vs 5-10s,1864
XSoI1EIU,136,0-1,Black,<=5s vs 15-20s,2811
pnMNmcLd,99,0-1,White,<=5s vs <=5s,2020
TsYx7Svg,89,1-0,White,<=5s vs 5-10s,1878
LrS8O6Jx,51,1-0,White,<=5s vs 15-20s,1130
sg3AK2fA,69,1-0,White,<=5s vs 15-20s,2795
47DVOAfL,96,0-1,Black,<=5s vs 10-15s,2143
J5kcGEMg,59,1-0,White,<=5s vs 15-20s,2090
GLysf3iE,92,0-1,Black,<=5s vs 15-20s,2425
90XcXtJS,87,0-1,White,<=5s vs 10-15s,1906
UpwWtyAf,71,1-0,White,<=5s vs 5-10s,1407
3dMtEnDK,85,0-1,White,<=5s vs <=5s,2355
iU2XrzFE,68,0-1,Black,<=5s vs 5-10s,1115
qUnaoslt,62,0-1,Black,<=5s vs 15-20s,2024
pjKBB38f,90,0-1,Black,<=5s vs 5-10s,2704
ek2pSabm,120,1-0,Black,<=5s vs 5-10s,1578
rZz1EdlM,60,0-1,Black,<=5s vs 15-20s,2236
Tyn59Klu,99,1-0,White,<=5s vs <=5s,1940
xH90UizM,51,1-0,White,<=5s vs 15-20s,1399
QH7x1K6V,47,1-0,White,<=5s vs 5-10s,1626
VIzz4xT9,67,1-0,White,<=5s vs 15-20s,1960
gTZpshV5,50,0-1,Black,<=5s vs 15-20s,1547
SgvKTQm0,96,0-1,Black,<=5s vs 15-20s,2599
VgvdoYIX,70,0-1,Black,<=5s vs 15-20s,1997
G3wZWDYS,101,1-0,White,<=5s vs 15-20s,1415
yV5BUS7G,46,0-1,Black,<=5s vs <=5s,837
LOo5A4nE,60,0-1,Black,<=5s vs 15-20s,2391
0QbeWj7Q,58,0-1,Black,<=5s vs 10-15s,1128
HBq1gtEJ,47,1-0,White,<=5s vs 10-15s,850
hR1hNNe3,60,0-1,Black,<=5s vs 5-10s,1873
ORAMtUm5,88,1-0,Black,<=5s vs <=5s,2250
mPxF0gnC,78,1-0,Black,<=5s vs <=5s,2112
Q65UIYbf,51,0-1,White,<=5s vs <=5s,1604
OvBHLGfK,49,1-0,White,<=5s vs 10-15s,997
0mdLMBXY,58,0-1,Black,<=5s vs <=5s,1027
nyfAVcwq,69,1-0,White,<=5s vs 10-15s,1548
AjsGFIEg,54,0-1,Black,<=5s vs 15-20s,1550
ECZLkcHt,39,1-0,White,<=5s vs 15-20s,900
N0K4cJBj,63,1-0,White,<=5s vs 10-15s,1895
io9g5AaC,66,0-1,Black,<=5s vs 5-10s,1537
n9aN1IAM,46,0-1,Black,<=5s vs 15-20s,1789
cTGFvrVm,145,1-0,White,<=5s vs <=5s,2254
ytmeXHEO,71,1-0,White,<=5s vs 10-15s,1702
xZHhHlBN,95,1-0,White,<=5s vs 10-15s,1711
MVxU5ArT,70,1-0,Black,<=5s vs 5-10s,2106
S7hq0fnY,105,0-1,White,<=5s vs <=5s,1761
JE5NwVYk,116,0-1,Black,<=5s vs <=5s,1907
3frNZ9Ug,81,1-0,White,<=5s vs <=5s,1896
cycnjQcn,58,0-1,Black,<=5s vs 5-10s,2062
QYzhKd2q,86,0-1,Black,<=5s vs 15-20s,2864
GZjbPRPx,82,0-1,Black,<=5s vs 15-20s,2426
uSchF3G0,53,1-0,White,<=5s vs 10-15s,1119
QJkXoMDn,56,0-1,Black,<=5s vs 10-15s,1636
71aQfeoJ,111,1/2-1/2,White,<=5s vs 10-15s,1772
GfY8xBdN,75,1-0,White,<=5s vs 15-20s,1745
eRj2NGzf,54,0-1,Black,<=5s vs <=5s,2464
Pv31CvuQ,62,0-1,Black,<=5s vs 15-20s,1755
Y5XOgUkx,46,0-1,Black,<=5s vs 5-10s,1114
o9mBGxwF,56,0-1,Black,<=5s vs 10-15s,1543
XG1i6yyk,45,1-0,White,<=5s vs 15-20s,1381
eR1ESmvX,57,1-0,White,<=5s vs 15-20s,1611
5ULg7FeA,46,0-1,Black,<=5s vs 5-10s,1039
b4yN766v,72,0-1,Black,<=5s vs 10-15s,1934
nDIStVRh,66,0-1,Black,<=5s vs 15-20s,1777
CHfAfyVs,57,0-1,White,<=5s vs 15-20s,1260
OKL91W0l,95,1-0,White,<=5s vs 15-20s,2937
1ByaxsDL,76,0-1,Black,<=5s vs <=5s,1859
UUChYv9Z,57,0-1,White,<=5s vs 10-15s,1453
k98Ht646,100,0-1,Black,<=5s vs <=5s,2350
LpFKjL3X,85,1-0,White,<=5s vs 10-15s,1662
fUNv18r4,75,1-0,White,<=5s vs 15-20s,2522
VpVA8xLI,55,1-0,White,<=5s vs 15-20s,1746
s4Ud8QSe,114,1-0,Black,<=5s vs <=5s,2012
i3ZZrdkh,50,0-1,Black,<=5s vs 15-20s,1576
NQ9SwIn0,57,1-0,White,<=5s vs 10-15s,1144
1aYF1io8,64,0-1,Black,<=5s vs 15-20s,2501
C2QF86Hv,59,1-0,White,<=5s vs 10-15s,1835
z9icdBDZ,56,0-1,Black,<=5s vs 5-10s,2110
uZrcs1xE,95,1-0,White,<=5s vs 15-20s,2343
0UTvjLC0,101,0-1,White,<=5s vs <=5s,1795
1YPo3vjX,79,1-0,White,<=5s vs 10-15s,1857
UEklS1Ld,41,1-0,White,<=5s vs 15-20s,748
UAx1D6Iv,126,1-0,Black,<=5s vs <=5s,2284
PcFSR6GG,75,1-0,White,<=5s vs 5-10s,2660
9rgttI2q,117,1/2-1/2,White,<=5s vs 5-10s,2027
GixVLoHh,50,0-1,Black,<=5s vs 15-20s,1432
GkE3rPwR,49,0-1,White,<=5s vs <=5s,1206
Ts399wTi,112,1-0,Black,<=5s vs <=5s,2533
yz6JcX94,66,0-1,Black,<=5s vs <=5s,1752
NaioY38i,56,0-1,Black,<=5s vs 5-10s,1168
6hFxbaEZ,59,1-0,White,<=5s vs 5-10s,1468
8NvCbT0i,67,1-0,White,<=5s vs 15-20s,1909
mbNGE5ll,77,1-0,White,<=5s vs <=5s,2149
2yfhFvyx,70,0-1,Black,<=5s vs 5-10s,2079
rsZYbsir,63,1-0,White,<=5s vs 15-20s,2475
6l6ZnXfd,68,0-1,Black,<=5s vs 10-15s,2700
e1Jijrpp,40,0-1,Black,<=5s vs 10-15s,1160
BPyFIXfP,115,0-1,White,<=5s vs <=5s,2346
dMPOQHJY,82,0-1,Black,<=5s vs 15-20s,1449
F2rZ5zE5,79,1-0,White,<=5s vs 5-10s,1996
9TZ4nHXN,57,1-0,White,<=5s vs 15-20s,2035
uKVjQztB,77,1-0,White,<=5s vs 5-10s,1829
II4leiHn,77,0-1,White,<=5s vs <=5s,1094
EvJHpN8n,147,1/2-1/2,White,<=5s vs 10-15s,1793
HmagJVkc,114,1-0,Black,<=5s vs <=5s,2700
k0UYJMUD,67,1-0,White,<=5s vs 15-20s,2047
a5fEnW6T,97,1-0,White,<=5s vs 5-10s,2212
Ytlf8FRK,56,0-1,Black,<=5s vs 10-15s,2270
9w3ARiBw,99,1-0,White,<=5s vs 5-10s,2300
65omDiBr,129,1-0,White,<=5s vs 15-20s,2336
Dp977q72,69,0-1,White,<=5s vs <=5s,1790
Mk1mPEy3,63,1-0,White,<=5s vs 10-15s,1825
syKDMPaW,60,0-1,Black,<=5s vs 15-20s,1818
wNjqMpWe,77,0-1,White,<=5s vs <=5s,2478
Yv4GtjdU,64,0-1,Black,<=5s vs 15-20s,1830
JH8i5Q7P,66,0-1,Black,<=5s vs <=5s,1355
u04WSEhq,96,0-1,Black,<=5s vs 10-15s,2490
Zsh5uGW8,101,1-0,White,<=5s vs 15-20s,2000
PdaFniuS,73,1-0,White,<=5s vs 5-10s,1257
y7cxmPar,68,0-1,Black,<=5s vs 5-10s,1454
YXqMnYA3,75,1-0,White,<=5s vs 10-15s,1455
rV4inXdk,57,1-0,White,<=5s vs 10-15s,1600
4firEjEN,66,0-1,Black,<=5s vs 10-15s,2345
aljsdCpC,49,1-0,White,<=5s vs 15-20s,1643
wbPE9ER8,75,1-0,White,<=5s vs 5-10s,1400
3h3bD7xl,125,1-0,White,<=5s vs 15-20s,2676
DNF70yRE,84,0-1,Black,<=5s vs 5-10s,1393
vMcpMjfb,100,1-0,Black,<=5s vs <=5s,2507
asWApfdv,55,1-0,White,<=5s vs 15-20s,1586
aqkqMWOJ,58,0-1,Black,<=5s vs 10-15s,1605
NDkEAqJF,93,1-0,White,<=5s vs 5-10s,2013
9jK6ZNNr,72,0-1,Black,<=5s vs 10-15s,1716
CsxoZ01F,63,1-0,White,<=5s vs 10-15s,1708
xUj5zoGe,59,1-0,White,<=5s vs 10-15s,1029
kHVgAnHR,65,1-0,White,<=5s vs 15-20s,1354
Sf2aV6uO,53,0-1,White,<=5s vs 5-10s,1574
2BrLUu0w,61,1-0,White,<=5s vs 10-15s,2183
qOmU2dgY,84,0-1,Black,<=5s vs <=5s,1586
82VLY8e8,71,1-0,White,<=5s vs 5-10s,2455
vqMB54pl,99,1-0,White,<=5s vs 10-15s,2409
M63Oa3gh,45,1-0,White,<=5s vs 10-15s,1709
7f5poXgU,52,0-1,Black,<=5s vs 10-15s,1123
yfyg19wZ,138,0-1,Black,<=5s vs 10-15s,2681
pm0EWocl,80,0-1,Black,<=5s vs 5-10s,2441
xkWjbGxF,91,1-0,White,<=5s vs 10-15s,2341
aKBdPbuw,71,1-0,White,<=5s vs 10-15s,2025
Wfab1mU4,51,1-0,White,<=5s vs <=5s,1615
bVYY9D7K,52,0-1,Black,<=5s vs 15-20s,1608
VLjjPUCw,73,0-1,White,<=5s vs 5-10s,2302
SADJlKDE,85,0-1,White,<=5s vs <=5s,1793
5y7rH6ys,50,1-0,Black,<=5s vs 5-10s,2172
7hUMPBM7,67,0-1,White,<=5s vs 10-15s,2379
3zW5Mx81,68,0-1,Black,<=5s vs 10-15s,1286
3EHcTfsg,76,0-1,Black,<=5s vs 10-15s,2189
QMKzp3ud,86,0-1,Black,<=5s vs 10-15s,2398
zoOw38n9,58,0-1,Black,<=5s vs 15-20s,2280
VZpKYd5p,74,0-1,Black,<=5s vs 15-20s,2579
sjAsMgGN,91,1-0,White,<=5s vs 15-20s,2468
hHe0HyJO,57,1-0,White,<=5s vs 10-15s,1684
ZdjeupJC,75,1-0,White,<=5s vs 5-10s,2749
FsQcjenI,69,1-0,White,<=5s vs 15-20s,2109
Gr0JeYfW,80,0-1,Black,<=5s vs <=5s,1720
Cl9wxLH3,104,0-1,Black,<=5s vs <=5s,2480
udwLIrKl,50,1-0,Black,<=5s vs <=5s,884
6hyxfSE3,82,0-1,Black,<=5s vs 15-20s,2059
3BbxM08C,55,1-0,White,<=5s vs 10-15s,2240
Px19AwGW,54,0-1,Black,<=5s vs 15-20s,1884
W7o7Vqxc,59,1-0,White,<=5s vs 5-10s,2102
yFLUrT0d,68,1/2-1/2,Black,<=5s vs 15-20s,1767
9wO0IQQH,71,1/2-1/2,White,<=5s vs 5-10s,1741
fHmqOgHt,66,1-0,Black,<=5s vs 5-10s,2188
ZxsADCgS,69,0-1,White,<=5s vs 5-10s,1401
55o5XA6j,70,1-0,Black,<=5s vs <=5s,1648
znbSbwQ3,56,0-1,Black,<=5s vs 5-10s,2454
9pmrDCyq,56,0-1,Black,<=5s vs <=5s,1659
ZGWKc4j6,77,1-0,White,<=5s vs 10-15s,2232
dapkMAgk,71,1-0,White,<=5s vs 10-15s,1331
xBhpViS0,43,1-0,White,<=5s vs 10-15s,1013
Iavo6QOD,71,1-0,White,<=5s vs 15-20s,2080
DsuM8o4J,74,0-1,Black,<=5s vs 5-10s,2418
pcDEvUrC,70,0-1,Black,<=5s vs 15-20s,1420
WSYNUgpx,148,1/2-1/2,Black,<=5s vs <=5s,2746
Cn7nVptg,65,1-0,White,<=5s vs 10-15s,1993
v4jqg3oM,82,0-1,Black,<=5s vs 10-15s,1491
5bJTvrsi,55,1-0,White,<=5s vs 15-20s,1685
sN2TQNUR,58,1-0,Black,<=5s vs <=5s,1102
MNnl0zie,130,0-1,Black,<=5s vs 15-20s,2356
SlMZlgKQ,112,1/2-1/2,Black,<=5s vs 5-10s,1755
43CqdSib,79,1-0,White,<=5s vs 5-10s,1346
dZ1ODRfx,81,1-0,White,<=5s vs 5-10s,2216
hXqJxATZ,75,0-1,White,<=5s vs <=5s,2114
3XC5b00m,56,0-1,Black,<=5s vs 10-15s,2161
qZGUXwOe,37,1-0,White,<=5s vs 10-15s,513
gTSpI6tl,57,1-0,White,<=5s vs 15-20s,1637
O5usQ1RJ,67,1-0,White,<=5s vs 15-20s,2042
11yYeALM,109,1-0,White,<=5s vs 15-20s,2231
zxr6UjkM,76,1-0,Black,<=5s vs <=5s,1519
A6ywVLxk,40,0-1,Black,<=5s vs 5-10s,1585
2T8ybU43,76,0-1,Black,<=5s vs 5-10s,2167
VjgEY7wg,125,1-0,White,<=5s vs 10-15s,2457
CRoMy97c,44,0-1,Black,<=5s vs <=5s,1134
vlEqx2nl,70,0-1,Black,<=5s vs 10-15s,1819
A3d0my9a,75,1-0,White,<=5s vs 5-10s,1785
PgA2NZUl,93,1-0,White,<=5s vs 5-10s,2639
cQU4jiRV,72,0-1,Black,<=5s vs 15-20s,905
o7vf7YfH,52,0-1,Black,<=5s vs 15-20s,1387
zR4Q7x1L,63,1-0,White,<=5s vs 5-10s,1906
SBhwFUwF,94,1/2-1/2,Black,<=5s vs 10-15s,2291
eDfDPrpJ,57,1-0,White,<=5s vs 5-10s,1387
1lQS7Gg2,107,1-0,White,<=5s vs <=5s,2156
iwu3vAov,50,0-1,Black,<=5s vs 5-10s,1102
OPFrTNDA,51,0-1,White,<=5s vs 5-10s,1323
7K0PHlDq,93,1-0,White,<=5s vs 5-10s,2184
7Jq7KQW2,70,0-1,Black,<=5s vs 15-20s,1939
RWmmXLCA,79,1-0,White,<=5s vs 15-20s,2362
lRyZSIHm,87,0-1,White,<=5s vs 10-15s,2452
x3pDEVVK,96,0-1,Black,<=5s vs 15-20s,2520
GsazsPau,85,1-0,White,<=5s vs <=5s,1966
GRCcjcwr,51,0-1,White,<=5s vs 5-10s,1350
gw5eEA2r,61,1-0,White,<=5s vs 5-10s,1348
n6kuVyNs,68,0-1,Black,<=5s vs 15-20s,2290
7b6nFDZd,65,1-0,White,<=5s vs 5-10s,2231
j0QVeywO,57,1-0,White,<=5s vs 10-15s,1100
VNQXndv7,60,0-1,Black,<=5s vs 10-15s,2186
qA0W2Bhm,55,1-0,White,<=5s vs 5-10s,1674
BRpCrHqg,49,1-0,White,<=5s vs 5-10s,1523
SAFH5kQQ,52,0-1,Black,<=5s vs 15-20s,1364
nQugqYlp,59,1-0,White,<=5s vs 10-15s,2467
bk3h4CWX,73,1-0,White,<=5s vs 5-10s,1091
SLIlYeAu,63,1-0,White,<=5s vs 10-15s,1642
glkZLRid,69,1-0,White,<=5s vs 15-20s,1427
dmvzKSfX,87,1-0,White,<=5s vs 15-20s,2779
s2uWwxAS,86,0-1,Black,<=5s vs <=5s,2545
t09dWYYH,70,0-1,Black,<=5s vs 10-15s,1540
PSJt9ywx,42,0-1,Black,<=5s vs 15-20s,1676
uQdecT3V,77,0-1,White,<=5s vs <=5s,1421
ncGjfABb,54,0-1,Black,<=5s vs 10-15s,2141
pNL0j5U5,109,0-1,White,<=5s vs 15-20s,2427
IHeRAIPq,57,1-0,White,<=5s vs 15-20s,896
GvWjLbTA,102,0-1,Black,<=5s vs 10-15s,1654
noYxepUS,93,1-0,White,<=5s vs 15-20s,1844
JDxOz3YW,79,1-0,White,<=5s vs 15-20s,2471
9u0iEou4,50,0-1,Black,<=5s vs 15-20s,2012
Qi1kR0uA,39,1-0,White,<=5s vs 15-20s,933
34z6tuqJ,70,0-1,Black,<=5s vs 5-10s,2040
xHchikEY,69,1-0,White,<=5s vs 15-20s,1653
CdwONlHA,75,1-0,White,<=5s vs 10-15s,2193
vDokQxhe,63,1-0,White,<=5s vs 5-10s,1207
WOJQj4tg,88,0-1,Black,<=5s vs 5-10s,1740
7Y6kS9oA,48,0-1,Black,<=5s vs 15-20s,924
HxIfzfLo,56,0-1,Black,<=5s vs 15-20s,1743
FWltz2Ny,70,0-1,Black,<=5s vs <=5s,1788
UZQhp9lt,80,0-1,Black,<=5s vs <=5s,2432
QeA8mzKj,58,0-1,Black,<=5s vs 10-15s,1149
L8tZqYk4,75,1-0,White,<=5s vs 5-10s,2374
eaSL7en3,64,1-0,Black,<=5s vs <=5s,1680
HOir6MRX,55,1-0,White,<=5s vs 5-10s,1265
4pCFeTk8,107,1-0,White,<=5s vs 15-20s,1783
v1IWqDAh,51,1-0,White,<=5s vs 5-10s,1023
TopHRlD8,45,1-0,White,<=5s vs 10-15s,1160
ZMhD6zGX,58,0-1,Black,<=5s vs 15-20s,1857
wZjgyzQc,75,1-0,White,<=5s vs 5-10s,2161
ZxzahMsL,68,1/2-1/2,Black,<=5s vs 5-10s,1968
GJBOikal,64,0-1,Black,<=5s vs 15-20s,2256
YvR8SGA6,60,0-1,Black,<=5s vs 10-15s,1868
SzsL9EY9,46,0-1,Black,<=5s vs 15-20s,2571
03UfsN3H,44,0-1,Black,<=5s vs 10-15s,1348
jEqBrwj1,56,0-1,Black,<=5s vs 10-15s,1270
hsPsQHq5,66,0-1,Black,<=5s vs 10-15s,1709
gvjO7FBr,53,1-0,White,<=5s vs <=5s,1295
ddAnpczJ,41,1-0,White,<=5s vs 15-20s,793
VG7PZZ7j,76,0-1,Black,<=5s vs 10-15s,1580
xBTKkcL6,64,0-1,Black,<=5s vs <=5s,1500
BL4X7rEt,82,0-1,Black,<=5s vs 5-10s,2531
THSAVERN,93,0-1,White,<=5s vs <=5s,1937
QWnvLICr,61,1-0,White,<=5s vs 15-20s,2297
Ndui1cN8,91,1-0,White,<=5s vs 10-15s,1730
pRYTQlS3,63,0-1,White,<=5s vs <=5s,1411
O0A8W4fm,49,1-0,White,<=5s vs 5-10s,1056
GIpfMC9U,125,1-0,White,<=5s vs 10-15s,1159
jhB12qUd,65,1-0,White,<=5s vs <=5s,1829
1g9A1i5M,89,1-0,White,<=5s vs 5-10s,2458
K0Ps9l3c,50,0-1,Black,<=5s vs <=5s,1424
XxtclqE2,105,1/2-1/2,White,<=5s vs 5-10s,2496
VioVAJyZ,99,0-1,White,<=5s vs 5-10s,2734
JgzwQQRu,70,0-1,Black,<=5s vs 15-20s,1474
n2HPCCtm,62,0-1,Black,<=5s vs 10-15s,1470
joagn6pr,95,1-0,White,<=5s vs 5-10s,2620
GHXsJcNl,78,0-1,Black,<=5s vs 5-10s,2129
JJ81PGtm,60,0-1,Black,<=5s vs 10-15s,1706
zP4FBqBL,83,0-1,White,<=5s vs <=5s,1714
pTDmXJKt,45,1-0,White,<=5s vs 10-15s,926
MreSucHj,50,0-1,Black,<=5s vs 10-15s,1053
ITx0iMuF,53,1-0,White,<=5s vs 10-15s,1333
0tiqPCh6,79,1-0,White,<=5s vs 5-10s,2144
3WcHh0g7,60,0-1,Black,<=5s vs <=5s,1640
p1KnqL1S,66,0-1,Black,<=5s vs <=5s,1435
8Vo5FLm4,47,1-0,White,<=5s vs 15-20s,1089
tRARcRJi,77,0-1,White,<=5s vs <=5s,1833
hdzYDZqX,76,0-1,Black,<=5s vs 15-20s,2193
VmPxY80S,83,1-0,White,<=5s vs 5-10s,1390
6sCMX5qP,47,0-1,White,<=5s vs <=5s,914
mUR3s3od,55,1-0,White,<=5s vs 5-10s,1043
D5kQaJ0m,67,0-1,White,<=5s vs 5-10s,1704
ofvW9WxV,145,1/2-1/2,White,<=5s vs <=5s,2866
p8b26ffZ,76,0-1,Black,<=5s vs <=5s,2231
0HwuKt2Y,43,0-1,White,<=5s vs 5-10s,1753
6bfwlSrT,57,1-0,White,<=5s vs 15-20s,1577
uAPNvd0u,82,0-1,Black,<=5s vs 10-15s,2178
hKxmCMvR,54,0-1,Black,<=5s vs 15-20s,1231
mftyecC1,99,1/2-1/2,White,<=5s vs <=5s,2473
pDFHYvjH,72,0-1,Black,<=5s vs 10-15s,2436
q9hj5LGT,82,1-0,Black,<=5s vs <=5s,2338
O4z8oTqe,106,0-1,Black,<=5s vs 15-20s,1450
mgCAztzP,45,0-1,White,<=5s vs <=5s,1318
EnVhlXyZ,36,0-1,Black,<=5s vs 15-20s,1615
P0CErQ2M,91,1-0,White,<=5s vs 5-10s,2353
onLAnJ7N,60,0-1,Black,<=5s vs 15-20s,1996
nbXNaCBu,60,0-1,Black,<=5s vs 10-15s,2079
yoYwMDK6,42,0-1,Black,<=5s vs 5-10s,1055
sHEZYCDV,49,1-0,White,<=5s vs 10-15s,1103
GQBZVdZZ,90,0-1,Black,<=5s vs 5-10s,2530
LmG85gxA,61,1-0,White,<=5s vs 15-20s,1289
5gxcNUy6,54,0-1,Black,<=5s vs 10-15s,974
GoJsfvi6,57,0-1,White,<=5s vs 5-10s,1506
fNRPZySR,59,1-0,White,<=5s vs 5-10s,1542
9WBU29HE,38,0-1,Black,<=5s vs 5-10s,737
2JhrNmUE,62,0-1,Black,<=5s vs 15-20s,1738
tevWtR3t,61,1-0,White,<=5s vs 5-10s,986
COzJeczV,78,0-1,Black,<=5s vs <=5s,1201
dTpNag0M,76,0-1,Black,<=5s vs 15-20s,1621
nZFZV4zm,81,1-0,White,<=5s vs 5-10s,1334
MbsDAGoK,81,0-1,White,<=5s vs <=5s,2350
E5UB1CxN,59,1-0,White,<=5s vs 10-15s,1796
b6pDxwX8,71,1-0,White,<=5s vs 5-10s,1528
8dUexML1,54,0-1,Black,<=5s vs 15-20s,1528
gPQIC5Tj,64,0-1,Black,<=5s vs 10-15s,1708
SfkaeBBg,48,0-1,Black,<=5s vs 15-20s,2293
FQQ7FS1R,63,1-0,White,<=5s vs 10-15s,1975
QAW7whh6,63,1-0,White,<=5s vs 5-10s,2257
1ITnJgkW,86,0-1,Black,<=5s vs 5-10s,1448
iFYOJpo1,90,0-1,Black,<=5s vs 10-15s,2682
ScgKREtu,78,0-1,Black,<=5s vs 5-10s,1851
8DHM6JzM,59,1-0,White,<=5s vs 5-10s,1876
385tRKrB,69,1-0,White,<=5s vs 15-20s,1274
hTZH4ggu,73,1-0,White,<=5s vs 10-15s,1155
KVYry9BM,101,1-0,White,<=5s vs 15-20s,2754
JKINyWA8,54,0-1,Black,<=5s vs 5-10s,1676
wTCb20M8,67,1-0,White,<=5s vs <=5s,1640
kM2q9SCy,75,1-0,White,<=5s vs 5-10s,1991
hBkJNGkx,110,1-0,Black,<=5s vs <=5s,1926
EOxqvzfe,62,1-0,Black,<=5s vs 10-15s,2550
eapvJTfI,71,1-0,White,<=5s vs 10-15s,1413
1glySTVy,54,0-1,Black,<=5s vs 10-15s,687
joLCBvDF,55,1-0,White,<=5s vs 10-15s,1171
z4NDY4oQ,125,1-0,White,<=5s vs 15-20s,2023
6sYPuTLk,52,0-1,Black,<=5s vs <=5s,1322
70zPoVDS,66,0-1,Black,<=5s vs 15-20s,2037
NQivPQVh,67,1-0,White,<=5s vs 15-20s,1508
2jEhio7y,76,0-1,Black,<=5s vs 10-15s,2193
wsMVuLMT,60,0-1,Black,<=5s vs <=5s,1410
IHgmiyhe,50,0-1,Black,<=5s vs 15-20s,1340
IvRFpyxj,101,1/2-1/2,White,<=5s vs <=5s,1775
O0PlNINZ,54,1-0,Black,<=5s vs <=5s,1633
s0vQ9p6X,65,1-0,White,<=5s vs 5-10s,1975
qlOIbQxz,117,1/2-1/2,White,<=5s vs 15-20s,2353
u9HBEEBg,64,0-1,Black,<=5s vs 5-10s,1880
ZBm2r1KZ,79,1-0,White,<=5s vs 5-10s,2190
Y9dBvjU5,78,0-1,Black,<=5s vs 15-20s,1988
dfr0qRti,46,1-0,Black,<=5s vs 10-15s,1244
VXuM7k2z,132,0-1,Black,<=5s vs 5-10s,1869
6hZOW2X9,63,1-0,White,<=5s vs 15-20s,1580
DpHEgpLf,59,1-0,White,<=5s vs 15-20s,984
Yes9nktm,81,1-0,White,<=5s vs 10-15s,1912
V740con0,88,0-1,Black,<=5s vs 10-15s,2477
aJJEZZSX,39,1-0,White,<=5s vs 15-20s,958
wb5TCG0b,74,0-1,Black,<=5s vs 10-15s,1772
JyVg2yvL,51,1-0,White,<=5s vs 5-10s,1647
3vfPEMZG,63,1-0,White,<=5s vs 10-15s,2231
MDaFMWfw,45,1-0,White,<=5s vs 5-10s,1319
YsZudlSC,50,0-1,Black,<=5s vs 15-20s,1944
dA5WMyt9,96,0-1,Black,<=5s vs 10-15s,1898
HvBHB5ss,51,1-0,White,<=5s vs 5-10s,1565
EiiqArNv,80,0-1,Black,<=5s vs 5-10s,1679
TRQxnxqn,72,0-1,Black,<=5s vs 10-15s,1657
NJU7HN1s,71,1-0,White,<=5s vs 15-20s,1502
VwYEGHBS,63,1-0,White,<=5s vs 5-10s,1790
vGUyvDgw,58,0-1,Black,<=5s vs 5-10s,1141
TOqHwnQb,80,0-1,Black,<=5s vs 10-15s,2471
2fJ7eIFp,106,0-1,Black,<=5s vs <=5s,2428
mURJpSbg,62,0-1,Black,<=5s vs 10-15s,1437
k9qgswQ2,59,1-0,White,<=5s vs 5-10s,1371
40ES9xWm,86,1-0,Black,<=5s vs 5-10s,1722
iWEay4jV,54,0-1,Black,<=5s vs <=5s,1406
OJliedHs,72,0-1,Black,<=5s vs 10-15s,1941
xsU9pzKO,59,1-0,White,<=5s vs 10-15s,1963
LH5TuVKB,119,1-0,White,<=5s vs 5-10s,2418
AQhHQDel,47,1-0,White,<=5s vs 10-15s,853
BnNAb9TF,50,0-1,Black,<=5s vs 5-10s,1633
ac5gmDgt,42,0-1,Black,<=5s vs 15-20s,1113
Bpgf9WwX,112,1-0,Black,<=5s vs <=5s,1888
WijLRThN,93,1-0,White,<=5s vs 10-15s,1774
F6Sfteky,69,1-0,White,<=5s vs 15-20s,2137
9pBO18hU,76,1/2-1/2,Black,<=5s vs 5-10s,1929
OEV9ecrM,71,1-0,White,<=5s vs 10-15s,1808
bLY6XR6g,97,1-0,White,<=5s vs 5-10s,1950
9UXhPqdM,72,1-0,Black,<=5s vs <=5s,1960
GlIpXA4s,63,1-0,White,<=5s vs 15-20s,1153
qrodcrEH,74,1/2-1/2,Black,<=5s vs 5-10s,2271
IRtnE2ci,63,1-0,White,<=5s vs 15-20s,2400
Ugn6TMS9,85,1/2-1/2,White,<=5s vs 10-15s,2300
PZ3dgHg4,57,1-0,White,<=5s vs 10-15s,1956
9ZwfVjbB,56,0-1,Black,<=5s vs 15-20s,1562
2GrYxm8h,93,1-0,White,<=5s vs 10-15s,2058
PrjoUj6O,57,1-0,White,<=5s vs 15-20s,1452
IgP0iybF,88,1-0,Black,<=5s vs <=5s,1616
ZLeii8Uf,88,0-1,Black,<=5s vs <=5s,2507
wFCUFFUs,90,0-1,Black,<=5s vs 5-10s,2109
TFYfoboo,48,0-1,Black,<=5s vs 15-20s,1251
3UUgnpie,50,0-1,Black,<=5s vs 5-10s,1190
BnCFlCIb,46,1-0,Black,<=5s vs <=5s,1050
LcDZhYDJ,44,0-1,Black,<=5s vs 10-15s,1145
uKJiSDZ9,40,0-1,Black,<=5s vs 15-20s,1449
6oOHpCfy,138,0-1,Black,<=5s vs 15-20s,2324
CRu458WV,55,1-0,White,<=5s vs 10-15s,1365
BL0LBERH,83,1-0,White,<=5s vs 15-20s,2024
NALRHCgj,72,1-0,Black,<=5s vs <=5s,1872
LABwhlnF,87,1-0,White,<=5s vs <=5s,1774
cthBRsen,78,0-1,Black,<=5s vs 10-15s,2319
bxgkTJXH,63,1-0,White,<=5s vs 15-20s,2362
U7F4i24R,133,1/2-1/2,White,<=5s vs 10-15s,2268
0lmn5YE0,86,0-1,Black,<=5s vs 5-10s,2498
YiOuWcS5,50,0-1,Black,<=5s vs 15-20s,1975
3zwfj65Q,101,1-0,White,<=5s vs 5-10s,2575
m9xQSYmq,72,0-1,Black,<=5s vs 10-15s,1563
pa1efmra,44,1-0,Black,<=5s vs 15-20s,1314
tTAr0Fp2,69,1-0,White,<=5s vs 15-20s,1200
mUAgF3st,73,1-0,White,<=5s vs 10-15s,1135
GTTYAKtH,42,0-1,Black,<=5s vs 15-20s,1025
0ZYVjRcr,131,1-0,White,<=5s vs 5-10s,2264
BNdQmp41,79,1-0,White,<=5s vs 15-20s,2227
qkLWTEDN,67,0-1,White,<=5s vs <=5s,1538
on2Jaxkh,89,1-0,White,<=5s vs 5-10s,1966
5PDV8PdW,72,0-1,Black,<=5s vs 10-15s,1368
zHKf5VRz,58,0-1,Black,<=5s vs 10-15s,1822
L1dtNYRn,72,1-0,Black,<=5s vs 5-10s,1939
ZYYRjWsF,113,0-1,White,<=5s vs 5-10s,2227
XSpUfYBx,60,0-1,Black,<=5s vs 10-15s,2293
1sQ2s55O,127,1/2-1/2,White,<=5s vs 5-10s,2189
9vkbZemp,79,1-0,White,<=5s vs 10-15s,1800
SEioyGpk,94,0-1,Black,<=5s vs 10-15s,1417
Q9sAoj8K,82,1-0,Black,<=5s vs 5-10s,2538
ILNjVmk0,131,0-1,White,<=5s vs 15-20s,2063
a6WLeRpo,60,0-1,Black,<=5s vs 15-20s,1470
e31jifpI,91,1/2-1/2,White,<=5s vs 10-15s,2212
27I2IZaC,68,0-1,Black,<=5s vs 15-20s,2393
cDW9zzJQ,87,1-0,White,<=5s vs <=5s,1516
Mm5Zlccj,170,1/2-1/2,Black,<=5s vs 5-10s,2249
Lbx8IxEY,95,1-0,White,<=5s vs <=5s,2395
4zKedvPE,94,1-0,Black,<=5s vs <=5s,1906
XvmGIcCC,55,1-0,White,<=5s vs 10-15s,1242
1H0Lyru2,63,1/2-1/2,White,<=5s vs 10-15s,2109
XaMLveUt,57,1-0,White,<=5s vs 15-20s,2026
a1esR1sJ,56,0-1,Black,<=5s vs 10-15s,2891
YquNkYER,68,0-1,Black,<=5s vs 15-20s,1891
aEKra6ma,122,1/2-1/2,Black,<=5s vs 10-15s,1214
MXpMXTvX,110,0-1,Black,<=5s vs 5-10s,2378
1AHgp6Ep,82,1/2-1/2,Black,<=5s vs 10-15s,2143
hda8KoxA,34,1-0,Black,<=5s vs 5-10s,892
Hg1JyLaM,66,1-0,Black,<=5s vs <=5s,2265
zvU9vyLQ,53,1-0,White,<=5s vs 15-20s,1585
3oHvjZ9d,60,0-1,Black,<=5s vs 10-15s,1861
5QOn2Suz,67,1-0,White,<=5s vs 15-20s,1964
QAmwqBk4,60,0-1,Black,<=5s vs 15-20s,1637
KJGmFJPg,64,0-1,Black,<=5s vs 10-15s,1863
T6tD6zj6,72,0-1,Black,<=5s vs <=5s,1961
XYhJqnbC,136,0-1,Black,<=5s vs 10-15s,2402
sjwr64G8,78,0-1,Black,<=5s vs 15-20s,2256
JdBQ5FTi,55,1-0,White,<=5s vs 5-10s,1306
te6aN6WS,46,0-1,Black,<=5s vs 5-10s,1012
CuDxgFl7,84,0-1,Black,<=5s vs <=5s,2331
dxglfBle,66,1-0,Black,<=5s vs <=5s,1913
lyCfjqZf,77,0-1,White,<=5s vs 5-10s,2651
Ek5ZVuYE,44,0-1,Black,<=5s vs 10-15s,874
Al3sBaGQ,77,1-0,White,<=5s vs 5-10s,2096
pmjdNOfk,62,0-1,Black,<=5s vs 10-15s,1937
RsRCNJrQ,81,0-1,White,<=5s vs <=5s,2098
LGuy2p7c,55,1-0,White,<=5s vs 15-20s,1219
5nK3N1Cw,86,0-1,Black,<=5s vs <=5s,2164
9pZRGf0k,98,0-1,Black,<=5s vs 5-10s,1551
vGX1UoOO,64,0-1,Black,<=5s vs 5-10s,1648
c7xcONE6,44,0-1,Black,<=5s vs 5-10s,831
wI79kTfD,48,0-1,Black,<=5s vs 10-15s,1451
6wiFRBC3,80,0-1,Black,<=5s vs 5-10s,2389
dKTf22np,129,1/2-1/2,White,<=5s vs 5-10s,1743
DX2a8zns,124,1/2-1/2,Black,<=5s vs 15-20s,2710
Dpj35GBT,45,0-1,White,<=5s vs 5-10s,1191
hKQAZ2Z8,89,1-0,White,<=5s vs 15-20s,1963
YtjGuhsk,62,1-0,Black,<=5s vs 5-10s,1880
GA5YVr62,90,0-1,Black,<=5s vs 15-20s,2608
5X8zUR1a,48,1-0,Black,<=5s vs 5-10s,2514
5G4Auzkp,62,1-0,Black,<=5s vs 5-10s,1964
tFKwGkTh,56,0-1,Black,<=5s vs 10-15s,1827
j0rEAda7,60,0-1,Black,<=5s vs <=5s,1633
x8JQ1t42,103,1/2-1/2,White,<=5s vs 5-10s,2193
ss7hhZ6T,74,0-1,Black,<=5s vs 15-20s,2553
H3F3RYRZ,82,1-0,Black,<=5s vs 15-20s,2634
Uik1Qp40,88,0-1,Black,<=5s vs 15-20s,2492
FFAMbfww,96,0-1,Black,<=5s vs 10-15s,2372
56Ex4xCW,47,1-0,White,<=5s vs 15-20s,1341
Z3AOTtfo,72,0-1,Black,<=5s vs 15-20s,2351
EAyPK8Ec,62,0-1,Black,<=5s vs 15-20s,1575
3btGmNp7,80,1-0,Black,<=5s vs 5-10s,2440
RoidhqFF,76,0-1,Black,<=5s vs 10-15s,1332
nzzR6LcS,73,1-0,White,<=5s vs 15-20s,1245
C6X2HpW1,39,1-0,White,<=5s vs 15-20s,1599
Q8b5jw5R,84,0-1,Black,<=5s vs 10-15s,2693
Iinow05h,51,0-1,White,<=5s vs 10-15s,995
HGcS4kCn,68,0-1,Black,<=5s vs 5-10s,1923
05wRpGFt,88,0-1,Black,<=5s vs 5-10s,2452
1FMHa7Iu,52,0-1,Black,<=5s vs 10-15s,1087
UYd3PTRw,40,0-1,Black,<=5s vs 15-20s,1380
Q9phAZXb,66,0-1,Black,<=5s vs 5-10s,2347
GNylo7P5,111,1-0,White,<=5s vs 5-10s,2625
N0fFDQoI,55,0-1,White,<=5s vs 5-10s,1118
Et4ilpSP,67,1-0,White,<=5s vs 15-20s,2328
wjh4U70R,67,0-1,White,<=5s vs <=5s,1736
oPE5705N,69,1-0,White,<=5s vs 15-20s,1089
IDrjx1hS,90,0-1,Black,<=5s vs 5-10s,2356
SkzVDjo0,78,0-1,Black,<=5s vs 10-15s,1875
pe7jVlNh,61,1-0,White,<=5s vs 10-15s,1843
XPt8RUFu,49,1-0,White,<=5s vs 15-20s,1705
JqxH19QH,104,0-1,Black,<=5s vs <=5s,1995
k7E0mFpZ,113,1-0,White,<=5s vs 15-20s,2415
gfNE08kj,72,0-1,Black,<=5s vs 15-20s,1638
GR7GQk3L,56,0-1,Black,<=5s vs 10-15s,715
7ekxfDJA,83,1-0,White,<=5s vs 10-15s,853
ddCMD0p7,33,1-0,White,<=5s vs 15-20s,849
eXKCuchH,72,0-1,Black,<=5s vs <=5s,2051
Fg7eGSEr,86,0-1,Black,<=5s vs 5-10s,2406
P8HfRCNJ,63,1-0,White,<=5s vs 15-20s,1599
6QgLooVj,81,1-0,White,<=5s vs 10-15s,2714
7A5evyin,60,0-1,Black,<=5s vs 15-20s,1245
TEkbIGS7,112,1-0,Black,<=5s vs 10-15s,2208
EOnt6K6H,122,1/2-1/2,Black,<=5s vs 15-20s,1796
HJbYmb9o,44,0-1,Black,<=5s vs 15-20s,864
btYP2ROi,72,0-1,Black,<=5s vs 5-10s,1130
Vi3p5I7Z,72,0-1,Black,<=5s vs 5-10s,2149
KenLh6Jc,47,1-0,White,<=5s vs 15-20s,1283
8uWaNy3B,48,0-1,Black,<=5s vs 15-20s,823
9dBCegwQ,72,0-1,Black,<=5s vs 15-20s,1671
Esjemcn0,72,0-1,Black,<=5s vs <=5s,2236
2kVuhQq4,93,1-0,White,<=5s vs 10-15s,2697
HrceFBDm,113,0-1,White,<=5s vs <=5s,2111
fHLJypMx,127,1-0,White,<=5s vs 15-20s,1969
xrkTXGhl,103,1/2-1/2,White,<=5s vs 5-10s,2749
zTDxFvJ7,128,1/2-1/2,Black,<=5s vs <=5s,2498
ag77a8Wt,76,1-0,Black,<=5s vs 5-10s,1994
RXda794u,50,0-1,Black,<=5s vs 5-10s,880
HyZBwrPZ,73,0-1,White,<=5s vs <=5s,2191
DvYGD2K0,64,0-1,Black,<=5s vs <=5s,1402
RkGYOwZN,95,1-0,White,<=5s vs 15-20s,2170
I0bk20ZS,110,0-1,Black,<=5s vs <=5s,1254
NOnpL9SO,74,0-1,Black,<=5s vs 5-10s,1951
W0e9N4Th,95,1-0,White,<=5s vs <=5s,2111
OEY8fgF6,78,0-1,Black,<=5s vs 10-15s,1931
UfsuMimr,57,1-0,White,<=5s vs 5-10s,1392
js4klnjp,54,0-1,Black,<=5s vs 10-15s,751
BaqfxECp,86,1/2-1/2,Black,<=5s vs 5-10s,2588
rPR4CiZe,67,1-0,White,<=5s vs 5-10s,1800
jDGT87ka,55,1/2-1/2,White,<=5s vs 15-20s,1276
DtbHCPWB,86,0-1,Black,<=5s vs 10-15s,991
0buj3Y7m,72,0-1,Black,<=5s vs 10-15s,2027
etZyEfXa,134,0-1,Black,<=5s vs 15-20s,1769
G7zvlGBo,81,1-0,White,<=5s vs 15-20s,1633
Ch0gPgOG,56,0-1,Black,<=5s vs 10-15s,1100
OI7P72na,67,1-0,White,<=5s vs 5-10s,1718
Dc5a0OM8,161,1/2-1/2,White,<=5s vs 15-20s,2466
lRWoEthv,118,0-1,Black,<=5s vs 10-15s,1812
8kN39IFf,54,0-1,Black,<=5s vs 15-20s,1394
4ap8WsMS,112,0-1,Black,<=5s vs 5-10s,2739
7Rkccllw,70,0-1,Black,<=5s vs 15-20s,2076
QT09ty1p,62,0-1,Black,<=5s vs 15-20s,1535
lt22kwO0,53,1-0,White,<=5s vs 10-15s,1100
1bhRx7vW,49,1/2-1/2,White,<=5s vs 10-15s,2111
OzkIOAnV,85,0-1,White,<=5s vs 5-10s,2807
Mk6yIGC2,83,1-0,White,<=5s vs 5-10s,1872
UI1hXd0F,39,1-0,White,<=5s vs 15-20s,1114
Vpst3U9L,65,1-0,White,<=5s vs 5-10s,1722
YSrDL2Mm,58,0-1,Black,<=5s vs 10-15s,1099
AQksPcwv,90,1/2-1/2,Black,<=5s vs 5-10s,1958
7V52n48U,62,0-1,Black,<=5s vs 15-20s,1539
YFv3IjSC,145,1-0,White,<=5s vs 15-20s,2532
fnoE9ShP,45,1-0,White,<=5s vs 15-20s,800
oP9YPdQn,60,0-1,Black,<=5s vs 10-15s,1883
kS3NXU5a,42,0-1,Black,<=5s vs 10-15s,857
uZmG0Nn5,58,0-1,Black,<=5s vs 15-20s,1575
RkH5aYdl,110,0-1,Black,<=5s vs 15-20s,2413
t6bAqik7,76,0-1,Black,<=5s vs 15-20s,1509
ugJmux3W,129,1-0,White,<=5s vs 15-20s,2723
U2LX2IPW,86,0-1,Black,<=5s vs 5-10s,2127
MhQsqae8,61,1-0,White,<=5s vs 10-15s,2555
QJUxLAra,102,0-1,Black,<=5s vs 5-10s,2008
yByWFDJJ,80,0-1,Black,<=5s vs 10-15s,2075
3ciu6JpU,73,1-0,White,<=5s vs 10-15s,1948
ZhKODvp5,69,0-1,White,<=5s vs 5-10s,1364
u68HCf7p,46,0-1,Black,<=5s vs 10-15s,1199
CUKRnvBp,60,0-1,Black,<=5s vs <=5s,2035
GEz26LcG,67,1-0,White,<=5s vs 10-15s,2111
IsnADRCN,57,1-0,White,<=5s vs 5-10s,2046
bKWLLRHT,57,0-1,White,<=5s vs 10-15s,2256
mMxwCc0Y,116,0-1,Black,<=5s vs 10-15s,2583
qvBcTFGm,153,1-0,White,<=5s vs 10-15s,1907
8sFd8rgl,78,0-1,Black,<=5s vs 15-20s,1933
GnARvQAK,89,1-0,White,<=5s vs <=5s,2256
rA8Mygif,67,1-0,White,<=5s vs 15-20s,1834
Lrp41I0Y,89,0-1,White,<=5s vs <=5s,1851
EtFWCUQz,67,0-1,White,<=5s vs <=5s,1168
ezhDeR47,58,0-1,Black,<=5s vs 5-10s,1300
wa0qzHef,47,1-0,White,<=5s vs 15-20s,1366
AoItDuoL,56,0-1,Black,<=5s vs 15-20s,1916
9IlLDOGA,59,1-0,White,<=5s vs 10-15s,1397
aDk3hNyO,38,0-1,Black,<=5s vs 5-10s,964
fr5hLLyS,96,1-0,Black,<=5s vs <=5s,1195
fQpfZHeU,69,1-0,White,<=5s vs 15-20s,1601
NorLb4Ko,77,1-0,White,<=5s vs <=5s,1746
qowo9IMz,89,1/2-1/2,White,<=5s vs 10-15s,2153
tNkHyMq7,95,1-0,White,<=5s vs 15-20s,2450
fiwcHODa,57,1-0,White,<=5s vs 5-10s,1434
SXhmBjsZ,90,1-0,Black,<=5s vs 5-10s,2379
avS0L3uO,90,0-1,Black,<=5s vs <=5s,1733
JEY88Sjh,84,1-0,Black,<=5s vs <=5s,2568
MpZHzXyr,56,0-1,Black,<=5s vs 10-15s,1723
NM5GwrcG,140,1/2-1/2,Black,<=5s vs 15-20s,2455
8iYYAnsC,96,1/2-1/2,Black,<=5s vs <=5s,2487
8f63uPD6,79,1-0,White,<=5s vs 15-20s,1837
REMKgoj0,55,1-0,White,<=5s vs 5-10s,1935
3FDapgvG,104,0-1,Black,<=5s vs 5-10s,2752
HI15ot13,52,0-1,Black,<=5s vs 10-15s,1500
s9V6zJnj,69,0-1,White,<=5s vs 5-10s,1318
LmPWYtnC,81,1-0,White,<=5s vs 15-20s,1990
2rwnl2hm,65,1-0,White,<=5s vs 5-10s,2625
X5asynEN,110,0-1,Black,<=5s vs <=5s,2160
MSiv5PNF,90,1-0,Black,<=5s vs <=5s,2245
MuV70NJt,62,0-1,Black,<=5s vs 10-15s,2155
w9CGXUnc,112,0-1,Black,<=5s vs 5-10s,2078
RF2fveKN,61,1-0,White,<=5s vs 15-20s,2176
EcAhOg4W,111,1-0,White,<=5s vs 5-10s,2567
R9HN0bVe,77,1-0,White,<=5s vs 5-10s,2109
kmAwfxN3,69,1-0,White,<=5s vs 15-20s,1434
8ohFLGB1,34,0-1,Black,<=5s vs 10-15s,845
4DuvJsjO,83,1-0,White,<=5s vs 10-15s,1771
Ma35YqJt,53,1-0,White,<=5s vs 5-10s,1076
RDFf6mpe,69,1-0,White,<=5s vs 15-20s,1946
RnzOOmGI,47,0-1,White,<=5s vs <=5s,1757
AUGfeHNw,73,0-1,White,<=5s vs 10-15s,2034
FvWgK19A,60,0-1,Black,<=5s vs <=5s,1395
tUHHSzVr,61,1-0,White,<=5s vs 5-10s,789
ShLnuzta,82,0-1,Black,<=5s vs 5-10s,2303
DTshbkhv,49,0-1,White,<=5s vs 5-10s,1652
iinBF8O6,61,1-0,White,<=5s vs 15-20s,2112
XpUE1cUr,66,0-1,Black,<=5s vs 10-15s,1840
0OzTNpMT,63,1-0,White,<=5s vs 10-15s,1573
2PCA0s1Q,161,0-1,White,<=5s vs 5-10s,2064
9lUhD5af,82,1/2-1/2,Black,<=5s vs 5-10s,1845
wWqOqFZv,84,0-1,Black,<=5s vs 5-10s,1786
3RKIz0NZ,105,1-0,White,<=5s vs 15-20s,1347
ewEeyQdY,54,0-1,Black,<=5s vs 5-10s,1358
vAEHYstu,70,1-0,Black,<=5s vs <=5s,1303
FRV73YEk,58,0-1,Black,<=5s vs 10-15s,1648
WqHBK1zl,49,1-0,White,<=5s vs 10-15s,1621
x5jQJXEs,40,0-1,Black,<=5s vs 10-15s,1079
5Hhj2AbU,66,0-1,Black,<=5s vs 15-20s,1816
IlyyPYgD,69,0-1,White,<=5s vs 5-10s,1815
fmXttHvn,81,1-0,White,<=5s vs 10-15s,2004
jVGdTKty,74,0-1,Black,<=5s vs <=5s,996
2baOy7WK,59,1-0,White,<=5s vs 15-20s,1792
5NOZ1ogu,60,1-0,Black,<=5s vs 5-10s,1547
1y85Al6q,102,1-0,Black,<=5s vs 5-10s,1921
ZrnJLQw0,41,1-0,White,<=5s vs 5-10s,707
7GlNlWHT,62,0-1,Black,<=5s vs 10-15s,1452
f2RI8A9f,55,1-0,White,<=5s vs 15-20s,1691
SULV3QQX,55,0-1,White,<=5s vs <=5s,1123
lTBpkkRa,58,1-0,Black,<=5s vs 10-15s,1287
aLriKspQ,32,0-1,Black,<=5s vs 10-15s,795
HVWEdnx3,76,0-1,Black,<=5s vs 10-15s,2549
KJcJ7SwI,55,1-0,White,<=5s vs 10-15s,2018
3D0DTd03,61,1-0,White,<=5s vs 5-10s,1405
TwMhDMP5,65,1-0,White,<=5s vs 15-20s,2035
LIrmUDSN,53,1-0,White,<=5s vs 15-20s,2347
BbCklSl2,103,1/2-1/2,White,<=5s vs <=5s,2361
0Bud5J4d,99,1/2-1/2,White,<=5s vs 5-10s,2202
QyjSfqY3,44,1-0,Black,<=5s vs 5-10s,1066
H7sSAJIF,77,1/2-1/2,White,<=5s vs 5-10s,969
s7BHjeBR,76,0-1,Black,<=5s vs 15-20s,1989
Kk2uVMKq,63,1-0,White,<=5s vs 15-20s,1664
PApJGeG2,92,0-1,Black,<=5s vs 10-15s,2360
COQF3e1c,53,0-1,White,<=5s vs <=5s,1925
2sMqQKEX,82,1-0,Black,<=5s vs <=5s,2525
fG559xsw,62,0-1,Black,<=5s vs 5-10s,1880
2vNv0KH6,74,1-0,Black,<=5s vs 15-20s,2665
XvyStwzt,62,0-1,Black,<=5s vs 15-20s,1742
LL9l9rrM,66,0-1,Black,<=5s vs 5-10s,1453
WyPDdL4y,81,1-0,White,<=5s vs 5-10s,2023
yQtdJ1xW,71,1-0,White,<=5s vs 5-10s,2407
mE1pd5aF,60,1-0,Black,<=5s vs 5-10s,1665
hs4vuV7W,55,1-0,White,<=5s vs 15-20s,1276
aDE8zGKk,54,0-1,Black,<=5s vs 15-20s,1358
D21B50zu,75,0-1,White,<=5s vs <=5s,2491
QJPXu4x2,82,0-1,Black,<=5s vs 5-10s,2773
nfc1Vlpi,108,0-1,Black,<=5s vs 10-15s,2350
Ec51va63,83,1-0,White,<=5s vs 10-15s,2508
tNI866Xf,204,1/2-1/2,Black,<=5s vs 15-20s,2474
Grd1wtb6,46,1-0,Black,<=5s vs <=5s,1103
XOolYaDF,42,0-1,Black,<=5s vs 10-15s,1130
aEdiC67d,111,1-0,White,<=5s vs 10-15s,2515
J8vMjQZR,99,1-0,White,<=5s vs 10-15s,2066
jCwQZ4AL,52,1-0,Black,<=5s vs 10-15s,1841
Z6GQIwjY,42,0-1,Black,<=5s vs 10-15s,1155
mILWbSmC,64,0-1,Black,<=5s vs <=5s,1667
6xIjUvkU,93,1-0,White,<=5s vs 5-10s,2700
qJXS1g4g,77,1-0,White,<=5s vs <=5s,2354
5U6hiZTb,56,0-1,Black,<=5s vs 10-15s,1357
1HGKhIbt,59,1-0,White,<=5s vs 5-10s,1580
EE1T33zz,92,1-0,Black,<=5s vs <=5s,2191
ENKcuHtf,63,1-0,White,<=5s vs 10-15s,1787
FzxtgjBe,78,0-1,Black,<=5s vs 10-15s,1951
QUxM4Nnc,92,0-1,Black,<=5s vs <=5s,3028
vL4Ua5Vj,66,0-1,Black,<=5s vs <=5s,2646
SIXpZkha,143,1-0,White,<=5s vs 10-15s,2056
KhgSrS9n,77,1-0,White,<=5s vs <=5s,2243
PRyVhc0p,50,0-1,Black,<=5s vs <=5s,1324
shRHpHIi,46,0-1,Black,<=5s vs 10-15s,1268
zj1oXBot,61,1-0,White,<=5s vs 5-10s,1355
iowEoulb,97,1-0,White,<=5s vs 10-15s,2668
VLhz9Mb3,97,1/2-1/2,White,<=5s vs 5-10s,2273
Y08jgOOu,67,0-1,White,<=5s vs 5-10s,1137
DEASIp3o,76,0-1,Black,<=5s vs <=5s,2604
URKvkRdu,94,1-0,Black,<=5s vs <=5s,1783
Iu6mc0y6,32,1-0,Black,<=5s vs 15-20s,1780
TONLErfg,71,0-1,White,<=5s vs <=5s,1344
Aqd47fcR,71,1-0,White,<=5s vs 10-15s,2263
r1pWldXm,94,1-0,Black,<=5s vs 5-10s,2310
N1P4EPml,102,1-0,Black,<=5s vs <=5s,2519
GuiXYYmd,59,1-0,White,<=5s vs 15-20s,1574
qIQNi1S4,77,1-0,White,<=5s vs 15-20s,1709
N3A2CqPY,49,1-0,White,<=5s vs 5-10s,1697
VQXeM8D4,85,0-1,White,<=5s vs 10-15s,2640
5aVLUmt5,60,0-1,Black,<=5s vs 5-10s,1426
o7jmJjpd,50,1-0,Black,<=5s vs <=5s,1520
NpAkaegm,71,1-0,White,<=5s vs 5-10s,2545
GDM4xvxW,65,1/2-1/2,White,<=5s vs <=5s,2322
kZbpo4Nc,57,1-0,White,<=5s vs 15-20s,1840
2YQ7pdhm,37,1-0,White,<=5s vs 10-15s,1010
bmvCugN9,59,1-0,White,<=5s vs 10-15s,1543
VTriADjV,36,0-1,Black,<=5s vs 15-20s,883
vnCBRNgv,48,0-1,Black,<=5s vs 10-15s,1489
15GnUsIf,78,0-1,Black,<=5s vs 15-20s,2456
rL7AN0gi,56,1/2-1/2,Black,<=5s vs 15-20s,1192
1UcanW8e,71,0-1,White,<=5s vs 5-10s,1770
K1PVPGFz,58,0-1,Black,<=5s vs <=5s,1141
4y6JReJC,52,0-1,Black,<=5s vs 5-10s,2604
cWdWzdVT,56,0-1,Black,<=5s vs 10-15s,1071
yB7KL461,46,0-1,Black,<=5s vs 15-20s,1870
pM5bfM37,96,0-1,Black,<=5s vs 5-10s,2292
ZNaxqynV,102,0-1,Black,<=5s vs <=5s,2577
MlACk07F,133,1-0,White,<=5s vs 10-15s,2615
FTzCiV3D,61,1-0,White,<=5s vs 10-15s,1650
hlcvz7cp,65,1-0,White,<=5s vs 15-20s,1934
Uf7LOGK5,108,0-1,Black,<=5s vs <=5s,2554
ywZDP8nT,55,1-0,White,<=5s vs 10-15s,903
JXYY0ni2,84,0-1,Black,<=5s vs <=5s,1595
P2qA7dMN,68,0-1,Black,<=5s vs 5-10s,2057
euBOX1dS,46,0-1,Black,<=5s vs 15-20s,1544
helWJ99V,72,1-0,Black,<=5s vs <=5s,2091
OKc19zIo,52,0-1,Black,<=5s vs 15-20s,1045
Hv3HGiwn,86,0-1,Black,<=5s vs 5-10s,1840
EazoCAB9,75,1-0,White,<=5s vs 5-10s,2213
2YAgr4jA,71,1-0,White,<=5s vs <=5s,2596
Txq8aHzK,114,1-0,Black,<=5s vs 5-10s,2345
8WAr4Rgv,112,0-1,Black,<=5s vs 10-15s,2307
I5EeL7Vy,91,1-0,White,<=5s vs 10-15s,1978
7k5UCn6P,108,0-1,Black,<=5s vs 5-10s,2623
6XgkBdhx,91,1-0,White,<=5s vs 10-15s,2366
YFfnZjid,42,0-1,Black,<=5s vs 5-10s,1097
uEDwhn3A,86,0-1,Black,<=5s vs 5-10s,1768
oenmxuuF,52,0-1,Black,<=5s vs 10-15s,1647
lYAqflg4,96,0-1,Black,<=5s vs 10-15s,2450
yvVo261q,77,1-0,White,<=5s vs 5-10s,1936
OJMCSd2z,111,0-1,White,<=5s vs <=5s,2741
5cOW3b1O,107,1-0,White,<=5s vs 5-10s,2320
Hr5axF3w,70,1-0,Black,<=5s vs 5-10s,2303
hfDja3su,55,1-0,White,<=5s vs 15-20s,1451
o3Tm5ctK,57,1-0,White,<=5s vs 15-20s,1302
JqRXwv1X,95,1-0,White,<=5s vs 5-10s,1913
HQvRf0H4,50,0-1,Black,<=5s vs 5-10s,1192
S1TVgR6p,59,1-0,White,<=5s vs 10-15s,2507
zu6rho56,78,1-0,Black,<=5s vs <=5s,1985
SzMnVCmC,52,0-1,Black,<=5s vs 10-15s,1009
xq8rEBtn,101,1-0,White,<=5s vs 5-10s,2322
zUIVfhjo,70,0-1,Black,<=5s vs 5-10s,1401
LK4ASEFG,58,0-1,Black,<=5s vs 10-15s,1287
iHuYN2jZ,64,0-1,Black,<=5s vs 10-15s,1410
UxTLp0k4,89,1-0,White,<=5s vs 5-10s,2103
TjoKuBvP,52,0-1,Black,<=5s vs 10-15s,1374
xj2NfAhA,53,1-0,White,<=5s vs 15-20s,1424
XKTpvM0A,78,0-1,Black,<=5s vs <=5s,2297
Lt04FFgT,44,0-1,Black,<=5s vs 15-20s,1454
b8miw8sr,78,0-1,Black,<=5s vs 10-15s,2763
bRExhz1h,89,1-0,White,<=5s vs 15-20s,2403
HixDK6c7,80,0-1,Black,<=5s vs <=5s,2338
bomoZVA3,60,0-1,Black,<=5s vs 10-15s,1723
LEoaaspL,123,1/2-1/2,White,<=5s vs 10-15s,1943
A16tM8N0,39,1-0,White,<=5s vs 10-15s,716
HiBLXgqG,67,1-0,White,<=5s vs 10-15s,2074
L8vOorVj,67,1-0,White,<=5s vs 15-20s,1630
gQ7lvqpH,135,1-0,White,<=5s vs 5-10s,1072
ZtWhnuf2,46,0-1,Black,<=5s vs 10-15s,1152
LWfAhd9M,49,1-0,White,<=5s vs 15-20s,1024
I4KFyMzt,66,1/2-1/2,Black,<=5s vs 15-20s,1965
ar1wy2zD,82,0-1,Black,<=5s vs 10-15s,1632
5acUJHBD,75,0-1,White,<=5s vs 5-10s,2318
idHYpQQz,71,1-0,White,<=5s vs 15-20s,2270
CR4zfVOD,58,0-1,Black,<=5s vs 5-10s,1528
ZvR2tKTe,82,0-1,Black,<=5s vs 15-20s,1795
tNpCKegn,38,0-1,Black,<=5s vs 10-15s,1500
uzr1oKkI,107,0-1,White,<=5s vs <=5s,2327
cl50ExN6,76,1-0,Black,<=5s vs <=5s,2075
vTUxgb0M,62,0-1,Black,<=5s vs 10-15s,1320
jhyrVUuO,56,0-1,Black,<=5s vs <=5s,821
t0Hm9wQK,67,1-0,White,<=5s vs 15-20s,2071
oglJyXgp,106,1/2-1/2,Black,<=5s vs 10-15s,2294
fbENtRxv,49,1-0,White,<=5s vs 5-10s,2425
hFKI9zZN,69,1-0,White,<=5s vs 10-15s,2602
JH2o9bT9,65,1-0,White,<=5s vs 5-10s,1540
9X3UAFZJ,80,0-1,Black,<=5s vs 15-20s,2588
W4pzB1jH,142,0-1,Black,<=5s vs 5-10s,2717
d4aCkImK,66,1/2-1/2,Black,<=5s vs 10-15s,2114
J4ZNHJi7,87,1-0,White,<=5s vs 5-10s,2395
509mMMK4,40,0-1,Black,<=5s vs <=5s,1263
vJVYoHfW,95,1-0,White,<=5s vs 15-20s,2619
7R5bmS8X,50,0-1,Black,<=5s vs <=5s,1229
n8FM02ji,79,1-0,White,<=5s vs 10-15s,2772
EqdzxGKe,83,1-0,White,<=5s vs 15-20s,2513
96DgwW8P,71,1-0,White,<=5s vs 10-15s,2061
eVQyeTO1,38,0-1,Black,<=5s vs 5-10s,822
Iv2XqK4c,75,1-0,White,<=5s vs 5-10s,1898
8ItqRNRy,132,0-1,Black,<=5s vs 15-20s,2322
NwaWZhRT,75,1-0,White,<=5s vs 15-20s,1087
Ep1ndfsQ,64,0-1,Black,<=5s vs 10-15s,2416
UtGH294o,70,0-1,Black,<=5s vs 10-15s,2164
15InCBGu,72,0-1,Black,<=5s vs 5-10s,1761
YrdLqq6y,71,1-0,White,<=5s vs 5-10s,2750
We7tdhFF,34,0-1,Black,<=5s vs 10-15s,669
D0UK1OqJ,74,0-1,Black,<=5s vs 15-20s,2852
vEqbMQOR,70,0-1,Black,<=5s vs <=5s,1201
JKa8CxpO,111,1-0,White,<=5s vs 10-15s,2537
5T9mjlfi,54,0-1,Black,<=5s vs 15-20s,1007
2lZTI9xl,123,1-0,White,<=5s vs 10-15s,2575
p0OdrF0E,74,0-1,Black,<=5s vs 5-10s,1844
UrJyMCnu,55,1-0,White,<=5s vs 10-15s,1083
Otxn0MV5,76,0-1,Black,<=5s vs <=5s,2408
Ksc82xlY,62,0-1,Black,<=5s vs 5-10s,1878
5bEaOJq4,60,0-1,Black,<=5s vs 10-15s,1371
EzIsS18O,67,1-0,White,<=5s vs 15-20s,2025
TVBcEHKs,74,0-1,Black,<=5s vs 5-10s,2338
N6Zy0jl5,69,1-0,White,<=5s vs 10-15s,1532
44UfAAyz,90,0-1,Black,<=5s vs 15-20s,2061
cgvwhs4s,58,0-1,Black,<=5s vs 5-10s,1818
GaKNc3sd,93,1/2-1/2,White,<=5s vs 5-10s,2294
MGiC1s6o,72,0-1,Black,<=5s vs 10-15s,2033
BXkMFSWL,67,1-0,White,<=5s vs 15-20s,2421
f8O0kxRi,48,0-1,Black,<=5s vs 5-10s,1648
oqNBAEDy,70,0-1,Black,<=5s vs 15-20s,1445
DVBqpLVq,61,1-0,White,<=5s vs 15-20s,2120
HhX5fEfA,51,0-1,White,<=5s vs <=5s,1664
MxMEFQX4,91,1-0,White,<=5s vs 10-15s,2097
R35RP5BW,58,0-1,Black,<=5s vs 10-15s,2594
mhCtb5EI,94,0-1,Black,<=5s vs <=5s,2096
gKClxZmG,112,1-0,Black,<=5s vs 15-20s,1431
UjtCBEiD,74,0-1,Black,<=5s vs <=5s,2149
dlgUxLHP,49,1-0,White,<=5s vs 15-20s,1882
1DimtsMX,63,1-0,White,<=5s vs 15-20s,1302
vhxsplEv,101,1-0,White,<=5s vs 5-10s,1781
OPlC4Ymm,73,1-0,White,<=5s vs 15-20s,2208
6LEguhTF,66,0-1,Black,<=5s vs 10-15s,1669
3fp5NDnW,73,1-0,White,<=5s vs 5-10s,2055
SAxrZ41d,60,0-1,Black,<=5s vs 10-15s,1846
z5S8IHxH,104,0-1,Black,<=5s vs 5-10s,1858
roLzb4je,65,1-0,White,<=5s vs 10-15s,1886
z2Y0G0SG,55,1-0,White,<=5s vs 5-10s,1003
E59XKyQK,53,1-0,White,<=5s vs 5-10s,1104
1oIAdvvm,106,0-1,Black,<=5s vs 15-20s,2641
fGo9Imq0,73,1-0,White,<=5s vs 10-15s,1455
88aQDbJD,79,1-0,White,<=5s vs 15-20s,2542
Twl7xorb,73,1-0,White,<=5s vs 15-20s,1098
4XC9QevH,107,1-0,White,<=5s vs 15-20s,1763
l8sX6r7i,68,0-1,Black,<=5s vs 10-15s,2140
vF6jYdNd,93,0-1,White,<=5s vs 5-10s,2265
QA444seK,70,0-1,Black,<=5s vs 15-20s,2393
x2OmjMjS,67,1-0,White,<=5s vs 10-15s,1995
Cmz35Kht,99,1/2-1/2,White,<=5s vs <=5s,2392
NHIb0bo5,92,0-1,Black,<=5s vs 10-15s,2331
efjkmSFa,47,1-0,White,<=5s vs 10-15s,1479
o79wQaBO,49,1-0,White,<=5s vs 15-20s,2243
7X7DSrRu,70,1/2-1/2,Black,<=5s vs 10-15s,2171
Oy9yGZlh,73,1-0,White,<=5s vs 10-15s,1520
XODA7PJE,119,1-0,White,<=5s vs 5-10s,2177
Ep8v6ZQR,54,0-1,Black,<=5s vs 15-20s,1394
C56mOiFC,82,1-0,Black,<=5s vs 5-10s,2285
3aiSmQ7I,56,0-1,Black,<=5s vs 15-20s,1891
pRAHruGj,40,0-1,Black,<=5s vs 15-20s,1489
0EnLJfpU,68,0-1,Black,<=5s vs 10-15s,1392
oxAYjy5w,53,1-0,White,<=5s vs 15-20s,1371
0xSv2GNY,87,0-1,White,<=5s vs 5-10s,1886
EmAeF56G,111,0-1,White,<=5s vs 5-10s,2699
L7UJ2pVh,59,1-0,White,<=5s vs 10-15s,1611
KMM5WgFv,80,0-1,Black,<=5s vs 10-15s,2387
rsBYbzLh,77,1-0,White,<=5s vs 15-20s,2385
CkdXmFnt,62,0-1,Black,<=5s vs 15-20s,1398
lMFpKgF6,56,0-1,Black,<=5s vs 10-15s,1186
IUWpD9wi,97,0-1,White,<=5s vs 10-15s,2318
JyNp9vT8,79,0-1,White,<=5s vs 5-10s,2268
u3TUQyJl,66,0-1,Black,<=5s vs 10-15s,1458
zsaUo8bS,45,1-0,White,<=5s vs 15-20s,1944
V5KyNXAR,52,0-1,Black,<=5s vs 5-10s,1160
PNyVzKlw,144,0-1,Black,<=5s vs 5-10s,2329
FYDlr6Rb,86,1-0,Black,<=5s vs 10-15s,1825
EX1vg6Nm,102,0-1,Black,<=5s vs 5-10s,1725
hbDjQUkK,147,1-0,White,<=5s vs 5-10s,2645
78IOsEs7,62,0-1,Black,<=5s vs 5-10s,1453
utLWIslD,52,0-1,Black,<=5s vs 15-20s,1258
Ld8fCt5q,136,0-1,Black,<=5s vs 5-10s,2198
O1D73SqY,92,0-1,Black,<=5s vs 5-10s,1817
G1UvbmNl,74,0-1,Black,<=5s vs 5-10s,1672
aHEzJzDx,49,1-0,White,<=5s vs 15-20s,1363
Pn34xkVJ,72,0-1,Black,<=5s vs 5-10s,2160
VFkuOoEb,77,0-1,White,<=5s vs 5-10s,1732
erssDV7u,60,0-1,Black,<=5s vs 5-10s,1371
gPxP46Tm,73,1-0,White,<=5s vs 10-15s,2407
VCZKwers,76,0-1,Black,<=5s vs 10-15s,1811
w4pIAuqX,40,0-1,Black,<=5s vs 10-15s,1857
OaXJDooy,127,1-0,White,<=5s vs 15-20s,1626
Q5RuD6gU,59,1-0,White,<=5s vs 5-10s,2076
RCdUzXwH,69,1-0,White,<=5s vs 10-15s,2430
7cL7yHBU,132,0-1,Black,<=5s vs 15-20s,2495
RYb2JCcT,50,0-1,Black,<=5s vs 10-15s,2258
2u3Zhyvk,83,0-1,White,<=5s vs 5-10s,2451
gTFWE6Ec,88,0-1,Black,<=5s vs 15-20s,2344
CJExIkaJ,46,0-1,Black,<=5s vs 15-20s,1545
VT9bem8Z,84,0-1,Black,<=5s vs 10-15s,1115
iAZzJxIy,55,1-0,White,<=5s vs 5-10s,1334
W72AS3bA,65,1-0,White,<=5s vs 15-20s,1734
SNfUHJkC,50,1-0,Black,<=5s vs 10-15s,1157
2n1RDezy,84,1-0,Black,<=5s vs <=5s,1943
aXbMtmbp,92,0-1,Black,<=5s vs 15-20s,2244
1EYMCAPI,63,0-1,White,<=5s vs 10-15s,1402
B4vbHBbU,47,0-1,White,<=5s vs <=5s,932
dAPXDVlj,103,1-0,White,<=5s vs 10-15s,2351
98slsGhC,53,1-0,White,<=5s vs 10-15s,1705
2heYCgOU,96,0-1,Black,<=5s vs 10-15s,2248
wh7dFcdf,60,0-1,Black,<=5s vs 5-10s,1101
2hWdjzy6,62,0-1,Black,<=5s vs 5-10s,1967
IKDzP5Ye,54,0-1,Black,<=5s vs <=5s,1049
IOTAMRut,81,1-0,White,<=5s vs 15-20s,2376
UmfIaQr0,103,1-0,White,<=5s vs 5-10s,1983
EdTSy5Pq,88,0-1,Black,<=5s vs 10-15s,2551
Qdl8RMor,56,0-1,Black,<=5s vs 10-15s,1810
ILhOfYdz,72,0-1,Black,<=5s vs 15-20s,1907
cOVeCg4G,53,0-1,White,<=5s vs 10-15s,1308
WOOZXVaC,102,0-1,Black,<=5s vs 15-20s,2700
TFyuUsc3,91,1-0,White,<=5s vs 5-10s,2852
9EBdP6g6,110,1/2-1/2,Black,<=5s vs 15-20s,2470
83Id3ksM,136,0-1,Black,<=5s vs <=5s,2333
GmLZKcoz,70,0-1,Black,<=5s vs 10-15s,2034
6gzJY8rb,60,0-1,Black,<=5s vs 15-20s,1716
YNJ5FRec,122,0-1,Black,<=5s vs 5-10s,1948
h6B35Rox,106,0-1,Black,<=5s vs 5-10s,1659
51Z3iLn1,99,0-1,White,<=5s vs 5-10s,1526
kCOc8qtl,86,0-1,Black,<=5s vs 5-10s,2102
iZP9bN4N,90,1-0,Black,<=5s vs <=5s,2007
b6eNEV4d,80,1-0,Black,<=5s vs <=5s,1605
Ba5kyQTb,72,0-1,Black,<=5s vs 5-10s,1746
nHnWqfBN,83,1-0,White,<=5s vs 15-20s,1863
Twcuuk1u,53,1-0,White,<=5s vs 10-15s,1001
G86DEfx8,108,0-1,Black,<=5s vs 15-20s,2223
JfOl035V,68,0-1,Black,<=5s vs 5-10s,2326
QkCG6UGf,35,1-0,White,<=5s vs 15-20s,843
42y2lcn0,85,1-0,White,<=5s vs 5-10s,1587
yUicYlS5,85,1/2-1/2,White,<=5s vs 10-15s,2583
Wn5nU8t0,77,1-0,White,<=5s vs 15-20s,2300
Qxit7Whd,76,0-1,Black,<=5s vs 5-10s,2234
STFrY0LC,55,1-0,White,<=5s vs 15-20s,1703
DnZTqhmk,117,1-0,White,<=5s vs 5-10s,2025
zS9qI5oY,68,0-1,Black,<=5s vs 15-20s,2459
LSHDcv95,108,0-1,Black,<=5s vs 5-10s,2383
zkUIcYYs,102,0-1,Black,<=5s vs 5-10s,1710
5yew2LPI,86,0-1,Black,<=5s vs 5-10s,2167
K8dExyJB,84,0-1,Black,<=5s vs 5-10s,2049
nPX81MrD,80,0-1,Black,<=5s vs 10-15s,2711
rMNxAEPe,93,1-0,White,<=5s vs 10-15s,1623
EC5m7y1r,105,1/2-1/2,White,<=5s vs <=5s,2466
4qj6Qwm7,58,0-1,Black,<=5s vs 5-10s,1561
DegjesGy,104,1-0,Black,<=5s vs <=5s,1989
ddxysyf6,87,1-0,White,<=5s vs 5-10s,2319
ZTg6Xj09,114,0-1,Black,<=5s vs 10-15s,2047
qpd7NvEJ,57,1-0,White,<=5s vs 15-20s,1655
FPNOh3kI,74,1-0,Black,<=5s vs 10-15s,1268
Hsfz0TyP,98,0-1,Black,<=5s vs 10-15s,2451
DK25hCVz,109,1-0,White,<=5s vs 15-20s,2096
kcxRhggE,42,0-1,Black,<=5s vs 10-15s,1136
MsJ3yjZ8,73,0-1,White,<=5s vs 5-10s,2374
TyVxitoD,103,1-0,White,<=5s vs 5-10s,2178
mQ5hdLUL,92,1-0,Black,<=5s vs 5-10s,2011
duUdbWS7,62,0-1,Black,<=5s vs 15-20s,1846
CaENNoCa,42,0-1,Black,<=5s vs <=5s,963
ZWPSoJRo,72,0-1,Black,<=5s vs 15-20s,1214
ILLx9WC3,59,1-0,White,<=5s vs 15-20s,1893
4Eg9g3jP,103,0-1,White,<=5s vs 5-10s,1633
eBioj1Id,82,0-1,Black,<=5s vs 5-10s,2245
zXfcpfOW,141,1-0,White,<=5s vs 10-15s,2507
PPBU3tXl,50,0-1,Black,<=5s vs 10-15s,963
ycXm24J7,76,0-1,Black,<=5s vs 15-20s,1469
Q9S4bQlD,77,1-0,White,<=5s vs 15-20s,2094
ss8Dc03I,92,0-1,Black,<=5s vs <=5s,1879
aDf2yZRb,68,0-1,Black,<=5s vs 10-15s,1798
JTqCW2me,76,1-0,Black,<=5s vs 5-10s,2569
bFtq1x4d,83,1-0,White,<=5s vs 15-20s,2261
ESv5qX6r,79,1-0,White,<=5s vs 15-20s,2230
2aUrgNbv,72,0-1,Black,<=5s vs <=5s,1337
fwPmWGcN,70,0-1,Black,<=5s vs <=5s,2492
piO4zQWp,82,0-1,Black,<=5s vs 10-15s,2076
WL4Tj5a8,67,1-0,White,<=5s vs 15-20s,2330
tAAPOtNZ,91,1-0,White,<=5s vs 5-10s,1767
Pd7Ajd5A,92,0-1,Black,<=5s vs 15-20s,2215
409rt3Lk,67,1-0,White,<=5s vs 5-10s,1514
KXepzf0Q,61,0-1,White,<=5s vs 10-15s,1730
ahOIDK9d,93,1-0,White,<=5s vs 15-20s,2013
pdekdTzj,82,0-1,Black,<=5s vs 15-20s,2170
DYAYkPkn,61,0-1,White,<=5s vs 5-10s,1364
KTw3d7cV,51,1-0,White,<=5s vs 5-10s,1293
UWnIyn2F,70,0-1,Black,<=5s vs <=5s,984
7eui2eie,59,1-0,White,<=5s vs 15-20s,2107
fLnThMs4,66,0-1,Black,<=5s vs 15-20s,1898
pNguLIfy,55,1-0,White,<=5s vs 10-15s,1909
twp1EecE,65,1-0,White,<=5s vs 15-20s,1383
IiBDuPNn,77,1-0,White,<=5s vs 10-15s,1500
sW1gDFDm,62,1-0,Black,<=5s vs 5-10s,1771
BnCzbpDh,114,0-1,Black,<=5s vs 15-20s,2642
3jQpGXN8,50,0-1,Black,<=5s vs 15-20s,971
hYzzUmeQ,41,0-1,White,<=5s vs 15-20s,1355
CykhJAV7,115,1/2-1/2,White,<=5s vs 10-15s,2132
pjA0atCH,88,0-1,Black,<=5s vs 10-15s,1982
XuKm91BX,125,1/2-1/2,White,<=5s vs 10-15s,1747
QqkaBgXZ,65,1-0,White,<=5s vs 5-10s,1816
H3NiKUiQ,41,1-0,White,<=5s vs 15-20s,883
G9ixRQhK,83,0-1,White,<=5s vs 5-10s,2803
QaK9Rwz9,58,0-1,Black,<=5s vs <=5s,1033
zF9ET8s9,126,1/2-1/2,Black,<=5s vs 5-10s,2657
KpA7oiY7,104,0-1,Black,<=5s vs 15-20s,2326
RNcQBozn,54,0-1,Black,<=5s vs 15-20s,1157
kHgXvHQ1,116,0-1,Black,<=5s vs 10-15s,2377
MJzVq7Vv,54,0-1,Black,<=5s vs 5-10s,2804
NAJA2acU,65,1-0,White,<=5s vs 15-20s,1831
Kt7m9fin,67,0-1,White,<=5s vs 5-10s,1623
6Va8Z864,58,0-1,Black,<=5s vs <=5s,1336
jk6H0Qko,80,0-1,Black,<=5s vs 15-20s,2300
sj5BuwbV,81,1/2-1/2,White,<=5s vs 5-10s,2505
Efwb1FVo,78,1-0,Black,<=5s vs 5-10s,1535
yObgdg7o,47,1-0,White,<=5s vs 15-20s,1148
ejLnYsSr,56,0-1,Black,<=5s vs 5-10s,1307
DutJJ8WZ,111,0-1,White,<=5s vs <=5s,2688
rCXvh5Hy,93,1/2-1/2,White,<=5s vs 15-20s,2144
14S0lhNw,86,0-1,Black,<=5s vs 5-10s,2179
oihIRKJJ,87,1-0,White,<=5s vs <=5s,1706
JCSMU3Ic,78,1-0,Black,<=5s vs 5-10s,1730
7MMOxz9Y,72,0-1,Black,<=5s vs 15-20s,1574
NqnMXM26,47,0-1,White,<=5s vs 5-10s,1047
MFaZvGfw,52,0-1,Black,<=5s vs 10-15s,2039
XPsKYg6n,73,1-0,White,<=5s vs 5-10s,1082
8uQQYsum,71,1-0,White,<=5s vs 15-20s,2597
7HDuoVUh,61,1-0,White,<=5s vs 15-20s,1843
1TAXmkPF,83,1-0,White,<=5s vs 5-10s,1493
Yv1X5qXJ,69,1-0,White,<=5s vs 5-10s,2184
Hi2Xzj6z,72,0-1,Black,<=5s vs <=5s,1246
GsO7x7y4,46,0-1,Black,<=5s vs 5-10s,1004
F6xXOK4f,59,0-1,White,<=5s vs 5-10s,1537
yNCY7Xe2,95,1-0,White,<=5s vs <=5s,2258
v99CtdrD,68,1-0,Black,<=5s vs 5-10s,1629
lI6OLFNx,72,1-0,Black,<=5s vs 5-10s,1503
0sVCblT9,63,1-0,White,<=5s vs 15-20s,1963
0SykUUAO,109,1-0,White,<=5s vs 5-10s,2233
p4QBIKQo,82,0-1,Black,<=5s vs 10-15s,2130
IrRVVkuQ,88,0-1,Black,<=5s vs 15-20s,2145
2E4RM1au,51,1-0,White,<=5s vs <=5s,1553
ICJHZ5pA,74,0-1,Black,<=5s vs 5-10s,1490
wbimWv1n,67,1-0,White,<=5s vs 5-10s,1643
jUWZhK9u,67,1-0,White,<=5s vs 10-15s,1701
TO7ReGfv,40,0-1,Black,<=5s vs <=5s,1033
pcbgw6Hf,53,1-0,White,<=5s vs <=5s,1576
ODI3ui3r,60,0-1,Black,<=5s vs <=5s,1075
FngvxkOU,85,0-1,White,<=5s vs 5-10s,1663
I1FY4L9J,48,0-1,Black,<=5s vs 15-20s,3041
QwZ4qusw,72,0-1,Black,<=5s vs 15-20s,1732
b8SVTUTH,100,0-1,Black,<=5s vs 5-10s,2674
il7r5yQO,61,1-0,White,<=5s vs 15-20s,1593
QORRJgx7,113,1-0,White,<=5s vs 10-15s,2300
p5u7SZ3L,107,0-1,White,<=5s vs <=5s,2876
BWgTOrP3,60,1-0,Black,<=5s vs 10-15s,1869
vCNxodLE,79,1-0,White,<=5s vs 10-15s,2328
JQcf5tT9,194,0-1,Black,<=5s vs <=5s,2086
8STcBhUl,136,1/2-1/2,Black,<=5s vs 5-10s,2538
NK8S5WUn,75,1-0,White,<=5s vs 10-15s,1934
Hfc4k2ek,82,0-1,Black,<=5s vs 5-10s,1760
Ph0Zlfr6,72,1/2-1/2,Black,<=5s vs 5-10s,1847
Fu9xXYiX,95,1-0,White,<=5s vs 5-10s,2173
0vsFGTc8,34,0-1,Black,<=5s vs 15-20s,1111
wyfMDSGW,71,1-0,White,<=5s vs 10-15s,1246
DNNPC9s3,94,0-1,Black,<=5s vs 5-10s,2251
ZTbee5NV,50,0-1,Black,<=5s vs 15-20s,1255
F9SWcrVu,71,1-0,White,<=5s vs 5-10s,1292
cP6dy0Ks,63,1-0,White,<=5s vs 10-15s,1565
DTaUSZ6H,86,0-1,Black,<=5s vs 5-10s,2315
T89B4qKS,98,0-1,Black,<=5s vs 10-15s,2674
s2rTsyJR,34,0-1,Black,<=5s vs 10-15s,1123
oLdkYIZl,57,1-0,White,<=5s vs 10-15s,1149
SJVRcbvP,55,1-0,White,<=5s vs 15-20s,1803
kzzcyTNv,65,1-0,White,<=5s vs 5-10s,1162
E54sBzzg,51,0-1,White,<=5s vs 15-20s,1239
GuxE371e,61,1-0,White,<=5s vs 10-15s,1853
FzDGH2Uz,105,1-0,White,<=5s vs 5-10s,2376
aXRLFVUj,66,0-1,Black,<=5s vs 10-15s,1744
LuNGPViX,65,0-1,White,<=5s vs <=5s,1648
s3XlXehJ,72,0-1,Black,<=5s vs 5-10s,2671
fR8CuA0X,125,1/2-1/2,White,<=5s vs 15-20s,2210
G3T4GWc2,80,0-1,Black,<=5s vs <=5s,1419
imppY2tJ,64,0-1,Black,<=5s vs <=5s,1942
VLFEir2j,66,1-0,Black,<=5s vs 5-10s,2064
eaSF4GAh,91,1-0,White,<=5s vs 5-10s,2637
mKDgxChL,46,0-1,Black,<=5s vs 15-20s,1813
iyOBjPhc,60,1/2-1/2,Black,<=5s vs 5-10s,1647
MrvswSIT,74,0-1,Black,<=5s vs 5-10s,1793
TCra1CQx,70,1-0,Black,<=5s vs 5-10s,2071
fWhbMxvi,122,0-1,Black,<=5s vs 5-10s,1806
UEGsWDJ6,89,1-0,White,<=5s vs 5-10s,2252
8LqtqDdt,135,1/2-1/2,White,<=5s vs 15-20s,2314
55KuDzwu,82,1/2-1/2,Black,<=5s vs 15-20s,2296
VJgYyqtv,72,1-0,Black,<=5s vs 5-10s,2234
6pf3lapw,77,0-1,White,<=5s vs 5-10s,2849
674sM49D,64,0-1,Black,<=5s vs 10-15s,1617
8qOQcGHr,77,1-0,White,<=5s vs 5-10s,2358
kssnbwET,68,0-1,Black,<=5s vs 15-20s,1751
W5tptFP4,48,0-1,Black,<=5s vs 10-15s,2384
UNGvS2z8,61,1-0,White,<=5s vs 15-20s,1714
i65yBTb2,66,0-1,Black,<=5s vs 5-10s,1979
D4tz8Vd6,46,0-1,Black,<=5s vs 10-15s,1215
MFW0fy6A,84,0-1,Black,<=5s vs 5-10s,2141
RZwNmR65,69,1-0,White,<=5s vs 15-20s,1839
Ue7yfE1A,55,1-0,White,<=5s vs 10-15s,1065
VOjsTzZD,70,0-1,Black,<=5s vs 5-10s,1345
Fm1IJhn1,56,0-1,Black,<=5s vs 5-10s,2226
AGC4tEGE,85,0-1,White,<=5s vs 5-10s,2659
oCpCYV1l,119,1-0,White,<=5s vs 15-20s,2726
ijOgpETH,64,0-1,Black,<=5s vs 5-10s,1701
udv1pjLD,67,1-0,White,<=5s vs 10-15s,1633
ZJLRdRGh,62,0-1,Black,<=5s vs 10-15s,1576
qLClyElK,72,0-1,Black,<=5s vs 10-15s,2239
CBtMCTVG,42,0-1,Black,<=5s vs 5-10s,740
jKihqko3,109,1-0,White,<=5s vs <=5s,2196
yzG1ss05,64,0-1,Black,<=5s vs 5-10s,962
GEONrGCU,57,0-1,White,<=5s vs <=5s,1171
YVsc8eyY,82,0-1,Black,<=5s vs 10-15s,1537
xPfMQVkx,65,1-0,White,<=5s vs 10-15s,1609
oWzBpZxM,77,1-0,White,<=5s vs 5-10s,1601
vaMJmj9C,94,1-0,Black,<=5s vs <=5s,2360
AUQMj4nl,90,0-1,Black,<=5s vs 5-10s,2690
YfZPXbs9,36,0-1,Black,<=5s vs 15-20s,895
7rmHiGyQ,83,1-0,White,<=5s vs 5-10s,2015
0eDNqPfW,76,0-1,Black,<=5s vs 15-20s,2604
8Zkf4ugT,86,0-1,Black,<=5s vs 15-20s,2329
NAI5xCrc,103,1-0,White,<=5s vs 15-20s,2484
dubivkbL,46,1-0,Black,<=5s vs <=5s,1687
bZ7Q9VJf,43,1-0,White,<=5s vs 5-10s,1715
2PQXBXqt,79,1-0,White,<=5s vs 5-10s,2572
DkGOc1XM,59,1-0,White,<=5s vs 5-10s,1586
xGKTEGim,63,1-0,White,<=5s vs 5-10s,1513
WIeZZ989,99,1-0,White,<=5s vs 5-10s,2348
LqgfGP3P,57,1-0,White,<=5s vs 5-10s,1455
MQjE8v11,67,1-0,White,<=5s vs 15-20s,1738
SVzo4LLG,72,1-0,Black,<=5s vs <=5s,1804
PUb72X1L,84,0-1,Black,<=5s vs 5-10s,1877
MXS294AJ,57,1-0,White,<=5s vs 10-15s,1221
jPM4KUEc,82,0-1,Black,<=5s vs 10-15s,2314
zDp02SiK,63,0-1,White,<=5s vs 5-10s,1993
LB6ZXdrL,113,0-1,White,<=5s vs <=5s,2776
aHJaUHXq,50,0-1,Black,<=5s vs 5-10s,1578
fTYJFvCI,84,0-1,Black,<=5s vs 10-15s,2275
AjlrCDTN,56,0-1,Black,<=5s vs 15-20s,1505
lNUYP8nf,81,0-1,White,<=5s vs 5-10s,2260
EWbk9GQc,69,1-0,White,<=5s vs 10-15s,1407
hGv4LEqw,52,0-1,Black,<=5s vs 10-15s,1976
7rXoLl2G,55,1-0,White,<=5s vs 5-10s,1173
XzN75YiJ,72,0-1,Black,<=5s vs 15-20s,1448
baATFQdb,103,0-1,White,<=5s vs 5-10s,2583
mY8STeAs,76,0-1,Black,<=5s vs 10-15s,2011
E4cAlziu,145,0-1,White,<=5s vs <=5s,2158
tk4zAcsJ,43,1-0,White,<=5s vs 10-15s,1399
r2AFW1oU,58,0-1,Black,<=5s vs 5-10s,970
MfsQjuuH,53,1-0,White,<=5s vs 5-10s,1991
Wo5V98yE,67,1-0,White,<=5s vs 5-10s,1733
TFytyHOh,70,0-1,Black,<=5s vs 10-15s,1845
sWET9JCD,79,1-0,White,<=5s vs 5-10s,2249
LJEmZJyV,82,1-0,Black,<=5s vs <=5s,2387
WqruV6cy,64,0-1,Black,<=5s vs 15-20s,1840
ACCEh7Ui,47,1-0,White,<=5s vs 5-10s,1485
IJSjEu5m,59,1-0,White,<=5s vs 15-20s,3021
6VZWwSqa,66,0-1,Black,<=5s vs <=5s,1824
NIx0oh21,95,1-0,White,<=5s vs 5-10s,1920
WhwSr73t,74,0-1,Black,<=5s vs <=5s,1807
VeifcS7p,59,1-0,White,<=5s vs 5-10s,1487
3xskbJBC,61,1-0,White,<=5s vs <=5s,1313
NJnQWA1k,96,0-1,Black,<=5s vs 15-20s,2833
5aw23LTK,74,0-1,Black,<=5s vs 5-10s,2248
pltkq4KT,62,0-1,Black,<=5s vs 10-15s,1681
Us2Xj3Hz,55,1-0,White,<=5s vs 10-15s,928
GJQJt3Y6,90,0-1,Black,<=5s vs 5-10s,2086
7Ft8Sytn,89,1-0,White,<=5s vs 15-20s,2324
K7a1P1hW,81,1-0,White,<=5s vs 5-10s,1257
OO8QzwiK,126,1/2-1/2,Black,<=5s vs 5-10s,2575
Xcu0p50j,49,1-0,White,<=5s vs 10-15s,1023
W5smBmZC,69,1-0,White,<=5s vs 15-20s,2238
ODCCOp5C,103,1-0,White,<=5s vs 10-15s,1877
3JGMQtoM,77,1-0,White,<=5s vs 10-15s,2268
n95zVXcG,70,1-0,Black,<=5s vs 5-10s,1763
Jhg0qMWl,34,0-1,Black,<=5s vs 15-20s,1347
JXig1sRL,57,1-0,White,<=5s vs 10-15s,1437
ix3Axzrx,65,1-0,White,<=5s vs 15-20s,1863
4RewmuZp,113,1-0,White,<=5s vs 15-20s,1887
FHiZtehJ,98,1-0,Black,<=5s vs 5-10s,2256
4Z4DbgZY,40,0-1,Black,<=5s vs 5-10s,1487
defg9ETK,77,1-0,White,<=5s vs 5-10s,1733
mbW4TI47,78,0-1,Black,<=5s vs 10-15s,1475
efTCkeRn,71,1-0,White,<=5s vs 5-10s,2140
yNyihbuz,77,1-0,White,<=5s vs <=5s,1320
d7lr1d2q,70,0-1,Black,<=5s vs 15-20s,1716
2uix04o1,63,0-1,White,<=5s vs <=5s,1298
Rzg2eBSg,142,0-1,Black,<=5s vs 15-20s,2692
jPoD9NMN,60,1-0,Black,<=5s vs 5-10s,1372
PuZgt66R,73,1-0,White,<=5s vs 5-10s,2466
PYtHVvt8,74,0-1,Black,<=5s vs 10-15s,2300
V7HCoV7Q,54,0-1,Black,<=5s vs 15-20s,1653
CN4Symru,82,1-0,Black,<=5s vs 5-10s,2414
pOwuo5C1,84,0-1,Black,<=5s vs 5-10s,2064
u0rEqWAG,79,1-0,White,<=5s vs 10-15s,1589
62FbWkdQ,81,1-0,White,<=5s vs 5-10s,1531
1uLNwTqA,78,0-1,Black,<=5s vs 10-15s,2562
T53QlMSN,71,1-0,White,<=5s vs 5-10s,2363
Uo6mtyUl,74,0-1,Black,<=5s vs 5-10s,2556
LDQEtF1W,93,1-0,White,<=5s vs 5-10s,2782
LsrIhO4B,59,1-0,White,<=5s vs 15-20s,2114
hndRc2pZ,65,1-0,White,<=5s vs 10-15s,1201
7kNf3XH4,49,0-1,White,<=5s vs 15-20s,1281
wvcqp8fX,64,0-1,Black,<=5s vs <=5s,1664
IKZg5aHG,62,0-1,Black,<=5s vs 10-15s,1982
xDeBt6py,59,1-0,White,<=5s vs 15-20s,1959
5I87Y33Z,79,1-0,White,<=5s vs 5-10s,1280
C0L6HeiW,76,0-1,Black,<=5s vs 5-10s,1732
lXoaAdba,45,1-0,White,<=5s vs 10-15s,1521
WMv0SPVg,104,1/2-1/2,Black,<=5s vs <=5s,2520
UMXQeOo6,54,0-1,Black,<=5s vs 10-15s,1356
NrvjeI3B,43,1-0,White,<=5s vs 15-20s,1052
e81vLNdz,102,0-1,Black,<=5s vs 15-20s,2315
4ZyDjvOo,66,0-1,Black,<=5s vs 5-10s,2341
YoNksgA4,63,1-0,White,<=5s vs 10-15s,1343
3iZpUJPv,162,0-1,Black,<=5s vs 15-20s,2217
RlbqwSmV,60,0-1,Black,<=5s vs 15-20s,1826
zbB8TjVU,65,1-0,White,<=5s vs 10-15s,1350
kpXj4S0P,61,1-0,White,<=5s vs 10-15s,1656
ef7CMknD,91,1-0,White,<=5s vs 5-10s,2136
t5MzdZ9l,95,1-0,White,<=5s vs 5-10s,2272
T61yy4di,74,0-1,Black,<=5s vs 5-10s,1330
1taRLEkx,81,1-0,White,<=5s vs <=5s,1659
NL0uQFbT,46,0-1,Black,<=5s vs 5-10s,1269
K1rCMhCM,75,1-0,White,<=5s vs 5-10s,1466
GwIXTIB6,106,0-1,Black,<=5s vs <=5s,2622
2qRp9jte,80,0-1,Black,<=5s vs 10-15s,2004
hxpJcJSW,51,1-0,White,<=5s vs 10-15s,1940
RnYFeByv,102,0-1,Black,<=5s vs <=5s,1980
yqt4Pl22,51,1-0,White,<=5s vs 15-20s,1382
ja0WkEm6,106,0-1,Black,<=5s vs 10-15s,2595
zlYXJfyT,66,0-1,Black,<=5s vs 15-20s,1923
PVlettM8,127,1-0,White,<=5s vs 5-10s,2267
UsB2e4fx,75,1-0,White,<=5s vs 5-10s,2247
OxhYMC65,128,1-0,Black,<=5s vs <=5s,2068
NJMhr4Fk,93,1-0,White,<=5s vs 15-20s,2612
3sGrxPDG,68,1-0,Black,<=5s vs <=5s,2118
R7Y6RLrG,66,0-1,Black,<=5s vs 5-10s,1893
fv4ym5Pq,74,0-1,Black,<=5s vs 15-20s,1804
WExUG07Y,65,1-0,White,<=5s vs 10-15s,1315
MzRhpdPD,89,1-0,White,<=5s vs <=5s,2193
PpsWMLIt,46,0-1,Black,<=5s vs 15-20s,922
68i4BnoP,74,0-1,Black,<=5s vs 5-10s,1990
M2q9mD1X,58,0-1,Black,<=5s vs 5-10s,1040
ofgJhxhm,112,0-1,Black,<=5s vs <=5s,1986
F3AO0Cfh,106,1/2-1/2,Black,<=5s vs 5-10s,2006
hO9pV0Os,48,0-1,Black,<=5s vs 15-20s,846
769m23rC,86,0-1,Black,<=5s vs 10-15s,2670
rc1Pg4Ch,57,1-0,White,<=5s vs 5-10s,1232
B0gJ08Ag,53,1-0,White,<=5s vs 10-15s,2326
3SecLciq,127,1-0,White,<=5s vs <=5s,2296
Qxpnpy3m,53,1-0,White,<=5s vs 15-20s,1773
3f4wB97L,81,1-0,White,<=5s vs 15-20s,1571
Jt2MvULd,57,1-0,White,<=5s vs 15-20s,2539
KvkKtauG,55,1-0,White,<=5s vs 10-15s,1769
hK2bNxBK,56,0-1,Black,<=5s vs 10-15s,1794
PjPLz8Rc,118,0-1,Black,<=5s vs <=5s,1553
j0iYTqqY,76,1/2-1/2,Black,<=5s vs 10-15s,2054
RfrSlLv0,68,1-0,Black,<=5s vs <=5s,2142
JGEAeAeA,107,1-0,White,<=5s vs 10-15s,2468
fowqoEpo,62,0-1,Black,<=5s vs 10-15s,1612
TwTAWM4X,92,0-1,Black,<=5s vs 10-15s,2778
OQPyjRK0,75,0-1,White,<=5s vs 10-15s,2486
V0mZRi5M,66,1-0,Black,<=5s vs <=5s,1234
TFIVWwQb,59,1-0,White,<=5s vs 15-20s,2357
14skNP4y,89,1-0,White,<=5s vs 5-10s,2415
sJlYoshs,89,1-0,White,<=5s vs 10-15s,2722
HBvWAybb,108,1-0,Black,<=5s vs <=5s,2663
AyfWVzFq,62,0-1,Black,<=5s vs 15-20s,2239
y6btWJ4R,102,0-1,Black,<=5s vs 15-20s,2539
nHWgDqZd,76,0-1,Black,<=5s vs 15-20s,2414
Wnur6hE1,121,1-0,White,<=5s vs 5-10s,1886
nHsXN3JK,59,1-0,White,<=5s vs 15-20s,1068
A7jaU99C,63,1-0,White,<=5s vs 5-10s,1319
HmUT0JvK,61,1-0,White,<=5s vs 15-20s,1472
TB2I80o7,58,0-1,Black,<=5s vs 10-15s,1139
Pal9VCpr,93,1-0,White,<=5s vs 5-10s,2456
CKc44ntB,74,1-0,Black,<=5s vs 10-15s,1954
OSzhcpR9,107,1-0,White,<=5s vs 15-20s,2391
PXiHJpFT,79,1-0,White,<=5s vs 15-20s,2629
OyxHT7YZ,75,1-0,White,<=5s vs 5-10s,1740
C1LnsKIi,56,0-1,Black,<=5s vs 10-15s,1388
hBK54Cwu,53,1-0,White,<=5s vs 10-15s,2254
MhRz5jM3,60,0-1,Black,<=5s vs 15-20s,1938
JBnhra2p,59,0-1,White,<=5s vs <=5s,1388
Y34aaTGY,45,1-0,White,<=5s vs 5-10s,1175
6F17h0LE,76,0-1,Black,<=5s vs 10-15s,1739
3A47AsXb,118,1-0,Black,<=5s vs <=5s,2906
EfdAywfz,83,0-1,White,<=5s vs 5-10s,2364
fUTsmf5L,72,0-1,Black,<=5s vs 15-20s,2836
Tweg3gTe,68,0-1,Black,<=5s vs 5-10s,1351
7b2IzCud,93,1-0,White,<=5s vs 5-10s,2136
qxCy3l7f,69,1-0,White,<=5s vs 10-15s,1238
mCE9JzsM,95,1-0,White,<=5s vs 10-15s,2990
HwsOsUgy,74,1-0,Black,<=5s vs 5-10s,1417
54uQ7wZe,120,0-1,Black,<=5s vs 15-20s,1989
NWvb4Edu,64,0-1,Black,<=5s vs 5-10s,2142
UhLaWYa8,127,1-0,White,<=5s vs 15-20s,2227
y8HG0qEp,75,1-0,White,<=5s vs 10-15s,2358
KSuramNe,57,1-0,White,<=5s vs 10-15s,1152
ZcLILiSM,60,0-1,Black,<=5s vs 10-15s,1546
hRvXcE3T,68,1-0,Black,<=5s vs <=5s,1359
8V97kgxo,78,0-1,Black,<=5s vs 15-20s,2255
d91y8osm,51,1-0,White,<=5s vs 5-10s,1814
FmNFMhrl,59,1-0,White,<=5s vs 10-15s,2108
LD25DNAK,89,1-0,White,<=5s vs 10-15s,2576
P41OYRro,86,1-0,Black,<=5s vs 5-10s,2361
CHnFpF4i,58,0-1,Black,<=5s vs 5-10s,1349
mDFP74gj,52,0-1,Black,<=5s vs 5-10s,1408
p0HuAjUQ,38,0-1,Black,<=5s vs 15-20s,1119
DjscoCSY,74,0-1,Black,<=5s vs 10-15s,1811
e7W3HFQc,50,0-1,Black,<=5s vs 10-15s,1493
OzM0O39D,70,0-1,Black,<=5s vs 10-15s,1613
rMAlMSRH,68,0-1,Black,<=5s vs 10-15s,1700
XMep2rv4,62,0-1,Black,<=5s vs <=5s,1815
4dJX6etr,57,1-0,White,<=5s vs 10-15s,1485
JWjwxq6z,97,1-0,White,<=5s vs 5-10s,2002
F4M76dSf,125,1/2-1/2,White,<=5s vs <=5s,2627
SbZn4IhL,78,0-1,Black,<=5s vs 15-20s,2150
AghBhqLq,66,0-1,Black,<=5s vs 15-20s,1346
uE4CAymJ,120,0-1,Black,<=5s vs 5-10s,2621
QBTeZFlg,72,1-0,Black,<=5s vs 5-10s,1616
IC6rXMJx,45,1-0,White,<=5s vs 10-15s,993
Z25YifLv,83,0-1,White,<=5s vs 10-15s,2107
yS1PKpU5,86,0-1,Black,<=5s vs 5-10s,1835
1tRFYxIc,41,1-0,White,<=5s vs 15-20s,1102
IILcJCdi,58,0-1,Black,<=5s vs 5-10s,1291
4CufJvWk,69,1-0,White,<=5s vs 10-15s,1299
hX9x3Fks,112,1/2-1/2,Black,<=5s vs 5-10s,1565
HdXP0YrK,73,1-0,White,<=5s vs 10-15s,1840
XjJIrv3N,67,1-0,White,<=5s vs 10-15s,2199
M6p9jcbA,51,1-0,White,<=5s vs 5-10s,1004
McMYy3tL,48,0-1,Black,<=5s vs 10-15s,959
S6IHjkFe,57,1-0,White,<=5s vs 15-20s,2359
Zq8vQYZ2,59,1-0,White,<=5s vs 10-15s,1628
ZU2ZSd6d,141,0-1,White,<=5s vs <=5s,2270
4FFgmYvy,129,1/2-1/2,White,<=5s vs 10-15s,2339
CudLnU3U,64,0-1,Black,<=5s vs 10-15s,2029
jxI6SbrQ,78,0-1,Black,<=5s vs 15-20s,1770
MKsvXE6j,63,1-0,White,<=5s vs 15-20s,2027
SikD5viz,69,1-0,White,<=5s vs 15-20s,2072
Sf9jiPNI,70,0-1,Black,<=5s vs 5-10s,1497
Svg4JBVS,96,1-0,Black,<=5s vs <=5s,1767
D1oZm8JB,101,1-0,White,<=5s vs 15-20s,1884
12AQAr9w,90,1/2-1/2,Black,<=5s vs <=5s,1982
al4t6X0S,82,1/2-1/2,Black,<=5s vs <=5s,2358
wigRNwi2,72,0-1,Black,<=5s vs 5-10s,1920
5roF44Uy,68,0-1,Black,<=5s vs 15-20s,2292
EluQDltc,53,1-0,White,<=5s vs 15-20s,1423
D4Dc3Yyh,57,1-0,White,<=5s vs 15-20s,1122
rx3lNZ0q,61,1-0,White,<=5s vs 15-20s,1225
2igDB28Y,129,1-0,White,<=5s vs 5-10s,2656
9ASJ7JPV,108,0-1,Black,<=5s vs 5-10s,2620
LLNgZhHU,61,1-0,White,<=5s vs 15-20s,1579
nxKRT1aC,88,1-0,Black,<=5s vs 5-10s,2034
SmjcLO4L,40,0-1,Black,<=5s vs 10-15s,853
RWDuMOci,83,1-0,White,<=5s vs 10-15s,2001
UL1Ohbm8,59,1-0,White,<=5s vs 15-20s,1817
g4AtI1BI,101,1-0,White,<=5s vs 10-15s,2906
caVTJqka,68,1-0,Black,<=5s vs <=5s,2286
NBsxEYrZ,107,1/2-1/2,White,<=5s vs 5-10s,2748
DwJQEr6B,71,1-0,White,<=5s vs 10-15s,2246
L1uRx4NG,117,1-0,White,<=5s vs 5-10s,2438
eTljqzqh,91,1-0,White,<=5s vs 10-15s,1419
ZYzta7Es,43,1-0,White,<=5s vs <=5s,800
4vjiqe7u,88,1-0,Black,<=5s vs 5-10s,2598
5m5nI1na,114,1-0,Black,<=5s vs 5-10s,2013
Uc4xnX9E,66,0-1,Black,<=5s vs 5-10s,955
nHn9yik6,113,1/2-1/2,White,<=5s vs 15-20s,1658
OyajgtMq,64,0-1,Black,<=5s vs 5-10s,2511
7JvlVyvL,78,1-0,Black,<=5s vs 5-10s,2377
S4K6t1ne,80,0-1,Black,<=5s vs 5-10s,1915
FPrPYuXq,65,1-0,White,<=5s vs 10-15s,1842
67t2tUwZ,64,0-1,Black,<=5s vs 10-15s,1403
XKCN9z8u,72,0-1,Black,<=5s vs 10-15s,1654
LOu0dA9x,68,1-0,Black,<=5s vs <=5s,1252
GlIAEVvK,64,1-0,Black,<=5s vs 5-10s,1497
ryVIF8kz,39,1-0,White,<=5s vs 15-20s,1348
ANNDJDu2,63,1-0,White,<=5s vs 15-20s,1994
4RWEysjv,97,1/2-1/2,White,<=5s vs 5-10s,2574
YV2UvTu8,92,0-1,Black,<=5s vs 5-10s,2214
XR5DiQ8T,52,0-1,Black,<=5s vs 5-10s,1741
FCsy0R8g,68,0-1,Black,<=5s vs 5-10s,976
IxKkGOEs,70,0-1,Black,<=5s vs 15-20s,1278
NYXLcHwU,79,1-0,White,<=5s vs 5-10s,2412
8UoKQ5in,64,1-0,Black,<=5s vs <=5s,2406
zOsI8G2Z,66,0-1,Black,<=5s vs 5-10s,1256
e438tewU,79,1-0,White,<=5s vs 10-15s,2176
JUui0GsD,80,0-1,Black,<=5s vs 10-15s,2397
XkZ5Vrah,108,0-1,Black,<=5s vs 15-20s,1402
EaCVm2DS,79,0-1,White,<=5s vs 15-20s,1426
QZvSkv4p,39,1-0,White,<=5s vs 10-15s,931
1pfvAbek,85,1-0,White,<=5s vs 10-15s,2141
9zxVDu1E,87,1-0,White,<=5s vs <=5s,2288
q2oM70eL,76,0-1,Black,<=5s vs 5-10s,1453
qJxhoPMK,81,0-1,White,<=5s vs 5-10s,1372
ZFqCdc8t,104,0-1,Black,<=5s vs 15-20s,2406
WU21ZCCR,64,0-1,Black,<=5s vs 15-20s,2032
sF8XrbjM,68,0-1,Black,<=5s vs 5-10s,1902
uePim7oe,61,1-0,White,<=5s vs 15-20s,1902
ZNK9sN86,43,1-0,White,<=5s vs 5-10s,1867
9GPpwu8W,84,1-0,Black,<=5s vs 5-10s,2798
CwGOoezP,79,1-0,White,<=5s vs 5-10s,2010
XGzLgFjk,77,0-1,White,<=5s vs <=5s,2644
84ztK1FF,88,0-1,Black,<=5s vs 10-15s,1751
ARhCysNn,98,0-1,Black,<=5s vs <=5s,2231
Qnnx7dK7,85,1-0,White,<=5s vs <=5s,1264
3yBLOFgo,134,1-0,Black,<=5s vs <=5s,2794
xs90bYz5,42,0-1,Black,<=5s vs 10-15s,1315
jwSphk69,63,1-0,White,<=5s vs 5-10s,1289
Luoq4sEi,62,0-1,Black,<=5s vs 10-15s,1533
j7MS45ZS,55,1-0,White,<=5s vs 10-15s,1250
k5n3Otci,43,1-0,White,<=5s vs 10-15s,1116
FFPqXyqp,86,1-0,Black,<=5s vs <=5s,1112
P0oLY6zs,81,1-0,White,<=5s vs <=5s,579
ySpl0N1V,85,0-1,White,<=5s vs <=5s,2607
Ak4hZ7it,86,0-1,Black,<=5s vs 5-10s,1857
Wy4BHc1L,76,1/2-1/2,Black,<=5s vs 15-20s,2197
653BXU5l,46,0-1,Black,<=5s vs 15-20s,1261
5THGlWoB,42,0-1,Black,<=5s vs 15-20s,1258
IyqLLfYc,66,0-1,Black,<=5s vs 5-10s,1097
XDkj2frH,70,0-1,Black,<=5s vs 5-10s,2528
2FkbdelO,73,1-0,White,<=5s vs 10-15s,2618
JbGHr6LU,84,0-1,Black,<=5s vs 15-20s,1579
dEQZcZxk,40,0-1,Black,<=5s vs 15-20s,767
GKLEhJYj,105,1-0,White,<=5s vs 15-20s,2059
cB3i1ukI,58,0-1,Black,<=5s vs 10-15s,2372
ST2zEpht,81,1-0,White,<=5s vs 10-15s,1700
iz9KH4oF,45,1-0,White,<=5s vs 15-20s,1144
zbKYqGCY,122,1/2-1/2,Black,<=5s vs 5-10s,2898
X1JmYKv3,68,1-0,Black,<=5s vs <=5s,1973
jgPdBs8Y,81,1/2-1/2,White,<=5s vs 10-15s,2244
v3A0UBhm,133,1-0,White,<=5s vs 5-10s,2729
zHVaBSUO,56,0-1,Black,<=5s vs 15-20s,1582
G49QJNZw,75,1-0,White,<=5s vs 5-10s,1672
IWqZE1Wz,72,0-1,Black,<=5s vs 5-10s,1712
ukiTbvem,49,1-0,White,<=5s vs 10-15s,1208
BHVL7yuF,74,0-1,Black,<=5s vs 5-10s,2322
LrfRx4ka,90,0-1,Black,<=5s vs 15-20s,1803
ve1IYk2U,77,1-0,White,<=5s vs 10-15s,1456
QQRZVOsW,87,1-0,White,<=5s vs 5-10s,2077
1dzaRbKB,46,1-0,Black,<=5s vs 15-20s,1684
33cOVbzT,80,0-1,Black,<=5s vs 5-10s,2178
yYHzQUfx,58,0-1,Black,<=5s vs 5-10s,1101
Aco1KD6m,90,0-1,Black,<=5s vs 10-15s,2158
6MYCRtQG,48,0-1,Black,<=5s vs 10-15s,1725
iiwEtWNi,84,0-1,Black,<=5s vs 15-20s,1851
ZhFqQ1Qw,56,0-1,Black,<=5s vs <=5s,1619
9gbvUy4L,49,1-0,White,<=5s vs 10-15s,1482
BeIBVE9B,65,1-0,White,<=5s vs 10-15s,2149
poXbbcT3,149,1/2-1/2,White,<=5s vs 5-10s,2176
ijRj9Ce2,73,1-0,White,<=5s vs 15-20s,2086
wostlrf0,71,1-0,White,<=5s vs 10-15s,2207
kblDrdVK,58,1-0,Black,<=5s vs 10-15s,1742
V47v85zN,81,1-0,White,<=5s vs 10-15s,1899
27h1UjiJ,79,1-0,White,<=5s vs 5-10s,1965
RH2RsoFQ,59,0-1,White,<=5s vs 15-20s,643
VXH4a8nH,71,1-0,White,<=5s vs 15-20s,2641
pzILMyfb,46,0-1,Black,<=5s vs 5-10s,785
OlhfdzZB,42,0-1,Black,<=5s vs 15-20s,1062
o8gICtC0,57,1-0,White,<=5s vs 5-10s,1523
Z4JqJn4P,146,1/2-1/2,Black,<=5s vs 10-15s,2486
2VwSFL60,87,1-0,White,<=5s vs 10-15s,2370
cjCEI9dB,65,1-0,White,<=5s vs 5-10s,1311
VAgDbksQ,50,0-1,Black,<=5s vs 15-20s,1076
qeduMMFi,67,1-0,White,<=5s vs 10-15s,1736
oPLVLcBn,92,0-1,Black,<=5s vs 5-10s,2219
3EtFvzud,51,1-0,White,<=5s vs 10-15s,1899
4It4EnMD,50,0-1,Black,<=5s vs 10-15s,1698
DhjU9Plx,101,0-1,White,<=5s vs <=5s,2480
7K3lKp17,113,1-0,White,<=5s vs 10-15s,2307
yXQV3Ird,57,1-0,White,<=5s vs 10-15s,2007
T7XgzOU4,84,0-1,Black,<=5s vs 15-20s,1906
a0Dc2hI8,71,1-0,White,<=5s vs 5-10s,1757
QHU6SrSX,92,0-1,Black,<=5s vs 15-20s,1173
DQOYVR9G,65,1-0,White,<=5s vs 10-15s,1519
8nwFQhVz,53,1-0,White,<=5s vs 5-10s,1083
VyjHIvCz,105,1-0,White,<=5s vs 10-15s,1607
H9yckJJy,55,1-0,White,<=5s vs 5-10s,1096
jM6jkC2h,103,0-1,White,<=5s vs 5-10s,3058
S5b8nDdx,104,1-0,Black,<=5s vs <=5s,2696
L9kR3Fcq,57,0-1,White,<=5s vs <=5s,824
SUm5BErg,40,1-0,Black,<=5s vs 5-10s,1660
9kY7x5Ay,53,1-0,White,<=5s vs 10-15s,1465
X2UG5Nrc,79,1-0,White,<=5s vs 5-10s,1905
bhv7qSUB,54,0-1,Black,<=5s vs 15-20s,1526
ogzjlCvp,60,1-0,Black,<=5s vs <=5s,1684
QanaDjqb,60,0-1,Black,<=5s vs 5-10s,2199
oMAStzvh,45,1-0,White,<=5s vs 10-15s,1484
OXkcRRr4,60,1/2-1/2,Black,<=5s vs 15-20s,1577
tPt31QUd,40,0-1,Black,<=5s vs 5-10s,1834
6wMZbxcl,75,1-0,White,<=5s vs 5-10s,2117
UBYCKa3f,68,0-1,Black,<=5s vs 10-15s,1297
RJ7rh0HS,73,1-0,White,<=5s vs 10-15s,2431
dxlFrl3U,44,0-1,Black,<=5s vs 15-20s,1130
P3EglDvO,39,1-0,White,<=5s vs 15-20s,677
yjp0RNAF,63,1-0,White,<=5s vs 5-10s,1934
5SYPLQuq,108,0-1,Black,<=5s vs <=5s,2451
dfEqfNjS,113,1-0,White,<=5s vs 5-10s,2214
0uXaNEVz,75,1-0,White,<=5s vs 5-10s,1821
rGu44tLm,53,1-0,White,<=5s vs 10-15s,1404
asEwvrrt,47,1-0,White,<=5s vs 10-15s,1375
D2Scev5M,79,0-1,White,<=5s vs 10-15s,2038
O9U3Aeco,118,0-1,Black,<=5s vs 10-15s,1526
ff3QmFdx,54,0-1,Black,<=5s vs 15-20s,1565
y1j0lcys,50,0-1,Black,<=5s vs 10-15s,903
DNKgHLWD,66,0-1,Black,<=5s vs 15-20s,1745
3JgYhCLO,48,0-1,Black,<=5s vs 15-20s,1731
zxxlAFJu,73,1-0,White,<=5s vs 5-10s,2017
3oK87esn,74,0-1,Black,<=5s vs 5-10s,2464
RF8VAohI,92,0-1,Black,<=5s vs <=5s,2058
aLjXw1HX,55,1-0,White,<=5s vs 15-20s,1256
iRkdNDn7,90,0-1,Black,<=5s vs 5-10s,1577
NHaUgtEa,107,1-0,White,<=5s vs 5-10s,2217
IfZkwDPp,78,0-1,Black,<=5s vs 5-10s,1956
VsT4PW5o,57,1-0,White,<=5s vs 5-10s,1012
HbWKA0hv,79,0-1,White,<=5s vs 5-10s,1480
2oeAuZZR,46,0-1,Black,<=5s vs 15-20s,1582
FE0SW76S,52,0-1,Black,<=5s vs 5-10s,1057
wdRcixSW,69,1-0,White,<=5s vs 15-20s,1384
GTUiF1Du,72,0-1,Black,<=5s vs 10-15s,2080
z9cVhOu5,48,0-1,Black,<=5s vs 15-20s,1210
XWTLsglB,71,1-0,White,<=5s vs 10-15s,1644
b5Jmfn96,59,1-0,White,<=5s vs 10-15s,1591
sKjo8lrH,57,1-0,White,<=5s vs 15-20s,1399
HpwDZPR0,56,0-1,Black,<=5s vs 15-20s,2137
Ue6nQ7qg,64,0-1,Black,<=5s vs 5-10s,1437
b29HaSVl,61,0-1,White,<=5s vs 5-10s,1035
YwmQjwhj,89,1-0,White,<=5s vs 15-20s,2023
nlolyyKB,95,1-0,White,<=5s vs 15-20s,2337
qrVbcaUH,104,0-1,Black,<=5s vs 10-15s,1940
dXG7oYbz,41,1-0,White,<=5s vs 5-10s,1058
W0rZ7DpX,72,1-0,Black,<=5s vs 10-15s,2175
tCO8Mgu7,90,1-0,Black,<=5s vs <=5s,2383
mCiyDUgV,87,1-0,White,<=5s vs 15-20s,2051
F9cm3WQ1,62,0-1,Black,<=5s vs 15-20s,1400
BWfkZF0a,113,1-0,White,<=5s vs <=5s,2078
xe9FfWGj,55,1-0,White,<=5s vs 10-15s,1012
o2ytBp60,53,1-0,White,<=5s vs 5-10s,1956
MBvl9yC8,119,1/2-1/2,White,<=5s vs 5-10s,2593
2Zgvyei0,46,0-1,Black,<=5s vs 15-20s,1543
uqh2DfTy,87,1-0,White,<=5s vs <=5s,1741
71YZY8kA,79,1/2-1/2,White,<=5s vs 5-10s,1218
MZHTCr8B,54,0-1,Black,<=5s vs <=5s,1620
gyMIbkSu,52,0-1,Black,<=5s vs 15-20s,1227
YpxIyuZF,122,0-1,Black,<=5s vs 5-10s,2395
w1GSOsXe,69,1-0,White,<=5s vs 15-20s,1920
BZhz6KJA,87,0-1,White,<=5s vs <=5s,1576
toNuBika,85,1-0,White,<=5s vs 5-10s,2347
zGvZP925,108,0-1,Black,<=5s vs 5-10s,2330
LJNsLE36,56,0-1,Black,<=5s vs 10-15s,2116
Kh3Wxx11,81,1-0,White,<=5s vs 5-10s,2274
27ZBk0YL,77,1-0,White,<=5s vs 15-20s,1645
kqml6m9b,65,0-1,White,<=5s vs 15-20s,2166
3SpBWQY9,88,0-1,Black,<=5s vs 5-10s,2196
TVOU3Ezi,60,0-1,Black,<=5s vs 15-20s,1838
JDqigynd,82,0-1,Black,<=5s vs 15-20s,1728
CRiJD4NC,64,0-1,Black,<=5s vs 10-15s,2220
9LL2mYJr,64,0-1,Black,<=5s vs 5-10s,1577
qtDQWfWv,96,1-0,Black,<=5s vs 5-10s,1928
4giiMf5b,92,0-1,Black,<=5s vs 5-10s,2136
tih32vhU,65,1-0,White,<=5s vs 10-15s,1273
YbqSjUDW,116,0-1,Black,<=5s vs 15-20s,2325
14iXM5ki,108,0-1,Black,<=5s vs 10-15s,2013
rRJQszSK,49,1-0,White,<=5s vs 5-10s,950
Mdf8zbOL,70,1-0,Black,<=5s vs 10-15s,1049
nbeBjatj,141,1-0,White,<=5s vs <=5s,2297
B6ETcNtL,61,1-0,White,<=5s vs 5-10s,1016
sB5YEUfO,101,1-0,White,<=5s vs 10-15s,1730
FdfePTcv,65,1-0,White,<=5s vs 15-20s,2764
MJse210F,94,0-1,Black,<=5s vs 5-10s,1383
00XbDbRE,88,1/2-1/2,Black,<=5s vs 10-15s,1745
LFlvr03u,82,0-1,Black,<=5s vs 15-20s,2398
SoHU7E67,64,0-1,Black,<=5s vs 10-15s,2637
ZCLjsvcp,49,0-1,White,<=5s vs <=5s,1154
SKf9y4fW,60,0-1,Black,<=5s vs 15-20s,2283
eFFtKmPA,46,1-0,Black,<=5s vs 5-10s,1277
JEPWX9V5,57,1-0,White,<=5s vs 10-15s,1143
i7ItDnBM,60,0-1,Black,<=5s vs 15-20s,1818
3WIdJkYF,60,0-1,Black,<=5s vs 5-10s,1783
DUoFWx9b,93,0-1,White,<=5s vs <=5s,2357
CTAbOXP7,60,0-1,Black,<=5s vs 5-10s,969
3MTMSM7P,61,1-0,White,<=5s vs 5-10s,1126
OnfSZ1Qh,71,1-0,White,<=5s vs 15-20s,1836
TQnYcCWF,103,1-0,White,<=5s vs 5-10s,2127
cF6eLq9g,84,0-1,Black,<=5s vs 10-15s,1637
qOII9ZjQ,177,0-1,White,<=5s vs 10-15s,2829
8q5XkduL,53,1-0,White,<=5s vs 10-15s,1075
zQPrFY4a,156,0-1,Black,<=5s vs 15-20s,2489
MKcz746y,112,0-1,Black,<=5s vs <=5s,2231
unvpk7lQ,61,1-0,White,<=5s vs 15-20s,1870
O7Ix2N0A,69,1-0,White,<=5s vs 5-10s,1637
ZXyNsPSO,102,0-1,Black,<=5s vs <=5s,2346
UQCeUXJn,62,0-1,Black,<=5s vs 10-15s,1513
AD0cummJ,125,1/2-1/2,White,<=5s vs 15-20s,2470
TbBhMW6C,83,1/2-1/2,White,<=5s vs 5-10s,2030
LUhPJZOS,61,1-0,White,<=5s vs 5-10s,1513
BfDxFVa4,66,0-1,Black,<=5s vs 15-20s,2428
deuhWT3b,69,1-0,White,<=5s vs 15-20s,1830
2xsP2O8h,57,1-0,White,<=5s vs 15-20s,1307
uWDLtzmq,80,0-1,Black,<=5s vs 10-15s,2971
agNb8az6,76,1-0,Black,<=5s vs 5-10s,1541
dBmyQEib,89,1-0,White,<=5s vs 10-15s,2283
shg8GHxj,40,0-1,Black,<=5s vs <=5s,1085
EF8waWgi,60,0-1,Black,<=5s vs 15-20s,1241
5wvWaM19,132,1/2-1/2,Black,<=5s vs 5-10s,2058
bhPt0G1h,50,0-1,Black,<=5s vs 15-20s,1706
gMoJ20GH,95,1-0,White,<=5s vs 15-20s,2894
AuCIgPIe,91,1-0,White,<=5s vs 5-10s,2915
EwWgAyri,72,0-1,Black,<=5s vs 5-10s,2169
X0iaoXsf,58,1-0,Black,<=5s vs 15-20s,2240
2U7YKfwW,130,1/2-1/2,Black,<=5s vs 5-10s,2084
DEXCrATU,106,0-1,Black,<=5s vs <=5s,2981
GjkJ3XCv,54,0-1,Black,<=5s vs 5-10s,1367
Y9HrA2RA,98,0-1,Black,<=5s vs 10-15s,2376
9gNhx9rE,79,1-0,White,<=5s vs 5-10s,2223
ybkhrY0O,73,1-0,White,<=5s vs 15-20s,1929
pDpIRoMW,43,1-0,White,<=5s vs 15-20s,1269
EjbPlY5M,93,1-0,White,<=5s vs <=5s,2444
nuJRKSfL,85,0-1,White,<=5s vs 10-15s,2218
atFqhQoe,63,1-0,White,<=5s vs 5-10s,1589
OomUffHo,121,0-1,White,<=5s vs 5-10s,2282
FcXQ0Rd7,48,0-1,Black,<=5s vs 10-15s,2388
ChHHFw61,93,1-0,White,<=5s vs 5-10s,2722
gv8bYs1A,66,0-1,Black,<=5s vs 10-15s,1517
zlqfVHNA,47,1-0,White,<=5s vs 10-15s,1531
6PAYJqdM,57,1-0,White,<=5s vs 10-15s,1751
YdfeaGo4,64,0-1,Black,<=5s vs 10-15s,1404
ThWsttA4,79,0-1,White,<=5s vs 5-10s,1959
68KxWicU,87,1-0,White,<=5s vs 10-15s,2315
xIenMAUV,72,0-1,Black,<=5s vs 10-15s,1923
ZVmEDjHY,80,0-1,Black,<=5s vs 15-20s,2423
4LxzcG1C,48,0-1,Black,<=5s vs 15-20s,1742
XPA8C1PW,53,1-0,White,<=5s vs 10-15s,1650
katMx1YN,72,0-1,Black,<=5s vs <=5s,1413
V69VH5Gq,56,0-1,Black,<=5s vs 10-15s,967
VzIQi9Nh,105,1/2-1/2,White,<=5s vs 10-15s,2506
DKWSdru6,115,1-0,White,<=5s vs 5-10s,2556
gacpdXtb,46,0-1,Black,<=5s vs 5-10s,1329
ZQBKsLxF,85,1-0,White,<=5s vs 15-20s,2410
b6KnG8NC,63,0-1,White,<=5s vs 10-15s,1849
M6JzG12x,101,1-0,White,<=5s vs 15-20s,1771
T0rd2ZOj,106,0-1,Black,<=5s vs 5-10s,2013
siNHJxGY,84,0-1,Black,<=5s vs 15-20s,2451
otVmiWyY,58,0-1,Black,<=5s vs <=5s,873
xXGL9JYR,83,1-0,White,<=5s vs 5-10s,1907
SSLRVYwM,67,1-0,White,<=5s vs 5-10s,1734
8SDg4zzK,87,1/2-1/2,White,<=5s vs 10-15s,2490
KbGqoDIA,45,0-1,White,<=5s vs 5-10s,1650
RcNcGwcR,191,1/2-1/2,White,<=5s vs 5-10s,2389
LKT4OffC,74,0-1,Black,<=5s vs <=5s,2315
SFOBooG7,40,0-1,Black,<=5s vs 10-15s,790
bS5ZUa8i,80,1-0,Black,<=5s vs 5-10s,2673
TQEq7qAX,96,0-1,Black,<=5s vs 5-10s,2408
3sr0ayss,61,1-0,White,<=5s vs 10-15s,1178
Pvi7TCN6,76,0-1,Black,<=5s vs 15-20s,1111
gCSYvGMn,94,0-1,Black,<=5s vs 5-10s,2010
9vHPeuzJ,58,0-1,Black,<=5s vs 10-15s,1121
399Lfl3R,48,0-1,Black,<=5s vs 10-15s,2061
6Fo3ptRd,91,1-0,White,<=5s vs 10-15s,2017
BrkzPyad,118,1/2-1/2,Black,<=5s vs 15-20s,2216
6YoVYHim,49,1-0,White,<=5s vs 5-10s,1322
iUhyAazv,63,1-0,White,<=5s vs 15-20s,1563
SWfNrjJ3,70,0-1,Black,<=5s vs 15-20s,1854
HX6ZNTmb,58,1/2-1/2,Black,<=5s vs 15-20s,1533
FtlYkLC5,62,0-1,Black,<=5s vs <=5s,1461
YelGYs8A,69,1-0,White,<=5s vs 5-10s,1811
DeBmDcav,70,0-1,Black,<=5s vs 5-10s,2475
tyIhCAEs,74,0-1,Black,<=5s vs 5-10s,1743
CiURj3S7,84,0-1,Black,<=5s vs 15-20s,1885
Ali8r6h5,80,0-1,Black,<=5s vs 15-20s,2432
miRl3Zic,62,1-0,Black,<=5s vs <=5s,1166
AVqjNPod,74,0-1,Black,<=5s vs 10-15s,1265
asCOuHUA,65,1-0,White,<=5s vs 5-10s,2255
SM2xI8yZ,52,0-1,Black,<=5s vs 10-15s,2008
ZUItjlLA,95,1-0,White,<=5s vs 10-15s,2589
TTl2fudO,69,1-0,White,<=5s vs 10-15s,1810
w0JeWalb,72,0-1,Black,<=5s vs 5-10s,2235
XFYsjOE0,47,1-0,White,<=5s vs 15-20s,975
uCL7aTB6,99,1/2-1/2,White,<=5s vs <=5s,2945
OonYN03U,47,1-0,White,<=5s vs 5-10s,1202
2KBcAK5b,91,1-0,White,<=5s vs 5-10s,3019
y4qnLw29,60,0-1,Black,<=5s vs 15-20s,1106
Ti7CTqWo,80,0-1,Black,<=5s vs 5-10s,1987
BtcjBJAy,112,0-1,Black,<=5s vs 15-20s,2306
gHvjEBPd,72,1-0,Black,<=5s vs 5-10s,1848
KniOaFtv,77,1-0,White,<=5s vs <=5s,1781
KblZkma8,62,0-1,Black,<=5s vs 15-20s,1200
NsCC5XKw,46,0-1,Black,<=5s vs 5-10s,1353
T4FrncxC,65,0-1,White,<=5s vs <=5s,1899
GkYbSFgQ,78,0-1,Black,<=5s vs 10-15s,1581
dV71BUCR,47,1-0,White,<=5s vs 15-20s,1509
gsnTmorC,104,1-0,Black,<=5s vs <=5s,2038
aEdS9RBS,57,1-0,White,<=5s vs 15-20s,1499
ppQ5FGD3,58,0-1,Black,<=5s vs 5-10s,1571
nN91KNxk,87,1-0,White,<=5s vs <=5s,2208
k7OPgEi6,42,0-1,Black,<=5s vs 10-15s,860
Cqdg9AaZ,59,0-1,White,<=5s vs 5-10s,2409
2GVFn32k,67,1-0,White,<=5s vs 10-15s,2057
Hv3mSfuz,108,0-1,Black,<=5s vs <=5s,2069
x3ECIp7E,70,1-0,Black,<=5s vs 15-20s,2578
X3jCmuzX,121,1-0,White,<=5s vs 10-15s,2672
mdOZ0UpE,58,0-1,Black,<=5s vs 15-20s,2043
5IGJRqWM,110,0-1,Black,<=5s vs 15-20s,2184
K4mVnn6d,60,1/2-1/2,Black,<=5s vs 15-20s,1735
XPTpK3oA,57,1-0,White,<=5s vs 15-20s,2156
lSguHdAR,112,1/2-1/2,Black,<=5s vs 5-10s,2527
tKqIiOxj,62,0-1,Black,<=5s vs <=5s,1081
j7UJOrd7,80,0-1,Black,<=5s vs 15-20s,1347
7zGF1Yn7,56,1-0,Black,<=5s vs <=5s,1455
cBDuc5my,62,0-1,Black,<=5s vs 10-15s,1681
IFSdy8Y9,113,1/2-1/2,White,<=5s vs 10-15s,2113
I3mF0IAN,77,0-1,White,<=5s vs 5-10s,2095
ZmkmXo4n,97,1-0,White,<=5s vs 15-20s,1453
m6YH0FAn,68,0-1,Black,<=5s vs 10-15s,908
F1kSjiRY,72,0-1,Black,<=5s vs 5-10s,1863
02qR3JiT,63,0-1,White,<=5s vs <=5s,1615
e09X5UKJ,39,1-0,White,<=5s vs 15-20s,1115
uuhyiByv,51,1-0,White,<=5s vs 15-20s,1725
O7IsaKq6,90,0-1,Black,<=5s vs 15-20s,1866
AqXh1Uq6,89,1-0,White,<=5s vs 15-20s,1965
FuDeaF7h,112,1-0,Black,<=5s vs <=5s,2879
2K6j06g4,47,1-0,White,<=5s vs 15-20s,2171
yS8xvsK3,59,0-1,White,<=5s vs <=5s,1936
1oQDlt8n,113,1-0,White,<=5s vs 15-20s,2230
31JGxE6w,66,0-1,Black,<=5s vs 10-15s,2211
0JO3zgmT,69,1-0,White,<=5s vs 15-20s,2604
g5tBWwTf,86,0-1,Black,<=5s vs 5-10s,1527
tKltrGeN,51,1-0,White,<=5s vs <=5s,1597
MzORZH37,62,0-1,Black,<=5s vs 10-15s,1541
Mro7E5vA,113,1-0,White,<=5s vs 10-15s,2536
7riQPxtA,72,1-0,Black,<=5s vs 5-10s,2558
R51Cgcgf,85,1-0,White,<=5s vs 5-10s,1805
mpkDLYSR,96,0-1,Black,<=5s vs 5-10s,2317
k8F3bmD8,40,0-1,Black,<=5s vs 15-20s,1535
Oy0LeuLZ,79,1-0,White,<=5s vs 10-15s,2041
FKLYWAOO,86,1-0,Black,<=5s vs 5-10s,2382
jCBiZgb4,103,0-1,White,<=5s vs 5-10s,2208
6Ple3mka,44,0-1,Black,<=5s vs 10-15s,1357
aBCrAt0b,107,1/2-1/2,White,<=5s vs 5-10s,2280
yxvn8bbS,50,0-1,Black,<=5s vs 10-15s,1186
iMrsyey1,40,0-1,Black,<=5s vs 15-20s,1462
EoPkmK0y,91,1-0,White,<=5s vs 5-10s,2671
He9MGGem,71,1-0,White,<=5s vs 10-15s,1968
204bjncY,71,1-0,White,<=5s vs 5-10s,1389
Iuk7lumy,101,1-0,White,<=5s vs 5-10s,2414
9AcqPEI0,65,1-0,White,<=5s vs 10-15s,1776
1PK2u5Qm,55,0-1,White,<=5s vs 5-10s,2679
NqOtkxot,62,1-0,Black,<=5s vs <=5s,1043
7i7PPjN9,85,1-0,White,<=5s vs 5-10s,2038
P5GmCMao,55,1-0,White,<=5s vs 5-10s,2173
j74zFJAg,27,1-0,White,<=5s vs 15-20s,1193
xg8bZLDR,44,0-1,Black,<=5s vs 10-15s,1134
EXWqMRWo,99,1-0,White,<=5s vs 5-10s,1865
UvISUnS2,140,1/2-1/2,Black,<=5s vs 5-10s,2297
vHOTJGZV,69,1-0,White,<=5s vs 5-10s,1695
b6IyjSrz,58,0-1,Black,<=5s vs 10-15s,1311
KCxeXPCS,58,0-1,Black,<=5s vs 10-15s,1323
QCHXKSk8,110,0-1,Black,<=5s vs 15-20s,2058
Tqzgvl2V,70,0-1,Black,<=5s vs 15-20s,2244
ml8hSdLy,52,0-1,Black,<=5s vs 5-10s,1328
KH0eyVdU,71,0-1,White,<=5s vs <=5s,2126
3xcwtDJ5,109,1-0,White,<=5s vs 15-20s,2180
OdPVqmyW,59,1-0,White,<=5s vs 15-20s,1202
OhZAFqzw,92,0-1,Black,<=5s vs 15-20s,1787
aJhsbRSO,63,1-0,White,<=5s vs 10-15s,1786
i2BecPGM,64,0-1,Black,<=5s vs 10-15s,2115
XimzYxFg,97,1/2-1/2,White,<=5s vs 10-15s,1702
1xVCYxqJ,77,1-0,White,<=5s vs 10-15s,2209
ciJHdsKW,59,1-0,White,<=5s vs 10-15s,1774
Bo8s9dJu,81,1-0,White,<=5s vs 5-10s,2566
1CRS2jaV,84,1-0,Black,<=5s vs 10-15s,1996
V349x4qs,66,1-0,Black,<=5s vs <=5s,1785
3I5tTr9i,92,1-0,Black,<=5s vs <=5s,2011
CfkJuVhG,87,1-0,White,<=5s vs 15-20s,2020
0zlu1xm3,68,0-1,Black,<=5s vs <=5s,1442
0lAyth86,80,0-1,Black,<=5s vs 5-10s,1831
VCgC64sC,77,1-0,White,<=5s vs 10-15s,1926
Lkr1IwsA,66,0-1,Black,<=5s vs <=5s,1636
POlWXcuO,52,0-1,Black,<=5s vs 15-20s,1878
XwPkGAnw,126,0-1,Black,<=5s vs 5-10s,2160
RxupdPd0,104,0-1,Black,<=5s vs <=5s,2434
mke3k2Qa,66,0-1,Black,<=5s vs 5-10s,1954
EzgLRsMn,71,1-0,White,<=5s vs 10-15s,2398
5YP73GbQ,44,1-0,Black,<=5s vs 15-20s,1015
X8Wm7wbF,78,0-1,Black,<=5s vs 5-10s,1568
DQqVXAI2,82,0-1,Black,<=5s vs 5-10s,1547
KrZGmlJy,72,1-0,Black,<=5s vs <=5s,1450
U752wbaj,110,1-0,Black,<=5s vs 5-10s,2704
MTR09l82,92,1/2-1/2,Black,<=5s vs 5-10s,1999
9lcOaDGS,103,1-0,White,<=5s vs 5-10s,2806
5EtPttUe,61,0-1,White,<=5s vs 15-20s,2138
r8CaPrCu,94,0-1,Black,<=5s vs 15-20s,2360
RBlOwR8A,116,0-1,Black,<=5s vs 10-15s,1973
h8FSwTVs,48,0-1,Black,<=5s vs <=5s,1533
uUQRTpms,96,0-1,Black,<=5s vs <=5s,1967
CAIxnb7L,54,0-1,Black,<=5s vs 5-10s,1971
lcvioIwE,46,0-1,Black,<=5s vs 5-10s,941
6N7xLgOx,90,1-0,Black,<=5s vs <=5s,2065
mAE4oE8P,69,1-0,White,<=5s vs 15-20s,2099
wziCylRC,66,0-1,Black,<=5s vs 15-20s,2405
banywheT,96,0-1,Black,<=5s vs 10-15s,2123
ipFWopif,65,1-0,White,<=5s vs 15-20s,1168
NHETmmXC,73,0-1,White,<=5s vs 5-10s,1562
MV8RLRib,107,1-0,White,<=5s vs 15-20s,1789
OqNqLIxs,52,0-1,Black,<=5s vs 10-15s,1268
Vev646zW,51,1-0,White,<=5s vs 15-20s,994
IkJPUV2D,79,1-0,White,<=5s vs 10-15s,2421
zyCVcCt4,75,1-0,White,<=5s vs 15-20s,1518
0muircdN,104,0-1,Black,<=5s vs <=5s,2758
NUPx9YUa,78,0-1,Black,<=5s vs 5-10s,2778
LFKiTJbU,97,1/2-1/2,White,<=5s vs 5-10s,1446
RgAEPqIU,138,0-1,Black,<=5s vs 5-10s,1999
XtDJ7A5Q,64,0-1,Black,<=5s vs 15-20s,2278
khrWCycA,99,1/2-1/2,White,<=5s vs 15-20s,1861
VgoTUPuv,118,1-0,Black,<=5s vs 10-15s,2019
RO8jUMyW,90,0-1,Black,<=5s vs 15-20s,2235
Qt6lKfFF,87,1-0,White,<=5s vs 5-10s,2543
ZiAwpNyT,63,1-0,White,<=5s vs 5-10s,1374
c7oRid0x,80,0-1,Black,<=5s vs 5-10s,1809
5JV97QEC,89,1-0,White,<=5s vs 10-15s,1679
ou5eQt6Q,63,1-0,White,<=5s vs 15-20s,1273
LAhzClZL,63,1-0,White,<=5s vs 10-15s,2286
dhCpC6IJ,79,1-0,White,<=5s vs 15-20s,2188
2WUMnkZk,57,1-0,White,<=5s vs 5-10s,2232
6yadIYRf,107,1/2-1/2,White,<=5s vs 15-20s,2303
N4pLbLYm,106,0-1,Black,<=5s vs 5-10s,2463
OqQH5cNd,77,1-0,White,<=5s vs <=5s,1910
xbfSMsyX,69,1-0,White,<=5s vs 10-15s,1785
fqSJ9jLW,114,1-0,Black,<=5s vs 10-15s,1823
OmfsjRMk,80,0-1,Black,<=5s vs <=5s,2464
26kNxY4a,93,1-0,White,<=5s vs 15-20s,2209
5Zkq21uc,82,0-1,Black,<=5s vs <=5s,1998
l8xsIfth,38,0-1,Black,<=5s vs 5-10s,983
oK7asfpp,88,0-1,Black,<=5s vs 10-15s,1843
58KF19J5,82,0-1,Black,<=5s vs 5-10s,1965
QMorCQTf,83,1-0,White,<=5s vs 15-20s,2078
65XNtVTm,142,0-1,Black,<=5s vs 5-10s,1859
tgUt9gsa,53,1-0,White,<=5s vs 5-10s,851
YQXWm5fF,75,1-0,White,<=5s vs 10-15s,1907
fwOm9ae7,65,1-0,White,<=5s vs 5-10s,1174
cbgdmbRb,52,1-0,Black,<=5s vs <=5s,742
uLhVaLsm,63,0-1,White,<=5s vs 10-15s,1138
PdLlZW1q,107,1-0,White,<=5s vs 15-20s,1955
G3Tuyuk4,46,0-1,Black,<=5s vs 5-10s,951
7uYknexb,57,1-0,White,<=5s vs 15-20s,1571
5FpRZrh9,41,0-1,White,<=5s vs 15-20s,938
0OZ6hYdy,99,1-0,White,<=5s vs 15-20s,2229
D7RkJEqD,58,0-1,Black,<=5s vs 5-10s,1945
Gh7NBDBj,68,0-1,Black,<=5s vs 10-15s,2454
7KTDDbGI,75,1-0,White,<=5s vs 5-10s,1897
8QtG7tSr,46,0-1,Black,<=5s vs 5-10s,1564
LzPnvhx2,71,0-1,White,<=5s vs <=5s,1802
AnNKwQBQ,89,0-1,White,<=5s vs <=5s,1334
bkVkWdvm,57,1-0,White,<=5s vs 15-20s,1393
TwK0XTi0,58,1-0,Black,<=5s vs <=5s,1088
2V6Tf6ZY,91,1-0,White,<=5s vs 5-10s,2111
xQ1JWfTa,55,1-0,White,<=5s vs 15-20s,1670
3kAOS4cd,56,0-1,Black,<=5s vs 15-20s,2124
tRx3pdJh,49,1-0,White,<=5s vs 15-20s,1654
GI6HZ6aM,62,0-1,Black,<=5s vs 5-10s,2262
0lIeCui2,70,0-1,Black,<=5s vs 10-15s,1132
J7ArBQOr,68,0-1,Black,<=5s vs 5-10s,1946
MNiAL2pv,61,1-0,White,<=5s vs <=5s,1609
alp9HqPM,89,1/2-1/2,White,<=5s vs 15-20s,1814
nCsEZPP4,74,0-1,Black,<=5s vs <=5s,2104
jdGE7tuH,87,1-0,White,<=5s vs 5-10s,1821
eBvO2ymn,42,0-1,Black,<=5s vs <=5s,959
YogEiyWj,79,1-0,White,<=5s vs 5-10s,2163
9geivjQC,98,0-1,Black,<=5s vs 5-10s,2641
Dp9ZzoA7,87,1-0,White,<=5s vs 15-20s,2173
Y7S0WPW5,118,0-1,Black,<=5s vs 10-15s,1599
lKYiNeSp,78,0-1,Black,<=5s vs 5-10s,2501
XggWF51u,61,1-0,White,<=5s vs 10-15s,1752
gwoTaNgy,108,0-1,Black,<=5s vs 15-20s,2017
Vp4mRCdk,80,0-1,Black,<=5s vs 15-20s,1933
sagK9dbP,129,1/2-1/2,White,<=5s vs <=5s,2378
iSQg4eRj,58,1-0,Black,<=5s vs 5-10s,1350
V3no7yUt,67,1-0,White,<=5s vs 15-20s,1638
O5DV3OJX,106,0-1,Black,<=5s vs 10-15s,1879
Yb8pcOsp,92,0-1,Black,<=5s vs 5-10s,1882
064HzDEk,49,1-0,White,<=5s vs 5-10s,1325
aUL2cmGR,90,0-1,Black,<=5s vs 15-20s,1995
8twREkM1,72,0-1,Black,<=5s vs 10-15s,2275
w82Bn729,43,1-0,White,<=5s vs 5-10s,760
Ovw4pJjx,76,1-0,Black,<=5s vs <=5s,1399
J0DKY0gh,74,0-1,Black,<=5s vs 5-10s,1528
ElLmScO0,71,1-0,White,<=5s vs 10-15s,2098
0olAatgp,90,0-1,Black,<=5s vs 15-20s,2070
T3w55Mtt,149,1-0,White,<=5s vs 5-10s,1778
VbFF9L7W,55,1-0,White,<=5s vs 10-15s,970
RZXLr4Hm,64,0-1,Black,<=5s vs 15-20s,2686
yH5MVRtg,107,1-0,White,<=5s vs 10-15s,2393
Q7wneieB,68,0-1,Black,<=5s vs 5-10s,1419
NU6yKjVk,116,1-0,Black,<=5s vs <=5s,1998
pNeUqKI0,68,0-1,Black,<=5s vs 5-10s,1397
RMGcqg0M,51,1-0,White,<=5s vs 15-20s,1989
8kU33u7q,98,1/2-1/2,Black,<=5s vs <=5s,1592
PkVvEweN,136,0-1,Black,<=5s vs <=5s,2753
dmCgiR7t,82,0-1,Black,<=5s vs 10-15s,2172
ssrHddtq,69,1-0,White,<=5s vs 15-20s,1934
c31NeM1M,126,0-1,Black,<=5s vs 15-20s,2383
0Nc18XVp,53,1-0,White,<=5s vs 15-20s,1200
L2Pxs4mK,53,1-0,White,<=5s vs 10-15s,1363
iUHZPutL,69,1-0,White,<=5s vs 15-20s,1996
VGJN1dnK,67,1-0,White,<=5s vs 5-10s,1310
4ZvM5Jy8,66,1-0,Black,<=5s vs <=5s,1543
Qelz1EiP,57,0-1,White,<=5s vs 5-10s,1712
iwH2TSXd,45,0-1,White,<=5s vs 15-20s,1176
Mqocgqjx,78,1/2-1/2,Black,<=5s vs 5-10s,2455
9VlyqrIJ,63,1-0,White,<=5s vs 5-10s,2354
hxisBu53,52,0-1,Black,<=5s vs 15-20s,2476
PUxfHsk3,78,0-1,Black,<=5s vs 5-10s,1348
1StI1wNo,79,1-0,White,<=5s vs 5-10s,2142
Z4YnIEG4,71,1-0,White,<=5s vs 5-10s,1060
LUU8TMqW,68,1-0,Black,<=5s vs <=5s,2047
FfJyH99F,116,0-1,Black,<=5s vs 5-10s,2064
wCApdVOL,75,1-0,White,<=5s vs 10-15s,1183
HoDTsaeJ,79,1-0,White,<=5s vs <=5s,1769
09F505cM,82,1-0,Black,<=5s vs 5-10s,1894
81rU5Wad,88,1-0,Black,<=5s vs 5-10s,2128
cJtSH0Rp,72,1-0,Black,<=5s vs <=5s,2199
AbljUhSW,81,1-0,White,<=5s vs 15-20s,2314
htAkDh06,112,1/2-1/2,Black,<=5s vs 15-20s,2445
C3s0zV4J,66,0-1,Black,<=5s vs 5-10s,1740
NW08psNe,64,0-1,Black,<=5s vs 10-15s,2584
YTXRAbGP,52,0-1,Black,<=5s vs 10-15s,940
fzcSuKyn,55,1-0,White,<=5s vs 15-20s,1148
VhSUAucn,75,1/2-1/2,White,<=5s vs <=5s,1526
N5SJqZht,73,1-0,White,<=5s vs 5-10s,1790
RvHNjsjV,62,0-1,Black,<=5s vs 5-10s,1383
TC8rP9gA,50,0-1,Black,<=5s vs <=5s,1061
9iXl8Dxj,84,0-1,Black,<=5s vs 5-10s,2022
5fCHj8dZ,83,1-0,White,<=5s vs 10-15s,2075
fk5iwsNi,86,0-1,Black,<=5s vs 10-15s,1984
XCfcIdrB,71,1-0,White,<=5s vs 5-10s,1472
FFULbyxE,80,0-1,Black,<=5s vs 10-15s,2125
VzLU8Dxi,48,0-1,Black,<=5s vs 15-20s,1818
tpyqUaRv,87,0-1,White,<=5s vs <=5s,2288
joe4Z9fG,55,1-0,White,<=5s vs 10-15s,1144
ADSlWFcw,60,0-1,Black,<=5s vs 10-15s,1763
BwCpCwrU,57,0-1,White,<=5s vs 5-10s,1160
44UgSETb,68,1-0,Black,<=5s vs 5-10s,1584
PlYQzwwS,147,1-0,White,<=5s vs 15-20s,2563
K30Uk2Qp,51,1-0,White,<=5s vs 10-15s,1762
gWw0ceCW,60,0-1,Black,<=5s vs 5-10s,1976
LEiW4NEX,81,1-0,White,<=5s vs 5-10s,2850
2n0agM0O,62,0-1,Black,<=5s vs 15-20s,1634
E3mZv2KE,64,0-1,Black,<=5s vs 10-15s,1816
p4bSk4vp,51,1-0,White,<=5s vs 5-10s,1998
8xSoLxsI,86,1/2-1/2,Black,<=5s vs 5-10s,2033
vRNt0gFU,128,1/2-1/2,Black,<=5s vs 5-10s,2501
pQHzhUJS,65,1-0,White,<=5s vs 10-15s,2246
sreNEtXi,57,1-0,White,<=5s vs 5-10s,1913
uQuCpygg,85,1-0,White,<=5s vs 10-15s,2447
os2FyqhZ,79,0-1,White,<=5s vs <=5s,2124
ANPSe7tN,77,0-1,White,<=5s vs <=5s,2303
5j2fd6y3,67,1-0,White,<=5s vs 15-20s,2130
j8WCSD6X,81,1-0,White,<=5s vs 5-10s,1816
VyueLTRh,63,1-0,White,<=5s vs 5-10s,1647
dAdfEBd9,57,1-0,White,<=5s vs 15-20s,2048
hOfvhsDW,62,0-1,Black,<=5s vs 15-20s,1584
5DhR21FP,81,1-0,White,<=5s vs <=5s,1816
4Qy6CpFP,85,1-0,White,<=5s vs 15-20s,2096
qbp4UCy7,59,1-0,White,<=5s vs 5-10s,1304
4CNzzzRh,62,0-1,Black,<=5s vs 15-20s,1078
yNKqAysI,86,0-1,Black,<=5s vs 5-10s,2317
Yac5ASR8,43,1-0,White,<=5s vs 10-15s,807
RmNhC89d,79,1-0,White,<=5s vs 5-10s,1507
1GavoIHD,184,0-1,Black,<=5s vs 15-20s,2494
EioYZgAt,70,0-1,Black,<=5s vs 15-20s,1544
QJALL41y,66,0-1,Black,<=5s vs 5-10s,1816
JxhOBeWH,119,1-0,White,<=5s vs 5-10s,2409
Xlt1J2uq,95,1-0,White,<=5s vs 15-20s,2049
A6DjPAkb,45,1-0,White,<=5s vs 15-20s,1236
hJt9KCe7,64,0-1,Black,<=5s vs <=5s,964
43xK71Fk,83,1-0,White,<=5s vs 15-20s,1966
R1TE3B1U,66,0-1,Black,<=5s vs 10-15s,2252
Pkyi4aGN,74,0-1,Black,<=5s vs <=5s,1195
x6u8gTAa,74,0-1,Black,<=5s vs 5-10s,1917
S4pGbEKU,90,1-0,Black,<=5s vs <=5s,1849
GUlydmxx,67,1-0,White,<=5s vs 10-15s,1909
bWXMCiVk,95,1/2-1/2,White,<=5s vs 5-10s,2060
Ap9wM3MZ,85,1-0,White,<=5s vs 10-15s,1840
Us0fCaMX,67,1-0,White,<=5s vs 15-20s,2120
oaL9xijc,110,1-0,Black,<=5s vs <=5s,2369
DjLrDcQr,53,1-0,White,<=5s vs 15-20s,2185
GLMdhqSD,89,1-0,White,<=5s vs 5-10s,2266
ynTG3f3R,86,0-1,Black,<=5s vs <=5s,2121
Xf8spv9Z,74,0-1,Black,<=5s vs 10-15s,1529
T687z3U1,162,0-1,Black,<=5s vs 15-20s,2111
W6BtbcJu,33,1-0,White,<=5s vs 15-20s,1684
jR2l69Ql,60,0-1,Black,<=5s vs 5-10s,1404
e2fsMVRI,56,0-1,Black,<=5s vs 10-15s,1543
6IgfkZkn,67,1-0,White,<=5s vs 15-20s,1510
u6RmXCAY,56,0-1,Black,<=5s vs 15-20s,1876
Ai53xm8Z,64,0-1,Black,<=5s vs 15-20s,1854
UJ37T3qR,95,1-0,White,<=5s vs 10-15s,2310
X2y0I6Er,66,0-1,Black,<=5s vs 15-20s,1442
8GwA7Aa5,54,0-1,Black,<=5s vs 10-15s,1826
4Yyoq92f,95,1-0,White,<=5s vs 10-15s,2472
Te6NOivN,117,1-0,White,<=5s vs 10-15s,2149
2iUJFpG6,58,0-1,Black,<=5s vs <=5s,1723
ZbYu2B1I,59,1-0,White,<=5s vs 5-10s,1988
Wyc4H8JH,68,1-0,Black,<=5s vs <=5s,1462
5vJDTpze,66,1-0,Black,<=5s vs <=5s,1496
Xo2FlJHx,61,1-0,White,<=5s vs 5-10s,960
7hMdamlJ,99,1-0,White,<=5s vs 5-10s,2269
drhV3JxV,133,1-0,White,<=5s vs 15-20s,2410
U8NY1hab,54,0-1,Black,<=5s vs 10-15s,1477
CVJU68PX,70,0-1,Black,<=5s vs 10-15s,1546
OjZ7WiaA,109,1-0,White,<=5s vs 10-15s,2653
eeiVx3sS,74,0-1,Black,<=5s vs 10-15s,1789
k43DhcfH,127,1/2-1/2,White,<=5s vs 10-15s,2013
Uj0elPL2,91,1-0,White,<=5s vs 5-10s,2398
QlmZDcxa,60,1-0,Black,<=5s vs <=5s,1344
pR5qoAud,44,0-1,Black,<=5s vs 5-10s,1039
j0Sx9bcY,88,0-1,Black,<=5s vs 5-10s,2518
9BOyxXpQ,44,0-1,Black,<=5s vs 15-20s,1863
rOQGA8vH,63,1-0,White,<=5s vs 10-15s,1733
vTI8Lj4O,46,0-1,Black,<=5s vs 5-10s,1050
ruxAlX0M,86,0-1,Black,<=5s vs 5-10s,1838
Hdd30HfV,118,0-1,Black,<=5s vs <=5s,1422
DKNpXQDL,130,1-0,Black,<=5s vs 5-10s,3077
is9QE7ZD,65,1-0,White,<=5s vs 5-10s,2173
1yCczlkf,77,0-1,White,<=5s vs 15-20s,1592
2ZeK9ylr,63,1-0,White,<=5s vs 5-10s,1494
HcIGcQ9H,76,0-1,Black,<=5s vs 15-20s,1791
QAdvoryS,114,1/2-1/2,Black,<=5s vs 10-15s,2180
KeET9ez3,75,1-0,White,<=5s vs 15-20s,2203
KoD7pIQt,87,1-0,White,<=5s vs 15-20s,1926
APl5wm6B,56,0-1,Black,<=5s vs 5-10s,1598
dVFm5tHx,67,1-0,White,<=5s vs 5-10s,1869
nwt39VmA,59,1-0,White,<=5s vs 15-20s,1380
7qkGpeyx,123,1-0,White,<=5s vs 15-20s,1043
57ohjQEP,53,1-0,White,<=5s vs 15-20s,2269
ueWJLmxZ,70,0-1,Black,<=5s vs 10-15s,1108
eVB27hXq,74,1-0,Black,<=5s vs <=5s,1322
bGqVSHiS,71,1-0,White,<=5s vs <=5s,1694
qrEyOByp,50,0-1,Black,<=5s vs 15-20s,1600
zszHgAid,54,0-1,Black,<=5s vs 5-10s,1313
7rm6CHbc,66,0-1,Black,<=5s vs 10-15s,2092
6LhCDhpg,104,0-1,Black,<=5s vs 10-15s,1944
DCUBgtYp,99,1-0,White,<=5s vs 5-10s,2417
8jYa0E24,48,0-1,Black,<=5s vs 15-20s,1597
gduqSHyC,226,0-1,Black,<=5s vs 5-10s,2190
njfwkNgd,87,1-0,White,<=5s vs 10-15s,2544
G1suRGK2,87,1-0,White,<=5s vs 10-15s,2604
axI3Q1Wb,62,0-1,Black,<=5s vs <=5s,1847
fQu7NdMG,61,1-0,White,<=5s vs 5-10s,2189
ax0f3F7g,130,1/2-1/2,Black,<=5s vs 5-10s,2611
WVDtHm0H,86,0-1,Black,<=5s vs 5-10s,2400
ZEhlKfUC,87,1-0,White,<=5s vs <=5s,2271
y2JVLqCi,69,1-0,White,<=5s vs 15-20s,1073
kBXwS6k8,74,0-1,Black,<=5s vs 5-10s,1068
cp1Uevcn,95,1-0,White,<=5s vs 10-15s,2754
mmBhzK6F,68,0-1,Black,<=5s vs 5-10s,1588
GLn45l53,58,0-1,Black,<=5s vs 15-20s,1879
HIAj0YlA,80,0-1,Black,<=5s vs 10-15s,1866
XGCdbgNO,75,1-0,White,<=5s vs 5-10s,1786
kcB2gwrB,116,0-1,Black,<=5s vs 5-10s,2472
BTjCHW0l,83,1-0,White,<=5s vs 5-10s,2044
nk6zuihR,44,0-1,Black,<=5s vs 10-15s,1045
R5rzqNOr,64,0-1,Black,<=5s vs 10-15s,987
lnAaEsXo,81,1-0,White,<=5s vs 15-20s,1221
cJFytIyk,136,0-1,Black,<=5s vs 15-20s,1848
TRFpNPIU,51,1-0,White,<=5s vs 15-20s,1924
3aBUoZei,59,1-0,White,<=5s vs 15-20s,2097
z5EhyAcY,48,0-1,Black,<=5s vs 10-15s,1179
8DTIrCuZ,46,0-1,Black,<=5s vs 5-10s,1462
45yJRQGk,68,0-1,Black,<=5s vs 15-20s,1707
3aokcbaO,109,1-0,White,<=5s vs 5-10s,2213
mPjTpOqA,53,1-0,White,<=5s vs 10-15s,1520
U09cEeZQ,77,1-0,White,<=5s vs 10-15s,2112
6jXwvO4I,62,0-1,Black,<=5s vs 10-15s,1976
BBiicVco,59,1-0,White,<=5s vs 10-15s,2139
jrjiON2M,81,1-0,White,<=5s vs 15-20s,2017
jX3q4fVE,62,0-1,Black,<=5s vs 10-15s,1429
CzYQyEa9,50,0-1,Black,<=5s vs 5-10s,997
fwj7StQu,59,1-0,White,<=5s vs 5-10s,1784
nYtrBuqc,108,0-1,Black,<=5s vs 15-20s,2285
QCyqPcmi,86,0-1,Black,<=5s vs 5-10s,2512
38Iy0SXM,45,1-0,White,<=5s vs 5-10s,1019
VBsky9lz,74,0-1,Black,<=5s vs 5-10s,2604
CAV5vdQf,41,1-0,White,<=5s vs 15-20s,1028
WyxZAtGf,78,0-1,Black,<=5s vs 5-10s,1408
3Xfx6pzp,81,1-0,White,<=5s vs 5-10s,2245
UhfEqt2N,62,0-1,Black,<=5s vs 10-15s,1448
DiTNZej0,113,1-0,White,<=5s vs 5-10s,2026
TTZI0GoE,44,0-1,Black,<=5s vs <=5s,851
D4zA5Zzw,89,1-0,White,<=5s vs 5-10s,1940
aqJmbfWJ,89,1-0,White,<=5s vs 10-15s,2695
ooVa8Yir,80,0-1,Black,<=5s vs 10-15s,1924
POBd5QyG,51,0-1,White,<=5s vs 15-20s,1299
MIYSUJON,64,1-0,Black,<=5s vs 5-10s,1666
3E60Hery,62,0-1,Black,<=5s vs 15-20s,1782
5rws1OBi,98,0-1,Black,<=5s vs 10-15s,1905
L8sP9MhR,84,1-0,Black,<=5s vs 10-15s,1877
SOm3tEbP,61,0-1,White,<=5s vs 5-10s,2324
QJnr1lco,125,1-0,White,<=5s vs 5-10s,2007
jjDjIFOJ,111,1/2-1/2,White,<=5s vs <=5s,1883
wHk1ypL0,53,1-0,White,<=5s vs 5-10s,1835
98azGQB7,82,1-0,Black,<=5s vs 5-10s,1803
DzCHmWUj,98,0-1,Black,<=5s vs 15-20s,2153
08toETHZ,93,0-1,White,<=5s vs 5-10s,2045
d23lPWER,56,0-1,Black,<=5s vs 10-15s,1966
zcuj5Dax,54,0-1,Black,<=5s vs 10-15s,1073
J35zrmTB,97,1-0,White,<=5s vs 10-15s,2409
LZCnpmGT,75,1-0,White,<=5s vs 5-10s,2088
0iSNAG1h,68,0-1,Black,<=5s vs 10-15s,1695
8byiMYtb,96,0-1,Black,<=5s vs 15-20s,1795
f42igVvW,96,0-1,Black,<=5s vs 5-10s,2693
yOsdauDE,76,0-1,Black,<=5s vs 5-10s,2503
vce4ynip,88,0-1,Black,<=5s vs <=5s,1950
fkiEP7vD,56,0-1,Black,<=5s vs 15-20s,1672
3452VGIG,69,1-0,White,<=5s vs 5-10s,1630
2TTruM7g,86,0-1,Black,<=5s vs 10-15s,2804
1b0Lo0oP,46,0-1,Black,<=5s vs 15-20s,1832
Hdsy2vTu,58,0-1,Black,<=5s vs 5-10s,2104
4074kSHU,107,0-1,White,<=5s vs <=5s,2641
hwUpLCoa,58,0-1,Black,<=5s vs 15-20s,1566
UadMuWoq,65,1-0,White,<=5s vs 10-15s,1406
OyajZuQy,78,1-0,Black,<=5s vs 5-10s,1933
M93tgcFs,81,1-0,White,<=5s vs 5-10s,1730
3CttsfZE,92,1-0,Black,<=5s vs 15-20s,2433
Oc2VJ1fu,69,1-0,White,<=5s vs 15-20s,2142
9sdLuVrv,65,1-0,White,<=5s vs 10-15s,1289
SHb9mT18,71,1-0,White,<=5s vs 15-20s,1231
vha970pO,64,0-1,Black,<=5s vs 5-10s,1785
igKXTMKL,44,0-1,Black,<=5s vs 10-15s,1564
ECA13OpO,68,0-1,Black,<=5s vs 10-15s,2287
pdnviO3K,57,1-0,White,<=5s vs 15-20s,1529
ZXzBxPOK,100,0-1,Black,<=5s vs 5-10s,1819
UyaxyiK8,73,1-0,White,<=5s vs 15-20s,713
bSwLJqx7,71,1-0,White,<=5s vs 15-20s,1000
UqUGDlwz,83,0-1,White,<=5s vs 10-15s,2005
HEmvbnbn,71,1-0,White,<=5s vs 5-10s,2164
ty7jpYMz,50,0-1,Black,<=5s vs 5-10s,702
ezAVvDyU,90,0-1,Black,<=5s vs 5-10s,2452
n8uJqggf,70,0-1,Black,<=5s vs 10-15s,1338
oavXW70z,73,0-1,White,<=5s vs <=5s,1639
RQibaRTR,55,1-0,White,<=5s vs 10-15s,1363
ztvi5nSl,88,1/2-1/2,Black,<=5s vs 10-15s,2090
dM7cCkq5,107,1/2-1/2,White,<=5s vs 10-15s,1700
COKcazgS,63,0-1,White,<=5s vs 5-10s,1338
CBjYk5IN,92,1-0,Black,<=5s vs <=5s,1694
6NaL6WIK,133,1/2-1/2,White,<=5s vs 15-20s,1937
O0VMY8iR,87,1-0,White,<=5s vs 15-20s,2642
uaJlljHo,41,1-0,White,<=5s vs 10-15s,951
3XrLTZQ3,72,0-1,Black,<=5s vs 5-10s,2039
joNOy8Ef,52,0-1,Black,<=5s vs 5-10s,1097
1aeR7dBM,41,1-0,White,<=5s vs 5-10s,1400
eb9kuke7,73,1-0,White,<=5s vs 10-15s,1880
SSOflYPr,69,1-0,White,<=5s vs 10-15s,2361
1QIhSS6V,62,0-1,Black,<=5s vs 5-10s,1515
awK08GkG,76,0-1,Black,<=5s vs 5-10s,1319
A6eGhFYB,84,0-1,Black,<=5s vs <=5s,1692
gnS0yFCT,58,1-0,Black,<=5s vs 5-10s,1573
VlpzZKw7,60,0-1,Black,<=5s vs 10-15s,2096
BT9EBfsR,65,1-0,White,<=5s vs 15-20s,1232
kLFvWYYo,30,1-0,Black,<=5s vs 5-10s,763
c4qcgJKW,54,0-1,Black,<=5s vs 10-15s,1699
WYK3IHd0,134,1-0,Black,<=5s vs 5-10s,2749
jXfmrDDf,121,1-0,White,<=5s vs 5-10s,2377
ImVvMaGm,245,1/2-1/2,White,<=5s vs 15-20s,2220
cEAN9mUk,56,0-1,Black,<=5s vs 5-10s,1827
a3juzWMH,77,1-0,White,<=5s vs 10-15s,2511
g9ouAbFj,78,1-0,Black,<=5s vs <=5s,1415
13FuLDvu,104,1/2-1/2,Black,<=5s vs 5-10s,2100
IU8Yz7Ah,88,0-1,Black,<=5s vs <=5s,2142
3xZ67yW4,81,1-0,White,<=5s vs 15-20s,2020
AP9QMuve,36,0-1,Black,<=5s vs 5-10s,973
cKmMaxTD,55,1-0,White,<=5s vs 5-10s,1221
ZbhjsjoI,79,1-0,White,<=5s vs <=5s,1734
2vu1r5v3,100,0-1,Black,<=5s vs <=5s,1973
KIN57cJI,53,0-1,White,<=5s vs 10-15s,985
3Zjaw9UD,79,1-0,White,<=5s vs 15-20s,2131
D0187Kpc,59,1-0,White,<=5s vs 5-10s,1922
RuxMObPq,97,0-1,White,<=5s vs 5-10s,2494
gLjj9TU8,57,1-0,White,<=5s vs 15-20s,1836
ijxRWmG6,62,0-1,Black,<=5s vs 15-20s,1281
bAqa3U9A,69,1-0,White,<=5s vs 10-15s,1590
ZDVOvVrk,110,0-1,Black,<=5s vs 5-10s,2258
0o8ohVUy,51,1-0,White,<=5s vs 10-15s,1375
Btuej3FW,72,0-1,Black,<=5s vs 5-10s,2423
UP65fQeT,47,1-0,White,<=5s vs 10-15s,1311
Tu8OcCzx,75,1-0,White,<=5s vs <=5s,2542
wiPXjvxE,59,1-0,White,<=5s vs 5-10s,1696
Y9Ixp3Mb,69,1-0,White,<=5s vs 15-20s,1584
LTUTxhe7,77,1-0,White,<=5s vs 15-20s,2796
RUqci3Hb,110,0-1,Black,<=5s vs 5-10s,1999
OKQqw7kY,43,1-0,White,<=5s vs 10-15s,1105
8HDsz1MY,121,1-0,White,<=5s vs 10-15s,1711
jackpuw0,161,1/2-1/2,White,<=5s vs 15-20s,1683
kTjEQ62S,49,1-0,White,<=5s vs 15-20s,1666
FN8DZ0pV,54,0-1,Black,<=5s vs 10-15s,1826
NgJqODW4,68,0-1,Black,<=5s vs 5-10s,1814
7Uzse4vW,68,0-1,Black,<=5s vs 5-10s,1383
0me4hE5c,55,0-1,White,<=5s vs 5-10s,939
IQzpRRvO,82,0-1,Black,<=5s vs 5-10s,1861
BijzMjEX,58,1-0,Black,<=5s vs 5-10s,1513
2mYj7wZN,111,1-0,White,<=5s vs 10-15s,2339
CttNxDe0,61,1-0,White,<=5s vs 5-10s,1505
sgXNShum,59,1-0,White,<=5s vs 15-20s,1868
OK5afJYE,96,0-1,Black,<=5s vs 10-15s,2531
Pzq696BV,94,0-1,Black,<=5s vs 5-10s,2548
EN49gk9p,89,1-0,White,<=5s vs 15-20s,2419
lo0wnOkc,68,0-1,Black,<=5s vs 5-10s,1281
6iC1AJLm,56,0-1,Black,<=5s vs 10-15s,1787
NBKRn8If,85,1/2-1/2,White,<=5s vs 10-15s,2047
yTeIrpoY,52,0-1,Black,<=5s vs 5-10s,909
V0bnxZpl,79,1-0,White,<=5s vs 15-20s,2358
MbbZi7Lu,71,1-0,White,<=5s vs 5-10s,2222
HPlkjRKr,56,0-1,Black,<=5s vs 10-15s,1702
kNMi2n4F,61,1-0,White,<=5s vs 15-20s,2171
jxlFAoao,86,0-1,Black,<=5s vs 5-10s,2238
JAtMmQ0Q,86,1/2-1/2,Black,<=5s vs 15-20s,2072
fpwCg0VV,53,1-0,White,<=5s vs 15-20s,1453
A7VtOaKr,78,0-1,Black,<=5s vs 10-15s,2395
s3RrGEdy,66,0-1,Black,<=5s vs 10-15s,1454
LQ9tmEuX,123,1-0,White,<=5s vs 10-15s,2549
gV8Azsrf,58,0-1,Black,<=5s vs 15-20s,2416
ZUbU4Upd,111,0-1,White,<=5s vs 5-10s,2564
5mn1ObFZ,82,0-1,Black,<=5s vs 5-10s,2055
mZ2m2SvT,106,0-1,Black,<=5s vs 5-10s,2259
fueHJh4j,112,0-1,Black,<=5s vs 5-10s,1778
ZUeOC35N,79,1-0,White,<=5s vs 10-15s,2475
OP6xxSpv,62,0-1,Black,<=5s vs 10-15s,1697
Bm8B3vjZ,83,1-0,White,<=5s vs 15-20s,2367
rd0njQYl,84,1-0,Black,<=5s vs <=5s,2019
43Qg1HFv,59,1-0,White,<=5s vs 15-20s,1704
ayJ2QPOG,60,0-1,Black,<=5s vs 10-15s,2250
4LF7qEGa,93,1-0,White,<=5s vs <=5s,2412
zfXHtHVI,57,1-0,White,<=5s vs 15-20s,1109
McB9vXlI,100,1-0,Black,<=5s vs <=5s,2195
Hv7VLSHt,71,0-1,White,<=5s vs 10-15s,2383
9Gb141L5,79,1-0,White,<=5s vs 15-20s,2042
pBWlEEP9,61,1-0,White,<=5s vs 10-15s,1747
ya58sIGK,53,0-1,White,<=5s vs 5-10s,1688
ToFQWvAT,64,0-1,Black,<=5s vs 15-20s,2252
Gf047awN,70,0-1,Black,<=5s vs 5-10s,1570
Gfjjjue9,56,0-1,Black,<=5s vs 10-15s,1674
SnPnlt1q,64,0-1,Black,<=5s vs <=5s,1362
hlm6c6aT,57,1-0,White,<=5s vs 10-15s,1390
gwjt4zTJ,83,0-1,White,<=5s vs 5-10s,1628
VY25QPGE,78,0-1,Black,<=5s vs 5-10s,1847
b1aq9QYA,116,1/2-1/2,Black,<=5s vs <=5s,2555
Sb0YltHs,73,0-1,White,<=5s vs 5-10s,2219
NaRbqcjh,34,0-1,Black,<=5s vs 10-15s,887
jAXuFMkI,83,0-1,White,<=5s vs 10-15s,2375
5MEnqYxA,105,0-1,White,<=5s vs 5-10s,2452
Va0kUWIr,101,1/2-1/2,White,<=5s vs 10-15s,2068
5YzZjuaF,52,0-1,Black,<=5s vs 15-20s,2004
JisgHutR,70,0-1,Black,<=5s vs 5-10s,1340
aHFTJ4R7,39,1-0,White,<=5s vs 15-20s,1323
5QszeL9T,81,1-0,White,<=5s vs 15-20s,2301
J7gvLZjX,88,1-0,Black,<=5s vs <=5s,2107
aQeUSxOB,50,1-0,Black,<=5s vs 15-20s,1639
VWuKSEm3,99,0-1,White,<=5s vs <=5s,1659
N7i79Zej,74,1-0,Black,<=5s vs <=5s,1806
RRcgBoAa,105,1-0,White,<=5s vs 5-10s,2470
aSxZKIu4,120,0-1,Black,<=5s vs 15-20s,2582
wghPtoEs,34,0-1,Black,<=5s vs 15-20s,690
myJIf7K1,71,1-0,White,<=5s vs 15-20s,1707
Chahdrtb,114,0-1,Black,<=5s vs <=5s,2034
wlFpyb0I,63,1-0,White,<=5s vs 10-15s,1724
RJzekgZq,62,0-1,Black,<=5s vs 10-15s,1681
RCdDPkqA,59,1-0,White,<=5s vs 15-20s,1634
Hr854tK8,60,0-1,Black,<=5s vs 10-15s,1508
qhBtolLe,68,0-1,Black,<=5s vs 5-10s,1894
bdSU4TR1,71,0-1,White,<=5s vs 5-10s,1924
smtyplDg,76,0-1,Black,<=5s vs <=5s,1354
IX6POLOd,75,0-1,White,<=5s vs 5-10s,2375
5I88mgX0,80,0-1,Black,<=5s vs <=5s,2229
zvVUTQSm,64,0-1,Black,<=5s vs 5-10s,1617
QpvwfNQj,93,1-0,White,<=5s vs 15-20s,2634
5FAM0Ewf,48,0-1,Black,<=5s vs 5-10s,1316
khgomfeJ,117,1-0,White,<=5s vs 5-10s,2615
KTNxfUyd,77,0-1,White,<=5s vs 10-15s,2316
JYSDOrl9,42,0-1,Black,<=5s vs 5-10s,2024
ssdnIWCu,136,0-1,Black,<=5s vs 5-10s,2041
7eM0FMLD,78,0-1,Black,<=5s vs <=5s,2617
UZhweXUC,75,1-0,White,<=5s vs 15-20s,1865
B81UOT5g,115,1/2-1/2,White,<=5s vs 15-20s,1422
Fnq05z0e,116,1-0,Black,<=5s vs <=5s,2920
alDBBvH3,81,1/2-1/2,White,<=5s vs 15-20s,2041
LHZX4GJx,77,1-0,White,<=5s vs 10-15s,1732
5H1QqOm0,78,0-1,Black,<=5s vs <=5s,2145
PSHZ6msm,57,1-0,White,<=5s vs 5-10s,1445
GWjMEzP4,63,1-0,White,<=5s vs 10-15s,888
DWSW1YyY,84,0-1,Black,<=5s vs 10-15s,2246
XhJ9RAiM,96,0-1,Black,<=5s vs 15-20s,2615
G4MY7iig,54,0-1,Black,<=5s vs 10-15s,1350
DL4zqoMH,67,1-0,White,<=5s vs 10-15s,1809
RAE28oUn,85,0-1,White,<=5s vs 5-10s,2057
k7y3ezKo,65,1-0,White,<=5s vs 5-10s,2282
86fF6usq,99,0-1,White,<=5s vs 15-20s,1797
592eWPCp,70,0-1,Black,<=5s vs 10-15s,2028
dU6ngTYX,38,0-1,Black,<=5s vs 10-15s,1165
og047gAJ,68,0-1,Black,<=5s vs <=5s,1588
dCmpzbjI,95,1-0,White,<=5s vs 10-15s,1393
69rAtsdN,95,1-0,White,<=5s vs 10-15s,2269
doIP37Ds,55,1-0,White,<=5s vs 15-20s,2163
5LpXInMU,80,0-1,Black,<=5s vs 5-10s,1521
bGEqj3x9,63,1-0,White,<=5s vs 15-20s,1218
ZD61kVuU,53,0-1,White,<=5s vs 15-20s,1716
HuuWFAZJ,65,1-0,White,<=5s vs 15-20s,1749
FvxomjYj,89,0-1,White,<=5s vs 5-10s,2514
6dX17Nfp,96,0-1,Black,<=5s vs 5-10s,2264
SkwJb2dx,66,0-1,Black,<=5s vs 10-15s,1622
9xufCfuX,71,0-1,White,<=5s vs 5-10s,2158
39rGpD54,98,1-0,Black,<=5s vs 5-10s,2476
5Yoza1DB,62,0-1,Black,<=5s vs 10-15s,1994
L0613vIE,60,0-1,Black,<=5s vs 5-10s,1076
z0dThNmY,121,1/2-1/2,White,<=5s vs 10-15s,2383
PUUvA9eK,69,0-1,White,<=5s vs <=5s,1657
Ngem3xbe,76,0-1,Black,<=5s vs <=5s,1784
7th0tG81,106,0-1,Black,<=5s vs 5-10s,2160
ny9A4hwq,52,1-0,Black,<=5s vs 15-20s,1844
O1Ask1uK,45,1-0,White,<=5s vs 15-20s,1823
EzxgLadA,94,1-0,Black,<=5s vs 5-10s,2682
9dw9SO94,50,0-1,Black,<=5s vs <=5s,1351
WfEc54FB,61,1-0,White,<=5s vs 15-20s,1087
ovQU36gV,58,0-1,Black,<=5s vs 5-10s,1785
hBMGwCyX,75,1-0,White,<=5s vs 15-20s,1795
3oAtSUpp,100,0-1,Black,<=5s vs 5-10s,1959
5icSuKiZ,124,1-0,Black,<=5s vs 15-20s,2100
7kEYY5eN,65,1-0,White,<=5s vs 15-20s,1698
A2Xai4Fn,110,1-0,Black,<=5s vs <=5s,2487
i5g1SyQP,107,1-0,White,<=5s vs 15-20s,2642
epCxpJ0d,99,0-1,White,<=5s vs <=5s,2682
seq91NPS,82,0-1,Black,<=5s vs 10-15s,2416
Qa2Xdlib,76,1-0,Black,<=5s vs 5-10s,2176
LbTcWPQX,76,0-1,Black,<=5s vs 5-10s,1810
CC9JiDh4,81,1-0,White,<=5s vs <=5s,1992
YfUpBSZm,77,1-0,White,<=5s vs 5-10s,2562
OuN1gwG9,81,0-1,White,<=5s vs <=5s,2295
YxfSNh3W,72,0-1,Black,<=5s vs 5-10s,1687
B26x39vK,73,1/2-1/2,White,<=5s vs 15-20s,1378
zTWUF5O9,100,0-1,Black,<=5s vs 5-10s,2633
jCSSarBq,50,0-1,Black,<=5s vs 5-10s,1442
HlBax07g,66,0-1,Black,<=5s vs 5-10s,1814
l3fPHoFI,77,1-0,White,<=5s vs 10-15s,1699
nt6noEda,53,1-0,White,<=5s vs 5-10s,1317
ktwYJBD7,98,0-1,Black,<=5s vs 5-10s,2190
v0keDbKG,81,0-1,White,<=5s vs <=5s,1448
OwwsMPCx,61,1-0,White,<=5s vs 10-15s,1499
H8dnEXgi,89,1-0,White,<=5s vs 15-20s,2004
8GEkYumw,104,0-1,Black,<=5s vs 15-20s,1623
g5vcayiI,77,1/2-1/2,White,<=5s vs 10-15s,1508
iboQcBNP,52,0-1,Black,<=5s vs 15-20s,1414
PaFPj5V5,65,1-0,White,<=5s vs 15-20s,1120
LIaEuo33,62,0-1,Black,<=5s vs 5-10s,1036
vM1bm38h,71,1-0,White,<=5s vs 10-15s,1593
M9x3d9gS,105,1-0,White,<=5s vs 5-10s,2195
cou8kwLx,58,0-1,Black,<=5s vs 15-20s,1952
TImBsm6a,69,1-0,White,<=5s vs 5-10s,1589
Jsi86qbr,101,1-0,White,<=5s vs 15-20s,1887
euPQUB0b,81,1-0,White,<=5s vs 5-10s,2054
35jYmEko,52,0-1,Black,<=5s vs 15-20s,1322
cWsLgQBo,70,0-1,Black,<=5s vs 5-10s,1135
bXKKQr0C,67,1-0,White,<=5s vs 15-20s,1915
7rDoMHwP,96,0-1,Black,<=5s vs 10-15s,2164
7Oq0AQRm,68,1-0,Black,<=5s vs <=5s,1896
27GwZgE0,51,1-0,White,<=5s vs 10-15s,889
lLcmPWPQ,89,1-0,White,<=5s vs 15-20s,2978
qpvsd0pe,103,1-0,White,<=5s vs 10-15s,2210
TzlxrinB,78,0-1,Black,<=5s vs 5-10s,2244
SoY45WVU,92,0-1,Black,<=5s vs 5-10s,1868
JWbPRiz0,54,0-1,Black,<=5s vs 15-20s,1817
AONS2g2W,87,1-0,White,<=5s vs <=5s,1556
5Fwo7ivH,125,1-0,White,<=5s vs <=5s,2626
CZhywVGG,80,0-1,Black,<=5s vs 5-10s,2266
txTosgmH,45,1-0,White,<=5s vs 15-20s,1136
Ir1fJNFW,87,0-1,White,<=5s vs <=5s,1557
hSvyX1zo,42,1-0,Black,<=5s vs <=5s,1039
HvyX5l59,59,1-0,White,<=5s vs 5-10s,1043
rfos4paF,60,0-1,Black,<=5s vs <=5s,2052
PDFhxkod,58,0-1,Black,<=5s vs 15-20s,1209
rUS8GrRH,70,0-1,Black,<=5s vs 5-10s,1541
WW7uVU7p,120,0-1,Black,<=5s vs 5-10s,2512
QDbhI9ht,78,0-1,Black,<=5s vs <=5s,1851
SwiwhoBR,118,0-1,Black,<=5s vs 10-15s,1936
e7UxYnk7,48,0-1,Black,<=5s vs 10-15s,1539
xpDDXj2K,74,0-1,Black,<=5s vs 5-10s,2464
uiV9YF3E,61,1-0,White,<=5s vs 5-10s,1448
4hR2Xtxi,130,0-1,Black,<=5s vs <=5s,2469
irpoyPQA,67,1-0,White,<=5s vs 10-15s,1817
BqPgDXEv,54,0-1,Black,<=5s vs 15-20s,1213
ocFb8DQE,60,0-1,Black,<=5s vs 10-15s,1923
qwIfxX3B,83,1-0,White,<=5s vs <=5s,1822
0OGIvbwd,84,0-1,Black,<=5s vs 15-20s,1947
i0o9lial,55,1-0,White,<=5s vs <=5s,1134
OYTwiiXu,93,1-0,White,<=5s vs 5-10s,2469
Z22btrkl,108,0-1,Black,<=5s vs 15-20s,1836
GTkX4pip,65,1-0,White,<=5s vs <=5s,1304
8qj21NTc,62,0-1,Black,<=5s vs 5-10s,2018
XqL8mfCc,88,1/2-1/2,Black,<=5s vs 15-20s,2367
nkMbOjFP,76,1-0,Black,<=5s vs <=5s,1850
8GZgfJgA,47,1-0,White,<=5s vs 15-20s,1408
zSd0bFDN,101,1-0,White,<=5s vs 15-20s,1320
MAAqW1mV,67,0-1,White,<=5s vs <=5s,1552
U2JqKaue,195,1-0,White,<=5s vs 15-20s,2582
Nb2UuDxt,46,0-1,Black,<=5s vs 5-10s,785
Y1yuVTJU,67,1-0,White,<=5s vs 10-15s,1642
NUgxZM6v,63,1-0,White,<=5s vs 5-10s,1505
feZScKRT,84,0-1,Black,<=5s vs 5-10s,1731
2xqp0lpV,55,1-0,White,<=5s vs 15-20s,1355
BfV9y2nX,106,0-1,Black,<=5s vs 5-10s,1780
WsGlithn,47,1-0,White,<=5s vs 10-15s,1344
aqAyBar5,97,1-0,White,<=5s vs 5-10s,2369
CygdZl4d,80,1/2-1/2,Black,<=5s vs 10-15s,2128
n7uo1LlZ,70,0-1,Black,<=5s vs 10-15s,2184
9YvMe1vW,53,1-0,White,<=5s vs 15-20s,2033
NOjXuOC1,71,1-0,White,<=5s vs 5-10s,1168
9FHAgXBP,50,1-0,Black,<=5s vs 10-15s,1213
WRuES0Ds,50,0-1,Black,<=5s vs 15-20s,1641
OGumpbzj,72,0-1,Black,<=5s vs <=5s,917
ruv5F9f1,50,0-1,Black,<=5s vs 5-10s,1501
0MROtm5F,64,0-1,Black,<=5s vs 15-20s,1466
DEvaeXgD,62,0-1,Black,<=5s vs <=5s,1516
bhWAN4TY,55,1-0,White,<=5s vs 15-20s,1527
6sSjrvkg,70,1/2-1/2,Black,<=5s vs 5-10s,2290
VPOw0zOG,85,1-0,White,<=5s vs 15-20s,2887
WxwuZRVs,123,1-0,White,<=5s vs 5-10s,2431
QPDDj3SL,77,1-0,White,<=5s vs 5-10s,2219
DO04BkRA,69,1-0,White,<=5s vs 5-10s,1694
orEgcTK9,51,1-0,White,<=5s vs 15-20s,1438
Ie9yqihA,97,1-0,White,<=5s vs 5-10s,2257
XjbRMc8m,83,1-0,White,<=5s vs 5-10s,2464
rRAtIwBl,76,0-1,Black,<=5s vs 15-20s,1254
pNLsRgfW,119,1-0,White,<=5s vs <=5s,2543
9Bv7j5Dp,65,1-0,White,<=5s vs 5-10s,1888
m9HRq2A1,85,1-0,White,<=5s vs 5-10s,1963
bhEvNRAd,93,1-0,White,<=5s vs 15-20s,2377
1uuN3kuL,123,1-0,White,<=5s vs 10-15s,2354
EXH2w5C5,32,0-1,Black,<=5s vs 15-20s,1809
FKIfba3g,79,1-0,White,<=5s vs 10-15s,1994
GC9AC9AL,60,0-1,Black,<=5s vs 5-10s,1344
CblUlxBk,65,1-0,White,<=5s vs 10-15s,1089
CdnEnfo6,112,0-1,Black,<=5s vs 10-15s,2356
j0AKnW7k,98,0-1,Black,<=5s vs 15-20s,2515
xoywN2tA,78,1-0,Black,<=5s vs 5-10s,2830
UEqm0Rkz,64,0-1,Black,<=5s vs 15-20s,2553
nSzJgJNK,76,0-1,Black,<=5s vs 5-10s,1072
pQvViuUh,40,0-1,Black,<=5s vs <=5s,1121
JmX0w2V4,75,0-1,White,<=5s vs <=5s,1932
2w1Wj9BM,70,1-0,Black,<=5s vs 5-10s,1912
4X2dGN4N,54,0-1,Black,<=5s vs 5-10s,2113
b1WaJT18,154,0-1,Black,<=5s vs 15-20s,2444
NpkI1eix,85,0-1,White,<=5s vs <=5s,986
SEwyx4Mm,50,0-1,Black,<=5s vs 10-15s,1450
DCK4kvNj,100,1-0,Black,<=5s vs 5-10s,2453
FCSqLFi8,67,1-0,White,<=5s vs 15-20s,1289
ukM5hD7T,154,1-0,Black,<=5s vs 5-10s,2532
hJVcurkR,59,1-0,White,<=5s vs 5-10s,1139
w95gSzrW,42,0-1,Black,<=5s vs 15-20s,1563
Ueq5bY2X,38,0-1,Black,<=5s vs 15-20s,1243
1B11Qj5v,84,0-1,Black,<=5s vs 15-20s,1075
mEJeK9zx,76,0-1,Black,<=5s vs 10-15s,1651
U48IqCoK,84,0-1,Black,<=5s vs 10-15s,2506
1JddvtdZ,111,1-0,White,<=5s vs 5-10s,2507
20vVWcc8,56,0-1,Black,<=5s vs 15-20s,1190
XWYfIecN,66,0-1,Black,<=5s vs <=5s,1691
pyAOTzWn,76,0-1,Black,<=5s vs 5-10s,2348
H04Uy0I9,82,0-1,Black,<=5s vs 5-10s,1984
zYwM62rC,54,0-1,Black,<=5s vs 5-10s,1082
ji7aAkQ6,90,1/2-1/2,Black,<=5s vs 5-10s,2182
5Dgc7RfQ,46,0-1,Black,<=5s vs 10-15s,1379
VmsBVhG0,48,0-1,Black,<=5s vs 15-20s,1868
D9dSwa2r,40,0-1,Black,<=5s vs 15-20s,1302
QC6iK8Z2,64,1-0,Black,<=5s vs 5-10s,897
E4y9GMI2,67,1-0,White,<=5s vs 10-15s,2057
i2hlCDRE,180,0-1,Black,<=5s vs 15-20s,2227
sHUcylYb,62,0-1,Black,<=5s vs 15-20s,1720
7uZH3cjo,105,0-1,White,<=5s vs 5-10s,2565
d7aOMA4o,122,1/2-1/2,Black,<=5s vs 10-15s,1919
2NA0dTEM,71,1-0,White,<=5s vs 10-15s,2169
ZbQ1zk7v,74,1-0,Black,<=5s vs <=5s,1013
ACBgtukd,73,1-0,White,<=5s vs 15-20s,1858
mMbUCMrw,65,1-0,White,<=5s vs 5-10s,1240
1nU3GIyK,70,0-1,Black,<=5s vs 5-10s,1957
n5FhH1PK,80,0-1,Black,<=5s vs 15-20s,1409
ZY2LEhAc,82,0-1,Black,<=5s vs 5-10s,1797
sROY61JP,67,1-0,White,<=5s vs 10-15s,1468
VkM2s7L8,61,1-0,White,<=5s vs 5-10s,1932
qmee0hBa,62,0-1,Black,<=5s vs 15-20s,1323
8vk44e3H,66,1-0,Black,<=5s vs <=5s,2183
QCsFdabn,122,1/2-1/2,Black,<=5s vs 10-15s,2681
iKjD5BlC,86,0-1,Black,<=5s vs 15-20s,1838
x3bEyzUZ,151,1/2-1/2,White,<=5s vs 5-10s,2410
vG0NzluK,142,1/2-1/2,Black,<=5s vs 10-15s,2639
8p5W47jR,61,1-0,White,<=5s vs 15-20s,2260
QEGQPaYL,49,1-0,White,<=5s vs <=5s,1376
CWJij0V2,78,0-1,Black,<=5s vs 5-10s,1374
L2MWkMyz,85,1-0,White,<=5s vs 10-15s,2070
CIXLfQlm,80,0-1,Black,<=5s vs 15-20s,1627
L21ExuXG,69,1-0,White,<=5s vs 10-15s,1738
9glN3qha,76,0-1,Black,<=5s vs 5-10s,1812
mXrVOLub,49,1-0,White,<=5s vs 5-10s,1207
DFNKVqJ1,69,1-0,White,<=5s vs 10-15s,1923
Mf7LmtRn,78,1-0,Black,<=5s vs 5-10s,2022
rg1rKjPu,67,1-0,White,<=5s vs <=5s,1601
pyEUtZR3,165,1/2-1/2,White,<=5s vs <=5s,1879
4uP2flkr,95,1-0,White,<=5s vs 5-10s,2676
pvTXlC0n,118,0-1,Black,<=5s vs 10-15s,2250
iCa5UOCp,74,0-1,Black,<=5s vs 5-10s,2173
VQZT6TCu,44,0-1,Black,<=5s vs 10-15s,1638
kKfQH1N0,65,1-0,White,<=5s vs 15-20s,1758
sP6dIum9,69,1-0,White,<=5s vs 15-20s,2296
c9gaVOTJ,62,0-1,Black,<=5s vs 15-20s,1592
oXo9eDIw,94,0-1,Black,<=5s vs <=5s,2611
hPc79mWl,85,1-0,White,<=5s vs 5-10s,1596
NysHz2B4,122,1/2-1/2,Black,<=5s vs 5-10s,2132
W3cVQryJ,96,0-1,Black,<=5s vs <=5s,2119
6i8RGSUV,117,1-0,White,<=5s vs 15-20s,1879
NGF9H036,96,1-0,Black,<=5s vs 5-10s,2787
KG8V1Bdh,87,1-0,White,<=5s vs 5-10s,1725
erJypNrr,81,0-1,White,<=5s vs 10-15s,2005
GTKRAKAp,112,0-1,Black,<=5s vs 15-20s,1193
6FQnwf3n,114,0-1,Black,<=5s vs 5-10s,1480
MAZUCKkV,54,0-1,Black,<=5s vs 10-15s,1776
z7ompcj2,84,0-1,Black,<=5s vs 15-20s,1759
TtG6LgDF,69,1-0,White,<=5s vs 10-15s,2164
bAs5032l,34,0-1,Black,<=5s vs 10-15s,694
NvHuQvfb,64,0-1,Black,<=5s vs 15-20s,1653
VcEKNgmy,110,1/2-1/2,Black,<=5s vs 5-10s,2292
CUxzJeRk,83,1-0,White,<=5s vs 5-10s,2818
jahidrMV,54,0-1,Black,<=5s vs <=5s,1190
6bRVCfUV,94,0-1,Black,<=5s vs 5-10s,2760
vDeKS3KE,33,1-0,White,<=5s vs 15-20s,1871
a3yhbBky,65,1-0,White,<=5s vs 10-15s,1916
7woy5R9h,95,1/2-1/2,White,<=5s vs <=5s,1508
ZIWJ40DM,63,1-0,White,<=5s vs 15-20s,1433
LzpKEUq4,72,0-1,Black,<=5s vs <=5s,1386
HoTcNn69,76,0-1,Black,<=5s vs 15-20s,1835
qXQk1uHi,152,1/2-1/2,Black,<=5s vs 10-15s,1686
hHeVQwIa,105,1-0,White,<=5s vs 10-15s,2722
9NuJsxcV,125,1/2-1/2,White,<=5s vs <=5s,2244
AOvSqrSo,97,1-0,White,<=5s vs 5-10s,1652
SXpN4xfp,61,1-0,White,<=5s vs 10-15s,1002
9K88DJzb,130,0-1,Black,<=5s vs <=5s,2737
78ksUREV,71,0-1,White,<=5s vs 10-15s,2072
kkRMH5At,95,1/2-1/2,White,<=5s vs 5-10s,1924
jtSq3ovK,58,0-1,Black,<=5s vs 15-20s,1971
7bhN85Yq,84,0-1,Black,<=5s vs 5-10s,2127
KG4hU7i0,115,1-0,White,<=5s vs 15-20s,2622
TeCUacYF,46,0-1,Black,<=5s vs 15-20s,1455
HCwNfJuy,40,0-1,Black,<=5s vs 5-10s,1025
yEE7w09w,48,0-1,Black,<=5s vs <=5s,1255
eQ9piq92,54,0-1,Black,<=5s vs 10-15s,1004
HdvIEC2d,73,1-0,White,<=5s vs 10-15s,1426
a82FBpRy,60,0-1,Black,<=5s vs 5-10s,1934
ZDzsVFaC,101,1-0,White,<=5s vs 15-20s,2533
0jbQbtyk,72,0-1,Black,<=5s vs <=5s,2513
zO9AYh1U,78,0-1,Black,<=5s vs 15-20s,2260
3JHhoCJF,50,0-1,Black,<=5s vs 15-20s,1354
o6WlRM7j,83,0-1,White,<=5s vs 5-10s,2585
eRG29f4W,98,0-1,Black,<=5s vs 5-10s,2902
9hW3GfOr,46,0-1,Black,<=5s vs 15-20s,933
ymCxJbi2,63,1-0,White,<=5s vs 10-15s,2232
DM3qTJJg,74,0-1,Black,<=5s vs 15-20s,2601
7GAhMb0u,54,0-1,Black,<=5s vs 15-20s,1431
3HNOABBF,68,0-1,Black,<=5s vs 15-20s,2222
pa8atIoz,81,0-1,White,<=5s vs <=5s,1522
KunbctIf,63,1-0,White,<=5s vs 5-10s,1830
L7vyxc85,59,1-0,White,<=5s vs 15-20s,1276
87F4nlJ1,46,1-0,Black,<=5s vs <=5s,1187
rIcZlqgi,53,0-1,White,<=5s vs 15-20s,1405
0M2RKebH,55,1-0,White,<=5s vs 15-20s,1187
TPohl94D,71,1-0,White,<=5s vs 15-20s,2137
TIy6XUEi,59,0-1,White,<=5s vs 5-10s,2005
vSGqoBb6,105,0-1,White,<=5s vs 5-10s,1680
MNtlCAsa,63,1-0,White,<=5s vs 10-15s,1645
2KBdu0JZ,106,1-0,Black,<=5s vs <=5s,2400
VvtC7GIF,81,1-0,White,<=5s vs 10-15s,2041
bJEV8ej6,79,1/2-1/2,White,<=5s vs 5-10s,2336
LcKcmm2p,93,0-1,White,<=5s vs <=5s,2220
jXOc1r6W,57,1-0,White,<=5s vs 15-20s,1559
mS2vCFaZ,56,0-1,Black,<=5s vs <=5s,1999
9gnvTcnQ,84,0-1,Black,<=5s vs 5-10s,2232
UtFT2349,85,1-0,White,<=5s vs 5-10s,2066
QbMGbIVg,38,0-1,Black,<=5s vs 10-15s,1484
uetJeCTL,89,0-1,White,<=5s vs <=5s,2111
Ru2k9UB0,85,1-0,White,<=5s vs 5-10s,1395
R0AKxKop,105,0-1,White,<=5s vs 15-20s,2536
SWVKr5Eq,78,0-1,Black,<=5s vs 10-15s,1775
xYSgAenB,95,1/2-1/2,White,<=5s vs 15-20s,2502
ZWTHaGa9,87,1-0,White,<=5s vs 5-10s,1638
HxA3wtSm,53,1-0,White,<=5s vs 15-20s,1502
Z02hRbUV,89,1-0,White,<=5s vs 5-10s,2195
mmG2iG07,53,1-0,White,<=5s vs 15-20s,1586
w7LZ2jE3,53,1-0,White,<=5s vs 15-20s,1798
FCMD6bql,143,1/2-1/2,White,<=5s vs 15-20s,2085
TiShYuXo,77,1-0,White,<=5s vs 5-10s,2234
4reweOtM,82,1/2-1/2,Black,<=5s vs 5-10s,2418
dELHoM9N,61,1-0,White,<=5s vs 10-15s,1764
vmw2tr7j,38,0-1,Black,<=5s vs 15-20s,1052
hdgD0z0G,59,1-0,White,<=5s vs 15-20s,1574
rE2Ybzyk,64,1-0,Black,<=5s vs 5-10s,2373
T9dg0lGc,83,1-0,White,<=5s vs 5-10s,921
jFvi2INu,75,1-0,White,<=5s vs 10-15s,1899
RoPLC9Hv,130,0-1,Black,<=5s vs 5-10s,2134
xhECYkkw,59,1-0,White,<=5s vs 10-15s,2016
gKAkwAK5,109,1-0,White,<=5s vs 10-15s,2689
Lr8cZ3N9,104,0-1,Black,<=5s vs 5-10s,2056
u6fTdY8J,93,1-0,White,<=5s vs 5-10s,2214
7BmpwFOz,96,1/2-1/2,Black,<=5s vs 5-10s,1921
FpzaNpRS,71,1-0,White,<=5s vs 5-10s,2548
LJR87Tqi,118,0-1,Black,<=5s vs 5-10s,1965
DBGOAoIe,53,0-1,White,<=5s vs 5-10s,1679
jrba1epZ,62,0-1,Black,<=5s vs 10-15s,1337
CNmfWYE3,73,1-0,White,<=5s vs 15-20s,1891
u0pzpHT1,92,1/2-1/2,Black,<=5s vs <=5s,2006
5LSY51W6,41,0-1,White,<=5s vs 5-10s,1037
XSsqtq9y,87,1-0,White,<=5s vs 5-10s,2191
O2JHlkiX,111,1-0,White,<=5s vs 15-20s,2013
0voXYCdd,116,1/2-1/2,Black,<=5s vs 5-10s,2757
P4Ac1ZS4,58,0-1,Black,<=5s vs 10-15s,1739
8Nt0MdSR,101,1-0,White,<=5s vs 5-10s,2224
MywdVvma,77,1-0,White,<=5s vs 5-10s,920
CWWfb8Ig,52,0-1,Black,<=5s vs 15-20s,1545
5x5KOFcP,118,0-1,Black,<=5s vs 10-15s,2233
yTS9381G,49,1-0,White,<=5s vs 5-10s,1053
8FywJTlJ,60,0-1,Black,<=5s vs 5-10s,1582
lSqL5L7H,57,1-0,White,<=5s vs 15-20s,1264
L0PcOoBv,64,0-1,Black,<=5s vs 5-10s,2151
K09fMFzP,65,1-0,White,<=5s vs 15-20s,1398
bl1FB75h,64,0-1,Black,<=5s vs <=5s,1274
RQLUQ9ml,35,1-0,White,<=5s vs 10-15s,882
UeY0YVtb,81,1-0,White,<=5s vs 10-15s,1523
ou1ktvMC,54,0-1,Black,<=5s vs 10-15s,1159
xVu2HNwk,53,1-0,White,<=5s vs 15-20s,1452
I3LTriga,58,1-0,Black,<=5s vs <=5s,2286
QjPqGKVF,60,0-1,Black,<=5s vs <=5s,1430
YiwUzGd8,90,0-1,Black,<=5s vs 15-20s,2388
0fQSpmdx,34,0-1,Black,<=5s vs 15-20s,1790
NqeOjxVY,67,1-0,White,<=5s vs 15-20s,1903
IhfWeZNS,88,0-1,Black,<=5s vs 5-10s,2786
Xcx3Fqii,60,0-1,Black,<=5s vs 5-10s,2272
DohDrGER,59,1-0,White,<=5s vs <=5s,1121
gAa4JFAK,56,0-1,Black,<=5s vs 15-20s,1247
4XvwIk0z,71,1-0,White,<=5s vs 10-15s,2496
cUvBDdId,99,1-0,White,<=5s vs 10-15s,2463
lNdYonx9,75,1-0,White,<=5s vs 5-10s,2344
sQXwxKSn,129,0-1,White,<=5s vs 10-15s,2339
bYInLCw6,74,0-1,Black,<=5s vs 10-15s,2346
BbtLEWC5,112,1/2-1/2,Black,<=5s vs 5-10s,2748
wEm0PmCo,81,1-0,White,<=5s vs 5-10s,2047
AhAwkYwA,77,1/2-1/2,White,<=5s vs 5-10s,2280
ZlwaOHWg,72,0-1,Black,<=5s vs 15-20s,1398
lwZmetUU,130,1/2-1/2,Black,<=5s vs 10-15s,1847
wN1NbeZU,55,1-0,White,<=5s vs 15-20s,2247
YAFq8aRn,80,0-1,Black,<=5s vs 10-15s,2090
0xBvIRjl,63,1-0,White,<=5s vs <=5s,2206
DmlAtks2,101,1-0,White,<=5s vs 10-15s,1791
4wVu06aO,78,0-1,Black,<=5s vs 15-20s,2143
fd4H1Z9l,76,1-0,Black,<=5s vs <=5s,1475
DTvTRHrR,73,1-0,White,<=5s vs 5-10s,1550
WVRKf65t,97,1-0,White,<=5s vs <=5s,2469
ZHKoLLnP,57,1-0,White,<=5s vs 15-20s,2014
TDlbMgX3,66,1-0,Black,<=5s vs 5-10s,2144
WW8pZ7fl,62,0-1,Black,<=5s vs 15-20s,1545
X7fpQ3Kp,70,0-1,Black,<=5s vs 15-20s,2445
BCcne3dQ,113,1/2-1/2,White,<=5s vs 5-10s,1619
JRiqVS0E,102,0-1,Black,<=5s vs 15-20s,1787
EkWvIhdk,64,0-1,Black,<=5s vs 15-20s,1788
Va4E13fb,63,1-0,White,<=5s vs <=5s,1972
jAQQ06pB,114,0-1,Black,<=5s vs <=5s,2242
ZkTRaoBR,75,1-0,White,<=5s vs 10-15s,1703
XbeedLTI,69,1-0,White,<=5s vs <=5s,2121
ZrUy1bGC,59,1-0,White,<=5s vs 5-10s,1545
60D21hpV,53,1-0,White,<=5s vs 15-20s,1244
TNy4lsJ4,75,1-0,White,<=5s vs 5-10s,1931
IltHCjFL,58,0-1,Black,<=5s vs 10-15s,1797
URYH2H8y,66,0-1,Black,<=5s vs 5-10s,1906
5uRR1A0U,84,1-0,Black,<=5s vs 5-10s,2576
cyhnHi7z,56,0-1,Black,<=5s vs <=5s,2021
ZvO7RIZW,75,1-0,White,<=5s vs <=5s,1393
8MRrphDh,53,1-0,White,<=5s vs 15-20s,1967
QdwnXiJf,68,0-1,Black,<=5s vs 5-10s,2664
1cgE14Er,55,1-0,White,<=5s vs 5-10s,1397
DzfXUHv7,91,1-0,White,<=5s vs 5-10s,2220
gbnFoUoZ,54,0-1,Black,<=5s vs 15-20s,1503
Wl5TwEV7,95,1/2-1/2,White,<=5s vs 10-15s,2578
QmqHD2oH,42,1-0,Black,<=5s vs <=5s,1809
9fcnIgPh,67,1-0,White,<=5s vs 5-10s,2319
ZCPt2fZF,53,1-0,White,<=5s vs 15-20s,1047
YvmbFW93,62,0-1,Black,<=5s vs <=5s,2287
Fo2pOxd0,51,1-0,White,<=5s vs 15-20s,755
Qn3MQVAS,83,1-0,White,<=5s vs 5-10s,2091
ggUCWSS5,55,1-0,White,<=5s vs 10-15s,2264
qchg9YoM,62,0-1,Black,<=5s vs 10-15s,1690
ZagTkS7V,117,1/2-1/2,White,<=5s vs 15-20s,2379
2IfOUJ5W,78,0-1,Black,<=5s vs 10-15s,2132
5IJubrmb,71,1-0,White,<=5s vs 10-15s,2119
osxli8XN,66,0-1,Black,<=5s vs 15-20s,2334
2Z71lHdv,48,0-1,Black,<=5s vs 15-20s,2205
JpfU1hiD,79,1-0,White,<=5s vs 5-10s,2351
CF14MYIf,49,1-0,White,<=5s vs 15-20s,977
yWJmf1qH,72,0-1,Black,<=5s vs 10-15s,1758
jn5tNkm9,83,1-0,White,<=5s vs 15-20s,2642
oS4G4c0e,75,1-0,White,<=5s vs 15-20s,2605
ItepAckj,69,0-1,White,<=5s vs 10-15s,1735
KHKdHFWh,60,0-1,Black,<=5s vs 10-15s,2572
ZrAkcyS6,31,1-0,White,<=5s vs 15-20s,1747
71ymbTHa,37,1-0,White,<=5s vs 10-15s,671
4d6FgrLt,87,0-1,White,<=5s vs 5-10s,2141
WIoiAeXG,77,1-0,White,<=5s vs 5-10s,3104
g3VdL17R,85,0-1,White,<=5s vs <=5s,1492
8e0fopix,65,1-0,White,<=5s vs 10-15s,1424
YSi79wUc,46,0-1,Black,<=5s vs 10-15s,1155
8mONLAFM,102,0-1,Black,<=5s vs 10-15s,1776
5OU8VAiq,69,1-0,White,<=5s vs 10-15s,2290
QL2bI2LN,60,0-1,Black,<=5s vs 5-10s,1578
EyQN0C9C,70,0-1,Black,<=5s vs 5-10s,1708
gag4BIBp,60,1/2-1/2,Black,<=5s vs 5-10s,1684
U7C7lA0j,60,0-1,Black,<=5s vs 10-15s,1547
c9pwyk8l,98,0-1,Black,<=5s vs 5-10s,2200
hlUmAXX4,69,1-0,White,<=5s vs 5-10s,1308
MEHXhSs8,35,1-0,White,<=5s vs 5-10s,1150
90tC3Dic,41,1-0,White,<=5s vs 10-15s,813
z5sOAlzw,118,0-1,Black,<=5s vs 5-10s,2037
VyGuo11q,79,1-0,White,<=5s vs 10-15s,1697
d9MqcIcX,62,0-1,Black,<=5s vs 15-20s,2075
I3hBP7Xf,63,0-1,White,<=5s vs 10-15s,1932
6VAEAk8l,53,1-0,White,<=5s vs 5-10s,1741
FHfh1cVP,66,0-1,Black,<=5s vs <=5s,2132
gMmIhaUK,57,1-0,White,<=5s vs 10-15s,1483
1tDdGWkO,54,0-1,Black,<=5s vs 10-15s,1272
9QmCnBGx,47,1-0,White,<=5s vs 5-10s,1350
xXoyBGrp,71,1-0,White,<=5s vs 10-15s,1727
5T82wIga,55,1-0,White,<=5s vs 10-15s,1477
PlQUifsA,81,1-0,White,<=5s vs 15-20s,2423
D17u7qD6,92,0-1,Black,<=5s vs 5-10s,2350
ciJqqYMd,78,0-1,Black,<=5s vs 15-20s,1944
JEaXAP6q,89,1-0,White,<=5s vs 10-15s,1683
toA6pSRz,45,0-1,White,<=5s vs 10-15s,2010
EWQSuVh0,78,0-1,Black,<=5s vs 15-20s,2243
JnZk0Iz3,84,0-1,Black,<=5s vs <=5s,1284
6Qi7cnwB,92,0-1,Black,<=5s vs 15-20s,2073
fdcnA72x,66,0-1,Black,<=5s vs 5-10s,1736
V1sAhjys,73,1-0,White,<=5s vs 15-20s,1699
E2jCE42M,68,0-1,Black,<=5s vs 10-15s,1823
brjjtswW,96,0-1,Black,<=5s vs 5-10s,2004
OtRi5z3f,51,0-1,White,<=5s vs <=5s,990
o6hxeHNP,72,1-0,Black,<=5s vs 10-15s,1336
M5jR9ZqV,113,1-0,White,<=5s vs 10-15s,2635
TRiQ8eFe,101,0-1,White,<=5s vs 5-10s,1829
u0N2r6Xl,64,0-1,Black,<=5s vs 5-10s,1526
jPGoxsTN,62,0-1,Black,<=5s vs <=5s,841
2pmURHAR,65,1-0,White,<=5s vs 15-20s,1945
LZOv3yMi,55,1-0,White,<=5s vs 15-20s,1444
XuNOZXJQ,68,0-1,Black,<=5s vs 5-10s,1605
HPBVQyVJ,78,0-1,Black,<=5s vs 10-15s,1117
1gWn8QJ4,69,0-1,White,<=5s vs 5-10s,1639
DNjco45v,75,1/2-1/2,White,<=5s vs <=5s,1979
6oW4txM0,49,1-0,White,<=5s vs 10-15s,1661
5fJBONcw,103,1-0,White,<=5s vs 10-15s,1788
JHYSCUGN,55,1-0,White,<=5s vs 5-10s,1800
SEiJ80IB,56,0-1,Black,<=5s vs 15-20s,1664
4x1qi06K,73,1-0,White,<=5s vs 5-10s,1885
gcRJ7LJD,74,0-1,Black,<=5s vs 5-10s,1671
2AbOJmXi,66,0-1,Black,<=5s vs 10-15s,1502
DFRCw8rg,73,1-0,White,<=5s vs 5-10s,2184
sE3qstLh,73,1/2-1/2,White,<=5s vs 15-20s,2024
QzkbExdU,61,1-0,White,<=5s vs 10-15s,1876
iCi0ZZf5,70,0-1,Black,<=5s vs 15-20s,1473
HSVhKo0g,54,1-0,Black,<=5s vs <=5s,1332
a65iHBoM,53,1-0,White,<=5s vs 15-20s,1232
VECviH47,66,0-1,Black,<=5s vs 15-20s,1984
x5dRH4PS,47,1-0,White,<=5s vs 5-10s,1539
HD9CfCmc,111,1-0,White,<=5s vs <=5s,1242
pBMDRBkn,55,1-0,White,<=5s vs 5-10s,916
WwjN1MNI,127,1-0,White,<=5s vs 15-20s,2782
5AR0knNf,79,0-1,White,<=5s vs <=5s,2015
HJm2DXy2,67,1-0,White,<=5s vs 10-15s,2445
UcG4CSw9,40,0-1,Black,<=5s vs 15-20s,1729
HnPO1H0r,80,0-1,Black,<=5s vs 5-10s,1115
urJe7aO3,44,0-1,Black,<=5s vs 10-15s,1108
kTGYkNW9,104,1/2-1/2,Black,<=5s vs 10-15s,2488
BFY0jv1q,52,0-1,Black,<=5s vs <=5s,1562
QWku63qt,55,1-0,White,<=5s vs 15-20s,1121
UkfvPVkh,122,1/2-1/2,Black,<=5s vs 5-10s,2619
GxNYG87S,81,1-0,White,<=5s vs 5-10s,1675
JplKhjZI,41,1-0,White,<=5s vs 10-15s,1160
BG48T64N,106,0-1,Black,<=5s vs 15-20s,2027
w4XOH1Py,56,1-0,Black,<=5s vs 10-15s,1812
JA9folPb,72,0-1,Black,<=5s vs <=5s,1198
GGPkYJC0,55,1-0,White,<=5s vs 5-10s,768
TeE77DFd,77,1-0,White,<=5s vs 15-20s,1621
9C5fiFm1,89,0-1,White,<=5s vs <=5s,2728
lZWj7zxU,96,1-0,Black,<=5s vs 5-10s,2048
dbk7lGom,155,1/2-1/2,White,<=5s vs 5-10s,2545
3VyemqYG,61,1-0,White,<=5s vs 15-20s,1838
YfFwLwOb,49,1-0,White,<=5s vs 5-10s,1744
QohC9V6z,66,0-1,Black,<=5s vs 15-20s,2237
vj2fecoY,58,0-1,Black,<=5s vs 10-15s,1867
1TGa2lD1,75,1-0,White,<=5s vs 10-15s,1591
jCx5bfnC,84,0-1,Black,<=5s vs 5-10s,2363
2W82VD6X,48,0-1,Black,<=5s vs <=5s,1803
ynoFzJyr,37,1-0,White,<=5s vs 10-15s,686
O6p86SNe,50,0-1,Black,<=5s vs 15-20s,1632
JKtwGaDx,63,0-1,White,<=5s vs 5-10s,1411
Sjl0NGSr,56,0-1,Black,<=5s vs 10-15s,1630
5IyKLLDe,64,0-1,Black,<=5s vs 5-10s,1801
1JsU5ZEc,55,1-0,White,<=5s vs 10-15s,1379
2pS9q7SE,64,0-1,Black,<=5s vs 5-10s,1388
1gdi0Jwg,73,1-0,White,<=5s vs 5-10s,2097
nsAAKIJv,62,0-1,Black,<=5s vs 5-10s,1889
ZxJSsVlp,53,0-1,White,<=5s vs 5-10s,1979
gB4r7zaT,128,1-0,Black,<=5s vs 5-10s,1807
Tz5DOCb4,153,1-0,White,<=5s vs 15-20s,2066
O4MlZloB,114,1-0,Black,<=5s vs 5-10s,2155
5qgZ7s9o,92,0-1,Black,<=5s vs 5-10s,2131
W5w8ti9s,80,0-1,Black,<=5s vs 5-10s,2461
N5JXSUT9,58,0-1,Black,<=5s vs 5-10s,2136
MO9N1IGp,64,0-1,Black,<=5s vs 5-10s,1342
N1X8wwdQ,61,1-0,White,<=5s vs 5-10s,2444
FxgaCZsG,91,1-0,White,<=5s vs 10-15s,1998
crxDc6gp,103,1-0,White,<=5s vs 10-15s,2585
on4fFqom,56,0-1,Black,<=5s vs 15-20s,1476
cydtEV0D,98,0-1,Black,<=5s vs 15-20s,2220
Wsm5i6Nr,31,0-1,White,<=5s vs 15-20s,835
t3DE0Qpn,78,0-1,Black,<=5s vs 5-10s,1806
2zksX4C1,72,0-1,Black,<=5s vs 10-15s,1341
qlOBW5oX,108,1-0,Black,<=5s vs <=5s,2359
VhKzriwD,57,0-1,White,<=5s vs 10-15s,2082
hYHG9GiN,38,0-1,Black,<=5s vs 10-15s,1049
PyHuECwh,113,1/2-1/2,White,<=5s vs 5-10s,2633
S0Z2chko,84,0-1,Black,<=5s vs 5-10s,1755
k4h3HecH,72,0-1,Black,<=5s vs 10-15s,2953
5MHd8DuE,124,0-1,Black,<=5s vs 15-20s,2758
VRlJsmox,60,0-1,Black,<=5s vs 5-10s,2137
A2e9bZno,39,1-0,White,<=5s vs 5-10s,913
T4g5ZFlo,86,0-1,Black,<=5s vs 15-20s,2336
fqSZCIk0,56,0-1,Black,<=5s vs 15-20s,1570
wLt9KRlJ,95,1-0,White,<=5s vs <=5s,1166
Vj5uh4jk,64,1-0,Black,<=5s vs 5-10s,1307
0twuQkBX,62,0-1,Black,<=5s vs 15-20s,2279
wLKOa0tv,63,1-0,White,<=5s vs 10-15s,1440
BCVVf9UX,107,1-0,White,<=5s vs 10-15s,1534
E3m4wEfB,131,1/2-1/2,White,<=5s vs 5-10s,2874
bPjqSqiq,81,1-0,White,<=5s vs 15-20s,1687
isol9gbs,52,0-1,Black,<=5s vs 15-20s,1605
q4G2N8lI,104,1-0,Black,<=5s vs 10-15s,1908
9xTPW2tr,56,0-1,Black,<=5s vs <=5s,995
32bcA3Kf,51,0-1,White,<=5s vs <=5s,893
KEgoweAW,63,1-0,White,<=5s vs <=5s,2020
MIOYqJED,78,0-1,Black,<=5s vs 15-20s,1863
Mpsbgde4,78,0-1,Black,<=5s vs 5-10s,2046
2fCAEJ95,103,0-1,White,<=5s vs <=5s,2032
kJoqAPta,79,1-0,White,<=5s vs 5-10s,1299
KdjG0bUN,75,1-0,White,<=5s vs 10-15s,1950
S6yzpkgA,117,1-0,White,<=5s vs 15-20s,1792
sfIBKYb5,94,0-1,Black,<=5s vs 5-10s,2533
DUJjQwYh,97,1-0,White,<=5s vs 10-15s,2347
zOLaXh7O,88,0-1,Black,<=5s vs 5-10s,3034
E7MlkEmp,58,0-1,Black,<=5s vs 15-20s,1023
GmceJpBZ,61,1-0,White,<=5s vs 10-15s,1906
LyfjtUso,112,1-0,Black,<=5s vs 10-15s,1108
tteP5Rbs,56,0-1,Black,<=5s vs 10-15s,1874
gtqKsA3u,96,0-1,Black,<=5s vs 5-10s,2331
jaXVy5T8,46,1-0,Black,<=5s vs 5-10s,969
IXZ3hxav,80,0-1,Black,<=5s vs <=5s,1460
ZbhsD0QS,48,1-0,Black,<=5s vs <=5s,1429
I3ezYTB9,120,1-0,Black,<=5s vs <=5s,1776
NtwmE59w,52,1-0,Black,<=5s vs <=5s,1651
vTzvavm8,53,1-0,White,<=5s vs 15-20s,1476
DJgJncM3,46,0-1,Black,<=5s vs 15-20s,1204
6VU656GD,86,1-0,Black,<=5s vs <=5s,1361
oEFbU7UR,65,1-0,White,<=5s vs 10-15s,1422
ekDbJSdp,42,0-1,Black,<=5s vs 15-20s,1236
EHyrb6Pe,59,0-1,White,<=5s vs 10-15s,896
FlEm9rBw,60,0-1,Black,<=5s vs 5-10s,1303
m7jiiqgE,74,0-1,Black,<=5s vs 5-10s,1737
uWAxqpjC,70,0-1,Black,<=5s vs 5-10s,1807
CfUWnkmK,80,1-0,Black,<=5s vs 10-15s,2375
5EwoPL2D,103,0-1,White,<=5s vs 5-10s,2251
8q6aowSf,83,0-1,White,<=5s vs 15-20s,1988
yndLZUkj,50,0-1,Black,<=5s vs 15-20s,1319
KxUw2U9d,111,1/2-1/2,White,<=5s vs 5-10s,2504
V5HlHhJH,69,0-1,White,<=5s vs 5-10s,1732
h0Ot8Jnm,67,1-0,White,<=5s vs 15-20s,2173
LlK9duH7,73,1-0,White,<=5s vs 15-20s,1949
RrWAct4F,89,1-0,White,<=5s vs 10-15s,2434
VZJCTypg,79,1-0,White,<=5s vs 10-15s,1267
8vL5qv9V,117,0-1,White,<=5s vs 5-10s,3102
BA4E2h5Y,77,1-0,White,<=5s vs 15-20s,1778
QpG2Tl66,42,0-1,Black,<=5s vs <=5s,726
tRxAjEfH,95,0-1,White,<=5s vs 5-10s,1659
pB8xV7Bb,74,0-1,Black,<=5s vs 15-20s,2033
1cZRzdjo,53,1-0,White,<=5s vs 15-20s,1217
TfhFDXl6,94,0-1,Black,<=5s vs <=5s,2222
H1u0xal3,78,0-1,Black,<=5s vs 5-10s,2298
kFYRZ1fu,61,0-1,White,<=5s vs 10-15s,1817
I4ebuLcB,90,0-1,Black,<=5s vs 5-10s,2299
N530Rx5U,56,0-1,Black,<=5s vs 15-20s,1579
rl8C93Ds,37,1-0,White,<=5s vs 15-20s,874
HP55vTrw,119,1-0,White,<=5s vs 5-10s,1987
KYHWSMZg,68,1-0,Black,<=5s vs <=5s,2153
QG4QJqJs,98,0-1,Black,<=5s vs 5-10s,2198
OP6Q1B34,73,1-0,White,<=5s vs 5-10s,2046
LclpY2SG,66,1-0,Black,<=5s vs 5-10s,2445
C1f9s6eA,123,1/2-1/2,White,<=5s vs <=5s,1522
1Pi5WxDD,68,0-1,Black,<=5s vs 10-15s,2185
JHxeIKL1,76,0-1,Black,<=5s vs 10-15s,2155
BRimNKuu,104,0-1,Black,<=5s vs 15-20s,1602
NXZWiukO,60,0-1,Black,<=5s vs 10-15s,2075
PVW7R35X,66,0-1,Black,<=5s vs 10-15s,1908
rcgJwM7t,77,1-0,White,<=5s vs 10-15s,2366
SROf3hnR,64,0-1,Black,<=5s vs 10-15s,2102
T1kipWxq,82,0-1,Black,<=5s vs <=5s,1997
0yCQGTRu,68,1-0,Black,<=5s vs 10-15s,2337
z1JN1wI0,114,0-1,Black,<=5s vs 5-10s,2028
TKOtEm2E,37,1-0,White,<=5s vs 5-10s,1214
o65aZM1w,157,1-0,White,<=5s vs 15-20s,1721
iBr1s9IC,67,1-0,White,<=5s vs 10-15s,1489
VrPgH0G6,77,1-0,White,<=5s vs 5-10s,1834
VFjKg9nz,61,1-0,White,<=5s vs 5-10s,1481
Gf1P4KLC,75,1-0,White,<=5s vs 10-15s,2160
2pmQKm30,127,0-1,White,<=5s vs <=5s,2363
9A5wp4iz,49,1-0,White,<=5s vs 10-15s,1356
oyxX17rQ,58,0-1,Black,<=5s vs 5-10s,1577
aC53Q63U,73,1-0,White,<=5s vs 5-10s,1994
BtOh0pTQ,48,0-1,Black,<=5s vs 10-15s,1096
UovqVAws,86,0-1,Black,<=5s vs 10-15s,2381
XIDs43pu,73,1-0,White,<=5s vs 10-15s,2044
9OnkuGLF,25,0-1,White,<=5s vs 5-10s,977
Q3RNUTi3,61,1-0,White,<=5s vs 5-10s,2438
N9mwUpq4,99,1-0,White,<=5s vs 5-10s,1990
YtukVOzt,47,1-0,White,<=5s vs 15-20s,1161
a0U3lwPN,106,0-1,Black,<=5s vs 15-20s,2694
SIprtoU3,64,1-0,Black,<=5s vs 10-15s,1809
VlBhjuIG,42,1-0,Black,<=5s vs <=5s,1089
VotSpx1f,58,0-1,Black,<=5s vs 5-10s,2674
uJbIembj,55,0-1,White,<=5s vs 15-20s,2421
FiHf4X6t,67,1-0,White,<=5s vs <=5s,1415
fcdj4mGP,84,0-1,Black,<=5s vs <=5s,2121
JEHbSZGe,81,1-0,White,<=5s vs 5-10s,2216
fWmbKVhW,51,1-0,White,<=5s vs 15-20s,891
K3xrz6ES,67,1-0,White,<=5s vs 15-20s,1471
XjogGtN4,54,0-1,Black,<=5s vs 5-10s,1457
o0bYT7aH,71,1-0,White,<=5s vs 15-20s,943
VqTYLNAv,38,0-1,Black,<=5s vs 10-15s,1423
ir18ttfK,52,1-0,Black,<=5s vs <=5s,1230
0ujDuObw,62,0-1,Black,<=5s vs 15-20s,1480
qdsqxJsI,79,1-0,White,<=5s vs 5-10s,2117
MD7wvtVe,51,1-0,White,<=5s vs 10-15s,1525
PeRMg0dM,102,0-1,Black,<=5s vs 5-10s,2382
ci0RLcru,50,0-1,Black,<=5s vs 10-15s,1484
9BD367CM,100,0-1,Black,<=5s vs 5-10s,2399
73GVYyJP,84,0-1,Black,<=5s vs 15-20s,2912
Yd27AjdV,61,1-0,White,<=5s vs 10-15s,1809
Fv7zwW2k,66,1-0,Black,<=5s vs 10-15s,2501
37rtBDQB,62,1-0,Black,<=5s vs 5-10s,1259
DOWEr8h4,67,1-0,White,<=5s vs 10-15s,1896
b4dlks5T,79,1-0,White,<=5s vs 10-15s,1146
iV9uxsMw,105,1-0,White,<=5s vs <=5s,2397
PD9q7s9T,99,1-0,White,<=5s vs 5-10s,2371
Ho9gLXpN,55,1-0,White,<=5s vs 15-20s,1687
4ybZMjw5,116,1/2-1/2,Black,<=5s vs <=5s,1814
bJyrNFa0,47,1-0,White,<=5s vs 5-10s,1469
RlAThsSv,62,0-1,Black,<=5s vs <=5s,1129
u40KHLYo,83,1-0,White,<=5s vs 10-15s,1937
nEWDogWk,58,0-1,Black,<=5s vs 15-20s,1046
1g2Cym9S,86,1/2-1/2,Black,<=5s vs 10-15s,1218
QDTvhaub,79,1-0,White,<=5s vs 10-15s,1970
LdxqAehZ,51,1-0,White,<=5s vs 5-10s,1825
od2cXbE2,87,1-0,White,<=5s vs 5-10s,2386
35AoHgDw,140,1/2-1/2,Black,<=5s vs 5-10s,1497
2sWxxro8,70,0-1,Black,<=5s vs 5-10s,1404
jxps32tH,65,0-1,White,<=5s vs <=5s,1388
eDrjT4TY,100,0-1,Black,<=5s vs 5-10s,2558
ou0Vwcha,76,0-1,Black,<=5s vs 10-15s,1606
nXhOV9ze,66,0-1,Black,<=5s vs 5-10s,1654
F8PxkVoe,71,1-0,White,<=5s vs 10-15s,1819
LZUFwbDF,109,0-1,White,<=5s vs 10-15s,2931
Zu25VUCU,51,1-0,White,<=5s vs 15-20s,1193
jsA4yCgo,58,0-1,Black,<=5s vs 5-10s,2472
oV36dJlE,136,1/2-1/2,Black,<=5s vs 5-10s,2489
wbCVpaHV,116,0-1,Black,<=5s vs 10-15s,2362
YaIqok90,48,0-1,Black,<=5s vs 5-10s,1016
Hycy7RZS,60,0-1,Black,<=5s vs 10-15s,1713
87D3Vd3g,39,1-0,White,<=5s vs 15-20s,1158
Kx6CYSB3,73,0-1,White,<=5s vs <=5s,1690
rl4COzC8,114,0-1,Black,<=5s vs 10-15s,2875
BB6utDOE,77,1-0,White,<=5s vs 15-20s,2168
lrDF143L,68,1/2-1/2,Black,<=5s vs 15-20s,2327
ngRRZWvK,64,0-1,Black,<=5s vs 10-15s,2240
TgSirqCf,70,0-1,Black,<=5s vs 5-10s,1781
iAk5Jghp,81,1-0,White,<=5s vs 10-15s,1609
umw5OOGh,45,1-0,White,<=5s vs 15-20s,1444
QXe8E7OX,112,0-1,Black,<=5s vs <=5s,1876
2HhdjXvJ,60,0-1,Black,<=5s vs 15-20s,1916
tdKKkgxV,56,0-1,Black,<=5s vs 15-20s,1718
fGBfEk6h,108,0-1,Black,<=5s vs 15-20s,2378
SRXB4cb1,70,0-1,Black,<=5s vs 10-15s,2023
q8MqQAiT,91,0-1,White,<=5s vs <=5s,1614
VxKCfpYz,41,1-0,White,<=5s vs 15-20s,835
LyNwZjJq,123,1-0,White,<=5s vs 10-15s,2473
Gti6kgQH,61,1-0,White,<=5s vs 10-15s,1504
ZgDbLoFA,68,0-1,Black,<=5s vs 5-10s,1036
OlaPstCe,57,0-1,White,<=5s vs 10-15s,1438
DSQORbSS,84,0-1,Black,<=5s vs 5-10s,1402
Y7eiy2Zl,55,0-1,White,<=5s vs 5-10s,1455
DdUYPoDL,95,1-0,White,<=5s vs 10-15s,2118
m0024Glc,57,1-0,White,<=5s vs <=5s,1802
TrsANB10,76,0-1,Black,<=5s vs 5-10s,2493
YBh80sz6,68,0-1,Black,<=5s vs 5-10s,1881
TjqVhR18,73,1-0,White,<=5s vs 5-10s,1133
RXA6g44C,63,1-0,White,<=5s vs 10-15s,1665
9pX454pj,72,1-0,Black,<=5s vs 10-15s,2048
nZWgt8MS,89,1-0,White,<=5s vs 15-20s,2337
VyM2BMH7,88,0-1,Black,<=5s vs 15-20s,1898
hXJ4W4lV,52,0-1,Black,<=5s vs 15-20s,1509
vmnTyGKr,68,1-0,Black,<=5s vs 15-20s,2579
MtUPTY19,55,1-0,White,<=5s vs 5-10s,1793
vHF1W6To,124,0-1,Black,<=5s vs 15-20s,1496
SQVHxz3W,119,1/2-1/2,White,<=5s vs <=5s,1823
IerwSSsJ,62,0-1,Black,<=5s vs 10-15s,1550
tAHBu3Zm,70,1-0,Black,<=5s vs <=5s,1412
GQH65m21,41,1-0,White,<=5s vs 10-15s,833
L98Uk60E,54,0-1,Black,<=5s vs 5-10s,1159
ejS8ECGi,59,1-0,White,<=5s vs 15-20s,1605
sATsTT1M,82,0-1,Black,<=5s vs 15-20s,2496
1F0xuipK,126,1/2-1/2,Black,<=5s vs 5-10s,2046
U0wbLv34,78,1-0,Black,<=5s vs 15-20s,2035
a6Jm43OV,66,0-1,Black,<=5s vs 15-20s,2777
ttAs1J5g,55,1-0,White,<=5s vs 15-20s,1543
VmejUOCD,74,0-1,Black,<=5s vs 10-15s,2104
Tm1TBj1D,104,0-1,Black,<=5s vs 5-10s,1986
7VkZiNvG,64,0-1,Black,<=5s vs 10-15s,1382
E6RKvcGD,60,0-1,Black,<=5s vs 5-10s,2445
AscSIGFK,60,0-1,Black,<=5s vs 15-20s,2250
fm0tz0AK,42,0-1,Black,<=5s vs 10-15s,1088
jGjEhxPp,83,1-0,White,<=5s vs 15-20s,2375
4d3uC50w,108,0-1,Black,<=5s vs 5-10s,2349
d95dbTcL,55,1-0,White,<=5s vs 10-15s,950
5EjYcOy1,40,1-0,Black,<=5s vs 15-20s,1243
XKQTQHjB,109,0-1,White,<=5s vs <=5s,2339
xbDJt50s,84,0-1,Black,<=5s vs <=5s,2307
Bht2Lkx1,70,0-1,Black,<=5s vs 15-20s,1838
LbK7rNvT,122,1/2-1/2,Black,<=5s vs 5-10s,2313
ROtWa18E,76,1-0,Black,<=5s vs <=5s,1912
RiVJYv2g,62,0-1,Black,<=5s vs 5-10s,1752
VfALvi7g,80,0-1,Black,<=5s vs 5-10s,2045
Y7qZVxqu,70,0-1,Black,<=5s vs 10-15s,1751
T86FJPIO,115,1-0,White,<=5s vs 5-10s,2399
3JRwI2ek,122,1-0,Black,<=5s vs 5-10s,2130
HlozWcw1,62,1-0,Black,<=5s vs <=5s,2415
SRbaDuzk,68,0-1,Black,<=5s vs 10-15s,1638
JeuhHaXY,69,1-0,White,<=5s vs 5-10s,2038
2z8VvnJ4,73,1-0,White,<=5s vs 15-20s,2932
tBnEDSTW,48,0-1,Black,<=5s vs 5-10s,1034
UQNPVdMq,102,0-1,Black,<=5s vs 10-15s,2217
2Mvv1V13,62,0-1,Black,<=5s vs 10-15s,1326
TrUq2m3B,94,1/2-1/2,Black,<=5s vs 10-15s,2686
dRzOwPdX,42,0-1,Black,<=5s vs 10-15s,1556
W5bm9m4p,108,0-1,Black,<=5s vs 5-10s,2535
wGjyOQJO,44,0-1,Black,<=5s vs 5-10s,2365
OlliDaWY,83,1-0,White,<=5s vs 5-10s,2242
fYMcWwIm,178,1-0,Black,<=5s vs <=5s,2314
LxISXZ18,92,0-1,Black,<=5s vs <=5s,2072
LpGDwOHw,75,1-0,White,<=5s vs 15-20s,2192
vorFuq7Y,83,1-0,White,<=5s vs 15-20s,1939
StO9I4V8,52,0-1,Black,<=5s vs 15-20s,1840
CJcMzvJR,30,0-1,Black,<=5s vs 15-20s,832
K5QcMnf2,61,1-0,White,<=5s vs 5-10s,2407
oNZviZ6Y,62,0-1,Black,<=5s vs 5-10s,1280
1YSXJdoN,84,1-0,Black,<=5s vs <=5s,1920
7sOlm1rn,51,1-0,White,<=5s vs 10-15s,1327
RhC1sbCg,58,0-1,Black,<=5s vs 10-15s,2160
I0pLnVgE,53,1-0,White,<=5s vs <=5s,1137
Zcw1kVov,79,1-0,White,<=5s vs 5-10s,2455
ZtgtR37t,109,0-1,White,<=5s vs <=5s,2337
EQ34NxKg,105,1-0,White,<=5s vs 15-20s,2160
KJCCRMsq,66,0-1,Black,<=5s vs 10-15s,1363
4x0ySmYv,73,1-0,White,<=5s vs 15-20s,821
UDwOZbuE,51,1-0,White,<=5s vs 15-20s,717
SvF0WEYS,64,0-1,Black,<=5s vs 5-10s,1426
k3JVsWaA,59,1-0,White,<=5s vs 10-15s,1861
kgbUVxkr,66,0-1,Black,<=5s vs 15-20s,1372
kGJIp7bz,68,0-1,Black,<=5s vs 5-10s,2096
NKBFjwuQ,44,0-1,Black,<=5s vs 5-10s,1071
pyj7DORp,54,1-0,Black,<=5s vs <=5s,2029
WsmpZkRN,94,0-1,Black,<=5s vs <=5s,2425
DX6o5Gjn,58,0-1,Black,<=5s vs 10-15s,1557
rh6YiWDn,119,1-0,White,<=5s vs 15-20s,2653
BLvFpzi4,70,0-1,Black,<=5s vs 15-20s,1783
ZQVfmYnE,75,1-0,White,<=5s vs 5-10s,2085
wR7E8Xcn,101,0-1,White,<=5s vs <=5s,2126
tPLYswH4,38,0-1,Black,<=5s vs 5-10s,1011
xGcYS7eP,56,0-1,Black,<=5s vs 15-20s,1079
zNETzoMk,66,0-1,Black,<=5s vs 5-10s,1228
3KfOdSSM,96,0-1,Black,<=5s vs 5-10s,2690
364OCwua,69,0-1,White,<=5s vs 10-15s,1450
RBA3dSSg,72,1-0,Black,<=5s vs <=5s,1179
aHl0ENxj,65,1-0,White,<=5s vs 5-10s,1108
sIVqN8Tg,56,0-1,Black,<=5s vs 15-20s,2195
vc3CkXK0,53,1-0,White,<=5s vs 10-15s,1561
tPjFReZG,70,0-1,Black,<=5s vs 5-10s,2553
lg3Rzspo,47,1-0,White,<=5s vs 5-10s,1088
5pC8KmmR,112,0-1,Black,<=5s vs 5-10s,2587
BKGPSzRQ,68,0-1,Black,<=5s vs 15-20s,1556
j9HASytD,62,0-1,Black,<=5s vs <=5s,1238
1EqJQw2s,112,0-1,Black,<=5s vs 10-15s,2112
7cLUt7MA,68,1/2-1/2,Black,<=5s vs 15-20s,1461
6RbUcxVM,55,1-0,White,<=5s vs 10-15s,1368
VqYqH104,111,1/2-1/2,White,<=5s vs 10-15s,2997
K5wd76HN,88,0-1,Black,<=5s vs 15-20s,2014
ynN4TFVO,64,0-1,Black,<=5s vs 15-20s,1232
9zqU9Zeq,54,0-1,Black,<=5s vs 10-15s,1287
Ulii4dSi,112,0-1,Black,<=5s vs 15-20s,2184
BOF9fVmy,65,1-0,White,<=5s vs 15-20s,1524
m7ZbTxFj,101,0-1,White,<=5s vs 5-10s,1877
rNOz3ZmO,62,1-0,Black,<=5s vs <=5s,2034
Ch5ZBc9p,61,1-0,White,<=5s vs 10-15s,2203
cCr5tPho,73,0-1,White,<=5s vs 5-10s,2403
mXBi46wG,60,1/2-1/2,Black,<=5s vs <=5s,1141
BydRGz1W,61,1-0,White,<=5s vs 10-15s,1640
j2eBrFwr,73,0-1,White,<=5s vs 5-10s,1592
iV9IohgQ,62,0-1,Black,<=5s vs 5-10s,2128
9K4PCmCh,78,0-1,Black,<=5s vs 10-15s,1992
pMvSiq0i,110,0-1,Black,<=5s vs 10-15s,1429
IsXG0xiy,66,0-1,Black,<=5s vs 5-10s,1851
YULhBo0t,70,1-0,Black,<=5s vs 5-10s,1633
UjCi0rqt,48,1-0,Black,<=5s vs 10-15s,875
F3n2wZ6j,87,1-0,White,<=5s vs 5-10s,2261
TOtL9ZW5,113,1/2-1/2,White,<=5s vs 15-20s,2417
H5OmHY7o,35,1-0,White,<=5s vs 10-15s,625
BQX5ENbY,126,1-0,Black,<=5s vs <=5s,2407
ZEtrzkgi,84,0-1,Black,<=5s vs 15-20s,1991
kTuYVkkF,56,0-1,Black,<=5s vs 10-15s,1948
V5Lj0yz9,56,0-1,Black,<=5s vs 10-15s,1967
CW47CBsj,65,1-0,White,<=5s vs 10-15s,1168
k6iNd7xw,51,1-0,White,<=5s vs 15-20s,1500
soMI06YL,70,1-0,Black,<=5s vs 5-10s,1921
BLtg0gZX,44,0-1,Black,<=5s vs 15-20s,1263
7987lsYJ,71,1-0,White,<=5s vs 5-10s,1656
XLF8tUIe,117,1-0,White,<=5s vs 10-15s,2591
VNl3ap61,97,1-0,White,<=5s vs 10-15s,2718
nfSQdvN4,82,1-0,Black,<=5s vs 5-10s,1448
nX9e7Oom,85,1-0,White,<=5s vs 15-20s,2315
KZpmZ9gv,82,0-1,Black,<=5s vs 15-20s,2058
ttMYMv7l,76,0-1,Black,<=5s vs 10-15s,2236
oMtwUhjx,134,1/2-1/2,Black,<=5s vs 5-10s,2581
Nd5uBUAn,127,1-0,White,<=5s vs 15-20s,2229
BG07ejfH,71,1-0,White,<=5s vs 15-20s,2428
BPXhq74V,125,1-0,White,<=5s vs 5-10s,1521
GbWrhTON,71,1-0,White,<=5s vs 10-15s,1846
RqmsSwO9,51,0-1,White,<=5s vs <=5s,892
ZdgixDZw,57,1-0,White,<=5s vs 10-15s,1935
OxYQxdis,92,0-1,Black,<=5s vs 5-10s,2169
BctlnwnH,105,0-1,White,<=5s vs <=5s,2446
ZJgUNm6R,60,0-1,Black,<=5s vs 10-15s,1914
hTgFZvjm,80,0-1,Black,<=5s vs 5-10s,1135
1msHnKLw,58,0-1,Black,<=5s vs 5-10s,2793
EU6Tnewv,79,1/2-1/2,White,<=5s vs 15-20s,2466
PWqSttdk,74,0-1,Black,<=5s vs 15-20s,2355
GazFckRh,63,1-0,White,<=5s vs 15-20s,1558
P4F7KHEr,128,0-1,Black,<=5s vs 5-10s,2441
Wfk990AR,78,0-1,Black,<=5s vs 10-15s,1779
V626b9q2,79,1-0,White,<=5s vs 15-20s,1037
7IlwTRvB,105,1-0,White,<=5s vs 5-10s,1827
HJjpAdlf,131,1/2-1/2,White,<=5s vs <=5s,2294
TBYUwHx6,110,0-1,Black,<=5s vs 5-10s,2406
O92WFLRq,62,0-1,Black,<=5s vs 10-15s,2001
4TsmN1z4,56,1-0,Black,<=5s vs <=5s,1004
pyTOb55T,94,1/2-1/2,Black,<=5s vs <=5s,1600
j0Che3ZK,118,1/2-1/2,Black,<=5s vs 15-20s,1850
hsIwruXv,105,1/2-1/2,White,<=5s vs 5-10s,2029
DBwuLj2V,42,0-1,Black,<=5s vs 10-15s,1230
poj1RiRb,74,0-1,Black,<=5s vs 5-10s,2142
98xswLH6,97,1/2-1/2,White,<=5s vs 5-10s,2143
2qghXx34,63,1-0,White,<=5s vs 5-10s,1615
CHRFS1R9,71,0-1,White,<=5s vs <=5s,2492
Ktndke57,114,1/2-1/2,Black,<=5s vs <=5s,2371
0PqlZmiw,50,0-1,Black,<=5s vs 15-20s,1652
LGKif831,76,0-1,Black,<=5s vs <=5s,1721
zzxnLK9e,61,1-0,White,<=5s vs 10-15s,1833
qSABq80B,108,0-1,Black,<=5s vs 5-10s,2375
lTA0cHE0,138,0-1,Black,<=5s vs <=5s,2486
0R7MFaKH,85,1-0,White,<=5s vs 15-20s,1507
GzDz5jww,88,0-1,Black,<=5s vs 10-15s,2165
pRXlqHKy,54,0-1,Black,<=5s vs 10-15s,2096
j3sOJOkF,60,0-1,Black,<=5s vs 15-20s,1954
kSujti7t,57,1-0,White,<=5s vs 15-20s,1908
X7Bi4pdR,69,0-1,White,<=5s vs 5-10s,2349
Eyhm4nte,62,1-0,Black,<=5s vs <=5s,858
c9uYMFtJ,70,0-1,Black,<=5s vs 5-10s,1194
6TLoyiYC,58,0-1,Black,<=5s vs 5-10s,1462
dTmVZHfQ,127,1-0,White,<=5s vs 15-20s,2144
Uqo2MxV7,109,0-1,White,<=5s vs <=5s,2702
JAKBXuUW,80,0-1,Black,<=5s vs 10-15s,2217
XMDGfHD9,115,1-0,White,<=5s vs 5-10s,2224
UBAUVN1h,61,1-0,White,<=5s vs 15-20s,2186
kHmJ1Bh9,50,0-1,Black,<=5s vs 10-15s,1269
cipXNNbb,68,0-1,Black,<=5s vs 5-10s,1620
GZQy0gKY,72,0-1,Black,<=5s vs 15-20s,1063
cq6PnuyJ,59,1-0,White,<=5s vs 15-20s,1698
TvBgeKbi,89,1-0,White,<=5s vs 5-10s,2545
0JMS4kmX,134,0-1,Black,<=5s vs <=5s,2007
wUbahMrM,209,1/2-1/2,White,<=5s vs <=5s,2442
FPYTSZr3,90,0-1,Black,<=5s vs 5-10s,2000
8E3gzYMV,78,1-0,Black,<=5s vs 5-10s,2157
ROZNElEJ,91,1-0,White,<=5s vs 5-10s,2395
5bH3ieHI,70,0-1,Black,<=5s vs 15-20s,2117
JYk9WNnM,72,0-1,Black,<=5s vs 5-10s,1630
Dn3fchRb,51,1-0,White,<=5s vs 5-10s,1178
9ENuDOr0,90,1-0,Black,<=5s vs <=5s,2163
B62HtVSy,54,0-1,Black,<=5s vs 5-10s,1257
cDYocbKp,45,1-0,White,<=5s vs 15-20s,1468
SjzQVEgS,51,1-0,White,<=5s vs <=5s,1595
bieDpqE2,114,1/2-1/2,Black,<=5s vs 10-15s,2129
zAgPT8os,80,0-1,Black,<=5s vs 10-15s,1578
vTVAOyyb,92,1-0,Black,<=5s vs <=5s,2442
MXQEaKGo,94,1-0,Black,<=5s vs <=5s,2405
iKERDJDs,152,1/2-1/2,Black,<=5s vs 5-10s,2485
f7zbqLDv,52,0-1,Black,<=5s vs 15-20s,1660
6NNxpSLr,39,1-0,White,<=5s vs 5-10s,1197
iTy0AUyx,118,1/2-1/2,Black,<=5s vs 15-20s,2133
4ZXz77s7,86,0-1,Black,<=5s vs <=5s,2128
hCkWHTWj,50,0-1,Black,<=5s vs 10-15s,945
eGlWOiLh,60,0-1,Black,<=5s vs 5-10s,1817
TxCXFQZu,79,1-0,White,<=5s vs 5-10s,1875
2xLkFpvm,42,0-1,Black,<=5s vs 5-10s,964
Ose1rHoG,133,1/2-1/2,White,<=5s vs 5-10s,1259
LJTwNLMO,55,1-0,White,<=5s vs 5-10s,2163
UOTIWhwK,55,1-0,White,<=5s vs 15-20s,2085
ack3jIYx,48,0-1,Black,<=5s vs 15-20s,1483
TUoA9fAI,92,0-1,Black,<=5s vs 15-20s,2634
v81EctYP,80,0-1,Black,<=5s vs <=5s,1749
1sf0sou7,94,0-1,Black,<=5s vs 10-15s,2014
8KzHXzZz,109,0-1,White,<=5s vs <=5s,2425
T6bQXOga,95,0-1,White,<=5s vs 5-10s,2024
QoLlcHxO,114,1/2-1/2,Black,<=5s vs 15-20s,2326
TGn7FZJs,67,1-0,White,<=5s vs <=5s,1700
vpy72FDH,73,1-0,White,<=5s vs 15-20s,2370
1YyjfdVs,61,0-1,White,<=5s vs 5-10s,1531
gnvMETWt,76,0-1,Black,<=5s vs <=5s,1531
ACYPw6Wo,57,1-0,White,<=5s vs 15-20s,1919
2YEt7ZA8,85,1-0,White,<=5s vs 10-15s,1292
mvp2mLLB,57,1-0,White,<=5s vs 5-10s,1589
o2kSm3JQ,64,0-1,Black,<=5s vs 5-10s,1847
fJCWMQbR,70,0-1,Black,<=5s vs 5-10s,1346
F5jNZ4a9,59,1-0,White,<=5s vs 10-15s,1144
aDSU10F3,74,0-1,Black,<=5s vs 10-15s,1597
vsImi82q,78,0-1,Black,<=5s vs <=5s,1920
GDqZBdkr,50,0-1,Black,<=5s vs 15-20s,1680
z3bLdauZ,50,0-1,Black,<=5s vs 15-20s,2361
B8BKAAB0,65,1-0,White,<=5s vs 5-10s,1501
xhSa34cy,71,1-0,White,<=5s vs 10-15s,1903
CRRu54Ua,106,0-1,Black,<=5s vs 15-20s,1017
2OGXN6si,88,0-1,Black,<=5s vs <=5s,1904
2Hj4ynDk,75,1-0,White,<=5s vs 15-20s,2106
tVn03x80,73,1-0,White,<=5s vs 10-15s,1733
Qmt6VeCF,77,1-0,White,<=5s vs 5-10s,1762
GhuhYmJG,81,1-0,White,<=5s vs 15-20s,1809
kUBazy66,91,1-0,White,<=5s vs 5-10s,1788
4waZPNbz,64,0-1,Black,<=5s vs 5-10s,1548
Kq3oXWCn,67,1-0,White,<=5s vs 10-15s,1805
NxyO9oVf,56,1-0,Black,<=5s vs <=5s,1337
Q3BCUjYo,92,0-1,Black,<=5s vs 15-20s,2241
cKqjcK5I,80,1-0,Black,<=5s vs <=5s,1766
85ZzU1HV,100,0-1,Black,<=5s vs 5-10s,2947
29ue6Faa,93,1-0,White,<=5s vs <=5s,2449
D0Ozrslk,58,0-1,Black,<=5s vs 5-10s,891
WuQy4PXa,44,1-0,Black,<=5s vs <=5s,840
5Ma6oq6o,103,0-1,White,<=5s vs 5-10s,2117
BIudgtlL,90,0-1,Black,<=5s vs 5-10s,1417
P4qxbvbc,40,0-1,Black,<=5s vs <=5s,832
CjFgFt3t,40,0-1,Black,<=5s vs 5-10s,1276
9EIrc7b0,59,1-0,White,<=5s vs 10-15s,2210
yvSkLnkg,96,1/2-1/2,Black,<=5s vs 10-15s,2107
8MTPcNOO,76,0-1,Black,<=5s vs 5-10s,2038
eBCOEFI6,70,0-1,Black,<=5s vs 15-20s,1966
YjYpVkCw,80,1/2-1/2,Black,<=5s vs 15-20s,2327
9nHqF3ju,65,1-0,White,<=5s vs 5-10s,2618
pmADSrfU,78,0-1,Black,<=5s vs <=5s,1119
95md1cwa,89,1-0,White,<=5s vs 10-15s,1739
TLj0N9Ud,79,1-0,White,<=5s vs 5-10s,1806
460FcQjj,106,1-0,Black,<=5s vs 15-20s,2183
3Keh7qf5,68,0-1,Black,<=5s vs 10-15s,1775
2cUIZRm2,89,1-0,White,<=5s vs <=5s,2292
hvIQeTIE,96,0-1,Black,<=5s vs 10-15s,2536
IG1LHKAK,86,0-1,Black,<=5s vs 10-15s,2663
2LU4Lile,59,1-0,White,<=5s vs 15-20s,1519
2IoFF51Z,63,1-0,White,<=5s vs 15-20s,1211
EcURVCNt,48,0-1,Black,<=5s vs 10-15s,1247
CkfSPLAv,56,0-1,Black,<=5s vs 15-20s,1857
QsVi1GkB,81,1-0,White,<=5s vs 10-15s,2101
A5pPLVdx,64,1-0,Black,<=5s vs <=5s,2280
t8nPEXl4,60,0-1,Black,<=5s vs 10-15s,1453
ATV6MCmD,88,0-1,Black,<=5s vs 5-10s,2119
wibI7w6V,38,0-1,Black,<=5s vs 10-15s,931
mTj6R8kq,69,1-0,White,<=5s vs 15-20s,1763
ccCzWUJm,96,0-1,Black,<=5s vs 15-20s,2421
FlpClL4a,52,0-1,Black,<=5s vs 5-10s,1498
XL8OcrRW,70,0-1,Black,<=5s vs 5-10s,1982
0G5LPGy6,52,0-1,Black,<=5s vs 5-10s,1616
xjy5NDrS,84,0-1,Black,<=5s vs 5-10s,1805
2qvN3414,93,1-0,White,<=5s vs <=5s,2327
hCTONjZF,93,1/2-1/2,White,<=5s vs 10-15s,2180
hDL7Prkk,71,1-0,White,<=5s vs 5-10s,1580
cdV5TFcB,112,0-1,Black,<=5s vs 5-10s,1842
AnnwzxjX,82,1-0,Black,<=5s vs <=5s,2236
MROb5E5s,97,1/2-1/2,White,<=5s vs 5-10s,1654
M2OdRngq,66,0-1,Black,<=5s vs 5-10s,1838
7xkAU7BO,58,0-1,Black,<=5s vs 15-20s,2408
Fa8sdx5P,75,1-0,White,<=5s vs 5-10s,1793
SWql09zn,48,0-1,Black,<=5s vs 10-15s,1402
8V0mEmUG,57,1-0,White,<=5s vs 10-15s,1064
UkTIlKA5,42,0-1,Black,<=5s vs 5-10s,962
a5qYVP32,71,1-0,White,<=5s vs <=5s,1602
TluHipJL,57,1-0,White,<=5s vs 10-15s,1227
6sz1erdT,52,0-1,Black,<=5s vs 10-15s,2111
AyqvUcJy,51,1-0,White,<=5s vs 15-20s,1939
R3gvvQv8,43,1-0,White,<=5s vs 10-15s,1023
ChAuEeef,61,1-0,White,<=5s vs 10-15s,2097
c2yEBxLq,75,1-0,White,<=5s vs <=5s,2167
wCSawne9,77,1-0,White,<=5s vs 5-10s,1288
x1h85k5x,131,1-0,White,<=5s vs 15-20s,1059
1UmcoQV2,99,1-0,White,<=5s vs 5-10s,2406
KYe6BXoI,80,0-1,Black,<=5s vs 10-15s,1949
58GHSsoa,67,1-0,White,<=5s vs 15-20s,1924
XbH8iOxC,50,0-1,Black,<=5s vs 10-15s,1179
ZeFRJmc5,102,0-1,Black,<=5s vs 5-10s,1950
HWKiU10p,61,1-0,White,<=5s vs 10-15s,2223
PrTM4a4X,48,0-1,Black,<=5s vs 15-20s,1037
lPdvxbXa,61,0-1,White,<=5s vs <=5s,1163
LDTTO8Td,42,0-1,Black,<=5s vs 15-20s,1336
hDfKIyhn,55,1-0,White,<=5s vs 10-15s,1492
r8jDukUV,71,1-0,White,<=5s vs 15-20s,1807
SMtSbM7n,77,1-0,White,<=5s vs 5-10s,1727
LLsKPdgy,53,1-0,White,<=5s vs 5-10s,1086
WhgN296B,39,1-0,White,<=5s vs 15-20s,1227
anAtBpZ5,94,0-1,Black,<=5s vs 10-15s,1665
bH032Qc5,77,1-0,White,<=5s vs 5-10s,2288
uzx0IhNC,59,1-0,White,<=5s vs 15-20s,1895
PdPBavjY,57,1-0,White,<=5s vs 5-10s,2494
ryHJ6ZcL,83,1-0,White,<=5s vs 15-20s,2203
pC5wJVcT,76,0-1,Black,<=5s vs 15-20s,2225
glR8sQkU,120,0-1,Black,<=5s vs 10-15s,2142
dOwQF5vs,90,1-0,Black,<=5s vs 10-15s,1571
DvTwzewf,78,0-1,Black,<=5s vs 10-15s,1786
pOJn9Iq0,119,1/2-1/2,White,<=5s vs 10-15s,2394
4Ok8T6bw,95,1-0,White,<=5s vs 10-15s,1926
A6mu38ag,103,1-0,White,<=5s vs 15-20s,1844
k9MP9i2z,89,1-0,White,<=5s vs 10-15s,1740
fk83eBqH,80,0-1,Black,<=5s vs 5-10s,1825
R6xMeD6Q,89,0-1,White,<=5s vs 5-10s,2609
VVUPbii0,87,1-0,White,<=5s vs <=5s,1515
uW3Zjk7w,88,0-1,Black,<=5s vs <=5s,2128
jZ2wNOCk,66,0-1,Black,<=5s vs 15-20s,1646
Vb7MFhVz,48,0-1,Black,<=5s vs 15-20s,1006
KznSE4wp,40,0-1,Black,<=5s vs 15-20s,1130
DTOXgHc4,58,0-1,Black,<=5s vs 10-15s,1962
HaC5fn0D,42,0-1,Black,<=5s vs 10-15s,1286
PK06wdfw,74,0-1,Black,<=5s vs 15-20s,1908
fmhufwZh,79,0-1,White,<=5s vs 10-15s,1751
U5yT0HDQ,60,0-1,Black,<=5s vs 10-15s,1646
CFuz8DOa,60,1-0,Black,<=5s vs <=5s,1554
Esrp5KEg,75,1-0,White,<=5s vs 5-10s,1669
YWmaDOAm,125,1-0,White,<=5s vs 5-10s,2298
8Ha9v4vk,51,1-0,White,<=5s vs 15-20s,1422
Y0cU624x,112,0-1,Black,<=5s vs 5-10s,2408
eUeoThph,105,1-0,White,<=5s vs 15-20s,2085
EJQqv9nM,123,1-0,White,<=5s vs 15-20s,2423
VOTIW9ii,123,1/2-1/2,White,<=5s vs 15-20s,1974
QQDWkntE,56,0-1,Black,<=5s vs 5-10s,2210
CLFDSj3O,92,0-1,Black,<=5s vs 10-15s,1900
InteOTzn,62,1-0,Black,<=5s vs 15-20s,1711
5YwoZbw3,62,1/2-1/2,Black,<=5s vs 5-10s,2118
5tc7CSfu,77,1-0,White,<=5s vs 5-10s,1937
nYrj4G1J,72,0-1,Black,<=5s vs 10-15s,1180
Zn21FFKY,55,1-0,White,<=5s vs <=5s,1414
JJ7CbFNo,79,1-0,White,<=5s vs 15-20s,2094
oaRnzf4y,101,1-0,White,<=5s vs 10-15s,2517
uRPmxDjb,98,0-1,Black,<=5s vs <=5s,2644
tdkPU18r,64,0-1,Black,<=5s vs 15-20s,1677
mYXJbcyr,72,0-1,Black,<=5s vs 10-15s,2681
Qbi1dJiX,51,1-0,White,<=5s vs 10-15s,1244
azrFRh0o,52,0-1,Black,<=5s vs 15-20s,1337
mJpjXFfv,50,0-1,Black,<=5s vs 15-20s,1004
IXom24cx,49,0-1,White,<=5s vs 5-10s,1515
aQoXt2DJ,34,0-1,Black,<=5s vs 10-15s,865
6QHnAJuO,49,1-0,White,<=5s vs 5-10s,1270
RM0CNFls,81,1-0,White,<=5s vs <=5s,2346
PQG648cp,53,1-0,White,<=5s vs 5-10s,1552
3yezkuXs,34,0-1,Black,<=5s vs 5-10s,683
3gKiRmk4,73,1-0,White,<=5s vs 5-10s,2229
JQM5tqah,78,0-1,Black,<=5s vs 5-10s,2248
nP8ZoJPz,58,0-1,Black,<=5s vs 5-10s,1681
iRhJs6k5,69,1-0,White,<=5s vs 15-20s,2466
TGU7Mn4T,80,0-1,Black,<=5s vs 10-15s,1232
kkqmSH66,40,0-1,Black,<=5s vs 10-15s,1122
NtNrttp4,45,1-0,White,<=5s vs 5-10s,896
AYJgZheO,59,1-0,White,<=5s vs 10-15s,1209
PGPB8lyh,85,0-1,White,<=5s vs 10-15s,2373
5Pz0kEXs,99,1-0,White,<=5s vs 10-15s,2421
y7o8lot3,63,1-0,White,<=5s vs 15-20s,1356
OdBpxRpP,117,1-0,White,<=5s vs 15-20s,2723
WdQycs3M,63,1-0,White,<=5s vs 10-15s,2190
3mA1BAWa,67,0-1,White,<=5s vs <=5s,1881
NCR9PE8O,74,0-1,Black,<=5s vs 5-10s,1120
PVPPdVms,77,1-0,White,<=5s vs 10-15s,2473
nUkFK4Fc,77,1-0,White,<=5s vs 10-15s,1614
5o0QSdXZ,110,0-1,Black,<=5s vs 5-10s,2295
IQpVQRBA,72,1-0,Black,<=5s vs <=5s,2227
05ugbw5u,52,1-0,Black,<=5s vs 5-10s,1902
LX6xkSWq,90,0-1,Black,<=5s vs 5-10s,2206
EYCnkuvn,78,0-1,Black,<=5s vs 10-15s,1458
O5ool8LS,95,0-1,White,<=5s vs <=5s,2275
26DI9e4K,60,0-1,Black,<=5s vs 5-10s,1789
Kbgmi3De,34,0-1,Black,<=5s vs 15-20s,732
hjB5vQZX,47,1-0,White,<=5s vs 15-20s,1204
GFI0PHNz,71,0-1,White,<=5s vs 5-10s,1891
nhGnfGG3,69,1-0,White,<=5s vs <=5s,1314
DwMI1UTj,130,0-1,Black,<=5s vs <=5s,2235
hshVbiLs,52,0-1,Black,<=5s vs <=5s,1362
XNF1IZ2k,86,1-0,Black,<=5s vs <=5s,2237
rQfC3Q9n,66,0-1,Black,<=5s vs <=5s,1237
eXaa7M8Y,62,0-1,Black,<=5s vs 5-10s,2070
XTcHDRpz,63,1-0,White,<=5s vs 5-10s,2556
RggXzRzJ,89,1-0,White,<=5s vs 10-15s,2192
ehzMuFDQ,60,0-1,Black,<=5s vs 5-10s,1546
tmjqg96o,80,0-1,Black,<=5s vs <=5s,2245
B3keuaoO,57,1-0,White,<=5s vs 10-15s,1783
93SMmB59,61,1-0,White,<=5s vs 10-15s,1697
1X7w6GGJ,138,0-1,Black,<=5s vs <=5s,1900
2QouPR16,54,0-1,Black,<=5s vs 15-20s,1995
pmJs7HTr,87,0-1,White,<=5s vs 5-10s,2360
lHIqKS2n,60,0-1,Black,<=5s vs <=5s,1543
Lqt4y4lu,34,0-1,Black,<=5s vs 10-15s,1037
vjOzNqOn,128,0-1,Black,<=5s vs 15-20s,2509
1BSVckw6,54,0-1,Black,<=5s vs 15-20s,1740
96EoAjHv,105,1-0,White,<=5s vs 5-10s,2155
EVOBnkmS,96,0-1,Black,<=5s vs 10-15s,1909
OyJYEJqN,116,1-0,Black,<=5s vs 5-10s,2136
ViRKN3sJ,122,1-0,Black,<=5s vs <=5s,2251
gAXfQAeU,63,1-0,White,<=5s vs 5-10s,1829
efeg0aEh,74,1/2-1/2,Black,<=5s vs 15-20s,2485
6qDReTg3,52,0-1,Black,<=5s vs 5-10s,968
cxxW3r9q,72,0-1,Black,<=5s vs 5-10s,1710
o9zkMGge,66,0-1,Black,<=5s vs 10-15s,1776
4rqueGtu,96,1/2-1/2,Black,<=5s vs 5-10s,2618
fu8rgO6x,83,1-0,White,<=5s vs 10-15s,688
xns4c1Ho,52,0-1,Black,<=5s vs 5-10s,1205
cqkBcSLB,50,0-1,Black,<=5s vs 10-15s,1667
RxUg677e,56,0-1,Black,<=5s vs 5-10s,1280
L47WfnCz,71,1-0,White,<=5s vs 5-10s,1273
96JnaWwm,63,0-1,White,<=5s vs 5-10s,1769
j8PNFEEi,72,0-1,Black,<=5s vs 5-10s,2022
4IigzXC9,119,1-0,White,<=5s vs 10-15s,2111
wGaAJhNl,94,0-1,Black,<=5s vs 15-20s,2433
VEJT8AqO,52,0-1,Black,<=5s vs <=5s,1391
dmTqBvTN,29,1-0,White,<=5s vs 5-10s,880
VAlXlgwc,67,1-0,White,<=5s vs 15-20s,2582
Ll3yHv2M,81,0-1,White,<=5s vs 10-15s,2095
V6gqhUSR,67,1-0,White,<=5s vs 10-15s,2174
vrhalnd0,74,0-1,Black,<=5s vs 10-15s,2294
KcBFCGIK,75,1-0,White,<=5s vs 5-10s,1631
8UuVNDSI,67,1-0,White,<=5s vs 5-10s,2205
HP3woarm,63,1-0,White,<=5s vs 10-15s,1905
aMToDmoT,41,1-0,White,<=5s vs 5-10s,956
8lhn9rLK,42,0-1,Black,<=5s vs 10-15s,1629
B4Nae6Dh,88,0-1,Black,<=5s vs <=5s,2171
bA6ECGuj,70,1-0,Black,<=5s vs 5-10s,2023
x5LQdPCB,67,1-0,White,<=5s vs 15-20s,2025
PT5C2mzs,77,1-0,White,<=5s vs 5-10s,1931
oTFjlcQ1,60,0-1,Black,<=5s vs 15-20s,1249
GPYiPQGv,54,0-1,Black,<=5s vs 15-20s,1837
VtJoKZ0B,54,0-1,Black,<=5s vs 10-15s,1809
PPjhpKUC,66,0-1,Black,<=5s vs <=5s,1572
iEcUYxdE,85,1-0,White,<=5s vs 10-15s,2237
FIDyCs7c,48,0-1,Black,<=5s vs 5-10s,1106
K6o6gub1,64,0-1,Black,<=5s vs 10-15s,1523
JbiqtISX,53,1-0,White,<=5s vs 15-20s,1324
MTBlyALo,123,1/2-1/2,White,<=5s vs <=5s,1646
uRENJR3f,71,0-1,White,<=5s vs 10-15s,1980
fsxrpl2p,65,1-0,White,<=5s vs 10-15s,1726
sU2bNH7p,78,0-1,Black,<=5s vs 10-15s,1723
354rXqtI,53,1-0,White,<=5s vs 10-15s,1861
hlY6bAI6,54,1/2-1/2,Black,<=5s vs 15-20s,1310
9rLTI89i,56,0-1,Black,<=5s vs 15-20s,2036
3Pu9Kptr,68,0-1,Black,<=5s vs 5-10s,1791
9V6npTIA,72,0-1,Black,<=5s vs 5-10s,2589
Fc7hcD4t,70,0-1,Black,<=5s vs 10-15s,1645
bMtMRVFg,32,0-1,Black,<=5s vs 15-20s,945
vM9jt1sM,59,1-0,White,<=5s vs 15-20s,1061
bY6THbiq,71,1-0,White,<=5s vs 10-15s,1592
BItqlK05,118,0-1,Black,<=5s vs 15-20s,1491
1Wc56DPi,46,0-1,Black,<=5s vs 10-15s,1302
uPUDF1oS,72,0-1,Black,<=5s vs 15-20s,2295
PgIpkWFC,62,0-1,Black,<=5s vs 5-10s,2509
BmubnGEm,60,0-1,Black,<=5s vs 5-10s,1321
8Dk7IrNi,73,1-0,White,<=5s vs 10-15s,2057
7zaq1Upk,62,0-1,Black,<=5s vs 5-10s,2095
AH9EFPPQ,102,0-1,Black,<=5s vs 5-10s,1990
FEinnaDl,59,1-0,White,<=5s vs 15-20s,974
vopFSWrm,69,1-0,White,<=5s vs 15-20s,1443
L0OCs1aE,51,1-0,White,<=5s vs 5-10s,1509
VlV1551i,49,1-0,White,<=5s vs 15-20s,1833
MMetPu7d,95,1/2-1/2,White,<=5s vs 15-20s,2364
IzUgjMsD,43,1-0,White,<=5s vs 5-10s,1020
5ikQVJdf,77,1/2-1/2,White,<=5s vs 10-15s,1950
4yyEll1K,70,0-1,Black,<=5s vs 15-20s,2457
91Ila2Z6,107,1-0,White,<=5s vs 10-15s,2372
UNuPHt9j,79,1-0,White,<=5s vs 5-10s,1740
OxzgYv12,65,0-1,White,<=5s vs 5-10s,2256
EIbYrN1R,66,1/2-1/2,Black,<=5s vs <=5s,1308
2aLWoCw2,88,0-1,Black,<=5s vs 5-10s,2336
DziW7wet,82,1-0,Black,<=5s vs 5-10s,1933
uB0Zgfwo,63,1-0,White,<=5s vs 10-15s,2029
WCkdnTvJ,43,1-0,White,<=5s vs 15-20s,977
Yj38n6hu,99,1/2-1/2,White,<=5s vs 10-15s,2483
BXAP4mjZ,52,0-1,Black,<=5s vs 15-20s,1574
OzkEQcoT,54,0-1,Black,<=5s vs 5-10s,1376
vzovx3D1,47,1-0,White,<=5s vs 5-10s,1989
l5nOpBiT,64,0-1,Black,<=5s vs 5-10s,1671
q0KEgTXl,54,0-1,Black,<=5s vs 10-15s,1614
qniZt1sr,108,1/2-1/2,Black,<=5s vs <=5s,2369
18xxk95w,99,1-0,White,<=5s vs 5-10s,2267
RzDbYnIa,49,0-1,White,<=5s vs 5-10s,1014
c2UUGnSy,110,1/2-1/2,Black,<=5s vs 5-10s,2198
GLcB6TWX,80,1-0,Black,<=5s vs <=5s,1757
B7MYPmlX,62,0-1,Black,<=5s vs 15-20s,1256
KnJHIK5e,69,1-0,White,<=5s vs 5-10s,1986
R8KlVhd7,76,0-1,Black,<=5s vs 5-10s,1813
DwSTVx8G,52,0-1,Black,<=5s vs 15-20s,1389
VA6D2cNq,113,1-0,White,<=5s vs 5-10s,1774
vumJbRwD,70,1-0,Black,<=5s vs <=5s,1700
IGXNQmr7,71,0-1,White,<=5s vs 10-15s,1803
EY04jWba,89,0-1,White,<=5s vs 10-15s,2551
hSMUnGGl,59,1-0,White,<=5s vs 15-20s,1287
0AJFxwGs,46,0-1,Black,<=5s vs 5-10s,940
5529lLXe,56,0-1,Black,<=5s vs <=5s,1165
lwYW2BJy,52,0-1,Black,<=5s vs 10-15s,2042
l7t7aVmm,58,0-1,Black,<=5s vs 5-10s,1831
HwkKO2cs,92,1-0,Black,<=5s vs <=5s,1897
1KD6BR6z,64,0-1,Black,<=5s vs 15-20s,1209
CFaqJY3r,73,1-0,White,<=5s vs 15-20s,2694
hw35w2lD,82,0-1,Black,<=5s vs 15-20s,1446
focVXnol,74,0-1,Black,<=5s vs 15-20s,1599
vmc934Eg,86,0-1,Black,<=5s vs 5-10s,1499
kcnHh10W,51,1-0,White,<=5s vs 10-15s,1420
QAvD5LZ4,85,0-1,White,<=5s vs 5-10s,2746
8dHYHNTW,82,0-1,Black,<=5s vs 10-15s,2227
foeUatgE,110,0-1,Black,<=5s vs 5-10s,2837
wiPPk32c,86,0-1,Black,<=5s vs 10-15s,2043
JgbaKCmL,70,1-0,Black,<=5s vs 5-10s,1015
Im7fTpvq,89,1-0,White,<=5s vs 5-10s,2347
L2DGM6q7,64,0-1,Black,<=5s vs 10-15s,1856
nmtMxv7D,78,0-1,Black,<=5s vs 15-20s,2076
hypK0AJb,107,1-0,White,<=5s vs 15-20s,2581
HgRLUwVk,106,1-0,Black,<=5s vs <=5s,2432
UCS7vaVC,71,0-1,White,<=5s vs 5-10s,1617
28vseVKO,110,0-1,Black,<=5s vs 15-20s,2171
MDgYpknx,54,1-0,Black,<=5s vs 10-15s,1731
S12aHf3Q,74,0-1,Black,<=5s vs 5-10s,1681
n2ypIuNQ,46,0-1,Black,<=5s vs 15-20s,926
GwMCzdVX,33,1-0,White,<=5s vs 15-20s,1483
hxkvHZrP,89,1-0,White,<=5s vs <=5s,1872
V6SxAujk,91,1-0,White,<=5s vs 10-15s,2380
iD12wd2U,81,1-0,White,<=5s vs 5-10s,2001
rr41dKoK,51,1-0,White,<=5s vs 15-20s,974
KHIk9Jrf,64,0-1,Black,<=5s vs 5-10s,1843
7o6MvL5a,69,1-0,White,<=5s vs 5-10s,1453
WY2ARmvm,57,1-0,White,<=5s vs 10-15s,1868
4BMLvhe6,82,0-1,Black,<=5s vs 5-10s,2887
FhbDHMCM,83,1-0,White,<=5s vs <=5s,2835
tcwIz15A,98,0-1,Black,<=5s vs 10-15s,1826
Pp6Q59Y8,128,1/2-1/2,Black,<=5s vs 5-10s,2615
PuqIADTS,56,0-1,Black,<=5s vs 10-15s,1479
UL4Jlg5D,118,1-0,Black,<=5s vs <=5s,1819
QwkkaGv0,114,1-0,Black,<=5s vs <=5s,2063
nilFCsIy,31,1-0,White,<=5s vs 15-20s,1129
D6rQ2b4Z,131,1/2-1/2,White,<=5s vs 15-20s,1976
Ebi5E0A2,49,1-0,White,<=5s vs 15-20s,1289
WebkFISS,70,0-1,Black,<=5s vs 15-20s,2073
Qwr8oVC7,39,1-0,White,<=5s vs 15-20s,843
5hrz6t9G,79,0-1,White,<=5s vs 5-10s,2029
zdaLYSlF,54,0-1,Black,<=5s vs 10-15s,1508
DfBNCe1K,87,0-1,White,<=5s vs 5-10s,1981
0bN5JdOs,64,0-1,Black,<=5s vs 10-15s,2211
2UI5m6Rm,49,1-0,White,<=5s vs 15-20s,1228
3ToyWZDT,72,0-1,Black,<=5s vs 5-10s,2102
ZLHh1wqR,81,1-0,White,<=5s vs 5-10s,1421
W5XnMSyg,56,0-1,Black,<=5s vs <=5s,1355
xoiHeTzF,104,0-1,Black,<=5s vs 15-20s,1946
Uvaf5zm8,54,1-0,Black,<=5s vs 5-10s,1977
3Fok98sJ,63,1-0,White,<=5s vs 10-15s,1460
XjqGCq6P,70,1/2-1/2,Black,<=5s vs <=5s,1445
90JiUrBJ,65,0-1,White,<=5s vs <=5s,2111
Msk6p3Kj,125,1/2-1/2,White,<=5s vs 5-10s,2524
YtfZhJB5,78,1/2-1/2,Black,<=5s vs <=5s,1881
MUfg3mTE,70,1-0,Black,<=5s vs 5-10s,2344
EPwb6oYz,82,1-0,Black,<=5s vs <=5s,2316
NiNGsfTp,55,0-1,White,<=5s vs 10-15s,1613
5voxmuWC,78,1-0,Black,<=5s vs <=5s,1705
T5a9XoyR,72,0-1,Black,<=5s vs 5-10s,1878
ceHYm8eh,74,0-1,Black,<=5s vs <=5s,2080
4S4VbhFe,97,1-0,White,<=5s vs 10-15s,2020
ARwAREFd,92,0-1,Black,<=5s vs 15-20s,2122
nYQbe7In,67,1-0,White,<=5s vs 15-20s,1662
sl9rR5cv,67,1-0,White,<=5s vs 15-20s,1527
VOHzT5VY,102,0-1,Black,<=5s vs 10-15s,2267
VIS3CYSI,67,0-1,White,<=5s vs <=5s,2567
0wBpXyxY,88,0-1,Black,<=5s vs 10-15s,2176
bzl7JtI2,69,0-1,White,<=5s vs 5-10s,1875
d2V4ogAk,93,1/2-1/2,White,<=5s vs 5-10s,1600
H3ZYzzZt,59,1-0,White,<=5s vs 10-15s,1604
r5Yo7Is7,56,0-1,Black,<=5s vs <=5s,1360
EoyKPkFm,77,1/2-1/2,White,<=5s vs 15-20s,1818
kQXTv9lR,81,1-0,White,<=5s vs 15-20s,2419
3G1l5Hop,51,0-1,White,<=5s vs 5-10s,1304
Bmhgi5ME,48,0-1,Black,<=5s vs 5-10s,1698
uev2mSrp,56,0-1,Black,<=5s vs 5-10s,1256
9eEGWEAJ,99,0-1,White,<=5s vs <=5s,1967
07CQ0cs9,63,1-0,White,<=5s vs 15-20s,1716
GRNF04L0,61,1-0,White,<=5s vs 10-15s,2297
K2pxTH3W,81,1-0,White,<=5s vs 5-10s,1864
xiqFWIb7,142,1/2-1/2,Black,<=5s vs 15-20s,2431
WGGwlwNQ,57,1-0,White,<=5s vs 5-10s,1790
0AbOlV5X,66,0-1,Black,<=5s vs 15-20s,1512
ontPpwEH,107,0-1,White,<=5s vs <=5s,2598
nddtUB0g,58,0-1,Black,<=5s vs 15-20s,2464
TS2CEtLw,94,1/2-1/2,Black,<=5s vs <=5s,2056
QCmxwpSj,68,0-1,Black,<=5s vs 15-20s,2015
MgVYtmK7,70,0-1,Black,<=5s vs 10-15s,2117
da5hKFup,62,1-0,Black,<=5s vs <=5s,853
6cFSkz48,86,0-1,Black,<=5s vs <=5s,1924
S1QvcH10,54,1-0,Black,<=5s vs 10-15s,1005
0S3VAUDW,91,1-0,White,<=5s vs 5-10s,1709
c3xOfzgt,89,0-1,White,<=5s vs 10-15s,2391
zsPRvogi,65,1-0,White,<=5s vs 15-20s,2136
13sf1hQD,49,1-0,White,<=5s vs 15-20s,2074
yfMdB8iI,129,1-0,White,<=5s vs <=5s,2898
BdECSBn5,72,0-1,Black,<=5s vs 10-15s,2025
LrTMjE89,66,0-1,Black,<=5s vs 10-15s,1182
poDqTRrz,50,0-1,Black,<=5s vs 10-15s,1302
KzrNN1O6,102,0-1,Black,<=5s vs 10-15s,2071
nEPmgx2T,73,1-0,White,<=5s vs 10-15s,1704
KdYV2z6r,61,0-1,White,<=5s vs <=5s,1027
sni4f2dm,40,0-1,Black,<=5s vs 10-15s,915
jEjs8Qcy,87,1-0,White,<=5s vs 15-20s,2593
BZGxQuHy,51,1-0,White,<=5s vs 15-20s,1753
tyeTjscQ,111,1-0,White,<=5s vs 10-15s,3133
CmMvBLDO,69,0-1,White,<=5s vs 5-10s,1677
8e8oqT1y,80,0-1,Black,<=5s vs 10-15s,1598
MLNhFXh8,59,1-0,White,<=5s vs 5-10s,1036
HtQ75av7,66,0-1,Black,<=5s vs 15-20s,1861
3i5wwXxc,52,0-1,Black,<=5s vs 15-20s,1917
YE87OmqK,173,1-0,White,<=5s vs 5-10s,2647
5KgUMTRh,81,1-0,White,<=5s vs 10-15s,2169
F1I5YGPd,79,1-0,White,<=5s vs 15-20s,2012
joudJJIl,80,0-1,Black,<=5s vs 10-15s,1306
tVHHRiBw,52,0-1,Black,<=5s vs 5-10s,1654
7MqLBUhA,63,1-0,White,<=5s vs 5-10s,1732
d9fgY9v9,121,1-0,White,<=5s vs 5-10s,1953
UTIu2VOr,60,1-0,Black,<=5s vs <=5s,1768
WsYER6mt,60,0-1,Black,<=5s vs <=5s,1306
k2xfbrZZ,61,0-1,White,<=5s vs 5-10s,1140
jXCVBt5X,52,0-1,Black,<=5s vs 15-20s,1223
Jqeiadkg,112,0-1,Black,<=5s vs 10-15s,2502
QdfPahWG,69,0-1,White,<=5s vs 5-10s,1419
edL3qUwd,84,0-1,Black,<=5s vs 10-15s,2447
wnAHDPWO,67,1-0,White,<=5s vs 15-20s,1874
XZZ34ab6,54,0-1,Black,<=5s vs 10-15s,1332
wnbXhYL0,89,0-1,White,<=5s vs 5-10s,1303
dyR4kYBZ,89,1-0,White,<=5s vs 5-10s,2125
Qf83PWIT,55,1-0,White,<=5s vs 15-20s,1720
ZWNR6qd5,55,1-0,White,<=5s vs 5-10s,1398
GcHAghix,87,1-0,White,<=5s vs 5-10s,1521
4ySXUMpq,110,1-0,Black,<=5s vs <=5s,1725
I4cT2Toh,39,1-0,White,<=5s vs 5-10s,864
Ouaj2uZO,113,1-0,White,<=5s vs 15-20s,2029
Hxr9OZGv,81,1/2-1/2,White,<=5s vs 5-10s,946
N10QS7IC,79,1-0,White,<=5s vs 5-10s,1726
uF8O7dm0,84,0-1,Black,<=5s vs <=5s,2156
Wv47WCLr,93,1-0,White,<=5s vs <=5s,2269
1YmFrapg,85,1-0,White,<=5s vs 15-20s,1926
HaCTrOnA,91,1-0,White,<=5s vs <=5s,1663
CaiXuPMs,97,1-0,White,<=5s vs <=5s,2596
VD4UaELW,94,0-1,Black,<=5s vs 10-15s,1256
JD9NXg0i,42,1-0,Black,<=5s vs <=5s,1221
Vs5pGbQ4,48,0-1,Black,<=5s vs 10-15s,1175
GKI9vz4C,82,0-1,Black,<=5s vs 10-15s,2348
4koa7fZO,65,0-1,White,<=5s vs 5-10s,1779
0NeIDx4J,72,0-1,Black,<=5s vs 15-20s,2460
mso1bj3L,54,0-1,Black,<=5s vs 5-10s,1189
bCUXNPvg,63,1-0,White,<=5s vs 10-15s,1789
0UTkQPFJ,70,0-1,Black,<=5s vs 10-15s,2115
RAkGCrCT,55,1-0,White,<=5s vs 15-20s,2047
QnzQNyqD,56,0-1,Black,<=5s vs 15-20s,1289
JJMpnTFZ,59,1-0,White,<=5s vs 5-10s,972
Y7QAauEf,123,1-0,White,<=5s vs 5-10s,2064
BtLJflIJ,68,0-1,Black,<=5s vs <=5s,1396
JycrcOpR,64,0-1,Black,<=5s vs 10-15s,1130
3zIcn5nD,100,0-1,Black,<=5s vs 5-10s,1591
WNN6GG3z,60,0-1,Black,<=5s vs 5-10s,1816
iNgyKBvV,89,1-0,White,<=5s vs 5-10s,1709
WpLSghL2,75,1-0,White,<=5s vs 10-15s,1746
GeWZd8A6,71,1-0,White,<=5s vs 5-10s,1622
ZFTXjyjK,72,0-1,Black,<=5s vs <=5s,1186
SD28Vg0b,84,1-0,Black,<=5s vs <=5s,2495
rM7rFgmb,74,0-1,Black,<=5s vs 5-10s,2664
xYcSQjIy,55,1-0,White,<=5s vs 15-20s,1955
VtveUg7e,46,0-1,Black,<=5s vs 5-10s,1227
HKdkAklC,59,1-0,White,<=5s vs 5-10s,1902
8TKB4fcK,64,0-1,Black,<=5s vs 10-15s,1572
5JtphyNZ,70,0-1,Black,<=5s vs 10-15s,2086
1TvhaPHW,80,0-1,Black,<=5s vs 5-10s,1965
3rpKNuFG,54,0-1,Black,<=5s vs 15-20s,2143
vIMaTiLA,75,0-1,White,<=5s vs 5-10s,1485
YD2tuxDA,78,0-1,Black,<=5s vs 5-10s,2413
ze5OEun6,51,1-0,White,<=5s vs 15-20s,1968
MND0ZrSB,80,0-1,Black,<=5s vs 15-20s,2160
P8G1iE0z,84,0-1,Black,<=5s vs 5-10s,2377
FRTYjZtA,158,0-1,Black,<=5s vs 5-10s,2384
3T1DzgNn,72,0-1,Black,<=5s vs 10-15s,2461
AKS3AD5z,122,1/2-1/2,Black,<=5s vs 5-10s,2646
zxcqezUP,51,1-0,White,<=5s vs 15-20s,1704
PuSVZGza,57,1-0,White,<=5s vs 10-15s,1695
L0QsbcFc,95,1-0,White,<=5s vs 10-15s,2303
l18STf3W,65,1-0,White,<=5s vs 5-10s,1246
uPnNbLJZ,62,0-1,Black,<=5s vs 15-20s,1289
EeEFLFeZ,72,0-1,Black,<=5s vs <=5s,1387
8iDqAEwp,93,1-0,White,<=5s vs 15-20s,2468
Ev2Pi9eR,87,0-1,White,<=5s vs 5-10s,2104
RR9GnQwC,137,0-1,White,<=5s vs <=5s,2634
ES9WZ3zn,70,0-1,Black,<=5s vs 10-15s,1651
wrnuaa3J,111,1-0,White,<=5s vs 5-10s,2501
u5jy2SnB,69,1-0,White,<=5s vs 5-10s,1601
dTxCi4VW,97,1-0,White,<=5s vs 5-10s,2381
WHLe8eOw,80,0-1,Black,<=5s vs 10-15s,1471
JMwRJnIS,81,1-0,White,<=5s vs 10-15s,1803
1yJcMaKq,37,1-0,White,<=5s vs 15-20s,919
azvzWjE4,67,1-0,White,<=5s vs <=5s,1322
KGvqmUFe,76,1-0,Black,<=5s vs 5-10s,1719
mTK5BXNL,60,0-1,Black,<=5s vs 10-15s,1561
BhvfyNIC,66,0-1,Black,<=5s vs 15-20s,2293
3qDqxEIk,43,0-1,White,<=5s vs 5-10s,926
F46h34Db,59,1-0,White,<=5s vs 5-10s,2053
kPgb3zpC,77,1-0,White,<=5s vs 5-10s,2020
UzHHZq6y,45,1-0,White,<=5s vs 15-20s,2227
GmXNlcX0,93,1-0,White,<=5s vs 5-10s,2460
qhCjk6pY,58,0-1,Black,<=5s vs 5-10s,1217
9g30WQ9T,82,1-0,Black,<=5s vs <=5s,1780
N9zBV9pc,160,0-1,Black,<=5s vs 10-15s,2405
4Mv8wQAi,80,0-1,Black,<=5s vs 5-10s,2191
9npTjPZx,59,1-0,White,<=5s vs 10-15s,1986
57GMJedg,59,1-0,White,<=5s vs 15-20s,1223
sYu2Ko2e,55,1-0,White,<=5s vs 15-20s,1426
fz1rI9b5,69,1-0,White,<=5s vs 15-20s,1892
H0WswccB,71,1-0,White,<=5s vs 10-15s,1387
OKikyD9J,99,1-0,White,<=5s vs 15-20s,2704
v2dPNqg1,71,1/2-1/2,White,<=5s vs 10-15s,1940
Qo5e6gmg,77,1-0,White,<=5s vs 5-10s,2351
iKwgoIHB,106,0-1,Black,<=5s vs 5-10s,1834
EQtl6vbi,48,0-1,Black,<=5s vs 15-20s,2129
VeMT7XZZ,83,0-1,White,<=5s vs 5-10s,1245
9AQuoxiN,116,0-1,Black,<=5s vs 10-15s,1752
Zb2JFPdz,55,1-0,White,<=5s vs 10-15s,1528
IKrPPRRH,110,1-0,Black,<=5s vs <=5s,2158
XtEXLqIE,61,1-0,White,<=5s vs 5-10s,2719
xxdVhdiU,68,0-1,Black,<=5s vs 10-15s,1567
s3rGgze9,82,0-1,Black,<=5s vs 15-20s,2392
KoNLVtT6,89,1-0,White,<=5s vs 5-10s,2363
Sjvju1SR,95,0-1,White,<=5s vs <=5s,1640
3ZFF0VrE,55,1-0,White,<=5s vs 5-10s,439
LfDqNvao,74,0-1,Black,<=5s vs 10-15s,1986
P3i2gsUy,73,0-1,White,<=5s vs 5-10s,1743
NYzJ2KBl,108,1/2-1/2,Black,<=5s vs 10-15s,2298
5xrZWJcK,65,1-0,White,<=5s vs 5-10s,1945
RODbTJXc,61,1-0,White,<=5s vs 15-20s,2219
zrv82mvC,52,0-1,Black,<=5s vs 5-10s,1160
AzkkzfR6,105,1-0,White,<=5s vs <=5s,2591
PyQ9fv1n,72,1-0,Black,<=5s vs 5-10s,1448
BA9INObt,70,1-0,Black,<=5s vs <=5s,1224
w9cLvFQL,36,0-1,Black,<=5s vs <=5s,1065
L84S6Mbp,72,0-1,Black,<=5s vs <=5s,1597
8XS7ZbFW,66,1-0,Black,<=5s vs <=5s,2253
dw2vdcSM,116,1-0,Black,<=5s vs <=5s,2374
fQYakTeR,46,0-1,Black,<=5s vs 10-15s,1045
eMCHm1Ei,85,0-1,White,<=5s vs 5-10s,2215
9WtLlk4o,74,0-1,Black,<=5s vs 10-15s,2593
9MuHZWwF,74,0-1,Black,<=5s vs <=5s,2145
o3IF4SRY,59,0-1,White,<=5s vs 5-10s,1958
W4BHsX4J,109,1-0,White,<=5s vs <=5s,1894
LIEf8Jt6,84,1-0,Black,<=5s vs 15-20s,1072
P06SX00p,92,0-1,Black,<=5s vs 5-10s,2099
NtUpFwTy,50,0-1,Black,<=5s vs 15-20s,948
AO86QoMt,74,0-1,Black,<=5s vs 5-10s,2084
0WmR5jQE,98,1/2-1/2,Black,<=5s vs 10-15s,2490
YTSIN5ZR,59,1-0,White,<=5s vs <=5s,2266
1irihksC,87,0-1,White,<=5s vs <=5s,2215
Miyu96k5,74,0-1,Black,<=5s vs <=5s,2363
g43Sr4Wx,102,1/2-1/2,Black,<=5s vs 5-10s,1906
AnJdzKQr,55,1-0,White,<=5s vs 15-20s,1689
EIMigVco,50,0-1,Black,<=5s vs 15-20s,2055
KKG8VaKd,83,1-0,White,<=5s vs 5-10s,2020
ORms29UC,79,1-0,White,<=5s vs 10-15s,1593
vnk9ynGq,60,0-1,Black,<=5s vs 10-15s,1389
LO4yFRan,79,1-0,White,<=5s vs <=5s,1928
6kakjXWH,54,0-1,Black,<=5s vs <=5s,1394
9hV1WuJ8,60,0-1,Black,<=5s vs 10-15s,2241
0Jpdcr3Z,85,1-0,White,<=5s vs 5-10s,2537
5QC1vvMU,72,0-1,Black,<=5s vs 5-10s,1775
SCcY31mV,86,0-1,Black,<=5s vs 5-10s,2325
9BPnfjEz,88,0-1,Black,<=5s vs 10-15s,1957
ZwpcxnVJ,55,1-0,White,<=5s vs 5-10s,1340
WnIN6ccQ,68,1-0,Black,<=5s vs <=5s,1774
eXI7hcB0,98,1/2-1/2,Black,<=5s vs 15-20s,1939
SY05mltT,54,0-1,Black,<=5s vs 10-15s,2456
Kf6tlVxl,54,0-1,Black,<=5s vs 15-20s,1374
5BFsqLJf,60,1-0,Black,<=5s vs <=5s,1539
QG1pAQdP,50,0-1,Black,<=5s vs 10-15s,1834
OvsKvsKo,66,0-1,Black,<=5s vs 5-10s,1912
LiAen5Ro,61,1-0,White,<=5s vs 10-15s,791
MjyMFCkF,84,0-1,Black,<=5s vs 15-20s,1955
35aIbdQW,52,0-1,Black,<=5s vs <=5s,1047
q7M4CenJ,98,1-0,Black,<=5s vs <=5s,2306
p1zcv877,78,0-1,Black,<=5s vs 15-20s,2011
48l0EcMJ,58,1-0,Black,<=5s vs 5-10s,1907
BuNKRgk5,59,1-0,White,<=5s vs 5-10s,1452
RCUKx9Ni,59,1-0,White,<=5s vs 5-10s,1890
Cib6LIln,75,1-0,White,<=5s vs 10-15s,2146
3rTJ4yM5,92,1-0,Black,<=5s vs 5-10s,1255
t3xp4yGK,53,1-0,White,<=5s vs 15-20s,1396
WBLt2eKb,133,1/2-1/2,White,<=5s vs 5-10s,2013
c8Ta6kS3,97,1-0,White,<=5s vs 5-10s,2480
u5OK6WT4,110,0-1,Black,<=5s vs 5-10s,2441
cSZsJ6pe,74,0-1,Black,<=5s vs 15-20s,2229
jNFj1FZy,86,0-1,Black,<=5s vs 5-10s,1984
VPxsHdOo,68,0-1,Black,<=5s vs 10-15s,1957
eL41U1bd,76,0-1,Black,<=5s vs 5-10s,1363
9hJx7bIb,65,1-0,White,<=5s vs 15-20s,2286
lQeF30ub,109,1-0,White,<=5s vs 10-15s,2361
imJPoM9i,60,0-1,Black,<=5s vs 15-20s,1301
Iv9R7qcn,85,1-0,White,<=5s vs 15-20s,2526
JD1cYyMr,58,0-1,Black,<=5s vs <=5s,1895
ekK6BZvy,118,0-1,Black,<=5s vs 5-10s,1734
dGmlHrdd,70,1-0,Black,<=5s vs 5-10s,1663
3QSLodVY,67,1-0,White,<=5s vs 10-15s,1390
Y1Am9Gx5,79,1-0,White,<=5s vs 5-10s,2060
RaILQioe,92,1-0,Black,<=5s vs <=5s,2001
eQee3cxQ,93,1/2-1/2,White,<=5s vs 10-15s,2023
4h5PfXUQ,34,0-1,Black,<=5s vs 15-20s,1311
XHfPXtnO,70,0-1,Black,<=5s vs <=5s,2198
8hm1N4kg,73,1-0,White,<=5s vs <=5s,2665
UjbpV3cv,66,0-1,Black,<=5s vs 15-20s,2325
zAlJSxKj,65,1-0,White,<=5s vs <=5s,1787
8sQBSD1S,73,1-0,White,<=5s vs <=5s,1626
MKxjyVml,58,0-1,Black,<=5s vs 10-15s,2323
FYSBq3Nq,61,1-0,White,<=5s vs 5-10s,2025
psfueup3,97,1-0,White,<=5s vs 5-10s,1987
v5ApP1OR,73,1-0,White,<=5s vs 10-15s,2040
ebb7M9WL,56,0-1,Black,<=5s vs 15-20s,1512
ZJsJXGM2,56,0-1,Black,<=5s vs 5-10s,2494
v2E15pRT,124,0-1,Black,<=5s vs 10-15s,1895
GrQQR2nd,58,0-1,Black,<=5s vs 10-15s,1550
9bv9ZXfc,96,1-0,Black,<=5s vs 5-10s,1209
gVvSHEGQ,66,1-0,Black,<=5s vs 10-15s,1178
FQAw5DhU,80,0-1,Black,<=5s vs 15-20s,2776
tEKFhrys,47,1-0,White,<=5s vs 15-20s,1483
NJFbyz43,77,0-1,White,<=5s vs 5-10s,1976
CZqFadEN,102,0-1,Black,<=5s vs 15-20s,2063
GIzpHj5i,72,0-1,Black,<=5s vs 15-20s,2573
9q9vX63J,72,0-1,Black,<=5s vs 15-20s,2330
yBHolxUX,45,1-0,White,<=5s vs 5-10s,1119
vofpxNNn,45,1-0,White,<=5s vs 5-10s,1102
3B7iepot,70,0-1,Black,<=5s vs <=5s,1836
l8XgYNNu,40,0-1,Black,<=5s vs 15-20s,1518
qhiFqW92,80,1-0,Black,<=5s vs 5-10s,2113
I6x2SotV,50,0-1,Black,<=5s vs 10-15s,960
gDXpJE9F,62,1-0,Black,<=5s vs 10-15s,2129
C20YbYIo,71,1-0,White,<=5s vs 15-20s,2266
VKBHHPKM,100,0-1,Black,<=5s vs 10-15s,1968
M2lvF5Tw,78,0-1,Black,<=5s vs 5-10s,1631
I7aIfBlj,101,1-0,White,<=5s vs 5-10s,2531
VUhYSusQ,92,1-0,Black,<=5s vs <=5s,2516
7RrKKwPh,97,1-0,White,<=5s vs 10-15s,2258
LEEh2uhb,98,1-0,Black,<=5s vs <=5s,2315
Cr7952c2,60,0-1,Black,<=5s vs 15-20s,1989
93WDdmbT,50,0-1,Black,<=5s vs 15-20s,1408
8sTFtF4m,57,1-0,White,<=5s vs 10-15s,1633
6oqK06gc,64,0-1,Black,<=5s vs 10-15s,1003
Lp3qS5mD,60,1-0,Black,<=5s vs 10-15s,1358
hi5zLOAh,67,1-0,White,<=5s vs 15-20s,1508
7ktz9Bbo,88,0-1,Black,<=5s vs <=5s,1892
R4T5m8u7,122,0-1,Black,<=5s vs 5-10s,2190
9jMIQL05,63,1-0,White,<=5s vs 5-10s,1741
09RIo21J,65,1-0,White,<=5s vs 5-10s,2307
XdxgkhCC,62,0-1,Black,<=5s vs 15-20s,1444
26bEvJaN,107,0-1,White,<=5s vs 15-20s,2244
eUoM5Hb9,52,0-1,Black,<=5s vs 15-20s,1442
yHVSBWWP,57,1-0,White,<=5s vs 10-15s,1753
JNa5TFgB,74,0-1,Black,<=5s vs 5-10s,1858
dnuRyL4n,56,0-1,Black,<=5s vs 5-10s,1396
U7MnSOBl,88,0-1,Black,<=5s vs 10-15s,2066
PXUlymMQ,84,0-1,Black,<=5s vs <=5s,2554
4UHwfm3U,50,0-1,Black,<=5s vs 5-10s,2141
sZc6kEAt,118,0-1,Black,<=5s vs <=5s,2920
vdZJ29mJ,74,0-1,Black,<=5s vs 5-10s,1270
irezTbqF,57,1-0,White,<=5s vs 5-10s,1273
ZnHaBfsd,74,0-1,Black,<=5s vs 10-15s,1463
JhWq0wDe,48,0-1,Black,<=5s vs 15-20s,1723
w3ha02YL,67,1-0,White,<=5s vs 5-10s,1636
ABTfvspb,87,1-0,White,<=5s vs 15-20s,2261
7xIVMkhn,106,1-0,Black,<=5s vs <=5s,2507
T6SIHPDF,67,1-0,White,<=5s vs 5-10s,1976
6BHZlPgF,64,0-1,Black,<=5s vs 5-10s,2346
Q1Or6Fqw,96,0-1,Black,<=5s vs 5-10s,2637
hb5gasIn,155,1-0,White,<=5s vs 10-15s,2782
xSJEnxCW,66,1/2-1/2,Black,<=5s vs <=5s,1901
XI8SmUHs,88,1-0,Black,<=5s vs 5-10s,1419
1DLLl1d6,48,0-1,Black,<=5s vs 15-20s,2748
3mjS5I70,77,1-0,White,<=5s vs 15-20s,2885
Yj0lolEL,58,1-0,Black,<=5s vs <=5s,1731
1sYqmjFr,58,0-1,Black,<=5s vs 10-15s,1103
ynnl26bY,80,0-1,Black,<=5s vs 5-10s,1494
vGk5NHNe,86,0-1,Black,<=5s vs <=5s,2643
CxFFvCdm,91,1-0,White,<=5s vs 15-20s,2146
56OGVynY,53,1-0,White,<=5s vs 10-15s,1805
9EGmP5yA,65,1-0,White,<=5s vs 10-15s,1989
9tA6WK7P,54,0-1,Black,<=5s vs 15-20s,1307
2bgpmpob,73,1-0,White,<=5s vs 15-20s,1892
QGDWfbgP,120,0-1,Black,<=5s vs 5-10s,2165
9DQUy91n,45,1-0,White,<=5s vs 15-20s,1776
Ex410ILN,44,0-1,Black,<=5s vs 10-15s,1383
t4kj66k3,76,0-1,Black,<=5s vs 10-15s,2195
fkzRiiy1,77,1-0,White,<=5s vs <=5s,2066
cOTOS0gv,44,0-1,Black,<=5s vs 5-10s,944
1H0P9vX3,62,0-1,Black,<=5s vs 15-20s,2207
yUh3T5UC,81,1-0,White,<=5s vs 5-10s,1867
uxsIwdui,73,1-0,White,<=5s vs 5-10s,2129
FqijwSza,75,1-0,White,<=5s vs 5-10s,2143
Tq6WHYaL,83,1-0,White,<=5s vs 15-20s,2058
2YQMeMw0,80,0-1,Black,<=5s vs 5-10s,2733
U19ScZk3,89,1-0,White,<=5s vs 5-10s,2172
grWNYkuR,110,0-1,Black,<=5s vs 5-10s,2487
qa7iVxPB,110,0-1,Black,<=5s vs 5-10s,2450
x0GRa2sq,115,1-0,White,<=5s vs 5-10s,1866
E1nD3Mt0,132,0-1,Black,<=5s vs 5-10s,2655
TSEfWxUz,133,1-0,White,<=5s vs 10-15s,2131
wEMLD6Kt,102,0-1,Black,<=5s vs 10-15s,3004
ZfAGJ1yJ,65,1-0,White,<=5s vs 5-10s,1705
vTO0YL0q,95,1-0,White,<=5s vs 5-10s,2245
FttEtL1S,95,1-0,White,<=5s vs 15-20s,2275
Nb3CCRPT,68,1-0,Black,<=5s vs 10-15s,1608
j5k8Lv77,82,1-0,Black,<=5s vs <=5s,2769
NG0Hw4GG,141,1/2-1/2,White,<=5s vs 15-20s,2476
YFqB1LfG,60,0-1,Black,<=5s vs 5-10s,1644
e9FQzQL0,60,1-0,Black,<=5s vs <=5s,1580
ibTSetrL,60,0-1,Black,<=5s vs 5-10s,1115
5wie3SR6,72,0-1,Black,<=5s vs 15-20s,1257
WXCJt5Kw,54,1-0,Black,<=5s vs <=5s,908
K0fcXONx,91,1/2-1/2,White,<=5s vs 5-10s,1990
5ieplwnB,41,1-0,White,<=5s vs 15-20s,941
rTyfINQC,51,1/2-1/2,White,<=5s vs 5-10s,653
eo6hbJZD,131,1/2-1/2,White,<=5s vs 5-10s,2740
CKuhzztC,70,0-1,Black,<=5s vs <=5s,2058
qSdtWJ1h,95,1-0,White,<=5s vs 5-10s,2802
wCPAi3fN,84,0-1,Black,<=5s vs 5-10s,2071
hLiYLrAV,54,0-1,Black,<=5s vs 5-10s,1228
DQZouDtr,65,1-0,White,<=5s vs 5-10s,1863
YRfU1yxQ,34,0-1,Black,<=5s vs 5-10s,634
AYhiiyln,58,0-1,Black,<=5s vs 5-10s,2091
BOv8VAA8,75,1-0,White,<=5s vs <=5s,2358
QbKGz3OG,59,1-0,White,<=5s vs <=5s,1310
Otuw4d01,48,0-1,Black,<=5s vs 15-20s,941
ZxAwm8Zv,104,0-1,Black,<=5s vs 15-20s,2310
Oq0k1abk,69,1-0,White,<=5s vs 10-15s,1675
W0UTEoTo,74,0-1,Black,<=5s vs 15-20s,2421
rvJ3Ym7T,56,0-1,Black,<=5s vs 15-20s,1602
LdyF45Ob,64,0-1,Black,<=5s vs 15-20s,2249
ggwMgsvG,119,0-1,White,<=5s vs <=5s,2171
w6UmV4so,76,0-1,Black,<=5s vs 15-20s,1974
ei4Qerfq,62,0-1,Black,<=5s vs 5-10s,1510
Cd76aFAk,58,0-1,Black,<=5s vs 10-15s,1001
1WOjgjj0,71,1-0,White,<=5s vs 15-20s,1574
PDl5k0nG,64,0-1,Black,<=5s vs 5-10s,2213
XksqCMNv,57,1-0,White,<=5s vs 5-10s,1342
FZ0IfOc9,94,0-1,Black,<=5s vs 5-10s,2461
IhZc7alf,65,1-0,White,<=5s vs 5-10s,2116
XTuulEiQ,69,1-0,White,<=5s vs 10-15s,1861
mxSHAFDE,79,1-0,White,<=5s vs 10-15s,1226
H04lxO4K,49,1-0,White,<=5s vs 15-20s,1747
iVmYb5Yd,103,1-0,White,<=5s vs 15-20s,2335
c6byQist,87,1-0,White,<=5s vs 5-10s,1549
Eg7u3oOo,60,0-1,Black,<=5s vs 15-20s,2436
mPG0ZxrX,60,0-1,Black,<=5s vs 15-20s,1404
gdQZgRc9,63,1-0,White,<=5s vs 5-10s,1894
gkXwJtaq,56,0-1,Black,<=5s vs 15-20s,1831
vnqDLUJw,50,1-0,Black,<=5s vs <=5s,1081
q9acx9A8,75,1-0,White,<=5s vs 15-20s,1560
2WqdF2qn,125,1-0,White,<=5s vs 10-15s,2901
U6XcrTYv,141,1/2-1/2,White,<=5s vs 5-10s,2592
pkD5xevW,75,1-0,White,<=5s vs 15-20s,1530
9qDClhRr,70,0-1,Black,<=5s vs 5-10s,2923
IGuPOCOn,50,1-0,Black,<=5s vs <=5s,1068
OTBMXxks,75,1-0,White,<=5s vs 5-10s,1814
XTA4a3Je,163,1/2-1/2,White,<=5s vs 15-20s,2606
aw2jf8sv,75,1-0,White,<=5s vs 15-20s,2273
5nTs6UNL,102,1/2-1/2,Black,<=5s vs 5-10s,2575
PjMRS9zz,78,0-1,Black,<=5s vs 5-10s,1516
YWknfh0B,68,0-1,Black,<=5s vs 15-20s,2413
4Oc1BdME,67,1-0,White,<=5s vs 5-10s,1914
XwE5DrkC,99,1-0,White,<=5s vs 10-15s,1675
cVlDfDt8,75,1-0,White,<=5s vs <=5s,1663
ksruLvAg,58,0-1,Black,<=5s vs 15-20s,1261
6vC3XFx9,98,1-0,Black,<=5s vs 5-10s,2409
0JZOp56Y,88,0-1,Black,<=5s vs 15-20s,2185
B2Iw1POo,111,1-0,White,<=5s vs 5-10s,1441
Xm0NbGfV,52,0-1,Black,<=5s vs 15-20s,692
i8Rossn8,69,1-0,White,<=5s vs 10-15s,1825
00xuKTO3,62,0-1,Black,<=5s vs 5-10s,1730
9WyZmRdy,107,1/2-1/2,White,<=5s vs 10-15s,2896
Ezenn9sp,78,0-1,Black,<=5s vs 5-10s,1849
rUZe9X52,73,1-0,White,<=5s vs 5-10s,1460
2IQm5L2x,69,0-1,White,<=5s vs 5-10s,2037
DuZFXLbF,79,1-0,White,<=5s vs 15-20s,2081
Rd2tdZWb,133,1-0,White,<=5s vs 5-10s,2424
Zm00qcjD,65,1-0,White,<=5s vs 10-15s,1548
HxM12Sj2,44,0-1,Black,<=5s vs 5-10s,1069
RyNwGgOU,99,1-0,White,<=5s vs 15-20s,2165
GwJfModv,95,1/2-1/2,White,<=5s vs 5-10s,2369
2TqFlXGu,50,0-1,Black,<=5s vs 5-10s,1332
vP0Zwfp2,92,0-1,Black,<=5s vs 10-15s,2230
MNyq9W7G,61,1-0,White,<=5s vs 5-10s,1832
ckcGVGef,70,0-1,Black,<=5s vs <=5s,1395
EAyD1yVR,57,1-0,White,<=5s vs 15-20s,2237
aH9vtkNd,79,1-0,White,<=5s vs 10-15s,1488
SGGjmSv0,114,1-0,Black,<=5s vs 5-10s,2899
es9YTa5r,125,1/2-1/2,White,<=5s vs 5-10s,1737
FhNcGWL7,58,0-1,Black,<=5s vs 10-15s,1935
rjGli00l,67,1-0,White,<=5s vs 10-15s,1308
SsEcueOH,54,0-1,Black,<=5s vs 10-15s,1034
JQyi215v,164,1/2-1/2,Black,<=5s vs 5-10s,2318
TOFKgXQx,74,0-1,Black,<=5s vs 10-15s,1642
arEyVOCm,57,1-0,White,<=5s vs 15-20s,1411
EQvYzYb8,58,0-1,Black,<=5s vs 15-20s,1534
H5egT83W,113,1-0,White,<=5s vs 15-20s,2320
FtUwsQCl,81,1-0,White,<=5s vs 10-15s,1607
FWEnohib,87,1-0,White,<=5s vs 5-10s,2104
JTfjH9Vx,62,0-1,Black,<=5s vs 10-15s,2074
79LksQHK,89,0-1,White,<=5s vs 15-20s,2273
NMKZummS,67,1-0,White,<=5s vs 15-20s,2227
y2KNkRIJ,52,0-1,Black,<=5s vs 5-10s,1439
02g8xLSX,86,0-1,Black,<=5s vs 5-10s,1595
hfmnY4DA,86,0-1,Black,<=5s vs <=5s,1504
hMcwdZRq,67,1-0,White,<=5s vs 15-20s,1337
OaDmdDz0,86,0-1,Black,<=5s vs 5-10s,1877
v25l3e82,108,1-0,Black,<=5s vs <=5s,2656
e6CZcXfl,63,1-0,White,<=5s vs 15-20s,1613
FlDJH7zj,62,0-1,Black,<=5s vs 10-15s,1809
0E8kuC3w,104,1-0,Black,<=5s vs <=5s,2671
BBRyQntF,52,0-1,Black,<=5s vs 10-15s,1992
gCqOlNUQ,55,1-0,White,<=5s vs 10-15s,2145
G7j9hrQ6,79,0-1,White,<=5s vs 5-10s,2902
kGKonocw,113,1-0,White,<=5s vs 15-20s,2365
bodSWZte,71,1-0,White,<=5s vs 5-10s,2047
5tbcoeVH,63,1/2-1/2,White,<=5s vs 10-15s,1792
54rlbHfH,103,1-0,White,<=5s vs 15-20s,2255
ZRA1QKNt,66,0-1,Black,<=5s vs 15-20s,2085
VPS7FXPB,69,1-0,White,<=5s vs 10-15s,1405
8CtNHV3E,74,0-1,Black,<=5s vs 10-15s,2327
GB5Q8KBj,98,0-1,Black,<=5s vs 15-20s,2501
SwTVN9PV,58,0-1,Black,<=5s vs 5-10s,1459
O4CMAC5m,43,1-0,White,<=5s vs 15-20s,1148
mOTRsNFX,44,0-1,Black,<=5s vs 10-15s,1556
K9XvtWUq,100,1-0,Black,<=5s vs <=5s,2387
DCIVzltg,50,0-1,Black,<=5s vs 5-10s,1229
wrzNc1ci,63,1-0,White,<=5s vs 10-15s,1654
EiZOnx3c,65,1-0,White,<=5s vs 5-10s,1119
dMn3QFP1,81,1-0,White,<=5s vs 15-20s,2341
2aRRDX8u,129,1-0,White,<=5s vs 5-10s,1836
OgjCiNKX,43,1-0,White,<=5s vs 15-20s,1726
HRCztyvi,91,1-0,White,<=5s vs 10-15s,2149
miv3gPbP,93,1-0,White,<=5s vs 5-10s,2303
cwnbOuxO,64,0-1,Black,<=5s vs 5-10s,1865
tRCCAX1M,68,0-1,Black,<=5s vs 5-10s,1559
GnRllyrn,84,0-1,Black,<=5s vs <=5s,1853
OJO6nttO,58,0-1,Black,<=5s vs 10-15s,2368
PltwCv18,87,1-0,White,<=5s vs 5-10s,2369
XvtNLBt2,69,1-0,White,<=5s vs 10-15s,1330
pqbqKnQM,82,0-1,Black,<=5s vs 10-15s,1343
DrpmoHZu,78,0-1,Black,<=5s vs 5-10s,2203
La7tLRvA,60,0-1,Black,<=5s vs 15-20s,1936
b4MuSXja,57,1-0,White,<=5s vs 5-10s,1358
YpeJyc0U,54,0-1,Black,<=5s vs 15-20s,1113
c6I2jTSv,103,1-0,White,<=5s vs 10-15s,2207
Tmdg4U5P,52,0-1,Black,<=5s vs 15-20s,1459
lemuRn9P,73,1-0,White,<=5s vs 5-10s,2188
YN7YjOJs,75,1-0,White,<=5s vs 5-10s,1893
4568F1rD,88,0-1,Black,<=5s vs 10-15s,2160
zkNI75lV,55,1-0,White,<=5s vs <=5s,1401
vTGZyN1r,59,1-0,White,<=5s vs 15-20s,1834
IMSguCyD,70,1-0,Black,<=5s vs <=5s,1960
1tTn9b15,97,0-1,White,<=5s vs 10-15s,1315
T8YHT7AH,84,0-1,Black,<=5s vs <=5s,2546
d96XmeDk,66,0-1,Black,<=5s vs 15-20s,2104
kiIuhku1,94,1-0,Black,<=5s vs 5-10s,2482
vcU2YYSR,69,1-0,White,<=5s vs <=5s,1107
1PM7tumR,86,0-1,Black,<=5s vs 15-20s,1497
D4TEG8HE,41,1-0,White,<=5s vs 15-20s,1400
LAcC5N8w,77,1/2-1/2,White,<=5s vs 10-15s,2183
HB3JddFh,90,1/2-1/2,Black,<=5s vs 5-10s,2131
T2JWVKdH,111,0-1,White,<=5s vs <=5s,2110
J5XZpN9l,87,1-0,White,<=5s vs 10-15s,716
gxeELgZd,91,1-0,White,<=5s vs <=5s,1650
x0410GEl,47,1-0,White,<=5s vs 5-10s,1156
D27NwgWu,72,1-0,Black,<=5s vs 10-15s,1761
GpjypAzI,70,1-0,Black,<=5s vs <=5s,2322
Pd8bJOkO,72,0-1,Black,<=5s vs 5-10s,1862
vA9yEaqX,66,0-1,Black,<=5s vs <=5s,1073
81D3A1oy,66,0-1,Black,<=5s vs 5-10s,1758
rVBmYLhn,67,1-0,White,<=5s vs 15-20s,1719
N8wCACPL,55,1-0,White,<=5s vs 15-20s,1993
wn8SAetE,95,1-0,White,<=5s vs 5-10s,2438
vedZdaWX,64,0-1,Black,<=5s vs 5-10s,1592
8hKXKFNA,65,1-0,White,<=5s vs 10-15s,2614
FTZtNu09,54,0-1,Black,<=5s vs 5-10s,1839
oXRrsqzB,51,1-0,White,<=5s vs 15-20s,1288
hpOghCIA,69,1/2-1/2,White,<=5s vs 5-10s,2020
CaMKdUcy,92,0-1,Black,<=5s vs 5-10s,1790
XfZlmqAF,56,0-1,Black,<=5s vs 10-15s,2132
QNoCKayh,54,1-0,Black,<=5s vs 5-10s,1558
XvPhA7pS,80,0-1,Black,<=5s vs 10-15s,1651
SPGhUCbz,74,1-0,Black,<=5s vs <=5s,1307
3OgDRH6y,84,1-0,Black,<=5s vs <=5s,2107
xMQ19snp,51,1-0,White,<=5s vs 15-20s,1400
pfxobcJb,92,0-1,Black,<=5s vs <=5s,1932
QsO2ZxcO,91,1-0,White,<=5s vs 5-10s,2392
YVSg6iGX,73,1-0,White,<=5s vs 10-15s,1923
f8K82o7q,114,0-1,Black,<=5s vs 5-10s,2590
RMhKJlBo,65,1-0,White,<=5s vs 15-20s,1643
XqLp8tsp,55,0-1,White,<=5s vs 5-10s,2398
aFCBMVOW,134,0-1,Black,<=5s vs <=5s,2480
C4m4zubT,71,1-0,White,<=5s vs 5-10s,2658
CK78LlfL,40,0-1,Black,<=5s vs 10-15s,979
tXmGHijQ,143,1/2-1/2,White,<=5s vs 10-15s,863
wtBHQXw1,53,1-0,White,<=5s vs 10-15s,1057
FojrkSz0,78,0-1,Black,<=5s vs 10-15s,2777
4NnNRmVm,62,0-1,Black,<=5s vs 15-20s,1304
3P88O4km,71,1-0,White,<=5s vs 10-15s,1557
PALPiLAD,96,1/2-1/2,Black,<=5s vs 10-15s,2460
L3NIdYPr,100,1-0,Black,<=5s vs 15-20s,2151
L7RRPJ84,131,1/2-1/2,White,<=5s vs 5-10s,1995
07vtXFGh,61,1-0,White,<=5s vs 10-15s,2436
MQcNYaFL,76,0-1,Black,<=5s vs <=5s,1687
VGieFcBD,55,1-0,White,<=5s vs 5-10s,1820
YhmX871B,68,0-1,Black,<=5s vs 5-10s,1202
LdimyyWD,71,1-0,White,<=5s vs 5-10s,1789
OYC15Ojz,86,0-1,Black,<=5s vs 10-15s,2274
jecoy7wx,109,1-0,White,<=5s vs 5-10s,1988
aJ5hhV93,138,1-0,Black,<=5s vs 10-15s,2382
Wgehto7U,110,1-0,Black,<=5s vs <=5s,2113
jXjYgOE4,58,0-1,Black,<=5s vs 15-20s,1598
c0kxTcyg,48,0-1,Black,<=5s vs 10-15s,1496
utGWsGIZ,61,1-0,White,<=5s vs 15-20s,1548
pKJR7P7Y,58,0-1,Black,<=5s vs 5-10s,1458
Qp0fbwQe,60,0-1,Black,<=5s vs 10-15s,1917
e1c7Y6IH,94,0-1,Black,<=5s vs 10-15s,2191
WQzmIJJv,66,1-0,Black,<=5s vs <=5s,1399
N8cXJxy7,75,1-0,White,<=5s vs 5-10s,2100
EEGRkRPV,45,1-0,White,<=5s vs 15-20s,783
mE2TCcCX,102,0-1,Black,<=5s vs 5-10s,2359
7nCRdGpA,155,1/2-1/2,White,<=5s vs 5-10s,2376
g5x4pYaD,69,1-0,White,<=5s vs 5-10s,2090
ApG8Zjli,55,1-0,White,<=5s vs 15-20s,714
PslBpJed,70,0-1,Black,<=5s vs 5-10s,1699
DdpBsedz,58,0-1,Black,<=5s vs 15-20s,1332
GxMDyhsh,85,1-0,White,<=5s vs 15-20s,2478
dxKo3DQ6,103,1-0,White,<=5s vs 15-20s,2398
lJOZfGVA,86,1-0,Black,<=5s vs <=5s,1690
e0aGAT6k,61,1-0,White,<=5s vs 5-10s,1619
DFA8BVZk,66,0-1,Black,<=5s vs 10-15s,1771
vT17p140,63,0-1,White,<=5s vs 5-10s,1640
9IXTKf7u,85,1-0,White,<=5s vs 10-15s,1704
5h8Tq6JI,116,1-0,Black,<=5s vs <=5s,2104
XpJIBglW,124,1-0,Black,<=5s vs <=5s,2798
YCEY70yp,145,1-0,White,<=5s vs 15-20s,2447
sconrynn,70,0-1,Black,<=5s vs 15-20s,2000
HZe0wF9L,94,1-0,Black,<=5s vs 5-10s,2493
yNHNRnzw,54,0-1,Black,<=5s vs 10-15s,564
Wwn8Ddya,150,0-1,Black,<=5s vs 5-10s,2694
AXhQyaYa,98,1-0,Black,<=5s vs <=5s,2657
pCzExbsb,65,1-0,White,<=5s vs 10-15s,1960
9KBofaSs,97,1/2-1/2,White,<=5s vs <=5s,2195
4LNF33qk,62,0-1,Black,<=5s vs 15-20s,1805
Sc3ip6tZ,103,0-1,White,<=5s vs 15-20s,2085
24FWFAbA,54,0-1,Black,<=5s vs 5-10s,1187
FCZ3fz5z,77,1-0,White,<=5s vs 10-15s,1330
SpRocAaO,84,0-1,Black,<=5s vs 5-10s,1723
skIjxx3H,80,0-1,Black,<=5s vs 5-10s,1740
YxeHQEvI,58,0-1,Black,<=5s vs 15-20s,1856
MOKC3syv,54,0-1,Black,<=5s vs <=5s,2072
1DZvGtzl,100,0-1,Black,<=5s vs 10-15s,2420
5yOiahch,105,1-0,White,<=5s vs 10-15s,2542
dr86eFno,73,1-0,White,<=5s vs 5-10s,1507
86LlGg7v,90,0-1,Black,<=5s vs 10-15s,2083
l7XZHAJW,63,1-0,White,<=5s vs 15-20s,1418
WG9gLutO,131,1-0,White,<=5s vs 10-15s,2622
2h0ZWdzy,93,0-1,White,<=5s vs 5-10s,2208
70tFnGj8,95,1-0,White,<=5s vs 15-20s,2050
v75KMlVh,51,1-0,White,<=5s vs 5-10s,2019
RP1IRxg0,61,1-0,White,<=5s vs 15-20s,2234
JhEb086f,115,0-1,White,<=5s vs 5-10s,2419
GJ90z8xy,59,1-0,White,<=5s vs 5-10s,1160
JC8lqkVn,69,1-0,White,<=5s vs 10-15s,1890
UlWbryrf,72,0-1,Black,<=5s vs 5-10s,1760
VkCWEEXq,118,1/2-1/2,Black,<=5s vs 10-15s,2078
u75xzhbJ,123,1-0,White,<=5s vs 10-15s,1791
QHfwMYBF,74,0-1,Black,<=5s vs 5-10s,1299
q9EUy6CH,69,1-0,White,<=5s vs 15-20s,2023
qAqoW4cI,96,0-1,Black,<=5s vs 15-20s,2674
hzV54vFJ,81,1-0,White,<=5s vs 5-10s,2098
dUB4eyTK,85,1-0,White,<=5s vs 10-15s,2095
5nQ07TEJ,72,0-1,Black,<=5s vs 15-20s,2394
pbkmKyeI,84,1-0,Black,<=5s vs <=5s,2435
5wr1Pu9j,73,1-0,White,<=5s vs 10-15s,2740
I120s75G,66,0-1,Black,<=5s vs 5-10s,1553
clqIQSc4,138,1-0,Black,<=5s vs <=5s,2043
ocTEu4hJ,74,0-1,Black,<=5s vs 5-10s,1591
0MuTat1N,77,1-0,White,<=5s vs 5-10s,1774
pQ2bdyuq,51,0-1,White,<=5s vs 5-10s,1403
QZNIbzMe,97,0-1,White,<=5s vs 10-15s,2039
exm0Tgoy,82,1-0,Black,<=5s vs 15-20s,1080
8CgdmcS5,52,1-0,Black,<=5s vs 10-15s,1662
FsweAlOC,52,0-1,Black,<=5s vs <=5s,984
DEikPS21,83,1-0,White,<=5s vs 10-15s,2743
54tBY2oD,60,1-0,Black,<=5s vs 5-10s,1551
3O6vLvvu,114,1-0,Black,<=5s vs <=5s,2649
OQF86BJu,66,0-1,Black,<=5s vs 15-20s,1795
UeoL77y9,69,1-0,White,<=5s vs 5-10s,1788
KltM1mRn,72,0-1,Black,<=5s vs 10-15s,2250
8HrCrbcK,61,1-0,White,<=5s vs 15-20s,1804
NtQbthMz,46,0-1,Black,<=5s vs 5-10s,1115
ye5vyfVv,89,0-1,White,<=5s vs <=5s,2121
amW7NRb6,70,1-0,Black,<=5s vs <=5s,2541
CVUKaJOR,100,0-1,Black,<=5s vs 10-15s,2371
qGB5W24y,59,1-0,White,<=5s vs 5-10s,1339
M652KaBA,66,0-1,Black,<=5s vs 5-10s,1971
9xTLAMiL,79,1-0,White,<=5s vs <=5s,1895
sBpB1ZLS,56,0-1,Black,<=5s vs 10-15s,974
RmQgr94B,99,1-0,White,<=5s vs <=5s,2510
jnbkI5bJ,43,1-0,White,<=5s vs 15-20s,1702
SU63q4Lb,34,0-1,Black,<=5s vs 15-20s,981
RRpYL93R,71,1-0,White,<=5s vs 5-10s,1562
CcnUhBXu,96,0-1,Black,<=5s vs 5-10s,2231
Sokk6NCJ,85,1-0,White,<=5s vs 5-10s,1898
9hb9uELc,74,0-1,Black,<=5s vs 15-20s,2581
CfJuoCjT,99,1/2-1/2,White,<=5s vs 5-10s,1899
JAtxt2xI,73,1-0,White,<=5s vs 15-20s,1975
hNENjhKb,50,0-1,Black,<=5s vs 10-15s,2058
vDG2vxWF,122,1-0,Black,<=5s vs 5-10s,2370
XDoKZurJ,91,1-0,White,<=5s vs 10-15s,2583
BpdZvWQK,77,1-0,White,<=5s vs 5-10s,2002
xtWiwYkL,49,1-0,White,<=5s vs 10-15s,1578
hBkPEpfO,71,1-0,White,<=5s vs 5-10s,2019
jGWHR4cT,78,0-1,Black,<=5s vs 15-20s,1267
JY3FWera,97,1-0,White,<=5s vs 15-20s,1486
BB7oLuY1,73,1-0,White,<=5s vs 15-20s,2136
slipmQM5,65,1-0,White,<=5s vs 15-20s,1959
NW5vuzGP,63,1-0,White,<=5s vs 15-20s,1914
2FcQiQxG,67,0-1,White,<=5s vs 15-20s,1902
71wmb39N,50,0-1,Black,<=5s vs 5-10s,1490
K0LJpsSE,61,1-0,White,<=5s vs 10-15s,1425
G7rdwA1C,86,0-1,Black,<=5s vs 5-10s,2259
uLlTZ7qE,66,0-1,Black,<=5s vs 5-10s,2140
koOQJVCQ,55,1-0,White,<=5s vs 15-20s,2228
y4jXnkIV,52,0-1,Black,<=5s vs 5-10s,1934
QKEgSsEy,71,1-0,White,<=5s vs 10-15s,2521
BmoZLttt,93,1-0,White,<=5s vs 5-10s,2789
dGTYzQd9,62,0-1,Black,<=5s vs 15-20s,2193
87oalYhU,50,0-1,Black,<=5s vs 10-15s,2296
W2jx0Ljf,68,0-1,Black,<=5s vs 15-20s,2384
Y9oilPG7,124,1-0,Black,<=5s vs <=5s,2364
Pcs6Nr0Z,61,1-0,White,<=5s vs 15-20s,1707
Yg0XvaC7,54,0-1,Black,<=5s vs 5-10s,901
ZBHpXBbb,58,1-0,Black,<=5s vs <=5s,2183
E1jFFlRu,86,0-1,Black,<=5s vs 15-20s,2290
lomaVvvS,182,1-0,Black,<=5s vs <=5s,2258
G1IpZ0xO,83,1-0,White,<=5s vs 10-15s,1422
egeKisbe,99,1-0,White,<=5s vs 10-15s,2608
2ZfYndY4,117,1/2-1/2,White,<=5s vs 10-15s,1948
V5r8jkhI,44,0-1,Black,<=5s vs 15-20s,872
0ZUTZAaG,70,0-1,Black,<=5s vs 5-10s,1866
mPOMt4nV,50,0-1,Black,<=5s vs 5-10s,1731
4pfXX81A,136,1-0,Black,<=5s vs <=5s,2541
NryMfjEW,130,1/2-1/2,Black,<=5s vs <=5s,2408
U6A1AwzE,60,1-0,Black,<=5s vs 5-10s,1954
oTFn5oYo,46,0-1,Black,<=5s vs 10-15s,1891
ISjTGiBO,60,0-1,Black,<=5s vs 10-15s,1618
oLVkoebj,118,1/2-1/2,Black,<=5s vs <=5s,1180
Tf03DQbU,110,1-0,Black,<=5s vs 10-15s,2408
dpxg3Sxd,78,0-1,Black,<=5s vs 15-20s,2132
BxizNBdF,74,0-1,Black,<=5s vs 10-15s,1537
WFBgfQbu,100,0-1,Black,<=5s vs 10-15s,2442
213XcRI8,78,0-1,Black,<=5s vs 5-10s,1822
YfYbVwrr,94,0-1,Black,<=5s vs 15-20s,2006
T4cdpsYF,109,1/2-1/2,White,<=5s vs 5-10s,1570
QXhe7RNV,57,1-0,White,<=5s vs 10-15s,1496
fQB6JDa4,39,1-0,White,<=5s vs 10-15s,841
A9yJ5E27,45,1-0,White,<=5s vs 5-10s,689
Grva23i3,83,1-0,White,<=5s vs 15-20s,1888
VtQhPcgk,66,0-1,Black,<=5s vs 10-15s,1987
E2bZyj2F,81,1-0,White,<=5s vs 5-10s,2670
cNGbZFFe,103,1-0,White,<=5s vs 15-20s,2124
8gJsD4Hw,62,0-1,Black,<=5s vs <=5s,2249
a6mrzupq,51,1-0,White,<=5s vs 15-20s,1121
CNSHAS9s,58,0-1,Black,<=5s vs 10-15s,1401
LuD6oEEi,76,0-1,Black,<=5s vs 15-20s,2396
O1agleu1,44,0-1,Black,<=5s vs 10-15s,1116
OwNtwkQ2,73,1-0,White,<=5s vs 5-10s,919
hWGQUdiw,146,0-1,Black,<=5s vs 5-10s,2179
Nlr8D8Ff,80,0-1,Black,<=5s vs 10-15s,1621
xOp896gW,56,0-1,Black,<=5s vs 10-15s,1928
GTZF6zMU,70,0-1,Black,<=5s vs 5-10s,1966
Jx9wljGf,64,0-1,Black,<=5s vs 15-20s,1909
4TNrVIna,93,1-0,White,<=5s vs 10-15s,2720
gNo6IhxL,70,0-1,Black,<=5s vs 5-10s,1671
yJZftyxk,53,1-0,White,<=5s vs 15-20s,1794
HkFNn6US,64,0-1,Black,<=5s vs 15-20s,1888
Bt82ag3h,59,1-0,White,<=5s vs <=5s,1584
JnAG0cRI,62,0-1,Black,<=5s vs 5-10s,2304
3O1rASCv,53,1-0,White,<=5s vs 5-10s,1447
XYx3vxlG,54,0-1,Black,<=5s vs 10-15s,2185
zVkasUwB,99,1-0,White,<=5s vs 5-10s,3131
i1gNISxL,66,0-1,Black,<=5s vs 5-10s,1500
XHSarw4u,56,0-1,Black,<=5s vs 5-10s,1377
1RyrmMnf,62,0-1,Black,<=5s vs 15-20s,1650
W17WAiGN,63,1-0,White,<=5s vs <=5s,1747
KHbwHNVA,99,0-1,White,<=5s vs 15-20s,2211
ixnD4Ovm,66,1-0,Black,<=5s vs 5-10s,2043
of32Tu3v,88,0-1,Black,<=5s vs <=5s,1954
vukMa5De,71,1-0,White,<=5s vs 5-10s,1523
iZ71d38m,67,1-0,White,<=5s vs 15-20s,2103
ebhCHNJw,121,1-0,White,<=5s vs 5-10s,2209
IatN4Rj8,85,1-0,White,<=5s vs 10-15s,1231
4UN8BoD1,65,1-0,White,<=5s vs 15-20s,2474
t8Q8c5Cq,77,1-0,White,<=5s vs 5-10s,2071
up2Jjkre,84,0-1,Black,<=5s vs <=5s,1990
IWsPySPj,75,1-0,White,<=5s vs 15-20s,1350
HO7TtpMw,77,1-0,White,<=5s vs 5-10s,1670
XDvuMQQk,69,1-0,White,<=5s vs 5-10s,1539
3aLk6aVQ,61,1-0,White,<=5s vs 5-10s,1184
K4L8PJZY,81,1-0,White,<=5s vs 15-20s,2311
kCFxdDrh,73,1-0,White,<=5s vs 15-20s,1593
4yvsBAtz,110,0-1,Black,<=5s vs 10-15s,2615
9H8qkXt0,69,1-0,White,<=5s vs 10-15s,3030
MEXAK0rG,68,0-1,Black,<=5s vs <=5s,1991
TM23ElvK,59,1-0,White,<=5s vs 5-10s,1052
9cEtcThn,50,0-1,Black,<=5s vs 15-20s,1344
O9CamOck,49,1-0,White,<=5s vs 5-10s,1128
CQkJ224i,113,0-1,White,<=5s vs <=5s,2335
qt61ntKB,139,1/2-1/2,White,<=5s vs 10-15s,2361
6VE0MNTF,71,1-0,White,<=5s vs 5-10s,1961
M6uITCAu,119,0-1,White,<=5s vs <=5s,2093
VeYLxsZ3,53,1-0,White,<=5s vs 5-10s,1315
LgPjJ15A,54,0-1,Black,<=5s vs 10-15s,1326
UGWpIkhn,61,1-0,White,<=5s vs 15-20s,1853
R0jU8KNC,75,0-1,White,<=5s vs 5-10s,1877
MLHNuMJX,59,1-0,White,<=5s vs 10-15s,1234
wT77qZwT,73,1-0,White,<=5s vs 10-15s,1528
kZ0pyIUD,120,0-1,Black,<=5s vs 15-20s,2470
NkFCrcKW,57,0-1,White,<=5s vs 5-10s,1490
C010H8rY,75,0-1,White,<=5s vs <=5s,2363
BLBe2zQC,84,1/2-1/2,Black,<=5s vs 15-20s,2526
obbSGnEu,67,1-0,White,<=5s vs 15-20s,1758
vdqfCTH5,63,1-0,White,<=5s vs 10-15s,2189
SPneG7cv,65,1-0,White,<=5s vs 10-15s,2451
rCZElV2v,54,0-1,Black,<=5s vs 15-20s,1317
VVfb7G9N,38,1-0,Black,<=5s vs 5-10s,1043
Ce4dJhnl,79,0-1,White,<=5s vs 15-20s,2201
roOg93vq,59,1-0,White,<=5s vs 5-10s,1337
SVp8Bnmj,76,0-1,Black,<=5s vs 5-10s,2603
6AhQUmXd,56,0-1,Black,<=5s vs 5-10s,1847
khQm1MfQ,72,0-1,Black,<=5s vs 15-20s,1557
QJBg4eBZ,163,1/2-1/2,White,<=5s vs 15-20s,2682
NnbObtCa,73,1-0,White,<=5s vs 15-20s,2423
OnZHxz1i,60,0-1,Black,<=5s vs 5-10s,2109
IBcpaeWu,54,0-1,Black,<=5s vs 10-15s,1226
V4aPL0vR,63,1-0,White,<=5s vs 10-15s,1142
eDJkTcZr,90,0-1,Black,<=5s vs 15-20s,1219
ulVei4jq,49,1-0,White,<=5s vs 10-15s,1354
CTUcnYoj,68,1-0,Black,<=5s vs 5-10s,1325
HzzVGER3,84,0-1,Black,<=5s vs 5-10s,2846
ksDYwQcr,84,0-1,Black,<=5s vs 15-20s,2085
svsD4uba,117,1-0,White,<=5s vs 5-10s,1962
JQ5jPQRK,62,0-1,Black,<=5s vs 10-15s,1225
h8f4PTOk,102,1-0,Black,<=5s vs <=5s,2265
lCqtVRd3,92,1-0,Black,<=5s vs <=5s,2396
s5YhCfEH,58,0-1,Black,<=5s vs 5-10s,2072
Q2VjK7tR,77,1-0,White,<=5s vs <=5s,1229
GtfOqSCu,37,1-0,White,<=5s vs 5-10s,1149
XRLAUYHX,104,0-1,Black,<=5s vs 15-20s,2500
7u6LZdgD,87,1-0,White,<=5s vs 5-10s,1381
43YmpykB,94,1-0,Black,<=5s vs <=5s,2045
6imUYO2J,80,0-1,Black,<=5s vs 5-10s,2472
T4A3wAfS,89,0-1,White,<=5s vs 5-10s,2447
TUSMUjuB,75,1/2-1/2,White,<=5s vs 15-20s,1762
Jd4fyOTM,51,1-0,White,<=5s vs 15-20s,1533
UMdTuFas,79,1-0,White,<=5s vs 5-10s,2482
8p8eFhhT,64,1-0,Black,<=5s vs 5-10s,2184
tQzEqy91,50,0-1,Black,<=5s vs <=5s,1167
GbrJCfWJ,50,1-0,Black,<=5s vs <=5s,1423
ioTQafdz,135,0-1,White,<=5s vs <=5s,2534
nZwmP2To,74,0-1,Black,<=5s vs 15-20s,1674
dP4094iu,67,1-0,White,<=5s vs 5-10s,2145
Li81Z1pY,79,1-0,White,<=5s vs 15-20s,2383
UZSeLy49,57,1-0,White,<=5s vs 5-10s,1240
d6OXeQFL,110,0-1,Black,<=5s vs 5-10s,1998
CN9fYb2U,46,0-1,Black,<=5s vs 5-10s,1791
7ahcruwg,57,1-0,White,<=5s vs 10-15s,2002
HDGEoXgr,93,1-0,White,<=5s vs 5-10s,2124
yFv8l9sH,86,0-1,Black,<=5s vs 15-20s,1598
xrHfYtoj,53,1-0,White,<=5s vs 10-15s,1630
SbwU1KpK,88,0-1,Black,<=5s vs <=5s,2191
R6RgqE2X,85,1-0,White,<=5s vs 15-20s,1827
1oHu1PlC,61,1-0,White,<=5s vs 10-15s,1803
RpY2BXQH,121,1-0,White,<=5s vs 5-10s,2152
Eh6tD4i8,66,0-1,Black,<=5s vs 5-10s,979
tiWZsjHi,51,0-1,White,<=5s vs 10-15s,1193
25fZwbrl,93,1-0,White,<=5s vs 15-20s,1816
4j2DE5is,83,1-0,White,<=5s vs 5-10s,2395
yqQQqhz0,61,1-0,White,<=5s vs 5-10s,1585
FL7SleLV,90,0-1,Black,<=5s vs 5-10s,2501
LICDlP9M,56,0-1,Black,<=5s vs 10-15s,1384
3a2kqdQl,140,0-1,Black,<=5s vs 10-15s,2272
5VcZdq98,71,1-0,White,<=5s vs <=5s,2321
MO1V3Vef,70,0-1,Black,<=5s vs 5-10s,1821
NJ7gmtRA,98,0-1,Black,<=5s vs 5-10s,2364
036gKkvn,94,0-1,Black,<=5s vs 15-20s,1625
7wcU0Pss,76,0-1,Black,<=5s vs <=5s,2132
5iXIO2fp,48,0-1,Black,<=5s vs 5-10s,1166
NQupVEQy,83,1-0,White,<=5s vs 15-20s,1916
QnfC1Hpl,118,0-1,Black,<=5s vs 5-10s,2483
J3JscqBn,80,0-1,Black,<=5s vs 5-10s,2416
OPEke4Cy,63,1-0,White,<=5s vs 10-15s,1197
N8Ys5LUH,110,1/2-1/2,Black,<=5s vs 5-10s,1438
yfQBV13m,48,0-1,Black,<=5s vs <=5s,1499
YF31ld8W,71,1-0,White,<=5s vs 15-20s,2431
0cPsgRc4,85,1-0,White,<=5s vs 10-15s,2259
0vm3rxke,110,1-0,Black,<=5s vs <=5s,2414
CquhVreQ,81,1-0,White,<=5s vs 5-10s,2361
SIixEDNA,113,1-0,White,<=5s vs 10-15s,2577
rCZgoAB7,64,0-1,Black,<=5s vs 5-10s,2701
zxpMeyNm,68,0-1,Black,<=5s vs 15-20s,1800
2RtkgWAc,218,1/2-1/2,Black,<=5s vs 5-10s,1848
ZrHwIZTb,73,1-0,White,<=5s vs 10-15s,1976
X7wilIra,110,0-1,Black,<=5s vs 10-15s,2089
rcn3ZlIF,55,1-0,White,<=5s vs 5-10s,1331
7FwfHs5C,65,1-0,White,<=5s vs 15-20s,1512
Jb1u0COP,63,1-0,White,<=5s vs 15-20s,1450
A2slQk9z,94,1-0,Black,<=5s vs 5-10s,2239
9htGUNZK,58,0-1,Black,<=5s vs 15-20s,1562
22t6dvtO,62,1-0,Black,<=5s vs <=5s,1254
k4FFwWz0,58,1-0,Black,<=5s vs 5-10s,1298
zjgCZUtI,55,1-0,White,<=5s vs 10-15s,962
hzgk3qh9,59,1-0,White,<=5s vs 5-10s,2055
Chk1qdPx,90,0-1,Black,<=5s vs 5-10s,2261
RGyS9HgP,64,0-1,Black,<=5s vs 10-15s,2094
mGZlO5NM,40,0-1,Black,<=5s vs 15-20s,982
BU3J0AIL,63,0-1,White,<=5s vs 5-10s,1489
ZxivMoj8,73,1-0,White,<=5s vs 5-10s,1893
P8N3lLOp,81,1-0,White,<=5s vs <=5s,1715
iWx7iRMh,61,1-0,White,<=5s vs 10-15s,2354
7UxUViXJ,55,1-0,White,<=5s vs 10-15s,1724
R9OeALxT,75,1-0,White,<=5s vs 5-10s,2154
R4QeHtaF,79,0-1,White,<=5s vs <=5s,1353
VCLowsfD,68,1-0,Black,<=5s vs 15-20s,2051
8LZ6ccG7,88,0-1,Black,<=5s vs 10-15s,2240
vCm0ig9W,46,0-1,Black,<=5s vs 15-20s,998
JA8Xby8v,83,0-1,White,<=5s vs <=5s,1822
tkkdz08e,92,0-1,Black,<=5s vs 10-15s,2585
4ezLsV1X,68,0-1,Black,<=5s vs 10-15s,1896
Boc0XTFs,81,1-0,White,<=5s vs 15-20s,1622
ZHr4sjTX,70,0-1,Black,<=5s vs 10-15s,1720
N2hYsrJz,79,1-0,White,<=5s vs 5-10s,1947
mJTAUL4t,65,1-0,White,<=5s vs 10-15s,1868
Ra9RGrlt,61,1-0,White,<=5s vs <=5s,1201
BhoVVjZ3,61,0-1,White,<=5s vs 5-10s,1903
G9G8BvMn,52,1-0,Black,<=5s vs 15-20s,1756
6vhBFaSX,97,1-0,White,<=5s vs 10-15s,2010
HV9lOmZ6,58,1-0,Black,<=5s vs <=5s,1283
3PjSdxMn,73,1-0,White,<=5s vs 10-15s,1662
0Ea1QB1W,64,0-1,Black,<=5s vs 5-10s,2024
6TQVPCPA,68,0-1,Black,<=5s vs 5-10s,1699
a1hEd9vP,79,1/2-1/2,White,<=5s vs 10-15s,1982
uxfjgWmU,87,0-1,White,<=5s vs 5-10s,2159
8c7MW0Ck,81,1-0,White,<=5s vs 5-10s,1701
0mS2AHUA,51,1-0,White,<=5s vs 5-10s,2135
XdEvSHRx,70,0-1,Black,<=5s vs 10-15s,1594
5Xuonb9U,149,1-0,White,<=5s vs 5-10s,2071
spnqWhZs,81,1-0,White,<=5s vs 10-15s,2334
EQEdYmXm,61,1-0,White,<=5s vs 15-20s,1392
O0GyF9dT,74,1/2-1/2,Black,<=5s vs 15-20s,1947
CT4HTyj0,68,0-1,Black,<=5s vs <=5s,1453
GXw7U8yN,74,0-1,Black,<=5s vs 15-20s,2437
cpOgPQ63,54,0-1,Black,<=5s vs 5-10s,1723
xd7gYB4o,47,1-0,White,<=5s vs 15-20s,1108
2tS8hRyj,112,0-1,Black,<=5s vs 5-10s,2412
e2QrXuLw,101,0-1,White,<=5s vs 10-15s,2042
m6QzJW1p,58,0-1,Black,<=5s vs 10-15s,1967
VIYNzkT4,93,0-1,White,<=5s vs 5-10s,2418
itCNInaW,69,1-0,White,<=5s vs 5-10s,1487
iJocNIoI,60,0-1,Black,<=5s vs <=5s,921
uVwYb2zB,105,0-1,White,<=5s vs 5-10s,2256
Di8it7QP,50,0-1,Black,<=5s vs 15-20s,1769
I9KRsMch,79,1-0,White,<=5s vs 15-20s,1795
5QzPAire,42,0-1,Black,<=5s vs 15-20s,1360
C3LIXaJw,63,0-1,White,<=5s vs 10-15s,1655
2Bo88VYy,63,1-0,White,<=5s vs 10-15s,1747
rVqqW8Fz,84,0-1,Black,<=5s vs <=5s,2284
uSRMAs6i,122,0-1,Black,<=5s vs 10-15s,2450
6kPLxZlK,118,0-1,Black,<=5s vs 5-10s,2354
NDtmSWhq,67,1-0,White,<=5s vs <=5s,1697
ezESrvSH,61,0-1,White,<=5s vs 5-10s,1224
Mj3jaZA6,52,0-1,Black,<=5s vs 5-10s,1548
TFw8P7eF,65,1-0,White,<=5s vs 15-20s,1458
4LBzK5pq,93,1-0,White,<=5s vs 15-20s,2087
P55G1YHq,73,1-0,White,<=5s vs <=5s,1123
YirqsG5s,66,0-1,Black,<=5s vs 5-10s,1462
tSazRv2n,60,1-0,Black,<=5s vs 5-10s,2681
48B3ZWRl,126,1/2-1/2,Black,<=5s vs <=5s,1545
OGTOfFsU,78,0-1,Black,<=5s vs 15-20s,1879
ZYB9kvTg,100,0-1,Black,<=5s vs <=5s,1864
05t98RRu,70,0-1,Black,<=5s vs 5-10s,2244
WmQbiW81,39,1-0,White,<=5s vs 15-20s,1490
4f7UW3sP,143,1-0,White,<=5s vs 15-20s,2033
X8Rc8mIc,83,1-0,White,<=5s vs 15-20s,2154
xPCCg0XA,148,0-1,Black,<=5s vs 15-20s,2283
8H9x3Li3,91,1-0,White,<=5s vs 15-20s,2644
nhn2VeG4,52,1-0,Black,<=5s vs 10-15s,1684
yW9kOCv1,56,1-0,Black,<=5s vs <=5s,1249
92k6CSss,58,1-0,Black,<=5s vs <=5s,1679
FosEo87k,67,0-1,White,<=5s vs <=5s,2046
ASnFt6WD,68,1-0,Black,<=5s vs <=5s,1889
kw3NMk0H,81,0-1,White,<=5s vs 5-10s,2235
KhMJxLy2,62,1-0,Black,<=5s vs <=5s,2103
TtnxLIDJ,64,1-0,Black,<=5s vs <=5s,1156
dcQdAsLm,89,1-0,White,<=5s vs 15-20s,2225
szEwT9UG,43,1-0,White,<=5s vs 10-15s,1290
NA2KF9VY,68,0-1,Black,<=5s vs 10-15s,2196
RTs2RQCM,71,1-0,White,<=5s vs 10-15s,2022
MujPllDC,58,0-1,Black,<=5s vs 10-15s,2240
6Ue7jsUp,39,1-0,White,<=5s vs 15-20s,1933
bLOwZtCV,35,0-1,White,<=5s vs <=5s,572
m9ousTyi,60,0-1,Black,<=5s vs 15-20s,1738
VED4LieD,64,0-1,Black,<=5s vs 5-10s,1686
JuO05nML,67,1-0,White,<=5s vs 5-10s,1500
xF4qVToI,59,1-0,White,<=5s vs 15-20s,1760
vTzJthx0,104,1-0,Black,<=5s vs 10-15s,2568
7M4Dqzrw,103,1-0,White,<=5s vs 10-15s,1966
iugtMtoe,60,0-1,Black,<=5s vs 15-20s,2276
p5nax7DD,73,1-0,White,<=5s vs 10-15s,1770
GfHwcsZP,58,1-0,Black,<=5s vs 5-10s,1365
hPAlM2Gg,43,0-1,White,<=5s vs 10-15s,1346
s0BaxrsC,120,0-1,Black,<=5s vs 5-10s,2316
AMjlLiCE,48,0-1,Black,<=5s vs 10-15s,947
W0zuUg1a,83,1-0,White,<=5s vs 15-20s,2290
aH7iJ6bC,91,1-0,White,<=5s vs 5-10s,2522
nqxvnIKw,50,1-0,Black,<=5s vs 5-10s,1257
w0eyGyVH,67,1-0,White,<=5s vs 15-20s,1874
w1wswn7q,74,0-1,Black,<=5s vs 5-10s,2139
V2tPTGT7,116,0-1,Black,<=5s vs 5-10s,2264
fLhC1O7x,86,0-1,Black,<=5s vs 10-15s,1705
q1rIZ6Ba,73,1-0,White,<=5s vs 10-15s,2154
M9cLssii,61,1-0,White,<=5s vs 15-20s,2088
agDZ1ZBR,70,0-1,Black,<=5s vs 10-15s,2242
9YGgaH0H,49,1-0,White,<=5s vs 10-15s,1798
XNzvH6At,93,1-0,White,<=5s vs 10-15s,2487
kj6n9NUk,49,1-0,White,<=5s vs 15-20s,1396
yyxXfQDu,62,0-1,Black,<=5s vs 15-20s,2303
wmwNk7cm,46,0-1,Black,<=5s vs 10-15s,1007
KnsT0687,85,1-0,White,<=5s vs 5-10s,1838
X0xWztJL,75,1-0,White,<=5s vs <=5s,1812
JPwlWUz8,78,0-1,Black,<=5s vs 15-20s,1219
fiUQ0CL6,68,0-1,Black,<=5s vs 15-20s,2124
NZ8jpZf2,54,0-1,Black,<=5s vs 15-20s,1486
Vqx9rpnY,76,1-0,Black,<=5s vs <=5s,2437
0FbkSS6S,76,1-0,Black,<=5s vs <=5s,975
Ez9xV3UE,57,1-0,White,<=5s vs 10-15s,2161
Q3uiALNP,101,1/2-1/2,White,<=5s vs 10-15s,2348
iFNWUN7r,106,0-1,Black,<=5s vs 15-20s,1848
09ngYC8j,75,1-0,White,<=5s vs 15-20s,2847
6VlGEgfG,106,0-1,Black,<=5s vs 5-10s,2366
gkJvbvY3,52,1-0,Black,<=5s vs <=5s,1956
B0vWZhAd,69,1-0,White,<=5s vs 15-20s,2144
fzj9BEvD,145,1-0,White,<=5s vs 15-20s,1645
yKEsRRF8,61,1-0,White,<=5s vs 10-15s,996
Zs6grbj5,41,0-1,White,<=5s vs 10-15s,945
6pRjiAfQ,100,0-1,Black,<=5s vs 10-15s,2099
6IuM23ot,69,1-0,White,<=5s vs 10-15s,1300
OqxQ36tl,81,1/2-1/2,White,<=5s vs 15-20s,2255
tUQsSjRL,82,0-1,Black,<=5s vs 15-20s,1627
sFM49tYO,53,1-0,White,<=5s vs 10-15s,1492
O25BWRsF,71,1-0,White,<=5s vs 10-15s,1835
OHbwy4yd,59,1-0,White,<=5s vs 5-10s,1680
uh2dd4DE,107,1-0,White,<=5s vs <=5s,2049
DcLobGq6,61,1-0,White,<=5s vs 5-10s,2073
VM2WpQH7,83,1-0,White,<=5s vs 5-10s,1889
OalJhk6H,59,1-0,White,<=5s vs 15-20s,819
1F6AWqWo,64,1-0,Black,<=5s vs 5-10s,1271
wtmh0b87,69,1-0,White,<=5s vs 5-10s,1571
VaxUT1kn,116,0-1,Black,<=5s vs 5-10s,2763
7kSYvBZS,77,1-0,White,<=5s vs 5-10s,2266
zntz7Rnc,69,1-0,White,<=5s vs 5-10s,1893
Pj4RFKMW,54,0-1,Black,<=5s vs 5-10s,1192
7UU3oxjT,92,0-1,Black,<=5s vs 10-15s,2295
Gk4Xjsqx,89,1-0,White,<=5s vs 10-15s,2680
2GP85uzV,71,1-0,White,<=5s vs 15-20s,1842
fSseT8qu,75,1-0,White,<=5s vs <=5s,2332
Cw44itOi,62,0-1,Black,<=5s vs 15-20s,1294
5nRbI5c7,59,1-0,White,<=5s vs 10-15s,1557
DvLRm7WG,64,0-1,Black,<=5s vs <=5s,2247
Uz0egV1b,44,0-1,Black,<=5s vs 5-10s,731
31tczEls,42,0-1,Black,<=5s vs 10-15s,1653
5lc9t3WB,47,1-0,White,<=5s vs 10-15s,923
Q7wAXbSB,73,1-0,White,<=5s vs 10-15s,2181
HPku5uje,66,0-1,Black,<=5s vs 10-15s,1177
R95nJA7m,107,1-0,White,<=5s vs 15-20s,2069
78FK7TpQ,89,1-0,White,<=5s vs 5-10s,2546
mMhJFxaF,81,0-1,White,<=5s vs 5-10s,2835
zhsMfzXb,72,0-1,Black,<=5s vs 5-10s,2077
5ySVEtsz,44,0-1,Black,<=5s vs 10-15s,906
PLoc68eb,85,1-0,White,<=5s vs 10-15s,1978
E2MI3LJt,89,1-0,White,<=5s vs 5-10s,2872
Vwg74bcx,57,1-0,White,<=5s vs 5-10s,1145
ZSGcGjnt,65,1-0,White,<=5s vs 5-10s,1435
4DEt1K0Z,66,0-1,Black,<=5s vs 5-10s,2070
ZB3xwwXP,60,0-1,Black,<=5s vs 15-20s,2304
iIGyE58B,73,1-0,White,<=5s vs 5-10s,1603
qvP1oWrg,71,1-0,White,<=5s vs 10-15s,2252
eTqgVQmI,70,0-1,Black,<=5s vs 5-10s,1827
q49tImCO,74,0-1,Black,<=5s vs 15-20s,1617
7TDQ6DRL,96,0-1,Black,<=5s vs <=5s,2239
nTAIk2qz,102,0-1,Black,<=5s vs 5-10s,2946
aLJsmQKf,105,0-1,White,<=5s vs 15-20s,2084
8HWt138j,74,0-1,Black,<=5s vs 10-15s,1218
0sbG2TAk,112,1-0,Black,<=5s vs 15-20s,2496
fp1O3QtY,169,1-0,White,<=5s vs 10-15s,2793
4cdmclyg,78,0-1,Black,<=5s vs 5-10s,2208
5hq7HrYH,75,1-0,White,<=5s vs 5-10s,2166
vVmbDD3b,97,0-1,White,<=5s vs 10-15s,2542
yOJuTGVP,53,1-0,White,<=5s vs 10-15s,1072
RABfGf5v,122,1/2-1/2,Black,<=5s vs 5-10s,2263
L1t475gt,96,0-1,Black,<=5s vs 15-20s,2217
YxPjpLBe,57,1-0,White,<=5s vs 5-10s,1876
bqDQiepg,73,1-0,White,<=5s vs 15-20s,2427
YtIB0Xx1,51,1-0,White,<=5s vs 15-20s,1370
9ollTqbi,64,1-0,Black,<=5s vs 5-10s,1553
HqDNm6Yf,80,0-1,Black,<=5s vs 15-20s,1686
QJTtTu1p,60,1-0,Black,<=5s vs 5-10s,1252
UZYtwAOI,57,1-0,White,<=5s vs 10-15s,1965
Pwwrr7lF,50,0-1,Black,<=5s vs <=5s,1336
zdMnSb9A,96,0-1,Black,<=5s vs 15-20s,1694
XN3QsBCj,49,1-0,White,<=5s vs 10-15s,1037
iHinRi1E,69,0-1,White,<=5s vs <=5s,1338
kbONrjZF,71,0-1,White,<=5s vs 5-10s,1985
81SMgrmC,51,1-0,White,<=5s vs 5-10s,1219
sP9vjblI,46,0-1,Black,<=5s vs 15-20s,1635
hTXyQkEg,81,1-0,White,<=5s vs 15-20s,2412
PzwpPQeK,109,1-0,White,<=5s vs 10-15s,1851
8qrH9w5O,76,1-0,Black,<=5s vs 5-10s,2045
XvJklt5G,110,0-1,Black,<=5s vs 15-20s,2156
F1uYbUqh,47,1-0,White,<=5s vs 10-15s,2311
1ZbrXEvy,115,1/2-1/2,White,<=5s vs 5-10s,2304
ADZJsx59,97,1-0,White,<=5s vs 15-20s,1848
KK9HVrAd,87,0-1,White,<=5s vs <=5s,1835
DKc5uiaE,69,1-0,White,<=5s vs 5-10s,1944
FAsva36e,99,1-0,White,<=5s vs 15-20s,2448
goVOMLmG,47,0-1,White,<=5s vs 10-15s,1220
AdC4PANH,72,0-1,Black,<=5s vs 5-10s,1930
yFXwafLw,64,0-1,Black,<=5s vs 5-10s,1686
2JLRdD6E,107,0-1,White,<=5s vs 5-10s,2035
c29FDqSb,86,0-1,Black,<=5s vs 10-15s,1998
ZzDQBpnP,67,1-0,White,<=5s vs 5-10s,1840
TYHhD5kA,93,1-0,White,<=5s vs 5-10s,2362
CG7mPYeN,71,1-0,White,<=5s vs 15-20s,2157
pnKmVTvO,99,1-0,White,<=5s vs 10-15s,2515
8QU4MFwb,83,0-1,White,<=5s vs 5-10s,2997
CGryxnGU,81,0-1,White,<=5s vs 5-10s,2578
B4a89Zey,74,0-1,Black,<=5s vs 10-15s,1690
TnNuZpDi,58,0-1,Black,<=5s vs 15-20s,2499
Yg7lsGY1,60,0-1,Black,<=5s vs 10-15s,1588
rU4ZMW48,62,0-1,Black,<=5s vs 5-10s,2210
7dlnWtS6,133,1-0,White,<=5s vs 15-20s,2288
kT4ElBfb,56,0-1,Black,<=5s vs 15-20s,1561
hPXUXov4,38,0-1,Black,<=5s vs 15-20s,1571
5pdenLKW,78,0-1,Black,<=5s vs 10-15s,1727
Z5KqshA8,89,1-0,White,<=5s vs 10-15s,2990
tIPp8AVP,103,1-0,White,<=5s vs 5-10s,2797
DoLxx7ka,85,1-0,White,<=5s vs 5-10s,2299
1B1s1VWx,83,1-0,White,<=5s vs 10-15s,2393
4p1Xa8g2,58,0-1,Black,<=5s vs <=5s,1134
COJWCnYk,86,1-0,Black,<=5s vs 5-10s,2288
A3tsai2E,104,0-1,Black,<=5s vs <=5s,2452
np2TCQWJ,50,0-1,Black,<=5s vs 15-20s,1782
8apP9Rmf,70,0-1,Black,<=5s vs 15-20s,1693
BqMipdOJ,80,0-1,Black,<=5s vs <=5s,2366
ub70OYL3,63,1-0,White,<=5s vs 5-10s,1789
dxz3aTx8,52,0-1,Black,<=5s vs 15-20s,1582
6CkXVE3E,76,0-1,Black,<=5s vs 15-20s,2093
aT4OrkJZ,66,0-1,Black,<=5s vs 5-10s,2316
VNzytJgY,55,0-1,White,<=5s vs <=5s,1416
yHs3Bsrc,105,1-0,White,<=5s vs 10-15s,2097
1o5WinhU,58,0-1,Black,<=5s vs 15-20s,1619
JudHyNSD,118,1/2-1/2,Black,<=5s vs 15-20s,2687
0h9HlEeX,81,1-0,White,<=5s vs 10-15s,2233
gHJp63zc,107,1-0,White,<=5s vs 5-10s,2023
a85CSi83,78,0-1,Black,<=5s vs 15-20s,1815
UC7VnoLg,68,0-1,Black,<=5s vs 10-15s,2139
4Kfp6BoY,50,0-1,Black,<=5s vs 5-10s,1620
26yCwIPd,57,1-0,White,<=5s vs 5-10s,1948
Vu6z0Boe,46,0-1,Black,<=5s vs 15-20s,1228
LVGJpSmY,82,0-1,Black,<=5s vs 5-10s,2063
2sOlKmMO,80,0-1,Black,<=5s vs 5-10s,2231
JYOe8BRr,66,0-1,Black,<=5s vs 10-15s,2350
CpltLtZe,73,1-0,White,<=5s vs 15-20s,2124
OhOVHuHh,70,0-1,Black,<=5s vs 15-20s,1509
7yg1Vp7M,89,1-0,White,<=5s vs 5-10s,1673
QXg3kZ98,65,1-0,White,<=5s vs 10-15s,1885
IkxauuoI,77,1-0,White,<=5s vs 5-10s,1548
BJlRScER,65,1-0,White,<=5s vs 15-20s,1956
1brBokok,78,0-1,Black,<=5s vs 10-15s,1917
YqYpPIXv,151,1/2-1/2,White,<=5s vs 5-10s,2505
QxRRaqzA,65,1-0,White,<=5s vs 10-15s,1929
u2iFNIt5,85,1-0,White,<=5s vs 10-15s,1578
FWnhDNDb,66,0-1,Black,<=5s vs 15-20s,1885
WoIg7GpK,50,0-1,Black,<=5s vs 5-10s,1345
TCKqQPxa,78,0-1,Black,<=5s vs <=5s,2399
tBPc2efM,72,0-1,Black,<=5s vs <=5s,1480
H0Z4elc8,98,0-1,Black,<=5s vs 15-20s,2000
LsB9FdsW,79,1-0,White,<=5s vs 5-10s,1356
BRGEQY8e,78,0-1,Black,<=5s vs <=5s,1140
IoyoSLgE,113,1/2-1/2,White,<=5s vs 5-10s,1458
MlvcAqhQ,70,0-1,Black,<=5s vs 10-15s,1998
2OmgzsK1,67,1-0,White,<=5s vs 5-10s,2299
X9bAGQIH,68,0-1,Black,<=5s vs 15-20s,2796
0nDBRFZw,103,1/2-1/2,White,<=5s vs <=5s,1771
HlIrRGBq,122,1/2-1/2,Black,<=5s vs 5-10s,1381
vvUIXSdg,88,0-1,Black,<=5s vs 5-10s,2235
7BAF3t0d,112,0-1,Black,<=5s vs <=5s,2163
T6Jo7Zwb,98,0-1,Black,<=5s vs 10-15s,2023
NhT68Hu1,78,0-1,Black,<=5s vs 10-15s,1679
brFylYyi,49,1-0,White,<=5s vs 15-20s,1333
M1s1r7Vj,107,1-0,White,<=5s vs 15-20s,1465
LYn4mfsO,110,1-0,Black,<=5s vs <=5s,2260
pIseNKc3,63,0-1,White,<=5s vs 15-20s,1929
UuTum4gK,90,1-0,Black,<=5s vs 15-20s,2293
FQ4fBT8N,64,0-1,Black,<=5s vs 10-15s,1736
q6cOZydJ,54,0-1,Black,<=5s vs 10-15s,1614
vcdTRo04,106,0-1,Black,<=5s vs 5-10s,2112
APUnLX40,59,1-0,White,<=5s vs 5-10s,1998
V5yRYMyE,74,1-0,Black,<=5s vs 10-15s,2956
ZC9mUHcH,56,1-0,Black,<=5s vs 5-10s,1308
JnGO1K0O,59,0-1,White,<=5s vs 10-15s,2313
1VuZoXCQ,73,1-0,White,<=5s vs 15-20s,2089
3FizoXUM,123,1-0,White,<=5s vs 5-10s,2472
qrSB5Uwc,60,0-1,Black,<=5s vs 5-10s,1090
QlFfFewy,73,1-0,White,<=5s vs 15-20s,1306
AC11jdVE,129,1/2-1/2,White,<=5s vs 15-20s,1960
n27F2vVZ,76,1-0,Black,<=5s vs <=5s,2119
UgNafmuz,82,0-1,Black,<=5s vs 15-20s,2238
T5G6Mztn,64,0-1,Black,<=5s vs 15-20s,2189
aYvM8hLZ,70,0-1,Black,<=5s vs 5-10s,2022
YtvYuYBB,53,1-0,White,<=5s vs 5-10s,1558
L4rkxnOZ,54,0-1,Black,<=5s vs 10-15s,1597
ZrmNYRLA,64,1-0,Black,<=5s vs 5-10s,1725
H9oHfC9W,70,1/2-1/2,Black,<=5s vs 15-20s,2115
EcGnpPqa,53,0-1,White,<=5s vs 5-10s,1314
4VoS5znQ,82,0-1,Black,<=5s vs 5-10s,2202
4IWi9Cvh,65,1-0,White,<=5s vs 15-20s,1629
728EO1NU,63,1-0,White,<=5s vs 15-20s,2268
bjyKhKZE,58,0-1,Black,<=5s vs 10-15s,981
fZ0rdQY7,64,0-1,Black,<=5s vs <=5s,1509
y5wP0AAP,33,1-0,White,<=5s vs 15-20s,1075
O7UEO8Ow,54,0-1,Black,<=5s vs 10-15s,1964
GkX8ReyL,64,0-1,Black,<=5s vs 5-10s,1373
nR9j7YeE,91,0-1,White,<=5s vs 10-15s,2248
FgBgrogH,45,1-0,White,<=5s vs 10-15s,1182
1tGNorRl,58,0-1,Black,<=5s vs 15-20s,1873
DCSu0MoN,53,1-0,White,<=5s vs 5-10s,946
RHtuivDS,58,0-1,Black,<=5s vs 5-10s,1462
5gYLjux4,94,1/2-1/2,Black,<=5s vs 15-20s,2120
ywabckfW,56,0-1,Black,<=5s vs 15-20s,1386
s7009Bim,78,0-1,Black,<=5s vs 5-10s,1399
ZDUl0yUO,59,1-0,White,<=5s vs 10-15s,1409
5XoXzGSl,70,1-0,Black,<=5s vs <=5s,1606
1PpQ7VUN,101,1-0,White,<=5s vs <=5s,1944
wATxTKpR,78,0-1,Black,<=5s vs 15-20s,1851
cYWEzX7e,65,1-0,White,<=5s vs 5-10s,1538
FxwymXZO,76,0-1,Black,<=5s vs <=5s,2086
kbTYyyi7,39,1-0,White,<=5s vs 10-15s,800
VWYOkMJj,79,1-0,White,<=5s vs 15-20s,2177
T3dBK6cU,48,0-1,Black,<=5s vs 15-20s,1834
3m8LHxf3,52,0-1,Black,<=5s vs 15-20s,1077
1Ox3IDzM,102,0-1,Black,<=5s vs 10-15s,2039
kz5ULz99,55,1-0,White,<=5s vs 15-20s,1443
9fYVEXxM,62,0-1,Black,<=5s vs 10-15s,1293
1Q7oeKvD,90,0-1,Black,<=5s vs 5-10s,2523
9Q6HniMm,73,1-0,White,<=5s vs 10-15s,2442
UoOuNEIE,46,0-1,Black,<=5s vs 5-10s,1513
zkNdee0m,45,1-0,White,<=5s vs 5-10s,1859
KK7Nf5Th,90,0-1,Black,<=5s vs <=5s,2592
eDrlZhjN,56,0-1,Black,<=5s vs 5-10s,1381
5MQYootX,65,1-0,White,<=5s vs 15-20s,1122
RPm9yo7n,77,0-1,White,<=5s vs 10-15s,2663
PPnN3xoS,81,1-0,White,<=5s vs 10-15s,2331
A2xdStb0,82,0-1,Black,<=5s vs 5-10s,2176
DcDWFBeo,98,0-1,Black,<=5s vs 10-15s,1933
X7Ykh9cl,92,0-1,Black,<=5s vs 10-15s,1869
IYMAUorR,69,1-0,White,<=5s vs 15-20s,2156
fQJLJ1aA,56,0-1,Black,<=5s vs 10-15s,1679
ytz4zjLE,50,0-1,Black,<=5s vs 15-20s,1173
NJSLjqCg,62,0-1,Black,<=5s vs 10-15s,1861
Lac64LfZ,73,1-0,White,<=5s vs 15-20s,1917
p9zKSn61,64,0-1,Black,<=5s vs 15-20s,1200
nP4dgBFY,73,1-0,White,<=5s vs 10-15s,1165
fTFnlYBM,56,0-1,Black,<=5s vs 15-20s,1278
LBB7Jq5T,74,0-1,Black,<=5s vs <=5s,1300
cu1PW8QK,55,1-0,White,<=5s vs 5-10s,1645
ZRZoHfi2,94,0-1,Black,<=5s vs 10-15s,2009
IMm7fCsR,54,0-1,Black,<=5s vs 15-20s,2150
95lxpfkw,59,1-0,White,<=5s vs 15-20s,1250
AAUUpsSL,71,1-0,White,<=5s vs <=5s,1270
iHc1iy73,49,1-0,White,<=5s vs 10-15s,1753
6O5aH99k,58,0-1,Black,<=5s vs 10-15s,1541
T5qyr5kg,54,0-1,Black,<=5s vs 5-10s,1593
IOANQ41M,74,1-0,Black,<=5s vs 5-10s,1604
K8VYZ1hr,77,1-0,White,<=5s vs 5-10s,1137
PGwGvXfq,74,0-1,Black,<=5s vs 15-20s,2767
GdBVWExi,76,0-1,Black,<=5s vs 5-10s,2120
vOMj6li0,115,1-0,White,<=5s vs 15-20s,2702
VhZBYMGl,71,0-1,White,<=5s vs 10-15s,1388
Wiex2tCX,81,1-0,White,<=5s vs 5-10s,2258
ajAbEmNK,78,1-0,Black,<=5s vs 15-20s,2139
O15g9u15,100,1-0,Black,<=5s vs <=5s,2071
XPtaXBDH,52,0-1,Black,<=5s vs 10-15s,895
Oh8kodzQ,74,0-1,Black,<=5s vs 5-10s,1565
QmHwwUmc,69,0-1,White,<=5s vs 5-10s,1680
C2Hoqc4A,72,1-0,Black,<=5s vs 5-10s,2097
BESDQYlZ,65,1-0,White,<=5s vs 15-20s,1682
hVPXQF45,133,0-1,White,<=5s vs 5-10s,2638
6No591Cy,72,0-1,Black,<=5s vs 15-20s,2503
kGWa0i5g,50,0-1,Black,<=5s vs 15-20s,2307
H41r8ctK,66,1-0,Black,<=5s vs <=5s,2101
8qXuLifY,95,1/2-1/2,White,<=5s vs 5-10s,2646
Jot2C5LL,106,0-1,Black,<=5s vs <=5s,1902
7wqN8q1m,47,0-1,White,<=5s vs 15-20s,1857
8YEs7Blh,54,0-1,Black,<=5s vs 5-10s,1293
nAnIGEBz,50,0-1,Black,<=5s vs 15-20s,1257
YvgX2KAQ,66,0-1,Black,<=5s vs 15-20s,1597
WyWhFcJm,54,1-0,Black,<=5s vs <=5s,1276
CPm0AicN,77,1-0,White,<=5s vs 10-15s,2358
OEP8Yeqn,97,1-0,White,<=5s vs 5-10s,2296
fzv5MwuR,66,0-1,Black,<=5s vs <=5s,1582
5yJx9Qn9,95,1-0,White,<=5s vs 10-15s,2228
4r44C5Ya,69,1-0,White,<=5s vs 10-15s,1304
CQc1rYK6,48,0-1,Black,<=5s vs 15-20s,2277
BFACUVDD,62,0-1,Black,<=5s vs 10-15s,2265
QQGFTanO,89,1-0,White,<=5s vs 5-10s,2276
XJanFtlA,91,1-0,White,<=5s vs 5-10s,2262
NzlrQV22,48,0-1,Black,<=5s vs 5-10s,2300
61OTEV8r,66,0-1,Black,<=5s vs <=5s,2104
xUcy6N9l,71,1-0,White,<=5s vs 10-15s,1881
OqzN5ZMR,55,1-0,White,<=5s vs 10-15s,2133
GYZgFr0X,69,1-0,White,<=5s vs 10-15s,1533
LyAo6t4a,74,0-1,Black,<=5s vs 10-15s,1753
LH6aMDKM,70,0-1,Black,<=5s vs 10-15s,2099
etlAelSz,57,0-1,White,<=5s vs <=5s,835
MmixHN1i,70,1-0,Black,<=5s vs 15-20s,2022
q98uBIrV,116,1-0,Black,<=5s vs <=5s,2499
aUsGRh2J,52,0-1,Black,<=5s vs 10-15s,1828
stOq5GGF,72,0-1,Black,<=5s vs 5-10s,1957
hSn43pQ0,78,0-1,Black,<=5s vs 5-10s,1744
wI5z4Pc5,70,0-1,Black,<=5s vs 10-15s,1269
rehZveSg,83,1-0,White,<=5s vs 5-10s,1834
ceM3aFHK,71,1-0,White,<=5s vs 15-20s,1803
Moj6gV3x,37,1-0,White,<=5s vs 10-15s,1163
MqfNTZ6l,68,0-1,Black,<=5s vs 5-10s,1969
OboVomPC,74,0-1,Black,<=5s vs 5-10s,1682
3qTwzoJy,53,1-0,White,<=5s vs 15-20s,2435
64iELVtP,60,1-0,Black,<=5s vs <=5s,1013
BByabkIc,107,1/2-1/2,White,<=5s vs 15-20s,1410
vAgsKXKi,74,0-1,Black,<=5s vs <=5s,1728
dx1rf59l,37,1-0,White,<=5s vs 10-15s,778
5luNJdKw,76,0-1,Black,<=5s vs 15-20s,1774
21d7Wd6Y,61,1-0,White,<=5s vs 10-15s,2637
OfGkDKCs,74,0-1,Black,<=5s vs <=5s,2188
lHn7ppR7,88,1-0,Black,<=5s vs <=5s,1956
jqaAvD90,55,1-0,White,<=5s vs 10-15s,1111
s9YPe5dH,53,1-0,White,<=5s vs 10-15s,1860
L4jKZwzN,74,0-1,Black,<=5s vs 5-10s,1307
L8lwhT0l,67,1-0,White,<=5s vs 5-10s,1711
nNxYkT81,117,1-0,White,<=5s vs 15-20s,2450
RYdI9rMb,84,0-1,Black,<=5s vs 10-15s,1166
vZas3IUC,104,0-1,Black,<=5s vs 10-15s,2647
zHZ2kBLH,72,0-1,Black,<=5s vs 10-15s,2106
DRAJS2gK,67,1-0,White,<=5s vs 5-10s,1682
Yrvxjp4p,29,1-0,White,<=5s vs 5-10s,1037
PVVFoYPY,54,0-1,Black,<=5s vs 5-10s,1433
vlwgPyBY,55,1-0,White,<=5s vs 15-20s,1164
IHIn2WAQ,93,0-1,White,<=5s vs <=5s,2246
YSK0mqbo,66,0-1,Black,<=5s vs 15-20s,1779
AZiekaBw,134,1/2-1/2,Black,<=5s vs 5-10s,2018
iYKt83gJ,118,0-1,Black,<=5s vs 5-10s,2306
LNWOwQGn,141,1/2-1/2,White,<=5s vs 15-20s,2312
N8ZLPWiA,74,0-1,Black,<=5s vs 15-20s,2339
UhceYdvJ,87,1-0,White,<=5s vs 15-20s,2572
TPFyTWHW,85,1-0,White,<=5s vs 5-10s,2694
41APwC0f,88,0-1,Black,<=5s vs 5-10s,2566
4tfvkBlK,32,0-1,Black,<=5s vs 15-20s,919
grQZwS4h,79,1-0,White,<=5s vs 10-15s,2019
KnQiSaah,70,0-1,Black,<=5s vs 5-10s,787
1bFEO4Lc,56,0-1,Black,<=5s vs 5-10s,1710
ZlQ0ifLW,78,1-0,Black,<=5s vs <=5s,1869
c9h3xRZj,58,0-1,Black,<=5s vs 5-10s,1327
QxgBONTE,65,1-0,White,<=5s vs 10-15s,1690
PW0r8swW,82,0-1,Black,<=5s vs 10-15s,2073
YqQWthSw,49,1-0,White,<=5s vs 15-20s,1436
wRvI62vA,65,1-0,White,<=5s vs 5-10s,1782
Sp8R2bUn,213,1/2-1/2,White,<=5s vs 10-15s,2328
5Wm4Zkge,51,1-0,White,<=5s vs 5-10s,2143
45kWZgaA,59,1-0,White,<=5s vs 10-15s,1555
HtFcfxNx,70,0-1,Black,<=5s vs <=5s,1937
76p5rJe4,41,1-0,White,<=5s vs 15-20s,1546
3fN3Cdbd,92,0-1,Black,<=5s vs 5-10s,2293
ic4TcTMC,59,1-0,White,<=5s vs 15-20s,1214
3Trs7a1W,108,0-1,Black,<=5s vs 15-20s,2628
pofl56tV,101,1-0,White,<=5s vs <=5s,2549
45fH9qls,84,1-0,Black,<=5s vs <=5s,2394
DQpvokN0,59,1-0,White,<=5s vs 15-20s,1800
jfr3QD8A,73,1-0,White,<=5s vs 5-10s,1742
GVHHSc2B,77,1-0,White,<=5s vs 10-15s,1770
1UtTVmBm,92,0-1,Black,<=5s vs 15-20s,1614
VCPvgNsq,73,0-1,White,<=5s vs <=5s,2571
RatzI1uy,60,0-1,Black,<=5s vs <=5s,1263
SCXWrQRh,82,0-1,Black,<=5s vs 5-10s,2432
W1yhUBci,45,1-0,White,<=5s vs 10-15s,1195
QPZNkiYo,53,1-0,White,<=5s vs 15-20s,1181
DkKA7Tw7,71,1-0,White,<=5s vs <=5s,1351
ErT1BqPC,95,1-0,White,<=5s vs 15-20s,1715
0t0W6aLT,97,1-0,White,<=5s vs 5-10s,1151
2I6dCTKA,82,0-1,Black,<=5s vs <=5s,933
I3n8CVnK,49,1-0,White,<=5s vs 15-20s,1932
K8qFi8J6,63,1-0,White,<=5s vs 15-20s,2838
Msi5xXMx,89,1-0,White,<=5s vs 15-20s,2247
Grfb8qEB,65,1-0,White,<=5s vs 5-10s,1688
sHt1Z3gV,54,0-1,Black,<=5s vs 5-10s,1434
xRbgpEnm,58,0-1,Black,<=5s vs 10-15s,1619
pr7wA71g,63,1-0,White,<=5s vs 5-10s,1603
wQRrDmC6,113,0-1,White,<=5s vs 5-10s,2221
4mFGg3nd,47,1-0,White,<=5s vs 5-10s,1636
Bs0P6jkv,63,1-0,White,<=5s vs 10-15s,2081
WBNB0ENI,59,1-0,White,<=5s vs 5-10s,1508
m3jT2nX2,65,1-0,White,<=5s vs 10-15s,1042
Mo3BmfCE,46,0-1,Black,<=5s vs 15-20s,771
7RV7vcMI,115,1-0,White,<=5s vs 5-10s,2358
PhTbJtjW,70,0-1,Black,<=5s vs 5-10s,2105
IlBz1jIx,61,1-0,White,<=5s vs 10-15s,2188
6uCyrKSV,74,1-0,Black,<=5s vs <=5s,1586
ef06wf1G,63,1-0,White,<=5s vs 15-20s,1500
VT1JYO2M,51,1-0,White,<=5s vs 15-20s,1555
mKUIM6Nc,106,0-1,Black,<=5s vs 10-15s,2580
dY4b9yKi,90,0-1,Black,<=5s vs <=5s,2043
bZKPpbHR,49,1-0,White,<=5s vs 10-15s,1113
Nk3V3xWZ,62,0-1,Black,<=5s vs 15-20s,1928
JSibh6Gv,79,1-0,White,<=5s vs 5-10s,2880
d73s9Rro,54,0-1,Black,<=5s vs 15-20s,1558
5ZMvsyXj,96,0-1,Black,<=5s vs <=5s,1879
6KiQIbjA,58,1-0,Black,<=5s vs <=5s,1438
0LRDB1pr,98,0-1,Black,<=5s vs <=5s,2316
MxBK9wfO,80,0-1,Black,<=5s vs 15-20s,2215
CRWDdPLD,38,0-1,Black,<=5s vs 5-10s,1057
Y51FTkNW,113,1-0,White,<=5s vs 15-20s,2288
bBFYqfSa,58,0-1,Black,<=5s vs 5-10s,2260
BVfBx4dA,66,0-1,Black,<=5s vs <=5s,1778
5tTuuLoP,77,1-0,White,<=5s vs 5-10s,1844
xaU0KLHv,64,0-1,Black,<=5s vs 10-15s,1408
0TfhNGAV,97,1-0,White,<=5s vs <=5s,1799
BFCaY4wX,84,1-0,Black,<=5s vs <=5s,2001
GjYGqqpy,59,1-0,White,<=5s vs 10-15s,2020
C1Q5m9a9,57,0-1,White,<=5s vs 5-10s,2244
pVYmhXZF,51,1-0,White,<=5s vs <=5s,1141
CefYbzQc,91,1-0,White,<=5s vs 15-20s,2073
OQCI4fqd,57,1-0,White,<=5s vs 10-15s,1371
mqqmVNox,101,1-0,White,<=5s vs 5-10s,2408
HQQ7iyT6,83,1-0,White,<=5s vs 15-20s,2192
AUNAzSUb,104,0-1,Black,<=5s vs 15-20s,2085
dsWpl6YG,141,1-0,White,<=5s vs <=5s,2548
p5b0FsQX,120,0-1,Black,<=5s vs <=5s,2458
NYw7at6o,64,0-1,Black,<=5s vs 10-15s,1573
20hrHQGJ,82,0-1,Black,<=5s vs 5-10s,2932
9PkH9A4b,95,1-0,White,<=5s vs 5-10s,2663
7b8wUjdv,77,1-0,White,<=5s vs 5-10s,1786
dZD22I9O,101,1-0,White,<=5s vs 5-10s,1669
GB3gYiOt,82,1-0,Black,<=5s vs 15-20s,2681
Qf5RRC1x,79,1-0,White,<=5s vs 10-15s,2792
Ai59ECyO,80,0-1,Black,<=5s vs 5-10s,2030
LOlzdlxh,74,0-1,Black,<=5s vs 10-15s,2364
PHxDd0jV,126,0-1,Black,<=5s vs <=5s,2237
88VVwlyY,75,1-0,White,<=5s vs 10-15s,1244
LN1rlGaB,76,0-1,Black,<=5s vs 15-20s,2259
JPIUMy4p,83,0-1,White,<=5s vs 10-15s,2197
Ut9irCLX,61,1-0,White,<=5s vs 15-20s,1246
AOHzlPIB,70,1-0,Black,<=5s vs <=5s,1569
hX8IBBUc,42,0-1,Black,<=5s vs 15-20s,1332
rLmy3ZKF,75,1-0,White,<=5s vs 10-15s,2199
8JMqQ7HC,89,1-0,White,<=5s vs 15-20s,1951
mzD1Gu8O,63,1-0,White,<=5s vs 5-10s,1891
sYmfFixN,58,1-0,Black,<=5s vs 5-10s,2415
8oouqR8h,64,0-1,Black,<=5s vs 5-10s,2080
CRnki1it,47,1-0,White,<=5s vs 5-10s,1244
5Bt708TL,79,0-1,White,<=5s vs 15-20s,2060
yXT3Xo3P,109,1-0,White,<=5s vs 5-10s,2371
O16LbQAc,47,1-0,White,<=5s vs 5-10s,751
DZvy7hja,94,0-1,Black,<=5s vs 5-10s,1858
QEhtJ2KE,64,1-0,Black,<=5s vs <=5s,1800
V2F6boeB,134,0-1,Black,<=5s vs 15-20s,2553
BC1Uc2ZT,48,0-1,Black,<=5s vs 15-20s,1628
IyXzKssH,75,1-0,White,<=5s vs 15-20s,2925
4GAKKNWG,54,0-1,Black,<=5s vs 5-10s,922
L5BtzLLc,89,0-1,White,<=5s vs <=5s,2319
j5aj8w24,34,0-1,Black,<=5s vs 15-20s,638
vtBIz7Cy,65,1-0,White,<=5s vs 10-15s,1527
ghIT9mM3,53,1-0,White,<=5s vs 10-15s,1623
8h3rWT2j,101,1-0,White,<=5s vs 5-10s,2351
MLIUAN4e,50,0-1,Black,<=5s vs 5-10s,1613
JZ432eR2,66,0-1,Black,<=5s vs 15-20s,1979
0Wl9XYt2,58,1-0,Black,<=5s vs 5-10s,1392
iQggp6xJ,48,0-1,Black,<=5s vs 5-10s,1647
z8hMn1GG,166,1/2-1/2,Black,<=5s vs 15-20s,2492
anRzSfTy,81,1-0,White,<=5s vs 5-10s,2285
tjOseCFc,85,0-1,White,<=5s vs 15-20s,1223
Ca3mXkLS,65,1-0,White,<=5s vs 5-10s,1745
HmxWxvwL,79,1-0,White,<=5s vs 5-10s,1922
KgjywbDj,67,0-1,White,<=5s vs 10-15s,1552
Cv652uLj,64,0-1,Black,<=5s vs 10-15s,1415
BSvApyBO,63,1-0,White,<=5s vs 5-10s,1208
Md1eNiSa,88,0-1,Black,<=5s vs <=5s,1905
rdVcymxu,115,1/2-1/2,White,<=5s vs 5-10s,2653
kjDn5zqs,92,0-1,Black,<=5s vs <=5s,1980
QyTkLUlv,118,1/2-1/2,Black,<=5s vs 5-10s,2775
xxtsj38c,72,0-1,Black,<=5s vs 10-15s,1871
Z4ZG2yXj,59,1-0,White,<=5s vs <=5s,951
RpReDhEc,109,0-1,White,<=5s vs <=5s,2076
rYwEYT7U,108,1-0,Black,<=5s vs 15-20s,2052
om191FjO,56,0-1,Black,<=5s vs 5-10s,1305
FipJW7FS,65,1-0,White,<=5s vs <=5s,1493
5DPHUQxT,100,0-1,Black,<=5s vs 15-20s,1832
fgbjKzLL,84,0-1,Black,<=5s vs 15-20s,1994
FCTkGzsd,57,1-0,White,<=5s vs 5-10s,1735
4NoMAcPn,56,0-1,Black,<=5s vs <=5s,1182
5De9cPJu,48,0-1,Black,<=5s vs 5-10s,1444
u9ymnxVS,87,1-0,White,<=5s vs 10-15s,2353
Oc21nKjV,119,1-0,White,<=5s vs 15-20s,2454
2kNYzm4J,87,1-0,White,<=5s vs 5-10s,2756
O9CwDwcb,60,1-0,Black,<=5s vs <=5s,1295
ECgGhcS7,45,0-1,White,<=5s vs 5-10s,1009
jhU7fLSp,69,1-0,White,<=5s vs <=5s,1220
TpNCjDhL,60,0-1,Black,<=5s vs 15-20s,1558
Xu2Nsfmv,42,0-1,Black,<=5s vs 15-20s,895
MF1Xslsp,86,0-1,Black,<=5s vs 10-15s,2472
LM0r9Ebr,58,0-1,Black,<=5s vs <=5s,1498
0FPYsFPC,53,1-0,White,<=5s vs 5-10s,1419
KzfGS49l,87,1-0,White,<=5s vs 5-10s,2583
PgxX6cC9,100,0-1,Black,<=5s vs 5-10s,2641
5EhnH5Xv,127,1-0,White,<=5s vs 5-10s,2169
UadEbUXi,57,1-0,White,<=5s vs 5-10s,1346
q7GTNEm1,53,0-1,White,<=5s vs <=5s,1452
MXlgqEXy,64,0-1,Black,<=5s vs 10-15s,1852
UDrEr1XQ,143,1-0,White,<=5s vs 15-20s,2134
xrfiCHCq,91,0-1,White,<=5s vs 5-10s,1729
8wH8EPzN,100,0-1,Black,<=5s vs 10-15s,2373
JOqrSctq,80,1-0,Black,<=5s vs <=5s,2529
57Yfeom0,55,1-0,White,<=5s vs 15-20s,2475
zERt4BC2,79,1-0,White,<=5s vs 15-20s,1513
1ytRncDR,52,0-1,Black,<=5s vs 10-15s,2350
iIda8cRU,83,1-0,White,<=5s vs 15-20s,1754
8I179JKB,68,0-1,Black,<=5s vs 5-10s,1063
y3NFHyso,99,0-1,White,<=5s vs 5-10s,2614
qZblNtn5,68,0-1,Black,<=5s vs 10-15s,1670
QzMy8EK3,33,1-0,White,<=5s vs 5-10s,1324
2ryC1F0s,68,0-1,Black,<=5s vs 10-15s,2172
wuN2nHWr,44,0-1,Black,<=5s vs 5-10s,975
LYyAtkPc,86,1-0,Black,<=5s vs 5-10s,2226
DwP3TnZM,59,1-0,White,<=5s vs 5-10s,1819
m8r3aVIv,69,0-1,White,<=5s vs 15-20s,1912
vsolnNEY,70,0-1,Black,<=5s vs 10-15s,1714
2VaQYlfE,95,1-0,White,<=5s vs 5-10s,2065
iPaJLwZn,81,1-0,White,<=5s vs 10-15s,1818
82wSTHoQ,92,1-0,Black,<=5s vs <=5s,1785
FLzii6R1,120,1-0,Black,<=5s vs 5-10s,2063
7o3i9GVW,81,0-1,White,<=5s vs 5-10s,2113
XsDh8oSg,51,0-1,White,<=5s vs 5-10s,1024
g1QqCoOi,59,1-0,White,<=5s vs 15-20s,1984
ElREtLV9,150,0-1,Black,<=5s vs 5-10s,1920
taT9bBLX,65,1-0,White,<=5s vs <=5s,1186
PduY65HY,106,0-1,Black,<=5s vs 5-10s,2379
yZHE4AQi,59,1-0,White,<=5s vs 15-20s,1757
kgIbUWSq,79,1-0,White,<=5s vs 5-10s,2443
T6K3GhRv,60,1-0,Black,<=5s vs <=5s,1042
GS6RHxcX,61,1-0,White,<=5s vs 10-15s,1965
ltFUyUTJ,77,0-1,White,<=5s vs 10-15s,2363
Mqx28iMn,86,1-0,Black,<=5s vs 15-20s,1688
SJkeDxq5,58,0-1,Black,<=5s vs 10-15s,1717
5fKLfQzG,77,1-0,White,<=5s vs 10-15s,1863
X8AyfsIY,118,1/2-1/2,Black,<=5s vs 10-15s,2414
stUMqzZU,65,1-0,White,<=5s vs 15-20s,1970
1suA3EWg,73,1-0,White,<=5s vs 5-10s,2370
oTPBSvK3,62,1-0,Black,<=5s vs 5-10s,1296
eDo2NLAd,52,0-1,Black,<=5s vs 15-20s,1387
JFKgCrTE,78,0-1,Black,<=5s vs 10-15s,1848
bNANUtEH,71,1-0,White,<=5s vs 15-20s,1346
AaA6k3GQ,85,1-0,White,<=5s vs 5-10s,2225
jJ0hncYe,111,1/2-1/2,White,<=5s vs 10-15s,2505
iEVyVQdU,70,0-1,Black,<=5s vs 15-20s,1411
ctenMOBc,76,0-1,Black,<=5s vs 5-10s,1430
ZdUzcdbi,74,1-0,Black,<=5s vs <=5s,1507
Rw4oYsOy,94,0-1,Black,<=5s vs 15-20s,2639
akSA5mjY,81,1-0,White,<=5s vs 5-10s,1980
BANx5zdG,92,1-0,Black,<=5s vs <=5s,1791
YTqUffmo,81,1-0,White,<=5s vs 15-20s,1617
0moohRrt,90,1-0,Black,<=5s vs 10-15s,2330
ae1iHK4U,80,0-1,Black,<=5s vs 15-20s,1090
SSFVslo4,59,1-0,White,<=5s vs 5-10s,2012
PszbQDIm,73,1-0,White,<=5s vs 15-20s,1307
3XY2T3aW,48,0-1,Black,<=5s vs 10-15s,1601
ZYg4lWn0,47,1-0,White,<=5s vs 10-15s,1348
nJBcBgED,59,0-1,White,<=5s vs 5-10s,1293
ySJmZCh1,133,0-1,White,<=5s vs <=5s,2338
oZ5vHTtK,109,1-0,White,<=5s vs 5-10s,1813
Tq2oLIQq,97,1-0,White,<=5s vs 5-10s,2188
WRZOmz1Q,57,1-0,White,<=5s vs 15-20s,1582
BjuNfjz4,22,0-1,Black,<=5s vs 15-20s,669
OL1muFdE,75,1/2-1/2,White,<=5s vs <=5s,960
Ee2vo4hN,76,0-1,Black,<=5s vs 15-20s,1565
PhYaZ43D,73,1-0,White,<=5s vs 5-10s,1494
FXlKIxRD,86,0-1,Black,<=5s vs 5-10s,2240
oZIlXMRX,67,1-0,White,<=5s vs 10-15s,1462
DhHFWH1X,75,1-0,White,<=5s vs 10-15s,2075
BuXJWofB,139,0-1,White,<=5s vs 15-20s,2430
DNhaCA9j,123,1/2-1/2,White,<=5s vs <=5s,2444
Wnac0djb,83,1-0,White,<=5s vs 10-15s,1985
Y5za7EWX,71,1-0,White,<=5s vs 10-15s,2354
nh6IKX3C,80,0-1,Black,<=5s vs 5-10s,1773
vJ7KhwWJ,104,1-0,Black,<=5s vs <=5s,1856
opfcydGC,102,0-1,Black,<=5s vs 10-15s,2306
KG63kndg,116,0-1,Black,<=5s vs <=5s,2137
TCPPZAXK,75,1-0,White,<=5s vs 5-10s,1075
baQU33Xy,67,1-0,White,<=5s vs 15-20s,2021
rRwzJzav,84,0-1,Black,<=5s vs 5-10s,2016
oBPhz2fI,40,0-1,Black,<=5s vs 15-20s,2213
E0e5nPBn,54,1-0,Black,<=5s vs <=5s,1515
lcSruQBA,103,1-0,White,<=5s vs 15-20s,2747
Z8DyH10I,121,1-0,White,<=5s vs 5-10s,2350
CcoIUuOn,74,0-1,Black,<=5s vs 10-15s,1497
xacqgTNz,36,0-1,Black,<=5s vs 15-20s,1121
9SfWHFve,102,0-1,Black,<=5s vs 15-20s,1999
ertBeLul,100,0-1,Black,<=5s vs 10-15s,2151
mS0G7izo,68,0-1,Black,<=5s vs 15-20s,1924
HZMjwDVw,49,1-0,White,<=5s vs 15-20s,1899
03BIFtGo,83,1-0,White,<=5s vs 5-10s,1581
49xtX6Gy,99,1-0,White,<=5s vs 5-10s,2665
y2nYjvlR,56,1-0,Black,<=5s vs 10-15s,1387
WhjfmiQT,90,0-1,Black,<=5s vs 10-15s,2396
wp2p5xNz,69,1-0,White,<=5s vs 10-15s,2320
BNcyAcW8,77,1-0,White,<=5s vs 10-15s,1642
xnCDB3fy,67,0-1,White,<=5s vs <=5s,1818
OMDDQwuE,54,0-1,Black,<=5s vs 10-15s,1896
m4ntg2zm,60,1-0,Black,<=5s vs 5-10s,1517
Ya2vG0wf,56,0-1,Black,<=5s vs 5-10s,1327
bQluXN3k,115,1-0,White,<=5s vs 10-15s,2502
HDB9BNEK,48,1-0,Black,<=5s vs 5-10s,1141
isAXw1H5,151,1-0,White,<=5s vs 10-15s,1834
vobNsMZu,62,0-1,Black,<=5s vs 5-10s,2060
BhdnDD5I,123,1/2-1/2,White,<=5s vs 5-10s,2557
FZVAFC4u,82,0-1,Black,<=5s vs 10-15s,1795
KzVpq7Fm,65,1-0,White,<=5s vs <=5s,1453
n1vDAIdn,99,1-0,White,<=5s vs 10-15s,2289
bE0iZHvT,50,1-0,Black,<=5s vs <=5s,1152
N65aRSNW,107,1/2-1/2,White,<=5s vs 5-10s,2061
KigN3jbI,96,0-1,Black,<=5s vs 10-15s,2007
Ar9fXMPs,74,0-1,Black,<=5s vs 5-10s,1196
EqZVlzlM,64,0-1,Black,<=5s vs 5-10s,2183
AJifNAE5,84,0-1,Black,<=5s vs <=5s,1954
J77W9IOV,62,0-1,Black,<=5s vs 5-10s,2063
TUkGHWkw,51,1-0,White,<=5s vs 10-15s,1520
qdcxZaMQ,65,1/2-1/2,White,<=5s vs 15-20s,2442
FM8lSliU,69,1-0,White,<=5s vs 10-15s,1891
xuHYdMlD,47,1-0,White,<=5s vs 10-15s,896
f9s7H6Ud,62,0-1,Black,<=5s vs <=5s,1270
BfgCevhZ,75,1-0,White,<=5s vs 5-10s,1830
4DZZwKsj,47,1-0,White,<=5s vs 15-20s,1055
gqxfEQHG,52,0-1,Black,<=5s vs 10-15s,1638
3k9hBXuZ,54,0-1,Black,<=5s vs 10-15s,1723
RFKQTt1o,70,0-1,Black,<=5s vs 15-20s,1537
i0W2MPKA,43,1-0,White,<=5s vs 10-15s,858
LZHZb8EP,59,1-0,White,<=5s vs 5-10s,1239
UxGZtQJA,65,1-0,White,<=5s vs 10-15s,2129
HaEEFpDO,55,1-0,White,<=5s vs 15-20s,1715
EfZjFFg0,112,0-1,Black,<=5s vs 15-20s,2117
YWYdlSKL,65,1-0,White,<=5s vs 5-10s,1867
TcUAfqH8,51,1-0,White,<=5s vs 10-15s,1229
nXKZ9mbv,43,1-0,White,<=5s vs <=5s,1015
uMlLfwuG,56,0-1,Black,<=5s vs 10-15s,1409
Omeh3Boc,98,1-0,Black,<=5s vs 5-10s,2468
5TRRC2XU,67,1-0,White,<=5s vs 10-15s,2217
rZWz7RCn,142,1-0,Black,<=5s vs <=5s,2485
FH8R3EHS,61,1-0,White,<=5s vs 15-20s,1772
Mw8mvbhB,60,0-1,Black,<=5s vs 5-10s,821
MCYIgzpO,77,0-1,White,<=5s vs 5-10s,1413
YLx7lSak,76,0-1,Black,<=5s vs 10-15s,1987
Oy2LJyPx,71,1-0,White,<=5s vs 15-20s,1971
VGu3PwtX,59,1-0,White,<=5s vs 15-20s,1241
2gwBIUd3,61,1-0,White,<=5s vs 5-10s,1826
lDmQKmge,128,0-1,Black,<=5s vs 15-20s,2496
4gNkwI4y,73,1-0,White,<=5s vs 5-10s,2284
V1hJSihN,56,0-1,Black,<=5s vs 10-15s,1230
RoeVVwAv,68,1/2-1/2,Black,<=5s vs 5-10s,1255
qRk2NEfR,123,1-0,White,<=5s vs 10-15s,2719
GqD8hgCH,57,1-0,White,<=5s vs 5-10s,1545
PrTAPaIc,82,0-1,Black,<=5s vs 5-10s,2610
DM7knny2,42,0-1,Black,<=5s vs 10-15s,1142
PzGQ9riN,93,0-1,White,<=5s vs 5-10s,2700
boynqOi6,27,1-0,White,<=5s vs 10-15s,1135
jfJ2f0Hg,97,1-0,White,<=5s vs 5-10s,2102
78LUhNFC,52,0-1,Black,<=5s vs 15-20s,1383
oydamAP7,66,0-1,Black,<=5s vs 10-15s,1505
LNHxApqS,83,0-1,White,<=5s vs <=5s,1956
I4xlmIFn,68,0-1,Black,<=5s vs <=5s,2007
3fD6bfJe,59,0-1,White,<=5s vs 5-10s,1419
3QCPcgdh,110,0-1,Black,<=5s vs 5-10s,2285
qUfgjL0t,68,0-1,Black,<=5s vs 15-20s,2365
jfcM5qJN,130,1-0,Black,<=5s vs <=5s,2668
OmZnK6c9,45,1-0,White,<=5s vs 10-15s,961
REeJfT8y,83,1/2-1/2,White,<=5s vs 5-10s,2350
6z2MJATa,49,1-0,White,<=5s vs 15-20s,1188
9pFXTaot,65,1/2-1/2,White,<=5s vs 5-10s,1990
rLExoZ2y,63,1-0,White,<=5s vs 15-20s,2294
MocE29h1,86,0-1,Black,<=5s vs <=5s,1709
yDjs7ozv,95,0-1,White,<=5s vs <=5s,1895
BxU9tQtL,68,1-0,Black,<=5s vs <=5s,1384
AsoQJ9hU,82,1-0,Black,<=5s vs 5-10s,2196
VmwYgUhc,92,0-1,Black,<=5s vs 15-20s,2569
acqrY74N,85,1-0,White,<=5s vs 15-20s,1953
vxv3jLGl,40,0-1,Black,<=5s vs 10-15s,899
GHkJpPMT,76,1-0,Black,<=5s vs <=5s,2007
7N8T1jyH,49,1-0,White,<=5s vs 5-10s,2148
NZ7xdTN0,143,1-0,White,<=5s vs 15-20s,1380
PO5E2yxa,70,0-1,Black,<=5s vs 15-20s,2440
9K6EYeJR,94,1-0,Black,<=5s vs <=5s,2101
NgJrnwHQ,62,0-1,Black,<=5s vs 5-10s,1510
TVfQ22gv,47,1-0,White,<=5s vs 15-20s,1002
Gned1c5g,71,1-0,White,<=5s vs 10-15s,2149
gK0PT1Sl,67,1-0,White,<=5s vs 15-20s,2234
LvJlQPgN,56,1-0,Black,<=5s vs <=5s,1224
ydv57vXm,51,1-0,White,<=5s vs 5-10s,1263
8w44bAZy,52,0-1,Black,<=5s vs 15-20s,921
SLkM4Q46,79,0-1,White,<=5s vs 5-10s,1922
FPtvaPsk,71,1-0,White,<=5s vs 15-20s,1601
6jhBTaxa,76,0-1,Black,<=5s vs 5-10s,1730
5e9tg30a,71,1-0,White,<=5s vs 10-15s,1507
SYZM8tkZ,59,1-0,White,<=5s vs 5-10s,1735
EX8cZoo6,60,0-1,Black,<=5s vs 5-10s,1335
HxfmSyAv,53,1-0,White,<=5s vs 15-20s,1316
L0Ut595n,91,1-0,White,<=5s vs 5-10s,2079
qgimHPNY,93,1-0,White,<=5s vs 5-10s,2065
1SA8wlJU,76,0-1,Black,<=5s vs 10-15s,2108
hpm2P4Kx,71,1-0,White,<=5s vs 15-20s,2271
6fU7mpQq,68,0-1,Black,<=5s vs 5-10s,1388
RFYGlOsB,44,0-1,Black,<=5s vs 10-15s,1701
4J1ZF2dp,69,1-0,White,<=5s vs 10-15s,1762
5Bn0xlEy,52,0-1,Black,<=5s vs 10-15s,2410
tYRiTtoY,128,0-1,Black,<=5s vs 10-15s,1841
3qjtk4Ws,89,1-0,White,<=5s vs 5-10s,2731
Rn2nWd3B,152,1/2-1/2,Black,<=5s vs <=5s,2530
BmJ8fZUn,61,1-0,White,<=5s vs 15-20s,2077
Siznu3yW,73,1-0,White,<=5s vs 15-20s,2081
5sGmHi31,64,0-1,Black,<=5s vs 5-10s,1841
vhRHAxiF,52,0-1,Black,<=5s vs 5-10s,1494
LmO8RX58,93,1-0,White,<=5s vs 5-10s,2474
gW2bdC8H,144,1-0,Black,<=5s vs <=5s,2419
xPbMIxom,85,1-0,White,<=5s vs 5-10s,2189
Eugr9pIa,51,1-0,White,<=5s vs 10-15s,1186
B3tfXOQp,70,0-1,Black,<=5s vs 15-20s,2309
SrULCcfm,74,0-1,Black,<=5s vs 5-10s,1564
GHxRkIZB,70,0-1,Black,<=5s vs 10-15s,1330
sRESL1Nk,84,0-1,Black,<=5s vs 5-10s,1806
EbrEoFY9,38,0-1,Black,<=5s vs 15-20s,1180
9w2NvudL,60,0-1,Black,<=5s vs 10-15s,1402
FFaG5eOQ,89,1-0,White,<=5s vs 5-10s,2301
o3uIQn7D,55,1-0,White,<=5s vs 5-10s,1785
5FdaBIoy,67,1-0,White,<=5s vs 5-10s,1972
w98JUXQ6,46,0-1,Black,<=5s vs 15-20s,1823
jc1vKoI0,47,0-1,White,<=5s vs 5-10s,822
lwCD0lby,71,1-0,White,<=5s vs 10-15s,1380
ImvMq5ci,107,1/2-1/2,White,<=5s vs 5-10s,2486
dzOTfeS2,62,0-1,Black,<=5s vs 10-15s,1482
WgMkK3HF,64,0-1,Black,<=5s vs 15-20s,2352
jVSFvPys,130,0-1,Black,<=5s vs 5-10s,1480
D5C9xCQD,73,1-0,White,<=5s vs 5-10s,2542
B8qm9pE2,55,1-0,White,<=5s vs 10-15s,1654
9CwfM18B,67,1-0,White,<=5s vs 5-10s,2083
48J2JivM,75,0-1,White,<=5s vs <=5s,1673
QIp6Nm1D,70,0-1,Black,<=5s vs 10-15s,1521
DR7tZjM7,76,1-0,Black,<=5s vs 5-10s,1613
7DogEBX8,70,0-1,Black,<=5s vs 5-10s,1415
47deVrv3,71,1-0,White,<=5s vs 5-10s,1068
h863WlOc,65,1-0,White,<=5s vs 15-20s,1885
jLw6p8UF,78,0-1,Black,<=5s vs 5-10s,1955
2fqfOsmE,40,0-1,Black,<=5s vs 10-15s,1687
Xrc6bMeY,65,0-1,White,<=5s vs <=5s,1464
H298u0M8,71,1-0,White,<=5s vs 15-20s,1233
xDgLKXZx,89,1-0,White,<=5s vs <=5s,1979
cF24njnb,54,0-1,Black,<=5s vs 15-20s,2348
QnxKscay,59,1-0,White,<=5s vs 15-20s,944
hcarNhgw,76,0-1,Black,<=5s vs 10-15s,2439
1Kjph1rC,67,0-1,White,<=5s vs 5-10s,1441
nxMnhZkU,96,1-0,Black,<=5s vs 5-10s,2467
3lCtiS6h,54,1-0,Black,<=5s vs <=5s,1400
iocNqCjy,73,1-0,White,<=5s vs <=5s,2379
svXM7Tkg,41,1-0,White,<=5s vs 10-15s,1121
FoZcOtkW,53,1-0,White,<=5s vs 10-15s,2024
1qSo5KOM,95,1-0,White,<=5s vs 15-20s,2747
LkCVwQIX,68,0-1,Black,<=5s vs 10-15s,1330
8W2bu9fQ,66,1/2-1/2,Black,<=5s vs 15-20s,1589
qBk7GOLF,127,0-1,White,<=5s vs 5-10s,1938
GrwQerTo,90,1/2-1/2,Black,<=5s vs <=5s,2168
H4L1KcbI,81,1-0,White,<=5s vs <=5s,1640
lBQS5LGy,52,1-0,Black,<=5s vs 10-15s,956
I2UoQIlr,123,1-0,White,<=5s vs 15-20s,2502
pesTRsoR,52,1-0,Black,<=5s vs 15-20s,1649
3XqKrGl2,87,0-1,White,<=5s vs 5-10s,2084
pEVClBKI,69,1-0,White,<=5s vs 10-15s,1564
FXRTOCaz,88,0-1,Black,<=5s vs 5-10s,2299
IqJFb48f,71,0-1,White,<=5s vs 10-15s,1861
DuGg3T2p,65,1-0,White,<=5s vs 10-15s,1377
5eAkloa6,55,1-0,White,<=5s vs 5-10s,1697
yA7hxijm,56,0-1,Black,<=5s vs <=5s,1873
qqmgyuOu,40,0-1,Black,<=5s vs 15-20s,1308
Nka6Bhx4,105,1-0,White,<=5s vs 10-15s,1994
iEaF4hIE,59,1-0,White,<=5s vs 15-20s,1648
JJdUppoM,57,1-0,White,<=5s vs 5-10s,1990
24vrGmSa,78,0-1,Black,<=5s vs 5-10s,2139
pUFUcvc3,95,0-1,White,<=5s vs 15-20s,2401
9CIDHBeC,112,1/2-1/2,Black,<=5s vs 10-15s,2069
mbDt1u60,138,1/2-1/2,Black,<=5s vs 5-10s,2646
FjIDuTR2,90,0-1,Black,<=5s vs 15-20s,2649
3kDQ0RSW,105,1-0,White,<=5s vs 10-15s,2192
0kGb4us6,58,0-1,Black,<=5s vs 5-10s,1634
SucTDxsm,37,1-0,White,<=5s vs 15-20s,806
GCaNkQEQ,71,0-1,White,<=5s vs 10-15s,2484
Lze1p8Mf,54,0-1,Black,<=5s vs <=5s,1500
0kzZthcG,70,1/2-1/2,Black,<=5s vs 15-20s,2507
Tdsyy8AU,89,1-0,White,<=5s vs 5-10s,2283
9udqLoXH,59,1-0,White,<=5s vs 15-20s,1828
Lt9quY1u,77,1-0,White,<=5s vs 15-20s,1482
Cp56GcVi,125,1-0,White,<=5s vs 5-10s,2708
PHOdMb8R,126,0-1,Black,<=5s vs <=5s,2173
UKZU8DfY,52,1-0,Black,<=5s vs <=5s,1145
sDSglbqz,61,0-1,White,<=5s vs 5-10s,1895
fp2xE5qz,53,1-0,White,<=5s vs 5-10s,2108
0Xb5Fjth,67,1-0,White,<=5s vs 10-15s,2015
2olyDQIp,76,0-1,Black,<=5s vs 10-15s,1776
jAnxcOmS,46,0-1,Black,<=5s vs 15-20s,792
lI6G3Ocz,74,0-1,Black,<=5s vs 10-15s,2075
1bkQm0G8,52,1-0,Black,<=5s vs 5-10s,826
qnkDjMJf,85,1-0,White,<=5s vs 5-10s,2368
BBDesLVy,63,1-0,White,<=5s vs 15-20s,1618
xsOCBwoN,42,0-1,Black,<=5s vs 5-10s,1071
rmDrZoOv,69,1-0,White,<=5s vs 5-10s,1595
G9qATB29,81,1-0,White,<=5s vs 5-10s,2073
T65XASdp,67,1-0,White,<=5s vs 10-15s,2485
vd4OpWxN,77,1-0,White,<=5s vs 10-15s,1836
rUphTOKm,55,1-0,White,<=5s vs 15-20s,2057
MbmRLq5d,61,0-1,White,<=5s vs 10-15s,2364
IH76LlkH,58,0-1,Black,<=5s vs 5-10s,2037
5sUClntf,104,0-1,Black,<=5s vs 15-20s,2670
jxjf7NNM,86,0-1,Black,<=5s vs 5-10s,2148
wvGYNKx0,39,1-0,White,<=5s vs 15-20s,949
viKwH3ix,81,1-0,White,<=5s vs 5-10s,2014
AbrYnOdL,133,1-0,White,<=5s vs 5-10s,2428
A6NMkwQN,58,0-1,Black,<=5s vs 5-10s,1173
BJAjwCz0,85,1-0,White,<=5s vs 5-10s,2474
7k0GZH3Z,72,0-1,Black,<=5s vs 10-15s,2877
6UISc4i5,50,0-1,Black,<=5s vs 10-15s,759
RhpQ4aH2,91,1-0,White,<=5s vs 5-10s,2237
M23wWsSU,72,0-1,Black,<=5s vs 15-20s,1839
Maqcb5Zw,69,1-0,White,<=5s vs 15-20s,2030
8xYQprk0,56,0-1,Black,<=5s vs 5-10s,1196
N2rUe72c,48,0-1,Black,<=5s vs 5-10s,940
9uE2jRyL,41,1-0,White,<=5s vs 10-15s,980
TBr3hCcX,100,0-1,Black,<=5s vs 5-10s,2533
thCVknEK,72,0-1,Black,<=5s vs 5-10s,1454
Kgtoj5sk,63,1-0,White,<=5s vs 15-20s,2054
5AdkR9fi,122,1/2-1/2,Black,<=5s vs <=5s,1890
ohfvFRub,62,0-1,Black,<=5s vs 10-15s,1101
FEw89lmq,105,1-0,White,<=5s vs 15-20s,1700
lOulRiOY,56,0-1,Black,<=5s vs 15-20s,1680
K55DTpFA,44,0-1,Black,<=5s vs 5-10s,1011
ZmrnlfJf,87,1-0,White,<=5s vs <=5s,2457
PtpVKn8b,70,0-1,Black,<=5s vs 5-10s,1634
3YFrtuUz,48,0-1,Black,<=5s vs 15-20s,1557
MfyNMKuG,78,0-1,Black,<=5s vs <=5s,815
HriTWmKQ,72,0-1,Black,<=5s vs 5-10s,1193
m6aaCE3b,102,0-1,Black,<=5s vs <=5s,1619
hBmPBGaO,54,1-0,Black,<=5s vs <=5s,1840
7v39LpWE,83,1-0,White,<=5s vs 15-20s,2385
BOGIcj7L,68,0-1,Black,<=5s vs <=5s,2219
cCPTTSyG,57,0-1,White,<=5s vs <=5s,1100
hlsU3ySv,63,1-0,White,<=5s vs 15-20s,1819
Kh9jLsce,82,0-1,Black,<=5s vs 15-20s,2052
QHOPeyFu,136,0-1,Black,<=5s vs <=5s,2839
mRok8NZw,63,0-1,White,<=5s vs <=5s,1594
sqQhTtrk,49,1-0,White,<=5s vs 5-10s,1532
lo5ifPzC,50,0-1,Black,<=5s vs 10-15s,1524
m7oqJwGR,43,1-0,White,<=5s vs 15-20s,1631
T3Umpt4o,42,0-1,Black,<=5s vs 10-15s,1983
LH39MyN3,97,1-0,White,<=5s vs 10-15s,1914
cyXqDkVo,64,0-1,Black,<=5s vs 10-15s,1386
Hg0CMVYO,60,0-1,Black,<=5s vs <=5s,1398
r9RMmmnj,48,0-1,Black,<=5s vs 10-15s,1418
71GRGWn6,63,1-0,White,<=5s vs 5-10s,1318
IP7gpBlg,42,0-1,Black,<=5s vs 15-20s,992
bo4y4gdK,138,1/2-1/2,Black,<=5s vs <=5s,2919
1Poik294,58,0-1,Black,<=5s vs 10-15s,1835
8e2BZC3T,66,0-1,Black,<=5s vs 5-10s,1634
t5P6ElUt,69,1-0,White,<=5s vs 5-10s,2473
XKkYHc3M,104,0-1,Black,<=5s vs 15-20s,2198
Kq4NvP5u,97,0-1,White,<=5s vs <=5s,2498
xtjYqlBf,69,1-0,White,<=5s vs 15-20s,1658
OYp4FW3y,88,0-1,Black,<=5s vs 5-10s,2452
rKp5722e,67,1-0,White,<=5s vs 15-20s,1285
C4c7XliP,92,0-1,Black,<=5s vs 15-20s,2066
5TeLP2bk,57,1-0,White,<=5s vs 5-10s,1061
L6R65B1w,114,1/2-1/2,Black,<=5s vs 15-20s,2185
7jKBm4G4,80,1/2-1/2,Black,<=5s vs 5-10s,2324
9LlPm7Pi,66,0-1,Black,<=5s vs 10-15s,1923
qXcnp9iz,46,0-1,Black,<=5s vs 15-20s,1331
TVifyNZN,46,0-1,Black,<=5s vs 10-15s,1164
XQUtoUNF,55,1-0,White,<=5s vs 15-20s,1760
9PDt2o2C,86,1-0,Black,<=5s vs 5-10s,2046
wF21vQWi,48,0-1,Black,<=5s vs 15-20s,1655
FnneXid9,73,1-0,White,<=5s vs 10-15s,1410
gqBogMnh,41,0-1,White,<=5s vs 5-10s,1141
vsBSgNXy,135,1-0,White,<=5s vs 10-15s,2575
KULP3bR0,71,0-1,White,<=5s vs <=5s,1080
XHU7Dbfp,58,1-0,Black,<=5s vs <=5s,2451
GfcJM5mr,75,1-0,White,<=5s vs 15-20s,2437
mo0mDYWJ,81,1-0,White,<=5s vs 5-10s,1614
ATLbFvSW,74,0-1,Black,<=5s vs 5-10s,2003
CaiZdcDe,46,0-1,Black,<=5s vs 10-15s,1779
8OT30JwU,107,0-1,White,<=5s vs 5-10s,3035
IeB5IEpl,81,1-0,White,<=5s vs 10-15s,2296
hisTXNWM,120,1/2-1/2,Black,<=5s vs <=5s,2823
UdVNfFLO,84,0-1,Black,<=5s vs 5-10s,2228
mDXVR27v,91,1-0,White,<=5s vs 5-10s,2294
xEj0H7Xi,120,1/2-1/2,Black,<=5s vs 10-15s,2514
XHpwt45Y,58,1-0,Black,<=5s vs <=5s,2300
71TqnUBr,76,0-1,Black,<=5s vs 5-10s,1708
FpjExRGT,119,1-0,White,<=5s vs 5-10s,2312
RnxWE6k5,53,1-0,White,<=5s vs 5-10s,1349
oeLWQRVZ,70,0-1,Black,<=5s vs 5-10s,2323
8TgNjOpQ,76,0-1,Black,<=5s vs 10-15s,2397
hRMJGu9n,60,0-1,Black,<=5s vs 10-15s,1077
X0rgOcoB,65,1-0,White,<=5s vs 10-15s,2015
WG7UGj2Z,105,0-1,White,<=5s vs <=5s,2166
SylI9PA2,73,1-0,White,<=5s vs 5-10s,1810
1qvKtnw6,40,0-1,Black,<=5s vs 5-10s,1193
ZANS9TAg,62,0-1,Black,<=5s vs 15-20s,1803
YGXcpZJP,57,1-0,White,<=5s vs 5-10s,1069
dPi9u5Gt,56,0-1,Black,<=5s vs 15-20s,2480
MJczioNz,103,1-0,White,<=5s vs <=5s,2179
RSr8fvg3,82,0-1,Black,<=5s vs 5-10s,1824
tBk54KoD,114,1-0,Black,<=5s vs 10-15s,2166
sUSWiWPa,59,1-0,White,<=5s vs <=5s,1764
9taorGvZ,55,1-0,White,<=5s vs 10-15s,1559
0u9lRY66,79,0-1,White,<=5s vs 10-15s,2456
bOo2p8TF,78,1-0,Black,<=5s vs 5-10s,1774
j0PtOxwq,108,0-1,Black,<=5s vs <=5s,2232
X8ywogTy,99,1-0,White,<=5s vs 10-15s,1784
6IyJcwam,70,0-1,Black,<=5s vs 10-15s,2018
sL7l6qiF,53,1-0,White,<=5s vs 15-20s,1043
VOsSmnIS,131,0-1,White,<=5s vs 10-15s,2378
2u8nIaNd,72,0-1,Black,<=5s vs 10-15s,2193
mMt727kF,105,1/2-1/2,White,<=5s vs 5-10s,2406
GNtmrxZv,64,1-0,Black,<=5s vs <=5s,1337
T5n5RWji,86,1-0,Black,<=5s vs 10-15s,2319
hXucvtpD,94,0-1,Black,<=5s vs 10-15s,2624
5OwMqV1v,76,0-1,Black,<=5s vs 5-10s,2123
GDbyP8LT,82,0-1,Black,<=5s vs 5-10s,1831
qVvlfrd3,96,1-0,Black,<=5s vs 5-10s,2551
jjuHtpf8,110,0-1,Black,<=5s vs 5-10s,2384
d79Kp12t,64,0-1,Black,<=5s vs 5-10s,1724
PJNAKj2Z,100,0-1,Black,<=5s vs 5-10s,1745
RrNabo2O,106,1/2-1/2,Black,<=5s vs 5-10s,2379
IQ8YXAfg,82,0-1,Black,<=5s vs <=5s,1405
wflG4ZfB,82,0-1,Black,<=5s vs 5-10s,2349
sqfxJ6K4,90,0-1,Black,<=5s vs <=5s,1964
G8dnEdF4,82,0-1,Black,<=5s vs 15-20s,1946
kD24ikkU,58,0-1,Black,<=5s vs 10-15s,1894
jGydKdTC,94,0-1,Black,<=5s vs 10-15s,1615
KBqdS5Wu,65,1-0,White,<=5s vs 10-15s,1630
kWSGTTLX,125,1-0,White,<=5s vs 15-20s,2414
1uFNMtb2,57,1-0,White,<=5s vs 10-15s,1409
qktUDcAX,68,0-1,Black,<=5s vs 5-10s,1377
LwtLWip9,85,1-0,White,<=5s vs 5-10s,1785
zOYNRuQB,108,0-1,Black,<=5s vs 15-20s,2338
ny3T4nHf,77,1-0,White,<=5s vs 5-10s,1881
UNJIPVqc,79,0-1,White,<=5s vs 5-10s,1725
cWHr24L1,69,1-0,White,<=5s vs 15-20s,2280
69NHcuoP,52,0-1,Black,<=5s vs 15-20s,1713
WDjP9LHD,89,1-0,White,<=5s vs <=5s,2708
0CV0ff7e,103,1-0,White,<=5s vs 10-15s,1775
M2wX0GbQ,63,1-0,White,<=5s vs 5-10s,1527
Pdoadcnt,58,0-1,Black,<=5s vs 5-10s,2047
0ChZXfAl,88,0-1,Black,<=5s vs <=5s,2369
9ws9TBat,88,1/2-1/2,Black,<=5s vs 10-15s,1968
DrcNQLK6,84,0-1,Black,<=5s vs 5-10s,1717
uhZR3GKQ,86,0-1,Black,<=5s vs 10-15s,1834
5H10MrMb,104,1-0,Black,<=5s vs 10-15s,1882
j02uRSZk,84,0-1,Black,<=5s vs 5-10s,1437
OutiJ3TJ,130,1/2-1/2,Black,<=5s vs 10-15s,1952
8KLe0PE8,37,1-0,White,<=5s vs 15-20s,927
TuNtBIka,58,0-1,Black,<=5s vs <=5s,1461
92DSxJqT,82,1/2-1/2,Black,<=5s vs 10-15s,2371
OzDCprlo,93,1-0,White,<=5s vs 5-10s,2493
I2hzXEXy,65,1-0,White,<=5s vs 5-10s,1441
6XexALHf,64,0-1,Black,<=5s vs <=5s,1241
6CeiZJdo,62,0-1,Black,<=5s vs 15-20s,2227
GW1V9F4D,70,0-1,Black,<=5s vs 10-15s,1594
dqY8oIW9,74,1-0,Black,<=5s vs 15-20s,1728
R0ns9zmJ,60,0-1,Black,<=5s vs 10-15s,2061
0cFw4Ivn,98,1-0,Black,<=5s vs <=5s,2508
qErDUhsm,44,0-1,Black,<=5s vs <=5s,935
VPuUhE9s,66,0-1,Black,<=5s vs 10-15s,2326
8au2bxmO,63,1-0,White,<=5s vs 5-10s,974
8UFSamGO,93,0-1,White,<=5s vs <=5s,2543
ueZnQH4C,49,1-0,White,<=5s vs 15-20s,2226
YyTGhQpR,126,1-0,Black,<=5s vs 5-10s,2020
0U11Ovy4,113,1-0,White,<=5s vs 5-10s,2326
K5Yja41X,49,1-0,White,<=5s vs 5-10s,1544
2IEIePAz,70,1-0,Black,<=5s vs 10-15s,1410
wGTlHhrZ,67,1-0,White,<=5s vs 10-15s,1708
X5yMY6o1,123,1-0,White,<=5s vs 5-10s,2664
UebZD1FA,47,1-0,White,<=5s vs 5-10s,945
FUYOoMbl,70,0-1,Black,<=5s vs 5-10s,1259
TUXM8wex,90,1-0,Black,<=5s vs <=5s,2662
0NNIfdRo,74,0-1,Black,<=5s vs 5-10s,2483
V3wyZ849,78,0-1,Black,<=5s vs 5-10s,1967
3rcLHVzT,39,1-0,White,<=5s vs 15-20s,753
1VmzmYLE,73,0-1,White,<=5s vs 5-10s,1696
fHO4yg63,67,1-0,White,<=5s vs 10-15s,1768
OBfaYwZN,87,1-0,White,<=5s vs 10-15s,1296
IcRiy7oe,62,0-1,Black,<=5s vs 10-15s,2067
gDXWxTbB,61,1-0,White,<=5s vs 10-15s,1017
oQPEaeCb,56,0-1,Black,<=5s vs 15-20s,1022
N7RGVZMm,60,1-0,Black,<=5s vs <=5s,1533
klnuLa7Q,81,1-0,White,<=5s vs 5-10s,1208
f6nQs23o,103,1/2-1/2,White,<=5s vs 10-15s,1182
NHvlHitw,108,0-1,Black,<=5s vs 5-10s,2769
GvHUgrp9,47,1-0,White,<=5s vs 10-15s,1284
cPJHZk1m,112,0-1,Black,<=5s vs 5-10s,2558
Q9WirJJ7,54,0-1,Black,<=5s vs 10-15s,1772
nqn4DUU6,72,0-1,Black,<=5s vs 10-15s,1989
HZWQTcpk,96,0-1,Black,<=5s vs 15-20s,1893
kNsfWO9y,110,1-0,Black,<=5s vs 10-15s,2069
Iy16qkZ4,48,0-1,Black,<=5s vs 10-15s,931
Zim9sF5M,53,1-0,White,<=5s vs 15-20s,1457
7DhIh4JA,66,0-1,Black,<=5s vs <=5s,2042
53cd2eyQ,41,1-0,White,<=5s vs 10-15s,1055
36okHwTO,39,1-0,White,<=5s vs 5-10s,1542
RPyCRKzv,92,1-0,Black,<=5s vs 5-10s,2149
PwxlNQKa,45,1-0,White,<=5s vs 15-20s,1710
JJqcMjVZ,51,1-0,White,<=5s vs 5-10s,945
4LQvKr25,78,0-1,Black,<=5s vs 5-10s,2313
XtmJu0o2,53,1-0,White,<=5s vs 10-15s,1260
7bYQo6ne,89,1-0,White,<=5s vs 10-15s,2354
BdS49dFL,48,0-1,Black,<=5s vs 15-20s,1071
pClTccKH,52,0-1,Black,<=5s vs 5-10s,1282
jTNQS7BO,63,1-0,White,<=5s vs 5-10s,2105
tLaUWppV,65,1-0,White,<=5s vs 10-15s,1609
bVeWqsfK,125,1-0,White,<=5s vs 15-20s,1746
L7bpR3uc,76,0-1,Black,<=5s vs 15-20s,1753
XTaQHtdm,122,0-1,Black,<=5s vs 15-20s,1900
s9cL4g3T,73,0-1,White,<=5s vs 5-10s,1311
7rFWhwop,53,1-0,White,<=5s vs 10-15s,1048
fZm7ar6X,78,0-1,Black,<=5s vs 10-15s,2288
zvBq5c6Q,97,0-1,White,<=5s vs <=5s,1839
vt3JqQhJ,68,0-1,Black,<=5s vs 5-10s,1304
y4WQLQRI,75,1-0,White,<=5s vs 10-15s,2056
NHdJofvD,88,1/2-1/2,Black,<=5s vs 5-10s,1913
a5NN2Xqi,47,1-0,White,<=5s vs 5-10s,1485
8F1y8JZV,83,1-0,White,<=5s vs 5-10s,2515
EWGBQn3E,67,1-0,White,<=5s vs 5-10s,1849
llzOXbs0,125,1/2-1/2,White,<=5s vs 5-10s,1756
5ckbatXV,131,1/2-1/2,White,<=5s vs 10-15s,2061
l3M7932L,56,1-0,Black,<=5s vs <=5s,1038
46ns5J96,73,1-0,White,<=5s vs 15-20s,1280
YycfZddf,33,1-0,White,<=5s vs 15-20s,1419
si8YpHU6,77,1-0,White,<=5s vs 5-10s,1771
RmkLc1OQ,85,0-1,White,<=5s vs 5-10s,1752
xA14JlNK,42,0-1,Black,<=5s vs 15-20s,1243
vCy3XUJK,58,0-1,Black,<=5s vs 5-10s,1351
s6kXd6f7,43,1-0,White,<=5s vs 15-20s,952
xU7NMOx3,51,1-0,White,<=5s vs 5-10s,1012
sniRFIGr,183,1-0,White,<=5s vs 15-20s,2495
FtpI85cK,69,1-0,White,<=5s vs 5-10s,2344
5LJ0oQXT,96,1-0,Black,<=5s vs 10-15s,2062
MKIOUKQp,118,0-1,Black,<=5s vs 10-15s,1262
ihWPXkoa,86,0-1,Black,<=5s vs 5-10s,2354
zKJASzqZ,52,0-1,Black,<=5s vs 10-15s,1419
AnQ0WYhW,84,0-1,Black,<=5s vs <=5s,2275
djyOs2zL,54,0-1,Black,<=5s vs 15-20s,2025
cywqrahh,90,0-1,Black,<=5s vs 10-15s,2374
sBcHzcYV,51,1-0,White,<=5s vs 10-15s,1120
bsqvBvhy,69,0-1,White,<=5s vs 5-10s,2054
WdvKpiFr,84,0-1,Black,<=5s vs 15-20s,1668
Ge3bqvfR,67,1-0,White,<=5s vs 10-15s,2459
uYxHzVzi,51,1-0,White,<=5s vs 15-20s,1562
XQCOYHz1,64,1-0,Black,<=5s vs <=5s,1714
mgcPwT3a,45,0-1,White,<=5s vs 15-20s,1057
TVNa3lGS,110,1/2-1/2,Black,<=5s vs 5-10s,1632
fwHR9pqZ,142,1-0,Black,<=5s vs <=5s,1968
SUSxp5CQ,56,0-1,Black,<=5s vs 5-10s,1344
4GzAfxV1,58,1/2-1/2,Black,<=5s vs <=5s,942
8ICALBph,51,1-0,White,<=5s vs 15-20s,891
SvUyv3Jx,82,1-0,Black,<=5s vs 5-10s,2799
m0WOPVEr,58,1-0,Black,<=5s vs <=5s,1887
afBK2wPC,77,1-0,White,<=5s vs 5-10s,1348
6GKtfzdS,67,1-0,White,<=5s vs 15-20s,1629
OV8IkW28,52,0-1,Black,<=5s vs 15-20s,1442
yZ8aJmat,59,1-0,White,<=5s vs 5-10s,1582
Mjdia8Et,99,1-0,White,<=5s vs 15-20s,2190
bbEfLEfW,69,1-0,White,<=5s vs 15-20s,1625
BIokqvtE,112,0-1,Black,<=5s vs 10-15s,2711
qC0a2oNS,65,0-1,White,<=5s vs <=5s,1037
TVET9d1F,80,0-1,Black,<=5s vs 10-15s,1800
UoYWg8ZH,74,0-1,Black,<=5s vs <=5s,1953
YM0liaRw,75,0-1,White,<=5s vs 5-10s,1497
60TqrzBS,42,0-1,Black,<=5s vs 15-20s,1256
OlWhpR4P,69,1-0,White,<=5s vs 15-20s,2621
FbxKktuS,89,1-0,White,<=5s vs 15-20s,2243
NIvIbvyC,79,1-0,White,<=5s vs 5-10s,2242
MR8tUYLE,47,1-0,White,<=5s vs 15-20s,1898
uFupJy2K,60,0-1,Black,<=5s vs 15-20s,1736
lkSWff0d,66,0-1,Black,<=5s vs 5-10s,1502
pfoXDTK9,58,0-1,Black,<=5s vs 10-15s,1782
0DX9Vyfz,42,0-1,Black,<=5s vs 15-20s,1377
GNpQqUkA,126,0-1,Black,<=5s vs 15-20s,1947
HVr6XMHa,73,0-1,White,<=5s vs <=5s,1154
O0c6iIqJ,88,1-0,Black,<=5s vs <=5s,1756
QDBrnkbZ,136,0-1,Black,<=5s vs 5-10s,2380
qwgHQbaV,55,1-0,White,<=5s vs 10-15s,1046
JTMaRQod,58,0-1,Black,<=5s vs 15-20s,1860
Y2IU46Ro,82,0-1,Black,<=5s vs <=5s,1848
YNbeak2B,61,1-0,White,<=5s vs 5-10s,1590
t9MZrs87,77,1-0,White,<=5s vs 10-15s,1841
GFrxg58O,56,0-1,Black,<=5s vs 10-15s,2185
h1UNn3wf,59,1-0,White,<=5s vs 5-10s,1571
GXXxwPWf,80,0-1,Black,<=5s vs 5-10s,2118
TwjxQrKx,88,0-1,Black,<=5s vs 5-10s,2201
EjjgZ14L,53,0-1,White,<=5s vs 5-10s,1104
J2vG4ZIc,76,0-1,Black,<=5s vs <=5s,1840
bxiGZTPf,64,0-1,Black,<=5s vs 15-20s,1839
Oe5Lub5Z,52,0-1,Black,<=5s vs 10-15s,1780
uKAm4KZk,117,1-0,White,<=5s vs 15-20s,2439
6r5n7roz,41,1-0,White,<=5s vs 15-20s,1581
L2xHAZ7Z,81,1-0,White,<=5s vs 10-15s,2038
UmR0rGb5,34,0-1,Black,<=5s vs 15-20s,1020
WKnuTiyw,80,0-1,Black,<=5s vs 10-15s,2308
OWHjiv6d,57,1-0,White,<=5s vs 5-10s,1500
aHRyQTHM,76,0-1,Black,<=5s vs 15-20s,1693
3Cw3uEeH,98,1-0,Black,<=5s vs 15-20s,2035
AGtnpSGr,45,1-0,White,<=5s vs 10-15s,2032
fxlk5UAy,43,1-0,White,<=5s vs 15-20s,1082
VtjdQlpl,95,1-0,White,<=5s vs 5-10s,2449
2T6b8ltr,60,0-1,Black,<=5s vs 10-15s,1770
a7GBZPT9,52,0-1,Black,<=5s vs 5-10s,1187
w7qER9Tk,102,1/2-1/2,Black,<=5s vs 10-15s,1154
u6vmd5aG,62,0-1,Black,<=5s vs 15-20s,1637
O1Rubyer,60,1-0,Black,<=5s vs 10-15s,1024
LdFn17xz,67,1-0,White,<=5s vs 15-20s,1734
9W1Jg4yN,96,1/2-1/2,Black,<=5s vs 10-15s,2346
63grPbDp,58,0-1,Black,<=5s vs <=5s,2289
ggiwkDRd,57,1-0,White,<=5s vs 10-15s,1791
USxp0Bgu,80,0-1,Black,<=5s vs 10-15s,2738
FDFUmZub,104,0-1,Black,<=5s vs 10-15s,1895
5KNezdpB,75,1-0,White,<=5s vs 5-10s,1524
fQKx0OFl,92,0-1,Black,<=5s vs 5-10s,2332
TktvT2Wm,72,1/2-1/2,Black,<=5s vs <=5s,2517
SOMfY3nH,86,0-1,Black,<=5s vs 5-10s,1703
9MaY4VU6,60,0-1,Black,<=5s vs 5-10s,1028
3V01vCuk,71,0-1,White,<=5s vs 10-15s,1923
xsPUynru,53,1-0,White,<=5s vs 5-10s,1121
w9nYVMKh,64,0-1,Black,<=5s vs 10-15s,983
OYvFAj1r,53,1-0,White,<=5s vs 15-20s,1918
LjfovDyc,59,1-0,White,<=5s vs 10-15s,1742
6uy9rGud,83,1-0,White,<=5s vs 15-20s,2469
0zEB0obf,52,1-0,Black,<=5s vs 15-20s,2043
hRr7MUq6,102,0-1,Black,<=5s vs 10-15s,2543
6hbYmNPA,50,0-1,Black,<=5s vs 15-20s,1438
tJkIqqcW,85,1/2-1/2,White,<=5s vs <=5s,2234
LymUnd9b,73,1-0,White,<=5s vs 5-10s,1496
Npmu0GUl,79,1-0,White,<=5s vs 10-15s,1500
RXbzU4P1,74,0-1,Black,<=5s vs 5-10s,2052
qc1PSuOt,64,0-1,Black,<=5s vs 10-15s,1575
TBaldayK,96,1-0,Black,<=5s vs <=5s,2488
17vJUIZV,85,1-0,White,<=5s vs 5-10s,2272
Dd6PVYoR,166,0-1,Black,<=5s vs <=5s,2290
Lbah2AkX,123,1-0,White,<=5s vs 10-15s,2265
nRzGp9Cd,59,1-0,White,<=5s vs 5-10s,1491
JoGej70y,46,0-1,Black,<=5s vs 15-20s,1646
hgqleEKM,68,1-0,Black,<=5s vs <=5s,1609
wTvt1z1v,51,0-1,White,<=5s vs 5-10s,1470
uqm2VNVu,56,0-1,Black,<=5s vs 5-10s,1713
BfI79GA9,139,1/2-1/2,White,<=5s vs 5-10s,2340
7oGz4Lx5,59,1-0,White,<=5s vs 15-20s,1342
7MEEKCdg,101,1-0,White,<=5s vs 5-10s,1696
AwYlAdie,75,1-0,White,<=5s vs 5-10s,2302
OZzTDuM1,50,0-1,Black,<=5s vs 10-15s,1146
F22IfDHK,67,1-0,White,<=5s vs 10-15s,1989
15MCpSE9,101,0-1,White,<=5s vs <=5s,2294
ql2LEasO,105,1-0,White,<=5s vs 10-15s,1246
A7NEeDb0,32,0-1,Black,<=5s vs 10-15s,888
Y219xOA4,114,0-1,Black,<=5s vs 5-10s,2700
V9MG7U6O,75,1-0,White,<=5s vs 10-15s,2024
XJ5SAIPZ,119,1-0,White,<=5s vs <=5s,2103
avu9gzAZ,79,1-0,White,<=5s vs 15-20s,2112
WoswP2Ff,64,0-1,Black,<=5s vs 5-10s,1317
3UR6fHJP,108,0-1,Black,<=5s vs 5-10s,2296
Pn6YN08H,64,0-1,Black,<=5s vs 10-15s,2028
gpzAGd5q,61,1-0,White,<=5s vs 5-10s,1058
jlAPlFpI,80,0-1,Black,<=5s vs 10-15s,1368
jlVzxMYi,63,0-1,White,<=5s vs 15-20s,1744
r0IySK43,70,0-1,Black,<=5s vs 5-10s,1802
HSoDijeI,78,0-1,Black,<=5s vs 10-15s,2243
ZE2EwBTg,89,1-0,White,<=5s vs 5-10s,1791
rxeoycSZ,38,0-1,Black,<=5s vs 15-20s,1129
rReA4bfC,104,1/2-1/2,Black,<=5s vs 5-10s,2012
sJlqwfdQ,97,1-0,White,<=5s vs 5-10s,1442
inv0KnLN,64,0-1,Black,<=5s vs 15-20s,1473
NazytJrK,84,0-1,Black,<=5s vs 10-15s,2223
NpSyHdYG,47,1-0,White,<=5s vs 10-15s,1875
NZOT4vMe,73,1-0,White,<=5s vs 10-15s,2088
eFTqGlDq,70,0-1,Black,<=5s vs 5-10s,1778
HRzz9Vpg,124,1/2-1/2,Black,<=5s vs <=5s,2725
MTS28Tst,58,0-1,Black,<=5s vs 15-20s,1658
8Xw0rKp5,67,1-0,White,<=5s vs 10-15s,1725
c3jrc35J,41,1-0,White,<=5s vs 5-10s,1396
3YcjSZdE,68,1-0,Black,<=5s vs <=5s,1624
c0QUkdic,110,1/2-1/2,Black,<=5s vs 15-20s,2629
1hsGuGFy,81,1-0,White,<=5s vs 10-15s,2038
Hz33K2df,60,0-1,Black,<=5s vs 5-10s,1542
bnv2K6l4,56,0-1,Black,<=5s vs <=5s,2471
snpc6D3G,118,0-1,Black,<=5s vs 15-20s,2436
uEVlJKq2,110,1/2-1/2,Black,<=5s vs 10-15s,1313
eSAN9aJI,52,0-1,Black,<=5s vs 10-15s,1679
J8FJveJ4,78,0-1,Black,<=5s vs 5-10s,1858
LT4RExsU,104,0-1,Black,<=5s vs <=5s,1831
6H9H0pO4,80,0-1,Black,<=5s vs 10-15s,2720
VH337AvE,54,0-1,Black,<=5s vs 15-20s,1354
Q5oXo8oX,121,1-0,White,<=5s vs 15-20s,1503
0BmllaMR,82,0-1,Black,<=5s vs <=5s,2109
Y9gXnqZX,61,1-0,White,<=5s vs <=5s,1511
zGh2HVQG,44,0-1,Black,<=5s vs <=5s,1086
HRkwPxgJ,52,0-1,Black,<=5s vs 15-20s,1080
WSVO2oO9,74,0-1,Black,<=5s vs 15-20s,1298
Uva4QWMj,58,0-1,Black,<=5s vs 10-15s,2163
a4na5MIS,49,1-0,White,<=5s vs 10-15s,1146
wSNYqHec,66,0-1,Black,<=5s vs 10-15s,1779
bbqTF73K,70,0-1,Black,<=5s vs 5-10s,1272
3cVERcXq,119,0-1,White,<=5s vs <=5s,2277
VxmZ0Y5v,65,1-0,White,<=5s vs 10-15s,1002
bXU7yesc,69,1-0,White,<=5s vs 5-10s,1450
fIiT3qfE,118,1-0,Black,<=5s vs 5-10s,1989
CamMMOGi,64,0-1,Black,<=5s vs 15-20s,1479
FKjTLowo,65,0-1,White,<=5s vs <=5s,1508
Ne9hZc5T,69,1-0,White,<=5s vs 10-15s,2116
TJkRLrpF,55,1-0,White,<=5s vs 5-10s,1016
dQa1Ma37,76,0-1,Black,<=5s vs 10-15s,2295
AbBXqFlj,69,1-0,White,<=5s vs 15-20s,2313
g3XcUgQ5,59,1-0,White,<=5s vs 10-15s,1341
MbjJWAQ4,34,0-1,Black,<=5s vs 5-10s,694
G8rN892g,52,0-1,Black,<=5s vs 5-10s,1121
yWXydpPB,69,1-0,White,<=5s vs 5-10s,1656
szDkAGv0,78,0-1,Black,<=5s vs 10-15s,2165
UlWX3cJz,127,1-0,White,<=5s vs 15-20s,2384
vqsemuFE,111,1-0,White,<=5s vs 10-15s,2638
uoq7FaUT,133,1/2-1/2,White,<=5s vs 5-10s,2528
12MHDam7,61,1-0,White,<=5s vs <=5s,2109
Z5y4y7Z5,74,0-1,Black,<=5s vs 5-10s,1476
upFCEDl3,70,1-0,Black,<=5s vs <=5s,2060
2Hjex6Bj,58,0-1,Black,<=5s vs 10-15s,1953
wlXiT4Yj,57,0-1,White,<=5s vs 10-15s,946
pvVyAER9,76,0-1,Black,<=5s vs 5-10s,2226
oypQ2Ze5,100,1-0,Black,<=5s vs <=5s,2377
lHSI9Gei,75,0-1,White,<=5s vs <=5s,1932
CP6utxjC,78,0-1,Black,<=5s vs 5-10s,1786
O06e128k,66,1-0,Black,<=5s vs 10-15s,1397
dUZZthM3,45,1-0,White,<=5s vs 15-20s,939
fNZ2QACp,56,0-1,Black,<=5s vs 15-20s,2445
8SN3rzd5,65,1-0,White,<=5s vs 15-20s,2406
0Ulb9yDa,112,1-0,Black,<=5s vs 5-10s,2319
84AyjZst,86,1-0,Black,<=5s vs 5-10s,2488
HvRntDXG,75,1-0,White,<=5s vs 15-20s,2450
9Zif0WpK,89,1-0,White,<=5s vs 5-10s,2484
zFOPAvNl,81,1-0,White,<=5s vs 5-10s,1748
7joph68V,68,0-1,Black,<=5s vs 5-10s,2329
LZ9hOvS0,55,0-1,White,<=5s vs 5-10s,2286
GbuBUBSU,79,1-0,White,<=5s vs 15-20s,2638
gdVH5WIc,56,0-1,Black,<=5s vs 10-15s,1429
d6m3qLOo,69,1-0,White,<=5s vs 15-20s,920
VjDjbQdv,68,0-1,Black,<=5s vs <=5s,1491
5szOwZY8,62,0-1,Black,<=5s vs 5-10s,1252
Ud3q0TMc,78,0-1,Black,<=5s vs 15-20s,2313
uhIeKtNJ,68,0-1,Black,<=5s vs 5-10s,2172
D6CByJlQ,69,1-0,White,<=5s vs 5-10s,2125
eOrrKRGV,55,1-0,White,<=5s vs 5-10s,1453
XjRInQeB,64,0-1,Black,<=5s vs 10-15s,1287
x4WEAkZz,55,1-0,White,<=5s vs 15-20s,1487
6bgEZoXh,78,1-0,Black,<=5s vs <=5s,1316
DZKb8ATj,108,0-1,Black,<=5s vs 5-10s,2441
5ja3qZ5H,107,1-0,White,<=5s vs 5-10s,2558
4lx1yk7V,58,0-1,Black,<=5s vs 10-15s,2229
0YUp2LFV,97,1/2-1/2,White,<=5s vs 10-15s,2400
rNhJesnR,66,0-1,Black,<=5s vs 15-20s,2017
On7XmmaV,77,0-1,White,<=5s vs 5-10s,1393
YTRe8E0p,60,0-1,Black,<=5s vs 5-10s,2046
A7RPkpX0,64,0-1,Black,<=5s vs 10-15s,2180
JHY9VqrK,53,0-1,White,<=5s vs 5-10s,1052
o65PVH2W,101,1-0,White,<=5s vs 15-20s,1646
HrEEaxH6,57,1-0,White,<=5s vs 15-20s,1892
gP1UbBck,45,1-0,White,<=5s vs 15-20s,1056
LEg0ZeXj,62,1-0,Black,<=5s vs <=5s,1386
xPeTTOir,100,0-1,Black,<=5s vs 5-10s,2478
R7OH6EAJ,62,0-1,Black,<=5s vs <=5s,2419
VMgVWpCZ,90,0-1,Black,<=5s vs 10-15s,2545
LUuHFQ2p,66,0-1,Black,<=5s vs 5-10s,1561
cF8GDZgj,78,0-1,Black,<=5s vs 10-15s,1961
K6T3lOEv,49,1-0,White,<=5s vs 15-20s,1284
HrwAqihg,81,1-0,White,<=5s vs 10-15s,2193
59B9NE1w,60,0-1,Black,<=5s vs 10-15s,2101
AL8XGRp5,58,0-1,Black,<=5s vs 15-20s,1641
QDQQfItO,70,0-1,Black,<=5s vs 5-10s,2912
5yjndkCO,60,0-1,Black,<=5s vs 10-15s,2013
OAUf2EhA,84,1/2-1/2,Black,<=5s vs 5-10s,2938
krL5BZ7p,88,0-1,Black,<=5s vs 5-10s,1770
QJ6YB91V,110,1-0,Black,<=5s vs 5-10s,2037
lOWSxOUW,62,0-1,Black,<=5s vs 5-10s,1716
0jSsTw1O,79,1-0,White,<=5s vs 10-15s,1588
K8PvmJo3,72,0-1,Black,<=5s vs 5-10s,2173
hCZKny3j,95,1-0,White,<=5s vs 15-20s,2565
yWyQABbs,73,1-0,White,<=5s vs 10-15s,2342
HjRA9sva,63,1-0,White,<=5s vs 15-20s,2418
VWwqQgzA,102,1-0,Black,<=5s vs <=5s,1612
QVEPyvwY,74,0-1,Black,<=5s vs 5-10s,1746
n3H1RAKp,82,1/2-1/2,Black,<=5s vs 5-10s,1687
OrOX2502,44,0-1,Black,<=5s vs 15-20s,2121
1db04FGs,84,0-1,Black,<=5s vs 15-20s,1251
LigGecxi,57,1-0,White,<=5s vs 15-20s,2239
7oauvObC,70,0-1,Black,<=5s vs 5-10s,1654
URtdhvOV,124,1/2-1/2,Black,<=5s vs <=5s,2446
E3AgU9ir,51,1-0,White,<=5s vs 15-20s,1744
nhdVu0wA,63,1-0,White,<=5s vs 15-20s,1329
bAgCJeSD,57,1-0,White,<=5s vs 15-20s,2255
Os9LPRHs,46,0-1,Black,<=5s vs 10-15s,1151
0DHiAuSv,60,0-1,Black,<=5s vs 15-20s,2092
0Ip4wk0y,92,0-1,Black,<=5s vs 5-10s,2420
QZ4H7I4a,103,1-0,White,<=5s vs 5-10s,2046
Xt4Ed5mN,54,0-1,Black,<=5s vs 5-10s,1500
UC3DhYLA,80,0-1,Black,<=5s vs 10-15s,2115
QsbBspl4,62,0-1,Black,<=5s vs 10-15s,1279
yL6xNzQL,53,0-1,White,<=5s vs 5-10s,899
7J4M0cgL,66,0-1,Black,<=5s vs 10-15s,2662
IgfXMADk,81,1-0,White,<=5s vs 5-10s,2144
LdE0LpNp,57,1-0,White,<=5s vs 15-20s,2521
71YU4xXs,53,1-0,White,<=5s vs 15-20s,1109
b4pfaeEl,76,0-1,Black,<=5s vs 5-10s,1970
2M36FPQl,69,1-0,White,<=5s vs 15-20s,1771
4QkmAPU0,147,1-0,White,<=5s vs 10-15s,2715
x9ZcEIW9,50,0-1,Black,<=5s vs 15-20s,1446
BY3ApMd5,79,1-0,White,<=5s vs 10-15s,2333
XXVrWFBp,71,1-0,White,<=5s vs 15-20s,1478
bb58sWkY,113,1-0,White,<=5s vs 10-15s,2417
WSkkAjCv,131,1-0,White,<=5s vs 5-10s,2368
0CvKvnt3,46,0-1,Black,<=5s vs <=5s,1089
JIZ7VXK4,57,1-0,White,<=5s vs 15-20s,1602
970vUATL,85,1-0,White,<=5s vs 10-15s,1614
UncOcJ21,68,0-1,Black,<=5s vs 10-15s,1602
n0ckgs5J,61,1-0,White,<=5s vs 5-10s,1811
wxIL0VaO,62,1-0,Black,<=5s vs <=5s,2208
GTH2yVLM,87,1-0,White,<=5s vs 5-10s,2429
TpLnTZWw,69,1/2-1/2,White,<=5s vs 5-10s,1524
OwCjwb6p,72,0-1,Black,<=5s vs 15-20s,2333
NfOh0byH,74,1-0,Black,<=5s vs 5-10s,2195
qYm0fTRN,50,0-1,Black,<=5s vs 15-20s,1302
nSvwBpsN,68,0-1,Black,<=5s vs 5-10s,1928
94Vv0nnG,90,0-1,Black,<=5s vs 5-10s,2849
OzNidTAC,59,1-0,White,<=5s vs <=5s,1724
2NSIi9Gq,73,0-1,White,<=5s vs 10-15s,1694
Vlmdf7NJ,164,1/2-1/2,Black,<=5s vs <=5s,2631
UTzsx9pH,107,0-1,White,<=5s vs <=5s,1994
M3wsEQar,54,0-1,Black,<=5s vs 10-15s,2289
CjU1ODv6,49,1-0,White,<=5s vs 5-10s,1215
pZqpaF50,50,0-1,Black,<=5s vs 15-20s,1138
jDBFR5BX,62,0-1,Black,<=5s vs <=5s,1166
Vy4pPqEg,86,0-1,Black,<=5s vs <=5s,2567
vH2hfcEF,63,1-0,White,<=5s vs 5-10s,1485
EoDR29QK,70,0-1,Black,<=5s vs 5-10s,1294
JxHLD787,52,0-1,Black,<=5s vs 5-10s,1550
9Jrc5feE,50,0-1,Black,<=5s vs 10-15s,1692
Xr8f3Vjn,56,0-1,Black,<=5s vs 10-15s,1571
P36NZrFV,65,1-0,White,<=5s vs 5-10s,1530
ldviHng7,57,1-0,White,<=5s vs <=5s,1116
WF1bBM8I,110,1-0,Black,<=5s vs <=5s,2548
BougIvTL,53,1-0,White,<=5s vs 10-15s,1433
zka8t5K4,108,0-1,Black,<=5s vs <=5s,2410
mwtk8UYY,102,0-1,Black,<=5s vs 10-15s,2539
o996EhT8,90,0-1,Black,<=5s vs 5-10s,1490
iVdrMkIu,126,1/2-1/2,Black,<=5s vs 10-15s,2321
ZfBulgpi,68,1-0,Black,<=5s vs 5-10s,1311
oEZ574yg,48,0-1,Black,<=5s vs 15-20s,873
Z6mRLDsM,97,1-0,White,<=5s vs 15-20s,2382
0mQyC2CJ,45,1-0,White,<=5s vs 5-10s,644
EfblOVTI,58,0-1,Black,<=5s vs <=5s,1265
EtEvLL0I,48,0-1,Black,<=5s vs <=5s,1265
vI6aQ9gS,96,1-0,Black,<=5s vs 5-10s,1910
WMy8EPi1,59,1-0,White,<=5s vs 15-20s,1698
mvxZIhUC,35,1-0,White,<=5s vs 10-15s,1133
dyEJhjB2,87,1-0,White,<=5s vs 15-20s,2505
UhZ76D6T,82,0-1,Black,<=5s vs 5-10s,2150
OuNTH90F,83,1-0,White,<=5s vs 5-10s,1923
bOPzoNXL,94,1/2-1/2,Black,<=5s vs 5-10s,2048
MahFI2Kp,74,1-0,Black,<=5s vs 5-10s,2057
CA3HAQvB,62,0-1,Black,<=5s vs 5-10s,2217
ewxYJBc5,104,1-0,Black,<=5s vs <=5s,2276
Uxq6PbHE,71,1-0,White,<=5s vs 5-10s,1896
fhjuxmL9,57,1-0,White,<=5s vs 15-20s,2323
caeCnztD,72,0-1,Black,<=5s vs 5-10s,2085
YkmPmMDT,56,0-1,Black,<=5s vs 10-15s,2129
3NxK6nfz,56,1-0,Black,<=5s vs 10-15s,1630
8nNp089y,74,0-1,Black,<=5s vs <=5s,2542
BRX03OpT,93,1-0,White,<=5s vs 5-10s,2087
nRntqBRD,68,0-1,Black,<=5s vs 10-15s,1666
5zdRjNAP,67,1-0,White,<=5s vs 10-15s,1995
yLLMBbrq,65,0-1,White,<=5s vs 5-10s,2616
FQlt3Ofd,72,0-1,Black,<=5s vs 5-10s,2334
Ufbs6Xnm,94,0-1,Black,<=5s vs 5-10s,2318
2cUijXkP,64,0-1,Black,<=5s vs 5-10s,1069
obwFETWQ,84,0-1,Black,<=5s vs <=5s,2177
0DXKUSkI,106,0-1,Black,<=5s vs 10-15s,2970
msYL7rS8,52,0-1,Black,<=5s vs 10-15s,939
i0YYAjeD,107,1-0,White,<=5s vs 5-10s,1426
7mvCH4gJ,114,1/2-1/2,Black,<=5s vs 10-15s,1967
NBvzCxSB,63,1-0,White,<=5s vs 10-15s,2263
GVWlU2rK,108,0-1,Black,<=5s vs 15-20s,2287
N6uLJTuX,83,1-0,White,<=5s vs <=5s,2114
woNNORHV,143,1-0,White,<=5s vs 15-20s,2376
20xFCtHP,36,0-1,Black,<=5s vs 15-20s,1485
aAWLl7IN,95,0-1,White,<=5s vs 5-10s,2120
tOXfP5Bn,108,0-1,Black,<=5s vs 15-20s,1946
cp7l5bb5,50,0-1,Black,<=5s vs <=5s,1512
eaI7PdMw,49,1-0,White,<=5s vs <=5s,896
mOXStsjf,76,0-1,Black,<=5s vs 5-10s,1784
D8buXJTn,66,0-1,Black,<=5s vs 15-20s,2029
WGaInt4R,56,0-1,Black,<=5s vs 15-20s,1380
EcOoj9Wt,83,0-1,White,<=5s vs <=5s,1926
ftN98KrG,59,1-0,White,<=5s vs 5-10s,1973
6kxGSUpm,92,0-1,Black,<=5s vs <=5s,1872
M7YLwMmJ,78,0-1,Black,<=5s vs <=5s,2406
8R8RTZqE,60,0-1,Black,<=5s vs 15-20s,1335
9EYQAhch,77,1-0,White,<=5s vs 10-15s,2641
dunTwbrn,86,0-1,Black,<=5s vs 15-20s,799
Z2cu2Bv6,107,1-0,White,<=5s vs 15-20s,2212
wJUScXe9,128,0-1,Black,<=5s vs 5-10s,2689
P7mcWz5j,165,1/2-1/2,White,<=5s vs 10-15s,2373
KSFhAecH,58,0-1,Black,<=5s vs 15-20s,2329
8BU0zYoo,85,1-0,White,<=5s vs 5-10s,1775
jBXa3Q78,56,0-1,Black,<=5s vs 15-20s,1907
JbnSEvt5,91,0-1,White,<=5s vs 15-20s,2411
9a0P3Jrk,62,0-1,Black,<=5s vs 5-10s,1765
5f8V69BG,56,0-1,Black,<=5s vs 15-20s,2136
MAiUYazG,74,1-0,Black,<=5s vs <=5s,2550
BrBzPXwn,57,0-1,White,<=5s vs <=5s,1491
6pZzCrCm,105,1-0,White,<=5s vs 5-10s,2517
ZrTjrFsR,38,0-1,Black,<=5s vs 10-15s,1105
9CET4XHo,80,0-1,Black,<=5s vs <=5s,1401
Y6QMfLhi,78,0-1,Black,<=5s vs 10-15s,2032
uAGE8Y6m,79,1-0,White,<=5s vs 10-15s,1079
RrsSyFmh,63,0-1,White,<=5s vs <=5s,1670
FeDk52QH,106,0-1,Black,<=5s vs 5-10s,2544
rfTptM9Y,58,1-0,Black,<=5s vs 10-15s,1575
7ARyPq2k,48,0-1,Black,<=5s vs 10-15s,1210
BhTavRdG,109,0-1,White,<=5s vs <=5s,2834
nRxc944B,81,1-0,White,<=5s vs 10-15s,2324
7jvf2NHk,62,0-1,Black,<=5s vs 10-15s,1557
tNCDS5zX,85,1-0,White,<=5s vs 10-15s,2601
1O55wHob,46,0-1,Black,<=5s vs 15-20s,1462
42NVygq8,56,0-1,Black,<=5s vs 10-15s,1308
RNyLT7G8,68,0-1,Black,<=5s vs 15-20s,1842
qzG6bEXA,62,0-1,Black,<=5s vs <=5s,2200
D6WneLA2,112,0-1,Black,<=5s vs 5-10s,2116
cxvs4aBK,61,1-0,White,<=5s vs 15-20s,1434
9b2CxstX,66,0-1,Black,<=5s vs 5-10s,865
IVaZPgtd,79,1-0,White,<=5s vs <=5s,1894
TROsiMKp,110,1/2-1/2,Black,<=5s vs 10-15s,1580
4XjNWiqH,108,1-0,Black,<=5s vs <=5s,2320
SDFJ89lK,67,1-0,White,<=5s vs 10-15s,1473
NLsX5bZT,69,1/2-1/2,White,<=5s vs 10-15s,2107
mwmHlqVa,50,0-1,Black,<=5s vs <=5s,1199
3VRi28pu,88,0-1,Black,<=5s vs 15-20s,2029
Sc0vJxAs,60,1-0,Black,<=5s vs 10-15s,2027
3PCTh0Q1,86,0-1,Black,<=5s vs 5-10s,2201
WjjL1Dd6,69,1-0,White,<=5s vs 15-20s,1278
xcOmKzvw,83,1-0,White,<=5s vs 5-10s,1422
EeUOch5T,167,0-1,White,<=5s vs 15-20s,2460
siA19t79,76,0-1,Black,<=5s vs 5-10s,1779
1wKAmhXm,82,1-0,Black,<=5s vs 5-10s,1662
88n8Rel9,67,1-0,White,<=5s vs 15-20s,1768
2KgrdvzZ,66,0-1,Black,<=5s vs 10-15s,2271
ZTeA89KU,64,0-1,Black,<=5s vs 10-15s,1630
BdDkPXvB,63,1-0,White,<=5s vs 5-10s,1780
WAwUH7zn,108,0-1,Black,<=5s vs <=5s,1555
cGPvUuEZ,92,1/2-1/2,Black,<=5s vs 15-20s,2755
eEr1MFH9,75,1-0,White,<=5s vs 15-20s,1281
zaXMsxk3,51,1-0,White,<=5s vs 15-20s,765
5dFRXujb,61,1-0,White,<=5s vs 5-10s,1858
NpvgrPVi,67,1-0,White,<=5s vs 15-20s,2147
uiW6zZkM,98,0-1,Black,<=5s vs 10-15s,2804
l7kfPVEk,79,1-0,White,<=5s vs 5-10s,1059
70fw3Bwl,42,0-1,Black,<=5s vs 5-10s,937
ctXOg1MV,105,1-0,White,<=5s vs 5-10s,2102
8GcuIgDs,51,1-0,White,<=5s vs 15-20s,1168
lpzG1zce,44,0-1,Black,<=5s vs 10-15s,1101
jdkLWH6P,64,0-1,Black,<=5s vs 10-15s,1344
0XHICmpH,52,0-1,Black,<=5s vs <=5s,1525
TnwTrcxI,110,0-1,Black,<=5s vs 10-15s,2246
PU1Ow8Tj,103,1-0,White,<=5s vs 5-10s,2974
Fe4CSLFU,117,0-1,White,<=5s vs 10-15s,2196
7Z6LDgAp,102,0-1,Black,<=5s vs 5-10s,2299
UAcEdVdD,56,0-1,Black,<=5s vs 10-15s,1918
ojfi37At,101,1-0,White,<=5s vs 5-10s,2339
S7GBBQDu,44,0-1,Black,<=5s vs 5-10s,987
zwiCLspY,90,0-1,Black,<=5s vs 5-10s,1882
1GGgRZ3s,68,1-0,Black,<=5s vs 5-10s,1748
EAtpZAEH,91,1-0,White,<=5s vs 15-20s,1392
GYvdlh6U,107,0-1,White,<=5s vs 15-20s,1971
jrQF2rZK,87,1/2-1/2,White,<=5s vs <=5s,1329
2monVY6h,58,0-1,Black,<=5s vs 15-20s,2125
XpahxEXe,91,1-0,White,<=5s vs 10-15s,1968
KSYnypaH,95,0-1,White,<=5s vs <=5s,2643
kMa1NIFM,41,1-0,White,<=5s vs 15-20s,972
4uHmg5MZ,108,0-1,Black,<=5s vs 10-15s,1736
vdO5ksOL,64,0-1,Black,<=5s vs <=5s,1088
4zbYa0Ez,77,1-0,White,<=5s vs <=5s,1735
ZR5egC1Q,59,1-0,White,<=5s vs 15-20s,2137
UYMfoL5D,40,0-1,Black,<=5s vs 5-10s,854
hTi56DCr,94,0-1,Black,<=5s vs 10-15s,1953
OZY9dUZ3,62,0-1,Black,<=5s vs 10-15s,1857
o3zmLGQE,88,0-1,Black,<=5s vs 15-20s,1886
4NM3gjlf,106,0-1,Black,<=5s vs 5-10s,2494
feyVGrOx,122,0-1,Black,<=5s vs 15-20s,2106
wC1gug73,95,0-1,White,<=5s vs <=5s,1869
3GHFq4vs,80,0-1,Black,<=5s vs 10-15s,2235
44siR0NF,55,1-0,White,<=5s vs 5-10s,1392
XTRAJ6aK,48,0-1,Black,<=5s vs 5-10s,1207
tWoyMnbF,53,1-0,White,<=5s vs 10-15s,1990
WxnbZOEm,93,1-0,White,<=5s vs 10-15s,2931
BzfroS5z,79,1-0,White,<=5s vs 5-10s,2133
JtvqOJIu,54,0-1,Black,<=5s vs 15-20s,1703
lAnLwd2N,121,1-0,White,<=5s vs 5-10s,1239
XyhUWzJv,88,0-1,Black,<=5s vs 10-15s,1961
sjoLSw94,100,0-1,Black,<=5s vs 5-10s,2302
A4Ek4H7y,67,1-0,White,<=5s vs 5-10s,1676
NvPmhrta,61,1-0,White,<=5s vs 15-20s,2143
9uMHq8b1,71,1-0,White,<=5s vs 5-10s,2513
10olgfFV,61,1-0,White,<=5s vs 10-15s,1838
hrKVKbaI,49,1-0,White,<=5s vs 15-20s,946
hMZGoNI6,143,1-0,White,<=5s vs 15-20s,2584
Y9smhsnE,54,0-1,Black,<=5s vs <=5s,1816
3Y1uryKg,67,1-0,White,<=5s vs 10-15s,1411
RyGDkAiL,107,1-0,White,<=5s vs 15-20s,2552
Okyy6bxv,65,1-0,White,<=5s vs 5-10s,1846
c6RzleLl,80,0-1,Black,<=5s vs 10-15s,976
dvtBDfbc,82,0-1,Black,<=5s vs 15-20s,2133
aGDl6mO3,78,0-1,Black,<=5s vs 10-15s,2603
PqM0lr8z,39,1-0,White,<=5s vs 5-10s,1393
aah04VDv,63,0-1,White,<=5s vs 5-10s,1146
OJEEXTKR,61,1-0,White,<=5s vs 15-20s,1790
O4P5hSs3,54,0-1,Black,<=5s vs 10-15s,2325
W8MXHtK1,132,1/2-1/2,Black,<=5s vs 10-15s,2326
QQnLECMF,60,0-1,Black,<=5s vs 15-20s,1698
tqHBFNor,62,0-1,Black,<=5s vs 15-20s,1551
P2fYjFJp,57,0-1,White,<=5s vs 10-15s,1199
YtiBxxCp,71,1-0,White,<=5s vs 15-20s,2035
PUCVBG3L,25,1-0,White,<=5s vs 15-20s,524
3IWMk6ig,62,0-1,Black,<=5s vs <=5s,1527
opQ0Tt36,75,1-0,White,<=5s vs 5-10s,2171
Gdw6xlV9,95,1-0,White,<=5s vs <=5s,2104
JCLPIQbV,47,0-1,White,<=5s vs 10-15s,1389
d0Hn080k,102,1-0,Black,<=5s vs 5-10s,1941
Sewx9elt,50,0-1,Black,<=5s vs 15-20s,1885
vPDnFWQc,54,0-1,Black,<=5s vs 15-20s,1036
hAmrN3uo,53,1-0,White,<=5s vs 15-20s,1001
SmydzXl3,59,1-0,White,<=5s vs 10-15s,2210
XpZ7xJdd,53,1-0,White,<=5s vs 15-20s,1817
F0myFARH,58,0-1,Black,<=5s vs <=5s,1792
TaeDvqD4,48,0-1,Black,<=5s vs 10-15s,1448
31rommny,68,1-0,Black,<=5s vs 5-10s,1613
ansz4MiK,53,0-1,White,<=5s vs <=5s,1300
0WOG5pC4,68,1-0,Black,<=5s vs <=5s,2343
OsMHXZrv,55,1-0,White,<=5s vs 15-20s,1231
HaPQYc1x,57,1-0,White,<=5s vs 15-20s,1469
q7BTF8JK,46,0-1,Black,<=5s vs 5-10s,1683
OVQXSmVj,45,1-0,White,<=5s vs 10-15s,678
wu1jC7Rm,69,1-0,White,<=5s vs 10-15s,1175
MDbKmk3C,85,1-0,White,<=5s vs 5-10s,1218
3mr2693C,89,1-0,White,<=5s vs 5-10s,2574
639k8Mwg,42,1-0,Black,<=5s vs <=5s,1279
MicYJBXw,55,1-0,White,<=5s vs 15-20s,1206
EEoFmIew,85,1-0,White,<=5s vs 5-10s,1894
MSCJksgt,80,0-1,Black,<=5s vs 15-20s,1874
bc41VE1C,69,1-0,White,<=5s vs 5-10s,1317
N0Q5ybxu,85,1-0,White,<=5s vs 15-20s,1706
CaUVKmmH,52,0-1,Black,<=5s vs 10-15s,1211
W5sVOyEk,56,0-1,Black,<=5s vs 10-15s,2012
IoueUYzp,74,0-1,Black,<=5s vs 10-15s,1730
DImCu8Zy,64,0-1,Black,<=5s vs 10-15s,2318
JxHlokmL,113,1-0,White,<=5s vs 10-15s,1854
ILXZJeKf,53,0-1,White,<=5s vs 5-10s,2065
mpqFvQaJ,64,0-1,Black,<=5s vs 10-15s,2114
30bYz9xA,45,1-0,White,<=5s vs 15-20s,1516
SCpD3GUf,65,1-0,White,<=5s vs 10-15s,1505
65qsqP1i,67,1-0,White,<=5s vs 10-15s,2633
PXDQepi1,82,0-1,Black,<=5s vs 5-10s,2241
fNwhsxH7,55,1-0,White,<=5s vs 15-20s,1379
x13vNz34,63,1-0,White,<=5s vs 10-15s,988
9QId1ceG,66,0-1,Black,<=5s vs 15-20s,1695
V6PnziMN,87,1-0,White,<=5s vs 5-10s,2217
dbUlZw7B,60,0-1,Black,<=5s vs 5-10s,1824
QuO841Og,45,1-0,White,<=5s vs 10-15s,1488
FWXOuRlv,53,1-0,White,<=5s vs 15-20s,1147
7bO8OVUU,118,1/2-1/2,Black,<=5s vs 10-15s,2317
dohjvAYx,68,0-1,Black,<=5s vs 15-20s,2425
Lej9kxRS,48,0-1,Black,<=5s vs 10-15s,1289
LDQ77t56,70,0-1,Black,<=5s vs 5-10s,1722
0OdvvHb9,103,1-0,White,<=5s vs 15-20s,2067
U4TgOGD1,112,0-1,Black,<=5s vs 5-10s,2337
lAUOhfmM,60,0-1,Black,<=5s vs 10-15s,1818
VYnNd2Tv,54,1/2-1/2,Black,<=5s vs 15-20s,2535
MtxUAGXS,126,1/2-1/2,Black,<=5s vs 15-20s,2087
GAUbdwLu,54,0-1,Black,<=5s vs 5-10s,982
rdBKC3c0,73,0-1,White,<=5s vs 10-15s,2093
GneOtTUg,88,1/2-1/2,Black,<=5s vs 10-15s,2081
jKhVncfb,104,1-0,Black,<=5s vs <=5s,1991
ODLMEdj0,52,0-1,Black,<=5s vs 10-15s,1988
78M1dzYh,54,0-1,Black,<=5s vs 5-10s,1491
NYDBAWbR,76,0-1,Black,<=5s vs <=5s,1489
t01Yka5T,91,1-0,White,<=5s vs 15-20s,2076
tB8jZph1,62,0-1,Black,<=5s vs 5-10s,1549
kTY2Yysd,69,1-0,White,<=5s vs 5-10s,2151
LFsEKgMt,78,0-1,Black,<=5s vs 5-10s,2355
td5trY5u,88,0-1,Black,<=5s vs 15-20s,1094
x8qXT7RH,44,0-1,Black,<=5s vs 15-20s,1471
0VHqUDMG,73,0-1,White,<=5s vs 10-15s,2322
FvbHed0L,47,1-0,White,<=5s vs 10-15s,1606
GMlWynX6,111,0-1,White,<=5s vs <=5s,1808
C14iECnJ,96,0-1,Black,<=5s vs 5-10s,1961
LFvNgfSG,38,0-1,Black,<=5s vs 5-10s,1069
3aaJw83P,81,1-0,White,<=5s vs 15-20s,1500
KUMIkaYo,111,1-0,White,<=5s vs 15-20s,2659
ECShsUGd,108,0-1,Black,<=5s vs 15-20s,2451
mPZYFRa0,53,1-0,White,<=5s vs <=5s,1760
GXodoGEs,130,0-1,Black,<=5s vs <=5s,2558
AaC5XyQV,40,0-1,Black,<=5s vs 15-20s,963
8YGb2UXj,71,1-0,White,<=5s vs 15-20s,1897
G8XiC1UI,68,0-1,Black,<=5s vs 5-10s,2373
BK0qbra2,95,1-0,White,<=5s vs <=5s,2645
De18uIEs,76,0-1,Black,<=5s vs <=5s,2339
ZWRjRGNv,54,0-1,Black,<=5s vs 5-10s,2347
zd62GD0g,75,1-0,White,<=5s vs 15-20s,1679
FO1UmGC3,55,1-0,White,<=5s vs 10-15s,1430
KwWY1klr,71,1-0,White,<=5s vs 5-10s,1933
kmXg623v,121,0-1,White,<=5s vs 5-10s,1622
bvjJHLAh,43,0-1,White,<=5s vs 5-10s,1531
xUkVnVkN,72,0-1,Black,<=5s vs 10-15s,1201
EmDHM4wx,67,1-0,White,<=5s vs 5-10s,2213
Xazv5JVt,57,1-0,White,<=5s vs 15-20s,1701
ksIzJIKz,75,1-0,White,<=5s vs 10-15s,1644
NCQ7qC32,99,1-0,White,<=5s vs 15-20s,1830
5Kkpm9cm,44,0-1,Black,<=5s vs 10-15s,1490
Xcv5TMB5,66,0-1,Black,<=5s vs <=5s,1192
fSGpDwvn,77,1-0,White,<=5s vs 5-10s,2089
ReTcpVxH,77,0-1,White,<=5s vs <=5s,1613
RfnPbPnt,100,0-1,Black,<=5s vs 15-20s,1683
MtTr0ku0,84,0-1,Black,<=5s vs 15-20s,2483
aABhzXfZ,76,0-1,Black,<=5s vs 5-10s,2404
Dc8KoV5L,95,1/2-1/2,White,<=5s vs 15-20s,1941
hVS82xTZ,55,1-0,White,<=5s vs 10-15s,1438
2myX3FeG,36,0-1,Black,<=5s vs 15-20s,2206
8qZA2LWO,74,0-1,Black,<=5s vs 10-15s,1891
d3gmtHXw,61,1-0,White,<=5s vs 5-10s,1381
80hHDFK9,68,0-1,Black,<=5s vs <=5s,2200
IWS5SFvl,57,1-0,White,<=5s vs 5-10s,1752
iLWKplHe,86,0-1,Black,<=5s vs 5-10s,2564
676ptKBJ,94,0-1,Black,<=5s vs 15-20s,1945
zJxKgDgf,57,1-0,White,<=5s vs <=5s,991
o7Rwpgfp,79,1-0,White,<=5s vs 15-20s,1601
KwiUuC3T,91,1-0,White,<=5s vs <=5s,2239
KITGf17a,51,1-0,White,<=5s vs 5-10s,1568
Ai8N2KqC,79,0-1,White,<=5s vs <=5s,1951
mMYsCFbE,71,0-1,White,<=5s vs 5-10s,1427
R2ItpU70,65,1-0,White,<=5s vs <=5s,1331
VvQWjxnW,69,1/2-1/2,White,<=5s vs 5-10s,1967
6HJnTsYp,59,1-0,White,<=5s vs 15-20s,1672
7SISNIPC,83,1-0,White,<=5s vs <=5s,1647
0xZqdzev,52,0-1,Black,<=5s vs 5-10s,1133
RxhZcyr7,57,1-0,White,<=5s vs 15-20s,2204
Bde2sNrr,46,0-1,Black,<=5s vs 10-15s,877
UCeN6ypC,62,0-1,Black,<=5s vs 10-15s,2194
BHwuZLh2,65,1-0,White,<=5s vs 10-15s,1990
9CKkL4sX,122,1-0,Black,<=5s vs <=5s,2362
VwTzwY0z,65,1-0,White,<=5s vs 10-15s,1775
GpvjNhKo,65,1-0,White,<=5s vs 15-20s,2186
hdcsVjDO,103,1-0,White,<=5s vs 10-15s,2366
5mxAj1LE,78,0-1,Black,<=5s vs <=5s,2385
Zc4bHu7U,63,1-0,White,<=5s vs 15-20s,990
xhDYoKDt,82,1/2-1/2,Black,<=5s vs <=5s,1856
nbcNA2GH,84,1/2-1/2,Black,<=5s vs 5-10s,1322
I9xOJIwS,59,1-0,White,<=5s vs 15-20s,1713
Wf4ZZ7th,91,1-0,White,<=5s vs 5-10s,2513
fS0L7vio,64,1-0,Black,<=5s vs <=5s,1928
CTuhhbuz,118,0-1,Black,<=5s vs 10-15s,2380
FovgStyw,73,1-0,White,<=5s vs 10-15s,2141
TOVEdOTU,101,1-0,White,<=5s vs 5-10s,2447
IApIjdiE,106,0-1,Black,<=5s vs 5-10s,1731
RqsPLNMU,98,0-1,Black,<=5s vs 5-10s,2171
Y4Wp3OVt,86,1-0,Black,<=5s vs <=5s,1825
YTQIS53K,75,1-0,White,<=5s vs 5-10s,1914
rKzilG0P,124,0-1,Black,<=5s vs 10-15s,2422
ffAg1c3y,76,1-0,Black,<=5s vs <=5s,1541
XVw6klaf,105,1/2-1/2,White,<=5s vs 5-10s,2594
Q996lH1k,79,1-0,White,<=5s vs 5-10s,1649
YB4Zhw8m,89,1-0,White,<=5s vs 15-20s,2307
AMV2PTH6,73,1-0,White,<=5s vs 10-15s,1678
jwKBlxQu,56,0-1,Black,<=5s vs <=5s,1329
1KwGBQDy,64,0-1,Black,<=5s vs 15-20s,1943
0sKdepb2,67,1-0,White,<=5s vs 10-15s,1682
prAo7KnR,93,0-1,White,<=5s vs <=5s,1028
FcBIGNCs,48,0-1,Black,<=5s vs 10-15s,2054
Sl3CTfWm,85,0-1,White,<=5s vs 5-10s,1949
MAeCOtp9,108,1/2-1/2,Black,<=5s vs 15-20s,2428
FJVZIIiX,66,0-1,Black,<=5s vs 5-10s,1592
HSEJVJ8F,51,1-0,White,<=5s vs 15-20s,1048
rrSlTs19,85,1-0,White,<=5s vs 10-15s,2537
3o718TRk,95,0-1,White,<=5s vs 5-10s,2609
ffuiR8We,72,0-1,Black,<=5s vs 5-10s,2282
wfE2IdKQ,44,0-1,Black,<=5s vs 10-15s,1716
LIBAdeXw,67,0-1,White,<=5s vs 10-15s,1777
G9LWfely,67,0-1,White,<=5s vs 5-10s,1876
U0N58fFx,80,0-1,Black,<=5s vs 15-20s,2071
U21NAnxn,72,0-1,Black,<=5s vs 5-10s,2275
mMo66xMg,53,1-0,White,<=5s vs 10-15s,1873
aKPuCZDN,73,1-0,White,<=5s vs 10-15s,1778
XYdYl2go,60,0-1,Black,<=5s vs 10-15s,2368
fJobfaST,62,0-1,Black,<=5s vs <=5s,1122
E4YsrXQK,53,1-0,White,<=5s vs 10-15s,1100
KcSQaZn2,68,0-1,Black,<=5s vs 10-15s,1733
Gd3yAmGf,57,0-1,White,<=5s vs 15-20s,2204
R4rEBa8B,67,1-0,White,<=5s vs 5-10s,2027
COhiJ3Pm,77,0-1,White,<=5s vs <=5s,1811
XeLVzSsM,140,1/2-1/2,Black,<=5s vs 10-15s,1873
n47OqN2K,68,1-0,Black,<=5s vs 5-10s,1601
PbLjlvKp,150,1/2-1/2,Black,<=5s vs 15-20s,2684
tswYGHRc,80,1-0,Black,<=5s vs <=5s,1531
Fdsx5RKX,75,1-0,White,<=5s vs 10-15s,1914
AkG1VJIT,61,1-0,White,<=5s vs 15-20s,1445
W0NK1L9N,86,1/2-1/2,Black,<=5s vs 10-15s,2181
GB0iDmRV,60,1-0,Black,<=5s vs <=5s,834
QqqmArRW,193,1/2-1/2,White,<=5s vs 10-15s,2457
JWJNcH2c,109,0-1,White,<=5s vs 5-10s,1911
Obc5YPAI,88,1-0,Black,<=5s vs <=5s,1542
Rt6pw1TM,46,0-1,Black,<=5s vs 15-20s,1320
couas1cG,78,1-0,Black,<=5s vs <=5s,1946
td8zTpiX,80,0-1,Black,<=5s vs 15-20s,2343
ZKhHxiYb,89,1-0,White,<=5s vs 10-15s,1312
kIKEHmQe,63,1-0,White,<=5s vs 10-15s,1290
QuHfRYDL,54,1-0,Black,<=5s vs 5-10s,2080
7gz1vKon,69,1-0,White,<=5s vs 5-10s,1668
64qkfMiy,72,0-1,Black,<=5s vs 15-20s,2137
AgKfrK7y,91,1-0,White,<=5s vs 5-10s,2192
gsdrFtcy,50,0-1,Black,<=5s vs 5-10s,1730
7VjrTwEb,43,1-0,White,<=5s vs 15-20s,918
8cL9LtmK,70,0-1,Black,<=5s vs <=5s,1772
sAYLmxIF,62,0-1,Black,<=5s vs 5-10s,1801
33JLTnN9,106,1/2-1/2,Black,<=5s vs 10-15s,1441
StIAgeBp,55,1-0,White,<=5s vs <=5s,1381
VklfHI0S,36,0-1,Black,<=5s vs 10-15s,868
6aj1IuaO,59,1-0,White,<=5s vs 5-10s,1043
snyvpRLZ,48,0-1,Black,<=5s vs 15-20s,1520
IcOT7ChQ,45,1-0,White,<=5s vs 15-20s,1728
wAOpjW9Y,68,0-1,Black,<=5s vs 10-15s,1474
ApAqqn81,64,0-1,Black,<=5s vs 10-15s,1758
s1tV9DWx,98,0-1,Black,<=5s vs 5-10s,2306
mr0pgHif,63,1-0,White,<=5s vs 10-15s,1531
EGZsvpzy,97,1-0,White,<=5s vs 5-10s,1723
2d2XdnAP,83,0-1,White,<=5s vs 5-10s,2073
nThHgnsA,75,1-0,White,<=5s vs 5-10s,963
GOpYlYKC,108,1/2-1/2,Black,<=5s vs <=5s,2384
XuBhZsAK,59,1-0,White,<=5s vs 15-20s,1410
pAe7f4cz,61,1-0,White,<=5s vs 15-20s,1533
EB02vxX1,105,0-1,White,<=5s vs <=5s,1743
NMlfZavK,56,0-1,Black,<=5s vs 15-20s,1749
JehE88oq,72,0-1,Black,<=5s vs <=5s,1762
CoUklJAX,81,1-0,White,<=5s vs 5-10s,1443
DR1fLaui,58,0-1,Black,<=5s vs 10-15s,1068
lkc9RE15,63,1-0,White,<=5s vs 5-10s,2071
NwupxBaP,51,1-0,White,<=5s vs 5-10s,1028
YAlxUgfV,127,1-0,White,<=5s vs 15-20s,2376
EdKh44Df,82,0-1,Black,<=5s vs 15-20s,2069
M7Hjwzhw,72,0-1,Black,<=5s vs 10-15s,1486
JCTWS74E,91,1-0,White,<=5s vs 15-20s,2292
VOk9kgEl,76,0-1,Black,<=5s vs 15-20s,1919
EioQ4Qkq,54,0-1,Black,<=5s vs 5-10s,1129
r4w3xpMT,60,0-1,Black,<=5s vs 15-20s,2078
RyxYVnxC,44,0-1,Black,<=5s vs 15-20s,1146
ak3i8Vnc,76,1-0,Black,<=5s vs 15-20s,2324
OoIJDwrd,87,1-0,White,<=5s vs 15-20s,2090
zI4FjCdN,82,0-1,Black,<=5s vs 15-20s,1379
2XbJN8zh,66,0-1,Black,<=5s vs 10-15s,1664
XBFiZO1d,57,1-0,White,<=5s vs 5-10s,1571
wZUeLpVC,65,1-0,White,<=5s vs 10-15s,1586
TZd0j3g3,55,1-0,White,<=5s vs 10-15s,1500
4wnxoDZP,77,0-1,White,<=5s vs 5-10s,2143
HSljaLd7,103,1-0,White,<=5s vs 10-15s,2309
LPdzhXwV,54,0-1,Black,<=5s vs 5-10s,2160
nZZVijdm,31,1-0,White,<=5s vs 15-20s,902
FEKipWXN,102,0-1,Black,<=5s vs 5-10s,2129
ldKRroaJ,128,0-1,Black,<=5s vs 10-15s,2028
Hw2NH1YB,80,0-1,Black,<=5s vs 5-10s,2763
3BnvKMVL,60,0-1,Black,<=5s vs 15-20s,1959
dPP7CppP,58,0-1,Black,<=5s vs 15-20s,1919
sLFh5qMQ,114,1-0,Black,<=5s vs 5-10s,2116
gImmlY68,70,1-0,Black,<=5s vs <=5s,1042
kw8c2NYD,124,0-1,Black,<=5s vs 10-15s,1372
wKaPHlVN,107,1-0,White,<=5s vs 15-20s,2281
nLnZtGsZ,96,0-1,Black,<=5s vs 10-15s,2577
21iYflXf,102,1-0,Black,<=5s vs <=5s,2446
Qst0tGue,88,0-1,Black,<=5s vs 10-15s,2134
IvV2LWrH,50,0-1,Black,<=5s vs 15-20s,1533
Um2eKu6F,89,1-0,White,<=5s vs 5-10s,1487
fmAEUgOt,90,0-1,Black,<=5s vs 15-20s,2659
7PQKRvTg,79,1-0,White,<=5s vs 10-15s,1929
EgGdQ9H1,97,0-1,White,<=5s vs 5-10s,2434
8iYawF7C,93,1-0,White,<=5s vs 15-20s,2757
oOWkjb44,56,0-1,Black,<=5s vs 10-15s,1683
6Kj6uwq5,59,1-0,White,<=5s vs 10-15s,2062
BXF067ki,72,0-1,Black,<=5s vs 10-15s,1978
AHu4z6zs,86,0-1,Black,<=5s vs <=5s,2323
i2VzNH3w,129,1-0,White,<=5s vs 15-20s,2356
WikFNEYc,30,0-1,Black,<=5s vs 10-15s,898
27QQiI3Q,57,0-1,White,<=5s vs 5-10s,1377
U5GMV0dd,48,1-0,Black,<=5s vs <=5s,1370
CHku0AMD,136,0-1,Black,<=5s vs 10-15s,1380
e41Qtxo7,65,1-0,White,<=5s vs 5-10s,1758
YHCFdFaW,63,1-0,White,<=5s vs 10-15s,1587
VTFY5ybk,47,1-0,White,<=5s vs 15-20s,1402
Dkuebzx3,163,1-0,White,<=5s vs 10-15s,2279
erI8hYlX,62,0-1,Black,<=5s vs <=5s,1851
84lUAf4T,58,0-1,Black,<=5s vs 5-10s,1527
KVVSfRbt,134,0-1,Black,<=5s vs 10-15s,2689
Ut8YcZX4,55,1-0,White,<=5s vs 15-20s,1606
9AN7U0Qb,62,0-1,Black,<=5s vs 15-20s,1889
Nb94aJIj,68,0-1,Black,<=5s vs <=5s,2050
2SbErTFv,80,1-0,Black,<=5s vs <=5s,1683
AlhjKH1O,106,1-0,Black,<=5s vs <=5s,2386
IcUDjZcx,85,1-0,White,<=5s vs 15-20s,2044
FTHfBW4H,69,1-0,White,<=5s vs 5-10s,2200
TMkuA6mO,105,1-0,White,<=5s vs 10-15s,3008
z2oAzvPD,50,0-1,Black,<=5s vs 15-20s,1564
kVa5lE5T,66,0-1,Black,<=5s vs 10-15s,1700
Hqp83Asz,99,1-0,White,<=5s vs 15-20s,1219
AW3wQXKB,76,0-1,Black,<=5s vs 5-10s,2292
grwPCaMQ,122,1-0,Black,<=5s vs 15-20s,2287
HeDYPht1,55,1-0,White,<=5s vs 15-20s,1715
WoP7Fo3I,106,1/2-1/2,Black,<=5s vs 5-10s,1960
GQGZZyPk,74,1-0,Black,<=5s vs <=5s,2210
08RoXrso,116,1-0,Black,<=5s vs <=5s,2370
9TUhFcw8,157,0-1,White,<=5s vs 5-10s,2117
faoylA73,70,0-1,Black,<=5s vs 5-10s,1593
RP1FDNTu,73,1-0,White,<=5s vs 5-10s,1498
jJtTJqLO,56,0-1,Black,<=5s vs 15-20s,1396
EYau9ueB,81,1-0,White,<=5s vs 10-15s,1878
JVMBqxZA,123,1/2-1/2,White,<=5s vs 5-10s,2021
pTLWGGD4,78,0-1,Black,<=5s vs 5-10s,1994
CXRU4Vo4,41,1-0,White,<=5s vs 5-10s,1283
ytfdENSU,109,0-1,White,<=5s vs <=5s,1974
S9cxvQom,100,0-1,Black,<=5s vs 10-15s,2503
XYWjbQZy,78,0-1,Black,<=5s vs 10-15s,1865
GLkVetAU,74,0-1,Black,<=5s vs 10-15s,1898
1vV0EE66,56,0-1,Black,<=5s vs 15-20s,2053
EfeWyxLY,73,0-1,White,<=5s vs 15-20s,1994
4whgZQQl,105,1-0,White,<=5s vs 15-20s,2388
8MBROF0u,70,1-0,Black,<=5s vs <=5s,1617
KCaLNVvx,52,0-1,Black,<=5s vs 5-10s,1672
lfX1wcpG,57,1-0,White,<=5s vs 5-10s,1101
m9HwoMIo,112,1-0,Black,<=5s vs <=5s,2327
8FgSKkqw,107,0-1,White,<=5s vs <=5s,2446
rsIdWayC,55,0-1,White,<=5s vs 5-10s,1274
HzsG6tEt,83,0-1,White,<=5s vs 5-10s,2555
rvP4M2lU,105,1/2-1/2,White,<=5s vs <=5s,2165
7B8mY4lV,60,0-1,Black,<=5s vs 5-10s,1894
V65RJqJD,77,1-0,White,<=5s vs 10-15s,1787
JE2Kkfiz,81,1-0,White,<=5s vs 10-15s,1981
2eO47D7C,52,0-1,Black,<=5s vs 10-15s,1008
dfZUxNrB,48,0-1,Black,<=5s vs 10-15s,1240
qvh6ueyL,80,1/2-1/2,Black,<=5s vs 10-15s,1539
4R3QAun5,91,1-0,White,<=5s vs 10-15s,2507
uGMiqs23,130,0-1,Black,<=5s vs 5-10s,1862
hUomz9D2,52,0-1,Black,<=5s vs 15-20s,1704
IiMIdl0M,61,1-0,White,<=5s vs 15-20s,2362
am64Mzcn,78,0-1,Black,<=5s vs 5-10s,2103
oyH14av5,58,0-1,Black,<=5s vs 10-15s,2159
DM47BYWf,42,0-1,Black,<=5s vs 15-20s,1058
C349nq1U,63,1-0,White,<=5s vs 5-10s,2455
HgouKKB9,105,1/2-1/2,White,<=5s vs 15-20s,1735
CzJeY3TH,94,0-1,Black,<=5s vs 15-20s,2578
0174rhgK,66,1-0,Black,<=5s vs <=5s,2138
1BWNPEZy,55,1-0,White,<=5s vs 10-15s,2168
K59U6tvJ,51,1-0,White,<=5s vs 5-10s,1585
OZV838Wo,73,1-0,White,<=5s vs 15-20s,2130
BZ6gzg09,106,1-0,Black,<=5s vs 15-20s,2214
rB5dZJf1,75,1-0,White,<=5s vs 5-10s,1777
1lCmNGBU,55,0-1,White,<=5s vs 5-10s,1387
HwZUWF5k,75,0-1,White,<=5s vs <=5s,1901
AS73SqCQ,90,0-1,Black,<=5s vs 15-20s,2575
8QTODN4M,70,0-1,Black,<=5s vs 5-10s,2055
2FDu1LPF,45,1-0,White,<=5s vs 5-10s,806
1gOQR86r,76,0-1,Black,<=5s vs 5-10s,2053
iWG0tDUU,58,0-1,Black,<=5s vs 5-10s,2044
B2df8yzb,57,1-0,White,<=5s vs 10-15s,1526
gQlatmrA,85,1-0,White,<=5s vs 15-20s,1806
LDhpQ95a,64,0-1,Black,<=5s vs 10-15s,2049
gtgFf9aM,57,1-0,White,<=5s vs 10-15s,2028
D5OEh7rG,70,0-1,Black,<=5s vs 15-20s,2216
cnTo8cCL,55,1-0,White,<=5s vs 15-20s,1520
PBi5dng2,45,1-0,White,<=5s vs 15-20s,983
4kfbS131,44,0-1,Black,<=5s vs 15-20s,1053
GTnAbgRF,74,1-0,Black,<=5s vs 10-15s,2115
teoCp3BU,113,1/2-1/2,White,<=5s vs <=5s,2092
2gawyg8S,106,1/2-1/2,Black,<=5s vs 5-10s,1992
WHa4vLYd,52,0-1,Black,<=5s vs 15-20s,2471
H5hIaasW,65,1-0,White,<=5s vs 5-10s,1454
69ijGDl5,77,0-1,White,<=5s vs 5-10s,2366
grPFgLtJ,54,0-1,Black,<=5s vs 10-15s,1263
SKtvS9dH,83,0-1,White,<=5s vs 5-10s,2050
0nf5k9OT,71,0-1,White,<=5s vs 10-15s,2600
aij9p6SK,94,0-1,Black,<=5s vs 15-20s,2027
aaFDjE0X,54,0-1,Black,<=5s vs 10-15s,1750
GYc5n5fY,73,1-0,White,<=5s vs 5-10s,2189
ZgCSgRoC,65,1-0,White,<=5s vs 15-20s,1897
zKfPcJbp,86,0-1,Black,<=5s vs 5-10s,1133
HGTWx8pr,47,1-0,White,<=5s vs 15-20s,2075
8d2zqA4n,48,0-1,Black,<=5s vs 10-15s,1289
9q1NcSOL,57,1-0,White,<=5s vs 10-15s,1488
PDiwv30K,61,1-0,White,<=5s vs 15-20s,1692
LNKMl42F,74,1/2-1/2,Black,<=5s vs 5-10s,1859
x7Os1FrT,83,1-0,White,<=5s vs 5-10s,2104
ZUgv4Urv,49,1-0,White,<=5s vs 15-20s,1514
9LnwI9me,46,0-1,Black,<=5s vs <=5s,892
PWJgVmkK,58,0-1,Black,<=5s vs 5-10s,1520
IEkeYuSC,89,0-1,White,<=5s vs 10-15s,2028
bJ909EWb,84,1-0,Black,<=5s vs 10-15s,1835
NyNpf5jW,133,1-0,White,<=5s vs 15-20s,2560
JJ51Q97d,53,1-0,White,<=5s vs 10-15s,1437
Bc8TyJDl,79,1-0,White,<=5s vs <=5s,2004
mGRdiP3I,51,1-0,White,<=5s vs 5-10s,1533
DKoWk2lC,66,0-1,Black,<=5s vs 10-15s,1401
oJ2t0V1m,50,0-1,Black,<=5s vs 10-15s,1110
H9i1x9Gu,96,0-1,Black,<=5s vs <=5s,1284
jZ4E0ki4,61,0-1,White,<=5s vs 5-10s,1689
gLJmTgN4,57,1-0,White,<=5s vs 10-15s,1344
I0vZ15jc,56,0-1,Black,<=5s vs <=5s,893
4bGaLjYG,47,1-0,White,<=5s vs 5-10s,1298
jER39z0S,60,1-0,Black,<=5s vs 5-10s,1839
ucXdmCnb,47,1-0,White,<=5s vs 10-15s,1043
8W7YtXwK,102,0-1,Black,<=5s vs 15-20s,2099
doYaFUGA,87,1/2-1/2,White,<=5s vs 5-10s,2271
EzB5CNFP,88,1/2-1/2,Black,<=5s vs 10-15s,1408
xkUK0LNv,79,1-0,White,<=5s vs 10-15s,1526
2bKSjjCh,61,1-0,White,<=5s vs 15-20s,1287
QLggkSXE,56,0-1,Black,<=5s vs 15-20s,1791
CjTkmQz7,72,0-1,Black,<=5s vs 5-10s,1401
NDSCzC8H,77,1-0,White,<=5s vs 5-10s,1620
Gh1GwvpV,115,1/2-1/2,White,<=5s vs 5-10s,1880
RGgTTyLi,91,0-1,White,<=5s vs 5-10s,2180
nv7p9Fe5,58,0-1,Black,<=5s vs 15-20s,1670
uKJ389kQ,79,1-0,White,<=5s vs 15-20s,2406
eYY2cQys,63,1-0,White,<=5s vs 15-20s,1829
18k6jZia,98,0-1,Black,<=5s vs <=5s,1734
HrB8aVnn,30,0-1,Black,<=5s vs 5-10s,814
ZG3Jr0Ov,48,0-1,Black,<=5s vs 5-10s,1266
TP3KRpFo,122,1-0,Black,<=5s vs <=5s,2541
ueaula7M,87,1-0,White,<=5s vs 5-10s,1783
IRkqhLE7,61,0-1,White,<=5s vs <=5s,2072
DTDSlaFO,94,1-0,Black,<=5s vs <=5s,2380
ZPHLL8jN,89,1-0,White,<=5s vs 15-20s,2385
3TYvRZOp,117,0-1,White,<=5s vs <=5s,2189
Wk40Mi7a,61,1-0,White,<=5s vs 15-20s,1360
5lYqNWa4,89,1-0,White,<=5s vs <=5s,1381
CNv7i0Ny,75,1-0,White,<=5s vs 5-10s,1719
jKGq2ANl,62,0-1,Black,<=5s vs 15-20s,1738
YXbcOoH8,70,0-1,Black,<=5s vs 15-20s,2581
33kf9qOy,63,1-0,White,<=5s vs 5-10s,1600
tpgYZkJK,74,0-1,Black,<=5s vs 5-10s,2404
2787vBlH,89,1-0,White,<=5s vs 5-10s,2419
owUuELmu,113,1/2-1/2,White,<=5s vs 5-10s,1989
Vp1gi3eO,98,0-1,Black,<=5s vs 10-15s,2196
TAPz9YDK,62,0-1,Black,<=5s vs 10-15s,1259
WoycIBK6,101,1/2-1/2,White,<=5s vs 5-10s,2453
6smJzEMF,132,1/2-1/2,Black,<=5s vs 5-10s,2232
JlH9pOkM,109,1-0,White,<=5s vs 5-10s,2384
nNz2Kyho,48,0-1,Black,<=5s vs 10-15s,1900
S3UfwTOl,80,1-0,Black,<=5s vs <=5s,1755
LAVQLVpo,70,0-1,Black,<=5s vs 5-10s,1771
zlTvbjhT,117,1/2-1/2,White,<=5s vs 5-10s,2614
3ik3Ms28,48,0-1,Black,<=5s vs 5-10s,1148
BnhNwAiz,82,0-1,Black,<=5s vs 5-10s,2604
cc6QkojY,44,0-1,Black,<=5s vs 15-20s,1088
lkGQxnOi,60,0-1,Black,<=5s vs 15-20s,1955
giYWi01G,54,0-1,Black,<=5s vs 10-15s,1505
7HPA8gRV,82,0-1,Black,<=5s vs 15-20s,2075
RLHeGuCn,63,1-0,White,<=5s vs 15-20s,1568
ec71bRSb,74,0-1,Black,<=5s vs <=5s,1227
VPAPycH7,78,0-1,Black,<=5s vs 5-10s,1125
s5vRkfVE,77,1-0,White,<=5s vs <=5s,1500
Ah3iBRYB,65,1-0,White,<=5s vs 10-15s,1302
WxYZdtGO,141,1/2-1/2,White,<=5s vs 15-20s,2153
GVLB6KlZ,97,0-1,White,<=5s vs 5-10s,2449
rWf1PuW9,71,1-0,White,<=5s vs 10-15s,1821
NMZL3t4E,88,1-0,Black,<=5s vs 5-10s,2117
6hGfSlpO,79,1-0,White,<=5s vs 5-10s,2159
MTt4IJwh,52,0-1,Black,<=5s vs 15-20s,2139
38sMzYSq,81,1-0,White,<=5s vs 5-10s,1782
Jb7dpq4A,79,1-0,White,<=5s vs 5-10s,2126
lpLRpa1K,62,1-0,Black,<=5s vs 10-15s,1470
8fgJ7h9Q,104,1-0,Black,<=5s vs <=5s,2028
6XsUm4Hw,112,0-1,Black,<=5s vs 15-20s,2217
0dGnQI5F,76,0-1,Black,<=5s vs 10-15s,2030
bXdSemAZ,71,0-1,White,<=5s vs <=5s,2049
OFhau4SI,65,1-0,White,<=5s vs 5-10s,2058
yHONDISJ,80,0-1,Black,<=5s vs 15-20s,2330
tYUrpmLD,53,1-0,White,<=5s vs 10-15s,1525
f0oDwGeC,49,1-0,White,<=5s vs 15-20s,1592
QbNzgHMa,86,0-1,Black,<=5s vs 15-20s,2293
2UxRZX6M,72,1-0,Black,<=5s vs 5-10s,1753
9polbGGG,36,0-1,Black,<=5s vs 10-15s,945
RgfN6E7O,84,0-1,Black,<=5s vs 5-10s,2506
Qiu31nCQ,57,1-0,White,<=5s vs 5-10s,1773
0AeAzkWt,96,1-0,Black,<=5s vs <=5s,2344
LNzVgEBp,76,0-1,Black,<=5s vs 10-15s,1999
pbyldvub,47,1-0,White,<=5s vs 10-15s,891
XMGo8wPG,78,0-1,Black,<=5s vs 15-20s,1258
nJKsTX54,80,0-1,Black,<=5s vs 15-20s,2371
IX8EYEsV,52,0-1,Black,<=5s vs 10-15s,1753
A0S7tEhW,73,0-1,White,<=5s vs 5-10s,2511
jeuxgQx4,79,1-0,White,<=5s vs 15-20s,1892
toohfjOs,54,0-1,Black,<=5s vs 5-10s,546
h6QWIqzT,40,0-1,Black,<=5s vs 5-10s,1100
pxIcZUpb,76,0-1,Black,<=5s vs 5-10s,1933
WkGPhCp5,39,0-1,White,<=5s vs <=5s,815
2TbMmlLM,133,1-0,White,<=5s vs 5-10s,2397
j3hA4N6t,77,1-0,White,<=5s vs 5-10s,1930
v2zCGOUd,60,0-1,Black,<=5s vs <=5s,1319
B62Is5G3,73,1-0,White,<=5s vs 5-10s,1379
bCjEFK7M,60,0-1,Black,<=5s vs 10-15s,1550
UWv0XH1E,77,1-0,White,<=5s vs 15-20s,2483
xLAh9U7s,66,0-1,Black,<=5s vs <=5s,2726
Fmq2e2r0,44,0-1,Black,<=5s vs 15-20s,852
p4EJdb27,63,1-0,White,<=5s vs 10-15s,1730
YOkZnmqh,52,0-1,Black,<=5s vs 15-20s,1122
3gLNujxF,134,0-1,Black,<=5s vs 5-10s,2610
CgSbrcji,59,1-0,White,<=5s vs 15-20s,1782
ViAxF0ZQ,82,0-1,Black,<=5s vs 15-20s,1947
OSuAk2D9,75,1-0,White,<=5s vs 5-10s,2262
y97RRYPY,59,1-0,White,<=5s vs 5-10s,2215
sSl7e6el,57,1-0,White,<=5s vs 5-10s,1565
U0MGSdSW,66,0-1,Black,<=5s vs 5-10s,1311
p7iHjeSM,65,1-0,White,<=5s vs 15-20s,1469
GcjVppvF,93,0-1,White,<=5s vs 15-20s,2691
HbzuNmsh,60,0-1,Black,<=5s vs 15-20s,1891
qPHD8gVg,120,1-0,Black,<=5s vs <=5s,2527
SQJ49WOT,74,0-1,Black,<=5s vs 10-15s,1717
SZYItlT6,128,1-0,Black,<=5s vs <=5s,2723
31oy8nEq,49,1-0,White,<=5s vs 10-15s,1395
KQSQsC8Q,94,0-1,Black,<=5s vs 5-10s,2596
OcDiPSUc,83,1-0,White,<=5s vs 5-10s,1387
8WABGCTY,80,0-1,Black,<=5s vs 5-10s,1938
MDAq5LyI,79,1-0,White,<=5s vs 10-15s,2798
277neQUr,44,0-1,Black,<=5s vs 10-15s,1237
1i8SWmLo,128,1/2-1/2,Black,<=5s vs 5-10s,1712
9LdYrg6D,46,0-1,Black,<=5s vs 5-10s,1229
X0Gd57fb,77,1-0,White,<=5s vs 5-10s,2606
g7lLs3pY,64,0-1,Black,<=5s vs 10-15s,2131
eL7hQyr2,90,0-1,Black,<=5s vs 5-10s,2874
UuPNlo9B,72,0-1,Black,<=5s vs <=5s,1831
ObaNiW5c,53,1-0,White,<=5s vs 15-20s,2370
5JBBRSD9,70,0-1,Black,<=5s vs 15-20s,2005
VAAe2XpL,48,0-1,Black,<=5s vs 10-15s,1142
E7uy2zla,88,0-1,Black,<=5s vs 15-20s,1696
4On2VhQd,62,0-1,Black,<=5s vs <=5s,1752
kWHR9lox,80,1-0,Black,<=5s vs <=5s,1906
84RifaAh,148,0-1,Black,<=5s vs 5-10s,2463
6w4yGHPb,77,1-0,White,<=5s vs 15-20s,2499
Gu6scb59,107,0-1,White,<=5s vs <=5s,1619
Ro4x5cIe,53,1-0,White,<=5s vs 10-15s,1232
XQMiKL6H,61,1-0,White,<=5s vs 15-20s,1488
JySQg11d,59,1-0,White,<=5s vs 15-20s,1594
eaDndU8q,56,0-1,Black,<=5s vs 15-20s,1498
xFPtikcz,68,0-1,Black,<=5s vs 5-10s,1794
278CAvqt,63,1-0,White,<=5s vs 5-10s,1209
6r1hyQtF,70,0-1,Black,<=5s vs 5-10s,2067
76TojuEy,94,0-1,Black,<=5s vs 10-15s,2222
gq9Am7TY,31,0-1,White,<=5s vs 5-10s,777
yCG8CMTz,70,0-1,Black,<=5s vs 10-15s,2147
rnzrhgsM,71,1-0,White,<=5s vs 5-10s,1328
qWVl4LU7,49,1-0,White,<=5s vs 10-15s,1578
ikylZVvY,69,1-0,White,<=5s vs 15-20s,1525
WNLi2joi,85,1-0,White,<=5s vs <=5s,1294
BiEO2jnp,68,0-1,Black,<=5s vs 15-20s,1970
Yda3JdMN,48,0-1,Black,<=5s vs 15-20s,1178
3VOSRhMc,103,1-0,White,<=5s vs 5-10s,1968
EgN3kkMX,66,0-1,Black,<=5s vs 15-20s,1238
KSC0hGfI,60,1-0,Black,<=5s vs <=5s,2843
BvcBIWkw,95,1-0,White,<=5s vs 5-10s,2949
ZMlkjlr2,56,1-0,Black,<=5s vs <=5s,1192
TizWXE6A,71,0-1,White,<=5s vs 15-20s,1370
NR6AArRV,95,1-0,White,<=5s vs 5-10s,2417
isxlouG3,74,1-0,Black,<=5s vs <=5s,1306
A5N2Fh4t,65,1-0,White,<=5s vs 15-20s,1788
uU7X4ALN,64,0-1,Black,<=5s vs 15-20s,1527
H2poSGuO,85,1-0,White,<=5s vs 5-10s,1997
F0AFSAau,90,0-1,Black,<=5s vs 5-10s,1924
lohuTS7Y,82,1-0,Black,<=5s vs 10-15s,2614
ixXe6q7j,68,0-1,Black,<=5s vs 10-15s,2759
84dESxNM,126,1/2-1/2,Black,<=5s vs <=5s,2617
lS0Thu0n,74,0-1,Black,<=5s vs 10-15s,2263
IZfJZkTP,77,1-0,White,<=5s vs <=5s,1747
dP97pdcF,129,1/2-1/2,White,<=5s vs 5-10s,1778
f0vSa0zX,52,0-1,Black,<=5s vs <=5s,863
4HEaijAV,53,1-0,White,<=5s vs 5-10s,1456
0kCWJEK9,82,0-1,Black,<=5s vs 10-15s,2037
ey8OX9S6,64,1-0,Black,<=5s vs <=5s,938
RgwBEtQF,44,0-1,Black,<=5s vs 15-20s,1428
jgWyAWvd,41,1-0,White,<=5s vs 5-10s,874
EsOmDbPl,59,1-0,White,<=5s vs 10-15s,1762
z78PzJd3,75,1-0,White,<=5s vs 5-10s,2233
Ykro7ZxR,52,0-1,Black,<=5s vs 10-15s,1547
jNmRrlo9,73,0-1,White,<=5s vs 5-10s,1498
q9IZxvnN,70,0-1,Black,<=5s vs 5-10s,884
zcjH58Y4,59,1-0,White,<=5s vs 15-20s,1390
r8FbUldw,58,0-1,Black,<=5s vs 5-10s,1565
L7z4B1vC,169,1/2-1/2,White,<=5s vs <=5s,2336
QzQyrqvh,65,1-0,White,<=5s vs 15-20s,1965
4wTzsiqM,38,1-0,Black,<=5s vs <=5s,841
qUz0XYQU,63,1-0,White,<=5s vs 5-10s,1369
3uFqFmK7,105,1-0,White,<=5s vs 10-15s,2271
C2MheRL7,50,0-1,Black,<=5s vs 5-10s,916
UD4CXaTs,113,1-0,White,<=5s vs 15-20s,2497
0XFS3iH6,68,0-1,Black,<=5s vs 10-15s,1830
HCsHWtqc,71,1-0,White,<=5s vs 15-20s,2494
ySIoP02u,73,1-0,White,<=5s vs 10-15s,2217
INJTCQ1Z,62,0-1,Black,<=5s vs <=5s,1247
9EKNMWBE,82,0-1,Black,<=5s vs 5-10s,1623
o3b92gXx,110,0-1,Black,<=5s vs 5-10s,1789
s3KqjpQ7,84,0-1,Black,<=5s vs 5-10s,1483
JPOBnei6,58,0-1,Black,<=5s vs 5-10s,1670
N2ovpzVx,115,0-1,White,<=5s vs 15-20s,2189
wwVLJTwl,61,1-0,White,<=5s vs 10-15s,2387
AbjfYDOR,60,0-1,Black,<=5s vs 15-20s,1572
RJWFC0Zm,56,0-1,Black,<=5s vs 15-20s,2243
EiaBLAtH,63,1-0,White,<=5s vs 15-20s,1223
xVGRY1ro,37,0-1,White,<=5s vs 15-20s,1388
25bpX9gu,57,1-0,White,<=5s vs 10-15s,2213
VX9rYo7L,55,1-0,White,<=5s vs 10-15s,2284
fNnlY8eD,67,1-0,White,<=5s vs 10-15s,1664
CqjD0qgl,71,1-0,White,<=5s vs <=5s,1831
AudDXfaT,68,0-1,Black,<=5s vs 5-10s,1846
Yi65qSwy,69,1-0,White,<=5s vs 15-20s,2116
OZbvCvxw,65,1-0,White,<=5s vs 15-20s,1809
8wIMGTec,75,1-0,White,<=5s vs 10-15s,2315
nFN7RYc1,68,0-1,Black,<=5s vs 15-20s,1443
ARYZN2wM,77,0-1,White,<=5s vs <=5s,1265
sSdFkNx2,84,0-1,Black,<=5s vs 5-10s,2425
dZVlc55q,44,0-1,Black,<=5s vs 15-20s,1001
T6WO6CoH,45,1-0,White,<=5s vs 5-10s,1337
m2lpmQ3L,120,1-0,Black,<=5s vs <=5s,1891
DZ77jzwj,122,0-1,Black,<=5s vs 15-20s,2548
wTWLJtun,52,0-1,Black,<=5s vs 5-10s,1402
T9oku5pU,120,1/2-1/2,Black,<=5s vs 5-10s,2376
0c9RyHZP,62,1-0,Black,<=5s vs 5-10s,1438
FSspOCsw,65,1-0,White,<=5s vs 5-10s,2425
NbWx0Rln,63,1-0,White,<=5s vs <=5s,1949
PeYR6QWY,77,1-0,White,<=5s vs 15-20s,1747
6KjujiCL,118,0-1,Black,<=5s vs 5-10s,2445
pHBcSMT6,75,0-1,White,<=5s vs 5-10s,1775
Pr0tWG3k,73,1-0,White,<=5s vs 10-15s,1500
7kB0knsH,109,1-0,White,<=5s vs 15-20s,1933
D79Rt0UI,27,0-1,White,<=5s vs <=5s,831
bXgvPFSt,61,0-1,White,<=5s vs <=5s,1687
5bL82Wt1,75,0-1,White,<=5s vs 10-15s,2200
Tuaz6kPb,91,1-0,White,<=5s vs 5-10s,2467
BfQB8J6I,76,0-1,Black,<=5s vs <=5s,2161
jvRlGrDm,46,0-1,Black,<=5s vs <=5s,1708
THCcsAZK,56,0-1,Black,<=5s vs 15-20s,1337
88nDyWWN,116,1-0,Black,<=5s vs 5-10s,2587
YhVHsynv,75,1-0,White,<=5s vs 5-10s,2067
pJA62FMh,81,1-0,White,<=5s vs 5-10s,1587
4mIw0eRU,70,1-0,Black,<=5s vs <=5s,2316
fotQpK09,64,0-1,Black,<=5s vs 10-15s,1243
lRE7TxRs,72,1-0,Black,<=5s vs <=5s,2024
qeHPVhXs,70,0-1,Black,<=5s vs 10-15s,1812
2gjpYGyl,73,1-0,White,<=5s vs 10-15s,2011
4X0XOuZU,84,0-1,Black,<=5s vs 5-10s,2497
2eRfPozY,87,1-0,White,<=5s vs 15-20s,2276
4BcwxsId,105,0-1,White,<=5s vs <=5s,2274
PrORU8rf,70,0-1,Black,<=5s vs <=5s,1407
MF29B2ep,69,0-1,White,<=5s vs 5-10s,2557
5DEgx5S7,116,1-0,Black,<=5s vs <=5s,2611
cDfY9AHS,55,0-1,White,<=5s vs 10-15s,2505
PUIJqEkA,86,1-0,Black,<=5s vs <=5s,1450
DzD1j1KT,51,1-0,White,<=5s vs 15-20s,1675
Bj4PNIu6,100,0-1,Black,<=5s vs 5-10s,1978
JpRgqbc1,69,1-0,White,<=5s vs 15-20s,1054
qQeQtzHt,110,1-0,Black,<=5s vs <=5s,2478
9TSC0W51,46,0-1,Black,<=5s vs 5-10s,1304
yRzGGVYK,69,1-0,White,<=5s vs 10-15s,1559
5jgbg0gR,67,0-1,White,<=5s vs 5-10s,1598
adWFsriL,106,0-1,Black,<=5s vs 15-20s,2500
quMBuYlB,107,1-0,White,<=5s vs 15-20s,2609
4TqMaamk,50,0-1,Black,<=5s vs 5-10s,1928
Z9UC2EV4,78,0-1,Black,<=5s vs 5-10s,1824
99HF9qnh,50,0-1,Black,<=5s vs 10-15s,1540
Ylq9ymxK,86,0-1,Black,<=5s vs 5-10s,2399
ViywPD6o,71,0-1,White,<=5s vs <=5s,1604
rfNMqNZ0,67,1-0,White,<=5s vs 15-20s,1677
WTXQszOi,79,1-0,White,<=5s vs 15-20s,2146
syLjDruL,88,0-1,Black,<=5s vs 15-20s,1989
2C4Q3Qlp,100,0-1,Black,<=5s vs <=5s,2489
N7z8MKax,72,0-1,Black,<=5s vs 10-15s,1825
6ApRdWjC,67,1-0,White,<=5s vs 5-10s,1997
4tiXrdK2,44,0-1,Black,<=5s vs <=5s,936
TbOrPh7o,91,1-0,White,<=5s vs 5-10s,2694
PvRu9sQ6,77,0-1,White,<=5s vs <=5s,1498
qcjIRJTA,61,1-0,White,<=5s vs 15-20s,1871
fw9BQOQP,44,0-1,Black,<=5s vs 10-15s,1088
9ZO8jge8,65,1-0,White,<=5s vs 15-20s,1985
lPZg1glT,67,0-1,White,<=5s vs 5-10s,1468
kbpkUO0n,66,0-1,Black,<=5s vs 5-10s,1661
EkIK2MTJ,109,1-0,White,<=5s vs <=5s,2033
bgC3AWj3,77,1-0,White,<=5s vs 10-15s,2356
wQT6sjew,141,1-0,White,<=5s vs 10-15s,2480
KPdXzVwK,46,0-1,Black,<=5s vs 10-15s,1013
lw0sXpdn,62,0-1,Black,<=5s vs 10-15s,1434
EtX5dDzg,72,0-1,Black,<=5s vs 5-10s,2588
atVncd55,34,0-1,Black,<=5s vs 5-10s,878
cxuAUDJL,55,1-0,White,<=5s vs 5-10s,1882
t6dRCI7k,65,1-0,White,<=5s vs 15-20s,1015
l6ndk25p,128,0-1,Black,<=5s vs 15-20s,1790
piBmMcj4,153,1-0,White,<=5s vs 5-10s,2469
lwodg5ox,52,0-1,Black,<=5s vs 10-15s,1046
fS08WMe1,58,1-0,Black,<=5s vs 5-10s,1663
YvcucBvI,81,1-0,White,<=5s vs 15-20s,833
7N6Gatem,48,0-1,Black,<=5s vs 15-20s,1226
YT7G8xUV,60,0-1,Black,<=5s vs 15-20s,2040
9kagVLos,77,1-0,White,<=5s vs 5-10s,2484
1wXUuIHY,50,0-1,Black,<=5s vs 15-20s,1514
5Ly0jVRV,107,1-0,White,<=5s vs 10-15s,2625
rvqpIAdz,50,0-1,Black,<=5s vs 10-15s,1236
MCHILX2C,58,0-1,Black,<=5s vs 10-15s,2312
L7C4ibHd,92,0-1,Black,<=5s vs 5-10s,2312
DUYyWMxa,51,1-0,White,<=5s vs 15-20s,1669
JPEUG6m4,87,1-0,White,<=5s vs 5-10s,2503
1WZwwSNG,57,1-0,White,<=5s vs 10-15s,1319
qLUQGKVh,93,1-0,White,<=5s vs 15-20s,1123
qnt2p4Nb,41,1-0,White,<=5s vs 5-10s,958
n4BH3cuh,81,1/2-1/2,White,<=5s vs 10-15s,2029
OTJcuq9f,83,1-0,White,<=5s vs 5-10s,1177
DuxDi7g8,55,1-0,White,<=5s vs 10-15s,1615
LNovEMnO,101,1-0,White,<=5s vs 10-15s,2280
SY7vcXoG,98,0-1,Black,<=5s vs 5-10s,2219
pk5nnKTI,72,0-1,Black,<=5s vs 10-15s,2307
8zT6ilHB,54,0-1,Black,<=5s vs 15-20s,1708
d7x5fLAU,82,0-1,Black,<=5s vs 5-10s,2824
OZa6uHh7,93,1/2-1/2,White,<=5s vs 5-10s,1896
80mY8RMj,86,0-1,Black,<=5s vs 10-15s,1872
ZAereU79,132,0-1,Black,<=5s vs 10-15s,2647
qHKZcjWq,98,0-1,Black,<=5s vs 5-10s,2732
jjQdHmrO,57,0-1,White,<=5s vs 5-10s,1394
vJ4vFL2h,137,1/2-1/2,White,<=5s vs 10-15s,2259
SqbDIKxX,41,1-0,White,<=5s vs 10-15s,1085
wOVgQGlT,77,1-0,White,<=5s vs 15-20s,2127
MiRfDpJx,75,1-0,White,<=5s vs 10-15s,2457
7NNOwqj8,55,1-0,White,<=5s vs 5-10s,1159
FwQh8jok,68,1-0,Black,<=5s vs <=5s,2215
Bpgu2Nss,73,0-1,White,<=5s vs 10-15s,1965
ly0pKbDV,58,0-1,Black,<=5s vs 5-10s,1182
XrYmQ1lU,116,0-1,Black,<=5s vs 5-10s,2378
W5x7QwFK,179,1-0,White,<=5s vs 5-10s,2544
CTmdtVqr,38,0-1,Black,<=5s vs 10-15s,1036
GeSFuOmg,55,1-0,White,<=5s vs 5-10s,1113
oqbDzOmu,53,1-0,White,<=5s vs 15-20s,1631
83RTlyyg,103,1-0,White,<=5s vs 5-10s,2962
wsW4rRZg,44,0-1,Black,<=5s vs 10-15s,1676
W7fkPNgw,55,1-0,White,<=5s vs 15-20s,1801
rIfBy16n,65,0-1,White,<=5s vs <=5s,2153
LQ1l6cdo,76,0-1,Black,<=5s vs 5-10s,1928
hcmjLMen,43,1-0,White,<=5s vs 5-10s,677
wcNdHk34,74,0-1,Black,<=5s vs 5-10s,1755
9iDjQ8LS,61,0-1,White,<=5s vs 5-10s,2413
4fq5tveJ,119,1-0,White,<=5s vs <=5s,2129
gWrA0mFb,110,0-1,Black,<=5s vs <=5s,1548
52EKhMEg,43,0-1,White,<=5s vs <=5s,945
kI1bUzmN,66,1-0,Black,<=5s vs <=5s,1390
7N6KP6S7,69,1-0,White,<=5s vs 10-15s,2243
jxumrIQ9,55,1-0,White,<=5s vs 5-10s,1299
F99jzkKR,103,1/2-1/2,White,<=5s vs 5-10s,1872
Co2csg8r,80,0-1,Black,<=5s vs 5-10s,2541
2Ir15HrP,78,0-1,Black,<=5s vs 5-10s,2404
C2je4hBq,89,1-0,White,<=5s vs 10-15s,1872
2K6OvB5H,98,1-0,Black,<=5s vs 10-15s,2348
Gy3Imqr6,53,1-0,White,<=5s vs 10-15s,718
rZxjrq5l,63,1-0,White,<=5s vs <=5s,1199
tCxwImLV,108,0-1,Black,<=5s vs 10-15s,2048
sxC0CeZJ,98,0-1,Black,<=5s vs 15-20s,2423
aI3Kvs6g,95,1/2-1/2,White,<=5s vs 5-10s,1943
SD7Kiwpz,64,0-1,Black,<=5s vs <=5s,1278
r2NPKhpw,85,1-0,White,<=5s vs 10-15s,1226
FRvvVLDP,121,1-0,White,<=5s vs <=5s,2244
2wa2GOSk,91,1-0,White,<=5s vs 5-10s,2217
IgX9QxE5,81,0-1,White,<=5s vs 10-15s,1952
3NG1jUNI,81,1-0,White,<=5s vs 5-10s,1820
vXVpSD5z,75,1-0,White,<=5s vs 5-10s,2212
mzNKRm2F,68,0-1,Black,<=5s vs <=5s,1601
66y5zoiY,33,1-0,White,<=5s vs 5-10s,2083
Fwkead51,39,0-1,White,<=5s vs 10-15s,1092
4XmYY01o,108,0-1,Black,<=5s vs 5-10s,2441
XUeuCXnA,54,0-1,Black,<=5s vs 5-10s,1543
MZnpU54i,39,1-0,White,<=5s vs 15-20s,1194
ImfHkh3C,112,0-1,Black,<=5s vs <=5s,2879
habKlpuJ,65,1-0,White,<=5s vs 5-10s,2308
nZTzAy8c,53,1-0,White,<=5s vs 5-10s,1123
GMZhLLsN,56,1-0,Black,<=5s vs 5-10s,1800
wBXdHMXk,94,0-1,Black,<=5s vs 15-20s,2172
zeZSUP6Y,69,1-0,White,<=5s vs 5-10s,1689
MQY3dGO9,73,1-0,White,<=5s vs 10-15s,2101
d9KIc1hu,84,0-1,Black,<=5s vs 10-15s,1698
zFkaPXQo,62,0-1,Black,<=5s vs 5-10s,2252
vr5Mp97G,79,1-0,White,<=5s vs 5-10s,1388
FCv6uUDd,52,0-1,Black,<=5s vs 5-10s,1256
UfhZRJVi,100,1/2-1/2,Black,<=5s vs 5-10s,2439
xaJCzzYr,73,1-0,White,<=5s vs 10-15s,2507
OiQK5GOW,75,0-1,White,<=5s vs <=5s,2380
Dbu75ZeU,74,0-1,Black,<=5s vs 10-15s,2622
TpOqUY8L,93,1/2-1/2,White,<=5s vs 10-15s,2110
m9kJ9MR8,66,0-1,Black,<=5s vs 10-15s,2674
nsh4a0V6,80,0-1,Black,<=5s vs 5-10s,2215
vxnswmXm,63,1-0,White,<=5s vs 15-20s,2550
B3xsLNYX,54,0-1,Black,<=5s vs 10-15s,1461
aHoSGYsf,81,1-0,White,<=5s vs 5-10s,2252
1TnfhxCA,84,0-1,Black,<=5s vs 5-10s,1566
FsVm2OY1,90,0-1,Black,<=5s vs <=5s,1925
QlJwh8uz,64,0-1,Black,<=5s vs 15-20s,1790
jsDyvfq2,47,1-0,White,<=5s vs 10-15s,1232
U65mjKiJ,97,1-0,White,<=5s vs 5-10s,1914
kVpjR0I4,66,0-1,Black,<=5s vs <=5s,2549
7kuh0Qyv,90,1-0,Black,<=5s vs 10-15s,2039
MO5suPc7,63,1-0,White,<=5s vs 10-15s,2227
GUfmDy9K,69,1-0,White,<=5s vs 15-20s,1554
GYaP5hmE,66,0-1,Black,<=5s vs 5-10s,1277
ETUsHPAU,76,1-0,Black,<=5s vs 5-10s,1405
g1aYU0pz,61,1-0,White,<=5s vs 15-20s,2079
B4upSa99,80,0-1,Black,<=5s vs 5-10s,1966
2lwQwOUS,67,1-0,White,<=5s vs 15-20s,2062
CYtg0VDp,80,0-1,Black,<=5s vs 5-10s,2380
wgo6bC1T,93,1-0,White,<=5s vs 15-20s,1911
aDsAZd8Y,96,1-0,Black,<=5s vs 5-10s,2122
QnVBeRNY,118,0-1,Black,<=5s vs 15-20s,2278
m57jUFuK,86,0-1,Black,<=5s vs 5-10s,1620
wP1SCbAD,73,1/2-1/2,White,<=5s vs 15-20s,2304
CGzqO83v,205,1-0,White,<=5s vs 10-15s,2625
IDLVUc0z,104,0-1,Black,<=5s vs 5-10s,2250
ROI849Ys,61,1-0,White,<=5s vs 5-10s,1972
5HECZKzO,65,1-0,White,<=5s vs 10-15s,1323
JvzAQKS0,79,1-0,White,<=5s vs 10-15s,2258
GQ30Rm6M,85,1-0,White,<=5s vs 5-10s,2251
xiiuvn1v,146,1/2-1/2,Black,<=5s vs <=5s,2596
gfQyRNxr,109,1-0,White,<=5s vs 5-10s,2458
R9oTIoFI,99,0-1,White,<=5s vs <=5s,1590
TBARM9Sl,118,1-0,Black,<=5s vs <=5s,2350
VY3n218o,78,0-1,Black,<=5s vs 5-10s,1548
JfSjE0rk,78,1-0,Black,<=5s vs <=5s,836
rWzkwktG,59,1-0,White,<=5s vs 5-10s,1269
NqJnRwPe,53,1-0,White,<=5s vs 15-20s,1004
YhGu9Jp5,90,0-1,Black,<=5s vs 10-15s,2273
gO44SKSX,168,1-0,Black,<=5s vs <=5s,2005
aFTHjyUc,49,1-0,White,<=5s vs 15-20s,997
1ZsCmpzl,69,1-0,White,<=5s vs 5-10s,1520
I5EyMuNV,52,1-0,Black,<=5s vs <=5s,1435
Dx5f4zEX,91,0-1,White,<=5s vs 5-10s,1622
93mjB09a,81,1-0,White,<=5s vs 15-20s,1732
R17YdhnJ,59,1-0,White,<=5s vs 5-10s,1464
rVSAaCod,67,1-0,White,<=5s vs 5-10s,1820
OXy0RGEr,55,1-0,White,<=5s vs 10-15s,1527
IAw8D4AE,65,1-0,White,<=5s vs <=5s,2495
0XEYe1fU,45,1-0,White,<=5s vs 5-10s,1061
nNPgayFl,63,1-0,White,<=5s vs 5-10s,1845
LBy7Nu1u,32,0-1,Black,<=5s vs 15-20s,894
p3qia1vY,57,1-0,White,<=5s vs 10-15s,1961
maVcv9PH,78,0-1,Black,<=5s vs 5-10s,1113
8V6LugCM,68,1-0,Black,<=5s vs 5-10s,1825
5xJYpRmH,65,1-0,White,<=5s vs 5-10s,1220
R0oCOTdp,96,0-1,Black,<=5s vs 10-15s,2878
zRZt9icS,66,1-0,Black,<=5s vs <=5s,1820
ez4Z8qUp,86,0-1,Black,<=5s vs 10-15s,1947
SEJSGT4l,60,0-1,Black,<=5s vs 15-20s,2481
Y6jWIR4J,73,1-0,White,<=5s vs <=5s,1494
VIbo5RMQ,70,1-0,Black,<=5s vs <=5s,1987
Np3DHovw,66,0-1,Black,<=5s vs 15-20s,2136
4cJ6yL07,97,1-0,White,<=5s vs <=5s,2794
laXQrri7,60,0-1,Black,<=5s vs 5-10s,1451
nEjyFbLM,55,1-0,White,<=5s vs 10-15s,1322
gePIalXP,74,0-1,Black,<=5s vs 15-20s,1184
iag3dF8L,77,1-0,White,<=5s vs 15-20s,1631
7E2SgQES,189,1/2-1/2,White,<=5s vs 5-10s,2860
lQyCCxLe,70,0-1,Black,<=5s vs 10-15s,2053
OjhV2uIx,55,0-1,White,<=5s vs 5-10s,1229
mkuSH2AJ,46,0-1,Black,<=5s vs 15-20s,1323
cZUlcY1C,61,1-0,White,<=5s vs 15-20s,1916
8b3zuSqd,120,0-1,Black,<=5s vs 15-20s,1847
lD26OKeJ,54,0-1,Black,<=5s vs 5-10s,1546
sofcdufY,69,1-0,White,<=5s vs 5-10s,1482
NPYRmbXj,69,0-1,White,<=5s vs <=5s,1286
xhaf0xR9,121,1/2-1/2,White,<=5s vs 15-20s,2076
7PbpwIiN,84,1/2-1/2,Black,<=5s vs 5-10s,2213
j0aaN3VK,81,1-0,White,<=5s vs 15-20s,2066
NJxNmRad,62,0-1,Black,<=5s vs 5-10s,2115
JnmL3XIK,77,1-0,White,<=5s vs 5-10s,1315
fNIC8Z15,45,1-0,White,<=5s vs 10-15s,1072
Xyp1CaEw,42,0-1,Black,<=5s vs 10-15s,1566
y2LljzLr,89,1-0,White,<=5s vs 10-15s,1445
M9WQnGdg,55,1-0,White,<=5s vs 15-20s,1724
SW75CCn6,60,1-0,Black,<=5s vs 10-15s,1714
pUrcnjS7,76,0-1,Black,<=5s vs 5-10s,1708
YUmt4fDa,96,1-0,Black,<=5s vs 10-15s,2307
2Xe4B2MF,59,1-0,White,<=5s vs 15-20s,1586
BhJvypWt,64,0-1,Black,<=5s vs 15-20s,1842
8NHBOTZ7,88,0-1,Black,<=5s vs 5-10s,2268
dL4LEbd7,43,1-0,White,<=5s vs 10-15s,789
QiRDrQjI,98,0-1,Black,<=5s vs <=5s,2505
bxICOBaq,64,0-1,Black,<=5s vs 5-10s,1233
M5GBDDy2,86,0-1,Black,<=5s vs 10-15s,2616
5p7yUGAn,74,0-1,Black,<=5s vs <=5s,1892
hoXA0Xmu,110,0-1,Black,<=5s vs 10-15s,2340
A1dWDZ9o,54,0-1,Black,<=5s vs 10-15s,1735
fiYODmnw,42,1-0,Black,<=5s vs 5-10s,1046
sHA4azcq,83,1-0,White,<=5s vs 5-10s,1307
LfNROBEH,57,1-0,White,<=5s vs 15-20s,1676
ScPNqtsP,54,0-1,Black,<=5s vs 10-15s,1092
GwixgPY9,67,1/2-1/2,White,<=5s vs 15-20s,2196
c0ejk5BL,53,1-0,White,<=5s vs 15-20s,1248
HiNkkCBe,112,0-1,Black,<=5s vs 5-10s,2634
Kh4sBUtH,99,1-0,White,<=5s vs 15-20s,2274
QFv0QFY5,58,1-0,Black,<=5s vs <=5s,1518
sSNP5r4F,84,0-1,Black,<=5s vs 5-10s,2349
Ft9D7Wfb,53,1-0,White,<=5s vs 15-20s,1481
s7Eaj65h,142,1/2-1/2,Black,<=5s vs 5-10s,2380
gGmQ9FPg,80,0-1,Black,<=5s vs 5-10s,2222
lUawKc4C,66,0-1,Black,<=5s vs <=5s,1608
7br49Qpw,36,0-1,Black,<=5s vs 10-15s,1452
2ojSNqHh,74,1-0,Black,<=5s vs 5-10s,1747
0t0DOws1,89,1/2-1/2,White,<=5s vs 5-10s,2111
W0zYvpqQ,76,0-1,Black,<=5s vs 5-10s,2607
Z1UlnDZx,120,1-0,Black,<=5s vs <=5s,2188
ROhvmOzq,68,0-1,Black,<=5s vs 10-15s,2332
3C7ubkvs,70,0-1,Black,<=5s vs 5-10s,1446
4WAq0yTy,76,0-1,Black,<=5s vs 15-20s,1429
g6oCnzjl,89,1-0,White,<=5s vs 10-15s,2199
3wL6jx0Z,102,1-0,Black,<=5s vs 5-10s,1749
VGMR7Fv1,71,0-1,White,<=5s vs 10-15s,2586
jDa0IGGU,62,0-1,Black,<=5s vs 15-20s,1450
TlVksgjI,49,1-0,White,<=5s vs 15-20s,2221
Bl3q3mbZ,79,1-0,White,<=5s vs 5-10s,1754
PeZvj2F4,85,1-0,White,<=5s vs 15-20s,1914
GdgNESlu,62,0-1,Black,<=5s vs 10-15s,1120
PwO9Xsoe,79,1-0,White,<=5s vs 5-10s,2430
5SuQHnJj,79,1-0,White,<=5s vs 10-15s,2290
HMkuDzSA,118,1/2-1/2,Black,<=5s vs 5-10s,2514
8LL6umhY,61,0-1,White,<=5s vs <=5s,2113
3FRbCiYK,73,1-0,White,<=5s vs 5-10s,2095
BEURuunc,133,1-0,White,<=5s vs 10-15s,2287
2DDAv7JB,90,0-1,Black,<=5s vs 10-15s,2582
dFa90Wvo,129,0-1,White,<=5s vs 5-10s,2337
9bm4kT2P,61,1-0,White,<=5s vs 5-10s,1288
JakZDDmy,105,1-0,White,<=5s vs 5-10s,2150
2z8jCZsl,71,0-1,White,<=5s vs 5-10s,2068
upMIDpph,69,1-0,White,<=5s vs 10-15s,1649
W66LG9QV,103,1-0,White,<=5s vs <=5s,2056
z6xW6B8F,55,1-0,White,<=5s vs 10-15s,1234
6SEXVWl9,88,1/2-1/2,Black,<=5s vs 5-10s,1760
xOTj8On3,61,0-1,White,<=5s vs 10-15s,1813
YTbBYvHh,70,0-1,Black,<=5s vs 10-15s,1977
m8tvB0cj,73,1-0,White,<=5s vs <=5s,2082
GPRJmtvY,56,0-1,Black,<=5s vs 15-20s,1513
5dWDkie3,59,1-0,White,<=5s vs 15-20s,1749
hzqW9vNw,85,1-0,White,<=5s vs 15-20s,1284
o9djKArZ,125,1-0,White,<=5s vs 10-15s,1684
rfFnTmnv,79,1-0,White,<=5s vs 5-10s,1970
PKqIERaA,57,1-0,White,<=5s vs 15-20s,2168
LefqCv2Z,52,0-1,Black,<=5s vs 15-20s,1813
plQaNGtH,180,1/2-1/2,Black,<=5s vs 5-10s,1374
Wadic94l,66,1-0,Black,<=5s vs 10-15s,1576
HMeyapFu,53,1-0,White,<=5s vs 15-20s,1609
YfgC4bCx,76,1-0,Black,<=5s vs <=5s,1841
x4HOw9Qp,50,0-1,Black,<=5s vs 10-15s,1455
bbaHzwLN,82,1/2-1/2,Black,<=5s vs 5-10s,1785
aVCwrJKb,77,1-0,White,<=5s vs 5-10s,1278
1ZwrFBRj,70,1-0,Black,<=5s vs <=5s,1935
AD0gmY5C,60,0-1,Black,<=5s vs 15-20s,2713
uQhBKbUR,123,1/2-1/2,White,<=5s vs 15-20s,1642
F1MIEtH5,48,1-0,Black,<=5s vs 5-10s,1167
DlkqRH9z,100,0-1,Black,<=5s vs 10-15s,2012
1ekbbTpc,76,0-1,Black,<=5s vs 15-20s,2192
PAsVlttG,66,1-0,Black,<=5s vs 5-10s,1530
dyx4Meh7,138,0-1,Black,<=5s vs 5-10s,1762
G60gh59D,61,1-0,White,<=5s vs 15-20s,1992
PY4Q9yun,115,0-1,White,<=5s vs <=5s,2148
9UDtZwic,79,0-1,White,<=5s vs 10-15s,2850
DcMBkqI4,77,1-0,White,<=5s vs 10-15s,2418
aFIHb8qL,41,1-0,White,<=5s vs 5-10s,1071
7FxWoZBl,73,1-0,White,<=5s vs 10-15s,2343
I0UCFH6A,106,1-0,Black,<=5s vs 5-10s,2391
osFi8NDr,62,1-0,Black,<=5s vs 5-10s,1530
FLQiyrcW,52,0-1,Black,<=5s vs 5-10s,1885
5kaQPon0,74,0-1,Black,<=5s vs 10-15s,2070
DlOneEX1,69,1-0,White,<=5s vs 15-20s,2401
IhMz54vV,94,0-1,Black,<=5s vs 10-15s,2047
QobtR7XK,30,1-0,Black,<=5s vs 15-20s,980
aomOmyBS,106,0-1,Black,<=5s vs 15-20s,1606
JFTz1mcR,86,0-1,Black,<=5s vs 5-10s,2445
IpxpjGQC,103,1-0,White,<=5s vs 15-20s,2956
yfVyb99p,70,0-1,Black,<=5s vs 15-20s,1723
evrG1iJy,64,0-1,Black,<=5s vs 15-20s,2331
FoHjGkjN,50,0-1,Black,<=5s vs 15-20s,1607
0UVQg19R,74,0-1,Black,<=5s vs 10-15s,1805
5TOrNgWO,83,1-0,White,<=5s vs 15-20s,1728
K6VlAACd,62,0-1,Black,<=5s vs 5-10s,1619
NHb7da2R,72,0-1,Black,<=5s vs 15-20s,1491
PHa9Ho4Y,69,1-0,White,<=5s vs <=5s,1351
p7UkRUVm,157,0-1,White,<=5s vs 5-10s,2666
ycpr6YQo,68,0-1,Black,<=5s vs 15-20s,1512
Hr0qnLK8,149,1-0,White,<=5s vs 15-20s,2689
bbteeb1W,128,1-0,Black,<=5s vs 5-10s,1435
FSxyD0sE,62,0-1,Black,<=5s vs 10-15s,1618
ISJbDFFA,63,1-0,White,<=5s vs 15-20s,1863
7lFWG2Jd,94,1/2-1/2,Black,<=5s vs 5-10s,2475
3KgtCVZR,54,0-1,Black,<=5s vs 5-10s,1546
kW297Xkb,59,1-0,White,<=5s vs 10-15s,1440
1gnv35XH,70,0-1,Black,<=5s vs 15-20s,1224
pbshfEjQ,56,0-1,Black,<=5s vs 15-20s,1140
aPY27ivk,87,1-0,White,<=5s vs 5-10s,2534
goEsXwEi,56,1-0,Black,<=5s vs 15-20s,2573
e1t2qT9W,46,0-1,Black,<=5s vs 10-15s,1056
ANUbrCXE,88,0-1,Black,<=5s vs 5-10s,1882
winfbIh4,53,1-0,White,<=5s vs 5-10s,1253
xkubAvUq,65,1-0,White,<=5s vs 5-10s,1442
uG5UHEJo,38,1-0,Black,<=5s vs 5-10s,969
RukKND2W,61,0-1,White,<=5s vs 10-15s,1869
LUMyfxVk,69,1-0,White,<=5s vs 15-20s,1510
swYgvsO8,67,1-0,White,<=5s vs 10-15s,1830
h7cEI4m4,66,0-1,Black,<=5s vs 15-20s,1209
Ukxmo5nC,40,0-1,Black,<=5s vs 15-20s,2045
IVPKVttQ,60,1-0,Black,<=5s vs 5-10s,1161
9N22KTlH,79,1-0,White,<=5s vs 5-10s,1699
QASHLFM0,118,1-0,Black,<=5s vs 10-15s,2674
A3PSjCVy,71,1/2-1/2,White,<=5s vs <=5s,1021
nK9yhnn7,46,0-1,Black,<=5s vs 15-20s,985
373oZV7y,44,0-1,Black,<=5s vs 15-20s,1327
2ShjjfYF,118,0-1,Black,<=5s vs 15-20s,2420
SFSMquXK,93,1/2-1/2,White,<=5s vs 5-10s,2383
ecz3CjnP,112,1/2-1/2,Black,<=5s vs 5-10s,2600
GWGdXAOu,118,1/2-1/2,Black,<=5s vs 10-15s,2804
V0gvkQSW,68,0-1,Black,<=5s vs 10-15s,2050
3mhEFiJ2,87,0-1,White,<=5s vs 5-10s,2418
XINs0ZTY,82,0-1,Black,<=5s vs 5-10s,2231
5f1DxjOP,55,1-0,White,<=5s vs 5-10s,1039
6zQQ02Sk,91,1-0,White,<=5s vs 5-10s,2349
C1VcJDBn,48,0-1,Black,<=5s vs <=5s,1414
Jumy2ll2,77,0-1,White,<=5s vs 5-10s,1907
pe549vqZ,64,0-1,Black,<=5s vs 15-20s,1666
kKx11JJS,70,0-1,Black,<=5s vs 15-20s,1886
n4MapQCg,72,0-1,Black,<=5s vs 10-15s,1741
LsWDConL,75,1-0,White,<=5s vs 5-10s,2067
IPkSj2AS,70,0-1,Black,<=5s vs 5-10s,1880
PSQlCrvO,69,1-0,White,<=5s vs 10-15s,2144
inH7JyI7,43,1-0,White,<=5s vs 5-10s,1502
DGbtICSX,64,0-1,Black,<=5s vs 5-10s,1949
b15XsD9k,66,0-1,Black,<=5s vs 10-15s,2135
OeaYjPGN,50,0-1,Black,<=5s vs 10-15s,1277
QcuOHQKf,159,0-1,White,<=5s vs <=5s,2483
JJ3FqzKe,69,1-0,White,<=5s vs 5-10s,1655
vabBv9sq,95,1-0,White,<=5s vs 10-15s,1821
qL9Es49A,91,1-0,White,<=5s vs 5-10s,2032
OQNhCqoy,86,0-1,Black,<=5s vs 5-10s,1334
4DkgpCNY,58,0-1,Black,<=5s vs 15-20s,1050
KwPRBqbn,85,1-0,White,<=5s vs 5-10s,2423
PRIXIYqH,86,1-0,Black,<=5s vs <=5s,1876
iw18DSqV,74,0-1,Black,<=5s vs 5-10s,2077
o4O9WVP5,65,0-1,White,<=5s vs 5-10s,1715
D6DPrAHe,54,1-0,Black,<=5s vs <=5s,1384
jmJCVZTH,120,0-1,Black,<=5s vs <=5s,1260
3XhGXQ2A,85,1-0,White,<=5s vs 15-20s,2739
HjefAd4L,79,1-0,White,<=5s vs 5-10s,2096
7Dq8devN,62,1-0,Black,<=5s vs 15-20s,1767
ZoPZykfX,110,0-1,Black,<=5s vs 5-10s,1651
WkCIc3nK,76,0-1,Black,<=5s vs 15-20s,2691
tJLKeewV,39,0-1,White,<=5s vs 10-15s,1407
9q9SMs6B,59,1-0,White,<=5s vs 15-20s,1753
Lpy4myUE,81,1-0,White,<=5s vs <=5s,1592
Ao4cK9ix,71,0-1,White,<=5s vs <=5s,1654
4U9FncEl,57,1-0,White,<=5s vs 10-15s,1598
dQzIA0vD,70,0-1,Black,<=5s vs <=5s,1867
YbJbc2Lt,70,0-1,Black,<=5s vs <=5s,1671
xSjdcr7G,64,0-1,Black,<=5s vs 15-20s,2448
Gj2RBvGj,110,0-1,Black,<=5s vs 5-10s,1392
oGBQucAh,96,0-1,Black,<=5s vs 15-20s,2250
rfRgkvCt,67,1-0,White,<=5s vs 10-15s,1701
oKpQ8e93,81,1-0,White,<=5s vs 5-10s,1882
fzs98Xlm,77,1-0,White,<=5s vs 10-15s,2548
I5KiOBse,67,1-0,White,<=5s vs 5-10s,1997
hAqbETlC,86,0-1,Black,<=5s vs 5-10s,1641
SPgCEMgf,59,0-1,White,<=5s vs 10-15s,974
K8O53gvF,97,0-1,White,<=5s vs <=5s,2003
FvXgeVsx,123,1-0,White,<=5s vs 5-10s,2374
YJ5uFGTV,58,0-1,Black,<=5s vs 10-15s,2053
rlO04SiY,67,1-0,White,<=5s vs 15-20s,1948
JZGfu3wz,60,1-0,Black,<=5s vs 5-10s,1231
WhhLqAIa,56,0-1,Black,<=5s vs 15-20s,1686
1oa3AcGZ,91,1-0,White,<=5s vs 10-15s,2651
sqjDywLP,84,0-1,Black,<=5s vs <=5s,1572
CqarOVbB,78,0-1,Black,<=5s vs 5-10s,2484
ghdVKFE3,68,0-1,Black,<=5s vs 10-15s,1958
DaKUhDAo,75,1-0,White,<=5s vs 5-10s,2147
rP0YH2Cs,75,1-0,White,<=5s vs 5-10s,1173
T9A8Hmwu,80,0-1,Black,<=5s vs 15-20s,2198
0BbNgcUO,92,1-0,Black,<=5s vs <=5s,2396
cxNHDLBd,60,0-1,Black,<=5s vs 10-15s,1744
W9aEgqeq,66,1-0,Black,<=5s vs 5-10s,1857
maeRSiCU,60,0-1,Black,<=5s vs 15-20s,1932
i7pgg0Kn,71,1-0,White,<=5s vs 10-15s,2615
UywYnqsy,78,0-1,Black,<=5s vs <=5s,1726
6Qm6mzIB,71,1-0,White,<=5s vs 15-20s,2063
8qB8k8T5,100,0-1,Black,<=5s vs 5-10s,2666
oINz7RBm,38,0-1,Black,<=5s vs 10-15s,965
MvqA4Ihc,85,0-1,White,<=5s vs 5-10s,2271
XLizWILC,112,1/2-1/2,Black,<=5s vs 10-15s,2235
I50lx9bo,51,1-0,White,<=5s vs 10-15s,1543
3XqI0NB0,61,1-0,White,<=5s vs 15-20s,1688
O4UMsHwB,92,0-1,Black,<=5s vs 15-20s,2103
3YZ4K0Mw,72,1-0,Black,<=5s vs <=5s,2219
UVJ8oAfR,53,1-0,White,<=5s vs 5-10s,1560
jbR7IXhQ,93,1-0,White,<=5s vs 15-20s,1846
2j6v6xrE,130,1-0,Black,<=5s vs <=5s,2682
m5WRzNPl,66,0-1,Black,<=5s vs 5-10s,1769
OnN9XvrU,70,0-1,Black,<=5s vs <=5s,1878
FHE0O02o,67,1-0,White,<=5s vs 15-20s,1628
GyIwmTO0,80,0-1,Black,<=5s vs 10-15s,2318
QQYk6g6r,43,1-0,White,<=5s vs 15-20s,1475
vn2lePuS,106,0-1,Black,<=5s vs 5-10s,2349
LjhR4vT6,113,1-0,White,<=5s vs 5-10s,2619
W4QdjEga,64,0-1,Black,<=5s vs 15-20s,1660
o9KgG4UO,103,1/2-1/2,White,<=5s vs 15-20s,2282
7aQW8Yuw,58,0-1,Black,<=5s vs 15-20s,1891
HwaOU1tc,166,1/2-1/2,Black,<=5s vs 5-10s,2699
T2OTDaYM,76,0-1,Black,<=5s vs 10-15s,2868
ol8Nn9fy,119,1/2-1/2,White,<=5s vs 5-10s,2284
5C4pQO17,44,0-1,Black,<=5s vs 15-20s,1098
CYRgcDtV,84,0-1,Black,<=5s vs 5-10s,1787
xXgzFQ3w,126,0-1,Black,<=5s vs 5-10s,2771
oBQrUH51,70,0-1,Black,<=5s vs 15-20s,1105
2NGGEh0Z,85,1-0,White,<=5s vs 15-20s,2284
dhyR0nWt,95,1-0,White,<=5s vs 10-15s,2156
V1PnzXzj,110,1/2-1/2,Black,<=5s vs 10-15s,2220
65lKGGmQ,97,1-0,White,<=5s vs <=5s,2105
4osYKvsB,69,1-0,White,<=5s vs 10-15s,1415
NgW0wanH,49,1-0,White,<=5s vs 15-20s,1330
d8MmlNkt,47,1-0,White,<=5s vs 15-20s,995
UVegvz1R,92,0-1,Black,<=5s vs 5-10s,2201
4wXRZYA0,53,1-0,White,<=5s vs 10-15s,1082
doOPGuuB,52,0-1,Black,<=5s vs 15-20s,1364
TbJbT6ZG,97,1-0,White,<=5s vs 5-10s,2353
cnHzVUpn,84,1-0,Black,<=5s vs <=5s,1757
EEEBiasn,39,1-0,White,<=5s vs <=5s,1128
GZQzh4ps,66,0-1,Black,<=5s vs 5-10s,2018
oX26DElO,47,1-0,White,<=5s vs <=5s,1008
pmDc9FtJ,69,0-1,White,<=5s vs 5-10s,1493
zPr9lFhI,96,0-1,Black,<=5s vs 5-10s,2424
0jDr5t1l,76,0-1,Black,<=5s vs 10-15s,1763
QNRJJs2W,98,0-1,Black,<=5s vs 5-10s,3045
Kh1fJl5D,57,1-0,White,<=5s vs 15-20s,1556
TWibHT91,141,1-0,White,<=5s vs 10-15s,1986
Lpkcrgdp,66,0-1,Black,<=5s vs 5-10s,2121
YKftNGYH,92,0-1,Black,<=5s vs 15-20s,2413
pf9IFJjL,108,0-1,Black,<=5s vs 15-20s,2239
AwwwdJEe,53,1-0,White,<=5s vs 15-20s,1628
JezL4VDV,67,1-0,White,<=5s vs 5-10s,970
YMwOGbSG,54,0-1,Black,<=5s vs 5-10s,1553
IjLNSRX4,67,1-0,White,<=5s vs 5-10s,2059
IsIpofwl,93,0-1,White,<=5s vs <=5s,1929
f6MmUkWd,69,0-1,White,<=5s vs <=5s,2315
DUrWLeZk,75,1-0,White,<=5s vs 5-10s,1411
8ZDzyXmH,79,1-0,White,<=5s vs 15-20s,2515
E4TnAkNJ,29,1-0,White,<=5s vs 15-20s,762
CbLLBEoa,116,0-1,Black,<=5s vs 10-15s,2370
9Z3XMKK9,72,0-1,Black,<=5s vs 10-15s,1327
XGRljutv,80,0-1,Black,<=5s vs 10-15s,2362
VqZonrrX,93,1-0,White,<=5s vs 5-10s,2318
CgTh6BIv,111,0-1,White,<=5s vs <=5s,1865
pIcNOQNb,57,1-0,White,<=5s vs 15-20s,1629
e1cQfGlu,38,0-1,Black,<=5s vs 5-10s,1468
gNhG8WcK,86,0-1,Black,<=5s vs 5-10s,1372
ElBWANp9,64,0-1,Black,<=5s vs 10-15s,2123
5NPi3yVy,102,0-1,Black,<=5s vs 10-15s,2410
QIAr33oc,58,0-1,Black,<=5s vs 15-20s,1402
MnRiovKs,71,0-1,White,<=5s vs 5-10s,1646
4Rs8Kznf,82,1-0,Black,<=5s vs <=5s,1788
aaMSHMrd,99,1/2-1/2,White,<=5s vs 5-10s,2490
x0EXzDbf,77,1-0,White,<=5s vs 5-10s,2053
riSMP2kF,67,1-0,White,<=5s vs 15-20s,2194
OD5hg3bJ,106,0-1,Black,<=5s vs 10-15s,3288
wjYLB4fP,78,0-1,Black,<=5s vs 15-20s,2008
2G07zEL6,93,1-0,White,<=5s vs 15-20s,1330
gI7Zgdfi,84,0-1,Black,<=5s vs 5-10s,1646
ExeJtb7v,61,1-0,White,<=5s vs 10-15s,1846
sRjskvPx,88,0-1,Black,<=5s vs 5-10s,2001
MnLSSNWu,59,1-0,White,<=5s vs <=5s,1110
c1zwr2JP,82,1-0,Black,<=5s vs 5-10s,2101
CzgsRijj,80,0-1,Black,<=5s vs <=5s,2138
ff9TvycK,65,1-0,White,<=5s vs 5-10s,1847
CwfhHEle,100,0-1,Black,<=5s vs 10-15s,2045
iCgEuhEi,67,1-0,White,<=5s vs 15-20s,2428
HVOGGG6T,118,1/2-1/2,Black,<=5s vs 5-10s,2271
GozdPdnM,78,1/2-1/2,Black,<=5s vs 10-15s,1953
8lnHBaY4,52,0-1,Black,<=5s vs <=5s,715
3hsGPqOd,54,0-1,Black,<=5s vs 15-20s,1277
FtREVhsT,66,0-1,Black,<=5s vs 5-10s,1111
cA1RlUIi,101,1-0,White,<=5s vs 15-20s,1869
MtC995E6,57,1-0,White,<=5s vs 15-20s,2183
4sIdcRF1,49,1-0,White,<=5s vs 10-15s,1316
r06fnGyJ,55,0-1,White,<=5s vs <=5s,1146
EcnevAl7,72,0-1,Black,<=5s vs 5-10s,2562
Y6XP4cA2,72,1-0,Black,<=5s vs 5-10s,2266
T8xfmqwB,57,1-0,White,<=5s vs 15-20s,2069
d4O5cpRb,38,0-1,Black,<=5s vs 5-10s,1126
l7G2VGhd,69,0-1,White,<=5s vs <=5s,2101
Dj4AuuYj,68,0-1,Black,<=5s vs 10-15s,2185
TfnRWvmh,62,0-1,Black,<=5s vs 15-20s,1903
PpjSlb2O,55,1-0,White,<=5s vs 10-15s,1253
KFrPzU2m,45,1-0,White,<=5s vs 10-15s,1187
REGxLn8a,63,1-0,White,<=5s vs 15-20s,1288
y60Ugf19,63,1-0,White,<=5s vs 10-15s,2061
3zMOTpvg,46,0-1,Black,<=5s vs 5-10s,961
92yLAF82,78,0-1,Black,<=5s vs 10-15s,2357
ZaqE9KZ9,72,0-1,Black,<=5s vs <=5s,1552
6ZS7f2lf,67,1-0,White,<=5s vs 10-15s,2111
jLJzCPwo,135,0-1,White,<=5s vs 5-10s,2254
JVepbOG5,127,1-0,White,<=5s vs <=5s,2247
mSvPQJ16,77,1-0,White,<=5s vs 10-15s,1131
44DGZhz3,146,1/2-1/2,Black,<=5s vs <=5s,2563
clLJiaAP,43,1-0,White,<=5s vs 15-20s,1039
QAiYJ3J7,97,1-0,White,<=5s vs 5-10s,2588
rY0FOVv5,72,0-1,Black,<=5s vs 5-10s,1781
BPTCGxYu,80,0-1,Black,<=5s vs 15-20s,2345
XgUEU04U,64,0-1,Black,<=5s vs 15-20s,1269
6ewfSZ3M,63,1-0,White,<=5s vs 5-10s,1365
d3J2UoOp,55,0-1,White,<=5s vs 5-10s,1353
OaR46YC1,98,0-1,Black,<=5s vs 15-20s,2085
Z3Ilxroj,84,0-1,Black,<=5s vs 5-10s,2672
yhpESC7B,72,0-1,Black,<=5s vs 5-10s,2235
S8TJrzf6,61,1-0,White,<=5s vs 15-20s,2038
GcuyZYm3,67,0-1,White,<=5s vs 10-15s,1357
vG7DL0HC,64,0-1,Black,<=5s vs 10-15s,2000
HjVxjNAk,56,0-1,Black,<=5s vs <=5s,752
z8vKOqz7,70,0-1,Black,<=5s vs 5-10s,1985
9owkGDjQ,59,1-0,White,<=5s vs 5-10s,1612
JJaKUK8T,98,0-1,Black,<=5s vs 5-10s,2831
PYWur5GM,67,1-0,White,<=5s vs 5-10s,1076
MfcGf7uH,65,1-0,White,<=5s vs 10-15s,1681
MgdJ53F1,74,0-1,Black,<=5s vs <=5s,2965
R86e7m4h,67,1-0,White,<=5s vs 10-15s,1332
qR3VD0UF,101,0-1,White,<=5s vs 10-15s,2012
H6JUOTOu,93,1-0,White,<=5s vs 10-15s,2330
Naf4BvsH,93,1/2-1/2,White,<=5s vs 5-10s,1648
6KR1VsdW,65,1-0,White,<=5s vs 5-10s,2347
NJI2CzMF,66,0-1,Black,<=5s vs 15-20s,1818
E1XclDTt,68,0-1,Black,<=5s vs 5-10s,1708
DbHSdHzi,111,1-0,White,<=5s vs 5-10s,2412
XoOvof2y,79,1-0,White,<=5s vs <=5s,1865
HmSA05rY,65,1-0,White,<=5s vs 5-10s,1883
oazWn5Y7,58,0-1,Black,<=5s vs 15-20s,1221
ONlTwc7x,117,1/2-1/2,White,<=5s vs 5-10s,2185
gh6cCN65,90,1-0,Black,<=5s vs <=5s,1679
OklQcSRP,65,0-1,White,<=5s vs 10-15s,2052
MYz4HwTB,63,0-1,White,<=5s vs 5-10s,1995
V6lrlnar,69,0-1,White,<=5s vs 5-10s,1981
CliJdLlE,76,0-1,Black,<=5s vs 5-10s,1682
aM0v4Qug,82,0-1,Black,<=5s vs 15-20s,1567
rer2Tmcp,67,1-0,White,<=5s vs 5-10s,2476
QSKa12Ti,58,1-0,Black,<=5s vs 5-10s,1970
wemoBJsQ,50,1-0,Black,<=5s vs 10-15s,865
TDhQ0K1V,78,0-1,Black,<=5s vs 5-10s,1902
ZHaVvUj0,70,0-1,Black,<=5s vs <=5s,1790
Bdmq9qO8,127,1/2-1/2,White,<=5s vs 10-15s,2751
HXUuKbCj,67,1-0,White,<=5s vs 15-20s,1693
a2KehN9f,114,1-0,Black,<=5s vs <=5s,2936
4MKO5CCz,78,0-1,Black,<=5s vs 5-10s,1271
AIm4neEl,47,1-0,White,<=5s vs 10-15s,1037
4zFYJJOV,72,0-1,Black,<=5s vs 10-15s,1492
6NTD91fX,108,0-1,Black,<=5s vs <=5s,2174
Ymv7mas4,50,0-1,Black,<=5s vs 10-15s,1261
13neknfp,78,0-1,Black,<=5s vs 5-10s,2310
zHemcmPx,64,0-1,Black,<=5s vs 5-10s,2093
EBVkkq7G,94,1/2-1/2,Black,<=5s vs <=5s,2341
pizPhgFg,56,0-1,Black,<=5s vs 15-20s,2262
L5vRb3R8,172,1/2-1/2,Black,<=5s vs 15-20s,2711
4adYjuCV,77,0-1,White,<=5s vs <=5s,1649
3g7Uw2QZ,84,0-1,Black,<=5s vs 15-20s,2414
8h6IvcGr,85,1-0,White,<=5s vs 5-10s,1772
vCS5xiNc,100,0-1,Black,<=5s vs <=5s,1066
dFY9Jpea,61,1-0,White,<=5s vs 15-20s,1651
5uLf6Aw2,58,1-0,Black,<=5s vs 5-10s,2155
dOyrLUll,101,1-0,White,<=5s vs 15-20s,2893
gGVOLHOl,55,1-0,White,<=5s vs 5-10s,1654
GTMcH5pS,103,0-1,White,<=5s vs <=5s,2113
BKSF1T4z,70,1-0,Black,<=5s vs 10-15s,2181
RsZvUwfg,27,1-0,White,<=5s vs 15-20s,763
OgXVWj43,92,1/2-1/2,Black,<=5s vs 5-10s,1812
kSMsbxLj,61,1-0,White,<=5s vs 5-10s,1541
7VSVgOuI,92,0-1,Black,<=5s vs 10-15s,2452
MHQ7dU6Q,58,0-1,Black,<=5s vs 10-15s,1696
Pc9XFt9w,108,0-1,Black,<=5s vs 15-20s,1989
BfZBIQxR,59,1-0,White,<=5s vs 15-20s,1429
5rdEObOr,62,1/2-1/2,Black,<=5s vs 5-10s,2404
TOCYGjkQ,50,0-1,Black,<=5s vs 15-20s,1467
Hngd1HhB,85,1-0,White,<=5s vs 10-15s,2394
08chO4CX,66,0-1,Black,<=5s vs 5-10s,1441
JO29OQVc,94,0-1,Black,<=5s vs 10-15s,1879
MVP159sT,67,1-0,White,<=5s vs 5-10s,1097
4oasitaE,82,0-1,Black,<=5s vs <=5s,1917
SnVuUMXN,47,1-0,White,<=5s vs 5-10s,1404
hdvtdbg2,92,0-1,Black,<=5s vs 15-20s,2460
7Ukwasp0,112,0-1,Black,<=5s vs 10-15s,1957
2XxrqXkg,73,0-1,White,<=5s vs <=5s,1993
MssAjZQ2,67,1-0,White,<=5s vs 15-20s,1972
Gc7G932Y,89,1-0,White,<=5s vs 15-20s,2033
d2azInFC,82,0-1,Black,<=5s vs 15-20s,1500
IKTQNLl3,104,0-1,Black,<=5s vs <=5s,2399
I5YxhDew,58,0-1,Black,<=5s vs <=5s,1498
FYKaLXoM,62,0-1,Black,<=5s vs 10-15s,2279
coZ4xWvh,54,0-1,Black,<=5s vs 10-15s,1643
sG5RrQ5o,44,0-1,Black,<=5s vs 15-20s,1476
3TH7ddmu,109,1-0,White,<=5s vs 5-10s,2529
Gd5fHU1W,51,1-0,White,<=5s vs 5-10s,1595
YZxxcxMa,38,0-1,Black,<=5s vs 10-15s,1033
zsygWTzI,77,1-0,White,<=5s vs 10-15s,2144
FFo36BAn,42,0-1,Black,<=5s vs 15-20s,1681
nWVzVODV,62,0-1,Black,<=5s vs 10-15s,2231
tzdunRA9,53,1-0,White,<=5s vs 15-20s,1520
ATHHZnak,64,0-1,Black,<=5s vs 10-15s,936
Sryae8rH,124,1/2-1/2,Black,<=5s vs 15-20s,2216
OVHtEtkO,102,1-0,Black,<=5s vs <=5s,2478
aMjvGaTu,52,0-1,Black,<=5s vs 5-10s,1438
phmUMxLG,63,1-0,White,<=5s vs 10-15s,1942
It8EReAo,75,1-0,White,<=5s vs 10-15s,2984
nICZtoTY,67,0-1,White,<=5s vs 5-10s,1258
k96OvoNN,76,0-1,Black,<=5s vs 10-15s,2247
kURZFvNJ,57,1-0,White,<=5s vs 10-15s,1036
JJAHI13r,110,0-1,Black,<=5s vs 10-15s,2613
QA9OAdh9,66,0-1,Black,<=5s vs 5-10s,1772
vm182lBR,160,1/2-1/2,Black,<=5s vs 5-10s,2373
iXcdqsBM,71,0-1,White,<=5s vs <=5s,2216
tPLjNREL,74,0-1,Black,<=5s vs 5-10s,1789
BOnUzx9S,92,0-1,Black,<=5s vs 15-20s,2621
vNTonlqn,69,1-0,White,<=5s vs 5-10s,1401
koLhKzrI,36,0-1,Black,<=5s vs 10-15s,1034
PglawMPE,62,0-1,Black,<=5s vs 5-10s,2495
gls4hdS5,65,0-1,White,<=5s vs 15-20s,1343
NYfrUv2i,96,1/2-1/2,Black,<=5s vs 10-15s,2359
E478SgOL,78,0-1,Black,<=5s vs 5-10s,1212
SB3ZTTzN,57,0-1,White,<=5s vs 5-10s,1836
MFD3etcN,87,0-1,White,<=5s vs 15-20s,2059
4yY5MczY,108,1/2-1/2,Black,<=5s vs <=5s,2427
8dQYjG7I,110,1/2-1/2,Black,<=5s vs 15-20s,2328
DJYc1ILR,80,0-1,Black,<=5s vs 15-20s,1890
OgZzL2sl,55,0-1,White,<=5s vs 10-15s,2255
54hgBNuj,91,1-0,White,<=5s vs 5-10s,1989
qTcP8EHe,76,0-1,Black,<=5s vs 10-15s,2007
qgwCPFi5,53,1-0,White,<=5s vs 10-15s,1639
pZKwdxgV,78,0-1,Black,<=5s vs <=5s,1726
3vNjhtQC,72,0-1,Black,<=5s vs 15-20s,2238
yLqQaK1N,70,0-1,Black,<=5s vs 5-10s,1750
3wI45LBn,57,1-0,White,<=5s vs 10-15s,1692
2vLSJBFC,55,0-1,White,<=5s vs 10-15s,2018
O3NybM6A,54,1-0,Black,<=5s vs 15-20s,1627
6BbMxKse,68,0-1,Black,<=5s vs 5-10s,2283
vo5spyqI,65,1-0,White,<=5s vs 15-20s,1449
ElUcYBzf,83,1-0,White,<=5s vs 5-10s,2075
ZOjbMdqp,47,1-0,White,<=5s vs 15-20s,1611
LyD7jhYj,48,0-1,Black,<=5s vs 5-10s,1326
lGojoEU7,103,0-1,White,<=5s vs 5-10s,2034
d7MTANCa,56,0-1,Black,<=5s vs 15-20s,1437
FIPtvI5r,63,0-1,White,<=5s vs <=5s,1363
GtOe0kY6,73,1-0,White,<=5s vs 10-15s,849
kbVnT0bU,88,0-1,Black,<=5s vs 5-10s,2097
bzl5gxnT,66,0-1,Black,<=5s vs 10-15s,2045
wPTC2kiD,44,0-1,Black,<=5s vs <=5s,911
5KMujRfD,66,0-1,Black,<=5s vs 15-20s,1739
5Y9LPS7G,94,0-1,Black,<=5s vs 10-15s,1830
KShAtHav,110,1/2-1/2,Black,<=5s vs 15-20s,2319
8ELwbplO,107,1-0,White,<=5s vs 10-15s,2029
6arDrQga,65,1-0,White,<=5s vs 15-20s,1183
AGXtBW92,98,0-1,Black,<=5s vs 15-20s,2338
8Y3vUcHN,147,1-0,White,<=5s vs 5-10s,2152
sHApCjBf,75,1-0,White,<=5s vs <=5s,2348
Ukv8PK0f,53,1-0,White,<=5s vs 10-15s,1377
zD4yFOLE,61,0-1,White,<=5s vs 10-15s,2121
GvvULuUy,92,1/2-1/2,Black,<=5s vs 5-10s,2099
VvpEENau,62,0-1,Black,<=5s vs 15-20s,2003
7EQkHWRQ,56,1-0,Black,<=5s vs 5-10s,1856
D2QPfTFU,69,1-0,White,<=5s vs 10-15s,1927
BktxFVIV,75,1-0,White,<=5s vs 15-20s,2325
Vf0K8hN4,70,0-1,Black,<=5s vs 15-20s,1657
aSZvYWWE,74,0-1,Black,<=5s vs 5-10s,1312
5rXBZmwG,58,0-1,Black,<=5s vs 5-10s,1323
lsRLfPSQ,113,1-0,White,<=5s vs 15-20s,1763
RCJfolM6,65,1-0,White,<=5s vs 10-15s,1773
vTrBfYzT,79,1-0,White,<=5s vs 15-20s,1865
3vL4rZMg,51,1-0,White,<=5s vs 5-10s,777
758WKISG,100,0-1,Black,<=5s vs 15-20s,1778
JEEvGFaa,119,1-0,White,<=5s vs 5-10s,1861
ghC9guOp,124,1/2-1/2,Black,<=5s vs 15-20s,1643
onjBwJ3Z,44,0-1,Black,<=5s vs 10-15s,1447
VQEOEMIt,61,1-0,White,<=5s vs 10-15s,1681
9aGTDINp,72,1-0,Black,<=5s vs <=5s,1999
DFgTOY6Y,81,1-0,White,<=5s vs 5-10s,2279
C8P2TTFl,72,0-1,Black,<=5s vs 15-20s,2533
UgViBDSO,40,0-1,Black,<=5s vs 10-15s,801
UQD3HR54,68,0-1,Black,<=5s vs 5-10s,2458
DOj27x4c,72,0-1,Black,<=5s vs 5-10s,1740
j5BegW2C,55,1-0,White,<=5s vs 15-20s,1958
Kg8fIqzb,49,1-0,White,<=5s vs 5-10s,1869
FztNs1oE,73,0-1,White,<=5s vs 5-10s,1212
dnpfv8ST,72,0-1,Black,<=5s vs 5-10s,1700
33qg5x0c,70,0-1,Black,<=5s vs 5-10s,1361
Oj8MTpHV,76,0-1,Black,<=5s vs 15-20s,2435
vf5DagFR,89,1-0,White,<=5s vs 5-10s,2714
CWopPMCW,139,1-0,White,<=5s vs 15-20s,1271
kyuOsbN4,51,1-0,White,<=5s vs 10-15s,1293
u4MVs4Mq,59,1-0,White,<=5s vs 5-10s,1747
FR1zJUah,75,1-0,White,<=5s vs 10-15s,2306
Hm9ZQaIM,54,0-1,Black,<=5s vs 15-20s,1357
wYXGPvPv,86,0-1,Black,<=5s vs 5-10s,2260
lkIP581g,149,1/2-1/2,White,<=5s vs 10-15s,1713
apFnEEAl,76,1-0,Black,<=5s vs <=5s,2238
cswiB4qA,51,1-0,White,<=5s vs 10-15s,1150
cZNDJvXW,70,0-1,Black,<=5s vs <=5s,1272
t92X5Zo8,54,0-1,Black,<=5s vs 15-20s,1414
G1IT8as8,65,0-1,White,<=5s vs 5-10s,907
SX2UhrHU,66,0-1,Black,<=5s vs <=5s,1670
EJrKHKz8,59,1-0,White,<=5s vs 10-15s,2261
ztYIqcxp,98,0-1,Black,<=5s vs 10-15s,2283
LzDHIuDE,86,0-1,Black,<=5s vs 10-15s,1826
cKDhEpEC,65,1-0,White,<=5s vs 15-20s,2010
bxxN319m,51,1-0,White,<=5s vs 10-15s,1599
wpcpOLZv,45,1-0,White,<=5s vs 10-15s,1170
Yg8Uer3c,86,0-1,Black,<=5s vs <=5s,1683
qfbbyhGZ,109,0-1,White,<=5s vs 5-10s,2389
AtlpNWwj,154,0-1,Black,<=5s vs 15-20s,2119
jZEn3VrP,56,0-1,Black,<=5s vs 10-15s,1693
Mi0gKxip,80,0-1,Black,<=5s vs <=5s,2370
5PVjvYUn,77,1-0,White,<=5s vs 5-10s,1553
BxNXvu8z,75,1-0,White,<=5s vs 10-15s,2266
lwqyt5Hy,56,1-0,Black,<=5s vs 10-15s,1372
GJmcmmUV,76,0-1,Black,<=5s vs <=5s,1941
4Dn3vdh7,110,1-0,Black,<=5s vs <=5s,2419
i5DqfOoH,56,1-0,Black,<=5s vs 5-10s,1670
OTQ9Mb3N,49,1-0,White,<=5s vs 10-15s,1827
Vv6MwKAp,59,1-0,White,<=5s vs 10-15s,1920
JjWn3JUy,100,0-1,Black,<=5s vs 5-10s,2677
qb7ipWMX,70,1-0,Black,<=5s vs <=5s,1637
Vni4PVIV,57,0-1,White,<=5s vs 10-15s,1526
5ZPiLCQ0,65,1-0,White,<=5s vs 15-20s,1419
GXP18w43,109,1-0,White,<=5s vs 5-10s,2426
PicZhqBp,74,0-1,Black,<=5s vs 5-10s,1444
KdVtGNCY,101,1-0,White,<=5s vs 5-10s,2302
CEDyFpjv,62,0-1,Black,<=5s vs <=5s,1186
ZYd2ugXL,61,1-0,White,<=5s vs 5-10s,1226
9gI5Nkei,113,1-0,White,<=5s vs 10-15s,3101
K5wisJT4,66,0-1,Black,<=5s vs 5-10s,2102
JkhOHMe5,56,0-1,Black,<=5s vs 5-10s,1829
wMLjgf5i,84,0-1,Black,<=5s vs 5-10s,1708
LoE7WLTe,69,0-1,White,<=5s vs <=5s,1315
dlskxBnW,55,1-0,White,<=5s vs 10-15s,2508
5Lk3kvRq,60,1/2-1/2,Black,<=5s vs 15-20s,2424
fX3AqOMN,51,1-0,White,<=5s vs 15-20s,1264
gu1FsHVj,82,1-0,Black,<=5s vs <=5s,1681
wvTbEKBp,70,1-0,Black,<=5s vs <=5s,1570
NjbSj5qF,44,0-1,Black,<=5s vs 10-15s,922
9bvsStlt,97,1-0,White,<=5s vs <=5s,2271
Tm0Rd95z,61,0-1,White,<=5s vs <=5s,2022
OaCFzdtB,62,1-0,Black,<=5s vs <=5s,1487
yqU72Ak1,150,1-0,Black,<=5s vs 10-15s,1844
YBmNcRTR,110,1-0,Black,<=5s vs 5-10s,2707
gex2cYyl,79,1-0,White,<=5s vs 10-15s,2229
61IA2d61,86,0-1,Black,<=5s vs 10-15s,2321
4cD78JNV,62,0-1,Black,<=5s vs 15-20s,1818
bo24cXeP,47,1-0,White,<=5s vs 15-20s,1595
x0ztBPK1,72,0-1,Black,<=5s vs 15-20s,1878
iNOI0nNH,79,1-0,White,<=5s vs 15-20s,2196
T2xjQfFb,66,0-1,Black,<=5s vs 5-10s,1996
ndmcYFL0,66,0-1,Black,<=5s vs <=5s,1469
lS6iWShR,63,1-0,White,<=5s vs 15-20s,2214
16dWsOBM,82,0-1,Black,<=5s vs 15-20s,2135
kGZLiwH1,75,0-1,White,<=5s vs <=5s,1845
duMsfuzs,70,0-1,Black,<=5s vs 5-10s,894
VauOEk2y,85,1-0,White,<=5s vs 15-20s,2415
M64Mq11q,59,1-0,White,<=5s vs 10-15s,1747
DE9D1gF0,58,0-1,Black,<=5s vs 10-15s,1335
OwuXCXBJ,58,0-1,Black,<=5s vs 5-10s,1246
02gqLSaO,40,0-1,Black,<=5s vs 10-15s,1930
d4CbIzZ2,80,1/2-1/2,Black,<=5s vs 15-20s,1683
CtR35UnQ,76,0-1,Black,<=5s vs 5-10s,2116
vFffd3o8,91,1-0,White,<=5s vs 5-10s,1850
FTNfrvU5,51,1-0,White,<=5s vs 15-20s,1951
i4gwE3QP,43,1-0,White,<=5s vs 15-20s,1692
vPmpX2Tp,77,0-1,White,<=5s vs 5-10s,2616
xssCQBd1,70,1-0,Black,<=5s vs <=5s,1500
ZqzEzrxq,78,0-1,Black,<=5s vs <=5s,1549
SIwZjsXC,69,1-0,White,<=5s vs 15-20s,1810
SeC9MN10,65,1-0,White,<=5s vs 15-20s,2222
j5t8Sqza,46,0-1,Black,<=5s vs 15-20s,1509
OLh31PRm,40,0-1,Black,<=5s vs 15-20s,1551
Nwhr71k5,93,1/2-1/2,White,<=5s vs 5-10s,2167
kqucniOd,52,0-1,Black,<=5s vs 15-20s,1636
aRgNSqsv,124,0-1,Black,<=5s vs <=5s,2347
AGncFJ8E,154,1-0,Black,<=5s vs 5-10s,2395
VQ5OmDsR,81,1-0,White,<=5s vs 15-20s,2547
n4PQmd8r,64,0-1,Black,<=5s vs 10-15s,1893
wiEbE1Pl,71,1-0,White,<=5s vs 15-20s,2079
gG05dhsw,95,1-0,White,<=5s vs <=5s,1647
5PtDPMcq,108,1/2-1/2,Black,<=5s vs 5-10s,2494
D4vZIc5s,78,1-0,Black,<=5s vs 5-10s,1784
atGJFXPB,58,0-1,Black,<=5s vs 5-10s,1839
CtW5tjSe,52,1-0,Black,<=5s vs 15-20s,1153
huDZCthc,79,1-0,White,<=5s vs 5-10s,1651
b0Ch9FzU,44,0-1,Black,<=5s vs 15-20s,1446
xjpklaPu,77,1-0,White,<=5s vs 15-20s,1626
6G73QFB5,86,0-1,Black,<=5s vs 5-10s,2184
sTNcBPIX,149,1-0,White,<=5s vs 15-20s,2237
DATmqvoc,58,0-1,Black,<=5s vs 15-20s,1399
Tl6iS3RX,78,1-0,Black,<=5s vs <=5s,1992
wrNehJaI,50,0-1,Black,<=5s vs 10-15s,991
xEq37unp,70,1/2-1/2,Black,<=5s vs 5-10s,1676
TGoD8DfH,55,1-0,White,<=5s vs 15-20s,1159
HIG6dIUT,124,1/2-1/2,Black,<=5s vs 5-10s,2316
fgUujP6l,127,1-0,White,<=5s vs 10-15s,2194
8j2xtbli,74,0-1,Black,<=5s vs 5-10s,1917
NiYbWo3b,80,0-1,Black,<=5s vs 10-15s,1565
jH59TSL7,65,0-1,White,<=5s vs 5-10s,1968
r3332bPn,35,1-0,White,<=5s vs 10-15s,789
0jRFKnWs,65,1-0,White,<=5s vs 5-10s,2301
ksbx3LZ8,77,1-0,White,<=5s vs 15-20s,1885
SvKIh7s3,73,1-0,White,<=5s vs 10-15s,1556
17QWdDnO,111,1/2-1/2,White,<=5s vs 10-15s,2198
H9KVsMZ9,72,1-0,Black,<=5s vs <=5s,1206
bwkVQ090,62,0-1,Black,<=5s vs 5-10s,2455
bl54cWKa,44,0-1,Black,<=5s vs 10-15s,1670
z1Ak0z9f,84,0-1,Black,<=5s vs 15-20s,1696
751XAOwS,92,0-1,Black,<=5s vs 5-10s,2325
2N6kmnoj,72,0-1,Black,<=5s vs 10-15s,1331
kntnNrVC,93,1-0,White,<=5s vs 5-10s,2126
RgGnXiNg,100,0-1,Black,<=5s vs 5-10s,2175
8LsWVXrk,62,1-0,Black,<=5s vs <=5s,1722
0Jrdh7Ui,58,0-1,Black,<=5s vs 10-15s,1476
BUZp4mbz,97,1-0,White,<=5s vs 10-15s,2694
GXHiXPkK,51,1-0,White,<=5s vs 10-15s,1246
qk2TRFrc,54,0-1,Black,<=5s vs 15-20s,1297
ic5Op6PJ,92,1-0,Black,<=5s vs <=5s,1634
aSl5jXQM,81,0-1,White,<=5s vs <=5s,1053
xxyqZ9Am,80,0-1,Black,<=5s vs 10-15s,1511
FQLJMg79,113,1-0,White,<=5s vs 15-20s,1786
KERkxXiE,98,1/2-1/2,Black,<=5s vs 10-15s,2599
Hpw2Q89Q,72,0-1,Black,<=5s vs 10-15s,1619
gpZ1MDiz,45,1-0,White,<=5s vs 5-10s,997
uSa74mqF,116,1/2-1/2,Black,<=5s vs <=5s,2403
q9xsFUIB,54,0-1,Black,<=5s vs 5-10s,2584
jf5Rg712,132,1/2-1/2,Black,<=5s vs 10-15s,2469
7afVB6BR,82,0-1,Black,<=5s vs 15-20s,1424
u2dGgvq7,105,1-0,White,<=5s vs 10-15s,2599
tKCoWVkf,71,1-0,White,<=5s vs 10-15s,2530
Y9pQrsYD,87,1-0,White,<=5s vs 5-10s,2249
Z5F5tbxv,98,1-0,Black,<=5s vs 5-10s,2092
VldeYwPU,111,1/2-1/2,White,<=5s vs <=5s,2079
iTlBLmC8,48,0-1,Black,<=5s vs <=5s,1297
D0zDMqKf,112,1-0,Black,<=5s vs 10-15s,1903
3tDszs9G,56,0-1,Black,<=5s vs 10-15s,2089
asMB7iS1,96,0-1,Black,<=5s vs 15-20s,2858
aTdkoLxO,37,1-0,White,<=5s vs 10-15s,795
dF8RzsXt,60,0-1,Black,<=5s vs 5-10s,1145
2h3wZ8Ke,99,0-1,White,<=5s vs 5-10s,1993
