lichess_id,ply,result,player,time_scramble_bracket,player_elo
rqEtTEoE,104,0-1,Black,<=5s vs 15-20s,2398
JxiMzeRS,63,0-1,White,<=5s vs 5-10s,1980
KCulMXf1,59,1-0,White,<=5s vs 15-20s,1299
guH2mNqE,56,1-0,Black,<=5s vs <=5s,1695
Ye4Rh7mM,62,0-1,Black,<=5s vs 15-20s,1763
hkbcSE10,68,1-0,Black,<=5s vs 5-10s,1591
xUxewy6P,75,1-0,White,<=5s vs 10-15s,1735
4hpWPm0I,68,0-1,Black,<=5s vs 10-15s,1730
XfPelvAR,76,0-1,Black,<=5s vs 5-10s,1993
LPTwRw2X,75,0-1,White,<=5s vs <=5s,1395
o0qHoyDs,81,1-0,White,<=5s vs 5-10s,1262
YvW43ohH,105,1-0,White,<=5s vs 5-10s,2339
SGaxTUXV,83,0-1,White,<=5s vs <=5s,1937
2ZeWYRQt,73,1-0,White,<=5s vs 10-15s,2078
cCgku094,74,0-1,Black,<=5s vs <=5s,2188
WqE8NyTH,70,1-0,Black,<=5s vs <=5s,1482
JdF7yFKm,64,0-1,Black,<=5s vs <=5s,1583
XSpYYOfZ,56,0-1,Black,<=5s vs 10-15s,1167
TDSnYPas,73,1-0,White,<=5s vs 5-10s,2048
8A66bUKp,93,0-1,White,<=5s vs 15-20s,1630
1mrrV4qK,98,0-1,Black,<=5s vs 5-10s,1557
wxmftkg2,44,0-1,Black,<=5s vs 5-10s,905
inwrDpbi,106,1/2-1/2,Black,<=5s vs <=5s,1972
Pv55fKBt,53,1-0,White,<=5s vs 10-15s,1722
xGNz7xH5,86,1/2-1/2,Black,<=5s vs 10-15s,2754
0WRgrKMi,59,1-0,White,<=5s vs 10-15s,2110
54Btrtzd,110,0-1,Black,<=5s vs 10-15s,1878
I9rJJG1n,52,0-1,Black,<=5s vs 15-20s,1746
R4EDXk2G,95,1-0,White,<=5s vs 5-10s,2455
FdE6gI4p,66,0-1,Black,<=5s vs 15-20s,1875
wa9lDGrK,71,1-0,White,<=5s vs 15-20s,1974
41Q2zdIT,58,0-1,Black,<=5s vs 15-20s,1186
ZcKjqJZz,57,1-0,White,<=5s vs 10-15s,2072
lMM2Jm8u,52,0-1,Black,<=5s vs <=5s,1122
SSbdCgdO,57,1-0,White,<=5s vs 15-20s,1574
zuHN5dA2,65,1-0,White,<=5s vs 15-20s,952
QmOiubfP,112,0-1,Black,<=5s vs 15-20s,1837
2nT0sAzg,77,1-0,White,<=5s vs 10-15s,2028
HYEkm26o,39,1-0,White,<=5s vs 5-10s,930
x3AeIQXt,74,0-1,Black,<=5s vs 5-10s,1383
2ooHPcRX,90,0-1,Black,<=5s vs 10-15s,1835
OWmAHYXd,67,1-0,White,<=5s vs 10-15s,1802
XPthTQiq,42,0-1,Black,<=5s vs 10-15s,764
67O1eNAq,59,1-0,White,<=5s vs 15-20s,1898
cqzihUMj,59,1-0,White,<=5s vs 15-20s,1646
PCpuMHR1,92,0-1,Black,<=5s vs 15-20s,1873
fOm5kkYk,64,0-1,Black,<=5s vs 5-10s,2272
mboD09ny,68,1-0,Black,<=5s vs <=5s,1423
I9YAYAdG,54,0-1,Black,<=5s vs 15-20s,1482
Sazx2e6s,58,1/2-1/2,Black,<=5s vs 5-10s,1486
7agrNyDN,121,0-1,White,<=5s vs <=5s,2679
hRr6MrsY,92,0-1,Black,<=5s vs <=5s,2107
fZLWCKIM,69,1-0,White,<=5s vs 15-20s,1826
tslDZOv1,113,1-0,White,<=5s vs <=5s,2276
H8vDhnn0,89,1/2-1/2,White,<=5s vs 5-10s,2188
0YcvGlAK,88,0-1,Black,<=5s vs 10-15s,2513
3Eh9rBuk,74,0-1,Black,<=5s vs 15-20s,2213
J4gzupYh,42,0-1,Black,<=5s vs 5-10s,962
6QdXM8wH,75,1-0,White,<=5s vs 10-15s,1750
a30uvECG,70,0-1,Black,<=5s vs 15-20s,1942
FVu31Q2g,69,1-0,White,<=5s vs 5-10s,1854
LDyU7mmq,66,0-1,Black,<=5s vs 5-10s,1259
ASs1Yu6c,113,1-0,White,<=5s vs 5-10s,2379
s0jSzKdr,96,0-1,Black,<=5s vs 15-20s,2071
IOe5UF4C,69,1-0,White,<=5s vs <=5s,1067
XfmF6rv3,49,1-0,White,<=5s vs <=5s,1030
1f9WYKJn,102,1-0,Black,<=5s vs 10-15s,2355
JPQf33qo,54,0-1,Black,<=5s vs 15-20s,1690
ywqfJZ9V,61,1-0,White,<=5s vs 5-10s,2213
5SKaJ2wr,65,1-0,White,<=5s vs 10-15s,1622
LYW4vwhL,58,0-1,Black,<=5s vs 15-20s,1923
nRmdKI4u,73,1-0,White,<=5s vs 10-15s,1064
zFRXl2cf,57,1-0,White,<=5s vs 15-20s,1775
8NYuv2mS,62,0-1,Black,<=5s vs 5-10s,2210
AsYSfND2,59,1-0,White,<=5s vs 10-15s,1564
SZdtC1HO,67,1-0,White,<=5s vs 5-10s,1514
DjiFThYW,41,1-0,White,<=5s vs 15-20s,1433
JfkvhzDe,52,0-1,Black,<=5s vs 5-10s,939
0NDxJABX,59,0-1,White,<=5s vs 5-10s,1613
K57EzfL9,63,1-0,White,<=5s vs 5-10s,1736
v7OIBhKs,110,0-1,Black,<=5s vs 5-10s,2352
UC2XpvpU,56,0-1,Black,<=5s vs <=5s,1026
vgT8xV5l,56,0-1,Black,<=5s vs 5-10s,1685
aRCKos1s,85,1-0,White,<=5s vs 15-20s,1858
MhaVpKlN,53,1-0,White,<=5s vs 10-15s,2063
2vAXBAk5,106,0-1,Black,<=5s vs 15-20s,2224
ZlNPlBMP,105,1-0,White,<=5s vs <=5s,1805
Vpt9iDLB,41,1-0,White,<=5s vs 10-15s,926
p23I67gM,72,0-1,Black,<=5s vs 5-10s,1991
iI4Mn4Z9,57,0-1,White,<=5s vs 10-15s,1549
9gcp58Mb,78,0-1,Black,<=5s vs 15-20s,1601
MmvCv4lp,72,0-1,Black,<=5s vs 10-15s,2024
Tlv3DNZX,56,0-1,Black,<=5s vs 15-20s,1341
XkFmfwyC,94,0-1,Black,<=5s vs 10-15s,2278
Z6eAtOMb,94,0-1,Black,<=5s vs 10-15s,1973
DnhiEDKp,127,0-1,White,<=5s vs 5-10s,2769
IvPG1d7Y,43,1-0,White,<=5s vs 10-15s,1519
TGMDAQoD,46,0-1,Black,<=5s vs 15-20s,1399
5NgPsGGy,58,0-1,Black,<=5s vs 15-20s,1778
3jx7xmaF,97,1-0,White,<=5s vs 5-10s,2559
0kpT8jk8,89,1-0,White,<=5s vs 15-20s,2313
dORPNUC7,52,0-1,Black,<=5s vs <=5s,1710
mvKo4u7J,82,0-1,Black,<=5s vs 15-20s,1719
3SZfs4xr,88,0-1,Black,<=5s vs 5-10s,2400
LOuSUz9T,85,1-0,White,<=5s vs 5-10s,2032
wjrDw2FJ,115,1-0,White,<=5s vs 15-20s,2108
BH3oGgpL,95,1-0,White,<=5s vs 5-10s,2205
UJ1jLq7K,72,0-1,Black,<=5s vs 5-10s,2207
4zSeS9Nx,82,0-1,Black,<=5s vs 10-15s,1570
FPDs1r1C,48,0-1,Black,<=5s vs 15-20s,1840
wmzFxL1y,60,0-1,Black,<=5s vs 5-10s,1470
Z9T4iaIq,149,1/2-1/2,White,<=5s vs 5-10s,1945
Dfbi5NbV,61,1-0,White,<=5s vs 15-20s,1990
JpmOgcyA,65,1-0,White,<=5s vs 10-15s,1848
Lito589X,77,1-0,White,<=5s vs 15-20s,1740
l0g3MyFY,67,1-0,White,<=5s vs 15-20s,1646
yxdwHIZ9,85,1-0,White,<=5s vs 15-20s,2317
gYiQa2t1,74,0-1,Black,<=5s vs 10-15s,1943
FBQuMln5,76,0-1,Black,<=5s vs 15-20s,1605
fAUhGkTu,110,0-1,Black,<=5s vs 5-10s,2353
hXjBShSv,139,1-0,White,<=5s vs <=5s,2503
CZN5Zr7u,63,1-0,White,<=5s vs 10-15s,1473
TPGS4Rna,92,0-1,Black,<=5s vs 5-10s,2037
08CQ7PaX,100,0-1,Black,<=5s vs 10-15s,1695
9tSF2yLe,74,0-1,Black,<=5s vs 15-20s,2310
s8UPoYX8,53,1-0,White,<=5s vs 15-20s,2250
TRo9jjZ7,46,0-1,Black,<=5s vs 5-10s,1095
hpIhZAQb,91,1-0,White,<=5s vs 15-20s,1932
9YjJq1QD,141,1/2-1/2,White,<=5s vs 5-10s,2885
HRakVsmQ,73,0-1,White,<=5s vs 10-15s,2216
vhT1qj2L,66,0-1,Black,<=5s vs 15-20s,1964
TNWUDVVq,57,1-0,White,<=5s vs 15-20s,1690
XyjSSXcO,94,0-1,Black,<=5s vs 10-15s,1865
kB7EewSw,57,1-0,White,<=5s vs 10-15s,1111
erwLkEBw,105,1-0,White,<=5s vs 5-10s,2076
e1ySgDg0,120,1-0,Black,<=5s vs <=5s,1907
9n07NxEy,71,1-0,White,<=5s vs <=5s,2306
IdFcGkjt,49,1-0,White,<=5s vs 15-20s,1558
M0UZVsSE,158,1/2-1/2,Black,<=5s vs 5-10s,2920
a0CMOx3V,60,0-1,Black,<=5s vs 10-15s,2050
XSEoDmun,142,0-1,Black,<=5s vs <=5s,2580
K7xVvBcV,63,1-0,White,<=5s vs 10-15s,1530
VXPnt9aj,58,0-1,Black,<=5s vs 10-15s,1479
A6hn61DP,76,0-1,Black,<=5s vs 5-10s,2299
IvlZb3jz,60,0-1,Black,<=5s vs 15-20s,2156
Q9j64wEw,57,1-0,White,<=5s vs 15-20s,1800
bribkwaZ,65,1-0,White,<=5s vs 5-10s,1769
lMHIP5rX,59,1-0,White,<=5s vs 10-15s,1448
LNvdAAUg,55,1-0,White,<=5s vs 10-15s,1487
wpiwwumm,56,0-1,Black,<=5s vs 10-15s,1118
KYtvZjzE,101,1-0,White,<=5s vs 5-10s,2288
2SJgIH67,60,0-1,Black,<=5s vs 15-20s,1635
aM6RCIh9,91,1-0,White,<=5s vs 10-15s,2425
NNyOnHrV,90,0-1,Black,<=5s vs 15-20s,2664
948wmpGV,63,1-0,White,<=5s vs 5-10s,1586
4PYBNKs3,76,0-1,Black,<=5s vs 5-10s,1465
OebnYlmY,73,1-0,White,<=5s vs 5-10s,1762
txbalqM3,52,0-1,Black,<=5s vs 15-20s,939
CLbCrIJB,63,1-0,White,<=5s vs 5-10s,1899
zGvBCauX,64,0-1,Black,<=5s vs 15-20s,2022
fSeJprq1,51,1-0,White,<=5s vs 10-15s,1655
LRwr0FYg,64,0-1,Black,<=5s vs 5-10s,1287
Rx1BNNsy,112,0-1,Black,<=5s vs 15-20s,1845
0R3q3ald,97,1-0,White,<=5s vs 5-10s,2290
d5CvB7kT,64,1-0,Black,<=5s vs 5-10s,2245
1mhOyd9x,121,1-0,White,<=5s vs 10-15s,2679
7eTkgHNp,68,0-1,Black,<=5s vs 5-10s,2295
LIuGhTxm,67,1-0,White,<=5s vs 15-20s,2314
QRkSPwM9,66,0-1,Black,<=5s vs 5-10s,2212
ubEJQNpw,61,0-1,White,<=5s vs 5-10s,1357
5qmn0Orc,61,1-0,White,<=5s vs 10-15s,1498
pk8bwMin,56,0-1,Black,<=5s vs 15-20s,1904
ZCawa7qp,65,1-0,White,<=5s vs 5-10s,1687
gRXR5pXf,54,0-1,Black,<=5s vs 10-15s,2254
qZ8Xj4Om,92,0-1,Black,<=5s vs 15-20s,2122
ungz9PmA,55,1-0,White,<=5s vs 15-20s,1946
Bdd2ZZIN,62,0-1,Black,<=5s vs 15-20s,1816
oaZzLKDy,49,1-0,White,<=5s vs 15-20s,1135
GkZQI6rZ,132,0-1,Black,<=5s vs <=5s,2000
BZ2tsa2h,62,0-1,Black,<=5s vs 15-20s,1157
22A2H3cZ,62,0-1,Black,<=5s vs 10-15s,1279
EHdAP6ye,96,1/2-1/2,Black,<=5s vs 5-10s,1891
4iraGheB,95,1-0,White,<=5s vs 5-10s,1929
OUAZukY7,60,0-1,Black,<=5s vs 15-20s,1564
xcW6kxbT,62,1-0,Black,<=5s vs <=5s,1522
mF7XWBiI,68,0-1,Black,<=5s vs <=5s,2483
qegmSLMH,89,1-0,White,<=5s vs 10-15s,2292
nNAQIRjc,90,0-1,Black,<=5s vs 5-10s,1677
zhJNpVDX,79,1-0,White,<=5s vs 5-10s,1491
o1g3Hqsu,55,0-1,White,<=5s vs 5-10s,808
G8CawN4K,90,0-1,Black,<=5s vs 15-20s,1134
0ZLFwfqk,75,0-1,White,<=5s vs <=5s,2215
zwPlLyri,67,1-0,White,<=5s vs 5-10s,2637
esC2Qvdc,75,1-0,White,<=5s vs <=5s,1595
mJom8Agd,109,1-0,White,<=5s vs 15-20s,2509
WSqxYHhX,75,1-0,White,<=5s vs 10-15s,2022
Qy8Y5RGS,55,1-0,White,<=5s vs 15-20s,1519
ARr5MsCX,56,0-1,Black,<=5s vs 10-15s,1024
8B8PWPHy,109,1-0,White,<=5s vs <=5s,2322
H43JxMks,73,1-0,White,<=5s vs 10-15s,1724
FcM4vwR8,61,1-0,White,<=5s vs 10-15s,1951
TjXqCJFv,78,0-1,Black,<=5s vs 10-15s,2296
e9pR1TV3,49,0-1,White,<=5s vs 5-10s,2048
P6CVTee7,63,1-0,White,<=5s vs 5-10s,1608
ic3BDxNv,70,0-1,Black,<=5s vs 10-15s,1386
NPx6VZq0,60,0-1,Black,<=5s vs 10-15s,1525
VUUUPz8A,87,1-0,White,<=5s vs 10-15s,2403
IrkyUEky,64,0-1,Black,<=5s vs 15-20s,1419
EnSCp0Re,37,1-0,White,<=5s vs 10-15s,1099
QIwbsm9S,80,0-1,Black,<=5s vs 5-10s,2104
0VjeXobl,125,1-0,White,<=5s vs 5-10s,2270
JdH5AVmH,94,0-1,Black,<=5s vs 10-15s,2236
GX1Nz53l,90,0-1,Black,<=5s vs 5-10s,1893
SL3bYlHA,102,0-1,Black,<=5s vs 10-15s,2456
lAKSQPrw,60,0-1,Black,<=5s vs <=5s,1578
CaaF7Ur7,56,0-1,Black,<=5s vs 5-10s,1549
eQqGfSC3,128,1-0,Black,<=5s vs <=5s,2572
kSiEAuNn,79,1-0,White,<=5s vs 10-15s,1740
5B5slYVw,55,1-0,White,<=5s vs 5-10s,1489
z9VE4ztO,68,0-1,Black,<=5s vs <=5s,2172
lQC71bwR,62,0-1,Black,<=5s vs 5-10s,1676
KCM6bwoC,66,0-1,Black,<=5s vs <=5s,1612
Y6pIqbKv,51,0-1,White,<=5s vs 10-15s,1757
JnFKIp7L,53,1-0,White,<=5s vs 15-20s,1743
5NJihJLi,104,0-1,Black,<=5s vs 15-20s,2058
Gyos4X6Y,105,1-0,White,<=5s vs 10-15s,1813
d9V5NYsQ,131,1/2-1/2,White,<=5s vs 5-10s,2188
M8DFhdZu,56,0-1,Black,<=5s vs <=5s,1427
lFnlwAid,73,0-1,White,<=5s vs 5-10s,2494
EXzxXKwu,84,0-1,Black,<=5s vs 5-10s,2205
6A1BY2KD,140,0-1,Black,<=5s vs 5-10s,2507
arMpSaR1,93,1-0,White,<=5s vs 5-10s,2243
g6wr6iJN,112,0-1,Black,<=5s vs <=5s,2460
PMJGfyWU,74,0-1,Black,<=5s vs 10-15s,1781
VXnBUX5g,125,1-0,White,<=5s vs 5-10s,2475
ol9SEt5i,110,1/2-1/2,Black,<=5s vs 15-20s,1981
HwwEB9ex,81,1-0,White,<=5s vs 5-10s,2281
DvSr6hEf,44,1-0,Black,<=5s vs 10-15s,864
g1agoVJU,65,1-0,White,<=5s vs 15-20s,2188
f5CHfS64,108,0-1,Black,<=5s vs <=5s,2590
HFjHPIaV,94,0-1,Black,<=5s vs 15-20s,2122
GMYCTTSK,92,0-1,Black,<=5s vs 5-10s,1981
u0bozZMX,70,1-0,Black,<=5s vs 5-10s,1527
wtH25uwk,81,1-0,White,<=5s vs 10-15s,1613
9cSmp14T,58,0-1,Black,<=5s vs 5-10s,1431
rwpo2Pwj,55,1-0,White,<=5s vs 10-15s,1404
yGUBUcv6,37,1-0,White,<=5s vs 15-20s,805
VuGRlBGi,111,1-0,White,<=5s vs 5-10s,2863
47Okrw1J,58,0-1,Black,<=5s vs 15-20s,1489
eEv08dxu,132,0-1,Black,<=5s vs 5-10s,2579
07xaCGxH,79,0-1,White,<=5s vs 5-10s,2371
H0xml9PX,110,1/2-1/2,Black,<=5s vs 5-10s,2728
1t0kEW6L,82,0-1,Black,<=5s vs 10-15s,1768
B5mrCR8K,79,1-0,White,<=5s vs 10-15s,1959
d4uLmJJq,85,1-0,White,<=5s vs 5-10s,1820
46s1AJ7v,60,0-1,Black,<=5s vs 10-15s,1451
g8hbmpYj,70,0-1,Black,<=5s vs 5-10s,1377
kIaEX3uM,65,0-1,White,<=5s vs <=5s,2197
f9lVkdlM,68,0-1,Black,<=5s vs 5-10s,850
vCGtOA8x,82,0-1,Black,<=5s vs 10-15s,2066
Ci5A8QGE,64,0-1,Black,<=5s vs 10-15s,1594
3SYfuttV,77,0-1,White,<=5s vs 10-15s,2317
oTy1yH5A,33,1-0,White,<=5s vs 10-15s,1310
U1ATq5rd,69,0-1,White,<=5s vs 5-10s,1475
dYwkBhdg,60,0-1,Black,<=5s vs 15-20s,1953
Oa7Gsnu9,84,1-0,Black,<=5s vs <=5s,1839
z1VFWzwP,77,1-0,White,<=5s vs 15-20s,1703
8MPmm0Hk,75,1-0,White,<=5s vs 10-15s,2536
ZICyePTw,71,1/2-1/2,White,<=5s vs 15-20s,1369
tpjKb6Kz,53,1-0,White,<=5s vs 15-20s,1757
5hKG9gaa,75,1/2-1/2,White,<=5s vs 15-20s,2319
bxdIyfif,81,1-0,White,<=5s vs 10-15s,2496
CWkW6540,77,1-0,White,<=5s vs 5-10s,2224
fcF0nYV6,46,0-1,Black,<=5s vs 15-20s,1391
5AaEvNoe,61,0-1,White,<=5s vs <=5s,2028
njtaiI8j,73,1-0,White,<=5s vs 15-20s,2172
fKCnajbj,48,0-1,Black,<=5s vs 5-10s,1358
y9ZscvGr,82,0-1,Black,<=5s vs 10-15s,2154
llTPDLUn,51,1-0,White,<=5s vs 15-20s,733
mNCFofC3,115,0-1,White,<=5s vs <=5s,2360
A8WbRUUc,64,1-0,Black,<=5s vs <=5s,1265
Xbbmqzmv,100,0-1,Black,<=5s vs 15-20s,2301
11UONgHy,47,1-0,White,<=5s vs <=5s,781
ZskeaXwD,54,0-1,Black,<=5s vs 10-15s,1291
5Ed3b7II,60,0-1,Black,<=5s vs 10-15s,1595
6Wuf6JMM,83,1-0,White,<=5s vs 10-15s,2111
60jaXVVx,67,0-1,White,<=5s vs 5-10s,1857
hsC2i5ii,159,1-0,White,<=5s vs 15-20s,2561
uEWUKDac,101,1-0,White,<=5s vs 5-10s,2385
44MV9IDk,132,1-0,Black,<=5s vs <=5s,2189
KM4kK9g8,88,0-1,Black,<=5s vs 10-15s,1916
PCYq4xyB,48,0-1,Black,<=5s vs 5-10s,1216
0po8FlUu,64,0-1,Black,<=5s vs 15-20s,1719
zSY15O88,52,0-1,Black,<=5s vs 15-20s,1551
j3f5HAcV,83,1-0,White,<=5s vs 10-15s,1652
cnkIQOdw,86,0-1,Black,<=5s vs 15-20s,2482
287gwrv6,115,0-1,White,<=5s vs <=5s,2507
Bw843sxU,70,0-1,Black,<=5s vs <=5s,1551
aa6mfbbk,74,0-1,Black,<=5s vs 15-20s,1270
osJ7DDIM,60,0-1,Black,<=5s vs 15-20s,2050
Nu5vSvGw,87,1-0,White,<=5s vs 15-20s,2566
Ac5e2H3u,49,1-0,White,<=5s vs 15-20s,1174
1SwXzOk1,43,1-0,White,<=5s vs 10-15s,1454
r5nQAqTV,36,0-1,Black,<=5s vs 5-10s,843
GwE4cLGy,108,0-1,Black,<=5s vs 10-15s,2127
aXXkW4ZY,64,0-1,Black,<=5s vs 15-20s,1892
KApZJKVT,127,1/2-1/2,White,<=5s vs <=5s,2106
SA4jE2w6,136,0-1,Black,<=5s vs 10-15s,2890
2Jobo7S3,79,1-0,White,<=5s vs 15-20s,2328
RxTNCt7l,64,0-1,Black,<=5s vs 5-10s,1913
AZIptuxn,77,1-0,White,<=5s vs 15-20s,2496
2SuIJPAj,69,0-1,White,<=5s vs <=5s,1336
8IT3BFrQ,38,0-1,Black,<=5s vs 15-20s,872
b15VFXb1,94,0-1,Black,<=5s vs 10-15s,1873
MthZAh7L,84,1/2-1/2,Black,<=5s vs 5-10s,2090
Qn7y3jAr,52,0-1,Black,<=5s vs <=5s,1375
R7f3t4uR,44,0-1,Black,<=5s vs 5-10s,830
kceyLrCy,71,1/2-1/2,White,<=5s vs 15-20s,1426
onZejo76,53,1-0,White,<=5s vs 10-15s,1011
09Ramgih,93,1-0,White,<=5s vs 5-10s,2170
Nt32DOfl,114,0-1,Black,<=5s vs 10-15s,2383
7Po97JT7,94,1/2-1/2,Black,<=5s vs 5-10s,2166
nnzoWQx6,99,1-0,White,<=5s vs 15-20s,2863
ii5I39ie,120,0-1,Black,<=5s vs 15-20s,1865
C30QYJjH,105,1-0,White,<=5s vs <=5s,1751
E4kQiqVP,50,0-1,Black,<=5s vs 15-20s,1339
gVOwfpud,70,0-1,Black,<=5s vs <=5s,1890
sAGnvqYW,60,0-1,Black,<=5s vs 10-15s,710
0FvoNq1R,58,0-1,Black,<=5s vs 10-15s,1377
wqZKuCIB,65,1-0,White,<=5s vs 10-15s,1401
t1JJd00C,143,1/2-1/2,White,<=5s vs 5-10s,1414
CCthA9Uw,65,1-0,White,<=5s vs 5-10s,1451
OIQECO8y,67,1-0,White,<=5s vs 5-10s,2112
BnKStlqV,82,0-1,Black,<=5s vs 10-15s,1940
OBG3FrSf,86,0-1,Black,<=5s vs 5-10s,2370
3G8EPkEZ,66,1-0,Black,<=5s vs <=5s,1726
ekIQTe7l,86,0-1,Black,<=5s vs 15-20s,2604
U6YuChxr,45,1-0,White,<=5s vs 5-10s,625
RwX0rC0L,62,1-0,Black,<=5s vs <=5s,1915
7s4Qq8Oa,91,1-0,White,<=5s vs <=5s,1937
GrqCSuu2,43,1-0,White,<=5s vs 10-15s,1094
ejTd0wAV,65,1-0,White,<=5s vs 15-20s,1229
wupPxl27,44,0-1,Black,<=5s vs 15-20s,1517
cKSp6dLy,53,1-0,White,<=5s vs 10-15s,1122
FyW1YzyE,69,1-0,White,<=5s vs 5-10s,1907
KNtrd6hL,74,0-1,Black,<=5s vs <=5s,1371
DHc0GjMt,111,1-0,White,<=5s vs 5-10s,2279
yVvxL4nr,50,0-1,Black,<=5s vs 15-20s,1480
1mjDgIym,92,0-1,Black,<=5s vs 15-20s,2621
jUyg4G98,97,1-0,White,<=5s vs 5-10s,1543
pajkvAan,72,0-1,Black,<=5s vs 10-15s,2345
CG27fLQC,65,1-0,White,<=5s vs 10-15s,1620
kRCR5kyR,127,1-0,White,<=5s vs 10-15s,2224
tfDwWtee,104,0-1,Black,<=5s vs 15-20s,2264
5jrM93Ll,125,1/2-1/2,White,<=5s vs 5-10s,2535
EYYGbQ43,74,1-0,Black,<=5s vs 10-15s,2153
cZYC2t5u,63,1-0,White,<=5s vs 15-20s,1797
ZJLGa5RR,101,1/2-1/2,White,<=5s vs 15-20s,2612
0TGEwpm7,85,1-0,White,<=5s vs 15-20s,2651
1CaW9vD2,55,1-0,White,<=5s vs 10-15s,936
FxzILuyU,40,0-1,Black,<=5s vs 10-15s,1033
3QC5ZP8L,73,1-0,White,<=5s vs 10-15s,1785
RdxDQ3HS,68,0-1,Black,<=5s vs 15-20s,1931
Q59ONXsa,60,0-1,Black,<=5s vs 15-20s,2068
ejidkhfY,73,1-0,White,<=5s vs 5-10s,1304
FQ6WI2re,43,1-0,White,<=5s vs 5-10s,1739
rAMJZI1R,59,0-1,White,<=5s vs 10-15s,1822
kZ3fAkVE,127,1-0,White,<=5s vs 15-20s,2602
MvrHAZPq,91,1-0,White,<=5s vs <=5s,1922
adcTkXh2,91,1-0,White,<=5s vs 5-10s,1764
A42i4ANA,62,0-1,Black,<=5s vs 10-15s,1790
HddcLPws,74,0-1,Black,<=5s vs 10-15s,1288
IjVrxAdB,72,0-1,Black,<=5s vs <=5s,1290
6SqGWOWf,53,1-0,White,<=5s vs 15-20s,1116
JeWzmbMU,71,1-0,White,<=5s vs 15-20s,1985
krWsDn60,59,1-0,White,<=5s vs <=5s,1612
3JvV7Wif,79,1-0,White,<=5s vs <=5s,2546
411R7TQL,68,0-1,Black,<=5s vs 15-20s,1718
05odryJx,61,0-1,White,<=5s vs 15-20s,1427
pEVLX9kK,53,1-0,White,<=5s vs 15-20s,2050
OasRdW2f,80,0-1,Black,<=5s vs <=5s,2265
4BZGqB7i,70,1/2-1/2,Black,<=5s vs 15-20s,1705
rMgon91N,44,0-1,Black,<=5s vs 15-20s,841
cxeySPwJ,109,1-0,White,<=5s vs 15-20s,2258
C1Yv1mlL,66,1-0,Black,<=5s vs 5-10s,1736
WRvNrTca,77,1-0,White,<=5s vs 10-15s,1930
3oQCBbFo,130,1/2-1/2,Black,<=5s vs 10-15s,2047
62YE7PD0,75,1-0,White,<=5s vs 15-20s,2005
QlHVhP07,82,0-1,Black,<=5s vs 5-10s,2077
vf88Gkya,77,0-1,White,<=5s vs 10-15s,2089
3wOnGcgj,101,1-0,White,<=5s vs 10-15s,2464
f13JmlWq,121,0-1,White,<=5s vs 10-15s,2313
2zbywb5c,69,0-1,White,<=5s vs <=5s,2272
UJ5FYQHr,79,1-0,White,<=5s vs 10-15s,2083
7GFjU2Wh,54,0-1,Black,<=5s vs 10-15s,1503
1Ff2RTeV,92,1-0,Black,<=5s vs <=5s,1739
sph5shMx,74,0-1,Black,<=5s vs 10-15s,1656
2SSByKkK,70,1-0,Black,<=5s vs 5-10s,1834
Kque4j7S,74,0-1,Black,<=5s vs <=5s,1870
wfdxJQLM,78,0-1,Black,<=5s vs 10-15s,1678
MnvNItuI,105,1-0,White,<=5s vs 15-20s,2441
1luLaB7P,61,1-0,White,<=5s vs 15-20s,1686
NZR35HCm,57,1-0,White,<=5s vs 10-15s,1226
3N2OFc6U,92,0-1,Black,<=5s vs <=5s,2591
F4bU38BJ,95,1/2-1/2,White,<=5s vs 15-20s,1903
HWGgNSFd,53,1-0,White,<=5s vs 15-20s,1738
34R9w8ux,117,1-0,White,<=5s vs 10-15s,2036
DIpa5SjN,78,0-1,Black,<=5s vs 5-10s,1753
FFOvTzW3,87,1-0,White,<=5s vs 5-10s,1631
P1eMpC3O,68,1-0,Black,<=5s vs 5-10s,1802
N51JFcRY,55,1-0,White,<=5s vs 15-20s,1537
DdRRpTr5,77,0-1,White,<=5s vs 5-10s,2028
L09U07qT,88,0-1,Black,<=5s vs 5-10s,1845
e1PF06JF,74,0-1,Black,<=5s vs 15-20s,1895
VeIho98q,55,1-0,White,<=5s vs 10-15s,1098
nTSRYcPi,101,0-1,White,<=5s vs 5-10s,2264
SRPTjsgN,62,0-1,Black,<=5s vs 5-10s,1792
P6p8lJQS,40,0-1,Black,<=5s vs 15-20s,897
RCoE3DgX,84,0-1,Black,<=5s vs 10-15s,1845
d3dXA3Mo,48,0-1,Black,<=5s vs 15-20s,1581
Wa8ntm0h,95,1-0,White,<=5s vs 15-20s,2315
ANsJ7Uab,139,1-0,White,<=5s vs 5-10s,1959
h8HCTikV,76,1-0,Black,<=5s vs <=5s,1688
qUGeCETj,73,1-0,White,<=5s vs 10-15s,1765
OLzl3hrX,102,0-1,Black,<=5s vs 15-20s,2347
zU0cYH5F,84,0-1,Black,<=5s vs 15-20s,1615
ZczXDZwX,51,0-1,White,<=5s vs 5-10s,1374
sB6lnPsI,91,0-1,White,<=5s vs <=5s,2654
UxcZWqdh,54,0-1,Black,<=5s vs 15-20s,1029
5rAVCLCt,78,0-1,Black,<=5s vs 5-10s,2243
TgfTRDIb,75,1-0,White,<=5s vs 10-15s,2438
IZL7Zrfe,52,1-0,Black,<=5s vs 15-20s,1820
3rjgYF2d,103,1/2-1/2,White,<=5s vs <=5s,1973
9C0ipZcp,60,0-1,Black,<=5s vs <=5s,1567
yzx0anDq,61,1-0,White,<=5s vs 10-15s,1199
36P2eAWV,103,1-0,White,<=5s vs 10-15s,2078
XqMs2viv,73,1-0,White,<=5s vs 15-20s,1753
UkXVI60b,49,1-0,White,<=5s vs 10-15s,1055
9PbH0boP,58,1-0,Black,<=5s vs 10-15s,2054
ByxPy4ME,77,0-1,White,<=5s vs 5-10s,2564
XTTekjxd,38,1-0,Black,<=5s vs 10-15s,1280
spImWhKw,83,1-0,White,<=5s vs 15-20s,2513
da9iNRHC,58,0-1,Black,<=5s vs 15-20s,1057
wIcBO20P,99,1-0,White,<=5s vs <=5s,2141
0YX3PgUL,58,0-1,Black,<=5s vs <=5s,1268
UsQaiWto,66,0-1,Black,<=5s vs <=5s,1738
DBqYqyMu,60,0-1,Black,<=5s vs 5-10s,1630
AaAIp0VG,94,1-0,Black,<=5s vs <=5s,1832
1wdOEZ4V,60,0-1,Black,<=5s vs 15-20s,2169
H7guUBeq,123,1/2-1/2,White,<=5s vs 5-10s,1988
24RHM1Qa,79,1-0,White,<=5s vs 5-10s,1935
3HsUIbEw,66,0-1,Black,<=5s vs 10-15s,1977
IyiwYMqE,71,1/2-1/2,White,<=5s vs 5-10s,1999
9nzP86yl,51,1-0,White,<=5s vs 15-20s,1571
PyPSiDRc,55,0-1,White,<=5s vs 5-10s,999
FDxJ5pYH,55,1-0,White,<=5s vs 15-20s,1781
955bp9Gp,78,1-0,Black,<=5s vs <=5s,1705
YdLdb1b8,88,0-1,Black,<=5s vs <=5s,1646
m9l5DJKi,58,0-1,Black,<=5s vs 5-10s,1913
Ch3z8Phy,49,1-0,White,<=5s vs 15-20s,1120
bLPPLt4k,80,1/2-1/2,Black,<=5s vs 15-20s,2141
hRQw0oTQ,113,1-0,White,<=5s vs 5-10s,2321
OZslhAgc,60,0-1,Black,<=5s vs 5-10s,2120
O9ur0a0Y,63,0-1,White,<=5s vs 15-20s,1735
gb10buoQ,61,1-0,White,<=5s vs 5-10s,1568
JiNGEm4q,86,0-1,Black,<=5s vs 5-10s,1787
5qssUN62,78,1-0,Black,<=5s vs <=5s,1356
Czo1mhtl,124,1-0,Black,<=5s vs 10-15s,2367
PDBT0h03,38,0-1,Black,<=5s vs 10-15s,1376
nFLfgaNp,76,0-1,Black,<=5s vs 10-15s,2472
5QOZc0Xi,73,1-0,White,<=5s vs 5-10s,2256
RN9bpdcm,148,0-1,Black,<=5s vs 10-15s,2005
1GuiaKwQ,68,0-1,Black,<=5s vs 15-20s,2024
cPw58Aiy,54,1-0,Black,<=5s vs 10-15s,890
BGWcqqU8,90,0-1,Black,<=5s vs 15-20s,2432
WzLmbP4t,49,1-0,White,<=5s vs 15-20s,1937
IRKIxrIH,44,0-1,Black,<=5s vs 10-15s,1479
r7AyUgYt,52,0-1,Black,<=5s vs 15-20s,1193
fZL8q9HO,54,1-0,Black,<=5s vs 5-10s,2240
RRk9Bsf5,67,1-0,White,<=5s vs 10-15s,1978
vC0qf5oB,85,0-1,White,<=5s vs 5-10s,2382
PcRo5CUW,67,1-0,White,<=5s vs 15-20s,1507
QF1ji4V5,94,0-1,Black,<=5s vs 10-15s,2162
xw9pOQc1,54,0-1,Black,<=5s vs 15-20s,1662
2MjfBGk6,62,0-1,Black,<=5s vs 5-10s,1852
bDwPylSd,55,1-0,White,<=5s vs 10-15s,1773
iOFxQKf8,64,0-1,Black,<=5s vs 5-10s,1887
kcYjoBAg,67,1/2-1/2,White,<=5s vs 5-10s,2250
0CKnzhnc,101,1-0,White,<=5s vs 15-20s,2549
XQj0TVzf,80,0-1,Black,<=5s vs 15-20s,2141
xtdxH1mL,97,1-0,White,<=5s vs 15-20s,2429
I4VN5LTC,78,0-1,Black,<=5s vs 5-10s,2391
UTOTx1Gl,52,0-1,Black,<=5s vs 15-20s,1649
2xkSv3Mg,96,0-1,Black,<=5s vs 5-10s,1955
0YjVmjAz,43,0-1,White,<=5s vs 15-20s,1639
J5EmlRxN,118,0-1,Black,<=5s vs 15-20s,2211
zRTnLPS6,113,0-1,White,<=5s vs 5-10s,1516
SiXIcj5v,75,1-0,White,<=5s vs 5-10s,1945
IVESnk3b,84,0-1,Black,<=5s vs <=5s,1512
21KDoDrh,84,0-1,Black,<=5s vs 15-20s,1978
eINJBpb1,65,0-1,White,<=5s vs <=5s,1728
X2tMt8LX,95,1-0,White,<=5s vs 5-10s,2213
3P0MBqi4,89,0-1,White,<=5s vs 5-10s,1977
F2ICqdwI,102,0-1,Black,<=5s vs 10-15s,2250
lB4vVvel,53,0-1,White,<=5s vs 10-15s,1067
3jQDAa6t,57,1-0,White,<=5s vs 5-10s,1001
mdDU2gQZ,73,1-0,White,<=5s vs 5-10s,1726
OoRopXcU,54,0-1,Black,<=5s vs 15-20s,1453
iIDxkggw,115,0-1,White,<=5s vs <=5s,2139
LkA2w7yf,90,0-1,Black,<=5s vs <=5s,1608
2NcjkLY7,60,0-1,Black,<=5s vs 15-20s,1708
rPWq1Hda,78,0-1,Black,<=5s vs 5-10s,1683
B2NDo4Zv,63,1-0,White,<=5s vs 15-20s,1887
1jjsQJTk,79,1-0,White,<=5s vs 5-10s,1378
JdWAgvJR,98,0-1,Black,<=5s vs 15-20s,2442
AJO3YFHx,48,0-1,Black,<=5s vs 15-20s,1636
XljsJgZX,105,1-0,White,<=5s vs 5-10s,2255
veG8wuLQ,45,1-0,White,<=5s vs 15-20s,1228
hE9ipGZ7,68,0-1,Black,<=5s vs 5-10s,1118
a8RXIsqF,69,0-1,White,<=5s vs 5-10s,1931
zq5tpHFW,52,0-1,Black,<=5s vs 10-15s,1541
izKGAVRl,64,0-1,Black,<=5s vs 15-20s,1895
8RVvSWBo,63,1-0,White,<=5s vs 15-20s,1243
nsQMtIY6,72,0-1,Black,<=5s vs 10-15s,2654
m9p6hGpH,40,0-1,Black,<=5s vs <=5s,891
DYZTLY4o,130,1-0,Black,<=5s vs 5-10s,1959
H22nLmIy,62,0-1,Black,<=5s vs 5-10s,2939
fD2OUQbE,46,0-1,Black,<=5s vs 15-20s,907
ueCOIT10,57,0-1,White,<=5s vs 5-10s,1374
M6dXKzaQ,60,0-1,Black,<=5s vs 15-20s,1880
HtROvjrI,74,1-0,Black,<=5s vs <=5s,2502
tNeRD96A,84,0-1,Black,<=5s vs 15-20s,1909
8W522XI8,122,1/2-1/2,Black,<=5s vs 5-10s,2466
OccIWJhZ,103,1-0,White,<=5s vs 5-10s,2206
ELkUylrp,65,1-0,White,<=5s vs 5-10s,2433
PZLkxuVC,81,1-0,White,<=5s vs 15-20s,2373
YEaDTLc5,88,0-1,Black,<=5s vs 5-10s,1311
COj4tIpi,83,0-1,White,<=5s vs 5-10s,2700
mo1u6CuJ,82,0-1,Black,<=5s vs 5-10s,2001
AsyxbY7q,63,1-0,White,<=5s vs 10-15s,2384
98WPYaiH,82,1-0,Black,<=5s vs <=5s,2343
XsUxezrx,151,1-0,White,<=5s vs 15-20s,2622
vJ9gW2Xa,70,1-0,Black,<=5s vs 5-10s,1132
R90K96Op,74,0-1,Black,<=5s vs 10-15s,2217
VlwfrJ1Z,126,0-1,Black,<=5s vs 5-10s,1747
jTdlbO9Q,72,0-1,Black,<=5s vs 5-10s,2153
JlJfcwjk,52,0-1,Black,<=5s vs 15-20s,1649
aJKMRqjD,58,1-0,Black,<=5s vs <=5s,1262
az5WBoE3,74,1-0,Black,<=5s vs <=5s,1844
y9iwOfTv,53,1-0,White,<=5s vs 15-20s,1477
0JoQfGhj,111,1-0,White,<=5s vs 10-15s,2674
dK6lsIMa,60,0-1,Black,<=5s vs 15-20s,1728
FwUvpK5w,87,1-0,White,<=5s vs 5-10s,2294
Yqp52OJX,125,1/2-1/2,White,<=5s vs 5-10s,2533
cfUYwS2v,70,0-1,Black,<=5s vs 10-15s,1130
Lry76XbF,93,1-0,White,<=5s vs 5-10s,2481
BEj2BZ9u,75,1-0,White,<=5s vs 15-20s,2049
Qn2xdN7y,49,1-0,White,<=5s vs 15-20s,1598
BwkdZpyh,47,1-0,White,<=5s vs 10-15s,1142
IiXgPbvp,53,1-0,White,<=5s vs 5-10s,1905
nZwRayix,65,1-0,White,<=5s vs 10-15s,1755
k7mC2hxa,192,0-1,Black,<=5s vs 10-15s,1603
NmY39qFe,75,1-0,White,<=5s vs 10-15s,2251
VVFhXNu7,84,1-0,Black,<=5s vs 5-10s,2623
9SrpFcFW,101,1-0,White,<=5s vs <=5s,2001
FcAB0Ywo,38,0-1,Black,<=5s vs 10-15s,973
QhZOpIUY,62,1-0,Black,<=5s vs <=5s,2041
1vZvz6ao,109,1/2-1/2,White,<=5s vs 10-15s,1849
PJSIg7jL,65,1-0,White,<=5s vs 15-20s,1740
5DhMYcU7,59,1-0,White,<=5s vs 10-15s,1569
3RSWld5y,81,1-0,White,<=5s vs 15-20s,1821
BhSIoxhl,45,1-0,White,<=5s vs 5-10s,1333
m0DSUbIX,39,1-0,White,<=5s vs 15-20s,955
A1ewCqub,97,1-0,White,<=5s vs 15-20s,2240
1hBQFZ0r,87,1-0,White,<=5s vs 5-10s,1823
kT4pYcQl,72,0-1,Black,<=5s vs 5-10s,1572
720nifFX,43,1-0,White,<=5s vs 15-20s,1374
lag4DrfY,81,1-0,White,<=5s vs 10-15s,2126
MijFds8E,64,0-1,Black,<=5s vs 15-20s,1455
3xCbMuar,44,0-1,Black,<=5s vs 10-15s,1412
wrw58ery,75,1-0,White,<=5s vs 5-10s,1841
QcOS9y7x,61,1-0,White,<=5s vs 5-10s,1694
NqV57Ib5,46,0-1,Black,<=5s vs 15-20s,2097
Y26WFNjL,70,0-1,Black,<=5s vs 15-20s,2092
tC7BLUpj,51,1-0,White,<=5s vs 10-15s,1753
yowV4d2o,58,0-1,Black,<=5s vs 10-15s,1299
7IJuurrj,75,1-0,White,<=5s vs 10-15s,1277
qj8xfGtj,107,1/2-1/2,White,<=5s vs 5-10s,1291
DZPb0Clm,53,1-0,White,<=5s vs 15-20s,2374
e8DpOtJr,139,0-1,White,<=5s vs 5-10s,1695
FzuFny1u,59,1-0,White,<=5s vs 5-10s,1587
W3alQKo7,79,1-0,White,<=5s vs 10-15s,1355
BlU2Kp5A,70,1-0,Black,<=5s vs 5-10s,1886
PHx1Mxc8,87,1/2-1/2,White,<=5s vs 5-10s,1945
8NSjQt3k,93,1-0,White,<=5s vs 5-10s,2308
N6CFjcbp,92,0-1,Black,<=5s vs <=5s,2339
HK5LAw4d,89,1-0,White,<=5s vs <=5s,2326
4mBZK5GV,67,1-0,White,<=5s vs 10-15s,2277
8fuZfQPO,74,0-1,Black,<=5s vs 5-10s,1779
4jqTJY4M,76,0-1,Black,<=5s vs 10-15s,1491
d5Cz6qGo,58,0-1,Black,<=5s vs 5-10s,831
3p2IPFCT,87,0-1,White,<=5s vs 15-20s,2660
0B0FAvQG,86,1-0,Black,<=5s vs 10-15s,2096
AljMhIpN,47,1-0,White,<=5s vs 10-15s,1359
MOYrz8YC,78,0-1,Black,<=5s vs 15-20s,1764
AbWHNzRW,72,0-1,Black,<=5s vs 5-10s,1500
NbaeCxy8,50,0-1,Black,<=5s vs 5-10s,1544
938M8LjI,69,1-0,White,<=5s vs 5-10s,1738
RfLYTNSz,64,0-1,Black,<=5s vs 5-10s,1107
v8KLmceS,58,0-1,Black,<=5s vs 5-10s,1586
RDlPpHlX,59,1-0,White,<=5s vs 10-15s,2318
xa9UyMoz,59,0-1,White,<=5s vs 15-20s,1686
yZBMKIEO,99,1-0,White,<=5s vs 15-20s,2583
82WpSBwx,53,1-0,White,<=5s vs 15-20s,2473
P2ymStbE,49,0-1,White,<=5s vs 15-20s,1425
tjWDKbaz,56,0-1,Black,<=5s vs 15-20s,1538
xdgTnvCR,93,1-0,White,<=5s vs <=5s,1723
eB2mSbPY,79,1/2-1/2,White,<=5s vs 15-20s,2153
7NW5boSg,75,1/2-1/2,White,<=5s vs 15-20s,1987
KZyN8Qha,67,0-1,White,<=5s vs 5-10s,1462
m9IOSkSU,51,1-0,White,<=5s vs <=5s,976
zqV3nQPJ,60,0-1,Black,<=5s vs 5-10s,2095
nfNuKxkq,95,1-0,White,<=5s vs 10-15s,1626
qPpdUnpo,76,0-1,Black,<=5s vs 10-15s,1804
XjOhTQgV,61,1-0,White,<=5s vs 5-10s,1735
fN5jhrqt,69,1-0,White,<=5s vs 15-20s,2163
HgrcC71v,92,0-1,Black,<=5s vs 10-15s,1914
xU0MP3AF,103,1-0,White,<=5s vs 5-10s,1806
DO77GMB6,51,1-0,White,<=5s vs 15-20s,1190
JPFDN9ZF,82,0-1,Black,<=5s vs 10-15s,1579
Mj4QcxpO,50,0-1,Black,<=5s vs 10-15s,1117
Lq5dofYQ,73,1-0,White,<=5s vs 5-10s,1790
CFoTknQg,93,1/2-1/2,White,<=5s vs 5-10s,2024
NKimcM4A,111,0-1,White,<=5s vs <=5s,2693
XI0PubgQ,137,1/2-1/2,White,<=5s vs 5-10s,2359
St0RSogp,81,1-0,White,<=5s vs 10-15s,2113
aca8VUgJ,60,0-1,Black,<=5s vs <=5s,1899
YfUx7fFv,52,0-1,Black,<=5s vs 5-10s,1574
H8N0a2dL,59,1-0,White,<=5s vs 15-20s,2642
y3298p0S,70,0-1,Black,<=5s vs 10-15s,1432
2TK7dLmi,81,1-0,White,<=5s vs 15-20s,1984
kVvABTGO,63,1-0,White,<=5s vs 15-20s,1427
7AFhSFUQ,75,1-0,White,<=5s vs 15-20s,1549
EmVKEqHh,69,1-0,White,<=5s vs 15-20s,1761
nFw8xuUz,72,0-1,Black,<=5s vs 5-10s,1116
K7QIkC9E,53,1-0,White,<=5s vs 15-20s,1009
EEuIqXlT,42,0-1,Black,<=5s vs 15-20s,2029
DVwiYCjZ,71,1-0,White,<=5s vs 15-20s,1751
d5IHEZCZ,112,0-1,Black,<=5s vs 5-10s,2718
UEeeeqID,54,0-1,Black,<=5s vs 15-20s,1951
OA3GBRu1,85,1/2-1/2,White,<=5s vs 5-10s,2369
cyAt68Ee,56,0-1,Black,<=5s vs 10-15s,2146
VTiRmHxk,92,0-1,Black,<=5s vs 10-15s,2620
sTRC701L,66,0-1,Black,<=5s vs 10-15s,1413
Jd9eB4hk,54,0-1,Black,<=5s vs 10-15s,1986
kXmVhQQE,62,1-0,Black,<=5s vs 5-10s,1125
s9zZfgra,63,1-0,White,<=5s vs 5-10s,1964
l8DOm4gE,71,1-0,White,<=5s vs 15-20s,1372
XspwSayJ,50,0-1,Black,<=5s vs 5-10s,1095
60H6Syny,73,1-0,White,<=5s vs 10-15s,2604
URss1P0C,75,1-0,White,<=5s vs 5-10s,2465
RaNJBDSg,64,1-0,Black,<=5s vs 10-15s,982
d2ZVeg01,80,0-1,Black,<=5s vs 5-10s,2321
PjxNbvKY,80,0-1,Black,<=5s vs 5-10s,2181
Q2saLHsj,98,1-0,Black,<=5s vs 15-20s,2489
Q9vijGU3,64,1-0,Black,<=5s vs 5-10s,1784
aboFpv9X,53,1-0,White,<=5s vs 10-15s,1409
cDQMVGJp,59,1-0,White,<=5s vs 15-20s,1563
Y0Qf4Kvb,58,0-1,Black,<=5s vs 15-20s,2213
ivO7YM2q,85,1-0,White,<=5s vs 5-10s,1471
yjA9dWSD,82,0-1,Black,<=5s vs 15-20s,2446
yTQxAQlA,73,1-0,White,<=5s vs 5-10s,1904
60keoDWI,89,0-1,White,<=5s vs <=5s,924
sTJkggWF,123,0-1,White,<=5s vs 5-10s,1655
6j3k8iTi,59,1-0,White,<=5s vs 10-15s,1475
gnLGhv6W,205,1/2-1/2,White,<=5s vs 5-10s,974
r2zDgCFA,60,0-1,Black,<=5s vs 5-10s,1232
zqqAiSRp,105,1-0,White,<=5s vs 10-15s,2079
TfKymoLa,95,1-0,White,<=5s vs 15-20s,2190
Nu2chjH7,126,1-0,Black,<=5s vs <=5s,2427
abCEfUjJ,85,1-0,White,<=5s vs <=5s,1925
KfzkjlFF,81,1-0,White,<=5s vs 5-10s,2426
eV1BIr0A,37,1-0,White,<=5s vs 15-20s,851
MQMaEfki,64,0-1,Black,<=5s vs 10-15s,1847
8L3ttukJ,50,0-1,Black,<=5s vs 15-20s,1712
BohauC8U,82,1-0,Black,<=5s vs 5-10s,2172
E9D8SuTg,92,1-0,Black,<=5s vs <=5s,2253
tVX9S4Ym,73,1-0,White,<=5s vs <=5s,1469
vjNyWR9K,45,0-1,White,<=5s vs 10-15s,1212
WNbtO8fY,88,0-1,Black,<=5s vs 15-20s,2294
Ln9ZKB7q,86,0-1,Black,<=5s vs <=5s,1619
EqWl6DJd,83,1-0,White,<=5s vs 5-10s,1940
qy7O0Hc6,60,0-1,Black,<=5s vs 10-15s,1397
Fuh4rGxR,61,0-1,White,<=5s vs 10-15s,1987
b0RlZpxw,66,1-0,Black,<=5s vs <=5s,1501
jZbEXoMd,68,0-1,Black,<=5s vs 10-15s,1855
AEpvpVk2,75,1-0,White,<=5s vs 5-10s,1903
TfO1QCBB,77,1-0,White,<=5s vs 10-15s,1651
sOG5pp0I,48,0-1,Black,<=5s vs 5-10s,1787
nzGUQ22v,83,0-1,White,<=5s vs 5-10s,1335
Q6e6jOx4,75,0-1,White,<=5s vs <=5s,2215
MT3pUyDY,128,1/2-1/2,Black,<=5s vs 5-10s,3075
NmLG3rdE,115,1/2-1/2,White,<=5s vs 10-15s,1838
dmwIz5w1,59,1-0,White,<=5s vs 15-20s,1806
ahcYGqga,66,0-1,Black,<=5s vs 5-10s,2526
QIVlwitr,74,1-0,Black,<=5s vs <=5s,1445
LmgTsgQP,55,1-0,White,<=5s vs 15-20s,1661
410RIr66,70,0-1,Black,<=5s vs 5-10s,1858
5CXpwyNx,80,1/2-1/2,Black,<=5s vs 5-10s,2154
5D23I552,43,1-0,White,<=5s vs 10-15s,1484
yntEWuYb,85,1-0,White,<=5s vs 5-10s,2532
KyCVUjPh,64,0-1,Black,<=5s vs 5-10s,1519
WKyPunkD,66,0-1,Black,<=5s vs 5-10s,1735
EWIQAgL5,103,1-0,White,<=5s vs 15-20s,2156
VzpyE0pR,52,0-1,Black,<=5s vs 10-15s,1225
HJ8qDfxL,60,0-1,Black,<=5s vs 15-20s,1802
FRY82PrP,59,1-0,White,<=5s vs 10-15s,1675
coQm7JjH,110,0-1,Black,<=5s vs <=5s,1958
I6EWjgRZ,78,0-1,Black,<=5s vs 10-15s,1739
NCzmXJ6j,153,1/2-1/2,White,<=5s vs 10-15s,1821
3qy2FT0j,95,0-1,White,<=5s vs <=5s,2281
kQyFe017,72,1-0,Black,<=5s vs 5-10s,2431
zbUoL9zT,71,1-0,White,<=5s vs 15-20s,1777
sAIGVxta,58,0-1,Black,<=5s vs 15-20s,1546
dN0eRELU,73,0-1,White,<=5s vs 5-10s,1519
CnRRCl4k,85,1-0,White,<=5s vs 10-15s,1935
8btqMhdh,76,0-1,Black,<=5s vs <=5s,1916
4sno0zEM,70,0-1,Black,<=5s vs 10-15s,2188
iw9V0V4c,63,1-0,White,<=5s vs 15-20s,1986
sqQwrDx9,114,0-1,Black,<=5s vs 10-15s,2161
viMZUFGe,38,0-1,Black,<=5s vs 15-20s,721
nB3IIFF9,84,0-1,Black,<=5s vs 5-10s,1696
RTz4j5ye,44,0-1,Black,<=5s vs 10-15s,1045
Wj8sTyf8,54,0-1,Black,<=5s vs 10-15s,1821
ZdRaN8r1,89,1-0,White,<=5s vs 15-20s,1436
3sXb8zYm,57,1-0,White,<=5s vs 15-20s,1677
2Z9ibyrl,155,1/2-1/2,White,<=5s vs 10-15s,2606
40IKUo67,84,0-1,Black,<=5s vs 15-20s,2044
0isFwSN8,124,0-1,Black,<=5s vs 15-20s,2071
jn5wcWuV,65,1-0,White,<=5s vs 10-15s,1325
E2yyN8Y8,116,1-0,Black,<=5s vs 15-20s,2120
7V8bMYIL,71,1-0,White,<=5s vs <=5s,2297
5KZ2caKR,103,1-0,White,<=5s vs 5-10s,2522
C071sXgC,59,1-0,White,<=5s vs 15-20s,1803
rmpAOIxY,78,0-1,Black,<=5s vs <=5s,2208
scfuy5gk,85,1-0,White,<=5s vs 5-10s,2038
6OFjl74W,79,1-0,White,<=5s vs 5-10s,1865
txa2yVmD,57,1-0,White,<=5s vs 15-20s,2473
RN3osnDC,92,0-1,Black,<=5s vs 15-20s,2173
45gEpN49,76,0-1,Black,<=5s vs 5-10s,2515
ddiZ02kJ,73,1-0,White,<=5s vs 10-15s,2516
GNDh9zSH,62,0-1,Black,<=5s vs 15-20s,1545
XuJsDR3Q,62,0-1,Black,<=5s vs 5-10s,1616
Zlzlv9bW,80,0-1,Black,<=5s vs 15-20s,2028
vfFSEX55,52,0-1,Black,<=5s vs 5-10s,1144
TKJQquwm,114,0-1,Black,<=5s vs 5-10s,1124
ok6jXY8x,70,0-1,Black,<=5s vs 5-10s,1687
wv6MyR57,66,0-1,Black,<=5s vs 10-15s,1255
6Rlo6Y3f,70,0-1,Black,<=5s vs 5-10s,1094
BG63owvf,79,1-0,White,<=5s vs 15-20s,1682
SwA4piFT,96,1-0,Black,<=5s vs <=5s,2228
SaA4TbqP,89,0-1,White,<=5s vs 5-10s,2243
QxM8qnoD,103,1-0,White,<=5s vs 5-10s,1750
Corw2uYB,125,0-1,White,<=5s vs 5-10s,1860
bnhO0D8Z,71,0-1,White,<=5s vs 5-10s,1662
G5Bemugi,56,0-1,Black,<=5s vs 5-10s,1413
wC3aQCt6,65,1-0,White,<=5s vs 15-20s,1535
RYn9QrH8,88,0-1,Black,<=5s vs 5-10s,2350
IXVqhPmL,104,0-1,Black,<=5s vs 15-20s,1998
FvpAWkLu,184,1/2-1/2,Black,<=5s vs <=5s,2251
RjXHx1OF,59,1-0,White,<=5s vs 15-20s,2016
O6Kg6ron,62,0-1,Black,<=5s vs 10-15s,1822
wjfKbb0Z,69,1-0,White,<=5s vs 5-10s,916
jLNevANv,54,0-1,Black,<=5s vs 10-15s,1239
XCPU9lDf,61,1-0,White,<=5s vs 10-15s,2044
wGSYQrz8,71,1-0,White,<=5s vs 10-15s,1983
WYRLSzxk,68,1/2-1/2,Black,<=5s vs 15-20s,2091
PwHP8skF,58,1-0,Black,<=5s vs 10-15s,1698
PT6O23qw,113,1/2-1/2,White,<=5s vs 10-15s,1965
7S38YHT6,58,0-1,Black,<=5s vs 15-20s,1353
jt7QrGd1,77,1-0,White,<=5s vs 10-15s,1575
3F9zSJAw,129,0-1,White,<=5s vs 5-10s,2044
FkcnAtop,130,1/2-1/2,Black,<=5s vs 5-10s,2254
ClyIA9P0,36,0-1,Black,<=5s vs 15-20s,1024
V0i9RMdT,104,1/2-1/2,Black,<=5s vs 5-10s,1177
4vx5FnQo,111,1-0,White,<=5s vs 5-10s,2202
rgGGda8b,108,1/2-1/2,Black,<=5s vs 5-10s,2301
msxf6iKp,43,1-0,White,<=5s vs 15-20s,1369
vbwbF7M9,151,1/2-1/2,White,<=5s vs 5-10s,2862
Y0VSSYi5,60,0-1,Black,<=5s vs 10-15s,1534
9nGpHe4P,46,0-1,Black,<=5s vs 5-10s,1229
w7WaYVYj,59,1-0,White,<=5s vs 10-15s,1036
XVR4u4XC,47,1-0,White,<=5s vs 5-10s,1311
2Dhjv3lX,63,0-1,White,<=5s vs <=5s,1700
csCLe6SG,48,0-1,Black,<=5s vs 15-20s,1489
FacvBlwO,52,0-1,Black,<=5s vs 15-20s,1864
rPLN5Nkx,65,0-1,White,<=5s vs <=5s,1844
4Ur8im8f,72,0-1,Black,<=5s vs 5-10s,1920
vc0CgfVj,138,1/2-1/2,Black,<=5s vs <=5s,2112
PpfVyG5l,74,0-1,Black,<=5s vs <=5s,1619
6N8vqtpQ,81,1-0,White,<=5s vs 15-20s,2108
P5SH7ECy,119,0-1,White,<=5s vs 10-15s,2554
2V5gDMVh,74,0-1,Black,<=5s vs 5-10s,1830
1Kvqr7bq,83,1-0,White,<=5s vs 15-20s,1306
U8WUcepN,84,1/2-1/2,Black,<=5s vs 15-20s,2677
ba2Yq60H,58,0-1,Black,<=5s vs 5-10s,2135
LB6tATK8,89,0-1,White,<=5s vs 5-10s,1525
gZdIVcHH,115,1-0,White,<=5s vs 5-10s,2708
Trpgq466,61,1-0,White,<=5s vs 10-15s,2277
Uoj94l1T,95,1-0,White,<=5s vs 15-20s,2234
amL2IG3h,127,1-0,White,<=5s vs <=5s,2154
fNb7H3c7,91,1-0,White,<=5s vs 15-20s,1463
fcMeQsdQ,147,1/2-1/2,White,<=5s vs 15-20s,2567
6mE410qZ,57,1-0,White,<=5s vs 10-15s,1141
R2ZJwsi4,68,0-1,Black,<=5s vs 10-15s,2036
mzqXpBa7,55,1-0,White,<=5s vs 5-10s,1737
3jfqTes6,99,1-0,White,<=5s vs 5-10s,2505
3KbmKvdG,127,1-0,White,<=5s vs 15-20s,2589
JibfVwoC,110,0-1,Black,<=5s vs 10-15s,3170
H6Mf4luE,67,1-0,White,<=5s vs 10-15s,2011
BvD7GMHv,46,0-1,Black,<=5s vs 15-20s,1863
ALBFXRdp,64,0-1,Black,<=5s vs 5-10s,1357
66xuv348,96,0-1,Black,<=5s vs 5-10s,2184
9YwPIXiJ,119,0-1,White,<=5s vs 5-10s,2679
RRD3FMJB,107,1-0,White,<=5s vs 5-10s,2423
XxfRd1nR,53,1-0,White,<=5s vs 10-15s,1685
5dAto22K,50,0-1,Black,<=5s vs 15-20s,967
CWUDScqJ,83,1-0,White,<=5s vs 10-15s,1859
QQUA0PWk,58,0-1,Black,<=5s vs <=5s,1840
UhsCSjJm,74,0-1,Black,<=5s vs 5-10s,1861
96tLexTb,111,0-1,White,<=5s vs <=5s,1417
DHhzgs6H,89,0-1,White,<=5s vs <=5s,2211
jg5KoDbA,56,0-1,Black,<=5s vs 10-15s,1020
KgSWWhzI,73,0-1,White,<=5s vs <=5s,1764
SZLwSQ1X,79,1-0,White,<=5s vs 5-10s,2606
oz8v2tRu,59,1-0,White,<=5s vs 10-15s,1795
pVuRmcMl,67,1-0,White,<=5s vs 10-15s,1776
2JK6dZE2,65,1-0,White,<=5s vs 15-20s,1563
rRsfin4O,68,0-1,Black,<=5s vs 15-20s,986
wWylfmkq,60,0-1,Black,<=5s vs 5-10s,1841
GLWKD9v2,89,1-0,White,<=5s vs 10-15s,2480
b4FV92A8,56,0-1,Black,<=5s vs 10-15s,1602
nLWzhul7,109,1-0,White,<=5s vs 10-15s,1949
EBLWmTFI,57,1-0,White,<=5s vs <=5s,1117
1rlxVT7G,56,0-1,Black,<=5s vs 15-20s,2115
dOcrMHEO,71,1/2-1/2,White,<=5s vs 15-20s,2338
m79A9qMi,63,1-0,White,<=5s vs <=5s,1990
3zzUlIwV,121,0-1,White,<=5s vs <=5s,2492
aCzf6xux,81,1-0,White,<=5s vs <=5s,2440
XrOHqSRx,120,1-0,Black,<=5s vs <=5s,2262
VGHxTwcr,81,1-0,White,<=5s vs 15-20s,1211
O7C0vA7e,95,1-0,White,<=5s vs 5-10s,2408
B6z6xxm4,112,1-0,Black,<=5s vs <=5s,2756
2Bqqtmxp,98,1-0,Black,<=5s vs <=5s,2537
9f3K3zCb,75,0-1,White,<=5s vs 5-10s,1953
VLocxnpj,123,1-0,White,<=5s vs <=5s,2700
Vug8sF0y,82,0-1,Black,<=5s vs <=5s,2259
R8t7X5yr,61,1-0,White,<=5s vs 15-20s,1715
r5URoCqs,100,0-1,Black,<=5s vs <=5s,1605
X2f5DikG,64,0-1,Black,<=5s vs <=5s,1188
6PfYH3q5,59,1-0,White,<=5s vs 15-20s,1842
kdIb8wW2,86,0-1,Black,<=5s vs 15-20s,2337
hfp7hPKD,36,0-1,Black,<=5s vs 15-20s,1733
WjqGwWx3,67,0-1,White,<=5s vs 10-15s,2065
Mk97rjCl,117,1-0,White,<=5s vs 15-20s,1837
Rz8s1ypK,144,0-1,Black,<=5s vs 5-10s,2494
H7oWdk64,51,1-0,White,<=5s vs 5-10s,1234
82gLr9oJ,94,0-1,Black,<=5s vs <=5s,2320
i0ACINJm,60,0-1,Black,<=5s vs <=5s,1348
nFgKJF9R,57,1-0,White,<=5s vs 10-15s,1387
MC63GjyU,54,0-1,Black,<=5s vs <=5s,2185
sR0Gj2HI,68,0-1,Black,<=5s vs 10-15s,2308
CdOHIqBl,96,1-0,Black,<=5s vs 5-10s,2323
SYO3IIVl,47,1-0,White,<=5s vs 5-10s,1053
I78gfsFS,126,0-1,Black,<=5s vs 10-15s,2173
8D4hsEB7,51,1-0,White,<=5s vs 5-10s,943
OFqbcFse,44,1-0,Black,<=5s vs <=5s,1229
7PsriBlk,112,1-0,Black,<=5s vs <=5s,2364
hA17j0Vy,101,1-0,White,<=5s vs 10-15s,2350
rsuAC5vS,145,1/2-1/2,White,<=5s vs 15-20s,2437
oJHvIX7w,100,1-0,Black,<=5s vs 10-15s,1684
AXBfMnHC,105,1/2-1/2,White,<=5s vs 5-10s,2426
KXvOqMtx,64,0-1,Black,<=5s vs <=5s,1801
Wn0XDFGc,67,0-1,White,<=5s vs 5-10s,1817
F9aBIo1G,76,1-0,Black,<=5s vs <=5s,1980
TqEgFwtV,70,0-1,Black,<=5s vs 10-15s,2090
XATRHMdi,77,1-0,White,<=5s vs 5-10s,2012
OaPuawsz,78,1-0,Black,<=5s vs <=5s,1742
CRczg6GF,77,1-0,White,<=5s vs 10-15s,1282
Vx7q5a2k,50,0-1,Black,<=5s vs 15-20s,1330
oVbUVtZE,60,0-1,Black,<=5s vs 15-20s,1773
KfP1I9M0,75,1-0,White,<=5s vs 10-15s,1667
sWZSXOTJ,83,1-0,White,<=5s vs 15-20s,2432
S0WPiD4j,76,0-1,Black,<=5s vs 5-10s,1818
QYMqq1nq,68,0-1,Black,<=5s vs 5-10s,1618
h07uu5lB,59,1-0,White,<=5s vs 10-15s,1637
J2MUlZwf,53,1-0,White,<=5s vs 15-20s,1083
5aHO3FYW,88,0-1,Black,<=5s vs 5-10s,2249
8YL5cGPr,69,0-1,White,<=5s vs <=5s,1328
gXwPFnyb,43,1-0,White,<=5s vs 10-15s,1295
54NUCeCN,82,1-0,Black,<=5s vs <=5s,1947
WU5cRP7K,120,0-1,Black,<=5s vs 15-20s,2606
wIyJrqUr,114,0-1,Black,<=5s vs 10-15s,1987
JpxAV88E,74,0-1,Black,<=5s vs 10-15s,2381
41fQ4px1,54,1-0,Black,<=5s vs 15-20s,1535
862kYS4Q,44,0-1,Black,<=5s vs 15-20s,1330
8kK9huOY,106,0-1,Black,<=5s vs 5-10s,2352
uHcdePc5,78,0-1,Black,<=5s vs 5-10s,2574
CGEJBqfK,55,1-0,White,<=5s vs 5-10s,1482
60QmtqAo,66,0-1,Black,<=5s vs 15-20s,1990
MkNzjrwc,92,1-0,Black,<=5s vs <=5s,1896
hcmbSHx8,44,0-1,Black,<=5s vs 5-10s,1101
5Kv8lw9w,51,1-0,White,<=5s vs 5-10s,2272
8LuZDPPd,131,1-0,White,<=5s vs 15-20s,2656
EBlQq1OH,77,1/2-1/2,White,<=5s vs 10-15s,1780
YzmjpXMY,66,0-1,Black,<=5s vs <=5s,1876
CTSrtuNg,77,1-0,White,<=5s vs 15-20s,1733
LHUNRTEt,52,0-1,Black,<=5s vs 15-20s,2289
Dkhr6bui,90,0-1,Black,<=5s vs <=5s,1603
ZJ6ARACn,51,1-0,White,<=5s vs 10-15s,1859
f1oUFgfQ,43,1-0,White,<=5s vs 10-15s,733
JZVhG8O2,71,0-1,White,<=5s vs 5-10s,1979
OLG8trr6,71,1-0,White,<=5s vs 5-10s,2178
IsnCZYSs,91,1-0,White,<=5s vs 5-10s,1820
5WxMcQsb,56,0-1,Black,<=5s vs 5-10s,1764
7PE3WEu2,65,1-0,White,<=5s vs 15-20s,2056
P3uopDRR,67,1-0,White,<=5s vs 10-15s,1901
bS2nFOPn,130,0-1,Black,<=5s vs 5-10s,3017
rVsedXx4,45,1-0,White,<=5s vs 5-10s,790
qVpY423O,60,0-1,Black,<=5s vs <=5s,1261
qWqwSIaF,81,1-0,White,<=5s vs 10-15s,2223
Z25SEWdH,60,0-1,Black,<=5s vs 15-20s,1475
i8GhO8FB,121,1-0,White,<=5s vs 5-10s,2224
jhUQVaNK,55,1-0,White,<=5s vs 5-10s,2295
IQTUNgqt,106,1-0,Black,<=5s vs 5-10s,2875
eiweYCjC,129,1-0,White,<=5s vs 5-10s,2457
Er7lfBRC,150,0-1,Black,<=5s vs 15-20s,1992
Urkg3aZU,75,0-1,White,<=5s vs <=5s,1897
scaYZaDr,57,1-0,White,<=5s vs 15-20s,1335
qX0BBB1d,50,0-1,Black,<=5s vs 10-15s,1403
6HNN6ZUM,79,1-0,White,<=5s vs 10-15s,1878
rdnynVsi,51,1-0,White,<=5s vs 15-20s,1260
ditsLkYC,47,1-0,White,<=5s vs 15-20s,1740
vl8OpWjR,34,0-1,Black,<=5s vs 5-10s,1230
3wtIRAf9,57,0-1,White,<=5s vs <=5s,1724
qeee1NFj,50,0-1,Black,<=5s vs 10-15s,1452
vo4f4WOn,91,1-0,White,<=5s vs 5-10s,2120
LS16K6DA,49,1-0,White,<=5s vs 5-10s,722
K6VQwxVH,65,1-0,White,<=5s vs 5-10s,1842
pOrSybAS,59,1-0,White,<=5s vs 10-15s,1410
7VrnPke3,58,0-1,Black,<=5s vs 10-15s,2158
OGFLDxVl,154,1/2-1/2,Black,<=5s vs 5-10s,2890
6LZh6YZ6,95,1-0,White,<=5s vs 15-20s,1904
zTKWSQa1,58,0-1,Black,<=5s vs 15-20s,1848
3GkgEQdP,82,0-1,Black,<=5s vs 5-10s,2130
jyt2wuqI,66,0-1,Black,<=5s vs 15-20s,1826
ccZx9poA,71,1-0,White,<=5s vs 5-10s,1951
MU32MTPk,54,0-1,Black,<=5s vs 10-15s,1422
m0OgbjjG,186,1/2-1/2,Black,<=5s vs 5-10s,1668
Jb80RuNu,64,0-1,Black,<=5s vs <=5s,1593
LxBgp6xN,65,1-0,White,<=5s vs 10-15s,1019
ipIikAfR,54,0-1,Black,<=5s vs 10-15s,1526
UspAnUJc,89,0-1,White,<=5s vs <=5s,1631
b88VMGsL,47,1-0,White,<=5s vs 10-15s,1643
66it3mGO,57,1-0,White,<=5s vs 5-10s,1983
YDVc45Tc,72,0-1,Black,<=5s vs <=5s,2184
Dzfi8Dkc,61,1-0,White,<=5s vs 10-15s,2420
EFga6Asj,82,0-1,Black,<=5s vs 5-10s,1808
MwE430c7,106,1/2-1/2,Black,<=5s vs 5-10s,2155
48yRHRFM,45,1-0,White,<=5s vs 5-10s,1314
Ah4HnGjN,59,1-0,White,<=5s vs 15-20s,2040
zBAx02je,64,0-1,Black,<=5s vs 10-15s,1642
DFOAQDHf,46,0-1,Black,<=5s vs 10-15s,1141
BRV86IjX,76,0-1,Black,<=5s vs 5-10s,2569
figPsxE1,72,1-0,Black,<=5s vs 5-10s,2015
JjjJFS02,104,0-1,Black,<=5s vs 5-10s,2509
xtpPg0uC,51,1-0,White,<=5s vs 15-20s,1629
Cot28EwL,78,0-1,Black,<=5s vs 10-15s,2530
j3dra7lS,57,1-0,White,<=5s vs 15-20s,1742
D7RLKHWe,54,0-1,Black,<=5s vs 15-20s,1415
RgMN9tpi,58,0-1,Black,<=5s vs 5-10s,1285
J9dy1wMe,69,1-0,White,<=5s vs 5-10s,1437
Sp8nOTZa,47,1-0,White,<=5s vs 10-15s,1827
Gw8Mqody,57,1-0,White,<=5s vs <=5s,1140
LKXn86Ks,81,1-0,White,<=5s vs 5-10s,2357
JWtpaXJJ,82,0-1,Black,<=5s vs 5-10s,2357
RFdweKaP,69,1-0,White,<=5s vs 5-10s,1926
2ADhqide,66,1-0,Black,<=5s vs 5-10s,1743
8KpSOAxE,152,1/2-1/2,Black,<=5s vs <=5s,2290
DgFjjbD0,96,1-0,Black,<=5s vs <=5s,2199
xjFnkISt,55,1-0,White,<=5s vs 5-10s,1255
8QnmcjQr,81,1-0,White,<=5s vs 10-15s,2357
aqy6hFmv,58,1-0,Black,<=5s vs <=5s,1029
yIAaTj1l,61,1-0,White,<=5s vs 15-20s,2314
6lO7nFaC,63,1-0,White,<=5s vs 5-10s,1404
p2jIX6CV,46,0-1,Black,<=5s vs 15-20s,1699
wg2br9D7,61,0-1,White,<=5s vs <=5s,2181
UiTr7uQ8,74,0-1,Black,<=5s vs 5-10s,1848
JpbUuNvI,67,1-0,White,<=5s vs 15-20s,1285
JBXitEYY,93,0-1,White,<=5s vs 10-15s,2799
su95o6Ah,97,1-0,White,<=5s vs 10-15s,1874
EvLfdm4d,53,1-0,White,<=5s vs 15-20s,1835
5LplacQG,71,1-0,White,<=5s vs 5-10s,1345
DoblCx89,71,1-0,White,<=5s vs 10-15s,1833
CCohtXbQ,58,0-1,Black,<=5s vs 5-10s,1572
NUWS68Z2,60,0-1,Black,<=5s vs 10-15s,2486
rX4HsabA,69,1-0,White,<=5s vs 15-20s,1972
h84DByQF,61,1-0,White,<=5s vs 5-10s,1860
WfTJvqob,99,1-0,White,<=5s vs 10-15s,2408
GYsfjRpg,76,0-1,Black,<=5s vs 15-20s,2086
e3nCnlAk,77,1-0,White,<=5s vs 10-15s,2156
7LflDztY,97,1-0,White,<=5s vs 10-15s,2651
wTOEPNHo,70,0-1,Black,<=5s vs 10-15s,2231
6USjr1sI,73,0-1,White,<=5s vs 5-10s,2196
EtsgJjDn,106,0-1,Black,<=5s vs 10-15s,1905
MToXB97Q,44,0-1,Black,<=5s vs 10-15s,960
0JO9LwKL,61,1-0,White,<=5s vs <=5s,1248
UZbOsBiU,63,1-0,White,<=5s vs 5-10s,2256
SRuH2XLa,97,0-1,White,<=5s vs <=5s,2310
mgneQP9N,63,0-1,White,<=5s vs 10-15s,871
S8Jvzoyy,120,1/2-1/2,Black,<=5s vs 10-15s,2162
GEkInkn9,71,1-0,White,<=5s vs <=5s,850
PlJdR5L3,84,0-1,Black,<=5s vs 15-20s,2732
MpZFA3VW,52,0-1,Black,<=5s vs 15-20s,1555
LfXzwnuW,80,0-1,Black,<=5s vs <=5s,1851
sNCqEotE,48,1-0,Black,<=5s vs 5-10s,1281
VlX9McbC,60,0-1,Black,<=5s vs 5-10s,1451
34KaCwYA,80,0-1,Black,<=5s vs 15-20s,2905
lPDlTSyb,49,0-1,White,<=5s vs 5-10s,1433
7Y47PKeh,51,0-1,White,<=5s vs <=5s,1638
TDsvJPev,104,1-0,Black,<=5s vs 15-20s,1998
2kkJNF08,44,0-1,Black,<=5s vs 5-10s,851
VAsFRxFM,69,1-0,White,<=5s vs 15-20s,1681
yPVAMK9x,84,0-1,Black,<=5s vs 15-20s,2156
j9X5wkn1,56,1-0,Black,<=5s vs <=5s,1771
USoc6roB,56,0-1,Black,<=5s vs <=5s,1705
WYUmOIbB,53,0-1,White,<=5s vs 15-20s,1060
cKwG7tqo,74,1/2-1/2,Black,<=5s vs <=5s,1928
Jm5fgmAa,97,1-0,White,<=5s vs 5-10s,2420
qOkw2El6,60,1-0,Black,<=5s vs 5-10s,1699
YqgMvrcb,112,0-1,Black,<=5s vs 5-10s,1934
zyVljEvP,63,1-0,White,<=5s vs 15-20s,1408
ICGYYMXP,56,0-1,Black,<=5s vs 15-20s,1441
YAPrh6yS,111,1-0,White,<=5s vs 15-20s,2339
1Odlbvxj,83,1-0,White,<=5s vs 10-15s,1980
OM8mEbOW,140,1-0,Black,<=5s vs <=5s,2439
kvybIKcx,76,0-1,Black,<=5s vs <=5s,1815
3OGQvDhJ,103,0-1,White,<=5s vs <=5s,2224
LCsi6oUe,134,1/2-1/2,Black,<=5s vs 5-10s,2118
Y8SRIc65,53,1-0,White,<=5s vs 5-10s,1169
V34QI26E,146,1/2-1/2,Black,<=5s vs 5-10s,2552
9pg5wXHw,60,0-1,Black,<=5s vs 5-10s,2488
gLe5XnN2,81,1-0,White,<=5s vs 5-10s,2282
F24FeGsZ,102,0-1,Black,<=5s vs 10-15s,2276
hVcD9bez,74,0-1,Black,<=5s vs 15-20s,2580
YffVZ64m,68,0-1,Black,<=5s vs 5-10s,1765
qY1J7iRs,66,0-1,Black,<=5s vs <=5s,2030
whXuhux8,93,1-0,White,<=5s vs 15-20s,1690
oKt4kYDB,78,0-1,Black,<=5s vs 15-20s,1817
HXdX6PeX,84,0-1,Black,<=5s vs 5-10s,2610
SKM2BoZN,63,1-0,White,<=5s vs 15-20s,1483
7dyzA544,139,1-0,White,<=5s vs 10-15s,2423
SGruk3JS,72,0-1,Black,<=5s vs <=5s,1564
kqUiaFkU,56,0-1,Black,<=5s vs 15-20s,1291
TopWeiTm,69,1-0,White,<=5s vs 10-15s,2275
16xBgiTF,68,0-1,Black,<=5s vs 5-10s,1033
w0MdNII0,61,1-0,White,<=5s vs 15-20s,2393
Mc23Uki1,61,1-0,White,<=5s vs <=5s,2118
mIC2XqPh,54,0-1,Black,<=5s vs 15-20s,1528
gKSAU7Nm,64,0-1,Black,<=5s vs 15-20s,2137
lfqN6iuU,104,0-1,Black,<=5s vs 15-20s,2529
1ERa4c8q,41,1-0,White,<=5s vs 5-10s,1032
8L5PU86C,132,1/2-1/2,Black,<=5s vs 15-20s,1761
SuO4cDqo,44,0-1,Black,<=5s vs 15-20s,729
D550uq6G,112,1-0,Black,<=5s vs <=5s,2306
pLMlylFn,52,0-1,Black,<=5s vs 15-20s,1394
Q9SqOSCj,65,0-1,White,<=5s vs <=5s,1523
tzc10IG4,62,0-1,Black,<=5s vs 10-15s,2220
MTvk7VBz,69,1-0,White,<=5s vs 15-20s,1881
V1MVfeqe,114,0-1,Black,<=5s vs <=5s,1560
OZNohCIu,78,1-0,Black,<=5s vs <=5s,1907
5ChzUM5h,64,0-1,Black,<=5s vs <=5s,1195
XrHGnimp,73,1-0,White,<=5s vs 5-10s,2419
dngDvKnF,59,1-0,White,<=5s vs 10-15s,1912
4A4VlTOZ,60,0-1,Black,<=5s vs 5-10s,1197
UyipAUly,34,0-1,Black,<=5s vs 5-10s,917
3KMhTr7M,59,0-1,White,<=5s vs 15-20s,1719
DT6ylocC,54,0-1,Black,<=5s vs 5-10s,1324
tsytgMyn,48,0-1,Black,<=5s vs 10-15s,1441
b8k0Cxb1,84,0-1,Black,<=5s vs 5-10s,2175
TnQwMmqA,64,0-1,Black,<=5s vs 5-10s,1855
CqDgeMiQ,58,0-1,Black,<=5s vs 10-15s,1732
df8C8cuq,65,1-0,White,<=5s vs 10-15s,1497
sYOXfC86,97,1/2-1/2,White,<=5s vs 5-10s,2558
lPg9ja1F,77,1-0,White,<=5s vs 5-10s,1914
y1Y5wWZU,113,1-0,White,<=5s vs 5-10s,2189
LNctQAcO,100,0-1,Black,<=5s vs 15-20s,2516
XT0YYUti,126,0-1,Black,<=5s vs 5-10s,2034
p4Not0qp,72,0-1,Black,<=5s vs 10-15s,1017
bRyrHHyE,82,1/2-1/2,Black,<=5s vs 10-15s,1472
aH2GadM9,56,0-1,Black,<=5s vs 10-15s,2035
KzrUtt96,90,1-0,Black,<=5s vs <=5s,2014
Ez4K1wKq,79,1-0,White,<=5s vs 10-15s,1527
VbDlTUWg,71,1-0,White,<=5s vs 5-10s,1110
qTlMzfdm,71,1-0,White,<=5s vs 5-10s,1721
BN0APKR0,71,1-0,White,<=5s vs 5-10s,1173
6l8GFKpk,74,0-1,Black,<=5s vs 5-10s,1311
6KyRWesz,67,1-0,White,<=5s vs 15-20s,1875
B2uULsBH,57,1-0,White,<=5s vs <=5s,1301
6czppywI,61,0-1,White,<=5s vs 5-10s,2203
sAHkXFkN,97,1-0,White,<=5s vs 5-10s,2302
Ok4FlOKF,57,1-0,White,<=5s vs 5-10s,1962
E88f95uG,70,0-1,Black,<=5s vs 5-10s,1984
0P7BhcOL,69,1-0,White,<=5s vs 10-15s,1563
r56PqC39,70,0-1,Black,<=5s vs 5-10s,1667
cNDfIfhV,60,1-0,Black,<=5s vs 10-15s,1345
OvM5qmkN,80,0-1,Black,<=5s vs 10-15s,2459
XtL7Xwmp,75,1-0,White,<=5s vs 5-10s,1758
mkEfe2sT,89,1-0,White,<=5s vs 5-10s,2110
HV2rOmXS,70,0-1,Black,<=5s vs 10-15s,1751
7r7MKjFm,126,1/2-1/2,Black,<=5s vs 15-20s,2087
yjWu8YYj,72,0-1,Black,<=5s vs 5-10s,1952
DccZhQVf,93,1-0,White,<=5s vs 5-10s,2128
x6j7Ym9h,56,0-1,Black,<=5s vs 5-10s,1170
TvDgo3YX,110,1-0,Black,<=5s vs 5-10s,2432
ReCVZyCj,63,1-0,White,<=5s vs <=5s,2024
s1jYWnri,66,0-1,Black,<=5s vs 15-20s,2105
Huxye7q1,135,1-0,White,<=5s vs 15-20s,2492
7d3JwjXW,83,1-0,White,<=5s vs 10-15s,2172
T8nPseau,61,1-0,White,<=5s vs 10-15s,994
ALEMNKJ0,63,1-0,White,<=5s vs 10-15s,2154
SWKTOAoA,56,0-1,Black,<=5s vs 5-10s,1815
TXuR09RV,93,1-0,White,<=5s vs <=5s,1936
TCjN8D4L,71,0-1,White,<=5s vs <=5s,2009
LBLuLCam,52,0-1,Black,<=5s vs 15-20s,1597
IPfy9dhT,79,0-1,White,<=5s vs 5-10s,2255
CLFCFFBC,64,0-1,Black,<=5s vs 5-10s,1414
MGSWsSYX,115,1-0,White,<=5s vs 10-15s,2349
cwtMGGad,121,1/2-1/2,White,<=5s vs 5-10s,2477
dQ1qx7Kh,52,0-1,Black,<=5s vs 10-15s,1557
Iz3OyxmW,84,0-1,Black,<=5s vs <=5s,1512
K9Jj8FaM,80,1/2-1/2,Black,<=5s vs 10-15s,2220
LJiU4Thj,73,1-0,White,<=5s vs 5-10s,1754
dd9Jp0O9,71,1-0,White,<=5s vs 15-20s,1889
jEZFpoCe,48,0-1,Black,<=5s vs 15-20s,1702
73WgqeC5,72,1-0,Black,<=5s vs <=5s,1485
2ehYtZGP,94,0-1,Black,<=5s vs 10-15s,1963
4ntdCvwT,65,0-1,White,<=5s vs <=5s,815
tPk0u8O4,79,1-0,White,<=5s vs 5-10s,1641
9lQAfUGX,102,0-1,Black,<=5s vs 10-15s,2308
Od3fAD0C,149,1/2-1/2,White,<=5s vs 5-10s,2661
WboM9hCE,88,0-1,Black,<=5s vs 15-20s,2390
CGtn4QfU,81,1-0,White,<=5s vs 15-20s,1689
chv6G6rn,96,0-1,Black,<=5s vs 5-10s,2292
IZACtaKD,108,0-1,Black,<=5s vs 10-15s,1960
BzIXK0cx,74,0-1,Black,<=5s vs 5-10s,2210
6HV4bg78,61,1-0,White,<=5s vs 15-20s,2335
JD1Qcqes,78,0-1,Black,<=5s vs <=5s,2014
MqDRHYdC,90,0-1,Black,<=5s vs 10-15s,2333
wIfhFPPO,100,0-1,Black,<=5s vs 5-10s,1735
Z4iW9I8R,67,1-0,White,<=5s vs 15-20s,1845
1351ITkq,64,0-1,Black,<=5s vs 15-20s,1438
xnwRKh36,107,1-0,White,<=5s vs 15-20s,2388
kjCdq3dx,88,1/2-1/2,Black,<=5s vs 10-15s,2237
7ke4E2w4,69,1-0,White,<=5s vs 10-15s,1773
AlnDmwkA,100,0-1,Black,<=5s vs 15-20s,2554
ag6l8rV3,72,0-1,Black,<=5s vs 15-20s,2205
WJq6X67z,78,0-1,Black,<=5s vs 5-10s,1849
e0RuQZce,67,0-1,White,<=5s vs <=5s,1654
a3kUb8fs,69,1-0,White,<=5s vs 15-20s,1670
5NZ0BZbW,88,0-1,Black,<=5s vs 5-10s,2316
kZqgbE43,56,1-0,Black,<=5s vs 5-10s,2090
i8pb77zM,103,1/2-1/2,White,<=5s vs <=5s,2194
UkhPY0NL,69,1-0,White,<=5s vs 15-20s,1500
v7PxWnzS,52,0-1,Black,<=5s vs 10-15s,1935
7wDKZW52,86,0-1,Black,<=5s vs <=5s,1910
SGKxUz3w,33,1-0,White,<=5s vs 15-20s,797
Y1igC5dr,151,1-0,White,<=5s vs <=5s,1886
qbL1K7uq,38,0-1,Black,<=5s vs 5-10s,782
8dq4c3uf,80,0-1,Black,<=5s vs 5-10s,1795
enEdgqMn,90,0-1,Black,<=5s vs 5-10s,2259
CLvqCyQs,71,0-1,White,<=5s vs 5-10s,1525
U6ecXMip,45,0-1,White,<=5s vs 10-15s,1190
QBLqZUtW,100,1-0,Black,<=5s vs 10-15s,1859
rexFPE3T,51,1-0,White,<=5s vs 10-15s,1085
jIysTAO8,75,1-0,White,<=5s vs 15-20s,1792
BSazVwow,79,0-1,White,<=5s vs <=5s,2657
OMplBJkI,89,1-0,White,<=5s vs 10-15s,2140
t4uBNOf2,74,0-1,Black,<=5s vs 5-10s,1752
TzcJsY6w,103,1-0,White,<=5s vs 10-15s,2260
ZY1fymvG,68,0-1,Black,<=5s vs 10-15s,1825
hEOr99Q1,66,0-1,Black,<=5s vs 5-10s,1384
xaSl5him,59,0-1,White,<=5s vs 10-15s,1701
0X41bWXi,109,1/2-1/2,White,<=5s vs 5-10s,1640
xATF5Pos,137,1-0,White,<=5s vs 5-10s,2723
loTrs9fs,81,0-1,White,<=5s vs <=5s,2501
V3yZn3Ot,64,0-1,Black,<=5s vs 10-15s,2293
D2XbF8kG,47,1-0,White,<=5s vs 10-15s,1725
Lr5V5ITT,91,1-0,White,<=5s vs 5-10s,2657
Z0ZuMLOV,62,0-1,Black,<=5s vs 10-15s,1299
blcUFEWc,99,1-0,White,<=5s vs 10-15s,2514
eSYn7tZo,73,1-0,White,<=5s vs 10-15s,1578
Ht5I3Zbc,79,1-0,White,<=5s vs 5-10s,1818
larKz2d7,39,1-0,White,<=5s vs 15-20s,955
UmqUrTOS,114,0-1,Black,<=5s vs <=5s,2115
hy9IgEiZ,94,1-0,Black,<=5s vs 5-10s,1710
nleMSuOQ,65,1-0,White,<=5s vs 10-15s,1763
akNOLMbY,85,1-0,White,<=5s vs 15-20s,1837
HmzWT5co,63,0-1,White,<=5s vs 5-10s,1422
fdOZJBrY,108,0-1,Black,<=5s vs 15-20s,1360
7yABpB20,145,1/2-1/2,White,<=5s vs 15-20s,1869
g8lZmkwJ,50,0-1,Black,<=5s vs 10-15s,1127
4bcLRTTJ,116,1-0,Black,<=5s vs 15-20s,2884
UWLE5Ho1,75,1-0,White,<=5s vs 10-15s,2028
Yr2lxl4b,79,1-0,White,<=5s vs 15-20s,1432
HsDxHxJ4,72,1-0,Black,<=5s vs <=5s,2112
pQXG3PkA,47,1-0,White,<=5s vs 10-15s,1042
dA4VRuYK,96,0-1,Black,<=5s vs 15-20s,2913
00a2Wenq,68,0-1,Black,<=5s vs 15-20s,2546
5oY6tpKc,80,1-0,Black,<=5s vs <=5s,1590
2bhSExgj,97,1-0,White,<=5s vs 10-15s,2494
I3CwwVpm,68,0-1,Black,<=5s vs 15-20s,2505
CLZ6Eq6P,92,0-1,Black,<=5s vs 10-15s,2179
xKY4jmP4,114,0-1,Black,<=5s vs 10-15s,2529
QubMYHkA,75,1-0,White,<=5s vs 5-10s,2606
4s0qOZy7,78,1-0,Black,<=5s vs <=5s,1806
keFhwUVQ,59,1-0,White,<=5s vs 10-15s,1937
BCKeR6ae,124,0-1,Black,<=5s vs 10-15s,1951
egzeAsxs,110,1-0,Black,<=5s vs <=5s,2412
EwJKtVJy,54,0-1,Black,<=5s vs 15-20s,1817
C8SqRmPU,122,1-0,Black,<=5s vs 5-10s,2724
IJEUR7dQ,84,0-1,Black,<=5s vs 5-10s,2154
cTQAytCW,80,0-1,Black,<=5s vs 15-20s,1754
Ub8wZGUI,91,1-0,White,<=5s vs 10-15s,1978
EEWov2MR,38,0-1,Black,<=5s vs 10-15s,874
hThdldIP,76,0-1,Black,<=5s vs 15-20s,1669
xSFO8wcR,51,1-0,White,<=5s vs 5-10s,1654
wkib8i0h,58,0-1,Black,<=5s vs 10-15s,1203
dbZRM3Kq,84,1/2-1/2,Black,<=5s vs 15-20s,2382
sxe9Tsm2,58,0-1,Black,<=5s vs 10-15s,1597
KxKuZTNb,54,0-1,Black,<=5s vs 15-20s,1481
bfZ6RREk,40,0-1,Black,<=5s vs 15-20s,1272
IIM6tzdB,102,1/2-1/2,Black,<=5s vs 5-10s,1940
GiOjGp6r,78,1-0,Black,<=5s vs 5-10s,1761
8wpZZEfh,53,1-0,White,<=5s vs 15-20s,2175
YIKRXdyG,77,1-0,White,<=5s vs 10-15s,1887
QLyJiWXw,76,0-1,Black,<=5s vs 5-10s,1354
eJUyqler,74,0-1,Black,<=5s vs <=5s,2027
0fPTwPou,56,0-1,Black,<=5s vs <=5s,1327
ctJJJNJO,111,1-0,White,<=5s vs 15-20s,2113
RPQuMzne,60,0-1,Black,<=5s vs 5-10s,2166
EcJ3qhqv,66,0-1,Black,<=5s vs 5-10s,1612
vsvuSbDH,73,1-0,White,<=5s vs 10-15s,2192
HrpjBCUL,99,0-1,White,<=5s vs <=5s,2296
TayRygC9,95,0-1,White,<=5s vs <=5s,1873
Xx7hA5ks,61,1-0,White,<=5s vs 10-15s,1256
7lDXaqhp,81,1-0,White,<=5s vs 10-15s,1387
AwEgcf6r,107,1/2-1/2,White,<=5s vs 10-15s,2056
AmBp4YLw,73,0-1,White,<=5s vs <=5s,1523
68XgIYmT,93,1-0,White,<=5s vs 5-10s,1859
NYPwcyot,65,1-0,White,<=5s vs 10-15s,1361
eUOcWZhu,51,1-0,White,<=5s vs 15-20s,1555
etWOvf9D,64,1-0,Black,<=5s vs 15-20s,1665
Ymw3CTZG,109,1-0,White,<=5s vs 15-20s,2552
5X01kB2m,50,0-1,Black,<=5s vs 15-20s,1362
mN1cc42a,86,1-0,Black,<=5s vs <=5s,2322
85rZ5hwC,85,1-0,White,<=5s vs 5-10s,1496
lRYIsLrJ,49,1-0,White,<=5s vs 10-15s,1153
ZX5VZUB5,38,0-1,Black,<=5s vs 10-15s,893
5RH4JNNX,80,0-1,Black,<=5s vs 15-20s,1808
CZtmaFoi,76,1-0,Black,<=5s vs 5-10s,1739
uwjCu9WZ,55,1-0,White,<=5s vs 15-20s,1454
B1RRmzMX,89,1-0,White,<=5s vs 10-15s,1515
OXf5Hl4f,59,1-0,White,<=5s vs 10-15s,1877
tvvEcii6,77,1-0,White,<=5s vs 10-15s,1033
LTb97tzf,102,1-0,Black,<=5s vs <=5s,2599
pIKL2pTz,105,1-0,White,<=5s vs <=5s,2530
aV5kVlsA,72,0-1,Black,<=5s vs 5-10s,1487
al9gCUBR,48,0-1,Black,<=5s vs 10-15s,1151
RzWcVULJ,50,0-1,Black,<=5s vs <=5s,1107
UglVt3nF,123,1/2-1/2,White,<=5s vs 5-10s,2323
qeoDJNzc,56,0-1,Black,<=5s vs 15-20s,977
CwhmDpKJ,78,0-1,Black,<=5s vs 5-10s,2378
4OsVnd1L,62,1-0,Black,<=5s vs <=5s,1654
fGMv6pdY,56,0-1,Black,<=5s vs <=5s,1036
3lmWVIyq,81,1-0,White,<=5s vs 15-20s,1594
pm15BWDN,71,1-0,White,<=5s vs <=5s,1499
YQSwKhVy,74,0-1,Black,<=5s vs 5-10s,2499
WLRLI69G,72,1-0,Black,<=5s vs 5-10s,1591
tTGihXkB,67,1-0,White,<=5s vs 10-15s,1848
59ypbsA6,75,1-0,White,<=5s vs 5-10s,2255
IctxlEbh,103,1-0,White,<=5s vs 10-15s,2656
fiGfMuHG,42,0-1,Black,<=5s vs 10-15s,686
lt340wRU,103,1-0,White,<=5s vs 10-15s,2222
odK5ldrF,69,1-0,White,<=5s vs 15-20s,1894
UqLoF1K8,88,1-0,Black,<=5s vs 10-15s,2418
HaArJaZs,55,1-0,White,<=5s vs <=5s,1066
GqTt9Ekc,62,0-1,Black,<=5s vs 5-10s,1617
GeDsudaE,87,1-0,White,<=5s vs 5-10s,2172
SCRwkL7z,74,0-1,Black,<=5s vs 15-20s,1445
ZpAq7VKd,91,1-0,White,<=5s vs <=5s,2101
BTsEAbun,66,0-1,Black,<=5s vs 10-15s,1989
yOw40V0w,77,1-0,White,<=5s vs 15-20s,1904
CGq8zNge,42,0-1,Black,<=5s vs <=5s,958
EgLf8EvJ,30,0-1,Black,<=5s vs 15-20s,1004
4YpyxOMJ,81,1-0,White,<=5s vs 15-20s,2001
MZIwpxyn,83,1-0,White,<=5s vs 10-15s,2169
3SzgDC6l,44,0-1,Black,<=5s vs 15-20s,758
AeoSX6lk,99,1/2-1/2,White,<=5s vs 10-15s,2358
975ayNpR,85,1-0,White,<=5s vs 5-10s,2358
FwFQHUbk,127,1/2-1/2,White,<=5s vs 5-10s,2295
8TeCwvZz,126,0-1,Black,<=5s vs 15-20s,1677
hvrzGayc,72,0-1,Black,<=5s vs 15-20s,1676
790YyBtZ,84,0-1,Black,<=5s vs 15-20s,1402
NtpHyxkp,74,0-1,Black,<=5s vs 10-15s,2046
rp7pEC6O,115,1/2-1/2,White,<=5s vs 5-10s,2546
V2XUXxm9,57,1-0,White,<=5s vs 15-20s,1051
Fd1kO7Sw,59,0-1,White,<=5s vs <=5s,1145
GkjbEJVi,67,1-0,White,<=5s vs 5-10s,2132
UFAXAnlh,64,1-0,Black,<=5s vs <=5s,1420
XzcN1aU0,54,0-1,Black,<=5s vs 10-15s,2022
M4JmHCdk,97,1-0,White,<=5s vs 5-10s,1843
6ST7LEzd,60,0-1,Black,<=5s vs 5-10s,2329
M5kemwGZ,67,1-0,White,<=5s vs 10-15s,2359
lZGZsqVS,58,0-1,Black,<=5s vs <=5s,1672
PvBbAtAd,49,1-0,White,<=5s vs 10-15s,1459
llBEsBNk,54,0-1,Black,<=5s vs 10-15s,1651
ZAIZ14CZ,83,1-0,White,<=5s vs 5-10s,1921
uOdrN8Uw,50,0-1,Black,<=5s vs 10-15s,1815
zoH4H6wf,66,0-1,Black,<=5s vs 5-10s,1476
8tRbm020,103,0-1,White,<=5s vs 15-20s,2631
II2uy6DL,43,1-0,White,<=5s vs 15-20s,1540
ZTpeh8LA,81,1-0,White,<=5s vs 15-20s,2344
yYoFK1uP,127,1/2-1/2,White,<=5s vs 15-20s,1993
V0FLScXk,103,1-0,White,<=5s vs 15-20s,2359
HH8zRjKc,80,0-1,Black,<=5s vs <=5s,1718
PpsTLxtN,70,1-0,Black,<=5s vs 5-10s,1491
9f1TxhO1,61,0-1,White,<=5s vs 5-10s,2577
FdqebcUy,77,1-0,White,<=5s vs 5-10s,1017
L3Yx5IAE,51,1-0,White,<=5s vs 15-20s,1676
WwizvJdm,54,0-1,Black,<=5s vs 10-15s,1801
QKAjy5n3,55,1-0,White,<=5s vs 10-15s,1923
1OO76Gxl,85,1-0,White,<=5s vs 5-10s,2066
ol9fsp5Y,32,0-1,Black,<=5s vs 5-10s,943
SNP17x0y,85,1-0,White,<=5s vs <=5s,1978
hR1dkGKe,77,1-0,White,<=5s vs 15-20s,2192
LpBeaz5V,89,1-0,White,<=5s vs <=5s,1755
gU03ae0I,76,0-1,Black,<=5s vs 15-20s,1822
dQUI11CV,78,0-1,Black,<=5s vs 5-10s,1994
F1BTBZKH,82,0-1,Black,<=5s vs <=5s,2376
J6QVLyQ6,69,1-0,White,<=5s vs 10-15s,1780
uopNobra,49,1-0,White,<=5s vs 15-20s,1397
9O7V3Ffw,114,0-1,Black,<=5s vs <=5s,2344
TKRbQQU0,77,0-1,White,<=5s vs 5-10s,1898
yBiRMtbk,60,0-1,Black,<=5s vs 10-15s,2260
3vybhjyk,80,0-1,Black,<=5s vs 10-15s,2372
6otlPKAK,98,0-1,Black,<=5s vs 5-10s,2040
1lx9fYWI,81,1/2-1/2,White,<=5s vs 5-10s,1464
0mqyRR6e,163,1/2-1/2,White,<=5s vs 15-20s,2640
JkCGDtuo,77,1-0,White,<=5s vs 10-15s,1990
UvOARHEE,140,0-1,Black,<=5s vs 15-20s,2195
tgMRHG61,79,1-0,White,<=5s vs 10-15s,2133
bY2qLDrA,106,0-1,Black,<=5s vs 15-20s,2257
MBm2lEo8,82,0-1,Black,<=5s vs 5-10s,2578
PGicKO3Z,89,1-0,White,<=5s vs <=5s,1861
n2PcL6YI,46,0-1,Black,<=5s vs <=5s,976
0wYozxub,66,0-1,Black,<=5s vs 10-15s,1274
7x70YzEQ,105,0-1,White,<=5s vs <=5s,1886
NJ3014ZB,97,1/2-1/2,White,<=5s vs 5-10s,1583
lODvUo1U,70,0-1,Black,<=5s vs 15-20s,1331
mFNBjiz2,62,0-1,Black,<=5s vs 15-20s,1561
ay0GUL30,88,1-0,Black,<=5s vs 5-10s,1958
iV3vahVD,59,1-0,White,<=5s vs 15-20s,1589
1ugP78Gm,66,0-1,Black,<=5s vs 5-10s,1283
T2FhTK6b,56,0-1,Black,<=5s vs 5-10s,2161
VQyqpkbY,93,0-1,White,<=5s vs 10-15s,2551
S4fz2YV4,66,0-1,Black,<=5s vs 10-15s,1589
hL38W2jb,65,1-0,White,<=5s vs 15-20s,1979
WLUe7ggu,62,0-1,Black,<=5s vs 10-15s,1171
9Bq8wkFH,72,0-1,Black,<=5s vs 10-15s,2292
XYQDovYz,71,1-0,White,<=5s vs 10-15s,1842
1HTthetC,87,1-0,White,<=5s vs 15-20s,1602
TsbX0rih,77,1-0,White,<=5s vs 10-15s,2041
qYBS4ixm,63,1-0,White,<=5s vs 10-15s,1271
76kt4hBx,74,0-1,Black,<=5s vs 5-10s,1385
YXPOLpRZ,52,0-1,Black,<=5s vs 15-20s,2029
VJP7BhYi,60,0-1,Black,<=5s vs 10-15s,968
KnphZgtO,53,1-0,White,<=5s vs 15-20s,1781
IITKujKt,85,1-0,White,<=5s vs 5-10s,2160
YZYEREpe,68,0-1,Black,<=5s vs <=5s,2034
JG7UblVL,81,1-0,White,<=5s vs 10-15s,1689
QpboaiZr,63,0-1,White,<=5s vs 5-10s,1111
oCZH9Cht,58,0-1,Black,<=5s vs 15-20s,1746
cCkbU8Sz,82,0-1,Black,<=5s vs 5-10s,2056
YJGry3Zc,68,0-1,Black,<=5s vs 15-20s,1724
qa2YbcqV,120,0-1,Black,<=5s vs 15-20s,1853
WxN0beZ6,92,0-1,Black,<=5s vs 15-20s,2985
UCMOwB1Q,57,1-0,White,<=5s vs 10-15s,2137
3fmBSNxZ,74,0-1,Black,<=5s vs 10-15s,1812
FMseCvWs,62,0-1,Black,<=5s vs 10-15s,1653
ljddnrXD,40,0-1,Black,<=5s vs 15-20s,877
4bSnXfm4,61,0-1,White,<=5s vs <=5s,1631
15GYJoDP,73,0-1,White,<=5s vs 5-10s,1328
PfP01it3,115,1-0,White,<=5s vs 5-10s,1892
AYLAWHsD,109,0-1,White,<=5s vs 5-10s,1759
v6F5X8bf,81,1-0,White,<=5s vs 10-15s,2000
z4xZTAsk,60,0-1,Black,<=5s vs 15-20s,1273
K3kRyN4l,79,1-0,White,<=5s vs 5-10s,1859
WMFjjef4,63,0-1,White,<=5s vs 5-10s,2286
GAMgqI8F,72,0-1,Black,<=5s vs 5-10s,2622
c1Z059VA,78,0-1,Black,<=5s vs 15-20s,1371
WJ9ZGaDm,68,0-1,Black,<=5s vs 15-20s,1838
O3XywNon,137,0-1,White,<=5s vs 5-10s,3098
UOvFmTr8,73,1-0,White,<=5s vs 10-15s,1865
drsaFSS3,50,0-1,Black,<=5s vs 10-15s,1722
NeCSxCCO,51,1-0,White,<=5s vs 5-10s,1091
BnoOrhNP,70,0-1,Black,<=5s vs 5-10s,1454
dHebz7Qs,53,1-0,White,<=5s vs 5-10s,1309
6Jfl4qaB,79,1-0,White,<=5s vs <=5s,2336
jD3ML7s7,108,0-1,Black,<=5s vs 5-10s,2064
3uJccUuJ,34,0-1,Black,<=5s vs 5-10s,1073
KgQ51NuV,61,1-0,White,<=5s vs 10-15s,1241
8ZEGTDlB,48,0-1,Black,<=5s vs 10-15s,1068
UDzN9lqr,76,0-1,Black,<=5s vs 10-15s,1912
xqGDydMI,73,1-0,White,<=5s vs 15-20s,1735
Hcr8vNUg,84,0-1,Black,<=5s vs 15-20s,2449
VivAyB7U,73,0-1,White,<=5s vs 5-10s,1921
SBFdWTdz,117,1-0,White,<=5s vs 10-15s,2460
vMZ5K22z,68,0-1,Black,<=5s vs 5-10s,1218
CbcCpDJt,103,0-1,White,<=5s vs <=5s,2266
JY78KUwY,65,1-0,White,<=5s vs 15-20s,1555
WsDp6ckd,62,0-1,Black,<=5s vs <=5s,2071
LnlQcZGy,49,1-0,White,<=5s vs 15-20s,1453
8Tz2vySE,126,1-0,Black,<=5s vs <=5s,1887
lz4mGHik,57,1-0,White,<=5s vs 10-15s,1617
3otnxdzA,73,1-0,White,<=5s vs <=5s,2240
hgelyTbZ,56,1-0,Black,<=5s vs 5-10s,2024
mPWsm070,110,0-1,Black,<=5s vs <=5s,2613
0bgMsZDW,63,1-0,White,<=5s vs <=5s,1372
9XKDy8Qn,60,0-1,Black,<=5s vs 15-20s,1583
U6oaHBsC,87,1-0,White,<=5s vs 10-15s,2450
WxlUHTIM,87,0-1,White,<=5s vs <=5s,2169
vAn3vayk,83,1-0,White,<=5s vs 15-20s,2044
mAF1SI05,44,0-1,Black,<=5s vs 15-20s,1278
ivIWtXJC,129,1-0,White,<=5s vs 15-20s,2310
glLveeAi,157,1/2-1/2,White,<=5s vs <=5s,1954
sVYjHltj,93,1/2-1/2,White,<=5s vs 5-10s,2419
H1eB6vTu,105,0-1,White,<=5s vs 10-15s,2360
YaRSqDhZ,53,0-1,White,<=5s vs 5-10s,1220
60ES0mVD,50,0-1,Black,<=5s vs 15-20s,1122
p1PwyzwF,79,1-0,White,<=5s vs 10-15s,2029
8MYfSmjQ,78,0-1,Black,<=5s vs 10-15s,2224
emTE3R8w,62,0-1,Black,<=5s vs 5-10s,1411
5VPVoupu,77,1-0,White,<=5s vs 10-15s,2047
CUtV7HR6,41,1-0,White,<=5s vs 10-15s,1043
sPeijZHb,88,0-1,Black,<=5s vs <=5s,1207
a3LY8bDI,64,1-0,Black,<=5s vs 5-10s,2178
kkBy1Moo,48,0-1,Black,<=5s vs 5-10s,1763
goEObwu6,52,0-1,Black,<=5s vs 15-20s,1110
Q8ghg6mX,71,1-0,White,<=5s vs 5-10s,2471
9wq5BozO,58,0-1,Black,<=5s vs <=5s,1029
P2LLOoAc,63,1-0,White,<=5s vs 10-15s,1617
6Ji56dKm,96,1-0,Black,<=5s vs <=5s,2475
kU7TxN2V,86,1-0,Black,<=5s vs 5-10s,2534
LDrqnY66,68,0-1,Black,<=5s vs 5-10s,1584
lkR3X0ph,66,0-1,Black,<=5s vs 5-10s,2412
2klgceak,71,1-0,White,<=5s vs 5-10s,1549
h5CuENKl,88,0-1,Black,<=5s vs 10-15s,2282
Mc0E7mvu,124,0-1,Black,<=5s vs 5-10s,1797
pKY0BN2H,78,0-1,Black,<=5s vs 5-10s,1686
KHpEeOxH,37,0-1,White,<=5s vs 5-10s,1656
CgKOoW2k,63,1-0,White,<=5s vs 15-20s,2321
8mnJYRwo,85,1-0,White,<=5s vs 15-20s,2149
w3DmD49M,63,1-0,White,<=5s vs 15-20s,1443
OtkvR3gX,70,0-1,Black,<=5s vs 15-20s,1906
i3zBigPt,65,1-0,White,<=5s vs 10-15s,2097
YjfG4xqW,75,1-0,White,<=5s vs 5-10s,1550
Jg9CVSrA,69,1-0,White,<=5s vs 15-20s,1803
maHo2TOj,103,1-0,White,<=5s vs 10-15s,2259
o6lv07mn,91,0-1,White,<=5s vs 5-10s,2461
6a0PpGDK,76,1-0,Black,<=5s vs <=5s,1310
x15NMVqk,84,0-1,Black,<=5s vs 5-10s,2094
HFzm3OPi,57,1-0,White,<=5s vs 5-10s,1964
iT4jk5wI,54,0-1,Black,<=5s vs 15-20s,1117
u98xpl2o,65,1-0,White,<=5s vs 5-10s,2131
RN5dCuyE,60,0-1,Black,<=5s vs 10-15s,1492
QEy9GlYL,43,1-0,White,<=5s vs 10-15s,1619
noByzNAu,83,0-1,White,<=5s vs 10-15s,2268
VR1IwBpv,154,1/2-1/2,Black,<=5s vs 5-10s,2253
DMx75k5P,52,0-1,Black,<=5s vs 10-15s,2002
HgDBq8Ru,78,0-1,Black,<=5s vs 10-15s,1657
iPHct5qK,81,1-0,White,<=5s vs 5-10s,1963
ezekpHa5,51,1-0,White,<=5s vs 10-15s,898
tVItD8Rv,68,0-1,Black,<=5s vs 15-20s,2147
NUtoC3po,57,0-1,White,<=5s vs 5-10s,1488
r0zxniIV,76,1-0,Black,<=5s vs 5-10s,2105
wV7kiiKU,75,1/2-1/2,White,<=5s vs 10-15s,1071
PH9cBv2p,75,1-0,White,<=5s vs 15-20s,1878
cyVOJ9bh,106,1/2-1/2,Black,<=5s vs 10-15s,2228
OOr4BuMg,77,1-0,White,<=5s vs 5-10s,2106
4597MhMi,110,0-1,Black,<=5s vs 10-15s,2500
TEt46w6v,78,1/2-1/2,Black,<=5s vs 10-15s,2314
Zj8T46pl,84,0-1,Black,<=5s vs 5-10s,2118
96QnBKyQ,48,0-1,Black,<=5s vs 15-20s,955
86PfytdW,76,0-1,Black,<=5s vs 10-15s,2434
U0Xh8Cq0,55,1-0,White,<=5s vs 10-15s,1250
WDmdnipR,78,1-0,Black,<=5s vs <=5s,2010
D0ds54zw,51,1-0,White,<=5s vs 10-15s,1916
rbPFtlsE,66,0-1,Black,<=5s vs 15-20s,2175
0tyjKrEW,76,1-0,Black,<=5s vs 5-10s,2008
3c5zybaY,99,0-1,White,<=5s vs <=5s,2352
CJtYThCh,76,0-1,Black,<=5s vs 5-10s,3046
dB73jWEi,75,0-1,White,<=5s vs 5-10s,1893
WMOF7hTR,99,1-0,White,<=5s vs 10-15s,2569
0pSDxOnK,81,1-0,White,<=5s vs 5-10s,2551
59helWUe,91,0-1,White,<=5s vs 5-10s,2495
to56rUdN,84,0-1,Black,<=5s vs 15-20s,2752
Mc0Qmqjl,56,0-1,Black,<=5s vs 5-10s,1797
3PfZBbV1,46,0-1,Black,<=5s vs 15-20s,1839
UJbKZaK2,108,0-1,Black,<=5s vs 5-10s,1992
eAFKOAfH,80,0-1,Black,<=5s vs 5-10s,2035
aouop3ne,57,1-0,White,<=5s vs 15-20s,1469
nt0121BN,66,1-0,Black,<=5s vs 5-10s,1855
vfJ75PcI,88,0-1,Black,<=5s vs 10-15s,1267
2CwVdtum,59,1-0,White,<=5s vs 15-20s,1748
78TjWyxj,107,0-1,White,<=5s vs 10-15s,2394
B4PoNdJT,113,1-0,White,<=5s vs 10-15s,1854
29rRFbyZ,70,0-1,Black,<=5s vs 5-10s,1941
6zzGLmCh,70,0-1,Black,<=5s vs <=5s,2350
eap0KFKI,85,1-0,White,<=5s vs 15-20s,1764
yDjgFHFx,106,0-1,Black,<=5s vs 5-10s,2280
aqJ9rHQj,56,0-1,Black,<=5s vs 5-10s,1689
55bE0zFT,106,1-0,Black,<=5s vs <=5s,2267
OOSmxhkA,122,1-0,Black,<=5s vs 5-10s,2575
VmDth6td,56,1-0,Black,<=5s vs <=5s,2102
A9uNTixP,89,1-0,White,<=5s vs <=5s,2050
FqzJRl2o,65,1-0,White,<=5s vs 5-10s,1786
3tQUaRYe,65,1-0,White,<=5s vs 10-15s,2126
SkAyaj0u,52,0-1,Black,<=5s vs <=5s,1285
or5Xo5JV,126,0-1,Black,<=5s vs 15-20s,2109
WTauzCgD,138,0-1,Black,<=5s vs 15-20s,1559
z4842oPc,66,1-0,Black,<=5s vs <=5s,1216
gbgs2mS3,131,1-0,White,<=5s vs 15-20s,1764
aMRMFUSb,93,1-0,White,<=5s vs 5-10s,2444
DHpDO7jq,57,1-0,White,<=5s vs 15-20s,1665
wol5Wmvy,85,1-0,White,<=5s vs 10-15s,2237
uTMHfSeM,54,0-1,Black,<=5s vs 5-10s,1296
WZJmL1Mv,72,0-1,Black,<=5s vs 10-15s,1949
ddMNPvkv,63,1-0,White,<=5s vs 5-10s,1409
dG43oPuX,51,1-0,White,<=5s vs 10-15s,1835
uZJFrRq4,69,1-0,White,<=5s vs 5-10s,1247
7VElWpE0,36,0-1,Black,<=5s vs 15-20s,989
zLgnXImb,54,0-1,Black,<=5s vs 15-20s,1263
on4DG4cP,85,1-0,White,<=5s vs 10-15s,2128
DuU0BwDK,82,0-1,Black,<=5s vs 5-10s,2314
1wH1GVsn,79,1-0,White,<=5s vs 5-10s,2197
RMkQpGD1,58,0-1,Black,<=5s vs 15-20s,2573
RqNBjobf,54,1-0,Black,<=5s vs 10-15s,1731
FBOByv6j,57,1-0,White,<=5s vs 5-10s,1861
rVpVyUNG,59,1-0,White,<=5s vs 15-20s,1099
F3Uxm6dV,52,0-1,Black,<=5s vs 5-10s,1910
BBITKfKl,92,1-0,Black,<=5s vs 10-15s,1916
mZRrMAR6,113,1/2-1/2,White,<=5s vs 5-10s,2756
MnuNsg5d,55,0-1,White,<=5s vs 15-20s,1375
lkLWp6s0,81,1-0,White,<=5s vs 5-10s,1608
Nq8qMtNp,110,1/2-1/2,Black,<=5s vs 5-10s,2724
gzGPRtBv,110,0-1,Black,<=5s vs <=5s,1679
akZ7Dm2s,85,1-0,White,<=5s vs 5-10s,1870
JrOUqcB1,63,1-0,White,<=5s vs 10-15s,1781
DqUFoDj9,73,0-1,White,<=5s vs <=5s,1950
aSK25NWC,81,1/2-1/2,White,<=5s vs 5-10s,1999
15SFHqQh,66,0-1,Black,<=5s vs 15-20s,2706
lRmBMqcR,71,1-0,White,<=5s vs 10-15s,2177
UsaZrLKc,62,0-1,Black,<=5s vs 5-10s,1634
VMS9Oovx,79,1-0,White,<=5s vs <=5s,1522
n230C51O,77,1-0,White,<=5s vs 10-15s,1839
9z4TEny9,85,1-0,White,<=5s vs 10-15s,1996
AKmP8LNi,30,0-1,Black,<=5s vs 10-15s,832
OaGdlXGU,101,1/2-1/2,White,<=5s vs 5-10s,2378
kWLoQ9FU,105,1/2-1/2,White,<=5s vs 10-15s,1426
lyOqL1Kn,104,0-1,Black,<=5s vs <=5s,2444
Mbu6pcK3,73,1-0,White,<=5s vs 10-15s,2220
HiZUiZNB,47,1-0,White,<=5s vs 15-20s,1651
YiT4s05L,96,0-1,Black,<=5s vs 5-10s,2196
LT0H8Wjr,77,1-0,White,<=5s vs 10-15s,1378
G4zrYrKS,71,1-0,White,<=5s vs 15-20s,2555
axMtniOu,70,0-1,Black,<=5s vs <=5s,1548
2ePSl4vy,97,1-0,White,<=5s vs 15-20s,2220
8sxT20gj,63,1-0,White,<=5s vs 5-10s,1683
oz5yzZgp,94,1/2-1/2,Black,<=5s vs 5-10s,1716
qHUJ6ddr,95,1-0,White,<=5s vs 5-10s,2480
PjRrgXRO,124,1/2-1/2,Black,<=5s vs <=5s,2195
A0U54b0X,98,0-1,Black,<=5s vs 5-10s,2522
H6uRRr1x,62,0-1,Black,<=5s vs 5-10s,2235
1koyAp4z,51,1-0,White,<=5s vs 5-10s,1500
WTOl4hpc,74,0-1,Black,<=5s vs 5-10s,1879
I3VZozio,62,0-1,Black,<=5s vs 5-10s,1381
Omhx7FvI,68,0-1,Black,<=5s vs 15-20s,1844
id5UcvIA,63,1-0,White,<=5s vs 10-15s,1461
CtGoQz8r,62,0-1,Black,<=5s vs 5-10s,1557
xGfQQBqg,53,1-0,White,<=5s vs 10-15s,1794
qVxA8Hwr,84,0-1,Black,<=5s vs 10-15s,1627
BguRbK9Y,88,0-1,Black,<=5s vs 10-15s,2546
xboQkCrS,83,1-0,White,<=5s vs 10-15s,2303
oiQNzuWz,80,1-0,Black,<=5s vs <=5s,2389
mFo8o7uH,41,1-0,White,<=5s vs 5-10s,1335
InKGB2FC,94,1-0,Black,<=5s vs <=5s,2388
QswMGWyz,58,0-1,Black,<=5s vs 15-20s,1670
hE5ZrUjs,65,0-1,White,<=5s vs 5-10s,1062
V58RiB2O,65,1-0,White,<=5s vs 10-15s,1933
9d6ujbjr,96,0-1,Black,<=5s vs 5-10s,2529
GTRl5VIQ,129,0-1,White,<=5s vs 5-10s,1390
8Ls9fVy9,105,1/2-1/2,White,<=5s vs 5-10s,2056
r1ndCySk,66,0-1,Black,<=5s vs 5-10s,2343
Zm4gWvzt,38,0-1,Black,<=5s vs 10-15s,1101
2T1ahWK4,106,1-0,Black,<=5s vs 5-10s,2390
BNRhj8dH,92,0-1,Black,<=5s vs 5-10s,2452
iuOudhTy,93,1-0,White,<=5s vs <=5s,1677
XqQfeanK,87,1/2-1/2,White,<=5s vs 10-15s,1027
Hx1PHaUF,71,1-0,White,<=5s vs 10-15s,1391
OV6qTDiT,200,1/2-1/2,Black,<=5s vs 5-10s,2361
Mu4mvznf,90,0-1,Black,<=5s vs 5-10s,2456
vjF3j1R2,56,1-0,Black,<=5s vs <=5s,996
1Xrze1VX,96,0-1,Black,<=5s vs 5-10s,1888
nROBzqDp,95,0-1,White,<=5s vs <=5s,1591
HlXGVde4,77,1-0,White,<=5s vs 15-20s,2225
JS7asN0k,124,0-1,Black,<=5s vs 5-10s,2622
BdfWkHIy,98,1/2-1/2,Black,<=5s vs 5-10s,2100
8FUgwmbu,60,0-1,Black,<=5s vs 5-10s,2278
YIeVMmBO,73,1-0,White,<=5s vs 5-10s,1753
DIng0OZe,63,1-0,White,<=5s vs 15-20s,1458
VI7rjkq0,84,0-1,Black,<=5s vs <=5s,2279
0sDs1cKF,86,1-0,Black,<=5s vs <=5s,1851
swPObOo3,63,1-0,White,<=5s vs 15-20s,1238
tnDmec2E,55,1-0,White,<=5s vs 15-20s,2248
qz2WmI11,57,1-0,White,<=5s vs 15-20s,1325
a0h9ULIO,79,1-0,White,<=5s vs 5-10s,1689
D5uAEZ4q,41,1-0,White,<=5s vs 15-20s,1386
8R5xa4bb,37,1-0,White,<=5s vs 15-20s,1373
ORCExYsd,121,1-0,White,<=5s vs <=5s,1433
jrg2hWVm,57,1-0,White,<=5s vs 15-20s,1146
x6GfEuHk,91,0-1,White,<=5s vs 5-10s,2307
1sALNVsx,58,0-1,Black,<=5s vs 5-10s,1696
RdzjnXRi,64,0-1,Black,<=5s vs 10-15s,2079
QJQWgVYA,63,1-0,White,<=5s vs 5-10s,1345
AEUAXpzM,59,1-0,White,<=5s vs 10-15s,1746
x5kWsX9g,61,1-0,White,<=5s vs 5-10s,2466
vPDFTrCM,76,1-0,Black,<=5s vs <=5s,2028
9gMIehSe,105,1/2-1/2,White,<=5s vs 5-10s,2467
Jplf6vzh,91,1-0,White,<=5s vs 5-10s,2443
0wlZ14OS,66,0-1,Black,<=5s vs 5-10s,2021
lKKwK2Sd,61,1-0,White,<=5s vs 15-20s,1344
XMgkwuPy,59,1-0,White,<=5s vs 10-15s,2189
pyFHucJs,72,0-1,Black,<=5s vs <=5s,1402
9HPE50Ps,76,0-1,Black,<=5s vs 5-10s,2116
E9fLNiE7,70,1-0,Black,<=5s vs <=5s,2178
whTCxj7z,46,0-1,Black,<=5s vs 15-20s,1615
vDWNstru,148,1/2-1/2,Black,<=5s vs 15-20s,2485
061R86LV,58,0-1,Black,<=5s vs 10-15s,1978
bpuRjhGb,54,0-1,Black,<=5s vs 5-10s,872
xGkEzpVZ,77,1-0,White,<=5s vs 10-15s,1899
HErRGpRL,54,0-1,Black,<=5s vs 5-10s,1573
xlYFcqn9,104,0-1,Black,<=5s vs 10-15s,2290
jSzHHGpn,100,0-1,Black,<=5s vs 5-10s,2164
VVHvQ97T,75,1-0,White,<=5s vs 10-15s,2307
Y70s1dVc,74,0-1,Black,<=5s vs 15-20s,2399
Qyas7F2l,99,0-1,White,<=5s vs <=5s,1953
QIFXuu43,53,1-0,White,<=5s vs 15-20s,2434
aTvReNFh,53,1-0,White,<=5s vs 15-20s,1672
Uldlbp0Z,73,1-0,White,<=5s vs 5-10s,2210
dJxGMCqv,51,1-0,White,<=5s vs 15-20s,1273
bp43SDZ6,40,0-1,Black,<=5s vs 15-20s,1432
Wx9mYNwN,91,0-1,White,<=5s vs <=5s,1964
YlKqLKSR,110,1/2-1/2,Black,<=5s vs 15-20s,1188
RZ5hVEvN,80,0-1,Black,<=5s vs 15-20s,2405
NeIsGv9r,101,1-0,White,<=5s vs 5-10s,2713
odiQaESx,87,0-1,White,<=5s vs <=5s,1845
pTDs4UIy,54,0-1,Black,<=5s vs 10-15s,1339
4dw952Br,58,0-1,Black,<=5s vs 5-10s,1471
AgLPIYA1,85,1-0,White,<=5s vs 15-20s,2032
LoRGzp3P,99,1-0,White,<=5s vs <=5s,3029
pWhpy2K6,49,0-1,White,<=5s vs 5-10s,2886
ZwSVilCQ,71,1-0,White,<=5s vs 10-15s,1492
fdU83FeT,68,1-0,Black,<=5s vs 5-10s,1682
P4MMlBRt,69,0-1,White,<=5s vs 10-15s,2378
lkhrrUtb,64,0-1,Black,<=5s vs 5-10s,1973
NfQACwyf,73,1-0,White,<=5s vs 5-10s,2440
6L0vcYHw,51,1-0,White,<=5s vs 15-20s,1949
KxUYOxWr,55,1-0,White,<=5s vs 5-10s,1088
kgZEYAXh,50,0-1,Black,<=5s vs 5-10s,1353
tkddWrYc,97,1-0,White,<=5s vs 15-20s,2240
8QckrJUl,128,1-0,Black,<=5s vs <=5s,2851
lAz9WKD2,104,0-1,Black,<=5s vs 10-15s,2349
5mh4LOAV,68,0-1,Black,<=5s vs 10-15s,2074
jdCc0NZQ,61,1-0,White,<=5s vs 15-20s,1392
1hRrfJc2,62,0-1,Black,<=5s vs 5-10s,1747
IEd8XGo5,70,0-1,Black,<=5s vs 15-20s,1922
W3QvoTeT,69,1-0,White,<=5s vs 10-15s,1442
wGQykB4W,73,1-0,White,<=5s vs 15-20s,1748
WDdCui01,67,1-0,White,<=5s vs 5-10s,1397
W2UGnEeH,78,0-1,Black,<=5s vs 10-15s,2203
aJvyOeP4,70,1/2-1/2,Black,<=5s vs 10-15s,2352
ZcITXpNd,51,1-0,White,<=5s vs 15-20s,1163
3069BSdQ,94,0-1,Black,<=5s vs 15-20s,1707
Ybo7wukH,59,1-0,White,<=5s vs 5-10s,2102
jZcTjGai,65,1-0,White,<=5s vs 15-20s,1993
4JJ0Mv3v,118,0-1,Black,<=5s vs 15-20s,2147
oIikWOtt,111,1-0,White,<=5s vs 15-20s,2084
QijKDkBP,63,1-0,White,<=5s vs 10-15s,1675
5jCdZNGN,52,0-1,Black,<=5s vs 10-15s,1557
3Xj3zN72,63,1-0,White,<=5s vs 5-10s,1872
0MUAeInC,74,0-1,Black,<=5s vs 15-20s,2107
sAzk9lgf,124,1-0,Black,<=5s vs 10-15s,1947
pxSUKuQt,92,0-1,Black,<=5s vs 15-20s,2067
TIUqjAoa,83,1-0,White,<=5s vs 5-10s,1514
irZjGGin,52,0-1,Black,<=5s vs 5-10s,1592
3rEO4phB,79,1-0,White,<=5s vs 5-10s,1881
ZH8RLBTI,61,1-0,White,<=5s vs 10-15s,1955
5cPB39XK,90,1-0,Black,<=5s vs <=5s,2002
LXNIwYXe,72,0-1,Black,<=5s vs 5-10s,1151
hVPbIpBr,75,1-0,White,<=5s vs 15-20s,2429
0gQZ7hf9,77,1-0,White,<=5s vs 15-20s,1719
sGfNsKnO,61,1-0,White,<=5s vs 10-15s,1467
F2WlIqkC,92,0-1,Black,<=5s vs 5-10s,1259
F3wqT7De,66,0-1,Black,<=5s vs 10-15s,1113
AMzNS9EW,84,0-1,Black,<=5s vs 15-20s,1875
SGHfsrY2,37,0-1,White,<=5s vs 5-10s,849
4kB6an9v,88,0-1,Black,<=5s vs 15-20s,1870
6doWU7ze,44,0-1,Black,<=5s vs 15-20s,1141
lKcNSc8t,100,1/2-1/2,Black,<=5s vs 5-10s,2667
SJTA9ZkN,90,0-1,Black,<=5s vs 5-10s,2452
ZirP7CWQ,86,1-0,Black,<=5s vs <=5s,2251
T1YWCR2E,111,1-0,White,<=5s vs 5-10s,2728
DD72gWBp,111,1-0,White,<=5s vs 15-20s,2168
BHIlpHCj,62,0-1,Black,<=5s vs 10-15s,2666
cueUUJrS,78,0-1,Black,<=5s vs 5-10s,2187
5HM43Cv1,57,1-0,White,<=5s vs 10-15s,1201
emr1XsQD,69,1-0,White,<=5s vs 5-10s,1589
YUJ5A1xm,39,0-1,White,<=5s vs 15-20s,1325
eMYFt7P2,78,0-1,Black,<=5s vs 15-20s,2416
yLUfLcUA,94,0-1,Black,<=5s vs 10-15s,2137
LJEZHbFk,59,1-0,White,<=5s vs 5-10s,1707
TCKtneZ0,86,0-1,Black,<=5s vs 10-15s,2807
QbCctDst,41,1-0,White,<=5s vs 5-10s,1144
FxTJt6fU,53,1-0,White,<=5s vs 15-20s,1227
PVjj4h5a,62,0-1,Black,<=5s vs 15-20s,1912
LB5RSRlS,68,0-1,Black,<=5s vs 5-10s,2135
iqKYomR9,54,0-1,Black,<=5s vs 10-15s,1071
SwnrZ8Cv,69,1-0,White,<=5s vs 15-20s,1655
wzv0AkRb,93,0-1,White,<=5s vs <=5s,2071
3gPNtfL8,56,0-1,Black,<=5s vs 5-10s,1357
ow1BL8xN,64,0-1,Black,<=5s vs 15-20s,1266
gm6odjMM,68,0-1,Black,<=5s vs 15-20s,1278
RX1PtviL,78,1-0,Black,<=5s vs <=5s,2614
5Km198df,114,1-0,Black,<=5s vs 5-10s,2954
KMDXToXu,81,1-0,White,<=5s vs 15-20s,2100
kNoQ6Kw8,62,0-1,Black,<=5s vs 10-15s,2105
PPtwGp6q,58,0-1,Black,<=5s vs 15-20s,1767
CQmIiEf9,114,0-1,Black,<=5s vs 10-15s,2810
HFKjLC3j,64,0-1,Black,<=5s vs 15-20s,1367
90C7jVpR,74,0-1,Black,<=5s vs 5-10s,1505
58UUEJx6,59,0-1,White,<=5s vs 5-10s,1258
nBXyZmVf,72,0-1,Black,<=5s vs 5-10s,1912
iqdrsHwS,81,1-0,White,<=5s vs <=5s,1895
2JULVwLX,60,0-1,Black,<=5s vs 10-15s,1931
gjF5TZsg,61,1-0,White,<=5s vs 5-10s,1705
XFuwzKJl,109,1/2-1/2,White,<=5s vs 5-10s,2197
VRPLyJyH,58,0-1,Black,<=5s vs 15-20s,1955
srotNt8k,72,0-1,Black,<=5s vs 5-10s,1335
aQSxGeVx,37,1-0,White,<=5s vs 15-20s,1340
FNsoFhFN,58,0-1,Black,<=5s vs 5-10s,1528
eiIcsSdf,81,1-0,White,<=5s vs 5-10s,1813
LVeZkcKl,97,1-0,White,<=5s vs 5-10s,3033
Bo9ReHbF,46,0-1,Black,<=5s vs 15-20s,1557
AhivNSvV,56,0-1,Black,<=5s vs 10-15s,1895
eCWAbbtS,68,0-1,Black,<=5s vs 5-10s,2145
57Juxs14,107,1-0,White,<=5s vs 5-10s,2050
wDpiUhfd,75,0-1,White,<=5s vs 5-10s,2046
7LqxCYsh,52,0-1,Black,<=5s vs 15-20s,1242
rwaU2PM0,73,1-0,White,<=5s vs 10-15s,2584
OFkNx3ec,110,0-1,Black,<=5s vs 5-10s,1753
iz0OnnpV,79,1-0,White,<=5s vs 10-15s,2229
NVlEeCJr,56,1-0,Black,<=5s vs <=5s,1113
9MeTWCpH,64,0-1,Black,<=5s vs 5-10s,2208
XGwEh4yh,74,1-0,Black,<=5s vs 10-15s,1368
muHGBUbV,64,0-1,Black,<=5s vs 10-15s,1006
JpO91xb0,54,0-1,Black,<=5s vs <=5s,1618
OfRRDxDY,89,1-0,White,<=5s vs 5-10s,2383
wOAz2dgo,68,0-1,Black,<=5s vs 10-15s,1735
9HwStECV,48,0-1,Black,<=5s vs 5-10s,639
WynWN0XN,69,1-0,White,<=5s vs 10-15s,2108
p5Iybi3w,60,1-0,Black,<=5s vs <=5s,1106
WAWREvAK,97,1-0,White,<=5s vs 15-20s,1933
boOGvtBK,78,0-1,Black,<=5s vs 5-10s,1353
gWHbqRtm,75,1-0,White,<=5s vs 15-20s,1643
BfaSstcp,64,0-1,Black,<=5s vs <=5s,1120
p2q1E3Gs,56,0-1,Black,<=5s vs 10-15s,2153
6XxoeKYc,85,0-1,White,<=5s vs 5-10s,2194
2I47SWT9,60,1-0,Black,<=5s vs <=5s,1422
LXXmhpvA,44,0-1,Black,<=5s vs 5-10s,1106
8MmAaLLm,62,1-0,Black,<=5s vs <=5s,1812
Z71LyMrO,76,1-0,Black,<=5s vs <=5s,1507
6Pv6FW95,56,0-1,Black,<=5s vs <=5s,1169
CJWL1wdv,90,0-1,Black,<=5s vs <=5s,2270
E1spoasP,67,0-1,White,<=5s vs 10-15s,1966
5DWkFbf8,43,1-0,White,<=5s vs 15-20s,981
HBcsZUlb,45,1-0,White,<=5s vs 15-20s,2010
3iK4JKiC,59,1-0,White,<=5s vs 5-10s,1980
FIpljOBR,43,1-0,White,<=5s vs 10-15s,1145
HoHlmJzO,93,1-0,White,<=5s vs 10-15s,2250
e5VWHdoW,68,0-1,Black,<=5s vs 5-10s,2274
Wt36DZy7,77,1-0,White,<=5s vs 5-10s,2054
i7gcAVtl,56,1-0,Black,<=5s vs <=5s,1116
va75avgv,58,1-0,Black,<=5s vs 15-20s,1569
8C6NG5yS,69,1-0,White,<=5s vs 5-10s,1446
CEkQRheC,99,1-0,White,<=5s vs 5-10s,2375
TuaC6yYO,62,0-1,Black,<=5s vs <=5s,1142
femtBwi7,63,0-1,White,<=5s vs 5-10s,2275
QkG3GCzr,44,0-1,Black,<=5s vs 15-20s,1084
0HoNdDdc,48,0-1,Black,<=5s vs 10-15s,1915
AZ061I2E,66,0-1,Black,<=5s vs 5-10s,1323
rA5fO1F2,65,1-0,White,<=5s vs 10-15s,1653
ROhWsd38,91,1/2-1/2,White,<=5s vs 5-10s,2574
BeI0Xuzc,68,0-1,Black,<=5s vs 10-15s,2214
7qP3TBDp,80,0-1,Black,<=5s vs 10-15s,2182
6y6WJ2Ys,65,0-1,White,<=5s vs 10-15s,1312
PK0q8AsD,126,0-1,Black,<=5s vs 10-15s,2737
LSJfwVBY,73,1-0,White,<=5s vs 10-15s,2381
EPub0Ybw,100,0-1,Black,<=5s vs <=5s,2405
3eB9sl9E,48,0-1,Black,<=5s vs 5-10s,1131
qZypBnnb,66,1-0,Black,<=5s vs 5-10s,1591
fkXIV7pE,57,1-0,White,<=5s vs 5-10s,1306
LRbcvY9y,111,1/2-1/2,White,<=5s vs 10-15s,2486
HtmzImMq,84,0-1,Black,<=5s vs <=5s,1358
x4QW6ViJ,70,0-1,Black,<=5s vs 15-20s,2442
7qXMNKGz,76,0-1,Black,<=5s vs 5-10s,852
IBcnZFYC,55,0-1,White,<=5s vs 5-10s,1259
qD4T8u1r,81,1-0,White,<=5s vs 5-10s,1821
LIUI5SsE,57,1-0,White,<=5s vs 15-20s,2241
rIrEZCwB,97,1-0,White,<=5s vs 15-20s,2268
V2SKQpfT,88,0-1,Black,<=5s vs 15-20s,1588
HEtKWkJA,105,1-0,White,<=5s vs 10-15s,2068
rnJHBPqb,57,1-0,White,<=5s vs 15-20s,1187
qzdnfGwd,68,0-1,Black,<=5s vs 5-10s,1826
XZHXrL8L,50,0-1,Black,<=5s vs 10-15s,947
6bOuKprW,63,0-1,White,<=5s vs 5-10s,2295
Lh27CT2V,43,1-0,White,<=5s vs 15-20s,1596
KBGBkLpR,65,1-0,White,<=5s vs 15-20s,1723
XZZdLPZX,46,0-1,Black,<=5s vs 10-15s,2035
TVduQ9BH,106,0-1,Black,<=5s vs 5-10s,2133
E9DwmGeh,79,1-0,White,<=5s vs 10-15s,2307
w4ox2RQk,102,1/2-1/2,Black,<=5s vs 10-15s,1549
miD665d8,71,0-1,White,<=5s vs 10-15s,1765
1kUt3Mi7,49,1-0,White,<=5s vs 15-20s,1424
Cc2tHpKP,117,1-0,White,<=5s vs 15-20s,1759
akPy6wss,64,0-1,Black,<=5s vs <=5s,1761
6O9BlDzp,40,1-0,Black,<=5s vs 5-10s,1076
IrU2G0aq,72,0-1,Black,<=5s vs 5-10s,1063
fTN4QPBf,120,1/2-1/2,Black,<=5s vs 5-10s,2691
3WGyybnb,61,1-0,White,<=5s vs 5-10s,1288
G1toQk2p,65,1-0,White,<=5s vs 10-15s,1385
W29Odduv,77,1-0,White,<=5s vs 10-15s,2569
sIYybnOT,42,0-1,Black,<=5s vs 10-15s,1081
AiqNPPu6,94,1-0,Black,<=5s vs <=5s,2518
FMskc0Y7,94,0-1,Black,<=5s vs 15-20s,1626
r2pfJkNm,70,0-1,Black,<=5s vs 10-15s,2284
f6C3MbGx,60,0-1,Black,<=5s vs 5-10s,1457
5bwFRu0Y,73,1-0,White,<=5s vs 15-20s,1770
JbQXq6KV,70,0-1,Black,<=5s vs 10-15s,2058
jNuoJAQj,85,1-0,White,<=5s vs 5-10s,1861
KD0ZbxqZ,73,1-0,White,<=5s vs 10-15s,1229
x5dhZJqu,96,0-1,Black,<=5s vs 15-20s,2153
gygvSvUI,108,1-0,Black,<=5s vs <=5s,2354
JliVDwIs,73,1-0,White,<=5s vs 10-15s,1718
djXH1ZCA,69,1-0,White,<=5s vs 15-20s,1814
XunEPPo1,82,0-1,Black,<=5s vs 5-10s,2058
uY8blUAK,40,1-0,Black,<=5s vs <=5s,909
YCgQszYq,73,1-0,White,<=5s vs 10-15s,1939
BW8WVU4D,52,0-1,Black,<=5s vs 5-10s,1352
rT6hoLPZ,60,1-0,Black,<=5s vs <=5s,1501
UXCBtx8z,48,0-1,Black,<=5s vs 15-20s,2109
M6wzTpeu,87,1-0,White,<=5s vs <=5s,2586
RMSpmUwy,84,1-0,Black,<=5s vs <=5s,1958
OxzwFo8d,104,0-1,Black,<=5s vs 15-20s,1754
9T4Mgtlk,67,0-1,White,<=5s vs 15-20s,1169
grMSyNMc,77,1-0,White,<=5s vs 5-10s,1274
7jnLROHE,72,0-1,Black,<=5s vs 5-10s,2093
bJ3FV8Td,57,1-0,White,<=5s vs 10-15s,1430
ggfQRk1w,54,0-1,Black,<=5s vs 15-20s,1301
j77QAuez,37,1-0,White,<=5s vs 10-15s,1276
hTy2C68C,155,1-0,White,<=5s vs 5-10s,2044
GoBXhIBM,69,1-0,White,<=5s vs 10-15s,1893
a15eSGRH,79,0-1,White,<=5s vs <=5s,2468
rdfe0iwA,57,1-0,White,<=5s vs 15-20s,1199
BqWhIQHb,70,1-0,Black,<=5s vs <=5s,2403
Vhfxw3cb,58,1-0,Black,<=5s vs 5-10s,1591
mHoKMeg7,58,0-1,Black,<=5s vs 15-20s,1173
ict3A3EC,77,1-0,White,<=5s vs 15-20s,2382
crZo3Vhv,137,0-1,White,<=5s vs <=5s,2836
x0UGnXIP,77,1-0,White,<=5s vs 5-10s,1054
wz9UjFbw,111,1-0,White,<=5s vs 10-15s,1641
1tYSZAlu,89,0-1,White,<=5s vs 5-10s,2778
0nk1HLIP,90,0-1,Black,<=5s vs 5-10s,1864
Clsi8RhG,46,1-0,Black,<=5s vs 10-15s,1406
N8kApHXO,87,0-1,White,<=5s vs <=5s,1724
GOLbfGYT,99,1-0,White,<=5s vs 10-15s,2508
5guvel7i,48,0-1,Black,<=5s vs 10-15s,1112
DnLC2nb7,92,0-1,Black,<=5s vs 10-15s,1979
KCvWcSSv,102,1/2-1/2,Black,<=5s vs 10-15s,2273
JuPVHdBI,46,0-1,Black,<=5s vs 10-15s,773
FU0j92wx,73,1-0,White,<=5s vs 10-15s,1967
AYstpl3k,92,1-0,Black,<=5s vs <=5s,1842
a6ecn5io,82,0-1,Black,<=5s vs 5-10s,2045
NMdThdE1,73,1-0,White,<=5s vs 5-10s,1937
iPG43d6O,69,1-0,White,<=5s vs 10-15s,1513
t4ep8olj,72,0-1,Black,<=5s vs 5-10s,1890
cJvaQgmu,71,1-0,White,<=5s vs 5-10s,2493
MJN8Tx3u,53,1-0,White,<=5s vs 10-15s,1485
0BSVyQLD,48,0-1,Black,<=5s vs 5-10s,2198
3AFempoL,47,1-0,White,<=5s vs 10-15s,1546
p8JJ2M8t,86,1-0,Black,<=5s vs 5-10s,2386
MrigWgsN,71,1-0,White,<=5s vs 10-15s,1557
3lbA0Cel,88,0-1,Black,<=5s vs 15-20s,1712
hbePLoIJ,100,0-1,Black,<=5s vs 10-15s,2506
NsnxVrx7,99,1-0,White,<=5s vs 5-10s,2367
3OjgJIrN,59,1-0,White,<=5s vs 15-20s,1160
PaB7sZOu,64,0-1,Black,<=5s vs 15-20s,2268
6fkzmPdy,55,1-0,White,<=5s vs 5-10s,2128
98QdQcRr,80,0-1,Black,<=5s vs 5-10s,2034
HPGsLxlc,84,0-1,Black,<=5s vs 5-10s,2030
SUHg9cWc,125,1/2-1/2,White,<=5s vs 5-10s,2641
8pi48BAg,34,0-1,Black,<=5s vs 10-15s,855
QTuw4Co3,66,1/2-1/2,Black,<=5s vs 15-20s,2757
aPyfZgE0,69,1-0,White,<=5s vs 15-20s,1660
z0Jbms4Y,83,1-0,White,<=5s vs 5-10s,2302
cDgl8KNX,92,0-1,Black,<=5s vs 5-10s,2497
AAjd3HCi,44,0-1,Black,<=5s vs 15-20s,1719
GXkHVqo7,80,0-1,Black,<=5s vs 5-10s,1786
zGWWUMrX,73,0-1,White,<=5s vs 5-10s,1476
pCDfd5I5,47,0-1,White,<=5s vs 5-10s,1148
HzZ8QFC9,75,1-0,White,<=5s vs 5-10s,1708
y6Q4nYNP,76,1-0,Black,<=5s vs 5-10s,1899
pwbMgtDv,64,0-1,Black,<=5s vs 5-10s,2052
ebPVyxAR,69,1-0,White,<=5s vs 5-10s,1350
nRG2tci1,57,1-0,White,<=5s vs 5-10s,1854
EHUbTaoH,82,0-1,Black,<=5s vs 5-10s,2301
zoSJ47ru,73,1-0,White,<=5s vs 10-15s,1550
wDEeHnn0,63,1-0,White,<=5s vs 10-15s,2587
aUu223xj,62,0-1,Black,<=5s vs 5-10s,2176
oAI0CwXJ,81,1-0,White,<=5s vs 15-20s,2313
YQtaIjSF,67,1-0,White,<=5s vs 10-15s,1960
E5ET8iHd,44,1-0,Black,<=5s vs 5-10s,1022
AC2DWMHc,80,0-1,Black,<=5s vs 5-10s,2010
DIDwJFUL,90,0-1,Black,<=5s vs 5-10s,1920
PO14fuXn,97,1-0,White,<=5s vs 10-15s,2422
CASvzdZh,92,1-0,Black,<=5s vs <=5s,2228
GtPwbYKs,52,0-1,Black,<=5s vs 5-10s,1481
0pblv72j,59,1-0,White,<=5s vs 5-10s,873
4pbcUoS3,56,0-1,Black,<=5s vs 5-10s,1299
e33SqUNc,56,0-1,Black,<=5s vs 15-20s,1627
Xe6ivrA6,65,1-0,White,<=5s vs 10-15s,2170
5GbKVFQv,151,1-0,White,<=5s vs 15-20s,2794
ZVMEF7oo,77,1-0,White,<=5s vs 10-15s,2240
x9sC2AmB,77,0-1,White,<=5s vs 5-10s,2162
UG8GZIhn,74,0-1,Black,<=5s vs 10-15s,1757
VgemqCV4,76,0-1,Black,<=5s vs <=5s,1776
9aWJRSD1,47,1-0,White,<=5s vs 5-10s,1781
e47wlHkW,78,0-1,Black,<=5s vs 10-15s,1488
Nehm3mAA,70,0-1,Black,<=5s vs 10-15s,1151
Nil02Fki,107,1/2-1/2,White,<=5s vs 10-15s,2203
GiNPe8Um,71,1-0,White,<=5s vs 5-10s,2885
4q1sXQpu,76,1-0,Black,<=5s vs <=5s,1560
GlADB2fu,89,1-0,White,<=5s vs 5-10s,1867
xy87J2F5,58,0-1,Black,<=5s vs 5-10s,1865
7y2VKniJ,124,0-1,Black,<=5s vs <=5s,1837
FwtVkc3v,64,1-0,Black,<=5s vs <=5s,1630
rDUAAdJ9,90,0-1,Black,<=5s vs 5-10s,2767
8dQwmO3x,87,1-0,White,<=5s vs 5-10s,1751
Trn870D9,71,1-0,White,<=5s vs 10-15s,1704
6WK01ff7,99,1-0,White,<=5s vs 10-15s,2354
OYfXId8U,81,1-0,White,<=5s vs <=5s,2438
MLreI09u,68,0-1,Black,<=5s vs 5-10s,1651
Ul5CAPv2,81,1-0,White,<=5s vs 5-10s,2715
ZBQxKnYq,48,0-1,Black,<=5s vs <=5s,1008
I4uRWbR6,72,0-1,Black,<=5s vs <=5s,1875
PT5qh7jx,86,0-1,Black,<=5s vs 10-15s,1730
OSwuvJkx,107,1-0,White,<=5s vs <=5s,2382
fiYXuuZp,71,0-1,White,<=5s vs <=5s,994
MqYkNJoC,81,1-0,White,<=5s vs 15-20s,1775
e08WGeMZ,59,1-0,White,<=5s vs 10-15s,1134
TZaF9M5n,62,0-1,Black,<=5s vs 10-15s,1706
GTuiUrdK,110,0-1,Black,<=5s vs 15-20s,2119
8JumSZ5g,119,1-0,White,<=5s vs 5-10s,2591
00GJ3UHh,61,1-0,White,<=5s vs 10-15s,1950
TPWvbLZp,63,1-0,White,<=5s vs 10-15s,2170
8TSFFoS0,71,1-0,White,<=5s vs 5-10s,2118
47l0SfKd,56,0-1,Black,<=5s vs 10-15s,1400
HajHUtnK,77,1-0,White,<=5s vs 5-10s,2214
MAKCBjNT,115,1/2-1/2,White,<=5s vs 10-15s,2102
EuTwxd6G,91,1-0,White,<=5s vs 10-15s,2341
kEbAY3Uz,54,0-1,Black,<=5s vs 10-15s,2175
0ows0rDl,74,0-1,Black,<=5s vs 5-10s,1222
bjOv7eil,93,1-0,White,<=5s vs 10-15s,1672
gs2QayiO,71,1-0,White,<=5s vs 10-15s,1507
t0KZ0k87,74,1-0,Black,<=5s vs <=5s,1458
hl5hGuOJ,73,1-0,White,<=5s vs 15-20s,2076
yesT1n82,84,0-1,Black,<=5s vs 10-15s,2284
A8r9pbRz,88,1-0,Black,<=5s vs 5-10s,2219
SamZmhdR,89,1/2-1/2,White,<=5s vs 5-10s,2453
1RqlBBvw,79,1-0,White,<=5s vs 5-10s,2384
D9D8ftyS,115,1/2-1/2,White,<=5s vs 15-20s,2347
hVcF8cr8,66,0-1,Black,<=5s vs 10-15s,1827
8HkbW4Bp,107,1-0,White,<=5s vs 15-20s,2490
aBOsDokh,79,1-0,White,<=5s vs 5-10s,2215
L6D60FtD,59,1-0,White,<=5s vs 10-15s,2008
3K34wrzs,103,1-0,White,<=5s vs 15-20s,2100
ZJ0HEo59,52,0-1,Black,<=5s vs 10-15s,1154
KoEjAWRN,109,1-0,White,<=5s vs 5-10s,2087
1HhSevAM,81,1-0,White,<=5s vs 15-20s,1884
apCtla9j,63,0-1,White,<=5s vs <=5s,2196
nCkmBHlX,49,1-0,White,<=5s vs 15-20s,1455
P9ZJii2l,84,1-0,Black,<=5s vs <=5s,2376
07umBVMs,65,1-0,White,<=5s vs 5-10s,1979
2rxtve4F,57,1-0,White,<=5s vs 10-15s,1770
lde8ZENr,119,1/2-1/2,White,<=5s vs 5-10s,1530
t3L1t4vE,63,1-0,White,<=5s vs 15-20s,1795
2x5uSKon,86,0-1,Black,<=5s vs 10-15s,1727
8KKYppe4,41,1-0,White,<=5s vs 5-10s,1179
Kr8S0Q7a,82,0-1,Black,<=5s vs <=5s,1634
EnhpkUqG,52,0-1,Black,<=5s vs <=5s,1815
xsYdvLOW,119,0-1,White,<=5s vs <=5s,2384
A6B3cZE5,80,0-1,Black,<=5s vs 5-10s,1502
GNhC0D5D,96,0-1,Black,<=5s vs 15-20s,1269
EFKtPfi9,73,1-0,White,<=5s vs 10-15s,1288
U2w49oe2,79,0-1,White,<=5s vs 5-10s,1392
inK8I7xZ,60,1-0,Black,<=5s vs <=5s,1446
KJ7wZyX9,59,1-0,White,<=5s vs 15-20s,1286
fSr09Lvv,61,0-1,White,<=5s vs <=5s,1573
TpXcw8Yb,63,1-0,White,<=5s vs 5-10s,2212
NYxDSqMZ,92,0-1,Black,<=5s vs 10-15s,1395
Ax283b5A,75,0-1,White,<=5s vs 5-10s,2129
9fZdorhg,119,1/2-1/2,White,<=5s vs 10-15s,2495
wtAFZ9vp,72,0-1,Black,<=5s vs 5-10s,1789
e15BJ8Yl,58,1-0,Black,<=5s vs <=5s,789
5YojCn26,85,1-0,White,<=5s vs 15-20s,1550
QjTyiOUX,96,0-1,Black,<=5s vs 10-15s,2524
YDkJomMF,69,0-1,White,<=5s vs <=5s,1340
X8b8xfBV,82,1-0,Black,<=5s vs <=5s,1533
3G136oCc,132,1/2-1/2,Black,<=5s vs 15-20s,1750
ob23ObSx,61,1-0,White,<=5s vs <=5s,1467
tIg9ROy9,86,1-0,Black,<=5s vs <=5s,1836
X43BffTs,51,0-1,White,<=5s vs 10-15s,1585
fI48OcEL,138,0-1,Black,<=5s vs <=5s,2678
BMaJDH1C,84,0-1,Black,<=5s vs <=5s,1305
Ii4YvVwq,105,1-0,White,<=5s vs 5-10s,2236
xWI92DEm,72,0-1,Black,<=5s vs 5-10s,2173
CvrfdTcz,55,1-0,White,<=5s vs 15-20s,2432
SsJGGLOL,73,1-0,White,<=5s vs 15-20s,2064
H1bmFTwb,94,1-0,Black,<=5s vs <=5s,1880
Va1zBbWq,37,1-0,White,<=5s vs 15-20s,1473
OmheNy4d,65,1-0,White,<=5s vs 10-15s,2533
C83zLCk4,97,1/2-1/2,White,<=5s vs <=5s,2049
T2RzFp07,114,0-1,Black,<=5s vs 5-10s,2351
oxl2avHl,56,0-1,Black,<=5s vs 10-15s,1005
RNTGkIMs,88,0-1,Black,<=5s vs 5-10s,2023
a4VrNAJ3,97,1-0,White,<=5s vs 15-20s,1974
b2HavvX4,88,0-1,Black,<=5s vs <=5s,1772
vBH47ixu,52,0-1,Black,<=5s vs 10-15s,1657
oXo7crwh,67,1-0,White,<=5s vs 10-15s,1323
3zsp7ISc,106,0-1,Black,<=5s vs 5-10s,1628
cYtPfL6n,51,1-0,White,<=5s vs 15-20s,1359
JTosXrTb,69,1-0,White,<=5s vs 10-15s,1712
86bXNBmS,105,1-0,White,<=5s vs 5-10s,1801
aW145qkZ,68,1-0,Black,<=5s vs <=5s,1351
fEpvw0uT,55,1/2-1/2,White,<=5s vs 5-10s,1520
kWdCB4Hn,80,0-1,Black,<=5s vs 10-15s,1252
ZsyoY95N,68,0-1,Black,<=5s vs 10-15s,1525
tzJFzU3v,56,0-1,Black,<=5s vs 10-15s,1616
CHeEPcoh,69,0-1,White,<=5s vs 5-10s,2198
0eoT0uTR,93,1-0,White,<=5s vs 15-20s,1857
QeZc1xET,69,1-0,White,<=5s vs 15-20s,1928
vAViDSZv,58,0-1,Black,<=5s vs 15-20s,1973
H5fzItTB,51,1-0,White,<=5s vs 10-15s,945
8buwgQoY,70,0-1,Black,<=5s vs 5-10s,1204
17D1FvWp,76,0-1,Black,<=5s vs 10-15s,2751
r6JdirC1,119,1-0,White,<=5s vs 10-15s,2996
03HpFovM,72,1-0,Black,<=5s vs <=5s,2163
bCo4mGKA,50,0-1,Black,<=5s vs 10-15s,1395
gqLegSa9,115,1-0,White,<=5s vs 5-10s,2385
BhB3rC8G,91,1-0,White,<=5s vs 5-10s,2357
CPjbdciH,88,1/2-1/2,Black,<=5s vs 10-15s,2831
sZHla7Do,69,1-0,White,<=5s vs 10-15s,1423
vcjTLOkd,62,0-1,Black,<=5s vs 15-20s,1221
GD8aIma0,84,1-0,Black,<=5s vs <=5s,1085
CB7Zpk7k,66,0-1,Black,<=5s vs 10-15s,1473
1AzGDr6g,51,1-0,White,<=5s vs 15-20s,1103
PdMlCWOY,63,1-0,White,<=5s vs 15-20s,2165
0nLU1IQn,69,1-0,White,<=5s vs 10-15s,1782
Jq5grbeK,64,0-1,Black,<=5s vs 15-20s,1857
Pp34niyc,87,1-0,White,<=5s vs 5-10s,1735
oYx2N6sn,56,0-1,Black,<=5s vs 10-15s,1724
P4a6zJgM,118,0-1,Black,<=5s vs 10-15s,1858
vAd3wozC,65,1-0,White,<=5s vs 10-15s,1258
28By90KV,106,0-1,Black,<=5s vs 15-20s,2235
8YUhOmO2,75,1-0,White,<=5s vs 10-15s,1744
iTLoMGYK,127,1-0,White,<=5s vs 15-20s,2375
Vm6ysEvF,71,0-1,White,<=5s vs 15-20s,1576
SV0krBbT,58,0-1,Black,<=5s vs 10-15s,2253
FW0dSau6,77,1-0,White,<=5s vs 5-10s,1095
0XYlOsdf,52,1-0,Black,<=5s vs 5-10s,1837
4fYbz813,77,0-1,White,<=5s vs 5-10s,1532
bTYpB8Pd,136,0-1,Black,<=5s vs 15-20s,2311
0QEGYYmq,76,0-1,Black,<=5s vs 15-20s,1475
0Ejwtpts,129,1-0,White,<=5s vs <=5s,2354
dSrJFTYw,69,1-0,White,<=5s vs 10-15s,1773
MTQq3QeA,51,1-0,White,<=5s vs 15-20s,1825
myScdvLs,64,0-1,Black,<=5s vs 15-20s,1947
xGyQ9kwt,77,1-0,White,<=5s vs <=5s,2362
FRGdzYrl,65,1-0,White,<=5s vs 10-15s,2081
Rp7B4xWl,52,0-1,Black,<=5s vs 15-20s,1160
IHYvqoWE,99,1-0,White,<=5s vs 10-15s,2797
XDgvrEFe,88,0-1,Black,<=5s vs 5-10s,2040
HXeIEHFi,58,0-1,Black,<=5s vs <=5s,997
llQKuFRN,86,1-0,Black,<=5s vs 10-15s,1756
4a1lOb7Y,50,0-1,Black,<=5s vs 10-15s,958
qFWEXoIw,106,0-1,Black,<=5s vs 5-10s,2307
JfTnsCMl,67,1-0,White,<=5s vs 10-15s,1796
I8h2wxEa,43,1-0,White,<=5s vs 15-20s,1533
2gYaFgiQ,110,1-0,Black,<=5s vs <=5s,2095
tlyjGM6e,71,1-0,White,<=5s vs 10-15s,2081
0yg3ePms,55,1-0,White,<=5s vs 10-15s,2118
a1N2OIO9,76,0-1,Black,<=5s vs 10-15s,2226
iiQ5guGr,77,1-0,White,<=5s vs 15-20s,2601
fep4AjYa,55,0-1,White,<=5s vs 10-15s,1734
A5jgz2MX,51,1-0,White,<=5s vs 15-20s,1167
bJXLWeqb,56,0-1,Black,<=5s vs 15-20s,1837
Yhh8gHcB,52,1-0,Black,<=5s vs 5-10s,2402
pAZRlrUU,97,1-0,White,<=5s vs 10-15s,2660
K6Uq0agT,64,0-1,Black,<=5s vs 5-10s,1406
1DMyUdwc,55,1-0,White,<=5s vs 5-10s,1415
1tmqj1hT,62,0-1,Black,<=5s vs 15-20s,2150
LOO6bED6,61,0-1,White,<=5s vs 5-10s,1673
mD6Nrj22,52,0-1,Black,<=5s vs 15-20s,1595
DLOM83zU,56,0-1,Black,<=5s vs 15-20s,2106
3zZOYt9k,85,1-0,White,<=5s vs 5-10s,1765
Bp34DpvR,68,0-1,Black,<=5s vs 10-15s,1756
1EJknhvw,82,0-1,Black,<=5s vs 5-10s,2139
pN88g1cr,55,0-1,White,<=5s vs <=5s,1492
JZHHZ4S8,74,0-1,Black,<=5s vs 5-10s,1665
I8YSgGyh,75,1-0,White,<=5s vs 15-20s,2118
6KwUKS4I,76,0-1,Black,<=5s vs 15-20s,1868
WOU4uwtP,112,0-1,Black,<=5s vs <=5s,2527
pJBlvoUf,83,1-0,White,<=5s vs 5-10s,1500
XzkocyoK,69,1-0,White,<=5s vs 15-20s,1961
8FE4YKbT,55,1-0,White,<=5s vs 10-15s,1641
6xQzM0RT,71,0-1,White,<=5s vs 5-10s,1772
qNpvnH8E,139,1/2-1/2,White,<=5s vs 5-10s,2291
Vsvic0ER,62,0-1,Black,<=5s vs 5-10s,1764
15uXL4GB,71,1-0,White,<=5s vs <=5s,1506
CmiWvYIi,47,1-0,White,<=5s vs 10-15s,1046
GFFsmetW,69,1-0,White,<=5s vs 5-10s,2464
6sTZNKxl,104,0-1,Black,<=5s vs 10-15s,2223
BPdvSDkk,54,0-1,Black,<=5s vs 15-20s,1501
IMPsNFxm,121,1-0,White,<=5s vs 10-15s,2509
2kmO5k4d,88,0-1,Black,<=5s vs 5-10s,1819
HV8nL2m8,116,0-1,Black,<=5s vs 15-20s,2098
L3eUEL2G,93,1-0,White,<=5s vs 10-15s,2651
qLiqmywV,96,1/2-1/2,Black,<=5s vs 15-20s,2295
zrR4L7tH,85,1-0,White,<=5s vs 10-15s,1270
6QgVQY2q,134,1/2-1/2,Black,<=5s vs 10-15s,2386
tuHfDI32,77,1-0,White,<=5s vs 15-20s,1728
c1scX7mr,73,0-1,White,<=5s vs 5-10s,1559
dDW0aPOc,49,1-0,White,<=5s vs 15-20s,1413
TVT4sylh,89,1-0,White,<=5s vs 5-10s,2050
gAhdhgze,137,1-0,White,<=5s vs 15-20s,2143
v3xTIfdQ,47,1-0,White,<=5s vs 15-20s,1885
9uXpCAKc,103,1-0,White,<=5s vs 5-10s,2266
NKLVOSAW,44,0-1,Black,<=5s vs 10-15s,1689
E1I0rUuf,65,0-1,White,<=5s vs 5-10s,1936
uRmKd0ct,45,1-0,White,<=5s vs 15-20s,1120
o0bmuT95,69,1-0,White,<=5s vs 5-10s,1516
dxTytv8W,104,0-1,Black,<=5s vs <=5s,2663
dXCKt6AA,59,1-0,White,<=5s vs 10-15s,2049
TFINlc4x,56,0-1,Black,<=5s vs 15-20s,1760
aFZGrK7z,67,1-0,White,<=5s vs 5-10s,2068
IgRWUA4V,72,1-0,Black,<=5s vs <=5s,2216
Y7BGoYVi,56,1-0,Black,<=5s vs 5-10s,1878
715QUzco,99,0-1,White,<=5s vs 10-15s,1949
N17jhFZ5,102,1/2-1/2,Black,<=5s vs 5-10s,2295
oqidrPYb,128,1-0,Black,<=5s vs 5-10s,2861
J8XDFOlB,69,1-0,White,<=5s vs 15-20s,2028
dvfd8JWu,135,1-0,White,<=5s vs 15-20s,2264
L8p2RjJP,60,0-1,Black,<=5s vs 15-20s,2090
D47xznyd,106,1-0,Black,<=5s vs <=5s,2267
BspOd5li,111,1-0,White,<=5s vs 15-20s,2359
EjiXnmfS,112,0-1,Black,<=5s vs 5-10s,1910
thCw3oxK,97,1-0,White,<=5s vs 15-20s,2523
q9uh364q,94,0-1,Black,<=5s vs 10-15s,2411
CqL0wv0r,53,1-0,White,<=5s vs 15-20s,1281
1ZCBSDNS,62,1-0,Black,<=5s vs 5-10s,1080
D4QwbiLH,84,0-1,Black,<=5s vs <=5s,2365
cn8EM2Z3,84,0-1,Black,<=5s vs 5-10s,1655
DXO8Qunl,77,0-1,White,<=5s vs <=5s,2491
cK11atfG,75,0-1,White,<=5s vs 5-10s,1370
De9mu2SF,54,1-0,Black,<=5s vs 10-15s,1908
SE1EREqv,42,0-1,Black,<=5s vs 15-20s,1527
Tt0CilkT,56,0-1,Black,<=5s vs 10-15s,1571
pnL8ATv2,91,1-0,White,<=5s vs 5-10s,1840
HpM7ZvuN,75,1-0,White,<=5s vs 15-20s,2598
y1W1gLP9,71,1-0,White,<=5s vs 15-20s,2163
dx6py6eJ,121,1-0,White,<=5s vs <=5s,2179
Cl0zTjLv,79,0-1,White,<=5s vs 5-10s,1753
c9oMs0Kc,102,0-1,Black,<=5s vs 10-15s,1742
VujsQSdO,82,0-1,Black,<=5s vs <=5s,1675
Rh26yoci,76,1/2-1/2,Black,<=5s vs 10-15s,1523
1XHF8IhT,65,0-1,White,<=5s vs 5-10s,1799
7P1wEEox,65,1-0,White,<=5s vs 5-10s,2415
GEfUyZb2,71,0-1,White,<=5s vs 5-10s,1160
32DYlpFI,91,1-0,White,<=5s vs 5-10s,2237
ypfwWpQa,79,1-0,White,<=5s vs 10-15s,1809
t6sKycUc,81,1-0,White,<=5s vs 5-10s,2021
dTUTF2rL,60,0-1,Black,<=5s vs 5-10s,2193
XVuBJlfL,57,1-0,White,<=5s vs 15-20s,1688
ZMwrdx7R,34,0-1,Black,<=5s vs <=5s,849
KtvOL4RR,65,1-0,White,<=5s vs 5-10s,1031
s3gMGsWF,53,1-0,White,<=5s vs <=5s,1378
gDAWwS8J,81,1-0,White,<=5s vs 5-10s,2205
QBgZoXZL,76,0-1,Black,<=5s vs 5-10s,1909
fMpayiyZ,93,0-1,White,<=5s vs <=5s,2465
WSkVqkwv,47,1-0,White,<=5s vs 5-10s,1145
bKcYELYj,44,0-1,Black,<=5s vs 15-20s,2183
odE47DMa,56,0-1,Black,<=5s vs 10-15s,2290
2CgGUnTk,70,0-1,Black,<=5s vs 5-10s,2406
Tg5ssDAU,43,0-1,White,<=5s vs 10-15s,2226
Lwc1D2MC,111,1-0,White,<=5s vs <=5s,1617
jgyUqsuT,43,1-0,White,<=5s vs 10-15s,1035
v7D6oTTc,72,0-1,Black,<=5s vs 5-10s,1924
Dy6KFD4L,52,1-0,Black,<=5s vs 5-10s,1959
Eo7gOBVn,65,1-0,White,<=5s vs 10-15s,1535
JZmIBUiL,101,0-1,White,<=5s vs 5-10s,1913
lnMbGZKu,109,1-0,White,<=5s vs 5-10s,2386
F8xMB08x,53,0-1,White,<=5s vs 5-10s,1066
E32LgWHK,79,1-0,White,<=5s vs 10-15s,2087
yO5XcBgQ,126,0-1,Black,<=5s vs 5-10s,2620
1nwqSdmv,77,1/2-1/2,White,<=5s vs 10-15s,2408
5WrVeDO8,35,1-0,White,<=5s vs 15-20s,921
GWfY5loy,67,1-0,White,<=5s vs 5-10s,1401
uBylazeU,84,0-1,Black,<=5s vs <=5s,1569
sckfrsjg,87,1-0,White,<=5s vs 15-20s,2533
RL7Nd9CJ,119,1-0,White,<=5s vs 10-15s,2189
MkVLqFHd,71,1-0,White,<=5s vs 5-10s,1293
rTvm6tVV,69,1-0,White,<=5s vs 15-20s,1301
bLuEWdV7,78,0-1,Black,<=5s vs 5-10s,1840
2Z8iuE0D,69,1-0,White,<=5s vs 5-10s,1990
MY0ZPSFa,60,0-1,Black,<=5s vs <=5s,2672
jVUyxAPP,59,1-0,White,<=5s vs 5-10s,1253
IUOK1bFt,43,0-1,White,<=5s vs <=5s,1181
8PNoQwob,48,0-1,Black,<=5s vs 10-15s,1171
62t38LLZ,49,1-0,White,<=5s vs 5-10s,937
0ZMMjN2F,97,1-0,White,<=5s vs <=5s,2079
RjMZkrIQ,72,0-1,Black,<=5s vs 10-15s,1968
8YAGxX4J,45,1-0,White,<=5s vs 10-15s,870
341zXW8K,64,1-0,Black,<=5s vs 5-10s,1577
95URHbnN,111,1-0,White,<=5s vs 15-20s,2472
xpp7kFJW,84,0-1,Black,<=5s vs 5-10s,2379
TlY89Qau,92,1-0,Black,<=5s vs 5-10s,2490
5gqYTvTe,71,1-0,White,<=5s vs 5-10s,1334
QtIOxBda,92,0-1,Black,<=5s vs <=5s,2049
0QcRiDpc,68,0-1,Black,<=5s vs <=5s,1116
UEEstm66,107,0-1,White,<=5s vs <=5s,1601
2o5TcqQk,88,0-1,Black,<=5s vs 5-10s,3136
G9rTHCzk,77,1-0,White,<=5s vs 5-10s,2251
FcG1hDeL,51,1-0,White,<=5s vs 5-10s,1385
5geYFJHX,45,0-1,White,<=5s vs <=5s,1568
1f71nipw,52,0-1,Black,<=5s vs 10-15s,1618
J5n6UiOR,84,0-1,Black,<=5s vs 5-10s,1691
l1KDTfXU,53,1-0,White,<=5s vs 15-20s,1592
bPXuhMTE,111,1/2-1/2,White,<=5s vs 10-15s,1637
2wgeJI4u,56,1-0,Black,<=5s vs <=5s,1927
R7htGVOC,63,1-0,White,<=5s vs 10-15s,1399
SDeOo0lq,88,1-0,Black,<=5s vs <=5s,1666
HcFEkxwT,63,1-0,White,<=5s vs 5-10s,1779
8HCU051G,53,0-1,White,<=5s vs 15-20s,1558
pW5glmHQ,104,0-1,Black,<=5s vs 10-15s,2901
RVqhbHb9,101,1-0,White,<=5s vs 5-10s,1972
FzaBJfcq,61,1-0,White,<=5s vs 10-15s,1942
cOrTa2RN,50,0-1,Black,<=5s vs 15-20s,1857
A2Dlf4pP,62,0-1,Black,<=5s vs 5-10s,1884
g194UKBv,58,0-1,Black,<=5s vs 15-20s,2250
KZR1xFDg,60,0-1,Black,<=5s vs 10-15s,1454
7dsr0atW,78,0-1,Black,<=5s vs 5-10s,2181
KyMXolib,70,0-1,Black,<=5s vs <=5s,1761
A94gZAjy,90,0-1,Black,<=5s vs 15-20s,2561
iDw9xK8I,58,0-1,Black,<=5s vs 15-20s,1272
oxL1WxEX,73,1-0,White,<=5s vs 10-15s,1179
Qh2XOdZp,58,0-1,Black,<=5s vs 15-20s,1364
E1f2esSa,99,0-1,White,<=5s vs 5-10s,1977
clAQAvOs,64,0-1,Black,<=5s vs 5-10s,2375
uBqrah4j,95,1-0,White,<=5s vs 15-20s,2638
94RxEmYR,80,0-1,Black,<=5s vs <=5s,1460
69pHgmVZ,121,1-0,White,<=5s vs <=5s,2909
uxymoQLc,61,1-0,White,<=5s vs 5-10s,1677
OKdAZpao,55,1-0,White,<=5s vs 10-15s,1700
ZZL1KGEn,46,0-1,Black,<=5s vs 10-15s,1927
Sk9sExrc,62,1-0,Black,<=5s vs <=5s,1967
IVOE8wkh,72,0-1,Black,<=5s vs 5-10s,1819
M8uQqWTw,81,1-0,White,<=5s vs 5-10s,2309
T2o504k1,51,1-0,White,<=5s vs 15-20s,1187
vVq01MfB,51,1-0,White,<=5s vs 5-10s,1652
tnNsv2dF,50,0-1,Black,<=5s vs 10-15s,1688
akIoR8SO,132,0-1,Black,<=5s vs <=5s,2692
L7ZBrxkW,70,0-1,Black,<=5s vs 5-10s,1934
37rjd9hX,84,1-0,Black,<=5s vs 5-10s,2294
BGQb9PZM,67,1-0,White,<=5s vs 5-10s,2410
0MM2yhXp,70,0-1,Black,<=5s vs 5-10s,1638
G3AnUwBG,57,1-0,White,<=5s vs 15-20s,1361
0UFdn3CU,95,1-0,White,<=5s vs 5-10s,2387
zpT4fjHK,40,0-1,Black,<=5s vs 15-20s,1744
mz6RdOnI,73,1-0,White,<=5s vs 10-15s,1908
M0EMJvyL,98,0-1,Black,<=5s vs 15-20s,2596
wWRx0xjT,55,1-0,White,<=5s vs 10-15s,842
idAvIFDK,86,1-0,Black,<=5s vs 5-10s,2039
m7BcxQp9,67,1/2-1/2,White,<=5s vs 15-20s,1771
1u1LmJF1,71,1-0,White,<=5s vs 10-15s,1950
KF8WKvie,48,0-1,Black,<=5s vs 5-10s,1480
nllfNAtr,83,0-1,White,<=5s vs <=5s,1283
sAbr1Blp,54,0-1,Black,<=5s vs 5-10s,1395
EsAHTJ12,47,1-0,White,<=5s vs 10-15s,1218
0fdgUvQ3,79,1-0,White,<=5s vs 15-20s,2128
FBwyaig7,66,1-0,Black,<=5s vs 10-15s,2053
o46chkQQ,141,1-0,White,<=5s vs 5-10s,1613
CbLBIW6Y,79,0-1,White,<=5s vs 10-15s,1682
6KteZp9P,92,1/2-1/2,Black,<=5s vs 10-15s,2171
vxoRHMih,68,0-1,Black,<=5s vs 5-10s,2066
H9rY95Ij,84,0-1,Black,<=5s vs 10-15s,2363
K2ZwvcpT,83,1-0,White,<=5s vs <=5s,2134
3s1HCgWT,59,0-1,White,<=5s vs 15-20s,1844
fJHoNW57,59,1-0,White,<=5s vs 15-20s,1527
xnTa0gwB,34,0-1,Black,<=5s vs 15-20s,963
Dr8YXyNi,118,0-1,Black,<=5s vs 15-20s,2597
2PkzJbY9,40,0-1,Black,<=5s vs <=5s,1464
QALHvfIT,73,1-0,White,<=5s vs 15-20s,1487
NJcX2h8u,109,1-0,White,<=5s vs 10-15s,1861
qQgvjdTe,49,1-0,White,<=5s vs 15-20s,1060
p8P97INq,74,0-1,Black,<=5s vs 15-20s,1683
3iwH8tYm,59,1-0,White,<=5s vs 5-10s,2155
r2efDGLU,40,0-1,Black,<=5s vs 15-20s,1269
1dAlSmJ4,104,1-0,Black,<=5s vs <=5s,1904
jq3OFlv5,67,1-0,White,<=5s vs 5-10s,1816
ohvJ5b6u,62,1-0,Black,<=5s vs <=5s,1692
YK0Cy954,72,0-1,Black,<=5s vs 5-10s,2149
IrDFkFy5,146,0-1,Black,<=5s vs <=5s,1455
zlcF2FmO,94,0-1,Black,<=5s vs 10-15s,2067
XLPOukoK,56,0-1,Black,<=5s vs 15-20s,1958
ICTz4Omk,52,0-1,Black,<=5s vs 10-15s,1207
MRBDCElH,129,0-1,White,<=5s vs 5-10s,2068
b73rFOtb,105,0-1,White,<=5s vs 5-10s,1946
5Tue7YoG,71,1-0,White,<=5s vs <=5s,1850
SzonF5C2,107,1-0,White,<=5s vs 15-20s,2654
8WU9lxD3,76,1-0,Black,<=5s vs <=5s,1317
td7beRlQ,47,1-0,White,<=5s vs 15-20s,1532
84aGq798,64,0-1,Black,<=5s vs 5-10s,1937
LyyzUiMR,109,1-0,White,<=5s vs 15-20s,2626
WH7IC2NN,76,0-1,Black,<=5s vs 15-20s,2484
XSiwtVT4,83,1-0,White,<=5s vs 5-10s,2449
gquSI0lN,96,0-1,Black,<=5s vs 10-15s,2357
VWjNBMhZ,63,1-0,White,<=5s vs 10-15s,1787
2T569e5b,78,0-1,Black,<=5s vs 10-15s,1209
PAHsnrSj,80,1-0,Black,<=5s vs <=5s,1465
VmdCKPgl,99,1-0,White,<=5s vs 5-10s,2113
2hlffrvh,90,0-1,Black,<=5s vs <=5s,2471
ChUcw1uL,85,1-0,White,<=5s vs 10-15s,2498
W5dZixHr,51,1-0,White,<=5s vs 10-15s,1658
9ScVsq3i,64,0-1,Black,<=5s vs <=5s,1813
I4KhctBI,88,1/2-1/2,Black,<=5s vs <=5s,2549
ViREy8Ap,68,0-1,Black,<=5s vs 15-20s,2177
4E8L8zBa,68,0-1,Black,<=5s vs 15-20s,1846
76SZtMC7,59,1-0,White,<=5s vs 5-10s,1080
5SFi8UOa,47,1-0,White,<=5s vs 10-15s,1284
U0Xwrjq7,72,0-1,Black,<=5s vs 5-10s,1892
2ANfDqMz,59,1-0,White,<=5s vs 15-20s,1693
FnR8Wx3f,60,0-1,Black,<=5s vs 5-10s,1234
defgP1Ta,57,1-0,White,<=5s vs 10-15s,1377
oj4qhAYB,66,0-1,Black,<=5s vs 5-10s,1198
T9H4viNN,48,0-1,Black,<=5s vs 5-10s,2076
56PvYCmj,86,0-1,Black,<=5s vs 10-15s,2021
wAZ8F41C,71,1-0,White,<=5s vs 15-20s,2446
KQVEqJtc,46,0-1,Black,<=5s vs 15-20s,1710
LW7kf2cf,74,0-1,Black,<=5s vs <=5s,2433
cg7WbawP,33,1-0,White,<=5s vs 10-15s,1011
XhnodUKf,54,0-1,Black,<=5s vs 10-15s,2402
ABWwZPG0,97,1-0,White,<=5s vs 15-20s,2383
nVAXVUDA,118,1-0,Black,<=5s vs <=5s,2499
p89A5nJn,91,1-0,White,<=5s vs 15-20s,1756
waNGXlNC,69,0-1,White,<=5s vs <=5s,1700
5C3PXNvE,100,1-0,Black,<=5s vs 5-10s,1217
9hXqw0aa,59,1-0,White,<=5s vs 15-20s,2065
On6SjemA,99,1-0,White,<=5s vs 10-15s,2274
QGNeoboe,38,0-1,Black,<=5s vs 15-20s,997
kMFxRJox,100,1/2-1/2,Black,<=5s vs 10-15s,2313
MMnb8HrI,55,1-0,White,<=5s vs 10-15s,1261
RZjzbDv2,47,1-0,White,<=5s vs 10-15s,1718
GG7O4lsQ,72,0-1,Black,<=5s vs 5-10s,2041
oRjjAwXP,65,1-0,White,<=5s vs 10-15s,1682
v7f8yjn0,64,0-1,Black,<=5s vs 10-15s,1776
wXyg1yeN,71,1-0,White,<=5s vs 10-15s,2161
fToIPZ3b,59,1-0,White,<=5s vs 5-10s,1679
nN8DcfUe,104,1/2-1/2,Black,<=5s vs 5-10s,2582
W4yYDl8S,56,0-1,Black,<=5s vs 15-20s,2106
L1pX0VEg,76,0-1,Black,<=5s vs 5-10s,1869
pii4FroQ,80,0-1,Black,<=5s vs 5-10s,2101
EasyNjjP,78,1-0,Black,<=5s vs 10-15s,2353
Vq1WJcLs,70,0-1,Black,<=5s vs 10-15s,2361
NQolR3Xy,63,1-0,White,<=5s vs 10-15s,1397
6uVWh24n,66,0-1,Black,<=5s vs 15-20s,2560
tFMGtgIB,51,1-0,White,<=5s vs 10-15s,1090
15w5Hh4s,72,0-1,Black,<=5s vs 5-10s,1198
N05uCemQ,82,0-1,Black,<=5s vs 5-10s,1895
3WcLIgng,32,0-1,Black,<=5s vs 15-20s,700
yE1fEEmy,77,1-0,White,<=5s vs 10-15s,2034
xlhirS1C,53,1-0,White,<=5s vs 15-20s,993
3iB4MVAq,66,0-1,Black,<=5s vs 15-20s,1023
aOwlq5Ew,76,0-1,Black,<=5s vs 15-20s,2163
dU7vTFdn,83,1-0,White,<=5s vs 5-10s,1809
feeVc4hF,64,0-1,Black,<=5s vs 10-15s,1577
E6Qx0FiD,44,0-1,Black,<=5s vs 10-15s,741
S4puG8JN,131,1-0,White,<=5s vs 15-20s,2447
kh7eb56Y,80,0-1,Black,<=5s vs 5-10s,2454
5pQOvRFY,83,1-0,White,<=5s vs 15-20s,2049
e0svQF9h,88,0-1,Black,<=5s vs 10-15s,2522
ejhppqvO,83,0-1,White,<=5s vs 5-10s,1746
7oVf6zMy,140,0-1,Black,<=5s vs <=5s,2480
T4ikccEA,70,0-1,Black,<=5s vs 10-15s,1738
SlHYxVvY,87,1-0,White,<=5s vs 5-10s,2682
6hML6J7H,132,1/2-1/2,Black,<=5s vs 15-20s,1753
Dq4wAjlR,67,1-0,White,<=5s vs <=5s,1504
SfHfeMNZ,111,1-0,White,<=5s vs 10-15s,1434
HGAiBe8j,77,1-0,White,<=5s vs <=5s,1734
FWQmmXk3,91,1-0,White,<=5s vs <=5s,1774
ez75Ayma,44,0-1,Black,<=5s vs 15-20s,2038
PRNLt7N5,70,0-1,Black,<=5s vs 10-15s,2452
cr0segfB,83,1-0,White,<=5s vs 15-20s,2139
AercI0eF,91,1-0,White,<=5s vs 15-20s,1485
5WXJffn4,72,0-1,Black,<=5s vs 10-15s,1807
Bg5ifi2N,131,1-0,White,<=5s vs 15-20s,2634
r7BKfh74,44,1-0,Black,<=5s vs 5-10s,1083
88w8u572,83,1-0,White,<=5s vs 5-10s,1146
fH6SFtDU,77,1-0,White,<=5s vs 5-10s,2349
TUNxsDDg,94,1-0,Black,<=5s vs <=5s,1863
nyGiHKCp,50,1-0,Black,<=5s vs <=5s,1478
sO5G7wJi,59,1-0,White,<=5s vs 15-20s,1912
Aj2EKDDx,97,1-0,White,<=5s vs 15-20s,1867
3ifuypRm,107,1-0,White,<=5s vs 15-20s,2098
IepNUIXQ,58,0-1,Black,<=5s vs 5-10s,1071
n9kX2Lr4,62,0-1,Black,<=5s vs 15-20s,1849
yu8uUSCx,74,0-1,Black,<=5s vs 15-20s,1471
mHeqg6kU,62,0-1,Black,<=5s vs 10-15s,1779
X59npF7a,70,1-0,Black,<=5s vs <=5s,1660
yJOmLty0,54,0-1,Black,<=5s vs 10-15s,1766
gxbUYiAF,84,0-1,Black,<=5s vs 10-15s,2712
k0t4jSXY,42,0-1,Black,<=5s vs <=5s,623
pGISnfEa,66,0-1,Black,<=5s vs 5-10s,1797
7II2nCc6,75,0-1,White,<=5s vs <=5s,2053
GDk8kRsI,79,1-0,White,<=5s vs 15-20s,2428
8cPedC5D,125,1-0,White,<=5s vs 10-15s,2007
xjttKJgf,70,0-1,Black,<=5s vs <=5s,2058
qeqrpg5c,84,0-1,Black,<=5s vs 5-10s,1905
EYamQfQl,55,1-0,White,<=5s vs 10-15s,1065
qr9jq5aY,61,0-1,White,<=5s vs 5-10s,2042
sPnRdfIH,62,0-1,Black,<=5s vs 15-20s,1741
zDy0qnAT,66,0-1,Black,<=5s vs 10-15s,2278
PUez4Trz,89,1-0,White,<=5s vs <=5s,2975
QATKuX1j,81,1-0,White,<=5s vs 15-20s,1495
2ATn2VZy,63,1-0,White,<=5s vs 15-20s,1553
TOr079Rx,67,1-0,White,<=5s vs 10-15s,1643
6lGQiFmp,46,1-0,Black,<=5s vs 15-20s,1057
ctilWQ9O,131,0-1,White,<=5s vs 5-10s,2818
pH91sDaE,83,1-0,White,<=5s vs 5-10s,1407
s9W931Ip,63,1/2-1/2,White,<=5s vs 15-20s,1985
0IOrjBAX,68,0-1,Black,<=5s vs 5-10s,1595
lm7B1QqE,79,1-0,White,<=5s vs <=5s,1387
RLaayj9y,143,1-0,White,<=5s vs <=5s,2078
w8Nmp7yL,75,1-0,White,<=5s vs 10-15s,1673
JvZDi1yi,77,1-0,White,<=5s vs 10-15s,1500
CQAudIEE,89,0-1,White,<=5s vs <=5s,2384
NpdLi3MQ,80,0-1,Black,<=5s vs 15-20s,2203
mArGoqk1,51,1-0,White,<=5s vs 10-15s,936
6oSfL6hp,51,1-0,White,<=5s vs 10-15s,989
8NtMoWVi,78,0-1,Black,<=5s vs 5-10s,2277
Ow6ULHQn,69,1-0,White,<=5s vs 10-15s,1884
ND0x1Mpk,91,1-0,White,<=5s vs 5-10s,2423
KPz513iw,80,0-1,Black,<=5s vs 10-15s,2159
fLI5LetB,63,1-0,White,<=5s vs 10-15s,1757
0kzjJjJn,71,1-0,White,<=5s vs 10-15s,2023
S7yTRLVg,106,0-1,Black,<=5s vs 15-20s,1485
nJeKMT8l,62,0-1,Black,<=5s vs 5-10s,1961
CX824hjS,92,1-0,Black,<=5s vs <=5s,2435
FDI6azgP,52,0-1,Black,<=5s vs 10-15s,1385
c8PE72f3,46,0-1,Black,<=5s vs 5-10s,1766
iznAMjCo,52,0-1,Black,<=5s vs 15-20s,1646
PrCNkiuL,75,1-0,White,<=5s vs 15-20s,1916
eDwHYvLa,76,0-1,Black,<=5s vs 5-10s,864
82m5K9ph,67,1-0,White,<=5s vs 5-10s,2136
0NRacOah,71,1-0,White,<=5s vs 15-20s,1236
KSvxZIZK,63,0-1,White,<=5s vs <=5s,1772
dcJgiiZS,63,1-0,White,<=5s vs 5-10s,1643
I2xv7lIw,45,0-1,White,<=5s vs 5-10s,1649
Twibiqup,64,0-1,Black,<=5s vs 5-10s,1690
6blm74MU,56,0-1,Black,<=5s vs 10-15s,1277
jKWfIYal,70,0-1,Black,<=5s vs 15-20s,1768
4KsAiZ7R,109,1-0,White,<=5s vs <=5s,1898
eqzlQRaQ,74,0-1,Black,<=5s vs 10-15s,1799
AfxIOmCn,134,0-1,Black,<=5s vs <=5s,2045
fyrs7jUU,64,0-1,Black,<=5s vs 15-20s,2362
Y3on17pg,78,0-1,Black,<=5s vs 5-10s,2275
5BZ12FXi,70,0-1,Black,<=5s vs 15-20s,1603
LwzhUtUN,62,0-1,Black,<=5s vs 10-15s,2355
IpWyFV5P,70,1-0,Black,<=5s vs <=5s,1244
jiyk3tLQ,42,0-1,Black,<=5s vs 15-20s,2447
THVL864a,111,1-0,White,<=5s vs 10-15s,1717
gSnY2A65,143,1-0,White,<=5s vs 15-20s,2176
oL8h55y6,114,0-1,Black,<=5s vs 10-15s,2419
UFssHnwJ,131,1-0,White,<=5s vs 15-20s,2412
4G07jCw0,78,0-1,Black,<=5s vs 5-10s,2304
kMTZWYFZ,122,1/2-1/2,Black,<=5s vs 5-10s,2360
2lJ4lt3l,76,0-1,Black,<=5s vs 15-20s,1862
DUyAeD3c,96,0-1,Black,<=5s vs 5-10s,2134
qsHwF9FX,64,0-1,Black,<=5s vs 5-10s,1081
WVHw8ZjF,100,1/2-1/2,Black,<=5s vs 5-10s,2515
okRXiPTt,78,0-1,Black,<=5s vs 5-10s,1300
z5zqG68r,81,1-0,White,<=5s vs 10-15s,1367
zRtSBnUb,78,0-1,Black,<=5s vs 10-15s,1624
tlOCn8rt,47,1-0,White,<=5s vs 15-20s,1611
Ulpx3CHY,99,1-0,White,<=5s vs 5-10s,2583
yJjR4m6c,44,0-1,Black,<=5s vs 10-15s,801
IhOX5gEo,87,0-1,White,<=5s vs 5-10s,2452
HgiTlBid,94,0-1,Black,<=5s vs 5-10s,1922
91i6ahUW,67,1-0,White,<=5s vs 5-10s,1411
VZ3UxjBh,58,0-1,Black,<=5s vs 10-15s,1338
Kx6oPTRI,64,0-1,Black,<=5s vs 10-15s,2190
DMty9djS,65,0-1,White,<=5s vs 5-10s,2359
Q37u7OAc,45,1-0,White,<=5s vs 15-20s,1009
Ra77fZT0,35,1-0,White,<=5s vs 15-20s,1427
KZM0roNv,58,0-1,Black,<=5s vs 5-10s,1826
Vs07Isn7,56,0-1,Black,<=5s vs 10-15s,1244
2ao12sNg,91,1-0,White,<=5s vs 10-15s,1948
gwQ0rcBv,63,1-0,White,<=5s vs 10-15s,2427
nLgv33Al,60,0-1,Black,<=5s vs 10-15s,1128
PVJEsTzH,67,1-0,White,<=5s vs 15-20s,2476
OLqwNZNq,75,0-1,White,<=5s vs 5-10s,1604
12mu3xvg,73,1-0,White,<=5s vs 15-20s,2165
EbYEMqeM,39,1-0,White,<=5s vs 15-20s,1007
8Lmwi6ZQ,59,1-0,White,<=5s vs 10-15s,1338
XMDvwptb,72,0-1,Black,<=5s vs 10-15s,1960
MYhw21PJ,60,0-1,Black,<=5s vs 10-15s,1668
Fm6kxRyW,95,1-0,White,<=5s vs 5-10s,2333
M6Opd725,75,1-0,White,<=5s vs 15-20s,2488
zBLHBSHn,78,0-1,Black,<=5s vs 10-15s,1435
YozBs53T,79,1-0,White,<=5s vs 5-10s,1525
lUNKprvY,61,1-0,White,<=5s vs 5-10s,1989
wV7LElei,74,0-1,Black,<=5s vs 5-10s,1486
c4PP6d6i,88,0-1,Black,<=5s vs 5-10s,1940
RU5P5Wqi,66,0-1,Black,<=5s vs 15-20s,1983
uLi7e5lf,77,0-1,White,<=5s vs 10-15s,1864
AvfRKbRQ,99,1-0,White,<=5s vs 5-10s,2124
jH5lgJZ1,72,0-1,Black,<=5s vs 5-10s,2609
udd3lgZE,62,0-1,Black,<=5s vs 15-20s,1235
SWNjSD1h,53,0-1,White,<=5s vs 5-10s,1242
HA3PHJjP,49,1-0,White,<=5s vs 15-20s,1689
9k8XkJGK,59,1-0,White,<=5s vs 10-15s,1092
THY4fu9U,64,1-0,Black,<=5s vs <=5s,1606
oTUlPBKx,67,1-0,White,<=5s vs 15-20s,1480
sIjOss9y,80,0-1,Black,<=5s vs <=5s,1386
vgR9sez5,64,0-1,Black,<=5s vs 15-20s,2018
TuMCfBGB,55,1-0,White,<=5s vs 15-20s,2054
sdM33gvO,39,1-0,White,<=5s vs 15-20s,1035
OFOnNc72,72,1-0,Black,<=5s vs 5-10s,1384
rWB76FnE,83,1-0,White,<=5s vs 10-15s,2034
o89sawb0,76,1-0,Black,<=5s vs <=5s,1379
L39UNty8,58,0-1,Black,<=5s vs 5-10s,1460
cw9sywRM,58,0-1,Black,<=5s vs 5-10s,1929
D7I1f93O,57,0-1,White,<=5s vs <=5s,784
PcSJhFEX,95,1-0,White,<=5s vs 10-15s,1766
0MxfKGum,93,1-0,White,<=5s vs 5-10s,2244
Oz1R5ACR,119,1-0,White,<=5s vs <=5s,2674
TzPy9uG0,64,1/2-1/2,Black,<=5s vs <=5s,1630
PDY0S0V4,112,0-1,Black,<=5s vs 15-20s,1417
JU23WWU1,56,0-1,Black,<=5s vs 10-15s,1334
du2GkbxQ,55,1-0,White,<=5s vs 5-10s,1733
8kH013ve,77,1-0,White,<=5s vs 10-15s,1993
wPx5yVfV,76,1-0,Black,<=5s vs <=5s,2406
K6eO8EkN,62,0-1,Black,<=5s vs 10-15s,1803
4VtJ0inm,62,1-0,Black,<=5s vs <=5s,1718
fBTgjBju,50,0-1,Black,<=5s vs 5-10s,1215
aKtW5twB,72,0-1,Black,<=5s vs 5-10s,1459
nndxLydW,53,0-1,White,<=5s vs 5-10s,1884
GTpy1Cc1,64,1-0,Black,<=5s vs <=5s,1243
EVWMBlns,84,0-1,Black,<=5s vs 5-10s,2589
jrxZgENw,75,0-1,White,<=5s vs 5-10s,1709
urF2qZQw,88,0-1,Black,<=5s vs <=5s,2521
GrHqqS1i,53,1-0,White,<=5s vs 10-15s,1053
hwlMh1gD,47,1-0,White,<=5s vs 10-15s,1148
JCAzA0yV,68,0-1,Black,<=5s vs 10-15s,1500
2z1gIzvd,124,0-1,Black,<=5s vs 5-10s,1871
r8M78QO6,58,1/2-1/2,Black,<=5s vs 10-15s,1166
FUCcVunu,64,0-1,Black,<=5s vs 15-20s,1241
GS51MEXn,102,0-1,Black,<=5s vs <=5s,2301
lkKqinJv,55,1-0,White,<=5s vs 5-10s,1281
6NtRSv4A,58,0-1,Black,<=5s vs 10-15s,1454
VG1MRTII,109,1-0,White,<=5s vs 10-15s,2567
ax80z5XU,66,0-1,Black,<=5s vs 5-10s,1465
VSMLyrpN,67,1-0,White,<=5s vs 10-15s,1351
2wHEf7Wd,72,0-1,Black,<=5s vs 15-20s,2522
NjaE7Sv1,97,0-1,White,<=5s vs <=5s,1858
D3fpA4aU,64,0-1,Black,<=5s vs 10-15s,2562
4DEbzhCs,51,1-0,White,<=5s vs <=5s,1274
FkZuLDum,50,0-1,Black,<=5s vs 10-15s,1442
ReZSgcYJ,96,1-0,Black,<=5s vs 15-20s,2561
F9nvAUNH,74,0-1,Black,<=5s vs 5-10s,2374
MeaDENAq,78,1-0,Black,<=5s vs <=5s,2318
OQTHOx23,55,1-0,White,<=5s vs 15-20s,1340
cVXeZAcZ,65,1-0,White,<=5s vs 10-15s,1282
4B68B1lG,50,1-0,Black,<=5s vs 10-15s,1465
FDwe9XXr,70,0-1,Black,<=5s vs 10-15s,1636
cJYak5cV,66,0-1,Black,<=5s vs 15-20s,2034
6cMGZE8o,56,0-1,Black,<=5s vs 5-10s,958
CSGSW6I6,66,0-1,Black,<=5s vs 5-10s,2202
Qw1LPEcW,159,1/2-1/2,White,<=5s vs <=5s,2344
RljM6iy8,75,0-1,White,<=5s vs 5-10s,2446
QjUFojZi,103,1-0,White,<=5s vs 10-15s,2581
SsRnBGQH,121,1-0,White,<=5s vs 15-20s,2228
UdF1Bm1u,161,1/2-1/2,White,<=5s vs 15-20s,2453
j83Ou6C1,77,1-0,White,<=5s vs 5-10s,1394
JURUsnYR,68,0-1,Black,<=5s vs 5-10s,1775
Wn7hektJ,54,0-1,Black,<=5s vs 15-20s,1882
0svTpx2x,101,1-0,White,<=5s vs 15-20s,2430
Q1yacXHF,124,0-1,Black,<=5s vs 10-15s,1933
7OcqEcJ6,81,0-1,White,<=5s vs 5-10s,2553
XWVGarUB,88,0-1,Black,<=5s vs 15-20s,1848
224JJpxD,53,1-0,White,<=5s vs 5-10s,1285
5Hc20Ifq,121,1-0,White,<=5s vs 5-10s,2654
729yXicK,77,1-0,White,<=5s vs 5-10s,2377
KYinEzup,54,0-1,Black,<=5s vs 15-20s,1224
PivyscuS,62,0-1,Black,<=5s vs 5-10s,2066
WVtwWV7R,83,1-0,White,<=5s vs 5-10s,1203
ThgGzXq1,82,0-1,Black,<=5s vs 10-15s,2108
68IoGVsj,91,1-0,White,<=5s vs 5-10s,1617
R8CvBAdQ,85,0-1,White,<=5s vs 5-10s,1936
dKucggiM,76,0-1,Black,<=5s vs 5-10s,1689
qzvEKIaF,75,1-0,White,<=5s vs 5-10s,989
2C6AeEcS,106,1/2-1/2,Black,<=5s vs 5-10s,1965
ZqOufJdu,48,0-1,Black,<=5s vs 5-10s,982
0GmYTXD8,61,1-0,White,<=5s vs 10-15s,1782
ZAS8AXxJ,92,0-1,Black,<=5s vs 10-15s,2656
HSmDYF3R,70,0-1,Black,<=5s vs 15-20s,2300
ZIudTqu3,72,0-1,Black,<=5s vs 10-15s,1777
AUQyut77,120,1-0,Black,<=5s vs 10-15s,2546
jSImrYb1,91,1-0,White,<=5s vs 5-10s,1732
0wBoWNtN,82,1-0,Black,<=5s vs <=5s,1688
VPW9sR2o,48,0-1,Black,<=5s vs 10-15s,1874
CMoDcH0l,63,1-0,White,<=5s vs 5-10s,1619
dI9KCmPN,54,1-0,Black,<=5s vs <=5s,1294
lKLXRKP8,50,0-1,Black,<=5s vs 5-10s,1579
NefIDgW7,76,0-1,Black,<=5s vs <=5s,1654
cIza2wTj,74,0-1,Black,<=5s vs 5-10s,1482
uKQuFcBn,68,0-1,Black,<=5s vs 10-15s,1700
9hE8btLx,58,0-1,Black,<=5s vs 15-20s,1894
ZuNSOUUU,67,0-1,White,<=5s vs 5-10s,1214
cxD9p9uR,86,1-0,Black,<=5s vs 5-10s,2654
CK4esd6H,122,0-1,Black,<=5s vs 15-20s,2312
nzMvftjx,149,0-1,White,<=5s vs 5-10s,2081
oD3pV1ti,83,1-0,White,<=5s vs 10-15s,1352
5Q9yfK2Q,81,1-0,White,<=5s vs 5-10s,2509
zaZHf0Pm,48,0-1,Black,<=5s vs 5-10s,955
GETIBgvz,52,0-1,Black,<=5s vs 15-20s,2002
IIuKnudg,77,1-0,White,<=5s vs 10-15s,1669
sq09C01F,67,1-0,White,<=5s vs 10-15s,1230
O9CS2UQd,74,0-1,Black,<=5s vs 5-10s,1951
LRWH1AEG,74,0-1,Black,<=5s vs 10-15s,2409
xGezH4lT,43,1-0,White,<=5s vs 15-20s,927
UrNZa1ud,53,1-0,White,<=5s vs 10-15s,1068
OEjqQOu8,79,1-0,White,<=5s vs 5-10s,2305
NqOJCd22,90,0-1,Black,<=5s vs 10-15s,2188
TydxtP6k,80,0-1,Black,<=5s vs 5-10s,2248
5XGIwOc9,59,1-0,White,<=5s vs 10-15s,1806
n11dEuic,88,0-1,Black,<=5s vs 10-15s,2120
7CE277yh,75,1-0,White,<=5s vs 5-10s,1195
bAp93WOS,59,0-1,White,<=5s vs 10-15s,1509
MqxnF7OC,78,0-1,Black,<=5s vs <=5s,927
R8if9wmw,70,0-1,Black,<=5s vs 5-10s,1418
LTfzFERm,83,1-0,White,<=5s vs 5-10s,2237
nOzZe0vH,62,0-1,Black,<=5s vs <=5s,1854
G8WMNNIn,74,1-0,Black,<=5s vs <=5s,2450
2mjqFj5l,73,1-0,White,<=5s vs 5-10s,1861
1NKdfvvN,109,1-0,White,<=5s vs 5-10s,1988
dabGkXDv,38,1-0,Black,<=5s vs 15-20s,1277
kOyiJ9gJ,75,1-0,White,<=5s vs 10-15s,2558
AEbBX5od,54,0-1,Black,<=5s vs 10-15s,1827
bHfeYFl1,50,0-1,Black,<=5s vs 15-20s,1663
VRRmR6gK,64,0-1,Black,<=5s vs 15-20s,1828
WxUcrgGK,60,1-0,Black,<=5s vs <=5s,1774
0MLQaXpj,46,0-1,Black,<=5s vs 10-15s,2045
GpqjAr44,59,1-0,White,<=5s vs 15-20s,1909
IflEAA17,62,0-1,Black,<=5s vs 15-20s,1649
HtdvHBDX,110,0-1,Black,<=5s vs 15-20s,1396
P1ivgVaU,122,1-0,Black,<=5s vs <=5s,1778
KabvScdY,54,0-1,Black,<=5s vs 15-20s,1714
HyXZxHY6,108,0-1,Black,<=5s vs 10-15s,1954
huXXHO2z,48,0-1,Black,<=5s vs 10-15s,1538
SjtMIW7q,83,1-0,White,<=5s vs <=5s,1271
bEdgJir8,53,1-0,White,<=5s vs 5-10s,1056
JxRpEyua,82,0-1,Black,<=5s vs 5-10s,1999
fdXsjWTm,100,0-1,Black,<=5s vs <=5s,1599
3LRvSGK0,53,1-0,White,<=5s vs 15-20s,1407
lpVFTI3a,112,1/2-1/2,Black,<=5s vs 5-10s,2971
ArdJCRGR,110,0-1,Black,<=5s vs 15-20s,2461
vYh9daQo,66,0-1,Black,<=5s vs 15-20s,1371
pnMhcNwM,131,1-0,White,<=5s vs 5-10s,2247
VSGdy3kX,42,0-1,Black,<=5s vs 15-20s,1383
LaJpthWj,56,0-1,Black,<=5s vs 10-15s,1266
f8mtrbIF,41,1-0,White,<=5s vs 10-15s,770
EQsz7bF6,82,0-1,Black,<=5s vs 10-15s,2492
sCQetNkM,71,1-0,White,<=5s vs 5-10s,1897
STsr2PHa,125,1/2-1/2,White,<=5s vs 15-20s,2347
5vJIEb9V,43,1-0,White,<=5s vs 15-20s,984
LVZT2Nca,95,0-1,White,<=5s vs <=5s,2142
ZXJdRvgT,60,0-1,Black,<=5s vs 15-20s,1829
X7N41dnE,42,0-1,Black,<=5s vs 10-15s,842
Vjv7XuOp,77,0-1,White,<=5s vs 5-10s,1593
JWbPiAzD,55,1-0,White,<=5s vs 10-15s,854
0eSiQpDR,60,0-1,Black,<=5s vs 5-10s,1713
1PW5rynr,60,0-1,Black,<=5s vs 10-15s,1609
psSwOnHA,58,0-1,Black,<=5s vs 15-20s,1786
GmZNKhx7,92,0-1,Black,<=5s vs 15-20s,1981
YT1Yhg01,83,1-0,White,<=5s vs 5-10s,1972
2ezbXS8D,80,0-1,Black,<=5s vs 5-10s,1405
39CYNoWc,45,1-0,White,<=5s vs 10-15s,1025
lXybEJK5,49,0-1,White,<=5s vs 10-15s,1463
2sBMrE33,52,0-1,Black,<=5s vs 10-15s,1493
bQBYAXLD,70,1-0,Black,<=5s vs 5-10s,2176
SOtNaoKG,73,0-1,White,<=5s vs <=5s,1374
9i5TdkBg,68,0-1,Black,<=5s vs 5-10s,2017
uKsHqR0U,80,0-1,Black,<=5s vs 15-20s,1931
2Cl4h0wa,54,0-1,Black,<=5s vs 15-20s,1718
Adt63AvO,54,0-1,Black,<=5s vs 10-15s,1070
vAtXyFhE,71,1-0,White,<=5s vs 5-10s,1393
elzCqS0r,75,1-0,White,<=5s vs 5-10s,2132
98Zs2WBB,68,0-1,Black,<=5s vs 10-15s,1499
tejtLCgA,88,0-1,Black,<=5s vs 10-15s,2267
4bCrz5GE,49,1-0,White,<=5s vs 15-20s,1773
zMxxKzW9,58,0-1,Black,<=5s vs 15-20s,2086
LnAnAQz0,67,1-0,White,<=5s vs 5-10s,2356
23u3R8n1,67,1-0,White,<=5s vs <=5s,1642
Y2ajO0tQ,54,0-1,Black,<=5s vs 10-15s,1997
4TzRzEeQ,79,0-1,White,<=5s vs 5-10s,2891
LKEQcWNm,42,0-1,Black,<=5s vs 10-15s,1423
C9UrtbFH,53,1-0,White,<=5s vs 15-20s,1375
VQbh8bIX,58,0-1,Black,<=5s vs 5-10s,1831
0iKC1Sei,55,1-0,White,<=5s vs <=5s,1808
mTTkDVwp,47,1-0,White,<=5s vs 10-15s,1408
iO7epBm0,65,1-0,White,<=5s vs 15-20s,1546
wL3EqdrH,75,0-1,White,<=5s vs 10-15s,2372
n0bCcNKD,69,0-1,White,<=5s vs 5-10s,1296
aqrcMTFf,71,1-0,White,<=5s vs <=5s,1332
4GzHv27X,60,0-1,Black,<=5s vs 15-20s,2336
J4Gx6mxA,52,1-0,Black,<=5s vs 5-10s,1444
Pm35tY7C,77,0-1,White,<=5s vs 15-20s,1840
s2UUc2xz,60,0-1,Black,<=5s vs 5-10s,1669
rlrCIrgO,68,1-0,Black,<=5s vs <=5s,2212
uFT9G2qj,76,0-1,Black,<=5s vs 10-15s,2244
52uGQAxg,69,1-0,White,<=5s vs 10-15s,1790
6soDJxVj,74,0-1,Black,<=5s vs 5-10s,1792
JkUSl6Kw,37,1-0,White,<=5s vs 5-10s,1189
bJFnUUL9,75,1/2-1/2,White,<=5s vs 5-10s,1741
z5bLn5cE,63,1-0,White,<=5s vs 10-15s,1314
VVxlpA2C,74,0-1,Black,<=5s vs 5-10s,1635
5vgL8pOm,44,0-1,Black,<=5s vs 15-20s,951
1rvMfW17,65,0-1,White,<=5s vs 15-20s,2097
r39DL3pU,107,1-0,White,<=5s vs <=5s,2532
MqmyfNEZ,64,0-1,Black,<=5s vs <=5s,1222
yLMefvNn,52,0-1,Black,<=5s vs 10-15s,968
qLt2ut2e,83,1-0,White,<=5s vs 10-15s,2295
0fgli0Xw,79,1-0,White,<=5s vs <=5s,1928
rU2sZv5V,72,1-0,Black,<=5s vs 15-20s,1754
wzMMvPG6,47,0-1,White,<=5s vs 5-10s,977
IZTJltoo,71,1-0,White,<=5s vs 5-10s,1775
9aQAsQGo,80,0-1,Black,<=5s vs 15-20s,2848
8t5tjGxd,73,1-0,White,<=5s vs 5-10s,1294
U5Nsa6UO,105,1-0,White,<=5s vs 15-20s,1943
60xnMehk,68,0-1,Black,<=5s vs 10-15s,2068
VEvOZegm,122,1-0,Black,<=5s vs 5-10s,1325
ONYwHIDM,43,1-0,White,<=5s vs 10-15s,909
BfTBoABB,69,1-0,White,<=5s vs <=5s,1401
6B4Ei6ih,54,1-0,Black,<=5s vs 5-10s,1595
BsEVPrEt,98,0-1,Black,<=5s vs 15-20s,1827
d6mM9TNb,69,0-1,White,<=5s vs 10-15s,2386
qz4AwH4S,97,0-1,White,<=5s vs <=5s,2028
Ax1duGIT,38,0-1,Black,<=5s vs 15-20s,1231
qVnPr4ht,68,0-1,Black,<=5s vs 10-15s,2403
eVch2p85,82,0-1,Black,<=5s vs 5-10s,2159
Fo5eQevW,58,0-1,Black,<=5s vs 5-10s,1509
HAx6An1u,62,0-1,Black,<=5s vs 5-10s,2012
azCuq5kH,120,0-1,Black,<=5s vs 15-20s,1636
MaIcQnIt,68,0-1,Black,<=5s vs 15-20s,2123
9dz4FMId,50,0-1,Black,<=5s vs 5-10s,1647
dgEC52B8,127,1/2-1/2,White,<=5s vs 5-10s,2200
HPxbNZ7D,98,1/2-1/2,Black,<=5s vs 15-20s,2321
FeUWGQL8,67,1-0,White,<=5s vs 10-15s,1500
QnhnMAH4,63,0-1,White,<=5s vs 5-10s,1366
UqKxNJku,63,1-0,White,<=5s vs 10-15s,1484
l54hx8m8,56,0-1,Black,<=5s vs 10-15s,1126
03Dxive7,55,1-0,White,<=5s vs 15-20s,1353
4rG4KqpS,61,0-1,White,<=5s vs 5-10s,1707
LCMMsnMX,63,1-0,White,<=5s vs 5-10s,2210
g0aiSIL6,46,0-1,Black,<=5s vs 15-20s,1254
7lpDWOrl,56,0-1,Black,<=5s vs 5-10s,1179
2oOWAR7a,72,0-1,Black,<=5s vs 5-10s,2047
7Uj6VyVt,92,0-1,Black,<=5s vs 5-10s,1680
TOV2zaKa,67,0-1,White,<=5s vs 5-10s,1655
u3xGPkWN,59,1-0,White,<=5s vs 15-20s,1762
40a3n134,80,0-1,Black,<=5s vs 10-15s,1944
2W0waIGm,94,1/2-1/2,Black,<=5s vs 5-10s,2655
4X9XgCsM,102,0-1,Black,<=5s vs 5-10s,2629
VJmwgNno,100,1/2-1/2,Black,<=5s vs 5-10s,2660
rtGpHnta,66,0-1,Black,<=5s vs 15-20s,1447
Sjhokgeh,113,1-0,White,<=5s vs <=5s,2745
EvblKzpV,58,0-1,Black,<=5s vs 15-20s,2061
Tb3XVQyK,131,1-0,White,<=5s vs <=5s,1587
5e5numES,83,1-0,White,<=5s vs <=5s,1951
nlFTZJ8i,47,1-0,White,<=5s vs 5-10s,1169
iPDyQCct,82,1/2-1/2,Black,<=5s vs 10-15s,1370
JHsBtsWT,75,0-1,White,<=5s vs <=5s,1542
ezt9jpox,63,0-1,White,<=5s vs 5-10s,762
inaPELKJ,62,0-1,Black,<=5s vs 10-15s,1197
oPqpwIJr,74,1-0,Black,<=5s vs 5-10s,2036
YPf7ba6T,61,1-0,White,<=5s vs 5-10s,1586
2lQLWSeX,58,1-0,Black,<=5s vs <=5s,1236
StA5Y3Lo,70,0-1,Black,<=5s vs 15-20s,2438
xOqaBLRS,41,1-0,White,<=5s vs 15-20s,1434
w2s9DL5t,59,1-0,White,<=5s vs 5-10s,1921
F744IBPL,48,0-1,Black,<=5s vs 15-20s,1590
CStUpgla,50,0-1,Black,<=5s vs 15-20s,1449
opfGCbH1,71,1-0,White,<=5s vs 15-20s,1388
7Sd39nOq,48,0-1,Black,<=5s vs 5-10s,1831
bFAEW6Oz,113,0-1,White,<=5s vs 10-15s,2421
ExP0mWM9,63,1-0,White,<=5s vs 10-15s,2508
QYPhXfap,73,0-1,White,<=5s vs <=5s,1334
AfZmdhdZ,69,1-0,White,<=5s vs 15-20s,1777
I3LVzaCQ,52,1-0,Black,<=5s vs <=5s,1386
HHBxyv6V,96,1-0,Black,<=5s vs 5-10s,2348
u6OHQPPz,70,0-1,Black,<=5s vs 5-10s,1179
QKK9Wo7W,73,1-0,White,<=5s vs 15-20s,1972
Sa2qP1Kq,61,1-0,White,<=5s vs 15-20s,1790
Ug5uuFrD,108,0-1,Black,<=5s vs 10-15s,2533
JvatTDvZ,75,0-1,White,<=5s vs <=5s,1681
Z54BaqqQ,66,0-1,Black,<=5s vs 15-20s,1740
nFMrAFh0,53,1-0,White,<=5s vs 10-15s,1332
Sgb73SN7,49,1-0,White,<=5s vs 15-20s,1351
vsouAsXs,66,1-0,Black,<=5s vs 5-10s,1873
csxfan63,99,0-1,White,<=5s vs 10-15s,2709
wJP8TFi4,132,1/2-1/2,Black,<=5s vs 5-10s,2390
0jKifUS6,85,1-0,White,<=5s vs <=5s,1945
hx5LKTrU,128,1-0,Black,<=5s vs <=5s,2313
nCaFmQtc,72,0-1,Black,<=5s vs 15-20s,1841
2fv1E50A,129,0-1,White,<=5s vs 5-10s,2118
My2QfrkV,112,1/2-1/2,Black,<=5s vs 5-10s,2585
ukMX7TnP,61,1-0,White,<=5s vs 10-15s,1785
OJ5ksJTk,73,1-0,White,<=5s vs 15-20s,1768
f7OTG7lV,118,1-0,Black,<=5s vs <=5s,2442
gb9mWhbM,79,1-0,White,<=5s vs 10-15s,1964
yXBMzhlE,58,0-1,Black,<=5s vs 5-10s,2297
5NeEOP9k,90,1-0,Black,<=5s vs 5-10s,2259
ihqMYDa9,75,1-0,White,<=5s vs 5-10s,2214
Tt5tdGY6,60,0-1,Black,<=5s vs 10-15s,1901
q9VC0D4y,69,1-0,White,<=5s vs <=5s,1817
t396yatF,43,1-0,White,<=5s vs 5-10s,1658
ysn6cfDo,96,0-1,Black,<=5s vs <=5s,2042
0HYu3TtK,57,1-0,White,<=5s vs 5-10s,1781
iljNUBx0,69,1-0,White,<=5s vs 5-10s,1355
YaMCzX4Y,80,0-1,Black,<=5s vs 10-15s,2582
mqUlkwyA,89,1-0,White,<=5s vs 10-15s,2537
251gzPhz,56,1/2-1/2,Black,<=5s vs 15-20s,905
jfKSrKcG,77,1-0,White,<=5s vs 15-20s,2313
snnCazNP,110,0-1,Black,<=5s vs 5-10s,2565
gbfluSbC,105,1-0,White,<=5s vs 10-15s,2399
OVy1bi4B,40,0-1,Black,<=5s vs 15-20s,1328
FNizGLWw,67,1-0,White,<=5s vs 10-15s,1659
AaDNERVo,58,0-1,Black,<=5s vs <=5s,1385
qLp0avsT,63,1-0,White,<=5s vs 15-20s,1608
KpPKYbmB,76,1-0,Black,<=5s vs <=5s,2105
aaAvahNL,77,1-0,White,<=5s vs 10-15s,1616
jjDnyLSD,55,1-0,White,<=5s vs 15-20s,1690
TjV6FSeQ,105,1-0,White,<=5s vs 5-10s,2047
ZZXQXF3P,52,0-1,Black,<=5s vs 15-20s,1542
ZIEIwD1m,58,0-1,Black,<=5s vs 10-15s,1738
iR4HUREG,75,1-0,White,<=5s vs <=5s,2590
XhHxsVoe,102,1/2-1/2,Black,<=5s vs 10-15s,1448
i3s7vj6M,61,0-1,White,<=5s vs <=5s,1288
OqDLTxn0,64,0-1,Black,<=5s vs <=5s,1185
rRPhAYJG,119,0-1,White,<=5s vs 5-10s,2214
fsCNSQyp,75,0-1,White,<=5s vs 5-10s,1809
dox2hEXI,76,1-0,Black,<=5s vs 10-15s,2156
nI8DGCup,66,0-1,Black,<=5s vs 10-15s,1975
TXFEciWt,55,1-0,White,<=5s vs 15-20s,1286
XTaRaeuP,47,1-0,White,<=5s vs 15-20s,1408
R0vuFPBw,90,1/2-1/2,Black,<=5s vs 10-15s,2397
a9qfMjfN,61,1-0,White,<=5s vs 15-20s,1599
JTLpkfaV,65,1-0,White,<=5s vs 10-15s,1615
YtrI4ABC,67,1-0,White,<=5s vs 5-10s,2008
3I5g6Sry,87,1-0,White,<=5s vs 15-20s,1788
GH2QNsoF,55,1-0,White,<=5s vs 10-15s,1409
ukEO7k9r,54,0-1,Black,<=5s vs 5-10s,2270
7WEfEC8A,96,0-1,Black,<=5s vs 5-10s,1791
Tjnmcclj,109,0-1,White,<=5s vs <=5s,2429
IVUiyQtu,61,1-0,White,<=5s vs 15-20s,1470
KfcHRMbp,41,1-0,White,<=5s vs 5-10s,1188
zpMAEiML,76,0-1,Black,<=5s vs 5-10s,1498
g8xFJpwq,70,0-1,Black,<=5s vs 10-15s,1374
ySameoEF,53,1-0,White,<=5s vs 10-15s,1835
x0tNkfUf,46,0-1,Black,<=5s vs 15-20s,1282
iVOIrqei,57,1-0,White,<=5s vs 15-20s,1178
uag2DCX1,64,1-0,Black,<=5s vs <=5s,1416
pbfrH4Tv,55,0-1,White,<=5s vs <=5s,1837
vy7Wbn7K,136,0-1,Black,<=5s vs <=5s,2806
WRMFcNTQ,43,1-0,White,<=5s vs 5-10s,1117
C2GlT8DU,87,1-0,White,<=5s vs 10-15s,2375
aDRrj2oz,60,0-1,Black,<=5s vs 15-20s,1387
CnDsOur7,67,1-0,White,<=5s vs 15-20s,1500
Rz5rBrbi,63,1-0,White,<=5s vs 15-20s,1520
XOniPTiQ,69,1-0,White,<=5s vs 5-10s,1872
u1Ymrh9A,70,0-1,Black,<=5s vs 15-20s,2097
RpWFKRbL,65,1-0,White,<=5s vs 10-15s,1843
gHO4drZH,47,0-1,White,<=5s vs <=5s,1543
ulbZfpPD,49,1-0,White,<=5s vs 10-15s,1545
cClJuhox,94,1-0,Black,<=5s vs <=5s,1660
34zbyB1O,73,1-0,White,<=5s vs 10-15s,1486
ly5NvzVZ,70,0-1,Black,<=5s vs 15-20s,1707
YOnwQb9D,73,1-0,White,<=5s vs 5-10s,2187
TQZrXLj8,80,0-1,Black,<=5s vs 5-10s,2117
WheVHHJK,60,0-1,Black,<=5s vs 10-15s,1906
6VrHM7I7,87,1-0,White,<=5s vs 10-15s,2012
DFHPgh5H,60,1-0,Black,<=5s vs <=5s,1027
sQ6Cmbv8,52,1-0,Black,<=5s vs <=5s,1663
EApfz9rc,46,0-1,Black,<=5s vs 15-20s,1683
4Be0RmmK,45,1-0,White,<=5s vs 15-20s,698
b3DnDZBt,71,1-0,White,<=5s vs 5-10s,2608
PIxSxszX,110,0-1,Black,<=5s vs 15-20s,1287
83heaOWM,56,1-0,Black,<=5s vs 5-10s,1252
6D0qBZo2,63,1-0,White,<=5s vs 10-15s,1408
Rg5dbL56,88,0-1,Black,<=5s vs 5-10s,1969
jpj4eUQM,36,0-1,Black,<=5s vs 15-20s,1804
TuUp41ZU,107,1-0,White,<=5s vs 10-15s,2256
Gb3YeclV,66,0-1,Black,<=5s vs 5-10s,1783
Cjb1RfKR,55,1-0,White,<=5s vs 10-15s,1145
1VbNqulI,103,0-1,White,<=5s vs 10-15s,2111
BqtM2h3f,75,1-0,White,<=5s vs 5-10s,2022
VJXIY5BO,102,0-1,Black,<=5s vs 5-10s,1918
2HHVa7DE,58,0-1,Black,<=5s vs 15-20s,1375
d1iFNbsU,74,0-1,Black,<=5s vs 15-20s,1501
1C9ySsbj,45,1-0,White,<=5s vs 10-15s,1878
c7JzwxrV,69,1-0,White,<=5s vs 5-10s,2130
KIhvZSJS,71,1-0,White,<=5s vs 15-20s,2114
iXeLzmc5,73,0-1,White,<=5s vs 5-10s,1527
JbeoGT5R,96,1/2-1/2,Black,<=5s vs 10-15s,1872
wRYAL6oK,61,0-1,White,<=5s vs 5-10s,2348
veE7yBNv,90,0-1,Black,<=5s vs 5-10s,2012
CUaXDYML,59,1-0,White,<=5s vs 15-20s,1763
gWQ4bgtV,71,1-0,White,<=5s vs 15-20s,1446
wz7PTabu,68,0-1,Black,<=5s vs 10-15s,2595
6cxt81nt,62,0-1,Black,<=5s vs 15-20s,2066
boJdsc4l,61,0-1,White,<=5s vs <=5s,1174
MgR2hIHe,90,0-1,Black,<=5s vs 5-10s,1849
RqIsF7kN,85,1-0,White,<=5s vs <=5s,2076
YDfutR0T,67,0-1,White,<=5s vs <=5s,1523
3LPSz4Ix,57,1-0,White,<=5s vs 15-20s,895
zrV4ASgm,79,1-0,White,<=5s vs 5-10s,1832
I6r6eaHX,136,1-0,Black,<=5s vs <=5s,2546
j705Cbi4,38,0-1,Black,<=5s vs 5-10s,1053
TKAHxfeI,37,1-0,White,<=5s vs 10-15s,1038
QWHCa3sn,60,0-1,Black,<=5s vs 5-10s,1057
78iirfam,53,1-0,White,<=5s vs 15-20s,1257
IFIQgMXD,118,0-1,Black,<=5s vs 10-15s,1640
OnklNrEW,61,1-0,White,<=5s vs 15-20s,1912
LZgogfwr,119,1/2-1/2,White,<=5s vs <=5s,2041
uXMEbiPQ,65,1-0,White,<=5s vs 5-10s,1885
JeBMKCNh,60,0-1,Black,<=5s vs 5-10s,1292
rB4SReRX,67,0-1,White,<=5s vs 10-15s,2145
4iHmybkp,125,1/2-1/2,White,<=5s vs 10-15s,1601
Wl7lkzav,81,1-0,White,<=5s vs 5-10s,2563
JcBNwNma,52,0-1,Black,<=5s vs 10-15s,1159
HyJ89MzV,79,0-1,White,<=5s vs <=5s,2195
cP7QedbO,59,1-0,White,<=5s vs 10-15s,1741
CWMvw3uN,65,1-0,White,<=5s vs 10-15s,1246
LIBm18HF,41,1-0,White,<=5s vs 5-10s,877
sdcwFM3e,84,0-1,Black,<=5s vs 15-20s,2265
MF5tMA1U,58,1/2-1/2,Black,<=5s vs 5-10s,1498
I8dNumem,64,1-0,Black,<=5s vs 5-10s,2487
rEVT8NqV,49,1-0,White,<=5s vs 5-10s,915
9Jt1YVja,72,1-0,Black,<=5s vs <=5s,2259
pNZyI7dw,45,1-0,White,<=5s vs 10-15s,1124
MAZBvMLE,73,1-0,White,<=5s vs 10-15s,2383
lsJ82xe5,58,0-1,Black,<=5s vs 15-20s,1901
DyhtpSpz,130,0-1,Black,<=5s vs 5-10s,2547
Zce9dSNH,96,0-1,Black,<=5s vs <=5s,1815
1Lx7xRUg,96,1-0,Black,<=5s vs <=5s,2079
qpq5c65t,69,1-0,White,<=5s vs 10-15s,1844
JhlmT0KM,41,1-0,White,<=5s vs 10-15s,875
If6dNTXA,75,1-0,White,<=5s vs 5-10s,2218
6vV01Ich,69,1-0,White,<=5s vs 5-10s,1754
kTS1lv63,45,1-0,White,<=5s vs 5-10s,1210
AsdkSHUW,78,0-1,Black,<=5s vs 15-20s,2318
pJxuOkuX,54,0-1,Black,<=5s vs 5-10s,1777
Ux0UO8u9,45,1-0,White,<=5s vs 10-15s,1111
JnRBU2F5,89,1-0,White,<=5s vs 15-20s,1648
iUltK77Y,113,1-0,White,<=5s vs 15-20s,1431
OhZobtbt,115,1-0,White,<=5s vs 5-10s,2378
VU4z3kyC,75,1-0,White,<=5s vs 10-15s,1967
ghmoE6kF,51,1-0,White,<=5s vs 15-20s,1337
fPeJNuUo,57,1-0,White,<=5s vs 5-10s,1216
HK1XNAB3,84,0-1,Black,<=5s vs 5-10s,2681
dbFyPkjI,107,1/2-1/2,White,<=5s vs 10-15s,2208
naz7eNsp,42,0-1,Black,<=5s vs 15-20s,1092
I8Cvy6VH,101,1-0,White,<=5s vs 5-10s,2194
X74OanVJ,66,0-1,Black,<=5s vs 5-10s,2359
GWuVn3fk,65,1-0,White,<=5s vs 10-15s,1845
UPvi4xdv,48,0-1,Black,<=5s vs 10-15s,2156
Lce4opG0,74,0-1,Black,<=5s vs 5-10s,2071
mCR5pu6b,50,1-0,Black,<=5s vs <=5s,1546
SrGpgC7G,83,1-0,White,<=5s vs 5-10s,2772
r8NkLUw3,82,0-1,Black,<=5s vs 5-10s,1112
061rX7Z1,44,0-1,Black,<=5s vs 5-10s,1808
H1KXZk3L,78,0-1,Black,<=5s vs <=5s,1781
CNxy6WSY,96,0-1,Black,<=5s vs 15-20s,2346
qWQYWKAs,67,1-0,White,<=5s vs 5-10s,1994
SUDuoXgt,59,1-0,White,<=5s vs 10-15s,1405
idMF4UR4,68,0-1,Black,<=5s vs 10-15s,1516
odD1ZRT9,74,0-1,Black,<=5s vs 15-20s,2149
Mco00Qwp,186,1/2-1/2,Black,<=5s vs <=5s,2238
OmeEaufc,54,0-1,Black,<=5s vs 5-10s,1718
ydZlQ2IK,63,0-1,White,<=5s vs 5-10s,1433
tVOEDlMT,130,1/2-1/2,Black,<=5s vs <=5s,1874
5zKlHyM1,117,0-1,White,<=5s vs 5-10s,2620
TvKfQkkX,63,1-0,White,<=5s vs 15-20s,1489
MbCbgHnB,56,0-1,Black,<=5s vs 15-20s,919
S1ATns86,106,1/2-1/2,Black,<=5s vs 15-20s,2471
6sF3zmQw,47,1-0,White,<=5s vs 15-20s,955
vMNKbx5h,82,1/2-1/2,Black,<=5s vs 5-10s,1411
G25IvcYW,60,0-1,Black,<=5s vs 15-20s,1490
cRDCWMb6,37,1-0,White,<=5s vs 15-20s,1671
T1yswUmS,55,0-1,White,<=5s vs <=5s,1672
qCqjnsrC,67,1-0,White,<=5s vs 15-20s,1633
Ps2oZNTe,74,0-1,Black,<=5s vs 10-15s,1819
eHoq0yza,38,0-1,Black,<=5s vs 15-20s,733
xXIgdYdL,64,0-1,Black,<=5s vs 10-15s,1416
CUhnt9tJ,50,0-1,Black,<=5s vs <=5s,1974
Nuykcjuf,55,1-0,White,<=5s vs 10-15s,2238
W0IP1wuo,106,0-1,Black,<=5s vs 10-15s,1724
ZW2vrNTu,73,0-1,White,<=5s vs 5-10s,2123
vQkwRxci,91,1-0,White,<=5s vs 5-10s,2259
V1nru1mz,60,0-1,Black,<=5s vs 10-15s,1538
AS3aMbsm,102,0-1,Black,<=5s vs 15-20s,1700
UKsAqR31,56,1-0,Black,<=5s vs 10-15s,2345
EqpIlCb6,103,0-1,White,<=5s vs 5-10s,2428
tPnFzTAb,48,0-1,Black,<=5s vs 15-20s,1312
3t0liTCe,72,0-1,Black,<=5s vs 5-10s,1465
BjuaJPto,74,0-1,Black,<=5s vs 15-20s,1853
cmtMuqxG,55,1-0,White,<=5s vs 15-20s,1154
CRaqzscX,70,0-1,Black,<=5s vs 15-20s,1368
u5FFF4yZ,50,0-1,Black,<=5s vs 15-20s,878
44JbGuQe,89,0-1,White,<=5s vs <=5s,2469
mlwQWRzk,52,0-1,Black,<=5s vs 10-15s,1396
oCgqYnrp,62,0-1,Black,<=5s vs 10-15s,853
G5r6zuAy,154,1/2-1/2,Black,<=5s vs <=5s,2228
COfNeheP,70,1-0,Black,<=5s vs 15-20s,1896
GxnD9ZL7,59,1-0,White,<=5s vs 10-15s,1867
Dnm6dlxp,90,0-1,Black,<=5s vs 5-10s,1819
Stt8Ua8M,57,1-0,White,<=5s vs 15-20s,1354
KsVv7eZ2,45,1-0,White,<=5s vs 15-20s,1083
6yj8qCWf,111,1-0,White,<=5s vs 5-10s,2608
nCa1KsIm,75,1-0,White,<=5s vs 15-20s,2537
1tcwEeKy,80,1-0,Black,<=5s vs 5-10s,2329
Pk5dzJUC,86,0-1,Black,<=5s vs 5-10s,1719
EUMV6pyK,137,1/2-1/2,White,<=5s vs 5-10s,1911
Y6p7iNk0,78,0-1,Black,<=5s vs 5-10s,1379
Fy13FwOC,78,1-0,Black,<=5s vs <=5s,2170
VLyhovUJ,66,0-1,Black,<=5s vs 10-15s,1796
rCdGkpfS,132,0-1,Black,<=5s vs 5-10s,2680
THnyRMZx,80,0-1,Black,<=5s vs 5-10s,1805
CjhFNgQN,96,1/2-1/2,Black,<=5s vs 5-10s,2577
vQTJbmTW,67,1-0,White,<=5s vs 15-20s,1895
VGBUYJsc,73,1-0,White,<=5s vs 5-10s,2006
bwHTKGKz,116,0-1,Black,<=5s vs 5-10s,2172
KucEbpiT,86,1-0,Black,<=5s vs <=5s,1985
24dRhEmk,93,1-0,White,<=5s vs 5-10s,2387
O69Yq9Vy,65,1-0,White,<=5s vs 15-20s,2353
nCPQAHLS,90,1/2-1/2,Black,<=5s vs 15-20s,2515
wUunM3SB,104,0-1,Black,<=5s vs 5-10s,2170
6viq6cQr,50,0-1,Black,<=5s vs 15-20s,1364
s6Sdoruk,150,0-1,Black,<=5s vs <=5s,1990
TVnIqjso,44,0-1,Black,<=5s vs <=5s,1177
26chE1kb,48,0-1,Black,<=5s vs 15-20s,1062
I25tyH4h,71,0-1,White,<=5s vs 5-10s,2525
Sw2BOysu,55,1-0,White,<=5s vs 10-15s,1279
iQqTPtUj,114,1/2-1/2,Black,<=5s vs 5-10s,2973
1QpUCFCZ,75,1-0,White,<=5s vs <=5s,1443
mnXBzyJ8,91,1-0,White,<=5s vs 15-20s,1970
U7j068xC,106,0-1,Black,<=5s vs 5-10s,2445
zFe7eS1e,64,1-0,Black,<=5s vs <=5s,1370
EzXODqEN,66,0-1,Black,<=5s vs 15-20s,1874
gxHlpT4w,51,1-0,White,<=5s vs 15-20s,909
Vlri4Iee,76,0-1,Black,<=5s vs 5-10s,1575
ggKDmtcS,69,1-0,White,<=5s vs 5-10s,1832
YTr37bqj,53,1/2-1/2,White,<=5s vs <=5s,672
zDmourMF,113,1-0,White,<=5s vs 5-10s,2417
CyGtpKby,109,1/2-1/2,White,<=5s vs <=5s,2451
0lSndX2j,76,0-1,Black,<=5s vs 10-15s,1572
hGx9aTwa,66,1-0,Black,<=5s vs 5-10s,1612
9bZNVf7U,57,1-0,White,<=5s vs 15-20s,1210
ZsKrdgqW,101,1/2-1/2,White,<=5s vs 5-10s,2081
Jucsd8nc,75,1-0,White,<=5s vs 5-10s,1737
TCHFJd7c,74,0-1,Black,<=5s vs 10-15s,1669
JxEXWwjH,70,0-1,Black,<=5s vs 15-20s,1771
DPKv4OHX,80,0-1,Black,<=5s vs 5-10s,2307
s5jQMuji,64,0-1,Black,<=5s vs 15-20s,2409
iyQCHB7i,70,1-0,Black,<=5s vs 5-10s,1863
lnP8Cafp,45,1-0,White,<=5s vs 15-20s,1070
XTGrAAvM,62,0-1,Black,<=5s vs 15-20s,1729
1lqFHUxC,77,1-0,White,<=5s vs 5-10s,2450
EDsLWQ7v,45,1-0,White,<=5s vs 5-10s,996
gRqpRqae,104,0-1,Black,<=5s vs 15-20s,1349
iq9POXru,86,0-1,Black,<=5s vs 15-20s,2251
081KXQzs,63,1/2-1/2,White,<=5s vs 10-15s,2016
86Egj8Lv,55,1-0,White,<=5s vs 15-20s,2351
tUW9w1Ft,70,0-1,Black,<=5s vs 15-20s,1284
80RWEluo,109,0-1,White,<=5s vs <=5s,2481
39ECAjgD,85,1-0,White,<=5s vs 10-15s,2044
UMxJIGYv,107,1/2-1/2,White,<=5s vs 5-10s,2513
p6DderHb,97,1-0,White,<=5s vs 5-10s,1685
KcR8dpQO,73,1-0,White,<=5s vs 5-10s,1746
hZrVd5ym,74,0-1,Black,<=5s vs 5-10s,1965
M0WpIHhX,79,0-1,White,<=5s vs 15-20s,1632
QycmIMot,72,0-1,Black,<=5s vs 15-20s,2026
enAcKSAg,99,1-0,White,<=5s vs 5-10s,1935
ux0boTZG,36,0-1,Black,<=5s vs 5-10s,826
zPwvxE4O,87,1-0,White,<=5s vs 5-10s,2111
esjYWPdd,93,1-0,White,<=5s vs 15-20s,2109
KzzGiR03,52,0-1,Black,<=5s vs 15-20s,1892
GPZCanCx,58,0-1,Black,<=5s vs 15-20s,1324
256ffDtK,95,1-0,White,<=5s vs 15-20s,2888
c7nmNcQV,58,0-1,Black,<=5s vs 5-10s,1691
3KuK4ezj,73,1-0,White,<=5s vs 5-10s,2339
OBrYSWhB,71,1/2-1/2,White,<=5s vs 15-20s,2008
iRvZKaGG,47,1-0,White,<=5s vs 10-15s,1130
cYZAhpOd,70,0-1,Black,<=5s vs 15-20s,1106
QX9bR6EJ,96,1-0,Black,<=5s vs <=5s,1859
h8PAAHyw,113,1-0,White,<=5s vs 10-15s,2705
3LUXZqk0,90,0-1,Black,<=5s vs 5-10s,2174
nAgASZXN,73,1-0,White,<=5s vs 5-10s,2276
QDQIKPfs,85,1-0,White,<=5s vs 5-10s,1976
Jsl0dtFB,90,0-1,Black,<=5s vs 15-20s,2183
SW5vV8cM,51,1-0,White,<=5s vs 5-10s,1901
YLkDOFVu,149,1-0,White,<=5s vs 5-10s,2121
i0o73WGB,54,0-1,Black,<=5s vs 15-20s,1825
SoEZ2PSA,78,0-1,Black,<=5s vs 5-10s,930
BfTOsZAx,225,1/2-1/2,White,<=5s vs 5-10s,1944
Msu6mcJq,99,1-0,White,<=5s vs 10-15s,1777
kJcHacqI,67,1-0,White,<=5s vs 15-20s,1713
nNuzyrMc,41,1-0,White,<=5s vs 15-20s,1541
JomrtauD,73,1-0,White,<=5s vs 15-20s,2099
wkkq5m0J,157,1-0,White,<=5s vs 10-15s,2361
6R5eAg8l,93,1-0,White,<=5s vs 5-10s,1893
MlUVFr1g,62,0-1,Black,<=5s vs 5-10s,1011
tBdgGlhD,57,0-1,White,<=5s vs 5-10s,1666
7bLBRF1o,53,1-0,White,<=5s vs <=5s,1266
Unc21fiy,77,1-0,White,<=5s vs <=5s,1595
RnU75Bbg,88,0-1,Black,<=5s vs 10-15s,1713
WrwL3D69,113,1-0,White,<=5s vs 15-20s,1826
rwHZbMCo,63,1-0,White,<=5s vs 15-20s,1156
RqUgeivX,54,0-1,Black,<=5s vs 10-15s,1027
J6gl1w1n,72,1/2-1/2,Black,<=5s vs 10-15s,1729
BtDIf067,57,1-0,White,<=5s vs <=5s,1623
jO6PyumI,60,0-1,Black,<=5s vs 15-20s,2637
ciTxMv3Z,48,0-1,Black,<=5s vs 5-10s,1264
Y3Pmy5Ry,89,1-0,White,<=5s vs 10-15s,2460
aZJjVqjC,103,1-0,White,<=5s vs <=5s,1925
bLLCnNFN,67,1-0,White,<=5s vs 10-15s,2076
ZHtwHQNx,65,0-1,White,<=5s vs 15-20s,1780
RIVEg0ZI,74,0-1,Black,<=5s vs 10-15s,1280
bsYsW56s,78,0-1,Black,<=5s vs <=5s,1386
ia1WytgQ,135,1/2-1/2,White,<=5s vs 5-10s,2455
SDrreqya,81,1-0,White,<=5s vs 10-15s,1894
ABINMf3p,83,1-0,White,<=5s vs 10-15s,2076
8tkHAYjG,108,0-1,Black,<=5s vs 10-15s,2594
4xqmCSs8,166,0-1,Black,<=5s vs 15-20s,2456
0lmR37EL,48,0-1,Black,<=5s vs 10-15s,1060
wn9iy81E,58,0-1,Black,<=5s vs 15-20s,1679
HNjyxTVq,74,0-1,Black,<=5s vs 15-20s,2023
oV0pYZtM,84,0-1,Black,<=5s vs 10-15s,2305
D39kDp3l,55,1-0,White,<=5s vs 15-20s,1393
bPPbL3d9,75,1-0,White,<=5s vs 15-20s,2101
Igp9EzIX,59,1-0,White,<=5s vs 10-15s,1343
eLeE3IeY,66,0-1,Black,<=5s vs 10-15s,1510
HRf2MDri,69,1-0,White,<=5s vs <=5s,2124
TgzmIMqG,145,1/2-1/2,White,<=5s vs 5-10s,2626
afVadWTC,99,1-0,White,<=5s vs 15-20s,2521
1Eq9wGlP,83,1/2-1/2,White,<=5s vs 5-10s,2441
BjO7h12z,63,1-0,White,<=5s vs 5-10s,1468
9V3Tcbv3,51,1-0,White,<=5s vs 10-15s,2117
NJn2Dv0W,91,1-0,White,<=5s vs 5-10s,2125
aohoXeqa,46,0-1,Black,<=5s vs 15-20s,1465
Cj2D5yrR,73,1-0,White,<=5s vs 15-20s,2414
p4HiVt9T,88,1/2-1/2,Black,<=5s vs 10-15s,2443
VE7pgeih,131,1-0,White,<=5s vs 15-20s,2429
ksegnnNB,74,0-1,Black,<=5s vs 10-15s,2097
sj6yLkMX,57,1-0,White,<=5s vs 15-20s,2447
CJ0GTEmO,98,0-1,Black,<=5s vs 15-20s,2274
Xyni49cC,62,0-1,Black,<=5s vs 15-20s,1412
UCflCquX,72,0-1,Black,<=5s vs 5-10s,1899
D0L75f8g,73,1-0,White,<=5s vs 10-15s,1956
GSuWRPjK,56,0-1,Black,<=5s vs 10-15s,1550
5V2F4Frx,74,0-1,Black,<=5s vs 10-15s,2029
7lmjk5u9,71,1-0,White,<=5s vs 10-15s,1581
NWqLeNK2,103,0-1,White,<=5s vs 5-10s,2536
b5ndOH06,124,0-1,Black,<=5s vs 15-20s,2466
kzw7rFDB,59,1-0,White,<=5s vs 15-20s,2631
86VX3IIh,82,0-1,Black,<=5s vs 15-20s,2165
KgVhlVJX,65,1-0,White,<=5s vs 5-10s,1481
rGPV1Wda,65,1-0,White,<=5s vs 10-15s,2080
9sfRVV3C,51,1-0,White,<=5s vs 15-20s,812
UZFAT5yK,85,1-0,White,<=5s vs 5-10s,1952
yfYOr0ig,56,0-1,Black,<=5s vs 10-15s,1842
DVtC2kyJ,90,0-1,Black,<=5s vs 15-20s,2032
FXVZ5Po9,78,0-1,Black,<=5s vs 15-20s,2095
36jaDTkg,57,1-0,White,<=5s vs 10-15s,1350
fFPav4l5,55,1-0,White,<=5s vs 5-10s,1817
leiprZtP,87,1-0,White,<=5s vs 5-10s,1770
daCqs3xl,135,1-0,White,<=5s vs 5-10s,2560
LE4iqP1C,84,0-1,Black,<=5s vs 5-10s,1520
cIFaT7Mk,60,0-1,Black,<=5s vs 15-20s,1747
JmYmaLVq,45,1-0,White,<=5s vs <=5s,708
A3pnTraO,75,1-0,White,<=5s vs <=5s,1734
5iDqt8bN,63,0-1,White,<=5s vs 10-15s,2058
UYc82ljT,64,0-1,Black,<=5s vs 5-10s,2327
qtRDGIQw,34,0-1,Black,<=5s vs 15-20s,1242
KtQbpLnQ,49,1-0,White,<=5s vs 5-10s,1273
3jeM0VT6,72,0-1,Black,<=5s vs 5-10s,2285
bAZLifHA,178,1-0,Black,<=5s vs 5-10s,2957
Y2ZABfSE,89,1-0,White,<=5s vs 10-15s,2266
ak4jDNV5,91,1-0,White,<=5s vs 15-20s,2461
7uKTGA3U,64,0-1,Black,<=5s vs 10-15s,1911
758TvVhe,60,0-1,Black,<=5s vs <=5s,2050
RBxLZm1A,61,0-1,White,<=5s vs <=5s,1899
xM6mf9w0,54,1-0,Black,<=5s vs <=5s,1181
NABjFffr,44,0-1,Black,<=5s vs 15-20s,2203
fIrS0z2R,62,1-0,Black,<=5s vs 10-15s,1921
a6VwXusw,68,0-1,Black,<=5s vs 10-15s,1579
wlrdKpin,52,0-1,Black,<=5s vs 15-20s,2238
iA3p9is9,101,0-1,White,<=5s vs <=5s,2100
uzQBtNj1,66,0-1,Black,<=5s vs 5-10s,1687
8bWOuSEk,63,1-0,White,<=5s vs <=5s,1244
MB1yEkC0,81,1-0,White,<=5s vs 10-15s,1984
BScxH3a9,65,1-0,White,<=5s vs 5-10s,831
VjMps1YW,44,1-0,Black,<=5s vs 10-15s,868
afPDqhHq,163,1-0,White,<=5s vs <=5s,2553
yGAuENRs,59,1-0,White,<=5s vs 15-20s,2191
ycNBrYEn,72,0-1,Black,<=5s vs 15-20s,1873
N1syz5BS,89,1/2-1/2,White,<=5s vs 10-15s,2378
99IWcR1s,68,1-0,Black,<=5s vs <=5s,1705
YzEEQzRP,78,0-1,Black,<=5s vs 10-15s,2243
8j7YNLnI,62,0-1,Black,<=5s vs 15-20s,1677
4EFikTGc,102,0-1,Black,<=5s vs 5-10s,1655
wD8WVWKD,86,0-1,Black,<=5s vs 5-10s,2430
KU7jasvI,85,1-0,White,<=5s vs 5-10s,2289
3jQsvKcp,49,1-0,White,<=5s vs 10-15s,1278
QM8WYCVh,97,0-1,White,<=5s vs <=5s,2590
GsKRVQQa,46,0-1,Black,<=5s vs 5-10s,891
XkayI9kk,84,0-1,Black,<=5s vs 10-15s,2115
zJAuNxDC,76,0-1,Black,<=5s vs 5-10s,1668
TPdhplVJ,66,0-1,Black,<=5s vs 10-15s,1652
WAwGgwK9,56,0-1,Black,<=5s vs 15-20s,1089
0VuOE0jx,46,1-0,Black,<=5s vs 5-10s,934
HjRhMC7J,68,1-0,Black,<=5s vs 5-10s,2024
FVG0XTuk,121,1-0,White,<=5s vs 10-15s,1650
JlxN0UGE,98,0-1,Black,<=5s vs 10-15s,2465
wBrwxlbv,80,0-1,Black,<=5s vs 5-10s,2227
7ZzcqVlv,111,1-0,White,<=5s vs 10-15s,2658
cDURT3Ki,55,1-0,White,<=5s vs 15-20s,1500
bt8kGSwI,80,1-0,Black,<=5s vs <=5s,1936
YmcacvGO,46,0-1,Black,<=5s vs <=5s,586
CUqkq0nz,84,0-1,Black,<=5s vs <=5s,1962
cn21bRKc,59,1-0,White,<=5s vs 5-10s,1835
npzsoqmp,53,1-0,White,<=5s vs 5-10s,1675
YWwHCgkv,59,1-0,White,<=5s vs 15-20s,2718
J59rCwAC,77,0-1,White,<=5s vs 10-15s,2137
xYLGurwT,38,1-0,Black,<=5s vs 10-15s,988
4bRA6LEv,74,0-1,Black,<=5s vs 5-10s,1141
Lbyf65YB,65,1-0,White,<=5s vs 15-20s,1232
cowJ4laz,94,0-1,Black,<=5s vs 15-20s,1081
XVaajlpY,57,1-0,White,<=5s vs 15-20s,2050
8MqgEISp,59,1-0,White,<=5s vs 10-15s,1433
LWPKOUzX,72,0-1,Black,<=5s vs 5-10s,1441
OgWYdZft,95,1-0,White,<=5s vs <=5s,1821
MjhS6LwK,62,1-0,Black,<=5s vs 10-15s,1785
2Yii6KBO,55,1-0,White,<=5s vs 10-15s,2048
J2pkJ3r6,82,0-1,Black,<=5s vs 5-10s,2103
UMIxCQyK,66,1-0,Black,<=5s vs 5-10s,2114
4ZT3q2RW,91,0-1,White,<=5s vs 10-15s,2646
FRMphd6H,62,0-1,Black,<=5s vs 10-15s,1990
YxDus8qb,88,0-1,Black,<=5s vs 5-10s,2038
fPYInIB2,83,1-0,White,<=5s vs 15-20s,2211
42HJWxF4,74,0-1,Black,<=5s vs 10-15s,1945
EpAsFUhd,55,1-0,White,<=5s vs 15-20s,2059
NPr4UZB2,63,0-1,White,<=5s vs <=5s,1021
takQ1SjS,63,1/2-1/2,White,<=5s vs 10-15s,1055
tJbeddhi,67,0-1,White,<=5s vs 5-10s,2483
GtqmKG4G,103,0-1,White,<=5s vs <=5s,2028
vrLLd3mq,87,1/2-1/2,White,<=5s vs 15-20s,1585
cc7p3VqO,99,1-0,White,<=5s vs 15-20s,2402
OkAh4oiV,127,0-1,White,<=5s vs <=5s,2906
JtPPwIwM,85,1-0,White,<=5s vs 5-10s,1892
aOFWgo8k,72,0-1,Black,<=5s vs 5-10s,1996
mrB0oQEx,79,1-0,White,<=5s vs 5-10s,1705
HRiwWrcv,47,1-0,White,<=5s vs 10-15s,1569
CPTj9I28,62,1-0,Black,<=5s vs <=5s,2366
q5FVB3Pw,81,1-0,White,<=5s vs 5-10s,2301
r1PynRlH,67,1-0,White,<=5s vs 5-10s,1435
kMWm6qaO,80,0-1,Black,<=5s vs 5-10s,1919
4nmw0bmu,72,0-1,Black,<=5s vs 5-10s,1833
Q9WVKM07,65,1-0,White,<=5s vs 5-10s,2168
E5sUfG3s,66,0-1,Black,<=5s vs 10-15s,1657
OsCTn1Da,99,0-1,White,<=5s vs 5-10s,2337
SH1hMZ1J,60,0-1,Black,<=5s vs 15-20s,1542
0D4tcXIw,57,0-1,White,<=5s vs 10-15s,1591
Dvmi2dQg,60,0-1,Black,<=5s vs <=5s,1587
pDUTeSUX,118,0-1,Black,<=5s vs 10-15s,2624
0uyUiZY1,119,1-0,White,<=5s vs 10-15s,2218
71fBB58r,48,0-1,Black,<=5s vs 15-20s,1444
TNOt3pqw,77,1-0,White,<=5s vs 5-10s,2280
WIwxHEI3,67,1-0,White,<=5s vs 10-15s,1897
eXQ2xE4w,81,1-0,White,<=5s vs 15-20s,2322
8HVyWlPI,78,0-1,Black,<=5s vs 10-15s,2233
mD37ObC8,81,1-0,White,<=5s vs 5-10s,1971
TRSORJhn,95,1-0,White,<=5s vs 10-15s,2255
6O3pLh8s,38,0-1,Black,<=5s vs 15-20s,1876
ujEmE2d4,75,1-0,White,<=5s vs 10-15s,1496
0OOFMT4F,95,1/2-1/2,White,<=5s vs 10-15s,2670
JvRcycYb,62,0-1,Black,<=5s vs 10-15s,1679
JCoU9Som,85,1-0,White,<=5s vs 5-10s,1567
UoLKLRef,47,1-0,White,<=5s vs 10-15s,1074
Vk5T7fbP,54,0-1,Black,<=5s vs 10-15s,1849
4dY6tmCl,55,1-0,White,<=5s vs 5-10s,967
EUpMcOgW,69,0-1,White,<=5s vs 5-10s,1625
E3ARXouV,58,0-1,Black,<=5s vs 15-20s,1553
5xRUrrKm,43,1-0,White,<=5s vs 15-20s,1187
glhjBJ0u,81,1-0,White,<=5s vs 10-15s,1736
SKtOK8SK,65,1-0,White,<=5s vs 5-10s,1411
iJpCPF8U,110,0-1,Black,<=5s vs 5-10s,2551
hOwehqd1,101,0-1,White,<=5s vs 15-20s,2456
Ngy5bJmx,53,1-0,White,<=5s vs 10-15s,978
mLHXkAmD,48,0-1,Black,<=5s vs 5-10s,1719
kSwyjksP,114,1/2-1/2,Black,<=5s vs 10-15s,2661
AgC07viO,75,1-0,White,<=5s vs <=5s,1597
pgDP4IRp,80,0-1,Black,<=5s vs 5-10s,1396
i0T2zb6L,82,0-1,Black,<=5s vs 15-20s,1922
0rXWOOju,132,0-1,Black,<=5s vs 5-10s,2481
2BJI3XmH,86,1-0,Black,<=5s vs <=5s,1518
bPqgtWxo,71,1-0,White,<=5s vs 5-10s,1680
ow9wXmpV,107,0-1,White,<=5s vs 5-10s,3166
PEwpylld,85,1-0,White,<=5s vs 10-15s,2659
47HuSDQs,74,0-1,Black,<=5s vs 15-20s,1907
vwDuikwz,56,0-1,Black,<=5s vs 10-15s,1715
3ZV22lpw,38,0-1,Black,<=5s vs <=5s,711
9IgrjJdL,85,1-0,White,<=5s vs 15-20s,1913
VUTv90Xc,103,1-0,White,<=5s vs 10-15s,2254
NToQqmZb,72,1-0,Black,<=5s vs <=5s,2388
8EYTv14y,46,0-1,Black,<=5s vs 10-15s,1164
9KGy5Iwq,86,0-1,Black,<=5s vs 10-15s,2198
x3txMwS0,103,1-0,White,<=5s vs 5-10s,1601
XNtUVTz8,69,1-0,White,<=5s vs 5-10s,1079
leiaiBEG,82,0-1,Black,<=5s vs 15-20s,1811
ZcUEyiZ6,71,1-0,White,<=5s vs 15-20s,1629
1Do9ikQk,85,1-0,White,<=5s vs 5-10s,1748
oVwldUtn,68,0-1,Black,<=5s vs 10-15s,2664
P4q0CMy3,66,0-1,Black,<=5s vs 5-10s,2388
MJ0PpXBB,67,1-0,White,<=5s vs 5-10s,1459
q2KSLmwT,69,0-1,White,<=5s vs 15-20s,2059
YOvAlsoj,76,0-1,Black,<=5s vs 10-15s,1382
PNtH1Peg,70,0-1,Black,<=5s vs 15-20s,2261
bXCKV2WE,62,0-1,Black,<=5s vs <=5s,1711
SDvubTiB,59,1-0,White,<=5s vs 15-20s,1338
6E234v7v,65,1-0,White,<=5s vs 10-15s,1501
iesjnOyV,44,0-1,Black,<=5s vs 5-10s,1311
3jP6Eosa,45,1-0,White,<=5s vs 15-20s,949
TnCJG9EN,69,1-0,White,<=5s vs <=5s,1623
xKZaKcW8,61,1-0,White,<=5s vs <=5s,1701
fWO2YNtM,60,0-1,Black,<=5s vs 5-10s,1483
sTNmStze,60,1-0,Black,<=5s vs <=5s,927
GMiVrpyW,38,0-1,Black,<=5s vs 15-20s,1422
kAM3nygs,72,0-1,Black,<=5s vs 10-15s,2029
Ooz5UIZa,104,1/2-1/2,Black,<=5s vs 5-10s,2472
tISiRd6D,62,0-1,Black,<=5s vs 15-20s,1633
RWd83yVx,123,1-0,White,<=5s vs 10-15s,2593
bTRoHcTY,71,1-0,White,<=5s vs 5-10s,1666
A9Pfb7cA,56,0-1,Black,<=5s vs 15-20s,1127
6FVeDze6,74,1-0,Black,<=5s vs <=5s,2302
gcjAEMdB,119,1/2-1/2,White,<=5s vs 15-20s,1719
7s68qZ40,66,1-0,Black,<=5s vs <=5s,1971
pqFXsMlw,96,0-1,Black,<=5s vs 15-20s,2474
BGf6B8D0,59,1-0,White,<=5s vs 10-15s,1229
lmiS1z5R,74,0-1,Black,<=5s vs 10-15s,1883
RtfECqF2,92,0-1,Black,<=5s vs 15-20s,2833
Su2RmV1N,67,0-1,White,<=5s vs 15-20s,2053
TG3TVvSU,131,1/2-1/2,White,<=5s vs <=5s,2285
9itphwPU,78,0-1,Black,<=5s vs 5-10s,2095
SiPMYPWb,61,1-0,White,<=5s vs 15-20s,1783
VccbIRlb,54,0-1,Black,<=5s vs 15-20s,1625
6KQLuJ0t,95,1-0,White,<=5s vs <=5s,2024
0lo8Canu,245,1/2-1/2,White,<=5s vs <=5s,2069
NosrwNaB,120,0-1,Black,<=5s vs <=5s,1837
TIjUT77x,150,1/2-1/2,Black,<=5s vs 10-15s,1739
4x8KpSNK,56,1-0,Black,<=5s vs <=5s,1747
uPq38J64,126,0-1,Black,<=5s vs 10-15s,1997
RNbJpYc2,63,1-0,White,<=5s vs 10-15s,992
Tv5xqL0C,40,0-1,Black,<=5s vs 15-20s,1256
rvPJkMrW,86,0-1,Black,<=5s vs 5-10s,1656
0bkLG7Iq,45,1-0,White,<=5s vs 5-10s,877
RAsPjwlb,76,0-1,Black,<=5s vs 10-15s,1853
A79KdcGo,80,0-1,Black,<=5s vs <=5s,1912
GvUuPPe3,103,1-0,White,<=5s vs 10-15s,2294
WyRflrCj,52,0-1,Black,<=5s vs 10-15s,2146
ohl4eGVo,58,0-1,Black,<=5s vs 15-20s,1861
vey8D2OK,52,0-1,Black,<=5s vs 5-10s,1259
l6J6Y8Pm,88,0-1,Black,<=5s vs 5-10s,2169
hJFxPwRO,41,0-1,White,<=5s vs 10-15s,1631
iv26U5vH,81,1-0,White,<=5s vs 15-20s,2039
KEY0HZ9V,98,0-1,Black,<=5s vs 10-15s,1902
EqoPxbJo,66,0-1,Black,<=5s vs 5-10s,1811
pTy4VDXW,82,0-1,Black,<=5s vs 5-10s,2218
KNK2Qd75,70,1-0,Black,<=5s vs 5-10s,1336
Or8VYT9h,63,1-0,White,<=5s vs 5-10s,866
RArGQ1eH,69,1-0,White,<=5s vs 10-15s,1352
k3SLb8EV,135,0-1,White,<=5s vs <=5s,2726
8dD4WvmE,54,0-1,Black,<=5s vs 5-10s,1475
I1oXQo8C,68,0-1,Black,<=5s vs 10-15s,1357
RJZIaCX7,75,1-0,White,<=5s vs 10-15s,2843
hdNtvC0c,127,1-0,White,<=5s vs 15-20s,1389
V4LECwk3,76,0-1,Black,<=5s vs 15-20s,2202
HzQArLVn,78,0-1,Black,<=5s vs 15-20s,1817
H2nuMesO,60,0-1,Black,<=5s vs 5-10s,1628
2hYpBFy0,95,1-0,White,<=5s vs 15-20s,1949
zlPV03vI,48,0-1,Black,<=5s vs 5-10s,1251
iNZYY6Kq,67,1-0,White,<=5s vs 10-15s,2136
roraDAnW,75,1-0,White,<=5s vs 5-10s,1928
Cv7JDwhP,107,1/2-1/2,White,<=5s vs 5-10s,2544
8unGpvmT,114,1/2-1/2,Black,<=5s vs <=5s,1549
y9bifqjF,61,1-0,White,<=5s vs 10-15s,1802
DcyAEeO2,47,0-1,White,<=5s vs 10-15s,1169
AMKUDPCQ,62,1-0,Black,<=5s vs <=5s,1057
tn0zegSj,184,0-1,Black,<=5s vs <=5s,1725
Mj2WGw69,67,1-0,White,<=5s vs 10-15s,1494
7ZnbkB8V,76,1-0,Black,<=5s vs 5-10s,2129
nGtcjRcZ,80,0-1,Black,<=5s vs 15-20s,1446
GX6xuGD1,97,1-0,White,<=5s vs 5-10s,1597
bGCY5Ijj,79,1-0,White,<=5s vs 5-10s,1529
hH9gCFcd,35,0-1,White,<=5s vs <=5s,1042
r67lTYEu,103,1-0,White,<=5s vs 15-20s,2065
uPmR3Upg,56,0-1,Black,<=5s vs 10-15s,1680
GsuVhrdj,64,0-1,Black,<=5s vs 10-15s,1714
nENBiZXD,76,0-1,Black,<=5s vs 10-15s,2358
f12STWbk,61,1-0,White,<=5s vs 10-15s,1743
K2pm9Ank,89,0-1,White,<=5s vs 5-10s,2226
p35TMWAY,77,1-0,White,<=5s vs 5-10s,1858
1cVApZ6Y,86,0-1,Black,<=5s vs 5-10s,1997
lpwUraAy,75,1-0,White,<=5s vs 5-10s,2243
8pmEBxVu,52,0-1,Black,<=5s vs 5-10s,1513
3oaAVa3R,69,1-0,White,<=5s vs 5-10s,1960
M9KSKlIP,71,0-1,White,<=5s vs <=5s,1630
qJqphUZE,82,1-0,Black,<=5s vs <=5s,1878
HxC0i5Ao,87,0-1,White,<=5s vs <=5s,2100
87a9oSbv,113,0-1,White,<=5s vs <=5s,2197
cDAa6nRT,93,1-0,White,<=5s vs 15-20s,3130
9YVadlY8,78,1-0,Black,<=5s vs 10-15s,1208
UwPnxTB4,65,1-0,White,<=5s vs 5-10s,1894
KCkiIzim,77,1-0,White,<=5s vs 10-15s,1977
n8FUP6gO,70,0-1,Black,<=5s vs 10-15s,1778
HmPAnHHo,75,1-0,White,<=5s vs 15-20s,2254
7PHYcOgA,70,0-1,Black,<=5s vs 10-15s,1766
RtezJ8wr,100,1/2-1/2,Black,<=5s vs 10-15s,1906
hwuKEN67,109,1/2-1/2,White,<=5s vs 5-10s,2205
0XfUrTYP,67,0-1,White,<=5s vs 15-20s,2147
GqvOaHO3,73,1-0,White,<=5s vs 5-10s,2272
5XAX7xtG,55,1-0,White,<=5s vs 10-15s,1421
CBXFgDc7,54,0-1,Black,<=5s vs 15-20s,1186
IKBdVANz,50,0-1,Black,<=5s vs 5-10s,1718
bK0ssL7Q,84,0-1,Black,<=5s vs 10-15s,2053
pUmX0HRn,75,0-1,White,<=5s vs 15-20s,1993
AWm7vjOJ,60,0-1,Black,<=5s vs 10-15s,1195
goVjlQVa,66,0-1,Black,<=5s vs <=5s,1509
sD2cdoHj,131,1/2-1/2,White,<=5s vs 5-10s,2329
HC6mT02q,71,1-0,White,<=5s vs 15-20s,1937
sAijrLvP,37,1-0,White,<=5s vs 10-15s,1153
BWguEo6X,74,0-1,Black,<=5s vs 15-20s,2712
XojcbOBM,57,1-0,White,<=5s vs 5-10s,1196
jJx8wEEI,60,0-1,Black,<=5s vs 5-10s,1929
TU3TTAWg,46,0-1,Black,<=5s vs 15-20s,2093
tzSCcH5b,54,0-1,Black,<=5s vs 15-20s,1990
YWmq3b74,55,1-0,White,<=5s vs 5-10s,1155
oA4QkgHa,66,0-1,Black,<=5s vs 15-20s,1692
O1U4LS53,71,1-0,White,<=5s vs 10-15s,2183
PbYATwQI,81,1-0,White,<=5s vs 15-20s,1735
5UjovUGh,75,1-0,White,<=5s vs 15-20s,2536
TscyhgU0,80,0-1,Black,<=5s vs <=5s,1505
aqGLCtVu,66,0-1,Black,<=5s vs <=5s,2036
QjF3ebuI,64,0-1,Black,<=5s vs 10-15s,2031
JyF8UMpM,87,1/2-1/2,White,<=5s vs 15-20s,2223
Z6mIYkvh,81,1-0,White,<=5s vs 15-20s,2708
Ok52xCNL,109,1/2-1/2,White,<=5s vs 5-10s,3064
T1CFHhWO,90,0-1,Black,<=5s vs 15-20s,2481
NYdTwSpH,80,0-1,Black,<=5s vs 15-20s,1810
OuQHmkPk,56,0-1,Black,<=5s vs 10-15s,2449
ZuPZGod6,88,0-1,Black,<=5s vs 5-10s,2082
CwT9a9WE,87,1-0,White,<=5s vs 15-20s,1090
IbmfqxY3,49,1-0,White,<=5s vs 5-10s,1241
aQwaelkz,50,0-1,Black,<=5s vs 10-15s,1999
cF4mooF7,73,1-0,White,<=5s vs 10-15s,1263
ciwNcWXP,74,0-1,Black,<=5s vs 10-15s,2674
1jLA6VpY,98,0-1,Black,<=5s vs 10-15s,1891
fxMU4QqQ,81,1-0,White,<=5s vs 5-10s,2333
HMSHftiX,77,1-0,White,<=5s vs 5-10s,1938
1XvmuxOr,61,0-1,White,<=5s vs 15-20s,1833
rN2RZwS1,58,0-1,Black,<=5s vs 15-20s,1559
lLQDtXmt,92,0-1,Black,<=5s vs 5-10s,2935
KnlE1t7K,94,0-1,Black,<=5s vs 10-15s,2709
Y9pQfmi9,62,0-1,Black,<=5s vs 15-20s,1999
QdU0uB0R,79,1-0,White,<=5s vs 15-20s,2462
6QE7Q77X,99,1-0,White,<=5s vs 10-15s,1556
TpLGvwTP,32,0-1,Black,<=5s vs <=5s,774
lvkPkRJX,100,1/2-1/2,Black,<=5s vs 5-10s,2464
sTZHYAxB,72,0-1,Black,<=5s vs <=5s,1632
VL1FJ1WW,66,0-1,Black,<=5s vs 5-10s,2150
f6Eyx3lk,72,0-1,Black,<=5s vs 5-10s,1886
QouOZrLJ,74,0-1,Black,<=5s vs 15-20s,1329
7XKNCfr2,129,1/2-1/2,White,<=5s vs 15-20s,2466
1eCL1tTc,38,1-0,Black,<=5s vs 15-20s,1099
wEAQvS68,71,1-0,White,<=5s vs 10-15s,2250
nfHIHvmt,73,1-0,White,<=5s vs 15-20s,1719
zUOqcWFN,81,1-0,White,<=5s vs 5-10s,2314
aW7jZiVj,71,0-1,White,<=5s vs 5-10s,1750
t3sjrQiI,112,0-1,Black,<=5s vs 15-20s,2292
IRdFMglw,107,1-0,White,<=5s vs 10-15s,2145
HekA92EJ,92,1/2-1/2,Black,<=5s vs 10-15s,2146
IigzNYJN,70,0-1,Black,<=5s vs 5-10s,1863
Fc5NSun8,69,1-0,White,<=5s vs 15-20s,2299
Bsgh6xTR,90,0-1,Black,<=5s vs 5-10s,2112
foqJCn2T,71,1-0,White,<=5s vs 5-10s,1943
E8UznkO2,130,1-0,Black,<=5s vs 5-10s,2937
ziwW2QPT,59,1-0,White,<=5s vs 10-15s,1658
ryAy9H7D,60,0-1,Black,<=5s vs 5-10s,1835
MgYnbTJU,67,1-0,White,<=5s vs 15-20s,1881
mltlKlEc,64,0-1,Black,<=5s vs 15-20s,1381
PhWjNVms,78,0-1,Black,<=5s vs 5-10s,2301
DKYjQR9F,126,1/2-1/2,Black,<=5s vs 5-10s,2012
DZ7AUeCJ,70,0-1,Black,<=5s vs 10-15s,1416
1mEAbTnA,77,1-0,White,<=5s vs 15-20s,1672
PNptzh7d,61,0-1,White,<=5s vs 10-15s,1414
Cnb9Sscu,107,1-0,White,<=5s vs 5-10s,2039
HGz3DDbf,78,0-1,Black,<=5s vs 15-20s,2289
6dKS2fyj,46,1-0,Black,<=5s vs 5-10s,821
F2fm4qDc,79,1-0,White,<=5s vs <=5s,2270
PGKYXqzi,69,1-0,White,<=5s vs 5-10s,1560
80rcSjoA,64,1-0,Black,<=5s vs <=5s,1516
Kdyq4NFL,57,1-0,White,<=5s vs 15-20s,1908
5GxAYlI7,49,1-0,White,<=5s vs 15-20s,1239
gz0wWfiT,57,1-0,White,<=5s vs 10-15s,911
GI4lq5FV,147,1-0,White,<=5s vs 5-10s,2434
XXQzLDuQ,59,1-0,White,<=5s vs 15-20s,1307
JVg3UI8f,59,1-0,White,<=5s vs 5-10s,1146
3Q8QciqZ,93,1-0,White,<=5s vs 5-10s,2583
PhDcocHp,65,0-1,White,<=5s vs 15-20s,2323
SEhoCqTo,61,1-0,White,<=5s vs 10-15s,2005
McSuwAZN,56,0-1,Black,<=5s vs 5-10s,1648
NI3dut2I,104,0-1,Black,<=5s vs 15-20s,2298
SaZC0EIb,107,1/2-1/2,White,<=5s vs 5-10s,2508
7uFrnDFi,60,0-1,Black,<=5s vs 10-15s,1750
vk9Lqqna,96,1-0,Black,<=5s vs 5-10s,2106
6K7kRgsl,50,0-1,Black,<=5s vs 10-15s,1442
BQni8DKG,67,1-0,White,<=5s vs 15-20s,2383
6n5rRyuL,88,0-1,Black,<=5s vs 5-10s,2434
aMpU0gRX,87,1-0,White,<=5s vs 15-20s,2480
1NlgQPOs,142,1/2-1/2,Black,<=5s vs <=5s,2406
DQNMNd9Y,54,0-1,Black,<=5s vs 5-10s,1013
bbS0iMOO,72,0-1,Black,<=5s vs 5-10s,1531
RBr7h3yT,83,1-0,White,<=5s vs 5-10s,1822
FxIcMwnl,55,1-0,White,<=5s vs 10-15s,1701
CrxWlx6m,99,1-0,White,<=5s vs 15-20s,1599
XL1Pay6q,70,0-1,Black,<=5s vs 15-20s,2288
rOrq2fY8,54,0-1,Black,<=5s vs 5-10s,1479
hkLcnkWY,48,0-1,Black,<=5s vs 5-10s,1099
pM92xTrv,56,0-1,Black,<=5s vs 5-10s,1651
HHGuVdB2,102,0-1,Black,<=5s vs 15-20s,2054
4nU1vmoB,129,1-0,White,<=5s vs 15-20s,2037
M9HZeiTz,66,1-0,Black,<=5s vs 5-10s,1615
WC0f2GOa,90,0-1,Black,<=5s vs 5-10s,2137
7rtltkNt,84,0-1,Black,<=5s vs 5-10s,2730
VXpayj94,55,1-0,White,<=5s vs 15-20s,2180
A9uMAucc,72,0-1,Black,<=5s vs 5-10s,1920
V6sdmzeX,109,1/2-1/2,White,<=5s vs <=5s,2884
IfmfBef4,36,0-1,Black,<=5s vs 15-20s,1668
im6yfuG4,79,1-0,White,<=5s vs 15-20s,2221
A25mx1yL,87,0-1,White,<=5s vs 5-10s,1770
5PdbBrQG,59,1-0,White,<=5s vs 15-20s,1687
8KYHA1eh,76,1-0,Black,<=5s vs 5-10s,1826
f5Hthekn,83,1-0,White,<=5s vs 5-10s,2207
exRkPQ1V,94,1/2-1/2,Black,<=5s vs 15-20s,2074
HdApvnwV,95,1-0,White,<=5s vs 10-15s,2320
3Hagc20u,57,0-1,White,<=5s vs <=5s,1443
wSw7gqCS,55,0-1,White,<=5s vs 15-20s,1557
7ZprUj5E,85,1-0,White,<=5s vs 5-10s,1190
dlFWjei1,67,1-0,White,<=5s vs 15-20s,2422
2sdGG6w3,51,1-0,White,<=5s vs 15-20s,1358
Nf2yfYTp,60,0-1,Black,<=5s vs 15-20s,1355
EVxSILx9,67,1-0,White,<=5s vs 5-10s,1853
NipdXGoE,80,0-1,Black,<=5s vs 10-15s,2334
NrQzKy4e,65,0-1,White,<=5s vs <=5s,1522
QavWRXfS,73,1-0,White,<=5s vs 5-10s,1573
6cn45xs9,69,1-0,White,<=5s vs 5-10s,2319
yOVNpnmk,67,1-0,White,<=5s vs 10-15s,1533
OcaUd8XW,104,0-1,Black,<=5s vs 5-10s,1687
OIhM1d5P,82,0-1,Black,<=5s vs 5-10s,1754
5a6PPEkM,64,0-1,Black,<=5s vs 5-10s,2461
5p4XvaQA,56,0-1,Black,<=5s vs 5-10s,1664
kKR5YTcR,79,1-0,White,<=5s vs 15-20s,2068
yHQYHnEf,56,0-1,Black,<=5s vs 10-15s,1875
e44SHILh,58,1-0,Black,<=5s vs <=5s,1663
0otf7U8j,78,0-1,Black,<=5s vs 5-10s,1500
V9cHYq2h,72,0-1,Black,<=5s vs 5-10s,1850
HKKu61un,67,1-0,White,<=5s vs 10-15s,1854
XFosUjD2,56,0-1,Black,<=5s vs 10-15s,1115
XoIMf4uF,73,0-1,White,<=5s vs <=5s,2223
7wvLiPdz,119,1/2-1/2,White,<=5s vs 5-10s,2367
IdjrzChD,72,0-1,Black,<=5s vs 10-15s,2135
wWL3qKHK,86,0-1,Black,<=5s vs 10-15s,1296
4WswiLHR,69,1-0,White,<=5s vs 5-10s,2036
eyEyQWKV,101,1-0,White,<=5s vs 5-10s,2355
WhrYmfyB,73,1-0,White,<=5s vs <=5s,1738
F6wxf7Ee,43,1-0,White,<=5s vs 15-20s,1466
rYwijwS1,87,1-0,White,<=5s vs 15-20s,2999
oQfXIp9R,69,1-0,White,<=5s vs 10-15s,2272
BlbHc2qh,46,0-1,Black,<=5s vs 5-10s,871
KFd8erEb,48,0-1,Black,<=5s vs 10-15s,1127
xRR2GYqN,67,0-1,White,<=5s vs 15-20s,1463
M2PIRnP3,62,1-0,Black,<=5s vs <=5s,1913
5k9yDkVM,130,0-1,Black,<=5s vs 15-20s,1990
OQOOJn5f,95,0-1,White,<=5s vs 5-10s,2105
1Edc6SJa,67,1-0,White,<=5s vs 10-15s,2646
8JnXeot1,62,0-1,Black,<=5s vs 15-20s,1331
bThkdZrD,69,1-0,White,<=5s vs 15-20s,1048
Q1Z0TOGl,90,0-1,Black,<=5s vs 15-20s,1953
2GeWVWIA,39,1-0,White,<=5s vs 15-20s,1001
EFN5DYKt,69,1-0,White,<=5s vs 15-20s,1961
T0sUPS1o,76,0-1,Black,<=5s vs 5-10s,2017
CuZnluqX,62,0-1,Black,<=5s vs 5-10s,1426
qy9EBhk9,47,1-0,White,<=5s vs 10-15s,1270
zHfcA9dA,58,0-1,Black,<=5s vs 10-15s,1391
qlQ3Riix,44,0-1,Black,<=5s vs 10-15s,1033
ZC6NuLJ2,85,0-1,White,<=5s vs <=5s,1767
sSDsyzrG,80,0-1,Black,<=5s vs 15-20s,2509
LPEQAWIb,88,0-1,Black,<=5s vs 15-20s,2599
zLN1YQD0,67,1-0,White,<=5s vs 5-10s,2242
7DSLUtPf,109,1/2-1/2,White,<=5s vs 5-10s,2246
90sMmNml,44,0-1,Black,<=5s vs 5-10s,1450
rEuBHhvI,62,0-1,Black,<=5s vs 10-15s,1835
x5UEVEDW,123,1/2-1/2,White,<=5s vs 10-15s,2417
oZwweMIi,48,0-1,Black,<=5s vs 5-10s,1445
jDI3XrtV,55,1-0,White,<=5s vs <=5s,1660
EANRCY5i,93,1-0,White,<=5s vs 5-10s,2196
1Vz8ESfe,56,0-1,Black,<=5s vs 15-20s,1408
bAe4tJWb,72,0-1,Black,<=5s vs 10-15s,2621
zmZQQ9a8,99,1-0,White,<=5s vs 10-15s,2571
XhWkwFoW,38,0-1,Black,<=5s vs 15-20s,1455
g8YNlujh,73,1/2-1/2,White,<=5s vs <=5s,2319
fNGHpD56,62,0-1,Black,<=5s vs 5-10s,2057
XkLQ2qVV,71,1-0,White,<=5s vs 10-15s,2003
BXbbrAdV,79,1-0,White,<=5s vs 10-15s,1773
q6JEYPJ7,130,0-1,Black,<=5s vs 10-15s,2079
0sn8MbOe,132,1/2-1/2,Black,<=5s vs 15-20s,2388
E9Ag9GXF,143,0-1,White,<=5s vs <=5s,2283
a8eiO7Oa,95,1-0,White,<=5s vs 15-20s,2509
STib3hgG,56,0-1,Black,<=5s vs 15-20s,1446
HSAvaAsU,68,0-1,Black,<=5s vs 5-10s,1939
EUYt7Pca,54,0-1,Black,<=5s vs 5-10s,2060
PRAmO7qV,70,0-1,Black,<=5s vs 5-10s,1882
hms1XHQe,111,1-0,White,<=5s vs 5-10s,2089
QAMmncM8,95,1-0,White,<=5s vs 10-15s,1483
n2EBEEa0,67,1-0,White,<=5s vs 15-20s,1857
AY3LpuZR,85,1-0,White,<=5s vs 5-10s,1992
xRs0LiGp,57,1-0,White,<=5s vs <=5s,1532
HaQWACQl,93,1-0,White,<=5s vs 5-10s,2155
OPry29aw,109,0-1,White,<=5s vs 5-10s,3122
DarfA3aL,110,1/2-1/2,Black,<=5s vs <=5s,1955
IvEYFzAV,78,0-1,Black,<=5s vs <=5s,2330
7qtbvqN1,67,1-0,White,<=5s vs 5-10s,2304
xftd9AmT,86,0-1,Black,<=5s vs 10-15s,2036
LueB4WSj,50,1-0,Black,<=5s vs 10-15s,908
11anON2G,58,0-1,Black,<=5s vs 15-20s,1380
vlYBpPxa,111,1-0,White,<=5s vs <=5s,2365
yC8mL6LD,63,0-1,White,<=5s vs 5-10s,1697
L6bxg3Or,100,1-0,Black,<=5s vs <=5s,1843
ik9Mfe61,38,0-1,Black,<=5s vs 5-10s,1795
HZZ7KL1c,83,1-0,White,<=5s vs 15-20s,2098
9lflAr9n,104,1-0,Black,<=5s vs 10-15s,2380
jYVPlok3,51,0-1,White,<=5s vs <=5s,1303
GlR0erPR,72,1/2-1/2,Black,<=5s vs 15-20s,1726
qXmaPMgC,124,0-1,Black,<=5s vs 10-15s,2245
Er2txT1T,60,0-1,Black,<=5s vs 15-20s,1533
4q2iEqM1,84,0-1,Black,<=5s vs 15-20s,2102
HzYUaPzz,95,1-0,White,<=5s vs 5-10s,2437
5GuBB8B9,63,1-0,White,<=5s vs 15-20s,1843
3nX9XgKr,94,0-1,Black,<=5s vs 10-15s,1755
Dm9JHGJE,47,1-0,White,<=5s vs 15-20s,1118
fbfFCVRv,54,0-1,Black,<=5s vs 15-20s,1933
K08F1uJ7,92,0-1,Black,<=5s vs 5-10s,2446
Sv27mkAF,50,0-1,Black,<=5s vs <=5s,1156
0sUnZcpL,48,0-1,Black,<=5s vs 15-20s,1937
b8XjLdcQ,125,0-1,White,<=5s vs <=5s,2302
NxAVDkC2,68,0-1,Black,<=5s vs 10-15s,832
A2ShsNaw,60,0-1,Black,<=5s vs 10-15s,1649
Y9DNdync,112,1-0,Black,<=5s vs 10-15s,2436
qHRbYiCM,84,0-1,Black,<=5s vs 15-20s,1900
La0eR3eI,67,1-0,White,<=5s vs 15-20s,2351
Qz4N8G8K,67,1-0,White,<=5s vs 15-20s,1673
wz4WyZf9,94,1-0,Black,<=5s vs <=5s,2078
eyN7Na1n,57,1-0,White,<=5s vs 15-20s,1119
PCdG1jKV,61,1-0,White,<=5s vs 15-20s,2041
G624M3Yz,54,0-1,Black,<=5s vs 10-15s,1742
Kz7He4GD,121,1-0,White,<=5s vs 10-15s,1832
YxYh7sff,38,0-1,Black,<=5s vs 10-15s,1166
HNstw16D,75,1-0,White,<=5s vs 15-20s,2570
RnbPwCtu,77,1-0,White,<=5s vs 5-10s,1881
5ZGEcg9L,73,1-0,White,<=5s vs 15-20s,2420
BiyW4ogP,49,1-0,White,<=5s vs 5-10s,1409
DlevYpYk,68,0-1,Black,<=5s vs 10-15s,1135
9rR7tAD1,79,1-0,White,<=5s vs 10-15s,1487
0GwNQ7tL,63,1-0,White,<=5s vs 15-20s,1776
L87yKBGh,86,0-1,Black,<=5s vs 10-15s,2564
BOYyCNrh,68,0-1,Black,<=5s vs 5-10s,1272
3Ew2v2Of,55,1-0,White,<=5s vs 10-15s,2178
5pbOZc4h,140,0-1,Black,<=5s vs 15-20s,2500
OUsnCPBz,61,1-0,White,<=5s vs 10-15s,1619
bjZabFU1,139,0-1,White,<=5s vs <=5s,1638
2aVQX9tn,76,0-1,Black,<=5s vs 10-15s,1894
KTB4upG7,62,0-1,Black,<=5s vs 10-15s,1609
93Q1VPfi,93,1-0,White,<=5s vs 10-15s,2569
yl8MjdHX,93,1-0,White,<=5s vs 15-20s,1966
Ka5clexg,69,1-0,White,<=5s vs 5-10s,1545
2X01UmDX,78,0-1,Black,<=5s vs 5-10s,2892
tv9xWoIi,61,1-0,White,<=5s vs 15-20s,2329
2nQdxnm9,38,1-0,Black,<=5s vs 5-10s,777
BmBo3INe,90,0-1,Black,<=5s vs 10-15s,2233
avMzmKxD,76,0-1,Black,<=5s vs 5-10s,1514
TnUZ9dqk,51,0-1,White,<=5s vs 5-10s,1317
6OvMsZew,44,0-1,Black,<=5s vs 5-10s,869
SXhMsnny,80,1-0,Black,<=5s vs 5-10s,1960
qEh4ypc8,97,1-0,White,<=5s vs 5-10s,1746
2oxV8qEC,61,1-0,White,<=5s vs 15-20s,1634
VXzl2bau,136,1/2-1/2,Black,<=5s vs <=5s,2310
IsuqfRgL,146,0-1,Black,<=5s vs 5-10s,2564
XUGY8MyH,77,1-0,White,<=5s vs 10-15s,2461
fdM98odI,58,0-1,Black,<=5s vs <=5s,1228
qcayiNB6,60,0-1,Black,<=5s vs <=5s,1597
3I3Ppr9v,55,1-0,White,<=5s vs 15-20s,2037
VojbQ0zR,116,1/2-1/2,Black,<=5s vs 10-15s,2206
inMMScXb,59,1-0,White,<=5s vs 15-20s,1782
UlOu97jD,73,1-0,White,<=5s vs 5-10s,1643
Xh2EgiQU,86,1-0,Black,<=5s vs <=5s,2086
tbQmb8yK,81,1-0,White,<=5s vs 15-20s,2081
Y0zkN8gY,165,1-0,White,<=5s vs 10-15s,2560
eB5hrvHo,55,1-0,White,<=5s vs 5-10s,1423
CA4xGerT,93,1/2-1/2,White,<=5s vs 5-10s,1757
NeUjjXMo,72,0-1,Black,<=5s vs 15-20s,2368
xvDRMR9T,81,1-0,White,<=5s vs 5-10s,1667
TqK1He8j,79,1-0,White,<=5s vs 5-10s,1980
YTZnonMo,82,0-1,Black,<=5s vs 5-10s,2558
4WSnOEAn,63,1-0,White,<=5s vs 10-15s,1014
9PdpnEiC,70,1-0,Black,<=5s vs <=5s,1788
08tr1FOf,68,0-1,Black,<=5s vs 5-10s,2071
V6LAmup4,55,1-0,White,<=5s vs 15-20s,1592
9lhbkHs0,58,0-1,Black,<=5s vs 5-10s,961
tAQ8BUwI,102,1-0,Black,<=5s vs 10-15s,2261
JTOUtKr7,68,0-1,Black,<=5s vs <=5s,2504
TicKaQzY,60,0-1,Black,<=5s vs 5-10s,1051
gW8eWBNG,75,0-1,White,<=5s vs <=5s,1765
y1RRN8ka,49,1-0,White,<=5s vs 15-20s,1208
6TOYluoG,39,1-0,White,<=5s vs <=5s,851
OhadfdTt,84,0-1,Black,<=5s vs 5-10s,1678
umIYxPEf,49,1-0,White,<=5s vs 15-20s,1343
3leEjmwI,77,1-0,White,<=5s vs <=5s,1828
9DxyXyox,79,0-1,White,<=5s vs 15-20s,2193
l03xfmWI,100,1-0,Black,<=5s vs <=5s,2585
S2Xeosnc,43,1-0,White,<=5s vs 15-20s,1017
ZDOHBXS1,101,1-0,White,<=5s vs 5-10s,2354
zUJd1JEC,56,0-1,Black,<=5s vs 10-15s,1196
gBBzHuem,59,1-0,White,<=5s vs 15-20s,1169
68mMBuEM,47,1-0,White,<=5s vs 15-20s,1531
lU7cK0Hu,64,0-1,Black,<=5s vs <=5s,1618
hqpei6Gg,68,0-1,Black,<=5s vs 10-15s,2333
Xy3CPUQ2,84,0-1,Black,<=5s vs 10-15s,2422
eU272ARk,72,1-0,Black,<=5s vs 5-10s,2927
3nw4dyLT,56,0-1,Black,<=5s vs 5-10s,1095
8uKXG4PU,88,0-1,Black,<=5s vs 5-10s,2089
esfF0hOJ,54,0-1,Black,<=5s vs 10-15s,1595
KXbEl6Q0,67,0-1,White,<=5s vs 5-10s,1393
X3DiUyuT,61,1-0,White,<=5s vs 5-10s,1457
zxACnCym,46,0-1,Black,<=5s vs 15-20s,1416
spoNn1ZF,101,0-1,White,<=5s vs 5-10s,2570
Q9NNtHg7,136,0-1,Black,<=5s vs 10-15s,2152
G1dLuNRl,59,1-0,White,<=5s vs 10-15s,1478
xCL7IIfY,86,0-1,Black,<=5s vs 5-10s,1533
M6VjDGPh,111,1-0,White,<=5s vs 10-15s,1515
nxbpu8Dp,54,0-1,Black,<=5s vs 15-20s,1569
Ny1uAn0R,52,0-1,Black,<=5s vs 10-15s,1784
UtZYY3VD,32,0-1,Black,<=5s vs 10-15s,929
bqNS7SVA,72,0-1,Black,<=5s vs <=5s,1568
WyQ429Nr,60,0-1,Black,<=5s vs 10-15s,1674
DSh76qnr,76,0-1,Black,<=5s vs 10-15s,2022
QnPqmzdH,91,1-0,White,<=5s vs 5-10s,2421
zwUukssg,74,0-1,Black,<=5s vs 15-20s,2595
GE9lSImb,64,1-0,Black,<=5s vs 10-15s,2153
kMNOZKGY,101,1-0,White,<=5s vs 5-10s,2412
9rEBqsNg,52,0-1,Black,<=5s vs 15-20s,1163
7dj75elC,62,1-0,Black,<=5s vs 5-10s,2090
TiKYdKbA,34,0-1,Black,<=5s vs 10-15s,819
UVdODMWo,79,1-0,White,<=5s vs <=5s,1744
24UUuHII,104,0-1,Black,<=5s vs <=5s,2160
XFfbTyge,59,1-0,White,<=5s vs 15-20s,1136
1ycuTZrL,70,0-1,Black,<=5s vs 5-10s,1690
0Sbhv4ot,36,0-1,Black,<=5s vs 15-20s,881
OkXEtxTj,43,1-0,White,<=5s vs 15-20s,1380
j1WkRmgN,158,0-1,Black,<=5s vs 10-15s,1841
IPHWZUAW,62,1-0,Black,<=5s vs 5-10s,1943
LXSXr5qt,72,1-0,Black,<=5s vs <=5s,1465
aFjg4Hj6,104,0-1,Black,<=5s vs 15-20s,1842
OuAYDkbV,73,1-0,White,<=5s vs 15-20s,2097
EdpkG47p,57,1-0,White,<=5s vs 10-15s,2032
78CO77j5,53,1-0,White,<=5s vs 5-10s,1300
TJSN44dk,82,0-1,Black,<=5s vs 15-20s,2179
2aPkd4u4,102,0-1,Black,<=5s vs 5-10s,1243
EqrqeNV8,78,0-1,Black,<=5s vs 5-10s,2173
JDISSEQE,47,1-0,White,<=5s vs 15-20s,1886
VaipEIyP,66,0-1,Black,<=5s vs 15-20s,1394
jPYgt8vb,74,0-1,Black,<=5s vs 15-20s,2341
KLWudZRH,89,0-1,White,<=5s vs <=5s,2455
lZ58mRx1,73,0-1,White,<=5s vs 5-10s,1428
4NsiJrFx,76,0-1,Black,<=5s vs 10-15s,2438
VLOw7iJf,108,0-1,Black,<=5s vs 5-10s,2215
VLEffzNt,129,1/2-1/2,White,<=5s vs 5-10s,2598
9QDQqnxl,69,1-0,White,<=5s vs 5-10s,1451
9LCKjcAT,88,0-1,Black,<=5s vs 10-15s,1789
aLcq0Y13,63,1-0,White,<=5s vs 15-20s,1737
QJWYecYi,60,0-1,Black,<=5s vs 15-20s,1511
k10f9yOg,58,0-1,Black,<=5s vs 15-20s,1146
XgrSRbEY,57,0-1,White,<=5s vs 5-10s,1320
fAXqUQDX,70,1-0,Black,<=5s vs 5-10s,1444
WfNO9z8A,105,1-0,White,<=5s vs <=5s,2614
BVdqQgqY,108,1-0,Black,<=5s vs <=5s,2192
hetNeTSP,72,0-1,Black,<=5s vs 5-10s,2134
6mvCICC1,60,1-0,Black,<=5s vs 15-20s,1921
krPCifW3,66,0-1,Black,<=5s vs 15-20s,1123
ZJyRAyHR,85,1-0,White,<=5s vs 15-20s,1831
VAnqfzpt,76,0-1,Black,<=5s vs 5-10s,2147
g1EHexvm,65,1-0,White,<=5s vs 5-10s,1618
RkIqVXSF,80,1-0,Black,<=5s vs <=5s,2586
ETdUNVyX,103,0-1,White,<=5s vs <=5s,2304
iEVFYe0M,89,1-0,White,<=5s vs 15-20s,2237
I3QGhVps,87,0-1,White,<=5s vs <=5s,2424
foQmLcoQ,80,0-1,Black,<=5s vs 5-10s,2184
grwqKnyH,99,1-0,White,<=5s vs 10-15s,1675
pAvu4ujL,54,0-1,Black,<=5s vs 10-15s,2064
2OCcDFfv,75,1-0,White,<=5s vs <=5s,2339
KqBm6f0f,87,1-0,White,<=5s vs 15-20s,1988
4ifyVCOc,55,0-1,White,<=5s vs 5-10s,1903
ObSXjlIE,79,1-0,White,<=5s vs 5-10s,1764
CQSyxyFO,83,1-0,White,<=5s vs 15-20s,1470
ilwYqS8S,117,1-0,White,<=5s vs <=5s,1159
CL1q9gCv,69,1-0,White,<=5s vs <=5s,1304
L6o57UcT,48,1-0,Black,<=5s vs 5-10s,1641
qGhkM9Qx,114,0-1,Black,<=5s vs 10-15s,2106
2NkyM26P,67,0-1,White,<=5s vs <=5s,1943
RAQgrzm5,101,1-0,White,<=5s vs 5-10s,2328
CIxWyXW5,63,1-0,White,<=5s vs 10-15s,1740
yuUhINUe,88,0-1,Black,<=5s vs 10-15s,2055
iNNsQQYk,69,1-0,White,<=5s vs 5-10s,1522
0TSUZ3Ka,80,0-1,Black,<=5s vs 10-15s,2155
cJtT8mJa,56,0-1,Black,<=5s vs 5-10s,1159
pNV0heMW,93,1/2-1/2,White,<=5s vs 10-15s,2175
OwsvEJzq,64,0-1,Black,<=5s vs 10-15s,2303
o1V0EK2o,41,1-0,White,<=5s vs 15-20s,705
7XMcaeHy,54,1-0,Black,<=5s vs <=5s,1734
U1lkaWbq,108,0-1,Black,<=5s vs 10-15s,2117
ZfStEqQN,90,0-1,Black,<=5s vs <=5s,1770
VrUFxaEF,75,1-0,White,<=5s vs 5-10s,2375
5nongmb2,105,1-0,White,<=5s vs 15-20s,2498
EeyPb2gP,84,0-1,Black,<=5s vs 10-15s,2300
6OAueGCL,104,1-0,Black,<=5s vs <=5s,2693
bKDbgsUb,65,1-0,White,<=5s vs 5-10s,1763
ylvQrAd9,74,0-1,Black,<=5s vs 10-15s,2217
GzbZjnnN,63,0-1,White,<=5s vs 5-10s,1589
w6FvXg6G,55,1-0,White,<=5s vs 10-15s,1723
EeijWvO8,70,0-1,Black,<=5s vs 5-10s,2183
mFqapY7u,74,0-1,Black,<=5s vs 5-10s,2249
xSnZQsJ0,62,0-1,Black,<=5s vs 15-20s,1723
83avpHXF,78,0-1,Black,<=5s vs 15-20s,2352
VQdqdqf8,47,0-1,White,<=5s vs <=5s,1280
XF5zgAaV,66,1-0,Black,<=5s vs 5-10s,2438
5UiPQpx1,67,0-1,White,<=5s vs 5-10s,1908
NjziCiFI,65,1-0,White,<=5s vs 15-20s,1463
Qn3eAxut,78,0-1,Black,<=5s vs 5-10s,2447
cX2fi6yR,64,0-1,Black,<=5s vs 5-10s,1474
Xx3GLaf2,99,1-0,White,<=5s vs 5-10s,1894
N1uKtPwX,48,0-1,Black,<=5s vs 15-20s,1220
WuSIZuI5,70,0-1,Black,<=5s vs 5-10s,2010
ZwYR6wD3,124,0-1,Black,<=5s vs 15-20s,2344
UaKY2rnP,81,1-0,White,<=5s vs 10-15s,2421
vPigBn1N,62,0-1,Black,<=5s vs 10-15s,2076
djLvNp45,79,1-0,White,<=5s vs 5-10s,1528
gBNtl1or,70,0-1,Black,<=5s vs <=5s,2018
SDUd815A,122,0-1,Black,<=5s vs <=5s,2367
5ekJUu37,61,1-0,White,<=5s vs 5-10s,1207
o41mfHA7,59,1-0,White,<=5s vs 5-10s,1823
BMpo0X8O,57,1-0,White,<=5s vs 10-15s,2055
yDrS5pko,68,1-0,Black,<=5s vs <=5s,1847
279CS8OP,80,0-1,Black,<=5s vs 15-20s,1623
5U9MsGfK,99,1-0,White,<=5s vs 15-20s,1594
QPbDCwpG,63,1-0,White,<=5s vs 5-10s,1525
BwE1iYap,73,1-0,White,<=5s vs 15-20s,1268
fj93k3dc,58,0-1,Black,<=5s vs 10-15s,1548
h6pkczui,55,1-0,White,<=5s vs 5-10s,1389
W3NFwhcM,94,1-0,Black,<=5s vs <=5s,2262
mfw7Exfa,110,0-1,Black,<=5s vs 10-15s,1208
OfjzKZ8S,63,0-1,White,<=5s vs 10-15s,1237
Vtd8Girz,80,1/2-1/2,Black,<=5s vs 5-10s,1863
qlzL06YM,128,0-1,Black,<=5s vs 5-10s,2664
zKxC0ksp,62,0-1,Black,<=5s vs <=5s,2164
JKbO985p,80,0-1,Black,<=5s vs <=5s,2064
DcFmF3vc,81,1-0,White,<=5s vs 15-20s,2045
xdF2lmQw,60,0-1,Black,<=5s vs 5-10s,1126
4oRFRS58,51,1-0,White,<=5s vs 10-15s,1604
Y6uGyZzr,110,0-1,Black,<=5s vs 5-10s,2369
T7QDst66,65,1-0,White,<=5s vs 5-10s,1647
S3YHVjrK,67,1-0,White,<=5s vs 15-20s,1427
mRxKlQb8,105,1-0,White,<=5s vs 5-10s,2208
c2hToeYI,79,1-0,White,<=5s vs 10-15s,1658
upVkVBhY,78,0-1,Black,<=5s vs 5-10s,1319
QU8Kc1Ys,75,0-1,White,<=5s vs <=5s,2067
Dbub5ENo,49,1-0,White,<=5s vs 10-15s,1242
ssHr8McX,51,1-0,White,<=5s vs 5-10s,1403
peeSf2w7,131,0-1,White,<=5s vs 5-10s,1890
nHKLd8xX,42,0-1,Black,<=5s vs 5-10s,1651
BWRIR0BJ,77,0-1,White,<=5s vs 5-10s,1319
jufXSZ3u,45,1-0,White,<=5s vs 15-20s,1186
s5ntxii9,72,1-0,Black,<=5s vs <=5s,1792
1gtnVJzB,80,1/2-1/2,Black,<=5s vs 10-15s,1293
peZJUC8s,73,1-0,White,<=5s vs 15-20s,1732
9xtyyWxc,80,0-1,Black,<=5s vs 5-10s,2209
60UK5xQP,61,0-1,White,<=5s vs 5-10s,1098
Wijc9uNC,69,1-0,White,<=5s vs 5-10s,1723
v9nZMlZl,118,1/2-1/2,Black,<=5s vs 10-15s,2042
8L65Va2l,67,1-0,White,<=5s vs 15-20s,1422
DUvztPwQ,84,0-1,Black,<=5s vs 5-10s,1528
MnVfDy20,95,1-0,White,<=5s vs 5-10s,2146
1SfnWySy,60,0-1,Black,<=5s vs 5-10s,2001
pvZ4znr8,71,1-0,White,<=5s vs 5-10s,1759
GWz0LTVl,95,1/2-1/2,White,<=5s vs 10-15s,2077
lfD0jJal,65,1-0,White,<=5s vs 15-20s,1794
rcel43wp,75,1-0,White,<=5s vs 10-15s,2435
f20yyM0R,34,0-1,Black,<=5s vs 15-20s,836
UGkYoIVm,90,0-1,Black,<=5s vs 5-10s,2319
gPQYMizT,50,0-1,Black,<=5s vs 5-10s,1705
a0D6UbfG,54,1/2-1/2,Black,<=5s vs 5-10s,1554
XSLPV1Cb,57,1-0,White,<=5s vs 15-20s,1176
eci0SBSP,83,1-0,White,<=5s vs 15-20s,1934
lIBAuMV9,79,1-0,White,<=5s vs 10-15s,2529
EU9W2tSL,52,0-1,Black,<=5s vs 15-20s,1389
9Li2CndT,94,0-1,Black,<=5s vs <=5s,1902
iUFwlm0c,107,1-0,White,<=5s vs 10-15s,2325
NZq8JYyb,62,1-0,Black,<=5s vs <=5s,1326
4qSJ6HYy,68,0-1,Black,<=5s vs 5-10s,1932
qxbfCJgL,117,1-0,White,<=5s vs 10-15s,2441
BeyN4sMh,74,1-0,Black,<=5s vs <=5s,1489
8jtAfE0m,64,0-1,Black,<=5s vs 5-10s,1491
Lry99Scc,66,1-0,Black,<=5s vs <=5s,1423
sVmym1JF,64,0-1,Black,<=5s vs 15-20s,1835
zlS9fsPV,74,0-1,Black,<=5s vs 10-15s,1854
NVn6WxSG,39,1-0,White,<=5s vs 10-15s,980
fr1y7jAD,66,0-1,Black,<=5s vs 5-10s,2509
YfJLdT5Y,57,1-0,White,<=5s vs 10-15s,1138
VWnq6JIY,61,0-1,White,<=5s vs <=5s,1518
EvLegg1f,111,1-0,White,<=5s vs 15-20s,2184
1z0VCXva,60,1-0,Black,<=5s vs 5-10s,1636
LuzsKVdy,65,1-0,White,<=5s vs <=5s,2119
KThI5HF2,43,1-0,White,<=5s vs 5-10s,699
cvptexhq,98,0-1,Black,<=5s vs 10-15s,2266
cRCkigqF,61,0-1,White,<=5s vs 10-15s,1584
SAF7ttaU,48,0-1,Black,<=5s vs <=5s,620
b0nWBXyT,123,1-0,White,<=5s vs 10-15s,2584
eqzQWrjS,76,0-1,Black,<=5s vs 10-15s,2121
IyX1P7Tv,98,0-1,Black,<=5s vs 5-10s,2286
iOO9HPwt,66,0-1,Black,<=5s vs 15-20s,1670
1hv0xjST,106,1-0,Black,<=5s vs 5-10s,2284
BYZ4IMbD,46,0-1,Black,<=5s vs 5-10s,1420
UKBvuwTU,63,1-0,White,<=5s vs 10-15s,1803
N3dLWaNI,40,0-1,Black,<=5s vs 15-20s,990
n8aEEw3R,67,1-0,White,<=5s vs 15-20s,2091
cjDMpfzu,154,0-1,Black,<=5s vs 5-10s,2456
egUN3M8A,73,1-0,White,<=5s vs 5-10s,1990
D3BzUal4,84,1-0,Black,<=5s vs <=5s,1851
lxjWAANp,89,0-1,White,<=5s vs 10-15s,2259
FsEAfbBT,82,0-1,Black,<=5s vs 15-20s,2070
FEAQBMZv,62,0-1,Black,<=5s vs 15-20s,2101
VgxQME6R,62,0-1,Black,<=5s vs 5-10s,1366
YsSZoR5H,69,1-0,White,<=5s vs 10-15s,1502
A3z3blI2,73,1-0,White,<=5s vs 15-20s,2541
mX2kAQZQ,106,0-1,Black,<=5s vs 15-20s,2533
gTKh1VHi,58,0-1,Black,<=5s vs <=5s,1353
0T7uG7l8,51,0-1,White,<=5s vs 5-10s,671
Eno6h4lS,101,1-0,White,<=5s vs 5-10s,1452
v2PAtQMF,75,1-0,White,<=5s vs 5-10s,1678
o7ZfD1ru,89,1-0,White,<=5s vs 5-10s,2113
pAuhthZT,63,1-0,White,<=5s vs 10-15s,2146
0cSE41yw,54,0-1,Black,<=5s vs 10-15s,1908
wKWBtiUb,52,0-1,Black,<=5s vs 10-15s,1556
ZtEEUE3q,61,1-0,White,<=5s vs 15-20s,1923
5Jin7cOi,124,0-1,Black,<=5s vs <=5s,1836
n6hhTYJ2,67,1-0,White,<=5s vs 15-20s,2211
Ifb0cJVT,69,0-1,White,<=5s vs 5-10s,1396
mLK30g2N,67,1-0,White,<=5s vs 5-10s,1332
lgFSa23Z,84,0-1,Black,<=5s vs <=5s,2107
CsCjF1TF,47,1-0,White,<=5s vs 10-15s,1038
QRJDHWXL,52,0-1,Black,<=5s vs 10-15s,1432
NUHmyx7A,57,1-0,White,<=5s vs 10-15s,1506
6OSuKyNj,64,0-1,Black,<=5s vs 5-10s,1468
D59FVYfC,71,1-0,White,<=5s vs 15-20s,1557
qzy5mUes,51,1-0,White,<=5s vs 5-10s,1344
0NjC35YR,41,1-0,White,<=5s vs 5-10s,1396
EywdnnAv,104,0-1,Black,<=5s vs 15-20s,1740
hRgBOfio,61,1-0,White,<=5s vs 15-20s,1448
9T0KFT1d,49,1-0,White,<=5s vs 10-15s,1022
Vzcto5rs,73,1-0,White,<=5s vs <=5s,1856
OmmwgzQT,75,0-1,White,<=5s vs <=5s,2050
DdAK2rPo,90,0-1,Black,<=5s vs 5-10s,2055
5KEE5YQ7,74,1/2-1/2,Black,<=5s vs <=5s,1554
WzolN056,48,0-1,Black,<=5s vs 10-15s,1454
WOFyZwwM,59,1-0,White,<=5s vs 10-15s,1865
SZbGd86W,70,0-1,Black,<=5s vs 15-20s,1530
C6PcX3wA,47,1-0,White,<=5s vs 10-15s,1349
JZWcbl4j,61,1-0,White,<=5s vs 15-20s,1753
JzHtMcAm,69,1-0,White,<=5s vs 5-10s,1683
ipLfGeR7,83,1-0,White,<=5s vs 10-15s,2246
9yiMRlpx,61,1-0,White,<=5s vs 15-20s,1772
Cdl4BZfu,54,1-0,Black,<=5s vs 5-10s,1306
rbX8IwFt,61,0-1,White,<=5s vs 5-10s,1246
SdLcjRVR,63,1-0,White,<=5s vs 15-20s,1085
XLbazbxJ,67,0-1,White,<=5s vs 5-10s,1649
NCJUm8xS,116,1-0,Black,<=5s vs 5-10s,1776
VgSjKL6l,62,0-1,Black,<=5s vs 5-10s,1484
XrYdp7b4,83,1-0,White,<=5s vs 15-20s,1796
FM1lNof3,56,0-1,Black,<=5s vs 5-10s,1233
2kOUx9C8,108,1/2-1/2,Black,<=5s vs 10-15s,2837
2lHvHsaV,50,1-0,Black,<=5s vs 5-10s,1432
UKH6aICJ,64,0-1,Black,<=5s vs 5-10s,2059
NVM9eCK3,61,1-0,White,<=5s vs 5-10s,1813
vHPiAEec,64,0-1,Black,<=5s vs 10-15s,2086
xQRWueTP,71,1-0,White,<=5s vs 15-20s,1668
AXoksuW4,53,1-0,White,<=5s vs 5-10s,1122
4RfVOa48,74,0-1,Black,<=5s vs 10-15s,1740
bBIxiKYa,60,1-0,Black,<=5s vs 5-10s,925
TkQXZ67r,72,1-0,Black,<=5s vs <=5s,2277
NChitrCH,78,0-1,Black,<=5s vs <=5s,1957
TA6w2yKy,55,1-0,White,<=5s vs 5-10s,1560
rBYLShv7,68,0-1,Black,<=5s vs <=5s,1767
lYJpDSAC,49,1-0,White,<=5s vs 5-10s,1470
SK3heafs,82,0-1,Black,<=5s vs 5-10s,1374
39Y9Rf9p,102,0-1,Black,<=5s vs 5-10s,2728
WsJI0QI3,126,0-1,Black,<=5s vs <=5s,2606
CEdq15ns,113,1-0,White,<=5s vs 5-10s,2095
gjwlCTNP,65,1-0,White,<=5s vs 15-20s,2205
MEfNENqH,74,0-1,Black,<=5s vs 10-15s,2168
NrElByki,60,0-1,Black,<=5s vs 10-15s,1154
QVkOsWoC,96,0-1,Black,<=5s vs 15-20s,2338
jQEk6k8o,75,1-0,White,<=5s vs <=5s,1500
cjM2rgJh,77,0-1,White,<=5s vs 15-20s,1604
jgeZHzsW,48,1-0,Black,<=5s vs <=5s,1592
wtn1zNJ7,56,0-1,Black,<=5s vs 10-15s,1943
BMRw91KA,102,0-1,Black,<=5s vs 5-10s,2459
UNjv42ON,48,0-1,Black,<=5s vs 5-10s,851
JN2PyIYD,111,1/2-1/2,White,<=5s vs 10-15s,1877
xXEof7ap,87,1-0,White,<=5s vs 10-15s,2443
67WAjgco,111,1-0,White,<=5s vs 10-15s,2007
8ln07ZUr,106,0-1,Black,<=5s vs 5-10s,2833
8Fa1heJp,92,0-1,Black,<=5s vs <=5s,2390
ZTdoXMfn,78,0-1,Black,<=5s vs <=5s,2093
FPYUKF9u,61,1-0,White,<=5s vs 15-20s,1810
2VcPnBn9,95,1-0,White,<=5s vs 5-10s,2170
pd5QjzGM,52,0-1,Black,<=5s vs 5-10s,1361
3MQiyi9m,68,0-1,Black,<=5s vs 10-15s,1552
aIhYLeAW,84,0-1,Black,<=5s vs 5-10s,2154
56vcNnWi,81,0-1,White,<=5s vs 5-10s,1036
2GBhoVxi,91,1-0,White,<=5s vs 5-10s,2340
OVf5sN3T,58,0-1,Black,<=5s vs 5-10s,970
32uwjRcj,109,1-0,White,<=5s vs 5-10s,2348
hXCgw29j,56,0-1,Black,<=5s vs 15-20s,1917
r9KzyFdV,98,1-0,Black,<=5s vs 5-10s,2310
xDUZLmiW,80,1-0,Black,<=5s vs 5-10s,2180
qhY1wFwt,56,0-1,Black,<=5s vs 15-20s,1285
qw2EWlxB,49,1-0,White,<=5s vs 15-20s,1122
IeWI9kXB,63,0-1,White,<=5s vs 5-10s,2241
7xFOMeMA,123,1/2-1/2,White,<=5s vs 5-10s,1935
bc8GxPqn,65,1-0,White,<=5s vs 15-20s,1765
l1h57iol,71,1-0,White,<=5s vs 15-20s,2432
Ds32NRkw,87,1-0,White,<=5s vs 15-20s,2036
GMpwBnZD,45,0-1,White,<=5s vs <=5s,1348
IbMZMLMr,61,1-0,White,<=5s vs 5-10s,1434
vKBpJIsV,87,1-0,White,<=5s vs 10-15s,2213
JaadcGx0,74,0-1,Black,<=5s vs <=5s,997
gKngtlvQ,62,1-0,Black,<=5s vs <=5s,1104
L9toQJ4p,57,1-0,White,<=5s vs 15-20s,1938
MbLGAx3E,66,1-0,Black,<=5s vs 5-10s,1982
9NsXdjg9,115,1-0,White,<=5s vs 15-20s,2199
3jT80Wjt,100,0-1,Black,<=5s vs 5-10s,2220
yEaa1zXy,80,0-1,Black,<=5s vs 5-10s,1945
x2Jrk4Pm,82,0-1,Black,<=5s vs 15-20s,1593
nK9Fs1Vy,57,1-0,White,<=5s vs 5-10s,1311
aEj9KKs5,83,1-0,White,<=5s vs 5-10s,1309
UE0JdGvE,83,1-0,White,<=5s vs 5-10s,2392
uBEN0qnj,45,1-0,White,<=5s vs 15-20s,1131
xDSVu3Up,119,1/2-1/2,White,<=5s vs 5-10s,2362
ANoxSrfc,88,0-1,Black,<=5s vs <=5s,2077
89fy6kU9,64,0-1,Black,<=5s vs 15-20s,1375
jCFRbWDo,81,1-0,White,<=5s vs 10-15s,2513
7tMsxcsm,47,1-0,White,<=5s vs 5-10s,1545
TFq0re3l,121,0-1,White,<=5s vs 5-10s,1981
kQMYVeKz,62,1-0,Black,<=5s vs <=5s,964
RvgGTLAD,40,0-1,Black,<=5s vs 10-15s,958
KhcT3noG,77,0-1,White,<=5s vs 5-10s,1764
mQpFvO8b,82,0-1,Black,<=5s vs 10-15s,2845
WOp8IOtY,67,1-0,White,<=5s vs 15-20s,1472
QyOnIHDk,63,1-0,White,<=5s vs 5-10s,1154
oDYSTip7,72,0-1,Black,<=5s vs 10-15s,1787
Xw6M85RS,66,0-1,Black,<=5s vs 5-10s,1897
Ei3Sbfgb,43,0-1,White,<=5s vs 5-10s,835
9xv9ysTb,56,0-1,Black,<=5s vs 5-10s,1347
SC22HOnt,50,0-1,Black,<=5s vs 5-10s,1183
xmJq4jai,62,0-1,Black,<=5s vs 15-20s,1306
GW2rN9yo,53,0-1,White,<=5s vs 10-15s,1118
rUvPFxgr,85,1-0,White,<=5s vs 15-20s,2036
sp1laeU4,82,0-1,Black,<=5s vs 10-15s,2297
L9yjIjKZ,94,0-1,Black,<=5s vs 15-20s,2036
jZJ6WJoA,63,1-0,White,<=5s vs 10-15s,1216
FXuxg89n,59,1-0,White,<=5s vs 15-20s,1403
nPm8oDyH,59,1-0,White,<=5s vs 15-20s,2023
9VWY6bPk,48,0-1,Black,<=5s vs 10-15s,858
zeTle6dA,135,1-0,White,<=5s vs 15-20s,2073
OhC5QBOO,49,1-0,White,<=5s vs 5-10s,1364
kkYT5ErG,52,0-1,Black,<=5s vs 10-15s,1294
PmJA05tA,55,1-0,White,<=5s vs 10-15s,1502
iUpf9POa,58,1-0,Black,<=5s vs 5-10s,1490
mMYZnJH2,58,0-1,Black,<=5s vs 5-10s,1589
Dh2T2ZaN,81,1-0,White,<=5s vs 10-15s,2351
uUgRPI4g,115,1-0,White,<=5s vs 10-15s,2545
BTWSDE8e,44,0-1,Black,<=5s vs 15-20s,1386
mZN0eg4m,106,1-0,Black,<=5s vs 5-10s,1838
3Cm5TFa2,70,0-1,Black,<=5s vs 5-10s,1837
Bu0dAMk7,87,1-0,White,<=5s vs 10-15s,1714
jLESrdjx,44,0-1,Black,<=5s vs 15-20s,1218
Lp6NP0PM,82,1-0,Black,<=5s vs 15-20s,2030
7JoqIHzq,73,1-0,White,<=5s vs 5-10s,2035
Z4GhYM2Q,108,0-1,Black,<=5s vs 5-10s,1494
uOkQGcHm,39,1-0,White,<=5s vs 15-20s,1540
mrNxuDmi,133,1-0,White,<=5s vs 15-20s,2072
KPluH8sn,100,1/2-1/2,Black,<=5s vs <=5s,2181
4UrjEpUY,64,1/2-1/2,Black,<=5s vs 10-15s,1601
rBla1U5Z,70,0-1,Black,<=5s vs 10-15s,1500
1HS7lMh4,37,1-0,White,<=5s vs 10-15s,1200
S5trTGtv,36,0-1,Black,<=5s vs 15-20s,1014
iLB8ZUeg,51,1-0,White,<=5s vs 15-20s,1680
dSliafFL,74,1-0,Black,<=5s vs 5-10s,1880
kyRw5gTz,68,1-0,Black,<=5s vs <=5s,2160
db2OshH7,43,0-1,White,<=5s vs 10-15s,1097
FagGERFY,73,0-1,White,<=5s vs <=5s,2202
Bfo1MTvh,80,0-1,Black,<=5s vs 15-20s,1911
kb1NTqIG,51,0-1,White,<=5s vs <=5s,1321
5fDeEWPX,133,1-0,White,<=5s vs 15-20s,2195
Q7yqunoi,65,1-0,White,<=5s vs 10-15s,1519
TSJGYg8Y,64,0-1,Black,<=5s vs 15-20s,2052
6qaAHUil,99,1-0,White,<=5s vs 10-15s,1861
CkiQt6QQ,91,1-0,White,<=5s vs 15-20s,2231
STFqldpJ,58,0-1,Black,<=5s vs 5-10s,1671
mEP6QwIY,72,0-1,Black,<=5s vs 5-10s,1174
ooKmYSDG,57,1-0,White,<=5s vs 10-15s,2027
AjzmWUpt,79,1-0,White,<=5s vs 5-10s,2055
krmFWeNB,74,0-1,Black,<=5s vs 10-15s,1481
PeW0nibp,59,1-0,White,<=5s vs 10-15s,1803
mCMM5e1Z,71,1-0,White,<=5s vs 15-20s,1208
HQOdxQvG,54,0-1,Black,<=5s vs 10-15s,1625
PwmsSoA8,47,1-0,White,<=5s vs 15-20s,1142
1GDi5sre,94,0-1,Black,<=5s vs 10-15s,1721
jiGHxikq,64,0-1,Black,<=5s vs 15-20s,2158
ASAO4lq1,56,0-1,Black,<=5s vs 15-20s,866
DO3kz3aQ,80,0-1,Black,<=5s vs 10-15s,2060
qetHCui8,62,0-1,Black,<=5s vs <=5s,1384
dPHANjF2,76,0-1,Black,<=5s vs 10-15s,1672
EHL6RSwM,86,0-1,Black,<=5s vs <=5s,1785
mZlzmcR2,79,1-0,White,<=5s vs 5-10s,1069
MylaIBJv,59,1-0,White,<=5s vs 5-10s,1650
zWKirJ2F,45,1-0,White,<=5s vs 15-20s,1238
FzjutCve,43,1-0,White,<=5s vs 15-20s,928
O7MIOpO0,120,0-1,Black,<=5s vs 5-10s,2204
9topPPWv,41,1-0,White,<=5s vs 5-10s,872
DPIYwCMi,123,1-0,White,<=5s vs 10-15s,1596
eiYAFmG5,52,0-1,Black,<=5s vs 5-10s,1041
Gt8eA3Np,73,1-0,White,<=5s vs 5-10s,2273
4QJrMRxc,47,1-0,White,<=5s vs 10-15s,1586
J5yzaUhR,65,1-0,White,<=5s vs 10-15s,975
iBja5FGI,56,1-0,Black,<=5s vs <=5s,1546
sA3joc0b,80,0-1,Black,<=5s vs 15-20s,1915
zd8kycom,62,0-1,Black,<=5s vs 15-20s,1521
jrXkkYy7,82,0-1,Black,<=5s vs 10-15s,1968
IHAE3fpA,90,1-0,Black,<=5s vs 5-10s,2210
rsdUxQbo,61,1-0,White,<=5s vs 15-20s,1978
8WiaObPE,57,1-0,White,<=5s vs 15-20s,1327
wEg77xJi,67,1-0,White,<=5s vs 10-15s,1830
tyJb2x5A,66,0-1,Black,<=5s vs 15-20s,1617
y8PDUjBT,49,1-0,White,<=5s vs 15-20s,1023
Wq3jqtuy,149,0-1,White,<=5s vs <=5s,1167
u12nO1Ix,71,1-0,White,<=5s vs 10-15s,1487
ahFMn04u,55,1-0,White,<=5s vs 5-10s,1245
1dptZWpK,88,0-1,Black,<=5s vs 5-10s,1337
3XZUPcA5,68,0-1,Black,<=5s vs 10-15s,1857
FtmTMnAq,90,0-1,Black,<=5s vs 10-15s,1997
w93FUylY,97,1-0,White,<=5s vs 10-15s,2557
K5ESp6Ah,46,0-1,Black,<=5s vs 15-20s,1068
ZFidwmEl,56,1-0,Black,<=5s vs 10-15s,1531
WOCMOZBC,66,0-1,Black,<=5s vs 10-15s,1688
fJt87TSJ,64,0-1,Black,<=5s vs 5-10s,1053
voCXdXzC,65,1-0,White,<=5s vs 5-10s,1543
keYuFqo8,90,0-1,Black,<=5s vs 10-15s,2161
HPqYxtRT,42,0-1,Black,<=5s vs 15-20s,1121
KH7H49ll,78,0-1,Black,<=5s vs 15-20s,1828
m7Zt3oGo,90,0-1,Black,<=5s vs 15-20s,2361
vQqXeywO,81,1-0,White,<=5s vs 5-10s,1561
vDVWIm4H,95,1-0,White,<=5s vs 15-20s,2422
btQmEqpq,96,0-1,Black,<=5s vs <=5s,1665
6TatKsUW,36,0-1,Black,<=5s vs 10-15s,1098
nQ57gKsN,78,0-1,Black,<=5s vs 10-15s,2214
ekjxuueE,77,1-0,White,<=5s vs 5-10s,2273
D7DcTMVT,99,1-0,White,<=5s vs 5-10s,3009
p5EruEcI,45,1-0,White,<=5s vs 5-10s,1047
TP4jGZDF,36,0-1,Black,<=5s vs 15-20s,1006
c90iu6V8,62,1-0,Black,<=5s vs 10-15s,1963
HVEJdjzz,56,0-1,Black,<=5s vs 15-20s,1018
DaDXmRQ0,58,0-1,Black,<=5s vs 5-10s,1660
RCcuQy33,69,1-0,White,<=5s vs 15-20s,1906
O5qpGOaI,60,0-1,Black,<=5s vs <=5s,1337
BpS9n8lF,113,1-0,White,<=5s vs 15-20s,2216
JRLMSYcJ,70,0-1,Black,<=5s vs <=5s,2515
FPsvrIcm,68,0-1,Black,<=5s vs 10-15s,967
b6ELkwK2,63,1-0,White,<=5s vs 5-10s,1979
H14KFUk3,38,0-1,Black,<=5s vs 15-20s,894
KmDRlFRs,63,1-0,White,<=5s vs 5-10s,1515
8DHluikX,85,1-0,White,<=5s vs 5-10s,2576
8YGvgciX,70,0-1,Black,<=5s vs 15-20s,1925
1qF9uHzD,76,1-0,Black,<=5s vs <=5s,1828
TxmsMGaa,58,0-1,Black,<=5s vs 5-10s,1046
ShKuRhqR,65,1-0,White,<=5s vs 5-10s,1499
TCphXYlx,84,1/2-1/2,Black,<=5s vs 10-15s,1108
uDb5U51H,47,1-0,White,<=5s vs 15-20s,1025
M75IENyx,70,0-1,Black,<=5s vs 15-20s,1944
qLhA7mGk,35,1-0,White,<=5s vs 5-10s,1174
CUBtYCnc,68,1-0,Black,<=5s vs 5-10s,2130
MzAZtpNH,68,0-1,Black,<=5s vs 5-10s,2440
7aZ23BaG,72,0-1,Black,<=5s vs 5-10s,1424
E3BYqNex,76,0-1,Black,<=5s vs 5-10s,2022
tsw206iN,71,1/2-1/2,White,<=5s vs 10-15s,2391
xE5meptJ,39,1-0,White,<=5s vs 5-10s,634
h3XW4Pja,66,0-1,Black,<=5s vs 5-10s,1762
XqYsV05A,95,1/2-1/2,White,<=5s vs 15-20s,1536
QRtiyMwH,54,0-1,Black,<=5s vs 15-20s,1919
JbrbGiTQ,73,1-0,White,<=5s vs <=5s,1376
T19X9JMq,69,1-0,White,<=5s vs 15-20s,874
oNsHedYt,47,1-0,White,<=5s vs <=5s,749
u9eg6XF3,57,1-0,White,<=5s vs 15-20s,1321
jNI9ZQCv,86,0-1,Black,<=5s vs 5-10s,1933
V0zBjpRG,52,0-1,Black,<=5s vs 15-20s,1082
elHd0TJn,48,0-1,Black,<=5s vs 15-20s,1397
L57kJPCU,77,0-1,White,<=5s vs <=5s,2380
NEOnHRRg,70,0-1,Black,<=5s vs 10-15s,2181
Hb9IbC5I,119,0-1,White,<=5s vs 5-10s,2599
ESanhnB4,99,1-0,White,<=5s vs 5-10s,2059
DRwvtkhV,69,0-1,White,<=5s vs <=5s,1380
jxSDIEU5,74,0-1,Black,<=5s vs 15-20s,1715
JhKAkw0v,72,0-1,Black,<=5s vs 15-20s,2238
TrBMmnM3,77,1-0,White,<=5s vs 15-20s,1716
nsVKDyfX,52,0-1,Black,<=5s vs 10-15s,1238
tASz4K8n,79,1-0,White,<=5s vs 5-10s,2142
Crooqa9p,89,1-0,White,<=5s vs 10-15s,2901
JJaWwwj7,69,1-0,White,<=5s vs 5-10s,1058
B5UbuNf4,44,1-0,Black,<=5s vs 5-10s,805
gY9xHY1g,48,1-0,Black,<=5s vs <=5s,1896
B2ev4xr8,132,0-1,Black,<=5s vs 15-20s,2263
fdgAU0yD,89,1-0,White,<=5s vs 5-10s,2417
oz8yDQkV,52,1-0,Black,<=5s vs <=5s,1300
ZlT1aT6M,82,0-1,Black,<=5s vs 15-20s,1457
65jHCYMh,63,1-0,White,<=5s vs 10-15s,1338
DQxIyrEH,54,0-1,Black,<=5s vs 15-20s,1267
ivDBc8vL,65,1-0,White,<=5s vs 5-10s,1840
4HfUAi5A,121,1-0,White,<=5s vs 5-10s,2222
1T1QqC3W,52,1-0,Black,<=5s vs <=5s,1648
xzEOxbUm,57,1-0,White,<=5s vs 10-15s,1203
8DuSunGJ,104,1/2-1/2,Black,<=5s vs 5-10s,1768
EDzg0HN7,68,1-0,Black,<=5s vs 5-10s,2208
tSzE6y4K,66,0-1,Black,<=5s vs <=5s,1506
FWWmCnsX,85,1-0,White,<=5s vs 10-15s,1987
NrIhqJs7,76,0-1,Black,<=5s vs <=5s,2382
61sASB8D,58,0-1,Black,<=5s vs 5-10s,1083
FGdCLnmy,92,0-1,Black,<=5s vs 10-15s,1845
jwyw4JRI,71,1-0,White,<=5s vs 5-10s,1283
rLrIWC2F,78,0-1,Black,<=5s vs <=5s,1828
0blbs17E,125,1/2-1/2,White,<=5s vs <=5s,2184
cP3ea3bx,63,1-0,White,<=5s vs 10-15s,1431
7pIHGTTF,64,0-1,Black,<=5s vs 15-20s,2336
gxkZWtGP,119,1/2-1/2,White,<=5s vs 15-20s,2455
HhHbR4p4,79,1-0,White,<=5s vs 5-10s,1921
0klA5I7m,77,1-0,White,<=5s vs 5-10s,1952
4Iqe4he9,110,0-1,Black,<=5s vs 5-10s,1689
bZj3O94c,112,1-0,Black,<=5s vs <=5s,2688
jtoxggA7,44,0-1,Black,<=5s vs <=5s,1458
i5gNp5jS,56,0-1,Black,<=5s vs 5-10s,1734
PGTbfaCd,71,1-0,White,<=5s vs 15-20s,2106
eylxVsWJ,94,0-1,Black,<=5s vs 5-10s,1282
uA8aGyMN,50,0-1,Black,<=5s vs 10-15s,907
56mq8cBb,94,0-1,Black,<=5s vs 5-10s,2873
tevhEyf8,63,1-0,White,<=5s vs 10-15s,2109
6aj81OJu,47,1-0,White,<=5s vs 5-10s,1124
pGP3Twit,59,1-0,White,<=5s vs 15-20s,1640
gSat8ZV4,94,1-0,Black,<=5s vs 5-10s,1987
xYQAeft6,64,0-1,Black,<=5s vs 10-15s,1241
xHxR6Mrv,65,1-0,White,<=5s vs 5-10s,1617
XHVBTcmW,75,0-1,White,<=5s vs 10-15s,2276
wcJLDQoK,80,0-1,Black,<=5s vs 5-10s,1722
BimerXin,56,0-1,Black,<=5s vs 10-15s,1518
TtmU9U6d,64,0-1,Black,<=5s vs 10-15s,1487
zIcXFMia,91,1-0,White,<=5s vs 5-10s,2174
AsAhnsFg,66,0-1,Black,<=5s vs 10-15s,1705
SITomZ2L,47,1-0,White,<=5s vs 15-20s,1270
keA1jtXh,119,1/2-1/2,White,<=5s vs 10-15s,2487
BFYMrMGt,46,0-1,Black,<=5s vs 15-20s,1108
w0nNXtKu,104,0-1,Black,<=5s vs 15-20s,2083
HesCtcC3,97,1-0,White,<=5s vs 5-10s,2321
UcTWB0fn,70,1-0,Black,<=5s vs 5-10s,1414
Z0VnORZE,76,1-0,Black,<=5s vs 5-10s,1836
6VJp5U7q,116,1/2-1/2,Black,<=5s vs <=5s,2460
RG1J7NUc,73,1-0,White,<=5s vs 15-20s,1836
6z0iBCiV,61,1-0,White,<=5s vs 5-10s,1513
kLLeLTLE,48,0-1,Black,<=5s vs 10-15s,1027
ErGJ2uka,82,0-1,Black,<=5s vs <=5s,2237
nlzGMwcR,57,1-0,White,<=5s vs 10-15s,2450
oYA22qrg,130,1-0,Black,<=5s vs 15-20s,2390
SMHe9f5j,69,1-0,White,<=5s vs 5-10s,2231
iDch0BWg,124,0-1,Black,<=5s vs 15-20s,1696
TSkC48vJ,69,1-0,White,<=5s vs 10-15s,1555
eNI77KtI,96,0-1,Black,<=5s vs 10-15s,2036
iumMftqd,56,0-1,Black,<=5s vs 15-20s,1164
XfKN3THu,87,1-0,White,<=5s vs 15-20s,1791
08Ahiu9Z,69,1-0,White,<=5s vs 5-10s,1277
yja92MWf,89,1-0,White,<=5s vs 10-15s,1689
bdB0d33i,48,0-1,Black,<=5s vs 15-20s,1570
z66zNle3,44,0-1,Black,<=5s vs 10-15s,1420
OjtMooU6,92,0-1,Black,<=5s vs 5-10s,1793
aZXs75dd,78,1-0,Black,<=5s vs <=5s,2059
P1rl76eO,87,1-0,White,<=5s vs 5-10s,2226
YrAPJ7rJ,93,1-0,White,<=5s vs 5-10s,1719
wlkOjEXb,68,0-1,Black,<=5s vs 5-10s,1850
EQkgsPjy,90,0-1,Black,<=5s vs 10-15s,2226
Lp7XQn2J,88,0-1,Black,<=5s vs <=5s,2063
Or8diJGS,62,0-1,Black,<=5s vs <=5s,1403
4pYpdBIs,72,0-1,Black,<=5s vs 5-10s,1635
qN7mQITY,69,1-0,White,<=5s vs 15-20s,1823
2iJvu7N3,100,1/2-1/2,Black,<=5s vs 15-20s,2174
EypUdFrw,121,1-0,White,<=5s vs 5-10s,1700
znRHYnsT,76,0-1,Black,<=5s vs 10-15s,2958
aucK3lM9,45,1-0,White,<=5s vs 15-20s,1102
zPRR8PFo,76,0-1,Black,<=5s vs <=5s,1427
9it2QEdK,51,1-0,White,<=5s vs 5-10s,1519
6uojhod8,103,0-1,White,<=5s vs 5-10s,2641
Ljjk0oLA,73,1-0,White,<=5s vs 15-20s,1485
KO6SRe80,80,1-0,Black,<=5s vs 5-10s,1948
TyF0s6wz,29,1-0,White,<=5s vs 15-20s,974
fQd0qyrp,77,1-0,White,<=5s vs 15-20s,1592
dQ959Xvk,88,0-1,Black,<=5s vs 10-15s,1508
nrOzx2gP,61,1-0,White,<=5s vs 5-10s,1875
8c9dPNM7,110,0-1,Black,<=5s vs 15-20s,2209
BmYaZt8d,46,0-1,Black,<=5s vs 5-10s,1232
iU8KjJ8N,73,1-0,White,<=5s vs 5-10s,1216
p6FeyRKA,49,1-0,White,<=5s vs 10-15s,2097
GjPxqJwE,57,1-0,White,<=5s vs 15-20s,2741
xVVdpY9y,47,1-0,White,<=5s vs 15-20s,1267
Jw2f3TLL,79,0-1,White,<=5s vs 10-15s,2434
2YyCBME8,121,1/2-1/2,White,<=5s vs 5-10s,2594
axeAAJZw,36,0-1,Black,<=5s vs 15-20s,1208
0aKlo1eU,91,1/2-1/2,White,<=5s vs 5-10s,2961
bKlEjHCx,58,1-0,Black,<=5s vs 10-15s,1755
7lsQn3uF,87,0-1,White,<=5s vs 5-10s,2094
oOqcXg5M,42,0-1,Black,<=5s vs 15-20s,1211
2hrbVJji,61,1-0,White,<=5s vs 15-20s,1989
9MIVcHE1,53,1-0,White,<=5s vs 10-15s,1503
N0zkuaXC,78,0-1,Black,<=5s vs 5-10s,1699
dG3nHs1l,50,0-1,Black,<=5s vs 5-10s,1134
SMDitFSF,78,0-1,Black,<=5s vs <=5s,1985
gQh6zIf4,68,0-1,Black,<=5s vs 5-10s,1408
m24xjbSI,99,1/2-1/2,White,<=5s vs 15-20s,1818
U5IK53CU,117,1-0,White,<=5s vs 15-20s,2204
WYLXcwns,68,0-1,Black,<=5s vs 5-10s,1446
PvKboM1d,95,1-0,White,<=5s vs 10-15s,2278
GUvK6hZt,106,1-0,Black,<=5s vs 5-10s,1493
GmsVVtly,46,0-1,Black,<=5s vs 15-20s,1569
gMuLp3CG,77,1-0,White,<=5s vs 15-20s,1826
q7KoSXGh,60,0-1,Black,<=5s vs <=5s,1042
99XjJpdO,114,1/2-1/2,Black,<=5s vs 5-10s,2277
C3CzWYrn,71,1-0,White,<=5s vs 10-15s,1941
1n75XUFP,102,0-1,Black,<=5s vs 10-15s,2532
nNGiBMp2,69,1-0,White,<=5s vs 10-15s,1926
YHvxPmZO,78,0-1,Black,<=5s vs 5-10s,1022
4EuBqlKG,116,1-0,Black,<=5s vs 5-10s,2524
oL5iTKmN,79,1-0,White,<=5s vs 15-20s,2168
PsmGoQLj,69,0-1,White,<=5s vs 5-10s,2371
fX87oE5a,141,1-0,White,<=5s vs 5-10s,2085
KLbNIqij,55,1-0,White,<=5s vs 10-15s,2400
wqxNPv2L,59,1-0,White,<=5s vs 10-15s,1248
GPrPsURd,74,0-1,Black,<=5s vs <=5s,1315
HtwgLnxQ,43,1-0,White,<=5s vs 10-15s,1512
rpeVHp3W,59,0-1,White,<=5s vs 5-10s,1797
bArgArZE,85,0-1,White,<=5s vs <=5s,2218
t0m8MpNI,127,0-1,White,<=5s vs <=5s,2519
I5tsBdoc,105,1/2-1/2,White,<=5s vs 15-20s,2238
YW0up80D,73,1-0,White,<=5s vs 5-10s,2122
whYhUf36,44,0-1,Black,<=5s vs 10-15s,1004
sgrPrO8h,108,0-1,Black,<=5s vs 10-15s,2403
IRj9VhsF,54,1-0,Black,<=5s vs 5-10s,1307
bA8QtBV8,97,1-0,White,<=5s vs 10-15s,2397
xbLebHey,60,0-1,Black,<=5s vs 15-20s,2028
b5NlzFiV,52,0-1,Black,<=5s vs 10-15s,1448
Y5urcX9e,61,1-0,White,<=5s vs 10-15s,1585
3sau1C80,47,1-0,White,<=5s vs 5-10s,1037
UIVzP33a,65,1-0,White,<=5s vs <=5s,1913
lfr6PVnW,92,0-1,Black,<=5s vs 5-10s,1880
jfYiW01D,69,0-1,White,<=5s vs 10-15s,2101
WrlPkXLK,56,0-1,Black,<=5s vs 5-10s,1225
TROZHYDF,90,0-1,Black,<=5s vs 10-15s,1311
5aTl5zhU,100,0-1,Black,<=5s vs 15-20s,2373
JzQzXpWn,73,1-0,White,<=5s vs 5-10s,2627
Kp11ze0u,67,1-0,White,<=5s vs 10-15s,1851
wHcsovPZ,129,1/2-1/2,White,<=5s vs 5-10s,1718
OWO1LcXM,90,1-0,Black,<=5s vs <=5s,1719
RIiLyvVP,70,0-1,Black,<=5s vs 5-10s,2879
pUwDzR1V,73,1-0,White,<=5s vs 5-10s,1900
HSmoQs2I,87,1-0,White,<=5s vs 10-15s,2215
keMJq6Cd,88,0-1,Black,<=5s vs 10-15s,1930
m1FRBXGj,78,1-0,Black,<=5s vs 5-10s,1817
NFGGgzw6,82,1-0,Black,<=5s vs 5-10s,2364
Q3E5pbzr,82,1-0,Black,<=5s vs <=5s,1499
PFym2lCA,86,0-1,Black,<=5s vs <=5s,2033
swTyxnrN,108,0-1,Black,<=5s vs 5-10s,1855
pETZ4jo3,63,1-0,White,<=5s vs 5-10s,1793
OujQGdth,64,0-1,Black,<=5s vs 10-15s,1665
IDfxb6iG,107,1/2-1/2,White,<=5s vs 5-10s,2643
0SdW6DcN,66,0-1,Black,<=5s vs 5-10s,1584
84e0Slsx,42,1-0,Black,<=5s vs 5-10s,993
3wD9jhgF,65,1-0,White,<=5s vs 15-20s,1795
SiRU1Ez6,134,1-0,Black,<=5s vs <=5s,2065
N8KSY1nT,84,0-1,Black,<=5s vs 5-10s,2159
LBLgqj6P,107,1/2-1/2,White,<=5s vs 5-10s,2489
er0hgaEF,69,1-0,White,<=5s vs 15-20s,2096
T7cW5bJP,67,1-0,White,<=5s vs 15-20s,2547
ULR8n4AH,75,1-0,White,<=5s vs 5-10s,2170
1JJCJif4,116,1-0,Black,<=5s vs 5-10s,2151
CNH99xH9,36,0-1,Black,<=5s vs 15-20s,1538
WTIc7ruz,59,1-0,White,<=5s vs 15-20s,1862
KaVQhgok,72,0-1,Black,<=5s vs 10-15s,1604
sJfCpAMm,72,0-1,Black,<=5s vs 5-10s,1673
OZSTARDY,49,1-0,White,<=5s vs 15-20s,1903
k2nYim99,78,1-0,Black,<=5s vs <=5s,1695
JN0yTILm,62,0-1,Black,<=5s vs 15-20s,2184
wCH4LN6n,66,0-1,Black,<=5s vs 15-20s,2243
xu2dkSV1,79,1-0,White,<=5s vs 5-10s,1351
kbrGBMdi,58,0-1,Black,<=5s vs <=5s,1532
4p2w8kUP,82,0-1,Black,<=5s vs 10-15s,1565
8r8yGOMZ,83,1-0,White,<=5s vs 5-10s,2476
L78fMs3W,69,0-1,White,<=5s vs 5-10s,1410
W8JYAhvc,101,1-0,White,<=5s vs 5-10s,2002
H7F24gt7,149,1/2-1/2,White,<=5s vs 5-10s,2573
5a4WTCFu,62,0-1,Black,<=5s vs 5-10s,2299
rS0xAwww,66,0-1,Black,<=5s vs 15-20s,2287
Qt9AuJQq,54,0-1,Black,<=5s vs 5-10s,2195
QVtgXhsV,66,1-0,Black,<=5s vs 5-10s,1795
PJhrtXDa,55,1-0,White,<=5s vs 10-15s,990
RhZ2D9oO,69,1-0,White,<=5s vs <=5s,1950
cf0eXPe7,94,0-1,Black,<=5s vs 10-15s,2277
TYDOIKXN,53,0-1,White,<=5s vs <=5s,1732
yyr5Pm0n,64,0-1,Black,<=5s vs 10-15s,1756
s9wENNbv,74,0-1,Black,<=5s vs 5-10s,1624
3VYAAlSU,54,0-1,Black,<=5s vs 5-10s,1408
Nehycn4L,77,1-0,White,<=5s vs 15-20s,1204
P21obPG3,72,1-0,Black,<=5s vs 5-10s,2002
D5ftskAX,84,0-1,Black,<=5s vs 10-15s,1236
oxZukY8Z,86,0-1,Black,<=5s vs 5-10s,2642
Z07jRox0,61,1-0,White,<=5s vs 15-20s,2096
wi1DfeMd,77,1-0,White,<=5s vs <=5s,1213
N01hQuS9,75,1-0,White,<=5s vs 15-20s,1559
dt1mHliA,54,0-1,Black,<=5s vs 5-10s,1508
NsWajePh,178,0-1,Black,<=5s vs 10-15s,2145
KSNVsPRe,70,0-1,Black,<=5s vs <=5s,1849
tGDkkqUu,93,1-0,White,<=5s vs 5-10s,1121
Sh72lvuH,50,0-1,Black,<=5s vs 15-20s,1798
Dw6GOrQP,102,0-1,Black,<=5s vs 5-10s,2219
IaMlOJUZ,73,0-1,White,<=5s vs 5-10s,2111
H7BHpE0q,104,1-0,Black,<=5s vs 5-10s,2488
p2A2Q20h,51,1-0,White,<=5s vs 5-10s,1014
C2BjDOIm,86,0-1,Black,<=5s vs <=5s,2038
3fddknrq,100,0-1,Black,<=5s vs <=5s,943
lsysYzfb,72,1-0,Black,<=5s vs <=5s,1561
FtWQaScJ,55,1-0,White,<=5s vs 10-15s,1987
gkqrKHXE,74,0-1,Black,<=5s vs <=5s,1513
OUJCdYAW,103,1-0,White,<=5s vs 5-10s,2008
eUoevX11,66,0-1,Black,<=5s vs 5-10s,2081
An12von1,55,1-0,White,<=5s vs 15-20s,1498
xSLHvmtT,75,0-1,White,<=5s vs 10-15s,2429
hj44RnWZ,60,0-1,Black,<=5s vs 15-20s,1690
YV6FX6ga,84,0-1,Black,<=5s vs 15-20s,1096
PaneaG0l,119,1/2-1/2,White,<=5s vs 10-15s,1595
niRkGprR,101,1-0,White,<=5s vs 15-20s,2533
vpwlvlGb,55,1-0,White,<=5s vs 15-20s,2187
gdkFU9LL,46,0-1,Black,<=5s vs 15-20s,939
6trmn93Y,55,1-0,White,<=5s vs 10-15s,1061
ZTkJTLV6,83,0-1,White,<=5s vs <=5s,1507
4imDs2Hz,67,1-0,White,<=5s vs 15-20s,1721
AeeWO0b2,65,1-0,White,<=5s vs 15-20s,1630
PK2V4TuH,72,0-1,Black,<=5s vs 5-10s,2406
GtoMC2GG,55,1-0,White,<=5s vs 10-15s,1898
iPxDd7Y9,60,0-1,Black,<=5s vs 10-15s,1919
SgIaZTBq,72,1-0,Black,<=5s vs 5-10s,2533
XuaVhPaL,59,1-0,White,<=5s vs 10-15s,839
fWD4P2Yy,78,0-1,Black,<=5s vs 10-15s,2139
UHE7lv4V,55,1-0,White,<=5s vs 10-15s,1220
6lcWxEc1,84,0-1,Black,<=5s vs <=5s,1882
vR8u18t6,84,0-1,Black,<=5s vs 15-20s,2401
Krj6FaAk,66,1-0,Black,<=5s vs <=5s,1550
kXx83kA7,57,1-0,White,<=5s vs 10-15s,1268
8f9ICAT8,75,1-0,White,<=5s vs 15-20s,2668
V0JdlDs2,82,0-1,Black,<=5s vs 5-10s,2103
O0hJdKQN,67,1-0,White,<=5s vs 15-20s,2006
3xdPKzX3,105,1-0,White,<=5s vs 15-20s,2118
BAzynlXF,87,1-0,White,<=5s vs 5-10s,2306
Hrg6dOVM,102,0-1,Black,<=5s vs 10-15s,2308
xvDHWuZo,59,1-0,White,<=5s vs 10-15s,1153
1v1MDGJQ,87,0-1,White,<=5s vs <=5s,3052
QxG249I1,115,1/2-1/2,White,<=5s vs <=5s,2293
Qzf4kr8x,71,1-0,White,<=5s vs 15-20s,2220
FnQzMhni,97,1/2-1/2,White,<=5s vs 15-20s,2405
SK9Q6eEg,72,0-1,Black,<=5s vs 10-15s,1233
jsPGCsoi,59,1-0,White,<=5s vs 10-15s,1589
Zk9ICjAw,109,1-0,White,<=5s vs 5-10s,2346
rbiIKo0g,82,0-1,Black,<=5s vs <=5s,2289
x5nykRkT,84,0-1,Black,<=5s vs 5-10s,2647
MEqf5SVe,68,0-1,Black,<=5s vs 10-15s,2161
27LpMqtx,54,0-1,Black,<=5s vs 10-15s,1186
4vExlh5q,40,0-1,Black,<=5s vs 15-20s,1284
A3J7kxqP,58,0-1,Black,<=5s vs 15-20s,1592
5BiMQkOZ,91,1-0,White,<=5s vs 5-10s,2378
hFaZMksc,59,1-0,White,<=5s vs 15-20s,1425
EgaQWsHE,83,1-0,White,<=5s vs 5-10s,1642
OLYSMKBF,44,0-1,Black,<=5s vs 15-20s,1684
zoqDVhsd,137,1/2-1/2,White,<=5s vs 10-15s,2585
BD7wFvqA,88,0-1,Black,<=5s vs 15-20s,1863
6OrxrG1r,62,0-1,Black,<=5s vs 15-20s,1825
axrlMOUP,59,1-0,White,<=5s vs 5-10s,2151
dR4g7Kju,82,1/2-1/2,Black,<=5s vs 5-10s,2491
DmefQLmD,167,1/2-1/2,White,<=5s vs 5-10s,2135
uw7J4aKF,89,0-1,White,<=5s vs <=5s,1745
p9mdNNnj,72,0-1,Black,<=5s vs 10-15s,1358
udivA41l,53,1-0,White,<=5s vs 10-15s,795
0gogDhWu,45,1-0,White,<=5s vs 5-10s,1703
FQBx7C4P,68,0-1,Black,<=5s vs 15-20s,2664
cIvetwpt,55,0-1,White,<=5s vs 5-10s,963
MpNCWuwR,71,0-1,White,<=5s vs 10-15s,2437
btm5OKZP,74,0-1,Black,<=5s vs <=5s,1681
L1cnXnk4,56,1-0,Black,<=5s vs 10-15s,1757
ilUkfWrD,71,1-0,White,<=5s vs 5-10s,2076
RNq9cLx8,86,0-1,Black,<=5s vs <=5s,2281
5IUxeFQ5,63,1-0,White,<=5s vs 10-15s,1591
U7yPcxxM,48,0-1,Black,<=5s vs 15-20s,883
MULAPhnf,146,1/2-1/2,Black,<=5s vs <=5s,2418
g34JQstV,145,1/2-1/2,White,<=5s vs 5-10s,2414
KZ6qkXOk,127,1-0,White,<=5s vs <=5s,2335
Dw2WoxJA,42,0-1,Black,<=5s vs 15-20s,951
Zkb89QQ4,44,1-0,Black,<=5s vs <=5s,1166
XwWefKTs,55,1-0,White,<=5s vs 5-10s,1644
zz5VQWUt,70,0-1,Black,<=5s vs 15-20s,2421
2QC1dt3b,105,1-0,White,<=5s vs 15-20s,2541
65WnfaqN,50,1-0,Black,<=5s vs 15-20s,841
MosFKOy3,121,1/2-1/2,White,<=5s vs 10-15s,2114
3Wos7JKf,55,1-0,White,<=5s vs <=5s,1896
KQSfhVob,82,0-1,Black,<=5s vs 5-10s,2128
NdBrSR2A,206,1/2-1/2,Black,<=5s vs 15-20s,2707
4GfMle9a,91,1-0,White,<=5s vs 15-20s,2141
zFmyp1us,103,1-0,White,<=5s vs 15-20s,2239
LmM2Yz4I,54,1-0,Black,<=5s vs 5-10s,1432
QTqpc5TB,75,0-1,White,<=5s vs 5-10s,1910
VocGhFiU,66,0-1,Black,<=5s vs <=5s,1918
azobOsUG,125,1-0,White,<=5s vs 15-20s,2388
AwgWIU8v,153,1/2-1/2,White,<=5s vs 5-10s,2203
Te3rkugX,52,0-1,Black,<=5s vs 10-15s,1974
H3s3unBh,81,1-0,White,<=5s vs 10-15s,2273
5QO6NJB9,65,1-0,White,<=5s vs 10-15s,1035
TYkadjTI,72,0-1,Black,<=5s vs 5-10s,1774
ZRab5Gya,81,1-0,White,<=5s vs 10-15s,1890
DSwVgxEL,75,1-0,White,<=5s vs 15-20s,1451
ETrO0Qvh,71,1-0,White,<=5s vs 5-10s,2134
vDWX75QB,102,0-1,Black,<=5s vs 15-20s,2727
NTycj1Ln,62,1-0,Black,<=5s vs <=5s,1298
BeecYu3K,93,1/2-1/2,White,<=5s vs 10-15s,1656
ejNYmp91,65,1-0,White,<=5s vs 10-15s,1876
PjZRDnEg,36,1-0,Black,<=5s vs 5-10s,1555
xHnJ0ubN,74,0-1,Black,<=5s vs 15-20s,2527
bU9JqHBP,137,1-0,White,<=5s vs 10-15s,2213
ZiT0BXlE,73,1-0,White,<=5s vs 10-15s,1404
lembBgpL,70,0-1,Black,<=5s vs 15-20s,1483
zDpckJIv,47,1-0,White,<=5s vs 15-20s,884
N5Dpejbe,79,1-0,White,<=5s vs 10-15s,1810
p1S5U8Iw,87,1-0,White,<=5s vs 5-10s,2132
UoChQQ3s,48,0-1,Black,<=5s vs 10-15s,872
aCc16Bbg,91,1-0,White,<=5s vs 10-15s,992
PMmKkykN,44,0-1,Black,<=5s vs 10-15s,1332
vwitQVqg,61,0-1,White,<=5s vs 5-10s,1698
8xHTpn23,64,1-0,Black,<=5s vs 5-10s,2355
B90HBxvz,92,0-1,Black,<=5s vs 5-10s,2235
xEgmPrxe,90,1/2-1/2,Black,<=5s vs 5-10s,2375
qMf678Gl,68,1-0,Black,<=5s vs 5-10s,1568
jKdfvznN,66,1-0,Black,<=5s vs 10-15s,1105
WooWJeVm,86,0-1,Black,<=5s vs 5-10s,1636
jf7Xg1kv,33,1-0,White,<=5s vs 15-20s,1118
dPHHQ13J,61,1-0,White,<=5s vs 5-10s,1214
LKLXKRzL,90,0-1,Black,<=5s vs 5-10s,2672
BBZeFLkE,72,0-1,Black,<=5s vs 10-15s,1855
OscMBKRZ,44,0-1,Black,<=5s vs 10-15s,1895
7e6m8US7,93,1-0,White,<=5s vs 10-15s,1770
VXGlv4QT,56,0-1,Black,<=5s vs <=5s,2037
54bk3ldu,78,0-1,Black,<=5s vs 15-20s,2197
18N1MQtg,40,0-1,Black,<=5s vs 5-10s,1178
CekR2k99,138,1-0,Black,<=5s vs 10-15s,2608
tOKQzxb0,43,0-1,White,<=5s vs 15-20s,956
3PxtZEDs,87,1-0,White,<=5s vs 15-20s,1013
8PuEGusS,67,1-0,White,<=5s vs 5-10s,1486
9eYaJfKg,60,0-1,Black,<=5s vs 15-20s,1948
obWd3WEc,58,0-1,Black,<=5s vs 15-20s,2283
wjGXhUQV,61,1-0,White,<=5s vs 15-20s,1219
QBuTo7Hv,74,0-1,Black,<=5s vs 5-10s,2816
yJ9fKOte,53,1-0,White,<=5s vs 15-20s,1197
cHaE9sGu,56,1-0,Black,<=5s vs <=5s,1277
uBr0C9Ha,58,0-1,Black,<=5s vs 15-20s,1769
BYH0h8dG,82,0-1,Black,<=5s vs <=5s,2123
A8bzpYlX,62,0-1,Black,<=5s vs 15-20s,1671
2ulu6At6,88,0-1,Black,<=5s vs 5-10s,2300
5oZoaSCI,59,0-1,White,<=5s vs 5-10s,1225
T1pd7qSW,76,0-1,Black,<=5s vs <=5s,2249
Fc0a757L,122,1-0,Black,<=5s vs <=5s,2250
C1oH3flw,74,0-1,Black,<=5s vs 5-10s,2054
YA2qSdQE,61,1-0,White,<=5s vs 5-10s,1599
GirtKysQ,60,0-1,Black,<=5s vs 10-15s,1278
jqu3jxGk,56,1-0,Black,<=5s vs 5-10s,1325
DA3JSLqZ,63,0-1,White,<=5s vs 5-10s,1256
fCrD0MIF,59,1-0,White,<=5s vs 15-20s,1411
hqF2nIx8,70,0-1,Black,<=5s vs 10-15s,1932
ypD95HRl,107,1-0,White,<=5s vs 15-20s,1932
khEbl7Jh,119,0-1,White,<=5s vs 5-10s,2594
o5UY4NNo,63,1/2-1/2,White,<=5s vs 5-10s,1556
1MNzXkOE,106,0-1,Black,<=5s vs 5-10s,2185
TYo3PjDJ,71,0-1,White,<=5s vs <=5s,2157
KPoTxFBf,64,1-0,Black,<=5s vs 5-10s,2175
NoBcrh2V,55,0-1,White,<=5s vs <=5s,1750
MSPrTg4z,80,0-1,Black,<=5s vs <=5s,1949
QbI6n2gJ,112,0-1,Black,<=5s vs 15-20s,2287
7fPDF6F1,65,1-0,White,<=5s vs 10-15s,2011
Lw9leGzK,57,1-0,White,<=5s vs <=5s,1822
QLezHdIS,58,0-1,Black,<=5s vs <=5s,1624
gqkEyIFq,102,1-0,Black,<=5s vs 5-10s,1522
GOmArRdC,52,0-1,Black,<=5s vs 15-20s,1712
rxHm2l11,104,0-1,Black,<=5s vs <=5s,1427
O8lrYDkf,48,0-1,Black,<=5s vs 15-20s,1197
RK6vVIi0,98,1-0,Black,<=5s vs <=5s,1513
J73O19U6,56,0-1,Black,<=5s vs 15-20s,1900
GiqH9lTh,73,1-0,White,<=5s vs <=5s,1615
Gcp1TDzD,78,1-0,Black,<=5s vs 5-10s,1999
RQmECz7W,69,0-1,White,<=5s vs 5-10s,1626
D1TxGzfj,47,1-0,White,<=5s vs 15-20s,1189
KmF10Zui,105,1-0,White,<=5s vs 5-10s,2313
EDh3rhqM,71,1-0,White,<=5s vs 5-10s,1888
YdpEV0hD,87,1-0,White,<=5s vs 10-15s,2291
GXnqLygr,65,1-0,White,<=5s vs 10-15s,1458
Gsh9qByx,72,0-1,Black,<=5s vs 5-10s,1381
LulF9f1I,88,1-0,Black,<=5s vs 5-10s,1962
TS25IP8w,54,0-1,Black,<=5s vs 15-20s,1349
7OKFfqVn,54,0-1,Black,<=5s vs 5-10s,1552
X6SULnNE,71,0-1,White,<=5s vs <=5s,1562
pU3qXovf,75,1-0,White,<=5s vs 15-20s,1500
xyRZPeYd,70,1-0,Black,<=5s vs 10-15s,1733
XiWnxef4,46,0-1,Black,<=5s vs 10-15s,928
OVUUzN2x,62,0-1,Black,<=5s vs 15-20s,2188
ilLh7pHQ,69,1-0,White,<=5s vs 15-20s,1552
LCzZCErv,80,0-1,Black,<=5s vs 5-10s,2023
lLehuGKi,125,0-1,White,<=5s vs 5-10s,2212
8pUlH0Nu,80,1-0,Black,<=5s vs 5-10s,2123
vwhLxbJ3,73,0-1,White,<=5s vs 5-10s,1948
fWvMbO48,92,1/2-1/2,Black,<=5s vs 10-15s,2027
CzQwk5js,75,0-1,White,<=5s vs 10-15s,1632
PiQckg6S,61,1-0,White,<=5s vs 10-15s,1308
7oe8tRBY,67,1-0,White,<=5s vs 15-20s,2281
E3cFFs39,118,0-1,Black,<=5s vs 10-15s,2484
NhV94cSu,74,0-1,Black,<=5s vs 5-10s,2218
dcj85CWY,77,1-0,White,<=5s vs 15-20s,2281
uiHh54Q2,134,1-0,Black,<=5s vs <=5s,2393
VF78IAHA,58,1-0,Black,<=5s vs 5-10s,1441
R5bPXMF5,82,0-1,Black,<=5s vs 15-20s,2219
sqkjB6Fi,60,0-1,Black,<=5s vs 15-20s,1892
nCi83hV5,90,0-1,Black,<=5s vs 5-10s,2228
SZ26z5tp,177,1/2-1/2,White,<=5s vs 10-15s,2143
B5YEgj20,75,1-0,White,<=5s vs 5-10s,1737
gCG8bfQ1,73,1-0,White,<=5s vs 10-15s,1877
ZQjU5YZt,61,1-0,White,<=5s vs 10-15s,1916
432Pt1Mj,85,1-0,White,<=5s vs 10-15s,2236
3ct5Is14,46,0-1,Black,<=5s vs 5-10s,1582
bwdeAqeA,55,1-0,White,<=5s vs 15-20s,1327
aoFTE2Eq,77,0-1,White,<=5s vs 5-10s,2749
N3mLUrlc,106,0-1,Black,<=5s vs <=5s,1672
xmkbnClY,67,1-0,White,<=5s vs 5-10s,1232
fcFcOGcD,51,1-0,White,<=5s vs 15-20s,1534
4wO6Rrh0,71,1-0,White,<=5s vs 10-15s,1572
Y7qhea1U,73,1-0,White,<=5s vs 10-15s,2306
C0xfviY1,85,1-0,White,<=5s vs 10-15s,2052
naKnGM9E,120,1/2-1/2,Black,<=5s vs 5-10s,2530
aqp2Nd3E,47,1-0,White,<=5s vs 15-20s,1371
ZSKhnaPE,84,0-1,Black,<=5s vs 10-15s,2077
QANkRaBZ,69,1-0,White,<=5s vs 10-15s,1689
lJCHpyGo,56,0-1,Black,<=5s vs 10-15s,1017
ICdGaDRc,80,0-1,Black,<=5s vs 5-10s,1783
h8NH9OFb,68,0-1,Black,<=5s vs 15-20s,2186
V2FN12Cg,64,0-1,Black,<=5s vs 5-10s,1258
NtJWibkE,112,0-1,Black,<=5s vs 15-20s,2515
PF4FUs70,71,1-0,White,<=5s vs 10-15s,1848
F2OlzFLE,83,1-0,White,<=5s vs 10-15s,2347
PFkcnS6v,46,0-1,Black,<=5s vs 15-20s,1393
B7jCReZ7,67,1-0,White,<=5s vs 10-15s,1638
IaxTVwQM,103,0-1,White,<=5s vs 5-10s,2641
Uc79qt04,90,0-1,Black,<=5s vs 5-10s,1569
Vm2MyzHy,108,0-1,Black,<=5s vs 5-10s,1239
O8Ivqsul,43,1-0,White,<=5s vs 15-20s,1990
khdHz2rP,100,1/2-1/2,Black,<=5s vs 10-15s,1319
1xOPgCXU,86,0-1,Black,<=5s vs 15-20s,2058
niLNgiw2,88,0-1,Black,<=5s vs 15-20s,2540
zOdw0hLx,76,0-1,Black,<=5s vs <=5s,2182
cCXOda0M,53,1-0,White,<=5s vs 5-10s,1727
t1RMwAW8,57,1-0,White,<=5s vs <=5s,966
mz80H2E1,66,1-0,Black,<=5s vs <=5s,1822
0REvsRsV,98,0-1,Black,<=5s vs 5-10s,2352
MWU5XbuJ,37,1-0,White,<=5s vs 15-20s,1145
IQrTwB4N,98,0-1,Black,<=5s vs <=5s,1778
aWqMaXHK,83,1-0,White,<=5s vs 5-10s,1450
vsAJomfz,84,0-1,Black,<=5s vs <=5s,1569
a65LMIcp,94,0-1,Black,<=5s vs 15-20s,2519
zNOLFPIq,80,0-1,Black,<=5s vs 15-20s,2424
4799byEG,98,0-1,Black,<=5s vs <=5s,2416
jQnVyYID,157,0-1,White,<=5s vs 5-10s,2202
U3eqHjhY,80,0-1,Black,<=5s vs 10-15s,1987
NgV9Gn14,69,1-0,White,<=5s vs 5-10s,1531
3rM8UnU6,59,0-1,White,<=5s vs 5-10s,1043
gjHquCF4,86,0-1,Black,<=5s vs <=5s,2555
Fe8ns3dq,66,0-1,Black,<=5s vs 10-15s,1802
CgkREuNl,42,0-1,Black,<=5s vs 15-20s,1308
lCuv27X1,60,0-1,Black,<=5s vs 15-20s,2110
qB6nc3WK,51,1-0,White,<=5s vs 5-10s,1280
sLh9Z0vI,121,1-0,White,<=5s vs 10-15s,1654
KUGQe9sD,72,0-1,Black,<=5s vs 10-15s,2129
SjbPQRC0,68,0-1,Black,<=5s vs 5-10s,1860
8TCcV4zM,45,1-0,White,<=5s vs 15-20s,739
DQGN3vex,103,1-0,White,<=5s vs 5-10s,2863
D23myKrb,53,1-0,White,<=5s vs 10-15s,2190
UzuWdtRJ,114,0-1,Black,<=5s vs 15-20s,2302
PyG8bToN,53,1-0,White,<=5s vs 15-20s,1366
uAByhlU1,95,1-0,White,<=5s vs <=5s,2045
jsvWmW9u,92,1-0,Black,<=5s vs 5-10s,2479
1YPLLIF1,58,0-1,Black,<=5s vs 5-10s,1758
zCLlnMdI,47,1-0,White,<=5s vs 15-20s,1147
kY0F4CYQ,70,1-0,Black,<=5s vs 5-10s,2346
aUVdavby,68,1-0,Black,<=5s vs 5-10s,2060
W9n9qoK6,59,1-0,White,<=5s vs 15-20s,1260
bsFvJnCp,67,1-0,White,<=5s vs 15-20s,1785
eEX5vZ0q,89,1-0,White,<=5s vs 5-10s,1322
tbkqpVSy,82,1-0,Black,<=5s vs 10-15s,2782
EXkpBcmS,71,1-0,White,<=5s vs 10-15s,2318
keRV1TC5,75,1-0,White,<=5s vs 15-20s,1753
88XsMkTx,83,1-0,White,<=5s vs 5-10s,2175
uiAOtPNV,91,1-0,White,<=5s vs 5-10s,2333
PHactylc,71,1-0,White,<=5s vs 5-10s,1789
kLWmmJuD,85,1-0,White,<=5s vs 10-15s,2181
sM9fKD84,61,1-0,White,<=5s vs 10-15s,2243
oODEg6Os,108,1-0,Black,<=5s vs <=5s,1992
Cx8JPFF9,61,1-0,White,<=5s vs 15-20s,1870
kTng7LwV,64,0-1,Black,<=5s vs <=5s,1529
xNyBlJBY,40,0-1,Black,<=5s vs 15-20s,973
E4CcelHS,57,1-0,White,<=5s vs 5-10s,1134
ZDR0nnVn,106,0-1,Black,<=5s vs 5-10s,2726
5r00TZ9l,78,0-1,Black,<=5s vs 5-10s,2215
VF6IRfcC,92,1/2-1/2,Black,<=5s vs 10-15s,2433
lkwQmLrG,135,0-1,White,<=5s vs <=5s,2737
0vl5UvDn,73,1-0,White,<=5s vs 5-10s,2025
1MdN1Ygk,84,0-1,Black,<=5s vs 5-10s,2145
9SqzEFM0,79,0-1,White,<=5s vs <=5s,1885
3gh5FFM5,74,0-1,Black,<=5s vs 5-10s,2723
g0fZiIe9,64,0-1,Black,<=5s vs 5-10s,1916
xqNNJpmx,97,1-0,White,<=5s vs 10-15s,2576
CRUYJ0Ju,115,1/2-1/2,White,<=5s vs 10-15s,2220
NJrGSv2R,50,0-1,Black,<=5s vs <=5s,1156
ZtE4lIj4,66,0-1,Black,<=5s vs 10-15s,1753
WeSNjS82,61,0-1,White,<=5s vs 5-10s,1365
yVNQQpsF,58,0-1,Black,<=5s vs 10-15s,1627
7wc2s53b,95,1-0,White,<=5s vs 10-15s,2098
OV9UtaYw,61,1-0,White,<=5s vs 15-20s,2386
JEmmgmME,66,1-0,Black,<=5s vs <=5s,1642
a6nRuGd9,55,1-0,White,<=5s vs 10-15s,1332
Bs8HQLQk,83,1-0,White,<=5s vs 15-20s,1677
eP1hewV9,80,0-1,Black,<=5s vs 10-15s,2243
M4xJlFxT,53,1-0,White,<=5s vs 5-10s,2064
P5bDuAa5,53,1-0,White,<=5s vs 15-20s,1262
vry7FDBy,77,1-0,White,<=5s vs 5-10s,1922
TMHnYvsW,91,0-1,White,<=5s vs <=5s,1809
UGCpcQRT,60,0-1,Black,<=5s vs 5-10s,1452
dQqEhI2S,101,1-0,White,<=5s vs 10-15s,2454
QUxdYZK5,70,0-1,Black,<=5s vs 10-15s,1776
Mndg8Mgr,59,1-0,White,<=5s vs 5-10s,1228
NqSnNBVi,63,1-0,White,<=5s vs 5-10s,1460
xh50iRIx,73,0-1,White,<=5s vs 5-10s,1759
dDrjSeXE,116,0-1,Black,<=5s vs 5-10s,1795
DQCmPLCB,69,1-0,White,<=5s vs 15-20s,2235
ZqwlUsty,102,1-0,Black,<=5s vs <=5s,2016
1FWQxMez,51,1-0,White,<=5s vs 15-20s,1707
RGvddm0g,59,1-0,White,<=5s vs 15-20s,1586
NiyZkL6v,75,0-1,White,<=5s vs <=5s,2028
sTmPjLX9,97,1-0,White,<=5s vs 10-15s,2260
PdydciZB,110,1-0,Black,<=5s vs 5-10s,2419
PHrF4RdT,50,0-1,Black,<=5s vs 15-20s,1516
cltOTqre,40,0-1,Black,<=5s vs 15-20s,2087
Lcl40egZ,197,1-0,White,<=5s vs 15-20s,2614
RDmxnfXL,48,0-1,Black,<=5s vs 15-20s,2374
GOZdxxeu,98,0-1,Black,<=5s vs 5-10s,2503
vTQtGpMU,77,1-0,White,<=5s vs 10-15s,1783
evIqgXYR,57,1-0,White,<=5s vs 10-15s,1388
hhXYFo7M,57,0-1,White,<=5s vs 15-20s,1877
aHI4orNd,83,0-1,White,<=5s vs 5-10s,2074
ozi8BPfk,61,1-0,White,<=5s vs 5-10s,1591
FTXusTCF,75,1-0,White,<=5s vs 5-10s,1748
Cqy3i45x,62,1/2-1/2,Black,<=5s vs 10-15s,2536
BjhFCwJr,60,1/2-1/2,Black,<=5s vs 5-10s,2509
A5w9ArFo,103,1-0,White,<=5s vs 5-10s,2626
MBO2ziSp,83,1-0,White,<=5s vs 5-10s,2118
BAyPuAWu,55,1-0,White,<=5s vs 10-15s,1608
Ry8Wk9ts,84,1-0,Black,<=5s vs <=5s,1710
26yoU7HJ,74,0-1,Black,<=5s vs <=5s,2380
gvosLz7o,61,1-0,White,<=5s vs 15-20s,1880
rVr741nn,64,0-1,Black,<=5s vs 10-15s,2097
naZsr1tn,100,0-1,Black,<=5s vs 5-10s,1919
9FamYhIb,96,0-1,Black,<=5s vs 15-20s,2016
gFpAwzSZ,108,1/2-1/2,Black,<=5s vs 5-10s,2574
SpT1eIqq,56,0-1,Black,<=5s vs 15-20s,2197
qNMXFPoz,177,1/2-1/2,White,<=5s vs 15-20s,2423
GdB7YFzz,48,0-1,Black,<=5s vs 15-20s,1542
Kz4yoPMe,60,0-1,Black,<=5s vs 5-10s,1538
RNxbcn6t,91,0-1,White,<=5s vs 10-15s,1978
08CBoZNz,73,1-0,White,<=5s vs 15-20s,2117
RRbv1iWL,79,1-0,White,<=5s vs 10-15s,2446
H4Pm5XBH,79,1-0,White,<=5s vs 15-20s,1937
1Ueexzj5,62,1-0,Black,<=5s vs 10-15s,1976
x9LmHNxw,43,1-0,White,<=5s vs 15-20s,968
CU7qVIPz,54,0-1,Black,<=5s vs 10-15s,1301
dbkzrIQ0,79,1-0,White,<=5s vs 5-10s,2379
gAs0ZNeB,54,0-1,Black,<=5s vs 5-10s,2384
MXwHw1qP,34,0-1,Black,<=5s vs 15-20s,924
UGBQpOhU,54,0-1,Black,<=5s vs 5-10s,1137
78mbN6c7,52,0-1,Black,<=5s vs 5-10s,1486
qmByX4fd,61,0-1,White,<=5s vs <=5s,1354
lea420M9,67,1-0,White,<=5s vs <=5s,1545
ZNFJs4bB,78,0-1,Black,<=5s vs 5-10s,1478
ORpFtXY6,54,0-1,Black,<=5s vs 10-15s,827
RbkNOywg,50,0-1,Black,<=5s vs 10-15s,1415
nZ17XJCR,79,0-1,White,<=5s vs <=5s,1675
3VT6v8eC,68,0-1,Black,<=5s vs <=5s,1838
BrNeJCge,126,0-1,Black,<=5s vs 5-10s,2448
wEztDXvc,74,0-1,Black,<=5s vs 5-10s,2187
I3soc5Bi,85,1-0,White,<=5s vs 5-10s,2051
gt6SHaNO,52,0-1,Black,<=5s vs 5-10s,1435
d9h1f9LN,73,1-0,White,<=5s vs <=5s,1505
YSxY6JRP,64,0-1,Black,<=5s vs 5-10s,1256
sje8IrEH,58,1/2-1/2,Black,<=5s vs <=5s,1707
Hyz1ySqx,93,1-0,White,<=5s vs 15-20s,2180
e64csfRU,80,0-1,Black,<=5s vs 10-15s,1830
ax6hdpZE,38,0-1,Black,<=5s vs 10-15s,1059
FwZnuul9,53,0-1,White,<=5s vs 10-15s,1732
22k6QHTs,82,0-1,Black,<=5s vs 5-10s,1315
0v6gOaxa,56,0-1,Black,<=5s vs 15-20s,1661
A8JZDTKI,45,1-0,White,<=5s vs 5-10s,1118
KibuJUYZ,63,1-0,White,<=5s vs 15-20s,2220
t5VlRKHT,63,1-0,White,<=5s vs 5-10s,1208
VNopDlVC,119,1-0,White,<=5s vs 5-10s,2688
gjKzqg67,126,0-1,Black,<=5s vs 15-20s,2167
hqYgF0qq,92,1/2-1/2,Black,<=5s vs 15-20s,2500
fGJhtw5t,120,1-0,Black,<=5s vs 5-10s,2573
d3n1HgIJ,57,1-0,White,<=5s vs 15-20s,1607
4MRITYlr,57,1-0,White,<=5s vs 5-10s,1427
mh6KhHIi,61,1-0,White,<=5s vs 15-20s,1977
E1PLOZM4,70,0-1,Black,<=5s vs 5-10s,1515
9F34e916,39,1-0,White,<=5s vs 10-15s,1617
J7QhcwQO,56,0-1,Black,<=5s vs 15-20s,1829
PeoEfvJZ,104,1/2-1/2,Black,<=5s vs 5-10s,2348
NWqgtiDr,63,1-0,White,<=5s vs 15-20s,1817
ICBbEeQJ,67,0-1,White,<=5s vs 5-10s,2126
HTdAhdC1,58,1-0,Black,<=5s vs 10-15s,2211
9H827ruV,118,0-1,Black,<=5s vs 15-20s,2296
EG5aUJ5B,65,1-0,White,<=5s vs 15-20s,1715
XhabjWzG,45,1-0,White,<=5s vs 15-20s,1560
Z5xPwTN2,87,1-0,White,<=5s vs 15-20s,2132
gPeYy25b,65,1-0,White,<=5s vs 10-15s,1532
HbnEK5xT,67,0-1,White,<=5s vs <=5s,1850
ONyOfG0T,71,0-1,White,<=5s vs <=5s,1787
0ZHcEVxj,54,0-1,Black,<=5s vs 15-20s,1558
6uComNEE,73,1-0,White,<=5s vs 15-20s,1355
LTqFXsxd,80,0-1,Black,<=5s vs 5-10s,2293
fiOnGfVX,60,0-1,Black,<=5s vs 15-20s,1428
34PzTu6O,46,0-1,Black,<=5s vs 10-15s,1378
pcPg0G6s,63,1-0,White,<=5s vs 10-15s,1305
w0S1nNWv,96,0-1,Black,<=5s vs 15-20s,1770
V6MCdyvc,77,1-0,White,<=5s vs 5-10s,2017
eiAUSxZX,60,0-1,Black,<=5s vs 15-20s,1716
d1L5bd2t,54,0-1,Black,<=5s vs 10-15s,1126
dIp2anNd,104,1/2-1/2,Black,<=5s vs 10-15s,2805
26F7u1br,115,1/2-1/2,White,<=5s vs 10-15s,3032
kShrepdo,63,1-0,White,<=5s vs 15-20s,1428
1JNVcmTF,72,0-1,Black,<=5s vs 10-15s,2371
U4N0CJWl,64,0-1,Black,<=5s vs 5-10s,1892
dTqCWQe2,67,1-0,White,<=5s vs 15-20s,1766
7XhqcW7i,131,1-0,White,<=5s vs 15-20s,1948
VhJffleb,70,1-0,Black,<=5s vs 5-10s,1640
0eEYzAWl,76,0-1,Black,<=5s vs <=5s,2481
8oxyFrlG,101,0-1,White,<=5s vs 5-10s,2109
WXzXu5Es,59,1-0,White,<=5s vs 10-15s,1740
v7vTQtyk,110,0-1,Black,<=5s vs <=5s,2143
MIUPqBnq,105,1-0,White,<=5s vs 10-15s,2043
9hRinpof,103,1/2-1/2,White,<=5s vs 10-15s,1984
x9xkPv5m,66,0-1,Black,<=5s vs 10-15s,1056
APSFP8jW,86,1-0,Black,<=5s vs 5-10s,2345
YAWvr3Y6,49,1-0,White,<=5s vs 5-10s,1427
rv3K91Hs,55,1-0,White,<=5s vs 15-20s,1061
6Ml4B93Y,96,1/2-1/2,Black,<=5s vs <=5s,2456
8WCC2CHt,97,0-1,White,<=5s vs 5-10s,1733
nr8K5eKI,100,0-1,Black,<=5s vs 15-20s,2549
Qe5r7RRk,55,0-1,White,<=5s vs 10-15s,1482
XArPqU4U,54,0-1,Black,<=5s vs 10-15s,1696
oGHtijQT,86,1-0,Black,<=5s vs <=5s,1115
rz3GPEMa,136,0-1,Black,<=5s vs 15-20s,1074
Ru3gEtHW,52,0-1,Black,<=5s vs 15-20s,1602
f80KlOcl,53,1-0,White,<=5s vs 10-15s,1326
i9zV2vcj,66,0-1,Black,<=5s vs 10-15s,1410
9YaDVupC,66,1-0,Black,<=5s vs <=5s,1275
EesJF2Ex,129,1-0,White,<=5s vs 5-10s,1927
mO6PEQe9,44,0-1,Black,<=5s vs 10-15s,848
QjT5BTTe,109,1-0,White,<=5s vs 15-20s,1816
RZIJ37mb,63,0-1,White,<=5s vs <=5s,1856
lzXrkWYX,58,0-1,Black,<=5s vs 10-15s,1434
yI6eSAzj,65,1-0,White,<=5s vs 10-15s,1967
SVqTKCNw,36,0-1,Black,<=5s vs 15-20s,1605
tXbklfNS,88,0-1,Black,<=5s vs 5-10s,1973
85yPpxB1,77,1-0,White,<=5s vs 5-10s,1941
3tXUIBf3,65,1-0,White,<=5s vs 15-20s,2201
XaB7OfCu,72,0-1,Black,<=5s vs 15-20s,1691
GEdG0OSn,66,1-0,Black,<=5s vs <=5s,2228
zWXT7OG7,74,1-0,Black,<=5s vs <=5s,1811
8nGJOx9u,65,0-1,White,<=5s vs <=5s,1578
HRMgaS5V,60,0-1,Black,<=5s vs 5-10s,1108
ylPDhl2A,73,1-0,White,<=5s vs 10-15s,1975
PAdi7tx7,63,1-0,White,<=5s vs 15-20s,1766
ANFjecl5,52,0-1,Black,<=5s vs 5-10s,1931
Z2mnKYkU,36,0-1,Black,<=5s vs 10-15s,1298
k7lWmIk5,32,0-1,Black,<=5s vs 15-20s,540
fjPj58C1,101,1-0,White,<=5s vs 5-10s,2552
lDHRijGS,65,1-0,White,<=5s vs 15-20s,1537
Uy1vcdw1,125,1/2-1/2,White,<=5s vs 5-10s,2492
OdMuAjy8,62,0-1,Black,<=5s vs 5-10s,1313
6MJFgQ40,88,0-1,Black,<=5s vs 5-10s,1762
U42vWhy6,68,0-1,Black,<=5s vs 5-10s,1259
9Jiqponk,47,1-0,White,<=5s vs 10-15s,1280
5bduQGR0,59,1-0,White,<=5s vs 15-20s,2495
mBBJ7Kar,64,0-1,Black,<=5s vs 10-15s,1794
FItbwyVG,49,1-0,White,<=5s vs 15-20s,1018
Xzc1hR1o,67,1-0,White,<=5s vs 10-15s,1914
i7hpDPVC,91,1-0,White,<=5s vs 10-15s,1187
oj7ETHfO,80,0-1,Black,<=5s vs 5-10s,1400
fHwEXNsu,60,0-1,Black,<=5s vs 10-15s,1461
fTIsj3DW,72,1-0,Black,<=5s vs <=5s,2302
7O0aUNTI,98,0-1,Black,<=5s vs 5-10s,2019
NLqxDhpV,91,0-1,White,<=5s vs 10-15s,2046
lTC6PukC,85,1-0,White,<=5s vs 5-10s,2575
RjtOTwyl,45,1-0,White,<=5s vs 15-20s,1169
A9z5Jrrd,105,1/2-1/2,White,<=5s vs 5-10s,2478
mKFerTto,120,1-0,Black,<=5s vs 5-10s,2319
CrpoOs41,93,1-0,White,<=5s vs 10-15s,1864
8A32W3DV,129,1-0,White,<=5s vs 5-10s,2518
PehDzEA6,56,1-0,Black,<=5s vs 5-10s,1577
OSLes8eI,116,0-1,Black,<=5s vs 10-15s,1546
s6Th9woy,61,1-0,White,<=5s vs 10-15s,2352
0HR6kkod,57,1-0,White,<=5s vs 10-15s,1015
PGW9QE8e,87,1-0,White,<=5s vs <=5s,1679
uwGdvjLQ,78,0-1,Black,<=5s vs 5-10s,2463
eclhS1r0,75,0-1,White,<=5s vs 5-10s,2718
Txc4HvF0,95,1-0,White,<=5s vs 15-20s,2573
0T7K3djc,55,1-0,White,<=5s vs 10-15s,1799
JhvRVnpe,88,0-1,Black,<=5s vs 5-10s,1106
CJfQf680,63,1-0,White,<=5s vs <=5s,1334
qGfz2VJi,47,1-0,White,<=5s vs 15-20s,2097
wKkbJRmY,86,0-1,Black,<=5s vs 5-10s,1868
cr92LTLh,107,1-0,White,<=5s vs 15-20s,2645
JdMv6IB0,52,0-1,Black,<=5s vs 15-20s,1481
XzY7yFT5,76,1/2-1/2,Black,<=5s vs <=5s,1275
N4c74pJx,72,0-1,Black,<=5s vs 5-10s,2072
AF64sky7,55,1-0,White,<=5s vs 15-20s,1318
aKy0uZaS,77,1-0,White,<=5s vs 5-10s,2006
UnB76gGW,82,0-1,Black,<=5s vs 5-10s,1992
zknEUvRY,88,0-1,Black,<=5s vs <=5s,1995
AQAvkyLB,77,1-0,White,<=5s vs 5-10s,1304
ON2S26YT,80,0-1,Black,<=5s vs 5-10s,2025
N6hYzK44,108,1-0,Black,<=5s vs <=5s,2215
tkPuhXgu,42,0-1,Black,<=5s vs 10-15s,1702
JqaqM1D3,64,0-1,Black,<=5s vs <=5s,2233
w3p8pmtO,50,0-1,Black,<=5s vs 15-20s,1988
xef7bLNQ,78,0-1,Black,<=5s vs <=5s,1412
TygE0E79,56,0-1,Black,<=5s vs 15-20s,1515
pwF40h4W,58,0-1,Black,<=5s vs 15-20s,1244
hv3H1J1m,76,0-1,Black,<=5s vs <=5s,2309
Sy9TOe5l,74,0-1,Black,<=5s vs 5-10s,2292
IhhReiuu,150,0-1,Black,<=5s vs 10-15s,2431
IJnEs7Y6,61,1-0,White,<=5s vs 15-20s,2065
Pzfu5oeo,106,0-1,Black,<=5s vs 15-20s,1845
zT0w0CWM,77,0-1,White,<=5s vs 5-10s,2107
AfGthhRS,48,1-0,Black,<=5s vs <=5s,1526
FkhKwiwF,119,1-0,White,<=5s vs 5-10s,2759
YCnVEFHC,76,0-1,Black,<=5s vs 10-15s,1543
LO2MZYLH,73,1-0,White,<=5s vs 10-15s,2492
pzML86q8,104,0-1,Black,<=5s vs 5-10s,2556
GjSWKjKg,79,1-0,White,<=5s vs 5-10s,2503
UGME6RLs,84,0-1,Black,<=5s vs 10-15s,2681
Do9G2vrL,44,1-0,Black,<=5s vs <=5s,1203
Nna55S1V,70,0-1,Black,<=5s vs 5-10s,1861
lEMm0lHy,72,0-1,Black,<=5s vs 10-15s,1570
9L9OgLRO,96,0-1,Black,<=5s vs 15-20s,2091
jQwFzgLl,47,1-0,White,<=5s vs 10-15s,965
MrRNlYio,58,0-1,Black,<=5s vs 15-20s,1800
N63p0vTm,85,0-1,White,<=5s vs 5-10s,2366
DvywaxXb,114,0-1,Black,<=5s vs 15-20s,1987
waw00xzE,59,1-0,White,<=5s vs <=5s,1200
weEJ6YVg,105,1-0,White,<=5s vs 5-10s,2256
9Y195b22,63,1-0,White,<=5s vs 15-20s,2009
zDyWNihW,102,1/2-1/2,Black,<=5s vs 5-10s,2278
3O1gQjFw,56,0-1,Black,<=5s vs <=5s,1302
My1cZege,89,1-0,White,<=5s vs 5-10s,2140
tBsap2XY,56,0-1,Black,<=5s vs 10-15s,1702
t7Zohvsh,65,1-0,White,<=5s vs 10-15s,2449
SuF4BBJW,91,1-0,White,<=5s vs 15-20s,2212
ONLrwh2M,72,0-1,Black,<=5s vs 10-15s,1335
YL2Gin5B,60,0-1,Black,<=5s vs 10-15s,1945
6YMfQwp2,117,0-1,White,<=5s vs 5-10s,2494
bFuoBpfs,51,1-0,White,<=5s vs 15-20s,1369
kfckfjd9,105,1/2-1/2,White,<=5s vs <=5s,2797
rpuMZWzX,56,1-0,Black,<=5s vs 5-10s,1711
1bIZIlLQ,85,1-0,White,<=5s vs 15-20s,2172
HqZkYHz5,56,0-1,Black,<=5s vs <=5s,1270
QLZUXCl3,44,0-1,Black,<=5s vs 10-15s,1632
liesFlop,122,1/2-1/2,Black,<=5s vs 5-10s,2786
MpnNIObA,96,1-0,Black,<=5s vs 5-10s,1375
UACfA3tM,123,1-0,White,<=5s vs 10-15s,2184
n9ciqsEj,54,0-1,Black,<=5s vs 5-10s,939
TvElXZsS,68,0-1,Black,<=5s vs 10-15s,2223
z0QYbxrp,122,1/2-1/2,Black,<=5s vs 5-10s,1226
dePXAPrC,39,1-0,White,<=5s vs 15-20s,626
yXmYG65n,80,0-1,Black,<=5s vs 5-10s,1788
j3BPSILK,65,0-1,White,<=5s vs <=5s,1354
elNelPG9,50,1-0,Black,<=5s vs 5-10s,1416
lPq6MYII,45,1-0,White,<=5s vs 15-20s,976
8Rrm49DW,131,1-0,White,<=5s vs 5-10s,2028
Idd6W4ND,64,0-1,Black,<=5s vs <=5s,2053
PJVwnxTF,71,1-0,White,<=5s vs 5-10s,2358
2fHG11r5,55,1-0,White,<=5s vs 5-10s,2669
anqSZkhc,91,1-0,White,<=5s vs 15-20s,832
IdJIcgln,54,0-1,Black,<=5s vs 5-10s,944
SgZvAlnC,78,0-1,Black,<=5s vs <=5s,1203
RpaqB17U,60,1-0,Black,<=5s vs <=5s,1068
9NVL8Vdc,104,1-0,Black,<=5s vs 5-10s,1975
8dMDtO1e,56,0-1,Black,<=5s vs 15-20s,1642
62vjbVD2,81,1-0,White,<=5s vs 10-15s,1457
ifzA59YJ,68,1-0,Black,<=5s vs 10-15s,1066
G3Y1Q5II,49,1-0,White,<=5s vs 10-15s,1832
qZF1hh26,80,1-0,Black,<=5s vs <=5s,2393
RO4mEBea,101,0-1,White,<=5s vs 5-10s,2888
iTE8rMtn,66,0-1,Black,<=5s vs 15-20s,1848
Snr5mNHl,80,0-1,Black,<=5s vs 10-15s,2083
E6wXy2ir,81,1-0,White,<=5s vs 5-10s,2049
XF8kJdGO,106,0-1,Black,<=5s vs 5-10s,2759
H06Rh1Cc,104,0-1,Black,<=5s vs <=5s,1281
cKhLbHdp,115,1-0,White,<=5s vs 5-10s,2435
FPp2mq31,60,0-1,Black,<=5s vs <=5s,1997
oRQXJ9fS,83,0-1,White,<=5s vs <=5s,2071
s9RKJDNp,78,0-1,Black,<=5s vs 15-20s,1740
BrEJOval,69,1-0,White,<=5s vs 5-10s,1871
vBCMGKzH,56,0-1,Black,<=5s vs 15-20s,1583
56xj0Ge1,75,1-0,White,<=5s vs 10-15s,1673
abhcGoVU,75,1-0,White,<=5s vs 15-20s,2107
qlo3INrR,51,1-0,White,<=5s vs 15-20s,1579
8DwAzd7t,60,0-1,Black,<=5s vs 5-10s,1597
BHuSSyIV,97,1-0,White,<=5s vs 5-10s,2215
1KLggtnr,90,0-1,Black,<=5s vs <=5s,1931
wSN86t6g,72,0-1,Black,<=5s vs 5-10s,1996
VteCN7Uk,78,0-1,Black,<=5s vs <=5s,1592
0iva5E5U,61,1-0,White,<=5s vs 10-15s,2158
cWm9nsGb,69,1-0,White,<=5s vs 5-10s,2130
0Fq1JpFg,53,1-0,White,<=5s vs 15-20s,1433
zqah2naI,35,1-0,White,<=5s vs 15-20s,835
rw4p3FX6,64,0-1,Black,<=5s vs 15-20s,1769
OCy950cy,93,1-0,White,<=5s vs 5-10s,2435
Jve3i3iM,126,0-1,Black,<=5s vs <=5s,2150
tWlPUEfz,79,1-0,White,<=5s vs 15-20s,2403
GSfAsAVX,121,1/2-1/2,White,<=5s vs 5-10s,2147
WarvUPLA,67,1-0,White,<=5s vs 5-10s,1826
9uqtTovz,62,0-1,Black,<=5s vs 5-10s,1805
8UPVrfEs,54,0-1,Black,<=5s vs 5-10s,1642
ikTUuepU,80,1-0,Black,<=5s vs <=5s,1320
3QpEkbYG,88,1-0,Black,<=5s vs <=5s,1818
I8LaQQ8J,63,0-1,White,<=5s vs 5-10s,1227
GMSWnu2M,94,0-1,Black,<=5s vs 10-15s,2392
jVIXkSGx,69,1-0,White,<=5s vs 5-10s,1377
Q0BsTrj9,52,0-1,Black,<=5s vs 15-20s,1351
OHJmWgVr,77,1-0,White,<=5s vs 15-20s,2218
FqiQmu6u,139,1-0,White,<=5s vs 5-10s,1849
Jp3vpXlY,74,0-1,Black,<=5s vs 5-10s,1865
EB1GRaej,46,0-1,Black,<=5s vs 15-20s,1147
qiLBKckk,51,1-0,White,<=5s vs 10-15s,2020
3UBomCvn,137,1-0,White,<=5s vs 15-20s,1568
oVf2S6kQ,61,1-0,White,<=5s vs 15-20s,1414
M2ygjiJ4,56,0-1,Black,<=5s vs 10-15s,1203
xH3QvbFd,62,0-1,Black,<=5s vs 10-15s,1172
Ashss4U0,42,0-1,Black,<=5s vs 5-10s,1662
aMT8mcMR,56,0-1,Black,<=5s vs 10-15s,1606
pRf70J8O,61,0-1,White,<=5s vs <=5s,2336
gyThGeDp,62,0-1,Black,<=5s vs 15-20s,1576
x1WWyRky,65,1-0,White,<=5s vs 5-10s,1134
vskn7pbT,80,0-1,Black,<=5s vs 5-10s,2145
q3INyZfk,60,0-1,Black,<=5s vs 15-20s,1795
1PU8wl3D,52,0-1,Black,<=5s vs 15-20s,1013
I2wS4yAK,51,0-1,White,<=5s vs 10-15s,1043
ITEwGopl,70,0-1,Black,<=5s vs <=5s,1958
4WV3lCfB,94,1-0,Black,<=5s vs 5-10s,2013
GcVigj5t,74,0-1,Black,<=5s vs 5-10s,2336
x60GEhFS,67,0-1,White,<=5s vs 5-10s,1539
FpkyDAsW,30,0-1,Black,<=5s vs 15-20s,854
W9xXGyvS,51,1-0,White,<=5s vs 5-10s,895
9yghLjZi,83,1-0,White,<=5s vs 5-10s,1583
LNRRxjK5,79,1-0,White,<=5s vs 10-15s,930
omW5NlY5,77,1-0,White,<=5s vs 10-15s,1649
onP1dE6m,53,1-0,White,<=5s vs 15-20s,1600
ALS4VF3f,79,1-0,White,<=5s vs 10-15s,2079
DTdxKGDR,72,0-1,Black,<=5s vs 15-20s,1019
rRdiqC5g,79,1-0,White,<=5s vs 15-20s,2122
F5baDNtq,77,1-0,White,<=5s vs 5-10s,1447
cImZxQak,104,0-1,Black,<=5s vs 10-15s,2487
M0QE8P1n,67,1-0,White,<=5s vs 5-10s,1527
zTAJES73,54,0-1,Black,<=5s vs 10-15s,1321
9UaCURg4,115,1/2-1/2,White,<=5s vs 5-10s,1893
Svrli3fd,48,1-0,Black,<=5s vs 5-10s,840
sf04eKTR,79,1-0,White,<=5s vs 5-10s,936
Nyeabh2S,80,1/2-1/2,Black,<=5s vs 10-15s,1475
27hBiMKr,62,0-1,Black,<=5s vs 10-15s,1528
RpJrYXpI,88,0-1,Black,<=5s vs <=5s,2376
y60A0CVD,57,1-0,White,<=5s vs 15-20s,1781
XxkiiqqP,74,1-0,Black,<=5s vs 5-10s,1985
TIFsUpqq,49,1-0,White,<=5s vs 10-15s,1634
BVxuiSPj,92,0-1,Black,<=5s vs 5-10s,2322
1BAgU5Ea,129,1/2-1/2,White,<=5s vs <=5s,1887
nNoAdbTi,83,1-0,White,<=5s vs 15-20s,2278
sRdJ1dBU,62,0-1,Black,<=5s vs 5-10s,1878
MyFIxpMl,104,0-1,Black,<=5s vs 15-20s,2537
N2Ai7IvN,86,0-1,Black,<=5s vs 5-10s,2117
tOLvzfud,132,1/2-1/2,Black,<=5s vs 10-15s,2408
e7hAo7fE,37,1-0,White,<=5s vs 10-15s,979
x3CLXsy6,69,1-0,White,<=5s vs 15-20s,1834
0QjaI2uu,73,1-0,White,<=5s vs 5-10s,1299
TcFZvMts,90,0-1,Black,<=5s vs 15-20s,1100
an4MGlM1,63,1-0,White,<=5s vs 15-20s,1379
9LYja81q,76,1-0,Black,<=5s vs <=5s,1795
c2g5y4uH,53,1-0,White,<=5s vs 5-10s,1157
qhfY3EWb,81,0-1,White,<=5s vs 5-10s,1464
cqIg5rW0,85,1-0,White,<=5s vs 5-10s,1852
bl1XgJKz,70,0-1,Black,<=5s vs 15-20s,1771
PDWpjWVW,72,1-0,Black,<=5s vs 5-10s,1997
UrdNMlWO,41,1-0,White,<=5s vs 10-15s,872
JNBrWXA5,54,1-0,Black,<=5s vs 15-20s,2287
JuNzHby8,60,0-1,Black,<=5s vs 5-10s,1961
S06fXHMP,71,1-0,White,<=5s vs 5-10s,1916
nEfRdsep,105,0-1,White,<=5s vs 5-10s,1977
cON0fZxj,52,0-1,Black,<=5s vs 5-10s,1822
UqOlOwZU,67,1-0,White,<=5s vs 5-10s,1302
YnTvTuJT,72,0-1,Black,<=5s vs <=5s,1590
AYi9rhHZ,80,1-0,Black,<=5s vs <=5s,1936
OQQn3LET,143,0-1,White,<=5s vs <=5s,2199
AKXE9Hu7,30,0-1,Black,<=5s vs 15-20s,1338
ka0nspwb,51,1-0,White,<=5s vs 15-20s,1342
oOE0espr,107,1-0,White,<=5s vs 15-20s,2338
NRvYVCt9,64,0-1,Black,<=5s vs 5-10s,1993
jucEZAGQ,72,0-1,Black,<=5s vs 5-10s,1570
bL3BGuSr,101,1/2-1/2,White,<=5s vs 15-20s,2037
x8sFXFgh,86,0-1,Black,<=5s vs 10-15s,1958
EDwApN0K,68,0-1,Black,<=5s vs 10-15s,1417
TRngZ2VL,100,0-1,Black,<=5s vs 5-10s,2200
dJxX0nW3,57,1-0,White,<=5s vs 5-10s,2053
61j9MLZq,63,1-0,White,<=5s vs 15-20s,1120
9mM5ck0o,71,1-0,White,<=5s vs 5-10s,1335
PCsIl3z1,63,1-0,White,<=5s vs 15-20s,1997
q2iZ9ixx,65,1-0,White,<=5s vs 10-15s,1865
AbKV36Zh,53,1-0,White,<=5s vs 10-15s,1455
G3Fgm5Gg,69,1-0,White,<=5s vs 15-20s,1690
GzPKIpn1,127,1-0,White,<=5s vs 15-20s,2386
9V701ijd,85,0-1,White,<=5s vs <=5s,1911
mgKNOLWr,68,0-1,Black,<=5s vs 10-15s,1165
pug3GJi6,74,0-1,Black,<=5s vs 10-15s,1793
L8YguIv3,78,0-1,Black,<=5s vs 15-20s,2509
Fn1MxhcW,55,1-0,White,<=5s vs 10-15s,1860
Iqi2uw87,57,1-0,White,<=5s vs 10-15s,1852
7qXpPAzF,95,1-0,White,<=5s vs 5-10s,2675
TOuNIBbM,94,1-0,Black,<=5s vs <=5s,2346
HXpNoXwU,76,0-1,Black,<=5s vs 10-15s,1622
NIVQ1dWR,55,1-0,White,<=5s vs 5-10s,1750
C92q3kq5,78,1-0,Black,<=5s vs 5-10s,1697
fceS3kCj,60,0-1,Black,<=5s vs <=5s,1541
rJ6sB6qN,39,1-0,White,<=5s vs 10-15s,929
6B0T0hK4,88,0-1,Black,<=5s vs 5-10s,1981
QGFQXoOE,157,0-1,White,<=5s vs 15-20s,1599
NJ8modPD,89,0-1,White,<=5s vs 5-10s,2453
rrusJHQH,76,0-1,Black,<=5s vs <=5s,1735
8akMaAwI,76,0-1,Black,<=5s vs 15-20s,1332
7uVBgzIH,73,1-0,White,<=5s vs 15-20s,1988
EZoubjpO,80,0-1,Black,<=5s vs <=5s,1158
iFiUQNkR,73,1-0,White,<=5s vs 5-10s,1654
HNJGU62u,85,1-0,White,<=5s vs 15-20s,1717
T2OmtHkh,77,1-0,White,<=5s vs 10-15s,1500
eqi05ozy,51,1-0,White,<=5s vs 5-10s,1839
2IvviBZv,94,0-1,Black,<=5s vs 15-20s,2141
YqTFUDlP,108,0-1,Black,<=5s vs 10-15s,2617
GCXbcbo7,98,1/2-1/2,Black,<=5s vs 15-20s,2186
3zk5LNUB,85,1-0,White,<=5s vs <=5s,2548
scm7sLg5,98,0-1,Black,<=5s vs 15-20s,1703
aRbFHeou,74,0-1,Black,<=5s vs 10-15s,2592
TDYlm0IU,52,0-1,Black,<=5s vs 10-15s,2307
xX1jEMsv,59,1-0,White,<=5s vs 10-15s,916
wPAcJuww,46,0-1,Black,<=5s vs 5-10s,1129
ujaR7CkH,66,0-1,Black,<=5s vs 15-20s,1987
vfTtVTKU,55,1-0,White,<=5s vs 10-15s,1136
JyYat38Z,45,1-0,White,<=5s vs 15-20s,2188
SeMyxnyx,66,0-1,Black,<=5s vs 10-15s,2325
5hB45uRJ,48,1-0,Black,<=5s vs 5-10s,1343
ncO3QSnF,52,0-1,Black,<=5s vs 10-15s,1097
cbwzwMeH,49,1-0,White,<=5s vs 5-10s,1033
MWm4Aw1O,76,0-1,Black,<=5s vs 15-20s,1963
LcprwJ5W,62,1-0,Black,<=5s vs <=5s,1931
Q4jSjeqD,89,1/2-1/2,White,<=5s vs 5-10s,1755
CrN0Pzfx,63,1-0,White,<=5s vs 15-20s,1705
3h9UcUsW,92,1-0,Black,<=5s vs <=5s,1258
P3xmiaNM,96,0-1,Black,<=5s vs <=5s,1921
Pb80giAd,78,0-1,Black,<=5s vs 10-15s,2509
56rtC4BV,54,0-1,Black,<=5s vs 15-20s,1907
oIPFKNy0,60,0-1,Black,<=5s vs 15-20s,1070
DykNhRCt,98,1/2-1/2,Black,<=5s vs <=5s,2571
uyvHjQAm,104,0-1,Black,<=5s vs 10-15s,2822
ddnjTPkN,68,1-0,Black,<=5s vs 5-10s,1797
1KitduMj,77,1-0,White,<=5s vs 5-10s,2367
9HyfLF1j,119,1-0,White,<=5s vs 10-15s,1934
oSdLUV3U,70,1-0,Black,<=5s vs <=5s,2084
xPIXkpwj,97,1-0,White,<=5s vs 15-20s,2207
xojmdSNN,130,1/2-1/2,Black,<=5s vs 10-15s,2076
bsOJujhe,83,1-0,White,<=5s vs 5-10s,2250
i0JISTuK,75,1-0,White,<=5s vs 15-20s,2018
22hEIrXE,100,0-1,Black,<=5s vs 5-10s,2226
35vR96vx,67,1-0,White,<=5s vs 10-15s,2219
qZaKBqEF,60,1/2-1/2,Black,<=5s vs <=5s,2116
vtZVBG8L,62,1-0,Black,<=5s vs 5-10s,1716
LAQqb17K,86,0-1,Black,<=5s vs 15-20s,1557
shxBbWWA,61,1-0,White,<=5s vs 5-10s,2191
ZB5QECtS,51,1-0,White,<=5s vs 15-20s,1094
CNggO4bw,112,0-1,Black,<=5s vs <=5s,2703
auDN0mPv,150,1/2-1/2,Black,<=5s vs <=5s,1612
uHv00QLk,60,1-0,Black,<=5s vs 5-10s,1960
Mrj1mfXL,70,1-0,Black,<=5s vs <=5s,1777
mB2OZbEi,67,1-0,White,<=5s vs 15-20s,1555
lywo7EmU,61,1-0,White,<=5s vs 15-20s,1468
bine6d5M,59,1-0,White,<=5s vs 10-15s,1564
xlbLjbfh,86,0-1,Black,<=5s vs 5-10s,2312
6cyEUxtr,82,0-1,Black,<=5s vs <=5s,2178
1DKk9aPR,69,1-0,White,<=5s vs 10-15s,2394
6lKW4AtL,75,1-0,White,<=5s vs <=5s,2340
ldFPFJZg,70,0-1,Black,<=5s vs 5-10s,1687
6LK1ltjQ,70,0-1,Black,<=5s vs 5-10s,1188
uyyebDa5,107,0-1,White,<=5s vs <=5s,2215
pGA30bY0,65,1-0,White,<=5s vs 15-20s,2349
QYgkRHu4,79,0-1,White,<=5s vs 5-10s,1980
VxnSSvOz,62,0-1,Black,<=5s vs <=5s,1364
Z8Z5dith,53,0-1,White,<=5s vs 5-10s,1773
YGijnSh3,60,0-1,Black,<=5s vs 10-15s,1570
cXqciiAY,62,0-1,Black,<=5s vs 15-20s,1500
D5CeZHyq,71,1/2-1/2,White,<=5s vs 5-10s,1660
UiWDZ8Gq,60,0-1,Black,<=5s vs 5-10s,1418
4ejm1FXx,85,1-0,White,<=5s vs 5-10s,1979
FnauKoTb,58,0-1,Black,<=5s vs 15-20s,1368
n9Wi4Nqd,63,1-0,White,<=5s vs 5-10s,1032
ILIvA3fh,64,0-1,Black,<=5s vs 15-20s,2010
KUTBq9bA,95,1-0,White,<=5s vs 5-10s,2093
GGCcTF8v,49,1-0,White,<=5s vs 5-10s,1195
1Gd1TpJU,72,0-1,Black,<=5s vs <=5s,1496
Og34vnhx,108,0-1,Black,<=5s vs 10-15s,2573
yk8Dg2Dz,49,1-0,White,<=5s vs 5-10s,1014
Si2cee83,49,1-0,White,<=5s vs 10-15s,1138
BcoZu9gS,63,1-0,White,<=5s vs 10-15s,2097
tI3ttDF8,76,0-1,Black,<=5s vs 10-15s,2180
v47KJUrV,90,0-1,Black,<=5s vs 10-15s,2275
8h99TXig,46,0-1,Black,<=5s vs 5-10s,1485
gjPLjNCz,60,1-0,Black,<=5s vs 10-15s,1853
EzfyEYYe,68,0-1,Black,<=5s vs 15-20s,2160
HXGYiyqO,48,0-1,Black,<=5s vs 15-20s,1585
AseWcLEQ,59,1-0,White,<=5s vs 5-10s,1494
aKjYRRE1,51,1-0,White,<=5s vs 15-20s,1474
wt2SZ410,64,0-1,Black,<=5s vs 10-15s,1914
e2nSxokD,80,0-1,Black,<=5s vs 5-10s,1956
kVNrxcKB,35,1-0,White,<=5s vs 15-20s,882
L1gQISSK,60,0-1,Black,<=5s vs 15-20s,1470
UYvyHHWC,66,0-1,Black,<=5s vs 15-20s,1672
kQWgIamM,82,0-1,Black,<=5s vs <=5s,2071
yq00gNNp,87,0-1,White,<=5s vs 5-10s,1381
3zfuF4k9,102,0-1,Black,<=5s vs 10-15s,2164
hMonsEYu,54,0-1,Black,<=5s vs <=5s,1692
4SiGHf4O,75,1-0,White,<=5s vs 5-10s,2304
er3Zk7SP,78,0-1,Black,<=5s vs 10-15s,1340
YfQ4J8hQ,49,1-0,White,<=5s vs 15-20s,1264
OdqDUWjO,43,1-0,White,<=5s vs 15-20s,1315
7dU7lyXN,87,1-0,White,<=5s vs 15-20s,2189
r2Lz3pg7,71,1-0,White,<=5s vs 10-15s,1526
gEjk8L6R,66,0-1,Black,<=5s vs 10-15s,1480
MZo04R0m,100,1-0,Black,<=5s vs 10-15s,2492
NK0OYPhi,76,0-1,Black,<=5s vs <=5s,1335
eJ8SxrmU,67,0-1,White,<=5s vs 5-10s,1322
6XepOuXf,103,1-0,White,<=5s vs 10-15s,2039
X9deDfd7,43,1-0,White,<=5s vs 5-10s,1188
QqJiuUqd,69,1-0,White,<=5s vs 10-15s,1651
KPQauxiR,46,0-1,Black,<=5s vs 15-20s,977
ElA75UBK,92,0-1,Black,<=5s vs 5-10s,2873
eOs1giF3,78,0-1,Black,<=5s vs 10-15s,1355
QiHjpiUM,74,0-1,Black,<=5s vs 15-20s,1219
YdA4LB4J,56,0-1,Black,<=5s vs 10-15s,1558
xcWPwG4Q,70,1-0,Black,<=5s vs <=5s,2394
yUicg7oF,116,1-0,Black,<=5s vs <=5s,2478
q0AHPbeG,66,0-1,Black,<=5s vs 15-20s,1744
akyiX6Qw,94,1-0,Black,<=5s vs <=5s,1522
5C0SesmI,97,1-0,White,<=5s vs 10-15s,2029
ADEJUbsr,74,0-1,Black,<=5s vs 5-10s,1400
0AUG1hSH,83,0-1,White,<=5s vs 10-15s,1959
UlJg1WT4,85,1-0,White,<=5s vs 15-20s,1473
6nY5fZOb,84,0-1,Black,<=5s vs 15-20s,2280
EIz4FRMu,82,0-1,Black,<=5s vs 5-10s,2487
gE58gFDp,33,1-0,White,<=5s vs 5-10s,1395
ZvsmwLK9,82,0-1,Black,<=5s vs 15-20s,1977
mnK0s2th,117,1-0,White,<=5s vs 15-20s,2357
KrKELV12,81,1-0,White,<=5s vs 5-10s,2127
F35LBoI3,104,1-0,Black,<=5s vs <=5s,2032
L2LipLXt,69,0-1,White,<=5s vs 5-10s,1905
am2dWe33,59,1-0,White,<=5s vs 5-10s,1617
Upa3f2PV,95,1-0,White,<=5s vs <=5s,2226
QbAGqfnp,76,0-1,Black,<=5s vs <=5s,1754
djBmi8YH,45,1-0,White,<=5s vs 5-10s,1209
SHpanbjq,76,0-1,Black,<=5s vs 5-10s,2255
Mv0CkGpM,76,0-1,Black,<=5s vs 5-10s,2060
8QpEMuG9,74,0-1,Black,<=5s vs 10-15s,2054
gvz39wYA,64,0-1,Black,<=5s vs 10-15s,2018
RY6kiAci,146,0-1,Black,<=5s vs 5-10s,1979
KxTyXrc6,45,1-0,White,<=5s vs 15-20s,1802
qhrXbc5j,69,0-1,White,<=5s vs 5-10s,2054
Qm2znaal,81,0-1,White,<=5s vs <=5s,1534
haab5BKx,58,0-1,Black,<=5s vs 15-20s,1323
GgI3TSjw,77,1-0,White,<=5s vs 10-15s,1799
kMqbabRo,67,1-0,White,<=5s vs 10-15s,1920
t2oNLdx9,72,0-1,Black,<=5s vs 10-15s,1130
HswDmGzo,82,0-1,Black,<=5s vs 10-15s,2107
xm2WRsFL,54,0-1,Black,<=5s vs 10-15s,1586
cZ9r8uXG,107,0-1,White,<=5s vs <=5s,1829
jhiWj04i,81,1-0,White,<=5s vs 15-20s,2346
h1nzEl8N,85,1-0,White,<=5s vs 10-15s,1900
Aqbj20z4,74,1-0,Black,<=5s vs 5-10s,1857
JxCMj00E,96,0-1,Black,<=5s vs 10-15s,2535
QAi6WiJE,79,1-0,White,<=5s vs <=5s,2022
kg925OVL,80,1-0,Black,<=5s vs <=5s,1974
JeaFeSOH,60,0-1,Black,<=5s vs 5-10s,2005
8O6XMwSC,65,0-1,White,<=5s vs <=5s,1785
qX0wJrvl,62,0-1,Black,<=5s vs <=5s,1577
I5hUcYnG,90,1-0,Black,<=5s vs 5-10s,2444
THEjiIbk,50,0-1,Black,<=5s vs 5-10s,1204
nKfPHNyA,40,0-1,Black,<=5s vs 15-20s,1664
2yZX4lrM,113,0-1,White,<=5s vs <=5s,1891
6rFZRXqT,86,1/2-1/2,Black,<=5s vs 10-15s,2693
wGCIhdz5,51,1-0,White,<=5s vs 5-10s,2203
Yxazsyv9,65,0-1,White,<=5s vs 5-10s,1064
8n2Q6TWc,91,1-0,White,<=5s vs <=5s,2515
kbcfPNI4,100,1-0,Black,<=5s vs 5-10s,2316
yJEvs2G5,65,1-0,White,<=5s vs 10-15s,1629
DF0p6ivm,63,0-1,White,<=5s vs 5-10s,1063
j9VfiHe1,58,0-1,Black,<=5s vs 5-10s,1214
51kAxiH8,70,0-1,Black,<=5s vs 10-15s,1354
aKcIsgOu,58,1-0,Black,<=5s vs 10-15s,1979
ZHi3Jkai,64,0-1,Black,<=5s vs <=5s,1252
80pHE3vP,66,0-1,Black,<=5s vs <=5s,1419
MJ5A7Ceu,36,0-1,Black,<=5s vs 15-20s,1365
nDrc02W5,89,1-0,White,<=5s vs <=5s,2004
g4AABJtD,56,0-1,Black,<=5s vs 5-10s,1490
LCs7OOv5,92,0-1,Black,<=5s vs 5-10s,2099
uCBbDzM4,46,0-1,Black,<=5s vs 5-10s,1223
6F2FS5g2,84,0-1,Black,<=5s vs 5-10s,2635
qpHiT5aS,128,1/2-1/2,Black,<=5s vs 5-10s,2267
9eysUmtW,121,1-0,White,<=5s vs 15-20s,1669
F91vOp33,67,1-0,White,<=5s vs 15-20s,1977
viAgkKaG,70,0-1,Black,<=5s vs 15-20s,1988
Ej8KmYap,117,1-0,White,<=5s vs 15-20s,1961
mQeBaWMP,62,0-1,Black,<=5s vs <=5s,1443
C7N4Jo4d,80,1-0,Black,<=5s vs 10-15s,2163
FYUFNViP,53,1-0,White,<=5s vs 15-20s,2073
HlNYWiI3,60,1-0,Black,<=5s vs <=5s,1482
qwQIQYMv,62,0-1,Black,<=5s vs 10-15s,2479
IKahRUso,54,0-1,Black,<=5s vs 15-20s,1996
KEqUR2JV,86,0-1,Black,<=5s vs 15-20s,2192
9XaaLL6R,96,1-0,Black,<=5s vs 5-10s,2248
0SqY6T3V,75,1-0,White,<=5s vs 15-20s,2481
pFzDRUfb,76,0-1,Black,<=5s vs 15-20s,2677
DkkxJJPw,99,1-0,White,<=5s vs 5-10s,2462
AvorDeOY,74,1-0,Black,<=5s vs <=5s,1614
t3KNFd8l,64,0-1,Black,<=5s vs 15-20s,1109
9FLGWibD,72,0-1,Black,<=5s vs 5-10s,2098
mL6x9qng,147,1-0,White,<=5s vs 5-10s,2595
LNNA4GZ8,48,0-1,Black,<=5s vs 5-10s,2132
AqJdbPF5,49,1-0,White,<=5s vs 15-20s,1101
YPNoPVLc,117,1-0,White,<=5s vs 10-15s,1401
ecHaOdLx,63,0-1,White,<=5s vs 5-10s,1696
pcH0qS3o,50,0-1,Black,<=5s vs 10-15s,1023
vqjhovN5,67,1-0,White,<=5s vs 10-15s,2095
25UsTDsn,87,1-0,White,<=5s vs 15-20s,1932
zFsAJ4dR,81,1-0,White,<=5s vs 5-10s,1767
EX8pWUqe,59,0-1,White,<=5s vs 5-10s,1206
IKCKIrtL,117,1/2-1/2,White,<=5s vs 5-10s,1074
Uwxl5GbI,83,0-1,White,<=5s vs 5-10s,2926
RTRdQVe9,84,1-0,Black,<=5s vs <=5s,1528
UgDMbCIm,108,0-1,Black,<=5s vs 10-15s,2527
BRJ733f7,107,0-1,White,<=5s vs <=5s,2140
SlhqhRYq,84,1/2-1/2,Black,<=5s vs 10-15s,2215
D8OAW6wL,46,1-0,Black,<=5s vs <=5s,1308
quFWcGOp,67,1-0,White,<=5s vs 5-10s,1888
JaEMGFHD,74,0-1,Black,<=5s vs 5-10s,2882
J6KAJSnD,91,1-0,White,<=5s vs 15-20s,1941
77Rpp6My,96,1-0,Black,<=5s vs <=5s,2367
bZgkqcwn,70,0-1,Black,<=5s vs 15-20s,1788
6liSvs1S,83,0-1,White,<=5s vs 5-10s,2172
6AuqlrLa,69,1-0,White,<=5s vs 10-15s,1453
ZJLKU3xe,101,0-1,White,<=5s vs <=5s,1986
2o84e49z,57,1-0,White,<=5s vs 15-20s,1869
aQiXxGjc,52,0-1,Black,<=5s vs 5-10s,1342
GQT9lP6J,84,0-1,Black,<=5s vs 5-10s,2636
HZ9uWXBG,61,1-0,White,<=5s vs 10-15s,1720
SvLICmHz,88,0-1,Black,<=5s vs 10-15s,2199
CKKIkYP7,97,0-1,White,<=5s vs 10-15s,1674
EOuVLuD1,85,1-0,White,<=5s vs 10-15s,2081
71YIdS4A,54,0-1,Black,<=5s vs 10-15s,1745
e7K4z6p4,69,0-1,White,<=5s vs 10-15s,1143
vfAqXogd,84,1-0,Black,<=5s vs <=5s,2513
Py6O1jSg,50,0-1,Black,<=5s vs 10-15s,1440
eJFTzP4a,70,0-1,Black,<=5s vs 15-20s,1737
d6YOXahJ,90,0-1,Black,<=5s vs 15-20s,2471
NTZklnRw,51,1-0,White,<=5s vs 15-20s,1697
MplNhkgA,129,1/2-1/2,White,<=5s vs 15-20s,2120
9n6yaswq,50,0-1,Black,<=5s vs <=5s,1716
Li1HpfeU,94,0-1,Black,<=5s vs 5-10s,2397
c5VCufit,61,1-0,White,<=5s vs 15-20s,1744
odY6g0oN,70,0-1,Black,<=5s vs 5-10s,1150
GkrYpmk1,77,0-1,White,<=5s vs 5-10s,1940
usP3ksip,53,0-1,White,<=5s vs <=5s,1340
ZGL3NEsS,59,1-0,White,<=5s vs 10-15s,2050
VjiUhFG9,60,0-1,Black,<=5s vs 15-20s,2008
xjH1FXgo,54,0-1,Black,<=5s vs 15-20s,1565
317r8Bta,107,1-0,White,<=5s vs <=5s,1159
coRmRHUY,60,0-1,Black,<=5s vs 15-20s,1790
76AQ5NNg,65,1-0,White,<=5s vs 5-10s,1886
1ffX7AKW,69,1-0,White,<=5s vs 15-20s,2375
Dt70Aalk,74,0-1,Black,<=5s vs 5-10s,1895
WtZAfiDT,61,1-0,White,<=5s vs 15-20s,1815
sIWvJ1sZ,71,1-0,White,<=5s vs 5-10s,2251
hfNOcOUp,111,1-0,White,<=5s vs <=5s,2349
uChHAEX1,50,0-1,Black,<=5s vs 15-20s,940
HBZerGXu,65,0-1,White,<=5s vs <=5s,1843
decFgzYn,52,0-1,Black,<=5s vs 5-10s,1020
uf5ksNme,37,1-0,White,<=5s vs 10-15s,970
W84Xpo5z,48,0-1,Black,<=5s vs 15-20s,747
w9JKjRvq,85,1-0,White,<=5s vs <=5s,2406
FlwzFME9,62,0-1,Black,<=5s vs 15-20s,1123
FVjI86yB,85,1-0,White,<=5s vs 5-10s,2342
1pOHbSiS,99,1-0,White,<=5s vs 15-20s,2425
TaCxwe7k,90,0-1,Black,<=5s vs 5-10s,2506
cbAZgyI5,55,1-0,White,<=5s vs 10-15s,1165
6jxVP5iF,97,0-1,White,<=5s vs <=5s,2471
JSzwFBVC,94,0-1,Black,<=5s vs <=5s,2083
MLI1VvX9,68,0-1,Black,<=5s vs 10-15s,2238
bySe29Ph,90,0-1,Black,<=5s vs 10-15s,2259
LK0gUg0m,63,1-0,White,<=5s vs 10-15s,2213
UYTs6bWB,43,1-0,White,<=5s vs 15-20s,1260
b8IC411X,56,0-1,Black,<=5s vs 10-15s,1156
tBFLc56V,114,0-1,Black,<=5s vs 15-20s,990
I06RyksE,95,0-1,White,<=5s vs 5-10s,2216
8Rjjmly9,91,1-0,White,<=5s vs 5-10s,1662
kZu0EQza,52,0-1,Black,<=5s vs 5-10s,1130
YcvHKK6N,83,1-0,White,<=5s vs 10-15s,1920
Z3O3iH9Q,69,1-0,White,<=5s vs 15-20s,2192
umHkLcGz,113,1/2-1/2,White,<=5s vs 10-15s,2577
66uH5DCS,41,1-0,White,<=5s vs <=5s,1003
HQbvPL5z,92,0-1,Black,<=5s vs 10-15s,1823
LKsS42sk,88,0-1,Black,<=5s vs 5-10s,1446
CtN48bKa,70,0-1,Black,<=5s vs 10-15s,1595
NFnHS57e,75,1-0,White,<=5s vs 10-15s,2099
dKtPxrZg,65,0-1,White,<=5s vs <=5s,1184
vX1unVoI,52,0-1,Black,<=5s vs 15-20s,1833
RsMS3CJM,64,0-1,Black,<=5s vs 15-20s,1751
tQEV9AGO,44,1-0,Black,<=5s vs <=5s,836
VAVfq9q1,97,1-0,White,<=5s vs 15-20s,2309
B8un7P0T,82,1-0,Black,<=5s vs 10-15s,1766
9Nev6yV1,63,1-0,White,<=5s vs 10-15s,2372
8I6K7MYa,50,0-1,Black,<=5s vs <=5s,1087
d2sKIWoS,69,1-0,White,<=5s vs 10-15s,1695
L2WDws64,75,1-0,White,<=5s vs 5-10s,1251
1l8Hwimu,78,0-1,Black,<=5s vs <=5s,1835
EGqix5hf,77,1-0,White,<=5s vs 5-10s,2060
xL8M6eCL,92,0-1,Black,<=5s vs 10-15s,1767
IXgH0ZZ8,81,1-0,White,<=5s vs 5-10s,2108
ItAysmcr,62,0-1,Black,<=5s vs 10-15s,1338
3ze2WJYJ,144,0-1,Black,<=5s vs 15-20s,2750
36y3nwyL,61,1-0,White,<=5s vs 15-20s,1743
s66OcchI,58,0-1,Black,<=5s vs 10-15s,1707
NeMd7Chp,65,1-0,White,<=5s vs 5-10s,1923
42d6BaMy,68,0-1,Black,<=5s vs <=5s,1702
QdangD2W,76,0-1,Black,<=5s vs 10-15s,1908
CPtKK4vR,51,1-0,White,<=5s vs 5-10s,2252
g3PBSnCf,65,1-0,White,<=5s vs 5-10s,861
AD7OFygi,80,0-1,Black,<=5s vs 5-10s,1476
ncAbbyR3,53,0-1,White,<=5s vs 10-15s,1648
8zpJu7jf,65,1-0,White,<=5s vs <=5s,1394
tjA4FkJA,49,0-1,White,<=5s vs 5-10s,2501
aXVE32Ye,43,1-0,White,<=5s vs 10-15s,1060
i92nnfND,120,0-1,Black,<=5s vs 5-10s,2358
T76msN48,72,0-1,Black,<=5s vs 10-15s,2441
DTwvxvaK,96,0-1,Black,<=5s vs <=5s,1664
obaSvYRm,69,1-0,White,<=5s vs 15-20s,1225
KzWS1KcT,68,0-1,Black,<=5s vs 10-15s,1233
EEAPmV7P,66,0-1,Black,<=5s vs 15-20s,1298
vm6hTXn3,58,0-1,Black,<=5s vs 10-15s,1318
Fuiros38,67,0-1,White,<=5s vs 5-10s,1598
aKjYu9Ex,83,1-0,White,<=5s vs 10-15s,2790
voDIxE4d,83,1-0,White,<=5s vs 10-15s,2122
J0dhGtqQ,91,1-0,White,<=5s vs 10-15s,2368
2GRTJqmD,66,0-1,Black,<=5s vs 5-10s,1101
WAjnI3HK,180,0-1,Black,<=5s vs 5-10s,1899
QAYMsEiJ,78,0-1,Black,<=5s vs 10-15s,2140
zkoBUdjP,51,1-0,White,<=5s vs 10-15s,1009
1qsWyuMW,73,1-0,White,<=5s vs 15-20s,1335
F2TshsYN,111,1-0,White,<=5s vs 5-10s,2447
QCsn0imF,59,1-0,White,<=5s vs 5-10s,2061
8A620Si7,72,0-1,Black,<=5s vs 5-10s,2318
m6jcxbqj,38,0-1,Black,<=5s vs 15-20s,982
5zt7ukM2,73,1-0,White,<=5s vs 10-15s,1443
tVfxJsEv,73,0-1,White,<=5s vs <=5s,2284
Eih8xx1C,68,0-1,Black,<=5s vs 5-10s,1934
IM4fF8Hk,65,1-0,White,<=5s vs 15-20s,1952
F1C0KXVQ,47,1-0,White,<=5s vs 5-10s,1879
zQky4cda,72,0-1,Black,<=5s vs 15-20s,1631
ioxOJD5y,61,1-0,White,<=5s vs 5-10s,1771
ho4Sqb4t,129,1-0,White,<=5s vs 10-15s,2813
azCwdweA,64,0-1,Black,<=5s vs 10-15s,1500
qFatm616,82,0-1,Black,<=5s vs 5-10s,1370
NQvhEENH,67,0-1,White,<=5s vs 5-10s,1512
tmaiJKL2,58,0-1,Black,<=5s vs 5-10s,1320
Y0kEvQ4Y,113,1-0,White,<=5s vs 15-20s,2423
nHIDBwpC,65,0-1,White,<=5s vs <=5s,1554
zQh8Rlo8,75,0-1,White,<=5s vs <=5s,1803
5NUSZ5Gq,44,0-1,Black,<=5s vs 5-10s,691
hdhW8Xk2,77,1-0,White,<=5s vs 5-10s,1302
KYG5kcob,80,0-1,Black,<=5s vs 5-10s,1896
kNYyWgfO,70,0-1,Black,<=5s vs 5-10s,1829
0GPwiNxp,85,1-0,White,<=5s vs 5-10s,2143
b1bLQYDg,68,1-0,Black,<=5s vs 5-10s,1132
N9FTdH4r,68,0-1,Black,<=5s vs 5-10s,1557
9Vbr64vR,60,0-1,Black,<=5s vs 5-10s,1980
0IopmqL0,81,1-0,White,<=5s vs 5-10s,1380
KFQ1e0mm,64,0-1,Black,<=5s vs 15-20s,1871
jHXjUe81,91,1/2-1/2,White,<=5s vs 10-15s,904
Chqth2Ic,53,1-0,White,<=5s vs 10-15s,1644
upyCJEji,75,1-0,White,<=5s vs 5-10s,1265
NSlrEfp2,105,1-0,White,<=5s vs 5-10s,2660
RrdPvWTx,60,0-1,Black,<=5s vs 10-15s,1892
zkQU3idn,47,1-0,White,<=5s vs 10-15s,990
XZ2OqBxW,72,0-1,Black,<=5s vs 5-10s,1959
MkncqiY9,60,0-1,Black,<=5s vs 15-20s,2227
PCufLRvy,74,1/2-1/2,Black,<=5s vs 10-15s,2313
HXOPb96Z,51,1-0,White,<=5s vs 15-20s,1549
XVpstpWv,102,0-1,Black,<=5s vs 5-10s,1866
0d5CrAdz,59,1-0,White,<=5s vs 15-20s,1059
dTzIZNqM,90,0-1,Black,<=5s vs 15-20s,2022
0g4iyJzP,62,1-0,Black,<=5s vs 5-10s,1854
P58TbaCC,51,1-0,White,<=5s vs 15-20s,1085
dvktLnKz,124,0-1,Black,<=5s vs 5-10s,1930
hwc1yRUO,87,1-0,White,<=5s vs 10-15s,2338
9ecxxcso,55,1-0,White,<=5s vs 10-15s,1192
BjdJJ4K6,70,0-1,Black,<=5s vs <=5s,1512
OqmC1tsb,102,0-1,Black,<=5s vs 15-20s,1306
rtAgnRtS,69,0-1,White,<=5s vs 10-15s,1188
DUCY1FUU,88,0-1,Black,<=5s vs 5-10s,1718
uMdGxx8Y,48,0-1,Black,<=5s vs 15-20s,1294
Ra7UnLrP,73,1-0,White,<=5s vs 5-10s,1911
ns2VbNwk,69,0-1,White,<=5s vs <=5s,1468
RZaObJWD,62,0-1,Black,<=5s vs <=5s,2042
4o8anSsZ,86,0-1,Black,<=5s vs 15-20s,2708
UJ9ZWFHT,76,0-1,Black,<=5s vs 5-10s,2281
SEM5744q,77,1-0,White,<=5s vs 5-10s,1669
TyZjCCFQ,57,1-0,White,<=5s vs 10-15s,1632
SJGwWgfp,54,0-1,Black,<=5s vs 10-15s,1877
Kp6NvKKC,66,0-1,Black,<=5s vs 10-15s,2486
xswOhEjD,37,1-0,White,<=5s vs 15-20s,835
o8YB8U7e,43,1-0,White,<=5s vs 15-20s,778
JfTXQx93,68,0-1,Black,<=5s vs <=5s,2025
A3o22tqF,55,1-0,White,<=5s vs 10-15s,1307
5K5bosiy,44,0-1,Black,<=5s vs 10-15s,1324
sHzUdsKQ,39,1-0,White,<=5s vs 15-20s,1395
0WhMSsgi,101,1-0,White,<=5s vs 5-10s,1991
yxRpVxq7,86,0-1,Black,<=5s vs 5-10s,2304
1XF3JeSG,75,1-0,White,<=5s vs 5-10s,1005
GtU7gy4T,56,0-1,Black,<=5s vs 15-20s,2479
RF2KGr6c,78,0-1,Black,<=5s vs 15-20s,2129
4rlbUfhx,53,1-0,White,<=5s vs 15-20s,998
BN8UsEJb,92,1-0,Black,<=5s vs 5-10s,2057
AwfETLbB,97,1-0,White,<=5s vs 15-20s,2178
N3X4MJzy,39,0-1,White,<=5s vs <=5s,795
HTGPEQ7R,77,1-0,White,<=5s vs 5-10s,2323
BpSVSqDG,86,0-1,Black,<=5s vs 5-10s,1771
lCdGRJ51,99,1-0,White,<=5s vs 15-20s,2543
BVU9Zh1S,96,1-0,Black,<=5s vs 5-10s,1836
yhsz8QvH,76,0-1,Black,<=5s vs 5-10s,2323
gVXkNa6j,57,0-1,White,<=5s vs 5-10s,1635
3IQ6zgsv,53,1-0,White,<=5s vs 10-15s,1529
NKfTVIRu,72,0-1,Black,<=5s vs 5-10s,2031
FENGkD2u,58,0-1,Black,<=5s vs 15-20s,1330
6Y2zNbqf,93,1-0,White,<=5s vs 5-10s,1940
bHpzTIMd,100,1/2-1/2,Black,<=5s vs 5-10s,2880
auYwBBUd,55,1-0,White,<=5s vs 15-20s,1870
FWZCrlvj,57,1-0,White,<=5s vs 15-20s,1293
KlGEIKUJ,52,0-1,Black,<=5s vs 15-20s,1437
76ZPwRe0,62,0-1,Black,<=5s vs 15-20s,2255
Iih6UnVG,55,1-0,White,<=5s vs 15-20s,1605
UkgRm0QC,78,0-1,Black,<=5s vs 15-20s,1438
Xvhhziru,54,0-1,Black,<=5s vs 10-15s,1823
o74stMqM,123,1-0,White,<=5s vs 10-15s,2080
2jchqnOv,93,1-0,White,<=5s vs 5-10s,2222
P6uE8H8y,54,0-1,Black,<=5s vs 5-10s,1564
gj0BNCAn,73,1-0,White,<=5s vs 10-15s,1229
ZY1Gz4sw,57,1-0,White,<=5s vs 10-15s,1752
07x9aauR,60,0-1,Black,<=5s vs <=5s,1106
l6E6STvW,81,1-0,White,<=5s vs 10-15s,1466
jeUp3VoO,64,0-1,Black,<=5s vs 10-15s,1336
ZzQhJ4rx,58,0-1,Black,<=5s vs 15-20s,1548
Jw2rTSaO,79,1-0,White,<=5s vs 5-10s,1686
0JLWzAmG,62,0-1,Black,<=5s vs 10-15s,2344
RMvBSWqH,87,1-0,White,<=5s vs 5-10s,2058
MB91QWSA,53,0-1,White,<=5s vs 10-15s,2019
4BCrol5C,36,0-1,Black,<=5s vs 15-20s,1134
Bn2RwYGv,62,0-1,Black,<=5s vs 10-15s,1838
wNqxlcEX,56,0-1,Black,<=5s vs 5-10s,1778
0lQX5RPg,53,1-0,White,<=5s vs 10-15s,2087
AnYWlvlL,68,0-1,Black,<=5s vs 15-20s,2408
cLVJWQu9,89,1-0,White,<=5s vs 15-20s,2302
Wu0waMnE,44,0-1,Black,<=5s vs 5-10s,1217
whcJW3nf,53,0-1,White,<=5s vs 10-15s,1713
MKfBJFUd,56,0-1,Black,<=5s vs 15-20s,1801
V4Sa4aPZ,71,1-0,White,<=5s vs 10-15s,2579
IsPfkWyk,50,0-1,Black,<=5s vs 5-10s,1265
Sw150cNV,61,1-0,White,<=5s vs 10-15s,1887
ye1HEL6h,80,1-0,Black,<=5s vs 5-10s,2499
NQfi5DmE,68,0-1,Black,<=5s vs <=5s,1752
LurtUdI2,75,1-0,White,<=5s vs 5-10s,1492
eDewgMlf,62,1-0,Black,<=5s vs 10-15s,1089
BG9QM3xN,71,1-0,White,<=5s vs 5-10s,1432
EpCf1yk0,58,0-1,Black,<=5s vs 5-10s,2091
Lcq3HJCE,109,0-1,White,<=5s vs 10-15s,2458
Pht3QGn0,103,1/2-1/2,White,<=5s vs 10-15s,1058
j65GOldy,44,0-1,Black,<=5s vs 15-20s,1043
UTXUxFA1,68,0-1,Black,<=5s vs 15-20s,1981
G6gPKLRV,74,0-1,Black,<=5s vs 15-20s,1791
e2HPatDa,72,0-1,Black,<=5s vs 5-10s,1965
ISJh3EHG,44,0-1,Black,<=5s vs 15-20s,1115
3TDepCxl,73,1-0,White,<=5s vs 10-15s,2056
VGe3LgwM,55,1-0,White,<=5s vs 5-10s,967
nFznH7K4,53,1-0,White,<=5s vs 5-10s,1568
A41jAPRc,51,1-0,White,<=5s vs 15-20s,1656
Qa4Pgd0K,44,0-1,Black,<=5s vs 15-20s,1525
dmNwQzQl,79,1-0,White,<=5s vs 10-15s,2006
62pWXkPc,55,1-0,White,<=5s vs 15-20s,877
SoEu8DIg,42,1-0,Black,<=5s vs 15-20s,1694
JxNHfj5G,50,1-0,Black,<=5s vs <=5s,955
n9xVgdUE,74,0-1,Black,<=5s vs 10-15s,1936
SZtma3Dm,78,0-1,Black,<=5s vs 5-10s,2166
s5YIodeX,58,0-1,Black,<=5s vs <=5s,1275
3P10tAtI,103,1-0,White,<=5s vs 5-10s,2201
GTmaHeyk,80,0-1,Black,<=5s vs <=5s,1580
MBSvlgS3,59,1-0,White,<=5s vs 10-15s,2258
Sm4ywA6P,94,0-1,Black,<=5s vs 10-15s,2836
1gbXgnaJ,48,0-1,Black,<=5s vs 10-15s,1730
HGkdFEXJ,48,0-1,Black,<=5s vs 15-20s,1208
5XnOPYsI,63,0-1,White,<=5s vs 10-15s,1763
ziGiOd8Y,77,0-1,White,<=5s vs 5-10s,1446
AgkPwDRD,75,1-0,White,<=5s vs 5-10s,2136
c2r9lC6h,60,0-1,Black,<=5s vs 15-20s,1934
jEUXghYo,59,1-0,White,<=5s vs 10-15s,1561
KppNFQPt,51,1-0,White,<=5s vs 15-20s,1157
aBH1M2ym,58,0-1,Black,<=5s vs 10-15s,1205
o3EwGupI,47,1-0,White,<=5s vs 10-15s,880
I3zQYQpW,42,0-1,Black,<=5s vs 15-20s,997
QXBv857H,86,0-1,Black,<=5s vs <=5s,2273
wqLDolFJ,62,1-0,Black,<=5s vs <=5s,1930
BrsIfQHL,49,1-0,White,<=5s vs <=5s,1379
pHXqAZbe,91,1-0,White,<=5s vs 5-10s,2091
Vh0h1Jog,64,0-1,Black,<=5s vs <=5s,1897
uSbEygPx,60,0-1,Black,<=5s vs 5-10s,1563
GVxgtjFz,64,0-1,Black,<=5s vs 10-15s,1480
w6M78UtS,47,1-0,White,<=5s vs 5-10s,947
xO7xCLZV,67,1-0,White,<=5s vs 10-15s,2055
FG0ut9xX,70,0-1,Black,<=5s vs 5-10s,1965
TK8k35bC,79,1-0,White,<=5s vs 5-10s,1525
W7cub0o2,49,1-0,White,<=5s vs 10-15s,1497
m08dToaw,148,0-1,Black,<=5s vs 15-20s,2665
F9gVRX1T,121,1-0,White,<=5s vs 15-20s,1862
cudQpUB3,61,0-1,White,<=5s vs <=5s,1225
0B7MVTUM,38,0-1,Black,<=5s vs 15-20s,983
9qALu49S,70,0-1,Black,<=5s vs 5-10s,2134
u7xYaOQ6,80,0-1,Black,<=5s vs 10-15s,1887
33PKM7F9,54,0-1,Black,<=5s vs 10-15s,1340
asvcISa4,86,0-1,Black,<=5s vs 10-15s,2295
0fo6z1vw,47,1-0,White,<=5s vs 5-10s,1000
60pK22Z2,58,0-1,Black,<=5s vs 10-15s,1390
dVvdiUKK,66,0-1,Black,<=5s vs 5-10s,1646
I5SRZybS,109,0-1,White,<=5s vs 15-20s,2104
VqEf7y0N,63,1-0,White,<=5s vs 10-15s,2025
RCu4GJdC,70,0-1,Black,<=5s vs 10-15s,1633
vKvAN5xT,58,0-1,Black,<=5s vs 15-20s,2171
qb0UG2G1,68,0-1,Black,<=5s vs 5-10s,1793
6rwUz8Qr,61,1-0,White,<=5s vs 15-20s,2643
TaY0dQFe,91,1-0,White,<=5s vs 10-15s,2014
HDJBqcHT,61,1-0,White,<=5s vs 15-20s,2435
ONRWjjil,70,0-1,Black,<=5s vs 10-15s,1326
CZwFDoAx,47,1-0,White,<=5s vs 15-20s,874
k9h1AxSj,119,1-0,White,<=5s vs <=5s,2568
DFiexUoe,83,1-0,White,<=5s vs 10-15s,1527
VEOPGhTe,86,0-1,Black,<=5s vs 5-10s,2049
6u0oPDuc,128,0-1,Black,<=5s vs 10-15s,1316
2tMGgjrO,93,1-0,White,<=5s vs 10-15s,2311
6m4gpGqK,73,1/2-1/2,White,<=5s vs 15-20s,2683
qbo3U0RH,65,0-1,White,<=5s vs 5-10s,1845
v4wJMR4x,45,1-0,White,<=5s vs 10-15s,1060
7DQ5lK07,89,1-0,White,<=5s vs 5-10s,1625
oims4Xt6,106,0-1,Black,<=5s vs 10-15s,2502
hFNIDAFK,121,1/2-1/2,White,<=5s vs 15-20s,2117
wYdZNaQD,122,1/2-1/2,Black,<=5s vs 5-10s,2640
HDAEfZNV,79,0-1,White,<=5s vs 5-10s,1676
WlkTHj6q,87,1-0,White,<=5s vs <=5s,1855
6YsdnVSy,90,0-1,Black,<=5s vs 10-15s,2566
tH8kt9Xv,70,1-0,Black,<=5s vs <=5s,2144
9JvWUWXU,92,0-1,Black,<=5s vs 5-10s,1957
EJ24N2JR,108,0-1,Black,<=5s vs 15-20s,1905
WPWfAY0w,50,0-1,Black,<=5s vs 15-20s,1458
S1Aucu7Z,90,1-0,Black,<=5s vs <=5s,1184
xO0gfW8k,47,1-0,White,<=5s vs 10-15s,886
3TY4gPls,55,1-0,White,<=5s vs 5-10s,1542
2SiHGqAY,83,1-0,White,<=5s vs 5-10s,1733
EBQQ39Fr,109,1/2-1/2,White,<=5s vs <=5s,2053
6bpdzsSW,69,1-0,White,<=5s vs 15-20s,2277
nw69ZVEs,48,0-1,Black,<=5s vs 15-20s,1557
2zfSFLN0,68,0-1,Black,<=5s vs 10-15s,1838
CUtEDQeB,78,0-1,Black,<=5s vs 5-10s,1755
P65oxDP7,66,0-1,Black,<=5s vs 5-10s,1333
eN6p5nyF,59,1-0,White,<=5s vs 5-10s,702
UagA3MU1,60,1-0,Black,<=5s vs <=5s,1976
s2XHJJ9f,50,0-1,Black,<=5s vs 15-20s,2057
QygUJhDC,119,1-0,White,<=5s vs 5-10s,2397
Yp50CQZ8,65,1-0,White,<=5s vs 15-20s,1546
To13ScOD,82,0-1,Black,<=5s vs 5-10s,2093
3PSsL6QA,75,1-0,White,<=5s vs 15-20s,2104
vVmBDolG,98,1-0,Black,<=5s vs 5-10s,2329
Q8ja8A1g,67,1-0,White,<=5s vs 5-10s,1492
ylKrh6Hm,44,0-1,Black,<=5s vs 10-15s,2002
aMNqPJiC,68,1/2-1/2,Black,<=5s vs 5-10s,1365
oSaB5Cud,65,1-0,White,<=5s vs 5-10s,980
wAmcUw86,77,1-0,White,<=5s vs 5-10s,1389
9QvM6S3D,49,1-0,White,<=5s vs <=5s,1608
6pI9d9n6,109,1-0,White,<=5s vs 5-10s,2057
PiYKRho0,83,1-0,White,<=5s vs 5-10s,1759
HF9KAKH1,55,1-0,White,<=5s vs 10-15s,1630
0q82bOvQ,80,0-1,Black,<=5s vs 5-10s,2091
5ZX3VTm1,64,0-1,Black,<=5s vs 5-10s,1187
0L7uBWER,70,0-1,Black,<=5s vs 15-20s,1611
SeZFrhf5,110,0-1,Black,<=5s vs 15-20s,2493
9AyA3B42,91,0-1,White,<=5s vs 5-10s,2031
fqWdwtyO,86,0-1,Black,<=5s vs 5-10s,1630
ruIhYe67,105,1-0,White,<=5s vs 5-10s,2809
9p4vGfTX,88,0-1,Black,<=5s vs 15-20s,2265
mdO99fDk,58,0-1,Black,<=5s vs 15-20s,2144
EkMatpev,149,1-0,White,<=5s vs 10-15s,2315
3zMUplj4,60,0-1,Black,<=5s vs <=5s,1942
Uv1WSUxM,77,1-0,White,<=5s vs 5-10s,1840
7GBSIQGa,74,0-1,Black,<=5s vs 5-10s,1813
ETLD3Qe7,47,1-0,White,<=5s vs 10-15s,900
qILxQ6Ge,72,0-1,Black,<=5s vs 15-20s,1585
1sOaNu3p,66,0-1,Black,<=5s vs 10-15s,1689
rNxqAol1,118,0-1,Black,<=5s vs 10-15s,2436
OVUXyVwa,63,1-0,White,<=5s vs 10-15s,1436
jIe1eu9o,124,0-1,Black,<=5s vs 5-10s,2312
9fviz9ZY,60,0-1,Black,<=5s vs 10-15s,1695
7xpoY8gT,62,0-1,Black,<=5s vs 15-20s,2432
xZyE13XU,74,0-1,Black,<=5s vs 10-15s,2107
S2Vrb4dA,99,1/2-1/2,White,<=5s vs 10-15s,2288
bpJlIYDX,35,1-0,White,<=5s vs 15-20s,1045
0E4RX5yR,75,1-0,White,<=5s vs 15-20s,2182
7vyHfjQW,62,0-1,Black,<=5s vs 5-10s,2087
8gn4JCF0,78,1-0,Black,<=5s vs 5-10s,2170
D4kkrvZd,117,1-0,White,<=5s vs 5-10s,2350
6OqIrqJN,162,1-0,Black,<=5s vs <=5s,2359
KSmbSdYV,93,1-0,White,<=5s vs 5-10s,2366
Gc4XG3zK,73,1-0,White,<=5s vs 5-10s,1536
JjBkYqy8,57,1-0,White,<=5s vs 5-10s,2116
IjE6522P,54,0-1,Black,<=5s vs 10-15s,1779
Hn4ZRjF4,81,1-0,White,<=5s vs 15-20s,2655
h6JPBaX9,90,0-1,Black,<=5s vs 5-10s,1760
6QDyymjh,97,1-0,White,<=5s vs 15-20s,1735
iw2kbJn8,94,0-1,Black,<=5s vs 15-20s,1324
DaP8oeat,63,0-1,White,<=5s vs 5-10s,1539
Xytnm96Y,88,1-0,Black,<=5s vs 10-15s,2089
KJv2iizi,61,1-0,White,<=5s vs 15-20s,1371
YSttn0gX,39,1-0,White,<=5s vs 10-15s,832
IMX9JXJs,60,0-1,Black,<=5s vs 10-15s,1790
bQb6I3Om,90,0-1,Black,<=5s vs 5-10s,1972
tfQylFu0,96,0-1,Black,<=5s vs 15-20s,2561
KHf2bMzm,54,0-1,Black,<=5s vs 15-20s,1464
YHLlL8uI,55,1-0,White,<=5s vs 10-15s,1559
hIgoHmlp,72,0-1,Black,<=5s vs 15-20s,1365
37iO8CTr,53,1-0,White,<=5s vs 15-20s,2085
87u1pUWS,81,1-0,White,<=5s vs <=5s,2144
pjn30Jjm,51,1-0,White,<=5s vs 15-20s,2248
Pnc91jww,85,1-0,White,<=5s vs 10-15s,2234
4vCdjAWv,80,0-1,Black,<=5s vs 10-15s,1850
22QFqzvu,45,0-1,White,<=5s vs <=5s,1295
EBmSCyFO,73,0-1,White,<=5s vs 10-15s,2232
8WyMvMnX,60,0-1,Black,<=5s vs 15-20s,2493
SYwQwsBO,68,0-1,Black,<=5s vs 5-10s,1517
G4rvrK1s,117,1-0,White,<=5s vs 15-20s,2383
KVPYnWP3,64,0-1,Black,<=5s vs 5-10s,1717
KFbkO0u4,116,0-1,Black,<=5s vs <=5s,1657
M1bfCxSA,76,1-0,Black,<=5s vs <=5s,1789
8tbbcrRU,45,0-1,White,<=5s vs 10-15s,987
Awh87Kwx,44,0-1,Black,<=5s vs 5-10s,1022
zROeJFJ1,100,0-1,Black,<=5s vs 15-20s,1830
47xuLF4U,79,1-0,White,<=5s vs 15-20s,2154
WvM8AZBk,77,1-0,White,<=5s vs 5-10s,2190
RfCRd95F,74,0-1,Black,<=5s vs 5-10s,1150
EO0oKG67,100,0-1,Black,<=5s vs 10-15s,2111
uODFl00z,87,1-0,White,<=5s vs 15-20s,2226
FX7byDGj,131,0-1,White,<=5s vs 5-10s,2343
ywEmXFsN,49,1-0,White,<=5s vs 10-15s,1110
wPB5dlnr,40,0-1,Black,<=5s vs 5-10s,817
t0jWLp68,70,0-1,Black,<=5s vs 5-10s,2635
2HE0gK8j,61,1-0,White,<=5s vs <=5s,1500
Huc9IUW9,61,1-0,White,<=5s vs 15-20s,2267
VOTrifUN,81,1/2-1/2,White,<=5s vs 10-15s,2259
aF571VjE,141,1/2-1/2,White,<=5s vs 5-10s,2397
yD3lPwPm,70,0-1,Black,<=5s vs 10-15s,1021
78solo02,88,0-1,Black,<=5s vs 10-15s,1768
5sxs8AB6,97,1-0,White,<=5s vs 10-15s,2233
AOrvP5MU,91,1-0,White,<=5s vs 15-20s,1994
SyjcroaH,82,0-1,Black,<=5s vs 5-10s,2111
laPJY0gX,116,1-0,Black,<=5s vs <=5s,2188
3RBMv1CA,52,0-1,Black,<=5s vs 15-20s,914
vlSatWkN,63,0-1,White,<=5s vs 5-10s,1418
s0ks5bXj,82,0-1,Black,<=5s vs 5-10s,1999
AZvVBvlJ,83,1-0,White,<=5s vs 15-20s,1882
42PJlGQm,74,1-0,Black,<=5s vs <=5s,1523
hhuiC6eV,40,0-1,Black,<=5s vs 5-10s,861
2nuEADXo,68,0-1,Black,<=5s vs 10-15s,1206
JedFfLXM,92,0-1,Black,<=5s vs 10-15s,1390
vi41OoP7,48,0-1,Black,<=5s vs 10-15s,1636
6b38XyXY,68,0-1,Black,<=5s vs 15-20s,2063
bAA5nBT2,77,1-0,White,<=5s vs 10-15s,2088
ctlU89ET,50,0-1,Black,<=5s vs 10-15s,1874
CGDi4wQm,70,0-1,Black,<=5s vs 10-15s,1751
5qKkAtJh,66,0-1,Black,<=5s vs 5-10s,2129
9Fw2C75k,80,0-1,Black,<=5s vs 5-10s,2008
yhnTPmkM,116,1/2-1/2,Black,<=5s vs 5-10s,1952
zspN1pCX,66,0-1,Black,<=5s vs 5-10s,1441
8uL0t4TE,72,0-1,Black,<=5s vs 5-10s,2301
RCw8ENf4,61,1-0,White,<=5s vs 5-10s,2059
OnTBhF5E,46,0-1,Black,<=5s vs 15-20s,1603
sjiAEsfL,65,0-1,White,<=5s vs <=5s,1569
abXErU4S,56,0-1,Black,<=5s vs 15-20s,968
SpZI6zzR,57,1-0,White,<=5s vs 15-20s,1372
JQDqOzNG,83,0-1,White,<=5s vs 5-10s,2044
itbBwSIn,91,0-1,White,<=5s vs 5-10s,1949
hlnQIDu1,79,0-1,White,<=5s vs <=5s,952
FHtEBMmp,103,1-0,White,<=5s vs 10-15s,2282
ZYYGaHr5,76,0-1,Black,<=5s vs 5-10s,1177
Q7AHgM4r,117,1-0,White,<=5s vs 10-15s,2454
TuDYABh7,55,1-0,White,<=5s vs 15-20s,1274
Ed6VGRnK,68,0-1,Black,<=5s vs 5-10s,1825
RM46YPYy,107,1-0,White,<=5s vs 5-10s,1561
DaGsiiOU,74,0-1,Black,<=5s vs 5-10s,1790
prtNAoJ2,49,1-0,White,<=5s vs 10-15s,1357
c9Dv86fI,74,0-1,Black,<=5s vs 10-15s,1625
3QgUT7Kg,75,1-0,White,<=5s vs 5-10s,1481
xI9zinbU,78,0-1,Black,<=5s vs 10-15s,2302
GJfojN1I,54,0-1,Black,<=5s vs 15-20s,1047
Xe4Ikldk,61,1-0,White,<=5s vs 5-10s,1199
4m2ShsX4,78,1/2-1/2,Black,<=5s vs 10-15s,2076
L6Cnwdb8,117,0-1,White,<=5s vs 10-15s,2741
S5p2AIcP,58,0-1,Black,<=5s vs 5-10s,976
XkoFb6kL,62,0-1,Black,<=5s vs <=5s,1566
eBrZdc8Z,82,0-1,Black,<=5s vs 5-10s,1598
BhLdDr8T,40,0-1,Black,<=5s vs 5-10s,1167
4PjY1Jsn,72,1-0,Black,<=5s vs <=5s,1486
UWvBtRHB,62,1-0,Black,<=5s vs <=5s,1084
5eaKkMZ5,51,0-1,White,<=5s vs 5-10s,952
oq4Y2qL2,96,1/2-1/2,Black,<=5s vs 5-10s,2500
v0oKUQHM,59,1-0,White,<=5s vs 15-20s,1921
qUOwbVWm,94,0-1,Black,<=5s vs 5-10s,2303
AZsdpwF4,61,1-0,White,<=5s vs 10-15s,1323
KpLG1XHT,60,0-1,Black,<=5s vs 15-20s,1410
UwvCdy71,34,0-1,Black,<=5s vs 15-20s,662
DgjMcgX1,77,1-0,White,<=5s vs 10-15s,1183
Uh1hcBbV,70,0-1,Black,<=5s vs 10-15s,1980
p9clXJJm,74,0-1,Black,<=5s vs 10-15s,2663
HhqdFGXH,82,0-1,Black,<=5s vs 10-15s,2714
HasnAOHT,158,1/2-1/2,Black,<=5s vs <=5s,1953
MorarjJg,46,1-0,Black,<=5s vs <=5s,1172
d0H0CDsB,125,1/2-1/2,White,<=5s vs 10-15s,2613
Xlt25wOd,68,0-1,Black,<=5s vs 5-10s,1995
HhpUBk1R,43,1-0,White,<=5s vs 15-20s,1046
3ZcYcPuN,81,1-0,White,<=5s vs 10-15s,2020
uXM0O1pE,72,0-1,Black,<=5s vs 10-15s,2234
GOHD1c23,75,1-0,White,<=5s vs 10-15s,2602
QBOaTDvp,47,1-0,White,<=5s vs <=5s,1468
7DHQh0yg,74,1-0,Black,<=5s vs 5-10s,2125
tGTMP5G4,62,0-1,Black,<=5s vs 5-10s,1610
z0U38JKd,57,0-1,White,<=5s vs 5-10s,1682
0ewSjIYW,71,1-0,White,<=5s vs 10-15s,2405
Xn56tigP,49,1-0,White,<=5s vs 5-10s,1150
x9UEDfwb,77,0-1,White,<=5s vs <=5s,1916
GB7VgjIP,75,1-0,White,<=5s vs <=5s,1272
70iUDteD,84,1/2-1/2,Black,<=5s vs 5-10s,1655
QoEbfNhY,59,1-0,White,<=5s vs 5-10s,1682
CO5BZe4p,107,1-0,White,<=5s vs 10-15s,2195
fqoSm8Hs,61,1-0,White,<=5s vs 15-20s,1658
mRrR6Xbq,54,0-1,Black,<=5s vs 10-15s,1967
ij3sOhfo,43,1-0,White,<=5s vs 5-10s,980
bjJgvcVJ,56,0-1,Black,<=5s vs 5-10s,1473
iHOIIYMn,193,1/2-1/2,White,<=5s vs <=5s,2614
OMKZpOfz,85,1-0,White,<=5s vs 5-10s,2022
D8YjSOoL,70,1-0,Black,<=5s vs 5-10s,1630
2aTmQ4QN,56,0-1,Black,<=5s vs 5-10s,1127
Bh2G07c9,73,1-0,White,<=5s vs 5-10s,1059
D340jh77,42,0-1,Black,<=5s vs 10-15s,831
ok525PVj,62,0-1,Black,<=5s vs 5-10s,1096
MPSzCHZs,87,1-0,White,<=5s vs 15-20s,1847
NCz2Ivlf,53,1-0,White,<=5s vs 15-20s,1748
cYe6mJAm,134,1/2-1/2,Black,<=5s vs 10-15s,1636
aTthpUtq,67,1-0,White,<=5s vs 10-15s,2256
3NEJETbj,89,1-0,White,<=5s vs <=5s,2370
B96TaHBx,81,1-0,White,<=5s vs 15-20s,2214
8nMZBjVy,78,0-1,Black,<=5s vs 5-10s,1387
DVFV0rHL,107,1/2-1/2,White,<=5s vs 10-15s,2592
muDRl5ED,79,1-0,White,<=5s vs 15-20s,2414
wGhkppOx,72,0-1,Black,<=5s vs 5-10s,1705
Wj8qYxBQ,109,0-1,White,<=5s vs <=5s,2382
jmg5NIAV,55,1-0,White,<=5s vs 15-20s,2020
XqxkgDH6,66,0-1,Black,<=5s vs 15-20s,1605
70NfnsHe,114,0-1,Black,<=5s vs 15-20s,2183
lUPHKjP3,85,1-0,White,<=5s vs <=5s,1740
Wh1aSRhP,75,1-0,White,<=5s vs 10-15s,2314
yZVBhoEj,71,1/2-1/2,White,<=5s vs 5-10s,1683
6F82sd4f,61,1-0,White,<=5s vs 10-15s,2495
qrwLEF18,64,0-1,Black,<=5s vs <=5s,2341
tf1lEzxE,91,1-0,White,<=5s vs 5-10s,1741
DVgs2I52,76,1-0,Black,<=5s vs <=5s,1925
Tw0xyV0u,83,1-0,White,<=5s vs 5-10s,1567
hte39YkD,43,0-1,White,<=5s vs 15-20s,1465
sIpROqtV,55,1-0,White,<=5s vs 10-15s,1701
5avcJLSE,57,1-0,White,<=5s vs 15-20s,1346
q3jQV5zp,63,0-1,White,<=5s vs 5-10s,1857
G8RXC3Dt,69,1-0,White,<=5s vs 15-20s,1334
q6RR2icT,80,0-1,Black,<=5s vs <=5s,1321
7ZxFklfK,56,0-1,Black,<=5s vs 15-20s,853
Tr1ZL8Ns,99,1-0,White,<=5s vs 10-15s,2326
AHhb34do,79,1-0,White,<=5s vs 10-15s,2284
4SU9S02R,72,0-1,Black,<=5s vs 5-10s,1985
7auBM3Jt,76,1-0,Black,<=5s vs 5-10s,1718
PCn0hCHe,64,0-1,Black,<=5s vs 15-20s,1825
xXohtf6g,65,0-1,White,<=5s vs 5-10s,1794
na9x83w4,43,1-0,White,<=5s vs 10-15s,1315
ZCl9iwOt,75,1-0,White,<=5s vs 10-15s,1581
c8Gpcdgi,86,0-1,Black,<=5s vs 5-10s,1524
cO0zEGD6,71,1-0,White,<=5s vs 15-20s,1819
U50wpXak,65,1-0,White,<=5s vs <=5s,1591
MSHxn8Ox,47,1-0,White,<=5s vs 15-20s,1523
hZOohUoH,84,0-1,Black,<=5s vs <=5s,1289
9Iochs76,53,1-0,White,<=5s vs 5-10s,1723
ZCshnqfi,77,1-0,White,<=5s vs 15-20s,2787
8dDF6x9d,60,1-0,Black,<=5s vs <=5s,1061
4D7qK4RR,49,1-0,White,<=5s vs 15-20s,1599
8gSxSCvX,53,1-0,White,<=5s vs 5-10s,1061
Vq0CeIkj,41,1-0,White,<=5s vs 5-10s,1110
6DexzVjA,87,1-0,White,<=5s vs 5-10s,1533
hV4Ti9T9,80,1-0,Black,<=5s vs <=5s,1618
PP2MjcS5,48,0-1,Black,<=5s vs 10-15s,1167
tZhkjViM,58,0-1,Black,<=5s vs 10-15s,1866
etyurx2s,66,0-1,Black,<=5s vs 5-10s,1293
NHoccB8A,79,1-0,White,<=5s vs 10-15s,1859
XqmXW7qM,57,1/2-1/2,White,<=5s vs 5-10s,1823
LBGYxnMz,70,0-1,Black,<=5s vs 10-15s,1775
2oWaqYBD,56,0-1,Black,<=5s vs 10-15s,1500
QdadqMdi,59,1-0,White,<=5s vs 15-20s,1966
4eo8mKUp,69,0-1,White,<=5s vs 5-10s,1986
wxsEpKdl,79,1-0,White,<=5s vs <=5s,2325
HdIycIcL,64,0-1,Black,<=5s vs 10-15s,1558
qcUWjyIT,81,1-0,White,<=5s vs 10-15s,2227
YNkWKuwS,159,0-1,White,<=5s vs 5-10s,2047
QCWU9iWD,106,0-1,Black,<=5s vs 15-20s,1935
eFMXVCUC,52,0-1,Black,<=5s vs 15-20s,1694
9J97bTmg,75,1-0,White,<=5s vs 10-15s,1812
pP9griWH,74,0-1,Black,<=5s vs 5-10s,2438
gB6kDw7k,40,0-1,Black,<=5s vs 10-15s,1194
pHMmVpXb,70,1-0,Black,<=5s vs <=5s,2123
i9n9y52H,69,1-0,White,<=5s vs 15-20s,1907
63CfOSWO,91,1-0,White,<=5s vs 10-15s,2385
CiluOuCi,83,1-0,White,<=5s vs 15-20s,1818
44EPPuqi,82,0-1,Black,<=5s vs 10-15s,2172
9fkvBnC7,106,0-1,Black,<=5s vs 5-10s,2617
pjvnOEVm,54,0-1,Black,<=5s vs <=5s,918
43gww4ub,98,0-1,Black,<=5s vs 5-10s,2382
o4vIyMp7,55,1-0,White,<=5s vs 15-20s,1839
GM1GeBrf,60,0-1,Black,<=5s vs 5-10s,1869
zrKleQ1u,67,1-0,White,<=5s vs <=5s,2350
uZbvWFEW,41,1-0,White,<=5s vs 15-20s,1012
4EC7ihLn,88,0-1,Black,<=5s vs 5-10s,1833
weh8lLHx,77,1-0,White,<=5s vs 10-15s,1854
wKHA2gcF,52,0-1,Black,<=5s vs 10-15s,2401
kAeYaOAt,53,1-0,White,<=5s vs 15-20s,1223
EaLBHwvW,38,0-1,Black,<=5s vs <=5s,685
cU5FnGe6,105,1-0,White,<=5s vs 15-20s,1557
AwqZDrbS,70,0-1,Black,<=5s vs <=5s,1221
uapDFC5v,59,1-0,White,<=5s vs 15-20s,2278
EVbqDR0R,144,0-1,Black,<=5s vs <=5s,1840
WHUtgi4H,41,1-0,White,<=5s vs 15-20s,1500
KYdXB40u,73,1-0,White,<=5s vs <=5s,1751
GVhhNlUy,111,1-0,White,<=5s vs <=5s,2457
YURXnncB,54,0-1,Black,<=5s vs 5-10s,1928
jRiPN9ci,37,0-1,White,<=5s vs 5-10s,873
3kkIYFnS,49,1-0,White,<=5s vs 10-15s,1154
cKWYO2sP,70,1-0,Black,<=5s vs 5-10s,2022
okTsAC61,64,0-1,Black,<=5s vs 5-10s,2287
q8NwBzHY,67,1/2-1/2,White,<=5s vs 15-20s,1718
dccmr4sI,55,1-0,White,<=5s vs 5-10s,1388
AOitAyqu,71,1-0,White,<=5s vs 5-10s,1560
W8YPPHRV,63,1-0,White,<=5s vs 5-10s,1487
vXY0DHno,71,0-1,White,<=5s vs <=5s,1418
92KuHIPM,107,1/2-1/2,White,<=5s vs 10-15s,2634
QEW3QB8I,84,0-1,Black,<=5s vs 10-15s,2257
1yKd0BAR,40,0-1,Black,<=5s vs 15-20s,1376
kYElXHFD,132,1/2-1/2,Black,<=5s vs 10-15s,2611
5PE8CoQD,67,1-0,White,<=5s vs 5-10s,1429
A3fqKaCP,67,1-0,White,<=5s vs 15-20s,2193
GvfI6sMv,78,0-1,Black,<=5s vs 15-20s,1662
etFwDSrp,64,0-1,Black,<=5s vs 15-20s,1823
Org6FXbz,74,1-0,Black,<=5s vs <=5s,1467
sINsfyOd,41,1-0,White,<=5s vs <=5s,969
QC3YktiW,61,1-0,White,<=5s vs 5-10s,1470
1ydCh7kO,92,1-0,Black,<=5s vs 5-10s,2408
ZlwZAdPS,54,0-1,Black,<=5s vs 10-15s,1623
4EHZpEQo,113,0-1,White,<=5s vs 5-10s,1900
HEHUAJj3,66,0-1,Black,<=5s vs 5-10s,2061
4iN391bz,52,0-1,Black,<=5s vs 5-10s,1015
5FCW8Rbg,75,1-0,White,<=5s vs 15-20s,2066
k5Z7oZGj,98,0-1,Black,<=5s vs 10-15s,2060
DGJnolDI,76,0-1,Black,<=5s vs 15-20s,1988
FyXA9Lcg,71,1-0,White,<=5s vs 5-10s,1935
3gX1VX4k,37,1-0,White,<=5s vs 15-20s,963
Ae3Nb5JY,57,1-0,White,<=5s vs 5-10s,1444
kn5xYx4H,78,0-1,Black,<=5s vs 5-10s,2291
XEtemw8m,68,0-1,Black,<=5s vs 10-15s,1631
eIRrHiRH,74,0-1,Black,<=5s vs 10-15s,1681
e4LOy3Hf,79,0-1,White,<=5s vs 5-10s,1318
PR09jAfZ,49,1-0,White,<=5s vs 15-20s,1821
2VDoJQsV,102,0-1,Black,<=5s vs 15-20s,1887
QudWq9v4,88,0-1,Black,<=5s vs 10-15s,2335
IUXFXEu5,81,1-0,White,<=5s vs 10-15s,2116
RWql57Y1,76,0-1,Black,<=5s vs 15-20s,2325
SrXQI9u7,71,1-0,White,<=5s vs <=5s,1589
a4LGjua1,72,0-1,Black,<=5s vs 5-10s,1723
LWTR2HHg,65,1-0,White,<=5s vs 5-10s,1294
HM2meq79,62,0-1,Black,<=5s vs 5-10s,1656
65GFAIS2,75,1-0,White,<=5s vs 15-20s,2513
xXhVJTl2,111,1-0,White,<=5s vs 15-20s,2273
0AmGGgwi,70,0-1,Black,<=5s vs 15-20s,1263
DS6uJB8A,95,1-0,White,<=5s vs 10-15s,2522
SC2HJCxx,69,0-1,White,<=5s vs 5-10s,1484
Wjlm2Ge1,71,1-0,White,<=5s vs 5-10s,2197
DBb6aukl,47,1-0,White,<=5s vs 15-20s,1595
8x8wnt3W,69,1-0,White,<=5s vs 15-20s,2194
mDdy1cJw,147,1/2-1/2,White,<=5s vs 5-10s,2374
SvqIF8Vf,77,1-0,White,<=5s vs 5-10s,1481
FAUICwQF,81,1-0,White,<=5s vs 10-15s,2043
vZl3gKnO,54,0-1,Black,<=5s vs 15-20s,1812
varUkzDL,82,0-1,Black,<=5s vs 5-10s,1993
lIbhDlrm,44,0-1,Black,<=5s vs 5-10s,1704
VkVHc2F7,39,1-0,White,<=5s vs 5-10s,864
7w7hTxaJ,41,0-1,White,<=5s vs 5-10s,846
X1TPmxyn,116,1/2-1/2,Black,<=5s vs 10-15s,2390
Gqe5xazZ,56,0-1,Black,<=5s vs 5-10s,1568
azAChcN6,76,1-0,Black,<=5s vs 5-10s,1432
QOyDzg5w,40,0-1,Black,<=5s vs 15-20s,1271
tgJ2wdv8,67,1-0,White,<=5s vs 10-15s,1362
XgCpHeay,67,0-1,White,<=5s vs 5-10s,1564
GPC9hlqx,80,0-1,Black,<=5s vs 10-15s,2328
AxHDsHtp,62,0-1,Black,<=5s vs 15-20s,1912
OjmO5msN,60,1-0,Black,<=5s vs <=5s,1972
7QlMLtp8,98,0-1,Black,<=5s vs 10-15s,1347
dcctRA9k,75,1-0,White,<=5s vs 10-15s,1682
c3MzLFmf,101,1-0,White,<=5s vs 15-20s,2046
cuKqBtMb,68,0-1,Black,<=5s vs 10-15s,1773
BXBL9hcy,45,1-0,White,<=5s vs 5-10s,779
PD8XOC4B,101,1-0,White,<=5s vs 15-20s,2269
uavgIytz,75,1-0,White,<=5s vs 15-20s,1672
kCFAp0Ak,47,1-0,White,<=5s vs 5-10s,1147
KJWT4U9t,82,0-1,Black,<=5s vs 10-15s,2300
rRau95e6,126,1-0,Black,<=5s vs 5-10s,2230
hYTogmg1,79,1-0,White,<=5s vs 10-15s,2507
6J4ZP8NZ,105,0-1,White,<=5s vs <=5s,2369
o8CQltMx,60,0-1,Black,<=5s vs 5-10s,2255
RQVeHiKb,132,0-1,Black,<=5s vs 5-10s,2060
aZ68ZuVv,27,1-0,White,<=5s vs 5-10s,884
1EDfmTtX,78,1-0,Black,<=5s vs 5-10s,2103
U0kbbTv3,57,1-0,White,<=5s vs 15-20s,1780
CLJqt7Ua,46,1-0,Black,<=5s vs 5-10s,915
Tw7ZBih0,54,0-1,Black,<=5s vs 15-20s,1635
TOmFKGF9,101,1-0,White,<=5s vs 5-10s,2347
9DKJqXye,69,1-0,White,<=5s vs 15-20s,1540
bjjBlJ0v,71,1/2-1/2,White,<=5s vs 15-20s,1768
1hXv8d97,62,0-1,Black,<=5s vs 15-20s,1119
Oa9LIbb8,118,0-1,Black,<=5s vs 15-20s,2176
HavAXqdr,95,1-0,White,<=5s vs 10-15s,2124
OHH9xtvk,95,1-0,White,<=5s vs 15-20s,2217
Eh9hGC9f,116,1-0,Black,<=5s vs <=5s,2048
YYOZvXHG,57,1-0,White,<=5s vs 15-20s,1330
13fARl53,62,0-1,Black,<=5s vs 5-10s,2370
4aN0DMr2,44,1-0,Black,<=5s vs <=5s,1194
Mcn6QMrZ,83,1-0,White,<=5s vs 5-10s,1688
lZ79iGSP,48,0-1,Black,<=5s vs 15-20s,2373
9n6nDDzB,106,0-1,Black,<=5s vs 15-20s,2231
f5LYnlUP,73,1-0,White,<=5s vs 10-15s,1920
ybquDd7o,72,0-1,Black,<=5s vs 10-15s,1170
0kIcSpBR,123,1-0,White,<=5s vs 15-20s,2037
LV5UtWKu,65,1-0,White,<=5s vs 10-15s,2265
yI6WrHaN,74,0-1,Black,<=5s vs 10-15s,1602
S7OKYJBk,67,1-0,White,<=5s vs 15-20s,1750
NufQ549r,83,1-0,White,<=5s vs 15-20s,1861
R894QfTY,39,1-0,White,<=5s vs 15-20s,1197
CtTa49wg,69,0-1,White,<=5s vs <=5s,1244
T2Z591Hz,75,1-0,White,<=5s vs 10-15s,1191
0XpCoJXE,73,1-0,White,<=5s vs 10-15s,2200
MD4Xg1Ac,112,0-1,Black,<=5s vs 10-15s,1963
dy5ir4rW,58,0-1,Black,<=5s vs 10-15s,1666
9pXfSBnk,81,1-0,White,<=5s vs 5-10s,1808
8MfVvclP,45,1-0,White,<=5s vs 15-20s,1626
CarWk8cn,62,0-1,Black,<=5s vs 5-10s,1761
vTc6omaD,71,1-0,White,<=5s vs 10-15s,1309
CuTRDbE5,80,0-1,Black,<=5s vs <=5s,1833
u3t1ZATK,61,1-0,White,<=5s vs 15-20s,1541
w1tlmfHL,97,1-0,White,<=5s vs 15-20s,1623
zBl2gvac,61,1-0,White,<=5s vs 10-15s,2181
GLshWxAz,56,0-1,Black,<=5s vs 5-10s,1470
zd6pCot5,65,1-0,White,<=5s vs 15-20s,2492
TlwPXW9e,87,1-0,White,<=5s vs <=5s,1994
pfefKfVd,70,0-1,Black,<=5s vs 5-10s,1825
RRTA3Ksh,79,1-0,White,<=5s vs 15-20s,1609
qwWXCZgd,59,1-0,White,<=5s vs 15-20s,1387
5HOGsYKt,74,0-1,Black,<=5s vs 10-15s,2106
Y5twRxq5,46,0-1,Black,<=5s vs 5-10s,1339
XMvft4Fg,49,1-0,White,<=5s vs 15-20s,1817
9ELaACYy,63,1-0,White,<=5s vs 10-15s,1503
WVFhFBCX,67,1-0,White,<=5s vs <=5s,2065
BlXTdujn,66,0-1,Black,<=5s vs 5-10s,2056
UIN5hOhN,127,0-1,White,<=5s vs 5-10s,2074
1U2QahbM,69,1-0,White,<=5s vs 15-20s,2198
49oLYWmg,95,0-1,White,<=5s vs <=5s,2667
BNDCeFyO,80,0-1,Black,<=5s vs 15-20s,2345
guLDiCtd,71,1-0,White,<=5s vs 10-15s,1530
Lyn3V6H9,117,0-1,White,<=5s vs <=5s,2516
HErp8PGq,54,0-1,Black,<=5s vs 10-15s,1473
1VD1qxfM,92,1/2-1/2,Black,<=5s vs 5-10s,2024
apQxe6eK,58,0-1,Black,<=5s vs 5-10s,1861
TpqjzMH2,53,1-0,White,<=5s vs 5-10s,1305
ewCXTKJn,65,1-0,White,<=5s vs 5-10s,1974
0BGLem3i,84,0-1,Black,<=5s vs <=5s,2772
iFQe2MdL,44,0-1,Black,<=5s vs 10-15s,1226
vVo2GJl5,104,0-1,Black,<=5s vs <=5s,2371
NkxWhtZ2,81,0-1,White,<=5s vs <=5s,1823
90jBZwDx,123,1-0,White,<=5s vs 5-10s,2685
54rjp8Rg,104,0-1,Black,<=5s vs 5-10s,2436
LYYDrkY2,40,0-1,Black,<=5s vs 10-15s,841
DZ2sPhph,60,0-1,Black,<=5s vs 5-10s,1588
YbpzUEtg,54,0-1,Black,<=5s vs 10-15s,1555
PWmGbgjW,60,0-1,Black,<=5s vs 15-20s,1831
WOskUcSU,68,0-1,Black,<=5s vs 10-15s,1627
Cx7kodo6,75,0-1,White,<=5s vs 5-10s,1578
EIxJ7rVi,49,1-0,White,<=5s vs 15-20s,2259
65DvRCTt,106,0-1,Black,<=5s vs 15-20s,2420
uQFPG4Rv,110,1/2-1/2,Black,<=5s vs 10-15s,2402
aDOL9JhT,124,0-1,Black,<=5s vs <=5s,2012
tC5DXGJE,95,1/2-1/2,White,<=5s vs 5-10s,2210
1wo2JVj2,144,0-1,Black,<=5s vs 5-10s,2668
wEMWLXet,73,1-0,White,<=5s vs 5-10s,2104
ohxc9QFh,52,0-1,Black,<=5s vs 10-15s,1255
IaDqjVlv,66,1-0,Black,<=5s vs 10-15s,2271
3MEzEFlP,30,0-1,Black,<=5s vs 10-15s,606
1R4ImXH6,73,0-1,White,<=5s vs 5-10s,1057
JAAdBBsy,67,1-0,White,<=5s vs 10-15s,2160
08jIntYU,88,0-1,Black,<=5s vs 10-15s,2557
0Nhjy51n,104,0-1,Black,<=5s vs 5-10s,2248
VOKMtAwL,84,0-1,Black,<=5s vs <=5s,1984
23wgLzMQ,90,0-1,Black,<=5s vs 5-10s,2150
Nl4MRJoO,78,0-1,Black,<=5s vs 5-10s,1921
pnmLigIE,59,1-0,White,<=5s vs 15-20s,1127
DxL565xD,71,0-1,White,<=5s vs <=5s,2196
rfdEwKO6,61,0-1,White,<=5s vs <=5s,1509
SDrKhsrh,119,1/2-1/2,White,<=5s vs 15-20s,2323
T6l8H0FY,108,1/2-1/2,Black,<=5s vs 5-10s,2369
TD7YhJSN,65,1-0,White,<=5s vs 15-20s,2299
IOH2mTJE,115,1-0,White,<=5s vs 5-10s,2416
M0EKnVcX,87,1-0,White,<=5s vs 5-10s,2375
k4ZA2RzO,43,1-0,White,<=5s vs 15-20s,1486
1KxFiWOK,49,1-0,White,<=5s vs 10-15s,2610
HJX1veLk,99,0-1,White,<=5s vs 10-15s,2314
1XcnmW1y,61,1-0,White,<=5s vs 15-20s,1557
4u8nofc5,45,0-1,White,<=5s vs 5-10s,1033
LPsm5EfJ,66,0-1,Black,<=5s vs 5-10s,1310
QazLe5Ao,47,1-0,White,<=5s vs 10-15s,1294
ZfT5VhGj,70,0-1,Black,<=5s vs 10-15s,1617
7Wxoy0xa,89,1-0,White,<=5s vs 5-10s,2454
JOsAsX3g,75,1-0,White,<=5s vs <=5s,1784
exBGlNmi,101,1-0,White,<=5s vs 10-15s,1591
UJ3LFxV3,72,0-1,Black,<=5s vs 15-20s,2073
YtPQnnyt,53,0-1,White,<=5s vs 15-20s,1377
fxK0LSMX,75,1-0,White,<=5s vs 5-10s,1531
Fg8oZ59C,64,0-1,Black,<=5s vs 5-10s,1939
1Vdmx7QU,62,0-1,Black,<=5s vs 15-20s,1340
FQUzpyFV,103,1/2-1/2,White,<=5s vs 15-20s,1867
x5yzbzJy,64,0-1,Black,<=5s vs 10-15s,1945
mVT3xpyq,53,1-0,White,<=5s vs 15-20s,1798
KUU9F9YP,78,0-1,Black,<=5s vs 10-15s,2289
ZjErxFUA,55,1-0,White,<=5s vs 10-15s,1365
t4fuiMlG,117,1-0,White,<=5s vs 15-20s,2055
Q0SEUKAB,125,1/2-1/2,White,<=5s vs 10-15s,2189
7eaYgH1y,108,0-1,Black,<=5s vs 15-20s,2319
sRbaKuFq,60,0-1,Black,<=5s vs 10-15s,1174
GozOXDGi,69,1-0,White,<=5s vs 15-20s,2471
InraUEAe,108,1-0,Black,<=5s vs 5-10s,2545
OkjJvh1Y,80,0-1,Black,<=5s vs 10-15s,2257
eEefgfV2,58,0-1,Black,<=5s vs 15-20s,1080
FCqSeBGx,111,0-1,White,<=5s vs 15-20s,1580
IB2TUl4K,79,1-0,White,<=5s vs 15-20s,2261
j9KAmVYM,48,0-1,Black,<=5s vs 15-20s,1507
SFXVXifB,125,1/2-1/2,White,<=5s vs 10-15s,1675
IakHsT0n,53,0-1,White,<=5s vs 5-10s,1005
SibpRqB6,83,1-0,White,<=5s vs 5-10s,1651
rf5k5Hgx,79,1-0,White,<=5s vs 10-15s,1843
ZPsI5bpw,71,1-0,White,<=5s vs 10-15s,1659
KwCJRWqI,55,1-0,White,<=5s vs 15-20s,955
567JXbMb,105,1-0,White,<=5s vs 5-10s,2220
CK5s1mWQ,50,0-1,Black,<=5s vs 5-10s,1062
9XOwqk4R,76,1/2-1/2,Black,<=5s vs 10-15s,2312
AvzrKJFZ,109,1-0,White,<=5s vs 10-15s,1683
2yTbpGBH,51,1-0,White,<=5s vs 15-20s,1319
2q5Os7YP,78,0-1,Black,<=5s vs 5-10s,2359
mAlYZUUS,75,1-0,White,<=5s vs 10-15s,2001
xzxFPyvi,66,0-1,Black,<=5s vs <=5s,953
qRJQZDhv,58,0-1,Black,<=5s vs 10-15s,1309
d5kr3PIE,107,1-0,White,<=5s vs 5-10s,2610
9G8xp3Wo,93,1/2-1/2,White,<=5s vs 5-10s,2700
tCbEzvUo,68,0-1,Black,<=5s vs 10-15s,1712
YAdKcCWQ,95,0-1,White,<=5s vs 5-10s,2155
UYhcFOce,67,1-0,White,<=5s vs 10-15s,2009
JgLXkJaG,45,1-0,White,<=5s vs 15-20s,2224
6NIlSddL,61,1-0,White,<=5s vs 10-15s,1419
6lzpuT0h,91,1/2-1/2,White,<=5s vs 10-15s,1939
MYZcr3wq,50,0-1,Black,<=5s vs 15-20s,1193
Zh4Z2ZIN,101,1-0,White,<=5s vs 5-10s,2110
eoTnBGtq,47,1-0,White,<=5s vs 10-15s,1074
3SwmOx9h,55,1-0,White,<=5s vs 5-10s,1400
Lsj67lqt,77,1-0,White,<=5s vs 5-10s,1280
UOOcfMAY,82,0-1,Black,<=5s vs 10-15s,1257
4hKfzS2E,60,0-1,Black,<=5s vs 10-15s,2357
Gq0HdNlj,77,1-0,White,<=5s vs 10-15s,1300
0EHmLk4G,108,0-1,Black,<=5s vs <=5s,2082
a1H8NGKg,102,1-0,Black,<=5s vs 5-10s,2387
j8asS69x,81,1-0,White,<=5s vs 5-10s,1921
lVo5xFlO,76,0-1,Black,<=5s vs 10-15s,1327
zgvpY1uu,68,0-1,Black,<=5s vs 5-10s,1889
BcW2TCfk,149,0-1,White,<=5s vs <=5s,1980
0J5RLWx8,103,0-1,White,<=5s vs 5-10s,1756
2HzK1HUJ,63,1-0,White,<=5s vs 15-20s,2012
2JGlng2N,87,1-0,White,<=5s vs 15-20s,2290
aAnsJlFi,121,1-0,White,<=5s vs 10-15s,1822
swVkbJRR,62,0-1,Black,<=5s vs 5-10s,2522
bJQcKsIy,64,1-0,Black,<=5s vs <=5s,1321
VR1wa4Rf,110,0-1,Black,<=5s vs 5-10s,2382
GeCBzKZh,63,1-0,White,<=5s vs <=5s,1994
yI7zM19F,73,1-0,White,<=5s vs 15-20s,1548
tmoM11xs,44,0-1,Black,<=5s vs 5-10s,1752
YaFlW5mH,79,0-1,White,<=5s vs <=5s,2504
Tk31thW6,88,0-1,Black,<=5s vs <=5s,2356
4LbRuHRv,111,0-1,White,<=5s vs <=5s,1929
L2dTcHTd,107,1-0,White,<=5s vs 10-15s,2410
TlIC1ATf,52,0-1,Black,<=5s vs 10-15s,1034
A9eQLTUW,66,0-1,Black,<=5s vs 15-20s,2210
NUWEAzp4,73,1-0,White,<=5s vs 5-10s,1575
YBRYWwp2,59,1-0,White,<=5s vs 15-20s,1183
hNWmEobB,58,0-1,Black,<=5s vs <=5s,1315
Ksg7MX0g,86,0-1,Black,<=5s vs 5-10s,2064
ZLxnvryH,83,1-0,White,<=5s vs 5-10s,1900
057Qo9qj,85,1-0,White,<=5s vs 5-10s,2703
dd8vyQqH,54,0-1,Black,<=5s vs 15-20s,1394
eNLiX7LT,83,0-1,White,<=5s vs 5-10s,2039
UDrp1oOF,60,0-1,Black,<=5s vs 15-20s,1909
mIwnRIbK,69,0-1,White,<=5s vs <=5s,2898
ZAuC6isy,65,1-0,White,<=5s vs 5-10s,1217
LLjHCVnJ,72,0-1,Black,<=5s vs 15-20s,2227
G9yI0cRi,80,1-0,Black,<=5s vs <=5s,1769
ZdrnpBqe,68,1-0,Black,<=5s vs <=5s,1770
GhZpj40K,62,0-1,Black,<=5s vs <=5s,1298
3FmBcc0i,96,0-1,Black,<=5s vs 10-15s,1454
MkNfwwSV,76,0-1,Black,<=5s vs 5-10s,1702
u56fav4O,66,0-1,Black,<=5s vs 5-10s,1990
870hrU3b,113,1-0,White,<=5s vs 15-20s,2330
Xsyad2m0,72,0-1,Black,<=5s vs 10-15s,1814
E6ibfARC,52,0-1,Black,<=5s vs 15-20s,1839
hFNZFSSP,79,1-0,White,<=5s vs 5-10s,1707
rYZaGp8c,34,0-1,Black,<=5s vs 15-20s,940
y4qk6sri,65,1-0,White,<=5s vs 5-10s,893
zReqZHft,61,1-0,White,<=5s vs 10-15s,1809
hlxYAApo,43,1-0,White,<=5s vs 15-20s,993
212z0Lox,57,1-0,White,<=5s vs 5-10s,2157
TuRpS5sf,70,0-1,Black,<=5s vs 5-10s,2564
0FyrRxMa,63,1-0,White,<=5s vs 5-10s,2005
iQXLzmNI,90,1/2-1/2,Black,<=5s vs 5-10s,833
YNEyQl83,118,1-0,Black,<=5s vs 5-10s,2401
uzAbs30V,43,1-0,White,<=5s vs 5-10s,1030
nDNs8vbA,88,1-0,Black,<=5s vs 5-10s,2798
p0e2259z,55,0-1,White,<=5s vs 15-20s,2137
GplmDmK4,55,1-0,White,<=5s vs 15-20s,1454
9SombVr2,65,1-0,White,<=5s vs 15-20s,1518
U35qnRpY,50,0-1,Black,<=5s vs <=5s,1160
Ok6YYkV4,95,1-0,White,<=5s vs 15-20s,2599
xFPdaqJq,46,1-0,Black,<=5s vs 15-20s,1595
h7W1rS3Q,44,0-1,Black,<=5s vs 15-20s,1414
7MmzZZu8,38,0-1,Black,<=5s vs 10-15s,840
Gn9a4rhq,64,0-1,Black,<=5s vs 15-20s,2199
CoIcQ2QN,78,0-1,Black,<=5s vs 15-20s,1653
13phpdA2,95,0-1,White,<=5s vs 5-10s,2131
6YjhgTTQ,72,0-1,Black,<=5s vs 5-10s,2122
DTXOvXaV,39,1-0,White,<=5s vs 15-20s,1439
joe2iOqR,50,0-1,Black,<=5s vs 5-10s,1649
NCzHTnqi,118,1-0,Black,<=5s vs 5-10s,2040
g7Ct4lOh,72,0-1,Black,<=5s vs 10-15s,1760
IilEwzmr,194,1/2-1/2,Black,<=5s vs 5-10s,2873
OBYqUWS0,59,1-0,White,<=5s vs 10-15s,2070
4lLwohfG,37,1-0,White,<=5s vs 15-20s,1139
AeIzYEWH,79,0-1,White,<=5s vs <=5s,2214
0GnGTIbk,38,1-0,Black,<=5s vs 10-15s,1462
Mzm3Qits,90,0-1,Black,<=5s vs 5-10s,2416
OJopmrtU,89,1/2-1/2,White,<=5s vs 10-15s,1252
MFHL8pAi,114,0-1,Black,<=5s vs 5-10s,1581
XuSRqXa2,64,0-1,Black,<=5s vs 10-15s,2393
SkZofKok,43,1-0,White,<=5s vs 15-20s,2796
7blLKt7G,67,1-0,White,<=5s vs 5-10s,2173
hG539Gb5,79,1-0,White,<=5s vs 10-15s,1912
lmgNONUB,55,1-0,White,<=5s vs 10-15s,1351
ovxXalql,60,0-1,Black,<=5s vs 10-15s,1597
MGjkBSJL,49,1-0,White,<=5s vs 15-20s,1623
618OoC2F,71,1-0,White,<=5s vs 10-15s,1634
5GpcRzkP,64,1-0,Black,<=5s vs <=5s,1905
KKHYSrWA,65,1-0,White,<=5s vs 5-10s,1726
ZRVN7J2I,65,0-1,White,<=5s vs 15-20s,1247
dXCo4dJv,80,0-1,Black,<=5s vs 5-10s,1281
pY1s2JAS,121,1/2-1/2,White,<=5s vs 5-10s,2164
acrmoQxJ,49,0-1,White,<=5s vs 5-10s,800
a2WJq969,43,0-1,White,<=5s vs 5-10s,1246
CAGoRwRQ,60,0-1,Black,<=5s vs 10-15s,1371
OwhKfBtA,57,1-0,White,<=5s vs 10-15s,1486
6B8oqrjy,63,0-1,White,<=5s vs 5-10s,2210
R7PncNTt,69,1-0,White,<=5s vs 5-10s,2165
t1dOUnVz,68,1-0,Black,<=5s vs <=5s,1952
T8Glv2s4,70,0-1,Black,<=5s vs 15-20s,1529
kEGf1OzM,67,1-0,White,<=5s vs 5-10s,1732
3ueFCNby,73,0-1,White,<=5s vs 10-15s,2057
tFA2C5qx,62,0-1,Black,<=5s vs 5-10s,2217
wOMcRTy3,78,0-1,Black,<=5s vs 5-10s,1660
T2jQ8dqr,86,0-1,Black,<=5s vs 5-10s,1953
1iq2Fwcl,74,1-0,Black,<=5s vs 5-10s,2071
yJNhRBn3,82,0-1,Black,<=5s vs 15-20s,1579
FH6dQiVY,58,0-1,Black,<=5s vs 15-20s,1961
ChH59HIq,115,1-0,White,<=5s vs 15-20s,2054
aa3Dm6b2,56,1/2-1/2,Black,<=5s vs 10-15s,2640
LPlCtWvj,76,0-1,Black,<=5s vs 5-10s,1983
6eBEAXaW,60,0-1,Black,<=5s vs 5-10s,1628
ysSrZUjy,64,0-1,Black,<=5s vs 5-10s,1754
ddak0nRB,64,0-1,Black,<=5s vs 15-20s,2082
OcNISvSg,75,1-0,White,<=5s vs 10-15s,2194
PzOc00rm,76,0-1,Black,<=5s vs 15-20s,2518
dGh8j12i,42,0-1,Black,<=5s vs 5-10s,611
NTH1ds6z,66,0-1,Black,<=5s vs 5-10s,1450
9XKmArnz,115,1-0,White,<=5s vs 10-15s,2438
lgvoxcYr,74,1-0,Black,<=5s vs <=5s,1899
mgMKM0IW,64,0-1,Black,<=5s vs 5-10s,1717
UJ9JIKDR,56,0-1,Black,<=5s vs 5-10s,1499
lnOgQO3Q,45,1-0,White,<=5s vs 10-15s,1527
BeHl2DT8,83,1-0,White,<=5s vs 10-15s,2065
nMH0VNXq,71,1-0,White,<=5s vs 10-15s,1937
1ynl5RgJ,57,1-0,White,<=5s vs 10-15s,1346
Fn0Y3ynP,116,0-1,Black,<=5s vs 15-20s,2436
u56ZT9Un,55,1-0,White,<=5s vs 10-15s,1685
CteakLlX,82,0-1,Black,<=5s vs 15-20s,2637
HNy2qpRv,63,1-0,White,<=5s vs 5-10s,1345
oIyjTdCM,66,1-0,Black,<=5s vs <=5s,1555
b7bP1t4P,94,0-1,Black,<=5s vs 15-20s,2486
QaxarJOP,70,0-1,Black,<=5s vs 5-10s,2099
yweK38lj,49,1-0,White,<=5s vs 15-20s,1098
XzwJwTv7,92,0-1,Black,<=5s vs 5-10s,1908
r5iMcfd4,127,1-0,White,<=5s vs 10-15s,2412
Btll0bwL,70,1-0,Black,<=5s vs <=5s,1834
7XHlcTcT,60,0-1,Black,<=5s vs 15-20s,1636
v2T9yv17,59,1-0,White,<=5s vs <=5s,1653
5i1wUPeb,65,1-0,White,<=5s vs <=5s,1254
QIGF3Vdu,61,1-0,White,<=5s vs 10-15s,1680
eJsLW2ib,49,1-0,White,<=5s vs 5-10s,1629
KsViYgjR,62,0-1,Black,<=5s vs 5-10s,1384
IfPxetFX,79,1-0,White,<=5s vs 15-20s,1929
PaYQEJbe,111,1-0,White,<=5s vs 10-15s,2684
8OtQSKmx,111,0-1,White,<=5s vs <=5s,2434
WnH1eQal,99,1-0,White,<=5s vs 15-20s,2157
uCvTMW1t,78,0-1,Black,<=5s vs 15-20s,2265
DkYRGGTl,82,0-1,Black,<=5s vs <=5s,1913
AB9OmgOh,55,1-0,White,<=5s vs 10-15s,1570
Oj54dRmw,53,1-0,White,<=5s vs 5-10s,1591
D4LucUEL,47,1-0,White,<=5s vs 15-20s,1259
8LSOWFL7,58,0-1,Black,<=5s vs 5-10s,1392
56kRy7mx,48,1-0,Black,<=5s vs <=5s,1529
o36Ikxjt,76,0-1,Black,<=5s vs <=5s,1372
4MhGSb73,88,0-1,Black,<=5s vs 5-10s,1826
aKuwIF91,71,0-1,White,<=5s vs 10-15s,1858
HCRMqbJ0,51,1-0,White,<=5s vs 5-10s,1876
DKmg1lll,77,0-1,White,<=5s vs <=5s,1266
n3DS3RRc,88,0-1,Black,<=5s vs 10-15s,1619
dIZaIX1q,52,1-0,Black,<=5s vs 10-15s,1470
tfk0BOst,83,1-0,White,<=5s vs 5-10s,2196
HjDkgswy,97,1-0,White,<=5s vs 5-10s,2210
gBcxIMG4,65,1-0,White,<=5s vs 10-15s,1721
AUtRCRYP,97,1-0,White,<=5s vs 15-20s,2185
HqaDdB7F,47,1-0,White,<=5s vs 15-20s,1632
aqVH4Bnf,109,1/2-1/2,White,<=5s vs 10-15s,1880
uwWJmhTe,45,0-1,White,<=5s vs 5-10s,890
pVp1fvXu,38,0-1,Black,<=5s vs 10-15s,892
laxYg4IE,55,1-0,White,<=5s vs 15-20s,1618
Ff9y6wwM,105,1-0,White,<=5s vs 5-10s,2201
EWK7LQpw,58,0-1,Black,<=5s vs 10-15s,1320
xM6xOT1q,74,0-1,Black,<=5s vs 10-15s,1693
hDWs3m7K,101,1-0,White,<=5s vs 15-20s,2370
DzxeNCCb,86,0-1,Black,<=5s vs 10-15s,1814
m9TriMOq,47,1-0,White,<=5s vs 10-15s,976
WEusyBnB,42,0-1,Black,<=5s vs 10-15s,1372
iHazp9fX,101,1-0,White,<=5s vs 15-20s,2348
uMsZSH2r,62,0-1,Black,<=5s vs 5-10s,1237
3MTQWMS1,65,1-0,White,<=5s vs 10-15s,1482
S090YxeI,95,1-0,White,<=5s vs 5-10s,2427
QiqmC7Nm,86,0-1,Black,<=5s vs 15-20s,1734
Smm2CtgK,95,1-0,White,<=5s vs <=5s,2144
ZgBeouCY,55,1-0,White,<=5s vs 10-15s,823
DzwgFjlt,68,0-1,Black,<=5s vs 10-15s,1468
rtxL7FNi,69,1-0,White,<=5s vs 10-15s,1668
EiqZuTnQ,68,1-0,Black,<=5s vs 5-10s,1158
wsYnQDfb,48,0-1,Black,<=5s vs 15-20s,1326
pKEyeekB,80,0-1,Black,<=5s vs 5-10s,1939
BqTNNqTm,60,0-1,Black,<=5s vs 15-20s,1261
5Pwe1n4f,67,1-0,White,<=5s vs 5-10s,1487
LFy5ciMS,59,1-0,White,<=5s vs 15-20s,2017
wVLFnsI4,58,0-1,Black,<=5s vs 5-10s,1689
UgsDl0tm,57,0-1,White,<=5s vs <=5s,1363
4irlYyMb,130,1-0,Black,<=5s vs <=5s,2825
1GycstjV,55,1-0,White,<=5s vs 15-20s,1518
YudMGvQg,43,1-0,White,<=5s vs 15-20s,1317
NbFi9NiY,101,1-0,White,<=5s vs <=5s,1486
INvSNpgZ,41,1-0,White,<=5s vs 15-20s,1694
lNnNewkq,73,1-0,White,<=5s vs 5-10s,1735
KsH5Yaby,69,1-0,White,<=5s vs 10-15s,1790
8cUGzlJ3,91,0-1,White,<=5s vs 5-10s,1929
ILL4c6BM,92,0-1,Black,<=5s vs 15-20s,2282
Ettmwf2z,108,0-1,Black,<=5s vs 5-10s,2169
TKJzQkeI,58,0-1,Black,<=5s vs 5-10s,1141
KjD4YIps,56,0-1,Black,<=5s vs 10-15s,1915
HSgHikUx,80,0-1,Black,<=5s vs 15-20s,1916
DKkLWBdQ,87,0-1,White,<=5s vs 5-10s,2201
y2qOXeNZ,91,1/2-1/2,White,<=5s vs <=5s,1146
5pAppP6l,58,0-1,Black,<=5s vs 15-20s,1816
uDxQ8utF,78,0-1,Black,<=5s vs 10-15s,2116
RmAm81A1,75,1-0,White,<=5s vs 5-10s,2094
bImj0UI9,97,0-1,White,<=5s vs <=5s,2574
LQ3dCgVA,52,1-0,Black,<=5s vs 5-10s,981
RPhybpgy,76,0-1,Black,<=5s vs <=5s,1747
HTrJs5Gl,59,1-0,White,<=5s vs 10-15s,1449
UGaKDpYW,97,1-0,White,<=5s vs 5-10s,1697
FxjqJfKF,60,0-1,Black,<=5s vs 15-20s,1684
yrkXF7nH,70,0-1,Black,<=5s vs 15-20s,1999
UZSq4uFY,116,0-1,Black,<=5s vs 5-10s,1798
xbtv3bn5,102,0-1,Black,<=5s vs 10-15s,2057
Tg80Pucy,58,0-1,Black,<=5s vs 15-20s,1751
NC21Oq9j,60,0-1,Black,<=5s vs 5-10s,1788
UFlIbkwZ,92,0-1,Black,<=5s vs 5-10s,2166
QvZLPbAB,59,1-0,White,<=5s vs 5-10s,1099
Sq2JehU4,85,1-0,White,<=5s vs 15-20s,1385
0BTbjTfB,102,1/2-1/2,Black,<=5s vs 5-10s,2001
NXUiCpsk,121,1-0,White,<=5s vs 10-15s,2542
PhVZE9JV,58,0-1,Black,<=5s vs 15-20s,1886
uonwJaFN,53,0-1,White,<=5s vs 5-10s,1468
WG1dYo9l,111,1-0,White,<=5s vs 15-20s,2538
rakcnA5B,85,0-1,White,<=5s vs 10-15s,2324
LEzsR3k0,109,1-0,White,<=5s vs 5-10s,2233
OxRsCxsA,67,1-0,White,<=5s vs 15-20s,2530
9NfglZeI,62,0-1,Black,<=5s vs 15-20s,2169
6BPwIPit,66,0-1,Black,<=5s vs <=5s,953
ZwWSEU05,63,1-0,White,<=5s vs 15-20s,1309
LSy3XWnU,72,0-1,Black,<=5s vs 10-15s,2111
jVTSm9oE,47,1-0,White,<=5s vs 10-15s,2240
XiPMDqJn,34,0-1,Black,<=5s vs 15-20s,709
EAACNT8k,70,0-1,Black,<=5s vs 10-15s,2413
ZSrCiAiG,67,1-0,White,<=5s vs 10-15s,1184
ZXpH03KM,97,1-0,White,<=5s vs 5-10s,2345
BXy2S115,38,0-1,Black,<=5s vs 5-10s,1162
19DDPFuN,73,1-0,White,<=5s vs 10-15s,1168
BtUHZ52i,64,0-1,Black,<=5s vs 10-15s,2421
ny7Wwat2,50,0-1,Black,<=5s vs 5-10s,1254
Ywf2RKj3,63,1-0,White,<=5s vs 15-20s,1726
L5ZboE8N,101,1-0,White,<=5s vs 10-15s,2936
8yBGJhkN,43,1-0,White,<=5s vs 15-20s,1947
ZEsp1e7q,66,0-1,Black,<=5s vs 10-15s,1841
dBwY9syo,71,1-0,White,<=5s vs 5-10s,1503
I4bXiI1g,121,0-1,White,<=5s vs 15-20s,1465
Hc0Ujv1G,108,1/2-1/2,Black,<=5s vs <=5s,1928
qhZ1jH9V,70,0-1,Black,<=5s vs 10-15s,1981
SLZlVrna,82,1/2-1/2,Black,<=5s vs 10-15s,2217
x4uf7ip4,97,1-0,White,<=5s vs 5-10s,2122
OTzecaQK,93,1-0,White,<=5s vs 5-10s,2174
MG2XBfOI,127,0-1,White,<=5s vs 15-20s,2583
0nDj4Z0P,50,0-1,Black,<=5s vs 15-20s,1743
QDxrMKTd,95,1-0,White,<=5s vs 15-20s,2617
QnQRE4ny,55,1-0,White,<=5s vs 5-10s,1534
fRVJGnQO,53,0-1,White,<=5s vs 5-10s,858
DuFjRjbC,77,0-1,White,<=5s vs 5-10s,1396
zWwo2xUO,57,0-1,White,<=5s vs 5-10s,1006
xb1uIJzC,59,1-0,White,<=5s vs 15-20s,1536
xtqrLes6,98,0-1,Black,<=5s vs 5-10s,2416
Lhb3NjE1,86,1/2-1/2,Black,<=5s vs 15-20s,2294
TlkJiolR,87,1-0,White,<=5s vs 10-15s,2074
dVPljccF,72,0-1,Black,<=5s vs 15-20s,1783
Ti3HqJpx,41,1-0,White,<=5s vs 15-20s,1502
cgc0F7ac,91,1-0,White,<=5s vs 5-10s,2028
MqjLj6ib,56,0-1,Black,<=5s vs 10-15s,1904
SYxxAKDh,40,0-1,Black,<=5s vs 15-20s,1251
KP55jk6F,79,1-0,White,<=5s vs 10-15s,2281
XIgBQ3PI,73,1-0,White,<=5s vs 5-10s,1383
NQKH0iTm,112,0-1,Black,<=5s vs 10-15s,2405
s94yZnBJ,118,0-1,Black,<=5s vs 15-20s,1663
y3JGQWiD,59,1-0,White,<=5s vs 15-20s,1737
7vs5IizA,66,0-1,Black,<=5s vs 5-10s,1747
mcPT1rEP,70,1-0,Black,<=5s vs 5-10s,1222
Gzfasies,62,1-0,Black,<=5s vs 10-15s,1130
0DcPaIqz,64,0-1,Black,<=5s vs 15-20s,1946
jrv0mNQR,71,1-0,White,<=5s vs 15-20s,2387
3HJUrnME,68,0-1,Black,<=5s vs 10-15s,1223
KxqThbes,139,0-1,White,<=5s vs <=5s,1827
QJGF9thF,34,0-1,Black,<=5s vs 10-15s,1212
l3GBMJTH,32,0-1,Black,<=5s vs 15-20s,751
BkM8pOsZ,82,0-1,Black,<=5s vs 15-20s,1238
QS7sAdOH,82,0-1,Black,<=5s vs 10-15s,1484
9R3lwRKd,64,0-1,Black,<=5s vs 10-15s,1060
RGh1Ib4L,66,0-1,Black,<=5s vs 5-10s,2046
RbBH3ju3,58,0-1,Black,<=5s vs 15-20s,1787
xjPaAquw,88,0-1,Black,<=5s vs 5-10s,1655
AdrXnyEB,82,1-0,Black,<=5s vs <=5s,2020
oiBtquxQ,66,0-1,Black,<=5s vs 15-20s,1945
DpIPCR14,62,0-1,Black,<=5s vs <=5s,1406
nqm5qSEY,134,0-1,Black,<=5s vs <=5s,2148
0e86cFMw,66,0-1,Black,<=5s vs 10-15s,2233
8a0olmyM,52,1-0,Black,<=5s vs 15-20s,1568
1WafQYtF,76,1-0,Black,<=5s vs <=5s,1211
CbZRW6F5,61,1-0,White,<=5s vs 15-20s,1354
eMj2XCvO,100,1/2-1/2,Black,<=5s vs 5-10s,2356
ZhavRAtc,56,0-1,Black,<=5s vs 15-20s,1818
phvzHK6D,36,0-1,Black,<=5s vs 5-10s,1333
jKgQX02G,98,0-1,Black,<=5s vs 5-10s,1893
MHGearY9,53,1-0,White,<=5s vs 10-15s,890
WU6DTQVn,138,1/2-1/2,Black,<=5s vs 5-10s,2890
trhRe29l,76,0-1,Black,<=5s vs 5-10s,2383
UOsrXkkO,58,0-1,Black,<=5s vs 10-15s,2464
AX04Mo1A,53,1-0,White,<=5s vs 5-10s,1361
OBJqgc68,98,0-1,Black,<=5s vs 5-10s,1685
UswKTEJm,66,0-1,Black,<=5s vs 15-20s,1643
zcL6TNFY,71,1-0,White,<=5s vs 5-10s,1587
WUCc6KXf,104,0-1,Black,<=5s vs <=5s,2387
vPIhI6HY,52,0-1,Black,<=5s vs 10-15s,1978
kHrSwaBu,61,0-1,White,<=5s vs 5-10s,1385
zqTLMnaQ,48,0-1,Black,<=5s vs 5-10s,999
F2hiCV6q,87,1-0,White,<=5s vs 15-20s,1946
2nJrckRS,89,0-1,White,<=5s vs <=5s,1907
yCFisuCM,83,0-1,White,<=5s vs <=5s,1949
uyzdP0GH,54,0-1,Black,<=5s vs 15-20s,887
dgpOZ1AC,151,1-0,White,<=5s vs 5-10s,2610
NwenpkzT,58,0-1,Black,<=5s vs 10-15s,1038
n4v2ppwY,84,0-1,Black,<=5s vs 5-10s,1775
HIF6uy92,74,0-1,Black,<=5s vs 15-20s,2453
uBf522us,105,0-1,White,<=5s vs <=5s,1678
6mVCyTSk,102,1/2-1/2,Black,<=5s vs <=5s,2277
02931D3C,69,1-0,White,<=5s vs 5-10s,2414
PHtfPFWD,76,0-1,Black,<=5s vs 5-10s,2046
43Q0NKNF,80,0-1,Black,<=5s vs 10-15s,1624
kFqoXwKQ,94,0-1,Black,<=5s vs 15-20s,2506
8cBdQes7,85,0-1,White,<=5s vs 10-15s,1612
SGd1G6Oe,132,1/2-1/2,Black,<=5s vs 15-20s,3011
IUDbPJFF,65,1-0,White,<=5s vs 5-10s,2355
SX9Wv1Wk,82,0-1,Black,<=5s vs 5-10s,1973
rRUUXsay,75,1-0,White,<=5s vs <=5s,872
LuuGGvpq,68,0-1,Black,<=5s vs 5-10s,1366
DbTWyfxg,82,0-1,Black,<=5s vs 5-10s,1867
2E55UnSj,82,0-1,Black,<=5s vs 15-20s,2652
0SqFE191,105,1-0,White,<=5s vs 15-20s,2420
ZhH2GaIz,76,0-1,Black,<=5s vs 5-10s,1468
XQZu3uto,105,0-1,White,<=5s vs 5-10s,2460
qPpH8PZu,61,1-0,White,<=5s vs 10-15s,2597
xggJttib,71,1-0,White,<=5s vs 5-10s,1601
btWGfX3C,102,1-0,Black,<=5s vs 5-10s,1921
OlyPQclb,57,1-0,White,<=5s vs 10-15s,1137
RLBhtpH1,118,0-1,Black,<=5s vs 5-10s,2531
Ejv03H9P,67,0-1,White,<=5s vs <=5s,1376
WL4SvXjo,127,1/2-1/2,White,<=5s vs 15-20s,1924
A2vMyp5t,69,1-0,White,<=5s vs 10-15s,2169
FeYHl9io,54,0-1,Black,<=5s vs 15-20s,1972
UbeDXb35,94,0-1,Black,<=5s vs 10-15s,1946
FwmJcgW7,63,0-1,White,<=5s vs 5-10s,1465
Xymrjzrs,47,1-0,White,<=5s vs 15-20s,1894
z4SsRFI2,62,0-1,Black,<=5s vs 10-15s,2050
1YfColsV,54,0-1,Black,<=5s vs <=5s,1496
C3hesGot,108,1/2-1/2,Black,<=5s vs 5-10s,2409
8PgMXOc1,94,0-1,Black,<=5s vs 5-10s,2721
3kkQrksH,70,1-0,Black,<=5s vs 5-10s,2815
HIAMjcSz,123,1-0,White,<=5s vs 15-20s,2189
I1StyHYA,130,1-0,Black,<=5s vs 5-10s,1299
vVESqsMf,93,1-0,White,<=5s vs 15-20s,2289
ilsQ7inL,56,0-1,Black,<=5s vs 15-20s,2077
4KtrJkI7,62,0-1,Black,<=5s vs 15-20s,1492
VPIN1yMy,65,1-0,White,<=5s vs 5-10s,1384
3EckNuNC,85,1-0,White,<=5s vs 15-20s,2290
1j7sk1GJ,86,0-1,Black,<=5s vs 10-15s,1621
cKk3B4zb,70,1/2-1/2,Black,<=5s vs 15-20s,2585
OLjKN553,115,1/2-1/2,White,<=5s vs 5-10s,2034
AHP0Ici2,90,0-1,Black,<=5s vs 10-15s,1679
pGqLUt8h,55,1-0,White,<=5s vs 15-20s,2070
kh2WN5uX,58,0-1,Black,<=5s vs 5-10s,1401
uFOBEz19,52,1-0,Black,<=5s vs <=5s,1879
CvHnpJtg,91,0-1,White,<=5s vs <=5s,2706
vFBiOWDR,70,0-1,Black,<=5s vs 5-10s,1909
yKGLA9vS,103,1-0,White,<=5s vs 5-10s,2436
0HurSO52,103,1-0,White,<=5s vs 10-15s,1970
mBwWGFzH,89,0-1,White,<=5s vs <=5s,1596
p1Kc4ZPB,61,1-0,White,<=5s vs 15-20s,2353
JIsDWGdd,108,1-0,Black,<=5s vs 5-10s,2713
oRnLNTc6,49,1-0,White,<=5s vs 5-10s,1038
GexbCcTX,82,0-1,Black,<=5s vs 15-20s,2004
YZjtHVw7,72,0-1,Black,<=5s vs 5-10s,1414
eHGKHxu0,64,0-1,Black,<=5s vs 15-20s,1650
hVn3CKk0,99,1-0,White,<=5s vs 15-20s,2116
RwpySmPu,127,1-0,White,<=5s vs 15-20s,1324
XyQ7qpDZ,127,1-0,White,<=5s vs 10-15s,2165
yuWANFsn,56,1-0,Black,<=5s vs <=5s,1210
9OchN0kQ,55,1-0,White,<=5s vs 15-20s,1642
8I0SmnlT,60,0-1,Black,<=5s vs 10-15s,1113
vKgP6BL6,126,0-1,Black,<=5s vs 5-10s,2470
TNS3o3k7,85,1-0,White,<=5s vs 5-10s,2394
mrfp0oo4,65,1-0,White,<=5s vs 5-10s,1465
TX1eQNBA,61,1-0,White,<=5s vs 15-20s,2339
yCu3eAqO,78,0-1,Black,<=5s vs 5-10s,1750
200Gvvlo,63,0-1,White,<=5s vs 15-20s,1125
lDOBMxVb,83,0-1,White,<=5s vs <=5s,2179
MaOKupcb,57,1-0,White,<=5s vs 15-20s,1815
wAM14lwb,92,0-1,Black,<=5s vs 5-10s,1904
RT511TEe,51,1-0,White,<=5s vs 15-20s,1496
SoPNHFvK,80,0-1,Black,<=5s vs 5-10s,1843
XUaxhweR,40,0-1,Black,<=5s vs 5-10s,1079
9FfVDLvc,106,0-1,Black,<=5s vs 10-15s,2592
zFPkRubm,44,0-1,Black,<=5s vs 15-20s,1214
avUtIJYG,69,1-0,White,<=5s vs 15-20s,2529
wP1nWr78,52,0-1,Black,<=5s vs 15-20s,1342
mcJBqcT7,76,0-1,Black,<=5s vs 15-20s,1950
ivuxzfYe,104,0-1,Black,<=5s vs <=5s,1990
E5zLj9MR,76,0-1,Black,<=5s vs 5-10s,1751
EtZPMMeZ,79,1-0,White,<=5s vs 5-10s,2622
oHGMlYC3,71,0-1,White,<=5s vs <=5s,2049
TfJnHFC1,51,1-0,White,<=5s vs 15-20s,1094
UVESkfdD,111,1-0,White,<=5s vs 10-15s,2412
RHGOHalK,62,0-1,Black,<=5s vs 5-10s,1372
C3fX11g6,49,1-0,White,<=5s vs 15-20s,2175
wItBPBVo,67,1-0,White,<=5s vs 5-10s,1569
GFq9wh6z,61,0-1,White,<=5s vs <=5s,1906
D7O06K4J,59,0-1,White,<=5s vs 15-20s,1930
qws9mqT7,88,1/2-1/2,Black,<=5s vs 10-15s,2564
01gsfLXZ,49,1-0,White,<=5s vs 10-15s,1589
zLBewaU3,85,0-1,White,<=5s vs <=5s,2345
8hD59eRA,73,1-0,White,<=5s vs 15-20s,2028
hjP9Uh0G,50,0-1,Black,<=5s vs 15-20s,1784
QFwd9c1z,77,1-0,White,<=5s vs 5-10s,1215
2v8Lx5Rp,50,1/2-1/2,Black,<=5s vs 15-20s,2058
1c3NRtt8,103,1-0,White,<=5s vs <=5s,2532
Gkabc0PC,54,1-0,Black,<=5s vs 5-10s,1654
12l83Gc9,61,1-0,White,<=5s vs 15-20s,1642
1lOe5rPX,58,0-1,Black,<=5s vs 5-10s,1238
X5ovvGwd,107,1-0,White,<=5s vs 5-10s,2423
WD57QmHB,50,0-1,Black,<=5s vs 10-15s,1348
R8VpaQJj,115,1-0,White,<=5s vs 15-20s,2407
K6eaoCZC,69,1-0,White,<=5s vs 15-20s,1695
0mINpbOD,82,0-1,Black,<=5s vs 5-10s,2840
VxX7rrXO,68,0-1,Black,<=5s vs 10-15s,2281
56TGEGkn,56,0-1,Black,<=5s vs 15-20s,1444
FlhAPVMq,64,1-0,Black,<=5s vs 15-20s,1721
DrEecUOF,67,1-0,White,<=5s vs 15-20s,1776
CUfnhaqg,75,1-0,White,<=5s vs 10-15s,1756
cOcEHaPR,119,1-0,White,<=5s vs 5-10s,2441
UhKrGomR,62,0-1,Black,<=5s vs 5-10s,1195
ZcBWP1pu,86,0-1,Black,<=5s vs 10-15s,2276
jnTNQuEM,108,1/2-1/2,Black,<=5s vs <=5s,2144
c2MsGo8k,62,0-1,Black,<=5s vs 10-15s,1841
2UZP1SK8,50,0-1,Black,<=5s vs 15-20s,1008
99i9pAMz,70,1-0,Black,<=5s vs <=5s,1647
89IBoGLt,82,1-0,Black,<=5s vs <=5s,2197
IbBoQmdl,102,0-1,Black,<=5s vs <=5s,2173
ZiyWqgSC,114,0-1,Black,<=5s vs 5-10s,2198
NuSMGd08,114,1/2-1/2,Black,<=5s vs <=5s,2169
k5Bn3EUD,64,0-1,Black,<=5s vs 10-15s,1220
QMRrnZb9,69,1-0,White,<=5s vs 5-10s,2269
ocpKtzSH,55,0-1,White,<=5s vs 10-15s,1588
mBJ9RejY,69,1-0,White,<=5s vs 15-20s,2050
ZBRE4W1T,102,1-0,Black,<=5s vs <=5s,1976
qj6oUftg,56,0-1,Black,<=5s vs 10-15s,1190
Dj2OoRje,67,0-1,White,<=5s vs 15-20s,2519
ACJMyEw9,68,0-1,Black,<=5s vs 10-15s,1516
UY9uZq2M,63,0-1,White,<=5s vs <=5s,1021
wx0tsAvV,76,0-1,Black,<=5s vs 10-15s,1303
AS8a411c,82,0-1,Black,<=5s vs 5-10s,2000
CBfSWwBy,62,0-1,Black,<=5s vs 5-10s,1543
I9i18sfX,61,1-0,White,<=5s vs 10-15s,1753
Gj0A7GB1,72,1-0,Black,<=5s vs <=5s,1423
5L1I4htT,125,1-0,White,<=5s vs 15-20s,2630
0fOrYrTt,81,1-0,White,<=5s vs 15-20s,1939
BC0JWHWd,73,1-0,White,<=5s vs 15-20s,1905
3UKuspic,83,1-0,White,<=5s vs 10-15s,2037
vCZFlMz5,73,1-0,White,<=5s vs 15-20s,2138
GnJLgGHq,75,0-1,White,<=5s vs 15-20s,1372
EStJPWBO,79,1-0,White,<=5s vs 10-15s,2248
S9BZfMM6,62,0-1,Black,<=5s vs 10-15s,1699
9iggny8a,84,0-1,Black,<=5s vs 15-20s,1972
6K8Iu1KP,93,1-0,White,<=5s vs 5-10s,2758
UnLidnKY,42,0-1,Black,<=5s vs 10-15s,1175
1TWnFL1r,102,0-1,Black,<=5s vs 15-20s,2194
D2JBJIc8,87,0-1,White,<=5s vs <=5s,2171
PwzhC83x,66,0-1,Black,<=5s vs 10-15s,1731
tAD1hwoX,117,1-0,White,<=5s vs 15-20s,2394
eRBfYyeK,81,1-0,White,<=5s vs 5-10s,2128
c8vmbUPw,61,1-0,White,<=5s vs <=5s,1379
d1bLSOuA,92,0-1,Black,<=5s vs 5-10s,2464
wkW0mScI,90,1-0,Black,<=5s vs 10-15s,1792
gUw0uNth,108,0-1,Black,<=5s vs 5-10s,2419
GDxkuoGj,113,0-1,White,<=5s vs <=5s,2230
IBX21zvh,58,0-1,Black,<=5s vs 5-10s,1551
t7DXvRk6,74,1-0,Black,<=5s vs 10-15s,2010
LCjitkwd,59,1-0,White,<=5s vs 10-15s,2223
LO3xYheO,64,0-1,Black,<=5s vs 5-10s,1289
Zj1Ktjl3,60,0-1,Black,<=5s vs 5-10s,1388
qqanXVeC,61,1-0,White,<=5s vs 5-10s,1630
ixbDXSIR,133,0-1,White,<=5s vs 15-20s,2129
2Bdudbor,59,1-0,White,<=5s vs 10-15s,1868
cCIqhDkH,89,1/2-1/2,White,<=5s vs <=5s,2158
FtxLKju7,55,1-0,White,<=5s vs 10-15s,1384
SsIP7RzW,66,1-0,Black,<=5s vs 10-15s,1470
NCHDhy6h,72,1-0,Black,<=5s vs <=5s,1176
AQXVfLCG,89,1-0,White,<=5s vs 5-10s,1431
GP0huIOq,55,1-0,White,<=5s vs 10-15s,2133
nvbE1R1S,61,1-0,White,<=5s vs 10-15s,1642
TsGxPKg1,87,1-0,White,<=5s vs <=5s,1526
JM1Cg3Hs,70,0-1,Black,<=5s vs 5-10s,1697
OL8naCWF,63,1-0,White,<=5s vs 5-10s,1151
VzcYf53G,64,0-1,Black,<=5s vs 10-15s,1673
NynviYji,75,1-0,White,<=5s vs 10-15s,791
pT7OKNiR,76,0-1,Black,<=5s vs 5-10s,2072
dUhB04hp,50,0-1,Black,<=5s vs 10-15s,1421
tRZqSlq0,85,1-0,White,<=5s vs 15-20s,1487
HCJjE1pq,107,1-0,White,<=5s vs 5-10s,2099
oRyquX4z,116,1/2-1/2,Black,<=5s vs 10-15s,2607
1ioawLxY,69,1-0,White,<=5s vs 5-10s,1489
l3HSiuVA,44,0-1,Black,<=5s vs 15-20s,1544
D1fJHKac,148,1/2-1/2,Black,<=5s vs 15-20s,2490
7NC3J11T,145,1/2-1/2,White,<=5s vs 10-15s,1936
1FRgkN1h,81,1-0,White,<=5s vs 10-15s,1941
IXR6QGW4,50,0-1,Black,<=5s vs <=5s,1580
VsQWx5iC,44,1-0,Black,<=5s vs 5-10s,1006
ZKEoZ554,65,1-0,White,<=5s vs 5-10s,1785
8YZRGLlY,62,0-1,Black,<=5s vs <=5s,1031
gRW61DfZ,52,0-1,Black,<=5s vs <=5s,1262
izHdNOpW,57,0-1,White,<=5s vs 5-10s,1568
FOXOAq0U,48,0-1,Black,<=5s vs 5-10s,1053
LzFzbkWy,65,1-0,White,<=5s vs 10-15s,2431
uiVRs7U6,51,1-0,White,<=5s vs 5-10s,1664
2Y6gwpDw,77,1-0,White,<=5s vs 5-10s,2250
Yr1S6eZo,54,0-1,Black,<=5s vs 5-10s,1581
1AvlfDHS,58,1-0,Black,<=5s vs <=5s,1497
W6WGiEnl,52,0-1,Black,<=5s vs 10-15s,1236
wl9kIA9q,48,0-1,Black,<=5s vs 10-15s,1170
CI8Tqo7A,64,0-1,Black,<=5s vs 10-15s,2168
LzzXfjco,60,0-1,Black,<=5s vs 5-10s,2119
tc7TuA8c,79,1-0,White,<=5s vs 5-10s,1938
emERqJBt,78,0-1,Black,<=5s vs <=5s,2200
8TPKwoPv,55,1-0,White,<=5s vs 10-15s,1716
2vT21zO8,101,1-0,White,<=5s vs 15-20s,2371
XBJP5Tiq,117,1/2-1/2,White,<=5s vs 15-20s,2437
1cbokW9v,71,1-0,White,<=5s vs 10-15s,2247
Tx93qYg7,74,1-0,Black,<=5s vs 5-10s,2444
4fDBRJGP,58,0-1,Black,<=5s vs <=5s,2190
pMy9qFfA,69,1-0,White,<=5s vs 10-15s,1761
n52PTN5H,63,1-0,White,<=5s vs 10-15s,1871
HvbiwNAw,70,0-1,Black,<=5s vs 10-15s,1300
K2SgzYRW,51,1-0,White,<=5s vs 15-20s,1063
y9spbudJ,61,1-0,White,<=5s vs 10-15s,1306
L9gxoHCy,54,0-1,Black,<=5s vs 5-10s,1132
Vy2ivlHx,143,1/2-1/2,White,<=5s vs 10-15s,2952
MbKOuNWg,64,1-0,Black,<=5s vs <=5s,2151
Y2hnrM18,60,0-1,Black,<=5s vs 10-15s,1095
bVChr73Y,107,1-0,White,<=5s vs 10-15s,2103
1sBZOtzL,66,0-1,Black,<=5s vs 15-20s,1121
Mel5Tt2t,68,1-0,Black,<=5s vs <=5s,2034
0WJQpqeG,96,1-0,Black,<=5s vs 5-10s,2177
pscexgTh,54,0-1,Black,<=5s vs 15-20s,1534
FOF8kJwY,79,1-0,White,<=5s vs 10-15s,1999
0Hy2SQC9,58,0-1,Black,<=5s vs 5-10s,1585
VpbLqtfv,99,1/2-1/2,White,<=5s vs 5-10s,2018
teYL8R4S,66,0-1,Black,<=5s vs 5-10s,1168
rrFjDfgE,89,0-1,White,<=5s vs <=5s,1864
OViCu1pF,93,1-0,White,<=5s vs 15-20s,1826
QBgp0JEK,69,1-0,White,<=5s vs 5-10s,1889
MrrOND2I,60,0-1,Black,<=5s vs 5-10s,1443
Vjgt9sD0,61,1-0,White,<=5s vs 10-15s,1599
W5BLK3cr,73,1-0,White,<=5s vs 5-10s,2121
dm5acTlW,88,0-1,Black,<=5s vs 5-10s,1559
RQjMTUuP,68,0-1,Black,<=5s vs 10-15s,1777
SlF0Hdx8,58,0-1,Black,<=5s vs 15-20s,1713
IRFDUmV0,52,0-1,Black,<=5s vs 5-10s,1003
nJa3DAwa,63,1-0,White,<=5s vs 10-15s,1285
a8IPXSMI,72,0-1,Black,<=5s vs <=5s,1378
Nf8r5SaO,131,0-1,White,<=5s vs <=5s,2354
7BzULacH,81,1-0,White,<=5s vs 10-15s,2506
iHgyG0YM,56,0-1,Black,<=5s vs 5-10s,1444
42iRQXYJ,43,1-0,White,<=5s vs 10-15s,1314
XgKW6zXj,48,0-1,Black,<=5s vs 10-15s,985
4FTU1sKV,94,0-1,Black,<=5s vs 5-10s,1946
91f5gnV3,56,0-1,Black,<=5s vs 10-15s,2166
jgGxQTc9,87,1-0,White,<=5s vs 10-15s,2418
NekFfrQ4,64,0-1,Black,<=5s vs 10-15s,1340
EOnADcy9,60,0-1,Black,<=5s vs 15-20s,1792
VM9ApyXi,83,1-0,White,<=5s vs 5-10s,2093
OW113Uiq,85,0-1,White,<=5s vs 5-10s,2661
npCIavuJ,60,0-1,Black,<=5s vs 5-10s,1536
OnAfJWwl,53,0-1,White,<=5s vs <=5s,1354
fqiV4mqc,54,0-1,Black,<=5s vs 10-15s,962
JVYpjdVV,64,0-1,Black,<=5s vs 10-15s,1741
KEhLa6Kc,142,0-1,Black,<=5s vs 5-10s,2005
VUBLNUJs,66,0-1,Black,<=5s vs 5-10s,1424
bVnjPz1E,52,0-1,Black,<=5s vs 15-20s,1328
J5T0ryPT,60,0-1,Black,<=5s vs 10-15s,1841
aSVVdNNq,41,1-0,White,<=5s vs 15-20s,1366
06Qx3FlZ,112,0-1,Black,<=5s vs 10-15s,2469
tWCQlRQG,83,1-0,White,<=5s vs 10-15s,866
Z0Jf6ngk,50,0-1,Black,<=5s vs 15-20s,1058
Qwpea5Nd,100,0-1,Black,<=5s vs 15-20s,2133
OtZJ7OXa,69,1-0,White,<=5s vs 15-20s,1498
lugMUmrq,68,0-1,Black,<=5s vs 15-20s,1474
MZjGlriw,78,0-1,Black,<=5s vs 15-20s,1537
kwKbZPtF,56,0-1,Black,<=5s vs 5-10s,1215
6sO3BXFK,74,0-1,Black,<=5s vs <=5s,1210
xWNZDnV3,66,0-1,Black,<=5s vs 10-15s,2121
ugBT1krG,64,0-1,Black,<=5s vs 10-15s,1672
UDgjMfLU,54,0-1,Black,<=5s vs 5-10s,1330
ViWWX9Il,82,0-1,Black,<=5s vs 15-20s,2360
qQRXMSUI,60,0-1,Black,<=5s vs 5-10s,1580
sBwRpdEU,89,1-0,White,<=5s vs 5-10s,1405
dmagC9v4,52,0-1,Black,<=5s vs 10-15s,1483
semQxDTb,54,0-1,Black,<=5s vs <=5s,1128
s2ZzLWwR,72,0-1,Black,<=5s vs 15-20s,1380
AvSKJO7J,121,1/2-1/2,White,<=5s vs 5-10s,2736
kEJ6QTYB,80,0-1,Black,<=5s vs 10-15s,1762
CJ5GXjVT,93,1-0,White,<=5s vs 10-15s,2133
ixLVYg7H,103,0-1,White,<=5s vs <=5s,2022
oFjRqGOk,73,1-0,White,<=5s vs 15-20s,1768
eTNujhzd,140,0-1,Black,<=5s vs 5-10s,2330
LntNgHuz,59,1-0,White,<=5s vs 10-15s,1549
7Lr2mh6V,56,0-1,Black,<=5s vs 5-10s,1698
EcvlIpgV,48,0-1,Black,<=5s vs 15-20s,1518
GkC2YuDX,71,0-1,White,<=5s vs <=5s,2012
pjpe6xm7,71,1-0,White,<=5s vs 10-15s,1867
TXvcKUPm,58,0-1,Black,<=5s vs 15-20s,2268
t5zFNnen,48,0-1,Black,<=5s vs 5-10s,2047
FzObKPnK,65,1-0,White,<=5s vs 10-15s,1900
2ZRttu9i,73,1-0,White,<=5s vs 15-20s,2083
4YmeZfFD,68,0-1,Black,<=5s vs 5-10s,1953
LHWx3rn2,66,0-1,Black,<=5s vs 10-15s,2003
t03uWMCh,55,1-0,White,<=5s vs 10-15s,2306
yEzStfxg,98,0-1,Black,<=5s vs 10-15s,2226
4g2x84AI,70,0-1,Black,<=5s vs 15-20s,1610
bow8nMpU,103,1-0,White,<=5s vs 5-10s,1609
rUMsmcip,70,0-1,Black,<=5s vs 10-15s,1798
vEfhjVeN,73,1-0,White,<=5s vs <=5s,1705
f632glUQ,56,1/2-1/2,Black,<=5s vs 5-10s,1077
5r4Tj3NF,67,1-0,White,<=5s vs 10-15s,2188
ydKHaygU,74,0-1,Black,<=5s vs 10-15s,1560
P5dm7EUj,78,0-1,Black,<=5s vs 10-15s,1705
KBxHm8rI,93,1/2-1/2,White,<=5s vs 5-10s,2571
8Jik7msV,112,0-1,Black,<=5s vs <=5s,2203
vJSQdQh0,72,0-1,Black,<=5s vs 15-20s,1861
X2YIweks,61,1-0,White,<=5s vs 10-15s,1293
Cr3yt6IQ,67,0-1,White,<=5s vs 5-10s,1301
s86BSolU,82,0-1,Black,<=5s vs <=5s,1455
GQgRvTNY,80,0-1,Black,<=5s vs 15-20s,2257
wTk94fzu,62,0-1,Black,<=5s vs 10-15s,1772
BsHusxgL,64,1-0,Black,<=5s vs 5-10s,1320
RXqRmS02,89,1-0,White,<=5s vs 5-10s,2250
62bkKusw,85,1-0,White,<=5s vs 5-10s,2465
lWUhVpsZ,47,1-0,White,<=5s vs 15-20s,964
3mPJzOUZ,51,1-0,White,<=5s vs <=5s,997
edcvQ3mP,58,0-1,Black,<=5s vs <=5s,1055
NFSiJUXN,62,0-1,Black,<=5s vs 15-20s,2023
ZQeBWyNc,71,1-0,White,<=5s vs 10-15s,1665
WMGqORbV,51,1-0,White,<=5s vs 10-15s,1174
yOOZs7fz,69,1-0,White,<=5s vs 5-10s,1173
bZj8IQst,45,1-0,White,<=5s vs 10-15s,1735
JAvIVXCC,50,0-1,Black,<=5s vs 15-20s,1464
T6WaVBYy,82,0-1,Black,<=5s vs 5-10s,2215
SxRoJzRI,75,1-0,White,<=5s vs 5-10s,1245
X5jwjNMZ,96,0-1,Black,<=5s vs 10-15s,1708
kF4IpR77,108,0-1,Black,<=5s vs 5-10s,2422
ysWDyQaj,86,0-1,Black,<=5s vs 15-20s,2181
ulsk0W7D,66,0-1,Black,<=5s vs 15-20s,1290
1cJYw2mX,57,1-0,White,<=5s vs 10-15s,1624
czxaG28u,57,1-0,White,<=5s vs 10-15s,1218
0kAqnA8T,53,0-1,White,<=5s vs 10-15s,1101
jxg8DUAN,51,0-1,White,<=5s vs 10-15s,1815
A77gz2wA,59,1-0,White,<=5s vs 15-20s,1431
GHyw9BEE,72,0-1,Black,<=5s vs 5-10s,1551
LY3uMDzE,101,1/2-1/2,White,<=5s vs 5-10s,1788
GbAM2vw4,64,0-1,Black,<=5s vs 5-10s,2208
MpOjCLN5,72,0-1,Black,<=5s vs <=5s,2158
LkgTOCsD,67,0-1,White,<=5s vs 5-10s,1837
aRuqGjBA,59,0-1,White,<=5s vs <=5s,1679
xmwonPb3,54,0-1,Black,<=5s vs 10-15s,1375
JMIZjViX,73,1-0,White,<=5s vs 10-15s,2309
039O9GhB,61,1-0,White,<=5s vs 15-20s,1130
JQG5ywFR,92,0-1,Black,<=5s vs 10-15s,2289
MvLkAjML,115,1-0,White,<=5s vs 15-20s,2452
DNbvT1RL,118,0-1,Black,<=5s vs 15-20s,1685
L5SXTbxJ,60,0-1,Black,<=5s vs 5-10s,2034
IZcGprlD,69,0-1,White,<=5s vs <=5s,849
9VaDqIlc,73,1-0,White,<=5s vs 5-10s,2419
mLmth5nE,64,1-0,Black,<=5s vs 5-10s,1340
BoIbRspO,62,0-1,Black,<=5s vs <=5s,1058
OwMWONHD,54,0-1,Black,<=5s vs 15-20s,1934
J48f2QHP,107,1/2-1/2,White,<=5s vs 15-20s,2416
dVKy77ll,62,0-1,Black,<=5s vs 10-15s,2312
pPKFQ9xT,58,0-1,Black,<=5s vs 10-15s,2247
VrpmPHGf,61,1-0,White,<=5s vs 10-15s,1580
yQQ3nCqs,64,0-1,Black,<=5s vs 10-15s,1244
AbVFQweA,94,0-1,Black,<=5s vs 15-20s,2317
9wEiP79T,129,1-0,White,<=5s vs 10-15s,2189
GU7L9KTW,124,1/2-1/2,Black,<=5s vs 10-15s,1996
1zH8hoRE,114,1-0,Black,<=5s vs <=5s,2071
QCZdWtiP,58,0-1,Black,<=5s vs 15-20s,2030
U4la1CZz,57,1-0,White,<=5s vs 10-15s,1016
NyD6459J,81,1-0,White,<=5s vs 10-15s,2204
DXzXx14m,55,1-0,White,<=5s vs 5-10s,1100
F9xFGCmG,90,0-1,Black,<=5s vs <=5s,2099
y8oSi95p,95,0-1,White,<=5s vs 5-10s,2178
zjAPfU4F,63,1-0,White,<=5s vs 15-20s,1666
AdqjhtDz,43,0-1,White,<=5s vs 5-10s,735
XUiE0nbe,54,0-1,Black,<=5s vs 15-20s,2020
8whHgUkT,82,1-0,Black,<=5s vs 5-10s,2196
QmUwKBmN,83,1-0,White,<=5s vs 10-15s,2901
zIjsHjvE,122,1/2-1/2,Black,<=5s vs 15-20s,2746
w0TVG4qp,61,0-1,White,<=5s vs <=5s,1602
AwATt6Ng,61,1-0,White,<=5s vs 15-20s,1279
0J9ziZzG,91,1-0,White,<=5s vs <=5s,2157
NYu1RbFu,58,0-1,Black,<=5s vs 15-20s,1738
t6I5OISp,120,0-1,Black,<=5s vs <=5s,2404
plCEJl6V,84,0-1,Black,<=5s vs 5-10s,1608
cqWAroMY,46,1-0,Black,<=5s vs 10-15s,1053
cNlITWZf,68,0-1,Black,<=5s vs 10-15s,1967
dWKJi8OG,122,1-0,Black,<=5s vs 10-15s,2200
jq2p1qll,79,1-0,White,<=5s vs 5-10s,1496
UsjTcilN,112,0-1,Black,<=5s vs 15-20s,2331
gBWO0MUJ,70,0-1,Black,<=5s vs 15-20s,1947
mNSNjXyL,57,1-0,White,<=5s vs 10-15s,1273
IbZmEENi,74,0-1,Black,<=5s vs <=5s,2205
1osPdu7T,49,0-1,White,<=5s vs 5-10s,901
N7H0FIoi,74,0-1,Black,<=5s vs 5-10s,1907
SXcAOeul,64,0-1,Black,<=5s vs <=5s,1222
VucIv1iv,96,0-1,Black,<=5s vs 10-15s,2128
osaTY3JD,36,0-1,Black,<=5s vs 10-15s,1050
VzAwQg5k,72,0-1,Black,<=5s vs 5-10s,1344
zZMFLO1D,44,0-1,Black,<=5s vs 15-20s,796
eR2rSkfB,66,1-0,Black,<=5s vs 5-10s,1291
0DcTPYTo,110,1/2-1/2,Black,<=5s vs 5-10s,2703
A7wAnXq8,80,0-1,Black,<=5s vs 5-10s,1995
G5hR6GvC,46,0-1,Black,<=5s vs 5-10s,1245
Rg8L5M1Q,57,1-0,White,<=5s vs 5-10s,1052
eLYn8XlA,64,0-1,Black,<=5s vs 10-15s,1375
Qxo1nQNs,106,1-0,Black,<=5s vs <=5s,1618
hPjcEB37,40,0-1,Black,<=5s vs 5-10s,1677
7zPsb7kN,90,0-1,Black,<=5s vs 15-20s,2133
cZkCRT6i,61,1-0,White,<=5s vs 5-10s,1549
NAfA2M7k,54,0-1,Black,<=5s vs 15-20s,1633
UCJsNE7P,53,1-0,White,<=5s vs 10-15s,1124
EMhInHVZ,55,1-0,White,<=5s vs 10-15s,1685
odlUJEWw,73,1-0,White,<=5s vs 15-20s,2108
FKyvj1as,91,1-0,White,<=5s vs 10-15s,2119
pKZZAJOD,62,0-1,Black,<=5s vs 10-15s,835
AB8s5PAF,62,0-1,Black,<=5s vs 15-20s,2163
sHddkRP7,112,0-1,Black,<=5s vs <=5s,2615
gLJESjbr,78,0-1,Black,<=5s vs 5-10s,2580
2pcYkuQv,90,0-1,Black,<=5s vs 15-20s,1536
AKbOurlK,66,0-1,Black,<=5s vs 15-20s,2387
KpIPuAfW,50,0-1,Black,<=5s vs 15-20s,1318
INLq9EZn,92,0-1,Black,<=5s vs 15-20s,2376
9XWSOhBv,100,0-1,Black,<=5s vs 5-10s,2167
oKF0THQ4,86,0-1,Black,<=5s vs 5-10s,1976
JyccwHTj,84,0-1,Black,<=5s vs 15-20s,2517
YxzNkbwD,53,1-0,White,<=5s vs 15-20s,1713
Fq1mruCv,85,1-0,White,<=5s vs 5-10s,2330
8eAZfKSD,107,0-1,White,<=5s vs <=5s,2229
XkZVLhG2,88,0-1,Black,<=5s vs 5-10s,2206
17bbTe9i,76,0-1,Black,<=5s vs <=5s,1929
fNg5Pqid,81,1-0,White,<=5s vs 15-20s,2270
DPXOZBDP,59,1-0,White,<=5s vs 5-10s,1836
C6bI33Xw,60,0-1,Black,<=5s vs <=5s,2019
ckEbdiHn,55,0-1,White,<=5s vs 10-15s,1686
jiSheolZ,55,1-0,White,<=5s vs 15-20s,1639
0zj7ipNh,76,0-1,Black,<=5s vs <=5s,1058
iTmiEHS3,118,1/2-1/2,Black,<=5s vs <=5s,2482
gjZGyaxq,50,0-1,Black,<=5s vs 5-10s,1245
9gbVbtpV,151,1-0,White,<=5s vs 15-20s,3117
mFxKRVHh,54,0-1,Black,<=5s vs 10-15s,1699
7ywBWd5C,53,1-0,White,<=5s vs 15-20s,989
CtPCGgaJ,51,1-0,White,<=5s vs 10-15s,1265
iSq8W8qm,80,0-1,Black,<=5s vs <=5s,1806
06KcJxSf,52,0-1,Black,<=5s vs 15-20s,1954
qPL6zHD6,54,1-0,Black,<=5s vs 5-10s,1584
OAeqnnEi,37,0-1,White,<=5s vs 15-20s,1135
ErzxK2iF,81,1-0,White,<=5s vs 15-20s,2273
SDC7StYV,62,0-1,Black,<=5s vs 15-20s,1412
JoKmnA02,68,1-0,Black,<=5s vs <=5s,2320
RS7uZSyQ,73,1-0,White,<=5s vs 5-10s,2226
CTFguAmQ,69,1-0,White,<=5s vs 10-15s,1731
7GimI2Uc,90,0-1,Black,<=5s vs 10-15s,2179
rlwroBAk,50,0-1,Black,<=5s vs 5-10s,1421
kDnolRVR,75,1-0,White,<=5s vs 5-10s,1667
3S6FGT7w,106,0-1,Black,<=5s vs 5-10s,2474
iJxmYWY8,101,0-1,White,<=5s vs 10-15s,2737
IK5jhjAW,95,1/2-1/2,White,<=5s vs 5-10s,2503
4VySgqYF,35,0-1,White,<=5s vs 5-10s,659
QPkgM3gP,47,1-0,White,<=5s vs 15-20s,1169
vOHZWjF2,67,1-0,White,<=5s vs 10-15s,1806
m4MOLkaf,84,0-1,Black,<=5s vs 5-10s,1948
mnqII6e3,52,0-1,Black,<=5s vs 10-15s,1438
NCzyaxE2,74,1-0,Black,<=5s vs 10-15s,2199
PwxN9hgv,82,0-1,Black,<=5s vs 15-20s,1566
BRXiMfjs,51,1-0,White,<=5s vs 5-10s,2006
68oIlu32,57,1-0,White,<=5s vs 15-20s,1265
jt7uIShj,60,0-1,Black,<=5s vs <=5s,957
aBV7cV09,48,0-1,Black,<=5s vs 10-15s,927
hw39TYWf,39,1-0,White,<=5s vs 10-15s,776
dD9lhARi,68,0-1,Black,<=5s vs 15-20s,1718
s2ZFiZ9j,85,1-0,White,<=5s vs 10-15s,2689
hv4DxMkw,57,1-0,White,<=5s vs 10-15s,2365
NqqiR1RG,38,0-1,Black,<=5s vs 10-15s,1302
M01RKMNV,77,0-1,White,<=5s vs 5-10s,1132
LkUhcNqv,47,0-1,White,<=5s vs 10-15s,1234
mxiRS9Qs,127,1-0,White,<=5s vs 10-15s,1830
LN87ki3F,75,1-0,White,<=5s vs 5-10s,2544
c1ibZidI,32,0-1,Black,<=5s vs 15-20s,930
Oi0bND6t,42,0-1,Black,<=5s vs 10-15s,1284
6KONROgu,71,1-0,White,<=5s vs 10-15s,2305
ADijAwVq,89,1-0,White,<=5s vs 10-15s,2185
0B9KDJt2,148,1/2-1/2,Black,<=5s vs <=5s,2118
USWFwDxi,59,0-1,White,<=5s vs 5-10s,1926
CPnBxxOn,49,1-0,White,<=5s vs 15-20s,2016
kVc3YVay,78,0-1,Black,<=5s vs 5-10s,1687
kfroi5K1,62,1-0,Black,<=5s vs 5-10s,2083
CHgLHuiO,128,0-1,Black,<=5s vs 15-20s,1804
UYrHgTQu,54,1-0,Black,<=5s vs <=5s,2133
1JxJzBpk,122,1-0,Black,<=5s vs 5-10s,2170
4huOy5ON,84,0-1,Black,<=5s vs 5-10s,2674
SgTr00Ej,66,0-1,Black,<=5s vs 5-10s,1366
BTn3pDvX,65,0-1,White,<=5s vs <=5s,1163
NzFLZYRp,66,0-1,Black,<=5s vs 10-15s,1622
QKDGLtAd,64,1-0,Black,<=5s vs 15-20s,1798
d55HHLwV,52,0-1,Black,<=5s vs 10-15s,1446
dB6qwae6,57,1-0,White,<=5s vs 5-10s,1228
mvCJVVyg,53,1-0,White,<=5s vs 5-10s,1370
a7Fov7j7,116,0-1,Black,<=5s vs 5-10s,1948
G0E62twe,128,1/2-1/2,Black,<=5s vs 15-20s,2313
MhwdUx0A,81,1-0,White,<=5s vs 5-10s,1219
TeQKc0kF,94,1-0,Black,<=5s vs <=5s,2548
cxRwWa8e,55,1-0,White,<=5s vs 10-15s,1167
3mHfDpMD,55,1-0,White,<=5s vs 10-15s,1839
GWwvyg9B,69,1-0,White,<=5s vs 10-15s,2121
TDvhnvmu,67,1-0,White,<=5s vs 5-10s,2158
7dOMBms8,64,0-1,Black,<=5s vs 10-15s,1819
hVy3erLi,78,0-1,Black,<=5s vs 10-15s,1354
ob9DJBnW,147,1/2-1/2,White,<=5s vs 15-20s,2550
OzTgk4um,62,1-0,Black,<=5s vs <=5s,1309
bLmvSwaB,90,0-1,Black,<=5s vs 5-10s,1879
84uMdcff,102,1-0,Black,<=5s vs 15-20s,2060
zdQDod94,75,1-0,White,<=5s vs 10-15s,2266
NeqbwEOW,139,1-0,White,<=5s vs 5-10s,2424
4qL8pHp2,108,1-0,Black,<=5s vs 5-10s,2312
LxlbhTG9,60,0-1,Black,<=5s vs <=5s,2277
QIeJtEHR,122,0-1,Black,<=5s vs 15-20s,2100
x66ENQHu,67,0-1,White,<=5s vs 15-20s,1802
S3m96i0C,38,0-1,Black,<=5s vs 10-15s,901
EMUWyU3R,90,0-1,Black,<=5s vs 10-15s,2252
nNgh3YbK,110,0-1,Black,<=5s vs 15-20s,2715
64Q75efk,62,0-1,Black,<=5s vs 15-20s,1778
k8QaxDId,87,1-0,White,<=5s vs 5-10s,2297
YEDfTXak,83,1-0,White,<=5s vs 15-20s,2520
ECXqcWO3,108,0-1,Black,<=5s vs <=5s,2097
WeQsZGDv,46,0-1,Black,<=5s vs 15-20s,1028
wq5uUeyA,65,1-0,White,<=5s vs 15-20s,1383
GL1dVlrG,54,1-0,Black,<=5s vs <=5s,1206
9Xctzip0,93,1-0,White,<=5s vs <=5s,2694
bdpiWA83,34,1-0,Black,<=5s vs 5-10s,802
KjOQAiNC,80,0-1,Black,<=5s vs 15-20s,2265
z3t28qRO,83,0-1,White,<=5s vs 15-20s,1943
Z6xigela,62,1-0,Black,<=5s vs <=5s,1614
zO6QrJbO,88,1/2-1/2,Black,<=5s vs <=5s,2450
LTRFnFx8,71,1-0,White,<=5s vs 5-10s,2121
0FB20FFx,89,1-0,White,<=5s vs 10-15s,2085
McpVoSe7,92,0-1,Black,<=5s vs <=5s,1714
WlwYs19P,80,0-1,Black,<=5s vs 5-10s,2471
TEXF2Hw6,89,1-0,White,<=5s vs 15-20s,1694
MjxzRq04,113,1-0,White,<=5s vs 10-15s,2632
9H6yyKru,73,1-0,White,<=5s vs 10-15s,2020
VLRMEHVE,76,0-1,Black,<=5s vs 10-15s,2412
Fb5Hh2ms,73,1-0,White,<=5s vs 5-10s,1417
9sr2aGZT,81,1-0,White,<=5s vs <=5s,2046
OB6WClAY,62,0-1,Black,<=5s vs 5-10s,1535
ADVFqEH8,92,1-0,Black,<=5s vs <=5s,1091
oVNTt2Cx,44,0-1,Black,<=5s vs 15-20s,1151
UfRTa2vd,55,1-0,White,<=5s vs 10-15s,1805
2UhGClZf,66,0-1,Black,<=5s vs 10-15s,2218
KWqkYcfM,56,0-1,Black,<=5s vs 10-15s,1637
jLFiwOUN,60,0-1,Black,<=5s vs 10-15s,986
2kWVM4Pq,82,0-1,Black,<=5s vs 15-20s,1850
XqGwOC2a,76,0-1,Black,<=5s vs 5-10s,1579
2w42riOh,46,0-1,Black,<=5s vs 15-20s,2111
jFeBrihk,83,1-0,White,<=5s vs 5-10s,1885
XQPfTGYF,45,1-0,White,<=5s vs 10-15s,1071
ChRxemWf,85,0-1,White,<=5s vs <=5s,1926
aTfmomAv,92,1/2-1/2,Black,<=5s vs 5-10s,2743
YaRY0ctS,93,0-1,White,<=5s vs <=5s,1758
sTjXxTuT,48,1-0,Black,<=5s vs 10-15s,1150
icxiMXHq,116,1-0,Black,<=5s vs <=5s,2538
2Q6ZoUmN,74,0-1,Black,<=5s vs 5-10s,1567
DP0NIXIK,48,0-1,Black,<=5s vs 5-10s,1631
XgM39Di1,43,1-0,White,<=5s vs 5-10s,953
EovcKBTU,60,0-1,Black,<=5s vs 10-15s,2119
FSFzLoAH,50,0-1,Black,<=5s vs 15-20s,837
Oww3tVtA,39,1-0,White,<=5s vs 15-20s,1118
LasGMZtf,57,1-0,White,<=5s vs 5-10s,1946
VNcU3qKy,49,1-0,White,<=5s vs 10-15s,1500
54u47D9s,81,1-0,White,<=5s vs 5-10s,1749
7U9AL3J3,63,1-0,White,<=5s vs 15-20s,1334
5Y9tC0AW,83,1-0,White,<=5s vs 10-15s,1632
PaiNT6ZM,84,1/2-1/2,Black,<=5s vs 10-15s,1879
SowaNyUx,70,1-0,Black,<=5s vs 5-10s,1946
kkxSkcoc,74,0-1,Black,<=5s vs 15-20s,1290
6A0P3JBq,74,0-1,Black,<=5s vs 5-10s,1449
IGdH3tHW,68,0-1,Black,<=5s vs <=5s,1340
X6ENjpT7,49,1-0,White,<=5s vs 15-20s,1161
l9mq8ksb,72,1/2-1/2,Black,<=5s vs 5-10s,1565
cfh6sMGL,73,1-0,White,<=5s vs 10-15s,1687
z3xLNAR0,79,1-0,White,<=5s vs <=5s,2418
Nq3CmG8u,36,0-1,Black,<=5s vs 15-20s,1452
QNiVQMhQ,125,1/2-1/2,White,<=5s vs 5-10s,2510
2MHcs3NP,85,0-1,White,<=5s vs 10-15s,2417
Z74X6pWE,57,1-0,White,<=5s vs 15-20s,1667
8PDpiPHN,64,0-1,Black,<=5s vs 5-10s,1352
1JfYw2dY,74,0-1,Black,<=5s vs 15-20s,1359
2kNIWzTm,126,0-1,Black,<=5s vs 5-10s,2329
N4tNkxGS,91,0-1,White,<=5s vs 15-20s,1489
xBIEuYwR,135,1-0,White,<=5s vs 15-20s,2551
ENZeHTLf,61,1-0,White,<=5s vs 15-20s,1519
xxp3DsOW,78,1-0,Black,<=5s vs 5-10s,1770
LkP0I22I,45,1-0,White,<=5s vs 5-10s,1692
K9WauvAj,100,0-1,Black,<=5s vs 5-10s,1528
ppWtCsP3,102,0-1,Black,<=5s vs 10-15s,2570
htc9n67w,82,0-1,Black,<=5s vs 5-10s,2206
GKiwI2dj,87,1-0,White,<=5s vs 5-10s,2483
cgEX4STh,101,1-0,White,<=5s vs 10-15s,2339
IMB409iD,48,0-1,Black,<=5s vs 10-15s,1139
3LwD1mOv,66,0-1,Black,<=5s vs 5-10s,1866
sS42oT1D,79,0-1,White,<=5s vs 15-20s,2420
XMJS2YUJ,87,1-0,White,<=5s vs 5-10s,2318
BeuGmFsp,42,0-1,Black,<=5s vs 15-20s,1079
J7uZVq0x,57,1-0,White,<=5s vs 15-20s,1772
3UBVNuzQ,58,0-1,Black,<=5s vs 5-10s,1877
nLm5f2jX,83,1-0,White,<=5s vs 10-15s,1538
uILHsX6n,51,1-0,White,<=5s vs 15-20s,1109
d8R3JC4a,54,0-1,Black,<=5s vs <=5s,1044
Kq6r9non,70,0-1,Black,<=5s vs 5-10s,1779
b7VDpnjK,69,1-0,White,<=5s vs 10-15s,1618
iJN83Q6m,40,0-1,Black,<=5s vs 15-20s,1780
Xal15Zsf,95,1-0,White,<=5s vs 5-10s,2428
zsPmHgDl,66,0-1,Black,<=5s vs <=5s,1629
ME9gvd8o,65,1-0,White,<=5s vs 15-20s,2468
xUx2uriy,60,0-1,Black,<=5s vs 15-20s,1290
ma9Xq2qf,57,1-0,White,<=5s vs 15-20s,1874
5muYPmvr,76,0-1,Black,<=5s vs 15-20s,2045
p60kuqBW,77,1-0,White,<=5s vs 10-15s,2252
UQtdW6QI,46,1-0,Black,<=5s vs 5-10s,849
GBFBF9jH,83,1-0,White,<=5s vs 10-15s,2134
fEhvnyW6,70,0-1,Black,<=5s vs 15-20s,1278
k1SulfBC,157,0-1,White,<=5s vs 10-15s,2084
8xYCWJB4,59,1-0,White,<=5s vs 10-15s,1892
S3JbQxKw,116,0-1,Black,<=5s vs 10-15s,1716
xkOWAgk3,54,0-1,Black,<=5s vs 10-15s,2090
fC6W85h4,65,1-0,White,<=5s vs 5-10s,1600
JOD2TuAs,65,1-0,White,<=5s vs 5-10s,1020
W5KjuZF2,68,0-1,Black,<=5s vs 5-10s,2438
20IrfDZ3,74,0-1,Black,<=5s vs 5-10s,1856
aXHCIzTr,55,1-0,White,<=5s vs 15-20s,1342
QzRcrTUI,78,0-1,Black,<=5s vs 15-20s,2073
IqNnyHln,62,0-1,Black,<=5s vs 10-15s,2083
R0LiCkrY,48,0-1,Black,<=5s vs 10-15s,1269
4LIsBAx0,34,0-1,Black,<=5s vs 10-15s,1014
W8PPto6K,51,1-0,White,<=5s vs 15-20s,1633
lGu3NYiR,69,1-0,White,<=5s vs 5-10s,1996
5l4zYxPJ,84,1/2-1/2,Black,<=5s vs 10-15s,2273
z7dtBfzJ,115,1-0,White,<=5s vs 10-15s,1967
cUp8NsUt,58,0-1,Black,<=5s vs 15-20s,1768
VyMYE1NF,78,0-1,Black,<=5s vs 10-15s,1458
0fbcePdH,82,0-1,Black,<=5s vs 10-15s,1858
AElxzpYU,84,0-1,Black,<=5s vs 10-15s,2125
2dkVhTg8,93,1-0,White,<=5s vs 15-20s,2182
5aQ1hpuT,59,1-0,White,<=5s vs 15-20s,1681
VNBcuLF2,55,0-1,White,<=5s vs 10-15s,1244
rjy0shqg,78,0-1,Black,<=5s vs <=5s,2219
TElfmnUs,58,0-1,Black,<=5s vs 10-15s,966
GoAK8yg6,78,0-1,Black,<=5s vs 15-20s,1931
qrpT5VKX,46,0-1,Black,<=5s vs <=5s,1087
0OM98iTf,74,1-0,Black,<=5s vs 5-10s,1380
A0sTH2Em,67,1-0,White,<=5s vs 5-10s,2389
JVFHW59W,182,1/2-1/2,Black,<=5s vs 15-20s,2681
CtCecU5x,64,0-1,Black,<=5s vs 15-20s,2314
PiMld8VG,87,1-0,White,<=5s vs 10-15s,2482
t9ADYfdy,51,1-0,White,<=5s vs 5-10s,1374
r0AxPSqt,74,0-1,Black,<=5s vs 10-15s,2227
VgGACvnc,85,0-1,White,<=5s vs 5-10s,1572
1ztzLUMM,56,0-1,Black,<=5s vs 5-10s,1732
pjnQHvz0,83,1-0,White,<=5s vs 10-15s,1356
D081xd7F,99,1/2-1/2,White,<=5s vs 5-10s,2483
lhRnHjQp,67,1-0,White,<=5s vs 5-10s,2284
rNTtwu2c,44,0-1,Black,<=5s vs 10-15s,1427
bikpzeh1,74,0-1,Black,<=5s vs 15-20s,2749
ZdYLMrqi,46,0-1,Black,<=5s vs 10-15s,1437
Tvq42oSg,65,1-0,White,<=5s vs 15-20s,1262
7CqIYJKH,55,1-0,White,<=5s vs 15-20s,917
HfizSdiM,60,0-1,Black,<=5s vs 10-15s,1644
nFBf9MP5,63,0-1,White,<=5s vs 5-10s,1308
u2CSPxsX,123,1/2-1/2,White,<=5s vs 10-15s,2592
4zkDfVEH,82,1-0,Black,<=5s vs <=5s,1748
vtmk77Is,65,1-0,White,<=5s vs 10-15s,1629
DhnnIMtb,78,0-1,Black,<=5s vs 15-20s,2513
AMZEtys2,68,0-1,Black,<=5s vs 5-10s,1754
6UPtwZP1,100,1-0,Black,<=5s vs 5-10s,3098
3jeE8RQG,62,0-1,Black,<=5s vs 10-15s,2163
uwtdHUDl,98,1-0,Black,<=5s vs 5-10s,2334
ZBWQB4nS,83,1-0,White,<=5s vs 15-20s,2300
LocRVG44,80,0-1,Black,<=5s vs 15-20s,1699
PoAkkPGq,110,0-1,Black,<=5s vs 5-10s,2076
zFHxqzwP,62,0-1,Black,<=5s vs 15-20s,1661
J4axX3E4,117,1-0,White,<=5s vs 15-20s,2169
DCVMMWcK,87,0-1,White,<=5s vs 5-10s,1748
wMEaY7Ia,73,0-1,White,<=5s vs 5-10s,1823
dS8CmJmk,65,1-0,White,<=5s vs 5-10s,1046
YPe95rFO,128,1/2-1/2,Black,<=5s vs 5-10s,2619
pnO0gFIt,51,1-0,White,<=5s vs 15-20s,982
4uLnCQxZ,59,1-0,White,<=5s vs 15-20s,1340
0XfBXdV2,45,1-0,White,<=5s vs 15-20s,1260
SyALsKRX,91,1-0,White,<=5s vs 5-10s,2241
op7ppnVk,89,1/2-1/2,White,<=5s vs 5-10s,2149
nDZ0UbyA,61,0-1,White,<=5s vs 5-10s,1155
UuN36l8q,64,0-1,Black,<=5s vs 10-15s,1479
xyhetS22,54,0-1,Black,<=5s vs 10-15s,1207
5i6HTvOE,57,1-0,White,<=5s vs 15-20s,1784
ynRA9mX3,77,1-0,White,<=5s vs 5-10s,1322
4wyM6mp5,56,0-1,Black,<=5s vs 10-15s,1845
zUd1x5oQ,101,0-1,White,<=5s vs 5-10s,2453
tZia4tpR,70,0-1,Black,<=5s vs 10-15s,1477
gjl1axi5,107,1/2-1/2,White,<=5s vs 10-15s,1999
eoH9zTAR,70,0-1,Black,<=5s vs 5-10s,826
5uT9RJvS,49,1-0,White,<=5s vs 15-20s,1655
Lf4AfvKR,109,1/2-1/2,White,<=5s vs 15-20s,2632
N8sMOMVI,70,1-0,Black,<=5s vs 5-10s,1098
erHVvZpY,51,1-0,White,<=5s vs <=5s,1618
oK3SGcru,60,0-1,Black,<=5s vs 10-15s,1413
Ke6WzCim,63,1-0,White,<=5s vs 10-15s,1623
uvJUUmLW,62,0-1,Black,<=5s vs 15-20s,1544
lJ3q7JPx,83,1-0,White,<=5s vs 15-20s,2179
vFtcJ1Uk,57,1-0,White,<=5s vs 10-15s,1494
hQxhna8J,69,1-0,White,<=5s vs 15-20s,2231
2Jzkr3UM,75,1-0,White,<=5s vs 15-20s,1623
3J6izg0B,67,1-0,White,<=5s vs <=5s,1891
4vQykDVh,68,0-1,Black,<=5s vs 10-15s,1948
8wierh58,80,1-0,Black,<=5s vs <=5s,2358
WedXvrL8,72,0-1,Black,<=5s vs 15-20s,2280
7iXfKLg6,69,1-0,White,<=5s vs 10-15s,1336
OaLZEmRT,82,0-1,Black,<=5s vs <=5s,1888
BGrQvx18,56,0-1,Black,<=5s vs 10-15s,1020
fWc6WcKr,111,0-1,White,<=5s vs <=5s,2742
Y0iAnmjt,80,0-1,Black,<=5s vs <=5s,1511
dQNduhSK,100,1-0,Black,<=5s vs <=5s,1951
37G1V9An,66,0-1,Black,<=5s vs 15-20s,1648
KwXYwQwp,100,0-1,Black,<=5s vs 5-10s,2213
EYOFOSuS,75,1-0,White,<=5s vs 10-15s,1527
idcYEVTR,64,0-1,Black,<=5s vs 10-15s,2014
foTTzgqP,103,0-1,White,<=5s vs 15-20s,2672
9jq5Eq0U,91,1-0,White,<=5s vs 5-10s,1888
FWErscQG,54,0-1,Black,<=5s vs 5-10s,2076
FEzaeAko,72,0-1,Black,<=5s vs 15-20s,2322
5EzqQnSa,78,1-0,Black,<=5s vs <=5s,1663
AUpxbAre,56,0-1,Black,<=5s vs 10-15s,1550
H1jRUvU4,60,0-1,Black,<=5s vs 5-10s,1525
1DbGxMM8,147,0-1,White,<=5s vs <=5s,2945
U2fb38YB,107,0-1,White,<=5s vs <=5s,2308
MbgoT0mG,121,1-0,White,<=5s vs 5-10s,2323
TQCyjoBE,58,0-1,Black,<=5s vs 5-10s,1196
rtiuDefA,120,0-1,Black,<=5s vs <=5s,2490
HNSnDoF2,59,1/2-1/2,White,<=5s vs 10-15s,2144
0ebf9Ewy,75,0-1,White,<=5s vs <=5s,1834
Wix0MvTU,66,1-0,Black,<=5s vs <=5s,1546
AA7wuz8u,61,1-0,White,<=5s vs 15-20s,2225
SKweHFtS,117,1/2-1/2,White,<=5s vs 15-20s,2464
mIZCD3k6,58,0-1,Black,<=5s vs 15-20s,1938
DhlB3n7T,87,1-0,White,<=5s vs 5-10s,2464
oj3qYY02,66,0-1,Black,<=5s vs 5-10s,1495
Jd2P8YFu,92,0-1,Black,<=5s vs 15-20s,2585
7ZWrxray,70,0-1,Black,<=5s vs <=5s,1877
K7aXP0Bt,67,0-1,White,<=5s vs 5-10s,1964
7BwS49w5,62,0-1,Black,<=5s vs 5-10s,1694
H6JBZznz,52,0-1,Black,<=5s vs 5-10s,1324
HG5OveBo,68,0-1,Black,<=5s vs <=5s,2012
x3fa8tsg,72,0-1,Black,<=5s vs 15-20s,2195
QMRZKcre,97,0-1,White,<=5s vs <=5s,1654
s5F2wHWd,126,1/2-1/2,Black,<=5s vs <=5s,2369
Oq09Ddgl,113,1-0,White,<=5s vs 10-15s,2245
uW6QWxur,71,1-0,White,<=5s vs 10-15s,1976
VlCnTCDW,52,1-0,Black,<=5s vs 5-10s,1169
ppzk5FOZ,34,1-0,Black,<=5s vs 10-15s,1383
kJzrs6qO,36,0-1,Black,<=5s vs 15-20s,1120
B7fTdamR,113,1-0,White,<=5s vs 15-20s,1442
FzhOZMTa,60,0-1,Black,<=5s vs 5-10s,1360
zGH65H9j,85,1-0,White,<=5s vs 5-10s,1950
PhD7vFId,54,0-1,Black,<=5s vs 10-15s,1601
pvTp5eAB,63,0-1,White,<=5s vs <=5s,1500
aDQtiQsG,38,0-1,Black,<=5s vs 5-10s,1524
K7cXKTPs,38,0-1,Black,<=5s vs 15-20s,400
oPsyDdum,72,0-1,Black,<=5s vs 10-15s,2543
R25c8cpo,69,1-0,White,<=5s vs 15-20s,1633
4t3qr2rx,78,0-1,Black,<=5s vs 10-15s,1535
0nsvjDut,79,1-0,White,<=5s vs <=5s,1543
aLECCkLz,66,0-1,Black,<=5s vs 5-10s,1876
cHivWcGU,56,0-1,Black,<=5s vs 5-10s,908
PM3IWS1g,61,1-0,White,<=5s vs 15-20s,1321
KHc4boqs,130,0-1,Black,<=5s vs 15-20s,2864
bLyInYca,40,1-0,Black,<=5s vs 10-15s,983
Eav51sTd,89,1/2-1/2,White,<=5s vs 10-15s,3025
ryMlCikD,132,1-0,Black,<=5s vs <=5s,1315
HDGEDD1t,149,1-0,White,<=5s vs 10-15s,1727
Fab7u6e3,53,0-1,White,<=5s vs 5-10s,1873
ulf790hm,65,1-0,White,<=5s vs 5-10s,1220
efELIsex,58,1-0,Black,<=5s vs 5-10s,1388
9AmSbmVc,70,0-1,Black,<=5s vs 15-20s,1714
9ATFRlhw,83,1-0,White,<=5s vs 10-15s,2043
Y2c3jsWh,112,0-1,Black,<=5s vs 15-20s,1912
b75eY5R7,87,1/2-1/2,White,<=5s vs 15-20s,2363
4ljBiU43,74,1-0,Black,<=5s vs 5-10s,1936
ksZlAlw2,83,1-0,White,<=5s vs <=5s,2059
WWvCvi5J,49,0-1,White,<=5s vs 10-15s,991
kh6FhQmJ,64,0-1,Black,<=5s vs 10-15s,2089
DJTfrpDn,117,1/2-1/2,White,<=5s vs 10-15s,2180
WYAzPurF,81,1-0,White,<=5s vs 10-15s,1621
EJv6Zje5,76,1-0,Black,<=5s vs <=5s,1507
CnQ5whfF,67,1-0,White,<=5s vs 5-10s,2342
z9qvmRAi,126,1/2-1/2,Black,<=5s vs 10-15s,2232
5a8P0f1O,110,1/2-1/2,Black,<=5s vs 5-10s,2102
H6Oexgvt,71,1-0,White,<=5s vs 10-15s,2225
Y3fPRmQN,64,0-1,Black,<=5s vs 5-10s,1354
0bXGjLg7,63,0-1,White,<=5s vs <=5s,1232
RKqlVjUm,110,0-1,Black,<=5s vs 15-20s,2878
w5lTH8Q6,43,1-0,White,<=5s vs 15-20s,2425
zFc0acI4,69,1-0,White,<=5s vs 10-15s,1877
yGp0mcF8,43,1-0,White,<=5s vs 15-20s,988
JtmbAyMd,42,0-1,Black,<=5s vs 5-10s,459
GPDSpQGy,83,1-0,White,<=5s vs 10-15s,2328
GMzOrrzF,66,0-1,Black,<=5s vs 10-15s,2405
2FBbF8j2,67,1-0,White,<=5s vs 10-15s,1711
TlT6LB3S,83,0-1,White,<=5s vs 5-10s,1910
4KwIvoxY,50,0-1,Black,<=5s vs 10-15s,1835
a19R45mR,55,1-0,White,<=5s vs 15-20s,986
qorKB2xe,74,1-0,Black,<=5s vs <=5s,2054
SkqTQ7oM,74,0-1,Black,<=5s vs 15-20s,2212
yLB47u5w,52,0-1,Black,<=5s vs 10-15s,1656
c8YhKTdg,68,0-1,Black,<=5s vs 15-20s,2577
4sm8qBD9,63,0-1,White,<=5s vs 10-15s,2371
1Pi3d6Ec,99,1-0,White,<=5s vs 15-20s,2173
uiCd338p,118,1/2-1/2,Black,<=5s vs 5-10s,1627
C9dXvXFi,109,0-1,White,<=5s vs 5-10s,2114
oNBFSaQ8,54,0-1,Black,<=5s vs <=5s,1127
kpx43HID,59,0-1,White,<=5s vs 5-10s,2014
z2BjI8FS,63,1-0,White,<=5s vs 15-20s,2068
gAn5vbvh,45,1-0,White,<=5s vs 5-10s,918
OzP0uZ6V,85,1-0,White,<=5s vs 10-15s,878
xIqTawma,74,1-0,Black,<=5s vs <=5s,2206
PWciL6YK,120,1/2-1/2,Black,<=5s vs 5-10s,1799
2cMqlFyC,85,1-0,White,<=5s vs 10-15s,2101
i4mrwy7j,54,0-1,Black,<=5s vs 10-15s,1086
1xMYoHQS,53,1-0,White,<=5s vs 10-15s,1023
uEpT14fL,60,0-1,Black,<=5s vs 5-10s,1367
xztOSw3E,71,1-0,White,<=5s vs 10-15s,1880
j2d7j86x,51,1-0,White,<=5s vs 5-10s,814
ineLuARl,64,0-1,Black,<=5s vs 5-10s,1357
YgY5H6Li,56,0-1,Black,<=5s vs 5-10s,1929
VuUFiHOF,76,0-1,Black,<=5s vs 10-15s,1127
6MZQCEGW,65,1-0,White,<=5s vs 5-10s,1502
UiNAc1Mg,59,1-0,White,<=5s vs 15-20s,855
2DDklwLw,103,1-0,White,<=5s vs <=5s,2206
Z4ovJLeu,62,0-1,Black,<=5s vs 5-10s,1497
dSfOCGxK,237,1/2-1/2,White,<=5s vs 15-20s,2635
XlsY2meg,70,0-1,Black,<=5s vs 10-15s,1559
r104RS0P,66,0-1,Black,<=5s vs 5-10s,2215
8uQ3tsa3,69,1-0,White,<=5s vs 10-15s,1828
tMZ1F7na,65,1-0,White,<=5s vs 15-20s,1511
FLswROqU,62,0-1,Black,<=5s vs <=5s,2342
a9yPM7gy,57,1-0,White,<=5s vs 5-10s,1035
fMJDsiGA,56,0-1,Black,<=5s vs 5-10s,1543
HwZwlWrY,170,1/2-1/2,Black,<=5s vs 5-10s,2329
EF4hCgeR,53,0-1,White,<=5s vs <=5s,1172
hCgyE1Wt,104,1-0,Black,<=5s vs 15-20s,2616
xEVR5M2j,49,1-0,White,<=5s vs 5-10s,1213
ISB1wEUj,52,0-1,Black,<=5s vs 15-20s,2088
0Ioy3Alv,84,0-1,Black,<=5s vs 5-10s,2737
rIjQ58Ah,60,0-1,Black,<=5s vs 10-15s,1186
7ckg42eq,68,0-1,Black,<=5s vs 5-10s,1875
3dkaDXYA,52,1-0,Black,<=5s vs 5-10s,1496
8lSXmX0h,36,0-1,Black,<=5s vs 15-20s,1010
LVASHFbx,71,1-0,White,<=5s vs 10-15s,1841
WB1v8aSx,76,0-1,Black,<=5s vs 15-20s,1637
Dmgld4M8,61,1-0,White,<=5s vs 10-15s,1568
odaQuVBx,76,0-1,Black,<=5s vs <=5s,1571
LJkjtNLg,55,1-0,White,<=5s vs 10-15s,1685
MwY3ulRc,68,1-0,Black,<=5s vs <=5s,1418
q8SNEHQY,52,0-1,Black,<=5s vs 15-20s,1481
DQdMRdts,111,1-0,White,<=5s vs 15-20s,1641
UFEC5eLX,81,1-0,White,<=5s vs 5-10s,1675
AqcLTuSi,71,1-0,White,<=5s vs 10-15s,1887
auaB47iG,89,1-0,White,<=5s vs <=5s,1382
KHp8OCfS,55,1-0,White,<=5s vs 10-15s,2219
QkbNhQEL,80,0-1,Black,<=5s vs 5-10s,2274
GOAGdav7,68,0-1,Black,<=5s vs 15-20s,1788
OqiamZ2o,60,0-1,Black,<=5s vs 5-10s,2032
aY6Zk1AS,63,1-0,White,<=5s vs 15-20s,1523
U0bErl6d,49,1-0,White,<=5s vs 15-20s,1650
Vj8Qv8HR,85,0-1,White,<=5s vs <=5s,1806
GE5FXZCi,56,1-0,Black,<=5s vs <=5s,1437
AFjn7ptf,40,0-1,Black,<=5s vs 15-20s,1232
yjZxdtJH,58,0-1,Black,<=5s vs 5-10s,1064
CPy25ahK,67,1-0,White,<=5s vs 5-10s,1874
Hk7POWHo,37,1-0,White,<=5s vs 15-20s,1474
25hhXVcM,44,0-1,Black,<=5s vs 10-15s,2159
PceWKTAy,77,1-0,White,<=5s vs 5-10s,1119
IrJrRbhX,104,1/2-1/2,Black,<=5s vs <=5s,1991
MPPr2HP0,88,0-1,Black,<=5s vs <=5s,2092
ry6VP58x,93,1-0,White,<=5s vs 5-10s,2532
EJnzkytg,68,0-1,Black,<=5s vs 15-20s,1458
fqxmyfuH,71,1-0,White,<=5s vs 5-10s,1620
7GYkbNzt,62,0-1,Black,<=5s vs 5-10s,2091
xxLgKsrZ,63,1-0,White,<=5s vs 5-10s,1333
7KXOYeY2,40,0-1,Black,<=5s vs 15-20s,1102
WRocb948,89,1-0,White,<=5s vs <=5s,1682
5Hzdab6E,71,1/2-1/2,White,<=5s vs 15-20s,2907
Js6GpPAV,73,1-0,White,<=5s vs <=5s,1172
G2sEjaQn,55,1-0,White,<=5s vs 5-10s,1997
nfH5Y738,73,1-0,White,<=5s vs 5-10s,1481
marZGqLK,88,0-1,Black,<=5s vs 5-10s,2350
7ClbTfTZ,109,1-0,White,<=5s vs 15-20s,2329
XsmuaF76,57,1-0,White,<=5s vs 10-15s,1137
FeoAK21L,73,0-1,White,<=5s vs 5-10s,2318
CJhT3V7W,66,0-1,Black,<=5s vs 10-15s,1839
QsUQMjPg,54,1-0,Black,<=5s vs <=5s,1936
VV4hxW5a,52,0-1,Black,<=5s vs 15-20s,1149
4Gju7kIs,74,0-1,Black,<=5s vs 15-20s,1464
DOnv7JRY,83,1-0,White,<=5s vs <=5s,2181
QH9gYKb3,42,0-1,Black,<=5s vs 5-10s,1072
LeaP8lM6,100,1-0,Black,<=5s vs 10-15s,2253
BaRQ3ccw,79,1-0,White,<=5s vs 10-15s,2092
gzGMcjCK,50,0-1,Black,<=5s vs 10-15s,1436
FVEPfLtA,40,0-1,Black,<=5s vs 15-20s,874
fdJHBBMp,75,1-0,White,<=5s vs 10-15s,1770
tuAGnbdY,81,0-1,White,<=5s vs <=5s,1572
CKGSjDyS,46,0-1,Black,<=5s vs 5-10s,1323
rgRz8svr,46,0-1,Black,<=5s vs 15-20s,1300
vVWgpzDA,59,0-1,White,<=5s vs 10-15s,1280
hfjASKlr,88,0-1,Black,<=5s vs 5-10s,1838
7toMtQuv,47,0-1,White,<=5s vs 10-15s,1254
CZUK0mi2,41,1-0,White,<=5s vs 15-20s,863
X86xf2u6,51,1-0,White,<=5s vs 10-15s,1828
KfXZkgSa,50,0-1,Black,<=5s vs 15-20s,1954
9ecy2ZJQ,56,0-1,Black,<=5s vs 15-20s,2327
UCJ75U78,80,0-1,Black,<=5s vs 5-10s,1835
9z1hWwZk,70,0-1,Black,<=5s vs <=5s,1909
rLqucbvm,83,1-0,White,<=5s vs 15-20s,1949
0fb8xuFA,81,1-0,White,<=5s vs 5-10s,2251
iMRptGlr,91,1-0,White,<=5s vs 15-20s,2440
4YG9bsEt,57,1-0,White,<=5s vs 10-15s,1878
Sakzh0JH,82,0-1,Black,<=5s vs 10-15s,2424
EeyzZDZE,112,0-1,Black,<=5s vs 15-20s,2365
EvK66s7a,58,0-1,Black,<=5s vs 10-15s,1659
WrIZPMgb,75,1-0,White,<=5s vs 5-10s,1751
4jf55y6u,46,0-1,Black,<=5s vs 10-15s,1155
BLxSwalJ,66,0-1,Black,<=5s vs 10-15s,1462
pL4KYMHL,58,0-1,Black,<=5s vs 15-20s,870
UUCjwseU,92,0-1,Black,<=5s vs 10-15s,2342
VrVVKxeP,63,1-0,White,<=5s vs 10-15s,1870
dTOa4Zu2,64,0-1,Black,<=5s vs 5-10s,1400
WG24MaGK,62,1-0,Black,<=5s vs <=5s,1817
06zxHTGm,60,1/2-1/2,Black,<=5s vs 5-10s,1117
aQs1nO4g,87,0-1,White,<=5s vs <=5s,2486
0nE77Xkh,71,1-0,White,<=5s vs 5-10s,2123
ExC6GHXK,59,1-0,White,<=5s vs 10-15s,1174
vQm93kfO,90,1-0,Black,<=5s vs <=5s,1575
2JESqCaE,60,0-1,Black,<=5s vs 10-15s,2143
u2e50dUL,83,1-0,White,<=5s vs 5-10s,1457
YHeoqZ1m,96,0-1,Black,<=5s vs 5-10s,2695
Huk11gMW,82,0-1,Black,<=5s vs 10-15s,2068
k5NfbNi6,72,0-1,Black,<=5s vs 15-20s,2212
h4jg6XiG,71,1-0,White,<=5s vs 15-20s,2148
JLiPJPYN,92,0-1,Black,<=5s vs 10-15s,1953
SysOVAmB,102,1/2-1/2,Black,<=5s vs 15-20s,1702
9IR4SpGl,57,1-0,White,<=5s vs 15-20s,1686
NigenvHG,56,0-1,Black,<=5s vs 5-10s,1318
JMV4EzOz,63,1-0,White,<=5s vs 10-15s,1717
8V4CRrXg,64,0-1,Black,<=5s vs 5-10s,2452
S0uxhqax,68,0-1,Black,<=5s vs 5-10s,2602
jRfrXXvU,78,0-1,Black,<=5s vs 5-10s,1384
fmthLmMz,60,0-1,Black,<=5s vs 5-10s,1089
q087vk0y,59,1-0,White,<=5s vs 5-10s,1244
SmuSRutk,50,0-1,Black,<=5s vs 5-10s,931
LH1rmb17,54,0-1,Black,<=5s vs <=5s,1338
K3et6a2S,73,1-0,White,<=5s vs 5-10s,1801
2wFtQzRz,81,1-0,White,<=5s vs <=5s,1743
x5eZ8w1O,64,0-1,Black,<=5s vs 10-15s,1261
BjktoO5y,67,1-0,White,<=5s vs 10-15s,2003
yVIqlfri,53,1-0,White,<=5s vs 5-10s,1234
FVhY1xPt,39,1-0,White,<=5s vs 15-20s,1954
wViosuwC,67,0-1,White,<=5s vs 5-10s,2718
Pe78BMXD,96,1-0,Black,<=5s vs 15-20s,2435
dSlXpJ3b,97,1-0,White,<=5s vs 15-20s,2253
2711iQBz,78,1-0,Black,<=5s vs <=5s,1786
JcS0FcxI,58,0-1,Black,<=5s vs 15-20s,1509
M8cNoVn9,104,0-1,Black,<=5s vs 5-10s,2394
0QVE5HMg,43,1-0,White,<=5s vs 15-20s,1903
XkwNnaX3,83,1-0,White,<=5s vs 15-20s,2448
TZRHMPzo,89,1-0,White,<=5s vs <=5s,2046
Midt13oD,53,1-0,White,<=5s vs 5-10s,998
Yhdo8mGB,48,0-1,Black,<=5s vs 15-20s,1640
m0aePX2i,65,1-0,White,<=5s vs 15-20s,1751
VFPnMXQH,60,0-1,Black,<=5s vs 10-15s,1716
WIVCARZ9,68,0-1,Black,<=5s vs <=5s,1454
9HSpM4G8,134,1-0,Black,<=5s vs 5-10s,2402
ATD1pCX5,53,1-0,White,<=5s vs 10-15s,2142
6d7evjUJ,39,1-0,White,<=5s vs 15-20s,931
alBfbdOM,78,0-1,Black,<=5s vs 10-15s,2715
tax9JplV,66,0-1,Black,<=5s vs 10-15s,1677
YoNAGjpV,43,1-0,White,<=5s vs 15-20s,1392
DiX7swwe,50,0-1,Black,<=5s vs 5-10s,1909
RogtOFJQ,69,1-0,White,<=5s vs 10-15s,1339
XILFUHCN,79,1-0,White,<=5s vs 5-10s,1783
MTb3jF0O,93,0-1,White,<=5s vs <=5s,2191
dVuAykqA,123,1-0,White,<=5s vs <=5s,2068
u5PudLSr,89,1-0,White,<=5s vs 15-20s,2509
KC4cAvUW,69,0-1,White,<=5s vs 5-10s,1908
mjYVkvTk,72,1-0,Black,<=5s vs 10-15s,1756
hm53f1yV,77,1-0,White,<=5s vs 15-20s,1322
bYSNAIG0,58,0-1,Black,<=5s vs 15-20s,1577
tlmffdPl,53,1-0,White,<=5s vs 10-15s,1063
24BbLIDP,46,0-1,Black,<=5s vs 10-15s,1428
4ZY3SZia,87,1-0,White,<=5s vs 5-10s,1421
8qIo7nE2,80,1-0,Black,<=5s vs 5-10s,1724
6JxZ5GxD,64,0-1,Black,<=5s vs 5-10s,1161
gN9QHeT5,112,0-1,Black,<=5s vs 10-15s,2697
YAUPXu6G,54,0-1,Black,<=5s vs 10-15s,1813
YFZ4bXW8,113,1-0,White,<=5s vs 5-10s,2513
4lmeR5IC,108,0-1,Black,<=5s vs 10-15s,1804
jteFNNgg,58,0-1,Black,<=5s vs 15-20s,1813
UbRRYgGT,81,1-0,White,<=5s vs 15-20s,2388
RmFDJnvi,133,1-0,White,<=5s vs 5-10s,1219
JgcV6iGz,64,0-1,Black,<=5s vs 5-10s,2088
O0trRNz4,58,0-1,Black,<=5s vs 15-20s,1652
H4E8ZsJA,90,0-1,Black,<=5s vs 5-10s,2468
iNGNu9yP,41,1-0,White,<=5s vs 10-15s,979
btdtv5nb,54,0-1,Black,<=5s vs 5-10s,2030
XUeGYa1k,115,1-0,White,<=5s vs 10-15s,2500
UB8l2I2s,50,0-1,Black,<=5s vs 10-15s,1908
g3fJ68ux,54,0-1,Black,<=5s vs 10-15s,1282
T2db9bBK,84,0-1,Black,<=5s vs 5-10s,2597
039uCZBM,97,1-0,White,<=5s vs 5-10s,2410
wWFFojjy,65,1-0,White,<=5s vs 5-10s,1945
1UJORaDL,91,1-0,White,<=5s vs 15-20s,2144
hYYdN4Mh,58,0-1,Black,<=5s vs 5-10s,1448
WqT1BeHJ,106,0-1,Black,<=5s vs 15-20s,2177
PVrU1u5R,83,1-0,White,<=5s vs 15-20s,1779
KI2mcMdi,94,1-0,Black,<=5s vs 5-10s,2824
Lpp88cYK,60,0-1,Black,<=5s vs 15-20s,908
VhqhRb4o,57,1-0,White,<=5s vs <=5s,1285
eOMMvoxA,45,1-0,White,<=5s vs 10-15s,1189
qIxu9SUt,45,1-0,White,<=5s vs 5-10s,1039
1GNRAYy3,79,1-0,White,<=5s vs 15-20s,2171
KJYfdRo7,80,1-0,Black,<=5s vs 5-10s,1831
C8xsJxIe,50,0-1,Black,<=5s vs 15-20s,875
T6IPTOva,68,0-1,Black,<=5s vs 10-15s,1543
sT2F2GKR,184,0-1,Black,<=5s vs <=5s,1926
yaHG3OMV,70,0-1,Black,<=5s vs 10-15s,1865
ZFTo0yLI,43,1-0,White,<=5s vs 5-10s,1500
QcpHm9Au,51,1-0,White,<=5s vs 10-15s,1593
LZ6DhAoM,83,1-0,White,<=5s vs <=5s,1409
0gr5asA6,62,0-1,Black,<=5s vs <=5s,1812
T56NTfN6,49,1-0,White,<=5s vs 15-20s,1326
4XuvTOYA,84,1-0,Black,<=5s vs <=5s,1735
0EibNgQs,51,1-0,White,<=5s vs 15-20s,1157
FoK7oxE3,71,1-0,White,<=5s vs 15-20s,1968
skgLaykN,52,0-1,Black,<=5s vs 10-15s,1491
VPgql80T,135,1/2-1/2,White,<=5s vs 5-10s,2896
p4X7Wn0h,88,0-1,Black,<=5s vs 10-15s,1871
SwfmsMZw,69,0-1,White,<=5s vs <=5s,1606
cUlJ9gWk,85,0-1,White,<=5s vs 5-10s,2480
rLDJNCEK,64,0-1,Black,<=5s vs 15-20s,1844
7nn26T7J,84,0-1,Black,<=5s vs 5-10s,1913
Y1wrWGeI,77,1-0,White,<=5s vs 10-15s,1756
DmyPKvsk,94,0-1,Black,<=5s vs 15-20s,2405
g83wO9qN,67,1-0,White,<=5s vs 15-20s,1354
mFgdAR1h,123,0-1,White,<=5s vs 5-10s,2681
g5DX9jXN,81,1-0,White,<=5s vs 5-10s,1683
3sWpKqjF,63,1-0,White,<=5s vs 15-20s,1863
gI0gdcSh,101,1-0,White,<=5s vs 15-20s,1555
tlgMKiks,120,1/2-1/2,Black,<=5s vs 5-10s,2555
OxoOgK7C,71,0-1,White,<=5s vs 5-10s,1108
k8Bn6Wpu,69,1-0,White,<=5s vs 10-15s,824
Cs1EugSd,36,0-1,Black,<=5s vs 10-15s,1299
0UTkATnx,84,0-1,Black,<=5s vs 5-10s,2481
usAGQqmE,104,0-1,Black,<=5s vs 15-20s,2265
iFeYDkf1,104,0-1,Black,<=5s vs 5-10s,1246
h2A3du3w,94,0-1,Black,<=5s vs 5-10s,2015
hoZPTTem,66,0-1,Black,<=5s vs 15-20s,1554
clzsNo0j,58,0-1,Black,<=5s vs <=5s,1336
BSIvGBte,70,0-1,Black,<=5s vs <=5s,1892
dDuVXtdi,36,0-1,Black,<=5s vs 10-15s,817
BUYbaohd,116,1/2-1/2,Black,<=5s vs 15-20s,1293
KbtAPJla,47,1-0,White,<=5s vs 10-15s,1417
s6jyXlE7,85,0-1,White,<=5s vs 15-20s,2504
5Mqum26z,60,0-1,Black,<=5s vs 15-20s,1933
GoQbbIim,64,1-0,Black,<=5s vs <=5s,1788
NPhuHdDA,62,0-1,Black,<=5s vs 10-15s,1829
fIng1yiV,52,0-1,Black,<=5s vs 10-15s,1909
tXNLGEIW,58,0-1,Black,<=5s vs <=5s,2575
nED2NDi6,117,1-0,White,<=5s vs 10-15s,1879
E6in1Qxy,77,1-0,White,<=5s vs 10-15s,1688
lm7xJL7o,96,0-1,Black,<=5s vs 10-15s,2386
KHS5yrIu,42,0-1,Black,<=5s vs 5-10s,812
0ebzmLzb,48,0-1,Black,<=5s vs 15-20s,1863
zKbZeuhb,47,0-1,White,<=5s vs 5-10s,833
7UjHyEB5,141,1-0,White,<=5s vs 15-20s,2395
37KxG2nh,60,0-1,Black,<=5s vs 10-15s,939
Pz6zaahW,61,1-0,White,<=5s vs 5-10s,1645
Z6jJ4hzV,65,0-1,White,<=5s vs <=5s,1148
GqBncvpL,42,0-1,Black,<=5s vs 15-20s,1058
ikEdolwZ,96,0-1,Black,<=5s vs 15-20s,2158
gXvHcb9o,68,0-1,Black,<=5s vs 15-20s,1158
3njLQtMs,67,1-0,White,<=5s vs 15-20s,2064
xRHC4FRO,67,1-0,White,<=5s vs 10-15s,1505
nHFJJ2z1,100,0-1,Black,<=5s vs 10-15s,2357
HHdRIvWI,103,0-1,White,<=5s vs 10-15s,2300
ZumaBisw,82,0-1,Black,<=5s vs <=5s,1631
lgrWYSdl,64,0-1,Black,<=5s vs <=5s,1608
bNTvi133,36,0-1,Black,<=5s vs <=5s,767
i6LK3RB7,58,0-1,Black,<=5s vs 15-20s,1139
FfhfO24g,60,0-1,Black,<=5s vs 10-15s,1909
YolQ6wHW,109,0-1,White,<=5s vs <=5s,2314
3IR9uqk7,108,0-1,Black,<=5s vs 15-20s,1251
6zLKPerY,101,1/2-1/2,White,<=5s vs 15-20s,2727
JZ9pTUtq,62,0-1,Black,<=5s vs 10-15s,1402
f0D0m7Xp,58,0-1,Black,<=5s vs 5-10s,1852
LNCVyePv,142,1/2-1/2,Black,<=5s vs <=5s,2239
BXJaeGI0,66,0-1,Black,<=5s vs 10-15s,1493
idqcYYtQ,67,1-0,White,<=5s vs 10-15s,1821
IZnxNhyx,128,1/2-1/2,Black,<=5s vs <=5s,2316
FpCKsdDC,42,0-1,Black,<=5s vs 10-15s,994
Cvn8w50p,55,0-1,White,<=5s vs 5-10s,1708
BnLg49ze,61,1-0,White,<=5s vs 15-20s,1640
OXSPKpB8,70,0-1,Black,<=5s vs 5-10s,1899
Ou0Frydk,65,1-0,White,<=5s vs 10-15s,1467
v7eFf5X5,42,0-1,Black,<=5s vs 10-15s,1144
4sltzbQf,146,0-1,Black,<=5s vs 5-10s,2278
noeRbiKq,91,1-0,White,<=5s vs 10-15s,1993
VAmblj5d,87,1-0,White,<=5s vs <=5s,1398
NI6dBigS,72,0-1,Black,<=5s vs 15-20s,1378
GShGZo45,67,1-0,White,<=5s vs 15-20s,2443
DDB9Ma5u,63,1-0,White,<=5s vs 15-20s,2068
K1NvvbQR,71,1-0,White,<=5s vs 15-20s,1659
3arLd8Nb,59,0-1,White,<=5s vs 5-10s,1309
U29gZo3d,74,0-1,Black,<=5s vs <=5s,1384
ulF5BMVd,55,1-0,White,<=5s vs <=5s,1010
RcEFgPCU,94,0-1,Black,<=5s vs 5-10s,2452
9LGW001N,105,1-0,White,<=5s vs 5-10s,2321
IbjNRPad,81,1-0,White,<=5s vs <=5s,2323
46gJuD9s,63,0-1,White,<=5s vs <=5s,1422
04guFgTp,109,1-0,White,<=5s vs 10-15s,2041
DQCoqv0Q,71,1/2-1/2,White,<=5s vs 5-10s,2012
1jgKASFq,81,1-0,White,<=5s vs 5-10s,2254
KLRkquDZ,111,1-0,White,<=5s vs 5-10s,2134
6hmDItml,115,1-0,White,<=5s vs 10-15s,1922
MRvdS7qX,79,0-1,White,<=5s vs 5-10s,2002
zmbU4QKZ,55,1-0,White,<=5s vs 10-15s,1318
sxi1tG8x,55,1-0,White,<=5s vs 15-20s,1778
rNdzjAwc,84,0-1,Black,<=5s vs 5-10s,1945
QhyLr4yT,67,1-0,White,<=5s vs 15-20s,2046
Qdj1bSxp,77,1-0,White,<=5s vs 5-10s,2837
svRiBvbM,73,0-1,White,<=5s vs <=5s,1313
2AEfLlbK,65,0-1,White,<=5s vs 5-10s,1319
LxhCyBlr,60,0-1,Black,<=5s vs 10-15s,1104
PFf06qgy,59,1-0,White,<=5s vs <=5s,1986
49jEAPxZ,46,0-1,Black,<=5s vs 15-20s,2138
oObbOo0M,50,0-1,Black,<=5s vs 15-20s,1490
Bf1tkudQ,66,1-0,Black,<=5s vs <=5s,1354
GFZKRJ5V,40,1-0,Black,<=5s vs 5-10s,806
DLgLKTaw,92,1/2-1/2,Black,<=5s vs 5-10s,2260
KZCZjM1c,46,0-1,Black,<=5s vs 15-20s,1496
s0q9X9zc,92,0-1,Black,<=5s vs 5-10s,2144
yKETKJqU,59,0-1,White,<=5s vs 10-15s,1318
xVQrqvwe,48,0-1,Black,<=5s vs 5-10s,1616
K333i0rX,59,1-0,White,<=5s vs 10-15s,1217
a08clAXK,50,0-1,Black,<=5s vs 10-15s,1599
4Qto6GCX,48,1-0,Black,<=5s vs 15-20s,1628
PH1RXiVE,75,1-0,White,<=5s vs 15-20s,1514
kd8xSpLV,78,1-0,Black,<=5s vs <=5s,2314
5aaqiIg1,74,0-1,Black,<=5s vs <=5s,1826
mAEHgXao,59,1-0,White,<=5s vs 15-20s,2494
iJ2kWPaD,79,1-0,White,<=5s vs 5-10s,1566
dHMnTCFf,66,1-0,Black,<=5s vs 5-10s,1274
S3SveYQ5,68,0-1,Black,<=5s vs 10-15s,1976
MMYZ31HH,69,1-0,White,<=5s vs 5-10s,920
czi5HQRN,60,0-1,Black,<=5s vs 10-15s,2204
31jgUoP5,72,0-1,Black,<=5s vs 15-20s,1574
IgAbeErv,41,1-0,White,<=5s vs 15-20s,954
FcCyEASc,80,1-0,Black,<=5s vs 5-10s,2528
F4AAPVcK,116,0-1,Black,<=5s vs 15-20s,2048
N3cJHW3N,70,0-1,Black,<=5s vs 5-10s,1820
YkTvLPMI,66,0-1,Black,<=5s vs 15-20s,1976
0ARHE3Km,69,1-0,White,<=5s vs 5-10s,1760
8fLlh3AS,54,0-1,Black,<=5s vs 5-10s,2091
FjS9yYVQ,90,0-1,Black,<=5s vs 15-20s,1749
Io4ApoID,76,0-1,Black,<=5s vs 5-10s,2445
T7pECbrt,51,1-0,White,<=5s vs 15-20s,1255
Dkmtimte,55,1-0,White,<=5s vs <=5s,1315
dMqNVR0K,90,0-1,Black,<=5s vs <=5s,3051
dfQwKxsC,131,0-1,White,<=5s vs <=5s,2595
FMwHrOH6,38,0-1,Black,<=5s vs <=5s,709
A7OND0KV,120,0-1,Black,<=5s vs 10-15s,1956
WLbd7H3A,110,1/2-1/2,Black,<=5s vs 5-10s,1994
Ucq6WeQv,60,0-1,Black,<=5s vs <=5s,1287
GcNPnNjT,97,1-0,White,<=5s vs 15-20s,1689
lxv7iXGP,73,1-0,White,<=5s vs 5-10s,2039
hhtPJPRD,61,0-1,White,<=5s vs 10-15s,954
eUcz11J7,73,1-0,White,<=5s vs 10-15s,1855
cjkqNBcB,78,1-0,Black,<=5s vs 5-10s,1512
0f0MYapu,56,0-1,Black,<=5s vs 10-15s,1379
hC3dbcqd,71,1-0,White,<=5s vs 10-15s,2166
5ZGVvdTN,107,1/2-1/2,White,<=5s vs <=5s,1726
wPW0gMFJ,67,1-0,White,<=5s vs 10-15s,2130
XxnlvY5H,101,1-0,White,<=5s vs 10-15s,2557
rOSMPfYx,62,0-1,Black,<=5s vs 10-15s,1362
biNUfibS,57,1-0,White,<=5s vs 15-20s,1436
UhRL18Xt,50,0-1,Black,<=5s vs 15-20s,1121
3ZEsnG3H,57,0-1,White,<=5s vs 5-10s,1268
DqUWLNdt,77,1-0,White,<=5s vs 15-20s,2735
kGgfEhxg,91,1-0,White,<=5s vs 15-20s,2151
bR63Zp5d,56,0-1,Black,<=5s vs 5-10s,1213
g2CWw9kp,51,1-0,White,<=5s vs 5-10s,2259
iRaBhrDJ,65,1-0,White,<=5s vs 5-10s,1893
bajAvXUe,80,0-1,Black,<=5s vs 5-10s,2045
IadSIyc9,49,1-0,White,<=5s vs 10-15s,1036
qn6st2Hw,91,0-1,White,<=5s vs <=5s,2400
CiDIkYJF,84,1-0,Black,<=5s vs 15-20s,2445
6XEhctjd,54,0-1,Black,<=5s vs 10-15s,2142
hKcuZz6K,127,1/2-1/2,White,<=5s vs 10-15s,2346
AI5rUUwx,60,0-1,Black,<=5s vs 10-15s,1730
p1x7nb9i,104,1-0,Black,<=5s vs <=5s,2507
I0hTsEPq,78,0-1,Black,<=5s vs 10-15s,3134
rZx80JFl,96,0-1,Black,<=5s vs 15-20s,1892
I699GaTJ,92,0-1,Black,<=5s vs 5-10s,1249
1WrhWb0W,69,1-0,White,<=5s vs 10-15s,1482
VeponTxU,55,1-0,White,<=5s vs 5-10s,1152
CFccPeFn,81,1-0,White,<=5s vs 5-10s,1338
Mwn1gxLT,73,1-0,White,<=5s vs 10-15s,1961
i0INdPGX,48,0-1,Black,<=5s vs 5-10s,973
p29XZRFY,86,1-0,Black,<=5s vs 5-10s,1551
4coMU8qe,53,1-0,White,<=5s vs 15-20s,1621
T1LYLlcs,69,1-0,White,<=5s vs 15-20s,2183
eRI94cgh,104,1-0,Black,<=5s vs 5-10s,2396
3XiE9rvv,53,1-0,White,<=5s vs 15-20s,2390
a4oSKUlF,68,0-1,Black,<=5s vs 5-10s,2019
Lf4yjFxL,95,0-1,White,<=5s vs 5-10s,1266
wCWghPPn,59,1-0,White,<=5s vs 5-10s,1263
a1IsFUxQ,72,1-0,Black,<=5s vs 10-15s,1971
ST5CxlPN,92,1-0,Black,<=5s vs <=5s,2070
7zlw7b0U,82,0-1,Black,<=5s vs 5-10s,1805
prhiAvWW,107,1-0,White,<=5s vs 5-10s,2048
GDZ0D0X3,128,0-1,Black,<=5s vs <=5s,2291
yjytRuHG,61,1-0,White,<=5s vs 10-15s,1376
n0IxN1Vn,100,0-1,Black,<=5s vs 5-10s,1554
KGVSkrXg,71,1-0,White,<=5s vs 5-10s,1701
MRwB0QLt,64,0-1,Black,<=5s vs 5-10s,1500
RsQ4McKg,132,1/2-1/2,Black,<=5s vs 15-20s,2553
LQfFp1vk,71,1-0,White,<=5s vs 15-20s,1975
i6TASfoS,107,1-0,White,<=5s vs 15-20s,2190
SLg1eHeI,118,0-1,Black,<=5s vs 15-20s,1848
8GsiarMJ,105,1-0,White,<=5s vs 5-10s,2374
VKTtR1Vw,138,1/2-1/2,Black,<=5s vs 5-10s,2264
9p7ebsVj,117,0-1,White,<=5s vs 15-20s,1772
PB1PUsJ1,46,0-1,Black,<=5s vs 15-20s,1102
QxhUJmxK,52,0-1,Black,<=5s vs 15-20s,1667
uvVKFY4v,76,0-1,Black,<=5s vs 15-20s,1727
6jAldv6i,43,0-1,White,<=5s vs 10-15s,1239
itP3P29q,68,1-0,Black,<=5s vs <=5s,1286
hawaOpEJ,52,0-1,Black,<=5s vs 15-20s,1508
FSarjWiS,109,1/2-1/2,White,<=5s vs <=5s,2471
I5guVcXq,48,1-0,Black,<=5s vs 5-10s,1333
fx3p6kW5,93,1/2-1/2,White,<=5s vs 5-10s,1393
TbVIDrXu,80,0-1,Black,<=5s vs 5-10s,2594
gBjPDVJA,117,1/2-1/2,White,<=5s vs 15-20s,2781
jdBIyk5d,128,0-1,Black,<=5s vs 15-20s,2078
iiykdBUS,50,1-0,Black,<=5s vs 10-15s,2922
g4VRY1eY,77,0-1,White,<=5s vs 5-10s,1363
uvc2T60S,67,1-0,White,<=5s vs 5-10s,1423
CS7P56T0,76,0-1,Black,<=5s vs <=5s,2254
IM4cEykg,101,1-0,White,<=5s vs 15-20s,2262
082HdVs6,54,0-1,Black,<=5s vs 15-20s,1839
B8JGzUPc,110,0-1,Black,<=5s vs 15-20s,2370
oTsMDNkc,113,1-0,White,<=5s vs 5-10s,2310
bdVub5lR,121,1-0,White,<=5s vs 5-10s,2387
5VLwWDIv,100,0-1,Black,<=5s vs 10-15s,3017
PsVHpqHB,69,0-1,White,<=5s vs <=5s,1490
zz8ZKP9o,76,0-1,Black,<=5s vs 10-15s,1864
KOFWMb1m,52,0-1,Black,<=5s vs 15-20s,1909
2GXuVv0W,123,1-0,White,<=5s vs 10-15s,1938
ltC5Ti7I,53,1-0,White,<=5s vs 15-20s,1196
aoeWmBlv,85,1-0,White,<=5s vs 15-20s,1500
9vXMFLDu,93,1-0,White,<=5s vs 15-20s,2835
QwUb4DF2,83,0-1,White,<=5s vs <=5s,1850
yRxVCp3I,51,1-0,White,<=5s vs 15-20s,1198
TqAOvNTd,59,1-0,White,<=5s vs 5-10s,1746
GuAJem7k,65,0-1,White,<=5s vs 5-10s,2283
Golyq5ZS,152,0-1,Black,<=5s vs 5-10s,2685
7SIaOtFv,101,1-0,White,<=5s vs 5-10s,2321
ztSjsFCZ,73,1-0,White,<=5s vs 10-15s,1659
I5l2wa2e,107,1/2-1/2,White,<=5s vs 10-15s,2649
R8HkWcFY,62,0-1,Black,<=5s vs <=5s,1752
l6qARYr8,78,0-1,Black,<=5s vs 10-15s,2448
LsSUVK3q,52,0-1,Black,<=5s vs <=5s,1266
ldAnEiSc,69,1-0,White,<=5s vs 5-10s,1599
Hv9ujOch,109,1-0,White,<=5s vs 5-10s,2037
4rvqonHI,94,1/2-1/2,Black,<=5s vs 5-10s,2440
AkbCvPbu,115,1-0,White,<=5s vs <=5s,2446
Alnid47P,60,1-0,Black,<=5s vs 5-10s,1419
NxRCezhb,62,0-1,Black,<=5s vs 10-15s,1610
Xn5kYFme,86,0-1,Black,<=5s vs <=5s,1929
QBmqwmLE,48,0-1,Black,<=5s vs 10-15s,1453
Owy6gvCc,53,1-0,White,<=5s vs 15-20s,1375
7yItIK65,52,0-1,Black,<=5s vs 10-15s,1798
WHfwO5g8,56,0-1,Black,<=5s vs 5-10s,1103
iF1YTdqO,74,0-1,Black,<=5s vs 5-10s,1899
OcR928c6,100,1-0,Black,<=5s vs <=5s,2275
hMlb0aLB,92,0-1,Black,<=5s vs 5-10s,1580
V3bcN4OW,62,0-1,Black,<=5s vs 15-20s,1430
H29vDMWa,86,0-1,Black,<=5s vs <=5s,2186
0MH9nvde,68,0-1,Black,<=5s vs 5-10s,1586
OFVXzP7w,38,0-1,Black,<=5s vs 10-15s,2168
eFZxn3kE,64,0-1,Black,<=5s vs 5-10s,2530
ZmxfcWyY,42,0-1,Black,<=5s vs 15-20s,1146
JrnrwAZv,67,0-1,White,<=5s vs <=5s,1474
cEzYPy1K,64,0-1,Black,<=5s vs 5-10s,1265
LQsktBbK,87,1-0,White,<=5s vs 10-15s,1846
DR37mOGN,78,0-1,Black,<=5s vs 5-10s,1396
KMM0XLRV,82,0-1,Black,<=5s vs 5-10s,1775
7MZZp0rq,89,1-0,White,<=5s vs 5-10s,2049
K9xABTPj,70,0-1,Black,<=5s vs 10-15s,1054
v1nmbMtg,67,1-0,White,<=5s vs 10-15s,1678
WdkEu77D,87,1/2-1/2,White,<=5s vs 5-10s,2341
1M0iVPuP,56,0-1,Black,<=5s vs 15-20s,2285
See92KJD,80,0-1,Black,<=5s vs 10-15s,2585
VtQ2uRpF,76,0-1,Black,<=5s vs 15-20s,2810
TjHHyUpz,55,1-0,White,<=5s vs 5-10s,1369
ztfdrNs5,55,1-0,White,<=5s vs 10-15s,1480
i1xej3x0,52,0-1,Black,<=5s vs 10-15s,1423
bvrM1aKC,66,0-1,Black,<=5s vs 15-20s,2109
n0mBfpAx,109,1-0,White,<=5s vs 10-15s,2622
GC4y3sx7,54,0-1,Black,<=5s vs 5-10s,1262
SxS2iw3x,38,0-1,Black,<=5s vs <=5s,1360
0f1jZ4v3,81,1-0,White,<=5s vs 10-15s,2104
7b3Hqnh0,61,0-1,White,<=5s vs 5-10s,1678
8QdDrcq4,68,0-1,Black,<=5s vs 15-20s,1863
6eBpKjE1,145,1/2-1/2,White,<=5s vs 15-20s,1944
agi2njUr,44,0-1,Black,<=5s vs 10-15s,1350
9vTC5XGt,66,0-1,Black,<=5s vs 10-15s,1969
7BGwm396,57,1-0,White,<=5s vs 10-15s,1548
MccFW3yA,74,0-1,Black,<=5s vs 10-15s,2173
qY09JFnA,57,1-0,White,<=5s vs 15-20s,1421
aMuInMCm,111,1/2-1/2,White,<=5s vs 10-15s,2373
U0CsQ1Es,112,0-1,Black,<=5s vs 10-15s,1629
GhphC0fi,59,0-1,White,<=5s vs <=5s,1738
GphXRTwA,79,1-0,White,<=5s vs 10-15s,2210
Yo2v3i3I,86,0-1,Black,<=5s vs 15-20s,2994
BfEwi75L,66,0-1,Black,<=5s vs 5-10s,1328
ClG1qIh6,66,0-1,Black,<=5s vs 10-15s,1040
plUB0i6o,70,0-1,Black,<=5s vs 5-10s,2462
DT50Lyu8,40,0-1,Black,<=5s vs 15-20s,1620
MdWoZ5TE,88,1/2-1/2,Black,<=5s vs 10-15s,2535
r6gBQsA1,65,1-0,White,<=5s vs 5-10s,2083
sFY96je8,61,1-0,White,<=5s vs 10-15s,1968
e2j6g1pe,66,0-1,Black,<=5s vs 10-15s,1509
Go5AmNaI,48,0-1,Black,<=5s vs 10-15s,1089
0Vm8Ynz0,133,1-0,White,<=5s vs 10-15s,1943
XLEwzSZ6,86,0-1,Black,<=5s vs 15-20s,2417
NE5MAb2E,96,1/2-1/2,Black,<=5s vs 5-10s,2263
1yCebGju,64,0-1,Black,<=5s vs 15-20s,1940
Au9yY7Aq,71,0-1,White,<=5s vs <=5s,1808
p7mumvz9,47,1-0,White,<=5s vs 15-20s,947
mA60o6Hl,80,1-0,Black,<=5s vs <=5s,2045
Ok9QjpTg,53,1-0,White,<=5s vs 5-10s,2036
jLTmefhb,73,1-0,White,<=5s vs 5-10s,2512
c9rAI0ps,101,1-0,White,<=5s vs 10-15s,2141
wzyfM6cE,114,1-0,Black,<=5s vs 5-10s,2449
UQLyaRvC,73,1-0,White,<=5s vs 5-10s,1858
EJQvSiMu,89,1-0,White,<=5s vs 5-10s,1716
Tq0fMZNu,89,0-1,White,<=5s vs <=5s,2415
QlUDRFt4,73,0-1,White,<=5s vs <=5s,1589
Wv724xqo,79,1-0,White,<=5s vs 5-10s,1975
MlH1n3O2,78,0-1,Black,<=5s vs <=5s,2212
b9YaONSI,73,1-0,White,<=5s vs 5-10s,1563
y76U7KB1,52,0-1,Black,<=5s vs 15-20s,2000
SxGybRWn,138,1/2-1/2,Black,<=5s vs 10-15s,1894
1m4y7ieE,98,0-1,Black,<=5s vs 5-10s,2360
9OhYdUWr,83,0-1,White,<=5s vs 5-10s,2245
K64SvUIM,76,0-1,Black,<=5s vs 15-20s,1912
Bq85WaqW,80,0-1,Black,<=5s vs <=5s,1578
6S7dIg6E,65,1-0,White,<=5s vs 15-20s,1531
JKim9ZdV,96,0-1,Black,<=5s vs 15-20s,2492
iJCUpREs,83,1-0,White,<=5s vs 15-20s,2087
6DApSAfP,92,0-1,Black,<=5s vs 5-10s,2360
4DE6mWgy,48,0-1,Black,<=5s vs 15-20s,957
Yw3GN2M1,72,0-1,Black,<=5s vs 5-10s,2258
s3xztG5o,57,1-0,White,<=5s vs 10-15s,1961
OAhozopp,50,0-1,Black,<=5s vs 15-20s,1813
h4RUTI8p,66,0-1,Black,<=5s vs 10-15s,1529
Xgba1Og0,90,0-1,Black,<=5s vs 5-10s,1895
8BgDXcD9,92,0-1,Black,<=5s vs 10-15s,2238
fcmZj181,109,0-1,White,<=5s vs 15-20s,1796
YzHmt3yY,119,1-0,White,<=5s vs 5-10s,1731
AHb5s6Ss,84,0-1,Black,<=5s vs 5-10s,1908
GQXVe3YJ,97,1-0,White,<=5s vs 5-10s,2386
cPhXGaCy,72,1-0,Black,<=5s vs 10-15s,1514
6XZnJ2oP,70,0-1,Black,<=5s vs 15-20s,2189
ncgXNeak,68,0-1,Black,<=5s vs 10-15s,1610
5qRD51ja,59,1-0,White,<=5s vs 15-20s,974
HeAvxwnv,81,1-0,White,<=5s vs 10-15s,2753
CYwgrDg9,79,0-1,White,<=5s vs 5-10s,2378
2knumaol,61,1-0,White,<=5s vs 15-20s,1364
jKWMAqvh,113,1-0,White,<=5s vs 10-15s,2087
GtAcHtt5,57,0-1,White,<=5s vs <=5s,1955
ntdpXDhj,44,0-1,Black,<=5s vs 15-20s,1299
IQctzlgr,62,0-1,Black,<=5s vs 5-10s,1887
9MWxbnnt,124,1/2-1/2,Black,<=5s vs <=5s,2088
s6miBiMN,48,1-0,Black,<=5s vs 5-10s,1322
kkTUjo6S,58,0-1,Black,<=5s vs 10-15s,2034
ivr7VV38,82,0-1,Black,<=5s vs 15-20s,2587
crNW9Mf8,38,0-1,Black,<=5s vs 15-20s,1080
9g86itbg,60,0-1,Black,<=5s vs 10-15s,936
WCuy7Qeu,76,0-1,Black,<=5s vs 10-15s,2390
Ewqei03E,48,0-1,Black,<=5s vs 10-15s,1527
NcyDKMaZ,120,0-1,Black,<=5s vs 15-20s,1873
H9bzUH2r,79,1-0,White,<=5s vs <=5s,2291
vs6bIIGW,71,1-0,White,<=5s vs 10-15s,2196
6zmAZ4NV,60,0-1,Black,<=5s vs 15-20s,1492
Atrr3xX1,82,1-0,Black,<=5s vs 5-10s,1665
ZhGeQvJ2,51,1-0,White,<=5s vs 10-15s,1949
tKioIZQE,67,0-1,White,<=5s vs <=5s,1468
Vb5aeUz2,60,0-1,Black,<=5s vs 15-20s,1558
CWqLh2Nj,69,1-0,White,<=5s vs 15-20s,1850
JYCE61Ag,63,1/2-1/2,White,<=5s vs 5-10s,2064
NdKIFnT5,69,1-0,White,<=5s vs 5-10s,1551
Gd76jtDf,70,0-1,Black,<=5s vs 10-15s,2198
YnB0jmIm,75,1-0,White,<=5s vs 10-15s,2297
3SzpKeVP,82,1-0,Black,<=5s vs <=5s,1709
K8HHg4Fx,124,1-0,Black,<=5s vs 10-15s,2334
4ReZci1w,81,0-1,White,<=5s vs 5-10s,1595
z7oZL3D8,56,0-1,Black,<=5s vs 10-15s,1102
Ok36VgQM,111,1-0,White,<=5s vs 5-10s,2063
0GYF1cEp,73,0-1,White,<=5s vs 5-10s,1662
JtuH2soC,53,1-0,White,<=5s vs 5-10s,788
o6ZJCJYC,43,1-0,White,<=5s vs 15-20s,956
S4xhGsB9,85,1-0,White,<=5s vs 15-20s,2485
Cl0Um8V8,109,1-0,White,<=5s vs 5-10s,2479
DVwFx8tk,52,0-1,Black,<=5s vs 5-10s,1559
k0zGs3N6,127,1/2-1/2,White,<=5s vs 15-20s,2541
tIptW6Ba,88,0-1,Black,<=5s vs 5-10s,1426
107NGmN2,65,1-0,White,<=5s vs 5-10s,1863
T8fwcwtB,71,1-0,White,<=5s vs 10-15s,2413
0wsIxEVQ,136,1/2-1/2,Black,<=5s vs <=5s,2257
BSiK0Cjs,52,0-1,Black,<=5s vs 15-20s,1307
C151V2wh,66,0-1,Black,<=5s vs 10-15s,1731
KD9u5BPd,79,1/2-1/2,White,<=5s vs 15-20s,2093
iAbgZMcB,70,1-0,Black,<=5s vs 5-10s,1882
HBjKgoh6,92,0-1,Black,<=5s vs 5-10s,2214
4m6voeeE,105,0-1,White,<=5s vs 15-20s,2343
XNjBvoFo,48,0-1,Black,<=5s vs 5-10s,1263
gB5pxSXx,45,0-1,White,<=5s vs 5-10s,1312
G2E6u0y4,80,0-1,Black,<=5s vs 10-15s,1831
CoqjGZ0k,57,1-0,White,<=5s vs 15-20s,1242
5tqv1T1Y,80,0-1,Black,<=5s vs 5-10s,1946
8Oau90me,70,0-1,Black,<=5s vs <=5s,1692
vxmLWkVT,57,0-1,White,<=5s vs <=5s,1536
CmQzplvC,64,1-0,Black,<=5s vs 10-15s,1916
Bm43p29k,49,1-0,White,<=5s vs 5-10s,1753
hZCeoAP4,56,0-1,Black,<=5s vs 10-15s,1226
6k5wv8bO,86,0-1,Black,<=5s vs 10-15s,1841
v7z00JsV,63,1-0,White,<=5s vs 5-10s,1313
yQusvJrQ,64,0-1,Black,<=5s vs 10-15s,1778
7x3ERVY1,54,0-1,Black,<=5s vs 5-10s,1269
1h5r5zzZ,78,1-0,Black,<=5s vs <=5s,2117
TUGSDZzu,40,0-1,Black,<=5s vs <=5s,1032
l3BWkIxj,46,0-1,Black,<=5s vs 10-15s,2481
BV9aWzuk,44,0-1,Black,<=5s vs <=5s,800
sKetbFPo,79,1-0,White,<=5s vs 5-10s,2051
12okqQmi,85,1-0,White,<=5s vs 10-15s,2873
WjjQmWCB,98,1-0,Black,<=5s vs 5-10s,2249
ly3nD3vx,75,1-0,White,<=5s vs 15-20s,2260
3vGXZ7EQ,84,0-1,Black,<=5s vs 10-15s,2116
MepcXLaV,83,1-0,White,<=5s vs 15-20s,1633
a4cTcFdt,77,1-0,White,<=5s vs 10-15s,2261
MRwxZoLD,68,0-1,Black,<=5s vs 15-20s,1505
LvzpVnQd,83,1-0,White,<=5s vs 15-20s,2384
824QuAHp,53,1-0,White,<=5s vs 15-20s,2142
XiOEs8AH,88,0-1,Black,<=5s vs <=5s,2183
iJd5muMx,70,1-0,Black,<=5s vs 5-10s,2362
mOYIjC9J,75,0-1,White,<=5s vs 5-10s,1801
O4eyBSEl,75,1-0,White,<=5s vs 15-20s,2307
R58ojEr4,83,1-0,White,<=5s vs 15-20s,2448
0mVW8YoB,83,0-1,White,<=5s vs 5-10s,1349
YbbRyBTh,68,0-1,Black,<=5s vs <=5s,1001
JgNQXzo4,83,1-0,White,<=5s vs <=5s,1193
RJeNIiVt,130,1/2-1/2,Black,<=5s vs 15-20s,1791
0SNCiRBQ,63,1-0,White,<=5s vs 15-20s,2046
7tyKSjAi,56,1-0,Black,<=5s vs <=5s,2061
H7ZxZAYk,65,1-0,White,<=5s vs 5-10s,1427
9xqeDgLe,55,1-0,White,<=5s vs 15-20s,1535
FVVFa0EU,74,0-1,Black,<=5s vs 15-20s,1575
o7wTgrjg,70,0-1,Black,<=5s vs 5-10s,1578
BhQYXVLY,79,1-0,White,<=5s vs 15-20s,1889
943hSJfg,71,1-0,White,<=5s vs 5-10s,1337
vaTYkAoQ,68,0-1,Black,<=5s vs 5-10s,1263
WxBRltaj,63,1-0,White,<=5s vs 10-15s,1498
LWeiaa8V,54,0-1,Black,<=5s vs 5-10s,1872
YEMmRXRa,49,1-0,White,<=5s vs 15-20s,961
KItwlRp5,56,0-1,Black,<=5s vs 5-10s,1225
Qz6H3W22,101,1/2-1/2,White,<=5s vs 15-20s,2215
JS50Iwri,50,0-1,Black,<=5s vs 15-20s,1693
RK7rgR9Y,87,0-1,White,<=5s vs <=5s,2103
STPE6rpI,74,0-1,Black,<=5s vs 15-20s,1358
XI2qsXm6,71,1/2-1/2,White,<=5s vs 10-15s,2351
UVcfCt4a,107,0-1,White,<=5s vs 5-10s,1753
AlgaEIMw,64,0-1,Black,<=5s vs 5-10s,1961
aQSnOgc1,53,1-0,White,<=5s vs 5-10s,1646
p5XoA4U4,78,0-1,Black,<=5s vs <=5s,1793
LThJk16e,56,0-1,Black,<=5s vs 15-20s,1620
MbgbRWXC,90,0-1,Black,<=5s vs 10-15s,2214
eRovso48,62,0-1,Black,<=5s vs 15-20s,1727
WBNXeQpf,92,1-0,Black,<=5s vs 5-10s,2094
N3835DaJ,77,1-0,White,<=5s vs 5-10s,1673
bM7ferPW,92,1-0,Black,<=5s vs 5-10s,2093
TvECKllc,55,1-0,White,<=5s vs 15-20s,1756
uKhiJVqD,59,1/2-1/2,White,<=5s vs 10-15s,2429
u6YHnAvG,91,1-0,White,<=5s vs 5-10s,2259
jRNC9kxA,89,1-0,White,<=5s vs 15-20s,2576
qluBZxQo,93,0-1,White,<=5s vs <=5s,1857
zdQQAW27,75,1-0,White,<=5s vs 10-15s,2158
NS1FDmjN,46,1-0,Black,<=5s vs 5-10s,1077
YfqdtKeo,88,1-0,Black,<=5s vs 5-10s,1680
ecdK5ebB,58,0-1,Black,<=5s vs 10-15s,1607
4s5Niyd6,79,1-0,White,<=5s vs 15-20s,2702
z2mYhvdf,137,1/2-1/2,White,<=5s vs 15-20s,1549
rvMa9ODU,87,1-0,White,<=5s vs 10-15s,2192
HZgT74uc,72,0-1,Black,<=5s vs 10-15s,2007
cVuiYEfK,119,1-0,White,<=5s vs 15-20s,1833
p76pzjlN,110,0-1,Black,<=5s vs 15-20s,2183
H3hUcQbT,73,1-0,White,<=5s vs 10-15s,2294
TXvmU2wi,113,1-0,White,<=5s vs 10-15s,2109
vC22xVnh,102,0-1,Black,<=5s vs 15-20s,2492
zoh7dsVX,39,1-0,White,<=5s vs 5-10s,770
97WyI3YN,76,0-1,Black,<=5s vs <=5s,1607
8aNT7jnu,102,0-1,Black,<=5s vs <=5s,2312
aHW74F0w,53,1-0,White,<=5s vs 15-20s,1135
c5UUOjnm,62,0-1,Black,<=5s vs 10-15s,1175
bKSvZhqM,71,1-0,White,<=5s vs 5-10s,1747
O5tgH80E,103,0-1,White,<=5s vs <=5s,2183
BEd96Hhz,65,1-0,White,<=5s vs 5-10s,1304
Gde5Kkv7,69,1-0,White,<=5s vs 15-20s,2040
iAgbdY1h,82,0-1,Black,<=5s vs 10-15s,1555
8PY6gL4u,112,0-1,Black,<=5s vs 10-15s,2478
Z30vzyOu,70,1-0,Black,<=5s vs 5-10s,1460
9saMeYBT,50,0-1,Black,<=5s vs 10-15s,961
QSL9jLe4,63,1-0,White,<=5s vs 15-20s,1489
o9BixcQj,78,1-0,Black,<=5s vs <=5s,1734
ScyqOidL,57,1-0,White,<=5s vs 10-15s,2021
L81nm2Y0,79,0-1,White,<=5s vs 10-15s,2469
gXIlQwn5,120,1-0,Black,<=5s vs <=5s,2527
SXh8PNVz,81,1-0,White,<=5s vs 5-10s,1649
FysgkWjI,68,0-1,Black,<=5s vs 10-15s,1927
ZB9XXfNA,93,1-0,White,<=5s vs 10-15s,1463
r2nGMFuh,67,1-0,White,<=5s vs 10-15s,927
NGgEODFN,118,0-1,Black,<=5s vs 15-20s,2667
y8K8joaW,82,0-1,Black,<=5s vs 15-20s,2666
0deulRtJ,104,0-1,Black,<=5s vs 5-10s,1975
MJJ1VpJC,53,1-0,White,<=5s vs 15-20s,1773
FrMTIzeI,61,0-1,White,<=5s vs 5-10s,1597
6ijlbONp,72,0-1,Black,<=5s vs 5-10s,1575
C1gbftcf,58,0-1,Black,<=5s vs 5-10s,1525
55ka0G2c,64,1-0,Black,<=5s vs 5-10s,1310
SEp07xIG,54,0-1,Black,<=5s vs 5-10s,1492
L5KrBxNx,116,1/2-1/2,Black,<=5s vs 5-10s,2350
vtIEQHwC,116,0-1,Black,<=5s vs <=5s,1890
q1CWDf5A,71,1-0,White,<=5s vs 5-10s,1655
bfKlPbSS,89,1-0,White,<=5s vs 10-15s,2223
VEmzcHIz,115,1/2-1/2,White,<=5s vs 10-15s,2098
KiUB3G6R,87,1-0,White,<=5s vs 10-15s,2517
J2w3e3IR,54,0-1,Black,<=5s vs 15-20s,1989
m5Wmbh9a,79,1-0,White,<=5s vs 15-20s,2151
1SyO4uCk,95,1-0,White,<=5s vs <=5s,2338
PCxlJWNg,69,1-0,White,<=5s vs <=5s,1802
9QGh6oYv,89,0-1,White,<=5s vs 5-10s,1965
b1sUBDj9,95,1-0,White,<=5s vs 15-20s,1465
M0E1ePpn,76,0-1,Black,<=5s vs 10-15s,2365
oS9rosQO,102,0-1,Black,<=5s vs 15-20s,2285
wM6ruquD,95,1-0,White,<=5s vs <=5s,1930
LFFhcTlH,88,0-1,Black,<=5s vs 5-10s,2289
DS6b9YDn,46,0-1,Black,<=5s vs 15-20s,1220
vqCpqzLX,91,1-0,White,<=5s vs <=5s,2882
SnVgq3Ut,64,0-1,Black,<=5s vs 5-10s,1925
utZGncEJ,65,1-0,White,<=5s vs 15-20s,1542
55G3YIs6,77,1/2-1/2,White,<=5s vs 5-10s,2501
GQIS7hEV,129,1/2-1/2,White,<=5s vs 5-10s,1913
MKtUB2s8,104,0-1,Black,<=5s vs 10-15s,2609
qFeiHcox,91,1-0,White,<=5s vs 15-20s,2679
QwG4Aoa7,113,1-0,White,<=5s vs 5-10s,2643
ifHBi11K,83,1-0,White,<=5s vs 15-20s,2437
KwcIjaTv,94,0-1,Black,<=5s vs 5-10s,2734
1vhYINkU,85,1-0,White,<=5s vs 5-10s,1813
dfGL6hxi,75,1/2-1/2,White,<=5s vs 5-10s,2312
7BWU5SGf,53,1/2-1/2,White,<=5s vs 5-10s,1520
RxaxpOZl,39,1-0,White,<=5s vs 15-20s,956
kwwDpDPQ,99,1-0,White,<=5s vs 15-20s,2514
Io2sviHy,83,1-0,White,<=5s vs 5-10s,1706
JB2ux5TV,54,0-1,Black,<=5s vs 10-15s,2031
18wzPD1Q,92,0-1,Black,<=5s vs 10-15s,2102
qL3o1jZE,97,1-0,White,<=5s vs 15-20s,2235
wmfiIG3X,69,1-0,White,<=5s vs <=5s,1281
QrwZnIX1,85,1-0,White,<=5s vs 5-10s,1422
HAIBFKhq,96,0-1,Black,<=5s vs 15-20s,2668
3xxbbmUa,47,1-0,White,<=5s vs 15-20s,1379
tUAT9kVm,59,1-0,White,<=5s vs 15-20s,1871
Wn3Iqd8A,58,0-1,Black,<=5s vs 5-10s,1674
Bo44XkYe,80,0-1,Black,<=5s vs 5-10s,1250
zd3Tbg62,75,1-0,White,<=5s vs 5-10s,1394
WpQJPT0Q,97,1-0,White,<=5s vs 5-10s,2327
FVfcdJ10,60,0-1,Black,<=5s vs <=5s,1251
qDxHJJYg,86,0-1,Black,<=5s vs <=5s,1906
nyiZ6Bj9,149,1-0,White,<=5s vs 5-10s,2305
x5uutIEe,54,0-1,Black,<=5s vs 10-15s,1466
0ydrb89T,89,1-0,White,<=5s vs 15-20s,2672
VoypAwGC,66,1-0,Black,<=5s vs 10-15s,1533
s1cYWmf4,91,1-0,White,<=5s vs 15-20s,2065
aL2qd3dH,73,1-0,White,<=5s vs 10-15s,1630
tXfHYiRe,80,0-1,Black,<=5s vs 5-10s,1994
ACfNtAA6,114,1/2-1/2,Black,<=5s vs 10-15s,2650
uYV4kxIY,95,1-0,White,<=5s vs 10-15s,2626
FfpUtpIB,58,0-1,Black,<=5s vs 15-20s,1893
kD4fhOf1,79,1-0,White,<=5s vs 5-10s,1845
UbpRBtnN,63,0-1,White,<=5s vs <=5s,1446
WbfXwGxn,71,1-0,White,<=5s vs 10-15s,1833
0zRhIKbY,47,1-0,White,<=5s vs 15-20s,1605
ExLtgvic,69,1-0,White,<=5s vs 5-10s,1894
LVQrci1z,48,0-1,Black,<=5s vs 5-10s,2152
uSmmGF6O,65,1-0,White,<=5s vs 15-20s,1674
d343XhqW,82,1-0,Black,<=5s vs <=5s,1864
f5lpGaQg,59,0-1,White,<=5s vs <=5s,2024
fdYd9SVr,57,1-0,White,<=5s vs 10-15s,1403
2ifFOnup,52,1-0,Black,<=5s vs <=5s,1464
yRLJJaAQ,85,1-0,White,<=5s vs 10-15s,2041
NNQA7Lop,93,0-1,White,<=5s vs 10-15s,2488
lWV285rY,28,0-1,Black,<=5s vs 10-15s,1011
48z2ZyAj,51,1-0,White,<=5s vs 15-20s,1198
g6sdMfGu,143,1-0,White,<=5s vs 15-20s,2076
WhATWA4z,52,0-1,Black,<=5s vs 15-20s,1823
jHvMcd2I,76,0-1,Black,<=5s vs 10-15s,1963
GEATMOS6,91,1-0,White,<=5s vs 15-20s,2377
q03dLrww,73,1/2-1/2,White,<=5s vs 5-10s,1999
l5pYBDUh,62,0-1,Black,<=5s vs 15-20s,2182
LhPeEa6U,46,0-1,Black,<=5s vs 10-15s,1153
2FmyKLgX,44,0-1,Black,<=5s vs 10-15s,1348
2bz9aC54,68,0-1,Black,<=5s vs 15-20s,2195
MG3hVDCW,79,1-0,White,<=5s vs 5-10s,1861
VkIKiJ7C,54,0-1,Black,<=5s vs 5-10s,1885
EPRlN0iI,97,1/2-1/2,White,<=5s vs <=5s,2371
W50p6kPn,86,0-1,Black,<=5s vs 5-10s,2505
7HuNhskr,59,1-0,White,<=5s vs 10-15s,1669
tPSXIeir,50,1-0,Black,<=5s vs 5-10s,923
rylDNbX4,94,0-1,Black,<=5s vs <=5s,2115
ZTyoiT6I,52,0-1,Black,<=5s vs 5-10s,1121
Rp7Gt9BQ,84,0-1,Black,<=5s vs 15-20s,2113
IunhvJgT,73,1-0,White,<=5s vs 10-15s,2118
FhlAkzNy,61,1-0,White,<=5s vs 15-20s,2248
lgSDalxW,81,1-0,White,<=5s vs 5-10s,1934
vi3iwiiG,52,0-1,Black,<=5s vs 15-20s,1557
7L2AizmU,49,1-0,White,<=5s vs 10-15s,1797
yK1ZqxJT,121,1-0,White,<=5s vs 10-15s,2329
F2rMiquT,86,0-1,Black,<=5s vs <=5s,2102
EvnAptYc,110,0-1,Black,<=5s vs <=5s,2766
Fx7EmlGm,63,1-0,White,<=5s vs 15-20s,2071
soZv3XaC,66,0-1,Black,<=5s vs <=5s,1618
L7V3Bfki,77,1-0,White,<=5s vs 15-20s,1017
t0DK6RTs,136,1/2-1/2,Black,<=5s vs <=5s,1966
jKrC7q7x,74,0-1,Black,<=5s vs 15-20s,2753
BzUZcdMt,49,1-0,White,<=5s vs 15-20s,1632
tiNt8VL0,76,0-1,Black,<=5s vs <=5s,1051
SgfXnkPV,140,1/2-1/2,Black,<=5s vs 15-20s,1922
auWyX359,63,1-0,White,<=5s vs 5-10s,2716
DKcKiKYZ,65,0-1,White,<=5s vs 5-10s,1386
mRxKbJNW,84,0-1,Black,<=5s vs 10-15s,1921
6st25ONM,60,0-1,Black,<=5s vs 15-20s,2013
vHwGGNv9,112,1/2-1/2,Black,<=5s vs <=5s,2276
k2jHGtNX,78,0-1,Black,<=5s vs 15-20s,1102
VrhGMX07,92,0-1,Black,<=5s vs 5-10s,2904
oXhQ6aWY,45,1-0,White,<=5s vs 10-15s,1362
5t0x8yG5,91,1-0,White,<=5s vs 5-10s,1963
wr3oYdip,120,0-1,Black,<=5s vs 5-10s,2710
ONYxU32a,73,1-0,White,<=5s vs 15-20s,1945
ovd8eLKr,118,0-1,Black,<=5s vs 5-10s,2522
LBpYfX87,65,1-0,White,<=5s vs 15-20s,2275
zH16RMXC,105,0-1,White,<=5s vs <=5s,2416
rZBbT7nT,80,0-1,Black,<=5s vs 10-15s,2463
PSPcrLmA,79,1-0,White,<=5s vs 10-15s,2432
SCutI4sp,84,0-1,Black,<=5s vs 15-20s,1841
VqvUayZg,129,1-0,White,<=5s vs 10-15s,2446
2sXyJTrD,70,0-1,Black,<=5s vs 5-10s,1946
2DG8pVzf,66,0-1,Black,<=5s vs 10-15s,1652
wkG5SsKq,84,0-1,Black,<=5s vs 5-10s,1810
TqGHfakq,69,1-0,White,<=5s vs 5-10s,1219
VtZjgkwL,64,1-0,Black,<=5s vs 5-10s,2439
hi8hJxt5,54,0-1,Black,<=5s vs 10-15s,1587
ye8SDMmT,110,1/2-1/2,Black,<=5s vs 15-20s,2789
98cYjeHp,46,0-1,Black,<=5s vs 5-10s,971
yIa9NViE,62,1-0,Black,<=5s vs 10-15s,1738
bddNvvBW,70,0-1,Black,<=5s vs 10-15s,1525
oVkY3Hfc,83,0-1,White,<=5s vs 5-10s,2221
D5lgj6wT,66,0-1,Black,<=5s vs 5-10s,1750
vTVzp2US,54,1-0,Black,<=5s vs <=5s,1544
kOuxniHq,76,0-1,Black,<=5s vs <=5s,2297
EooduRKt,71,1-0,White,<=5s vs 10-15s,1805
WH48V9Ak,54,0-1,Black,<=5s vs 5-10s,1136
yR2f5Kqi,93,1-0,White,<=5s vs 5-10s,1941
oLodEwAc,72,0-1,Black,<=5s vs 5-10s,1726
0cqKgunF,66,0-1,Black,<=5s vs 5-10s,2292
F2rr5VP9,99,1-0,White,<=5s vs <=5s,2321
O7vbVnKi,51,1-0,White,<=5s vs 15-20s,1704
SQzdRQlX,137,1-0,White,<=5s vs 5-10s,2479
IzBHp3fL,67,1-0,White,<=5s vs 10-15s,1989
LieJDphp,82,0-1,Black,<=5s vs 5-10s,2079
RPE6GGdc,69,1-0,White,<=5s vs 15-20s,1411
9OIj8qnf,74,0-1,Black,<=5s vs 10-15s,2572
XWom44BN,55,1-0,White,<=5s vs 5-10s,1453
AFmbKEDy,55,0-1,White,<=5s vs 5-10s,1594
9HmnkhVJ,50,0-1,Black,<=5s vs 5-10s,2115
L5ersKqE,92,0-1,Black,<=5s vs <=5s,2247
cvjeFI7C,58,0-1,Black,<=5s vs 10-15s,1141
GlSfOO8z,50,0-1,Black,<=5s vs 5-10s,1629
wtTTkwPj,85,1-0,White,<=5s vs 15-20s,2191
CU0dpayE,43,1-0,White,<=5s vs 10-15s,956
vzuQNaLi,68,0-1,Black,<=5s vs 15-20s,2156
oOZhHusn,99,1-0,White,<=5s vs 5-10s,2290
tnMnJ1zf,75,1-0,White,<=5s vs 10-15s,2043
c1E7apzl,60,0-1,Black,<=5s vs <=5s,1785
BDVCOg0G,69,1-0,White,<=5s vs 5-10s,1491
wyULViyZ,51,1-0,White,<=5s vs 15-20s,2070
JGbF4pGC,82,0-1,Black,<=5s vs <=5s,1720
6XB2smzf,69,1-0,White,<=5s vs 5-10s,1386
BcsFNszm,125,1-0,White,<=5s vs 5-10s,3101
GM9JbSOM,40,0-1,Black,<=5s vs 10-15s,1289
vOuo2hbv,73,1-0,White,<=5s vs 5-10s,1547
oK5Tk1hC,73,0-1,White,<=5s vs <=5s,1274
wpgz2vR1,59,1-0,White,<=5s vs 15-20s,1291
F4oHI9pN,62,0-1,Black,<=5s vs 10-15s,1561
1tu7UqV0,47,1-0,White,<=5s vs 15-20s,1150
TgTNU0Qj,75,1-0,White,<=5s vs 5-10s,2226
at3jVczY,81,1-0,White,<=5s vs <=5s,1544
N6zLy1AP,67,1-0,White,<=5s vs 10-15s,951
WRl2vsXH,75,1-0,White,<=5s vs 5-10s,2577
roAMgIdQ,114,1/2-1/2,Black,<=5s vs 5-10s,2145
FU8w4eTe,88,0-1,Black,<=5s vs 5-10s,2188
Cs2Yngat,52,0-1,Black,<=5s vs 15-20s,1499
DcixXbAo,104,0-1,Black,<=5s vs 5-10s,2327
81I2jCUC,83,1-0,White,<=5s vs 5-10s,1605
6Yl6XZoP,78,0-1,Black,<=5s vs 15-20s,3049
tQbGkSPp,66,0-1,Black,<=5s vs 15-20s,1708
qaQ2PdWn,74,0-1,Black,<=5s vs 5-10s,1693
beEZ9IJX,53,0-1,White,<=5s vs 5-10s,1903
cplC7oAW,66,0-1,Black,<=5s vs 10-15s,1959
QUzChKSL,44,0-1,Black,<=5s vs 15-20s,1097
rNTyuL3r,69,1-0,White,<=5s vs 15-20s,1531
BpwfBXUn,58,0-1,Black,<=5s vs 5-10s,1603
7hrXqBC9,99,1-0,White,<=5s vs 5-10s,2474
HCPcAUSE,54,0-1,Black,<=5s vs <=5s,1563
w8UQdCsL,210,0-1,Black,<=5s vs <=5s,2526
oQupBaVb,101,1/2-1/2,White,<=5s vs 10-15s,2691
wRVlGicT,64,0-1,Black,<=5s vs 10-15s,1881
ktcrVum4,54,0-1,Black,<=5s vs 15-20s,2069
MemRdQyU,91,0-1,White,<=5s vs <=5s,1159
9IQ82zCw,78,0-1,Black,<=5s vs 5-10s,2099
D8hbSOMU,127,1/2-1/2,White,<=5s vs 5-10s,2521
O3H1SlSE,96,1-0,Black,<=5s vs <=5s,2198
4yIME6Lo,115,1-0,White,<=5s vs 15-20s,2511
0M8hSy5V,55,0-1,White,<=5s vs 10-15s,2445
ScAAnnXq,76,0-1,Black,<=5s vs 15-20s,2170
P4C3rcvV,84,0-1,Black,<=5s vs 5-10s,1607
KC3OBStg,96,1/2-1/2,Black,<=5s vs 15-20s,2254
I328bHCn,52,0-1,Black,<=5s vs 15-20s,1701
iGnS88Kb,50,0-1,Black,<=5s vs 10-15s,1268
7NnSCwul,46,0-1,Black,<=5s vs 10-15s,1531
GRdmPYUT,93,1-0,White,<=5s vs <=5s,2204
nrfeRBUG,40,0-1,Black,<=5s vs 15-20s,1042
4MLunFzO,82,1-0,Black,<=5s vs <=5s,1699
fCagclBR,68,0-1,Black,<=5s vs <=5s,1748
5uJXeHHJ,42,0-1,Black,<=5s vs 15-20s,1582
XJbpwC2m,109,1-0,White,<=5s vs 10-15s,1388
XsVHznqH,65,1-0,White,<=5s vs 15-20s,2183
0fPqmXTN,59,1-0,White,<=5s vs 15-20s,1036
aVFsBf8Y,116,0-1,Black,<=5s vs 15-20s,2557
TKjxWtS7,69,1-0,White,<=5s vs 5-10s,1768
BVKtdpzH,122,1/2-1/2,Black,<=5s vs 5-10s,2378
32QILODW,103,1-0,White,<=5s vs 5-10s,1697
fDfqMoOb,56,0-1,Black,<=5s vs 15-20s,1561
Jdv1eyZ4,57,1-0,White,<=5s vs 5-10s,1030
9qAuXYEZ,61,1-0,White,<=5s vs 15-20s,1150
36BKp07D,50,0-1,Black,<=5s vs 15-20s,1170
iqmMEVRb,80,0-1,Black,<=5s vs 5-10s,1946
vpdkFwdF,55,0-1,White,<=5s vs 15-20s,1178
5FZZBYTg,54,1-0,Black,<=5s vs 5-10s,1294
nuCV0uzQ,55,1-0,White,<=5s vs 5-10s,1604
ApysNwlN,61,1-0,White,<=5s vs 5-10s,1739
L13KrZA1,60,1-0,Black,<=5s vs 5-10s,1642
KIfxQcrV,48,0-1,Black,<=5s vs 10-15s,2108
TG86lKB3,99,1/2-1/2,White,<=5s vs 5-10s,2263
2yhZFUAu,68,0-1,Black,<=5s vs 15-20s,1718
DBsM1JKZ,53,1-0,White,<=5s vs 10-15s,985
48aIWR9M,76,0-1,Black,<=5s vs 15-20s,1629
MFSRaMMb,103,1-0,White,<=5s vs 5-10s,2499
kHqRD1bd,56,0-1,Black,<=5s vs 10-15s,1163
4TPRfmFf,117,1-0,White,<=5s vs 15-20s,2343
HSBSNszh,46,0-1,Black,<=5s vs 15-20s,2460
DmbEili2,83,1-0,White,<=5s vs <=5s,1843
w5YRzbSH,88,0-1,Black,<=5s vs 15-20s,2404
s8t8ZGLO,69,1-0,White,<=5s vs 10-15s,1983
OH2hqKLs,52,0-1,Black,<=5s vs 15-20s,1259
6iPifXEM,89,1-0,White,<=5s vs 15-20s,2087
6oowhTmQ,49,1-0,White,<=5s vs 10-15s,1126
CBrJnYXx,66,0-1,Black,<=5s vs 15-20s,2182
tg1RQ0U0,81,1-0,White,<=5s vs 10-15s,2005
sJ3nyfyo,54,0-1,Black,<=5s vs 10-15s,1902
4EKmSQig,94,1-0,Black,<=5s vs 5-10s,1804
5bwbxs5p,51,1-0,White,<=5s vs 10-15s,1300
x3bDQnab,79,1-0,White,<=5s vs 15-20s,2101
KEZaWfgl,57,1-0,White,<=5s vs 15-20s,2196
OOOLc19A,76,1-0,Black,<=5s vs <=5s,2006
OF9slfQK,67,1-0,White,<=5s vs 15-20s,2036
cemjRM4l,123,0-1,White,<=5s vs 5-10s,1865
EMJ0DgjX,81,1-0,White,<=5s vs 15-20s,2328
Gi3HIpxi,53,1-0,White,<=5s vs 15-20s,2213
suiLZYxx,72,0-1,Black,<=5s vs 10-15s,1768
qLnuqOjO,52,0-1,Black,<=5s vs 5-10s,1267
pzaAF7Xc,68,1-0,Black,<=5s vs 10-15s,1666
numOnpaH,50,0-1,Black,<=5s vs <=5s,1176
IpXw1qgt,106,0-1,Black,<=5s vs 5-10s,2623
Ad8vn4Xb,65,1-0,White,<=5s vs 10-15s,1446
rWMVIwBX,56,1-0,Black,<=5s vs <=5s,1341
lASzU8r6,52,1-0,Black,<=5s vs 15-20s,1759
hvIAn4t2,57,1-0,White,<=5s vs 10-15s,1201
xlnXWytL,66,0-1,Black,<=5s vs 5-10s,1902
C1YJ7sPr,79,1-0,White,<=5s vs 5-10s,1049
A5f3de8j,63,1-0,White,<=5s vs 15-20s,1249
Ozawuubi,36,0-1,Black,<=5s vs 5-10s,737
owdW9TMl,51,1-0,White,<=5s vs <=5s,829
jganSR9U,42,0-1,Black,<=5s vs 15-20s,989
BsoXDnfF,66,0-1,Black,<=5s vs 15-20s,2550
7CRjx7Vv,56,0-1,Black,<=5s vs 10-15s,1359
RAQyEfzi,51,1-0,White,<=5s vs 5-10s,1409
S7JuSrNS,51,1-0,White,<=5s vs 15-20s,1448
emHYHhaH,91,1-0,White,<=5s vs 5-10s,1332
YSguAdrl,65,1-0,White,<=5s vs 15-20s,1821
CJXpGbOe,81,0-1,White,<=5s vs 5-10s,1928
OpZEngWB,60,0-1,Black,<=5s vs 15-20s,1299
4UywURBD,68,0-1,Black,<=5s vs 10-15s,1770
T6k7Jzby,63,0-1,White,<=5s vs <=5s,1967
u1wcEGtj,85,1-0,White,<=5s vs 15-20s,1830
KacCuFI1,100,0-1,Black,<=5s vs 5-10s,1998
sz9hvD6P,105,0-1,White,<=5s vs 15-20s,2360
HhJGgizM,90,0-1,Black,<=5s vs 5-10s,2163
eypXD1X5,58,0-1,Black,<=5s vs 5-10s,2041
ChjTV7Fa,40,0-1,Black,<=5s vs 15-20s,1551
uDVpqEBp,119,1-0,White,<=5s vs 5-10s,2166
XmGnBSNB,94,0-1,Black,<=5s vs 5-10s,2345
3gxQyZx6,74,0-1,Black,<=5s vs 15-20s,2116
P7LlDrRU,105,1-0,White,<=5s vs 5-10s,2312
MxZgKjAT,77,0-1,White,<=5s vs 15-20s,1759
tbYBGk91,98,0-1,Black,<=5s vs 10-15s,1912
VJlFLGGl,60,1/2-1/2,Black,<=5s vs 15-20s,1523
wLthQc3E,67,1-0,White,<=5s vs 15-20s,1765
UoTPolYb,123,1-0,White,<=5s vs 10-15s,2343
bTQaqgYb,48,0-1,Black,<=5s vs 10-15s,1110
MleklMGI,96,1/2-1/2,Black,<=5s vs 5-10s,2704
OrZC4Alg,64,0-1,Black,<=5s vs 10-15s,1979
UXPXg5AV,51,0-1,White,<=5s vs 5-10s,1118
apuduReB,109,1/2-1/2,White,<=5s vs 5-10s,2007
VPAK3Gzc,104,0-1,Black,<=5s vs 5-10s,2840
3NkOvTi1,112,0-1,Black,<=5s vs <=5s,2409
o0Mqpr8W,59,1-0,White,<=5s vs 15-20s,1928
SBxjtLBG,89,1-0,White,<=5s vs 10-15s,1890
24vgoI2b,46,0-1,Black,<=5s vs 5-10s,1215
rh63ohmr,109,1-0,White,<=5s vs 10-15s,2528
irCLkA7S,80,0-1,Black,<=5s vs 5-10s,1859
mPZ5YQYl,79,1-0,White,<=5s vs 5-10s,1850
YC5rLmi6,142,0-1,Black,<=5s vs 10-15s,2109
To3ZOMdq,95,1-0,White,<=5s vs 10-15s,1812
1dD1L0Iy,72,0-1,Black,<=5s vs 15-20s,1384
74UCBR6T,103,1/2-1/2,White,<=5s vs 5-10s,1932
X0FzF3n4,97,1-0,White,<=5s vs 10-15s,1360
4YUrh5b8,103,0-1,White,<=5s vs <=5s,1540
31JmlMWI,32,0-1,Black,<=5s vs 5-10s,918
KlUy62rU,72,0-1,Black,<=5s vs 15-20s,1759
Wrv2YSJL,51,1-0,White,<=5s vs 5-10s,1302
nZjoim4w,57,0-1,White,<=5s vs 5-10s,1995
svpR0y55,77,1-0,White,<=5s vs 15-20s,1248
S94xQtEe,58,0-1,Black,<=5s vs 15-20s,1860
ryq4iYIX,64,1-0,Black,<=5s vs 10-15s,1216
asQYt3Q8,58,1-0,Black,<=5s vs <=5s,1745
8JyBActi,74,0-1,Black,<=5s vs <=5s,1946
kphbFOAH,60,0-1,Black,<=5s vs 15-20s,1290
aadRZgsT,66,1-0,Black,<=5s vs <=5s,1396
E0I6VP6i,45,1-0,White,<=5s vs 15-20s,1003
8yEBSjKw,90,0-1,Black,<=5s vs 5-10s,1960
mH3u2GhP,62,0-1,Black,<=5s vs 5-10s,1322
zDQV4GZ4,101,1-0,White,<=5s vs 10-15s,2621
sXuTpwK3,90,0-1,Black,<=5s vs <=5s,2606
rFwdRXy4,52,0-1,Black,<=5s vs 5-10s,1193
PCC2a1XV,70,0-1,Black,<=5s vs 5-10s,1982
aRMt3vAi,113,1-0,White,<=5s vs 5-10s,1094
TtHmBGuW,94,0-1,Black,<=5s vs 10-15s,1910
1VZYp1A8,62,0-1,Black,<=5s vs 5-10s,1492
Yurms1zh,77,1-0,White,<=5s vs 10-15s,1051
EXmyDZDf,118,1-0,Black,<=5s vs <=5s,2267
QbNM2ojw,69,1-0,White,<=5s vs 15-20s,1750
E9wMyBu7,121,1-0,White,<=5s vs 5-10s,2236
CvaXvixf,93,1/2-1/2,White,<=5s vs 5-10s,1836
OwEgGjjr,159,1/2-1/2,White,<=5s vs <=5s,2541
YLyYpXMJ,59,1-0,White,<=5s vs 5-10s,1189
afBsnV7B,98,1/2-1/2,Black,<=5s vs 10-15s,2445
VNqU0wPH,80,0-1,Black,<=5s vs 10-15s,1786
z9edKSVc,71,1-0,White,<=5s vs 10-15s,1564
uJH0vuoM,122,0-1,Black,<=5s vs 15-20s,2531
SKrFLhWV,76,1-0,Black,<=5s vs <=5s,1006
77c5ukbY,71,1-0,White,<=5s vs 10-15s,1926
mfi6QEtK,91,0-1,White,<=5s vs 15-20s,1663
fojVPDIY,62,0-1,Black,<=5s vs 15-20s,2356
OnB1Cwt9,70,0-1,Black,<=5s vs 10-15s,2127
JvJ6yOL2,124,1/2-1/2,Black,<=5s vs 5-10s,2502
gkzTub5k,95,1-0,White,<=5s vs 15-20s,1500
HDJa9vlS,94,0-1,Black,<=5s vs 10-15s,1865
9q5xfntV,99,1-0,White,<=5s vs <=5s,2222
Mu5kflyL,62,0-1,Black,<=5s vs 5-10s,1328
whKMp2Mp,56,0-1,Black,<=5s vs 10-15s,1756
xAOSAzua,79,1-0,White,<=5s vs 15-20s,1864
N7qPQJ7s,86,1/2-1/2,Black,<=5s vs 10-15s,1979
paVhb6SQ,55,1-0,White,<=5s vs 10-15s,1876
NXSNBzf2,101,1-0,White,<=5s vs 5-10s,2397
WA2jCUc8,47,1-0,White,<=5s vs 15-20s,1412
IpGV1s7X,49,0-1,White,<=5s vs 15-20s,1843
BAnm3TqY,54,0-1,Black,<=5s vs 10-15s,1254
23LvPlan,62,0-1,Black,<=5s vs 10-15s,1597
cCc89hXG,83,1-0,White,<=5s vs 5-10s,2180
YSUloQ11,58,0-1,Black,<=5s vs 15-20s,1186
Vll2YqpB,47,1-0,White,<=5s vs 15-20s,1523
q7SxGZu1,100,1-0,Black,<=5s vs 15-20s,1984
KgEGea1v,33,1-0,White,<=5s vs 15-20s,1339
Jj3smoiY,70,0-1,Black,<=5s vs 15-20s,1575
03EWGMYI,92,1-0,Black,<=5s vs <=5s,2091
953TAyr3,62,1/2-1/2,Black,<=5s vs 15-20s,1961
OLL20AUT,70,0-1,Black,<=5s vs 5-10s,1105
yt5eCwro,63,1-0,White,<=5s vs 15-20s,1509
Kgis6ROM,90,0-1,Black,<=5s vs 5-10s,2044
9ewkdujb,101,1/2-1/2,White,<=5s vs 15-20s,2309
JVj8LeDr,95,0-1,White,<=5s vs 5-10s,2162
tD7CVKvt,46,0-1,Black,<=5s vs 5-10s,1881
XJNLVVdU,58,0-1,Black,<=5s vs 10-15s,1609
Y1A6J3u3,83,0-1,White,<=5s vs <=5s,1422
J23dZjJF,75,1-0,White,<=5s vs 10-15s,1477
As97mp0f,43,0-1,White,<=5s vs 5-10s,813
r2nVU1Vh,74,0-1,Black,<=5s vs 5-10s,1876
hvANwOLK,80,1-0,Black,<=5s vs 5-10s,1720
4LE19mSd,90,0-1,Black,<=5s vs 10-15s,2396
Da62kD5P,62,0-1,Black,<=5s vs 10-15s,1847
O6tJ5VaR,49,0-1,White,<=5s vs 5-10s,1559
P1H2LDwz,71,1-0,White,<=5s vs 15-20s,1899
YcSukrks,75,1-0,White,<=5s vs 15-20s,1504
qpnzpkYY,141,1-0,White,<=5s vs 15-20s,1474
y9ry95V0,86,0-1,Black,<=5s vs <=5s,1712
YmS0IYgf,69,1-0,White,<=5s vs 5-10s,1391
USs84iYU,56,0-1,Black,<=5s vs 15-20s,1168
8AFPdJSw,54,0-1,Black,<=5s vs 15-20s,1497
LlJsVOat,66,0-1,Black,<=5s vs 10-15s,1713
0OxhsAa5,64,1-0,Black,<=5s vs <=5s,1351
1OFV0x0q,128,0-1,Black,<=5s vs 5-10s,2396
IGjJTiDe,55,1-0,White,<=5s vs 10-15s,1086
qfkHnSbT,67,0-1,White,<=5s vs <=5s,1906
AJJVMkIZ,104,1-0,Black,<=5s vs 10-15s,1327
DMyRjR82,48,1-0,Black,<=5s vs 15-20s,1851
YvxAMO91,56,0-1,Black,<=5s vs 5-10s,1936
pAo6PLGN,67,1-0,White,<=5s vs 10-15s,2615
9vjVdByF,86,0-1,Black,<=5s vs 10-15s,2434
1nYS29jm,134,0-1,Black,<=5s vs 10-15s,2926
sCTOJfe2,64,0-1,Black,<=5s vs <=5s,2128
k4S5XZtH,44,1-0,Black,<=5s vs <=5s,1429
ry4F5SSL,54,0-1,Black,<=5s vs 5-10s,1658
CkhkJq3d,66,0-1,Black,<=5s vs 10-15s,2484
lKWW0A8j,50,0-1,Black,<=5s vs 5-10s,1894
gVTinEW9,91,0-1,White,<=5s vs 10-15s,2307
9weWT74m,96,0-1,Black,<=5s vs 10-15s,2617
dFCYOntW,87,1-0,White,<=5s vs 5-10s,2129
JruxPcuM,83,1-0,White,<=5s vs 5-10s,2296
QLveeSng,71,1-0,White,<=5s vs <=5s,1934
VUb1h6IW,85,0-1,White,<=5s vs <=5s,2481
CpUgu7L6,102,0-1,Black,<=5s vs <=5s,2561
PB2qbaqA,72,0-1,Black,<=5s vs 15-20s,1834
YtkVnE1l,50,0-1,Black,<=5s vs 5-10s,1595
2yhadh5h,51,1-0,White,<=5s vs 10-15s,1071
rRHj5maY,98,1-0,Black,<=5s vs <=5s,2155
HSJ0UGjY,50,0-1,Black,<=5s vs 10-15s,954
z4HnOst1,67,1-0,White,<=5s vs 5-10s,1531
N98h4CHo,99,0-1,White,<=5s vs 5-10s,2422
Lt1i3cFR,83,1-0,White,<=5s vs 5-10s,2088
sGrU0tAK,74,1-0,Black,<=5s vs <=5s,1629
9BslW2dK,52,0-1,Black,<=5s vs 10-15s,1627
TD7NscrC,65,1-0,White,<=5s vs 5-10s,1322
9Ahoo6sU,159,0-1,White,<=5s vs <=5s,2227
WPCVyOVf,68,0-1,Black,<=5s vs 10-15s,1550
OQrUGgu9,76,0-1,Black,<=5s vs 5-10s,1342
62SljWLs,66,0-1,Black,<=5s vs 5-10s,1910
ADRwNcq7,35,1-0,White,<=5s vs 15-20s,1409
KyJdN7Wt,70,0-1,Black,<=5s vs 15-20s,2376
aBz8qj2b,73,0-1,White,<=5s vs 5-10s,1827
qQaHKjqM,68,0-1,Black,<=5s vs <=5s,1211
ugelMomU,117,1-0,White,<=5s vs 5-10s,2383
St19SMky,114,0-1,Black,<=5s vs 5-10s,2417
VwqvMtwq,55,1-0,White,<=5s vs 10-15s,1351
12t2jZB3,98,0-1,Black,<=5s vs <=5s,2812
7DjJD8DQ,82,1-0,Black,<=5s vs 5-10s,1546
RxtnEYdS,95,1-0,White,<=5s vs 5-10s,1588
Qb8Ny0WN,75,1-0,White,<=5s vs 5-10s,1217
fLkSTuA4,70,0-1,Black,<=5s vs 10-15s,1859
7IkVzmUG,49,1-0,White,<=5s vs 10-15s,1200
Rn4bZG0u,50,0-1,Black,<=5s vs 15-20s,1429
OExEQLUK,96,0-1,Black,<=5s vs 5-10s,2503
NLeIUkMr,108,0-1,Black,<=5s vs <=5s,2320
qwrd2Ckb,71,1-0,White,<=5s vs 10-15s,1515
9ZY9d5JB,55,1-0,White,<=5s vs 5-10s,1026
8QBQ1GK9,105,0-1,White,<=5s vs <=5s,1955
RCZMbk6y,71,1-0,White,<=5s vs 15-20s,1966
U9C4vJI4,54,0-1,Black,<=5s vs 10-15s,1176
QAgk9hHd,66,0-1,Black,<=5s vs 5-10s,2177
94eWR2P2,70,0-1,Black,<=5s vs 5-10s,1621
HgY1z4jA,63,0-1,White,<=5s vs 15-20s,1739
yHAPkMjj,93,1-0,White,<=5s vs 15-20s,1734
3aXo3Cjr,63,1-0,White,<=5s vs 5-10s,2142
JSS6l9Zl,82,1-0,Black,<=5s vs <=5s,2314
ca4IyvAF,59,1-0,White,<=5s vs 15-20s,1910
bTJNPmvl,50,0-1,Black,<=5s vs 15-20s,1713
Dje1K82M,52,1/2-1/2,Black,<=5s vs 10-15s,1261
cwIcPlXC,108,1-0,Black,<=5s vs <=5s,2118
0QIqrH8f,90,1-0,Black,<=5s vs <=5s,2098
Xbf6jHr3,93,1-0,White,<=5s vs 5-10s,1838
EWya7hZY,72,1-0,Black,<=5s vs 5-10s,1342
Gi1rRR6H,80,1/2-1/2,Black,<=5s vs 10-15s,1886
NMhh57S7,109,0-1,White,<=5s vs <=5s,2504
1f7XFysm,56,1-0,Black,<=5s vs <=5s,1356
CfdEsOaM,67,1-0,White,<=5s vs 10-15s,1809
VJmaDiCE,95,1-0,White,<=5s vs 5-10s,1149
Jt0t60ZY,61,1-0,White,<=5s vs 10-15s,2004
SbCpg9Uo,90,0-1,Black,<=5s vs 10-15s,2175
KoWS568k,55,1-0,White,<=5s vs 10-15s,1692
H7DVuENv,51,1-0,White,<=5s vs 10-15s,1875
WRdFxSfj,63,1-0,White,<=5s vs 10-15s,1610
b16LW5yv,88,1-0,Black,<=5s vs 5-10s,2905
xHSK3HKo,66,0-1,Black,<=5s vs <=5s,1592
2TFbVJzr,71,1-0,White,<=5s vs 5-10s,2320
JxmAClUu,106,0-1,Black,<=5s vs 5-10s,2704
56uWr8i0,97,0-1,White,<=5s vs 5-10s,1868
WvneNnrM,74,0-1,Black,<=5s vs 10-15s,2196
0gEZpO12,50,1-0,Black,<=5s vs 15-20s,1609
r7tmuPsH,48,1-0,Black,<=5s vs <=5s,1170
5rBOgMDa,94,1/2-1/2,Black,<=5s vs 5-10s,2170
bMTeAd1M,32,0-1,Black,<=5s vs 10-15s,1012
NyNwhugp,75,1-0,White,<=5s vs 5-10s,1881
7mUIttBG,34,0-1,Black,<=5s vs 5-10s,1200
ysygRpUa,50,0-1,Black,<=5s vs 5-10s,974
2dEJ7vAx,75,0-1,White,<=5s vs 5-10s,1937
Hhmh1ShG,81,1-0,White,<=5s vs 5-10s,1320
LNCqHHOT,49,1-0,White,<=5s vs 15-20s,1521
QHsJ3OdM,65,0-1,White,<=5s vs 5-10s,1861
VjB4d2pJ,48,0-1,Black,<=5s vs 10-15s,1763
JexpLAuh,48,0-1,Black,<=5s vs 15-20s,1733
K3SvmYIn,73,1-0,White,<=5s vs 10-15s,2129
VZMc3r90,81,0-1,White,<=5s vs 5-10s,2217
RWsPweAF,55,1-0,White,<=5s vs 5-10s,1288
B3oInlZJ,49,1-0,White,<=5s vs 10-15s,1836
cJ8YNCyi,42,0-1,Black,<=5s vs 15-20s,1957
97pSjkXO,86,1-0,Black,<=5s vs 5-10s,1807
JynEoMWC,107,1/2-1/2,White,<=5s vs 5-10s,1837
yBMo1rGN,64,1-0,Black,<=5s vs 5-10s,1711
uwiHnnaT,95,1-0,White,<=5s vs 5-10s,1888
3XocaCtj,65,0-1,White,<=5s vs 5-10s,2091
RCzm2mB1,71,1-0,White,<=5s vs 5-10s,1580
ZlInDZE1,109,0-1,White,<=5s vs 5-10s,2654
omQHJSsd,56,1-0,Black,<=5s vs 10-15s,2199
21aajBaM,56,0-1,Black,<=5s vs 5-10s,1385
6yfGp3mu,78,0-1,Black,<=5s vs 15-20s,2242
LEJfAaUQ,107,1-0,White,<=5s vs 5-10s,2205
urt1ex6h,88,0-1,Black,<=5s vs <=5s,2614
ylxR6noE,79,0-1,White,<=5s vs 5-10s,1790
rU8Dexm1,95,1-0,White,<=5s vs 15-20s,1949
OUGci7DW,90,0-1,Black,<=5s vs 15-20s,2350
w5xOfIqL,103,1-0,White,<=5s vs 15-20s,2279
3eTfwduZ,81,1-0,White,<=5s vs 10-15s,1635
51Zul4JL,64,0-1,Black,<=5s vs 5-10s,1591
K6B5BMWf,68,0-1,Black,<=5s vs 15-20s,2000
ZyETpHW2,128,0-1,Black,<=5s vs 10-15s,2567
21sg1ADy,64,0-1,Black,<=5s vs 15-20s,1147
3tGGhQno,94,1/2-1/2,Black,<=5s vs 15-20s,2163
M1mnQcUY,64,0-1,Black,<=5s vs 15-20s,2405
bBJINghW,70,1-0,Black,<=5s vs <=5s,2185
nCLNZFn8,56,0-1,Black,<=5s vs 5-10s,1631
dIealNbH,130,1/2-1/2,Black,<=5s vs 5-10s,2276
D57GuRRZ,124,0-1,Black,<=5s vs 15-20s,1637
a3qAodWR,57,1-0,White,<=5s vs 5-10s,1782
5QhUkGiX,95,1-0,White,<=5s vs 15-20s,1986
aqWCbQxl,77,0-1,White,<=5s vs 5-10s,1575
ry0TknUa,62,0-1,Black,<=5s vs 10-15s,1036
oP73nwVZ,40,0-1,Black,<=5s vs 10-15s,1245
5sLPX66S,73,1-0,White,<=5s vs 5-10s,2082
4VurvW9R,60,0-1,Black,<=5s vs 15-20s,1582
DB8lPZYS,81,1/2-1/2,White,<=5s vs <=5s,2014
6vJ4VhkO,38,0-1,Black,<=5s vs 15-20s,1007
PMd9doEk,88,0-1,Black,<=5s vs 15-20s,2327
Uw6xNhyI,50,0-1,Black,<=5s vs 15-20s,1279
kspLYgCm,58,0-1,Black,<=5s vs 10-15s,2487
IUIqeTi4,52,0-1,Black,<=5s vs 5-10s,1716
hdVVd9wW,82,0-1,Black,<=5s vs 15-20s,1443
EviYCypF,57,1-0,White,<=5s vs 10-15s,1377
xybZPuNp,112,0-1,Black,<=5s vs <=5s,2115
3oGvu6CB,65,1-0,White,<=5s vs 15-20s,2034
ArdfLIzs,94,0-1,Black,<=5s vs 5-10s,2247
YaQ0zbyy,74,0-1,Black,<=5s vs 15-20s,1660
YhCVoMBv,58,0-1,Black,<=5s vs 15-20s,1988
RJAliT0j,51,1-0,White,<=5s vs 15-20s,2040
5slmgpFE,79,1-0,White,<=5s vs 10-15s,2001
e6h5DzRP,62,0-1,Black,<=5s vs 10-15s,2198
2AErvbik,57,1-0,White,<=5s vs <=5s,1261
m7MmaxDF,58,1/2-1/2,Black,<=5s vs 5-10s,2007
2cZYS9Br,49,1-0,White,<=5s vs 5-10s,1455
9GZox47H,56,0-1,Black,<=5s vs <=5s,1442
bsdtWm8k,77,0-1,White,<=5s vs <=5s,2236
VY2Lf0D1,98,1/2-1/2,Black,<=5s vs <=5s,2744
EZdeASL5,53,0-1,White,<=5s vs 10-15s,2047
KxkTJ8cI,55,1-0,White,<=5s vs 15-20s,1831
uxb8R6DT,89,1-0,White,<=5s vs 5-10s,1531
zPBg16t1,60,0-1,Black,<=5s vs 10-15s,1649
utUR71gf,78,0-1,Black,<=5s vs 10-15s,1948
IsZCLuBl,68,0-1,Black,<=5s vs 5-10s,1864
89aGi5HD,59,1-0,White,<=5s vs 10-15s,1163
F6u51hb6,73,1-0,White,<=5s vs 10-15s,2385
nKuX9Q4R,97,1-0,White,<=5s vs 5-10s,1993
BN9jnlI6,98,0-1,Black,<=5s vs 5-10s,1882
jzEAFN1I,51,1-0,White,<=5s vs 5-10s,1061
Eo0SBWXR,78,0-1,Black,<=5s vs 15-20s,2257
l1EIZTb3,70,0-1,Black,<=5s vs <=5s,1905
Lk5BHK8D,76,0-1,Black,<=5s vs 5-10s,2518
0nVx6Wh6,73,1-0,White,<=5s vs 10-15s,1982
Pduc212U,124,0-1,Black,<=5s vs 5-10s,2049
WeTy0xgi,82,0-1,Black,<=5s vs 10-15s,1920
ThNTvmra,77,0-1,White,<=5s vs <=5s,2159
flotm3NX,38,0-1,Black,<=5s vs 5-10s,1136
9fytwL8J,54,0-1,Black,<=5s vs 10-15s,1182
AR87uXou,97,1-0,White,<=5s vs <=5s,2504
bP5zhdYh,96,0-1,Black,<=5s vs 10-15s,1915
JM1sqbF5,89,1-0,White,<=5s vs 5-10s,1920
0Mlt6tV8,73,1-0,White,<=5s vs 5-10s,2509
9iy6GFVT,53,1-0,White,<=5s vs 15-20s,1253
rx8NRSGe,117,1-0,White,<=5s vs 15-20s,2104
YSzEnFsb,71,1-0,White,<=5s vs 15-20s,2125
Dg2CRjUJ,70,0-1,Black,<=5s vs <=5s,1971
LgYl0Q5y,94,1/2-1/2,Black,<=5s vs 15-20s,2189
VtPUHbYx,59,1-0,White,<=5s vs 15-20s,1439
XAZ259gx,111,1/2-1/2,White,<=5s vs 5-10s,2172
4wsTI4p0,146,0-1,Black,<=5s vs <=5s,2412
Pkikhsh8,106,0-1,Black,<=5s vs <=5s,1389
Dv4fnJOp,78,0-1,Black,<=5s vs 10-15s,1503
lLpzWI0w,89,1-0,White,<=5s vs 10-15s,2308
VGOGEiA5,62,0-1,Black,<=5s vs 15-20s,1463
WNVeSdcG,96,0-1,Black,<=5s vs 10-15s,1957
I1JMRuFm,76,1-0,Black,<=5s vs 5-10s,1533
caVbRdQv,57,1-0,White,<=5s vs 5-10s,1644
EFb5IvM3,69,1-0,White,<=5s vs 15-20s,1659
Pz07aXwW,96,0-1,Black,<=5s vs <=5s,2264
1Jm5ZLLK,68,0-1,Black,<=5s vs 10-15s,1615
2d2iR9jZ,69,1-0,White,<=5s vs <=5s,1963
yh34DVmY,72,0-1,Black,<=5s vs 5-10s,1487
4PGgDURn,85,0-1,White,<=5s vs <=5s,1849
LqzIycpZ,86,0-1,Black,<=5s vs 15-20s,1465
tPE6lHNf,65,1-0,White,<=5s vs 15-20s,1943
BEamXOQY,107,1-0,White,<=5s vs 5-10s,2547
PnP4BGpK,58,0-1,Black,<=5s vs 15-20s,1581
jK5e0wDF,67,1-0,White,<=5s vs 10-15s,1820
IYi4ersf,101,1-0,White,<=5s vs 10-15s,2064
VMQtVVr9,42,1-0,Black,<=5s vs 5-10s,1449
2e0q5S1C,75,1-0,White,<=5s vs 10-15s,1663
0mcto7QX,59,1-0,White,<=5s vs <=5s,1242
KQXhiEVs,65,1-0,White,<=5s vs 10-15s,2126
9Algg48q,98,0-1,Black,<=5s vs 5-10s,2316
ksinsaj0,59,1-0,White,<=5s vs 10-15s,1436
Wrm14NyT,75,1-0,White,<=5s vs 5-10s,1304
K464zDV2,56,0-1,Black,<=5s vs 10-15s,1995
OctZEuqd,62,0-1,Black,<=5s vs 5-10s,1558
1GXfAeT8,54,0-1,Black,<=5s vs 15-20s,1200
DGEiT2Xz,41,1-0,White,<=5s vs 10-15s,1480
YfO0L1VC,112,1-0,Black,<=5s vs 5-10s,2100
oR68Vc16,56,1-0,Black,<=5s vs 5-10s,1523
7jKrm39i,139,1/2-1/2,White,<=5s vs 15-20s,2259
Jdlc24fJ,60,0-1,Black,<=5s vs <=5s,1168
71emoXyU,72,0-1,Black,<=5s vs 15-20s,2105
IBFci9gg,62,0-1,Black,<=5s vs 15-20s,2150
TU4D2pFx,54,0-1,Black,<=5s vs 10-15s,1543
z5MkagPq,46,0-1,Black,<=5s vs 10-15s,1091
2IKXFX6Z,154,0-1,Black,<=5s vs 15-20s,2443
qfr4iST9,106,0-1,Black,<=5s vs <=5s,2438
9EwH4r5S,93,1-0,White,<=5s vs 10-15s,1701
k76tHUJv,53,1-0,White,<=5s vs 15-20s,983
6kJrDB70,99,1-0,White,<=5s vs 10-15s,2413
LvDqFmN3,65,1-0,White,<=5s vs 5-10s,1149
al6LLsFB,54,0-1,Black,<=5s vs 15-20s,1235
ahGfPoOS,67,1-0,White,<=5s vs 10-15s,1832
3vwIpBhP,66,0-1,Black,<=5s vs 5-10s,1695
UKlf6uKp,100,1-0,Black,<=5s vs <=5s,2024
QWtpA4aI,61,1-0,White,<=5s vs 5-10s,1800
19PDrKtc,78,0-1,Black,<=5s vs 5-10s,2077
ET9HSg2p,110,0-1,Black,<=5s vs 5-10s,2270
aA5sLeAc,105,1-0,White,<=5s vs 5-10s,2348
hdPziM5m,64,0-1,Black,<=5s vs 5-10s,1771
XBirLl8m,76,1-0,Black,<=5s vs <=5s,1114
9MVAgvtI,88,1/2-1/2,Black,<=5s vs 15-20s,2572
evyPgFp3,110,0-1,Black,<=5s vs 10-15s,2198
IPcfyjSe,71,1-0,White,<=5s vs 10-15s,1968
VgaLYGop,89,1-0,White,<=5s vs 10-15s,1816
IROWkQJ3,102,0-1,Black,<=5s vs 5-10s,2170
n1F1884m,45,1-0,White,<=5s vs 15-20s,1660
OEFgg3T2,98,0-1,Black,<=5s vs 15-20s,2353
A8rjDHzA,106,1/2-1/2,Black,<=5s vs 5-10s,2110
v5qptMyt,50,0-1,Black,<=5s vs 5-10s,1009
0Koe9nYS,67,1-0,White,<=5s vs 10-15s,2165
SLOR5lU2,100,1-0,Black,<=5s vs <=5s,2236
w1pnLYNT,54,0-1,Black,<=5s vs 10-15s,1936
R8q7IXh3,110,1/2-1/2,Black,<=5s vs 5-10s,2369
ABcniNOS,78,0-1,Black,<=5s vs 5-10s,2114
ONsSsrTR,34,0-1,Black,<=5s vs <=5s,1116
axZnp1O3,82,0-1,Black,<=5s vs <=5s,2293
15pSQ291,58,0-1,Black,<=5s vs 15-20s,1916
4Itij3LV,105,1-0,White,<=5s vs 10-15s,2227
9uGOCD4G,58,0-1,Black,<=5s vs <=5s,1211
Na7ouCLm,64,0-1,Black,<=5s vs 15-20s,1853
e1pBUwmB,76,0-1,Black,<=5s vs 15-20s,1746
iT8a4OdE,75,1-0,White,<=5s vs 15-20s,1604
WYi7h4B4,41,0-1,White,<=5s vs 10-15s,1091
2GwA1gDG,85,1-0,White,<=5s vs 5-10s,2240
cbx2Z0cu,50,0-1,Black,<=5s vs 15-20s,2277
NkKBXKjl,82,0-1,Black,<=5s vs 5-10s,1436
7pzouMjl,98,0-1,Black,<=5s vs 10-15s,2667
VMAXjjEu,67,1-0,White,<=5s vs 5-10s,1023
GE2vIL4t,88,1-0,Black,<=5s vs 5-10s,2193
OoywgM0q,70,0-1,Black,<=5s vs <=5s,1879
TIKXbUK5,154,1/2-1/2,Black,<=5s vs 15-20s,2766
P7IFoaf2,49,1-0,White,<=5s vs 10-15s,1307
I4eL5Jbt,58,0-1,Black,<=5s vs <=5s,1802
u74bpZlI,67,1-0,White,<=5s vs 5-10s,1704
AZKbH3C1,121,1-0,White,<=5s vs 5-10s,2414
hf8vmHmk,63,1-0,White,<=5s vs 10-15s,1713
4zqwE61I,42,1-0,Black,<=5s vs 10-15s,1339
74tfzmHO,95,1-0,White,<=5s vs 10-15s,2329
whOl3iFE,119,0-1,White,<=5s vs <=5s,2923
dmHhqYut,124,0-1,Black,<=5s vs 10-15s,2525
uxZmvXVo,61,1-0,White,<=5s vs 5-10s,1088
czu7XIOP,89,1-0,White,<=5s vs 15-20s,1877
mpMFs0DY,62,0-1,Black,<=5s vs 5-10s,1097
BdwAqYCg,62,0-1,Black,<=5s vs 10-15s,1949
9OkKUqlj,89,1-0,White,<=5s vs 10-15s,1843
Vzb4tI6u,108,1-0,Black,<=5s vs <=5s,1962
q02u4wIm,66,0-1,Black,<=5s vs 5-10s,2336
uEbPiKw5,47,1-0,White,<=5s vs 10-15s,1974
sx2OiLy6,68,1-0,Black,<=5s vs <=5s,1741
sPwfvecN,60,1-0,Black,<=5s vs 5-10s,1592
KfGgwyDZ,88,1-0,Black,<=5s vs <=5s,2323
im4Jkc4y,43,0-1,White,<=5s vs <=5s,1660
9IqJc8VJ,63,1-0,White,<=5s vs 5-10s,1506
fYEqd4cx,60,1-0,Black,<=5s vs 10-15s,1617
mgLSqj6p,51,1-0,White,<=5s vs 10-15s,1077
JBQkSrQo,58,0-1,Black,<=5s vs 15-20s,1611
icAQiZuR,79,0-1,White,<=5s vs 5-10s,2944
ktWQ8BYG,42,0-1,Black,<=5s vs 15-20s,1639
JHUlmExm,87,1-0,White,<=5s vs 5-10s,2073
SYNGBcN9,132,0-1,Black,<=5s vs 15-20s,2251
BQTaT5Ss,71,1-0,White,<=5s vs 5-10s,1877
eVkODUfe,72,0-1,Black,<=5s vs 10-15s,1998
2ItLoJD5,61,1-0,White,<=5s vs <=5s,1382
XKXJ4l3q,92,1-0,Black,<=5s vs <=5s,694
lvhewBnB,53,1-0,White,<=5s vs 15-20s,1813
vgmJ5teU,46,0-1,Black,<=5s vs 5-10s,980
pG3llALb,53,1-0,White,<=5s vs 5-10s,1186
Lcwiuc6j,56,0-1,Black,<=5s vs 10-15s,1210
jdROcumJ,97,0-1,White,<=5s vs 5-10s,1911
NPGcxBpq,129,1-0,White,<=5s vs <=5s,2180
9AjzwM3S,66,0-1,Black,<=5s vs 10-15s,1832
6WIxjDZE,93,1/2-1/2,White,<=5s vs 5-10s,2704
Q9ZbSm7H,60,1-0,Black,<=5s vs 5-10s,1182
vzxOFnhk,129,1/2-1/2,White,<=5s vs 10-15s,2500
7RIruNSz,50,0-1,Black,<=5s vs 5-10s,1170
M2EQ0Jur,65,1-0,White,<=5s vs 5-10s,2172
xyLJCpZZ,134,1-0,Black,<=5s vs 5-10s,2373
TfeeKZZL,52,0-1,Black,<=5s vs 5-10s,1248
UceJ0sPC,46,0-1,Black,<=5s vs 15-20s,1426
9W2GjpdZ,58,0-1,Black,<=5s vs 5-10s,1622
tbJhtTFm,55,1-0,White,<=5s vs 15-20s,1143
alHqaNm2,48,0-1,Black,<=5s vs 5-10s,627
2AxRNQqd,136,1/2-1/2,Black,<=5s vs 5-10s,2548
ULYZbOYX,98,0-1,Black,<=5s vs 10-15s,2436
wFxPUSyM,56,1-0,Black,<=5s vs 5-10s,1588
8glKPizY,110,0-1,Black,<=5s vs 5-10s,1616
v1qWQYE2,99,1-0,White,<=5s vs 15-20s,1356
kzjRtZX7,113,1-0,White,<=5s vs 5-10s,2262
YTMGCZy6,83,1-0,White,<=5s vs 15-20s,2165
K2oOaN27,79,0-1,White,<=5s vs 5-10s,1870
8SWCS9jU,106,0-1,Black,<=5s vs 5-10s,2111
NjZjUD9s,41,1-0,White,<=5s vs 15-20s,1209
D7jqxEiG,79,1-0,White,<=5s vs 10-15s,1497
4HhYiRNa,66,0-1,Black,<=5s vs 5-10s,1906
ZDZHec9K,41,1-0,White,<=5s vs 10-15s,957
CyKcQdNI,99,1/2-1/2,White,<=5s vs 5-10s,2306
WGmBa9Ki,111,1-0,White,<=5s vs 15-20s,2080
5tiVcnfV,63,1-0,White,<=5s vs 15-20s,2132
mklnfktC,68,0-1,Black,<=5s vs <=5s,1305
HtPa8D4T,60,0-1,Black,<=5s vs 15-20s,1340
QoPrtw6e,75,1-0,White,<=5s vs 15-20s,1886
lHOxEsXQ,47,1-0,White,<=5s vs 15-20s,1360
5ju6I5rA,97,1-0,White,<=5s vs 15-20s,2338
bpsUoQlS,81,0-1,White,<=5s vs 10-15s,1807
8ojZPF83,108,0-1,Black,<=5s vs 15-20s,2638
822f3ldx,84,1/2-1/2,Black,<=5s vs 5-10s,2186
yMrmUxjz,56,0-1,Black,<=5s vs 5-10s,1826
5YBL1MZj,84,0-1,Black,<=5s vs 15-20s,2438
vqgkPf7w,86,0-1,Black,<=5s vs 10-15s,1692
6Gpp7nkb,76,0-1,Black,<=5s vs 10-15s,1325
Ovm7SbR9,69,1-0,White,<=5s vs 10-15s,1948
T5wThQO0,127,1-0,White,<=5s vs 15-20s,2315
3ZgRZ6V4,63,1-0,White,<=5s vs 15-20s,2448
VAOtqkiz,81,0-1,White,<=5s vs 5-10s,1610
tX7lLz14,84,1-0,Black,<=5s vs <=5s,2328
hytQBEnA,75,1-0,White,<=5s vs 10-15s,990
QEHmTjDq,55,1-0,White,<=5s vs 15-20s,1530
cdHHR2I1,50,0-1,Black,<=5s vs 5-10s,1302
4mO6IDSl,92,0-1,Black,<=5s vs <=5s,1500
VHNgObr2,64,0-1,Black,<=5s vs 5-10s,1783
ulkZHgIY,73,1-0,White,<=5s vs 5-10s,2035
54VQJ3ma,48,1-0,Black,<=5s vs 15-20s,1226
DGZknExe,85,1-0,White,<=5s vs 5-10s,1890
Tg4UjgZC,95,0-1,White,<=5s vs <=5s,1532
KFCX1tXH,56,1-0,Black,<=5s vs 5-10s,1026
oNcqJITx,83,0-1,White,<=5s vs 5-10s,2010
DJQ7wZ2R,49,1-0,White,<=5s vs 5-10s,1533
PW9R3cA1,47,1-0,White,<=5s vs 10-15s,1251
NGTas1kW,93,1/2-1/2,White,<=5s vs 15-20s,1910
10BeVpEL,95,1-0,White,<=5s vs 5-10s,2210
GbcgXazD,72,1-0,Black,<=5s vs 5-10s,2022
f3826HLG,74,0-1,Black,<=5s vs 10-15s,2452
SJFVuJ00,91,1-0,White,<=5s vs <=5s,1779
Q0kp7ONX,70,1-0,Black,<=5s vs <=5s,2328
CbNYt2dZ,100,1/2-1/2,Black,<=5s vs 10-15s,2828
QeWylcQ6,115,1-0,White,<=5s vs <=5s,2359
HADxobmm,84,0-1,Black,<=5s vs 15-20s,2006
2xCjyEGt,50,0-1,Black,<=5s vs 15-20s,1500
9RfhPvby,74,0-1,Black,<=5s vs 10-15s,2108
vxlIMvSN,41,1-0,White,<=5s vs 5-10s,1387
hbwjldWV,84,0-1,Black,<=5s vs 10-15s,2525
GXVL5tnN,126,0-1,Black,<=5s vs 5-10s,2179
V4g4j3KJ,76,1-0,Black,<=5s vs 10-15s,1998
kPLpcd1w,128,0-1,Black,<=5s vs 10-15s,1600
Mf7SxGwD,57,1-0,White,<=5s vs 10-15s,795
ENID6UKg,75,1-0,White,<=5s vs 5-10s,2121
F2YTp6Au,48,0-1,Black,<=5s vs <=5s,949
G8MBNV7B,56,1-0,Black,<=5s vs <=5s,999
2Di1IGwm,78,0-1,Black,<=5s vs <=5s,2367
CfJfuCm5,56,0-1,Black,<=5s vs 5-10s,1829
R6V6J4ii,73,1-0,White,<=5s vs 5-10s,2164
YxyXl9AK,45,1-0,White,<=5s vs 15-20s,1303
RrUZeHSg,101,1-0,White,<=5s vs 10-15s,2365
gxlbTpKh,52,0-1,Black,<=5s vs 10-15s,1497
mmvECxNK,89,1/2-1/2,White,<=5s vs 5-10s,1639
eufmIDoM,52,0-1,Black,<=5s vs 15-20s,1282
blESJkZj,77,1-0,White,<=5s vs 5-10s,1396
2MVcfYlF,87,1-0,White,<=5s vs 15-20s,2110
5QpqAJJO,82,0-1,Black,<=5s vs 10-15s,2147
4AJtCR1a,52,0-1,Black,<=5s vs 15-20s,2109
BTCYYKII,51,1-0,White,<=5s vs 10-15s,1878
Yw2XYf2n,54,0-1,Black,<=5s vs <=5s,1598
MrsRNgIK,98,0-1,Black,<=5s vs 10-15s,2883
5JR204rX,65,1-0,White,<=5s vs 15-20s,1500
PvmVaj62,77,1-0,White,<=5s vs 15-20s,2239
8LwvhI6x,57,1-0,White,<=5s vs 5-10s,1792
XiqMn3ux,88,1/2-1/2,Black,<=5s vs 5-10s,1883
5tYdCexg,68,0-1,Black,<=5s vs 5-10s,2475
NCPYb6VS,76,1-0,Black,<=5s vs 15-20s,1807
DMAPZkWX,63,1-0,White,<=5s vs 5-10s,1995
aEGbJwvZ,127,1/2-1/2,White,<=5s vs 10-15s,1768
7ieRGVrm,65,1-0,White,<=5s vs 15-20s,1814
5HFQEH2m,57,1-0,White,<=5s vs 5-10s,1785
KguDoeKt,93,1-0,White,<=5s vs 10-15s,1171
6THqC0yS,44,0-1,Black,<=5s vs 15-20s,1389
KUJUlP2A,80,0-1,Black,<=5s vs <=5s,2224
2BYhwpr2,71,1-0,White,<=5s vs 5-10s,1539
lGOv2Xim,124,0-1,Black,<=5s vs 5-10s,2557
eGtz334k,101,1-0,White,<=5s vs 5-10s,2230
XA8yseZD,61,1-0,White,<=5s vs 10-15s,2053
6VfX7oK2,134,0-1,Black,<=5s vs 5-10s,989
vgrYCJzf,92,0-1,Black,<=5s vs <=5s,1831
TTpUajFc,72,0-1,Black,<=5s vs 5-10s,1017
YnzkFddp,41,1-0,White,<=5s vs 15-20s,1091
FpabXfRS,81,1-0,White,<=5s vs 10-15s,2347
my822zjN,96,1-0,Black,<=5s vs 5-10s,1722
zgKBRPfP,71,0-1,White,<=5s vs 5-10s,1764
57S5vPT9,76,0-1,Black,<=5s vs 10-15s,1686
hhymStVs,95,0-1,White,<=5s vs <=5s,2157
N4VduOFr,67,1-0,White,<=5s vs 5-10s,1674
GFRHcRYz,52,0-1,Black,<=5s vs 15-20s,1334
IYieuRMP,76,0-1,Black,<=5s vs 5-10s,1745
6itIxetI,66,0-1,Black,<=5s vs 5-10s,719
Zy37SDzI,91,1-0,White,<=5s vs 5-10s,2363
G9fR117n,73,1-0,White,<=5s vs 15-20s,2115
pXsJZGXE,73,1-0,White,<=5s vs 10-15s,2214
GA98NLwh,42,1-0,Black,<=5s vs 5-10s,1923
ATVxpAmO,47,1-0,White,<=5s vs 15-20s,1317
G5VTWv6H,84,0-1,Black,<=5s vs 15-20s,2047
YS91KyAS,61,1-0,White,<=5s vs 10-15s,2190
i6SjT3JA,60,0-1,Black,<=5s vs 5-10s,1456
FoFCTGT4,70,1-0,Black,<=5s vs 5-10s,1471
PDyIOHi3,72,0-1,Black,<=5s vs 15-20s,1770
HGpPPyla,56,0-1,Black,<=5s vs 10-15s,2021
8SpPynsr,74,1-0,Black,<=5s vs <=5s,1669
5TiZAMuK,49,0-1,White,<=5s vs <=5s,1751
4iDG375r,80,0-1,Black,<=5s vs 15-20s,1779
PAyFrrS9,94,0-1,Black,<=5s vs 10-15s,2396
SOPF2mdV,60,0-1,Black,<=5s vs 15-20s,1480
0QdrCY4X,70,0-1,Black,<=5s vs 10-15s,1492
IBHCNXUY,79,1-0,White,<=5s vs 5-10s,1937
zWl0IxCA,58,0-1,Black,<=5s vs <=5s,1599
P3DO7eCp,104,1/2-1/2,Black,<=5s vs 5-10s,2040
UTyjFaIb,60,0-1,Black,<=5s vs 5-10s,2043
yHTBVtDM,55,1-0,White,<=5s vs 15-20s,1504
RTqXAQj4,41,1-0,White,<=5s vs 5-10s,1069
9aRWmtix,52,0-1,Black,<=5s vs 10-15s,1502
GiU1dg7s,84,0-1,Black,<=5s vs 5-10s,1825
dQ75RmCq,86,0-1,Black,<=5s vs 5-10s,1570
c3GYyf2Z,87,0-1,White,<=5s vs <=5s,1947
Zmhx4H4G,67,1-0,White,<=5s vs 10-15s,1696
MEhz5mQf,71,1-0,White,<=5s vs 15-20s,1238
RfqTKxjq,58,0-1,Black,<=5s vs 10-15s,1494
ONxBc9tQ,109,1-0,White,<=5s vs 10-15s,2916
jbEeUk44,71,0-1,White,<=5s vs 5-10s,1783
o1mni0OU,82,1-0,Black,<=5s vs <=5s,2012
9cDXlcNg,61,1-0,White,<=5s vs 5-10s,1719
8KGTKmyT,103,0-1,White,<=5s vs 5-10s,2363
8KTAi89I,69,1-0,White,<=5s vs 15-20s,1447
dWqBxoGm,89,1-0,White,<=5s vs 5-10s,1957
iuCJtcfT,96,1-0,Black,<=5s vs <=5s,2360
cDHzu8HR,54,0-1,Black,<=5s vs 10-15s,2042
u6kcMDcL,48,0-1,Black,<=5s vs 10-15s,1358
Y6z7CNBY,116,0-1,Black,<=5s vs 5-10s,2253
Qkxk5T65,85,1-0,White,<=5s vs 10-15s,1971
p703VgId,59,1-0,White,<=5s vs 5-10s,1032
5tdctlRY,114,1/2-1/2,Black,<=5s vs <=5s,2478
iqZqR8ct,54,0-1,Black,<=5s vs 10-15s,1269
NCk78E1I,108,0-1,Black,<=5s vs <=5s,2421
5prdEXzF,105,1-0,White,<=5s vs <=5s,2722
vSYws9mA,43,1-0,White,<=5s vs 5-10s,1031
3LYkNvsL,83,0-1,White,<=5s vs 5-10s,1252
aKwgbnEo,72,1-0,Black,<=5s vs 5-10s,1695
pkPU5aN1,90,0-1,Black,<=5s vs 15-20s,2085
TD6KRn3K,71,1-0,White,<=5s vs 10-15s,1897
r5NNhS5L,65,1-0,White,<=5s vs 15-20s,1179
9aY2v0tz,61,1-0,White,<=5s vs 15-20s,1847
0EcHUI95,75,0-1,White,<=5s vs <=5s,762
ErEx9rk1,106,0-1,Black,<=5s vs 15-20s,2215
2OTDg00d,143,1-0,White,<=5s vs 5-10s,2240
CSiCYeOW,63,1-0,White,<=5s vs 5-10s,2831
E985acMR,51,1-0,White,<=5s vs 10-15s,2009
uoBBCcJt,63,1-0,White,<=5s vs 5-10s,1763
cBtVZ4Vf,67,1-0,White,<=5s vs 10-15s,1592
jb2TEV2U,74,0-1,Black,<=5s vs 10-15s,831
uYv30NZB,112,1/2-1/2,Black,<=5s vs 5-10s,2453
dZwr0ya0,54,0-1,Black,<=5s vs 15-20s,2153
HGQCyDHq,114,1/2-1/2,Black,<=5s vs 5-10s,2522
pZRaYfpH,40,0-1,Black,<=5s vs 15-20s,907
d9CHtJXJ,129,1-0,White,<=5s vs 5-10s,2139
TXnlIe3X,59,1-0,White,<=5s vs 15-20s,1633
Jv5WGpgY,120,0-1,Black,<=5s vs 5-10s,1644
AcROtVxg,109,1-0,White,<=5s vs 5-10s,2440
VOmg43mY,92,0-1,Black,<=5s vs 10-15s,1995
tJp7iXx5,93,1-0,White,<=5s vs 5-10s,1085
GKrrP6bo,113,0-1,White,<=5s vs <=5s,2756
UHNjRjxg,52,0-1,Black,<=5s vs 15-20s,1259
aiqn9gxa,83,1-0,White,<=5s vs 10-15s,2507
0973TpyA,91,0-1,White,<=5s vs <=5s,1284
UHzQtDpN,62,0-1,Black,<=5s vs 5-10s,1225
n06Zoc5T,67,0-1,White,<=5s vs 15-20s,1571
uonuxJTY,46,0-1,Black,<=5s vs 5-10s,1244
oQa5pZq1,103,0-1,White,<=5s vs <=5s,2567
O7Eolc0L,67,1-0,White,<=5s vs 15-20s,1879
bJBrn50Z,142,0-1,Black,<=5s vs <=5s,2144
7BcvBQBw,49,1-0,White,<=5s vs 15-20s,1463
5G10Fvot,55,1-0,White,<=5s vs 15-20s,2025
WHb12D4x,80,0-1,Black,<=5s vs <=5s,1656
J50QBeyp,52,0-1,Black,<=5s vs 5-10s,1680
3DFbcUHr,65,1-0,White,<=5s vs 10-15s,1133
8EFwJNBE,71,1-0,White,<=5s vs 5-10s,2003
Eg6XnoBn,52,0-1,Black,<=5s vs 15-20s,1144
HNDOk6xa,87,1/2-1/2,White,<=5s vs <=5s,2645
akVPDhr4,58,0-1,Black,<=5s vs <=5s,943
2Xmj4BEJ,50,0-1,Black,<=5s vs 15-20s,1672
eh5945ST,76,0-1,Black,<=5s vs 5-10s,2411
oAbpmPtg,86,0-1,Black,<=5s vs 10-15s,2540
9KNRQTsw,119,0-1,White,<=5s vs 5-10s,2179
VrO145g9,106,0-1,Black,<=5s vs 15-20s,2249
Ncxcli7p,57,1-0,White,<=5s vs 15-20s,1917
gmR81Rrh,76,0-1,Black,<=5s vs 5-10s,1970
wkaP0CMC,87,1-0,White,<=5s vs 10-15s,2569
HF8bB5Mx,82,0-1,Black,<=5s vs 10-15s,1846
PXgXbNiZ,79,1-0,White,<=5s vs 5-10s,2456
3eh0GkUB,84,1/2-1/2,Black,<=5s vs 15-20s,1871
NZq7CR6W,90,0-1,Black,<=5s vs 5-10s,2069
4yC8YVFL,95,1-0,White,<=5s vs 15-20s,2346
BqfhVCAD,73,1-0,White,<=5s vs 5-10s,1602
bzCCif0a,136,0-1,Black,<=5s vs 15-20s,2402
crGuCa4U,58,1-0,Black,<=5s vs <=5s,2505
DmeUapWP,38,0-1,Black,<=5s vs 15-20s,1031
wkYfcE6S,47,1-0,White,<=5s vs 10-15s,1005
MSFJgbVH,74,0-1,Black,<=5s vs 5-10s,1354
GL4Hjnez,42,1-0,Black,<=5s vs 10-15s,1191
Hr02wT8T,118,0-1,Black,<=5s vs 15-20s,2459
trQkTIdw,72,0-1,Black,<=5s vs 10-15s,1954
asR2hL6V,70,0-1,Black,<=5s vs 5-10s,1215
UTEynxHE,75,1-0,White,<=5s vs 10-15s,1976
56SbD1qR,48,0-1,Black,<=5s vs 10-15s,1316
NMJX82MU,36,0-1,Black,<=5s vs 10-15s,1130
BwCrOhg6,67,0-1,White,<=5s vs 10-15s,2575
oZTJY1Kf,122,0-1,Black,<=5s vs 5-10s,1816
Z7ctu74Z,49,1-0,White,<=5s vs 10-15s,2022
ShKvYDZB,65,1-0,White,<=5s vs <=5s,1336
UlOgaomS,84,0-1,Black,<=5s vs 10-15s,2589
PJnAg2VL,78,0-1,Black,<=5s vs 10-15s,2678
DalFbTEC,72,0-1,Black,<=5s vs <=5s,1587
Lk9PunQs,57,1-0,White,<=5s vs 15-20s,1293
zdI3nfvK,81,1-0,White,<=5s vs 5-10s,2290
9dSbWpIU,52,0-1,Black,<=5s vs 10-15s,911
cgUj3P8J,67,1-0,White,<=5s vs 10-15s,1464
BgasPa8D,72,0-1,Black,<=5s vs 10-15s,1585
cxboH3d3,65,1-0,White,<=5s vs 10-15s,1637
rvQsjaYx,57,1-0,White,<=5s vs 5-10s,1199
Lbo4gFdB,83,1-0,White,<=5s vs 5-10s,2010
jGHq4pi8,54,0-1,Black,<=5s vs 5-10s,1027
bqGAfjNO,70,0-1,Black,<=5s vs 5-10s,2477
O6ahC8oK,80,1/2-1/2,Black,<=5s vs 5-10s,2171
MoVekHob,119,0-1,White,<=5s vs <=5s,1964
XlBet2zp,88,0-1,Black,<=5s vs 5-10s,1820
N5pEVMQB,124,1/2-1/2,Black,<=5s vs 15-20s,2018
RRHxJsgd,98,0-1,Black,<=5s vs 15-20s,1779
6TgilWFR,60,0-1,Black,<=5s vs 10-15s,1742
uqMrLJQj,59,0-1,White,<=5s vs <=5s,1401
hbHdLNV4,73,0-1,White,<=5s vs 5-10s,2196
DPkyMKby,66,0-1,Black,<=5s vs 5-10s,1251
cXrVNHhp,71,1-0,White,<=5s vs 15-20s,2263
4EmFGmFh,61,1-0,White,<=5s vs 15-20s,2724
ceo03Uwj,65,1-0,White,<=5s vs 10-15s,1806
i57RerYS,77,1-0,White,<=5s vs 5-10s,1535
unVX9qeB,74,0-1,Black,<=5s vs 5-10s,2368
lLAIB5z2,80,0-1,Black,<=5s vs 10-15s,2569
Kr91ZYDD,55,0-1,White,<=5s vs 5-10s,1069
sdp5hUDR,89,1-0,White,<=5s vs 10-15s,1425
rcmUdSbA,92,0-1,Black,<=5s vs 15-20s,1703
0lSOLOSt,89,0-1,White,<=5s vs 5-10s,2368
8ZT676Fw,66,0-1,Black,<=5s vs 15-20s,1996
7lhvNVW1,55,0-1,White,<=5s vs 10-15s,986
QfryvY4s,73,1-0,White,<=5s vs 15-20s,2648
dscIYEjK,47,1-0,White,<=5s vs 15-20s,1923
PKQx6iIc,102,0-1,Black,<=5s vs 5-10s,2663
c39MLGtn,56,1-0,Black,<=5s vs <=5s,1370
v4YcTNvc,80,0-1,Black,<=5s vs 5-10s,2194
vH0bsq0P,51,1-0,White,<=5s vs 10-15s,1760
Jz0VTyFy,57,1-0,White,<=5s vs 5-10s,2232
IKkge6J2,57,1-0,White,<=5s vs 15-20s,2111
PFmmivHD,108,0-1,Black,<=5s vs <=5s,2462
1G5flXJG,34,0-1,Black,<=5s vs 10-15s,1267
0djZGzC3,96,0-1,Black,<=5s vs 10-15s,1500
lTxtMrYl,58,0-1,Black,<=5s vs 15-20s,1140
G4xaaZnU,86,0-1,Black,<=5s vs 5-10s,1954
lDKJBmJt,59,1-0,White,<=5s vs 5-10s,1256
I0AqnNxM,54,0-1,Black,<=5s vs 10-15s,1185
yONHbAIl,89,1-0,White,<=5s vs 10-15s,1804
4vcCoHXE,93,1-0,White,<=5s vs 5-10s,2582
v50Yt9iC,105,0-1,White,<=5s vs 5-10s,2772
7NBEto2A,81,1-0,White,<=5s vs 10-15s,2173
wNBZgZeS,57,1-0,White,<=5s vs 10-15s,1463
HZ3fNbvq,63,1-0,White,<=5s vs 5-10s,1929
VeuStuT9,89,0-1,White,<=5s vs <=5s,2224
PURjV1T0,89,0-1,White,<=5s vs 5-10s,1991
warmBjpH,68,0-1,Black,<=5s vs 10-15s,2909
Ia1Q0a3N,53,1-0,White,<=5s vs 10-15s,1648
GNQsyZkI,51,1-0,White,<=5s vs 15-20s,2211
8yfoks8T,93,1-0,White,<=5s vs 15-20s,2405
YCWIvGOd,53,0-1,White,<=5s vs 5-10s,1128
XHiVFNNI,74,0-1,Black,<=5s vs 15-20s,2292
XxDmTaXC,64,0-1,Black,<=5s vs 10-15s,1199
25gIMcoe,61,1-0,White,<=5s vs 5-10s,1329
BpbCJu4W,66,0-1,Black,<=5s vs 5-10s,1466
PpPyqazQ,76,0-1,Black,<=5s vs 15-20s,2419
MN8OS1Gk,91,1-0,White,<=5s vs 10-15s,2187
BOj7A0k1,69,1-0,White,<=5s vs 10-15s,2263
Wg2o3TwF,64,1-0,Black,<=5s vs 10-15s,2241
ET065LG0,70,0-1,Black,<=5s vs 15-20s,1657
LMtQ4YXN,75,1-0,White,<=5s vs 5-10s,2162
NIyf9NzM,96,1/2-1/2,Black,<=5s vs <=5s,2267
RdsiY84J,88,0-1,Black,<=5s vs 5-10s,2214
rwQBYcfL,78,0-1,Black,<=5s vs <=5s,1273
WnoJCpiT,46,0-1,Black,<=5s vs 5-10s,914
Rd08lv4H,66,0-1,Black,<=5s vs 5-10s,2438
R9Qg1t5q,57,1-0,White,<=5s vs 5-10s,1675
VWWCt19c,70,0-1,Black,<=5s vs 10-15s,1209
2shTYiTd,119,1-0,White,<=5s vs <=5s,2278
sCfqzzuo,93,1-0,White,<=5s vs 15-20s,2279
PJE8wqOU,79,1-0,White,<=5s vs 10-15s,2221
Z78IYAsJ,69,1-0,White,<=5s vs 15-20s,1791
5zFppAbt,56,0-1,Black,<=5s vs 10-15s,1133
NxxgiyCn,80,1-0,Black,<=5s vs <=5s,2060
riU4e7Xe,75,1-0,White,<=5s vs <=5s,2281
H0l5O7NB,86,1/2-1/2,Black,<=5s vs 5-10s,1874
9QP6cQkA,61,1-0,White,<=5s vs 5-10s,2144
uVI6r2TJ,74,0-1,Black,<=5s vs 10-15s,2077
uwJ2c2RB,72,0-1,Black,<=5s vs 5-10s,1726
shE8dFsa,60,0-1,Black,<=5s vs <=5s,2137
yLg7qXiP,52,1-0,Black,<=5s vs 5-10s,1800
9jeCJPcC,93,0-1,White,<=5s vs <=5s,2930
mExNeMOd,64,0-1,Black,<=5s vs 15-20s,1276
rMJNEYdz,52,0-1,Black,<=5s vs 5-10s,1139
evT1CDdn,56,1-0,Black,<=5s vs 15-20s,1554
RvfvuYOw,101,0-1,White,<=5s vs 5-10s,2204
UVddrkmt,52,0-1,Black,<=5s vs 15-20s,687
hubYzeMd,58,0-1,Black,<=5s vs 15-20s,1301
SDF3F4Ay,67,1-0,White,<=5s vs 10-15s,1491
DWVcjCZ0,40,0-1,Black,<=5s vs 15-20s,1488
h0BiCl4V,82,0-1,Black,<=5s vs 10-15s,1315
zph3kmqP,73,0-1,White,<=5s vs <=5s,1845
rG3wqlba,70,0-1,Black,<=5s vs <=5s,1591
5LlPGoL8,57,1-0,White,<=5s vs 10-15s,2468
F1JzIuby,81,1-0,White,<=5s vs 5-10s,2241
NKh4IgqD,65,1-0,White,<=5s vs 10-15s,1810
igOBEydD,50,0-1,Black,<=5s vs 10-15s,1293
t0iE8NQv,53,1-0,White,<=5s vs 5-10s,1604
tyMePwH1,63,1-0,White,<=5s vs 15-20s,1851
DV44Xi7f,110,0-1,Black,<=5s vs 15-20s,2300
4xljE7g3,126,0-1,Black,<=5s vs 5-10s,2530
XRPIQDhZ,55,0-1,White,<=5s vs 5-10s,1655
P41f5Ib1,88,0-1,Black,<=5s vs 5-10s,1820
HJtyyitz,123,1/2-1/2,White,<=5s vs 5-10s,2089
0hB7CNca,68,0-1,Black,<=5s vs <=5s,2388
YGg9cdSY,46,0-1,Black,<=5s vs 10-15s,1029
6Ki0WTeA,95,1-0,White,<=5s vs 15-20s,2390
ECvSaH1B,57,1-0,White,<=5s vs 10-15s,1203
p0snLRyO,56,0-1,Black,<=5s vs 5-10s,1097
PYggplIS,96,0-1,Black,<=5s vs 5-10s,3027
x83VPzwL,68,0-1,Black,<=5s vs 10-15s,1864
g3Vcm9ze,103,1-0,White,<=5s vs <=5s,2481
A2U5AcT0,55,1-0,White,<=5s vs 15-20s,998
w0L8YEPV,50,0-1,Black,<=5s vs 10-15s,1540
KE0gPle9,75,1-0,White,<=5s vs 10-15s,1802
8O1w25gv,50,0-1,Black,<=5s vs 15-20s,1708
1hJLLxAd,62,0-1,Black,<=5s vs 15-20s,2664
EOFEbuBt,39,1-0,White,<=5s vs 5-10s,1370
5Hu3tIHv,36,0-1,Black,<=5s vs 15-20s,849
xc24uugn,49,1-0,White,<=5s vs 10-15s,1304
828kgRqv,112,1-0,Black,<=5s vs 10-15s,2180
vjnmO7Yd,72,0-1,Black,<=5s vs 15-20s,1501
DKH0FzGd,40,0-1,Black,<=5s vs <=5s,1193
WGrVPvqz,76,0-1,Black,<=5s vs 10-15s,1568
H73efUq5,61,1-0,White,<=5s vs 5-10s,1396
VZQSLFqq,60,0-1,Black,<=5s vs 10-15s,1656
kaOmEsfG,57,1-0,White,<=5s vs 5-10s,1145
jByn9lJ3,95,1-0,White,<=5s vs 5-10s,2127
a4OttNM2,64,0-1,Black,<=5s vs 15-20s,2358
Sb1nBV6Q,67,1-0,White,<=5s vs 5-10s,2451
VoQnsgcu,74,0-1,Black,<=5s vs 10-15s,2197
UCqD7wyR,58,0-1,Black,<=5s vs 5-10s,1291
eVxjNm6F,72,1-0,Black,<=5s vs <=5s,1351
eABj20dy,38,0-1,Black,<=5s vs 5-10s,782
IOD0DB2G,56,0-1,Black,<=5s vs 5-10s,1403
HuVF0T7j,55,1-0,White,<=5s vs <=5s,1533
oSJAedz3,57,1-0,White,<=5s vs 15-20s,1532
d4JX0q7K,120,1/2-1/2,Black,<=5s vs 15-20s,2035
5WTesvZB,61,1-0,White,<=5s vs 5-10s,2098
Us3JZOen,61,0-1,White,<=5s vs 5-10s,1379
0v4NihxR,60,0-1,Black,<=5s vs 5-10s,1707
cBwIwwiZ,76,1-0,Black,<=5s vs <=5s,1814
m0Jne5Jt,54,0-1,Black,<=5s vs 5-10s,1309
OUAnokrj,110,0-1,Black,<=5s vs 15-20s,1773
1I1022bS,53,1-0,White,<=5s vs 15-20s,973
M5GSNlA9,71,1-0,White,<=5s vs 5-10s,2018
mhbbUJKp,65,1-0,White,<=5s vs 5-10s,2080
Pebm094y,49,1-0,White,<=5s vs 10-15s,1245
mp9R7kor,61,1-0,White,<=5s vs 5-10s,1590
HgJD1eYV,61,1-0,White,<=5s vs 5-10s,930
5XsBuHi2,73,1-0,White,<=5s vs 10-15s,1093
k0B9iW34,73,1/2-1/2,White,<=5s vs 15-20s,2518
nxSAFFtJ,67,1-0,White,<=5s vs 10-15s,1582
4WBUM9Nm,66,0-1,Black,<=5s vs 5-10s,1006
GJYajm63,46,0-1,Black,<=5s vs 10-15s,750
DX5LJY3H,38,1-0,Black,<=5s vs 10-15s,1526
81vh6VIF,91,0-1,White,<=5s vs 10-15s,1677
pR0D8SCk,146,1-0,Black,<=5s vs 5-10s,2590
3L69YkOq,74,0-1,Black,<=5s vs 5-10s,1851
1dLdYpJt,87,0-1,White,<=5s vs 5-10s,2125
gbgI5fUV,93,1-0,White,<=5s vs 15-20s,2371
p5K9cAld,87,1/2-1/2,White,<=5s vs 15-20s,2445
Ek6EkrN4,53,1-0,White,<=5s vs 5-10s,1190
yrg9nAxY,47,1-0,White,<=5s vs 10-15s,1821
GdTNuo3o,80,0-1,Black,<=5s vs 10-15s,2210
e0y2cgIc,93,1-0,White,<=5s vs 5-10s,1810
OKfMwlIk,101,1-0,White,<=5s vs 15-20s,1908
9dMKkDvg,103,1-0,White,<=5s vs 5-10s,1820
eGZPPUlO,54,0-1,Black,<=5s vs <=5s,1950
egFfBvKv,38,0-1,Black,<=5s vs 15-20s,1101
sCNsjkjY,52,0-1,Black,<=5s vs 15-20s,1626
7gT8Cq3m,77,1-0,White,<=5s vs 10-15s,2051
WlQej9H6,92,1-0,Black,<=5s vs <=5s,2327
WE2Xg2GR,107,1-0,White,<=5s vs <=5s,2062
SPOcG7rM,101,1-0,White,<=5s vs 10-15s,1942
MkAPsnsi,85,1-0,White,<=5s vs 15-20s,2442
KBUODIta,101,1-0,White,<=5s vs 10-15s,1794
RAf5gjyF,67,1-0,White,<=5s vs 5-10s,990
YGctZnRF,71,1-0,White,<=5s vs 5-10s,991
Rfhjw6NF,109,0-1,White,<=5s vs <=5s,2341
J6iOhNgI,53,1-0,White,<=5s vs 10-15s,1640
V0zzyMiU,62,0-1,Black,<=5s vs 5-10s,1546
P2YlpBO0,103,1-0,White,<=5s vs 5-10s,2371
BargF8Jq,65,1-0,White,<=5s vs 5-10s,1838
a8PWAvrD,99,1-0,White,<=5s vs 10-15s,2196
0VT1MarT,77,1-0,White,<=5s vs 10-15s,1990
WYfE3G3j,87,1-0,White,<=5s vs <=5s,1631
NOyurzNl,53,1-0,White,<=5s vs 15-20s,1741
fxP52BM0,106,0-1,Black,<=5s vs 5-10s,1991
fRs8Kh0n,77,1-0,White,<=5s vs 10-15s,2262
Lq50rac5,53,1-0,White,<=5s vs 5-10s,2184
3Ywrpj65,91,1-0,White,<=5s vs 10-15s,2215
cxMQ3AJV,92,0-1,Black,<=5s vs <=5s,2166
4HkaGLEQ,40,1-0,Black,<=5s vs <=5s,1680
4yaUHdF5,62,0-1,Black,<=5s vs 5-10s,1572
LPyAr2FU,73,1-0,White,<=5s vs 5-10s,1802
KtLDGbtI,59,1-0,White,<=5s vs 15-20s,2018
WrCrMJz3,53,1-0,White,<=5s vs 10-15s,1550
RvVo7Tnm,86,0-1,Black,<=5s vs 5-10s,2549
HIzxK3HH,127,1-0,White,<=5s vs 10-15s,1577
NXi9DBp8,67,1-0,White,<=5s vs 15-20s,2356
OjpGTVRC,62,1-0,Black,<=5s vs 5-10s,1726
HOJzDOyK,41,1-0,White,<=5s vs 10-15s,912
rof5nxua,53,1-0,White,<=5s vs 10-15s,1200
3Y6BRAU8,65,1-0,White,<=5s vs 15-20s,2241
GRU7k3pe,114,0-1,Black,<=5s vs 5-10s,2414
6mNQgLF1,85,1-0,White,<=5s vs 5-10s,1483
CXLx947S,72,1-0,Black,<=5s vs <=5s,1419
JnUWW4yi,51,1-0,White,<=5s vs 5-10s,1635
szUJ1rn3,71,1-0,White,<=5s vs 15-20s,1529
KjDMByFj,62,0-1,Black,<=5s vs 10-15s,1413
dUpDgChi,64,1-0,Black,<=5s vs 10-15s,1715
afIZZ56S,81,1-0,White,<=5s vs 10-15s,2340
YW4g0anI,95,0-1,White,<=5s vs <=5s,1891
9L4KjMnV,71,1-0,White,<=5s vs 15-20s,1761
JV0QYjIU,81,1-0,White,<=5s vs 15-20s,2343
MQHTJBEy,94,0-1,Black,<=5s vs 5-10s,2148
pL7yLJIZ,83,1-0,White,<=5s vs 5-10s,1906
PxHmnRPH,96,0-1,Black,<=5s vs 5-10s,1886
sYFlV3ES,80,1-0,Black,<=5s vs 10-15s,2331
Ney5OsTQ,67,1-0,White,<=5s vs 10-15s,1723
ZB9Ozlij,109,1-0,White,<=5s vs 15-20s,2217
ZqCl1qtH,66,0-1,Black,<=5s vs 5-10s,1499
2IB7ITRP,89,1-0,White,<=5s vs <=5s,2132
Tcao6HG4,100,0-1,Black,<=5s vs 15-20s,1965
C8IHJDWU,56,0-1,Black,<=5s vs 10-15s,1838
FRIOcFLr,61,1-0,White,<=5s vs 15-20s,1439
OftcHGwY,57,1-0,White,<=5s vs 15-20s,2156
xT6J4qjZ,62,0-1,Black,<=5s vs 10-15s,2434
3COoCBds,74,1-0,Black,<=5s vs <=5s,2636
8rAFkaPG,47,1-0,White,<=5s vs 10-15s,2291
Q9wFXB9U,105,1-0,White,<=5s vs 15-20s,1966
4A663Xrr,57,1-0,White,<=5s vs 15-20s,2177
NysKoX5X,44,0-1,Black,<=5s vs <=5s,1884
oGvQwApH,80,1-0,Black,<=5s vs <=5s,2942
TnQjutHO,63,1-0,White,<=5s vs 10-15s,1801
DaxAR1HH,73,1-0,White,<=5s vs 5-10s,1587
3homEGL4,129,1-0,White,<=5s vs 5-10s,2427
4jbrh4fy,69,0-1,White,<=5s vs <=5s,1098
DYdyYxm6,116,1/2-1/2,Black,<=5s vs 10-15s,2484
OymqHDmf,60,1-0,Black,<=5s vs 5-10s,1942
7Dcz9JZK,47,1-0,White,<=5s vs 15-20s,1105
N11X8Y6Z,126,1/2-1/2,Black,<=5s vs <=5s,2239
OxNCSfhc,148,1/2-1/2,Black,<=5s vs 15-20s,2511
rkdPIsxa,68,0-1,Black,<=5s vs 10-15s,2039
ezpw9e6q,67,1-0,White,<=5s vs 15-20s,1651
avWAkOZe,64,0-1,Black,<=5s vs 5-10s,2101
s9zB8Fb5,48,1-0,Black,<=5s vs 10-15s,1611
IspBCphB,74,0-1,Black,<=5s vs <=5s,1989
aX34dAnS,135,1/2-1/2,White,<=5s vs 5-10s,2620
XPrlaYfY,59,1-0,White,<=5s vs 5-10s,1477
jq7fWtpK,49,1-0,White,<=5s vs 15-20s,1621
U4z3gNiF,62,0-1,Black,<=5s vs 15-20s,1840
n0sGio5z,93,1-0,White,<=5s vs 5-10s,2442
KOOZznrm,86,0-1,Black,<=5s vs 5-10s,2327
CNN9tmKv,48,0-1,Black,<=5s vs 10-15s,1017
nHZV3Jve,64,0-1,Black,<=5s vs 5-10s,1513
Xv56n18s,71,1-0,White,<=5s vs 10-15s,1798
HWs7A9UG,53,0-1,White,<=5s vs 15-20s,1899
DdVO2qrI,72,0-1,Black,<=5s vs 10-15s,1780
FT4U3Fvw,106,1/2-1/2,Black,<=5s vs 5-10s,2703
JW7HttQb,47,1-0,White,<=5s vs 15-20s,1560
OBpFYuAG,94,0-1,Black,<=5s vs 10-15s,2002
lv5tsTQ3,62,0-1,Black,<=5s vs 5-10s,2216
SuWIAiDu,52,0-1,Black,<=5s vs 15-20s,2266
cIFcskJB,80,0-1,Black,<=5s vs 10-15s,2306
17mywK52,47,1-0,White,<=5s vs 10-15s,1143
9vpSnnOX,82,0-1,Black,<=5s vs 5-10s,2221
U5kouC4e,143,1/2-1/2,White,<=5s vs 5-10s,2374
Q2Zxhm9S,57,1-0,White,<=5s vs 5-10s,1100
6evaVMb0,122,0-1,Black,<=5s vs 5-10s,2268
1TRZDc4R,41,1-0,White,<=5s vs 10-15s,1339
bhrbYWnK,56,1-0,Black,<=5s vs 5-10s,1423
wwzrHwxM,60,0-1,Black,<=5s vs 5-10s,1497
UIk1CxEJ,94,0-1,Black,<=5s vs 5-10s,2055
pWjhXX93,71,1-0,White,<=5s vs 15-20s,1646
TnGtNEuR,60,0-1,Black,<=5s vs 5-10s,1412
ZZZHOweP,67,1-0,White,<=5s vs 5-10s,1208
HEACiYQu,114,1/2-1/2,Black,<=5s vs 10-15s,2295
INV64LG4,95,1-0,White,<=5s vs 15-20s,2404
FD5q42Pg,52,0-1,Black,<=5s vs 10-15s,2020
bpLBrQ94,54,0-1,Black,<=5s vs 5-10s,1202
n08rHiaW,165,1-0,White,<=5s vs 15-20s,2120
IMdvxtde,57,1-0,White,<=5s vs 5-10s,1183
IUTZCZa8,89,1-0,White,<=5s vs 5-10s,2632
S0QSBMZZ,25,1-0,White,<=5s vs 15-20s,861
r0UEjspO,56,0-1,Black,<=5s vs 5-10s,1868
jFJEfeEt,49,0-1,White,<=5s vs 5-10s,944
ULyi8ZuO,62,0-1,Black,<=5s vs 15-20s,1530
ofKHES3p,137,1-0,White,<=5s vs 5-10s,1687
Q2f9UV6L,48,0-1,Black,<=5s vs 15-20s,1373
Fz903nMe,69,1-0,White,<=5s vs 5-10s,1967
ccpBpNvu,83,1-0,White,<=5s vs 15-20s,1105
41CRVJEA,98,1/2-1/2,Black,<=5s vs <=5s,2096
36DC8QoH,67,0-1,White,<=5s vs 15-20s,1732
WVBdLfg5,115,1/2-1/2,White,<=5s vs 15-20s,2360
59xy0IKv,84,0-1,Black,<=5s vs 5-10s,2458
0JRlX9uk,79,1-0,White,<=5s vs 15-20s,1241
QZ6AzR8V,84,0-1,Black,<=5s vs 5-10s,1966
MbU7tM4o,32,0-1,Black,<=5s vs 15-20s,750
DZKtlE5z,154,1-0,Black,<=5s vs <=5s,2473
707gS6p2,78,0-1,Black,<=5s vs 10-15s,1539
7LwsfsEO,145,1/2-1/2,White,<=5s vs 5-10s,1971
vZoYmmzh,91,1-0,White,<=5s vs <=5s,1548
sb6LXTIy,62,1-0,Black,<=5s vs <=5s,1613
v7kgFb4Q,34,0-1,Black,<=5s vs 5-10s,854
2jgKCQSy,73,1-0,White,<=5s vs 10-15s,1965
Kq3r1ZyP,68,0-1,Black,<=5s vs 5-10s,1576
pxacBU3r,57,1-0,White,<=5s vs 15-20s,3007
bu0qiaT8,55,1-0,White,<=5s vs 5-10s,868
155ijTiN,97,1-0,White,<=5s vs 5-10s,2059
DCEFS8Ug,85,1-0,White,<=5s vs 5-10s,2135
3KUb2Xox,73,1-0,White,<=5s vs 5-10s,1843
WHnXJtZe,75,0-1,White,<=5s vs <=5s,1667
l3lhZ2ZP,74,0-1,Black,<=5s vs 15-20s,2173
jZHU0x6Y,77,1-0,White,<=5s vs 10-15s,1823
rr4y9ApE,70,0-1,Black,<=5s vs <=5s,856
LXwBqwBb,69,1-0,White,<=5s vs 10-15s,1287
YSIWeZ1W,81,0-1,White,<=5s vs <=5s,1834
Kdq5lXHa,84,0-1,Black,<=5s vs 10-15s,1934
CmKbOCJd,82,0-1,Black,<=5s vs 5-10s,2207
KFe6I2XQ,93,1-0,White,<=5s vs 5-10s,2815
BASgsclV,70,0-1,Black,<=5s vs 5-10s,1603
Th52JE5X,80,1-0,Black,<=5s vs 10-15s,2194
rC0ckmC2,43,1-0,White,<=5s vs 15-20s,1172
IbZonydr,89,1-0,White,<=5s vs 15-20s,2168
DrXEfKfB,59,1-0,White,<=5s vs 15-20s,1321
AuQQXvyM,71,1-0,White,<=5s vs 15-20s,1928
ppcTDGNN,54,0-1,Black,<=5s vs 5-10s,1521
sJYzSnN0,71,1-0,White,<=5s vs 5-10s,1562
VXipKqyL,61,1-0,White,<=5s vs 15-20s,1338
TKtCrqiA,114,1/2-1/2,Black,<=5s vs 15-20s,1261
25uNg2fV,103,1-0,White,<=5s vs 5-10s,1790
RgKJKcQH,53,1-0,White,<=5s vs 15-20s,1628
TjnDIvBV,77,1-0,White,<=5s vs 5-10s,2438
EXAYQJHp,71,1-0,White,<=5s vs 5-10s,2525
vrqMpNAP,121,1-0,White,<=5s vs 5-10s,2910
Ulb5N3rO,59,1-0,White,<=5s vs 10-15s,1277
MKC4MDrY,54,0-1,Black,<=5s vs 15-20s,1444
drxzP3WI,68,0-1,Black,<=5s vs <=5s,1611
QvN2so35,61,1-0,White,<=5s vs <=5s,1119
QKBSdeZu,84,0-1,Black,<=5s vs 10-15s,2351
7dsYQfVN,68,0-1,Black,<=5s vs 5-10s,2435
PbXieA20,65,1-0,White,<=5s vs 15-20s,1599
YexAz6JA,94,0-1,Black,<=5s vs <=5s,2070
cmGV1vlQ,40,1-0,Black,<=5s vs 5-10s,758
cGKw76Iu,125,0-1,White,<=5s vs <=5s,2064
V8asLh0i,99,1-0,White,<=5s vs 15-20s,2402
52k8HKta,88,0-1,Black,<=5s vs 15-20s,1911
Sjsaq3gy,72,0-1,Black,<=5s vs 15-20s,1795
U1LfYjtY,140,1/2-1/2,Black,<=5s vs 5-10s,2497
SZwvwV45,72,1-0,Black,<=5s vs 5-10s,2379
S9lTcfQT,74,1-0,Black,<=5s vs <=5s,2088
CoJxf3Bl,93,0-1,White,<=5s vs 5-10s,2233
0CwCJatz,70,0-1,Black,<=5s vs 5-10s,2099
tZS3zHwZ,88,0-1,Black,<=5s vs 10-15s,1709
7jRQLH8H,58,0-1,Black,<=5s vs 15-20s,2178
yRwMOSDd,44,0-1,Black,<=5s vs 10-15s,1445
pMrZ2WXq,81,0-1,White,<=5s vs 15-20s,1878
uYc693JE,48,0-1,Black,<=5s vs 5-10s,1533
jsQdARmN,48,0-1,Black,<=5s vs 5-10s,1570
BL4ANEM4,54,1-0,Black,<=5s vs 15-20s,1051
sjsxauCx,60,0-1,Black,<=5s vs 15-20s,909
JJw4pqQV,62,0-1,Black,<=5s vs 5-10s,740
JeknV2Ih,77,1-0,White,<=5s vs 5-10s,1600
Z7jd7Cv0,43,1-0,White,<=5s vs 5-10s,1181
m7AjZD9i,56,0-1,Black,<=5s vs 10-15s,1211
VYcGhgFC,56,0-1,Black,<=5s vs 15-20s,2060
E9dZB23G,55,1-0,White,<=5s vs 10-15s,1947
XNY0NgCx,72,0-1,Black,<=5s vs <=5s,1200
3GW5BDD4,90,0-1,Black,<=5s vs <=5s,2700
IzHFPND1,80,1-0,Black,<=5s vs <=5s,1445
1HrB2KSD,73,0-1,White,<=5s vs 5-10s,2132
iB5W1767,60,0-1,Black,<=5s vs 15-20s,1431
UEVaX0mh,53,0-1,White,<=5s vs 5-10s,1991
0wz9Hmnt,61,0-1,White,<=5s vs <=5s,1153
aJul6I4m,65,1-0,White,<=5s vs 15-20s,2240
G2hVqYS3,79,1-0,White,<=5s vs 5-10s,1976
FcydIPHh,86,0-1,Black,<=5s vs 10-15s,1472
nIAptgrR,78,0-1,Black,<=5s vs 5-10s,1835
2GKADHvW,52,0-1,Black,<=5s vs 15-20s,1338
h5fIc7rB,65,1-0,White,<=5s vs 15-20s,1321
AGtPzQWS,67,1-0,White,<=5s vs 15-20s,2138
E5RxvAL5,108,0-1,Black,<=5s vs <=5s,2469
JtIXPZs0,42,1-0,Black,<=5s vs 5-10s,1824
fvmobkNT,42,0-1,Black,<=5s vs 15-20s,1106
4C4WLGP8,65,1-0,White,<=5s vs 15-20s,1618
PkBzzOqj,122,1-0,Black,<=5s vs 15-20s,1736
ng9eRkrT,62,0-1,Black,<=5s vs 15-20s,2342
U8Sh6WCx,71,1-0,White,<=5s vs <=5s,1305
EP4wFbre,66,1-0,Black,<=5s vs <=5s,2190
yIWYc4pp,53,1-0,White,<=5s vs 15-20s,1803
1QHFxzBR,110,1/2-1/2,Black,<=5s vs 5-10s,1955
zxAvayHX,157,1-0,White,<=5s vs 15-20s,2726
P7o8V5zN,47,1-0,White,<=5s vs 10-15s,1256
bZ61D2uL,74,0-1,Black,<=5s vs 15-20s,1706
ZXiiGOeD,69,0-1,White,<=5s vs <=5s,1554
5p2mrNjE,80,0-1,Black,<=5s vs 10-15s,1930
xTtrzosL,69,1-0,White,<=5s vs 10-15s,2028
Liliw2JT,67,1-0,White,<=5s vs 15-20s,2038
hrxs3O4D,86,0-1,Black,<=5s vs <=5s,2836
ufkTYzOg,93,1-0,White,<=5s vs 15-20s,2435
E5rXZkmX,64,1-0,Black,<=5s vs 5-10s,1002
C7YydPYc,50,0-1,Black,<=5s vs 5-10s,1056
KuLp26sn,72,1/2-1/2,Black,<=5s vs 5-10s,2101
1Nc2Lc8L,112,0-1,Black,<=5s vs 10-15s,1922
r13fLslJ,59,1-0,White,<=5s vs 10-15s,1370
OluLwviU,61,1-0,White,<=5s vs 15-20s,1422
s63yMX5i,52,1-0,Black,<=5s vs 5-10s,1912
qp14R379,50,0-1,Black,<=5s vs 15-20s,1560
hjqEX6XM,126,0-1,Black,<=5s vs 15-20s,2780
hUKOfk6b,44,0-1,Black,<=5s vs 10-15s,1680
owybEkv2,55,1-0,White,<=5s vs <=5s,1180
v8IDXn4d,56,0-1,Black,<=5s vs 10-15s,1713
gceuRYEv,80,0-1,Black,<=5s vs 10-15s,2203
w15bheWY,121,1-0,White,<=5s vs 5-10s,2520
docsPNOZ,121,1-0,White,<=5s vs 15-20s,1741
AtEvNBdH,98,1-0,Black,<=5s vs 5-10s,1601
ygUyOHQA,69,1-0,White,<=5s vs 15-20s,2061
Xrwi7kCN,53,1-0,White,<=5s vs 10-15s,1997
s7lIgUTw,56,0-1,Black,<=5s vs 10-15s,1728
kOMoRFRK,55,1-0,White,<=5s vs 15-20s,1911
uuCYZJKr,90,0-1,Black,<=5s vs 5-10s,2245
gM5SLwYi,100,1-0,Black,<=5s vs 5-10s,2220
2WpGeJex,71,0-1,White,<=5s vs 5-10s,2516
X0km2nbU,130,0-1,Black,<=5s vs 15-20s,2344
SxjHJ9xx,85,1-0,White,<=5s vs 15-20s,1974
Vq9WtDqE,98,0-1,Black,<=5s vs <=5s,2447
PA9a3NQS,88,0-1,Black,<=5s vs 15-20s,1896
r5caw9vf,63,1/2-1/2,White,<=5s vs 10-15s,1206
7UPEbQF8,48,0-1,Black,<=5s vs 15-20s,1829
lyM0AP7s,62,0-1,Black,<=5s vs 15-20s,1640
8N81us5T,89,1-0,White,<=5s vs 5-10s,1368
W02pIWMG,78,0-1,Black,<=5s vs 5-10s,2160
HskaESPR,103,0-1,White,<=5s vs 15-20s,2113
2wUzmTJW,49,1-0,White,<=5s vs 15-20s,1267
UU1yiQew,61,1-0,White,<=5s vs 10-15s,1266
ufm605AM,78,0-1,Black,<=5s vs 10-15s,2027
fCEANbHk,89,1-0,White,<=5s vs 10-15s,2314
zoEhsTWf,60,0-1,Black,<=5s vs 10-15s,1693
kT38mEMm,70,1-0,Black,<=5s vs 5-10s,2364
mB2tz3Wm,110,1/2-1/2,Black,<=5s vs 15-20s,2266
0EH6aIzs,90,1/2-1/2,Black,<=5s vs 5-10s,2674
UqBInOWn,49,1-0,White,<=5s vs 15-20s,998
av2k1hV0,51,1-0,White,<=5s vs 10-15s,1086
0PyCIE2I,63,0-1,White,<=5s vs <=5s,1016
vQcD33PZ,126,0-1,Black,<=5s vs 5-10s,2305
FIYmI676,63,1-0,White,<=5s vs 5-10s,1277
4VJ9wBci,58,0-1,Black,<=5s vs 15-20s,1774
MrBlndlk,77,0-1,White,<=5s vs 5-10s,2159
ostSTLpI,66,0-1,Black,<=5s vs 5-10s,1517
NOs14R8E,109,0-1,White,<=5s vs 10-15s,1936
0d7XfPqu,48,0-1,Black,<=5s vs <=5s,1523
CgCuPfhl,54,1-0,Black,<=5s vs <=5s,1032
BrGE5LLc,86,0-1,Black,<=5s vs 15-20s,2136
DyHIx3Ec,65,1-0,White,<=5s vs 10-15s,1553
kWH45U7e,73,1-0,White,<=5s vs 10-15s,2359
BEktMEbY,78,0-1,Black,<=5s vs <=5s,2295
Yn4dqAzr,88,0-1,Black,<=5s vs 10-15s,2287
JxAwhknf,109,1/2-1/2,White,<=5s vs 10-15s,2119
VTWtcHVU,81,1-0,White,<=5s vs 15-20s,2058
JYOCsjvm,74,1-0,Black,<=5s vs 5-10s,2558
r8wQEiqp,97,1-0,White,<=5s vs 10-15s,1936
NEPrUEsk,108,0-1,Black,<=5s vs 10-15s,2050
T7DrQJbp,119,1-0,White,<=5s vs 15-20s,2002
QLHG20Zz,67,1-0,White,<=5s vs 15-20s,1723
KLLdA2ML,101,1-0,White,<=5s vs <=5s,2117
KxYp9tEd,85,1-0,White,<=5s vs 5-10s,1797
Oii9SyoH,77,1-0,White,<=5s vs <=5s,1867
UJY6ewcF,109,1-0,White,<=5s vs 15-20s,2765
TtHWJkNO,60,0-1,Black,<=5s vs 10-15s,1221
QdC5lh7I,108,1/2-1/2,Black,<=5s vs <=5s,2556
6xYbhfqT,83,1-0,White,<=5s vs 5-10s,1866
ugphFqBe,62,0-1,Black,<=5s vs <=5s,1309
QkIzhmUN,48,0-1,Black,<=5s vs 15-20s,1324
9TPRDa4H,66,0-1,Black,<=5s vs 10-15s,2062
RRr7IDqj,52,0-1,Black,<=5s vs 10-15s,1635
uSBXF9Xh,59,0-1,White,<=5s vs 5-10s,1728
21cMuzQB,108,1-0,Black,<=5s vs 5-10s,2155
DGrEBgvR,71,0-1,White,<=5s vs <=5s,2419
zekzxYYR,60,0-1,Black,<=5s vs <=5s,1291
J5x0oSSD,125,1-0,White,<=5s vs 10-15s,2517
auWgaHK8,76,0-1,Black,<=5s vs <=5s,1811
VXYnyQcC,54,0-1,Black,<=5s vs 15-20s,1516
eBnHd5r5,59,1-0,White,<=5s vs 15-20s,1485
79ZqSSbm,85,0-1,White,<=5s vs <=5s,2631
VwzvukSQ,79,0-1,White,<=5s vs <=5s,1824
7Q1dFK7v,46,0-1,Black,<=5s vs 10-15s,1188
Kvo3p5sk,55,1-0,White,<=5s vs 10-15s,1836
nEA12oWK,55,1-0,White,<=5s vs 15-20s,1757
23tLpW0j,88,0-1,Black,<=5s vs 5-10s,1753
TL4J75kt,128,1/2-1/2,Black,<=5s vs 15-20s,2213
qiuSVAxL,60,0-1,Black,<=5s vs 5-10s,1455
vPUGhaas,45,0-1,White,<=5s vs 10-15s,1483
h7WDzErA,61,1-0,White,<=5s vs 10-15s,1920
P3sOGxVf,63,1-0,White,<=5s vs 15-20s,1225
cIei5C3g,60,0-1,Black,<=5s vs 5-10s,1518
R4uSXzvV,44,0-1,Black,<=5s vs 10-15s,1714
cR0u8hz8,61,1-0,White,<=5s vs 5-10s,1469
UvNJ5mBR,60,0-1,Black,<=5s vs 15-20s,1915
PIL3MyZr,70,0-1,Black,<=5s vs 10-15s,2217
23eDse7v,84,1-0,Black,<=5s vs <=5s,1597
m4j4XKAc,82,0-1,Black,<=5s vs <=5s,2495
TERnEorV,54,0-1,Black,<=5s vs 10-15s,1188
dmPFUGs8,71,0-1,White,<=5s vs 5-10s,1482
sUfNUsnR,44,0-1,Black,<=5s vs 15-20s,1549
0EzP8fHz,69,1-0,White,<=5s vs 15-20s,2508
l1dkojn3,42,0-1,Black,<=5s vs 15-20s,860
0CGDpm8B,55,0-1,White,<=5s vs 5-10s,984
dlCaNPr2,80,1-0,Black,<=5s vs 5-10s,1886
EoBMGdPj,67,1-0,White,<=5s vs 5-10s,2080
YHQGmqqU,69,1-0,White,<=5s vs 5-10s,2148
9TUV7rue,60,0-1,Black,<=5s vs 15-20s,2064
L9WTPFiI,92,0-1,Black,<=5s vs 5-10s,2275
r2Fs35el,89,1-0,White,<=5s vs 10-15s,1779
2VmSNyGw,98,1-0,Black,<=5s vs 10-15s,1975
l8augbcp,68,0-1,Black,<=5s vs 5-10s,1577
N5genF9c,57,1-0,White,<=5s vs 15-20s,1447
QvAxTAHF,88,1-0,Black,<=5s vs <=5s,2529
2mMmbkOT,48,0-1,Black,<=5s vs <=5s,1536
Nwrpp5Os,66,0-1,Black,<=5s vs 10-15s,1837
T8Iez603,92,0-1,Black,<=5s vs 10-15s,1607
AK75TBHw,177,1/2-1/2,White,<=5s vs <=5s,2915
6YNbLfQy,145,1-0,White,<=5s vs 15-20s,1598
DosfsjGE,107,1-0,White,<=5s vs 15-20s,2194
TSZ4dK3l,102,0-1,Black,<=5s vs 5-10s,2559
zePWTnKX,61,1-0,White,<=5s vs 10-15s,1488
qm9xxP6z,113,0-1,White,<=5s vs 5-10s,2924
ZPqrSKou,78,0-1,Black,<=5s vs <=5s,2335
ibQXocbw,66,0-1,Black,<=5s vs 10-15s,793
Xdv47JJk,64,0-1,Black,<=5s vs 15-20s,1528
Djp0UR4O,73,0-1,White,<=5s vs 5-10s,2262
RZGJXJCs,92,1-0,Black,<=5s vs <=5s,1557
ETJVjrpq,62,1-0,Black,<=5s vs 10-15s,1810
G3TMKpLj,80,0-1,Black,<=5s vs <=5s,2286
MR8IQTdn,52,1-0,Black,<=5s vs <=5s,1456
cttorymb,85,0-1,White,<=5s vs 15-20s,2306
rtUhBnWh,52,0-1,Black,<=5s vs 15-20s,1386
YybgDqag,68,0-1,Black,<=5s vs <=5s,1790
oUtQQX2e,79,1-0,White,<=5s vs 5-10s,2021
vQqVfuPG,71,1-0,White,<=5s vs 5-10s,1848
OIPShyuU,50,0-1,Black,<=5s vs 5-10s,1958
72mjBv30,71,1-0,White,<=5s vs 10-15s,1964
k1vBc0PG,56,0-1,Black,<=5s vs <=5s,1162
5czsPoPf,61,1-0,White,<=5s vs 15-20s,1854
6aC4sRX8,60,0-1,Black,<=5s vs 5-10s,1461
Z7QDsyt0,66,1-0,Black,<=5s vs <=5s,2077
apzXpmjK,92,0-1,Black,<=5s vs 10-15s,2406
XSd1I7uf,78,1-0,Black,<=5s vs 15-20s,2703
HZqGxjvO,63,1-0,White,<=5s vs 5-10s,1774
9NQ0X6Qy,53,1-0,White,<=5s vs 5-10s,1810
TnjheCI7,49,1-0,White,<=5s vs 10-15s,1856
L01B0hiV,43,1-0,White,<=5s vs 15-20s,804
1HqrtzLO,45,0-1,White,<=5s vs 5-10s,1835
SQUuWybA,69,1-0,White,<=5s vs 5-10s,1932
t3eCPTNf,70,0-1,Black,<=5s vs 10-15s,2293
x9YulHyV,110,0-1,Black,<=5s vs 5-10s,2399
2woyster,70,1-0,Black,<=5s vs 15-20s,1945
FLR6Rbip,57,1-0,White,<=5s vs 10-15s,1363
RnKZRbaL,92,1-0,Black,<=5s vs <=5s,1822
GYzQWBkE,85,0-1,White,<=5s vs <=5s,1889
o63YzoW4,62,0-1,Black,<=5s vs 15-20s,2305
JRt0mNWt,140,1/2-1/2,Black,<=5s vs <=5s,2590
I7LxSzXa,91,1-0,White,<=5s vs 5-10s,1828
6PJ2xZTE,42,0-1,Black,<=5s vs 15-20s,1795
HSN96ayw,76,0-1,Black,<=5s vs 5-10s,2317
Pt1KdoBg,71,1-0,White,<=5s vs 5-10s,1461
NeKQD1lk,76,1-0,Black,<=5s vs 10-15s,2340
MJV5wgUj,90,1-0,Black,<=5s vs 15-20s,2146
JMlNKhBe,86,0-1,Black,<=5s vs 10-15s,2290
kO5yfmc7,85,1-0,White,<=5s vs 5-10s,1150
uQ8Onrai,64,0-1,Black,<=5s vs 10-15s,1435
SpgdiqR0,101,0-1,White,<=5s vs <=5s,1931
rbv8WgXG,75,0-1,White,<=5s vs <=5s,1652
ojSGOQgP,40,0-1,Black,<=5s vs <=5s,1144
0KudOfM7,69,1-0,White,<=5s vs 10-15s,798
JKbwOYXD,53,0-1,White,<=5s vs 10-15s,903
z9zTJzSj,111,1/2-1/2,White,<=5s vs <=5s,2550
jbockRSB,70,0-1,Black,<=5s vs 10-15s,1900
f5epcFku,65,1-0,White,<=5s vs 10-15s,1714
bO5pwkYA,64,1-0,Black,<=5s vs <=5s,997
SxhnOzqI,65,1-0,White,<=5s vs <=5s,991
TYD8dcxH,43,1-0,White,<=5s vs 5-10s,1446
GhMJLTPF,63,1-0,White,<=5s vs 10-15s,1900
1HsfzZJZ,61,1-0,White,<=5s vs 15-20s,1677
oFZoI8DF,80,0-1,Black,<=5s vs <=5s,1533
AsRYwSey,110,0-1,Black,<=5s vs 5-10s,2407
vLrdoxwp,77,1-0,White,<=5s vs 15-20s,2533
XRhT8eJW,51,1-0,White,<=5s vs 15-20s,1750
ZaT85d2Q,43,1-0,White,<=5s vs 15-20s,1048
2lQHKUvp,55,1-0,White,<=5s vs 5-10s,1643
UATr37iQ,77,1-0,White,<=5s vs 5-10s,1992
BuzO9PIj,65,1-0,White,<=5s vs 15-20s,1810
bQNaofEG,48,0-1,Black,<=5s vs 15-20s,1518
OgxnLS3L,70,0-1,Black,<=5s vs 5-10s,1128
eAPod00e,45,1-0,White,<=5s vs 15-20s,2207
iTt7zXAQ,61,1-0,White,<=5s vs 10-15s,1732
dL97YNo3,92,0-1,Black,<=5s vs 10-15s,2612
Y2DdBeFd,78,0-1,Black,<=5s vs 10-15s,1804
bj1uxKuJ,91,1-0,White,<=5s vs <=5s,2427
ZiSTcyoO,130,1/2-1/2,Black,<=5s vs 10-15s,2489
sMGBP2JD,71,1-0,White,<=5s vs 5-10s,1479
a4Fy7vWL,57,1-0,White,<=5s vs 10-15s,1445
Pm3t8iEy,73,1-0,White,<=5s vs 5-10s,1689
9fqTkotO,52,0-1,Black,<=5s vs 10-15s,1153
69zpeKkz,74,1-0,Black,<=5s vs 10-15s,2228
2oEMkNII,64,0-1,Black,<=5s vs 10-15s,1803
AXb9GSSC,75,1-0,White,<=5s vs 15-20s,1366
khYAAYp8,70,1-0,Black,<=5s vs <=5s,1645
xGxlb96A,85,1-0,White,<=5s vs 5-10s,2081
1HhKPPXi,60,1-0,Black,<=5s vs <=5s,1306
S4ajh0J8,64,0-1,Black,<=5s vs 10-15s,2219
dJoaZyGS,101,1-0,White,<=5s vs 5-10s,2334
cs4ygDHJ,84,0-1,Black,<=5s vs 10-15s,1413
LNwsJ2Eu,121,1-0,White,<=5s vs 5-10s,2245
qcfedURa,38,0-1,Black,<=5s vs 15-20s,1109
sDPgBzKm,82,0-1,Black,<=5s vs 10-15s,1707
NhviuCCO,98,0-1,Black,<=5s vs 10-15s,2281
Cj4YFyYE,72,0-1,Black,<=5s vs 10-15s,2199
bdbn3WAg,70,0-1,Black,<=5s vs 10-15s,2769
jMzr7lSE,63,0-1,White,<=5s vs 10-15s,2113
Sx9y6mAl,38,0-1,Black,<=5s vs 10-15s,1033
WaEg5Eju,58,0-1,Black,<=5s vs 10-15s,1185
qaKLAQhX,68,0-1,Black,<=5s vs 10-15s,1025
GZu7YwEi,88,0-1,Black,<=5s vs 10-15s,2476
HLkQfvtw,53,1-0,White,<=5s vs 15-20s,1213
gNlRnb2J,113,1-0,White,<=5s vs <=5s,1784
DOv7ADug,85,0-1,White,<=5s vs 5-10s,1146
I1AhEnXW,73,0-1,White,<=5s vs 10-15s,1615
QcUX6YeD,174,0-1,Black,<=5s vs <=5s,2642
Q2P0sN21,57,1-0,White,<=5s vs <=5s,1063
tvNHHInb,55,0-1,White,<=5s vs 15-20s,1992
3Itx9u6a,56,1-0,Black,<=5s vs <=5s,1707
GwlLElLm,83,1-0,White,<=5s vs <=5s,2397
GZJy1dnA,56,0-1,Black,<=5s vs <=5s,1443
fMycpVX5,76,1-0,Black,<=5s vs 5-10s,1837
TPgwa1It,51,0-1,White,<=5s vs <=5s,889
1cHuQ7RE,28,0-1,Black,<=5s vs 10-15s,1467
dXcHbPfq,68,0-1,Black,<=5s vs 15-20s,1471
yAbiMEsX,60,0-1,Black,<=5s vs 15-20s,1714
rwYfudUm,49,1-0,White,<=5s vs 10-15s,971
6nWbc5oh,104,0-1,Black,<=5s vs 15-20s,2294
7U4LnPhv,47,0-1,White,<=5s vs <=5s,1010
6IKoWkQ8,72,0-1,Black,<=5s vs 5-10s,1770
fLFMcIsY,60,0-1,Black,<=5s vs 15-20s,1882
GLyKRB9u,95,1-0,White,<=5s vs 10-15s,1865
0dSF7Cyi,83,1-0,White,<=5s vs 5-10s,2620
gtg48Uaq,75,1-0,White,<=5s vs 15-20s,1777
K23r1WTr,131,1/2-1/2,White,<=5s vs 5-10s,2952
Auady8VM,103,1-0,White,<=5s vs 15-20s,1943
HjfGMGSd,72,0-1,Black,<=5s vs 10-15s,1526
zTAU7NMm,59,1-0,White,<=5s vs 10-15s,1488
f0CtH2Xk,110,0-1,Black,<=5s vs 15-20s,2406
Mq0jpWre,104,0-1,Black,<=5s vs 10-15s,1581
VWABZw7I,126,0-1,Black,<=5s vs 5-10s,2100
OXVafyec,98,0-1,Black,<=5s vs 10-15s,2243
EXk54FmR,48,0-1,Black,<=5s vs 15-20s,1184
4GQo2SB7,68,1/2-1/2,Black,<=5s vs 15-20s,2169
LSDVUe3N,43,1-0,White,<=5s vs 15-20s,1087
XH4PUXd1,58,0-1,Black,<=5s vs <=5s,1444
Wr2eCm4t,77,1-0,White,<=5s vs 5-10s,1781
oMGEM9g3,100,0-1,Black,<=5s vs 15-20s,2125
FoCgYZud,59,0-1,White,<=5s vs 15-20s,1568
9M4ub2OX,46,0-1,Black,<=5s vs 15-20s,911
YkiZb60o,67,1-0,White,<=5s vs 15-20s,1608
OFYEjlY3,63,1-0,White,<=5s vs 15-20s,1623
qCX6YwOR,77,1-0,White,<=5s vs 15-20s,1683
Cuq5DPXY,46,0-1,Black,<=5s vs 10-15s,951
YeAH4t6K,42,0-1,Black,<=5s vs 5-10s,642
qayHqiXI,64,0-1,Black,<=5s vs 10-15s,2200
vPCWmzNg,45,1-0,White,<=5s vs 10-15s,1354
Yhcc9ZRA,50,0-1,Black,<=5s vs 15-20s,1516
6xHxXquQ,67,1-0,White,<=5s vs 5-10s,1582
8tqEmO29,58,1-0,Black,<=5s vs 15-20s,1291
QtH1HK0f,74,1-0,Black,<=5s vs 5-10s,2063
tD9VRxDo,84,0-1,Black,<=5s vs 15-20s,2329
SiSNeGTz,98,0-1,Black,<=5s vs 5-10s,2316
E6h39f7E,78,0-1,Black,<=5s vs 5-10s,2176
lLulzQ83,47,1-0,White,<=5s vs 5-10s,1072
buQ7JiNe,89,0-1,White,<=5s vs 10-15s,1331
wUy58r8K,76,0-1,Black,<=5s vs 5-10s,2045
PcrNZJT6,74,0-1,Black,<=5s vs 5-10s,2544
FCu2ln6C,58,1-0,Black,<=5s vs 5-10s,1939
sx5iuaV3,51,1-0,White,<=5s vs 15-20s,2376
PtgNrUhH,75,1-0,White,<=5s vs 10-15s,1392
XZFNuLQZ,75,1-0,White,<=5s vs 5-10s,1738
30eeUkjy,42,0-1,Black,<=5s vs 15-20s,1625
4xPecETc,61,1-0,White,<=5s vs 10-15s,1469
KzMgy3Pf,88,0-1,Black,<=5s vs 5-10s,2151
VJlBO8BM,61,1-0,White,<=5s vs <=5s,1991
a9XR4XPY,82,0-1,Black,<=5s vs 10-15s,2440
RjjdyIdE,104,0-1,Black,<=5s vs 5-10s,2246
M1WdqqGo,49,1-0,White,<=5s vs 15-20s,1798
CqS3Ie87,83,1/2-1/2,White,<=5s vs 5-10s,1666
PyVjVmDF,60,1-0,Black,<=5s vs 10-15s,1711
xGEoHqIM,123,1-0,White,<=5s vs 5-10s,2398
krZDG8Nl,79,0-1,White,<=5s vs 5-10s,2218
HyqU1MJa,60,0-1,Black,<=5s vs 5-10s,1015
fcxlWbEF,40,0-1,Black,<=5s vs 15-20s,985
Z6rSWOzR,77,1-0,White,<=5s vs 10-15s,1641
Rxc4x8D6,78,0-1,Black,<=5s vs 5-10s,2196
yqBHNVCE,66,0-1,Black,<=5s vs 15-20s,1996
NNo0wDwj,53,1-0,White,<=5s vs 15-20s,1712
Z9HSrjji,72,0-1,Black,<=5s vs 15-20s,2004
yOvWG6Q1,52,0-1,Black,<=5s vs 15-20s,1483
DNYY0sd2,60,0-1,Black,<=5s vs 15-20s,1626
NayGXLlm,58,0-1,Black,<=5s vs <=5s,1009
WROwTwtC,40,0-1,Black,<=5s vs 5-10s,996
DNnnzWFZ,103,1-0,White,<=5s vs 10-15s,1366
iVID0LAE,114,0-1,Black,<=5s vs 5-10s,2999
ohFmytnb,46,0-1,Black,<=5s vs 15-20s,1995
a7yMvWeF,110,0-1,Black,<=5s vs 10-15s,2484
YWarbLpf,68,1-0,Black,<=5s vs <=5s,1253
1h977uET,96,0-1,Black,<=5s vs 10-15s,1856
rcOUe6OX,52,0-1,Black,<=5s vs 10-15s,2178
81xtBVNu,121,0-1,White,<=5s vs <=5s,2425
J1GnfcIf,77,1-0,White,<=5s vs 5-10s,2821
2dpD6xP2,114,1-0,Black,<=5s vs <=5s,1278
AqWnTJXL,67,1-0,White,<=5s vs 10-15s,1377
RbGyLVlx,136,1-0,Black,<=5s vs <=5s,1978
o47dvRt9,79,1-0,White,<=5s vs 15-20s,1258
RgiPDwFv,74,1-0,Black,<=5s vs 5-10s,2303
bnmNb0t7,128,1-0,Black,<=5s vs <=5s,1983
BH6NavsY,71,1-0,White,<=5s vs 15-20s,2395
SXts7WKt,89,1-0,White,<=5s vs 15-20s,2295
3ocennna,79,0-1,White,<=5s vs 5-10s,1350
6gEzsgyj,55,1-0,White,<=5s vs 15-20s,1796
kcsLKBdh,93,1-0,White,<=5s vs 15-20s,1990
JhVPve7T,69,1-0,White,<=5s vs 15-20s,1738
QjxcaBdz,117,1-0,White,<=5s vs <=5s,2424
PbOx4YkU,55,1-0,White,<=5s vs <=5s,2174
5AFRAOwy,104,0-1,Black,<=5s vs 15-20s,2424
vyc55C5A,89,1-0,White,<=5s vs <=5s,2262
oGPnKdQa,56,0-1,Black,<=5s vs 15-20s,1949
pls0OBeJ,87,1-0,White,<=5s vs 15-20s,1806
P8aOIhiV,106,1/2-1/2,Black,<=5s vs 5-10s,2553
fbgC8GAP,94,0-1,Black,<=5s vs 10-15s,2610
DmRXg7vb,53,1-0,White,<=5s vs 10-15s,2229
ittbHx9o,71,1-0,White,<=5s vs 15-20s,2406
VMFZD1St,80,0-1,Black,<=5s vs 10-15s,2013
La2Or7H8,61,1-0,White,<=5s vs 10-15s,2820
3gM8OPMj,62,1-0,Black,<=5s vs <=5s,1593
WYKww7gI,44,0-1,Black,<=5s vs 15-20s,1717
iICnMzDW,70,0-1,Black,<=5s vs 15-20s,1615
UAYqNUUl,70,0-1,Black,<=5s vs <=5s,1871
HFkMcQ50,104,1-0,Black,<=5s vs 5-10s,2379
XiNmpBYl,112,0-1,Black,<=5s vs 5-10s,1763
ZVDUwlyU,73,1-0,White,<=5s vs 10-15s,1214
DvuQvT9j,102,1-0,Black,<=5s vs 5-10s,2680
BkJfD63S,43,1-0,White,<=5s vs 15-20s,1109
bdwyGY2y,84,0-1,Black,<=5s vs 10-15s,2306
fPHTtPm3,56,0-1,Black,<=5s vs 5-10s,1266
QdjCVbVC,77,1-0,White,<=5s vs <=5s,2264
Sop1F8y8,90,0-1,Black,<=5s vs 5-10s,1799
69BjFRDM,51,1-0,White,<=5s vs 15-20s,910
7fd0nWj0,56,0-1,Black,<=5s vs 5-10s,1837
RZwSmAYt,46,0-1,Black,<=5s vs 15-20s,1138
ndIg3MIt,136,0-1,Black,<=5s vs 5-10s,1797
7cjvwURK,86,1/2-1/2,Black,<=5s vs 5-10s,2162
MjL456nN,99,1-0,White,<=5s vs 5-10s,2030
Y6ZBVSu6,52,0-1,Black,<=5s vs 10-15s,1780
fjVtxoV4,118,0-1,Black,<=5s vs 10-15s,2527
kILNeohg,70,0-1,Black,<=5s vs 5-10s,1372
6IMuxJh9,83,0-1,White,<=5s vs <=5s,2118
1TzA262n,64,0-1,Black,<=5s vs 10-15s,2243
UlO5dX4F,85,1-0,White,<=5s vs 15-20s,1856
dHePeU3g,80,1-0,Black,<=5s vs 10-15s,2178
AZFXesrp,91,1-0,White,<=5s vs 10-15s,2516
A3mBuRAd,100,0-1,Black,<=5s vs 10-15s,2377
hfRP8TPq,82,0-1,Black,<=5s vs 5-10s,1842
uOZq7fLz,88,0-1,Black,<=5s vs 10-15s,2318
97dNIDOQ,73,1-0,White,<=5s vs 5-10s,1508
ohZ8LRLA,67,0-1,White,<=5s vs 10-15s,1998
mKPp9f6U,63,0-1,White,<=5s vs 5-10s,1293
kADwVqlR,108,0-1,Black,<=5s vs 5-10s,1558
9DqpZo5T,70,0-1,Black,<=5s vs 5-10s,2080
kkAJBKP2,92,1/2-1/2,Black,<=5s vs 15-20s,2248
HElt9l9n,87,1/2-1/2,White,<=5s vs <=5s,1804
iTL93uIc,52,0-1,Black,<=5s vs 15-20s,1144
UeMXSV3J,78,1-0,Black,<=5s vs <=5s,2289
F4tCAT7R,94,0-1,Black,<=5s vs 5-10s,1670
GbJsPy8B,68,0-1,Black,<=5s vs 5-10s,1351
6Q4VbHjN,101,1-0,White,<=5s vs 10-15s,1486
F7yowKpg,72,0-1,Black,<=5s vs 5-10s,1936
UqWvXTCj,114,0-1,Black,<=5s vs 5-10s,1711
UO0vUnvi,56,1-0,Black,<=5s vs 10-15s,1715
hfTvQ5Rx,71,1-0,White,<=5s vs 5-10s,2147
vkB7uf2G,52,0-1,Black,<=5s vs 5-10s,1340
JUBKjfu5,104,1-0,Black,<=5s vs <=5s,2310
yEOmYwTv,74,0-1,Black,<=5s vs 5-10s,2101
romFJSqW,53,1-0,White,<=5s vs 10-15s,1175
B1Edc20o,52,1-0,Black,<=5s vs <=5s,1201
V5JBOESn,61,1-0,White,<=5s vs 10-15s,1198
nfOEz0IB,53,0-1,White,<=5s vs <=5s,1446
x3ud9hON,67,1-0,White,<=5s vs 10-15s,1551
EoeSxcY3,83,1-0,White,<=5s vs 15-20s,2074
YWmiAXu9,59,1-0,White,<=5s vs 5-10s,1665
iVdkPeoO,67,1-0,White,<=5s vs 15-20s,1655
9D0amVnx,86,0-1,Black,<=5s vs 10-15s,2607
TmLiD8aC,55,1-0,White,<=5s vs 15-20s,2095
xTNMbMuw,80,0-1,Black,<=5s vs 15-20s,2122
81wiG9KA,59,1-0,White,<=5s vs 10-15s,969
jiXT2q8i,64,0-1,Black,<=5s vs 5-10s,1911
Km82sdbe,59,1-0,White,<=5s vs 15-20s,2415
FlqWqmSa,56,0-1,Black,<=5s vs 10-15s,1684
4Xb61ww2,94,0-1,Black,<=5s vs 5-10s,2236
R7VYrDs4,66,0-1,Black,<=5s vs 10-15s,1751
Cz6SrZXh,71,1-0,White,<=5s vs 5-10s,2086
3LWr0Z4x,74,0-1,Black,<=5s vs 10-15s,1626
Xfsi0Ymf,123,1-0,White,<=5s vs 5-10s,2579
K8DvEz7c,55,1-0,White,<=5s vs 5-10s,1036
Py1gr7AL,77,1-0,White,<=5s vs <=5s,1563
jCRmhkwn,74,1-0,Black,<=5s vs 5-10s,2097
Io4ddmnz,100,1-0,Black,<=5s vs <=5s,1727
0ywsm8t9,48,0-1,Black,<=5s vs 10-15s,1234
heSzat6L,71,1-0,White,<=5s vs 5-10s,1358
8x8M1jEM,64,0-1,Black,<=5s vs 5-10s,2391
0YPgBRbX,88,0-1,Black,<=5s vs 15-20s,2161
H42CjiL1,60,0-1,Black,<=5s vs 10-15s,1614
uWiqx2xe,57,1-0,White,<=5s vs 15-20s,1764
17wWFYQ7,115,1-0,White,<=5s vs <=5s,2252
ZpR3Hmc2,49,1-0,White,<=5s vs 15-20s,1937
b5kIRabd,46,1-0,Black,<=5s vs <=5s,821
9GEn7XZF,91,1-0,White,<=5s vs 5-10s,2593
qXGGOwF9,126,1/2-1/2,Black,<=5s vs 10-15s,2564
GDfx12oH,97,1/2-1/2,White,<=5s vs 5-10s,2028
kfaYZYrN,94,1-0,Black,<=5s vs <=5s,2087
1kNPFznT,62,0-1,Black,<=5s vs <=5s,1527
CCQNeeEu,42,0-1,Black,<=5s vs 15-20s,1227
m9JqvgyR,100,0-1,Black,<=5s vs 15-20s,2169
hkZxqf9J,97,1-0,White,<=5s vs 5-10s,2073
bgXFU0pY,52,0-1,Black,<=5s vs 5-10s,1586
8dJFgbW6,63,1-0,White,<=5s vs 5-10s,2149
MPwXE0nl,182,0-1,Black,<=5s vs 5-10s,2905
aGssynle,70,0-1,Black,<=5s vs 5-10s,1513
cIVCO3vb,84,0-1,Black,<=5s vs 5-10s,1949
yEyScz6e,52,0-1,Black,<=5s vs 15-20s,1431
MXEM87Wt,91,0-1,White,<=5s vs <=5s,1956
rDNJf4CM,115,1/2-1/2,White,<=5s vs 10-15s,1803
rVJsjL2h,41,1-0,White,<=5s vs 15-20s,1052
HnzzQ0XY,50,0-1,Black,<=5s vs 5-10s,786
KokmYqRm,52,0-1,Black,<=5s vs <=5s,1036
O86TB5OH,62,0-1,Black,<=5s vs 10-15s,1710
NZrymZOc,84,0-1,Black,<=5s vs 10-15s,2482
qHpUDi4A,62,0-1,Black,<=5s vs 5-10s,1114
kCh4HjwL,61,1-0,White,<=5s vs 5-10s,1576
aTOA4tln,68,0-1,Black,<=5s vs 5-10s,2133
mtA7USwf,43,1-0,White,<=5s vs 15-20s,1139
CA68oGQS,63,1-0,White,<=5s vs 10-15s,1641
INiaSERB,77,1-0,White,<=5s vs 15-20s,1620
pyhIGkOF,109,0-1,White,<=5s vs <=5s,2922
CMK0p2d6,69,1-0,White,<=5s vs <=5s,1520
4nErKqRs,65,1-0,White,<=5s vs 5-10s,1319
MSnNus7M,81,1-0,White,<=5s vs 10-15s,2236
OMz3PFQ8,71,1-0,White,<=5s vs 10-15s,1576
BGDBdhz8,47,0-1,White,<=5s vs 10-15s,1084
H5pZIeAp,88,1-0,Black,<=5s vs 5-10s,2426
pS0KOOHw,56,0-1,Black,<=5s vs 10-15s,1706
HADS7miD,84,0-1,Black,<=5s vs 5-10s,2584
mxUJO1Cq,70,1-0,Black,<=5s vs 5-10s,2179
eK8JOkmE,80,0-1,Black,<=5s vs 5-10s,1672
5tpC9MuX,73,1-0,White,<=5s vs 10-15s,1194
dT6Q6cfg,85,1-0,White,<=5s vs 15-20s,2568
RfSx1zNN,48,0-1,Black,<=5s vs 15-20s,1308
RNoMfhpk,55,1-0,White,<=5s vs 15-20s,2719
Li9BCUDZ,65,1-0,White,<=5s vs 5-10s,1623
E9zii4CE,92,0-1,Black,<=5s vs 10-15s,2193
EX3GUhn7,83,1-0,White,<=5s vs 5-10s,1749
lcPhl1qR,66,1-0,Black,<=5s vs <=5s,1667
WsnQDwpU,71,1-0,White,<=5s vs 10-15s,2131
AQ6uD3NS,134,0-1,Black,<=5s vs <=5s,2219
ZZsfGSlS,94,1-0,Black,<=5s vs 5-10s,2226
Sq0CrRZz,43,1-0,White,<=5s vs 15-20s,1134
U4UDQ53R,103,0-1,White,<=5s vs 5-10s,1982
VBmqkyPK,146,1/2-1/2,Black,<=5s vs <=5s,1042
6IYqNlN7,80,1/2-1/2,Black,<=5s vs 15-20s,2362
nIciO6RE,60,1-0,Black,<=5s vs <=5s,1742
nDKLe3ou,65,1-0,White,<=5s vs 10-15s,1928
DfjqFQ3G,107,1-0,White,<=5s vs 5-10s,2835
IZpH726m,48,0-1,Black,<=5s vs <=5s,1255
Z2cUeShC,78,0-1,Black,<=5s vs 10-15s,2594
FLIQ5t54,99,1-0,White,<=5s vs 15-20s,2562
Ob1hol5f,80,0-1,Black,<=5s vs 10-15s,2227
6LRBuXRo,44,0-1,Black,<=5s vs 15-20s,1426
JoUcYsZb,65,1-0,White,<=5s vs 5-10s,1935
WAdy9XUS,63,0-1,White,<=5s vs <=5s,1382
TTJ0uqde,56,0-1,Black,<=5s vs 5-10s,2207
OM6Tcyog,56,0-1,Black,<=5s vs 10-15s,1677
AdqSfWyh,60,0-1,Black,<=5s vs 5-10s,1733
pW4XjVrv,86,0-1,Black,<=5s vs 10-15s,2437
QYhQO2XK,68,0-1,Black,<=5s vs <=5s,1756
W4cSyskH,86,0-1,Black,<=5s vs 15-20s,2316
yAJWqr0s,77,1-0,White,<=5s vs 5-10s,2198
UCvxHqsm,65,1-0,White,<=5s vs 5-10s,2081
Or6CRRx8,47,1-0,White,<=5s vs 10-15s,1346
I49pbS8p,109,0-1,White,<=5s vs 15-20s,2581
DxKDTb3x,62,0-1,Black,<=5s vs 15-20s,1291
YeeEFSLf,83,1-0,White,<=5s vs 15-20s,2314
atAPdVRi,85,1-0,White,<=5s vs 5-10s,1969
Wns7XxvA,69,1-0,White,<=5s vs 5-10s,1112
Yc8p0F5K,64,0-1,Black,<=5s vs 10-15s,1906
NJHl7pMC,36,0-1,Black,<=5s vs 15-20s,1303
Lfg4uMU4,78,0-1,Black,<=5s vs 5-10s,1505
6kJTnd9j,111,1/2-1/2,White,<=5s vs 5-10s,2480
ikN5Zx8o,118,1/2-1/2,Black,<=5s vs <=5s,2517
58Qyffxz,57,1-0,White,<=5s vs 5-10s,1541
Oqc4oekE,83,1-0,White,<=5s vs 5-10s,2101
Ani8lWFs,69,0-1,White,<=5s vs 5-10s,2044
hHrbiNV4,69,1-0,White,<=5s vs 10-15s,2342
Motjascx,47,1-0,White,<=5s vs 5-10s,2183
ZPOzIWVM,82,0-1,Black,<=5s vs 5-10s,1819
8j1z8bxY,48,0-1,Black,<=5s vs 15-20s,1351
tSnH6Eui,133,1-0,White,<=5s vs <=5s,2473
vWqaqaS1,108,0-1,Black,<=5s vs 5-10s,2227
NVvPyyjZ,70,0-1,Black,<=5s vs 15-20s,1109
B9XHYxoN,65,1-0,White,<=5s vs 10-15s,1709
Vh8dtIck,70,0-1,Black,<=5s vs 5-10s,998
9Wa0yWsk,77,1-0,White,<=5s vs 5-10s,993
D89JJd2a,67,1-0,White,<=5s vs <=5s,1605
QHB1SGBR,67,1-0,White,<=5s vs 5-10s,1633
HdXeNkTe,72,0-1,Black,<=5s vs 10-15s,1783
LXKVRQh8,75,1/2-1/2,White,<=5s vs 5-10s,1868
XumFZk2P,56,0-1,Black,<=5s vs 15-20s,1182
pPO5A4JT,102,0-1,Black,<=5s vs 10-15s,1930
O5KLlcw2,102,0-1,Black,<=5s vs 15-20s,2266
SRwo1FXC,68,0-1,Black,<=5s vs <=5s,1424
UPVdn6Dz,86,0-1,Black,<=5s vs 5-10s,2605
m2pMTvfn,38,0-1,Black,<=5s vs 10-15s,1131
6tv5vTo4,50,1-0,Black,<=5s vs 5-10s,1086
BhAu6TT4,52,0-1,Black,<=5s vs 10-15s,974
Np615Jcn,78,0-1,Black,<=5s vs 5-10s,1170
DqIIqxrX,40,0-1,Black,<=5s vs <=5s,969
4pjLWBoH,95,1-0,White,<=5s vs 5-10s,2425
DihdYVPs,82,0-1,Black,<=5s vs 15-20s,2309
2dCbKx8z,115,1-0,White,<=5s vs 10-15s,2423
uOx5v19o,61,1-0,White,<=5s vs 15-20s,2197
Qy05u9F0,80,0-1,Black,<=5s vs 15-20s,1786
G52rVId7,51,1-0,White,<=5s vs 15-20s,1328
IeXrcyl0,119,1-0,White,<=5s vs 5-10s,1798
AXOoB1Bo,111,1-0,White,<=5s vs 5-10s,2145
uWOeMUR7,68,0-1,Black,<=5s vs 5-10s,2142
SCkuzsce,87,1-0,White,<=5s vs 5-10s,2117
Z8OeKg3O,47,1-0,White,<=5s vs 15-20s,1121
3RMjEheC,48,0-1,Black,<=5s vs <=5s,941
uiKLN2TQ,50,1-0,Black,<=5s vs <=5s,924
g87OfXop,66,0-1,Black,<=5s vs 10-15s,1416
9JYRDEx7,88,0-1,Black,<=5s vs 15-20s,2210
HywZQ02T,74,0-1,Black,<=5s vs 15-20s,2296
DpOmbuim,41,1-0,White,<=5s vs 15-20s,1480
5Z4eQPZv,53,1-0,White,<=5s vs 15-20s,1841
BowFbv1h,78,0-1,Black,<=5s vs 5-10s,1859
Jaofj3ip,190,1-0,Black,<=5s vs 15-20s,1760
HXGmMPgj,89,1-0,White,<=5s vs 5-10s,2392
nnJbqD3N,95,1-0,White,<=5s vs <=5s,1596
5fjDe8aX,91,1/2-1/2,White,<=5s vs 10-15s,2408
xmzDKVCX,75,1-0,White,<=5s vs 10-15s,1672
d2gUAfJm,71,0-1,White,<=5s vs 15-20s,1369
AiCCLqw2,94,0-1,Black,<=5s vs 5-10s,2283
1AbXuiTY,51,1-0,White,<=5s vs 5-10s,1072
VpeFUbEJ,50,0-1,Black,<=5s vs 10-15s,2002
dsN9kICw,67,1-0,White,<=5s vs 5-10s,2027
mhOniKkg,82,0-1,Black,<=5s vs 5-10s,2199
Uv9UFo5p,81,1-0,White,<=5s vs 5-10s,2204
3e8y9yLQ,49,0-1,White,<=5s vs 15-20s,1403
4VZpDvbr,76,0-1,Black,<=5s vs 15-20s,860
7jfgZqBL,53,1-0,White,<=5s vs 15-20s,1488
9qozSNNF,90,0-1,Black,<=5s vs 5-10s,1836
Fcb22R2k,81,1-0,White,<=5s vs 15-20s,2312
DgJnmMOx,56,1-0,Black,<=5s vs 10-15s,1935
uWpsvfiq,69,1-0,White,<=5s vs 15-20s,1795
ynr8TXoM,90,1-0,Black,<=5s vs 5-10s,2096
BXYx9GTT,48,0-1,Black,<=5s vs <=5s,2227
rvc4a5K5,48,0-1,Black,<=5s vs 15-20s,1492
6tAoEAOY,81,0-1,White,<=5s vs <=5s,2365
3VfjKI7z,84,0-1,Black,<=5s vs 5-10s,1225
OdnE3dyX,69,1-0,White,<=5s vs 15-20s,2180
clQ9X6Y0,65,1-0,White,<=5s vs 15-20s,962
lXiWelI0,80,0-1,Black,<=5s vs 5-10s,2574
FR6RQrUU,56,0-1,Black,<=5s vs 10-15s,1864
HVo2zKS8,150,1/2-1/2,Black,<=5s vs 10-15s,2306
hRXktb1x,98,0-1,Black,<=5s vs <=5s,2660
0shzo7rJ,92,0-1,Black,<=5s vs 5-10s,1892
00CAPIl2,63,0-1,White,<=5s vs 5-10s,1105
P5EPYzVB,91,1-0,White,<=5s vs 5-10s,2053
AJ0kLgix,70,0-1,Black,<=5s vs 5-10s,2004
Ns7yAbaB,57,0-1,White,<=5s vs 5-10s,1195
Mu32D5Kf,49,1-0,White,<=5s vs 15-20s,1328
zBQxZPBw,48,0-1,Black,<=5s vs 5-10s,751
kooizsgd,46,0-1,Black,<=5s vs 10-15s,1909
PUVs6tXA,67,1-0,White,<=5s vs 15-20s,1924
sFBZpU2s,58,1-0,Black,<=5s vs 15-20s,1689
qoFocGfS,62,0-1,Black,<=5s vs 10-15s,1729
qJ0HylAK,58,0-1,Black,<=5s vs 5-10s,1268
2x9UgkGO,35,1-0,White,<=5s vs 10-15s,825
AP3ISfSV,80,1-0,Black,<=5s vs <=5s,1609
QJjMWTjT,68,0-1,Black,<=5s vs 10-15s,1281
3SyPcBUU,58,0-1,Black,<=5s vs 15-20s,764
drzKM679,61,0-1,White,<=5s vs 5-10s,916
tujIJJYN,82,1-0,Black,<=5s vs <=5s,1880
NVgsFqwc,54,0-1,Black,<=5s vs 10-15s,1510
lf47dAJp,47,1-0,White,<=5s vs 5-10s,772
Xzhwepc0,50,0-1,Black,<=5s vs 15-20s,1738
W54xHljN,78,0-1,Black,<=5s vs 10-15s,1938
Tby2pvXF,97,0-1,White,<=5s vs 5-10s,2461
VeSb6sUf,49,1-0,White,<=5s vs 5-10s,1178
am9vXcmd,57,0-1,White,<=5s vs 5-10s,1099
xqxDnwrM,72,0-1,Black,<=5s vs 15-20s,2209
lc1a3BQe,123,1-0,White,<=5s vs 10-15s,1800
15e69P9g,127,1-0,White,<=5s vs 5-10s,2151
bkmXtfGJ,46,0-1,Black,<=5s vs 15-20s,1480
phNXW8Xt,43,1-0,White,<=5s vs 10-15s,1671
CKkk4moU,72,0-1,Black,<=5s vs <=5s,1974
5wJ44A4P,52,0-1,Black,<=5s vs 5-10s,1823
PkuFkyNM,88,1/2-1/2,Black,<=5s vs 5-10s,2589
xUgW9YMr,83,1-0,White,<=5s vs 5-10s,1950
RKfAUb6x,81,0-1,White,<=5s vs 5-10s,1540
blGBPO2X,75,1-0,White,<=5s vs 5-10s,1817
fcuUAFnL,114,0-1,Black,<=5s vs 5-10s,2407
9gVz55C4,103,1-0,White,<=5s vs 10-15s,1835
gHNzliMl,88,0-1,Black,<=5s vs 15-20s,2016
FmrUOtLb,58,0-1,Black,<=5s vs 10-15s,2013
M0tpI7l3,106,1/2-1/2,Black,<=5s vs 15-20s,2305
ltehpZyW,72,1-0,Black,<=5s vs 15-20s,1856
cbOGjlZg,79,1-0,White,<=5s vs 5-10s,1766
8z4t7ZVh,64,0-1,Black,<=5s vs 5-10s,1251
IsUezAuI,73,1-0,White,<=5s vs <=5s,853
0FLAgkl9,85,1-0,White,<=5s vs 5-10s,2374
FfQN9B20,52,1-0,Black,<=5s vs <=5s,1762
mADHWUXS,43,1-0,White,<=5s vs 15-20s,1477
O3612QOv,79,1-0,White,<=5s vs 15-20s,1191
F82tspRJ,64,1-0,Black,<=5s vs 5-10s,1744
uoSVJfoq,101,1-0,White,<=5s vs 10-15s,2553
mql1xPun,89,1-0,White,<=5s vs 5-10s,1949
VvKulVUG,91,1-0,White,<=5s vs 5-10s,2164
tIbT7xU7,64,0-1,Black,<=5s vs 15-20s,1983
Ocbi6G0E,57,1-0,White,<=5s vs 10-15s,2243
nAKxc6qC,58,0-1,Black,<=5s vs 15-20s,1322
RoYB838h,92,0-1,Black,<=5s vs 10-15s,1659
4PxbPm2x,50,0-1,Black,<=5s vs 5-10s,1459
HQjYEtmN,77,1-0,White,<=5s vs 10-15s,1825
McLUwASy,66,0-1,Black,<=5s vs 15-20s,1964
NNFpwvIJ,65,1-0,White,<=5s vs 15-20s,1989
5oGuEGsq,47,1-0,White,<=5s vs 5-10s,1196
OpXSSAe1,86,0-1,Black,<=5s vs 10-15s,1733
IDgE7Tml,134,0-1,Black,<=5s vs 5-10s,2509
GOUp5DYy,61,1-0,White,<=5s vs 10-15s,1592
m36dSuw0,92,1/2-1/2,Black,<=5s vs 5-10s,2441
HK0Q32BO,87,1-0,White,<=5s vs 10-15s,2336
pkXVweCB,63,0-1,White,<=5s vs <=5s,1276
IvmQlxRJ,46,0-1,Black,<=5s vs 5-10s,1159
WtcW0NGy,57,1-0,White,<=5s vs 15-20s,1523
sLrNhNvK,62,0-1,Black,<=5s vs 10-15s,1117
7zCed0P0,55,1-0,White,<=5s vs <=5s,1094
S37gi6Dt,63,1-0,White,<=5s vs 5-10s,1081
othEkBcO,54,0-1,Black,<=5s vs 15-20s,1209
OwHSnJIr,66,1-0,Black,<=5s vs <=5s,1443
jjkSoKiw,72,0-1,Black,<=5s vs 15-20s,2473
sAgW2pss,82,1-0,Black,<=5s vs <=5s,2456
DfaZ1SZd,105,1-0,White,<=5s vs 10-15s,3032
ZxrPno3O,69,1-0,White,<=5s vs 10-15s,1143
6nQ5Qv0x,55,1-0,White,<=5s vs 15-20s,1484
pQE9ZwvX,66,0-1,Black,<=5s vs 15-20s,1615
unAHn8aK,76,0-1,Black,<=5s vs 15-20s,2045
enlMRn3n,58,1/2-1/2,Black,<=5s vs <=5s,750
cBxDP4Cz,66,0-1,Black,<=5s vs 15-20s,1989
hF3GHDIQ,48,0-1,Black,<=5s vs 5-10s,1465
DEVLZ1u9,120,1-0,Black,<=5s vs <=5s,2416
sSQbOoPR,56,1-0,Black,<=5s vs 5-10s,2613
G9grvbXh,70,1-0,Black,<=5s vs <=5s,1721
t2Y7ZpxM,93,1-0,White,<=5s vs 15-20s,1617
O4yZvjiv,57,1-0,White,<=5s vs 15-20s,1078
2qioAMad,98,1-0,Black,<=5s vs <=5s,2457
4rk0Y1KN,72,1-0,Black,<=5s vs <=5s,1936
YotJ27Ro,62,0-1,Black,<=5s vs <=5s,2034
jtAOh7uR,108,0-1,Black,<=5s vs 15-20s,1951
eZqUhblF,58,0-1,Black,<=5s vs 5-10s,805
Ezh9jg3W,52,1-0,Black,<=5s vs 5-10s,1381
QXcwCpd9,82,1-0,Black,<=5s vs <=5s,1592
Qamw92qK,41,1-0,White,<=5s vs 15-20s,887
NfWViDMr,85,1-0,White,<=5s vs 10-15s,2195
eJRX0IXd,105,1-0,White,<=5s vs 15-20s,2016
z8bjmG0w,55,1-0,White,<=5s vs 15-20s,1190
1qVTWZHS,65,1-0,White,<=5s vs 15-20s,1803
V0KPu2CO,56,0-1,Black,<=5s vs 5-10s,1091
goNzbjQZ,67,1-0,White,<=5s vs 15-20s,1934
p6fqLpmx,54,0-1,Black,<=5s vs 10-15s,1291
MLCT4ieH,70,0-1,Black,<=5s vs 15-20s,1743
bM376Hy5,158,1/2-1/2,Black,<=5s vs 5-10s,1962
EGxkQvGe,69,0-1,White,<=5s vs 10-15s,1789
IrQNjc9C,60,0-1,Black,<=5s vs 5-10s,2361
Lq25b0of,42,0-1,Black,<=5s vs 15-20s,1567
e6vouytU,62,0-1,Black,<=5s vs 15-20s,1593
Bc1uLma6,109,0-1,White,<=5s vs 15-20s,1439
gWuuYwT4,141,1-0,White,<=5s vs <=5s,1854
EtCHGHAj,75,1-0,White,<=5s vs 10-15s,2485
FsaYj7is,78,0-1,Black,<=5s vs 5-10s,2319
fZ3m07RC,49,1-0,White,<=5s vs 10-15s,1157
nuyStJ98,52,0-1,Black,<=5s vs 15-20s,1220
sDaTits2,78,0-1,Black,<=5s vs 5-10s,2052
Vt3bTlkD,87,0-1,White,<=5s vs 5-10s,2197
gb0zxkSF,79,1-0,White,<=5s vs 15-20s,1918
USQt59vK,68,0-1,Black,<=5s vs 5-10s,1827
uW79aoVs,56,0-1,Black,<=5s vs <=5s,1626
a6h52ROl,74,0-1,Black,<=5s vs 15-20s,1610
7QSxBjqK,75,1-0,White,<=5s vs 10-15s,1621
ENVK6lmn,114,0-1,Black,<=5s vs 5-10s,1991
z229VORv,67,1-0,White,<=5s vs 5-10s,1099
8BDGK2Uy,82,1-0,Black,<=5s vs 10-15s,2092
fKe5jidF,72,0-1,Black,<=5s vs 5-10s,1645
ZvJ5cmbg,56,1-0,Black,<=5s vs <=5s,1690
0qUHzXFT,51,1-0,White,<=5s vs 5-10s,1910
OxBbqVgn,68,0-1,Black,<=5s vs 5-10s,2398
jfNJfELq,51,0-1,White,<=5s vs 15-20s,1786
VLiDbddi,84,0-1,Black,<=5s vs 15-20s,1798
xXlYPb19,75,1-0,White,<=5s vs 5-10s,1357
arj9JLwY,63,1-0,White,<=5s vs 5-10s,1820
jV8w2dcO,55,0-1,White,<=5s vs 5-10s,1294
AOMM4u6c,73,1-0,White,<=5s vs <=5s,1231
AXrKq2qe,68,1-0,Black,<=5s vs <=5s,1311
7xHiRj2T,38,0-1,Black,<=5s vs 10-15s,865
HNVIRhmZ,60,1-0,Black,<=5s vs <=5s,1967
6et71tF6,55,1-0,White,<=5s vs 15-20s,1897
cu32oV5p,113,1-0,White,<=5s vs 5-10s,2497
lmfQqpPA,143,1-0,White,<=5s vs 5-10s,2048
mFVH1VK9,60,0-1,Black,<=5s vs 15-20s,1863
yZu5OChi,79,1-0,White,<=5s vs 5-10s,2116
EDNpGnUN,46,0-1,Black,<=5s vs 5-10s,1553
EekCysUx,101,0-1,White,<=5s vs 10-15s,2066
4Jatx7BD,74,0-1,Black,<=5s vs <=5s,1732
5PTzwEiA,113,1-0,White,<=5s vs <=5s,1805
CxOEf3G5,73,1-0,White,<=5s vs 10-15s,2366
l71KIjZR,50,0-1,Black,<=5s vs <=5s,1036
ApLh1giX,82,0-1,Black,<=5s vs 5-10s,2288
YoRYxSH3,88,1-0,Black,<=5s vs <=5s,1789
UJxzOHAx,103,1-0,White,<=5s vs 5-10s,2128
3WlKWQoi,83,1-0,White,<=5s vs 10-15s,1764
C5jR3BP2,110,0-1,Black,<=5s vs 5-10s,2635
FeHD4LXW,49,1-0,White,<=5s vs 10-15s,1337
hpZMa4dQ,56,0-1,Black,<=5s vs 10-15s,1392
pR0VieTK,70,0-1,Black,<=5s vs 5-10s,2337
fm5PA3lK,97,1-0,White,<=5s vs 10-15s,2980
jBfuh79m,47,0-1,White,<=5s vs <=5s,1946
BdXGTS9U,88,0-1,Black,<=5s vs <=5s,2126
I1gD1AWK,48,0-1,Black,<=5s vs 10-15s,1446
zVu0jer4,62,1-0,Black,<=5s vs 10-15s,1371
1eMFqezK,79,1-0,White,<=5s vs 15-20s,2536
76dfJyqf,79,1-0,White,<=5s vs 5-10s,1907
7AH2R2Im,48,1-0,Black,<=5s vs 5-10s,1942
Toqcs6PD,79,1-0,White,<=5s vs 10-15s,2336
aNMpuTtL,60,0-1,Black,<=5s vs 15-20s,1943
LG2dt1fq,81,1-0,White,<=5s vs 10-15s,2809
hSZiNCkb,118,0-1,Black,<=5s vs <=5s,2059
zKsugHM8,67,1-0,White,<=5s vs 5-10s,1368
YrsxQuiV,37,1-0,White,<=5s vs 15-20s,1417
10OhkEUe,72,0-1,Black,<=5s vs <=5s,1581
qRznMCjI,57,1-0,White,<=5s vs 10-15s,1292
6cwsJRL8,56,0-1,Black,<=5s vs 10-15s,1418
5c9TBeKR,49,1-0,White,<=5s vs 15-20s,1308
QDsoqYlW,81,1-0,White,<=5s vs 10-15s,2641
UXA2Z9X2,56,0-1,Black,<=5s vs 10-15s,2370
V2m6FPQy,79,1/2-1/2,White,<=5s vs <=5s,2139
ySD1E7rS,63,0-1,White,<=5s vs <=5s,1089
SbfDHFEb,59,1-0,White,<=5s vs 15-20s,1831
xWVl3NKa,132,0-1,Black,<=5s vs <=5s,2027
9Q3U29k6,66,0-1,Black,<=5s vs 5-10s,1566
SXFR3Bwp,85,1-0,White,<=5s vs 10-15s,1930
E8U6C8R9,131,1-0,White,<=5s vs 15-20s,1852
EcDMTROR,50,1-0,Black,<=5s vs <=5s,1193
UUjBqPYt,108,1-0,Black,<=5s vs <=5s,2511
KBzoszdh,78,0-1,Black,<=5s vs 15-20s,2679
flq6B8rC,58,0-1,Black,<=5s vs 10-15s,1455
FckdFMrL,82,0-1,Black,<=5s vs 5-10s,2190
SZljgXZm,70,1-0,Black,<=5s vs <=5s,1464
1c3JuWja,56,0-1,Black,<=5s vs 5-10s,2508
NZxktkZy,49,1-0,White,<=5s vs 5-10s,2327
6hcK40Us,111,1-0,White,<=5s vs 5-10s,1936
W3baHtHl,70,0-1,Black,<=5s vs 5-10s,2155
UCMw713o,79,1-0,White,<=5s vs 10-15s,2075
FVPb3rAy,74,0-1,Black,<=5s vs 5-10s,1641
GVyJszu7,80,0-1,Black,<=5s vs 15-20s,2258
OaWZV46z,64,0-1,Black,<=5s vs 10-15s,1897
E1S5NlDm,70,0-1,Black,<=5s vs 10-15s,1855
B8WAUA8r,97,0-1,White,<=5s vs 5-10s,1991
3ZdaJF3Z,103,1-0,White,<=5s vs 15-20s,2144
BKuTy9fA,60,0-1,Black,<=5s vs <=5s,1674
Pd8sN6dX,60,0-1,Black,<=5s vs <=5s,1576
Sy8Igwme,67,1-0,White,<=5s vs 5-10s,1379
epZjmGYk,54,0-1,Black,<=5s vs <=5s,975
IRwQ1tu6,48,0-1,Black,<=5s vs 10-15s,1408
ehjeMtQZ,63,1-0,White,<=5s vs 10-15s,991
yjr9Sgxe,75,1-0,White,<=5s vs 15-20s,2280
RY0iFaRn,75,1-0,White,<=5s vs 15-20s,1564
SzZfmVNr,80,0-1,Black,<=5s vs 15-20s,2427
Ze7FLGOR,65,1-0,White,<=5s vs 10-15s,2278
VUOJbaiM,102,0-1,Black,<=5s vs 5-10s,2049
eytgAnYb,66,0-1,Black,<=5s vs 5-10s,2078
VyOgygUF,69,1-0,White,<=5s vs 15-20s,2283
wQattVcp,53,1-0,White,<=5s vs 15-20s,1345
MuwRDVpE,94,0-1,Black,<=5s vs 15-20s,2386
9UATlN1h,62,0-1,Black,<=5s vs 5-10s,2354
Ejw8lNja,94,1-0,Black,<=5s vs 5-10s,1966
Vqdzk12z,78,0-1,Black,<=5s vs 15-20s,2528
nQAuyNNt,53,0-1,White,<=5s vs 5-10s,1690
4SJ00RxQ,80,0-1,Black,<=5s vs 15-20s,2030
XZY17Np3,54,0-1,Black,<=5s vs 15-20s,1843
2R2PYbKy,71,0-1,White,<=5s vs <=5s,2057
NS4nsCUZ,62,1-0,Black,<=5s vs 10-15s,1750
1neNlh99,81,1/2-1/2,White,<=5s vs 5-10s,2143
WTqh4gqC,70,0-1,Black,<=5s vs 15-20s,1719
75HJ1DRZ,96,0-1,Black,<=5s vs 5-10s,1899
JBrbYfJp,53,0-1,White,<=5s vs 15-20s,2111
wPrKTx25,47,0-1,White,<=5s vs 15-20s,1257
Qzp1N4Hc,77,1-0,White,<=5s vs <=5s,1112
8UmODOTa,62,0-1,Black,<=5s vs 15-20s,1803
Q90Nv5zq,50,0-1,Black,<=5s vs <=5s,1751
OCfEqVTD,101,1-0,White,<=5s vs 15-20s,2144
Jx3GZeyp,73,1-0,White,<=5s vs 15-20s,2737
b0hrAhUf,70,0-1,Black,<=5s vs 5-10s,1644
6NWAS97B,89,1-0,White,<=5s vs 10-15s,2422
Mo51oVnL,40,0-1,Black,<=5s vs 15-20s,1050
PmiENjWe,66,0-1,Black,<=5s vs 5-10s,1449
GqlGOVCh,61,0-1,White,<=5s vs 5-10s,1502
Sf0679iD,79,0-1,White,<=5s vs 5-10s,2122
mIUMbWlF,76,0-1,Black,<=5s vs 5-10s,1618
JIesSyAj,78,0-1,Black,<=5s vs 10-15s,2434
XJSelUzX,77,1-0,White,<=5s vs 5-10s,1656
9SjVqFBv,72,0-1,Black,<=5s vs <=5s,2441
gwcaMx11,111,1-0,White,<=5s vs <=5s,2246
Aq3rWYIX,58,0-1,Black,<=5s vs 5-10s,1390
MjpISzhC,82,1/2-1/2,Black,<=5s vs 15-20s,2455
997ZIYDR,75,1-0,White,<=5s vs 5-10s,1547
yJ6h4AWj,78,0-1,Black,<=5s vs 15-20s,1180
EnQFrxZP,48,0-1,Black,<=5s vs 10-15s,1281
yhtHtFh9,90,1-0,Black,<=5s vs <=5s,1386
sablm7dG,171,1/2-1/2,White,<=5s vs 15-20s,2246
6PqFgO5D,76,0-1,Black,<=5s vs 10-15s,1310
NE03UzpI,72,0-1,Black,<=5s vs 10-15s,2078
aX8BDU4B,82,0-1,Black,<=5s vs <=5s,1825
6LsXNx1y,95,1-0,White,<=5s vs 5-10s,1831
BVlStRUS,59,1-0,White,<=5s vs 15-20s,1798
yMf5AK2r,73,1-0,White,<=5s vs 10-15s,2226
Zpy9KbbG,49,0-1,White,<=5s vs 15-20s,1719
dBtlm7tL,50,0-1,Black,<=5s vs 15-20s,1166
5M4sOcAC,80,1/2-1/2,Black,<=5s vs 5-10s,2087
B6dby5Wh,51,1-0,White,<=5s vs 5-10s,2083
p26S5yK4,35,1-0,White,<=5s vs 15-20s,1022
W2Kco7Xp,35,1-0,White,<=5s vs 10-15s,1329
Vh59O5Te,86,1-0,Black,<=5s vs <=5s,1945
6LNYlZVv,74,0-1,Black,<=5s vs 5-10s,1577
NcOUGPLi,69,1-0,White,<=5s vs 10-15s,1947
C3GT9wa1,93,1-0,White,<=5s vs <=5s,1853
3MfdxjYg,57,1-0,White,<=5s vs 10-15s,785
9MmfdX2b,95,1-0,White,<=5s vs 5-10s,2564
CCmrNG3r,57,1-0,White,<=5s vs 5-10s,1978
d14ecSsI,56,0-1,Black,<=5s vs 15-20s,1699
vkUYe510,67,1-0,White,<=5s vs 15-20s,2620
EMdcuv8k,67,1-0,White,<=5s vs 10-15s,1285
6P5lPDeV,79,1-0,White,<=5s vs 15-20s,2014
L6UeEadu,98,1/2-1/2,Black,<=5s vs 5-10s,2329
RDsCMVz0,42,1-0,Black,<=5s vs 5-10s,1279
FoC1QM0X,60,0-1,Black,<=5s vs 15-20s,1086
bPrCG0Tr,59,1-0,White,<=5s vs 5-10s,1423
MuuGXso2,75,1/2-1/2,White,<=5s vs 15-20s,2777
jvonniJ4,98,0-1,Black,<=5s vs 15-20s,2568
JCeWswyb,84,0-1,Black,<=5s vs 5-10s,1507
2zI9rOHH,69,1-0,White,<=5s vs 15-20s,2450
qk2DlCkq,76,0-1,Black,<=5s vs 15-20s,1592
jJbU2r4g,50,0-1,Black,<=5s vs 10-15s,1202
YjGLXoLe,80,0-1,Black,<=5s vs 5-10s,1315
RCAjqTeD,44,0-1,Black,<=5s vs 10-15s,1097
XOTepj5E,92,0-1,Black,<=5s vs 10-15s,2166
1B16Ns9u,85,1-0,White,<=5s vs 10-15s,1559
aBPmeeUd,61,1-0,White,<=5s vs 15-20s,1935
SnybjOw5,115,1-0,White,<=5s vs 15-20s,2257
4sbJC03v,70,0-1,Black,<=5s vs 15-20s,957
8GGZumIp,69,1-0,White,<=5s vs 10-15s,2255
wmLn7qyA,85,1-0,White,<=5s vs 5-10s,1887
98ekraVc,103,1-0,White,<=5s vs 15-20s,1905
J2ro7pxw,62,0-1,Black,<=5s vs 10-15s,1882
AYxO2igj,50,0-1,Black,<=5s vs 15-20s,1673
xenlYvqG,135,0-1,White,<=5s vs 5-10s,2236
9MaXtJqy,66,0-1,Black,<=5s vs 5-10s,2056
HnOeQhWW,129,1/2-1/2,White,<=5s vs <=5s,1676
ALP3kBu3,62,0-1,Black,<=5s vs 5-10s,1694
8YcqoQ0M,67,1-0,White,<=5s vs 10-15s,1343
spcMX3QV,63,1-0,White,<=5s vs 15-20s,1825
87F2bFsJ,49,1-0,White,<=5s vs 5-10s,1063
DQSZQAOR,65,1-0,White,<=5s vs 15-20s,2139
fqgWFp5Q,115,1/2-1/2,White,<=5s vs 15-20s,2129
eUfIBSmr,152,1/2-1/2,Black,<=5s vs 10-15s,2730
lY5ZFzQ6,57,1-0,White,<=5s vs 5-10s,1249
AK73oAzo,78,1-0,Black,<=5s vs <=5s,1483
aJdrlQaS,73,0-1,White,<=5s vs 15-20s,2171
TaT4Dgm0,120,0-1,Black,<=5s vs 5-10s,2589
EPQb8w4L,86,0-1,Black,<=5s vs 15-20s,2230
ojDuJuFt,64,0-1,Black,<=5s vs 10-15s,1055
CVIbtJAL,68,0-1,Black,<=5s vs 10-15s,2442
yIdXMMFP,63,0-1,White,<=5s vs 5-10s,1560
0WsYEx0o,74,1/2-1/2,Black,<=5s vs 10-15s,1586
YYG6iAzM,78,0-1,Black,<=5s vs 5-10s,2202
KiEgA7OY,77,1-0,White,<=5s vs 15-20s,2470
r65zsyq0,83,0-1,White,<=5s vs 5-10s,1264
GWcPaxwE,61,1-0,White,<=5s vs 5-10s,1330
eRzvcaS6,66,0-1,Black,<=5s vs <=5s,851
6MYdgTvD,66,0-1,Black,<=5s vs 5-10s,2152
OlXD5lwS,98,0-1,Black,<=5s vs 10-15s,1680
FL5CJkzD,62,0-1,Black,<=5s vs 15-20s,2468
QtEWn3iU,73,1-0,White,<=5s vs 5-10s,2179
sSIjwog0,79,1-0,White,<=5s vs 5-10s,1477
SZcECji0,79,1-0,White,<=5s vs 10-15s,2215
SQbavWv2,59,1-0,White,<=5s vs 10-15s,1640
248cYb0y,62,0-1,Black,<=5s vs 10-15s,1190
O08o9n6U,97,1-0,White,<=5s vs 5-10s,2345
Vx8AG65b,81,1-0,White,<=5s vs 15-20s,1708
JnzjlZNJ,55,1-0,White,<=5s vs 15-20s,1630
NZiyubr3,42,0-1,Black,<=5s vs 5-10s,1529
Fka2K77K,107,0-1,White,<=5s vs <=5s,2146
oO7Qsu5X,79,0-1,White,<=5s vs 5-10s,1235
Ws0XL99F,129,1/2-1/2,White,<=5s vs 15-20s,2565
o8Lvscsu,44,0-1,Black,<=5s vs 5-10s,1081
M7ooCUc0,88,1-0,Black,<=5s vs 10-15s,2375
D1VFw2YU,60,0-1,Black,<=5s vs 15-20s,2295
2LMFcBwv,62,0-1,Black,<=5s vs 5-10s,2066
45A0hX7P,61,1-0,White,<=5s vs 15-20s,1449
hzdOr7PE,76,1-0,Black,<=5s vs <=5s,1877
tpBqFuFs,81,1-0,White,<=5s vs 15-20s,2056
7TI8ZuH9,100,0-1,Black,<=5s vs 5-10s,2527
F9vcnyuH,81,1-0,White,<=5s vs 5-10s,2045
aK9GnPjO,70,0-1,Black,<=5s vs 15-20s,1866
SXXkxsR7,58,0-1,Black,<=5s vs 5-10s,1466
7HgRw0G8,110,0-1,Black,<=5s vs 5-10s,1516
sPo9Mtdo,53,0-1,White,<=5s vs 10-15s,1714
ZOtCATAw,93,1-0,White,<=5s vs 5-10s,2208
SCXRMfWg,51,1-0,White,<=5s vs 15-20s,2069
TkVT3C7T,102,0-1,Black,<=5s vs 5-10s,1692
p4op10j6,61,1-0,White,<=5s vs 15-20s,1819
bfnRcvmQ,79,1-0,White,<=5s vs <=5s,2077
6xKN4Pe1,81,0-1,White,<=5s vs 5-10s,1867
1tcnUApK,62,1-0,Black,<=5s vs <=5s,1785
GUqW1qqo,55,1-0,White,<=5s vs 5-10s,1349
A2perF6S,79,1-0,White,<=5s vs 10-15s,2326
InCK2XA2,50,0-1,Black,<=5s vs 15-20s,1854
WygkQ6x2,86,0-1,Black,<=5s vs 10-15s,1810
D5z8XOcm,83,1-0,White,<=5s vs 15-20s,2561
8FOSHNoP,44,0-1,Black,<=5s vs 10-15s,1485
QYqTDhT3,71,1-0,White,<=5s vs 5-10s,2511
ArOS6NMw,66,1-0,Black,<=5s vs <=5s,1243
cm9tBd3U,123,1-0,White,<=5s vs 5-10s,2768
I6bvFaFT,79,1-0,White,<=5s vs 10-15s,1820
VZLyAUBi,110,0-1,Black,<=5s vs 10-15s,2357
7STDvNJZ,60,1-0,Black,<=5s vs <=5s,1840
oGXGSuYi,74,0-1,Black,<=5s vs 15-20s,1689
x12rjiir,52,0-1,Black,<=5s vs 10-15s,1266
KaC7ndtx,78,1-0,Black,<=5s vs 5-10s,2221
UU95GTQK,82,1-0,Black,<=5s vs <=5s,1710
PXEntxYe,75,1-0,White,<=5s vs 15-20s,2070
oaNzCJQj,48,0-1,Black,<=5s vs 15-20s,1546
7bOmD6uF,64,1-0,Black,<=5s vs <=5s,1371
lp6R3igJ,40,1-0,Black,<=5s vs 5-10s,1019
S1Dh6qzo,103,1/2-1/2,White,<=5s vs 5-10s,1799
724KUDPU,129,1/2-1/2,White,<=5s vs 5-10s,1765
CHAwFU2Q,79,1-0,White,<=5s vs 15-20s,2188
RlGI4qCV,86,0-1,Black,<=5s vs 5-10s,2403
1xEdLBrN,86,1/2-1/2,Black,<=5s vs 5-10s,2216
AcRzMsfZ,92,0-1,Black,<=5s vs 15-20s,2312
FZ6bYpV4,100,0-1,Black,<=5s vs 5-10s,2268
PzggXNZW,71,1-0,White,<=5s vs 10-15s,958
hUZvRAew,85,1-0,White,<=5s vs <=5s,1863
KGNJqQuY,62,0-1,Black,<=5s vs 10-15s,1222
k2kvdjtO,70,0-1,Black,<=5s vs 15-20s,1117
hjlPw38a,71,1-0,White,<=5s vs 15-20s,1628
huOuuGtw,91,1-0,White,<=5s vs 10-15s,1755
ffzmFh1m,60,0-1,Black,<=5s vs 15-20s,2335
VSJ2JObs,72,1-0,Black,<=5s vs <=5s,2106
3KAXRdEO,52,0-1,Black,<=5s vs 10-15s,1399
m3frQqSN,79,1-0,White,<=5s vs 15-20s,2689
qsLfcshU,77,1-0,White,<=5s vs 10-15s,2301
eYTWFFGy,71,1-0,White,<=5s vs 5-10s,1846
0xmbBYDV,67,1-0,White,<=5s vs 15-20s,1716
ZzOXYcOO,97,1-0,White,<=5s vs 5-10s,2833
leVBQxUu,98,0-1,Black,<=5s vs <=5s,2354
A5h9jAS6,69,0-1,White,<=5s vs 5-10s,1395
ZdEUdba9,57,1-0,White,<=5s vs 15-20s,2201
fZCkxvvP,83,1-0,White,<=5s vs <=5s,2193
TQ2SaRM2,66,0-1,Black,<=5s vs 15-20s,2223
QmOi9zSI,57,1-0,White,<=5s vs 5-10s,1129
V7xNH3P5,69,1-0,White,<=5s vs 5-10s,1963
bl6HyQ8q,68,0-1,Black,<=5s vs 5-10s,2231
4kwU4nea,66,1-0,Black,<=5s vs 10-15s,1294
KIHDejrE,40,0-1,Black,<=5s vs 10-15s,712
1OpjqPQN,88,0-1,Black,<=5s vs 5-10s,2729
EwAaF8Sz,78,0-1,Black,<=5s vs 5-10s,1403
H0LhUAg3,51,1-0,White,<=5s vs 10-15s,1744
X5ehidEC,104,1-0,Black,<=5s vs <=5s,2505
CpgKDz0s,68,0-1,Black,<=5s vs <=5s,2099
xgqBRZOx,79,1-0,White,<=5s vs 5-10s,2107
Jvjev3Wj,136,0-1,Black,<=5s vs 15-20s,2248
OLsw6Np1,56,0-1,Black,<=5s vs 5-10s,1230
Hod8cw1D,58,0-1,Black,<=5s vs 5-10s,1664
yl0QCiCO,59,1-0,White,<=5s vs 5-10s,2640
5KKBrIXK,109,0-1,White,<=5s vs <=5s,2228
eDL4FlER,87,1-0,White,<=5s vs 5-10s,1439
4EP95NPw,79,0-1,White,<=5s vs <=5s,2037
UjnQjBuo,65,1-0,White,<=5s vs 5-10s,1404
58wUhrjX,50,1-0,Black,<=5s vs <=5s,1064
AEQKOkYy,106,0-1,Black,<=5s vs 10-15s,2272
venWf93t,50,0-1,Black,<=5s vs 15-20s,1390
DEIv2CVm,74,0-1,Black,<=5s vs 15-20s,2696
MrtrfHQs,62,0-1,Black,<=5s vs 10-15s,2347
ZUQmqjmo,70,0-1,Black,<=5s vs 15-20s,1532
qVlzzHFo,50,0-1,Black,<=5s vs 5-10s,1611
orL4iwxO,122,0-1,Black,<=5s vs 15-20s,1634
zW3RoCT2,42,0-1,Black,<=5s vs <=5s,697
EuL61BWM,73,1-0,White,<=5s vs 5-10s,2171
0rI9DS7M,88,0-1,Black,<=5s vs 5-10s,2290
bRbV4owS,61,1/2-1/2,White,<=5s vs 5-10s,1526
N0Lo7pG7,160,1-0,Black,<=5s vs 5-10s,2522
yy2jEzWO,80,1-0,Black,<=5s vs <=5s,1501
3YLAN6fz,96,0-1,Black,<=5s vs 5-10s,2172
VwbYGrn5,68,1-0,Black,<=5s vs <=5s,2029
U4PjbSM1,89,1-0,White,<=5s vs 5-10s,1947
DmdpLVgZ,78,0-1,Black,<=5s vs 15-20s,2277
G7xyppPN,86,0-1,Black,<=5s vs 5-10s,2649
g8Wjy5Iq,69,0-1,White,<=5s vs <=5s,1459
U0zNGg23,74,0-1,Black,<=5s vs <=5s,1808
EYkn6cFU,70,0-1,Black,<=5s vs 5-10s,2218
CJza09gw,54,0-1,Black,<=5s vs 15-20s,1371
HKpjFpRN,66,0-1,Black,<=5s vs 5-10s,1265
039Elq0j,45,1-0,White,<=5s vs 15-20s,1128
OIanxlj6,74,0-1,Black,<=5s vs 10-15s,2153
orwl6b6l,110,1-0,Black,<=5s vs 15-20s,1906
pQ1Y9qSU,156,0-1,Black,<=5s vs 15-20s,2268
HKtWlU6t,91,1-0,White,<=5s vs 10-15s,2057
ynyyT4e4,64,0-1,Black,<=5s vs 15-20s,2079
eC1eBKS3,67,1-0,White,<=5s vs 5-10s,2685
RQpexPmV,53,1-0,White,<=5s vs 10-15s,1120
2DIwYouU,96,1-0,Black,<=5s vs <=5s,2400
ejkobMxs,62,0-1,Black,<=5s vs 5-10s,1751
dmAfLZL2,65,1-0,White,<=5s vs 15-20s,1886
kjKg5XtY,98,0-1,Black,<=5s vs 5-10s,2247
b2v7wYyi,86,1-0,Black,<=5s vs <=5s,2010
FlRBRJkC,47,1-0,White,<=5s vs 5-10s,1602
91gsjTcR,49,1-0,White,<=5s vs 15-20s,2709
5DCtZOzW,83,1-0,White,<=5s vs 5-10s,1152
N3NNOtKE,69,0-1,White,<=5s vs 5-10s,1515
DBMAP6ZQ,86,1-0,Black,<=5s vs <=5s,2712
Nhv5wCgH,74,1-0,Black,<=5s vs 10-15s,2408
7gHkX5bq,97,0-1,White,<=5s vs 5-10s,1988
WJkd5djZ,68,0-1,Black,<=5s vs 10-15s,1826
5mJFyP6y,76,0-1,Black,<=5s vs 5-10s,2911
V0iMcCjX,112,1/2-1/2,Black,<=5s vs <=5s,2216
FNRZbNbd,73,1-0,White,<=5s vs <=5s,1070
q61VoGde,117,1-0,White,<=5s vs 15-20s,2474
Iw5IIrAX,60,0-1,Black,<=5s vs <=5s,1386
DnWx69aT,84,1/2-1/2,Black,<=5s vs <=5s,2511
jtD69GzC,73,1/2-1/2,White,<=5s vs 10-15s,2313
8jACnQZt,105,1-0,White,<=5s vs 10-15s,2515
avhQDgdC,106,1-0,Black,<=5s vs <=5s,2879
HdfWdBrO,55,1-0,White,<=5s vs 15-20s,1445
3Z2HV509,76,0-1,Black,<=5s vs 15-20s,2753
cA3JSvlt,69,1-0,White,<=5s vs 10-15s,2261
8n2obpdB,113,1/2-1/2,White,<=5s vs 10-15s,1312
yyvUmp4N,65,1-0,White,<=5s vs 5-10s,1939
vlYB77Mi,60,0-1,Black,<=5s vs 10-15s,1230
6GtsZvko,69,1-0,White,<=5s vs 5-10s,2226
TaPixLeL,53,1-0,White,<=5s vs 15-20s,1337
HDe5aFQ4,65,0-1,White,<=5s vs 5-10s,2378
UcZNJrB0,104,1-0,Black,<=5s vs <=5s,2495
sGDNngB5,67,1-0,White,<=5s vs 10-15s,1615
xwZH56tL,60,0-1,Black,<=5s vs 5-10s,1146
FZxYuGA5,73,1-0,White,<=5s vs 15-20s,2358
OIrkY3nW,82,0-1,Black,<=5s vs 10-15s,2368
IU9FI3wM,92,1/2-1/2,Black,<=5s vs 15-20s,2440
9ArT5Mz7,62,0-1,Black,<=5s vs 5-10s,1677
L9RrugoE,65,1-0,White,<=5s vs <=5s,810
Whatgz9w,85,1-0,White,<=5s vs 10-15s,2405
0BVWOy5S,55,1-0,White,<=5s vs 15-20s,2022
QmwEwLfb,137,1/2-1/2,White,<=5s vs <=5s,1355
Xlq23iUG,53,1-0,White,<=5s vs 10-15s,1034
Ms6V31TU,88,0-1,Black,<=5s vs 5-10s,2029
x2VF4Opi,56,1-0,Black,<=5s vs 15-20s,1567
EhZv5Dui,93,1-0,White,<=5s vs 15-20s,2417
dJFWqEUC,63,1-0,White,<=5s vs 15-20s,1569
RsA6JZgP,116,0-1,Black,<=5s vs <=5s,1778
DeF8ZJKs,72,1-0,Black,<=5s vs <=5s,1511
c6RQETM1,57,1-0,White,<=5s vs 10-15s,1684
cdozuXKc,48,0-1,Black,<=5s vs 5-10s,1700
JAM5rpXG,73,1-0,White,<=5s vs 5-10s,2277
FlAJXll8,74,0-1,Black,<=5s vs 15-20s,2408
6W6mjOFo,62,0-1,Black,<=5s vs 15-20s,1900
rCrYbUCi,84,0-1,Black,<=5s vs 5-10s,1262
TDfaAaFz,134,0-1,Black,<=5s vs 5-10s,2392
84vpcPVQ,99,1-0,White,<=5s vs 5-10s,2837
MDcCDoTG,61,1-0,White,<=5s vs 15-20s,1291
Sukf0MLa,90,0-1,Black,<=5s vs <=5s,1863
EdP9LRNP,117,0-1,White,<=5s vs 5-10s,2163
5E2KRI76,90,0-1,Black,<=5s vs 15-20s,2250
mP7uM9K9,61,1-0,White,<=5s vs 5-10s,1327
hmKgybje,121,1-0,White,<=5s vs 15-20s,1556
Fb4Dhbba,111,0-1,White,<=5s vs 5-10s,2159
3qPenJSs,80,1-0,Black,<=5s vs <=5s,1458
SNCiE066,131,0-1,White,<=5s vs <=5s,2503
bxPLuT07,75,1-0,White,<=5s vs 5-10s,1973
UbE8KNaf,79,1-0,White,<=5s vs 5-10s,1524
swPOL9T2,113,1-0,White,<=5s vs <=5s,2339
Nb81N8mq,82,0-1,Black,<=5s vs 15-20s,2395
4NlIgHoF,65,1-0,White,<=5s vs <=5s,1583
RXjFDNJ6,93,0-1,White,<=5s vs 5-10s,2120
jEgmslaO,110,0-1,Black,<=5s vs <=5s,2430
Pf59Ysf1,70,0-1,Black,<=5s vs 15-20s,2274
lZGvuSqn,63,1-0,White,<=5s vs 5-10s,1244
5cfDFNQX,65,1-0,White,<=5s vs 15-20s,2559
uGa3a3pR,143,0-1,White,<=5s vs <=5s,1952
OpLgF4sU,71,1-0,White,<=5s vs 15-20s,1832
WOAS4h59,57,1-0,White,<=5s vs 10-15s,2005
pkKoZs2R,56,0-1,Black,<=5s vs 15-20s,2392
NQMX0Yce,80,1-0,Black,<=5s vs <=5s,2429
ttgqnJ9n,72,0-1,Black,<=5s vs 15-20s,2329
shyYg6Nl,91,1-0,White,<=5s vs 10-15s,2240
HNK79xzz,83,1-0,White,<=5s vs 15-20s,1341
tzSEXAJH,72,0-1,Black,<=5s vs <=5s,2223
PxKw38Uq,75,1-0,White,<=5s vs 10-15s,1585
oKuQNRgg,45,1-0,White,<=5s vs 5-10s,1006
R4qlDOTF,38,0-1,Black,<=5s vs 10-15s,1089
c2vV3Hbs,94,1-0,Black,<=5s vs <=5s,2222
itqII9v6,64,0-1,Black,<=5s vs 15-20s,1813
UbIgWo19,69,1-0,White,<=5s vs 10-15s,2740
iFgoMv0f,93,1-0,White,<=5s vs 15-20s,1282
JVEMnkUu,68,0-1,Black,<=5s vs 15-20s,1214
iL3PiBon,45,1-0,White,<=5s vs 15-20s,1060
iT9DZXmz,112,1-0,Black,<=5s vs 10-15s,1602
etKjQvaE,75,1-0,White,<=5s vs <=5s,1373
ynwKuFnx,63,1-0,White,<=5s vs 5-10s,1237
C3zndLL7,69,1-0,White,<=5s vs 10-15s,1371
eqZH2V4E,106,1/2-1/2,Black,<=5s vs 15-20s,1818
NKhVjdvP,113,1-0,White,<=5s vs 5-10s,2003
Q5HsriYx,46,0-1,Black,<=5s vs 15-20s,1193
GVwhVF9S,99,1-0,White,<=5s vs 10-15s,2524
ERR3jWNr,90,0-1,Black,<=5s vs 15-20s,1895
dnppBk6Y,90,1-0,Black,<=5s vs 5-10s,1929
Dk7Wc3Qd,74,1-0,Black,<=5s vs <=5s,1267
PGIP7742,68,0-1,Black,<=5s vs 5-10s,2002
vPrmKbAq,44,0-1,Black,<=5s vs 10-15s,1127
XQlLNT2s,57,1-0,White,<=5s vs 5-10s,912
g7RNe2bj,79,1-0,White,<=5s vs 5-10s,1203
C9AnEgFD,138,1-0,Black,<=5s vs <=5s,2478
f7PGDRLq,69,0-1,White,<=5s vs 5-10s,2243
GlnnfnBs,60,1-0,Black,<=5s vs 5-10s,1441
69lsZ14Q,72,1-0,Black,<=5s vs <=5s,1141
kzN5hgWk,65,1-0,White,<=5s vs <=5s,1963
uplaAQIt,98,1-0,Black,<=5s vs <=5s,2911
WjXq3k8J,130,1-0,Black,<=5s vs 10-15s,1939
2pu3pnN9,76,0-1,Black,<=5s vs 15-20s,1571
E8Y2FHPQ,85,1/2-1/2,White,<=5s vs 15-20s,2258
hq3GDLRN,94,0-1,Black,<=5s vs 10-15s,1908
jDLYshGd,78,0-1,Black,<=5s vs <=5s,1994
MYTp8qHU,63,0-1,White,<=5s vs <=5s,1429
htDwDx7d,78,1/2-1/2,Black,<=5s vs 5-10s,2397
50LmA4dp,64,0-1,Black,<=5s vs 10-15s,2082
28QfM4fE,76,0-1,Black,<=5s vs 15-20s,1474
Dfk1YeGa,100,1-0,Black,<=5s vs 10-15s,2403
lw3qER6p,83,1-0,White,<=5s vs 15-20s,1963
CTihTcGV,57,1-0,White,<=5s vs 15-20s,1928
bXxbGJtk,102,0-1,Black,<=5s vs 5-10s,2258
6CAPQFZp,100,0-1,Black,<=5s vs 15-20s,1487
iCWz3BZI,63,1-0,White,<=5s vs 15-20s,1433
yXeTkkQK,88,0-1,Black,<=5s vs 15-20s,1908
eXTdesc8,50,1-0,Black,<=5s vs 5-10s,1328
iUCS6Y5p,42,0-1,Black,<=5s vs 10-15s,1498
0mBUgwme,53,1-0,White,<=5s vs 10-15s,1777
9jB8br1l,83,1-0,White,<=5s vs 10-15s,1809
K9dHYbIE,47,1-0,White,<=5s vs 15-20s,1500
vhabzIgC,88,0-1,Black,<=5s vs 5-10s,3024
ZLkkRhuz,80,1-0,Black,<=5s vs <=5s,1479
iEpKSkl8,82,0-1,Black,<=5s vs 15-20s,1766
tRsbf7K9,59,0-1,White,<=5s vs 10-15s,1709
r8Nv88n8,62,0-1,Black,<=5s vs 5-10s,1827
JzN7i1cg,72,0-1,Black,<=5s vs 10-15s,1366
5nanOxab,87,0-1,White,<=5s vs <=5s,2302
lMKvUp4i,62,0-1,Black,<=5s vs 5-10s,2165
OxIkvpYo,71,1-0,White,<=5s vs 15-20s,1422
Qc5TzSMD,127,1-0,White,<=5s vs 5-10s,1269
L42TqeYE,110,0-1,Black,<=5s vs 5-10s,2261
FnAGzZhm,81,1-0,White,<=5s vs 5-10s,2015
ByVsS8xk,130,0-1,Black,<=5s vs 10-15s,2380
TqPv5nOB,76,1-0,Black,<=5s vs 5-10s,2038
a6of1W3C,62,0-1,Black,<=5s vs <=5s,2052
60De8sRD,65,0-1,White,<=5s vs 5-10s,1544
zAkrPAma,61,1-0,White,<=5s vs 15-20s,1457
pcwtOqJB,47,0-1,White,<=5s vs 5-10s,1005
c3tgNOVA,55,1-0,White,<=5s vs 15-20s,1557
D6RZt1pF,47,1-0,White,<=5s vs 5-10s,920
MCrsxVoe,89,1-0,White,<=5s vs 15-20s,2389
yeIH76h4,64,1-0,Black,<=5s vs 5-10s,1898
cD4R4Gbh,40,1-0,Black,<=5s vs 5-10s,743
Q9TSTDsZ,57,1-0,White,<=5s vs 15-20s,1644
A8JChw9C,54,1-0,Black,<=5s vs <=5s,1883
V6VaulYC,49,1-0,White,<=5s vs 5-10s,1153
f3mFZz4L,63,0-1,White,<=5s vs 5-10s,1881
Fbc30vIm,134,0-1,Black,<=5s vs 10-15s,2173
w2XUHtnm,85,1/2-1/2,White,<=5s vs 10-15s,2302
zuGYaWcw,62,1-0,Black,<=5s vs <=5s,1261
DPHaqKyH,95,1-0,White,<=5s vs 10-15s,2272
CZZGQPd9,66,0-1,Black,<=5s vs <=5s,1863
Sbu1aZ3C,102,0-1,Black,<=5s vs 5-10s,2447
Yo3kP1WZ,95,1-0,White,<=5s vs 5-10s,2303
XXjYOMWT,84,0-1,Black,<=5s vs 10-15s,1949
LT84qHnC,78,1/2-1/2,Black,<=5s vs 15-20s,2401
nRXJJ04C,94,0-1,Black,<=5s vs 5-10s,2763
H8RTOSeG,55,1-0,White,<=5s vs 15-20s,1616
FAKcn2OZ,75,0-1,White,<=5s vs 10-15s,2226
sdl5GikX,75,1-0,White,<=5s vs 5-10s,2008
DIHAHbtb,83,1-0,White,<=5s vs 10-15s,1972
TZttBRm4,83,0-1,White,<=5s vs <=5s,2157
HBoxd3U6,71,1-0,White,<=5s vs 5-10s,1891
U93YYKe7,92,0-1,Black,<=5s vs 5-10s,2247
pGWJZoIl,56,0-1,Black,<=5s vs <=5s,1655
Nx4yuyW3,79,1-0,White,<=5s vs 10-15s,2423
lhnp8N7N,69,1-0,White,<=5s vs 15-20s,2616
1Z1RrDQU,52,0-1,Black,<=5s vs 15-20s,1266
f9TGI7Vd,73,1-0,White,<=5s vs 10-15s,1398
s6U6kE6e,73,1-0,White,<=5s vs 5-10s,1596
htq6hFC2,43,1-0,White,<=5s vs 15-20s,1250
8mIFxiqo,68,0-1,Black,<=5s vs 10-15s,1686
BcHsd3Id,59,1-0,White,<=5s vs 10-15s,1715
M9upRnY9,54,0-1,Black,<=5s vs 5-10s,1586
3Gce57FY,109,1-0,White,<=5s vs 15-20s,2625
xMDcSDhr,48,0-1,Black,<=5s vs 10-15s,1432
kQIGCljK,135,1-0,White,<=5s vs 10-15s,2339
sRFFjSvB,53,1-0,White,<=5s vs 15-20s,1331
51UMcjjf,69,1-0,White,<=5s vs 5-10s,2026
FH3MP7nF,36,0-1,Black,<=5s vs 15-20s,990
xw0XLo4t,102,0-1,Black,<=5s vs 5-10s,2093
TB9pZK5C,106,0-1,Black,<=5s vs 15-20s,1864
A9WpM9eL,70,0-1,Black,<=5s vs 15-20s,2055
aDKYyKzR,114,1/2-1/2,Black,<=5s vs 10-15s,2674
JKy9dhCA,70,0-1,Black,<=5s vs 5-10s,2237
qFwkcLTZ,132,1/2-1/2,Black,<=5s vs <=5s,2439
5Iot1bet,125,1-0,White,<=5s vs 15-20s,1692
DXBAlwyS,62,0-1,Black,<=5s vs 5-10s,1510
CPGq1cam,75,1-0,White,<=5s vs 10-15s,2379
c2H3Nvgf,43,1-0,White,<=5s vs 15-20s,1113
bTHNvx6g,123,1-0,White,<=5s vs 5-10s,2194
UmvQzgP6,84,0-1,Black,<=5s vs 5-10s,1844
MdF9Uto7,76,0-1,Black,<=5s vs <=5s,1932
90MB3dIL,71,0-1,White,<=5s vs <=5s,2012
vw7BSADR,46,1-0,Black,<=5s vs 5-10s,1464
jgtk4BEg,65,1-0,White,<=5s vs 5-10s,2186
KIPndeME,57,1-0,White,<=5s vs 10-15s,2197
xpmEddcB,36,0-1,Black,<=5s vs 15-20s,1340
to26o1Zx,46,0-1,Black,<=5s vs <=5s,1123
KazOnses,61,1-0,White,<=5s vs 10-15s,1246
Txm1iK2x,36,0-1,Black,<=5s vs 15-20s,1115
fWa9dWwO,83,0-1,White,<=5s vs <=5s,1661
dszEH0PW,42,0-1,Black,<=5s vs 15-20s,1084
RtjjXkGt,55,1-0,White,<=5s vs 10-15s,1830
H7B19uMM,124,0-1,Black,<=5s vs 5-10s,2426
phTiBek9,50,0-1,Black,<=5s vs 5-10s,996
MRBoCwvx,46,0-1,Black,<=5s vs 5-10s,2348
41wlJgPX,88,0-1,Black,<=5s vs 5-10s,2606
VoTsqTmQ,57,1-0,White,<=5s vs 15-20s,1975
wxMoLUO9,74,0-1,Black,<=5s vs 15-20s,2027
vawhxoZj,80,1-0,Black,<=5s vs 5-10s,2177
kMkiSLjy,72,1-0,Black,<=5s vs <=5s,2187
vIVeJyzR,93,1/2-1/2,White,<=5s vs 10-15s,2062
ao8LB3CJ,82,0-1,Black,<=5s vs 10-15s,2319
E95rpO35,39,1-0,White,<=5s vs <=5s,856
frhZNqzm,51,1-0,White,<=5s vs 10-15s,1050
2Cv4JQt7,62,0-1,Black,<=5s vs 10-15s,1645
0tNnAc90,72,1-0,Black,<=5s vs <=5s,1747
xKFJ2kGR,82,0-1,Black,<=5s vs 5-10s,1991
JycfOhW5,37,1-0,White,<=5s vs 10-15s,641
7M2FEA7N,65,1-0,White,<=5s vs 5-10s,1489
kdDiMiz4,51,1-0,White,<=5s vs 15-20s,1334
VdmjQfmQ,63,1-0,White,<=5s vs 5-10s,2120
eL2XR3be,33,1-0,White,<=5s vs 15-20s,822
kUV1fIwJ,124,0-1,Black,<=5s vs 5-10s,2637
rlNCbjUK,79,1-0,White,<=5s vs 5-10s,1894
CMtGkfLd,54,0-1,Black,<=5s vs <=5s,1284
0IRKFZEy,118,0-1,Black,<=5s vs 5-10s,1387
XmPuo17K,67,1-0,White,<=5s vs 10-15s,2319
Nelp8eXI,76,0-1,Black,<=5s vs <=5s,1871
WlN77ohd,95,1-0,White,<=5s vs 10-15s,2401
x2Sb6X4e,62,0-1,Black,<=5s vs 5-10s,2217
kaM9ZvJE,55,1-0,White,<=5s vs <=5s,1207
GXjOSroo,74,1-0,Black,<=5s vs 10-15s,2372
J1pLQWlb,80,0-1,Black,<=5s vs 15-20s,2259
CzQBDMRD,80,1-0,Black,<=5s vs <=5s,1566
59d5xnIt,141,1-0,White,<=5s vs 15-20s,2007
3umgkSVl,85,1-0,White,<=5s vs 5-10s,1847
NbjReVUr,72,0-1,Black,<=5s vs <=5s,1821
ZvsgjuLs,57,1-0,White,<=5s vs 15-20s,2243
gC6rZDJV,48,0-1,Black,<=5s vs 5-10s,1297
388cRusF,59,0-1,White,<=5s vs <=5s,1967
hVA86EEl,76,0-1,Black,<=5s vs 5-10s,1224
9aSOMoHe,55,1-0,White,<=5s vs 15-20s,1350
2w8JP8pP,104,0-1,Black,<=5s vs 15-20s,1231
USEF3j7o,61,1-0,White,<=5s vs 10-15s,1508
qCoPbk28,64,0-1,Black,<=5s vs 15-20s,1233
gdrUOzFS,59,1-0,White,<=5s vs <=5s,1183
oNDRCvJD,66,1-0,Black,<=5s vs 10-15s,1289
BtF1eM3X,70,0-1,Black,<=5s vs 15-20s,1839
mpLkM8Dr,92,0-1,Black,<=5s vs 5-10s,2925
lvz0Iu0w,71,1-0,White,<=5s vs 10-15s,1942
LYQWoRaD,116,0-1,Black,<=5s vs 5-10s,1845
N7F8XIuY,106,0-1,Black,<=5s vs 15-20s,2477
IrR8ZpWh,48,0-1,Black,<=5s vs 5-10s,1167
edJ0Cx89,58,0-1,Black,<=5s vs 10-15s,1299
Ztdb4290,96,0-1,Black,<=5s vs 10-15s,2106
ie2C3EuU,121,1-0,White,<=5s vs 10-15s,2574
HUU9zXvr,109,0-1,White,<=5s vs 5-10s,2345
YwdlWw9F,66,0-1,Black,<=5s vs 5-10s,1366
txPymlEy,67,0-1,White,<=5s vs 5-10s,1622
MAwbMoQB,85,1-0,White,<=5s vs 10-15s,2176
16Av6Px7,73,1-0,White,<=5s vs 15-20s,1782
dV9h406Y,62,0-1,Black,<=5s vs 10-15s,1486
437x9l7g,137,0-1,White,<=5s vs 5-10s,1815
2QKS5Rf2,51,1-0,White,<=5s vs 10-15s,1166
2UGweGgI,45,1-0,White,<=5s vs 15-20s,1719
3meJBwyT,47,1-0,White,<=5s vs 15-20s,1280
O42a5jIv,103,1-0,White,<=5s vs 5-10s,2771
MKn3kwix,92,0-1,Black,<=5s vs 10-15s,2411
NgbknKBo,170,1-0,Black,<=5s vs <=5s,2907
hBAn3Tea,100,0-1,Black,<=5s vs 5-10s,2147
yrhLgdbY,119,1/2-1/2,White,<=5s vs 10-15s,1484
d7ifsH3q,74,0-1,Black,<=5s vs 5-10s,1641
hhrjkzCI,168,1/2-1/2,Black,<=5s vs <=5s,2310
BDCYCxmr,81,1/2-1/2,White,<=5s vs 10-15s,2310
RyQ3loiV,79,1-0,White,<=5s vs 10-15s,2142
KvK38cio,46,0-1,Black,<=5s vs 5-10s,1549
Khffti5Z,39,1-0,White,<=5s vs 15-20s,1386
mKr8Df7E,47,1-0,White,<=5s vs <=5s,1017
sMVgz6t3,78,0-1,Black,<=5s vs 5-10s,2759
BTYU4yvI,72,0-1,Black,<=5s vs 10-15s,2220
jqqlhxnt,105,1-0,White,<=5s vs 15-20s,2895
6gM1lbnk,65,0-1,White,<=5s vs <=5s,2166
Q1Fb1Xrd,85,1-0,White,<=5s vs 5-10s,1697
2UozWfKU,50,0-1,Black,<=5s vs 15-20s,1788
DO8CSnL1,157,1-0,White,<=5s vs 15-20s,2466
m7gdSZw5,123,1-0,White,<=5s vs 15-20s,1819
Ek4Op4Vv,62,0-1,Black,<=5s vs 10-15s,1880
9KvNTWc7,55,1-0,White,<=5s vs 15-20s,2005
7hTuFoHR,75,1-0,White,<=5s vs <=5s,1851
Jbin7CdV,76,0-1,Black,<=5s vs 15-20s,2012
AEbe1gEx,58,0-1,Black,<=5s vs 5-10s,2369
iEN7paV7,71,1-0,White,<=5s vs 15-20s,1769
vTvXc1KA,82,0-1,Black,<=5s vs 5-10s,2014
EAY8FL8O,83,0-1,White,<=5s vs 15-20s,1802
lxZ6ZmOU,60,0-1,Black,<=5s vs 5-10s,1476
PPSMKQ5c,59,1-0,White,<=5s vs 10-15s,1013
OiG8tpwG,87,1/2-1/2,White,<=5s vs 5-10s,2625
RWz86U1T,37,1-0,White,<=5s vs 15-20s,1187
Txh0ga9e,97,1-0,White,<=5s vs 10-15s,1811
6BiQnmX7,102,0-1,Black,<=5s vs <=5s,2332
bXhghG0Y,36,0-1,Black,<=5s vs 10-15s,1617
t1to33zm,56,1-0,Black,<=5s vs 10-15s,1365
0eMNMuba,53,1-0,White,<=5s vs 15-20s,1427
5rBCNnXb,55,1-0,White,<=5s vs 5-10s,1234
D3UVS1vC,107,1/2-1/2,White,<=5s vs 5-10s,1833
J0GBsoVV,57,0-1,White,<=5s vs 10-15s,1624
LLPmtoi2,63,1-0,White,<=5s vs 15-20s,1899
okpoFOaf,86,0-1,Black,<=5s vs 10-15s,940
AeTw0ywo,59,0-1,White,<=5s vs 10-15s,1512
QbjyazhO,61,1-0,White,<=5s vs 15-20s,1231
82ANlGAw,74,0-1,Black,<=5s vs 15-20s,1179
lfNCNRu6,79,0-1,White,<=5s vs <=5s,1820
8aI20bca,59,1-0,White,<=5s vs 15-20s,1210
ecCxXZn7,72,0-1,Black,<=5s vs 5-10s,2135
Xz66bBIP,60,0-1,Black,<=5s vs 10-15s,2118
st92j6aB,66,0-1,Black,<=5s vs 10-15s,1437
r6edTOcZ,66,0-1,Black,<=5s vs 5-10s,1297
Of0eXzYP,105,0-1,White,<=5s vs 5-10s,2728
DVEUoYRa,53,1-0,White,<=5s vs 5-10s,1649
PfwzJORo,77,1-0,White,<=5s vs 10-15s,2400
9QIXAcPt,120,0-1,Black,<=5s vs 5-10s,3143
19wrrrTz,74,1/2-1/2,Black,<=5s vs 5-10s,1335
QpNfp41w,67,1-0,White,<=5s vs 10-15s,1589
tKdfoDmb,68,1-0,Black,<=5s vs <=5s,1263
rxZWlGQ7,66,0-1,Black,<=5s vs 10-15s,1092
UkYekI5e,65,1-0,White,<=5s vs 15-20s,2312
JS6Tfdbh,61,1-0,White,<=5s vs 10-15s,1702
7Wsa5Opk,68,1-0,Black,<=5s vs <=5s,2201
kaIZP71L,46,0-1,Black,<=5s vs 10-15s,1802
I858ygb0,79,0-1,White,<=5s vs 5-10s,2055
HyANz3DY,70,0-1,Black,<=5s vs 5-10s,1140
Q1KYVV0y,89,0-1,White,<=5s vs 10-15s,2464
WkEEApGx,74,1-0,Black,<=5s vs <=5s,1725
ZFRH8FkF,101,1-0,White,<=5s vs <=5s,1845
Stc8yctT,71,1-0,White,<=5s vs 15-20s,2267
fKgIIHnS,68,0-1,Black,<=5s vs 5-10s,1825
wQWZcrQl,69,1-0,White,<=5s vs 15-20s,1877
2Fan6vRA,79,0-1,White,<=5s vs 10-15s,2319
877NbRuo,67,1-0,White,<=5s vs 15-20s,1769
ws7Gb5FK,50,0-1,Black,<=5s vs 15-20s,1424
AOnfgksl,57,1-0,White,<=5s vs 10-15s,1996
IIVFfDXz,102,1-0,Black,<=5s vs 5-10s,1821
GTYgY5EV,77,1-0,White,<=5s vs 15-20s,1907
qK1U2Ec7,61,1-0,White,<=5s vs 5-10s,1715
niX5SMCf,62,0-1,Black,<=5s vs 5-10s,2361
mjjUYlWy,71,1-0,White,<=5s vs 5-10s,2122
LuAY8K5w,55,1-0,White,<=5s vs 10-15s,1314
6fmVImva,128,1/2-1/2,Black,<=5s vs <=5s,1839
CH8a3JeW,98,0-1,Black,<=5s vs 15-20s,2590
GxlllAdz,85,1-0,White,<=5s vs 5-10s,1926
ju0rOJAQ,44,0-1,Black,<=5s vs 10-15s,1256
NzuB21in,73,1-0,White,<=5s vs 10-15s,1680
h32F2nTu,76,0-1,Black,<=5s vs 10-15s,1714
KQVjA6Ud,48,0-1,Black,<=5s vs 5-10s,909
2TGbrD3H,70,0-1,Black,<=5s vs 5-10s,2108
5aUUoDFc,79,0-1,White,<=5s vs 5-10s,2602
Tk5beXXi,73,1-0,White,<=5s vs 5-10s,2008
WNqBMQtV,75,1-0,White,<=5s vs 15-20s,1922
CR5txs2c,86,1/2-1/2,Black,<=5s vs 5-10s,2455
LJYVzMKV,57,1-0,White,<=5s vs 15-20s,1694
v6O6F3oh,64,0-1,Black,<=5s vs 15-20s,1560
oujB04oO,51,1-0,White,<=5s vs 15-20s,1521
fMiLKka1,58,0-1,Black,<=5s vs <=5s,1558
14g6wPWi,77,1-0,White,<=5s vs 10-15s,1884
ZsTdG0Ze,62,0-1,Black,<=5s vs 15-20s,1497
lyK3kL5s,198,1/2-1/2,Black,<=5s vs 15-20s,1958
JiM6bapS,84,0-1,Black,<=5s vs <=5s,1829
yky2HvjZ,125,1-0,White,<=5s vs 15-20s,2889
mnpgMvQP,80,0-1,Black,<=5s vs 15-20s,1902
7OBllf7w,79,1-0,White,<=5s vs 5-10s,1437
tqp4lAzp,54,0-1,Black,<=5s vs 15-20s,1381
3YGcqBFl,87,1/2-1/2,White,<=5s vs 15-20s,2259
GFOtwOAv,56,0-1,Black,<=5s vs 15-20s,1550
XQF9XFKY,70,0-1,Black,<=5s vs 15-20s,1400
8HpCRjYU,78,0-1,Black,<=5s vs 10-15s,1815
FvCubNuH,94,0-1,Black,<=5s vs 10-15s,2395
MZmXMmSo,65,1-0,White,<=5s vs 15-20s,2302
XbNDcxiq,70,0-1,Black,<=5s vs 15-20s,1717
1GgVxzWp,87,1-0,White,<=5s vs 5-10s,2334
BJghB2fP,61,0-1,White,<=5s vs 15-20s,1715
3oDEw61i,57,1-0,White,<=5s vs 15-20s,1419
IDNRXinc,68,0-1,Black,<=5s vs 5-10s,1234
0S10euBV,56,0-1,Black,<=5s vs 5-10s,1111
jOD38zTa,71,0-1,White,<=5s vs 5-10s,1369
PdtNVbyo,94,1-0,Black,<=5s vs 10-15s,2026
eXixFSZ0,67,1-0,White,<=5s vs 10-15s,1980
XPodIxc1,37,1-0,White,<=5s vs 5-10s,896
WaEXhUdA,84,0-1,Black,<=5s vs 15-20s,2294
4OswJTQf,49,1-0,White,<=5s vs 10-15s,2010
rAqUx6dy,60,0-1,Black,<=5s vs 5-10s,1094
l98SZyDi,39,1-0,White,<=5s vs 15-20s,1321
3CzxYug3,65,1-0,White,<=5s vs 15-20s,2163
9TljLAIR,78,0-1,Black,<=5s vs 5-10s,2159
fqyoMss9,61,1-0,White,<=5s vs 15-20s,2270
3LK72bxr,71,1-0,White,<=5s vs 10-15s,1630
BtaUonuw,79,1-0,White,<=5s vs 5-10s,1923
RQGJhWQv,93,1-0,White,<=5s vs 10-15s,2486
7QRQ4E78,108,1-0,Black,<=5s vs 5-10s,2253
1MjVqPhn,76,0-1,Black,<=5s vs 10-15s,1760
JTJ8k8OS,81,1/2-1/2,White,<=5s vs 5-10s,2305
Hm4lGEoO,52,0-1,Black,<=5s vs <=5s,1262
adQuTfcf,71,1-0,White,<=5s vs 10-15s,1906
dSls4VZd,74,0-1,Black,<=5s vs 10-15s,2472
SQ1vXwnX,129,1/2-1/2,White,<=5s vs 5-10s,1867
0BV1D95m,57,1-0,White,<=5s vs 15-20s,1402
visouU0j,91,1-0,White,<=5s vs 5-10s,2798
QSjHMRq7,65,1-0,White,<=5s vs 5-10s,1997
JMnQ5oxE,54,0-1,Black,<=5s vs 10-15s,980
6CQmiOQi,88,1-0,Black,<=5s vs 5-10s,2744
YNUHSq6G,58,0-1,Black,<=5s vs 5-10s,1593
9YovMhEl,55,1-0,White,<=5s vs 15-20s,1694
dKqp4I4C,76,0-1,Black,<=5s vs 10-15s,1460
O3MA95AF,106,1/2-1/2,Black,<=5s vs 15-20s,2368
Jimw4TrZ,68,0-1,Black,<=5s vs 10-15s,1478
ORpAyrIn,71,0-1,White,<=5s vs 10-15s,745
FpP7E2xO,210,1/2-1/2,Black,<=5s vs 15-20s,2572
AJCc3NRE,97,0-1,White,<=5s vs 5-10s,2386
2OCxYur4,91,1-0,White,<=5s vs 5-10s,2032
gnj17Esb,44,0-1,Black,<=5s vs 5-10s,805
PU3cU8Bq,53,1-0,White,<=5s vs 10-15s,1907
Ysi20Sq6,56,0-1,Black,<=5s vs 10-15s,1624
K34IlwKR,102,0-1,Black,<=5s vs 5-10s,2668
qlrdH4Mn,68,1-0,Black,<=5s vs <=5s,1662
u9BHY0By,61,1-0,White,<=5s vs 15-20s,1822
Q8PoYf8P,90,0-1,Black,<=5s vs 15-20s,2018
PN6j5PQn,130,0-1,Black,<=5s vs <=5s,1830
3aoEaE1w,48,0-1,Black,<=5s vs 15-20s,1469
B3Nc3DRN,70,0-1,Black,<=5s vs <=5s,2715
6vLB0tT9,81,1-0,White,<=5s vs 10-15s,2469
9IzSbGfE,68,0-1,Black,<=5s vs 10-15s,2144
yRyPJozS,100,0-1,Black,<=5s vs 15-20s,2322
7BDDMf2w,90,0-1,Black,<=5s vs 5-10s,2043
43ACstnQ,51,1-0,White,<=5s vs <=5s,1352
0xKzzyNE,57,1-0,White,<=5s vs 10-15s,1686
wmsYrkHp,77,0-1,White,<=5s vs <=5s,2131
oyw4doxU,90,0-1,Black,<=5s vs 10-15s,2060
UV0HZCb3,69,0-1,White,<=5s vs 5-10s,1918
HSAYV01D,65,1-0,White,<=5s vs 10-15s,1137
iCSsfnvO,71,1-0,White,<=5s vs 5-10s,1148
tO5GbvcX,38,0-1,Black,<=5s vs <=5s,1185
4PzmIv0b,81,1-0,White,<=5s vs 10-15s,2422
kgPUXLvJ,74,0-1,Black,<=5s vs 10-15s,1591
RmuF9IS0,100,0-1,Black,<=5s vs 10-15s,2434
pfgDQoLw,55,1-0,White,<=5s vs 15-20s,1345
ro3ZFh8z,72,0-1,Black,<=5s vs 5-10s,1860
ntvcnXR0,72,0-1,Black,<=5s vs 15-20s,2351
dmY81HJF,59,1-0,White,<=5s vs 10-15s,1299
hED2SxJk,118,0-1,Black,<=5s vs 5-10s,2570
2I35nP3V,62,0-1,Black,<=5s vs 10-15s,1882
mBPkcka7,73,1-0,White,<=5s vs 15-20s,2365
0OV4yqro,78,0-1,Black,<=5s vs 15-20s,1982
h2dIQIbL,69,1-0,White,<=5s vs <=5s,1753
mfuEm10O,38,0-1,Black,<=5s vs 10-15s,966
yGIQXva1,68,0-1,Black,<=5s vs <=5s,1006
teknNEUs,64,0-1,Black,<=5s vs 5-10s,2239
OawMZNXP,78,0-1,Black,<=5s vs 5-10s,1635
9snbDaH3,52,0-1,Black,<=5s vs 10-15s,1098
JPUhIW6P,65,1-0,White,<=5s vs 10-15s,2163
SCqBYAWT,58,0-1,Black,<=5s vs <=5s,1230
pi6NxtSV,72,1/2-1/2,Black,<=5s vs 5-10s,2062
i6SDFC4h,66,0-1,Black,<=5s vs 5-10s,2139
mpE7CrXm,100,0-1,Black,<=5s vs 5-10s,2439
VEqVOpr7,73,1-0,White,<=5s vs 10-15s,2236
TcSfRlJa,87,1-0,White,<=5s vs 10-15s,2431
misrXbCg,142,1/2-1/2,Black,<=5s vs 5-10s,2140
l1TSNp9z,85,0-1,White,<=5s vs <=5s,2412
sbJUIlgN,52,0-1,Black,<=5s vs 15-20s,1723
c7QcT4M2,77,1-0,White,<=5s vs 15-20s,2000
bQSNRnTa,52,0-1,Black,<=5s vs <=5s,1485
d2tlYINo,58,0-1,Black,<=5s vs 5-10s,938
Okk1beSZ,85,1-0,White,<=5s vs 5-10s,1741
3wUfWGdE,70,0-1,Black,<=5s vs 5-10s,2033
KJttA8En,51,1-0,White,<=5s vs 10-15s,1418
beQxF58P,53,0-1,White,<=5s vs 5-10s,793
YxeD3yaZ,62,0-1,Black,<=5s vs 10-15s,1772
gB9IKKcV,36,1-0,Black,<=5s vs 5-10s,1538
HJbOSb6d,57,0-1,White,<=5s vs 5-10s,1277
prcWJmIQ,102,1/2-1/2,Black,<=5s vs <=5s,2353
4v3tuTaC,76,0-1,Black,<=5s vs 10-15s,2784
Bodbkzrx,204,1/2-1/2,Black,<=5s vs 15-20s,1269
pSdiMMm8,48,0-1,Black,<=5s vs 5-10s,1771
NxXYGn6p,38,0-1,Black,<=5s vs 15-20s,1086
2qhkqMsh,68,0-1,Black,<=5s vs 10-15s,2485
r71K4KCc,67,1-0,White,<=5s vs 15-20s,1637
E7SPzkXJ,59,1-0,White,<=5s vs 15-20s,1438
FtRiwxZv,58,0-1,Black,<=5s vs 5-10s,1558
Qen9La3v,61,1-0,White,<=5s vs 10-15s,2252
HDqC6nWv,77,1-0,White,<=5s vs 10-15s,2192
2z976QpI,79,1-0,White,<=5s vs 10-15s,1906
XVSgqr45,55,1-0,White,<=5s vs 5-10s,1742
LwwdZcXs,96,1/2-1/2,Black,<=5s vs 5-10s,2331
Dbp0QwBK,75,1-0,White,<=5s vs 10-15s,1636
vLJCa96p,57,1-0,White,<=5s vs 5-10s,1868
G8zEdHfD,50,0-1,Black,<=5s vs 15-20s,1839
RxVf78NS,119,1/2-1/2,White,<=5s vs 5-10s,2290
YL7MOeXx,48,0-1,Black,<=5s vs 15-20s,1480
j1VzA0rs,59,1-0,White,<=5s vs 15-20s,1572
k70MJO53,69,0-1,White,<=5s vs <=5s,1429
KtISXgrR,72,0-1,Black,<=5s vs <=5s,1529
D28GqVG4,74,1-0,Black,<=5s vs 10-15s,1791
VWRynKQP,119,1/2-1/2,White,<=5s vs 15-20s,1848
KP10FnEN,87,0-1,White,<=5s vs 5-10s,2260
H90LocRR,83,1-0,White,<=5s vs <=5s,2319
byTWgEKP,74,0-1,Black,<=5s vs 15-20s,1330
DIrEypPC,68,0-1,Black,<=5s vs 10-15s,2659
2wThSBV9,38,0-1,Black,<=5s vs 15-20s,1075
qExOaiHI,62,0-1,Black,<=5s vs 15-20s,2013
hmtCUuA0,54,0-1,Black,<=5s vs 10-15s,2398
33f4HK2m,89,0-1,White,<=5s vs <=5s,1978
PE46LZGR,84,1-0,Black,<=5s vs <=5s,1787
08ESKzOR,57,1-0,White,<=5s vs 15-20s,1209
fMR8aWE8,73,1-0,White,<=5s vs 5-10s,2375
i7Tli39f,109,1-0,White,<=5s vs 5-10s,2891
Kk4z4jcC,67,1-0,White,<=5s vs 5-10s,1415
o7gR2DrU,41,1-0,White,<=5s vs 15-20s,837
rMEY4AJ7,118,0-1,Black,<=5s vs 5-10s,2047
94lH4e8q,97,1-0,White,<=5s vs 5-10s,2206
90exRpeY,108,0-1,Black,<=5s vs 5-10s,1895
kwfS8Fkv,89,1-0,White,<=5s vs 15-20s,1625
reafnqdL,102,1/2-1/2,Black,<=5s vs <=5s,1866
tZ2kuJRC,68,1-0,Black,<=5s vs 5-10s,2157
nlL7k05N,64,0-1,Black,<=5s vs 5-10s,2173
ucmm3wCo,57,1-0,White,<=5s vs 15-20s,2288
IlqGoKn9,145,1/2-1/2,White,<=5s vs 15-20s,1940
sIuiP5yW,46,0-1,Black,<=5s vs 15-20s,1096
OdXDvB6E,73,1-0,White,<=5s vs 15-20s,1611
BXxX2LFe,82,0-1,Black,<=5s vs <=5s,1596
KMoNZX2B,57,1-0,White,<=5s vs 15-20s,2041
Uhfm4sZa,46,0-1,Black,<=5s vs 10-15s,1532
kLpVNdIn,88,1-0,Black,<=5s vs <=5s,1500
hhsfEkQs,113,1/2-1/2,White,<=5s vs 10-15s,1994
vl0KUdXA,60,0-1,Black,<=5s vs <=5s,1325
dPqDgF1F,62,0-1,Black,<=5s vs 15-20s,2386
zX47R7sJ,81,0-1,White,<=5s vs <=5s,2382
pVWIr8M9,59,1-0,White,<=5s vs 10-15s,2146
sqwIuZOw,118,1/2-1/2,Black,<=5s vs 10-15s,2342
lYDJVFC3,88,0-1,Black,<=5s vs 10-15s,2669
1eChbx6A,69,1-0,White,<=5s vs 5-10s,1702
EjhqeWKq,76,0-1,Black,<=5s vs 15-20s,1943
FSaRJt6T,107,1-0,White,<=5s vs 15-20s,2099
xjZRCIVv,41,1-0,White,<=5s vs 15-20s,918
GGkSrSlS,54,1-0,Black,<=5s vs <=5s,1363
ARfMWWij,65,1-0,White,<=5s vs 15-20s,2264
R2I7aCJx,64,0-1,Black,<=5s vs 15-20s,1579
2YpXB76D,82,1-0,Black,<=5s vs <=5s,2045
glnr1krW,121,1/2-1/2,White,<=5s vs 5-10s,2634
1XyH2azn,58,0-1,Black,<=5s vs 15-20s,1634
WBL53YAI,61,1-0,White,<=5s vs 15-20s,1140
nibpSQSe,31,1-0,White,<=5s vs 15-20s,1083
pR5CiD5g,56,0-1,Black,<=5s vs 15-20s,1971
zv1Nwo8p,52,0-1,Black,<=5s vs 10-15s,1328
moSFnQr4,89,1-0,White,<=5s vs 10-15s,2476
OuF3TMZ6,103,0-1,White,<=5s vs 5-10s,1639
7R8wsaIt,112,0-1,Black,<=5s vs 10-15s,1866
jet9nXXa,61,1-0,White,<=5s vs 10-15s,2100
MJhArzWG,76,0-1,Black,<=5s vs <=5s,2196
N1eBYgG0,112,0-1,Black,<=5s vs 10-15s,2399
0m5InWws,47,1-0,White,<=5s vs 10-15s,1390
Nsgcj7W2,75,1-0,White,<=5s vs 10-15s,1368
pKVokFdj,88,1-0,Black,<=5s vs <=5s,1735
HBxonpKc,84,1-0,Black,<=5s vs <=5s,2243
QlbFOsbV,130,0-1,Black,<=5s vs 5-10s,2672
pPsWg0Ei,89,1-0,White,<=5s vs <=5s,1246
nuwRp03O,59,1-0,White,<=5s vs 15-20s,1827
P2BXUQSP,71,1-0,White,<=5s vs 10-15s,1609
BEuIfWzb,79,1-0,White,<=5s vs 15-20s,2504
0VhhGyyc,81,1-0,White,<=5s vs 5-10s,2938
GcJ6Uotr,140,0-1,Black,<=5s vs 5-10s,2500
BV03yvEu,98,0-1,Black,<=5s vs 15-20s,3073
rfGU508R,66,0-1,Black,<=5s vs 5-10s,1603
MhaKi1rM,80,1-0,Black,<=5s vs <=5s,1705
mG7Sfh28,84,1-0,Black,<=5s vs <=5s,1291
LjymcHXf,75,1-0,White,<=5s vs 10-15s,2511
LVOIq9Jb,68,0-1,Black,<=5s vs 10-15s,2003
4hT7pK0Z,74,0-1,Black,<=5s vs <=5s,1046
8BezU3Qt,94,0-1,Black,<=5s vs 10-15s,2230
WZSebKJG,72,0-1,Black,<=5s vs 5-10s,1397
H85XLgCC,83,1-0,White,<=5s vs 5-10s,2043
MQKGEWz9,109,1-0,White,<=5s vs 5-10s,1940
dHbpd1bU,54,0-1,Black,<=5s vs 15-20s,1982
I0fPA8F8,46,0-1,Black,<=5s vs 10-15s,825
tbAPjE8o,105,1/2-1/2,White,<=5s vs 15-20s,2419
hpfTZ9ba,56,0-1,Black,<=5s vs 15-20s,1914
uVeSlZeg,83,0-1,White,<=5s vs 5-10s,1717
Ko5kZlVN,91,1-0,White,<=5s vs 5-10s,1072
S5t7Hcwq,63,1-0,White,<=5s vs 15-20s,1244
BNoZy0HM,70,0-1,Black,<=5s vs 5-10s,2024
YJ3L4iNy,59,1-0,White,<=5s vs 10-15s,1398
TUEucdgw,49,1-0,White,<=5s vs 15-20s,1616
PqlqUMjh,88,0-1,Black,<=5s vs <=5s,1955
vG7CQKom,53,1-0,White,<=5s vs 5-10s,804
4PqyUwxW,84,1/2-1/2,Black,<=5s vs 15-20s,2327
GKLvJYOw,56,0-1,Black,<=5s vs 5-10s,1477
ZUygoloS,78,0-1,Black,<=5s vs 15-20s,2066
NZZa9L0L,56,1-0,Black,<=5s vs 5-10s,1594
6Lebpjsp,70,0-1,Black,<=5s vs 10-15s,2270
gRr6f67y,42,1-0,Black,<=5s vs 5-10s,1341
EpMoPGLR,76,0-1,Black,<=5s vs 5-10s,1864
CcfWN73F,64,0-1,Black,<=5s vs 5-10s,1337
n2hwwTZ9,60,0-1,Black,<=5s vs 15-20s,1651
81vpSaF9,87,1-0,White,<=5s vs 15-20s,1675
V0HI5bj8,53,1-0,White,<=5s vs 15-20s,995
FoHHJYzQ,62,1-0,Black,<=5s vs 5-10s,2000
ri6XnSkX,57,1-0,White,<=5s vs 5-10s,975
wIj6Jz6q,80,0-1,Black,<=5s vs 15-20s,2028
78lJq1lf,75,1-0,White,<=5s vs 10-15s,1643
3qSu0nT9,68,0-1,Black,<=5s vs 5-10s,1991
9HUws4pU,67,1-0,White,<=5s vs 5-10s,790
FCjDgbUG,78,0-1,Black,<=5s vs 5-10s,2250
PTQhOpJf,82,0-1,Black,<=5s vs 15-20s,2264
M1nT5E2b,57,0-1,White,<=5s vs <=5s,1159
CMX3TE9c,56,0-1,Black,<=5s vs 10-15s,1192
XxnKIjXK,76,0-1,Black,<=5s vs 5-10s,1613
Q3Q1pPUr,126,0-1,Black,<=5s vs 15-20s,2221
HHhtnzFK,67,1-0,White,<=5s vs 15-20s,2678
sZuW4Vyg,58,0-1,Black,<=5s vs <=5s,1604
4J7dzaPx,59,0-1,White,<=5s vs <=5s,1281
N7PwwyXD,87,1-0,White,<=5s vs 5-10s,2135
ZNr8ordg,75,0-1,White,<=5s vs 5-10s,1939
Lw2nzk7f,91,0-1,White,<=5s vs 5-10s,1507
Kg9NYGpo,126,0-1,Black,<=5s vs 10-15s,1917
KcprVyHL,73,1-0,White,<=5s vs 15-20s,1940
r7I5PdT0,61,1-0,White,<=5s vs 15-20s,1616
Xda2STPS,58,1-0,Black,<=5s vs <=5s,1825
Ae65EwjX,103,1-0,White,<=5s vs <=5s,2185
kSELnpex,74,1-0,Black,<=5s vs 10-15s,1949
9063TIRi,53,1-0,White,<=5s vs 10-15s,1462
nSPfAZUN,50,0-1,Black,<=5s vs 15-20s,1705
IWjEqTYK,71,1-0,White,<=5s vs 10-15s,1087
Spw2TVEY,89,0-1,White,<=5s vs <=5s,2476
Xx0wnQji,106,1/2-1/2,Black,<=5s vs 10-15s,2543
UzDx3uZV,40,0-1,Black,<=5s vs 10-15s,1995
ZGjg26FW,119,0-1,White,<=5s vs <=5s,1629
p13608Gb,61,1-0,White,<=5s vs 15-20s,1619
VPQnUDu6,95,1-0,White,<=5s vs 5-10s,1648
1tWEHGY5,48,0-1,Black,<=5s vs 15-20s,1064
ijDOVC9c,70,0-1,Black,<=5s vs 5-10s,1232
OfboBJ5m,49,1-0,White,<=5s vs 5-10s,1110
muxhC9mm,125,1/2-1/2,White,<=5s vs 15-20s,2083
4W0yx8Lx,68,0-1,Black,<=5s vs 15-20s,1406
0uPg89oq,61,1-0,White,<=5s vs 15-20s,1639
9YTSrQj6,87,1-0,White,<=5s vs 5-10s,2011
iAf2DJ28,74,0-1,Black,<=5s vs <=5s,1947
63m0tSHy,64,0-1,Black,<=5s vs 15-20s,1929
aFmJSkS8,81,1-0,White,<=5s vs 5-10s,1956
H07Qyb60,49,1-0,White,<=5s vs 15-20s,1675
jD62wVXP,87,1-0,White,<=5s vs <=5s,2110
JJXYXJGZ,59,1-0,White,<=5s vs 15-20s,1373
pBOSnSC9,83,1-0,White,<=5s vs 5-10s,1900
KuETALbp,85,1-0,White,<=5s vs 10-15s,1756
0v3OTANH,53,1-0,White,<=5s vs 15-20s,1526
KArEOGh9,67,1-0,White,<=5s vs <=5s,2046
Brjq8gjI,70,0-1,Black,<=5s vs 5-10s,1393
Q3EQmyn6,94,0-1,Black,<=5s vs 5-10s,2317
SYnDJQiI,49,1-0,White,<=5s vs 10-15s,2115
FW2xeOmm,105,1-0,White,<=5s vs 5-10s,1524
kselTGaq,74,0-1,Black,<=5s vs 10-15s,1335
7X6gcItm,111,0-1,White,<=5s vs 15-20s,2327
KPpffEtl,148,0-1,Black,<=5s vs 15-20s,2353
YmpbvnZt,51,0-1,White,<=5s vs 5-10s,1828
72Cs0Aog,61,1-0,White,<=5s vs 15-20s,2637
N8vcTbrU,61,1-0,White,<=5s vs 10-15s,1780
MJaBdULv,125,1-0,White,<=5s vs 5-10s,2088
mj7XEXyB,61,0-1,White,<=5s vs 5-10s,1423
A7XM1wCz,63,1-0,White,<=5s vs 10-15s,1012
yGzBlfSm,57,1-0,White,<=5s vs 15-20s,1639
Tfu8Nwa7,63,1-0,White,<=5s vs 10-15s,1520
UMdQRvDR,77,0-1,White,<=5s vs 5-10s,2446
umAXAnCn,102,0-1,Black,<=5s vs 5-10s,2404
BBmI3zTE,119,1-0,White,<=5s vs 15-20s,1800
CQSX9jja,127,1-0,White,<=5s vs 15-20s,2450
QZWjLwRL,73,1-0,White,<=5s vs <=5s,1553
037eDUbG,69,1-0,White,<=5s vs 10-15s,2182
LwOm8Awh,69,1-0,White,<=5s vs 15-20s,1927
W2N5BEon,51,0-1,White,<=5s vs 10-15s,1480
nKC7g2L0,46,0-1,Black,<=5s vs 15-20s,1057
p4Bnw0ZM,44,0-1,Black,<=5s vs 5-10s,1016
bAuEN439,68,0-1,Black,<=5s vs 5-10s,1994
v5aFRQcX,78,0-1,Black,<=5s vs 10-15s,2478
J7CHZTBP,95,1-0,White,<=5s vs 10-15s,1813
FdBNMzr8,86,0-1,Black,<=5s vs 15-20s,2061
b7LhIj0m,57,1-0,White,<=5s vs 10-15s,1938
tX5t0GMa,100,0-1,Black,<=5s vs 10-15s,2430
hCRIpcvx,122,0-1,Black,<=5s vs 5-10s,2939
PG5ozTMG,87,1-0,White,<=5s vs 10-15s,2313
8yEHpsQi,54,0-1,Black,<=5s vs <=5s,1384
ZLeBJGaA,52,0-1,Black,<=5s vs 15-20s,1548
P8NPI8XO,63,1-0,White,<=5s vs 15-20s,1398
eefvBue6,118,0-1,Black,<=5s vs 15-20s,1561
Zq1hMz8j,86,0-1,Black,<=5s vs 10-15s,2014
c7e6bbXR,66,0-1,Black,<=5s vs 15-20s,1904
XL2TJSJd,85,1-0,White,<=5s vs 15-20s,1404
zQsnqmuW,80,1-0,Black,<=5s vs <=5s,2304
PxLtWOZ5,120,1/2-1/2,Black,<=5s vs 5-10s,2199
N38x8N80,54,0-1,Black,<=5s vs 10-15s,1456
5NhN9adF,75,1-0,White,<=5s vs 10-15s,1693
DuKTbilz,98,0-1,Black,<=5s vs 10-15s,1585
puFmKBz7,70,0-1,Black,<=5s vs 5-10s,2391
mBTvitkk,69,1-0,White,<=5s vs 10-15s,1485
b8cyzpZi,155,1/2-1/2,White,<=5s vs <=5s,1913
ej2TnD9F,71,1-0,White,<=5s vs 10-15s,1480
Dzm6nEOM,107,0-1,White,<=5s vs 5-10s,2367
QnLacCxi,59,1-0,White,<=5s vs 10-15s,1779
jk2sYMk3,80,0-1,Black,<=5s vs 15-20s,2452
rd48jvlQ,77,0-1,White,<=5s vs <=5s,1777
GId68hjM,97,1-0,White,<=5s vs 15-20s,2230
YcOUk7qc,132,1-0,Black,<=5s vs 10-15s,2276
bCEayjOM,89,1-0,White,<=5s vs 10-15s,2072
HoFTIPLT,59,1-0,White,<=5s vs 15-20s,1985
1M9FWKmY,69,1-0,White,<=5s vs 5-10s,1933
vE6Y97K8,68,0-1,Black,<=5s vs 5-10s,2160
ZRNPFvrR,94,0-1,Black,<=5s vs 5-10s,2863
hvYArv4G,68,0-1,Black,<=5s vs <=5s,2341
IJf9gPSM,101,1-0,White,<=5s vs 15-20s,2367
cgTNWjd8,102,0-1,Black,<=5s vs 15-20s,1477
QyJquyqb,69,0-1,White,<=5s vs 5-10s,1958
vUi3VTX4,133,1/2-1/2,White,<=5s vs 5-10s,1944
BsdLTtNP,93,1-0,White,<=5s vs 5-10s,2516
69pMLpq3,55,1-0,White,<=5s vs 10-15s,1824
7w4xf6d7,115,1/2-1/2,White,<=5s vs <=5s,1209
0OdRMN6H,69,1-0,White,<=5s vs 5-10s,2329
ogOc7cBy,84,0-1,Black,<=5s vs 10-15s,1710
gUEQnpOj,62,0-1,Black,<=5s vs 5-10s,1480
URvS59O5,101,1-0,White,<=5s vs 10-15s,1657
S2SwCFVS,55,1-0,White,<=5s vs 5-10s,1477
P4lEjtd0,55,0-1,White,<=5s vs 10-15s,1479
F5ZDCi6t,110,0-1,Black,<=5s vs <=5s,2588
PVf8u9QN,62,0-1,Black,<=5s vs 10-15s,1699
UGM1YOj4,60,0-1,Black,<=5s vs 5-10s,1912
y090baOw,79,1-0,White,<=5s vs 5-10s,2088
GNVojoYX,79,1-0,White,<=5s vs 10-15s,1307
Y1jCF2I2,78,0-1,Black,<=5s vs 5-10s,1871
93HTKuJR,125,1/2-1/2,White,<=5s vs 5-10s,2542
KGSY52oe,80,1-0,Black,<=5s vs <=5s,1709
P9WprW4b,73,1-0,White,<=5s vs 15-20s,2149
rp4Mpxll,75,1-0,White,<=5s vs 10-15s,2247
9IbE7nXv,88,0-1,Black,<=5s vs 15-20s,2356
7P3dPrgN,62,0-1,Black,<=5s vs 5-10s,2815
zJSI5aaL,57,0-1,White,<=5s vs <=5s,1273
6pEKfNqS,68,0-1,Black,<=5s vs 5-10s,2209
xpwH9dgt,52,1-0,Black,<=5s vs <=5s,1231
zVaTBWMC,108,0-1,Black,<=5s vs 10-15s,1746
ZzLK2jn0,101,1-0,White,<=5s vs 10-15s,2273
QUEWawhw,72,0-1,Black,<=5s vs <=5s,1375
QNh8TYwT,75,1-0,White,<=5s vs <=5s,1626
WY6qqC5W,98,0-1,Black,<=5s vs <=5s,2520
b7S6aD3I,73,1-0,White,<=5s vs 10-15s,1543
ey3BrpRr,68,1-0,Black,<=5s vs 5-10s,1681
UhtyXThH,41,1-0,White,<=5s vs 10-15s,1057
8jscgYPT,72,0-1,Black,<=5s vs 5-10s,2355
tGaSZZkY,87,0-1,White,<=5s vs <=5s,2325
40mfis8a,76,0-1,Black,<=5s vs 15-20s,2164
Ch1418KH,69,1-0,White,<=5s vs 15-20s,1163
XlmqURen,50,0-1,Black,<=5s vs 15-20s,1455
9PG9Y3YQ,53,0-1,White,<=5s vs 5-10s,1367
lJvvMzpZ,60,0-1,Black,<=5s vs 5-10s,977
QNEbMXik,84,1-0,Black,<=5s vs 5-10s,2094
1JH4sG3m,51,1-0,White,<=5s vs 15-20s,1800
TRyq6dgR,69,1-0,White,<=5s vs 15-20s,2398
ZzZPdVBq,43,0-1,White,<=5s vs 10-15s,871
3bNb08JD,88,0-1,Black,<=5s vs 15-20s,2389
O2cGrihN,82,0-1,Black,<=5s vs 5-10s,2068
I13mct5T,76,0-1,Black,<=5s vs <=5s,1292
BhGGTYfT,52,0-1,Black,<=5s vs 10-15s,1350
5Geq96G1,61,1-0,White,<=5s vs 5-10s,1374
KZ29bHxR,76,0-1,Black,<=5s vs 5-10s,2076
PhdhHOjn,68,0-1,Black,<=5s vs 5-10s,1871
osM3F1fI,55,1-0,White,<=5s vs 5-10s,2054
K0r8p279,58,0-1,Black,<=5s vs 10-15s,1759
MZjnibHQ,76,0-1,Black,<=5s vs 5-10s,1543
JeKFSbDj,70,0-1,Black,<=5s vs <=5s,2336
KtWMv5IP,42,0-1,Black,<=5s vs 15-20s,843
FFQx71rv,147,0-1,White,<=5s vs <=5s,2279
rlOwKGCU,114,0-1,Black,<=5s vs 15-20s,2077
uYHczxbY,55,1-0,White,<=5s vs 10-15s,2047
6tHTNRbU,62,0-1,Black,<=5s vs 10-15s,1846
ThO9fAyr,73,1-0,White,<=5s vs 5-10s,2021
GvMSZPd5,93,1-0,White,<=5s vs 10-15s,1599
4tkI7W0b,40,0-1,Black,<=5s vs 10-15s,788
U5g2CaAc,97,1/2-1/2,White,<=5s vs 5-10s,2676
EQgVbv9Y,61,0-1,White,<=5s vs 5-10s,1667
6MJTFcFe,96,0-1,Black,<=5s vs 10-15s,1771
qWiLmDeT,68,0-1,Black,<=5s vs 5-10s,1627
q06Tr71W,135,0-1,White,<=5s vs <=5s,2590
JMa6vEo9,103,1-0,White,<=5s vs <=5s,2015
NHZKJwRU,67,1-0,White,<=5s vs <=5s,2163
JhCWDK58,103,1-0,White,<=5s vs 15-20s,2050
7EUQR4sI,70,1-0,Black,<=5s vs <=5s,1103
GiPdkkMG,87,0-1,White,<=5s vs 5-10s,2462
3hrcayYg,68,1-0,Black,<=5s vs 5-10s,1374
OwioOn3V,86,0-1,Black,<=5s vs 5-10s,1802
89lYi8k6,76,1-0,Black,<=5s vs 5-10s,2210
5ZkMSQvl,65,1-0,White,<=5s vs 10-15s,1798
thgNbaJx,56,0-1,Black,<=5s vs 15-20s,1811
i6tyFmRM,49,1-0,White,<=5s vs 5-10s,796
GMTqRZDf,81,1-0,White,<=5s vs 10-15s,2014
NPv7NYOI,86,0-1,Black,<=5s vs 15-20s,1601
9005iArn,90,1-0,Black,<=5s vs <=5s,2172
9Ypt9XHl,112,0-1,Black,<=5s vs 15-20s,1946
I90OxWUO,50,0-1,Black,<=5s vs 15-20s,2303
8xnpB79Q,48,0-1,Black,<=5s vs 15-20s,1782
9B3gK6dD,95,1/2-1/2,White,<=5s vs 5-10s,2461
RwKMynEb,124,1-0,Black,<=5s vs <=5s,2343
sXsqPSmh,48,0-1,Black,<=5s vs 15-20s,1254
g8QnLd5b,82,1-0,Black,<=5s vs <=5s,1566
JXOxOuu4,52,0-1,Black,<=5s vs <=5s,892
kzxTPfFD,72,0-1,Black,<=5s vs 5-10s,1908
LQuyBXDW,135,1-0,White,<=5s vs 15-20s,1936
VI0Gf1bR,59,1-0,White,<=5s vs 5-10s,1617
srIzXyDl,94,0-1,Black,<=5s vs 10-15s,2135
NXvBEkQF,38,0-1,Black,<=5s vs 15-20s,915
dEuDE1FK,74,0-1,Black,<=5s vs 10-15s,1392
M6f32ySq,47,1-0,White,<=5s vs 15-20s,1354
3ekIuCK0,48,0-1,Black,<=5s vs 10-15s,2163
cIb4s9Po,74,1-0,Black,<=5s vs 10-15s,1934
dC3DrKQq,88,0-1,Black,<=5s vs 10-15s,2317
GvtbceYz,91,1-0,White,<=5s vs 15-20s,1906
bBIXhs8i,52,0-1,Black,<=5s vs 5-10s,1818
G8nPSTD4,144,1-0,Black,<=5s vs <=5s,2289
6LWwvrIp,83,1-0,White,<=5s vs 5-10s,1060
PlyYi9T7,150,0-1,Black,<=5s vs 15-20s,1855
xYU8VBJV,81,1-0,White,<=5s vs 5-10s,2623
hm9yZIG8,65,0-1,White,<=5s vs 5-10s,1818
gb22c6U1,75,1-0,White,<=5s vs 5-10s,1934
d5jcWvwJ,102,1-0,Black,<=5s vs <=5s,1936
awnPjzOZ,142,0-1,Black,<=5s vs 5-10s,2513
h1WDV0tw,52,0-1,Black,<=5s vs 5-10s,1652
g0bfrKyk,67,1-0,White,<=5s vs 5-10s,2233
K66R832t,84,0-1,Black,<=5s vs 5-10s,1795
1cHTAj1K,92,1-0,Black,<=5s vs 5-10s,2306
xGGq4bor,48,0-1,Black,<=5s vs 15-20s,1218
uLW8vDSx,83,1-0,White,<=5s vs 5-10s,1945
0ndNulVP,133,1/2-1/2,White,<=5s vs 15-20s,1332
ETNb74HY,61,1-0,White,<=5s vs 5-10s,2233
3wnfHUWX,152,0-1,Black,<=5s vs 10-15s,2175
WI5Ovs0l,91,1-0,White,<=5s vs 10-15s,2656
a2X1njZ9,61,1-0,White,<=5s vs 10-15s,1400
k9CAhlOF,121,1-0,White,<=5s vs 5-10s,2397
xFn9INxT,74,0-1,Black,<=5s vs 15-20s,2453
Um2tlfZe,74,0-1,Black,<=5s vs 5-10s,2031
smdHAmy1,120,1/2-1/2,Black,<=5s vs 5-10s,2471
apEA5FGf,124,0-1,Black,<=5s vs 10-15s,2202
XUV5s6JR,50,0-1,Black,<=5s vs <=5s,1082
JeOrexfh,62,0-1,Black,<=5s vs 15-20s,1070
X5eCVBmF,69,1-0,White,<=5s vs 10-15s,2286
sYjhMCbj,50,0-1,Black,<=5s vs 15-20s,1736
N2Tu7mXr,91,1-0,White,<=5s vs 10-15s,3031
obb0Usia,63,0-1,White,<=5s vs <=5s,1695
oKMytw0P,98,0-1,Black,<=5s vs 5-10s,2189
dySiYnx1,90,0-1,Black,<=5s vs <=5s,1695
Aq7lWhmS,85,1-0,White,<=5s vs 15-20s,1790
EkfqKh9p,99,0-1,White,<=5s vs <=5s,2561
1amaDLgs,90,1-0,Black,<=5s vs 5-10s,2449
4RI0gf0c,49,0-1,White,<=5s vs <=5s,1251
AmIa2sHv,52,0-1,Black,<=5s vs 15-20s,1610
ypjqp8hc,55,1-0,White,<=5s vs 15-20s,894
7smfYW6t,43,0-1,White,<=5s vs 5-10s,863
ZUYIyq8H,72,0-1,Black,<=5s vs 10-15s,2216
BFClGhr2,79,1-0,White,<=5s vs <=5s,1913
xV6DF4vy,82,0-1,Black,<=5s vs 15-20s,1648
aXtUWxvw,65,1-0,White,<=5s vs 5-10s,1448
eouHEDgh,49,1-0,White,<=5s vs 5-10s,1813
hjEcNXIE,53,1-0,White,<=5s vs 15-20s,1303
u285Nqz0,65,1-0,White,<=5s vs 5-10s,2217
MJUaekXv,100,0-1,Black,<=5s vs 5-10s,2110
HK3oUr7U,80,0-1,Black,<=5s vs 5-10s,2599
u9pbW5Tn,73,1-0,White,<=5s vs 5-10s,1823
ZDaX0RGY,51,1-0,White,<=5s vs 15-20s,1363
o2dz7Jl3,63,0-1,White,<=5s vs 10-15s,1386
b5jSvqTI,101,0-1,White,<=5s vs 5-10s,2489
xa1TnKdZ,49,1-0,White,<=5s vs 15-20s,1766
1oUGyg7f,85,1-0,White,<=5s vs 15-20s,2470
xPvgTGoW,46,0-1,Black,<=5s vs 15-20s,1315
BhEMQRbM,49,1-0,White,<=5s vs 5-10s,1174
r5CWjy60,148,1/2-1/2,Black,<=5s vs 5-10s,2661
ybyT64zY,74,0-1,Black,<=5s vs 5-10s,1539
JiGAtLjn,67,1-0,White,<=5s vs 15-20s,2207
YnYK52MQ,109,1-0,White,<=5s vs 15-20s,1919
4Ec3TA2j,95,1-0,White,<=5s vs 5-10s,2459
GwfqkdGV,84,0-1,Black,<=5s vs 15-20s,2489
XCg1pik0,73,1-0,White,<=5s vs 5-10s,1694
o4AFqy62,61,1-0,White,<=5s vs 10-15s,2287
bf5yeX3w,57,1-0,White,<=5s vs 15-20s,2048
uv83C411,39,1-0,White,<=5s vs 15-20s,1524
SFS8VSLW,90,0-1,Black,<=5s vs <=5s,1784
5yB8XchZ,119,1-0,White,<=5s vs 5-10s,2678
emjltnVv,123,1/2-1/2,White,<=5s vs 5-10s,1881
5DOcg8ex,118,0-1,Black,<=5s vs 5-10s,2041
IemvykcN,93,1-0,White,<=5s vs 5-10s,2419
DasIl3LL,64,0-1,Black,<=5s vs 15-20s,1948
GROjbPsM,63,1-0,White,<=5s vs <=5s,1801
FgFetX1B,70,0-1,Black,<=5s vs 10-15s,1976
AO7XtE04,72,0-1,Black,<=5s vs 5-10s,1919
PCoYAkfR,77,1-0,White,<=5s vs 10-15s,1940
w3MjlGJn,71,1-0,White,<=5s vs 10-15s,2201
x34CYE8U,82,0-1,Black,<=5s vs 15-20s,2039
moYAmVxD,62,0-1,Black,<=5s vs 15-20s,2294
qugkmYjQ,58,0-1,Black,<=5s vs 15-20s,2146
1q1LJPXq,59,0-1,White,<=5s vs <=5s,1530
hnqMVT7P,57,0-1,White,<=5s vs 10-15s,1690
W7UTg3kd,102,1/2-1/2,Black,<=5s vs 5-10s,2060
TKdILXfz,50,0-1,Black,<=5s vs 10-15s,2426
u5UrMIvc,44,0-1,Black,<=5s vs 15-20s,1247
NdnyVUIE,77,1-0,White,<=5s vs 15-20s,1386
g7or9NyA,74,1-0,Black,<=5s vs 10-15s,2339
7zCzBnuC,86,0-1,Black,<=5s vs 10-15s,1907
Ei8CP0Oi,65,1-0,White,<=5s vs 5-10s,2087
EuiPzSAY,58,0-1,Black,<=5s vs 5-10s,2037
jh54mswO,80,1-0,Black,<=5s vs 5-10s,2584
r19u0c0v,100,0-1,Black,<=5s vs 15-20s,2433
iUOUXc4q,54,0-1,Black,<=5s vs 5-10s,1329
ymBdisi5,45,1-0,White,<=5s vs 10-15s,897
96Mv0ERC,47,1-0,White,<=5s vs 15-20s,1226
mYcHGuhN,122,0-1,Black,<=5s vs 15-20s,1836
Oa9qdIzJ,73,1-0,White,<=5s vs 15-20s,2366
WyDkMt4M,85,1-0,White,<=5s vs 15-20s,1981
15nHDVE8,56,1-0,Black,<=5s vs <=5s,1447
Qn6MXnRX,98,0-1,Black,<=5s vs 5-10s,2262
ZDq6XXiX,93,1/2-1/2,White,<=5s vs 5-10s,2412
DqLQMHWZ,82,0-1,Black,<=5s vs 5-10s,1927
X6CdVsBV,78,0-1,Black,<=5s vs 5-10s,935
JK7GRKvb,56,0-1,Black,<=5s vs 5-10s,888
SakxWawB,48,0-1,Black,<=5s vs 5-10s,2199
44fZRWO9,90,1-0,Black,<=5s vs <=5s,1609
3AjQQE8j,82,0-1,Black,<=5s vs 5-10s,1927
40ue7kNo,66,0-1,Black,<=5s vs 10-15s,1448
qvrpVQk6,42,0-1,Black,<=5s vs 15-20s,1576
h1WeKF90,83,1-0,White,<=5s vs 15-20s,1539
hq4X3MUW,73,1-0,White,<=5s vs <=5s,1427
86eyJHKW,66,0-1,Black,<=5s vs 5-10s,2371
dES0FXiw,88,0-1,Black,<=5s vs 5-10s,2100
MJTNzptC,50,0-1,Black,<=5s vs 15-20s,1358
bzNlWm2n,126,0-1,Black,<=5s vs 10-15s,2331
mfkASxIF,77,1-0,White,<=5s vs 15-20s,2107
9dIoxd8k,87,1-0,White,<=5s vs 15-20s,2245
IYegxRFY,78,0-1,Black,<=5s vs 5-10s,2289
N9CQyCRa,74,0-1,Black,<=5s vs 10-15s,2055
VCs0JhoP,88,0-1,Black,<=5s vs 10-15s,2269
25bFGSPj,68,1-0,Black,<=5s vs <=5s,1077
F7Mlaleu,129,1-0,White,<=5s vs 15-20s,1313
mNNA2kkx,58,0-1,Black,<=5s vs 10-15s,1564
lc29tIHU,96,0-1,Black,<=5s vs 5-10s,2045
zkXooODx,73,0-1,White,<=5s vs <=5s,2058
LcD78MoS,72,1-0,Black,<=5s vs <=5s,2466
NNkKojli,50,0-1,Black,<=5s vs 15-20s,2285
BWxOxtyr,111,1-0,White,<=5s vs 5-10s,1777
WCKzqe7L,51,1-0,White,<=5s vs 10-15s,1852
ic96qlf8,68,0-1,Black,<=5s vs 10-15s,2217
RA0mpPaD,49,1-0,White,<=5s vs 15-20s,849
cVD4XS8d,57,1-0,White,<=5s vs 10-15s,1745
iXfDj9Tk,81,1-0,White,<=5s vs 10-15s,2033
PtB5FdDj,63,1-0,White,<=5s vs 10-15s,1960
VMbTsezl,27,1-0,White,<=5s vs 15-20s,807
aqaXvYRV,99,0-1,White,<=5s vs <=5s,1681
Nm6zdQDl,64,0-1,Black,<=5s vs 10-15s,2290
cHSsEoAR,67,1-0,White,<=5s vs 5-10s,1846
jWylIBDT,53,1-0,White,<=5s vs 5-10s,1285
Dil1jO9J,137,1/2-1/2,White,<=5s vs <=5s,2778
4yAEZjz9,62,1-0,Black,<=5s vs 5-10s,2216
xcBWTHcN,53,1-0,White,<=5s vs 5-10s,1805
3dqUlGPf,70,0-1,Black,<=5s vs 5-10s,1825
s5JK2U8S,59,0-1,White,<=5s vs 5-10s,2240
eAoaAO2i,60,0-1,Black,<=5s vs 10-15s,1523
UTb8ZdDX,56,0-1,Black,<=5s vs 15-20s,976
CJbozE7J,99,1-0,White,<=5s vs 15-20s,2397
VK2Cfisx,95,0-1,White,<=5s vs 5-10s,2501
lQIQqcRB,72,0-1,Black,<=5s vs <=5s,1653
WIaWOV70,48,1-0,Black,<=5s vs 10-15s,1577
LEUkrDDj,127,1/2-1/2,White,<=5s vs 5-10s,1488
WnDBXauO,65,1-0,White,<=5s vs 5-10s,1323
eg6eWhEr,62,0-1,Black,<=5s vs 5-10s,1382
BekatEYO,53,1-0,White,<=5s vs 15-20s,1405
5TD5wpLu,94,1-0,Black,<=5s vs 5-10s,2691
VTdPxEYY,101,1-0,White,<=5s vs 5-10s,2441
nSW7z3yw,60,0-1,Black,<=5s vs 10-15s,1771
Lt7JsN6E,54,1/2-1/2,Black,<=5s vs 15-20s,2472
J7S0cidF,65,0-1,White,<=5s vs 5-10s,2219
9APi35Zi,84,0-1,Black,<=5s vs 5-10s,2038
NSDYvh18,57,1/2-1/2,White,<=5s vs 5-10s,1513
PIf2vUpV,68,0-1,Black,<=5s vs 15-20s,1043
iMhAxplG,107,0-1,White,<=5s vs 5-10s,1691
gXDIfvuQ,73,1-0,White,<=5s vs 5-10s,1751
tqHPVrqC,80,0-1,Black,<=5s vs 5-10s,1878
cHEsJkM4,77,1-0,White,<=5s vs 5-10s,1915
cnbAKpfs,54,0-1,Black,<=5s vs 15-20s,1657
53F3nVHH,78,0-1,Black,<=5s vs 5-10s,2290
HRbXWYA6,73,1-0,White,<=5s vs 5-10s,2087
CglttiMo,53,1-0,White,<=5s vs 10-15s,1154
UUR1JLg0,70,0-1,Black,<=5s vs 15-20s,965
k3AK3IBq,54,0-1,Black,<=5s vs 15-20s,1141
lY8VXxn0,81,1-0,White,<=5s vs 15-20s,2230
a0JObPEt,93,1-0,White,<=5s vs 10-15s,2672
GAnN3QLh,56,0-1,Black,<=5s vs 5-10s,1037
XCq4kW6u,54,0-1,Black,<=5s vs 10-15s,1351
nH1S5mJP,51,1-0,White,<=5s vs 15-20s,1354
xEvg3GU1,68,0-1,Black,<=5s vs 15-20s,936
nX7ZZDp8,79,1-0,White,<=5s vs 10-15s,2526
AwRrA4M8,58,0-1,Black,<=5s vs 10-15s,2305
DaxLMdxA,113,1-0,White,<=5s vs 10-15s,2006
Hb38qNPR,80,0-1,Black,<=5s vs 10-15s,2175
TFKHmBUq,114,1-0,Black,<=5s vs <=5s,1522
KYqt8PH8,85,0-1,White,<=5s vs <=5s,1798
r3AJiYmu,125,1/2-1/2,White,<=5s vs <=5s,1741
5VDSVFRL,106,1/2-1/2,Black,<=5s vs 15-20s,2559
jJspNUOW,62,0-1,Black,<=5s vs 10-15s,2029
WRKJ9MlT,104,0-1,Black,<=5s vs 5-10s,1882
YVwKmyrO,71,1-0,White,<=5s vs 5-10s,1497
fguT32zO,172,0-1,Black,<=5s vs <=5s,2248
FXXA9TKN,73,1-0,White,<=5s vs 15-20s,1728
KF92QYVx,112,0-1,Black,<=5s vs 15-20s,1517
lHfKUlyE,66,0-1,Black,<=5s vs 5-10s,2270
d1Et7CUY,108,1-0,Black,<=5s vs 5-10s,2377
6blrhydX,130,1/2-1/2,Black,<=5s vs 15-20s,2034
OMA5rpBB,49,1-0,White,<=5s vs 15-20s,1355
1v5dFYvd,68,0-1,Black,<=5s vs 10-15s,1733
yTwyu3qr,55,1-0,White,<=5s vs 15-20s,1219
GCbhcGjI,97,0-1,White,<=5s vs 5-10s,2165
ZcQcNfL4,56,1-0,Black,<=5s vs 5-10s,1560
1h4vZa6S,69,1-0,White,<=5s vs 10-15s,2426
QfSmY0YC,49,1-0,White,<=5s vs 10-15s,1399
W8ZV017t,45,1-0,White,<=5s vs 15-20s,1856
DflFR1fO,52,0-1,Black,<=5s vs <=5s,1152
HGMfmc02,79,1-0,White,<=5s vs 5-10s,1442
Z6MpeB5X,42,0-1,Black,<=5s vs 15-20s,998
Dwq1SphE,61,1-0,White,<=5s vs 5-10s,1326
PsxCWDTS,66,0-1,Black,<=5s vs 15-20s,1564
459p5HYD,88,0-1,Black,<=5s vs 5-10s,1543
2jrERz9p,66,1-0,Black,<=5s vs 5-10s,1897
KCvOosre,86,0-1,Black,<=5s vs <=5s,1415
JVKp2MNK,72,1-0,Black,<=5s vs <=5s,2114
xGBPpmLx,72,0-1,Black,<=5s vs 10-15s,2380
a1P85zkV,150,1-0,Black,<=5s vs 5-10s,2614
9ETQbJOr,68,0-1,Black,<=5s vs 10-15s,1577
gWL378wq,116,1-0,Black,<=5s vs <=5s,2478
TGvh32qF,103,1-0,White,<=5s vs 5-10s,2002
aoDl6hl8,73,1-0,White,<=5s vs 10-15s,2216
Eg59PyrM,44,0-1,Black,<=5s vs 15-20s,1799
SJbFOvhd,66,0-1,Black,<=5s vs 10-15s,1591
O5elT2Ej,86,0-1,Black,<=5s vs 10-15s,2532
QbPzl88D,57,1-0,White,<=5s vs 15-20s,1674
sWpwNLVs,72,0-1,Black,<=5s vs 5-10s,1302
DeMPiiga,75,1-0,White,<=5s vs 5-10s,2046
NuHfzAgZ,99,1-0,White,<=5s vs <=5s,2246
bJF7C9Fm,61,1-0,White,<=5s vs 15-20s,1171
MjOnjSgb,39,0-1,White,<=5s vs 5-10s,769
OpcvxhfT,92,0-1,Black,<=5s vs 15-20s,2652
3zy0KNIT,72,0-1,Black,<=5s vs 15-20s,2242
nTIac2Uo,79,0-1,White,<=5s vs <=5s,1698
80eQlvR1,35,1-0,White,<=5s vs 15-20s,1122
5iVfo5PL,86,1-0,Black,<=5s vs <=5s,2376
LhxjTJZw,106,0-1,Black,<=5s vs 5-10s,1714
JVVeOkKY,77,0-1,White,<=5s vs <=5s,1702
hHN1pycK,90,0-1,Black,<=5s vs 5-10s,2082
aH0Vh07j,81,1-0,White,<=5s vs 15-20s,1679
PU2mIe4e,88,1-0,Black,<=5s vs <=5s,2103
EDJWukjR,58,0-1,Black,<=5s vs <=5s,1286
labKmWeD,80,0-1,Black,<=5s vs 5-10s,1849
S5DWsbu9,112,0-1,Black,<=5s vs 15-20s,2097
gdf5CfEs,90,0-1,Black,<=5s vs <=5s,2335
0pfmCPs8,45,1-0,White,<=5s vs 10-15s,1337
LZd49ayp,55,1-0,White,<=5s vs 5-10s,1557
798pa3CE,87,0-1,White,<=5s vs 5-10s,2381
kz00SpC8,47,1-0,White,<=5s vs 15-20s,1252
rTLkJ8jj,64,1-0,Black,<=5s vs 10-15s,1940
8A1KFqRU,91,1-0,White,<=5s vs 10-15s,966
FwGcZVzF,89,1-0,White,<=5s vs <=5s,1990
lq8M05Tw,105,1-0,White,<=5s vs 15-20s,2324
Y15B2n3F,62,1-0,Black,<=5s vs 10-15s,1416
9cmu0P09,85,1-0,White,<=5s vs 5-10s,2039
0S4LcRBj,77,0-1,White,<=5s vs 5-10s,2347
Ks0gaxSv,54,0-1,Black,<=5s vs 15-20s,1509
Q6PLAdop,68,0-1,Black,<=5s vs 10-15s,2259
7XPIJMyJ,82,1-0,Black,<=5s vs <=5s,2158
loMvkjdo,61,1-0,White,<=5s vs 10-15s,1180
vWJa4Ktn,76,1-0,Black,<=5s vs 5-10s,1902
LBeoHRcP,59,0-1,White,<=5s vs <=5s,2284
cIDWc7RJ,61,1-0,White,<=5s vs 10-15s,1669
T3cW7S05,96,0-1,Black,<=5s vs 10-15s,1978
SNDmRpmG,53,1-0,White,<=5s vs 10-15s,2063
1d4SL23j,49,1-0,White,<=5s vs 10-15s,1651
6PVACrR5,110,1/2-1/2,Black,<=5s vs 10-15s,2196
GsCzw4Vs,114,0-1,Black,<=5s vs 5-10s,1631
0eNNpo1y,59,1-0,White,<=5s vs 10-15s,1350
OzRXOpS0,90,0-1,Black,<=5s vs 10-15s,2096
XCadmboZ,54,0-1,Black,<=5s vs 10-15s,1145
DOVslkyr,67,1-0,White,<=5s vs 5-10s,1196
KS1trzq8,93,1-0,White,<=5s vs 10-15s,2130
3hnx8n2p,118,0-1,Black,<=5s vs <=5s,2142
hom8v4aZ,81,1-0,White,<=5s vs <=5s,2012
IpagkWBa,69,0-1,White,<=5s vs 5-10s,2267
0X41iS7N,58,0-1,Black,<=5s vs 15-20s,1336
Ah3dpmaw,73,1-0,White,<=5s vs 15-20s,2291
RNcqWnFK,46,0-1,Black,<=5s vs 10-15s,1267
kr9MRmLT,104,1-0,Black,<=5s vs <=5s,2573
2k4byPzH,47,1-0,White,<=5s vs 5-10s,1047
VTFJnbrn,55,1-0,White,<=5s vs 5-10s,762
vzyKwemU,44,0-1,Black,<=5s vs 15-20s,1274
e6sgxIN0,47,1-0,White,<=5s vs 5-10s,1879
wt5YaqDn,65,1-0,White,<=5s vs 5-10s,1109
uKJMlll9,49,0-1,White,<=5s vs 5-10s,1719
pAjcxgLW,56,0-1,Black,<=5s vs 10-15s,1830
FQsh5jLe,66,1-0,Black,<=5s vs <=5s,1876
gQsw3FCJ,56,0-1,Black,<=5s vs 5-10s,1324
IzbpVPmd,79,1-0,White,<=5s vs 10-15s,2257
Dk2U9IAJ,127,1/2-1/2,White,<=5s vs 5-10s,2598
KVyTRCPB,56,0-1,Black,<=5s vs 10-15s,1704
ec1l5tEf,142,1/2-1/2,Black,<=5s vs <=5s,2905
M0VF53Na,78,0-1,Black,<=5s vs 5-10s,2240
fPeDmp2r,83,1-0,White,<=5s vs 5-10s,2466
8KWK9xuq,63,1-0,White,<=5s vs 10-15s,2180
Fsa46LEv,65,0-1,White,<=5s vs 5-10s,2027
ctgPHcnK,96,0-1,Black,<=5s vs 10-15s,2555
l7BIaOZ1,74,1-0,Black,<=5s vs <=5s,1813
8MMPF190,67,1-0,White,<=5s vs 10-15s,2293
TB0zXBj2,53,1-0,White,<=5s vs 5-10s,1892
RiE6Ep4I,77,1-0,White,<=5s vs 10-15s,1951
NauNyiy0,43,1-0,White,<=5s vs 10-15s,1169
YNCZpbbj,86,0-1,Black,<=5s vs 10-15s,2329
OMKFn6tS,109,1-0,White,<=5s vs 5-10s,2627
TzumWPYf,88,0-1,Black,<=5s vs 10-15s,935
wmFehEzj,59,1-0,White,<=5s vs 10-15s,1472
Z0257SmG,109,1-0,White,<=5s vs 5-10s,2439
2Ah0N0I1,74,0-1,Black,<=5s vs 5-10s,1058
0XREgWhW,74,1/2-1/2,Black,<=5s vs 5-10s,2072
b41XCXOA,86,0-1,Black,<=5s vs 5-10s,2082
Gp8OrYGl,86,1-0,Black,<=5s vs 15-20s,1892
UIyDLyxL,125,0-1,White,<=5s vs <=5s,2699
oBbDar3e,58,0-1,Black,<=5s vs 5-10s,2471
DDwAMj5Q,96,0-1,Black,<=5s vs <=5s,1208
J0hqwfCM,67,1-0,White,<=5s vs 10-15s,2012
0oSjoPmE,65,1-0,White,<=5s vs 10-15s,1325
Spw1SY33,130,1-0,Black,<=5s vs 5-10s,2117
s8i0Xnp2,62,1-0,Black,<=5s vs 15-20s,1689
8CrDmLsE,62,0-1,Black,<=5s vs 5-10s,1462
GhOMjSkf,59,1-0,White,<=5s vs 10-15s,1784
C4JmyBkA,50,0-1,Black,<=5s vs 5-10s,963
KNf8Z6qp,60,0-1,Black,<=5s vs 10-15s,1315
2UUwS7Wy,62,0-1,Black,<=5s vs 10-15s,2036
JGb3Qe8M,90,0-1,Black,<=5s vs 15-20s,2339
V2Q404XK,77,1-0,White,<=5s vs 5-10s,1383
JNsShB9i,60,1/2-1/2,Black,<=5s vs 10-15s,2003
mFuyFWDz,75,1-0,White,<=5s vs 15-20s,1875
zcloN549,86,1-0,Black,<=5s vs <=5s,1816
2LBN3KHz,52,0-1,Black,<=5s vs 10-15s,1584
wn6oQDxJ,60,0-1,Black,<=5s vs 15-20s,1368
79u1jEJN,74,1-0,Black,<=5s vs 5-10s,1478
I7aesfuv,86,0-1,Black,<=5s vs 10-15s,2391
jsR0sNRu,99,1-0,White,<=5s vs 15-20s,2418
8cBFh42t,63,1-0,White,<=5s vs 5-10s,2179
Z6YAEBft,66,0-1,Black,<=5s vs 15-20s,1271
zu0FlUCy,69,1-0,White,<=5s vs 5-10s,1791
AJGJlwJP,64,1-0,Black,<=5s vs <=5s,2182
ArMld8lA,98,0-1,Black,<=5s vs 10-15s,2804
Lzgh03gs,81,1-0,White,<=5s vs 15-20s,1693
Um3EunXN,50,0-1,Black,<=5s vs 15-20s,1403
8rqGtv6P,57,1-0,White,<=5s vs 15-20s,1651
Vr0K0yx5,93,1-0,White,<=5s vs 15-20s,3077
27KNyzfm,67,0-1,White,<=5s vs 10-15s,1644
JnMzAJBq,90,0-1,Black,<=5s vs 5-10s,1926
1IY36oOx,70,0-1,Black,<=5s vs 15-20s,1635
YU0egwwc,151,1/2-1/2,White,<=5s vs 15-20s,2611
hY6DfYSt,62,1-0,Black,<=5s vs 5-10s,1690
QXhpTZvK,69,0-1,White,<=5s vs <=5s,2020
D23YKgeu,62,0-1,Black,<=5s vs 15-20s,1839
HP766ZUU,68,1-0,Black,<=5s vs 5-10s,2431
gTvgfsFp,46,0-1,Black,<=5s vs 10-15s,1524
aYYWvfp8,120,1-0,Black,<=5s vs <=5s,2147
ZdO2jdEh,39,1-0,White,<=5s vs 10-15s,1156
uRWpwz9K,76,0-1,Black,<=5s vs 15-20s,1936
uUvz0a1r,122,1-0,Black,<=5s vs <=5s,1930
GW9n6KVH,72,0-1,Black,<=5s vs 10-15s,1728
zRe8rIUn,121,1-0,White,<=5s vs <=5s,2313
HB2qkwxe,85,0-1,White,<=5s vs 5-10s,2111
jbFBsMyh,68,0-1,Black,<=5s vs 15-20s,1529
3rUVg1vb,79,1-0,White,<=5s vs 15-20s,1497
hWu9tl3t,46,0-1,Black,<=5s vs 15-20s,1320
pcKbX8Lt,76,0-1,Black,<=5s vs 15-20s,1457
TEPKcAVH,50,0-1,Black,<=5s vs <=5s,956
NDMrqrTY,79,1-0,White,<=5s vs 15-20s,2497
Lpt6j4Jm,65,1-0,White,<=5s vs 10-15s,2003
S5nJQng0,54,0-1,Black,<=5s vs 15-20s,1475
NRZTTxiR,64,0-1,Black,<=5s vs 15-20s,1944
scgqfLvb,77,1-0,White,<=5s vs 15-20s,1842
JLMXOoxp,63,1-0,White,<=5s vs 5-10s,2016
ghRby7GE,54,0-1,Black,<=5s vs 15-20s,1169
Laj1AtXk,107,0-1,White,<=5s vs 10-15s,1854
DVOSoJzE,46,0-1,Black,<=5s vs 10-15s,1268
ycimfiMJ,88,0-1,Black,<=5s vs 10-15s,2014
ezi22eqo,55,0-1,White,<=5s vs <=5s,1231
WzF9hJu5,67,1-0,White,<=5s vs 15-20s,1482
xVlvrCDs,52,0-1,Black,<=5s vs 10-15s,1240
O9VRZCFU,134,1/2-1/2,Black,<=5s vs 15-20s,2643
YYvomAjs,131,1-0,White,<=5s vs 5-10s,1804
nvSmq9tT,57,0-1,White,<=5s vs 5-10s,1321
pnqKyv61,124,0-1,Black,<=5s vs <=5s,2348
AQ7CMyRq,68,0-1,Black,<=5s vs 5-10s,1492
3nkmukfI,62,0-1,Black,<=5s vs 5-10s,1890
h83Mcigb,96,0-1,Black,<=5s vs <=5s,1815
VGsc0lvo,67,0-1,White,<=5s vs 10-15s,1627
xovcQBND,94,1-0,Black,<=5s vs 5-10s,1984
7uK4FRnJ,76,0-1,Black,<=5s vs 10-15s,1628
5ALIiSSR,64,0-1,Black,<=5s vs 10-15s,1951
MXSWNBFS,72,0-1,Black,<=5s vs 10-15s,1668
xLgZL2XU,67,1-0,White,<=5s vs 15-20s,1572
CTYxeP2s,99,1-0,White,<=5s vs 15-20s,1894
PzlpczDy,77,1-0,White,<=5s vs 15-20s,2377
JeuPgZa2,79,1-0,White,<=5s vs 10-15s,1267
pKGkWb1a,40,0-1,Black,<=5s vs 10-15s,1005
JdSvZqza,96,0-1,Black,<=5s vs 5-10s,2236
HXetb6hP,39,1-0,White,<=5s vs 10-15s,1035
7XFnul8J,76,1-0,Black,<=5s vs <=5s,1749
HctyxLDw,97,1-0,White,<=5s vs 15-20s,2001
Uj7GvExv,109,1-0,White,<=5s vs <=5s,2270
IuGU6LrQ,99,0-1,White,<=5s vs 5-10s,2241
TBVMs7nf,81,1-0,White,<=5s vs 5-10s,1809
6uGhg5XN,78,0-1,Black,<=5s vs 5-10s,1250
E3PRSCLx,136,1/2-1/2,Black,<=5s vs <=5s,2005
ufX0bY3n,54,0-1,Black,<=5s vs 15-20s,1495
laAarec1,49,1-0,White,<=5s vs 15-20s,1149
xVsfc3Cd,73,1-0,White,<=5s vs <=5s,1687
VEgyAFpz,82,0-1,Black,<=5s vs 15-20s,2511
kMHp1ZhQ,86,0-1,Black,<=5s vs 5-10s,2235
Qr2HDbUa,72,0-1,Black,<=5s vs 10-15s,2208
DVufAncI,141,1/2-1/2,White,<=5s vs 15-20s,1054
PBDSuswZ,72,1-0,Black,<=5s vs 10-15s,1504
RjVhXKem,60,1-0,Black,<=5s vs <=5s,1538
LmZlnYwK,73,1-0,White,<=5s vs 5-10s,1554
QGIGPwdS,67,1-0,White,<=5s vs 15-20s,2126
IND3PH3w,58,1-0,Black,<=5s vs 5-10s,2276
mrsJcNzt,51,0-1,White,<=5s vs 10-15s,1782
tg2luCRh,57,1-0,White,<=5s vs 5-10s,1003
FpmP8fq5,86,1-0,Black,<=5s vs 5-10s,1352
PPjMhwic,67,1-0,White,<=5s vs 10-15s,1873
xROTtPuV,97,1-0,White,<=5s vs 10-15s,1241
JgA0knVG,109,1-0,White,<=5s vs 15-20s,2131
4HRsfH5L,50,0-1,Black,<=5s vs 15-20s,1903
51vngpVf,96,0-1,Black,<=5s vs 5-10s,2713
vMbQHzK1,131,1/2-1/2,White,<=5s vs 15-20s,2375
2LiQztS1,97,1-0,White,<=5s vs 15-20s,2537
MthY7rk4,55,1-0,White,<=5s vs 15-20s,1587
wBk9KYBm,76,0-1,Black,<=5s vs 15-20s,2173
QnmbdzbQ,67,1-0,White,<=5s vs 10-15s,2701
ocwX7qut,55,1-0,White,<=5s vs <=5s,1663
Rm6CsfW9,65,0-1,White,<=5s vs 5-10s,1789
TScyOlS7,62,0-1,Black,<=5s vs 10-15s,2003
FTw9hqtz,48,0-1,Black,<=5s vs 15-20s,1574
UGePY33L,61,0-1,White,<=5s vs <=5s,1395
4gHh97vK,68,0-1,Black,<=5s vs 10-15s,2237
eAOS90DE,73,1-0,White,<=5s vs 10-15s,1966
Xr7Izamj,107,0-1,White,<=5s vs 5-10s,2254
uiWiM6WA,76,0-1,Black,<=5s vs 5-10s,1693
7x82ChpT,85,1-0,White,<=5s vs 10-15s,1645
5b7S7sID,89,1-0,White,<=5s vs 10-15s,2400
DerWa0Tv,41,1-0,White,<=5s vs 15-20s,856
VyHvRbVR,71,1-0,White,<=5s vs 10-15s,1619
209UF6pl,89,1/2-1/2,White,<=5s vs 10-15s,2215
1wsHFZGe,71,1-0,White,<=5s vs 15-20s,1864
tfrn8M4f,62,0-1,Black,<=5s vs 5-10s,2312
gqtwuU6r,107,0-1,White,<=5s vs <=5s,2346
YIPUciTG,69,1-0,White,<=5s vs 5-10s,1444
UQLF0PKV,84,0-1,Black,<=5s vs <=5s,2326
NXqDisBn,58,1-0,Black,<=5s vs <=5s,1114
xIkWhSkH,76,0-1,Black,<=5s vs 15-20s,1634
e8VGVjhF,67,1-0,White,<=5s vs 10-15s,1626
VYd0kOMp,50,0-1,Black,<=5s vs 10-15s,1478
HMFaalBq,67,1-0,White,<=5s vs 15-20s,1532
dduZdSxH,94,1-0,Black,<=5s vs 5-10s,2563
ZpbBoTNE,125,1-0,White,<=5s vs 15-20s,1661
fR4v0v05,52,0-1,Black,<=5s vs 5-10s,1095
MSYT3g3h,102,1/2-1/2,Black,<=5s vs 10-15s,2038
Av9r0lFh,72,1/2-1/2,Black,<=5s vs 10-15s,1714
lKPuzLSv,62,0-1,Black,<=5s vs 10-15s,1964
vMgXAm6P,89,1-0,White,<=5s vs 5-10s,1082
urv8dTCr,152,1-0,Black,<=5s vs <=5s,2250
8hs5Wvog,73,1-0,White,<=5s vs 15-20s,2436
KqyRxWdl,76,0-1,Black,<=5s vs 15-20s,888
jj9YLnk1,41,1-0,White,<=5s vs 10-15s,818
QHPFCzRj,101,1-0,White,<=5s vs 5-10s,2597
OaDfD5dC,76,0-1,Black,<=5s vs 5-10s,1292
Ll0Gp4Sk,49,0-1,White,<=5s vs 15-20s,1226
Sv4Q9lle,72,0-1,Black,<=5s vs 5-10s,2413
7jltmtUc,111,1-0,White,<=5s vs 10-15s,2505
OMRrbQdl,116,1-0,Black,<=5s vs <=5s,2431
EpcgNBRo,61,1-0,White,<=5s vs 5-10s,2027
PkHfpFYV,76,0-1,Black,<=5s vs 15-20s,1137
Sj6mY9Dw,58,0-1,Black,<=5s vs 5-10s,2007
yL5rPtpE,80,0-1,Black,<=5s vs 15-20s,2166
yTNzxxz7,54,0-1,Black,<=5s vs <=5s,1078
xx0QLYzC,91,1-0,White,<=5s vs 10-15s,2251
FJUGD7cj,77,1-0,White,<=5s vs <=5s,1804
alPoSVce,54,0-1,Black,<=5s vs 10-15s,885
Sqb3kltC,77,1-0,White,<=5s vs <=5s,2531
tabVWtk7,66,0-1,Black,<=5s vs 15-20s,1847
ZIjDD24F,129,0-1,White,<=5s vs <=5s,2807
NQ0L2jEk,91,1-0,White,<=5s vs 10-15s,2325
XSQI5nxC,106,1-0,Black,<=5s vs 5-10s,2226
pt39cM2b,74,0-1,Black,<=5s vs <=5s,1158
srOgmG2f,59,1-0,White,<=5s vs 10-15s,1047
I0Kt9rOs,58,0-1,Black,<=5s vs 15-20s,1837
iREf9rag,71,1-0,White,<=5s vs 10-15s,1294
5BlmYn6L,56,0-1,Black,<=5s vs 15-20s,1368
2gPTCcNB,92,1-0,Black,<=5s vs <=5s,1837
GoU7zyHP,62,0-1,Black,<=5s vs 5-10s,1859
ZeHjn72n,63,1-0,White,<=5s vs 10-15s,862
7orFdQ7m,77,1-0,White,<=5s vs 10-15s,1356
BRqRJ7YV,69,1-0,White,<=5s vs 15-20s,1629
QDUl4RVO,54,0-1,Black,<=5s vs 5-10s,1896
E4aXxwkx,103,1/2-1/2,White,<=5s vs 10-15s,2314
fWRBWwAR,74,0-1,Black,<=5s vs 10-15s,1619
UHB9V3sY,96,0-1,Black,<=5s vs 10-15s,2000
94GHLhxj,127,1-0,White,<=5s vs <=5s,2407
w5Nyni0c,113,1-0,White,<=5s vs 10-15s,2278
Z7nk5dSk,40,0-1,Black,<=5s vs 15-20s,911
4b3gcBRg,52,0-1,Black,<=5s vs 5-10s,1084
W5jyNd3N,48,1-0,Black,<=5s vs <=5s,1127
5SiQj5wt,71,1-0,White,<=5s vs 15-20s,1946
lYCZQrnl,82,1-0,Black,<=5s vs <=5s,1620
EpBAsJYG,55,1-0,White,<=5s vs 10-15s,1423
S80u4zVX,62,0-1,Black,<=5s vs 15-20s,1529
WB1OzrEw,48,0-1,Black,<=5s vs 15-20s,1315
alOXT47x,71,1-0,White,<=5s vs 5-10s,2049
MiOD9OKF,78,0-1,Black,<=5s vs 15-20s,1780
PrHrTfSe,69,1-0,White,<=5s vs 5-10s,2195
R4cv85pW,65,1-0,White,<=5s vs 5-10s,1940
dxT3Sc0m,75,1-0,White,<=5s vs 10-15s,1783
2pEjyoID,124,1-0,Black,<=5s vs <=5s,1933
WF7qKyWu,85,1-0,White,<=5s vs 10-15s,2246
fzGSlorL,52,0-1,Black,<=5s vs 10-15s,1068
spc1FekX,81,0-1,White,<=5s vs <=5s,1402
e0CsZUUY,91,1/2-1/2,White,<=5s vs 5-10s,2238
7bgBtext,82,0-1,Black,<=5s vs 15-20s,1543
AIniXx6U,69,1-0,White,<=5s vs 15-20s,2145
GtNahC6l,78,1-0,Black,<=5s vs <=5s,2426
usizNrPQ,69,0-1,White,<=5s vs 5-10s,1558
Dvu5Wt77,127,1-0,White,<=5s vs 5-10s,2683
eZPJfKZC,70,0-1,Black,<=5s vs 15-20s,2189
k6n9QouW,73,1-0,White,<=5s vs <=5s,2009
OkJuhV9V,52,0-1,Black,<=5s vs 10-15s,1330
ScMjy6bB,90,0-1,Black,<=5s vs 5-10s,2182
PAIIYv34,60,0-1,Black,<=5s vs 5-10s,1425
ClJH1mQu,85,1-0,White,<=5s vs 10-15s,1854
dJDysTh1,53,0-1,White,<=5s vs 15-20s,1145
hbVLGSCB,70,1-0,Black,<=5s vs <=5s,1544
dyjAifUw,55,1-0,White,<=5s vs 15-20s,1545
z3ZffbKX,70,0-1,Black,<=5s vs <=5s,1471
iQWqZack,78,0-1,Black,<=5s vs 5-10s,2509
Dme7GQfi,68,0-1,Black,<=5s vs 5-10s,1347
ZCOSbtH0,66,0-1,Black,<=5s vs 5-10s,2046
Squ2bv9P,78,0-1,Black,<=5s vs <=5s,1272
2nzXaLgm,125,1/2-1/2,White,<=5s vs 5-10s,2310
RIsGr1lI,54,1-0,Black,<=5s vs <=5s,1069
OxLO8xaC,85,1/2-1/2,White,<=5s vs <=5s,1084
14lRV4BD,92,0-1,Black,<=5s vs 15-20s,2170
c30RSlKv,61,1-0,White,<=5s vs 10-15s,2397
1nTk9Rwf,77,1-0,White,<=5s vs 10-15s,2117
o4Y4YXIr,62,0-1,Black,<=5s vs <=5s,1991
6RSkAN9R,56,1-0,Black,<=5s vs <=5s,941
pxfLJIhY,115,0-1,White,<=5s vs 10-15s,2442
R2SND612,53,1-0,White,<=5s vs 15-20s,1787
8SrOwAHw,90,0-1,Black,<=5s vs 5-10s,1972
5k5HtjXs,49,1-0,White,<=5s vs 15-20s,1096
d5T7F65b,90,0-1,Black,<=5s vs 5-10s,2410
P1BeVqtR,131,1-0,White,<=5s vs 10-15s,1809
IxLN3xqN,90,0-1,Black,<=5s vs 15-20s,2056
wdHfkXzh,110,0-1,Black,<=5s vs 5-10s,1970
mIK1pTn1,53,1-0,White,<=5s vs 15-20s,807
ludp5mDc,80,1-0,Black,<=5s vs <=5s,1564
OmAABzHa,78,0-1,Black,<=5s vs <=5s,1784
HfsEovpF,67,1-0,White,<=5s vs 10-15s,1752
bNF2uB7Y,117,0-1,White,<=5s vs 5-10s,1507
HmtuKnXv,40,0-1,Black,<=5s vs <=5s,1226
nbevtZRl,60,1-0,Black,<=5s vs <=5s,1556
zeOLqc3W,71,1-0,White,<=5s vs 10-15s,1746
YqGymS9Z,42,1-0,Black,<=5s vs <=5s,977
cPyBWzDf,98,0-1,Black,<=5s vs 10-15s,2352
SwNi00JN,38,0-1,Black,<=5s vs 10-15s,1053
ETkX0var,89,1/2-1/2,White,<=5s vs 10-15s,2046
Z0bDYUbG,84,0-1,Black,<=5s vs 5-10s,1812
Du0ZUflX,72,0-1,Black,<=5s vs 15-20s,1621
iwWG9dfg,55,1-0,White,<=5s vs 10-15s,1365
ZKrBjeEi,43,0-1,White,<=5s vs 5-10s,986
AGoJbKUv,129,1/2-1/2,White,<=5s vs 10-15s,2476
R37Mty0B,58,0-1,Black,<=5s vs 5-10s,1557
9ZIXu05L,58,0-1,Black,<=5s vs 15-20s,2235
wNJvz5k8,60,0-1,Black,<=5s vs 15-20s,1982
2NhoQnOI,69,1-0,White,<=5s vs 15-20s,2384
yf0G6kB9,75,1-0,White,<=5s vs <=5s,2099
RZKCaxzS,54,0-1,Black,<=5s vs 15-20s,1208
IHEvJPTS,76,0-1,Black,<=5s vs 10-15s,1849
SE8XPEI7,71,0-1,White,<=5s vs <=5s,2154
nnMbrbBL,56,0-1,Black,<=5s vs 15-20s,1548
rQpyVaQl,60,1-0,Black,<=5s vs 10-15s,1084
QOPwe7hi,95,1-0,White,<=5s vs 5-10s,2418
ALw7GNVq,89,1-0,White,<=5s vs 5-10s,2198
ffyU19Jc,41,1-0,White,<=5s vs 5-10s,941
7ezjyp7r,59,1-0,White,<=5s vs 10-15s,1908
uAOnyKWc,58,0-1,Black,<=5s vs 15-20s,1563
9moOWM6Q,113,1-0,White,<=5s vs 5-10s,2785
4BnD8U4r,53,1-0,White,<=5s vs 5-10s,753
DifoyxL2,61,1-0,White,<=5s vs 10-15s,982
6vvuGGOK,68,0-1,Black,<=5s vs 15-20s,1964
BllvMGC4,125,1/2-1/2,White,<=5s vs 5-10s,2449
lXv7bhYt,55,1-0,White,<=5s vs 15-20s,2045
ZYvg3bXp,82,0-1,Black,<=5s vs 10-15s,1768
cvKthO7X,76,0-1,Black,<=5s vs 10-15s,1670
kvmGbbYP,78,1-0,Black,<=5s vs <=5s,1576
CrLIJEYh,103,1/2-1/2,White,<=5s vs <=5s,1565
0cuPOCBh,77,1-0,White,<=5s vs 10-15s,2047
huXL5x4D,60,1-0,Black,<=5s vs 5-10s,1563
pnIOHas6,53,1-0,White,<=5s vs 15-20s,1672
U6kF5exd,57,1-0,White,<=5s vs 15-20s,1637
L51ufEl1,94,0-1,Black,<=5s vs 5-10s,2328
FIj5vsyy,87,1-0,White,<=5s vs <=5s,2709
eWtzoJur,77,1-0,White,<=5s vs 15-20s,2416
7IucdsxS,71,1-0,White,<=5s vs 10-15s,1826
7h6wiMUW,73,1-0,White,<=5s vs 5-10s,2426
dnGJqrIE,54,0-1,Black,<=5s vs <=5s,2209
10qk6f5F,87,1-0,White,<=5s vs <=5s,2975
KI6zOQVk,97,0-1,White,<=5s vs <=5s,2164
OVoFnQu1,66,0-1,Black,<=5s vs 10-15s,1473
E05Aeftg,61,1-0,White,<=5s vs 15-20s,1474
QXIC6k7u,43,0-1,White,<=5s vs 15-20s,1279
4EhNdJxK,93,1-0,White,<=5s vs 5-10s,2850
Ari5gJxC,91,1-0,White,<=5s vs 5-10s,2511
n32ToEVk,73,1-0,White,<=5s vs 10-15s,1600
ahcCtiMx,48,0-1,Black,<=5s vs 10-15s,1017
6XHbnTgQ,154,0-1,Black,<=5s vs 15-20s,2507
jjUfmaqP,78,0-1,Black,<=5s vs 10-15s,2136
wRLQmuWB,60,0-1,Black,<=5s vs 15-20s,1245
JooNecEQ,119,1-0,White,<=5s vs 15-20s,2457
6gTGzr00,64,0-1,Black,<=5s vs 5-10s,1076
JVAOjcIr,110,0-1,Black,<=5s vs 5-10s,2221
cH917tYR,77,0-1,White,<=5s vs 5-10s,2296
2TDtEMcx,105,1-0,White,<=5s vs 10-15s,2645
c2Mhi3XU,45,1-0,White,<=5s vs 5-10s,1869
9ssp10dV,66,0-1,Black,<=5s vs <=5s,2350
xdjFZwAv,63,1-0,White,<=5s vs 5-10s,1522
up0axZPo,130,1/2-1/2,Black,<=5s vs 15-20s,2425
1U5JSlZt,61,1-0,White,<=5s vs 5-10s,1685
5ZKNpMCo,50,0-1,Black,<=5s vs 10-15s,1857
ZkTziL8U,46,1-0,Black,<=5s vs <=5s,1810
RnETES5O,101,1-0,White,<=5s vs 15-20s,1818
H89DndhK,65,0-1,White,<=5s vs 10-15s,2347
Cc3Gavhj,56,0-1,Black,<=5s vs 10-15s,1923
93w1VX1H,66,0-1,Black,<=5s vs 10-15s,2326
BZB9ht82,82,1-0,Black,<=5s vs <=5s,2104
MVLJqHF1,78,0-1,Black,<=5s vs 5-10s,2001
iYThFXsb,52,0-1,Black,<=5s vs 10-15s,1593
yil4PXoY,55,1-0,White,<=5s vs 10-15s,1496
Md0j8NS5,62,1-0,Black,<=5s vs 10-15s,1683
iJ3DiLne,71,1-0,White,<=5s vs 10-15s,1331
8qthEQK7,75,1-0,White,<=5s vs 15-20s,1910
Cqh3K1U4,66,1/2-1/2,Black,<=5s vs 15-20s,1901
xYB5WqVW,88,0-1,Black,<=5s vs 5-10s,3093
RPf5UQGa,43,1-0,White,<=5s vs 5-10s,1591
SRnja20A,100,1-0,Black,<=5s vs 15-20s,2394
vlkFH75w,76,0-1,Black,<=5s vs <=5s,1465
R0SXvdNs,60,0-1,Black,<=5s vs <=5s,1376
Fnrll3JH,54,0-1,Black,<=5s vs 10-15s,1760
m7HjWMPC,87,1-0,White,<=5s vs 10-15s,2145
SesxrQck,69,1-0,White,<=5s vs 5-10s,1026
WjtCr8E4,103,1-0,White,<=5s vs 5-10s,2178
h287l5XO,70,1-0,Black,<=5s vs <=5s,2472
Nx7sMB2f,115,0-1,White,<=5s vs 5-10s,2669
CnOSsqAT,76,0-1,Black,<=5s vs 15-20s,2203
LhItgNjV,119,1-0,White,<=5s vs 10-15s,1616
uQwTtylS,75,0-1,White,<=5s vs 5-10s,1540
WmCBA5ek,163,1-0,White,<=5s vs 15-20s,2691
3xKaRsK6,78,0-1,Black,<=5s vs 5-10s,1838
E8Fi2qvF,80,0-1,Black,<=5s vs 5-10s,2180
9HpBWIi0,79,1-0,White,<=5s vs 15-20s,2009
54wGAp8X,67,0-1,White,<=5s vs 5-10s,1770
Vf5Sgrz6,56,0-1,Black,<=5s vs 5-10s,1590
mMZ0vgBE,75,1-0,White,<=5s vs 10-15s,2387
eBd6RC41,130,0-1,Black,<=5s vs 5-10s,1647
bQpwYrs3,44,0-1,Black,<=5s vs 15-20s,1227
0jxe1XK3,81,1-0,White,<=5s vs 10-15s,1982
GVEpMI58,63,1-0,White,<=5s vs 10-15s,1742
qKdDQ7lc,84,0-1,Black,<=5s vs 5-10s,1467
WtAAA01V,80,0-1,Black,<=5s vs 5-10s,2160
rdPKLRo5,90,0-1,Black,<=5s vs 5-10s,3016
8pcT8DuY,77,1-0,White,<=5s vs 5-10s,1637
oJ7SUxbw,61,1-0,White,<=5s vs 15-20s,2019
64WSkCD1,32,0-1,Black,<=5s vs 15-20s,731
J5TrG5Tf,94,0-1,Black,<=5s vs 5-10s,1973
pIv01oBZ,125,1/2-1/2,White,<=5s vs 15-20s,2533
JyqilvEw,41,1-0,White,<=5s vs <=5s,891
ghzeJiZh,83,1-0,White,<=5s vs 15-20s,2210
BW66NEyW,60,0-1,Black,<=5s vs 10-15s,2021
FR958Y6Q,80,0-1,Black,<=5s vs <=5s,1568
0UxNSnR2,86,0-1,Black,<=5s vs 5-10s,1809
td6bhrJR,54,0-1,Black,<=5s vs 10-15s,1265
ImthRhID,67,0-1,White,<=5s vs <=5s,993
SLHir93d,67,1-0,White,<=5s vs 5-10s,2059
GmCgYYG1,83,0-1,White,<=5s vs 5-10s,2303
ZZ5OEKZm,62,0-1,Black,<=5s vs 5-10s,1268
KIGQWna5,61,1-0,White,<=5s vs 5-10s,1287
EqV9TwP2,72,0-1,Black,<=5s vs 10-15s,2323
TDID152B,75,1-0,White,<=5s vs 5-10s,2204
AMQwb1Ne,93,1-0,White,<=5s vs <=5s,2119
NT6Fhnm6,51,0-1,White,<=5s vs 10-15s,931
Wyg0s3Vn,64,1-0,Black,<=5s vs <=5s,1209
1XNLXrfq,66,0-1,Black,<=5s vs 15-20s,2204
ojAc5qZn,125,1-0,White,<=5s vs <=5s,2062
YeZo9N6o,61,1-0,White,<=5s vs 10-15s,1828
ODyAALix,84,0-1,Black,<=5s vs 10-15s,2081
G0FJ2JLp,55,1-0,White,<=5s vs <=5s,1267
1eH9uVa0,115,1-0,White,<=5s vs 5-10s,2494
i0l0lnTr,82,0-1,Black,<=5s vs <=5s,1594
CR8f4L3N,136,0-1,Black,<=5s vs 15-20s,1887
6YpOrMvg,61,1-0,White,<=5s vs 5-10s,2274
SufqL45u,65,0-1,White,<=5s vs <=5s,1507
Dk2H8Mm9,92,0-1,Black,<=5s vs 10-15s,1815
Ma38LCXp,80,0-1,Black,<=5s vs 5-10s,2259
yaiWd0RX,58,0-1,Black,<=5s vs 5-10s,1464
oZ6fws62,51,1-0,White,<=5s vs 15-20s,1359
7nM0Qj0s,67,0-1,White,<=5s vs 10-15s,2530
DyI96Nn3,65,1-0,White,<=5s vs <=5s,1615
JZn3plou,85,1-0,White,<=5s vs <=5s,1922
oVajBwsU,64,0-1,Black,<=5s vs 10-15s,1341
0C85f1Zl,87,1-0,White,<=5s vs <=5s,2766
cpdtVgWn,88,0-1,Black,<=5s vs 5-10s,2162
caGKHY26,78,1-0,Black,<=5s vs <=5s,2315
fkLyTRCM,52,0-1,Black,<=5s vs <=5s,1335
DHW404q3,143,1/2-1/2,White,<=5s vs 5-10s,2385
MvGFbLNO,42,0-1,Black,<=5s vs 5-10s,1552
7ocHSe4Q,58,0-1,Black,<=5s vs 5-10s,1024
sDiZm2vw,79,1-0,White,<=5s vs 15-20s,1274
m10PO93B,69,1-0,White,<=5s vs 5-10s,1575
zymwFEB8,85,0-1,White,<=5s vs <=5s,883
03mPpPYi,61,1-0,White,<=5s vs <=5s,1898
qayRqZwZ,73,1-0,White,<=5s vs 5-10s,1785
C9AxFh1O,100,0-1,Black,<=5s vs 5-10s,1662
BSUkxGe4,52,0-1,Black,<=5s vs 15-20s,1398
C5mVV2yK,47,1-0,White,<=5s vs 10-15s,1732
UrK6ptWI,75,1-0,White,<=5s vs 15-20s,1584
5vyqzRFx,62,0-1,Black,<=5s vs 15-20s,2051
u4qBtxEe,85,1-0,White,<=5s vs <=5s,2389
2RknlpGu,70,0-1,Black,<=5s vs <=5s,2150
jqVKQM35,63,1-0,White,<=5s vs 10-15s,1916
G3F7b5Wn,64,0-1,Black,<=5s vs 5-10s,1961
nbNSlVyB,78,0-1,Black,<=5s vs 5-10s,1612
DejMNbIT,150,0-1,Black,<=5s vs 5-10s,2075
5KkEYk2J,67,0-1,White,<=5s vs <=5s,1862
vWXvKvIO,110,0-1,Black,<=5s vs 5-10s,2566
0eyLlOSp,62,1-0,Black,<=5s vs 5-10s,1518
Ds8fRlth,54,0-1,Black,<=5s vs 10-15s,2051
KECdWxRR,52,0-1,Black,<=5s vs 5-10s,1415
EXZzP0yP,63,1-0,White,<=5s vs 10-15s,1362
myXSpBW8,40,0-1,Black,<=5s vs <=5s,1066
zVnJrxUE,78,0-1,Black,<=5s vs 10-15s,1934
IQmBljqf,74,0-1,Black,<=5s vs 5-10s,2683
cyVw367I,57,1-0,White,<=5s vs 5-10s,1261
ADJu8xcF,73,1-0,White,<=5s vs 5-10s,2293
TWZOsXrM,57,1-0,White,<=5s vs 15-20s,1607
GOAwFSBP,56,0-1,Black,<=5s vs 10-15s,1465
mieXUK8T,57,1-0,White,<=5s vs 5-10s,1499
7YNHZBBD,108,1-0,Black,<=5s vs 5-10s,2197
EPIm6RsZ,76,1-0,Black,<=5s vs <=5s,1793
DovEuX9T,123,1/2-1/2,White,<=5s vs 5-10s,2664
WbiJBLAl,41,1-0,White,<=5s vs 5-10s,1323
8atVWq0i,78,0-1,Black,<=5s vs <=5s,1667
8541pt5y,56,0-1,Black,<=5s vs 10-15s,819
AStr1Oja,58,0-1,Black,<=5s vs 5-10s,826
N11r1ZQj,151,1-0,White,<=5s vs 15-20s,2051
UygbcGkQ,81,1-0,White,<=5s vs 5-10s,1578
vBbA34Jp,61,1-0,White,<=5s vs 15-20s,1667
ockvGkNu,99,1-0,White,<=5s vs 5-10s,2940
KutHskFA,72,0-1,Black,<=5s vs 15-20s,1798
qgqem3iE,44,1-0,Black,<=5s vs <=5s,1170
kWFHJJBo,52,0-1,Black,<=5s vs 5-10s,904
I1ednR6m,52,0-1,Black,<=5s vs 5-10s,1371
NdB7G3ge,54,0-1,Black,<=5s vs 10-15s,1841
8JefZqMg,48,0-1,Black,<=5s vs 5-10s,995
UlqDMcbQ,60,0-1,Black,<=5s vs 5-10s,1629
WtTFFaKr,60,0-1,Black,<=5s vs 5-10s,1641
L5cvZWhy,121,1-0,White,<=5s vs 15-20s,2172
IZgjVKd9,91,1-0,White,<=5s vs <=5s,2283
a3omfbbb,75,0-1,White,<=5s vs <=5s,1730
KxkFSf7P,83,1-0,White,<=5s vs 5-10s,2158
WmyMxUr7,88,0-1,Black,<=5s vs 5-10s,1728
iALNzG6X,76,0-1,Black,<=5s vs <=5s,1290
RgdREWsl,131,1/2-1/2,White,<=5s vs 5-10s,2170
201pJpRy,67,1-0,White,<=5s vs 5-10s,1341
UtS9jQqP,108,0-1,Black,<=5s vs <=5s,2051
I4UZAKsz,35,1-0,White,<=5s vs 15-20s,825
WHkiTTa0,56,0-1,Black,<=5s vs 5-10s,1559
ydZIj1oX,61,1-0,White,<=5s vs 15-20s,1794
nMkOsqfb,57,1-0,White,<=5s vs 10-15s,1764
K0bBi5kw,61,1-0,White,<=5s vs 5-10s,1835
9MjulNiZ,85,1-0,White,<=5s vs 5-10s,1824
qp72r9pd,66,0-1,Black,<=5s vs 10-15s,1419
S09MiLmZ,109,1/2-1/2,White,<=5s vs 5-10s,2144
C78dRlOh,73,1/2-1/2,White,<=5s vs 5-10s,1635
UKjksLPK,85,0-1,White,<=5s vs 5-10s,1948
uRqkUsGN,62,0-1,Black,<=5s vs 10-15s,2225
Y3yqSLIE,38,0-1,Black,<=5s vs 10-15s,819
qdgsyIgE,68,0-1,Black,<=5s vs 5-10s,1488
Fqu8HSIv,54,1-0,Black,<=5s vs <=5s,1888
oE8trnam,75,1/2-1/2,White,<=5s vs 15-20s,1426
M6ySgpK1,63,1-0,White,<=5s vs 5-10s,1572
zwOrCoEV,36,1-0,Black,<=5s vs 5-10s,792
PISu9fKf,69,1-0,White,<=5s vs 5-10s,1507
5dVjIqEE,109,1-0,White,<=5s vs 5-10s,1936
xcN5VBHF,80,0-1,Black,<=5s vs 5-10s,2553
9X9NUnGR,89,1-0,White,<=5s vs 15-20s,2080
XmXuFRM6,75,0-1,White,<=5s vs 5-10s,1992
jUk0FmDu,98,0-1,Black,<=5s vs 5-10s,2632
iT33YzWc,106,0-1,Black,<=5s vs 5-10s,2427
mrPKSrc1,65,1-0,White,<=5s vs 5-10s,1265
M0ZSzqw0,82,0-1,Black,<=5s vs <=5s,1603
Bc9n8CMa,66,0-1,Black,<=5s vs 5-10s,1697
cqBoQWpy,95,1-0,White,<=5s vs 15-20s,2496
pTdrOQ56,86,1/2-1/2,Black,<=5s vs 10-15s,2114
2tha0PrB,73,1-0,White,<=5s vs 5-10s,1812
Q7pF1b2d,84,0-1,Black,<=5s vs 5-10s,2283
l1gtSvY5,49,1-0,White,<=5s vs 5-10s,1418
tS33vPbe,45,1-0,White,<=5s vs 10-15s,1079
NDWQPL1z,96,0-1,Black,<=5s vs <=5s,2363
noqOvnPM,70,0-1,Black,<=5s vs 5-10s,2011
0ItOcQGm,72,1-0,Black,<=5s vs <=5s,1360
FIDsMo0z,67,1-0,White,<=5s vs 10-15s,1726
HvbghpIC,71,0-1,White,<=5s vs 10-15s,2087
PboAXDGE,69,1-0,White,<=5s vs 15-20s,1925
l8hmVkGO,125,1-0,White,<=5s vs 5-10s,1989
RH3MmM9C,77,1-0,White,<=5s vs 5-10s,2145
i3tdkqhO,48,0-1,Black,<=5s vs 5-10s,1107
BqYC52Rz,67,1-0,White,<=5s vs 10-15s,1577
4Niu1QVn,108,0-1,Black,<=5s vs 10-15s,2478
K5iEQujL,96,0-1,Black,<=5s vs 15-20s,2500
QY1qQH5U,99,0-1,White,<=5s vs 5-10s,2450
zoCLG4RS,48,0-1,Black,<=5s vs 5-10s,1210
PagBFsJV,58,0-1,Black,<=5s vs 15-20s,2273
yqitc0Ah,91,1-0,White,<=5s vs 10-15s,2200
uyUyXaDW,56,0-1,Black,<=5s vs 10-15s,852
EuctK5Kv,113,0-1,White,<=5s vs <=5s,1668
sw8fJSeZ,52,0-1,Black,<=5s vs 15-20s,1723
ZQOiETe3,107,1-0,White,<=5s vs 10-15s,1919
7ucoYqPR,70,0-1,Black,<=5s vs 15-20s,1911
7RMmKo3K,65,1-0,White,<=5s vs 5-10s,1451
bNMA4q3G,108,0-1,Black,<=5s vs <=5s,2515
RpkhMBv0,87,1-0,White,<=5s vs 10-15s,2267
M2f2bDez,106,1-0,Black,<=5s vs 10-15s,1899
et9SAI6T,99,0-1,White,<=5s vs 15-20s,1398
tWdJRo8O,62,0-1,Black,<=5s vs 10-15s,1271
VqYb5fDa,95,1-0,White,<=5s vs 10-15s,2539
3PbSq5GA,48,0-1,Black,<=5s vs 5-10s,1001
X4kVsOC8,79,0-1,White,<=5s vs <=5s,1545
KQWS8oCn,64,0-1,Black,<=5s vs 15-20s,1736
ah29lenB,98,1/2-1/2,Black,<=5s vs <=5s,2639
3Uwb0yh0,57,1-0,White,<=5s vs 10-15s,1750
5ZNNO1Cz,76,0-1,Black,<=5s vs 15-20s,2399
PRl01xMp,59,1-0,White,<=5s vs 10-15s,1274
PVSyVpit,65,1-0,White,<=5s vs 5-10s,1905
XL3k9a5O,75,1-0,White,<=5s vs <=5s,1287
iqcec1ay,103,1-0,White,<=5s vs 15-20s,1507
vH428Wn5,85,0-1,White,<=5s vs <=5s,1993
dWv4YxEz,86,0-1,Black,<=5s vs 10-15s,2230
ToHTCqUk,64,0-1,Black,<=5s vs 15-20s,1706
AsDeQAZD,59,1-0,White,<=5s vs 5-10s,1871
L3zwaFX1,106,0-1,Black,<=5s vs 10-15s,1899
RgGYNFxc,112,0-1,Black,<=5s vs 10-15s,2564
3gCJhTD7,58,0-1,Black,<=5s vs 10-15s,1340
Ho3cXzDf,59,1-0,White,<=5s vs 15-20s,1167
tEYWiPut,83,1-0,White,<=5s vs 10-15s,2981
j6rjVkiK,69,0-1,White,<=5s vs 5-10s,1266
exxJLrde,75,1-0,White,<=5s vs 15-20s,2068
u5X6opWA,81,1-0,White,<=5s vs 5-10s,1754
yJ12BFP5,50,1-0,Black,<=5s vs 5-10s,1418
62fg2ulW,88,0-1,Black,<=5s vs 10-15s,2606
6gu7olw1,100,0-1,Black,<=5s vs 10-15s,1954
ROl5J5MN,43,1-0,White,<=5s vs 5-10s,965
Iu2yzdUs,32,0-1,Black,<=5s vs 15-20s,974
PXK2jfwR,67,1-0,White,<=5s vs 5-10s,1599
VU5IesOa,70,0-1,Black,<=5s vs 10-15s,2455
dCHP8BQs,82,0-1,Black,<=5s vs 15-20s,1785
ZLk4mL2p,65,0-1,White,<=5s vs <=5s,1514
6nEUoxns,75,1/2-1/2,White,<=5s vs 15-20s,2394
q3bQ9kg9,149,1/2-1/2,White,<=5s vs 5-10s,2731
Yh1TjkmH,46,0-1,Black,<=5s vs 5-10s,1643
6j4QjHk6,97,1-0,White,<=5s vs 10-15s,2517
aDD00ZRl,57,1-0,White,<=5s vs 10-15s,1530
oDSytCZN,44,1-0,Black,<=5s vs <=5s,744
Y1n6R3xB,60,0-1,Black,<=5s vs 10-15s,2156
JSiaijMp,54,0-1,Black,<=5s vs 5-10s,1225
5j6oNfnT,45,1-0,White,<=5s vs 15-20s,1378
02bZRsGX,140,0-1,Black,<=5s vs 15-20s,2908
MNdpIlGD,122,1/2-1/2,Black,<=5s vs <=5s,2398
eMP6th01,107,0-1,White,<=5s vs <=5s,2298
Cx0UwkTB,61,1-0,White,<=5s vs 15-20s,1895
dn1tI4le,64,0-1,Black,<=5s vs 15-20s,2503
xJY1V6kb,99,1-0,White,<=5s vs 15-20s,2441
3XOGZ9Yl,71,1-0,White,<=5s vs 5-10s,1747
tmtHvkLP,56,0-1,Black,<=5s vs 15-20s,1850
3OlFYhNf,58,0-1,Black,<=5s vs 10-15s,1649
EIrToOuR,75,1-0,White,<=5s vs 10-15s,1857
Iz6f3pGC,79,1-0,White,<=5s vs <=5s,1578
3N0EQuz7,110,1-0,Black,<=5s vs <=5s,2092
uw9r3s4s,63,1-0,White,<=5s vs <=5s,1805
GjfYND3C,41,1-0,White,<=5s vs 10-15s,1354
4jKfjUnq,59,1-0,White,<=5s vs 10-15s,1747
ZpOuav86,113,1/2-1/2,White,<=5s vs 10-15s,2304
BxWd46Mk,64,1-0,Black,<=5s vs <=5s,1513
ZzPEynPQ,69,1-0,White,<=5s vs 5-10s,1364
BZRuOB5j,78,0-1,Black,<=5s vs 5-10s,1997
LI5Va23A,86,0-1,Black,<=5s vs 5-10s,1995
fhHbz7lG,52,0-1,Black,<=5s vs 15-20s,1253
h2fTAdvv,38,0-1,Black,<=5s vs 15-20s,1153
rJ5EmhbY,96,0-1,Black,<=5s vs 10-15s,2396
qERIRuCD,62,0-1,Black,<=5s vs 5-10s,1368
5H0gMihd,78,0-1,Black,<=5s vs 5-10s,2005
yyhNViJb,86,1-0,Black,<=5s vs <=5s,2215
Sa7EWeJt,58,0-1,Black,<=5s vs <=5s,1247
vP2odD1O,67,0-1,White,<=5s vs 15-20s,1657
vujvxNOX,81,1/2-1/2,White,<=5s vs 10-15s,1638
WR39cpLD,72,0-1,Black,<=5s vs 15-20s,2416
ioAMYPvL,67,1-0,White,<=5s vs 10-15s,1704
Lc0NotiG,99,1-0,White,<=5s vs 5-10s,2350
MjVXXdg8,145,1-0,White,<=5s vs 15-20s,2566
IlQPaScu,82,0-1,Black,<=5s vs 10-15s,2394
MH9DuM6i,94,0-1,Black,<=5s vs 10-15s,2254
Q8e9IN8s,60,1-0,Black,<=5s vs <=5s,1313
Uwn5rGga,57,1-0,White,<=5s vs 5-10s,1186
my9iR0ST,55,1-0,White,<=5s vs 15-20s,1997
4nKk5PbZ,58,1-0,Black,<=5s vs 10-15s,1086
FeE8Ydq0,73,1-0,White,<=5s vs 5-10s,2012
8I65z3g6,56,0-1,Black,<=5s vs 10-15s,2010
Fh3kTrKX,58,0-1,Black,<=5s vs 5-10s,1674
5iFkaXrI,73,1-0,White,<=5s vs 5-10s,2496
Qg128LPG,87,1/2-1/2,White,<=5s vs 5-10s,1688
0bjCVWji,47,1-0,White,<=5s vs 5-10s,1959
JahQ4VsA,42,0-1,Black,<=5s vs 10-15s,1066
1Uzv2CoN,108,0-1,Black,<=5s vs 5-10s,2536
ZLsmTxMY,66,1-0,Black,<=5s vs 15-20s,2073
GgWN7Nti,64,1-0,Black,<=5s vs 10-15s,1964
7ChcR2Ub,110,1/2-1/2,Black,<=5s vs 5-10s,2444
hfXEho3k,83,1-0,White,<=5s vs <=5s,1765
4YjE6SZT,56,1-0,Black,<=5s vs 15-20s,1937
iyQORk0P,75,1-0,White,<=5s vs 15-20s,1960
Mwx9ryWo,69,1-0,White,<=5s vs 15-20s,1940
X8S1NpSL,59,1-0,White,<=5s vs 15-20s,1605
7ICa6yAq,77,1-0,White,<=5s vs 5-10s,1823
UlZBtI7t,53,1-0,White,<=5s vs 5-10s,1344
ldxxSz7G,74,0-1,Black,<=5s vs <=5s,2003
eBzoputc,62,1-0,Black,<=5s vs 10-15s,2744
ZyW5uBZ8,59,1-0,White,<=5s vs 15-20s,1703
rPd2lwqz,128,0-1,Black,<=5s vs <=5s,2336
8H58r1YT,68,1-0,Black,<=5s vs 10-15s,1620
Y2Ln2gxj,40,0-1,Black,<=5s vs 5-10s,1140
Om454A7j,127,1/2-1/2,White,<=5s vs 5-10s,2223
53Nl6KuX,92,0-1,Black,<=5s vs 10-15s,1152
IIu8qk9J,85,1-0,White,<=5s vs 10-15s,2329
ghmBnojH,58,0-1,Black,<=5s vs 10-15s,1006
vgrEeSLa,55,1-0,White,<=5s vs 5-10s,1301
WD6Ni2uQ,127,0-1,White,<=5s vs 10-15s,2389
c7s8anPd,91,1-0,White,<=5s vs 15-20s,2716
HF4upkeB,65,1-0,White,<=5s vs 15-20s,1849
4rYyf8eZ,82,0-1,Black,<=5s vs 15-20s,1501
ZXcgQsu3,80,1/2-1/2,Black,<=5s vs 5-10s,1341
PG2LipmJ,49,1-0,White,<=5s vs 5-10s,989
2fMlM6hK,130,0-1,Black,<=5s vs <=5s,2626
updd4ELQ,80,0-1,Black,<=5s vs 15-20s,2041
q1TS3Nix,127,1-0,White,<=5s vs 15-20s,2295
4xVgn5f7,62,0-1,Black,<=5s vs 15-20s,1353
9x4Ss92o,74,0-1,Black,<=5s vs <=5s,1175
Ti1lZzfp,84,0-1,Black,<=5s vs 5-10s,1852
6P745aTB,58,0-1,Black,<=5s vs 5-10s,1490
GehYarUj,66,0-1,Black,<=5s vs 10-15s,2164
dlUuN4lO,128,1/2-1/2,Black,<=5s vs 10-15s,1785
xGSflsNn,68,0-1,Black,<=5s vs 15-20s,1204
zSrljWCe,73,1-0,White,<=5s vs 5-10s,1433
uxRbaDIw,71,1-0,White,<=5s vs 5-10s,1985
KU1ikcKc,75,1-0,White,<=5s vs <=5s,1600
Kt5LK6wU,80,0-1,Black,<=5s vs 15-20s,2243
S71JPGot,55,1-0,White,<=5s vs 5-10s,2266
c6tBv4rP,117,0-1,White,<=5s vs 5-10s,1428
iI6HsXUN,69,1-0,White,<=5s vs 15-20s,1342
8Sloyr6I,35,1-0,White,<=5s vs 10-15s,857
2q95LySQ,46,1-0,Black,<=5s vs 5-10s,1237
0c6TfsUS,106,0-1,Black,<=5s vs 5-10s,2280
7o3FrCTE,65,1-0,White,<=5s vs 15-20s,2267
r25Z8WT0,68,0-1,Black,<=5s vs 10-15s,1259
g1XTLNeL,48,0-1,Black,<=5s vs 15-20s,1303
ojg68qSC,63,1-0,White,<=5s vs 15-20s,2049
VXzn28hk,55,1-0,White,<=5s vs 10-15s,1255
ucCBDD3O,64,0-1,Black,<=5s vs 15-20s,2206
LAgutzAH,52,0-1,Black,<=5s vs 15-20s,2005
HNZnA8Gw,47,1-0,White,<=5s vs 5-10s,1636
6W9XSaHs,64,1-0,Black,<=5s vs <=5s,2161
RyMIGyMa,139,1/2-1/2,White,<=5s vs 5-10s,2460
EkzLFN7W,48,1/2-1/2,Black,<=5s vs 5-10s,1435
3ClCzrUB,74,0-1,Black,<=5s vs 5-10s,1716
G4ysN5P4,55,1-0,White,<=5s vs <=5s,1141
5aDy45uE,106,0-1,Black,<=5s vs 5-10s,1547
g7JXNWl3,77,1-0,White,<=5s vs 10-15s,2279
450nloN1,62,0-1,Black,<=5s vs 10-15s,1458
FYT6uJHH,54,0-1,Black,<=5s vs 10-15s,1238
kfSHveGD,70,1/2-1/2,Black,<=5s vs 5-10s,1003
KcvkP9d1,104,1/2-1/2,Black,<=5s vs 10-15s,1903
h2VqLYa7,90,0-1,Black,<=5s vs 5-10s,2017
cx8uyRol,72,0-1,Black,<=5s vs 15-20s,2108
I67EQrA3,22,0-1,Black,<=5s vs 5-10s,923
L2n1dse2,84,0-1,Black,<=5s vs 5-10s,2054
FXd6j65z,66,0-1,Black,<=5s vs 15-20s,1675
8iDzk1en,68,0-1,Black,<=5s vs 10-15s,3018
QsPc29DR,52,0-1,Black,<=5s vs 15-20s,1242
QlqdkBPD,155,1/2-1/2,White,<=5s vs 5-10s,2443
7QBKt5Hv,112,1/2-1/2,Black,<=5s vs 5-10s,2211
PWB7MlnX,71,1-0,White,<=5s vs 5-10s,1601
qtRwY9eT,66,0-1,Black,<=5s vs 10-15s,1396
ggqR9Nih,74,0-1,Black,<=5s vs 5-10s,1956
W2PgK2XC,142,0-1,Black,<=5s vs 5-10s,2172
55thZVPb,62,1-0,Black,<=5s vs <=5s,1479
xApBJCDu,78,0-1,Black,<=5s vs 5-10s,2472
IQs3fsFZ,106,1-0,Black,<=5s vs <=5s,2715
L4X9r1k7,75,1-0,White,<=5s vs 5-10s,2015
Rtk65FLx,73,1-0,White,<=5s vs 5-10s,2624
OviKbL6u,132,1-0,Black,<=5s vs <=5s,2006
cu0fyiFF,71,1-0,White,<=5s vs <=5s,1660
CGjF25iA,54,0-1,Black,<=5s vs 5-10s,1380
ot2drGPC,51,1-0,White,<=5s vs 10-15s,1625
Wl0HcPLM,60,0-1,Black,<=5s vs 10-15s,1193
kAkM6x4d,72,0-1,Black,<=5s vs 15-20s,2109
Y4VQGhLG,78,1-0,Black,<=5s vs <=5s,1668
98DNl4Rp,67,1-0,White,<=5s vs 10-15s,1686
jcRL5lp8,80,1-0,Black,<=5s vs <=5s,2656
h7woDx8r,78,0-1,Black,<=5s vs 10-15s,1645
pf0vEpu0,111,0-1,White,<=5s vs 5-10s,2383
5vofEnFW,46,0-1,Black,<=5s vs 15-20s,1019
q7PEXn2w,92,1-0,Black,<=5s vs <=5s,1764
sWEhY2pp,40,0-1,Black,<=5s vs <=5s,1477
gmaXn4G2,110,1-0,Black,<=5s vs <=5s,2594
lEn3MbZE,67,1-0,White,<=5s vs 10-15s,1839
55EYjAjZ,70,1-0,Black,<=5s vs <=5s,1845
D1jGeuwd,35,1-0,White,<=5s vs 15-20s,1026
BKKBoOwZ,58,0-1,Black,<=5s vs 10-15s,1916
TJE0BkLB,50,0-1,Black,<=5s vs 10-15s,1556
wRbRuKJL,66,0-1,Black,<=5s vs 5-10s,1500
Sjz6jsb7,124,0-1,Black,<=5s vs 15-20s,1991
86Iazrq3,57,1-0,White,<=5s vs 15-20s,1467
IcaCO3KR,119,1/2-1/2,White,<=5s vs 15-20s,2044
3nI64FOb,86,0-1,Black,<=5s vs 5-10s,2115
Wn8DGYCB,64,0-1,Black,<=5s vs 10-15s,1395
6NmgJ1bA,68,0-1,Black,<=5s vs 10-15s,1987
GSAi6qD0,64,0-1,Black,<=5s vs 5-10s,1143
CCCqsbwg,88,0-1,Black,<=5s vs 5-10s,2178
tr1m2Pgw,72,0-1,Black,<=5s vs 10-15s,1461
sAaeLQgt,76,0-1,Black,<=5s vs 10-15s,1820
WIb1IXaE,60,1-0,Black,<=5s vs <=5s,1547
Vpi1noeR,80,0-1,Black,<=5s vs 5-10s,2040
TmuskitR,50,0-1,Black,<=5s vs 15-20s,1951
GTEAEXpH,90,1/2-1/2,Black,<=5s vs 10-15s,2493
CDjkZO4o,71,1-0,White,<=5s vs 15-20s,1894
OCFiZLoE,55,1-0,White,<=5s vs 5-10s,1209
zDEa0VJ3,65,1-0,White,<=5s vs <=5s,1997
GQTYi63E,72,0-1,Black,<=5s vs 10-15s,2157
SraRlXDs,64,0-1,Black,<=5s vs 10-15s,2347
PW1Zjv1E,59,1-0,White,<=5s vs 10-15s,959
2sm6Y25c,67,1-0,White,<=5s vs 15-20s,2039
eKeaWqDD,57,0-1,White,<=5s vs 5-10s,1137
JpVU2Q8h,66,0-1,Black,<=5s vs 15-20s,1492
1Rvdw56M,99,1-0,White,<=5s vs 5-10s,1939
0FlI0PN1,93,1-0,White,<=5s vs 10-15s,2291
sJKh8lA7,50,0-1,Black,<=5s vs 15-20s,1620
puJM5n2X,57,1-0,White,<=5s vs 10-15s,1336
oQCEYWpX,56,1-0,Black,<=5s vs 5-10s,1562
TAcxPRfD,78,1-0,Black,<=5s vs <=5s,1206
igG4PrFf,76,1-0,Black,<=5s vs 5-10s,1975
mAhYvphi,72,1-0,Black,<=5s vs 10-15s,1667
6cyhWATj,77,1-0,White,<=5s vs 15-20s,1928
YKVGb3A0,76,0-1,Black,<=5s vs 10-15s,1972
JD84APSC,81,1-0,White,<=5s vs 5-10s,2148
WOOzZ7Eb,117,1-0,White,<=5s vs 5-10s,2671
lDCHjK0g,75,1-0,White,<=5s vs 10-15s,1961
eoyVJCKM,47,1-0,White,<=5s vs 15-20s,1219
efvGUfmc,45,1-0,White,<=5s vs <=5s,1005
0zpbEKFH,49,1-0,White,<=5s vs 15-20s,1466
5CKlhZMX,46,0-1,Black,<=5s vs 5-10s,1962
HFYY2OvM,119,1/2-1/2,White,<=5s vs 15-20s,2340
8HUGzDzt,73,1-0,White,<=5s vs 10-15s,1922
mUPAliYa,78,0-1,Black,<=5s vs 5-10s,1728
8q2C5eTt,54,0-1,Black,<=5s vs 5-10s,1700
HcM6zVwK,80,1-0,Black,<=5s vs 5-10s,1655
ld61Xlon,69,1-0,White,<=5s vs 10-15s,2516
G2nQx4PB,57,1-0,White,<=5s vs 10-15s,1879
NyzIOkwB,62,0-1,Black,<=5s vs 5-10s,2012
IB63sHL9,133,1-0,White,<=5s vs 5-10s,2270
9RgWf7A6,61,0-1,White,<=5s vs <=5s,1095
n07y9Lmv,87,1-0,White,<=5s vs 5-10s,2390
QAPLsoRV,83,1-0,White,<=5s vs 5-10s,1749
usY8J5nQ,84,0-1,Black,<=5s vs 15-20s,1942
kP4PoJn8,70,1-0,Black,<=5s vs <=5s,1195
B4rvbvy7,40,0-1,Black,<=5s vs 10-15s,1246
vsbuWzHi,62,0-1,Black,<=5s vs 10-15s,1295
3XqVDdzl,65,1-0,White,<=5s vs 15-20s,1142
QgyUF4FS,106,0-1,Black,<=5s vs 15-20s,2080
YVBVXT2B,72,0-1,Black,<=5s vs 15-20s,2419
57MAOcor,79,0-1,White,<=5s vs 10-15s,1895
maphciqJ,88,0-1,Black,<=5s vs 10-15s,1975
rZLM88iw,125,1-0,White,<=5s vs 10-15s,2732
BLcmiPFk,124,1-0,Black,<=5s vs <=5s,2487
0IBK0J2b,81,1-0,White,<=5s vs 15-20s,2026
koEaPimc,103,0-1,White,<=5s vs <=5s,2590
Yph3zCh7,61,0-1,White,<=5s vs <=5s,1727
krOmyQqT,60,0-1,Black,<=5s vs 10-15s,2292
rtcfKebw,77,1-0,White,<=5s vs 10-15s,1748
lEoCl4T5,59,0-1,White,<=5s vs 10-15s,1922
yBRY8atF,69,1-0,White,<=5s vs 10-15s,1822
wibexdpQ,54,0-1,Black,<=5s vs 5-10s,1268
k3dBzTx8,81,1-0,White,<=5s vs 15-20s,1997
HyEEwNsc,91,0-1,White,<=5s vs <=5s,2338
1ETfnf38,54,0-1,Black,<=5s vs 10-15s,1994
T4ofS0Df,51,1-0,White,<=5s vs 15-20s,1672
ChEMM6Fb,58,0-1,Black,<=5s vs 15-20s,984
5eLrC3lL,64,0-1,Black,<=5s vs 10-15s,1869
cRyW3C0s,48,0-1,Black,<=5s vs 5-10s,1451
dnxkgLW5,55,1-0,White,<=5s vs 15-20s,1072
S8jzborp,116,0-1,Black,<=5s vs 15-20s,1551
0OKkUKPF,77,0-1,White,<=5s vs <=5s,2048
7Py7ycJH,63,1-0,White,<=5s vs 5-10s,1324
bHJVMpBz,75,0-1,White,<=5s vs <=5s,1688
nVutjcFG,56,0-1,Black,<=5s vs 5-10s,1188
Iifs8647,72,0-1,Black,<=5s vs 10-15s,2211
oGam8zhi,48,0-1,Black,<=5s vs 10-15s,1191
ooYCSX70,86,0-1,Black,<=5s vs 10-15s,2348
K2d2LDHE,56,0-1,Black,<=5s vs 10-15s,2185
ZkaP7DZ7,41,1-0,White,<=5s vs 15-20s,1227
d9W7jnMX,78,1-0,Black,<=5s vs 5-10s,2539
Crz0hwEx,118,0-1,Black,<=5s vs 5-10s,2981
cwXVLn26,110,0-1,Black,<=5s vs 5-10s,2469
b8vDlexm,102,0-1,Black,<=5s vs 15-20s,1941
bQKGaXSc,63,1-0,White,<=5s vs 5-10s,2367
GIlAjMBR,97,1/2-1/2,White,<=5s vs 15-20s,1899
L8o0jI17,69,1-0,White,<=5s vs 15-20s,1731
1vWnfF3i,117,1-0,White,<=5s vs 10-15s,2542
FVQRg0bq,66,0-1,Black,<=5s vs 15-20s,1450
A9FZKKw0,48,0-1,Black,<=5s vs 5-10s,1062
kJgr1IwN,80,0-1,Black,<=5s vs 5-10s,1899
V0W4SiFM,73,1-0,White,<=5s vs 10-15s,1311
ZmkW1Z4p,109,1/2-1/2,White,<=5s vs 15-20s,1892
oXhnGIRq,101,0-1,White,<=5s vs 5-10s,2372
dkHxEZ0e,90,0-1,Black,<=5s vs 5-10s,1497
J0tChzEs,63,1-0,White,<=5s vs 15-20s,2153
7PGBQB13,142,1/2-1/2,Black,<=5s vs <=5s,2140
EoXXnDJ3,61,1-0,White,<=5s vs 10-15s,2136
LRV9Uk8U,94,0-1,Black,<=5s vs 5-10s,1949
ik5Zp0DK,77,1-0,White,<=5s vs <=5s,1323
7YmCdJRr,80,1-0,Black,<=5s vs <=5s,1908
obZyCokd,59,1-0,White,<=5s vs 10-15s,1389
wEXeGWXe,110,0-1,Black,<=5s vs <=5s,2266
nMUlGzqz,80,0-1,Black,<=5s vs 10-15s,2288
BO7bX8PV,80,1-0,Black,<=5s vs 10-15s,2625
CSG4uZsZ,60,0-1,Black,<=5s vs 15-20s,2573
ooupAWtb,66,0-1,Black,<=5s vs 10-15s,2415
hZcaiyzG,59,1-0,White,<=5s vs <=5s,978
PDlQh8kv,62,0-1,Black,<=5s vs 5-10s,1058
wi2lIHYH,75,1-0,White,<=5s vs 10-15s,2408
4GttNo8D,40,0-1,Black,<=5s vs 5-10s,599
viZnyF5F,63,1-0,White,<=5s vs <=5s,1553
ebLknUhQ,63,1-0,White,<=5s vs 15-20s,1911
IzW8PQJO,89,0-1,White,<=5s vs 15-20s,2359
RjbvNefO,91,1-0,White,<=5s vs 15-20s,1391
XGuGMA4S,82,1/2-1/2,Black,<=5s vs 5-10s,2505
vsHJFUSb,73,1-0,White,<=5s vs 5-10s,1050
yBkHmCJb,86,0-1,Black,<=5s vs 10-15s,1787
SEnQabsm,88,0-1,Black,<=5s vs <=5s,2047
nMHmBrY7,62,0-1,Black,<=5s vs 15-20s,1242
kWwcTqne,38,0-1,Black,<=5s vs 15-20s,1168
iyzIgSJ8,74,0-1,Black,<=5s vs <=5s,1488
3x2GWhlT,70,0-1,Black,<=5s vs 15-20s,1740
nxeGsrag,83,0-1,White,<=5s vs <=5s,1598
zS514149,57,1-0,White,<=5s vs 15-20s,1153
asSCqt0N,65,1-0,White,<=5s vs 15-20s,2182
Mvu9BEq1,39,0-1,White,<=5s vs 15-20s,1292
CoiXrfON,76,1/2-1/2,Black,<=5s vs 5-10s,1766
PG2cdCgB,102,1-0,Black,<=5s vs 5-10s,2621
o1fLHpSM,45,1-0,White,<=5s vs 15-20s,1194
nG52Jpaa,52,0-1,Black,<=5s vs 10-15s,1695
p1IqSHhp,77,1-0,White,<=5s vs 5-10s,1988
hPiQ6ytw,60,0-1,Black,<=5s vs 10-15s,1887
JVfSHoCD,72,1-0,Black,<=5s vs <=5s,1980
qzLtZ70J,65,0-1,White,<=5s vs <=5s,1243
mLQGbg7P,60,0-1,Black,<=5s vs 15-20s,2075
An1Y8PnM,97,1-0,White,<=5s vs 10-15s,2574
FSNZr4c8,65,1-0,White,<=5s vs 5-10s,1508
xwV9zNuc,63,1-0,White,<=5s vs 5-10s,1565
BSZx54wy,57,1-0,White,<=5s vs 10-15s,1965
4Irm9JyN,91,1-0,White,<=5s vs 10-15s,1910
qDMrdfU2,100,1-0,Black,<=5s vs 15-20s,2254
GAbaJF1b,65,1-0,White,<=5s vs 15-20s,2081
5krNfD7N,109,0-1,White,<=5s vs <=5s,1426
T06iJHFH,79,1-0,White,<=5s vs <=5s,1599
gGxcLob9,59,1-0,White,<=5s vs 10-15s,2344
aso3ooaZ,76,0-1,Black,<=5s vs 5-10s,2435
1Sc5amqv,51,0-1,White,<=5s vs 5-10s,2137
BD7XHajE,94,0-1,Black,<=5s vs 5-10s,2363
YlfiwzBX,72,0-1,Black,<=5s vs 15-20s,1713
3c12HESe,65,1-0,White,<=5s vs 5-10s,1125
TmigboW2,116,0-1,Black,<=5s vs 5-10s,2293
6sV9V4vo,52,0-1,Black,<=5s vs 5-10s,974
AiRyhVNs,112,1/2-1/2,Black,<=5s vs 10-15s,2437
hacmwpk3,109,1-0,White,<=5s vs 15-20s,2534
cJWrwSvg,46,0-1,Black,<=5s vs 5-10s,1216
4kOUdJ8h,63,1-0,White,<=5s vs <=5s,1246
yI2Vo2iS,72,0-1,Black,<=5s vs 15-20s,1946
k4DYsKFA,49,1-0,White,<=5s vs 15-20s,1804
JAAoMSIq,60,0-1,Black,<=5s vs 15-20s,1237
LkIp3uGj,49,1-0,White,<=5s vs 15-20s,1936
46R0I3RU,80,1-0,Black,<=5s vs <=5s,1667
Duyc8nyJ,72,1-0,Black,<=5s vs 10-15s,921
QNBVH5ZR,129,1/2-1/2,White,<=5s vs 15-20s,2196
gYXmDrd5,45,1-0,White,<=5s vs 10-15s,1387
rP9pREhN,86,0-1,Black,<=5s vs 10-15s,2505
W06WT6aG,63,1-0,White,<=5s vs 15-20s,2143
pmFnfKcU,66,1/2-1/2,Black,<=5s vs 10-15s,2146
Pj1EjA7m,77,1-0,White,<=5s vs 5-10s,1723
LX9OyQnr,74,0-1,Black,<=5s vs 10-15s,1794
8YensRHn,42,0-1,Black,<=5s vs 10-15s,1311
HMNCIpZe,44,0-1,Black,<=5s vs 5-10s,957
DRvMT3c6,129,1-0,White,<=5s vs 15-20s,2484
C7YK2Euo,131,1-0,White,<=5s vs 5-10s,2362
tszE7moh,96,0-1,Black,<=5s vs 15-20s,2032
mwwb5leL,88,0-1,Black,<=5s vs 15-20s,1939
DyQnCJTp,63,1-0,White,<=5s vs 5-10s,1701
3Du5sj4T,66,0-1,Black,<=5s vs 10-15s,1509
2eX4gr9O,69,1-0,White,<=5s vs 5-10s,1325
ruzJ6f8z,80,0-1,Black,<=5s vs 10-15s,2376
VAG5mlkL,66,0-1,Black,<=5s vs 5-10s,1232
1tsw4NsG,104,1-0,Black,<=5s vs 5-10s,2031
ymgXuEQP,116,1-0,Black,<=5s vs <=5s,1960
zVI4VfRZ,95,1-0,White,<=5s vs 10-15s,1962
XkN2qNhs,56,0-1,Black,<=5s vs 5-10s,1091
ZN1yLcFN,62,0-1,Black,<=5s vs 10-15s,1856
9EwcqAKZ,63,1-0,White,<=5s vs 10-15s,2074
JuwV8Ty7,83,1-0,White,<=5s vs 10-15s,1392
knPynykp,49,1-0,White,<=5s vs 10-15s,1558
34tkyApM,103,1-0,White,<=5s vs 10-15s,2802
UjQcbDD8,75,1-0,White,<=5s vs 10-15s,1634
aTMtVHmx,35,0-1,White,<=5s vs 15-20s,952
nnC0Z4AI,61,1-0,White,<=5s vs 10-15s,1873
1JMdx9Gx,96,1-0,Black,<=5s vs <=5s,2254
qtAF9nKi,94,1-0,Black,<=5s vs 5-10s,2518
IesZ8wHm,79,1-0,White,<=5s vs 15-20s,1928
RmRRsVEg,58,0-1,Black,<=5s vs <=5s,1690
UnnLbC7R,63,1-0,White,<=5s vs 10-15s,1579
ym2jetCl,73,1/2-1/2,White,<=5s vs 15-20s,2194
H74LXIJR,131,1-0,White,<=5s vs 10-15s,1853
wfqW47aE,64,0-1,Black,<=5s vs 10-15s,2186
hF28ideL,81,1-0,White,<=5s vs 10-15s,2388
h3HpjTxs,67,1-0,White,<=5s vs 5-10s,1652
UkJyiwb0,81,1-0,White,<=5s vs 15-20s,2206
N34N3lMq,57,1-0,White,<=5s vs 15-20s,1466
2QYg96PE,65,1-0,White,<=5s vs 15-20s,2073
HJcCbmT9,66,1/2-1/2,Black,<=5s vs 5-10s,2256
gCxGmxtQ,51,1-0,White,<=5s vs <=5s,1457
y3RV7DAZ,87,1-0,White,<=5s vs 15-20s,1947
22KlY7Tq,95,1-0,White,<=5s vs 5-10s,2917
FQQVny6K,64,0-1,Black,<=5s vs 5-10s,2054
v9NUqpVZ,71,1-0,White,<=5s vs 5-10s,2113
IPcdVfZW,107,1-0,White,<=5s vs 5-10s,2991
CFJrYm12,88,0-1,Black,<=5s vs 5-10s,1196
EY1f8i0N,84,0-1,Black,<=5s vs 5-10s,2718
2UVDlAsG,49,1-0,White,<=5s vs 5-10s,1193
GDAlP7tJ,56,0-1,Black,<=5s vs 5-10s,1144
GvzXn7Z2,63,1-0,White,<=5s vs 15-20s,1575
NJpcOcmF,73,1-0,White,<=5s vs <=5s,1549
wN8l1DzK,120,0-1,Black,<=5s vs 5-10s,2284
5yqGN9sg,59,1-0,White,<=5s vs 10-15s,2053
X015jDMe,81,1-0,White,<=5s vs 10-15s,1996
Gunv8FbC,81,1-0,White,<=5s vs 15-20s,1874
Euui5kN8,72,1-0,Black,<=5s vs 10-15s,1315
O0GJlUVg,68,0-1,Black,<=5s vs 10-15s,1454
AC5QiZWP,57,1-0,White,<=5s vs 10-15s,1226
siWL6OnO,40,0-1,Black,<=5s vs 5-10s,1257
KKq7Nnjk,123,1/2-1/2,White,<=5s vs 15-20s,2318
n0ZCgDiq,125,1-0,White,<=5s vs 15-20s,1776
NFt4W3xs,72,1-0,Black,<=5s vs <=5s,2286
rGRnjEwk,60,0-1,Black,<=5s vs <=5s,1235
ZnR0Hqhz,98,1-0,Black,<=5s vs <=5s,2333
azwvg3G9,73,1-0,White,<=5s vs 10-15s,1631
e2zacyNS,73,1-0,White,<=5s vs 5-10s,1565
y93CUcYC,42,0-1,Black,<=5s vs <=5s,868
YltnhJdF,117,1-0,White,<=5s vs <=5s,1980
HdsajqLf,114,0-1,Black,<=5s vs 15-20s,1975
qlpdy896,146,0-1,Black,<=5s vs <=5s,2251
HwZ3IG9D,79,0-1,White,<=5s vs 5-10s,1917
TpumaKJu,64,0-1,Black,<=5s vs <=5s,1772
M2MelB3V,122,0-1,Black,<=5s vs 15-20s,1592
U4O2Zt8e,49,1-0,White,<=5s vs 10-15s,1249
VjQBjRyb,57,1-0,White,<=5s vs 10-15s,1493
XJUuUfBJ,59,1-0,White,<=5s vs 15-20s,2320
DW1KKpkT,110,0-1,Black,<=5s vs 10-15s,2243
M12IHOmf,48,0-1,Black,<=5s vs 15-20s,1206
BACRKyhp,71,1-0,White,<=5s vs <=5s,2206
bbAoH7Y7,61,0-1,White,<=5s vs <=5s,1032
7V27oXKL,70,0-1,Black,<=5s vs 10-15s,1445
x2s0nc8b,67,0-1,White,<=5s vs 5-10s,2177
wj9srP7e,95,0-1,White,<=5s vs 5-10s,2455
DEVI76Lk,53,1-0,White,<=5s vs 15-20s,1589
9PcGoJCp,59,0-1,White,<=5s vs 5-10s,1864
VeUOjf2P,58,0-1,Black,<=5s vs 5-10s,1093
Ze19wqZk,75,1-0,White,<=5s vs 15-20s,2514
BTyvKd6E,61,1-0,White,<=5s vs 5-10s,2224
YKUy552V,94,0-1,Black,<=5s vs 5-10s,2337
y8EUHtKJ,54,1-0,Black,<=5s vs <=5s,810
HPhECrci,70,0-1,Black,<=5s vs 5-10s,2085
SG8qyttX,73,1-0,White,<=5s vs 10-15s,2215
sTlPm7eO,63,1-0,White,<=5s vs 10-15s,2318
XWtNjDn3,53,0-1,White,<=5s vs 5-10s,1922
P3p24Vyx,78,1-0,Black,<=5s vs <=5s,2442
VZZvodAd,115,1-0,White,<=5s vs 10-15s,2644
mSuGVYlZ,83,1-0,White,<=5s vs 15-20s,1918
ul5RSQP5,47,1-0,White,<=5s vs 10-15s,1090
vKSNuWab,60,0-1,Black,<=5s vs 5-10s,1556
wrhewEWM,76,1-0,Black,<=5s vs 5-10s,1919
nYk6yUHm,89,1-0,White,<=5s vs <=5s,1795
DXyGYMGY,86,0-1,Black,<=5s vs 10-15s,1984
iRq6vErz,42,1-0,Black,<=5s vs <=5s,1181
qK6g4cjX,75,1-0,White,<=5s vs 15-20s,2261
vHI4WE5Z,59,1-0,White,<=5s vs 10-15s,1960
V1nJ3dcw,74,0-1,Black,<=5s vs <=5s,1415
b1MwfFeF,45,1-0,White,<=5s vs 10-15s,939
RCQJflkO,63,1-0,White,<=5s vs 5-10s,1976
ZRnFPucB,123,1-0,White,<=5s vs 10-15s,1636
qEguJXR4,94,0-1,Black,<=5s vs <=5s,2424
9U55BisH,109,1-0,White,<=5s vs 15-20s,1752
ZJjM9c7P,65,0-1,White,<=5s vs <=5s,1378
3Om7fdoV,88,0-1,Black,<=5s vs 10-15s,2319
oO5h6WPH,98,0-1,Black,<=5s vs <=5s,2444
xS2p6hNB,43,0-1,White,<=5s vs 15-20s,1121
b9SUG7B3,83,1-0,White,<=5s vs 10-15s,1915
0pSYqqNK,59,1-0,White,<=5s vs 5-10s,1471
J5wslGjF,77,1-0,White,<=5s vs <=5s,1378
7gxIZUzf,91,1-0,White,<=5s vs 5-10s,1997
tTeXrYNw,73,1-0,White,<=5s vs 10-15s,1703
XBYBYU3s,61,1-0,White,<=5s vs 15-20s,1701
5bVIkZWb,88,1-0,Black,<=5s vs <=5s,2561
Dxi6qFM8,88,0-1,Black,<=5s vs 10-15s,2047
htlT53je,69,1-0,White,<=5s vs 15-20s,1946
v1CVsBzI,57,1-0,White,<=5s vs 15-20s,1353
9RAFrTLX,78,1-0,Black,<=5s vs 5-10s,2116
GShsIRCY,37,1-0,White,<=5s vs 5-10s,1085
Eotsfsbt,86,1-0,Black,<=5s vs <=5s,1575
8shF8Nof,89,1-0,White,<=5s vs 5-10s,2590
JOkc7i2Q,83,1-0,White,<=5s vs 15-20s,2227
5DU6mnpw,73,1-0,White,<=5s vs 5-10s,1786
OjAnlf6B,44,1-0,Black,<=5s vs 5-10s,1149
MFR2U7lN,55,1-0,White,<=5s vs 15-20s,802
nHHtlLT4,64,0-1,Black,<=5s vs 15-20s,1214
EOW6w9Z1,64,1-0,Black,<=5s vs <=5s,1770
yfb7qSl6,69,1-0,White,<=5s vs 15-20s,2100
ClhU5ZsY,103,1-0,White,<=5s vs 5-10s,2399
ZkFsJLHr,88,0-1,Black,<=5s vs 15-20s,2662
Swki2mUl,71,1-0,White,<=5s vs 10-15s,2202
oM87IeBQ,59,0-1,White,<=5s vs <=5s,1650
kinkjeDb,47,1-0,White,<=5s vs 15-20s,961
BDt0y29L,63,0-1,White,<=5s vs 5-10s,2100
741P7oIr,34,0-1,Black,<=5s vs 15-20s,794
K4ylFpgm,54,0-1,Black,<=5s vs 15-20s,1404
Pi4vKRLC,75,1-0,White,<=5s vs 15-20s,1467
m1Oh0fol,58,1/2-1/2,Black,<=5s vs 5-10s,1561
8x01FUkW,93,1-0,White,<=5s vs 5-10s,2366
9WCmUG2Y,85,0-1,White,<=5s vs 5-10s,2155
CZkAAKUy,155,1-0,White,<=5s vs 10-15s,1602
TskLNWWh,44,1-0,Black,<=5s vs <=5s,1904
BGq68Iug,82,0-1,Black,<=5s vs 10-15s,1956
C2H90bKw,51,1-0,White,<=5s vs 15-20s,1156
Q29hPhaT,108,1/2-1/2,Black,<=5s vs 15-20s,2552
pp065JnD,68,0-1,Black,<=5s vs 5-10s,1559
XzGzYqhX,119,1/2-1/2,White,<=5s vs 10-15s,2301
koj1zdTL,51,0-1,White,<=5s vs 5-10s,2287
IjmArdoF,77,1-0,White,<=5s vs 10-15s,2620
sTCt3jNo,70,0-1,Black,<=5s vs 5-10s,1604
q5OyNHfG,66,0-1,Black,<=5s vs <=5s,1357
rGH8op3i,62,1-0,Black,<=5s vs 5-10s,999
vdlTAp6J,64,0-1,Black,<=5s vs 15-20s,1646
XHzJ8YeH,48,0-1,Black,<=5s vs 15-20s,2198
weOGyiRk,63,1-0,White,<=5s vs 15-20s,1839
ULgCHzlQ,120,0-1,Black,<=5s vs 5-10s,2578
ddz0xt3c,130,0-1,Black,<=5s vs 5-10s,1558
bP4qzFgF,83,1-0,White,<=5s vs 15-20s,1954
8WTgCV9Z,126,1-0,Black,<=5s vs <=5s,2258
yAarbg3m,42,0-1,Black,<=5s vs 5-10s,1081
plfSiRff,79,1-0,White,<=5s vs 15-20s,1923
E59H1F0q,74,0-1,Black,<=5s vs 15-20s,1073
7hPYQWaH,49,0-1,White,<=5s vs 5-10s,877
Ag4QG7Wh,86,0-1,Black,<=5s vs 5-10s,2314
5qGsP4gZ,54,0-1,Black,<=5s vs <=5s,1159
PXJVuAu4,77,1-0,White,<=5s vs 5-10s,2328
E1EIkyhH,55,1-0,White,<=5s vs 15-20s,2151
7XcqBM6C,97,1-0,White,<=5s vs 15-20s,2343
ME3TnUNm,115,1-0,White,<=5s vs 5-10s,2375
ARoG6Rm2,52,0-1,Black,<=5s vs 10-15s,1021
0ZdMp2Ss,114,0-1,Black,<=5s vs 10-15s,1152
HxSZnaXj,77,1-0,White,<=5s vs <=5s,1272
6NVbUKB4,75,1-0,White,<=5s vs 10-15s,1736
OlMn0B0p,40,0-1,Black,<=5s vs <=5s,696
v86doBk8,62,0-1,Black,<=5s vs 10-15s,2506
3BLFbRnY,65,1-0,White,<=5s vs 10-15s,1595
vDk5vCeX,74,0-1,Black,<=5s vs 5-10s,1290
SNqf3X71,62,0-1,Black,<=5s vs 5-10s,1636
JDBZ4E89,40,0-1,Black,<=5s vs 10-15s,818
vjfHvG6S,82,1-0,Black,<=5s vs <=5s,2292
nsx7iuEQ,69,1-0,White,<=5s vs 15-20s,1586
X7taj5Pq,122,1/2-1/2,Black,<=5s vs 15-20s,2561
BZfWd4QX,71,1-0,White,<=5s vs 5-10s,1944
sdnTgLEG,46,0-1,Black,<=5s vs 15-20s,1593
iWa3uIL1,65,1-0,White,<=5s vs 10-15s,1491
EQoj8vlu,70,1-0,Black,<=5s vs 5-10s,2184
dJXop4Fx,69,1-0,White,<=5s vs 5-10s,1426
DwTfJYih,60,1-0,Black,<=5s vs 15-20s,1201
1sawigYF,51,1-0,White,<=5s vs 15-20s,1186
GpXUK58Y,59,1-0,White,<=5s vs 15-20s,2131
Xd8hAgdq,104,0-1,Black,<=5s vs <=5s,1952
RKUmf5Wz,128,0-1,Black,<=5s vs 10-15s,2269
1RmyqEsb,100,0-1,Black,<=5s vs 10-15s,2483
5dgGfLvo,101,1-0,White,<=5s vs 10-15s,2286
glNaomML,55,1-0,White,<=5s vs 15-20s,1413
LY4P3E3q,98,1/2-1/2,Black,<=5s vs <=5s,1826
HkbZstUP,52,0-1,Black,<=5s vs 5-10s,1866
PymLNEQP,51,1-0,White,<=5s vs 15-20s,2425
Mmi6BSQA,70,0-1,Black,<=5s vs 5-10s,2604
VenIwedB,91,1-0,White,<=5s vs <=5s,1843
idmtPAdO,68,0-1,Black,<=5s vs 10-15s,1718
qcQVTAw9,74,1-0,Black,<=5s vs <=5s,1676
2JO6q38U,98,1/2-1/2,Black,<=5s vs <=5s,2183
XuwlkMwC,67,1-0,White,<=5s vs <=5s,1750
Nm0aJpzR,123,1/2-1/2,White,<=5s vs 5-10s,2167
k29IwDcK,46,1-0,Black,<=5s vs <=5s,853
1iv4cikL,54,0-1,Black,<=5s vs <=5s,1178
WyfNMg5a,54,0-1,Black,<=5s vs 15-20s,1457
gi11UbZE,45,1-0,White,<=5s vs 15-20s,1124
U31UJn66,79,1-0,White,<=5s vs 5-10s,1832
1i3nrYii,70,0-1,Black,<=5s vs 15-20s,2078
ChY8aLZg,86,0-1,Black,<=5s vs <=5s,1898
orvynB3P,92,0-1,Black,<=5s vs <=5s,2488
s5JJbspS,71,1-0,White,<=5s vs 15-20s,1418
olhNcs3E,87,1/2-1/2,White,<=5s vs 15-20s,1756
ALlBguGV,145,1-0,White,<=5s vs <=5s,1259
YP8i2vTH,58,0-1,Black,<=5s vs <=5s,845
qyhNnwli,81,1-0,White,<=5s vs 10-15s,2447
svsxUVcc,69,0-1,White,<=5s vs 5-10s,1640
mW2QeHJC,119,0-1,White,<=5s vs 5-10s,2611
SliWhmEF,78,1-0,Black,<=5s vs <=5s,1461
cAa8r21R,73,0-1,White,<=5s vs 15-20s,1569
FUy0kiS5,114,0-1,Black,<=5s vs 15-20s,2545
UJKwGWLv,61,1-0,White,<=5s vs 10-15s,1814
ReY8Vipx,76,0-1,Black,<=5s vs 5-10s,1869
tM9rPKRM,89,1-0,White,<=5s vs 10-15s,2353
1L3fwLJe,82,0-1,Black,<=5s vs 5-10s,2127
991k1raS,95,1-0,White,<=5s vs 5-10s,2403
iPnxMUQR,80,0-1,Black,<=5s vs 5-10s,1604
Xh178e2Y,143,1-0,White,<=5s vs 5-10s,2554
WiFxyV8x,104,0-1,Black,<=5s vs <=5s,2107
LmFvPvhw,57,1-0,White,<=5s vs 5-10s,1249
Aw3qUbPN,48,0-1,Black,<=5s vs 15-20s,1000
38jdusbL,69,1-0,White,<=5s vs 10-15s,2088
AINk2qKL,117,1-0,White,<=5s vs 10-15s,2050
QNeHuOdi,78,0-1,Black,<=5s vs 15-20s,1578
Z9GCgF0c,53,1-0,White,<=5s vs 10-15s,1794
y9yzePsB,73,1-0,White,<=5s vs 15-20s,1491
29Wl3jCQ,55,1-0,White,<=5s vs 10-15s,1347
C4X8jV8q,59,1-0,White,<=5s vs 10-15s,1681
sujz3S5z,83,0-1,White,<=5s vs 5-10s,1845
nHUerA8A,72,1-0,Black,<=5s vs <=5s,925
sAN2cL3m,82,0-1,Black,<=5s vs 5-10s,2101
tGFTF5py,53,1-0,White,<=5s vs 5-10s,1161
lWPtaDa0,68,0-1,Black,<=5s vs 15-20s,1784
VVdtduDX,80,0-1,Black,<=5s vs <=5s,2360
EKfGX60U,84,1-0,Black,<=5s vs <=5s,1346
p4LJO9sc,58,1-0,Black,<=5s vs 5-10s,1003
yCRhSk7w,70,0-1,Black,<=5s vs 5-10s,1918
HO0pAdGb,72,1-0,Black,<=5s vs <=5s,1761
t3H20ZsX,42,0-1,Black,<=5s vs 15-20s,1197
K46LUFeR,63,1-0,White,<=5s vs 15-20s,1425
7XN0vaax,69,1-0,White,<=5s vs <=5s,1646
6SdL0QwJ,72,0-1,Black,<=5s vs <=5s,2359
WOX0Y3B6,64,0-1,Black,<=5s vs <=5s,1269
ushmK6Na,64,0-1,Black,<=5s vs 10-15s,1261
s0VtN0wL,51,1-0,White,<=5s vs 10-15s,2542
D9Z25ZO4,73,0-1,White,<=5s vs <=5s,2384
TpznSnCK,122,1/2-1/2,Black,<=5s vs 5-10s,2279
3B5Dw0Va,80,0-1,Black,<=5s vs 5-10s,2005
CNgYOKHV,102,0-1,Black,<=5s vs 5-10s,1784
2ck8nZvg,76,0-1,Black,<=5s vs 5-10s,2399
CNkJNugO,83,1-0,White,<=5s vs 10-15s,1640
oXBOEGf3,49,1-0,White,<=5s vs 10-15s,1928
ih0xReR2,54,0-1,Black,<=5s vs 5-10s,1429
bWKtODLM,72,0-1,Black,<=5s vs 5-10s,2212
h9gIyx4v,54,0-1,Black,<=5s vs 15-20s,1193
tV0Vxjy2,114,1/2-1/2,Black,<=5s vs 10-15s,2633
3J30dLb2,98,1/2-1/2,Black,<=5s vs 5-10s,2636
ergcve1P,90,0-1,Black,<=5s vs 10-15s,2079
nvGC94yH,89,0-1,White,<=5s vs 15-20s,2548
G4NEFJVS,136,0-1,Black,<=5s vs 5-10s,1760
TKY6fQXr,47,1-0,White,<=5s vs 15-20s,1498
MKJDJcAV,92,0-1,Black,<=5s vs <=5s,2645
2nkOyd4a,85,1-0,White,<=5s vs 5-10s,1962
GAXA9Try,93,1-0,White,<=5s vs 5-10s,2271
x3G2D1eY,36,0-1,Black,<=5s vs 15-20s,1286
Klbxp0kP,76,0-1,Black,<=5s vs 15-20s,1869
3JuFboqo,54,0-1,Black,<=5s vs 5-10s,1349
adwEn8BT,74,1-0,Black,<=5s vs 5-10s,2248
YjJsPbgB,128,0-1,Black,<=5s vs 15-20s,2459
7rpFMaIP,57,1-0,White,<=5s vs 15-20s,2088
NRzLadwJ,60,0-1,Black,<=5s vs <=5s,1243
TPoWu0W0,77,1-0,White,<=5s vs 15-20s,1350
Q2bqrYJY,59,1-0,White,<=5s vs 10-15s,2163
qIjwP3Wt,85,1-0,White,<=5s vs 15-20s,2175
gPtNwFVD,93,1-0,White,<=5s vs 5-10s,2202
xQLVR1DM,107,1-0,White,<=5s vs 10-15s,2352
ylF12ENt,71,1-0,White,<=5s vs 10-15s,2038
JPsY4jvf,54,0-1,Black,<=5s vs 10-15s,2103
m3LPNIec,68,0-1,Black,<=5s vs 15-20s,783
wBYzUrBQ,45,1-0,White,<=5s vs 10-15s,1283
YFsAyQeb,42,0-1,Black,<=5s vs 15-20s,1243
ccNoQlZ3,61,0-1,White,<=5s vs <=5s,1392
3odBE8tL,117,0-1,White,<=5s vs 5-10s,1821
ZhG8VWe1,119,0-1,White,<=5s vs 5-10s,2053
G4ysNhsS,68,0-1,Black,<=5s vs 15-20s,1807
UREeyLaZ,94,0-1,Black,<=5s vs 15-20s,2101
SYvJ5Doz,60,0-1,Black,<=5s vs 5-10s,1492
WwnS59ka,50,0-1,Black,<=5s vs 15-20s,1337
k5fe3UPy,54,0-1,Black,<=5s vs 5-10s,1198
7ME2jxX2,42,0-1,Black,<=5s vs 5-10s,1660
UxPmNHi4,69,1-0,White,<=5s vs 15-20s,2086
ZUfr5TUR,62,0-1,Black,<=5s vs 5-10s,2292
nlISFaPy,53,1-0,White,<=5s vs 5-10s,1083
LBLgcO2R,158,0-1,Black,<=5s vs 15-20s,2492
TBAjK8FT,86,0-1,Black,<=5s vs 5-10s,2333
4QpDLPtX,76,0-1,Black,<=5s vs 10-15s,1940
yUrBlhXW,62,0-1,Black,<=5s vs 15-20s,1831
x8dyVt0H,105,1-0,White,<=5s vs 15-20s,1601
VCwfPYrE,67,1-0,White,<=5s vs 15-20s,1166
Ji0ehjG7,68,0-1,Black,<=5s vs 15-20s,1573
ibdg1mAQ,76,0-1,Black,<=5s vs 5-10s,1475
AgOT7kTu,85,1/2-1/2,White,<=5s vs <=5s,2360
AzZTZDWF,79,1-0,White,<=5s vs 10-15s,1802
AUmwzWR9,75,1-0,White,<=5s vs 5-10s,2900
htTw7hKX,124,1/2-1/2,Black,<=5s vs 5-10s,2265
R6HUDJoU,79,1-0,White,<=5s vs 10-15s,2193
Flpgx10d,80,0-1,Black,<=5s vs 10-15s,1822
RTa85wR6,70,0-1,Black,<=5s vs 15-20s,2642
ZAUB1U6Y,45,1-0,White,<=5s vs 15-20s,1559
AXsBTAlF,87,1-0,White,<=5s vs 10-15s,2294
vgWFCD0E,60,0-1,Black,<=5s vs 15-20s,1717
65FPQnWD,85,0-1,White,<=5s vs 5-10s,2353
ekCe8q1T,67,0-1,White,<=5s vs <=5s,1541
fiE9cEbz,104,0-1,Black,<=5s vs 15-20s,1758
S3H9WV3J,46,0-1,Black,<=5s vs <=5s,1584
jodQdxC7,54,0-1,Black,<=5s vs 5-10s,2262
3RQWIVwC,56,0-1,Black,<=5s vs 15-20s,1873
oxtLlBde,81,1-0,White,<=5s vs 15-20s,1886
qPphyGsX,126,1-0,Black,<=5s vs <=5s,2395
GCEWAeYo,42,0-1,Black,<=5s vs 5-10s,919
o38PSRDs,48,0-1,Black,<=5s vs 15-20s,1436
0VCBAJvM,57,1-0,White,<=5s vs 10-15s,1913
XDyuYGe6,63,1-0,White,<=5s vs <=5s,1438
84BPvQwP,95,1-0,White,<=5s vs 5-10s,2325
9qVFu7hw,107,1-0,White,<=5s vs 5-10s,1879
WavUgTRa,73,1-0,White,<=5s vs 10-15s,2157
KuzaAbZz,62,0-1,Black,<=5s vs 15-20s,2071
TsJfSzwS,129,1-0,White,<=5s vs 10-15s,2502
XKylWDox,48,0-1,Black,<=5s vs 10-15s,1577
tAeXCTuc,46,0-1,Black,<=5s vs 10-15s,1106
L3RlXUSc,77,1-0,White,<=5s vs <=5s,1468
oXhKKDfu,128,1/2-1/2,Black,<=5s vs 10-15s,2534
oUTlM4zm,67,1-0,White,<=5s vs 5-10s,1496
zuxrVLON,176,1/2-1/2,Black,<=5s vs 15-20s,2249
3eAFZxH2,66,0-1,Black,<=5s vs 15-20s,1857
M3fcuFAy,48,0-1,Black,<=5s vs 5-10s,1458
0qPyrsmU,104,1-0,Black,<=5s vs 10-15s,2251
Xm5UmaU2,80,0-1,Black,<=5s vs 10-15s,1873
8Ar0hfek,129,1/2-1/2,White,<=5s vs 5-10s,2669
IP0lntmu,69,1-0,White,<=5s vs 10-15s,2283
CrpNRGW5,67,0-1,White,<=5s vs <=5s,1263
y01GqMCQ,81,1-0,White,<=5s vs 10-15s,1809
7Wh5y8Gd,62,0-1,Black,<=5s vs 10-15s,2020
iJltObvq,124,0-1,Black,<=5s vs 5-10s,1994
vktonMon,53,1-0,White,<=5s vs 10-15s,1864
X6XAKw8c,72,0-1,Black,<=5s vs 5-10s,1509
OYT1dz0q,69,1-0,White,<=5s vs 15-20s,1480
C8D7RbTY,41,1-0,White,<=5s vs 15-20s,938
NW6v2Iap,53,1-0,White,<=5s vs 15-20s,1304
Ouqj8jH7,37,1-0,White,<=5s vs 15-20s,1644
cef9LokU,57,1-0,White,<=5s vs 5-10s,1204
afe8Alcn,69,0-1,White,<=5s vs 5-10s,1718
W7YKVveh,32,0-1,Black,<=5s vs 5-10s,1434
bxzieKrL,75,1-0,White,<=5s vs 5-10s,1494
pwCFd4Ah,55,1-0,White,<=5s vs 15-20s,1247
gg5HqgOV,89,1-0,White,<=5s vs 5-10s,2569
QuIfl4e2,36,1-0,Black,<=5s vs 5-10s,899
fRZJ14Hm,107,1-0,White,<=5s vs 15-20s,2864
q6DiSbWo,66,0-1,Black,<=5s vs 10-15s,1761
XRoRpO7G,53,1-0,White,<=5s vs 15-20s,1901
7asbD0bq,65,1-0,White,<=5s vs 10-15s,1591
AxkTm57b,61,1-0,White,<=5s vs 15-20s,1922
Fmh6nJS4,73,1/2-1/2,White,<=5s vs 5-10s,2562
DQp8giUl,69,0-1,White,<=5s vs <=5s,2453
CkpnnwMc,79,1-0,White,<=5s vs 15-20s,2120
SY6rdJ2K,80,0-1,Black,<=5s vs 5-10s,3065
56utyti4,74,0-1,Black,<=5s vs 5-10s,1475
NNC5W97z,63,0-1,White,<=5s vs 5-10s,2237
PEwT4OLf,80,0-1,Black,<=5s vs 5-10s,1634
jYOkVfvN,77,1-0,White,<=5s vs 15-20s,2247
djKD1Q73,66,0-1,Black,<=5s vs 5-10s,1448
m0BTizbX,69,1-0,White,<=5s vs 15-20s,1855
h3YKos2n,69,1-0,White,<=5s vs 5-10s,874
9f6G2E31,60,0-1,Black,<=5s vs 10-15s,1794
McAQCG84,59,1-0,White,<=5s vs 5-10s,2047
qrvHlQvk,48,1-0,Black,<=5s vs 15-20s,1669
VQInzKCp,73,1-0,White,<=5s vs 10-15s,2503
ej1SgbdB,123,1-0,White,<=5s vs 5-10s,1491
6IL0PKYN,39,1-0,White,<=5s vs 5-10s,956
ogs4sFp3,36,0-1,Black,<=5s vs 15-20s,888
7jiIB4ZO,67,1-0,White,<=5s vs <=5s,903
RUWRa4KK,77,1-0,White,<=5s vs 5-10s,1942
8rYpIavU,121,1-0,White,<=5s vs <=5s,1997
jUN9sTAF,122,1-0,Black,<=5s vs 10-15s,2107
8Pn89hqt,91,1-0,White,<=5s vs 10-15s,1801
9eviF347,58,0-1,Black,<=5s vs 5-10s,1326
DADyOcLB,82,0-1,Black,<=5s vs 15-20s,1823
tQSWlkIF,72,0-1,Black,<=5s vs 15-20s,1746
tCzVrXHp,95,1-0,White,<=5s vs 15-20s,1874
ZDLtllKY,85,0-1,White,<=5s vs 5-10s,2382
CEtwWalg,73,1-0,White,<=5s vs <=5s,1500
5wndrmCW,75,1-0,White,<=5s vs 5-10s,1736
HxehxBhM,75,1-0,White,<=5s vs <=5s,1602
A4tRmTlr,74,0-1,Black,<=5s vs 10-15s,2441
NkqGkiAD,68,0-1,Black,<=5s vs 10-15s,2566
riqTt6tK,60,0-1,Black,<=5s vs 5-10s,1879
b2U2u3cv,64,0-1,Black,<=5s vs 10-15s,1351
QHBLLEsu,88,0-1,Black,<=5s vs 5-10s,1585
C4Q9PXSG,45,1-0,White,<=5s vs 10-15s,941
aw7Thv5o,62,0-1,Black,<=5s vs 10-15s,1866
enYVsWRx,61,1-0,White,<=5s vs 5-10s,2327
SrmWN8Y9,64,0-1,Black,<=5s vs 10-15s,2252
8eJg5Ymp,103,1-0,White,<=5s vs 10-15s,2062
XX84qxBY,85,1-0,White,<=5s vs 15-20s,2340
GvBEQWw1,62,0-1,Black,<=5s vs 5-10s,1903
3TN6BBXr,51,1-0,White,<=5s vs 15-20s,1022
XGFSTyw1,52,0-1,Black,<=5s vs 5-10s,1482
w3M7BZnM,71,1-0,White,<=5s vs 15-20s,1908
tuYm4X7g,74,0-1,Black,<=5s vs 5-10s,1648
ML1pXLQ3,73,1-0,White,<=5s vs 5-10s,2060
MBQJMqiP,77,1-0,White,<=5s vs 5-10s,2294
NehkEGMn,51,1-0,White,<=5s vs 15-20s,1229
wY3ImDBg,114,1-0,Black,<=5s vs 10-15s,1282
3N9Xx9we,107,1-0,White,<=5s vs <=5s,2120
E57D5DbG,64,0-1,Black,<=5s vs 15-20s,1987
MuK7SjjB,72,0-1,Black,<=5s vs 15-20s,1804
1f7mVcBZ,62,0-1,Black,<=5s vs <=5s,1611
7kE3Aqom,69,1-0,White,<=5s vs 5-10s,1704
uOFETsjm,80,1-0,Black,<=5s vs 5-10s,1844
6g3MnsI8,86,1/2-1/2,Black,<=5s vs 10-15s,2213
sOnU1nWm,48,0-1,Black,<=5s vs 5-10s,936
Ls03R4vm,109,1-0,White,<=5s vs 10-15s,1761
7QJAfD4R,85,1-0,White,<=5s vs 15-20s,1900
4pINTWyb,59,1-0,White,<=5s vs 5-10s,1517
2wosp9CI,66,0-1,Black,<=5s vs 5-10s,1093
AlPYFEI4,92,0-1,Black,<=5s vs 5-10s,2587
JtsuLMPl,79,0-1,White,<=5s vs 10-15s,2663
G1Px1Jc6,133,1-0,White,<=5s vs 10-15s,2208
MHjreFgH,71,1-0,White,<=5s vs 15-20s,1717
rygfK76f,80,0-1,Black,<=5s vs 5-10s,2717
vERixo1R,60,0-1,Black,<=5s vs 10-15s,1407
FCIMtLxc,66,0-1,Black,<=5s vs 5-10s,1949
SeDBPBpu,139,1-0,White,<=5s vs 15-20s,1947
eY16sPBf,71,1-0,White,<=5s vs 5-10s,2058
AWd7Ys2P,63,0-1,White,<=5s vs 5-10s,1863
XFb9iesO,65,0-1,White,<=5s vs 5-10s,1756
quWetChC,62,0-1,Black,<=5s vs <=5s,1613
8dKXTvNT,66,1/2-1/2,Black,<=5s vs 15-20s,2492
7qOvftB7,71,1-0,White,<=5s vs 10-15s,1975
C5jHdzma,66,0-1,Black,<=5s vs 5-10s,1697
8S2uEXl8,72,0-1,Black,<=5s vs 15-20s,1811
GAqG0s4e,74,0-1,Black,<=5s vs 10-15s,2469
mxHPQy4p,109,0-1,White,<=5s vs 10-15s,2230
GNRUgqYf,72,0-1,Black,<=5s vs 5-10s,2429
fGsfStDp,57,0-1,White,<=5s vs 5-10s,1707
FbkOlRxm,82,0-1,Black,<=5s vs 5-10s,1885
X7mPhqdM,54,0-1,Black,<=5s vs 5-10s,1417
RIgJ2gT6,50,0-1,Black,<=5s vs 10-15s,1287
VMsbdNbt,101,1-0,White,<=5s vs 5-10s,2554
EZ0fOsuB,85,1-0,White,<=5s vs 10-15s,1344
uD4JXgJK,89,1-0,White,<=5s vs 5-10s,1739
KULo1eKu,59,1-0,White,<=5s vs 10-15s,1295
BLO4BDWr,54,0-1,Black,<=5s vs 15-20s,1549
J0dmKzOm,98,0-1,Black,<=5s vs 10-15s,2269
CQDpfDS9,61,1-0,White,<=5s vs 5-10s,1183
iWMxe0Zo,58,0-1,Black,<=5s vs 5-10s,1703
gXZe9dNq,75,1-0,White,<=5s vs 10-15s,1824
9KGd6Pzd,77,1-0,White,<=5s vs 15-20s,1304
7MBFZ5s0,80,0-1,Black,<=5s vs 15-20s,2122
WomJ0xyg,107,1-0,White,<=5s vs 10-15s,1794
DcPM2GWe,91,1-0,White,<=5s vs 5-10s,2373
rwNSceyJ,79,1-0,White,<=5s vs 15-20s,1878
emQr5ZyM,81,1-0,White,<=5s vs 10-15s,2284
tV27ftyb,55,1-0,White,<=5s vs 5-10s,2007
aYYbMZkA,107,1-0,White,<=5s vs <=5s,2092
PZ9vG0wq,74,1-0,Black,<=5s vs <=5s,2102
SToBjedg,98,1/2-1/2,Black,<=5s vs 15-20s,1845
NNKa8sak,85,1-0,White,<=5s vs 15-20s,1846
nt99xEDw,56,1-0,Black,<=5s vs 5-10s,1190
UAqHPNp6,48,0-1,Black,<=5s vs 15-20s,1236
TMKL7WWW,43,1-0,White,<=5s vs 10-15s,852
juvmeDdu,106,0-1,Black,<=5s vs 15-20s,2564
SUiZ69tR,73,1-0,White,<=5s vs 10-15s,2074
h6UikEi0,68,0-1,Black,<=5s vs 10-15s,1826
VcBSpuZj,73,1-0,White,<=5s vs 5-10s,1953
6bOGTjn2,85,1-0,White,<=5s vs 5-10s,1798
JMzF88Li,115,1-0,White,<=5s vs 15-20s,1507
8n6gARum,76,0-1,Black,<=5s vs 10-15s,2866
oTesSPrW,92,0-1,Black,<=5s vs 15-20s,2271
zDlSCNT9,63,1-0,White,<=5s vs 10-15s,2193
TUIxeuSX,86,0-1,Black,<=5s vs 5-10s,2125
UqRnRHlX,57,1-0,White,<=5s vs 15-20s,1561
IV5ldu7B,44,0-1,Black,<=5s vs 5-10s,918
hThMHD7y,44,0-1,Black,<=5s vs 5-10s,994
2S4rpMGO,55,1-0,White,<=5s vs 10-15s,1668
JL1mgdoy,80,0-1,Black,<=5s vs 10-15s,1938
kPmUFxG8,52,0-1,Black,<=5s vs 10-15s,1008
yLf8lsin,79,0-1,White,<=5s vs 15-20s,1888
I90g7qNn,62,0-1,Black,<=5s vs 10-15s,1062
zTCIabcS,64,0-1,Black,<=5s vs <=5s,1657
Awf9vP1R,39,1-0,White,<=5s vs 15-20s,1179
7ZZpjQvk,57,0-1,White,<=5s vs 5-10s,1009
IcE7yKU1,62,0-1,Black,<=5s vs 5-10s,1933
kq0E3GWC,36,0-1,Black,<=5s vs 15-20s,1428
UvAqfltB,94,0-1,Black,<=5s vs 10-15s,2276
Puc1tHeT,85,0-1,White,<=5s vs 5-10s,2305
wgtFzuFs,59,1-0,White,<=5s vs 5-10s,1434
QLeifFqn,49,1-0,White,<=5s vs 15-20s,1373
QWsD2awF,90,0-1,Black,<=5s vs <=5s,1911
l8pPh37i,103,1/2-1/2,White,<=5s vs 15-20s,2498
JWohpNWU,75,0-1,White,<=5s vs 10-15s,2037
S4TrHcRB,58,0-1,Black,<=5s vs 5-10s,1037
eQ4pTrYZ,60,0-1,Black,<=5s vs 5-10s,1337
tl6J5dhs,43,1-0,White,<=5s vs 10-15s,839
CIiJtUhA,77,1-0,White,<=5s vs <=5s,1763
SFwx5TrV,74,0-1,Black,<=5s vs 15-20s,1614
bzeWokSl,131,1-0,White,<=5s vs 15-20s,2158
XOpUXtRv,93,1-0,White,<=5s vs <=5s,2250
Ocalukl5,98,0-1,Black,<=5s vs 5-10s,1670
UWssVysq,81,1-0,White,<=5s vs 10-15s,1835
leGvexYY,75,1-0,White,<=5s vs 10-15s,1687
YLZJyfIr,51,1-0,White,<=5s vs 10-15s,1871
egJ9s49S,121,0-1,White,<=5s vs <=5s,2617
U5UZfynz,35,1-0,White,<=5s vs 5-10s,948
PUaljn4k,92,0-1,Black,<=5s vs 5-10s,1951
BzLPwuZS,124,1-0,Black,<=5s vs <=5s,1206
rKT82DYp,75,1-0,White,<=5s vs 10-15s,2266
XBvODJ74,49,1-0,White,<=5s vs 15-20s,1085
lrsCroqL,81,0-1,White,<=5s vs 5-10s,1344
11uLmtq8,76,0-1,Black,<=5s vs <=5s,1954
6CCVNAQg,68,0-1,Black,<=5s vs <=5s,2545
O3SEfC9y,101,0-1,White,<=5s vs 5-10s,1905
fV7BlH5G,60,0-1,Black,<=5s vs 15-20s,2326
Ng1U1VEh,78,1-0,Black,<=5s vs 5-10s,1498
6d7IVjjg,64,0-1,Black,<=5s vs 15-20s,1953
u1Lp76Qh,65,1-0,White,<=5s vs 10-15s,1567
cRBSjcPN,105,1-0,White,<=5s vs 15-20s,2510
D6gdhx5U,46,1-0,Black,<=5s vs <=5s,1281
KgKNAihk,87,1-0,White,<=5s vs 15-20s,2341
JAODDd4I,57,1-0,White,<=5s vs 10-15s,1562
6CQgXoMX,55,1-0,White,<=5s vs 15-20s,1312
LK4WmGom,45,1-0,White,<=5s vs 10-15s,944
xAyh3Ufb,49,1-0,White,<=5s vs 10-15s,1940
E0595tyA,60,0-1,Black,<=5s vs 5-10s,1608
GMQZzW67,55,1-0,White,<=5s vs 10-15s,1017
exhbcJvq,71,1-0,White,<=5s vs 10-15s,1830
4LNbmz2a,77,1-0,White,<=5s vs 10-15s,1689
1ztBXYze,48,1-0,Black,<=5s vs <=5s,1152
ZCkYqeU4,92,0-1,Black,<=5s vs 5-10s,2168
ppUhDo8r,112,0-1,Black,<=5s vs 5-10s,1600
DVX9lhmy,115,1-0,White,<=5s vs 15-20s,2417
KFqw5q5e,105,0-1,White,<=5s vs 5-10s,2604
MuDREXQy,80,0-1,Black,<=5s vs 15-20s,1620
4CHcYiXr,87,1-0,White,<=5s vs 15-20s,2003
P5TLvFe4,70,0-1,Black,<=5s vs 15-20s,1952
9m7S7oFV,88,0-1,Black,<=5s vs 5-10s,1693
w7Z64Rfz,56,0-1,Black,<=5s vs 15-20s,1479
wKtiA7DS,72,0-1,Black,<=5s vs 15-20s,1902
ZcjQsqKg,75,1-0,White,<=5s vs 15-20s,2431
BF57DMOr,94,0-1,Black,<=5s vs 5-10s,2523
tZw5LJ5O,54,0-1,Black,<=5s vs <=5s,1736
pnLAnsgG,65,0-1,White,<=5s vs 10-15s,1258
8xZPqLFo,125,1-0,White,<=5s vs 5-10s,2671
rlUfbrOI,50,1-0,Black,<=5s vs 15-20s,2007
BMUREtAs,87,1-0,White,<=5s vs 5-10s,2300
UXslYT3z,58,0-1,Black,<=5s vs 5-10s,2362
WQ6hW8y4,112,0-1,Black,<=5s vs 15-20s,2001
2ttxUrbi,108,1/2-1/2,Black,<=5s vs 15-20s,1203
QmRdCmpf,101,1-0,White,<=5s vs 10-15s,1278
k8JpTG1C,68,0-1,Black,<=5s vs 5-10s,1652
AAji5xTa,107,1-0,White,<=5s vs 15-20s,2565
eS5hM1bQ,106,0-1,Black,<=5s vs 15-20s,1802
ItN2Zra3,76,0-1,Black,<=5s vs 10-15s,1953
MrIpnOpC,75,1-0,White,<=5s vs 5-10s,2516
JV6sm6DB,74,0-1,Black,<=5s vs 5-10s,1244
K1PFyfrt,49,1-0,White,<=5s vs 15-20s,1229
nArJ2AQz,53,0-1,White,<=5s vs <=5s,890
IakhOee1,62,0-1,Black,<=5s vs 15-20s,1801
gl9JI1jR,49,1-0,White,<=5s vs 5-10s,1195
jPp992dS,71,1-0,White,<=5s vs 10-15s,1704
kOm57aEm,72,1-0,Black,<=5s vs <=5s,1823
RcMxK4C9,104,0-1,Black,<=5s vs 5-10s,2087
VD5uVopY,113,1/2-1/2,White,<=5s vs 15-20s,1856
OPVVqFQL,64,0-1,Black,<=5s vs 5-10s,1968
4i4n41b2,70,0-1,Black,<=5s vs 5-10s,1898
hB3B0RbZ,81,1-0,White,<=5s vs 10-15s,1918
NF4sBvIJ,75,1-0,White,<=5s vs 5-10s,1934
xjzhSNBe,55,1-0,White,<=5s vs 10-15s,2227
VLDlKV7M,106,0-1,Black,<=5s vs <=5s,1773
feehICbs,65,0-1,White,<=5s vs 5-10s,1352
39iFjQyx,41,1-0,White,<=5s vs 10-15s,2014
6ITYXy53,57,1-0,White,<=5s vs 5-10s,1008
GWZerxBa,75,1-0,White,<=5s vs 15-20s,2144
MDKc1lbf,62,0-1,Black,<=5s vs 10-15s,1931
XIYJIiwx,76,1-0,Black,<=5s vs 5-10s,1915
dkprhkrG,72,0-1,Black,<=5s vs 15-20s,1314
V61GJUFE,100,0-1,Black,<=5s vs 15-20s,3033
UaN36y4v,59,1-0,White,<=5s vs 15-20s,1102
P0DH7uEZ,60,0-1,Black,<=5s vs 10-15s,1396
ei2sH8Z6,84,0-1,Black,<=5s vs 5-10s,2580
biZmyyHB,105,1-0,White,<=5s vs 5-10s,2357
Gx4lJbS6,70,0-1,Black,<=5s vs 10-15s,1717
QFePAOOB,37,0-1,White,<=5s vs <=5s,1122
XW3YKV2B,58,0-1,Black,<=5s vs <=5s,1689
1QKk5opm,46,0-1,Black,<=5s vs 10-15s,1235
AMOgb29f,115,1-0,White,<=5s vs 10-15s,2082
qqC9CmZT,106,1/2-1/2,Black,<=5s vs 5-10s,2571
Xf8PEtjK,114,0-1,Black,<=5s vs <=5s,2177
4Qmw6uP8,105,1-0,White,<=5s vs 15-20s,1767
WJ5h9V15,52,0-1,Black,<=5s vs 10-15s,956
O3cAxQ51,133,1/2-1/2,White,<=5s vs <=5s,1409
FwcKDJjK,65,1-0,White,<=5s vs 10-15s,1594
RPaB1vfH,71,1-0,White,<=5s vs 10-15s,1717
pQXAk62L,42,1-0,Black,<=5s vs 10-15s,1599
Ld5v9h9B,88,0-1,Black,<=5s vs 5-10s,1874
Cxf1eZXU,62,0-1,Black,<=5s vs 10-15s,1408
yVlgN2oK,106,0-1,Black,<=5s vs 10-15s,1883
TGewliJW,124,1-0,Black,<=5s vs 5-10s,2281
Mbb7moAQ,67,1-0,White,<=5s vs 15-20s,2214
EJ5r3Cfa,67,1-0,White,<=5s vs 15-20s,1785
JyiVN86k,62,1-0,Black,<=5s vs <=5s,1939
PFBePfkD,56,0-1,Black,<=5s vs 10-15s,1733
0WvWwDue,110,0-1,Black,<=5s vs 10-15s,2180
xYXA5K1o,64,0-1,Black,<=5s vs <=5s,1858
ckgWzGRE,72,0-1,Black,<=5s vs <=5s,1740
aRtzK6vr,123,1-0,White,<=5s vs 10-15s,2576
LCxE7HZF,56,0-1,Black,<=5s vs 15-20s,1867
qRqUvhd5,75,1-0,White,<=5s vs 5-10s,1667
KbuTTndX,132,1-0,Black,<=5s vs 5-10s,2068
Xot4mUzR,110,1-0,Black,<=5s vs 15-20s,2401
2Pq0HjT2,76,0-1,Black,<=5s vs <=5s,1524
GJSjPtqu,122,1/2-1/2,Black,<=5s vs <=5s,2528
O2ouIglh,50,0-1,Black,<=5s vs 15-20s,1050
PEes7urb,79,0-1,White,<=5s vs 10-15s,1922
ygxljLjY,57,1-0,White,<=5s vs 15-20s,1144
YqIOGxkJ,63,1-0,White,<=5s vs 5-10s,1301
4cp5WlCz,65,1-0,White,<=5s vs 5-10s,1623
S9AcQTBh,91,0-1,White,<=5s vs 5-10s,2139
78kYApYD,90,0-1,Black,<=5s vs 15-20s,2720
HMFWf8Fs,49,1-0,White,<=5s vs 10-15s,1306
9wBg97zm,62,1-0,Black,<=5s vs 5-10s,1543
9SgvrNA3,70,0-1,Black,<=5s vs 5-10s,1580
7kxIini5,50,0-1,Black,<=5s vs 15-20s,1863
1yPYhYWo,75,0-1,White,<=5s vs 10-15s,2029
BeMNsEKH,73,1-0,White,<=5s vs <=5s,1520
jbjdguGC,51,1-0,White,<=5s vs 10-15s,1578
6v9sxIhN,69,1-0,White,<=5s vs 5-10s,1623
tEBHjsDC,69,1-0,White,<=5s vs 10-15s,1883
zasK1LdR,69,1-0,White,<=5s vs 15-20s,1239
4y7301wa,62,0-1,Black,<=5s vs 15-20s,1603
oSSWUIyT,99,1-0,White,<=5s vs 5-10s,2542
9PRNv0tV,59,1-0,White,<=5s vs 15-20s,1371
WvCT3XOK,44,0-1,Black,<=5s vs 10-15s,1058
0j3GvLBB,74,0-1,Black,<=5s vs 5-10s,2082
7pfu2Clx,107,1-0,White,<=5s vs 15-20s,2563
R6Mfx278,65,0-1,White,<=5s vs 5-10s,1462
r0R1q3lo,80,1/2-1/2,Black,<=5s vs 5-10s,2891
T1YjyVqy,55,1-0,White,<=5s vs 15-20s,1420
W9bZ1rVY,93,1-0,White,<=5s vs 10-15s,2199
SFwwVF3v,62,0-1,Black,<=5s vs <=5s,1048
uHbMz7hB,72,0-1,Black,<=5s vs 15-20s,2027
j2SaIN01,88,0-1,Black,<=5s vs 5-10s,1936
0nT4xN36,74,0-1,Black,<=5s vs 10-15s,2016
bZWGftjS,44,0-1,Black,<=5s vs 15-20s,1092
bseloL79,81,1-0,White,<=5s vs 10-15s,2046
Cwwpj6k9,82,0-1,Black,<=5s vs <=5s,2590
3FmYizDU,58,0-1,Black,<=5s vs 10-15s,1570
Adt7hpzC,36,1-0,Black,<=5s vs 15-20s,1260
2LZxSaYa,76,0-1,Black,<=5s vs 10-15s,2248
p4WuiHqu,79,1-0,White,<=5s vs 10-15s,2429
fHfz3N5V,113,1-0,White,<=5s vs 15-20s,2388
gQGE8cXp,75,1-0,White,<=5s vs 15-20s,2545
duD2gJ8N,165,1-0,White,<=5s vs 15-20s,2530
zcCmPxzJ,66,0-1,Black,<=5s vs 15-20s,1987
TqtnJCft,69,1-0,White,<=5s vs 5-10s,2305
b5y5QMs9,78,1-0,Black,<=5s vs <=5s,2042
uXtGsi9m,107,1-0,White,<=5s vs 15-20s,2360
K9xWEMDy,99,1-0,White,<=5s vs 10-15s,2363
X1oG1XSz,52,0-1,Black,<=5s vs <=5s,1462
8e80twXy,64,0-1,Black,<=5s vs 5-10s,1866
3GiwRGxk,48,0-1,Black,<=5s vs 15-20s,1545
gf0IwzyY,74,0-1,Black,<=5s vs 5-10s,1507
lglUcY9k,73,1-0,White,<=5s vs 5-10s,2193
yBdislya,102,0-1,Black,<=5s vs <=5s,2602
kJ14H6xQ,80,1-0,Black,<=5s vs 5-10s,1586
RrbmQWgz,72,0-1,Black,<=5s vs 10-15s,2483
TtbbJtyu,65,0-1,White,<=5s vs 5-10s,2279
iJo8AnSk,86,0-1,Black,<=5s vs 15-20s,2254
KS4sOr8P,57,0-1,White,<=5s vs <=5s,1295
AB7DawVU,54,0-1,Black,<=5s vs 5-10s,1518
UNdPET8L,98,1-0,Black,<=5s vs <=5s,2604
sliw31Hx,97,1-0,White,<=5s vs <=5s,2472
kk0tnSul,113,0-1,White,<=5s vs 5-10s,2389
jP9SjO9z,110,0-1,Black,<=5s vs <=5s,2201
tt5BDzFI,67,1-0,White,<=5s vs 5-10s,2022
FxylCP6h,71,1-0,White,<=5s vs 10-15s,2138
ShZ8kKYk,65,0-1,White,<=5s vs 5-10s,2019
xznl03TA,47,1-0,White,<=5s vs 15-20s,1194
UyU1BOWE,78,0-1,Black,<=5s vs 5-10s,1603
LAmGrSWZ,65,1-0,White,<=5s vs 10-15s,1302
p0w9sQZV,32,0-1,Black,<=5s vs 5-10s,1075
8GCOqUGI,85,1-0,White,<=5s vs 5-10s,2479
fNRGgV4q,84,0-1,Black,<=5s vs 5-10s,1362
R2uSNiyW,35,1-0,White,<=5s vs 15-20s,893
2W1bZzVb,45,1-0,White,<=5s vs 15-20s,1517
Pid9gFoo,127,1/2-1/2,White,<=5s vs <=5s,2636
Q88ZPAcG,44,0-1,Black,<=5s vs 5-10s,2456
HkvFd9XE,112,1/2-1/2,Black,<=5s vs 15-20s,882
e5SR5Ujb,113,0-1,White,<=5s vs 5-10s,2520
Un1UUjsP,83,1-0,White,<=5s vs 5-10s,1700
DiB9flf3,80,0-1,Black,<=5s vs 10-15s,2543
BSx4uQQQ,132,0-1,Black,<=5s vs 15-20s,2433
fYd9Z2fm,53,1-0,White,<=5s vs 5-10s,1257
S4br1Y3u,122,0-1,Black,<=5s vs <=5s,2404
5XuE1HXz,105,1-0,White,<=5s vs 5-10s,2221
xBefEg4C,63,1-0,White,<=5s vs 15-20s,1921
soe4ryPG,103,1-0,White,<=5s vs 5-10s,2002
nLCkn3oI,82,0-1,Black,<=5s vs 5-10s,2390
rrPYL6Ur,144,1/2-1/2,Black,<=5s vs 15-20s,2834
xUHVh5ph,99,1-0,White,<=5s vs 5-10s,2781
0I4Vgnot,126,1/2-1/2,Black,<=5s vs <=5s,2530
kVRJMiiR,45,1-0,White,<=5s vs 15-20s,1677
oQEej2Ws,43,1-0,White,<=5s vs 15-20s,1445
P3HNRPQF,37,1-0,White,<=5s vs 10-15s,819
y9i5GG3e,128,0-1,Black,<=5s vs 15-20s,2151
F6OkkbwY,59,0-1,White,<=5s vs 15-20s,2217
GpyCOxlG,54,0-1,Black,<=5s vs 10-15s,1893
KizYN2pG,115,0-1,White,<=5s vs <=5s,2326
EaT9Kkfo,64,0-1,Black,<=5s vs 10-15s,1735
0THDT5Y4,65,0-1,White,<=5s vs 5-10s,2311
jXCf3Wuq,79,1-0,White,<=5s vs 5-10s,1965
dV1DUKBr,79,1-0,White,<=5s vs 15-20s,2229
5RxCvMen,104,1-0,Black,<=5s vs 5-10s,2178
oXzABxp1,72,0-1,Black,<=5s vs <=5s,1514
gPPqIApI,68,0-1,Black,<=5s vs 5-10s,1913
W5kQm4Uk,102,0-1,Black,<=5s vs 10-15s,1910
tjAZctIr,111,1-0,White,<=5s vs <=5s,2109
H3z84Kwd,106,0-1,Black,<=5s vs <=5s,2579
ekHOSt80,45,1-0,White,<=5s vs 10-15s,1434
kLrEww58,84,0-1,Black,<=5s vs 15-20s,1504
UZKQe8iN,74,0-1,Black,<=5s vs 10-15s,1869
al2isBuM,86,0-1,Black,<=5s vs 10-15s,2600
zu2AMvS2,77,1-0,White,<=5s vs 10-15s,1326
JxgcrZoc,69,1-0,White,<=5s vs 15-20s,2107
7KrCYpFF,90,0-1,Black,<=5s vs 15-20s,2028
FGW5hrwL,78,1-0,Black,<=5s vs <=5s,1892
40BuQFb8,78,1-0,Black,<=5s vs 10-15s,1659
CYyI1ByW,74,1-0,Black,<=5s vs 5-10s,2596
Vp8eKsj7,53,1-0,White,<=5s vs 5-10s,1034
4MZdmMj8,73,1-0,White,<=5s vs 10-15s,2964
3t7wiHo7,65,1-0,White,<=5s vs 5-10s,2228
CLk4mioa,82,1-0,Black,<=5s vs <=5s,1882
WM6IHHu2,62,0-1,Black,<=5s vs <=5s,1400
Rj1OoH2A,49,1-0,White,<=5s vs 10-15s,1035
CfRBr0rd,74,0-1,Black,<=5s vs <=5s,1653
engT4hPF,87,1-0,White,<=5s vs 5-10s,1747
X4hlJjzS,158,0-1,Black,<=5s vs 15-20s,2672
HFnuINaf,60,0-1,Black,<=5s vs 15-20s,1623
FHoS0uZR,90,0-1,Black,<=5s vs <=5s,1510
Fr3oYPZi,84,1-0,Black,<=5s vs 5-10s,2827
JWtROUFn,38,0-1,Black,<=5s vs <=5s,933
L2wBHi7G,114,0-1,Black,<=5s vs <=5s,1788
okMbz5Ny,84,0-1,Black,<=5s vs 5-10s,1917
6G9qEY1o,36,0-1,Black,<=5s vs 10-15s,763
wqNBKlip,57,1-0,White,<=5s vs 15-20s,1239
rUnP4x2l,68,0-1,Black,<=5s vs 5-10s,2113
KyxV5mOJ,62,0-1,Black,<=5s vs 10-15s,2632
3bzO8WkC,63,1-0,White,<=5s vs 5-10s,1561
5gqNJt09,55,1-0,White,<=5s vs 15-20s,2023
t7cojOGG,87,1-0,White,<=5s vs 5-10s,2206
EmKNFbr2,79,1-0,White,<=5s vs 5-10s,2350
Fmwy6ZLC,72,0-1,Black,<=5s vs 10-15s,2245
6fKONEUg,51,1-0,White,<=5s vs 5-10s,1155
y0WEZjnw,103,0-1,White,<=5s vs <=5s,2080
6INgeqiU,89,1-0,White,<=5s vs 5-10s,2444
JweUssoe,102,1/2-1/2,Black,<=5s vs <=5s,1901
gqNLr7pe,76,0-1,Black,<=5s vs <=5s,2332
VUC53cfp,68,0-1,Black,<=5s vs 15-20s,1662
N2xDPe5u,113,1-0,White,<=5s vs 10-15s,1851
oXmsMxDW,114,1-0,Black,<=5s vs <=5s,2422
CgZBcJG1,80,0-1,Black,<=5s vs 5-10s,2114
J8DPRNSX,36,0-1,Black,<=5s vs 5-10s,1217
eV7PRZwM,78,0-1,Black,<=5s vs 15-20s,2178
JHqYBsIG,75,0-1,White,<=5s vs <=5s,1000
6cnBVKrB,82,0-1,Black,<=5s vs 5-10s,2348
55iyUHRr,40,0-1,Black,<=5s vs 5-10s,612
xutx1fgF,80,0-1,Black,<=5s vs 5-10s,2378
twrC3Foh,61,1-0,White,<=5s vs 15-20s,1605
uYoUF7FP,61,1-0,White,<=5s vs 15-20s,1898
luZ2Cy5W,83,1-0,White,<=5s vs 5-10s,2110
i0tmCec0,51,1-0,White,<=5s vs 5-10s,1265
WkvKlu2L,100,0-1,Black,<=5s vs 15-20s,2526
SKOYcNQj,81,1-0,White,<=5s vs 15-20s,3043
L4xjGOzp,91,1/2-1/2,White,<=5s vs 5-10s,1820
1sVugiD7,78,0-1,Black,<=5s vs 5-10s,2304
PuMc1388,74,0-1,Black,<=5s vs 5-10s,1909
GpryrQSl,101,1-0,White,<=5s vs 5-10s,1637
Rg5mUSub,115,1/2-1/2,White,<=5s vs <=5s,2188
WrnRaOxU,104,1-0,Black,<=5s vs 5-10s,2582
v74aeyyL,54,0-1,Black,<=5s vs 15-20s,1943
EikptJAd,78,0-1,Black,<=5s vs 15-20s,2005
fG03UvAY,72,0-1,Black,<=5s vs 5-10s,1789
f92Msgqq,112,1/2-1/2,Black,<=5s vs 5-10s,2493
63gXrDAc,45,0-1,White,<=5s vs 10-15s,1068
ZeWQzY1N,97,0-1,White,<=5s vs <=5s,1921
tupUhk5b,43,1-0,White,<=5s vs 15-20s,1402
YBxpfMDT,55,1-0,White,<=5s vs 15-20s,1865
ONT6Ant6,56,0-1,Black,<=5s vs 5-10s,1757
3zyZNVHv,70,0-1,Black,<=5s vs 5-10s,1348
TmfmaqqY,60,0-1,Black,<=5s vs 10-15s,1399
GWg7Dujl,83,1-0,White,<=5s vs 10-15s,1588
bB83rcr2,133,1-0,White,<=5s vs 10-15s,2200
1BWKxo8f,72,0-1,Black,<=5s vs 5-10s,2129
iELaG5ZI,84,1-0,Black,<=5s vs 5-10s,2362
0SnLH99K,66,1-0,Black,<=5s vs 5-10s,1680
Fvx2ApPD,48,1-0,Black,<=5s vs 5-10s,2626
2P4tWOKP,50,0-1,Black,<=5s vs 15-20s,1420
F3COI0o5,63,0-1,White,<=5s vs 5-10s,2308
CW6XW2CY,87,1/2-1/2,White,<=5s vs 5-10s,1775
Xf73gfRz,75,0-1,White,<=5s vs 15-20s,2267
paqsYke1,103,1-0,White,<=5s vs 15-20s,2344
tOjJjHkj,96,0-1,Black,<=5s vs 15-20s,2676
Kx3rIVfG,72,1-0,Black,<=5s vs <=5s,1403
aef3y58y,64,0-1,Black,<=5s vs 10-15s,2132
QgHDaIsO,65,1-0,White,<=5s vs 15-20s,2323
Q5nipo2W,73,1-0,White,<=5s vs 5-10s,1991
PAYhIpZa,43,1-0,White,<=5s vs 10-15s,1303
Y1EuXAVn,113,1-0,White,<=5s vs 10-15s,2240
ckjh0j5q,63,1-0,White,<=5s vs 10-15s,2114
QSSpxGCH,137,1-0,White,<=5s vs 15-20s,2444
A5hmIxTS,64,0-1,Black,<=5s vs 15-20s,1733
RaeN6F2Y,122,0-1,Black,<=5s vs 15-20s,2243
7XCNzN7I,62,0-1,Black,<=5s vs 5-10s,1816
MlIwGcCh,88,0-1,Black,<=5s vs <=5s,2086
IWvBMT0o,80,0-1,Black,<=5s vs 5-10s,1837
jG9Sbvbj,59,1-0,White,<=5s vs 5-10s,1232
nEqFSHOO,52,0-1,Black,<=5s vs 5-10s,930
qHeTiMte,66,0-1,Black,<=5s vs 10-15s,1589
XkAv8lju,105,0-1,White,<=5s vs 10-15s,1424
lWcRj3yi,96,0-1,Black,<=5s vs 15-20s,2312
5f6J9qlg,72,0-1,Black,<=5s vs 5-10s,2067
g3aF7ZUy,112,1/2-1/2,Black,<=5s vs 10-15s,1309
NGPHgnKM,50,0-1,Black,<=5s vs 5-10s,1455
DoLVUBu9,96,0-1,Black,<=5s vs 10-15s,2005
Ms3csXYZ,44,1-0,Black,<=5s vs 5-10s,1103
KSuD3Ppf,85,0-1,White,<=5s vs 10-15s,2721
03dQUP5n,97,1/2-1/2,White,<=5s vs 5-10s,2453
7NgmltcA,78,0-1,Black,<=5s vs <=5s,1323
cZU6nB4y,102,0-1,Black,<=5s vs <=5s,2184
d5R83Kf5,130,0-1,Black,<=5s vs 5-10s,1912
tKRsDWx3,120,0-1,Black,<=5s vs <=5s,1961
xrSig3Fw,59,1-0,White,<=5s vs 5-10s,2486
lh3Xjswf,64,1-0,Black,<=5s vs <=5s,1255
TH2Hs7CE,86,1-0,Black,<=5s vs <=5s,2258
L2HSZ8co,110,1/2-1/2,Black,<=5s vs 5-10s,2071
6iFmAj2K,92,1/2-1/2,Black,<=5s vs 10-15s,2063
Cl103Agp,58,0-1,Black,<=5s vs 10-15s,1790
qxtYT0oc,87,0-1,White,<=5s vs <=5s,2480
c5AzURaI,83,0-1,White,<=5s vs <=5s,1547
CICrlWk8,76,0-1,Black,<=5s vs 15-20s,1113
SndfVoK2,61,1-0,White,<=5s vs 5-10s,1993
ePn8Q4rT,55,1-0,White,<=5s vs 5-10s,2046
fTzjWZLX,44,0-1,Black,<=5s vs 10-15s,1362
cwd2fWgW,113,1-0,White,<=5s vs 5-10s,2824
k4g9tsjp,46,0-1,Black,<=5s vs 15-20s,2024
5xOuq6sY,67,1-0,White,<=5s vs 15-20s,1955
rRP0PRA6,48,0-1,Black,<=5s vs 5-10s,1162
cbuZTHHc,48,0-1,Black,<=5s vs 5-10s,634
Ry3sSS0S,136,1/2-1/2,Black,<=5s vs 5-10s,2210
9CSHd0Tw,66,0-1,Black,<=5s vs 5-10s,1690
A0RVr85t,152,0-1,Black,<=5s vs 10-15s,2563
N8Fprt9a,121,0-1,White,<=5s vs 15-20s,1765
mlsNuHMY,140,0-1,Black,<=5s vs 5-10s,2413
Jw79VgD9,127,0-1,White,<=5s vs <=5s,2458
QDQcMesv,69,1-0,White,<=5s vs 5-10s,1754
WEjah15k,66,0-1,Black,<=5s vs 15-20s,2070
0YsDeW2l,54,0-1,Black,<=5s vs 10-15s,1561
QyE80Sjq,41,1-0,White,<=5s vs 10-15s,1453
GcpTfmNk,53,1-0,White,<=5s vs 15-20s,1620
gNnXzprd,105,1/2-1/2,White,<=5s vs 5-10s,1868
su7IQ3yv,76,0-1,Black,<=5s vs <=5s,1520
eTaIyG0H,95,1-0,White,<=5s vs 5-10s,1934
02jhldGa,85,1-0,White,<=5s vs 15-20s,1398
cRnzr2rY,47,1-0,White,<=5s vs 10-15s,1855
qs9fKwvo,67,1-0,White,<=5s vs 5-10s,1800
smnSGZ6j,84,0-1,Black,<=5s vs 10-15s,2109
PtnHmMIi,62,0-1,Black,<=5s vs 5-10s,2049
fGHxGRgY,62,0-1,Black,<=5s vs 5-10s,1587
wr3wjyyg,45,1-0,White,<=5s vs 10-15s,1176
tLKwQPrC,65,1-0,White,<=5s vs 10-15s,1976
IqYfUF0V,81,1-0,White,<=5s vs 5-10s,2100
Haxv19s4,93,1-0,White,<=5s vs 5-10s,2293
zzwKAA0G,75,1-0,White,<=5s vs 5-10s,1546
eGpTMi5N,74,0-1,Black,<=5s vs 5-10s,1863
MokU4F7O,97,1-0,White,<=5s vs 10-15s,1860
dN2OTAAi,55,1-0,White,<=5s vs 5-10s,819
fVeJ7e5W,100,1/2-1/2,Black,<=5s vs 15-20s,1893
qABXV0Ez,118,0-1,Black,<=5s vs <=5s,2386
zGrKXTUj,85,1-0,White,<=5s vs 15-20s,1997
pm9NUXjd,63,1-0,White,<=5s vs 5-10s,1666
Iyh61iF4,60,0-1,Black,<=5s vs 5-10s,1756
QoWVeXi2,117,1/2-1/2,White,<=5s vs 10-15s,2180
xqXYIBC0,66,0-1,Black,<=5s vs 15-20s,2149
l6S2xrVW,57,1-0,White,<=5s vs 10-15s,1514
5mTjEw5V,89,1-0,White,<=5s vs 10-15s,2122
v0Fmmo3c,70,0-1,Black,<=5s vs 10-15s,1929
U0AgYc9a,80,0-1,Black,<=5s vs 15-20s,1805
rqsq4XW8,130,0-1,Black,<=5s vs 15-20s,2357
yviPUWUb,62,1-0,Black,<=5s vs <=5s,958
yLvHuLjm,68,1-0,Black,<=5s vs <=5s,2100
Bt6Yszlw,90,1-0,Black,<=5s vs 5-10s,1906
9Ll0uOYV,58,0-1,Black,<=5s vs 10-15s,1408
wh9kDuLG,114,0-1,Black,<=5s vs 5-10s,2458
F93g3Pxd,59,1-0,White,<=5s vs 10-15s,1305
2Nx5jmxT,96,0-1,Black,<=5s vs <=5s,2320
Hc3ZNXZ4,100,1-0,Black,<=5s vs 10-15s,2089
9P7qfLYn,82,0-1,Black,<=5s vs 5-10s,2354
PmaQSbtm,38,0-1,Black,<=5s vs 15-20s,1689
1vN3dLhx,135,1-0,White,<=5s vs 5-10s,2549
t6bdgfWj,50,0-1,Black,<=5s vs <=5s,850
5hS4F9nT,92,0-1,Black,<=5s vs 5-10s,1871
Ruuxt7hX,119,1-0,White,<=5s vs 15-20s,1762
X212pZDM,51,1-0,White,<=5s vs 15-20s,1211
7v561QuD,76,0-1,Black,<=5s vs 5-10s,1688
w59pkHMJ,48,0-1,Black,<=5s vs 5-10s,1670
ldWClJEL,74,0-1,Black,<=5s vs 10-15s,2345
ZNgYMDQt,105,1/2-1/2,White,<=5s vs 5-10s,2686
JAguA7t3,70,0-1,Black,<=5s vs 5-10s,1630
x73brnO2,73,1-0,White,<=5s vs <=5s,1135
C1diJnth,62,0-1,Black,<=5s vs 5-10s,1747
ANfVy65J,74,0-1,Black,<=5s vs 5-10s,1062
Y99YuIWr,109,0-1,White,<=5s vs 15-20s,2453
kFdR1WQv,109,1/2-1/2,White,<=5s vs 10-15s,2329
5qxAUug4,53,1-0,White,<=5s vs 5-10s,1614
BCzR2Eib,63,1-0,White,<=5s vs 5-10s,1741
ggVrjCe3,41,1-0,White,<=5s vs 15-20s,893
OlMlGD6j,47,1-0,White,<=5s vs 5-10s,1014
h35z8hll,111,1-0,White,<=5s vs 10-15s,2293
6p7FABHk,99,1/2-1/2,White,<=5s vs 5-10s,2426
yr5hKvmm,58,0-1,Black,<=5s vs 15-20s,1972
TvvG2elW,76,0-1,Black,<=5s vs 5-10s,2251
AqQ4c41A,75,1-0,White,<=5s vs 5-10s,1546
XPmXMSPK,79,1-0,White,<=5s vs 10-15s,2220
Mo3v7bcF,53,1-0,White,<=5s vs 15-20s,2074
t2Civvlq,59,1-0,White,<=5s vs 10-15s,1110
AGpJnehi,115,0-1,White,<=5s vs 5-10s,2142
b85uvTkW,65,1-0,White,<=5s vs 5-10s,1000
FrAgbJvz,58,0-1,Black,<=5s vs 10-15s,1576
LckaqqAi,107,1-0,White,<=5s vs 10-15s,2015
RS4kIJLj,86,0-1,Black,<=5s vs 5-10s,1946
Q8uNYIqj,65,0-1,White,<=5s vs 5-10s,1616
ASNmZLmm,68,0-1,Black,<=5s vs 15-20s,2289
lEvIgaO5,165,1/2-1/2,White,<=5s vs <=5s,2182
d9T5iIKT,82,0-1,Black,<=5s vs <=5s,1462
YyNXBZQR,58,0-1,Black,<=5s vs 15-20s,1581
YLwJbHVW,70,0-1,Black,<=5s vs 10-15s,1709
Jj3VVRZl,119,1/2-1/2,White,<=5s vs 5-10s,2156
egQcx6IQ,48,0-1,Black,<=5s vs <=5s,1146
afuZqgLo,109,1-0,White,<=5s vs <=5s,2880
Nq1OvPIh,68,0-1,Black,<=5s vs 5-10s,2033
SrtFTuMK,66,0-1,Black,<=5s vs 15-20s,1846
FTtc9cOc,57,1-0,White,<=5s vs 5-10s,1153
7TIQYDVd,64,0-1,Black,<=5s vs 15-20s,2119
Y0HhRnRD,87,1-0,White,<=5s vs 15-20s,2402
UKhfMs7O,87,1-0,White,<=5s vs 5-10s,2095
rSvSjsYO,117,1/2-1/2,White,<=5s vs 5-10s,2199
5VQujqOw,104,1-0,Black,<=5s vs <=5s,2393
7LTK7tJT,86,0-1,Black,<=5s vs 15-20s,2046
EAQrYbas,85,1-0,White,<=5s vs 10-15s,2220
1Ow66NxM,60,0-1,Black,<=5s vs 15-20s,2347
7THKC9wF,79,1-0,White,<=5s vs 10-15s,2558
IjH2ualW,147,1-0,White,<=5s vs 5-10s,1516
0GcxmpYZ,39,0-1,White,<=5s vs 10-15s,1686
67iPKWSG,53,1-0,White,<=5s vs 10-15s,1096
vfxfzIOJ,75,1-0,White,<=5s vs 10-15s,1546
7p0IeSvi,75,1-0,White,<=5s vs 10-15s,1659
8y5IhISP,132,1-0,Black,<=5s vs 10-15s,2361
xvROqSGR,59,1-0,White,<=5s vs 15-20s,1521
XArHY6dA,107,1-0,White,<=5s vs 10-15s,1721
O0HzAiAI,68,0-1,Black,<=5s vs 5-10s,1315
IjOxlDIG,88,0-1,Black,<=5s vs <=5s,1425
r64LYU1h,56,0-1,Black,<=5s vs 5-10s,1493
KqcBjX0S,98,1/2-1/2,Black,<=5s vs 10-15s,1664
SXyezTLh,44,0-1,Black,<=5s vs 15-20s,1340
nS3h8zG9,43,1-0,White,<=5s vs 15-20s,1505
JWMuFPi5,88,0-1,Black,<=5s vs 10-15s,1916
GL8gKiZd,69,1-0,White,<=5s vs 5-10s,2091
2zVvy2Nd,70,0-1,Black,<=5s vs 5-10s,1570
5W5Hkk6Z,67,1-0,White,<=5s vs 5-10s,1558
1DLrcOhN,87,1-0,White,<=5s vs 5-10s,1808
JaseLgYG,97,1-0,White,<=5s vs <=5s,1856
v5DRo4K4,54,0-1,Black,<=5s vs 5-10s,1674
GQAXgaNd,78,0-1,Black,<=5s vs 5-10s,1276
h2NvNfj4,42,0-1,Black,<=5s vs 15-20s,857
ypG9M6g7,98,1-0,Black,<=5s vs <=5s,2694
ht1tmVhi,69,1-0,White,<=5s vs 5-10s,1258
G4L4QeeL,70,0-1,Black,<=5s vs 15-20s,1905
SHg07jWO,65,1-0,White,<=5s vs 10-15s,1946
7Ct1xq0d,74,0-1,Black,<=5s vs 5-10s,1730
McxbXdkG,79,1-0,White,<=5s vs <=5s,2020
0I78ldgx,78,0-1,Black,<=5s vs 10-15s,1692
N8OKrYjC,68,1-0,Black,<=5s vs <=5s,1065
ho6NJxCk,70,0-1,Black,<=5s vs 10-15s,1903
FBu0Ljvr,45,1-0,White,<=5s vs 10-15s,1812
8GsMBVcf,66,0-1,Black,<=5s vs 10-15s,1477
7AVnbMfL,107,1/2-1/2,White,<=5s vs <=5s,1639
mbBy6ccV,98,1/2-1/2,Black,<=5s vs 5-10s,2392
1vAI3OMk,65,1-0,White,<=5s vs 15-20s,2010
j5d6Meit,94,0-1,Black,<=5s vs 10-15s,2161
878kt8gi,74,1-0,Black,<=5s vs <=5s,1994
aR7peZLe,73,0-1,White,<=5s vs 5-10s,1994
ZkhRFaiA,70,0-1,Black,<=5s vs 10-15s,1558
zDSxXWMD,67,1-0,White,<=5s vs 5-10s,1720
VqJzoKjE,65,1-0,White,<=5s vs 15-20s,1702
efwfB3Cw,107,0-1,White,<=5s vs <=5s,2065
WkZ3LCdu,68,1-0,Black,<=5s vs 5-10s,1204
sBEsUcG0,88,0-1,Black,<=5s vs <=5s,1483
Rrnuf5EP,75,1-0,White,<=5s vs <=5s,1176
8AZMdzbQ,55,1-0,White,<=5s vs 10-15s,1494
5cmIFxSq,52,0-1,Black,<=5s vs 15-20s,1317
XZdcXSeR,50,0-1,Black,<=5s vs <=5s,895
AdstmLl2,66,1-0,Black,<=5s vs 5-10s,1818
kUw7iSNO,50,0-1,Black,<=5s vs 10-15s,1341
ft3CIsUU,45,1-0,White,<=5s vs 10-15s,2050
5JeEwTsg,82,0-1,Black,<=5s vs 5-10s,2439
BANxr1dk,70,0-1,Black,<=5s vs 5-10s,1425
v8G0qZlY,54,0-1,Black,<=5s vs 15-20s,1095
wcaOCaZY,68,0-1,Black,<=5s vs 10-15s,1717
Hr8iZBPO,110,0-1,Black,<=5s vs 15-20s,2842
gakNdLxg,93,1-0,White,<=5s vs 10-15s,2074
7fMpAATi,67,1-0,White,<=5s vs 10-15s,1197
Cv3ScMul,61,1-0,White,<=5s vs 15-20s,2001
KeeTrThp,79,1-0,White,<=5s vs 10-15s,2141
VybC9qxr,172,1/2-1/2,Black,<=5s vs 5-10s,2264
MhhjHSKy,72,0-1,Black,<=5s vs 10-15s,1715
3wPnyih8,51,1-0,White,<=5s vs 10-15s,1486
NiRAnc3C,76,0-1,Black,<=5s vs 5-10s,2319
dvM0EbxP,101,0-1,White,<=5s vs 5-10s,940
xTeh7lV7,61,1-0,White,<=5s vs 10-15s,2422
6iG3Da45,65,1-0,White,<=5s vs 5-10s,1997
WReNnFSp,52,0-1,Black,<=5s vs 10-15s,1290
1v8oLdVN,65,1-0,White,<=5s vs 15-20s,1811
sNprUhlt,88,0-1,Black,<=5s vs 5-10s,1725
oEAE1wbw,79,0-1,White,<=5s vs <=5s,1972
tB0Tki9P,54,0-1,Black,<=5s vs 15-20s,1540
PFqTPEUc,57,1-0,White,<=5s vs 5-10s,1912
5dY3WtjD,82,1-0,Black,<=5s vs 10-15s,1965
4OlXEfEh,113,1/2-1/2,White,<=5s vs 15-20s,1974
DGaf87b6,64,1-0,Black,<=5s vs <=5s,2023
wLhYlZfF,58,0-1,Black,<=5s vs 10-15s,1013
TtGOetjZ,79,1-0,White,<=5s vs 15-20s,1531
R6PZuIX4,54,0-1,Black,<=5s vs 10-15s,1132
ARcw926R,50,0-1,Black,<=5s vs 15-20s,1548
cXDwK92j,85,1-0,White,<=5s vs 5-10s,2020
zq7J7imq,110,0-1,Black,<=5s vs 10-15s,1963
3V0iSjsL,93,1/2-1/2,White,<=5s vs 5-10s,2153
XcmMSBta,110,0-1,Black,<=5s vs 10-15s,2598
ByBMSRke,104,1/2-1/2,Black,<=5s vs 5-10s,1490
P9Qal4UK,70,0-1,Black,<=5s vs 10-15s,2424
OhbhSgiZ,68,0-1,Black,<=5s vs 5-10s,1940
hlHLvkq7,163,1/2-1/2,White,<=5s vs 10-15s,1919
e44xwhYQ,52,0-1,Black,<=5s vs 5-10s,909
3Kt1CxW2,73,1-0,White,<=5s vs 5-10s,1579
0rSoCiu9,115,1-0,White,<=5s vs 10-15s,2735
LFEGPSfR,74,1-0,Black,<=5s vs 15-20s,2444
czf1jyAf,94,0-1,Black,<=5s vs 15-20s,2634
JJaIGzl1,105,1/2-1/2,White,<=5s vs <=5s,2435
TAXXyETA,63,1-0,White,<=5s vs 5-10s,2572
81JW5kPU,110,1-0,Black,<=5s vs 5-10s,2343
Kk2HLt2n,58,0-1,Black,<=5s vs 15-20s,2105
9JZKXSMh,93,1/2-1/2,White,<=5s vs 15-20s,2469
EMTyyjpE,45,1-0,White,<=5s vs 15-20s,1695
lNC8QEE9,69,1-0,White,<=5s vs 15-20s,1751
pqxzGDAA,125,1/2-1/2,White,<=5s vs 5-10s,2592
kt9NZnQn,55,1-0,White,<=5s vs 15-20s,1730
j4lv4Zgs,99,1-0,White,<=5s vs 10-15s,2095
63ilA3YH,58,0-1,Black,<=5s vs 15-20s,1755
RafDBeXk,74,0-1,Black,<=5s vs 5-10s,2184
NDfbrjaA,117,1-0,White,<=5s vs 5-10s,2670
43O3SAGd,65,1-0,White,<=5s vs 5-10s,1920
FxR4HskB,73,1-0,White,<=5s vs 10-15s,2049
AYAK5nLN,37,1-0,White,<=5s vs 15-20s,1374
leutk3en,72,1-0,Black,<=5s vs 5-10s,1953
ZKLgAYHh,129,1-0,White,<=5s vs <=5s,2861
wAkA7qRE,104,0-1,Black,<=5s vs 15-20s,2574
Ep9aft1e,72,1-0,Black,<=5s vs 5-10s,2180
eXhHzJU5,74,0-1,Black,<=5s vs 10-15s,1647
ax39ef8U,65,1-0,White,<=5s vs 10-15s,1519
GCqAe8FJ,109,1/2-1/2,White,<=5s vs 10-15s,2109
MU5jyo9k,63,1-0,White,<=5s vs 15-20s,1628
SZn8TSxR,75,0-1,White,<=5s vs 5-10s,1931
MrO7ezTr,81,0-1,White,<=5s vs <=5s,2425
MeZ5ZKq6,69,1-0,White,<=5s vs 10-15s,2166
WTvsRjiR,123,1-0,White,<=5s vs 5-10s,2148
CLOyOV5s,69,1-0,White,<=5s vs 15-20s,1258
nfFkwVtE,103,1-0,White,<=5s vs 10-15s,2004
CwB6lgIP,35,1-0,White,<=5s vs 15-20s,715
EClZsWwS,68,0-1,Black,<=5s vs 10-15s,1534
XkSpgOqx,116,0-1,Black,<=5s vs 5-10s,1713
8kZR4niU,41,1-0,White,<=5s vs 15-20s,983
g7Qtplka,85,0-1,White,<=5s vs 5-10s,2298
EfHNQyQD,94,1-0,Black,<=5s vs <=5s,2373
2NKn3DOC,74,0-1,Black,<=5s vs 5-10s,1737
LCJ05PQS,45,1-0,White,<=5s vs 15-20s,975
8bU5yR0Q,86,0-1,Black,<=5s vs 5-10s,1608
wy1HdKER,48,0-1,Black,<=5s vs 15-20s,1085
PkxAwf1b,76,1-0,Black,<=5s vs 5-10s,2225
7BYGM7LW,91,1-0,White,<=5s vs 5-10s,2298
RCwIJT8p,112,0-1,Black,<=5s vs 5-10s,2190
DvWdrJJN,71,1-0,White,<=5s vs 5-10s,2137
gNOIY4kG,51,1-0,White,<=5s vs 15-20s,1353
Mur5mioZ,88,0-1,Black,<=5s vs 5-10s,1891
33J43Wdp,64,1-0,Black,<=5s vs 5-10s,1901
AdPqFfjt,98,0-1,Black,<=5s vs 5-10s,1881
HDFbclGH,48,0-1,Black,<=5s vs 10-15s,1025
kvWfIchu,64,0-1,Black,<=5s vs 5-10s,1175
cwtB7lnS,98,0-1,Black,<=5s vs 10-15s,2485
TIbyoqQU,66,0-1,Black,<=5s vs 5-10s,1196
wifDnw7Q,93,1-0,White,<=5s vs 15-20s,2461
tF3MxGXV,45,1-0,White,<=5s vs 5-10s,1790
4e5uW9fv,63,1-0,White,<=5s vs 10-15s,1286
RddF38yX,44,0-1,Black,<=5s vs 10-15s,1182
Hk3VftMS,89,1-0,White,<=5s vs 10-15s,2232
joFzPcPW,67,1-0,White,<=5s vs 5-10s,1498
l8iMhcwF,66,0-1,Black,<=5s vs 15-20s,2011
1iMv3Y1c,48,0-1,Black,<=5s vs 10-15s,1630
7GQ0o8QF,42,0-1,Black,<=5s vs 5-10s,1050
WLfAi4jb,91,1-0,White,<=5s vs 5-10s,1533
C6mvyurJ,47,1-0,White,<=5s vs 15-20s,1674
I4sEXV0Y,110,1/2-1/2,Black,<=5s vs <=5s,2059
0iBTzMSC,78,0-1,Black,<=5s vs 10-15s,1567
uNlQuhMh,87,0-1,White,<=5s vs <=5s,1429
0xLkvGdU,55,1-0,White,<=5s vs <=5s,1634
ofh2kvB7,128,1-0,Black,<=5s vs 5-10s,1608
7gJai7NH,62,0-1,Black,<=5s vs 15-20s,1850
4A1T3qsG,61,1-0,White,<=5s vs 5-10s,1500
2jSxQRtH,63,0-1,White,<=5s vs 5-10s,1866
x6oaMla2,95,1-0,White,<=5s vs <=5s,1838
FKcIEUJX,112,1-0,Black,<=5s vs <=5s,1897
UpZ7iTlk,87,1-0,White,<=5s vs <=5s,1563
PbDK1bkm,60,0-1,Black,<=5s vs 5-10s,1523
aIRuDQm2,72,0-1,Black,<=5s vs 15-20s,2331
DbL5yOWM,87,1-0,White,<=5s vs 15-20s,2017
PbIR0a3j,66,1-0,Black,<=5s vs <=5s,1575
6qSzT9DN,78,1/2-1/2,Black,<=5s vs 15-20s,1892
5fJWJ6Sj,79,1-0,White,<=5s vs 15-20s,1800
9c5oKQnE,62,1-0,Black,<=5s vs 5-10s,1937
9596qIjY,87,0-1,White,<=5s vs 5-10s,1744
XYvJi3Wk,112,0-1,Black,<=5s vs 10-15s,1657
chjHntD6,61,1-0,White,<=5s vs 10-15s,1977
GT5HiEWw,54,0-1,Black,<=5s vs 15-20s,1266
t046Tl4I,48,0-1,Black,<=5s vs 15-20s,1298
rV0WnUT4,69,1-0,White,<=5s vs <=5s,2087
LLLGi8kV,123,1-0,White,<=5s vs 5-10s,2543
om4lh5db,95,1-0,White,<=5s vs 15-20s,2506
2zP0yI7Y,94,0-1,Black,<=5s vs 5-10s,1776
8RKaZbLi,61,1-0,White,<=5s vs 10-15s,2227
2ysLFFMi,65,1-0,White,<=5s vs 5-10s,1901
UFOkGqZm,66,0-1,Black,<=5s vs 5-10s,2371
zzEhLNEf,91,1-0,White,<=5s vs 15-20s,1336
IWZL3Gbs,187,1/2-1/2,White,<=5s vs 15-20s,2288
Q3iG3tUy,117,1-0,White,<=5s vs 10-15s,2543
LxY3gjgm,90,0-1,Black,<=5s vs 15-20s,2468
43ZMK1sa,116,0-1,Black,<=5s vs <=5s,1890
hoOXyuRl,73,1-0,White,<=5s vs 5-10s,1662
5FuQJZoa,91,1-0,White,<=5s vs 5-10s,2252
RxdevU5o,61,1-0,White,<=5s vs 15-20s,2097
aHYbusq7,65,0-1,White,<=5s vs <=5s,931
0gIokcs0,90,0-1,Black,<=5s vs 15-20s,2033
g2vsCeiM,69,1-0,White,<=5s vs 5-10s,1537
z6W7J7YB,114,1/2-1/2,Black,<=5s vs 5-10s,2737
nzvo2bw0,92,0-1,Black,<=5s vs 5-10s,1881
gvXjUuYQ,55,1-0,White,<=5s vs 15-20s,1171
C1xhcc3R,75,1-0,White,<=5s vs 10-15s,2685
yoTm5IXH,79,1-0,White,<=5s vs 5-10s,1749
LiVgDe2f,47,1-0,White,<=5s vs 15-20s,1384
wZVHGgIB,92,0-1,Black,<=5s vs 5-10s,2511
IPcWyyTJ,73,1-0,White,<=5s vs 15-20s,2633
AKs7v5Tq,80,0-1,Black,<=5s vs <=5s,2363
LntyJRDi,67,1-0,White,<=5s vs 10-15s,2475
RcN984sX,80,0-1,Black,<=5s vs 15-20s,1307
E7yLuGsm,79,1-0,White,<=5s vs <=5s,1290
avvjXQrl,94,1-0,Black,<=5s vs 5-10s,2462
kel6oTjv,75,1-0,White,<=5s vs 10-15s,1523
56r8j6U7,53,1-0,White,<=5s vs <=5s,1072
1JBmsmEN,116,0-1,Black,<=5s vs 5-10s,2524
qd2QrPNT,68,0-1,Black,<=5s vs 15-20s,1769
WXvloSGz,98,0-1,Black,<=5s vs 15-20s,2392
ShEmfyEQ,56,0-1,Black,<=5s vs 5-10s,1673
hQHVlnIk,74,1-0,Black,<=5s vs <=5s,1919
2FZAIDSJ,54,0-1,Black,<=5s vs 15-20s,1598
5utscRaU,51,1-0,White,<=5s vs 5-10s,1670
hSLlO8At,82,0-1,Black,<=5s vs 15-20s,1707
upYuf6FK,113,1/2-1/2,White,<=5s vs 10-15s,1623
xAUezbNC,78,0-1,Black,<=5s vs 10-15s,1837
suds4cgF,61,1-0,White,<=5s vs 5-10s,1614
2IlOkCNR,65,1-0,White,<=5s vs 5-10s,1722
fm5EWRoy,75,1-0,White,<=5s vs 5-10s,2184
GbeeiwhF,76,1-0,Black,<=5s vs 5-10s,2045
7MvW8G9f,58,0-1,Black,<=5s vs 10-15s,1781
CdnRugal,58,1-0,Black,<=5s vs 5-10s,1477
iQtl3b9E,78,0-1,Black,<=5s vs 10-15s,2420
DuSPQ9NR,95,1-0,White,<=5s vs 15-20s,2062
UcoRSnzu,83,1-0,White,<=5s vs <=5s,1278
QJqPC3gL,41,0-1,White,<=5s vs 15-20s,1256
bf4L3kVs,103,1-0,White,<=5s vs <=5s,1999
jQwoHS7w,50,0-1,Black,<=5s vs 15-20s,2008
8xNUf3My,84,0-1,Black,<=5s vs 15-20s,1970
rKMdmlx5,159,1/2-1/2,White,<=5s vs 5-10s,1707
sXpdFjQ3,61,1-0,White,<=5s vs 15-20s,717
ffILYzCo,45,1-0,White,<=5s vs 15-20s,970
mfMSpqSk,38,0-1,Black,<=5s vs 10-15s,1058
BfKXE4cX,113,1/2-1/2,White,<=5s vs <=5s,2241
OXMH2MZ1,53,1-0,White,<=5s vs 15-20s,1231
iqyhEe3a,109,1/2-1/2,White,<=5s vs 15-20s,2407
AW3GdM1g,105,1-0,White,<=5s vs 5-10s,2465
GSWnPewv,65,0-1,White,<=5s vs 5-10s,1888
Z7KTC6GC,92,0-1,Black,<=5s vs 5-10s,1984
sRbXiU4b,52,0-1,Black,<=5s vs 5-10s,1316
j0vYJR3Q,106,0-1,Black,<=5s vs 15-20s,2545
745GVDdT,43,1-0,White,<=5s vs 5-10s,1086
HQDWJd2L,82,0-1,Black,<=5s vs 15-20s,2415
Q90rH1WS,78,0-1,Black,<=5s vs 5-10s,1870
TxKqL9mF,50,0-1,Black,<=5s vs 5-10s,1610
ocEXGz4R,62,0-1,Black,<=5s vs 10-15s,1344
NPUeZDfp,176,0-1,Black,<=5s vs <=5s,2643
dF51FGbR,105,1-0,White,<=5s vs 10-15s,2057
0wK6aF1C,68,1-0,Black,<=5s vs <=5s,1362
AcawSSbm,42,0-1,Black,<=5s vs 5-10s,1485
PKn0Bu8R,74,1-0,Black,<=5s vs <=5s,1721
lzcFYsoh,66,0-1,Black,<=5s vs 10-15s,2107
edwsoFVv,47,1-0,White,<=5s vs 10-15s,1453
1jiiYxfQ,60,0-1,Black,<=5s vs 15-20s,1953
U1IxNSrE,77,1-0,White,<=5s vs 5-10s,1902
Pci7GY7i,71,1-0,White,<=5s vs 15-20s,2100
nNty4Br5,67,1-0,White,<=5s vs 10-15s,2248
Z34x6WGH,85,1-0,White,<=5s vs 5-10s,1894
trmp31oa,47,1-0,White,<=5s vs 15-20s,1298
JvSrYAxX,55,1-0,White,<=5s vs 15-20s,1701
FIWinEDh,80,0-1,Black,<=5s vs <=5s,1325
LXSMeTXy,101,1-0,White,<=5s vs 10-15s,1504
6dJuaOl8,39,1-0,White,<=5s vs <=5s,903
KvUeIs7F,89,1-0,White,<=5s vs 10-15s,2072
rnCN9SBm,66,1-0,Black,<=5s vs 5-10s,2304
WhmkQvUR,104,0-1,Black,<=5s vs 15-20s,2242
oiYdEpdN,47,1-0,White,<=5s vs 15-20s,1142
91VZ0lqM,63,1-0,White,<=5s vs 15-20s,2076
lNpKly5H,68,0-1,Black,<=5s vs <=5s,1483
TqR8rm5X,88,1/2-1/2,Black,<=5s vs 15-20s,2130
NcdSIWNp,92,0-1,Black,<=5s vs 15-20s,1957
fqNXq0G5,39,0-1,White,<=5s vs <=5s,768
ENVpLbVz,90,0-1,Black,<=5s vs <=5s,1487
5TpNuR5O,82,0-1,Black,<=5s vs 10-15s,2214
Hb7o887Y,76,0-1,Black,<=5s vs 10-15s,1744
tOZQEIxX,56,0-1,Black,<=5s vs 15-20s,1492
ge84PCkK,58,0-1,Black,<=5s vs 15-20s,1613
MDS6Wvjq,69,1-0,White,<=5s vs 5-10s,2456
aIVGVz4f,82,0-1,Black,<=5s vs <=5s,2149
NsXhqFmg,58,0-1,Black,<=5s vs <=5s,1975
QBm6uAYK,90,1-0,Black,<=5s vs 5-10s,2244
1YgT3CSC,59,0-1,White,<=5s vs <=5s,2521
dfyeFkIU,49,1-0,White,<=5s vs 15-20s,1951
OFaAMY4S,78,1-0,Black,<=5s vs <=5s,2211
rneskdDE,80,0-1,Black,<=5s vs 5-10s,1602
orKMIYku,34,0-1,Black,<=5s vs 15-20s,1013
4gcHR3az,67,0-1,White,<=5s vs 5-10s,1757
juOwFTdD,75,1-0,White,<=5s vs <=5s,1400
3Fk964QG,38,1-0,Black,<=5s vs <=5s,1392
4vXPsiWe,47,0-1,White,<=5s vs 5-10s,1324
W9Z7rHu7,72,0-1,Black,<=5s vs 5-10s,1926
Jl8RClR5,91,1-0,White,<=5s vs <=5s,2246
Me4TFWYy,85,1-0,White,<=5s vs 10-15s,1886
6XrKvxAi,69,1-0,White,<=5s vs 15-20s,2212
paYgqRMo,92,0-1,Black,<=5s vs 10-15s,2131
0NfKR00V,56,0-1,Black,<=5s vs <=5s,1480
sioLLqGK,85,1-0,White,<=5s vs <=5s,1447
75NuiofD,84,0-1,Black,<=5s vs 10-15s,1158
TRoxSiGp,58,1-0,Black,<=5s vs 5-10s,2592
xuhSMwy7,90,0-1,Black,<=5s vs 5-10s,1100
dWg5FLoE,81,0-1,White,<=5s vs <=5s,1683
anYMclkm,125,0-1,White,<=5s vs 5-10s,1894
4iqcUedH,57,1-0,White,<=5s vs 15-20s,2322
3H8ckHVt,52,0-1,Black,<=5s vs 15-20s,1500
rEQYAiU4,57,1-0,White,<=5s vs 15-20s,1271
pGvUWEsn,66,1-0,Black,<=5s vs 10-15s,1811
tVQOPWte,68,0-1,Black,<=5s vs 10-15s,2177
PPppBbaU,88,0-1,Black,<=5s vs 15-20s,1787
OwlsPgb5,105,1-0,White,<=5s vs 10-15s,2733
9FOhK24O,73,1-0,White,<=5s vs 10-15s,1798
NwSHJYxV,40,0-1,Black,<=5s vs 15-20s,1077
VhOh3rzR,53,1-0,White,<=5s vs 5-10s,1308
qWADEOt5,51,1-0,White,<=5s vs 15-20s,1434
XUS0Apdu,83,0-1,White,<=5s vs 5-10s,1854
uRzGFKOH,105,1-0,White,<=5s vs 5-10s,1813
c55begv4,88,0-1,Black,<=5s vs 15-20s,2083
AXYEKNQn,59,1-0,White,<=5s vs <=5s,1017
4M7BsacM,70,0-1,Black,<=5s vs 5-10s,1763
hOi4kr5K,95,1/2-1/2,White,<=5s vs <=5s,2273
bED1WDP4,69,1-0,White,<=5s vs 5-10s,1930
aCsXxlo9,64,0-1,Black,<=5s vs 15-20s,1101
ZAg804qA,58,0-1,Black,<=5s vs <=5s,953
OjX3knpF,73,1-0,White,<=5s vs 10-15s,1731
NRysPug2,41,1-0,White,<=5s vs 10-15s,1394
DeTJujzk,38,0-1,Black,<=5s vs 15-20s,2940
yiP9VmIl,104,0-1,Black,<=5s vs 15-20s,2169
0urpyBok,85,1-0,White,<=5s vs 5-10s,1871
LOHY08NX,60,0-1,Black,<=5s vs 10-15s,1925
7kp4KEj9,65,1-0,White,<=5s vs <=5s,1904
N1nT2U6e,89,1-0,White,<=5s vs 5-10s,2625
b1ppIXe4,80,0-1,Black,<=5s vs 5-10s,2261
KjdTpZ18,116,1-0,Black,<=5s vs 5-10s,2758
jl8XcEqw,51,1-0,White,<=5s vs 15-20s,1801
Oq2Ot44o,52,0-1,Black,<=5s vs 5-10s,940
fqoUaIXe,71,1-0,White,<=5s vs 5-10s,1974
PnCiTaFS,122,0-1,Black,<=5s vs 10-15s,2615
CE6sv1NO,92,0-1,Black,<=5s vs <=5s,1828
dM5Ae6ew,52,1-0,Black,<=5s vs 15-20s,1811
0wtcS9jy,72,0-1,Black,<=5s vs 5-10s,1808
OpeuRZZg,96,0-1,Black,<=5s vs 5-10s,1550
18odF4DO,115,1/2-1/2,White,<=5s vs <=5s,2069
dh7OTw9i,66,0-1,Black,<=5s vs 5-10s,1242
R8Pc5ilH,107,1-0,White,<=5s vs 5-10s,2957
I7zSptdu,43,1-0,White,<=5s vs 10-15s,837
9n6ttpOQ,101,1-0,White,<=5s vs 5-10s,2011
u9ERSZtY,64,0-1,Black,<=5s vs 10-15s,1744
YfZO8ibm,64,0-1,Black,<=5s vs <=5s,1356
xy2rK2U9,52,1-0,Black,<=5s vs 5-10s,1705
1Cu3YqSR,74,1-0,Black,<=5s vs 15-20s,1945
krsmQHdn,50,0-1,Black,<=5s vs 15-20s,1841
lmnBlJ7U,77,1-0,White,<=5s vs 5-10s,2041
P4gT2me7,122,1-0,Black,<=5s vs <=5s,2118
hbIS9qrw,70,0-1,Black,<=5s vs 10-15s,2042
UgaDVlbX,106,0-1,Black,<=5s vs 5-10s,2555
fIQbkDgt,65,1-0,White,<=5s vs 10-15s,2240
N3NTXrLi,40,0-1,Black,<=5s vs 15-20s,920
RlXOQcAj,78,1-0,Black,<=5s vs <=5s,1196
FkPjLrKU,107,1-0,White,<=5s vs 10-15s,2345
Z8m6gYtE,40,0-1,Black,<=5s vs 10-15s,1411
YwHqLD70,78,1-0,Black,<=5s vs <=5s,2067
RTzxBOT0,70,0-1,Black,<=5s vs 5-10s,1029
4uOXD6u8,47,0-1,White,<=5s vs <=5s,1007
624St70D,68,0-1,Black,<=5s vs 5-10s,1334
Tv732lrz,75,1-0,White,<=5s vs 10-15s,1729
99Z1E6Rm,58,0-1,Black,<=5s vs <=5s,1659
9WzCzcsy,95,1-0,White,<=5s vs 5-10s,1876
HqPGeT5I,71,0-1,White,<=5s vs 15-20s,1523
Fw1Zk6lk,60,1/2-1/2,Black,<=5s vs 5-10s,1414
JvOX6JFD,97,1-0,White,<=5s vs 5-10s,2244
Ls0MOw7b,94,1-0,Black,<=5s vs <=5s,2386
tz4Pu5yC,59,1-0,White,<=5s vs 15-20s,1639
mV3YNZGs,50,0-1,Black,<=5s vs 10-15s,942
PxlQiwRP,58,0-1,Black,<=5s vs 5-10s,1183
vkZeG5lY,78,0-1,Black,<=5s vs 15-20s,1935
s6bRuSeq,89,1-0,White,<=5s vs 15-20s,2723
BGt6inHd,81,1-0,White,<=5s vs <=5s,1947
cGxP8U7j,66,0-1,Black,<=5s vs 5-10s,1585
b8HXLuxy,73,1-0,White,<=5s vs <=5s,1398
OaJ5c5MS,39,1-0,White,<=5s vs 15-20s,860
23rfLuUK,66,1-0,Black,<=5s vs 5-10s,1758
gNC85Iiu,85,1-0,White,<=5s vs 10-15s,2084
55CHHgW4,113,1-0,White,<=5s vs 5-10s,2927
uj9DyXr3,34,0-1,Black,<=5s vs 5-10s,1008
hBqS633t,63,1-0,White,<=5s vs 15-20s,1238
i1ChRzuv,84,0-1,Black,<=5s vs <=5s,1987
vLKw2LGJ,99,1-0,White,<=5s vs 10-15s,1654
IEk3Juqi,72,0-1,Black,<=5s vs 10-15s,1709
YAzbLC48,64,1-0,Black,<=5s vs 10-15s,1849
Udln60qP,90,1-0,Black,<=5s vs <=5s,1695
BUA2u5rg,39,1-0,White,<=5s vs 15-20s,814
ZT4Ds87g,53,1-0,White,<=5s vs 5-10s,1151
oSglyRpl,92,0-1,Black,<=5s vs 10-15s,2515
IFtzTcuP,89,1-0,White,<=5s vs 5-10s,2153
r2eHmJip,74,0-1,Black,<=5s vs <=5s,1861
C3lWBxR9,52,0-1,Black,<=5s vs 10-15s,1249
PslVOZ3M,69,1-0,White,<=5s vs 10-15s,2051
4b6O1l3P,74,0-1,Black,<=5s vs 10-15s,1948
drVXvS3n,68,0-1,Black,<=5s vs 15-20s,2265
OR53aLES,90,0-1,Black,<=5s vs 5-10s,1810
RPnThAl5,63,1-0,White,<=5s vs 10-15s,1751
UgR8jGjx,54,1-0,Black,<=5s vs 5-10s,1300
5PbL00Yy,71,0-1,White,<=5s vs 5-10s,1788
XZgzoaWN,85,1/2-1/2,White,<=5s vs 15-20s,1141
G1tUSXdp,112,0-1,Black,<=5s vs 15-20s,1869
RbOU7WBK,61,0-1,White,<=5s vs 5-10s,1550
iLhRutvm,64,1-0,Black,<=5s vs <=5s,1238
52x98du0,50,0-1,Black,<=5s vs 10-15s,1416
YkURw4VG,83,1-0,White,<=5s vs 5-10s,2790
nui1VlJX,57,1-0,White,<=5s vs 5-10s,1311
ujSp1m3l,90,0-1,Black,<=5s vs 5-10s,1769
xuxwqe3B,82,0-1,Black,<=5s vs 15-20s,2561
xw2kz4jB,68,0-1,Black,<=5s vs 15-20s,1288
HlUwRwaE,110,0-1,Black,<=5s vs <=5s,2415
uQkDDM4U,110,0-1,Black,<=5s vs 15-20s,2253
BVfTzaue,51,1-0,White,<=5s vs 10-15s,980
7PsfyU04,70,0-1,Black,<=5s vs 15-20s,1396
U9utAIk2,65,1-0,White,<=5s vs 5-10s,1366
s0EGXCZU,112,0-1,Black,<=5s vs 10-15s,2454
q7lOpqbU,55,0-1,White,<=5s vs 15-20s,1297
dSl50gbk,122,0-1,Black,<=5s vs 5-10s,2569
ljKR5icL,69,1-0,White,<=5s vs 15-20s,1427
kmsD8Me8,30,0-1,Black,<=5s vs 10-15s,1687
j0KcdQFm,67,0-1,White,<=5s vs 5-10s,1882
rUIUZpfL,66,0-1,Black,<=5s vs 15-20s,1823
oiLltoHH,83,1-0,White,<=5s vs 15-20s,1683
i5klIFr5,68,0-1,Black,<=5s vs 5-10s,1481
WVQYA1Ad,62,0-1,Black,<=5s vs <=5s,1109
18Ru04DA,100,0-1,Black,<=5s vs 5-10s,1826
69fo8zjs,70,0-1,Black,<=5s vs 10-15s,1962
SGKGIttb,91,1-0,White,<=5s vs 10-15s,1926
hgvbd5S7,75,1-0,White,<=5s vs 5-10s,2106
cQKqNyUH,66,0-1,Black,<=5s vs 10-15s,1541
5XQ5JXz2,137,0-1,White,<=5s vs 15-20s,1610
0JzUWurK,88,0-1,Black,<=5s vs 15-20s,2182
8xEZfOh7,80,0-1,Black,<=5s vs 5-10s,2203
6C3KxgLD,105,0-1,White,<=5s vs 5-10s,2360
pZ1aZPTU,69,1/2-1/2,White,<=5s vs 5-10s,1103
PCr7Xpm1,44,0-1,Black,<=5s vs 15-20s,2065
TK5YZnq3,46,0-1,Black,<=5s vs <=5s,1245
gsB2437e,50,0-1,Black,<=5s vs 10-15s,753
49VzXLvx,76,0-1,Black,<=5s vs 10-15s,2455
SXCFKVst,113,1-0,White,<=5s vs 15-20s,1602
jwuleNCB,75,1-0,White,<=5s vs 5-10s,1642
Ojy93z0Q,89,1-0,White,<=5s vs <=5s,2131
JbPiW0fK,73,1-0,White,<=5s vs 5-10s,1765
tHhoeSh8,126,0-1,Black,<=5s vs 15-20s,2280
nNLF56EZ,38,0-1,Black,<=5s vs 15-20s,1352
2gj63EVJ,47,1-0,White,<=5s vs 15-20s,1092
lM7u0614,47,0-1,White,<=5s vs 5-10s,1052
jdRTB0ot,44,0-1,Black,<=5s vs <=5s,732
fKoeXJhQ,90,1/2-1/2,Black,<=5s vs 10-15s,2430
a2NN8QbI,58,0-1,Black,<=5s vs 5-10s,1856
LdG0vWuf,94,0-1,Black,<=5s vs 5-10s,1934
GiR9ule2,66,0-1,Black,<=5s vs 10-15s,1808
LfNN4Lvf,59,1-0,White,<=5s vs 15-20s,1610
dOLhYuwF,51,1-0,White,<=5s vs 5-10s,1260
VAOdJjrS,57,0-1,White,<=5s vs 5-10s,1663
FMOEJb2j,57,1-0,White,<=5s vs 10-15s,1928
QqaOFO0A,90,0-1,Black,<=5s vs 15-20s,1850
vwRbDxJA,68,1-0,Black,<=5s vs 5-10s,1739
BLgC476k,76,0-1,Black,<=5s vs 5-10s,1539
RIRnPXnn,66,0-1,Black,<=5s vs 5-10s,1966
LQYcZux6,74,0-1,Black,<=5s vs 15-20s,1796
oUgniZ7N,71,1-0,White,<=5s vs 10-15s,1844
V2aXK51N,41,1-0,White,<=5s vs 10-15s,1199
0hS8UJx7,89,1-0,White,<=5s vs 5-10s,1999
WKgFxMUc,122,1/2-1/2,Black,<=5s vs 5-10s,2868
stQOmCQf,66,0-1,Black,<=5s vs 15-20s,1667
9ew1h2Su,85,1-0,White,<=5s vs 5-10s,2226
e85KYy1w,57,1-0,White,<=5s vs 5-10s,1121
O7FCmFei,74,0-1,Black,<=5s vs 5-10s,1924
ZhgESrSd,65,1-0,White,<=5s vs 5-10s,1520
cdlbBKiD,67,1-0,White,<=5s vs 10-15s,1201
ZO5MrE2o,95,1/2-1/2,White,<=5s vs 10-15s,2462
ErbYaXDD,30,1-0,Black,<=5s vs 15-20s,1126
gFp3dOGe,94,0-1,Black,<=5s vs 10-15s,1871
vqIIPpti,62,0-1,Black,<=5s vs <=5s,1108
ULP7z6JZ,79,0-1,White,<=5s vs 10-15s,1683
PzFR9nJt,87,0-1,White,<=5s vs <=5s,1259
Q00VIHrU,49,1-0,White,<=5s vs 10-15s,1661
FZkQToTH,61,1-0,White,<=5s vs 5-10s,2290
AQPJbdMu,104,0-1,Black,<=5s vs 15-20s,1376
5tgq5Pit,111,1-0,White,<=5s vs 15-20s,2602
sZPHJwwd,65,1-0,White,<=5s vs 5-10s,2102
OecDWgzN,96,0-1,Black,<=5s vs <=5s,2047
JHx6fsU9,50,0-1,Black,<=5s vs 5-10s,1312
WbtFD9Es,71,1-0,White,<=5s vs 10-15s,2668
K3YJBTir,72,0-1,Black,<=5s vs 5-10s,1721
U3H8afGW,126,1-0,Black,<=5s vs 15-20s,2416
1TcbpGFt,115,1/2-1/2,White,<=5s vs 5-10s,2044
5LBHEiex,77,0-1,White,<=5s vs 5-10s,1582
TF7Wnt6X,110,0-1,Black,<=5s vs <=5s,2566
BIisPSsQ,79,1-0,White,<=5s vs 5-10s,1826
LhR4fQ3q,77,1-0,White,<=5s vs 15-20s,1640
iLLehiJl,83,1-0,White,<=5s vs 5-10s,1826
UbWe0T0W,61,1-0,White,<=5s vs 5-10s,1287
bmxciXKa,81,1/2-1/2,White,<=5s vs 15-20s,1492
jp5TxmKh,98,0-1,Black,<=5s vs 5-10s,2418
JufHvWQW,69,1-0,White,<=5s vs 5-10s,1359
haHs1pgl,50,0-1,Black,<=5s vs 10-15s,1851
bJy4Aud5,67,1-0,White,<=5s vs 10-15s,1743
UFe4HtPg,90,1-0,Black,<=5s vs <=5s,1346
1R0uMi8j,126,1-0,Black,<=5s vs 5-10s,2463
L4Jz0F5e,78,0-1,Black,<=5s vs 5-10s,2199
9A6FGlVW,79,1-0,White,<=5s vs <=5s,2412
0EIXoQy4,88,1-0,Black,<=5s vs 10-15s,1824
HEEYYTkb,57,1-0,White,<=5s vs 15-20s,1205
6HoQ89Aa,84,0-1,Black,<=5s vs 10-15s,1906
Ghva0hIA,63,0-1,White,<=5s vs 5-10s,1652
IFpuvFvv,97,1-0,White,<=5s vs 10-15s,2591
ay1esh4A,72,0-1,Black,<=5s vs 10-15s,2175
LLow9MTT,65,0-1,White,<=5s vs 5-10s,1337
QcAbvrNY,89,1-0,White,<=5s vs <=5s,2213
54liDadY,54,0-1,Black,<=5s vs 15-20s,2470
vIKrgUvY,75,1-0,White,<=5s vs 10-15s,2079
Ruge5lfX,62,0-1,Black,<=5s vs <=5s,1890
GGHy0DOY,78,0-1,Black,<=5s vs 5-10s,1802
quflYQhu,57,1-0,White,<=5s vs 15-20s,1634
oTYArwtt,44,0-1,Black,<=5s vs 10-15s,1643
fQBOInXp,49,1-0,White,<=5s vs 15-20s,1476
7HRRMGJj,84,1-0,Black,<=5s vs 10-15s,2064
AleRxMcN,85,1-0,White,<=5s vs 10-15s,1886
I1zla2sf,51,1-0,White,<=5s vs 15-20s,1206
9Tu8WEdN,90,0-1,Black,<=5s vs 10-15s,1986
fawfrInt,74,0-1,Black,<=5s vs 5-10s,2007
urfbj8QD,54,0-1,Black,<=5s vs 15-20s,1666
Pxl456Ez,71,1-0,White,<=5s vs 5-10s,2358
4BOGFxkf,98,0-1,Black,<=5s vs 10-15s,2229
XvfxYsLo,104,0-1,Black,<=5s vs 5-10s,1798
Vd3utCUA,77,1-0,White,<=5s vs 5-10s,1253
S2SPdq8K,82,1/2-1/2,Black,<=5s vs 10-15s,2158
7keGWzJC,86,0-1,Black,<=5s vs 10-15s,2547
NiOr2MV4,100,0-1,Black,<=5s vs 5-10s,2631
j1uHBOMi,88,0-1,Black,<=5s vs <=5s,2227
v7eGIYPh,84,0-1,Black,<=5s vs 10-15s,1320
os7slIfr,50,0-1,Black,<=5s vs 10-15s,1219
mQgXSmKq,88,0-1,Black,<=5s vs 15-20s,2039
NCSYdtGX,56,1-0,Black,<=5s vs 15-20s,1614
aqpga3ry,78,0-1,Black,<=5s vs 5-10s,1834
cEUiyA7S,82,0-1,Black,<=5s vs 10-15s,2483
ensKEh69,71,1-0,White,<=5s vs 10-15s,2158
DIpXDbAW,100,0-1,Black,<=5s vs 5-10s,2100
mBbW5iAe,80,0-1,Black,<=5s vs <=5s,1550
x9cOrR5I,57,1-0,White,<=5s vs 5-10s,1328
WH5Ejz7W,68,0-1,Black,<=5s vs 15-20s,1354
DpMWqcUO,58,0-1,Black,<=5s vs 10-15s,1322
4pz7fRYN,61,1-0,White,<=5s vs 5-10s,1734
EiQi3SJw,52,0-1,Black,<=5s vs 10-15s,971
jlwVkwXM,82,0-1,Black,<=5s vs 15-20s,2024
7cAgTy9t,62,0-1,Black,<=5s vs 5-10s,1662
wIl0jP9v,77,1-0,White,<=5s vs 5-10s,1504
4mQTm4kY,81,1-0,White,<=5s vs 15-20s,2169
gHF0jKAW,50,0-1,Black,<=5s vs 10-15s,1626
PrjNvkjY,50,0-1,Black,<=5s vs 5-10s,1907
31a6LrmE,70,1-0,Black,<=5s vs 5-10s,2559
V1HBKz3F,60,0-1,Black,<=5s vs 15-20s,1729
5eMGM1Nk,55,1-0,White,<=5s vs 10-15s,1108
oAv3d1jU,71,1-0,White,<=5s vs <=5s,1181
3wzwy9iH,89,1-0,White,<=5s vs <=5s,2148
Je5plvXi,68,0-1,Black,<=5s vs 5-10s,1367
dDAjsALz,74,1-0,Black,<=5s vs 5-10s,1634
V5MzRuTS,55,1-0,White,<=5s vs 10-15s,1872
vCLL2LgT,59,1-0,White,<=5s vs 5-10s,1150
BQwMgUj2,64,1-0,Black,<=5s vs 15-20s,1487
tlYYEFUT,120,1-0,Black,<=5s vs <=5s,1994
J50w0E6o,121,1/2-1/2,White,<=5s vs 15-20s,1902
sBTCDhoV,61,0-1,White,<=5s vs 5-10s,1271
We5cHnUI,65,1-0,White,<=5s vs 5-10s,1304
PgtxulDI,52,0-1,Black,<=5s vs 5-10s,1146
q6ImIQrO,134,0-1,Black,<=5s vs 15-20s,2229
GI6SPuv3,101,1-0,White,<=5s vs 5-10s,2163
vQrbGRI7,45,1-0,White,<=5s vs 10-15s,1287
ppDZIHyR,51,1-0,White,<=5s vs 15-20s,1755
PUTADDCe,80,0-1,Black,<=5s vs 10-15s,1871
C1xgYLlL,65,0-1,White,<=5s vs <=5s,1362
IiXMmUnl,95,1-0,White,<=5s vs 5-10s,1822
GK2ilikp,73,1-0,White,<=5s vs 15-20s,1639
xGpRVvF1,68,0-1,Black,<=5s vs 10-15s,1537
A6lci8BH,72,0-1,Black,<=5s vs 15-20s,1413
vRibO92T,79,1-0,White,<=5s vs 10-15s,1642
DlFol4eR,91,1-0,White,<=5s vs 5-10s,2412
MN89w7oj,63,1-0,White,<=5s vs 15-20s,1889
d7WShFPM,71,1-0,White,<=5s vs 15-20s,962
XJIct3g9,65,1-0,White,<=5s vs 15-20s,2407
GLpYNpDA,63,1-0,White,<=5s vs 5-10s,1098
OldDQI0f,85,1/2-1/2,White,<=5s vs <=5s,1393
l7X7gf5a,80,0-1,Black,<=5s vs 5-10s,2270
IEIusGrP,56,0-1,Black,<=5s vs 15-20s,1488
6DtV5wVW,126,1/2-1/2,Black,<=5s vs 5-10s,1936
k4cSY5k2,84,1-0,Black,<=5s vs <=5s,2268
Xj6Z0i4P,116,1-0,Black,<=5s vs 10-15s,1876
oLhVcGtj,56,0-1,Black,<=5s vs 15-20s,1541
fU6NHdpL,62,0-1,Black,<=5s vs 5-10s,1267
eshmvbnJ,61,1-0,White,<=5s vs 15-20s,1392
KpUkwVXd,131,1/2-1/2,White,<=5s vs 15-20s,1884
goR4CCYs,57,1-0,White,<=5s vs 15-20s,1720
gSPsN9Fv,53,1-0,White,<=5s vs 15-20s,1295
QGuXYB6e,105,1-0,White,<=5s vs 10-15s,2710
Y1YjLKB0,54,0-1,Black,<=5s vs 10-15s,1292
EsQp2qfS,112,1-0,Black,<=5s vs <=5s,1404
EU5qqWww,54,1-0,Black,<=5s vs 15-20s,1867
tV4Cf0yC,137,1-0,White,<=5s vs 10-15s,2148
rCYMEN6R,54,0-1,Black,<=5s vs <=5s,1852
3zR7f1d9,67,1-0,White,<=5s vs 15-20s,2290
Xghg1x4M,74,0-1,Black,<=5s vs 15-20s,2134
dfr56iNK,69,0-1,White,<=5s vs <=5s,1875
9K85O2c7,94,0-1,Black,<=5s vs <=5s,1898
djwLmSyJ,146,1/2-1/2,Black,<=5s vs 10-15s,2184
Dm74fBqX,115,1/2-1/2,White,<=5s vs <=5s,2876
sLlmteCv,138,0-1,Black,<=5s vs 10-15s,2185
GvVJKrGj,109,1-0,White,<=5s vs 5-10s,2535
IhXMCwHM,58,0-1,Black,<=5s vs 5-10s,1635
3KFCqnzr,90,0-1,Black,<=5s vs <=5s,1528
PuwzPy9L,80,1-0,Black,<=5s vs 5-10s,1035
JQXj4BW4,71,1/2-1/2,White,<=5s vs 15-20s,2441
Lce7cTU5,80,1/2-1/2,Black,<=5s vs <=5s,2653
IomcIXFG,62,0-1,Black,<=5s vs 5-10s,1505
Ear2n2vQ,95,1-0,White,<=5s vs 5-10s,2236
VC2umGOd,95,1-0,White,<=5s vs 15-20s,2131
KPTFXh9g,46,0-1,Black,<=5s vs 15-20s,2111
BOZ5bz03,101,1-0,White,<=5s vs 15-20s,2077
XVwm6EBh,110,1-0,Black,<=5s vs <=5s,1296
fJtsKryh,83,1-0,White,<=5s vs 10-15s,2648
SmCxRGCM,71,1-0,White,<=5s vs 5-10s,1863
QBG2BqF2,50,0-1,Black,<=5s vs 10-15s,1742
WrunBY6F,47,0-1,White,<=5s vs 5-10s,984
ZJldNSS4,57,1-0,White,<=5s vs 15-20s,2304
3u9hO888,67,1-0,White,<=5s vs 5-10s,1072
8t9F0RO1,68,0-1,Black,<=5s vs 10-15s,2317
Qs6BaUCb,76,0-1,Black,<=5s vs 10-15s,2350
BtxjuZFs,54,0-1,Black,<=5s vs 15-20s,1482
kZa4uImF,70,0-1,Black,<=5s vs <=5s,1564
4lv0YmdX,78,1-0,Black,<=5s vs <=5s,1923
upRjHRXb,105,1/2-1/2,White,<=5s vs 10-15s,2609
qEcKN3N6,66,0-1,Black,<=5s vs <=5s,1017
hK1jSgat,80,0-1,Black,<=5s vs 5-10s,1773
DB3I4F9u,70,0-1,Black,<=5s vs 15-20s,974
lTaYYCSs,114,0-1,Black,<=5s vs 15-20s,1061
hJusBTFF,40,0-1,Black,<=5s vs 5-10s,1015
YnvGotVe,38,0-1,Black,<=5s vs 5-10s,1010
nbOdvVQn,50,0-1,Black,<=5s vs 5-10s,961
U1Mg4z7x,76,0-1,Black,<=5s vs 5-10s,1523
aXLloaIH,59,1-0,White,<=5s vs 5-10s,1016
ynroopTS,48,0-1,Black,<=5s vs 5-10s,1368
2UJiiVrS,51,1-0,White,<=5s vs 5-10s,1141
5bqnzAjj,84,0-1,Black,<=5s vs 15-20s,1488
8HSMyd1S,82,1-0,Black,<=5s vs 5-10s,1916
6FfTNSUr,70,1/2-1/2,Black,<=5s vs 5-10s,2011
KLzqqhpE,82,0-1,Black,<=5s vs 5-10s,1960
kXTIJ2u6,56,1-0,Black,<=5s vs 15-20s,1913
oAFHmeEP,130,1/2-1/2,Black,<=5s vs <=5s,1608
Hg8VhDpr,129,1-0,White,<=5s vs 10-15s,2123
43lCsJtE,78,0-1,Black,<=5s vs 10-15s,2607
4wKdHAcE,58,0-1,Black,<=5s vs <=5s,1540
y16q66RI,50,0-1,Black,<=5s vs 10-15s,1262
NIxoD45N,56,0-1,Black,<=5s vs 5-10s,1289
JsZjhdSK,78,1-0,Black,<=5s vs 5-10s,2220
KFhACfWP,62,0-1,Black,<=5s vs 15-20s,1297
MwkMj3wa,76,0-1,Black,<=5s vs 5-10s,1555
bx9bvPmR,74,0-1,Black,<=5s vs 15-20s,1967
cpMEsdPh,111,1-0,White,<=5s vs 5-10s,2345
HE2irRv9,64,0-1,Black,<=5s vs 10-15s,1638
Ihy4h9nN,88,0-1,Black,<=5s vs 10-15s,1954
fwiJI8KT,81,0-1,White,<=5s vs 5-10s,2089
NeVAntwK,57,1-0,White,<=5s vs 10-15s,2025
WhpL30lc,69,1-0,White,<=5s vs 10-15s,1972
56TtfU76,77,1-0,White,<=5s vs 10-15s,1580
h4xdEQzk,96,0-1,Black,<=5s vs 15-20s,1614
EeyvtSWE,57,1-0,White,<=5s vs 15-20s,1907
MpiGodFR,54,0-1,Black,<=5s vs 15-20s,1343
5iUgJ9iu,78,0-1,Black,<=5s vs <=5s,1802
euxoCrEA,82,0-1,Black,<=5s vs 5-10s,2130
3AuAeTF4,46,0-1,Black,<=5s vs 15-20s,1877
bAguRAkv,58,0-1,Black,<=5s vs 10-15s,1417
v4P4FLi7,65,0-1,White,<=5s vs <=5s,916
sDWI83ok,92,0-1,Black,<=5s vs 10-15s,2081
uOWxWkau,37,1-0,White,<=5s vs 5-10s,894
8VD8BHNM,67,0-1,White,<=5s vs 5-10s,1613
OpySxT3B,42,0-1,Black,<=5s vs 15-20s,903
d1wsT6uO,52,0-1,Black,<=5s vs 10-15s,1481
pfGLY3YB,109,1/2-1/2,White,<=5s vs 10-15s,2249
KNfWkEm3,68,0-1,Black,<=5s vs 15-20s,1358
l3Of1EyA,54,0-1,Black,<=5s vs 15-20s,1760
Yb3wnAZC,60,0-1,Black,<=5s vs 5-10s,1564
C14S6X5R,56,1-0,Black,<=5s vs 5-10s,869
jk9wEoeS,55,1-0,White,<=5s vs 5-10s,1712
JWwGyZOc,64,0-1,Black,<=5s vs <=5s,1768
gUKn1ExN,89,1-0,White,<=5s vs 5-10s,2499
vMObRvRY,149,1/2-1/2,White,<=5s vs 10-15s,1937
KAGsHcjd,66,0-1,Black,<=5s vs 10-15s,1566
ypKcBV1Q,107,1/2-1/2,White,<=5s vs 5-10s,2549
KxweVRIB,47,1-0,White,<=5s vs 10-15s,1138
yVhbHYH7,64,0-1,Black,<=5s vs 15-20s,1331
tiJi7jgi,49,1-0,White,<=5s vs 5-10s,894
2BEcoMpp,67,1-0,White,<=5s vs 5-10s,1694
5k9djGw9,58,0-1,Black,<=5s vs 15-20s,2276
B3Oq2ZVj,65,1-0,White,<=5s vs 10-15s,1146
PpcgZP5a,56,0-1,Black,<=5s vs 15-20s,1879
L3sOIJti,84,0-1,Black,<=5s vs 5-10s,1608
6adiHNFb,59,1-0,White,<=5s vs <=5s,1728
pHRInZIR,79,1-0,White,<=5s vs 5-10s,2113
aFERXTGD,52,0-1,Black,<=5s vs <=5s,1000
G19KTjBv,64,0-1,Black,<=5s vs 15-20s,2027
I3E5tWwj,91,1-0,White,<=5s vs 15-20s,2551
5XaoX6wX,74,0-1,Black,<=5s vs 10-15s,1936
PQgNm6WL,91,1-0,White,<=5s vs 10-15s,1982
1ECOahMM,46,1-0,Black,<=5s vs <=5s,988
Fb5rifOv,77,1-0,White,<=5s vs 10-15s,2310
2sMY9pjH,68,1-0,Black,<=5s vs <=5s,2377
CSSq3CDR,59,0-1,White,<=5s vs 10-15s,1365
7NRV8Mw3,71,1/2-1/2,White,<=5s vs 15-20s,1593
BvtxLfbU,64,0-1,Black,<=5s vs 5-10s,1912
jKF1iTZS,77,1-0,White,<=5s vs 10-15s,1663
Sr3w9ojA,51,1-0,White,<=5s vs 5-10s,1084
DMw0hH5s,51,1-0,White,<=5s vs 10-15s,1126
bk4Un6oA,147,1-0,White,<=5s vs <=5s,2438
5JnVVUG0,69,1-0,White,<=5s vs 10-15s,1629
NeVbrCtL,69,1-0,White,<=5s vs 5-10s,1600
sXSFQMxo,52,0-1,Black,<=5s vs 15-20s,1137
BbK6wPFD,71,0-1,White,<=5s vs <=5s,1674
FWSjKZ8q,117,1-0,White,<=5s vs 15-20s,2261
Cjt915tq,74,1-0,Black,<=5s vs 10-15s,2685
xzWgZqHh,48,0-1,Black,<=5s vs 10-15s,2205
uqQXMfza,90,1-0,Black,<=5s vs 10-15s,1720
StEgyqWA,85,1-0,White,<=5s vs 5-10s,2524
Hsyp0bBK,44,0-1,Black,<=5s vs 5-10s,1542
iNVtq3hq,40,0-1,Black,<=5s vs 5-10s,962
oyNCaZc8,77,1-0,White,<=5s vs 5-10s,902
UqqCXRVW,93,1/2-1/2,White,<=5s vs 5-10s,2336
ubJcQ3B0,52,0-1,Black,<=5s vs 10-15s,902
VPKdTpEY,67,1-0,White,<=5s vs 5-10s,1686
O14qNM6t,82,1-0,Black,<=5s vs 10-15s,1729
OG9ELkq6,77,1-0,White,<=5s vs 5-10s,1439
tJqy1615,70,0-1,Black,<=5s vs 15-20s,2021
uvKFzA3k,71,1-0,White,<=5s vs 15-20s,2228
oJ1YaFhe,58,0-1,Black,<=5s vs 15-20s,1795
j7wsDMXJ,70,0-1,Black,<=5s vs 5-10s,1983
u0SzbNF5,57,0-1,White,<=5s vs 15-20s,1743
wo8wT4bj,56,0-1,Black,<=5s vs 5-10s,1944
b8R99R01,84,0-1,Black,<=5s vs <=5s,1506
Z8NABMPa,40,1-0,Black,<=5s vs 10-15s,1016
JfVonWZw,137,1-0,White,<=5s vs 5-10s,2685
YUfb6jcf,74,0-1,Black,<=5s vs 5-10s,1431
DzgKm8of,52,0-1,Black,<=5s vs 10-15s,1666
2iG4HsxL,75,1-0,White,<=5s vs 10-15s,1583
rBz8cJsC,66,1-0,Black,<=5s vs <=5s,982
oT3Pzp5d,78,0-1,Black,<=5s vs 10-15s,1189
ZlaZCXLP,73,1-0,White,<=5s vs <=5s,1633
1iRGHJwh,69,1-0,White,<=5s vs 10-15s,1871
ruQyluS0,55,1-0,White,<=5s vs 5-10s,850
1yO2IPWy,112,0-1,Black,<=5s vs 10-15s,2359
ZSh7I5Ol,75,1-0,White,<=5s vs <=5s,1464
7Z7fEBwV,43,1-0,White,<=5s vs 10-15s,1194
urSqT1iQ,76,0-1,Black,<=5s vs 5-10s,1835
lLnLnPgg,56,0-1,Black,<=5s vs 10-15s,1645
sxK2QOP3,52,0-1,Black,<=5s vs 10-15s,1974
Vvc8Poes,83,1-0,White,<=5s vs 15-20s,1966
SsKgIc2g,40,0-1,Black,<=5s vs 15-20s,977
SwG3JMwm,119,1-0,White,<=5s vs 5-10s,2319
MjTCm4nQ,109,0-1,White,<=5s vs <=5s,1776
qmtXQLeB,96,0-1,Black,<=5s vs 15-20s,1836
JdMMy6GB,74,0-1,Black,<=5s vs 15-20s,2260
RosbnPf5,60,0-1,Black,<=5s vs 5-10s,2700
tCBahzme,59,1-0,White,<=5s vs 10-15s,1496
jxsbmBWF,65,1-0,White,<=5s vs 15-20s,1777
5afMLURw,56,0-1,Black,<=5s vs 5-10s,920
DQItUugl,103,1-0,White,<=5s vs 15-20s,2318
MQ2wLjMm,61,1-0,White,<=5s vs 15-20s,1837
RcCWyfJp,107,0-1,White,<=5s vs <=5s,2283
qN3moYtO,49,1-0,White,<=5s vs 5-10s,1347
22RbsTdg,64,1-0,Black,<=5s vs 5-10s,2084
aUFTjuF8,81,1-0,White,<=5s vs 10-15s,1386
Foey3hPb,85,0-1,White,<=5s vs 5-10s,2426
WXzow1MV,38,0-1,Black,<=5s vs 15-20s,1222
CzpP1egC,81,1-0,White,<=5s vs 5-10s,1767
H1pMQVd1,155,1-0,White,<=5s vs 5-10s,2282
JyjZqjTK,77,1-0,White,<=5s vs 10-15s,1939
7D0WOwpe,112,1-0,Black,<=5s vs <=5s,2358
evgf24oA,71,0-1,White,<=5s vs 5-10s,2017
nh79fVAH,53,1-0,White,<=5s vs 15-20s,1519
dw8X2lsf,67,0-1,White,<=5s vs 5-10s,2033
tOHIURos,59,1-0,White,<=5s vs 15-20s,1424
pw6L1YZc,67,1-0,White,<=5s vs 15-20s,2257
V2nxx0a4,63,1-0,White,<=5s vs 5-10s,1372
CH41YDQQ,95,1-0,White,<=5s vs 5-10s,2731
HvMtVaro,70,1-0,Black,<=5s vs <=5s,1336
jrfaG6jp,58,0-1,Black,<=5s vs 15-20s,1713
2Psh5As3,61,1-0,White,<=5s vs 15-20s,1375
Sm33N3rk,71,1-0,White,<=5s vs 5-10s,1407
WvFy6qmw,84,1-0,Black,<=5s vs <=5s,2583
VhBY6ovF,43,0-1,White,<=5s vs <=5s,848
EQp0xwAS,87,1/2-1/2,White,<=5s vs 5-10s,2054
3aOcT5RW,101,0-1,White,<=5s vs <=5s,2435
4zsFf9Ln,131,0-1,White,<=5s vs 10-15s,2238
MnBZNd6q,79,1-0,White,<=5s vs 15-20s,2380
SrUPo6af,72,0-1,Black,<=5s vs 15-20s,2219
I1oOKfcf,67,1/2-1/2,White,<=5s vs 15-20s,1092
eLgpHgb6,67,1-0,White,<=5s vs 5-10s,1562
98lEej25,86,0-1,Black,<=5s vs <=5s,2127
n52V7rqz,95,1-0,White,<=5s vs <=5s,1951
acBNuY11,70,0-1,Black,<=5s vs 15-20s,1652
W6rVOruT,83,0-1,White,<=5s vs <=5s,2109
iS2b8akZ,54,0-1,Black,<=5s vs 10-15s,1462
y6y0lJRk,116,0-1,Black,<=5s vs <=5s,2639
CXdvywXD,62,0-1,Black,<=5s vs 10-15s,2369
tMfT1i39,50,1-0,Black,<=5s vs 15-20s,2244
iTJO01Th,92,0-1,Black,<=5s vs 10-15s,2109
1nrbgzJP,68,0-1,Black,<=5s vs 5-10s,1973
XZHVbiB3,101,1-0,White,<=5s vs 5-10s,2058
YC1mqzfx,89,1-0,White,<=5s vs 10-15s,2022
NpE2ZY1f,62,0-1,Black,<=5s vs 15-20s,1059
323mNqnO,58,0-1,Black,<=5s vs 15-20s,1178
kbCmdcyy,120,0-1,Black,<=5s vs 15-20s,2381
UQhyXahZ,83,1-0,White,<=5s vs <=5s,1547
Rif0eX1m,122,0-1,Black,<=5s vs 10-15s,2454
VTxhDMv3,69,1-0,White,<=5s vs 10-15s,1536
QBmVY82o,62,0-1,Black,<=5s vs 15-20s,2172
xjEkNgIO,74,0-1,Black,<=5s vs <=5s,1487
2SXXvFUU,50,0-1,Black,<=5s vs 15-20s,1107
51G6YIoN,119,1/2-1/2,White,<=5s vs <=5s,1804
8twSS22L,68,0-1,Black,<=5s vs 5-10s,1457
UgyNSThu,88,0-1,Black,<=5s vs 10-15s,2352
xArrpBBx,58,0-1,Black,<=5s vs 10-15s,1717
0Pc0gWIJ,119,0-1,White,<=5s vs <=5s,2333
NSc1X5Z5,53,1-0,White,<=5s vs 5-10s,1400
y5xNKL9I,49,1-0,White,<=5s vs 15-20s,907
bmpSrD53,65,1-0,White,<=5s vs 15-20s,1574
KuV5oo9l,86,1/2-1/2,Black,<=5s vs 5-10s,2529
udwBT9sM,100,0-1,Black,<=5s vs 15-20s,2017
QO294vZo,93,1/2-1/2,White,<=5s vs 15-20s,1965
5zIukPuZ,75,0-1,White,<=5s vs 10-15s,1789
sg9er7ZC,82,0-1,Black,<=5s vs 15-20s,1844
E9BjJyzq,52,0-1,Black,<=5s vs 10-15s,1033
QVHppdEd,76,1/2-1/2,Black,<=5s vs 10-15s,2037
N8d6j0JL,47,1-0,White,<=5s vs 10-15s,2240
lJCDe47y,71,1-0,White,<=5s vs 15-20s,1229
ND2DSJHp,71,1-0,White,<=5s vs 15-20s,2154
9lqh8rRp,54,0-1,Black,<=5s vs 5-10s,1193
sojhg8zH,46,0-1,Black,<=5s vs 15-20s,989
UBI3EQVN,58,0-1,Black,<=5s vs 15-20s,762
9QnhPh1a,66,0-1,Black,<=5s vs 10-15s,2379
eXeX0imn,56,1-0,Black,<=5s vs 5-10s,2049
UV9NaVXx,71,1-0,White,<=5s vs 5-10s,904
bqVerwOW,55,1-0,White,<=5s vs 10-15s,1827
et19zD1z,86,1/2-1/2,Black,<=5s vs 5-10s,1970
tLWwZYQ5,106,1-0,Black,<=5s vs 5-10s,2247
1NnQOX5E,66,1-0,Black,<=5s vs 10-15s,2054
oZjfVUQq,81,1-0,White,<=5s vs 15-20s,1752
7tiCsHz0,54,0-1,Black,<=5s vs 10-15s,1585
QEPbkE8A,67,0-1,White,<=5s vs 5-10s,1618
KHHZtD6E,89,1-0,White,<=5s vs 10-15s,2899
RheFfavL,56,0-1,Black,<=5s vs 10-15s,1912
cv7I4J8y,77,1-0,White,<=5s vs 5-10s,2250
0N0n8IPh,71,1-0,White,<=5s vs 10-15s,2281
gjTbWFd5,88,0-1,Black,<=5s vs 15-20s,2243
s0xxAOKi,45,1-0,White,<=5s vs 15-20s,1602
YaOQz8P7,70,0-1,Black,<=5s vs 15-20s,1944
N0xstEuH,72,0-1,Black,<=5s vs 10-15s,2176
Eee6e6wl,47,1-0,White,<=5s vs 15-20s,1048
5sTAsYfT,60,0-1,Black,<=5s vs 5-10s,996
CfTTIgy7,78,0-1,Black,<=5s vs 5-10s,1729
vYjVpQyS,71,1-0,White,<=5s vs 10-15s,2506
92Acd2lK,44,1-0,Black,<=5s vs <=5s,1113
a0KqY5mZ,100,0-1,Black,<=5s vs 15-20s,2005
z8gSonmv,40,1-0,Black,<=5s vs <=5s,826
1R7lW0Dr,98,0-1,Black,<=5s vs 10-15s,1864
3vUYBqbN,84,0-1,Black,<=5s vs 15-20s,1675
VQXfiHvS,68,0-1,Black,<=5s vs 5-10s,1393
oQX57RAf,58,0-1,Black,<=5s vs 5-10s,1623
mjsi0MHa,69,1-0,White,<=5s vs 5-10s,1867
Jxyr2uj3,72,0-1,Black,<=5s vs 15-20s,2081
WDdLvb9P,66,0-1,Black,<=5s vs 15-20s,1837
t1yxWFKI,112,1-0,Black,<=5s vs <=5s,3062
7vg0nLd2,95,0-1,White,<=5s vs 5-10s,2506
QNYE2Nk7,100,0-1,Black,<=5s vs 10-15s,2540
483He3xo,79,1-0,White,<=5s vs 10-15s,1919
ho5lODCF,65,1-0,White,<=5s vs 5-10s,1207
UaxdR3DW,92,1-0,Black,<=5s vs 10-15s,2467
rzrz9O5G,61,1-0,White,<=5s vs 5-10s,893
PKTxBYh1,66,0-1,Black,<=5s vs 10-15s,2246
WuOT17Jw,93,1-0,White,<=5s vs 5-10s,1938
RnUz9UU5,84,0-1,Black,<=5s vs <=5s,1785
HvXDdK5Q,47,1-0,White,<=5s vs 5-10s,1023
0cYcacK8,62,0-1,Black,<=5s vs 5-10s,1402
ET2yviAU,87,1-0,White,<=5s vs 10-15s,2193
BIR3LLcT,82,0-1,Black,<=5s vs <=5s,1923
vJLiqcrX,142,0-1,Black,<=5s vs 15-20s,2469
Zn9TQsmd,72,0-1,Black,<=5s vs 10-15s,2465
CGFeblzC,67,1-0,White,<=5s vs 5-10s,2205
mtLSOtT7,50,0-1,Black,<=5s vs 5-10s,1191
TDWziaVr,95,1-0,White,<=5s vs 5-10s,2086
YwaZOVOG,40,0-1,Black,<=5s vs 10-15s,1265
U4lnagIb,72,0-1,Black,<=5s vs 15-20s,1989
daxxtpuX,85,1-0,White,<=5s vs 10-15s,2294
TRQdKVab,86,1-0,Black,<=5s vs 15-20s,1794
2aX8rtBd,58,0-1,Black,<=5s vs 5-10s,1081
3Cz7vSvX,65,1-0,White,<=5s vs 15-20s,1973
sMCeMnNt,56,0-1,Black,<=5s vs <=5s,1324
MjPVBRw3,84,0-1,Black,<=5s vs 10-15s,1969
FE687M75,59,1-0,White,<=5s vs 5-10s,1833
TP5Fay6p,45,0-1,White,<=5s vs 10-15s,1241
Kjkq194F,88,1-0,Black,<=5s vs <=5s,2536
hXg5hQXP,62,0-1,Black,<=5s vs 5-10s,1382
z9A6ArXQ,168,1-0,Black,<=5s vs <=5s,2670
RKM37ihf,66,0-1,Black,<=5s vs <=5s,1067
654IrfbU,52,0-1,Black,<=5s vs 15-20s,1420
rem82uel,75,1-0,White,<=5s vs <=5s,2641
9EGzM3Ab,61,1-0,White,<=5s vs 10-15s,1767
GssiQRKP,56,0-1,Black,<=5s vs 10-15s,1725
YUaw4Quh,143,1/2-1/2,White,<=5s vs 5-10s,2474
tVnsgSUz,78,0-1,Black,<=5s vs 5-10s,1281
5u53eapf,75,1-0,White,<=5s vs 15-20s,1485
eOOKvqX4,58,0-1,Black,<=5s vs 10-15s,1543
c9Vdzvzh,70,0-1,Black,<=5s vs 15-20s,1563
ibGaeTMy,73,1-0,White,<=5s vs 5-10s,1667
YyWlaz5e,67,1-0,White,<=5s vs 15-20s,1664
NEwOy5xC,45,1-0,White,<=5s vs 5-10s,943
LImqqkLQ,56,0-1,Black,<=5s vs <=5s,1489
pcuwBSNP,61,1-0,White,<=5s vs 10-15s,1742
dO2UyEzQ,102,1/2-1/2,Black,<=5s vs 15-20s,2550
FDljPQOy,79,1-0,White,<=5s vs 10-15s,1771
6opfHld8,50,0-1,Black,<=5s vs 5-10s,1588
k5lzh7wK,91,1-0,White,<=5s vs <=5s,2433
Tp826aQ2,62,0-1,Black,<=5s vs 15-20s,2073
bbP18ldI,62,0-1,Black,<=5s vs 5-10s,1576
jY90yvy8,61,1-0,White,<=5s vs 5-10s,1412
9QTYsPok,87,0-1,White,<=5s vs 15-20s,1352
ClrI3gdK,101,1-0,White,<=5s vs 15-20s,2478
TFmdgU9P,73,0-1,White,<=5s vs 5-10s,1572
KFF45unM,41,1-0,White,<=5s vs 10-15s,2098
PFA2fbPD,56,0-1,Black,<=5s vs 10-15s,1763
fAZPlFeW,65,0-1,White,<=5s vs 15-20s,2045
OVyD1wNm,117,1/2-1/2,White,<=5s vs 5-10s,2299
6dlBJD4g,113,1-0,White,<=5s vs 15-20s,2331
Aq1mSRly,114,0-1,Black,<=5s vs 10-15s,1566
QHYUuq6t,53,1-0,White,<=5s vs 5-10s,1276
Oq8I6Q2B,100,0-1,Black,<=5s vs 10-15s,2131
pcmSevq0,61,1-0,White,<=5s vs 5-10s,1369
zLipK6c1,69,0-1,White,<=5s vs 5-10s,1782
RXCVn4JW,52,0-1,Black,<=5s vs 15-20s,1642
lMv7WgrH,61,0-1,White,<=5s vs <=5s,1060
Znt4hEg1,50,0-1,Black,<=5s vs 15-20s,1053
bpX9FLF3,57,1-0,White,<=5s vs 15-20s,1474
A8oIrrrW,40,0-1,Black,<=5s vs 15-20s,1254
Kn6FS8aB,70,1-0,Black,<=5s vs 5-10s,2295
NfgfzGI3,66,0-1,Black,<=5s vs 5-10s,1564
bQbYtVRY,79,1-0,White,<=5s vs 15-20s,2536
bHjzcynl,117,1-0,White,<=5s vs 10-15s,2294
annpF752,75,1-0,White,<=5s vs 15-20s,2069
cglCtNX9,57,1-0,White,<=5s vs <=5s,2000
K4pUxIpj,81,1-0,White,<=5s vs <=5s,2113
SwaLhYaY,54,0-1,Black,<=5s vs 10-15s,1390
WBxwFS3y,86,1-0,Black,<=5s vs <=5s,2250
zWTQsa36,39,1-0,White,<=5s vs 10-15s,1120
ASgopitj,68,0-1,Black,<=5s vs 10-15s,1830
2G0yZLgi,55,1-0,White,<=5s vs 15-20s,1166
dij9iB58,50,0-1,Black,<=5s vs 15-20s,1115
3mJersNS,56,0-1,Black,<=5s vs 15-20s,1848
B5H0neNx,81,1/2-1/2,White,<=5s vs 10-15s,2040
OtTf8wMF,92,1-0,Black,<=5s vs <=5s,2539
DsKqkFox,52,1-0,Black,<=5s vs <=5s,1320
CurhI4bo,87,1-0,White,<=5s vs <=5s,1170
BxPF4H7e,60,0-1,Black,<=5s vs 5-10s,1956
4u3cKIsi,74,0-1,Black,<=5s vs 10-15s,1358
1ubqag0Y,64,1-0,Black,<=5s vs <=5s,1274
znuaJykp,92,0-1,Black,<=5s vs <=5s,1584
B0i1z8dr,53,1-0,White,<=5s vs 15-20s,1403
wHwjAcSU,48,0-1,Black,<=5s vs 15-20s,1080
d2fsN5Md,88,0-1,Black,<=5s vs 5-10s,1896
C12tQgVj,57,0-1,White,<=5s vs 5-10s,1502
diNAHkc8,70,0-1,Black,<=5s vs <=5s,1741
VdMKs6zF,61,1-0,White,<=5s vs 5-10s,1244
C2nBQPhm,59,1-0,White,<=5s vs 10-15s,1595
un9FRMbl,88,0-1,Black,<=5s vs 15-20s,2193
uN4J9rEi,65,0-1,White,<=5s vs 10-15s,1852
d5K3UfXz,70,0-1,Black,<=5s vs <=5s,1997
XFLxWA0b,106,0-1,Black,<=5s vs 10-15s,1994
jCbjUe2i,80,0-1,Black,<=5s vs 5-10s,1722
IImiGWjr,66,0-1,Black,<=5s vs 10-15s,1358
2Lwmcryq,58,0-1,Black,<=5s vs 15-20s,2140
f6lcl5qn,65,1-0,White,<=5s vs 10-15s,2150
EUxINs10,75,1-0,White,<=5s vs 10-15s,2371
eG1tBJll,95,1-0,White,<=5s vs 5-10s,2295
wUqsROiT,64,0-1,Black,<=5s vs 5-10s,1578
rnMDyAvx,110,1-0,Black,<=5s vs <=5s,2388
lqccSHss,84,0-1,Black,<=5s vs <=5s,2599
ByZTighO,68,0-1,Black,<=5s vs 5-10s,2024
bUNxfeG0,67,0-1,White,<=5s vs <=5s,1587
UAsq1DQv,56,1-0,Black,<=5s vs 10-15s,2110
1KovPam3,56,0-1,Black,<=5s vs 5-10s,960
Hm2GKh31,66,0-1,Black,<=5s vs 5-10s,2002
qkFYpjmv,60,0-1,Black,<=5s vs 5-10s,1581
8EiYSs6r,67,1-0,White,<=5s vs <=5s,1655
SjKYftHI,141,1-0,White,<=5s vs <=5s,2213
UlMuWdS5,137,1/2-1/2,White,<=5s vs 10-15s,1609
ehcxMz4V,67,1-0,White,<=5s vs 10-15s,1277
NAgbBuwC,48,1-0,Black,<=5s vs 5-10s,1629
UBITWxfF,69,1-0,White,<=5s vs 15-20s,2318
3jp02zTN,89,1-0,White,<=5s vs 5-10s,2272
s8ZHs8aB,50,0-1,Black,<=5s vs 5-10s,997
0utoIq7F,80,0-1,Black,<=5s vs 15-20s,1945
4Vnx1vtd,44,0-1,Black,<=5s vs 15-20s,1114
8qTAxBdh,74,0-1,Black,<=5s vs 15-20s,1792
Rwcy9S4L,36,0-1,Black,<=5s vs 10-15s,1407
Pn7HSfjb,58,0-1,Black,<=5s vs 5-10s,1109
tslVPV9D,55,0-1,White,<=5s vs <=5s,1029
JoCmmxsC,76,0-1,Black,<=5s vs 15-20s,2403
MFAI3bS4,74,0-1,Black,<=5s vs 10-15s,2188
fu7ecqWt,74,0-1,Black,<=5s vs 10-15s,1355
xhCKHGdq,70,0-1,Black,<=5s vs 10-15s,1151
oHsXfwfh,70,1-0,Black,<=5s vs 5-10s,1553
V1CyARXa,100,0-1,Black,<=5s vs <=5s,2085
WWmyDdHl,93,1-0,White,<=5s vs 5-10s,2044
2Tjks7wU,52,1-0,Black,<=5s vs 10-15s,1284
6sHRgSmr,36,0-1,Black,<=5s vs 10-15s,1094
p8IJ1fZD,84,0-1,Black,<=5s vs 10-15s,2592
KVR8v7uy,65,1-0,White,<=5s vs 15-20s,1846
F57cy3VC,80,1-0,Black,<=5s vs <=5s,1789
RX94Mf7z,73,1-0,White,<=5s vs 5-10s,1349
5YRHZ9tw,102,0-1,Black,<=5s vs 10-15s,2488
RGHWegwy,101,1/2-1/2,White,<=5s vs <=5s,1647
XZSu81Kw,59,1-0,White,<=5s vs 15-20s,1385
FyltfqTJ,57,0-1,White,<=5s vs 5-10s,1214
VZQNrkdM,53,1-0,White,<=5s vs 10-15s,1483
4NAK400n,51,0-1,White,<=5s vs <=5s,1870
0qSKl6oB,88,0-1,Black,<=5s vs 15-20s,2237
lp6oLOQI,47,1-0,White,<=5s vs 10-15s,1279
r1DIzoK1,56,0-1,Black,<=5s vs 10-15s,708
dg9vuwpk,75,1/2-1/2,White,<=5s vs 5-10s,2163
z18J99n7,67,1-0,White,<=5s vs 5-10s,1775
fwSYZBka,139,0-1,White,<=5s vs 10-15s,2483
Lj5U3zE8,72,1/2-1/2,Black,<=5s vs 5-10s,1389
bCKHxOg1,86,1-0,Black,<=5s vs <=5s,2295
2jzDvC8L,68,0-1,Black,<=5s vs 10-15s,2358
TahXF52a,144,0-1,Black,<=5s vs 10-15s,2449
8Y0uTlJs,63,1-0,White,<=5s vs 10-15s,2022
mMTPwF1u,73,1-0,White,<=5s vs 15-20s,2230
FK7cbjXK,59,1-0,White,<=5s vs 5-10s,2171
0YkK3WGs,113,0-1,White,<=5s vs <=5s,2390
12p3Naql,59,1-0,White,<=5s vs 5-10s,1627
ULaxwTZK,58,1-0,Black,<=5s vs <=5s,1110
THR4ydlD,72,0-1,Black,<=5s vs 10-15s,1461
zmCACaKp,59,1-0,White,<=5s vs 5-10s,1811
sQK1sqCd,54,0-1,Black,<=5s vs 5-10s,1116
Ex3I0smQ,66,0-1,Black,<=5s vs 5-10s,1275
ryzulklc,81,1-0,White,<=5s vs 15-20s,1420
INIpoLxk,98,0-1,Black,<=5s vs 15-20s,2012
5LI4tjaM,80,0-1,Black,<=5s vs 5-10s,1777
iUWGnHTW,74,0-1,Black,<=5s vs 5-10s,2120
cf9DAAxY,52,1-0,Black,<=5s vs 5-10s,1144
VxMW3cy1,72,0-1,Black,<=5s vs 10-15s,1994
LUS0qd7r,48,0-1,Black,<=5s vs 5-10s,1215
sdRxzDzm,63,0-1,White,<=5s vs <=5s,2182
GysEzSE2,69,1-0,White,<=5s vs 15-20s,2092
0XUI2VyQ,78,1-0,Black,<=5s vs <=5s,2088
5pMiIL4D,63,1-0,White,<=5s vs 5-10s,1568
YdeCXRE7,75,1-0,White,<=5s vs 15-20s,2907
0lARro7Q,67,1-0,White,<=5s vs 15-20s,1548
aGEzjX0Q,63,0-1,White,<=5s vs <=5s,982
zX5gx3nG,96,1-0,Black,<=5s vs <=5s,2263
OIJXT3Uz,95,0-1,White,<=5s vs 5-10s,1970
DJexXibb,58,0-1,Black,<=5s vs <=5s,1416
NY1azuCw,59,1-0,White,<=5s vs 10-15s,1625
SdJCZBzj,85,1-0,White,<=5s vs 10-15s,1808
kJzW5JEn,95,1-0,White,<=5s vs 5-10s,2024
VBhzA5Fz,53,1-0,White,<=5s vs 15-20s,1438
wzDhveZ4,77,1-0,White,<=5s vs 10-15s,2361
N9PdLxrV,71,1-0,White,<=5s vs 15-20s,1774
LeJVRBq0,96,0-1,Black,<=5s vs <=5s,2664
B3Vnk7Af,72,0-1,Black,<=5s vs 10-15s,1700
ouPjvb7d,46,0-1,Black,<=5s vs 10-15s,1869
sEek47Nd,89,1/2-1/2,White,<=5s vs 5-10s,2455
2jJHwbGU,92,0-1,Black,<=5s vs 10-15s,2354
XsK9SgUv,68,0-1,Black,<=5s vs 10-15s,1902
7Jg8QR9f,79,1-0,White,<=5s vs 10-15s,2160
eXPoh2Ig,71,0-1,White,<=5s vs 5-10s,1780
A3qM9Y3N,112,0-1,Black,<=5s vs 15-20s,2119
VYt4iRzW,88,0-1,Black,<=5s vs 5-10s,2261
92N6TtxO,71,1-0,White,<=5s vs 10-15s,2864
yQxqyQTr,101,0-1,White,<=5s vs 5-10s,1963
ZnS1mEgj,117,0-1,White,<=5s vs 5-10s,2879
zua7AGeo,66,0-1,Black,<=5s vs <=5s,2203
tnWRRpiL,60,0-1,Black,<=5s vs 10-15s,1968
qNygkguG,63,1-0,White,<=5s vs 10-15s,826
Y0jLflc3,78,0-1,Black,<=5s vs <=5s,2401
b0cZGmBj,69,0-1,White,<=5s vs <=5s,2063
oLaK3G05,54,0-1,Black,<=5s vs 5-10s,1505
fwhb93wT,70,0-1,Black,<=5s vs 10-15s,1920
Df3UqOuk,87,1-0,White,<=5s vs 5-10s,2106
7ZYuCSYr,53,1-0,White,<=5s vs 15-20s,1893
CCWb2b68,67,1-0,White,<=5s vs 5-10s,1948
TL9l7yOK,78,0-1,Black,<=5s vs <=5s,2397
S071Uk6Z,97,0-1,White,<=5s vs <=5s,2334
4dBTOrB1,52,0-1,Black,<=5s vs 10-15s,1092
NKctjKW6,81,1-0,White,<=5s vs 10-15s,1012
JTurQ6aV,100,1/2-1/2,Black,<=5s vs 15-20s,2543
TH7V5UBz,87,1-0,White,<=5s vs 10-15s,2433
IJPIOIbl,98,0-1,Black,<=5s vs 5-10s,2176
3D519CL0,81,0-1,White,<=5s vs 5-10s,1404
WS0ne9Cl,89,1-0,White,<=5s vs 5-10s,2523
TeWo5IGY,36,0-1,Black,<=5s vs 10-15s,1640
gvXlQ1tg,66,0-1,Black,<=5s vs <=5s,1819
ZR9eCb0f,95,1-0,White,<=5s vs 15-20s,2088
lOEZ0MY3,62,0-1,Black,<=5s vs 10-15s,1637
aoYLfk1s,107,1-0,White,<=5s vs 15-20s,1210
RmLss4QA,47,1-0,White,<=5s vs <=5s,1293
kedR4aqm,111,0-1,White,<=5s vs 5-10s,2352
jq7paN8T,65,1-0,White,<=5s vs 10-15s,1978
SIqFjAOB,40,0-1,Black,<=5s vs 15-20s,2384
AFJ6hbfa,117,0-1,White,<=5s vs 5-10s,2507
NLl73MLq,97,1-0,White,<=5s vs 15-20s,2366
655IorZ8,40,0-1,Black,<=5s vs 5-10s,1229
xuoFuj6i,70,1-0,Black,<=5s vs 5-10s,1533
G94kkfuO,134,0-1,Black,<=5s vs 5-10s,1247
N14AUxvw,84,0-1,Black,<=5s vs <=5s,2678
8qfgosIE,69,1-0,White,<=5s vs 15-20s,1859
fxTFEiuG,88,0-1,Black,<=5s vs 5-10s,1296
XqKV8kuG,162,0-1,Black,<=5s vs 10-15s,1995
ayGwcy7S,44,0-1,Black,<=5s vs 10-15s,1105
Nr0O75TF,94,0-1,Black,<=5s vs 15-20s,3034
h24Dyj9S,76,0-1,Black,<=5s vs 10-15s,2235
t3pYxa1l,47,1-0,White,<=5s vs 5-10s,1244
bjRc6yUt,73,1-0,White,<=5s vs 15-20s,2088
BNGYZP3h,46,0-1,Black,<=5s vs 15-20s,1926
25kF0oYa,84,0-1,Black,<=5s vs 5-10s,1815
6YZwgyJ4,62,0-1,Black,<=5s vs 5-10s,1423
KiANgnmj,61,1-0,White,<=5s vs 15-20s,1858
gUsVpp6j,44,1-0,Black,<=5s vs 15-20s,1081
xCjWxSH2,34,1-0,Black,<=5s vs 15-20s,1530
d6rmYPZY,111,1/2-1/2,White,<=5s vs 5-10s,2503
wEDfNpsz,97,1/2-1/2,White,<=5s vs 15-20s,2254
qKUHZD1t,79,1-0,White,<=5s vs 10-15s,1321
0HMAnbCV,75,1-0,White,<=5s vs 5-10s,1797
ZcmMxRIJ,153,1-0,White,<=5s vs 15-20s,2393
cVAx7MgC,68,0-1,Black,<=5s vs <=5s,1468
PA8PDpUJ,61,1-0,White,<=5s vs 5-10s,1560
CApkHPC3,66,0-1,Black,<=5s vs 5-10s,2073
nRntvwtq,77,0-1,White,<=5s vs <=5s,2021
KhkO4g9q,73,1-0,White,<=5s vs 15-20s,1663
8L1mydnV,108,0-1,Black,<=5s vs 15-20s,2505
nLkVn8JB,55,1-0,White,<=5s vs 15-20s,1011
4sHMDqFf,34,0-1,Black,<=5s vs 5-10s,909
pp7mgxyA,73,1-0,White,<=5s vs 10-15s,1272
A9KNOM97,60,0-1,Black,<=5s vs 10-15s,1190
6PUzPoUY,74,1-0,Black,<=5s vs <=5s,1580
gacEgaDe,40,0-1,Black,<=5s vs 5-10s,1497
HeuU0FIz,39,1-0,White,<=5s vs 10-15s,823
ShioCIL4,96,1-0,Black,<=5s vs 5-10s,2041
0NK3xdhl,115,0-1,White,<=5s vs <=5s,2069
i0dJae7F,88,0-1,Black,<=5s vs 10-15s,1862
OH7qiYBB,52,0-1,Black,<=5s vs 15-20s,1732
iNQGUl1R,174,0-1,Black,<=5s vs 5-10s,2069
MrTYLMbk,80,0-1,Black,<=5s vs <=5s,2380
YWVzia80,108,0-1,Black,<=5s vs 5-10s,2801
aYvpadjO,60,0-1,Black,<=5s vs 5-10s,1531
LAE2GTRS,82,1/2-1/2,Black,<=5s vs 15-20s,1566
Rp2dY69u,73,1-0,White,<=5s vs 10-15s,1929
Nhb5HRuJ,62,1-0,Black,<=5s vs <=5s,1956
HoFLPbbZ,43,1-0,White,<=5s vs 10-15s,1391
U6hCZFzj,85,1-0,White,<=5s vs 5-10s,1753
MVgqhOxu,65,1-0,White,<=5s vs 10-15s,1924
YqB667wZ,64,0-1,Black,<=5s vs 5-10s,1299
q94nX8BB,58,0-1,Black,<=5s vs 5-10s,1568
J5uU5sqt,46,0-1,Black,<=5s vs 5-10s,2144
JOTwH9t3,44,0-1,Black,<=5s vs 15-20s,1013
y3zKIs5W,102,0-1,Black,<=5s vs <=5s,1249
Rg57qG0I,42,0-1,Black,<=5s vs 5-10s,737
G3x9L35g,104,0-1,Black,<=5s vs 5-10s,2435
JxXhfi0E,56,0-1,Black,<=5s vs 10-15s,1459
jkgSytLi,44,0-1,Black,<=5s vs 10-15s,1062
mMbIcjgQ,64,0-1,Black,<=5s vs 5-10s,1217
BdKXQXBB,60,0-1,Black,<=5s vs 15-20s,1219
hOg5Iyzm,53,1-0,White,<=5s vs 5-10s,1045
TD4SfHyv,71,1-0,White,<=5s vs 15-20s,2058
RY8wVXlg,93,1-0,White,<=5s vs 10-15s,1844
xoXldXQu,54,1-0,Black,<=5s vs 5-10s,1597
r4T5umxv,80,1-0,Black,<=5s vs <=5s,1052
LLGN9eqa,49,1-0,White,<=5s vs 5-10s,1315
Zwp7xtXp,72,0-1,Black,<=5s vs 10-15s,1987
SEcnJvUp,98,1/2-1/2,Black,<=5s vs 10-15s,2492
U3ypB6Bp,60,0-1,Black,<=5s vs 15-20s,1694
XQ0W3vEn,70,0-1,Black,<=5s vs <=5s,1594
1RmF4ZDI,48,0-1,Black,<=5s vs 15-20s,1172
h0S8Ngjz,134,1-0,Black,<=5s vs <=5s,2534
8kMsHdzG,104,0-1,Black,<=5s vs 5-10s,2600
oQjKRWBq,57,1-0,White,<=5s vs 15-20s,1779
xrlka4cm,64,0-1,Black,<=5s vs 5-10s,2500
7KrgArjF,58,0-1,Black,<=5s vs 15-20s,1604
3PEcMtlj,83,1-0,White,<=5s vs 10-15s,1949
RHCUF1W6,62,0-1,Black,<=5s vs 15-20s,1581
u8dO1YkU,77,0-1,White,<=5s vs <=5s,1972
uUM5mH0q,101,1-0,White,<=5s vs 5-10s,2116
e3rfnH3D,65,1-0,White,<=5s vs 5-10s,1735
3FZNIOEt,51,1-0,White,<=5s vs 15-20s,1500
GOuvY5us,88,0-1,Black,<=5s vs 15-20s,2617
KiMGBVGw,94,0-1,Black,<=5s vs 15-20s,1222
z8xIDqpg,77,0-1,White,<=5s vs <=5s,1992
RYj2KWYh,46,0-1,Black,<=5s vs 10-15s,1410
tyDSQABl,47,0-1,White,<=5s vs 5-10s,1673
8gGqpS5K,173,1-0,White,<=5s vs 10-15s,2253
JZ9PFn7y,65,0-1,White,<=5s vs 5-10s,883
bkfjUZTA,78,0-1,Black,<=5s vs 10-15s,2576
E9wSKrJQ,51,1-0,White,<=5s vs 5-10s,1239
QrXvpis9,116,1-0,Black,<=5s vs <=5s,2102
cXUcKQ2R,62,0-1,Black,<=5s vs 15-20s,1881
8Md2LKJV,64,0-1,Black,<=5s vs 15-20s,1861
tLk2hHE1,69,1-0,White,<=5s vs 15-20s,1662
4frmasLZ,61,1-0,White,<=5s vs 5-10s,1825
iSKrTn7Q,72,0-1,Black,<=5s vs <=5s,1595
ymFD5y2t,96,0-1,Black,<=5s vs 5-10s,2283
EOm5JlWj,58,0-1,Black,<=5s vs 5-10s,1146
Mz7RjX3D,71,0-1,White,<=5s vs 5-10s,1868
kbFPrQ8I,69,1-0,White,<=5s vs 10-15s,1574
NU1tGoqU,147,1-0,White,<=5s vs 5-10s,2594
Sx5DtdY0,90,0-1,Black,<=5s vs 5-10s,2625
CxhjkHqh,53,1-0,White,<=5s vs 5-10s,1120
b3l7uuPs,63,1-0,White,<=5s vs 15-20s,1511
NNeZBbdi,65,1-0,White,<=5s vs 5-10s,2173
oobKL1yT,123,1-0,White,<=5s vs 15-20s,2377
6669adfo,62,0-1,Black,<=5s vs 5-10s,1363
FAJhoiOy,65,1-0,White,<=5s vs 5-10s,1268
vuJOGnTh,87,1-0,White,<=5s vs 15-20s,1994
DoswBkff,105,1-0,White,<=5s vs 5-10s,2456
tI0BGyMh,102,1-0,Black,<=5s vs <=5s,1859
VIwOcohP,67,1-0,White,<=5s vs <=5s,1630
cqkAdwXf,60,1-0,Black,<=5s vs 5-10s,1574
ddDxqkGn,58,0-1,Black,<=5s vs 5-10s,1585
kw72C3YB,57,0-1,White,<=5s vs 5-10s,1445
uK9BUZQo,91,1-0,White,<=5s vs 10-15s,2343
xF70cd2c,57,1-0,White,<=5s vs 15-20s,1778
pzF1P2G1,96,0-1,Black,<=5s vs 15-20s,1883
SN8LKchJ,69,0-1,White,<=5s vs <=5s,883
779sKEKT,82,0-1,Black,<=5s vs 5-10s,1926
FpS88xTP,126,0-1,Black,<=5s vs 5-10s,1849
O0irS8EO,117,0-1,White,<=5s vs <=5s,2363
z7YEVMXH,59,0-1,White,<=5s vs 5-10s,1069
VSKZKs4n,69,1-0,White,<=5s vs 5-10s,1542
zWU6fQdc,44,0-1,Black,<=5s vs 10-15s,1143
I8SQbTHm,66,0-1,Black,<=5s vs <=5s,1606
gpcdgMNP,68,0-1,Black,<=5s vs 10-15s,2374
NXdCsAi5,85,1-0,White,<=5s vs 15-20s,2252
2pUyebep,97,1-0,White,<=5s vs 5-10s,1935
JBYdvKlO,144,1/2-1/2,Black,<=5s vs 10-15s,2300
t9Rl1gmx,72,0-1,Black,<=5s vs 15-20s,1869
nDfesFSv,73,1-0,White,<=5s vs 15-20s,1667
V2UCG7Tz,74,1-0,Black,<=5s vs 5-10s,1517
FMoGUkir,71,1-0,White,<=5s vs 5-10s,1346
Py1t5oSS,63,1-0,White,<=5s vs 10-15s,2069
4eM5XPKp,106,0-1,Black,<=5s vs <=5s,2399
oG2ouTEu,74,0-1,Black,<=5s vs 10-15s,1307
HEjWK3eT,91,1-0,White,<=5s vs 5-10s,1920
ccrq0mm4,43,1-0,White,<=5s vs 15-20s,1081
jRm4K0ct,72,1-0,Black,<=5s vs <=5s,1479
lmfVXyRV,82,0-1,Black,<=5s vs <=5s,2105
wYBkuUa5,82,1-0,Black,<=5s vs <=5s,1407
oVsBFlve,87,0-1,White,<=5s vs 15-20s,2312
fqSR3h2p,104,0-1,Black,<=5s vs 10-15s,2375
ErWDpTPJ,66,0-1,Black,<=5s vs 5-10s,2366
Zi45O1eT,74,1-0,Black,<=5s vs 5-10s,2099
TzNYN4xO,65,1-0,White,<=5s vs 5-10s,2302
oHRH1NZn,58,0-1,Black,<=5s vs 5-10s,1792
MhK3mW3c,38,0-1,Black,<=5s vs 15-20s,1106
0v2ai126,134,0-1,Black,<=5s vs 10-15s,1937
IvQC15TI,67,1-0,White,<=5s vs 15-20s,1894
7swjDTD1,64,1-0,Black,<=5s vs 10-15s,1999
4i1icAv5,68,0-1,Black,<=5s vs 5-10s,2038
3h7zkKW6,71,1-0,White,<=5s vs 15-20s,1504
1UvRAHq9,81,1-0,White,<=5s vs 5-10s,2124
EeiQpISx,91,0-1,White,<=5s vs 10-15s,2156
fx7SoPHe,98,0-1,Black,<=5s vs 15-20s,2388
ALsj2HAa,125,1/2-1/2,White,<=5s vs 10-15s,2051
CbE0juBI,81,1-0,White,<=5s vs 15-20s,1937
Z3PMd9Fa,92,0-1,Black,<=5s vs 15-20s,2171
S3H9z7zh,56,0-1,Black,<=5s vs 15-20s,1425
AyYwXUfu,54,0-1,Black,<=5s vs 15-20s,1418
dXDjX9FW,73,1-0,White,<=5s vs 5-10s,2163
0reXfKDF,116,1-0,Black,<=5s vs 5-10s,2414
VGf1YAry,55,0-1,White,<=5s vs 10-15s,1555
BDyqaAuQ,47,1-0,White,<=5s vs 15-20s,1344
AuBOPC6l,40,0-1,Black,<=5s vs 10-15s,794
f8p9EDpa,119,1-0,White,<=5s vs <=5s,2569
mY13hDnu,72,0-1,Black,<=5s vs <=5s,1536
MzxHuf9M,38,0-1,Black,<=5s vs 15-20s,1004
aGLVjiOc,58,0-1,Black,<=5s vs 15-20s,1030
O05grOJH,79,1-0,White,<=5s vs <=5s,1322
EI1Oqu9m,57,1-0,White,<=5s vs <=5s,1501
jHyIvO0H,74,0-1,Black,<=5s vs 15-20s,2677
PIZxiI4S,69,1-0,White,<=5s vs 10-15s,1891
B4KwVUSm,43,1-0,White,<=5s vs 10-15s,1317
LO1YBQoJ,89,1/2-1/2,White,<=5s vs 5-10s,1634
ypTg1JDF,72,0-1,Black,<=5s vs 10-15s,2466
LPz4dtv0,82,0-1,Black,<=5s vs 15-20s,2506
V0Ycxx9d,78,0-1,Black,<=5s vs 5-10s,2767
kFl76jRv,107,1-0,White,<=5s vs <=5s,2421
Eg3AUldX,95,1-0,White,<=5s vs 10-15s,2443
SxzHlesp,69,1-0,White,<=5s vs 5-10s,2517
VSgAlAMR,73,1-0,White,<=5s vs 10-15s,1508
eMMebIAm,53,1-0,White,<=5s vs 5-10s,1467
Vs0c2Itc,107,0-1,White,<=5s vs 5-10s,2747
gA2sygIz,80,1-0,Black,<=5s vs <=5s,1757
ZuHtgUjh,66,0-1,Black,<=5s vs 10-15s,1673
lA4yESc3,79,1-0,White,<=5s vs 5-10s,1216
mat0W297,99,1/2-1/2,White,<=5s vs 5-10s,2155
uw0lp9qT,119,1-0,White,<=5s vs 10-15s,2332
w4JicDlf,70,0-1,Black,<=5s vs 10-15s,2098
gf0vjqPP,83,1-0,White,<=5s vs 5-10s,1773
ZzIMX9V7,43,1-0,White,<=5s vs 5-10s,1168
omXg7nmu,50,0-1,Black,<=5s vs 15-20s,1422
m94jtcyp,75,1-0,White,<=5s vs 5-10s,1533
zMJ0GXEh,55,1-0,White,<=5s vs 10-15s,1047
1nPJdUp9,62,1-0,Black,<=5s vs 5-10s,2174
SU9JZugN,88,0-1,Black,<=5s vs <=5s,2209
eXwKlgmj,49,1-0,White,<=5s vs <=5s,839
PWRlj4Dr,63,1-0,White,<=5s vs 15-20s,1988
GuqjjRXY,80,0-1,Black,<=5s vs 15-20s,2402
FnLXhXgq,83,1-0,White,<=5s vs 10-15s,2505
KrbvSX1c,71,1-0,White,<=5s vs 10-15s,1629
K934V1ix,94,0-1,Black,<=5s vs 5-10s,1533
hxWDFKp0,73,1-0,White,<=5s vs 10-15s,1004
PXaryaYt,101,1-0,White,<=5s vs <=5s,1889
06f03wwv,72,0-1,Black,<=5s vs 15-20s,1527
uAVzo0s3,58,0-1,Black,<=5s vs 15-20s,1589
O2Mmibao,73,1-0,White,<=5s vs 5-10s,1593
2x0oVGm6,70,0-1,Black,<=5s vs 15-20s,1909
R3NXHRgm,58,0-1,Black,<=5s vs 10-15s,2050
eXGeM3hE,107,0-1,White,<=5s vs <=5s,2736
iPVk0Adt,74,0-1,Black,<=5s vs 15-20s,1947
wvTpAZgP,83,1-0,White,<=5s vs 5-10s,1412
z72rSInA,59,1-0,White,<=5s vs 5-10s,2053
Qg9EoPpQ,129,0-1,White,<=5s vs 10-15s,2573
HCw38VnW,88,0-1,Black,<=5s vs 15-20s,2358
mUE97RfN,43,1-0,White,<=5s vs 15-20s,927
mUA27nCg,58,0-1,Black,<=5s vs 5-10s,1579
tzlRCrvT,57,1-0,White,<=5s vs 5-10s,1385
y0QUtpca,93,1-0,White,<=5s vs 15-20s,2492
C0xdQj3k,81,0-1,White,<=5s vs 10-15s,2556
UuhMEKlv,89,1/2-1/2,White,<=5s vs 10-15s,2307
fObp3Lz9,58,0-1,Black,<=5s vs 5-10s,1403
LE2UjyUU,62,0-1,Black,<=5s vs <=5s,1826
GD5OSUNJ,68,0-1,Black,<=5s vs <=5s,1823
vZAl5yty,69,0-1,White,<=5s vs <=5s,1767
CyCglNan,93,1-0,White,<=5s vs 5-10s,2116
mY02cIa3,64,0-1,Black,<=5s vs 10-15s,1487
T9y28ZKA,63,1-0,White,<=5s vs 15-20s,735
A7QepFoL,108,0-1,Black,<=5s vs 15-20s,2036
weFy6hYk,50,0-1,Black,<=5s vs 10-15s,1538
DZvWBINj,76,1-0,Black,<=5s vs <=5s,1566
Kk6Gxgw0,58,0-1,Black,<=5s vs 10-15s,1494
kSE90ujq,60,0-1,Black,<=5s vs 10-15s,2183
HX3enmNK,73,1-0,White,<=5s vs 10-15s,2818
3Sycocuq,52,0-1,Black,<=5s vs 5-10s,1070
lHkXT9Fg,63,1-0,White,<=5s vs 15-20s,1941
9CvCaEYo,47,0-1,White,<=5s vs 10-15s,1131
B51anHhs,45,1-0,White,<=5s vs <=5s,1028
5KLtoGTM,69,1-0,White,<=5s vs 5-10s,1805
jF7nQYPX,49,1-0,White,<=5s vs 10-15s,1417
UJnqFLBv,58,0-1,Black,<=5s vs 15-20s,1431
0qbUoyPw,72,1-0,Black,<=5s vs <=5s,1627
pxLTdgu3,88,0-1,Black,<=5s vs 5-10s,1718
jKiwJoFh,65,1-0,White,<=5s vs 15-20s,1763
mFbZFZQQ,66,0-1,Black,<=5s vs 10-15s,1795
heMc5HeO,51,1-0,White,<=5s vs <=5s,1006
7cWtJgvA,76,0-1,Black,<=5s vs 15-20s,2354
Snz5XNhU,63,1-0,White,<=5s vs <=5s,1946
bwKC53wD,98,0-1,Black,<=5s vs 10-15s,2391
ZoNct6Ss,61,1-0,White,<=5s vs 10-15s,2102
6UYfPBd3,63,1-0,White,<=5s vs 5-10s,1179
W95zEWZ3,72,0-1,Black,<=5s vs 5-10s,1699
ppEAcYT3,64,0-1,Black,<=5s vs 5-10s,1940
an7IM6fh,56,0-1,Black,<=5s vs <=5s,1419
0zl1StGp,84,0-1,Black,<=5s vs 15-20s,1593
wurNZGze,56,0-1,Black,<=5s vs 15-20s,1660
hppVQ5Wb,71,0-1,White,<=5s vs 5-10s,1763
jDRbBnSB,60,0-1,Black,<=5s vs 5-10s,1647
cczXieA8,108,0-1,Black,<=5s vs 15-20s,2387
kgsWFavZ,60,0-1,Black,<=5s vs 10-15s,1670
xmM942Fc,62,0-1,Black,<=5s vs 10-15s,1493
5mWqmnGu,74,1/2-1/2,Black,<=5s vs <=5s,1878
7SU09r7B,62,0-1,Black,<=5s vs 5-10s,1643
3SrKXj2Z,101,1/2-1/2,White,<=5s vs 15-20s,1929
1eVDdMh3,57,1-0,White,<=5s vs <=5s,2351
kBYfrTtI,71,1-0,White,<=5s vs 15-20s,1743
SsThXBot,78,0-1,Black,<=5s vs 10-15s,1500
e8cvqa7I,69,1-0,White,<=5s vs 15-20s,1872
6tYcHu3K,77,1-0,White,<=5s vs 15-20s,2060
BnsFHCic,106,0-1,Black,<=5s vs <=5s,1714
PBaymhJw,49,1-0,White,<=5s vs 10-15s,1293
LYRINbdL,73,1-0,White,<=5s vs 10-15s,2020
NAI7KBAn,46,0-1,Black,<=5s vs 10-15s,1182
5R8jduLH,54,1-0,Black,<=5s vs <=5s,676
qb0tbhPr,53,1-0,White,<=5s vs 10-15s,1731
zIuJGuUd,50,0-1,Black,<=5s vs 10-15s,1485
aebP0rdl,44,1-0,Black,<=5s vs <=5s,817
TRc7qCSa,79,1-0,White,<=5s vs 15-20s,2411
nVmC1DTc,103,0-1,White,<=5s vs <=5s,1815
unveR2Pm,52,0-1,Black,<=5s vs 10-15s,1881
uaIrDXbc,66,0-1,Black,<=5s vs 15-20s,1582
TfSB6YHy,49,1-0,White,<=5s vs <=5s,1646
RLBWO2Pc,85,1-0,White,<=5s vs 15-20s,2471
UUSbP3it,47,1-0,White,<=5s vs 15-20s,1241
1FAwiIQN,47,0-1,White,<=5s vs 15-20s,1579
XKfU3sFn,71,0-1,White,<=5s vs 5-10s,1575
BZmx5YLn,119,1/2-1/2,White,<=5s vs 15-20s,2516
6rmNGCYN,44,0-1,Black,<=5s vs 15-20s,1085
2RJXkNr8,109,1-0,White,<=5s vs 10-15s,1850
ai77MDx7,78,0-1,Black,<=5s vs 15-20s,1676
qMIKmkCx,74,0-1,Black,<=5s vs <=5s,2018
kcugaG5y,120,0-1,Black,<=5s vs 15-20s,2062
6CJ81jkY,47,1-0,White,<=5s vs 15-20s,861
1keN9iPp,57,1-0,White,<=5s vs 5-10s,1508
cxPHXCVQ,52,0-1,Black,<=5s vs 5-10s,1234
APjvNb2a,105,1-0,White,<=5s vs <=5s,2226
G3F0LojC,103,0-1,White,<=5s vs <=5s,2061
QPhu7qdQ,57,1-0,White,<=5s vs 10-15s,1050
ms7vKurI,98,0-1,Black,<=5s vs 5-10s,2602
TfQtyEST,41,1-0,White,<=5s vs 15-20s,1335
OJAOSiqE,83,1-0,White,<=5s vs 15-20s,1439
FldsWLiH,122,0-1,Black,<=5s vs 15-20s,2504
xfeZzZn0,130,1/2-1/2,Black,<=5s vs 15-20s,2385
RlpRg8cW,58,0-1,Black,<=5s vs 15-20s,1726
OgFjDqwJ,85,1-0,White,<=5s vs <=5s,2339
JYbHGE6k,108,0-1,Black,<=5s vs 10-15s,1822
8AxDWxtc,57,0-1,White,<=5s vs 15-20s,1616
n4rs4upQ,47,0-1,White,<=5s vs 5-10s,979
JZIWjroi,66,0-1,Black,<=5s vs 10-15s,1586
hAJhxUwG,58,0-1,Black,<=5s vs 10-15s,2011
qohBDwja,53,1-0,White,<=5s vs 5-10s,1206
pb0dA4Uy,64,0-1,Black,<=5s vs 15-20s,1604
ndmn9VoL,57,1-0,White,<=5s vs 5-10s,904
dJvkGe7a,71,1-0,White,<=5s vs 5-10s,698
0e5scns2,73,1-0,White,<=5s vs 15-20s,2125
CgqOTcqk,60,0-1,Black,<=5s vs 15-20s,1891
JVlADx9A,80,0-1,Black,<=5s vs 10-15s,2146
0a0TiRs2,57,1-0,White,<=5s vs 15-20s,1725
9tGz34Y9,66,0-1,Black,<=5s vs 15-20s,1461
Cj3w4UkE,100,1/2-1/2,Black,<=5s vs 5-10s,2039
KfQkhcwO,52,0-1,Black,<=5s vs 5-10s,1374
TdUgh2vS,80,1-0,Black,<=5s vs <=5s,1265
PBubcP1J,103,1-0,White,<=5s vs 10-15s,2488
HlN44LQl,73,1-0,White,<=5s vs 5-10s,2141
bawrHmmH,67,1-0,White,<=5s vs <=5s,1388
9juxxt3B,57,1-0,White,<=5s vs 10-15s,1606
DWd2EFRG,105,1-0,White,<=5s vs 5-10s,2862
AcdzLrIs,79,1-0,White,<=5s vs 5-10s,2294
QThit4bf,65,1-0,White,<=5s vs 15-20s,1893
1nPN5AqJ,79,1-0,White,<=5s vs 5-10s,1515
tcMcZAsL,57,0-1,White,<=5s vs 15-20s,1215
vJBy4O4Q,43,1-0,White,<=5s vs 10-15s,957
ZthaTcwx,129,1/2-1/2,White,<=5s vs 5-10s,1680
W7eCi9Eg,121,1-0,White,<=5s vs 15-20s,2526
rdLN6FXs,69,1-0,White,<=5s vs 10-15s,2073
MQoJpzZh,57,1-0,White,<=5s vs 10-15s,1515
F9ufpql7,49,0-1,White,<=5s vs <=5s,1098
YtGZXKk8,52,0-1,Black,<=5s vs 5-10s,1424
R1pHJKDk,81,0-1,White,<=5s vs 5-10s,1843
Gu9qESlG,54,0-1,Black,<=5s vs 10-15s,1240
i7h8OB2J,67,1-0,White,<=5s vs 10-15s,1940
Hln32M6j,73,1-0,White,<=5s vs 5-10s,2097
m2gOhBv4,52,1-0,Black,<=5s vs 5-10s,1736
9g92aLyh,50,0-1,Black,<=5s vs 5-10s,1161
bTFZyPsm,81,1-0,White,<=5s vs 5-10s,2035
fagchSG5,98,0-1,Black,<=5s vs 10-15s,1764
bfNFMjBF,77,0-1,White,<=5s vs 10-15s,1867
WtTx147Y,78,1-0,Black,<=5s vs <=5s,1125
mXUFAFw8,94,0-1,Black,<=5s vs 10-15s,2605
dz2QUu6k,59,1-0,White,<=5s vs 5-10s,1494
oQ6Lord9,126,1/2-1/2,Black,<=5s vs 15-20s,2438
1fMjdtQc,103,0-1,White,<=5s vs 5-10s,2481
ovjr6w3H,61,1-0,White,<=5s vs 10-15s,1611
bM5wO2PM,72,0-1,Black,<=5s vs 10-15s,2564
2IGBXxBl,110,1-0,Black,<=5s vs 10-15s,1998
XuHIJKuA,74,1-0,Black,<=5s vs <=5s,2017
vDS7aHBp,78,0-1,Black,<=5s vs 15-20s,1237
H9mQW0hL,101,1-0,White,<=5s vs 5-10s,2420
0bM0oROS,58,0-1,Black,<=5s vs 15-20s,1992
k0WEIHHO,38,0-1,Black,<=5s vs 5-10s,1174
ypxyp7TN,74,0-1,Black,<=5s vs 10-15s,2243
b741shOX,47,1-0,White,<=5s vs 15-20s,1581
MSj8wWg1,85,1-0,White,<=5s vs <=5s,1664
dHTZCWOJ,74,0-1,Black,<=5s vs 15-20s,1907
MxVOZ6DU,96,1/2-1/2,Black,<=5s vs <=5s,2200
7euVC1LZ,78,0-1,Black,<=5s vs 10-15s,1696
LawF4Cvb,70,0-1,Black,<=5s vs 15-20s,1747
0QJRShmJ,77,1-0,White,<=5s vs 5-10s,1540
cidpFKgh,53,1-0,White,<=5s vs 15-20s,2083
eZEE1yzw,49,1-0,White,<=5s vs 15-20s,1355
am8mW1mU,74,0-1,Black,<=5s vs 10-15s,1893
DjpJKtip,94,0-1,Black,<=5s vs <=5s,2702
4KSLjosM,50,0-1,Black,<=5s vs 5-10s,1170
D4cFnXfg,108,0-1,Black,<=5s vs 15-20s,2359
G236WUZz,77,1-0,White,<=5s vs <=5s,1991
ZoFaMgHu,36,0-1,Black,<=5s vs 10-15s,2041
xiZEErBO,61,0-1,White,<=5s vs <=5s,1513
KQodoP2r,59,1-0,White,<=5s vs 10-15s,1770
7aPcptMx,48,0-1,Black,<=5s vs 10-15s,959
gz4W6fdA,70,0-1,Black,<=5s vs 15-20s,1648
gd5DSnje,97,1-0,White,<=5s vs 5-10s,2184
15EHmcfZ,77,1-0,White,<=5s vs 15-20s,2437
FArEXMUz,42,0-1,Black,<=5s vs 10-15s,984
IyXsLLlM,50,1-0,Black,<=5s vs 15-20s,1757
ikVGMQ75,68,0-1,Black,<=5s vs 5-10s,1602
aTWhCb7U,49,1-0,White,<=5s vs 15-20s,1247
AxvZ2BcW,39,1-0,White,<=5s vs 15-20s,1976
KItZnXrh,71,1-0,White,<=5s vs 5-10s,2184
srZtFJJS,53,1-0,White,<=5s vs 15-20s,1375
F6H35eLv,65,1-0,White,<=5s vs 15-20s,2118
goETbQ9X,99,1-0,White,<=5s vs 15-20s,1774
UnWjpmp7,105,1-0,White,<=5s vs <=5s,2010
ThW7htEv,84,0-1,Black,<=5s vs <=5s,2243
hNpEaOyJ,61,1-0,White,<=5s vs 10-15s,1500
54VhTcnP,83,1-0,White,<=5s vs 5-10s,2358
gTcoLi7L,59,1-0,White,<=5s vs 10-15s,1138
iDrFk8vG,49,1-0,White,<=5s vs 15-20s,1376
fsziUGrh,64,0-1,Black,<=5s vs 10-15s,2347
zjor8WfG,91,1-0,White,<=5s vs 5-10s,2647
NKG1shyc,110,0-1,Black,<=5s vs 5-10s,2219
PrlcqZNF,104,0-1,Black,<=5s vs <=5s,2174
GrnrAheM,102,1-0,Black,<=5s vs <=5s,1587
0pgo7mZo,60,1-0,Black,<=5s vs 5-10s,1517
cD9JpwnK,91,0-1,White,<=5s vs 5-10s,1861
32AIo7rB,87,1-0,White,<=5s vs 15-20s,1613
q2BUDz8S,68,0-1,Black,<=5s vs 10-15s,1333
nShApbyj,75,1-0,White,<=5s vs 10-15s,2042
LUHyBeJp,73,1-0,White,<=5s vs 10-15s,1497
MYMrLep8,60,0-1,Black,<=5s vs 10-15s,1915
EqVfb4ai,68,0-1,Black,<=5s vs 10-15s,1886
1QMCkZBr,72,1-0,Black,<=5s vs 5-10s,2030
C6LTT4Bd,70,0-1,Black,<=5s vs 15-20s,2528
UBJaf2kL,64,0-1,Black,<=5s vs 10-15s,1902
xCZw3reK,171,1-0,White,<=5s vs 5-10s,2183
YXVyn2hi,60,0-1,Black,<=5s vs 5-10s,1646
6eVoCGVG,60,0-1,Black,<=5s vs 15-20s,2181
AWjnug78,49,1-0,White,<=5s vs 10-15s,1964
hSEjpWlO,67,1-0,White,<=5s vs 15-20s,2169
vSkrE4dY,64,0-1,Black,<=5s vs 5-10s,1991
ApvLLNXe,62,1-0,Black,<=5s vs <=5s,2061
83wUQVpn,66,0-1,Black,<=5s vs 15-20s,1883
DntBqPRV,54,0-1,Black,<=5s vs 10-15s,1765
OXzLiRPw,56,0-1,Black,<=5s vs 5-10s,1842
EyifETji,87,1-0,White,<=5s vs 15-20s,2260
0tK9PoFW,55,1-0,White,<=5s vs 5-10s,1588
zj3TvIAi,205,1/2-1/2,White,<=5s vs 5-10s,1376
mN5yTYGN,76,0-1,Black,<=5s vs 5-10s,1736
XEgxAOld,49,1-0,White,<=5s vs 15-20s,1099
mz1vZzzO,54,1-0,Black,<=5s vs 10-15s,1331
r5s0SnrQ,59,1-0,White,<=5s vs 10-15s,1703
reeJdJYr,78,0-1,Black,<=5s vs 15-20s,1523
YPcJnl9Q,43,0-1,White,<=5s vs 5-10s,2522
wgFDaaKp,71,0-1,White,<=5s vs 5-10s,1776
UpIFiG5W,64,1-0,Black,<=5s vs <=5s,851
HViF2oxZ,90,1/2-1/2,Black,<=5s vs 5-10s,1787
jWuycdUq,71,1-0,White,<=5s vs <=5s,1620
5lV6boZt,103,1-0,White,<=5s vs 15-20s,2045
o4gWdMmu,123,1-0,White,<=5s vs 5-10s,2292
B8NH9ldf,79,1-0,White,<=5s vs <=5s,1844
LQU9uGO1,82,0-1,Black,<=5s vs 15-20s,1714
SNYCs0Xo,70,0-1,Black,<=5s vs 15-20s,1899
t9YHYpFi,69,1-0,White,<=5s vs 15-20s,2193
jplh0eyq,58,0-1,Black,<=5s vs 5-10s,999
rK6GsW5I,53,1-0,White,<=5s vs 15-20s,952
bDmj5DNm,85,1-0,White,<=5s vs 5-10s,1971
w1ywvzIk,48,0-1,Black,<=5s vs 10-15s,928
s6pmJ0n8,68,0-1,Black,<=5s vs 5-10s,1271
vsBssBs6,72,0-1,Black,<=5s vs 15-20s,2298
Nr1qDREs,77,1-0,White,<=5s vs <=5s,1846
rYxngCd2,72,0-1,Black,<=5s vs 5-10s,1810
1931MG3A,48,0-1,Black,<=5s vs 10-15s,1716
JAsMDDpb,101,1-0,White,<=5s vs 5-10s,1360
GbgMA0Bb,120,0-1,Black,<=5s vs 15-20s,2032
FauD06dT,59,0-1,White,<=5s vs 10-15s,1970
wB3X4jDf,57,1-0,White,<=5s vs 5-10s,1332
K3Xs7tyg,55,1-0,White,<=5s vs 10-15s,1427
I2C9Jsqz,82,1/2-1/2,Black,<=5s vs 10-15s,2001
ltkwAagd,57,1-0,White,<=5s vs 5-10s,1652
ytcnM4qb,138,1/2-1/2,Black,<=5s vs <=5s,3057
Qls8c3C1,90,1-0,Black,<=5s vs 5-10s,1668
NsRhP5Vz,70,0-1,Black,<=5s vs 5-10s,1855
VeUza69g,72,0-1,Black,<=5s vs 5-10s,2978
oh8ORZlu,57,1-0,White,<=5s vs 5-10s,1508
txCjy3QT,47,1-0,White,<=5s vs 15-20s,1094
fO2Cm0Ro,81,1-0,White,<=5s vs 5-10s,1824
UTNYjae7,73,1-0,White,<=5s vs 5-10s,1476
Wtvy9CZ9,69,0-1,White,<=5s vs <=5s,1652
15BMdWQS,56,1-0,Black,<=5s vs 5-10s,2185
VaL30rHW,94,1-0,Black,<=5s vs <=5s,2799
TepFbtwm,75,1-0,White,<=5s vs 10-15s,2040
VSHNU3xh,86,0-1,Black,<=5s vs 5-10s,2551
42IjgaoU,71,1-0,White,<=5s vs 10-15s,1563
HYtpHDUn,57,1-0,White,<=5s vs 10-15s,1158
8SsVZXIu,50,0-1,Black,<=5s vs 15-20s,1953
CIztDjBk,110,0-1,Black,<=5s vs 15-20s,2153
NS9r8b61,78,0-1,Black,<=5s vs <=5s,1948
HCpE1a4u,71,1-0,White,<=5s vs 15-20s,2334
Q39LqHAC,99,1-0,White,<=5s vs 15-20s,1802
Lsz3EcgD,76,0-1,Black,<=5s vs 15-20s,1025
PBZKKLFP,55,1-0,White,<=5s vs 15-20s,1875
LgcvBT4U,75,1-0,White,<=5s vs 5-10s,1840
u4i7HY1X,52,0-1,Black,<=5s vs 5-10s,1237
xSBzEuU7,81,1-0,White,<=5s vs 5-10s,1774
IlmbnB79,59,1-0,White,<=5s vs 15-20s,1562
hM3VZ1LP,73,1-0,White,<=5s vs 15-20s,1756
XIGGffz9,87,1/2-1/2,White,<=5s vs 10-15s,2114
38K9rmh6,105,1-0,White,<=5s vs 10-15s,1987
cxZ1rMB4,57,1-0,White,<=5s vs 5-10s,966
XuzyLh3I,62,1-0,Black,<=5s vs <=5s,889
RXLHmAng,81,0-1,White,<=5s vs <=5s,1776
r4MG2oum,40,0-1,Black,<=5s vs 5-10s,1059
MxdlToVA,63,1-0,White,<=5s vs 5-10s,1440
ty7P1agZ,97,0-1,White,<=5s vs 5-10s,2667
DymAXCO9,64,1-0,Black,<=5s vs <=5s,1864
gQ3NcSoA,42,0-1,Black,<=5s vs 15-20s,1422
qp7MarCs,89,1-0,White,<=5s vs 10-15s,1930
h6s5B32y,114,0-1,Black,<=5s vs 10-15s,2725
Baue8t2x,60,1-0,Black,<=5s vs 5-10s,974
aC7FGWPT,100,1-0,Black,<=5s vs <=5s,1388
6LGM4YGv,111,1-0,White,<=5s vs 15-20s,2305
tQp0SIs8,74,0-1,Black,<=5s vs 10-15s,2101
CEoLoc6E,69,1-0,White,<=5s vs 15-20s,2174
LNHrhETX,75,1-0,White,<=5s vs 15-20s,2562
bM1du68c,60,0-1,Black,<=5s vs 15-20s,1858
yHMJLBzN,73,1-0,White,<=5s vs 15-20s,1824
KOm1XLob,51,0-1,White,<=5s vs 10-15s,1641
6Ez7uasm,94,0-1,Black,<=5s vs 5-10s,1792
neKKIjx1,56,0-1,Black,<=5s vs 15-20s,2570
FaNctEMB,73,1-0,White,<=5s vs 15-20s,1109
3vV1wVat,78,1/2-1/2,Black,<=5s vs 10-15s,2625
FqaIYei8,63,1-0,White,<=5s vs 15-20s,1040
yYTBExzm,67,1-0,White,<=5s vs 5-10s,1754
ajM3smb2,44,0-1,Black,<=5s vs <=5s,1207
evVLhIXP,74,1-0,Black,<=5s vs <=5s,1457
OOSAAHtG,69,1-0,White,<=5s vs 5-10s,2087
8258Lajs,78,0-1,Black,<=5s vs <=5s,1741
YeGuTOzX,81,1-0,White,<=5s vs 5-10s,1772
TpJENSPm,97,1-0,White,<=5s vs 10-15s,1819
ni2goj4x,103,1-0,White,<=5s vs 5-10s,2025
TjadndaH,59,1-0,White,<=5s vs 10-15s,1438
kpOMrXHj,37,1-0,White,<=5s vs 10-15s,561
M6S4bpKR,82,0-1,Black,<=5s vs 10-15s,2266
KQHazCll,57,1-0,White,<=5s vs 5-10s,885
MMT1V2xw,82,0-1,Black,<=5s vs <=5s,1490
v0AhHj9P,82,0-1,Black,<=5s vs 10-15s,1897
g8EH1hFB,43,1-0,White,<=5s vs 5-10s,909
Lrv7cxM9,79,1-0,White,<=5s vs 15-20s,1761
Gs9ABaiy,134,1-0,Black,<=5s vs <=5s,1846
8NjaIgB4,60,0-1,Black,<=5s vs 10-15s,1328
H2U3Jghp,71,1/2-1/2,White,<=5s vs 5-10s,1367
G5fvkgp6,134,0-1,Black,<=5s vs 5-10s,2302
VzaAtwfR,59,1-0,White,<=5s vs 10-15s,2242
6kqxMuCy,68,0-1,Black,<=5s vs 10-15s,1712
89YzlvbE,68,1-0,Black,<=5s vs 5-10s,1812
2VVeonQ7,69,0-1,White,<=5s vs <=5s,1491
O3oY6AfH,105,1-0,White,<=5s vs 10-15s,2467
MADH5YW8,46,0-1,Black,<=5s vs 5-10s,1500
d98KpEvN,108,0-1,Black,<=5s vs 10-15s,2305
OmwB3PIO,91,1-0,White,<=5s vs 5-10s,1811
qqJA6hBN,125,1-0,White,<=5s vs 5-10s,2514
4NTZ5G0w,82,0-1,Black,<=5s vs 10-15s,2659
b7L4ooFr,66,0-1,Black,<=5s vs 10-15s,2094
5LSjwMyX,58,1-0,Black,<=5s vs 5-10s,1635
SqzaSjpv,64,0-1,Black,<=5s vs 5-10s,2030
EvFlPGjo,69,1-0,White,<=5s vs 10-15s,2354
EoOZdL3S,78,0-1,Black,<=5s vs 5-10s,1971
FXjCFS56,44,0-1,Black,<=5s vs 5-10s,1153
vk8vPpKG,76,0-1,Black,<=5s vs 15-20s,1859
ruC3zacf,65,1-0,White,<=5s vs 5-10s,1347
CsyaDho1,58,0-1,Black,<=5s vs 10-15s,2537
0fZbP1CX,56,0-1,Black,<=5s vs 5-10s,1393
Ugty90T2,63,0-1,White,<=5s vs 5-10s,1992
aCoUI50P,63,0-1,White,<=5s vs 10-15s,1902
SuZHykjw,81,1-0,White,<=5s vs 10-15s,1847
Tf9GByVq,53,1-0,White,<=5s vs 15-20s,2288
lBijdscU,80,0-1,Black,<=5s vs 5-10s,2325
3ILg9Kg8,69,1-0,White,<=5s vs 5-10s,2218
UZ1wn6p3,101,1/2-1/2,White,<=5s vs 15-20s,2040
GQsYPCTX,117,1-0,White,<=5s vs 5-10s,2580
mm8bGfA7,62,0-1,Black,<=5s vs 10-15s,1055
3MO9r8c7,51,0-1,White,<=5s vs 15-20s,1723
Z5UqUDuv,63,0-1,White,<=5s vs <=5s,1998
l0xmieUB,70,1-0,Black,<=5s vs 5-10s,3038
ShfPc8jn,72,0-1,Black,<=5s vs 15-20s,1863
LCRfZq6G,45,1-0,White,<=5s vs 15-20s,1135
UPUawBVE,88,1-0,Black,<=5s vs <=5s,1957
GAwTavGR,80,0-1,Black,<=5s vs 10-15s,1622
bjXmElkj,78,0-1,Black,<=5s vs 10-15s,1906
gQ3sqCZV,86,0-1,Black,<=5s vs 10-15s,1895
Ed6ZnPkX,49,1-0,White,<=5s vs 15-20s,992
6bKx8spV,116,1/2-1/2,Black,<=5s vs 10-15s,2364
4W8eHYg0,83,1-0,White,<=5s vs 15-20s,2036
JiuWXpyY,122,1/2-1/2,Black,<=5s vs 5-10s,2539
4Un4O4BR,127,0-1,White,<=5s vs 5-10s,2377
WNLhcXm8,49,0-1,White,<=5s vs 10-15s,847
bZgzGVOU,59,1-0,White,<=5s vs 5-10s,1701
mAZWP8Mm,74,0-1,Black,<=5s vs 10-15s,2562
rQ6Kbu2u,55,0-1,White,<=5s vs 15-20s,1255
uRRRjrty,40,0-1,Black,<=5s vs 15-20s,1470
DSKEZOHa,138,1-0,Black,<=5s vs <=5s,2702
DhOQUYDq,86,0-1,Black,<=5s vs 5-10s,2562
DISP452t,64,0-1,Black,<=5s vs 5-10s,2463
WsQdxcFW,97,1-0,White,<=5s vs 15-20s,2504
S6sHINZ1,64,1-0,Black,<=5s vs <=5s,2073
LgdKz6Ov,52,1-0,Black,<=5s vs 5-10s,1182
3epcOr1t,81,1-0,White,<=5s vs 10-15s,2342
eAA7ur7C,70,0-1,Black,<=5s vs 10-15s,2479
QdhQUQQz,67,1-0,White,<=5s vs 5-10s,1784
nfK7e2UA,71,1-0,White,<=5s vs 5-10s,1785
aAlAi4JI,54,0-1,Black,<=5s vs 15-20s,1756
EohXdSOu,64,0-1,Black,<=5s vs 5-10s,1540
U5PJtx2i,75,1-0,White,<=5s vs 5-10s,2238
nwMek2i0,81,1-0,White,<=5s vs 15-20s,1328
0C1pNyWm,60,0-1,Black,<=5s vs <=5s,1105
joQ4ZsZg,58,1-0,Black,<=5s vs 5-10s,1089
0p2QykeP,76,0-1,Black,<=5s vs 5-10s,2490
fSnHO7Lk,63,1-0,White,<=5s vs 15-20s,1533
6ErWgvTW,63,1-0,White,<=5s vs 10-15s,2297
Po66dWe6,71,1-0,White,<=5s vs 15-20s,988
KYPqPVSN,69,1-0,White,<=5s vs 5-10s,1355
T6qv9FBm,60,0-1,Black,<=5s vs 15-20s,1182
85IgNlmi,63,1-0,White,<=5s vs 10-15s,1729
Mfd7yLrX,77,1-0,White,<=5s vs 15-20s,1409
32s2k8dI,84,0-1,Black,<=5s vs 10-15s,1883
5MF3dDm0,57,1-0,White,<=5s vs 5-10s,1263
rQAMripJ,151,0-1,White,<=5s vs 15-20s,2245
HIFJsTOU,57,1-0,White,<=5s vs <=5s,1758
vZ0lUlgU,76,0-1,Black,<=5s vs 5-10s,1618
0ZbSHSwa,62,0-1,Black,<=5s vs 10-15s,2059
XtzuBfKm,73,1-0,White,<=5s vs 5-10s,1799
EuDgl87X,42,1/2-1/2,Black,<=5s vs 15-20s,1067
quYhtXtp,47,1-0,White,<=5s vs 15-20s,1070
cl79kILf,103,1-0,White,<=5s vs 5-10s,2623
2f5uf2Ps,87,1-0,White,<=5s vs <=5s,2511
YOxCKMyW,55,1-0,White,<=5s vs 15-20s,1808
8AJEQUD0,98,0-1,Black,<=5s vs <=5s,2122
fkynR6fF,92,1/2-1/2,Black,<=5s vs 5-10s,2711
ZjOC7J5t,146,0-1,Black,<=5s vs 15-20s,2127
odkmdJHo,59,1-0,White,<=5s vs 15-20s,1639
7yp7YvNG,99,1-0,White,<=5s vs 10-15s,2361
QhRNwVRa,109,1-0,White,<=5s vs 10-15s,2406
JVkuwEbi,87,1-0,White,<=5s vs 10-15s,1166
g4p53CrU,110,1/2-1/2,Black,<=5s vs 15-20s,1832
uwdfRaMg,54,0-1,Black,<=5s vs 10-15s,1667
f9IKW05x,76,0-1,Black,<=5s vs 10-15s,2147
lA1rdRFB,98,0-1,Black,<=5s vs 15-20s,2614
pOnvsoAx,90,0-1,Black,<=5s vs <=5s,2022
PNu0dQuE,57,1-0,White,<=5s vs 5-10s,1921
41t1JTB0,47,1-0,White,<=5s vs 10-15s,1329
0D58Fozu,47,1-0,White,<=5s vs 10-15s,1569
JDTGLzxk,75,1-0,White,<=5s vs 10-15s,1745
XBH1fuCq,74,0-1,Black,<=5s vs 5-10s,1597
zKJWRJGU,101,0-1,White,<=5s vs <=5s,1377
QEuD0Psl,63,1-0,White,<=5s vs <=5s,969
BuDIEKD2,66,0-1,Black,<=5s vs <=5s,1325
iDOwu65G,88,0-1,Black,<=5s vs <=5s,1998
XrZqUmVc,121,1/2-1/2,White,<=5s vs 10-15s,2254
ydoX7aoB,89,0-1,White,<=5s vs <=5s,1744
YdTiu8WI,84,0-1,Black,<=5s vs 10-15s,2502
5KPLXe6q,47,1-0,White,<=5s vs 15-20s,1035
0XT7yyHD,75,1-0,White,<=5s vs 5-10s,1547
4E5tmolo,86,1/2-1/2,Black,<=5s vs 5-10s,2071
r37LXTxL,101,1-0,White,<=5s vs 10-15s,2688
cBUNfCQa,53,1-0,White,<=5s vs 10-15s,2030
ohRWQoWS,56,0-1,Black,<=5s vs 15-20s,1385
v55ayHzi,62,0-1,Black,<=5s vs 5-10s,1039
lnAwaQOY,42,0-1,Black,<=5s vs 10-15s,1078
JkX60fzy,85,1-0,White,<=5s vs 10-15s,1329
Csj6uR32,94,1/2-1/2,Black,<=5s vs 5-10s,1851
QIXYb2jH,48,1-0,Black,<=5s vs 5-10s,1623
nwH3r9vj,85,1-0,White,<=5s vs 10-15s,2498
Vjpu8oHQ,127,1-0,White,<=5s vs 5-10s,1771
iZkS4XWI,58,0-1,Black,<=5s vs 5-10s,1454
LyavZPuf,48,1-0,Black,<=5s vs 10-15s,2477
SCSR5RGD,95,1-0,White,<=5s vs 15-20s,2143
4cXIePHP,65,1-0,White,<=5s vs 15-20s,1718
PMVqV9Qm,51,0-1,White,<=5s vs 5-10s,1538
qDGD4lYq,109,1-0,White,<=5s vs 10-15s,2316
7rPVVAvu,49,1-0,White,<=5s vs 10-15s,1704
TeQaKRMM,46,0-1,Black,<=5s vs 10-15s,1247
GCFGwVSq,55,1-0,White,<=5s vs 10-15s,939
sbPYiCCz,59,1-0,White,<=5s vs 10-15s,2009
y5XJYZ3e,68,0-1,Black,<=5s vs 15-20s,1982
I5Fv9rtj,99,0-1,White,<=5s vs 5-10s,2064
C153iegh,63,1-0,White,<=5s vs 10-15s,1384
q3l58Rl0,72,0-1,Black,<=5s vs 10-15s,2156
6vv5ASqH,72,0-1,Black,<=5s vs 5-10s,2083
6NzwgMU3,55,1-0,White,<=5s vs 15-20s,1510
lQa3lWyi,114,1-0,Black,<=5s vs <=5s,2243
gSAp9z4e,66,1-0,Black,<=5s vs <=5s,1554
SnO5UuYN,48,0-1,Black,<=5s vs 15-20s,2120
CNBDMtlp,82,0-1,Black,<=5s vs 5-10s,2049
kerK7t0w,73,1-0,White,<=5s vs 10-15s,1224
EuWk5Wmk,58,0-1,Black,<=5s vs 15-20s,1341
GBev5rIh,56,0-1,Black,<=5s vs 5-10s,1336
kVtNYxrz,116,1/2-1/2,Black,<=5s vs 5-10s,2315
MsfLjXMP,76,0-1,Black,<=5s vs 15-20s,1381
h2GBY0cr,40,0-1,Black,<=5s vs 15-20s,1508
f9KQriXg,58,0-1,Black,<=5s vs 15-20s,1725
FjEmouX8,61,1-0,White,<=5s vs 15-20s,1314
Xnffjl8A,70,0-1,Black,<=5s vs 10-15s,2193
ET5NcTRT,68,0-1,Black,<=5s vs 10-15s,1518
3KDwc4d7,60,1-0,Black,<=5s vs <=5s,1769
ds5htYP5,59,1-0,White,<=5s vs 10-15s,1729
L2yo4eEk,67,1-0,White,<=5s vs 5-10s,1925
8XvmI0vm,45,1-0,White,<=5s vs 10-15s,1203
44O2VPAx,78,1-0,Black,<=5s vs <=5s,1481
d8K1tAlJ,49,1-0,White,<=5s vs 15-20s,1336
xTlBRcPg,100,0-1,Black,<=5s vs 15-20s,2208
1pkSZzFA,89,0-1,White,<=5s vs 5-10s,1654
EbDDjtx4,65,1-0,White,<=5s vs 15-20s,1449
vwCkNKcD,69,1-0,White,<=5s vs 10-15s,1813
RWPdxCnK,94,0-1,Black,<=5s vs 10-15s,2126
KJhuRfc2,74,0-1,Black,<=5s vs 15-20s,1675
27GJJEMt,80,0-1,Black,<=5s vs 5-10s,1789
emRQfXHs,84,0-1,Black,<=5s vs 5-10s,1681
yRj7R3LF,84,1-0,Black,<=5s vs <=5s,1642
Bfa4KQ5u,79,1-0,White,<=5s vs 10-15s,2023
5oFOJLt4,66,0-1,Black,<=5s vs 10-15s,1716
DIYigzgO,85,1-0,White,<=5s vs 5-10s,1439
Vw1oE9ce,70,0-1,Black,<=5s vs 15-20s,1989
3qrHe9j2,85,0-1,White,<=5s vs <=5s,1620
flc0XBgU,64,0-1,Black,<=5s vs 5-10s,2399
72K5qVI5,76,0-1,Black,<=5s vs 10-15s,1273
L9wK9U4R,57,1-0,White,<=5s vs 10-15s,1587
PbC14HTU,71,1-0,White,<=5s vs 15-20s,2038
hAAzHtKS,72,0-1,Black,<=5s vs <=5s,1704
IcpTRh7T,45,0-1,White,<=5s vs 10-15s,1769
kqLdmwCQ,67,1-0,White,<=5s vs 10-15s,2149
HwAvueZn,74,0-1,Black,<=5s vs 5-10s,1730
i95IYCDB,42,0-1,Black,<=5s vs 10-15s,1333
6C5LVAVD,51,0-1,White,<=5s vs 5-10s,917
kzhf019f,57,0-1,White,<=5s vs 15-20s,1253
ZEZzOaHe,45,1-0,White,<=5s vs 15-20s,1126
8H8LWFwW,67,0-1,White,<=5s vs 5-10s,1668
3ymaejE3,83,0-1,White,<=5s vs 5-10s,2916
8mIWWfJZ,65,1-0,White,<=5s vs 15-20s,1839
wkdOzpHn,69,0-1,White,<=5s vs 5-10s,2105
4q7b1hfd,78,0-1,Black,<=5s vs 5-10s,1540
lUNtvt8X,87,1-0,White,<=5s vs 5-10s,1707
qX5ONr7Y,53,1-0,White,<=5s vs 15-20s,1615
4bDAkxWN,62,0-1,Black,<=5s vs 15-20s,2593
eOYssvLB,69,0-1,White,<=5s vs 5-10s,1678
oYo40hsO,87,1-0,White,<=5s vs 5-10s,1946
duY9msAX,90,0-1,Black,<=5s vs 10-15s,2223
9ckR655Y,105,0-1,White,<=5s vs 5-10s,1796
0aRKEobq,103,1-0,White,<=5s vs 10-15s,2182
TvcPVk1c,98,1-0,Black,<=5s vs <=5s,2535
24ib0b3K,157,1/2-1/2,White,<=5s vs 15-20s,1847
2FPD1mBR,56,0-1,Black,<=5s vs 10-15s,1655
81RYj4gl,54,0-1,Black,<=5s vs 15-20s,1533
ivo4DpIT,97,1-0,White,<=5s vs 10-15s,2139
wiU2mMO0,83,1-0,White,<=5s vs 5-10s,2353
Jh3gkz8a,106,0-1,Black,<=5s vs 15-20s,2432
N3k6QKnV,46,0-1,Black,<=5s vs 10-15s,1520
EYZNrJRq,113,1-0,White,<=5s vs 5-10s,2014
rYnZqOoI,63,1-0,White,<=5s vs 15-20s,1800
Qqu6BdsW,62,0-1,Black,<=5s vs 10-15s,2174
8jWrtReQ,93,1-0,White,<=5s vs 10-15s,2666
bU50o5rv,88,0-1,Black,<=5s vs 15-20s,1987
OymrxPkA,68,0-1,Black,<=5s vs 15-20s,1903
TZQSyVwi,77,1-0,White,<=5s vs 10-15s,2120
iVRtx0X3,76,0-1,Black,<=5s vs 5-10s,1636
MGomIVS3,134,1/2-1/2,Black,<=5s vs 5-10s,2729
tMKgZBtG,53,1-0,White,<=5s vs 5-10s,1220
jVpww4l5,70,0-1,Black,<=5s vs 5-10s,2029
cTAFckbJ,91,0-1,White,<=5s vs 5-10s,2585
TCvoGcDl,50,0-1,Black,<=5s vs <=5s,1144
dN1f0eBB,71,1-0,White,<=5s vs 15-20s,1998
hkLf2pZd,51,1-0,White,<=5s vs 15-20s,1416
fZyok9iu,89,1-0,White,<=5s vs 15-20s,2468
8Gov5ZWe,49,1-0,White,<=5s vs 15-20s,2300
HLiHwkB7,62,1-0,Black,<=5s vs 5-10s,1486
KHph8JCh,93,0-1,White,<=5s vs 5-10s,2196
LRo22pld,92,1/2-1/2,Black,<=5s vs 15-20s,2303
zvlv4zSd,78,0-1,Black,<=5s vs 5-10s,2070
8zQOWYYR,82,0-1,Black,<=5s vs 5-10s,1314
Wf20Mi5b,52,0-1,Black,<=5s vs 10-15s,1762
DIIeLSsS,112,0-1,Black,<=5s vs 15-20s,2403
RI5OweXl,136,1-0,Black,<=5s vs 5-10s,2032
jS5wqZJJ,62,0-1,Black,<=5s vs 5-10s,1402
mPtP2P6f,69,1-0,White,<=5s vs 10-15s,1541
CmkPU8m0,57,1-0,White,<=5s vs 10-15s,1196
WgUCu4Ab,60,0-1,Black,<=5s vs 5-10s,1334
xNSAlCcT,51,1-0,White,<=5s vs 5-10s,1876
YD65dorz,72,0-1,Black,<=5s vs 15-20s,2017
dEISvk1b,56,0-1,Black,<=5s vs 5-10s,1973
rbX36zNA,58,0-1,Black,<=5s vs 15-20s,1141
upKwzKa8,76,0-1,Black,<=5s vs 10-15s,2036
CaCAutZs,77,1-0,White,<=5s vs 5-10s,1875
ymg8AHnb,109,0-1,White,<=5s vs <=5s,1847
gsY6QiUx,86,0-1,Black,<=5s vs 5-10s,2530
5c2qCUqm,50,0-1,Black,<=5s vs 10-15s,1715
FCiIHMQy,53,1-0,White,<=5s vs 15-20s,929
rR7xAaIn,46,0-1,Black,<=5s vs <=5s,1406
E5zmVsML,74,0-1,Black,<=5s vs 15-20s,2023
B0ovfup2,70,0-1,Black,<=5s vs 15-20s,2147
FX2C2tGZ,66,0-1,Black,<=5s vs 15-20s,1379
NeXi9YYR,52,0-1,Black,<=5s vs <=5s,1639
xZa4TMBN,78,0-1,Black,<=5s vs 15-20s,1980
QzWQ7cbX,79,1/2-1/2,White,<=5s vs 10-15s,1830
DZ1wfdXX,119,1/2-1/2,White,<=5s vs 15-20s,2607
HTigH2oJ,140,1/2-1/2,Black,<=5s vs <=5s,1729
jCmJWUXj,73,0-1,White,<=5s vs 5-10s,1448
UcpYQFa2,87,1-0,White,<=5s vs 5-10s,2111
bfXJqZul,60,1-0,Black,<=5s vs <=5s,1056
eppXIl2c,66,0-1,Black,<=5s vs 5-10s,2059
BZfqMRmF,133,1-0,White,<=5s vs 5-10s,2650
GBycAUEv,86,0-1,Black,<=5s vs 10-15s,1479
ep8ctlIL,70,0-1,Black,<=5s vs 10-15s,1734
jgpshg2x,59,1-0,White,<=5s vs <=5s,1356
Fpft848h,106,1-0,Black,<=5s vs <=5s,2265
S3r5wzGd,53,1-0,White,<=5s vs 15-20s,1880
YNkH2WXL,48,0-1,Black,<=5s vs 15-20s,1526
nmyQAiCb,61,1-0,White,<=5s vs 10-15s,1254
1noB4dVv,96,0-1,Black,<=5s vs 5-10s,2677
yo3Md3ko,82,0-1,Black,<=5s vs 15-20s,1919
rad4xMcM,65,1-0,White,<=5s vs 5-10s,1566
QxpXUbqh,80,0-1,Black,<=5s vs 10-15s,1910
E5Rqk70m,76,0-1,Black,<=5s vs 5-10s,1747
5Rx8InQs,58,0-1,Black,<=5s vs 15-20s,1667
X5Sx5hLD,60,0-1,Black,<=5s vs 10-15s,2026
jp2mbbo6,51,1-0,White,<=5s vs 5-10s,1549
zdiTfd0M,71,1-0,White,<=5s vs 15-20s,1360
dqrP5e2D,78,0-1,Black,<=5s vs 15-20s,2346
piIZSKwG,62,0-1,Black,<=5s vs <=5s,1235
xyPLLzOY,42,0-1,Black,<=5s vs 5-10s,996
Wf4UKmMS,42,0-1,Black,<=5s vs 15-20s,908
yGT0YFEI,67,0-1,White,<=5s vs <=5s,1961
Dd5TLWwW,55,1-0,White,<=5s vs 15-20s,1768
j9K7x2L2,86,1/2-1/2,Black,<=5s vs 5-10s,1809
Pwf8dtcG,75,1-0,White,<=5s vs 15-20s,2397
vquPOVnu,77,1-0,White,<=5s vs 5-10s,1436
vASMEQ4u,39,1-0,White,<=5s vs 15-20s,771
4k0lO4YG,102,1-0,Black,<=5s vs <=5s,2055
EJix7toV,78,0-1,Black,<=5s vs 5-10s,1862
MtPaQlyT,105,1/2-1/2,White,<=5s vs <=5s,2814
kYGvxcJD,60,0-1,Black,<=5s vs 15-20s,1992
04irD3SG,66,0-1,Black,<=5s vs 10-15s,2473
fkF1w2KR,81,1-0,White,<=5s vs 5-10s,2417
FM2MwhC8,58,1-0,Black,<=5s vs 5-10s,1404
arM3GIef,108,0-1,Black,<=5s vs 5-10s,2465
lsv8KvKH,69,0-1,White,<=5s vs 5-10s,1783
EgpoWhL6,69,1-0,White,<=5s vs 5-10s,1510
X2fiUYoj,57,1-0,White,<=5s vs 15-20s,1210
lisZVLPn,75,1-0,White,<=5s vs 15-20s,1831
6mYl7gRU,78,0-1,Black,<=5s vs 5-10s,1865
BlRbl91s,51,1-0,White,<=5s vs 10-15s,1892
NQpMPagS,44,0-1,Black,<=5s vs 15-20s,1236
xrzsVSrb,70,0-1,Black,<=5s vs 5-10s,1948
T93Igkd8,108,1/2-1/2,Black,<=5s vs 15-20s,1545
aL0EOwqA,53,1-0,White,<=5s vs 15-20s,1894
jOAUO6bk,36,0-1,Black,<=5s vs 15-20s,817
uaQ6whAS,63,1-0,White,<=5s vs 5-10s,2000
14SS1cts,50,0-1,Black,<=5s vs 5-10s,1906
yB7gBJ6Z,74,1-0,Black,<=5s vs <=5s,1895
BxrhCM79,88,0-1,Black,<=5s vs 10-15s,2473
Cgk3IUNx,96,0-1,Black,<=5s vs 5-10s,2310
7X5axiKH,70,0-1,Black,<=5s vs 15-20s,2391
kK6aSjat,124,0-1,Black,<=5s vs <=5s,2406
XJGQDOoZ,68,0-1,Black,<=5s vs 15-20s,1710
PEzqxYkL,73,1/2-1/2,White,<=5s vs 5-10s,2151
bqYNreFH,62,0-1,Black,<=5s vs 5-10s,1599
5mGG55MS,112,0-1,Black,<=5s vs 5-10s,1602
eCbjmTHz,78,0-1,Black,<=5s vs 5-10s,1743
ZBjEMCEj,96,1-0,Black,<=5s vs <=5s,1691
Hx5BPbQf,45,1-0,White,<=5s vs 15-20s,1955
CkNLHfZK,85,0-1,White,<=5s vs 10-15s,2465
Kr7dqJoo,80,0-1,Black,<=5s vs 10-15s,2297
EMoViMEY,125,1-0,White,<=5s vs 10-15s,2387
gWWix4YG,65,1-0,White,<=5s vs 10-15s,1403
tIO9Ib8c,51,1-0,White,<=5s vs 5-10s,952
I19qsHls,67,1-0,White,<=5s vs 15-20s,2231
kR0rINaQ,73,0-1,White,<=5s vs 5-10s,2166
GWiWQgSZ,42,0-1,Black,<=5s vs 5-10s,822
6SNK1sUa,58,0-1,Black,<=5s vs 15-20s,1259
GYEdGNzV,42,0-1,Black,<=5s vs 15-20s,1092
CqmMJYUY,78,0-1,Black,<=5s vs 10-15s,2529
rvwrJdxF,73,1-0,White,<=5s vs 15-20s,2068
3i8e4gQh,80,0-1,Black,<=5s vs 5-10s,2329
xqcl47f0,82,0-1,Black,<=5s vs 10-15s,2132
gEh6RzEJ,44,0-1,Black,<=5s vs 15-20s,1734
raTPl68J,84,0-1,Black,<=5s vs 10-15s,1756
Lyrd1bY2,72,0-1,Black,<=5s vs 10-15s,2353
aeoAKKvq,55,0-1,White,<=5s vs 10-15s,1247
wVwpu9j1,72,0-1,Black,<=5s vs 10-15s,1689
NYKkY7Os,52,1-0,Black,<=5s vs <=5s,968
WVBwcKxB,86,0-1,Black,<=5s vs 10-15s,2674
gpyc26Yl,100,0-1,Black,<=5s vs 10-15s,1933
AOq9TO6z,44,1-0,Black,<=5s vs 10-15s,1182
jWg6KCG6,65,1-0,White,<=5s vs 5-10s,1076
z7px5NTQ,78,0-1,Black,<=5s vs 10-15s,1874
xTJlFCt2,50,1-0,Black,<=5s vs 5-10s,1404
oYnE8FEu,78,0-1,Black,<=5s vs <=5s,2197
HJrE5zJ5,55,1-0,White,<=5s vs 5-10s,1310
HLWZ905f,55,1-0,White,<=5s vs 15-20s,1011
EpMSR5sD,57,1-0,White,<=5s vs 15-20s,1900
lxRhq2oM,54,0-1,Black,<=5s vs 5-10s,1353
dsjq9Fjj,69,1-0,White,<=5s vs 10-15s,1479
EeyMLVzM,100,0-1,Black,<=5s vs 5-10s,2268
qwG5Au8g,97,1-0,White,<=5s vs 5-10s,2541
COsVdh22,74,0-1,Black,<=5s vs 15-20s,1659
T3z0if1S,112,0-1,Black,<=5s vs 5-10s,2497
fkbjBA27,80,0-1,Black,<=5s vs 5-10s,1793
gGHYJjE3,100,0-1,Black,<=5s vs 10-15s,2255
6XbWawuj,72,0-1,Black,<=5s vs 10-15s,1840
812erftw,39,0-1,White,<=5s vs 10-15s,1004
L5BmYHoS,77,1-0,White,<=5s vs 5-10s,1941
NGxcm6sS,58,1-0,Black,<=5s vs 10-15s,2413
vNyxeWYi,75,1-0,White,<=5s vs 5-10s,2344
oLB8rOsj,58,0-1,Black,<=5s vs 15-20s,1452
I9QL5OJC,93,1-0,White,<=5s vs 15-20s,1667
TdA4a5bG,85,0-1,White,<=5s vs <=5s,1881
UaEAKoGJ,72,0-1,Black,<=5s vs 5-10s,2029
cE5QrnNq,56,0-1,Black,<=5s vs <=5s,1741
qq0qJYLF,76,0-1,Black,<=5s vs <=5s,2045
LIZljhXV,77,1-0,White,<=5s vs 10-15s,2027
N5xn3YV4,71,1-0,White,<=5s vs 5-10s,1157
foZONiiE,53,1-0,White,<=5s vs 10-15s,1329
6yPAsipz,71,1-0,White,<=5s vs 15-20s,2046
nwP3jVsb,120,1-0,Black,<=5s vs 5-10s,2254
UDTGlVtb,72,1-0,Black,<=5s vs <=5s,2260
i0h7m4hI,44,0-1,Black,<=5s vs 5-10s,1272
XwmXpi6r,104,1/2-1/2,Black,<=5s vs <=5s,2222
5Pq2F8kL,93,1-0,White,<=5s vs 10-15s,2776
cN0YgeAA,60,0-1,Black,<=5s vs 15-20s,1799
At1yCsFq,51,1-0,White,<=5s vs 15-20s,1004
WKHe5z7W,48,0-1,Black,<=5s vs 10-15s,1561
vw7CNX4x,70,1-0,Black,<=5s vs <=5s,2395
NEvWqreh,84,0-1,Black,<=5s vs 5-10s,2111
FuWFJ6gj,55,1-0,White,<=5s vs 5-10s,1303
Lhe6Lqwr,44,0-1,Black,<=5s vs 15-20s,1200
tZLBVc1m,112,0-1,Black,<=5s vs 10-15s,2254
vXMOxdmB,55,0-1,White,<=5s vs 5-10s,1350
YIblHC2b,66,1-0,Black,<=5s vs 5-10s,2152
OYUL5aJ5,74,1/2-1/2,Black,<=5s vs 5-10s,2193
Uc3GMXjV,56,0-1,Black,<=5s vs 10-15s,1468
fC0FvIAR,77,1-0,White,<=5s vs 15-20s,2231
k2y8mp4P,49,1-0,White,<=5s vs 10-15s,1625
bYME124X,74,0-1,Black,<=5s vs 15-20s,1912
d7uhbtJ1,121,1-0,White,<=5s vs <=5s,2357
BfGlb0Ck,66,0-1,Black,<=5s vs 15-20s,2185
auvkpfmv,66,0-1,Black,<=5s vs 10-15s,2331
zttaPG82,67,1-0,White,<=5s vs 10-15s,1927
8lagKrgD,72,0-1,Black,<=5s vs 5-10s,1674
DFnxjEua,83,1-0,White,<=5s vs 5-10s,2268
EW4EzBOl,72,0-1,Black,<=5s vs 10-15s,1842
LoKNeUHD,47,1-0,White,<=5s vs 15-20s,1278
P4155cCw,99,0-1,White,<=5s vs 5-10s,2053
w8U5I7T4,73,1-0,White,<=5s vs 15-20s,2264
TcBvclX2,52,0-1,Black,<=5s vs 5-10s,1401
AzpXCK2x,52,0-1,Black,<=5s vs 10-15s,2246
EsfxuFWh,73,0-1,White,<=5s vs 5-10s,2054
OY7B9dSD,49,1-0,White,<=5s vs 15-20s,1315
kmzDAQpM,82,0-1,Black,<=5s vs 5-10s,2215
rL1cq81d,67,1-0,White,<=5s vs 10-15s,1650
UFr2Djyr,54,0-1,Black,<=5s vs 15-20s,842
KlTcUug0,102,1/2-1/2,Black,<=5s vs <=5s,2062
gUnoE3BT,141,1/2-1/2,White,<=5s vs <=5s,2535
Ro3q5Tf8,89,1-0,White,<=5s vs 10-15s,2123
DYjHumM2,45,1-0,White,<=5s vs 10-15s,1247
oAtgQY7c,60,1-0,Black,<=5s vs 5-10s,1895
CkwzsFrV,95,0-1,White,<=5s vs 15-20s,1702
qAyazXIo,66,0-1,Black,<=5s vs <=5s,1623
RA0TPItG,56,0-1,Black,<=5s vs 5-10s,2000
DXlwCHTu,112,0-1,Black,<=5s vs 10-15s,2507
JCwMsvMg,105,1-0,White,<=5s vs <=5s,2321
XqQT0Wzi,92,0-1,Black,<=5s vs 5-10s,2350
PsCDR6X1,110,0-1,Black,<=5s vs 10-15s,2413
Q5LDlaUb,44,0-1,Black,<=5s vs 5-10s,1177
O2oxyEC5,63,1-0,White,<=5s vs 10-15s,1245
AFx8AkPo,67,1-0,White,<=5s vs 5-10s,2216
kmAf1AHj,102,0-1,Black,<=5s vs 5-10s,2328
QyuzxfLV,70,1-0,Black,<=5s vs <=5s,2119
3rpxRy2C,90,0-1,Black,<=5s vs 5-10s,2290
LvhpQXcW,122,1-0,Black,<=5s vs 10-15s,1932
2xWmyRsx,75,1-0,White,<=5s vs 10-15s,1633
ZUTyIo0x,43,1-0,White,<=5s vs 15-20s,1332
wpkaaufx,46,0-1,Black,<=5s vs 15-20s,1317
Jh3wGw3n,113,0-1,White,<=5s vs <=5s,1992
5g8wWaEr,47,1-0,White,<=5s vs 15-20s,1276
G9t1hrQv,68,0-1,Black,<=5s vs 5-10s,2080
1kUZH42V,50,0-1,Black,<=5s vs <=5s,1246
6hsxLCrN,59,1-0,White,<=5s vs 15-20s,1339
Ovn2kTm3,114,0-1,Black,<=5s vs 5-10s,2422
wYp5iiZo,46,0-1,Black,<=5s vs 15-20s,888
M3ivJtvF,72,0-1,Black,<=5s vs 15-20s,2449
vq305euT,78,0-1,Black,<=5s vs 10-15s,2186
10wPOD7i,72,1-0,Black,<=5s vs 5-10s,1994
2NDuysqS,48,0-1,Black,<=5s vs 10-15s,1248
x6ng3hEN,87,1-0,White,<=5s vs 15-20s,2334
EERIXT3v,57,1-0,White,<=5s vs 15-20s,1614
ShJSSiEH,105,0-1,White,<=5s vs <=5s,1539
fksrv4NR,97,1-0,White,<=5s vs 5-10s,1165
Rvd676NT,63,0-1,White,<=5s vs 5-10s,2309
yFGwXTSx,54,0-1,Black,<=5s vs 5-10s,1307
okXTwnhZ,86,0-1,Black,<=5s vs 10-15s,2084
BqffgaK9,98,0-1,Black,<=5s vs <=5s,2221
ddXKnxyP,47,1-0,White,<=5s vs 10-15s,857
Aum0e0ho,40,0-1,Black,<=5s vs 5-10s,1297
EE8xrkwG,136,0-1,Black,<=5s vs 10-15s,1921
nyeEeFeK,50,0-1,Black,<=5s vs 10-15s,991
YQcg7aWB,59,1-0,White,<=5s vs 10-15s,1660
iDvkfpyu,84,0-1,Black,<=5s vs 10-15s,2430
YCNRriAF,86,0-1,Black,<=5s vs <=5s,1896
LpBXBpPn,70,0-1,Black,<=5s vs 10-15s,2367
3JgfZbFb,40,0-1,Black,<=5s vs 10-15s,1202
KXCzDi3Z,49,1-0,White,<=5s vs 15-20s,1716
Tf9azexU,85,1-0,White,<=5s vs 15-20s,2737
7b0ipIfw,39,1-0,White,<=5s vs 5-10s,860
7FIt9dsY,72,0-1,Black,<=5s vs 5-10s,2237
acDLpiYj,141,1-0,White,<=5s vs 15-20s,1729
TLer0rSz,39,0-1,White,<=5s vs 15-20s,1350
CyYj5U55,112,1-0,Black,<=5s vs 5-10s,2131
C2n5IQgL,70,0-1,Black,<=5s vs 10-15s,2334
wV824Om6,76,0-1,Black,<=5s vs 10-15s,2195
REUEflQ6,86,0-1,Black,<=5s vs 10-15s,1082
jDI9TUPs,49,1-0,White,<=5s vs 15-20s,1337
xqURgEZd,77,1-0,White,<=5s vs 10-15s,1234
nwwjmHN1,91,0-1,White,<=5s vs 5-10s,2428
mIl4Lnga,51,1-0,White,<=5s vs 15-20s,1770
9Wc308Ec,53,1-0,White,<=5s vs 5-10s,1309
hNajlHAL,126,1/2-1/2,Black,<=5s vs <=5s,2746
VFhAy9JM,91,1-0,White,<=5s vs 10-15s,1630
DAYJlK8B,76,0-1,Black,<=5s vs 5-10s,1342
OpG1Y40C,48,0-1,Black,<=5s vs 10-15s,1479
W866c1DL,62,0-1,Black,<=5s vs 10-15s,2208
RiAZgS3G,78,0-1,Black,<=5s vs 10-15s,1814
MVQckJMD,47,0-1,White,<=5s vs 5-10s,1701
mU9nkWgR,49,1-0,White,<=5s vs 15-20s,1624
bCzZvgRg,54,0-1,Black,<=5s vs 15-20s,1484
WOdCHHwh,49,1-0,White,<=5s vs 10-15s,1340
JjwV1TTL,88,0-1,Black,<=5s vs 15-20s,2133
oZWosDzU,94,1-0,Black,<=5s vs 5-10s,2255
8l6H5Sc9,61,1-0,White,<=5s vs <=5s,1602
WlcBo6JW,84,0-1,Black,<=5s vs 15-20s,1969
ta5QNvQt,118,0-1,Black,<=5s vs 5-10s,2003
55Bzu9aT,86,1-0,Black,<=5s vs 5-10s,2468
NegHRrA2,58,0-1,Black,<=5s vs 15-20s,1642
4SPjXCPR,83,1-0,White,<=5s vs 10-15s,2554
se5kDKtB,57,1-0,White,<=5s vs 10-15s,1797
GsdIK4de,95,1-0,White,<=5s vs 5-10s,2219
zJzUhs6U,61,1-0,White,<=5s vs 10-15s,2141
Arnsr3aZ,127,1/2-1/2,White,<=5s vs 10-15s,1612
4ncXg1k7,56,0-1,Black,<=5s vs 15-20s,2351
G2OfEkkb,57,1-0,White,<=5s vs 5-10s,1441
tovkTtyQ,94,1-0,Black,<=5s vs 5-10s,2470
vjm7q57C,60,0-1,Black,<=5s vs 10-15s,1581
CtHQGEYB,91,1-0,White,<=5s vs 5-10s,1576
d5iMizvO,55,0-1,White,<=5s vs 15-20s,2016
ccdfLUrU,78,0-1,Black,<=5s vs 10-15s,1500
LWBX6O4t,118,1-0,Black,<=5s vs <=5s,2116
PgdcZame,81,1-0,White,<=5s vs 5-10s,1808
pI0nl8qE,54,0-1,Black,<=5s vs 15-20s,1467
x9v1xla3,50,0-1,Black,<=5s vs 10-15s,1475
8rjPm7zB,87,1/2-1/2,White,<=5s vs 15-20s,1720
PUCdTCj5,88,0-1,Black,<=5s vs 5-10s,1552
9QQRuzue,63,1-0,White,<=5s vs 5-10s,1875
sYq10LjU,55,1-0,White,<=5s vs 10-15s,1801
6NHuxeB6,80,0-1,Black,<=5s vs 15-20s,1931
5jIvFQF8,65,1-0,White,<=5s vs 10-15s,2514
6Ggh2IyM,59,0-1,White,<=5s vs 15-20s,1144
7VjKOXQk,68,0-1,Black,<=5s vs 15-20s,1835
VZ9glm1T,67,1-0,White,<=5s vs 5-10s,2659
MjTf6EQa,77,1-0,White,<=5s vs 10-15s,2388
XhNwKWB1,62,0-1,Black,<=5s vs 5-10s,1858
CGq7V94F,123,1/2-1/2,White,<=5s vs 5-10s,1992
mMfw6ClP,90,0-1,Black,<=5s vs <=5s,1582
SIsg9z6C,51,1-0,White,<=5s vs 15-20s,825
MUvdTLQ9,52,0-1,Black,<=5s vs 15-20s,1443
IP0722D8,84,0-1,Black,<=5s vs 10-15s,2480
ueHCKFVp,77,1-0,White,<=5s vs <=5s,1751
x4hmnz8m,117,1-0,White,<=5s vs 5-10s,2500
o7sJpI7K,62,0-1,Black,<=5s vs 5-10s,1748
MBniFsUG,85,0-1,White,<=5s vs <=5s,2382
8fo2ZiFy,101,1/2-1/2,White,<=5s vs 5-10s,2207
YkeWWPrZ,57,0-1,White,<=5s vs 15-20s,1593
TzTpMLlr,113,1-0,White,<=5s vs 10-15s,2112
3Iow5iXB,63,0-1,White,<=5s vs 15-20s,1982
n0sblin8,71,1-0,White,<=5s vs 15-20s,2217
iqZEFwQ1,96,0-1,Black,<=5s vs 10-15s,2266
KQ6G8SuP,98,0-1,Black,<=5s vs 15-20s,2279
EvqQgGwM,61,1-0,White,<=5s vs 15-20s,1337
P0lB8gNO,47,1-0,White,<=5s vs 15-20s,1975
fsUFmaTH,89,1-0,White,<=5s vs 5-10s,2403
7cFZEEYY,73,1-0,White,<=5s vs 10-15s,2041
ZozKKNZD,87,1-0,White,<=5s vs 5-10s,1584
iSJreKg0,67,1-0,White,<=5s vs 10-15s,2569
F3pcyAEI,103,1-0,White,<=5s vs 10-15s,2400
l8Eebnv2,89,1-0,White,<=5s vs 5-10s,2238
zpgnAS9P,54,0-1,Black,<=5s vs 15-20s,1471
6zyTUo36,64,1-0,Black,<=5s vs <=5s,1880
L7o64T11,62,0-1,Black,<=5s vs 15-20s,1309
sGi8pXwC,72,0-1,Black,<=5s vs <=5s,1541
HQKAeDLz,59,1-0,White,<=5s vs 10-15s,1180
Oy3kgGf0,44,1-0,Black,<=5s vs <=5s,749
3kmxIemQ,72,0-1,Black,<=5s vs <=5s,1495
ewrq5PHd,61,1-0,White,<=5s vs 10-15s,1730
YERNKwR5,74,0-1,Black,<=5s vs 5-10s,2124
vjRsPA6T,72,0-1,Black,<=5s vs 5-10s,1783
Jq6YtI3g,94,0-1,Black,<=5s vs <=5s,2302
1Rmk4xWg,72,0-1,Black,<=5s vs <=5s,2009
hWsIOhFg,71,1-0,White,<=5s vs 5-10s,2069
YlprfpHT,54,0-1,Black,<=5s vs <=5s,1981
w9Gyevfa,83,1-0,White,<=5s vs 10-15s,2156
zUdvfRnh,64,0-1,Black,<=5s vs 5-10s,1710
3CfjUdoc,62,0-1,Black,<=5s vs 10-15s,2193
5omwQ8jW,30,0-1,Black,<=5s vs 15-20s,479
GjLyTehg,98,1-0,Black,<=5s vs 10-15s,1335
4dy8bSKU,82,0-1,Black,<=5s vs 15-20s,2805
ElQLOBvi,46,0-1,Black,<=5s vs 10-15s,2392
gXEs0xaH,30,0-1,Black,<=5s vs 10-15s,809
fOc2ypqd,77,1-0,White,<=5s vs 10-15s,1411
OW88fOAP,90,0-1,Black,<=5s vs <=5s,2414
YQTRs6e6,94,1-0,Black,<=5s vs 10-15s,2220
uODecpdQ,49,1-0,White,<=5s vs 10-15s,1041
fIn6LbJv,98,0-1,Black,<=5s vs 10-15s,2398
dLLPWrWr,90,1/2-1/2,Black,<=5s vs 5-10s,2699
sWjdcJF9,58,0-1,Black,<=5s vs 15-20s,1862
FttSZPeG,132,0-1,Black,<=5s vs 5-10s,2409
rFmEB1xz,82,0-1,Black,<=5s vs <=5s,2126
Hnnfpx7X,104,0-1,Black,<=5s vs <=5s,1717
nlK6T0AU,153,1-0,White,<=5s vs 15-20s,1835
cPLFNSd9,77,1-0,White,<=5s vs 5-10s,2043
UmXKCH2c,46,0-1,Black,<=5s vs 5-10s,1162
MeAj0fx5,94,0-1,Black,<=5s vs 15-20s,1921
hfruwrPT,48,0-1,Black,<=5s vs <=5s,1357
QMpuPT64,71,0-1,White,<=5s vs 5-10s,1843
QcbgZPCY,53,1-0,White,<=5s vs 5-10s,1687
wskfraEj,67,1-0,White,<=5s vs 10-15s,1922
U2BXlBCz,61,0-1,White,<=5s vs 5-10s,1322
bJun0oTe,68,0-1,Black,<=5s vs 15-20s,1720
jjfARL7Y,102,1-0,Black,<=5s vs 10-15s,1991
DARWQiut,71,1-0,White,<=5s vs 5-10s,2155
tapDP9xF,59,1-0,White,<=5s vs <=5s,1597
xviS3TaC,134,1-0,Black,<=5s vs 5-10s,2399
fgkCZfmH,127,1-0,White,<=5s vs 15-20s,2050
7cRIny9Q,93,1-0,White,<=5s vs 10-15s,2389
blG5MZNl,46,1-0,Black,<=5s vs <=5s,1354
krpXGit1,84,1-0,Black,<=5s vs <=5s,1515
QmPzJcwf,58,0-1,Black,<=5s vs 15-20s,1961
9qUiDzQu,51,1-0,White,<=5s vs 10-15s,1485
PZXMzDYJ,64,0-1,Black,<=5s vs 10-15s,2061
dC9TtZBG,106,0-1,Black,<=5s vs 10-15s,2364
QmlxcYzS,59,0-1,White,<=5s vs 5-10s,1603
95nOEdtU,86,0-1,Black,<=5s vs 5-10s,2018
tDQS7kPV,65,1-0,White,<=5s vs 15-20s,2022
n8DDOn2F,66,0-1,Black,<=5s vs 5-10s,1628
SLpLmpbM,79,1-0,White,<=5s vs <=5s,1945
47C36efF,57,1-0,White,<=5s vs 5-10s,1334
PQ0FhuHI,101,1-0,White,<=5s vs 15-20s,2229
tjOtNkAi,54,0-1,Black,<=5s vs 10-15s,1251
XzvTWe5A,79,1-0,White,<=5s vs 15-20s,2230
QiBjHb6M,85,1-0,White,<=5s vs 10-15s,2604
ka5sDKhC,42,0-1,Black,<=5s vs 10-15s,1102
fRJNKVwY,99,1-0,White,<=5s vs 5-10s,2424
uFmaRn4i,118,1-0,Black,<=5s vs <=5s,2419
mww8zBcw,73,1-0,White,<=5s vs 10-15s,2453
5x8F1Tln,69,1-0,White,<=5s vs 15-20s,1378
XSUGfhvn,80,0-1,Black,<=5s vs 15-20s,1884
u3giuXbK,70,0-1,Black,<=5s vs 5-10s,1342
kBhigLnf,64,0-1,Black,<=5s vs 10-15s,1117
ZP7hc2qI,85,0-1,White,<=5s vs 5-10s,2810
oud5uV42,77,1-0,White,<=5s vs 5-10s,2197
UUnDsGN0,68,0-1,Black,<=5s vs 15-20s,2381
i8jNs0ib,65,1-0,White,<=5s vs 10-15s,2499
xobD0AHL,76,0-1,Black,<=5s vs <=5s,1910
D73Sg4qc,100,1/2-1/2,Black,<=5s vs 5-10s,2682
YasQ4oCL,52,1-0,Black,<=5s vs 5-10s,1374
4p0gZUVn,72,0-1,Black,<=5s vs 10-15s,1444
P9B9pCau,62,0-1,Black,<=5s vs 15-20s,1644
smTXXh7k,80,0-1,Black,<=5s vs 10-15s,1980
GAGni8uc,51,0-1,White,<=5s vs <=5s,1070
7EL702JN,108,0-1,Black,<=5s vs 15-20s,2188
SorfeLT0,59,1-0,White,<=5s vs 15-20s,1766
L5BoSgRZ,60,0-1,Black,<=5s vs 5-10s,1220
YTF8AERj,47,1-0,White,<=5s vs 15-20s,730
z0EVbVYD,74,0-1,Black,<=5s vs 15-20s,1417
Tltr2MlN,69,0-1,White,<=5s vs 5-10s,2161
gtGiQNs1,62,0-1,Black,<=5s vs 5-10s,1804
NbyvyVM5,44,0-1,Black,<=5s vs 10-15s,1514
BEldy4Kx,58,0-1,Black,<=5s vs 15-20s,2035
ftFOIyKr,103,1/2-1/2,White,<=5s vs 15-20s,2263
FH8kmE9n,85,0-1,White,<=5s vs 5-10s,2016
LE5uwf2T,64,0-1,Black,<=5s vs 10-15s,1934
BYkYfxJI,138,0-1,Black,<=5s vs 15-20s,2833
PkqHhldQ,71,1-0,White,<=5s vs 5-10s,2118
CMaQofH9,69,1-0,White,<=5s vs 5-10s,2271
ZZ8I64i4,71,1-0,White,<=5s vs 15-20s,2353
tYhFTe08,82,0-1,Black,<=5s vs 15-20s,1790
V8fIF0aq,69,1-0,White,<=5s vs 10-15s,1772
A7jkyUt7,94,1-0,Black,<=5s vs 5-10s,2155
ADUHT5DC,81,1-0,White,<=5s vs 5-10s,1644
cPPVxukv,78,0-1,Black,<=5s vs 15-20s,1163
Dnf8PAdv,72,1-0,Black,<=5s vs <=5s,1904
Z4uulO6K,114,0-1,Black,<=5s vs 10-15s,1194
VTD1chaB,98,1-0,Black,<=5s vs 15-20s,1877
sGWJGgSb,72,0-1,Black,<=5s vs 10-15s,1686
KWUwwxYL,38,0-1,Black,<=5s vs 10-15s,1030
iAwETVZU,117,1-0,White,<=5s vs <=5s,1826
QyXAt4Zn,56,0-1,Black,<=5s vs <=5s,1408
AeESlWww,102,0-1,Black,<=5s vs 5-10s,2134
VpgHrTp0,137,1/2-1/2,White,<=5s vs 10-15s,2107
EmRXcAns,52,1-0,Black,<=5s vs 10-15s,1955
b1uVJVlQ,67,1-0,White,<=5s vs 10-15s,1611
0AsaryQC,45,1-0,White,<=5s vs <=5s,1355
3vEJCa3Z,67,1-0,White,<=5s vs 10-15s,1815
9qSr2Hsq,37,1-0,White,<=5s vs 5-10s,1231
Jo7lC7aM,112,0-1,Black,<=5s vs 15-20s,2104
h8mEmu7f,65,1-0,White,<=5s vs 10-15s,1689
YazN4kMh,61,1-0,White,<=5s vs 5-10s,969
CsIbkus0,67,1-0,White,<=5s vs 10-15s,1840
O1w5ree8,90,0-1,Black,<=5s vs 15-20s,2431
wHZS6JYb,66,0-1,Black,<=5s vs 15-20s,1990
exN1tI41,81,1-0,White,<=5s vs 10-15s,1649
utYPjCee,56,0-1,Black,<=5s vs 10-15s,1592
onQdOKor,67,1-0,White,<=5s vs 5-10s,1287
AbDYKXai,68,0-1,Black,<=5s vs 15-20s,1415
d3sjc8lM,141,1-0,White,<=5s vs 15-20s,1875
DpCVTZoV,122,1-0,Black,<=5s vs <=5s,1585
jMc9WT0y,43,1-0,White,<=5s vs 5-10s,1622
5S3fg07X,63,1-0,White,<=5s vs 15-20s,2071
hKHKjgo8,35,1-0,White,<=5s vs 10-15s,830
857XipFB,67,1-0,White,<=5s vs 5-10s,2723
ai9JRcwW,80,1/2-1/2,Black,<=5s vs 5-10s,1892
ftPin8gz,104,0-1,Black,<=5s vs 5-10s,1907
N0QBwMFz,74,0-1,Black,<=5s vs <=5s,2000
PEeuIpZq,81,1-0,White,<=5s vs 15-20s,1910
HSvfSxXM,79,0-1,White,<=5s vs <=5s,1926
xV5MF7nJ,59,1-0,White,<=5s vs 15-20s,1509
qmBDKggA,62,0-1,Black,<=5s vs 15-20s,1150
1nIUseaa,102,0-1,Black,<=5s vs 10-15s,1785
IMfEiNtq,108,1-0,Black,<=5s vs <=5s,2097
eCVPob9D,85,0-1,White,<=5s vs <=5s,1839
YfQFivGM,76,0-1,Black,<=5s vs 10-15s,2488
wSC4U6zq,64,0-1,Black,<=5s vs 10-15s,1803
FD4dZVhw,63,1-0,White,<=5s vs 10-15s,1500
lJHzWoJZ,58,0-1,Black,<=5s vs 5-10s,1542
i96Km7d1,49,1-0,White,<=5s vs 5-10s,938
7AW5dyFy,81,1-0,White,<=5s vs <=5s,1979
Esi5ylrc,58,0-1,Black,<=5s vs 5-10s,1717
Q6V0DkvS,89,1-0,White,<=5s vs 5-10s,2008
bkPVpSN1,58,0-1,Black,<=5s vs 10-15s,1145
O2w8xrSB,51,1-0,White,<=5s vs 10-15s,1355
ZVU3UPsW,106,1/2-1/2,Black,<=5s vs <=5s,1677
fXwm3qu3,68,0-1,Black,<=5s vs 10-15s,1573
FB5VNgXY,55,0-1,White,<=5s vs 10-15s,1446
gbzoII21,84,0-1,Black,<=5s vs 5-10s,2706
WXhUWOeR,41,1-0,White,<=5s vs 10-15s,1058
ELluZeRW,46,0-1,Black,<=5s vs 10-15s,1053
LapvZEV2,69,0-1,White,<=5s vs <=5s,2422
EFkub12S,103,1/2-1/2,White,<=5s vs 5-10s,1870
TDhzsxda,104,1-0,Black,<=5s vs 10-15s,2315
b62fmBEC,78,1-0,Black,<=5s vs <=5s,2179
lsegl8aA,116,1/2-1/2,Black,<=5s vs 5-10s,1877
IVIfUrKw,99,0-1,White,<=5s vs 5-10s,2313
3jibrTSn,61,1-0,White,<=5s vs <=5s,1497
7Gy4Fq0t,61,1-0,White,<=5s vs 10-15s,1569
rNDY2ZZq,66,0-1,Black,<=5s vs <=5s,1418
yrZ8uBbf,65,0-1,White,<=5s vs 5-10s,1306
b1RW636n,69,0-1,White,<=5s vs 5-10s,1643
HAUuqPRe,65,1-0,White,<=5s vs 5-10s,1681
RCd2FhW5,118,0-1,Black,<=5s vs 5-10s,2469
ItlRVSpj,73,1-0,White,<=5s vs 10-15s,2153
8h7Gif73,67,1-0,White,<=5s vs 15-20s,2041
jWDvtMVV,135,1-0,White,<=5s vs 10-15s,2505
b69gr0Ah,61,1-0,White,<=5s vs 10-15s,872
Tbs7BfDh,128,0-1,Black,<=5s vs 15-20s,2050
zfbqCNJL,41,1-0,White,<=5s vs 5-10s,906
UwOEkrak,70,0-1,Black,<=5s vs <=5s,1604
x23HLoJw,55,1-0,White,<=5s vs 5-10s,869
TXDbNBtx,86,0-1,Black,<=5s vs 5-10s,1673
0ZaFjXsu,180,0-1,Black,<=5s vs 10-15s,2128
x1AHuzo7,117,1-0,White,<=5s vs 5-10s,2482
y0eetHjQ,84,0-1,Black,<=5s vs 5-10s,1836
AtGpbert,84,0-1,Black,<=5s vs 10-15s,1898
Bxh2VFUg,130,0-1,Black,<=5s vs <=5s,2422
sI1kw7yA,68,0-1,Black,<=5s vs <=5s,1791
FvHzdtoc,75,1-0,White,<=5s vs 10-15s,1889
8djyTuzO,102,1/2-1/2,Black,<=5s vs 10-15s,2445
SiMFqgxy,99,0-1,White,<=5s vs 5-10s,2223
YWvwc0eb,60,0-1,Black,<=5s vs 10-15s,1755
3Po8BgUG,88,0-1,Black,<=5s vs 10-15s,1586
WnW9tQOg,62,0-1,Black,<=5s vs 15-20s,857
KbR42e8S,43,1-0,White,<=5s vs 5-10s,1326
T88KaRPO,56,0-1,Black,<=5s vs 5-10s,1859
WEMJxBio,125,0-1,White,<=5s vs 5-10s,2126
85KRammG,71,0-1,White,<=5s vs 5-10s,1960
NtB13DRP,73,1-0,White,<=5s vs 15-20s,2136
oFxvrJ8R,78,0-1,Black,<=5s vs 5-10s,1548
pB33581b,61,1-0,White,<=5s vs 5-10s,990
zHbl63I1,125,1-0,White,<=5s vs 15-20s,2659
tbAKHYR8,173,1/2-1/2,White,<=5s vs 5-10s,2401
Z3oDbX9F,90,0-1,Black,<=5s vs 15-20s,2648
YL2lGWnM,166,0-1,Black,<=5s vs 10-15s,2022
ZnuSysa4,61,0-1,White,<=5s vs 5-10s,1337
rE4cWbr8,86,0-1,Black,<=5s vs 10-15s,1933
eEgjmuQI,40,0-1,Black,<=5s vs 15-20s,928
0Vw2xRSB,71,1/2-1/2,White,<=5s vs 5-10s,2166
aLPMGHn4,59,1-0,White,<=5s vs 15-20s,1034
uBWM5o7R,56,0-1,Black,<=5s vs 15-20s,1113
VmrwajlK,79,1-0,White,<=5s vs <=5s,1732
rswZcAd7,58,0-1,Black,<=5s vs 15-20s,1397
qBYiKmyr,94,1-0,Black,<=5s vs 5-10s,2070
EgPemvN7,61,1-0,White,<=5s vs 10-15s,1321
MJTN3KNd,66,0-1,Black,<=5s vs 5-10s,1552
FuGKIMNw,76,0-1,Black,<=5s vs 15-20s,1519
kVnGVi54,70,0-1,Black,<=5s vs 15-20s,2085
GnVaO9F6,45,1-0,White,<=5s vs 10-15s,893
k35eSkuD,115,1-0,White,<=5s vs <=5s,2178
aeaylzF8,110,0-1,Black,<=5s vs 15-20s,2517
5zh0Pcrc,77,1-0,White,<=5s vs 5-10s,2065
E1UUaLw1,64,0-1,Black,<=5s vs 10-15s,1822
dleyjeb0,48,0-1,Black,<=5s vs <=5s,1049
b98Uxb05,104,0-1,Black,<=5s vs 15-20s,2063
gPHtRseq,63,0-1,White,<=5s vs 5-10s,2226
DWtqPsco,78,0-1,Black,<=5s vs 10-15s,2491
OtgsOuhF,83,1-0,White,<=5s vs 10-15s,2189
dVC0tm2i,115,1-0,White,<=5s vs 5-10s,2657
i7ce3Hwy,68,1-0,Black,<=5s vs <=5s,2362
m9jeVOY2,86,0-1,Black,<=5s vs <=5s,2264
qUbdAV9i,66,0-1,Black,<=5s vs 15-20s,1057
e8PdssjE,59,0-1,White,<=5s vs <=5s,1114
Erzdh9my,99,1/2-1/2,White,<=5s vs 5-10s,1591
fGqfXXf8,73,1-0,White,<=5s vs 5-10s,1256
o8LCU36C,93,1-0,White,<=5s vs 15-20s,2267
ECfmbADm,72,0-1,Black,<=5s vs 15-20s,1588
AKehNfuX,61,1-0,White,<=5s vs 5-10s,1771
OG3c8N76,91,1/2-1/2,White,<=5s vs 10-15s,2267
y1LLcHz3,67,1-0,White,<=5s vs 5-10s,1846
NojWgLgX,91,1-0,White,<=5s vs 5-10s,2501
9ytvEvDX,97,1-0,White,<=5s vs 5-10s,2269
4XtEouJZ,78,0-1,Black,<=5s vs 10-15s,2149
ryaH3Jd0,112,1/2-1/2,Black,<=5s vs 10-15s,2617
zQq6SKGJ,69,1-0,White,<=5s vs 15-20s,2207
1JENsqdO,71,1-0,White,<=5s vs 15-20s,2015
VcFRN8u8,75,1-0,White,<=5s vs 5-10s,1948
gEsf0tKA,135,0-1,White,<=5s vs 10-15s,2610
ahQahkoL,126,1/2-1/2,Black,<=5s vs <=5s,2360
EK8BXMH2,53,1-0,White,<=5s vs 15-20s,1510
dXWRRR0t,69,1-0,White,<=5s vs 10-15s,2195
LadA02JG,82,0-1,Black,<=5s vs 15-20s,2214
YoZmMDjK,112,1/2-1/2,Black,<=5s vs <=5s,2137
OyuDwc5e,120,1/2-1/2,Black,<=5s vs 15-20s,2583
X8JsjPgK,49,1-0,White,<=5s vs 15-20s,1077
Cngcwtz3,105,1-0,White,<=5s vs 10-15s,2503
0VrKu99j,60,1-0,Black,<=5s vs 5-10s,1866
PSh4579G,62,0-1,Black,<=5s vs 5-10s,1344
B8ZnaSqS,57,1-0,White,<=5s vs 10-15s,1729
KXTwPSX5,67,1-0,White,<=5s vs 5-10s,1509
SvbnXUGc,74,0-1,Black,<=5s vs <=5s,1712
KyYthfmD,49,1-0,White,<=5s vs 5-10s,1114
ga2j1gmi,82,1/2-1/2,Black,<=5s vs 5-10s,1886
rWz3nJps,58,0-1,Black,<=5s vs 15-20s,1290
p3YaDi6h,59,1-0,White,<=5s vs 15-20s,1439
4dBYLdBO,120,0-1,Black,<=5s vs <=5s,2242
0Ot508oh,70,1-0,Black,<=5s vs <=5s,1859
AfBoVC1O,96,0-1,Black,<=5s vs <=5s,2235
mPCeSTsy,109,1-0,White,<=5s vs 10-15s,1692
0PA7gcTc,162,0-1,Black,<=5s vs 15-20s,2523
xrLPFCSn,80,1-0,Black,<=5s vs <=5s,1580
omQysB23,72,0-1,Black,<=5s vs 10-15s,1243
3UHyIxmv,99,1/2-1/2,White,<=5s vs <=5s,2344
KeBgXOFy,67,0-1,White,<=5s vs 5-10s,1753
hGOC6NXV,94,1-0,Black,<=5s vs <=5s,1916
TWZvND0U,68,0-1,Black,<=5s vs 5-10s,1210
gPJCisgO,75,1-0,White,<=5s vs 5-10s,2463
20Bv3Cq7,77,1-0,White,<=5s vs 15-20s,2063
69HLhBkI,65,1-0,White,<=5s vs 10-15s,1571
GXRRkbs8,53,1-0,White,<=5s vs 10-15s,1933
tBO2C8no,108,0-1,Black,<=5s vs 15-20s,2372
KqiG60ua,98,0-1,Black,<=5s vs 10-15s,2320
oRo4qAqV,84,0-1,Black,<=5s vs 5-10s,1881
eYETLolQ,78,0-1,Black,<=5s vs 10-15s,2548
IhDhDYTx,87,1-0,White,<=5s vs 5-10s,2024
mGelMpAd,141,1-0,White,<=5s vs 10-15s,1333
gnEEMJkd,109,1-0,White,<=5s vs 5-10s,2033
alZEcTgG,73,0-1,White,<=5s vs 5-10s,1448
SzOztv6l,87,1-0,White,<=5s vs 5-10s,2333
XJauZZAz,46,0-1,Black,<=5s vs 5-10s,1272
ZfN7to9K,65,1-0,White,<=5s vs 10-15s,1952
Rwk7Bv33,86,0-1,Black,<=5s vs 5-10s,2363
ky5N4mKz,39,0-1,White,<=5s vs 15-20s,1257
Iws5knbD,64,0-1,Black,<=5s vs 10-15s,1872
8K2AHKbz,75,1-0,White,<=5s vs 10-15s,1947
QVH6d19K,65,1-0,White,<=5s vs 5-10s,2051
6G1CSG16,65,1-0,White,<=5s vs 15-20s,1660
Q1iUpaYG,68,0-1,Black,<=5s vs 10-15s,1911
BRfHvYJo,70,0-1,Black,<=5s vs 10-15s,1892
OEaEtjul,63,1-0,White,<=5s vs 15-20s,2183
Q3Fijdqd,44,0-1,Black,<=5s vs <=5s,1385
y79fW2Ew,84,0-1,Black,<=5s vs 10-15s,2582
yu5OlKwp,76,1-0,Black,<=5s vs <=5s,2009
G443Qduv,107,1-0,White,<=5s vs 5-10s,2595
TInLZYxd,81,1-0,White,<=5s vs <=5s,1792
wmDLmvPs,64,0-1,Black,<=5s vs 10-15s,1990
QLDF2d7F,114,1/2-1/2,Black,<=5s vs 10-15s,1819
qdSi9oxc,106,0-1,Black,<=5s vs 10-15s,2548
1trraAst,59,1-0,White,<=5s vs 15-20s,2014
vS3OUYRu,77,1-0,White,<=5s vs <=5s,2196
4jMlrfmW,42,0-1,Black,<=5s vs 10-15s,963
JoOSXSrJ,57,1-0,White,<=5s vs 5-10s,1502
igKDKMYj,53,0-1,White,<=5s vs 10-15s,1368
EGOcHGCo,76,0-1,Black,<=5s vs 10-15s,1765
4OlfahKI,79,1-0,White,<=5s vs 10-15s,1736
L27OJ8VD,56,1-0,Black,<=5s vs 5-10s,1819
fYn8j4aS,117,1/2-1/2,White,<=5s vs 15-20s,2591
NyMVwLRE,91,1-0,White,<=5s vs <=5s,2135
SlOhof0I,37,1-0,White,<=5s vs 15-20s,1092
7kO40xK2,91,1-0,White,<=5s vs <=5s,1956
mxRYF7Fh,70,0-1,Black,<=5s vs 5-10s,1561
iIjIN7ZY,79,1-0,White,<=5s vs 5-10s,2452
cLlm8kbp,65,1-0,White,<=5s vs 10-15s,2341
1Cc61WQA,36,1-0,Black,<=5s vs 5-10s,665
ISj64lqp,101,1-0,White,<=5s vs 10-15s,1775
Ki4TdUJQ,60,0-1,Black,<=5s vs 5-10s,1834
1VvU9E6e,46,0-1,Black,<=5s vs 15-20s,855
kDa24W7F,71,1-0,White,<=5s vs 5-10s,1274
7cdJIgHB,56,0-1,Black,<=5s vs 10-15s,651
eSgqwZ50,56,1-0,Black,<=5s vs 15-20s,1412
ZRTMrlsa,55,1-0,White,<=5s vs 10-15s,1338
a8Q1D1lP,74,1-0,Black,<=5s vs <=5s,823
iyd8Zosn,190,0-1,Black,<=5s vs <=5s,2596
h5zzARzG,72,0-1,Black,<=5s vs 5-10s,2142
27BMivJf,62,0-1,Black,<=5s vs 15-20s,1494
HhgZcIdr,58,0-1,Black,<=5s vs 10-15s,2021
FdGjtBgE,92,0-1,Black,<=5s vs 5-10s,2201
P6X3MmDT,72,0-1,Black,<=5s vs 10-15s,1436
oyGcc64T,67,1-0,White,<=5s vs 10-15s,1806
iUwQ2QFp,93,1-0,White,<=5s vs 10-15s,2500
tinro4Vc,85,1-0,White,<=5s vs 5-10s,1778
UCVpBx0A,84,0-1,Black,<=5s vs 5-10s,1780
7DTIQYuB,123,1-0,White,<=5s vs 5-10s,1411
JnHnafL6,41,0-1,White,<=5s vs 10-15s,1044
MqzeUcON,51,1-0,White,<=5s vs 10-15s,1243
xraOBsoR,79,1-0,White,<=5s vs 5-10s,1807
geyp1TPF,42,0-1,Black,<=5s vs 10-15s,1045
rQXRTMC7,68,1-0,Black,<=5s vs <=5s,1652
5ZsROQEq,53,1-0,White,<=5s vs 10-15s,1418
Tupgxc0C,81,0-1,White,<=5s vs 10-15s,2683
oxj8BWJC,116,0-1,Black,<=5s vs 5-10s,2330
IrNJqk2s,84,0-1,Black,<=5s vs 15-20s,1711
OqFrBpvK,101,1-0,White,<=5s vs <=5s,1810
8jyAjYvh,119,1/2-1/2,White,<=5s vs 15-20s,1747
b6rIxvH6,66,0-1,Black,<=5s vs 10-15s,1658
eGoKdzEU,66,0-1,Black,<=5s vs <=5s,1559
HKsctNoq,72,0-1,Black,<=5s vs 10-15s,2017
7SvaIeZ4,73,1-0,White,<=5s vs 15-20s,1914
9xQ2srJP,73,1-0,White,<=5s vs 15-20s,965
sonIgMmJ,121,1-0,White,<=5s vs 5-10s,2249
7Aw8p71L,115,1-0,White,<=5s vs 15-20s,2160
itkRf7Xx,125,1-0,White,<=5s vs 15-20s,2506
HN3VJAjp,62,0-1,Black,<=5s vs 5-10s,1498
xdvtGqJS,60,0-1,Black,<=5s vs 5-10s,1611
HefvdstY,72,0-1,Black,<=5s vs 5-10s,2219
MPKuph0u,68,0-1,Black,<=5s vs 15-20s,2331
1JCgXJaa,52,0-1,Black,<=5s vs 15-20s,1244
V2hXCYsG,115,1-0,White,<=5s vs 10-15s,2620
loUcaaXl,58,0-1,Black,<=5s vs 15-20s,1552
OxIHNIlI,54,0-1,Black,<=5s vs 5-10s,1776
zkCS4yF7,78,0-1,Black,<=5s vs 10-15s,2147
EfTehw11,58,0-1,Black,<=5s vs 5-10s,1920
XkEc3oFA,61,1-0,White,<=5s vs 5-10s,1714
9Cgv8Ub4,84,0-1,Black,<=5s vs 5-10s,2013
QhXj2Zb3,135,1-0,White,<=5s vs 15-20s,958
uMFf4l8H,54,0-1,Black,<=5s vs 5-10s,1611
aLn7hPXu,104,0-1,Black,<=5s vs 10-15s,1164
XhyHfkj5,72,0-1,Black,<=5s vs 10-15s,2471
iBsVCiH6,37,1-0,White,<=5s vs 15-20s,1020
kbNTszil,94,1-0,Black,<=5s vs 5-10s,2149
FqpYp47W,63,1-0,White,<=5s vs 5-10s,1082
Q4TDrUPz,40,0-1,Black,<=5s vs 15-20s,954
s99WE9XF,26,0-1,Black,<=5s vs 10-15s,1500
KQEqTCd9,73,1-0,White,<=5s vs 5-10s,1297
T2nVeTMr,111,0-1,White,<=5s vs 15-20s,2017
h5USaSfV,90,1/2-1/2,Black,<=5s vs <=5s,2108
QeM6xCJ4,126,1-0,Black,<=5s vs 10-15s,2036
ZMuC2Qy9,55,0-1,White,<=5s vs <=5s,1362
mcPmAyLl,76,1-0,Black,<=5s vs 5-10s,1747
W32wPL1E,74,0-1,Black,<=5s vs <=5s,1791
72d3Todp,42,0-1,Black,<=5s vs <=5s,1208
ZDAZj5Oa,69,1-0,White,<=5s vs 10-15s,1783
lh4aaIOy,72,1-0,Black,<=5s vs <=5s,2000
iG1IXt1H,42,0-1,Black,<=5s vs 15-20s,786
2CTyOTaY,99,1-0,White,<=5s vs 5-10s,2458
NwiWLwDQ,86,1-0,Black,<=5s vs 5-10s,2530
GOGgRu5e,59,1-0,White,<=5s vs 15-20s,1920
rzYkjP3s,49,1-0,White,<=5s vs 10-15s,1416
65O7CQJ1,81,1-0,White,<=5s vs 5-10s,1444
YqhXrOPf,50,0-1,Black,<=5s vs 15-20s,1275
xj2jjcca,68,1-0,Black,<=5s vs 5-10s,1163
7sUwu8Nc,60,0-1,Black,<=5s vs 10-15s,2186
T339kb0S,98,1-0,Black,<=5s vs 5-10s,2114
2KkxKLJb,50,0-1,Black,<=5s vs 15-20s,1396
nkQZqAan,78,0-1,Black,<=5s vs 10-15s,1454
2caiHF5O,70,0-1,Black,<=5s vs 5-10s,2261
Zn4Btn3e,60,0-1,Black,<=5s vs 10-15s,2249
k6n8lEF9,61,1-0,White,<=5s vs 15-20s,1977
Ydec35P0,49,1-0,White,<=5s vs 15-20s,1023
M10aNDxz,92,0-1,Black,<=5s vs <=5s,2808
S1A269YW,63,1-0,White,<=5s vs 15-20s,1742
pRw1DwxC,58,0-1,Black,<=5s vs 10-15s,1392
1chWFXQR,68,0-1,Black,<=5s vs 5-10s,2329
iCsmqicf,95,1/2-1/2,White,<=5s vs <=5s,2241
s5IIu5X5,64,0-1,Black,<=5s vs 5-10s,1192
DWLtZ3Z8,66,1-0,Black,<=5s vs 5-10s,1530
RPN5ubOb,82,1-0,Black,<=5s vs 5-10s,2401
MGPQ35cU,80,1/2-1/2,Black,<=5s vs <=5s,1340
UG4fJPY3,62,0-1,Black,<=5s vs 15-20s,1811
BEwLg9QJ,63,1-0,White,<=5s vs 10-15s,1572
DVeOgGed,56,0-1,Black,<=5s vs 10-15s,1871
OgaaU8kN,81,1-0,White,<=5s vs 5-10s,2281
LyMIha30,81,0-1,White,<=5s vs 15-20s,2017
0fUWRNiW,78,1-0,Black,<=5s vs <=5s,1392
HGNScdRw,75,1-0,White,<=5s vs 10-15s,1997
JssUQWb3,79,1-0,White,<=5s vs 5-10s,1679
FOO07GQx,77,0-1,White,<=5s vs 10-15s,1410
5CcuU4ig,80,0-1,Black,<=5s vs 15-20s,2474
BzZRJ431,91,1-0,White,<=5s vs 5-10s,2227
VRbAXhXF,56,0-1,Black,<=5s vs 15-20s,1883
0QI3iDIx,74,0-1,Black,<=5s vs 10-15s,972
93WN1WLj,131,1-0,White,<=5s vs 10-15s,2278
1nndL29p,68,0-1,Black,<=5s vs 10-15s,1340
EsxVkKtV,65,1-0,White,<=5s vs 10-15s,2015
AhlFB9BD,75,1-0,White,<=5s vs 5-10s,1493
7l3Qavcb,63,1-0,White,<=5s vs 5-10s,1671
Nv7ThPs2,96,0-1,Black,<=5s vs 15-20s,2604
dXml6Vvg,74,0-1,Black,<=5s vs 5-10s,2636
o0pwQjkK,96,0-1,Black,<=5s vs 5-10s,2474
4wciF6Qv,77,1-0,White,<=5s vs 5-10s,1749
lKO9enwz,81,1-0,White,<=5s vs 15-20s,2622
dX6pmQ0d,110,0-1,Black,<=5s vs 5-10s,2213
rWBzvERB,43,1-0,White,<=5s vs 10-15s,943
S1cs3GtR,53,0-1,White,<=5s vs 5-10s,1925
jHC3SCM6,80,0-1,Black,<=5s vs 5-10s,976
6TCWgQPN,81,1-0,White,<=5s vs 15-20s,2356
fO1v0qk6,93,1-0,White,<=5s vs 15-20s,2449
uMeKrPqf,50,1-0,Black,<=5s vs 15-20s,1682
OVMKJJgK,115,1-0,White,<=5s vs 15-20s,2325
Q1lVcY8o,36,0-1,Black,<=5s vs 15-20s,1895
EYAp33p4,65,1-0,White,<=5s vs 15-20s,1429
W1PTVTBG,76,1-0,Black,<=5s vs 5-10s,2050
AcOxgLg0,139,1/2-1/2,White,<=5s vs 5-10s,2191
EZwQTSWk,100,1/2-1/2,Black,<=5s vs 15-20s,2494
OwMqHoFt,85,1/2-1/2,White,<=5s vs 5-10s,2658
V5XmF6QH,72,0-1,Black,<=5s vs 15-20s,2105
BIhsrDeN,103,1-0,White,<=5s vs 5-10s,2429
PNLEFAfH,54,0-1,Black,<=5s vs 5-10s,1292
O5b8Uo1R,61,1-0,White,<=5s vs 5-10s,2680
V3rc9QFs,48,0-1,Black,<=5s vs 5-10s,1288
tpaBtjXl,81,0-1,White,<=5s vs <=5s,2160
wr856Ydz,57,1-0,White,<=5s vs 15-20s,1004
Mn4YcCy1,39,1-0,White,<=5s vs 10-15s,1098
gmRU5nNr,95,1-0,White,<=5s vs 5-10s,2505
3sqm2kTX,58,0-1,Black,<=5s vs 5-10s,1689
lBsVrAdI,67,1-0,White,<=5s vs 10-15s,1710
QTcWnB4j,74,0-1,Black,<=5s vs 10-15s,2848
6OwE9vkS,57,1-0,White,<=5s vs 15-20s,1851
qNe2dAGj,53,1-0,White,<=5s vs 15-20s,1286
iFtrhMZm,76,1-0,Black,<=5s vs 5-10s,1254
Nbm41Vgv,88,0-1,Black,<=5s vs 5-10s,1869
ESgKxuB5,64,0-1,Black,<=5s vs <=5s,2002
UHAoSttw,58,0-1,Black,<=5s vs 5-10s,1533
1UMGT2mr,82,1-0,Black,<=5s vs <=5s,2630
JV7wGpwQ,85,1-0,White,<=5s vs <=5s,2433
1DrYqOcW,70,0-1,Black,<=5s vs 15-20s,1775
DFce8PUP,102,1-0,Black,<=5s vs <=5s,2509
ktkeGmFy,94,1-0,Black,<=5s vs 5-10s,2316
RrxBfg8V,67,1-0,White,<=5s vs 10-15s,2032
NjUOwBjF,54,1-0,Black,<=5s vs <=5s,1272
PzSLIlJ1,55,0-1,White,<=5s vs 5-10s,1724
KOnzDqb5,62,0-1,Black,<=5s vs 5-10s,2377
WQkgzFkW,73,1-0,White,<=5s vs 15-20s,1473
w5czGoqo,87,1-0,White,<=5s vs 10-15s,2039
O5FkFZKH,69,1-0,White,<=5s vs 15-20s,2127
fxQrSg2H,95,1-0,White,<=5s vs 10-15s,2367
EpCq8r2L,48,0-1,Black,<=5s vs 15-20s,1295
Ezdq3PwN,78,0-1,Black,<=5s vs 10-15s,2440
GXXwPMAZ,123,1/2-1/2,White,<=5s vs 15-20s,1616
I2nQyGpr,63,1-0,White,<=5s vs 5-10s,1899
LLsBvLIW,53,1-0,White,<=5s vs 5-10s,1791
9cP40SSR,85,1-0,White,<=5s vs 15-20s,2000
4nas49tS,60,1/2-1/2,Black,<=5s vs 15-20s,1749
Lgeu2ft6,60,0-1,Black,<=5s vs <=5s,954
BtFdQ0iW,59,1-0,White,<=5s vs 15-20s,1461
9eEq0GCh,65,0-1,White,<=5s vs 5-10s,1859
sfYCFszK,61,1-0,White,<=5s vs 10-15s,2283
14QT6e9s,60,0-1,Black,<=5s vs 5-10s,1616
rqpTA2xb,123,1-0,White,<=5s vs 10-15s,2395
WXCLM8iE,52,0-1,Black,<=5s vs 15-20s,1786
Pir892BL,90,0-1,Black,<=5s vs <=5s,1500
TkUrLq74,149,1/2-1/2,White,<=5s vs 15-20s,2562
h4KhYMLU,54,0-1,Black,<=5s vs 5-10s,1715
mT63TeAD,91,1-0,White,<=5s vs 5-10s,1627
26tokgMN,100,0-1,Black,<=5s vs <=5s,2767
fR0tJNKK,70,0-1,Black,<=5s vs 15-20s,2324
3pqyRmze,203,1/2-1/2,White,<=5s vs 5-10s,1254
OLi03dzq,80,1/2-1/2,Black,<=5s vs 10-15s,2473
L7yYFSGm,95,1-0,White,<=5s vs 5-10s,2432
OfcdPeFT,49,1-0,White,<=5s vs 5-10s,2413
LjAHsP39,62,0-1,Black,<=5s vs 5-10s,1575
4qhuE6CT,57,0-1,White,<=5s vs 10-15s,1499
I8JB817c,60,0-1,Black,<=5s vs 15-20s,2076
kOSqagMW,79,1-0,White,<=5s vs 10-15s,1923
PRerziZi,99,0-1,White,<=5s vs <=5s,2477
gaYIChM6,78,0-1,Black,<=5s vs <=5s,1157
2xMdjQor,53,1-0,White,<=5s vs 15-20s,1168
ua6KgXaO,60,0-1,Black,<=5s vs 15-20s,2039
weXcpMen,61,0-1,White,<=5s vs <=5s,2028
Q7mwxC6U,93,1/2-1/2,White,<=5s vs 5-10s,1840
yzyNwY1q,92,0-1,Black,<=5s vs 15-20s,2077
RkZbDvKL,89,0-1,White,<=5s vs 5-10s,1195
0avXoCTn,65,1-0,White,<=5s vs <=5s,1971
qnKw1LXs,170,0-1,Black,<=5s vs 5-10s,2537
nFlvH2C1,76,0-1,Black,<=5s vs 10-15s,2310
3vt7Lid4,82,0-1,Black,<=5s vs 5-10s,2233
w3LVNZYn,115,1-0,White,<=5s vs 5-10s,2228
460PIBT9,73,0-1,White,<=5s vs <=5s,2374
FDRZUq7v,48,0-1,Black,<=5s vs 15-20s,1686
H2ZWcZBQ,65,1-0,White,<=5s vs 5-10s,2141
g8qJEeen,88,1/2-1/2,Black,<=5s vs 5-10s,1685
wzAtLbmc,80,0-1,Black,<=5s vs 5-10s,2332
eOX4Dr8p,63,0-1,White,<=5s vs 5-10s,1204
LfHJBKtc,94,0-1,Black,<=5s vs 5-10s,2373
KLlZ6X2Q,51,1-0,White,<=5s vs 10-15s,1279
dY5Uqnae,81,0-1,White,<=5s vs <=5s,2709
UcldBNVk,96,1/2-1/2,Black,<=5s vs 10-15s,2395
YWXsRWOd,56,1-0,Black,<=5s vs 10-15s,1697
98BCYssA,64,0-1,Black,<=5s vs 10-15s,1770
xrHKgx7X,86,0-1,Black,<=5s vs <=5s,2124
4lBMfTgX,57,1-0,White,<=5s vs 5-10s,1613
dmfuHXFm,110,0-1,Black,<=5s vs 10-15s,1819
S3fm7KYu,86,0-1,Black,<=5s vs 10-15s,1681
j6V9qlRF,102,0-1,Black,<=5s vs 15-20s,1792
w1pYvmZT,74,0-1,Black,<=5s vs 5-10s,1761
JXk4RDS5,64,1-0,Black,<=5s vs <=5s,1301
Ou0Ctxoa,70,0-1,Black,<=5s vs 10-15s,2738
McTZ0fxO,80,0-1,Black,<=5s vs 15-20s,2701
XWtM9Dyz,77,0-1,White,<=5s vs 5-10s,1575
vdZvzKph,76,0-1,Black,<=5s vs 5-10s,1415
HPOYBRLS,90,1-0,Black,<=5s vs <=5s,1563
Gm06cLJq,67,1-0,White,<=5s vs 10-15s,2098
9VHaaiM9,56,0-1,Black,<=5s vs 15-20s,1688
2oI64v4K,62,0-1,Black,<=5s vs 15-20s,1142
CEccVEI2,78,0-1,Black,<=5s vs <=5s,2149
41qC02RL,59,1-0,White,<=5s vs 15-20s,1864
zTGgu6jz,44,0-1,Black,<=5s vs 5-10s,783
V7geaWgw,53,1-0,White,<=5s vs 10-15s,1345
egTki2um,80,0-1,Black,<=5s vs 5-10s,1470
k3mYrWyt,78,0-1,Black,<=5s vs 15-20s,2005
Y8mzpofk,52,1-0,Black,<=5s vs 5-10s,2266
6hqAiQuG,64,0-1,Black,<=5s vs 5-10s,1578
dFnizuiq,47,1-0,White,<=5s vs 15-20s,1369
rJgAax8v,68,0-1,Black,<=5s vs 5-10s,2113
b9ga9DH4,42,0-1,Black,<=5s vs 15-20s,1202
D3jCqGVf,67,1-0,White,<=5s vs 5-10s,1299
1mDNEnNk,73,0-1,White,<=5s vs 5-10s,2356
GLCn427s,58,0-1,Black,<=5s vs <=5s,1625
c78FIVLX,75,0-1,White,<=5s vs 10-15s,1557
GzDp3uAM,65,1-0,White,<=5s vs 5-10s,1941
BgIn8iuA,96,0-1,Black,<=5s vs 5-10s,2036
JIOFz69T,122,1-0,Black,<=5s vs <=5s,1870
TUwAViYL,53,1-0,White,<=5s vs 10-15s,2159
CbG6zqHr,47,1-0,White,<=5s vs 15-20s,724
1b5a9KRY,65,1-0,White,<=5s vs 5-10s,1932
ST3XWKg3,70,0-1,Black,<=5s vs 10-15s,916
TSjleBdY,54,0-1,Black,<=5s vs 15-20s,1835
H3EbAGqB,121,1-0,White,<=5s vs 15-20s,2537
11ruHojp,60,0-1,Black,<=5s vs 5-10s,1821
Sg0D3iLW,57,1-0,White,<=5s vs 10-15s,1633
IkMOuU22,78,1-0,Black,<=5s vs 5-10s,1730
Gk6Fm5gh,91,1-0,White,<=5s vs 10-15s,2435
40Mjydes,88,0-1,Black,<=5s vs 5-10s,2106
s8o6Lgp3,93,0-1,White,<=5s vs <=5s,2039
3lfidBAP,74,0-1,Black,<=5s vs 5-10s,2217
VU5fjvuy,95,1-0,White,<=5s vs 15-20s,2604
gxmoUe86,68,0-1,Black,<=5s vs 15-20s,2056
4BkLoQ2q,86,1/2-1/2,Black,<=5s vs 15-20s,2505
1HbnVZXP,103,1/2-1/2,White,<=5s vs 15-20s,2771
fpgcmVSK,46,0-1,Black,<=5s vs 10-15s,1362
g4KW4462,66,1-0,Black,<=5s vs 10-15s,1867
R5OnzwHn,67,1-0,White,<=5s vs 5-10s,1489
QMow8MvZ,88,0-1,Black,<=5s vs <=5s,2181
B9s3RQkB,52,0-1,Black,<=5s vs 10-15s,1840
5ibLeL9m,67,1-0,White,<=5s vs <=5s,1662
L3nzUaHj,71,1-0,White,<=5s vs 10-15s,1874
oeoQF2TM,54,0-1,Black,<=5s vs 5-10s,1768
mAjnIYzr,61,0-1,White,<=5s vs 5-10s,1160
aDL32AHD,76,0-1,Black,<=5s vs 10-15s,2649
3yyHxQqW,90,0-1,Black,<=5s vs <=5s,2852
sCZfUFIq,77,1-0,White,<=5s vs <=5s,1116
SkpVmZ3f,60,0-1,Black,<=5s vs 5-10s,1691
BkjRNkTU,103,1-0,White,<=5s vs 10-15s,1799
AI5DFRs7,56,0-1,Black,<=5s vs 10-15s,1585
2ZrgyzGq,65,1-0,White,<=5s vs 10-15s,1160
cnqpxRO5,66,0-1,Black,<=5s vs 10-15s,1908
E56W6TMf,127,0-1,White,<=5s vs 10-15s,2277
A2yQ7VsK,64,0-1,Black,<=5s vs 15-20s,1415
JGU0ukNl,69,1-0,White,<=5s vs 5-10s,1974
vfSpJO6r,41,1-0,White,<=5s vs 15-20s,1074
1qi0Rrp9,66,0-1,Black,<=5s vs 15-20s,1953
pcR0SWYZ,71,1-0,White,<=5s vs 5-10s,824
dDwcKqHa,63,1-0,White,<=5s vs 5-10s,1499
brZyvEnM,79,1-0,White,<=5s vs 10-15s,1866
pBXvABl9,85,1-0,White,<=5s vs 15-20s,1972
cx7XWwwx,72,0-1,Black,<=5s vs 15-20s,2140
GbGbu1ln,67,1-0,White,<=5s vs 15-20s,2523
YAQLJOYn,107,1-0,White,<=5s vs 5-10s,2024
CvtKgrbp,102,0-1,Black,<=5s vs <=5s,2348
14JkSHBF,121,1-0,White,<=5s vs <=5s,1855
L4vgYcuD,79,1-0,White,<=5s vs <=5s,1980
iDDf7OWc,58,0-1,Black,<=5s vs 10-15s,1807
lvebcMVl,65,0-1,White,<=5s vs 5-10s,1332
tuUJ1EEf,64,0-1,Black,<=5s vs 15-20s,1937
opB5WDhR,77,1-0,White,<=5s vs 5-10s,1736
yzIH4Q8r,58,0-1,Black,<=5s vs 5-10s,1664
jLHhfcgq,41,1-0,White,<=5s vs 10-15s,958
dy9iDlRr,51,1-0,White,<=5s vs 5-10s,991
j2tElIoM,78,0-1,Black,<=5s vs 5-10s,1807
wcc5PNEK,104,1/2-1/2,Black,<=5s vs 5-10s,2103
mKbkeQrH,78,0-1,Black,<=5s vs 5-10s,2103
igu8VCyy,72,0-1,Black,<=5s vs 10-15s,2195
a0e5JnWH,83,1-0,White,<=5s vs <=5s,2247
oEovUntx,113,1-0,White,<=5s vs 5-10s,1887
LCE0rAWT,38,0-1,Black,<=5s vs 10-15s,991
IUs9VJMS,49,1-0,White,<=5s vs 10-15s,1053
TEhrwD41,111,1/2-1/2,White,<=5s vs 5-10s,2364
9Dvwwikv,91,1-0,White,<=5s vs 15-20s,2125
rY3BMvAN,76,0-1,Black,<=5s vs 15-20s,2298
STnjriaN,58,1-0,Black,<=5s vs 15-20s,1762
KRmc4hu2,46,0-1,Black,<=5s vs 5-10s,1205
DRuJHr78,58,0-1,Black,<=5s vs 10-15s,1871
IFqdGIH9,81,0-1,White,<=5s vs 5-10s,2092
kXhgN49t,113,0-1,White,<=5s vs 5-10s,2608
IgeHjwZl,113,0-1,White,<=5s vs 5-10s,2263
T7PNH58Q,75,1-0,White,<=5s vs 10-15s,1809
XOXy3qxF,110,0-1,Black,<=5s vs 15-20s,2457
O4KxrW4N,55,0-1,White,<=5s vs 5-10s,1846
GMcaBgsO,77,1-0,White,<=5s vs 5-10s,1327
8IwBaGP2,117,1/2-1/2,White,<=5s vs 5-10s,2607
OJsu0iXY,35,1-0,White,<=5s vs 15-20s,1034
nIicRxje,46,1-0,Black,<=5s vs <=5s,824
A0zOoCXs,109,1/2-1/2,White,<=5s vs 5-10s,1858
rxPocBq7,79,1-0,White,<=5s vs 5-10s,1545
TOqdybrD,100,0-1,Black,<=5s vs 5-10s,1999
llC8bgnR,38,0-1,Black,<=5s vs <=5s,724
Kk1lAu2b,78,0-1,Black,<=5s vs 5-10s,1998
XyMfnJZQ,81,1-0,White,<=5s vs 5-10s,1759
w3bp3stw,100,0-1,Black,<=5s vs 15-20s,2280
PYvQ8nD3,92,0-1,Black,<=5s vs 15-20s,2397
yuFkOdZt,145,1-0,White,<=5s vs <=5s,2870
MY2tL9Vw,108,0-1,Black,<=5s vs 5-10s,2277
bqohryg2,94,0-1,Black,<=5s vs 15-20s,914
dUnjBWqI,61,1-0,White,<=5s vs 10-15s,1893
9sHRquv8,73,1-0,White,<=5s vs 10-15s,1693
8tgbmtty,118,0-1,Black,<=5s vs 15-20s,2285
AkMVn4G9,60,0-1,Black,<=5s vs 15-20s,1305
5JtJISZv,100,0-1,Black,<=5s vs 5-10s,2468
kXmYw8ey,124,1/2-1/2,Black,<=5s vs <=5s,2331
3L3f7uWj,91,1-0,White,<=5s vs 10-15s,2047
zkPbqhok,65,1-0,White,<=5s vs 15-20s,1649
50z0Cbl9,76,0-1,Black,<=5s vs <=5s,1271
Pj8uJ1gE,69,1-0,White,<=5s vs 15-20s,1626
4ZXGAJRg,57,1-0,White,<=5s vs 15-20s,1180
Lf85DfNG,91,1-0,White,<=5s vs 10-15s,2062
DpDFoInA,53,1-0,White,<=5s vs 5-10s,1187
fyZsMsJ1,35,1-0,White,<=5s vs 15-20s,1268
SuqcT2O6,61,1-0,White,<=5s vs 5-10s,2293
yshbsDep,90,0-1,Black,<=5s vs 5-10s,2140
aiX8CDDS,102,0-1,Black,<=5s vs 10-15s,2813
VnZjqq4J,68,0-1,Black,<=5s vs 10-15s,2503
HzvpISM2,88,0-1,Black,<=5s vs 10-15s,2357
m5p56RIA,57,1-0,White,<=5s vs 10-15s,2505
h4TH5YKg,93,1-0,White,<=5s vs 5-10s,2253
v5Idouoc,128,0-1,Black,<=5s vs 5-10s,1746
5BSFuAv3,86,0-1,Black,<=5s vs 10-15s,1539
2PeBizYT,97,1-0,White,<=5s vs 5-10s,1972
weTxuFbQ,69,1-0,White,<=5s vs 5-10s,1948
IlJ5OAzL,52,0-1,Black,<=5s vs 5-10s,983
wZCT4GHV,50,0-1,Black,<=5s vs 15-20s,1432
apso8YXz,38,0-1,Black,<=5s vs 10-15s,706
jZ4beBi2,90,0-1,Black,<=5s vs 5-10s,2047
l0yw990f,56,0-1,Black,<=5s vs 10-15s,1392
Ta41H8vt,112,0-1,Black,<=5s vs <=5s,2551
CPYNYvrD,81,1-0,White,<=5s vs <=5s,1736
UoBplc1d,59,0-1,White,<=5s vs 5-10s,1499
46878oxF,69,1-0,White,<=5s vs 10-15s,1907
1pKrhLhu,88,0-1,Black,<=5s vs 10-15s,1691
ROE44pfN,48,0-1,Black,<=5s vs 10-15s,1014
5Ywbgmnn,100,0-1,Black,<=5s vs 5-10s,2389
HkJibhKm,72,1-0,Black,<=5s vs 10-15s,1942
hSZ4i2VT,91,0-1,White,<=5s vs <=5s,2027
h9tuoMJ9,67,0-1,White,<=5s vs 5-10s,994
7R5naxvK,72,0-1,Black,<=5s vs 15-20s,2064
oeNoQenw,71,1-0,White,<=5s vs 5-10s,2358
ymtHC4d6,42,0-1,Black,<=5s vs 5-10s,1824
zk1L5tjg,66,0-1,Black,<=5s vs 5-10s,1316
mh1kIBEb,87,1-0,White,<=5s vs 15-20s,1577
Akp9m5Sl,127,1/2-1/2,White,<=5s vs <=5s,2381
Ta1eess6,71,1-0,White,<=5s vs <=5s,1469
7dAfqOxG,102,0-1,Black,<=5s vs 10-15s,1342
Xe4bJiJx,68,0-1,Black,<=5s vs 15-20s,1998
43I1nsVV,74,0-1,Black,<=5s vs 5-10s,1550
pr7h2Wbz,83,1-0,White,<=5s vs 5-10s,2235
meP57Pcg,54,0-1,Black,<=5s vs 10-15s,1780
JlkYaP0v,88,0-1,Black,<=5s vs 15-20s,1963
mai0t0MF,60,0-1,Black,<=5s vs 5-10s,1982
msU9hrHF,54,0-1,Black,<=5s vs 5-10s,1293
BzF8gW28,82,1-0,Black,<=5s vs <=5s,1540
MvpSc1tW,114,1-0,Black,<=5s vs <=5s,2391
Zj1q0MoJ,125,1/2-1/2,White,<=5s vs 5-10s,2867
so2Jf6ZL,61,1-0,White,<=5s vs 10-15s,1783
EauqRTiF,51,1-0,White,<=5s vs 10-15s,955
jqf3E7F2,86,0-1,Black,<=5s vs 5-10s,1575
rrUJGsfJ,93,1-0,White,<=5s vs 15-20s,2712
NN5jHGPP,137,1/2-1/2,White,<=5s vs 10-15s,2443
cZzqFy6x,42,0-1,Black,<=5s vs 5-10s,866
2YAQNMJ1,42,0-1,Black,<=5s vs 15-20s,1094
36JYf6CM,39,1-0,White,<=5s vs 15-20s,1057
DIjcswc3,81,1-0,White,<=5s vs 10-15s,2196
Erikn3Tm,107,1/2-1/2,White,<=5s vs 5-10s,2384
pOjGXPtN,127,1-0,White,<=5s vs 15-20s,2405
qrV6iqDR,53,1-0,White,<=5s vs 15-20s,1619
gb7dvcqn,82,0-1,Black,<=5s vs 15-20s,1734
dTWgJJAR,86,0-1,Black,<=5s vs 5-10s,1607
NhkzR2xg,78,0-1,Black,<=5s vs 5-10s,1792
DaAQmDnu,115,1/2-1/2,White,<=5s vs 15-20s,1030
MZrdpna4,75,1-0,White,<=5s vs 15-20s,2159
hc4fJ9Nx,57,1-0,White,<=5s vs 15-20s,1389
82iH4cGf,79,1-0,White,<=5s vs 15-20s,1635
ktEYThXc,73,1-0,White,<=5s vs 5-10s,1716
71Dsxthu,96,0-1,Black,<=5s vs 5-10s,2761
pI5ourrh,87,0-1,White,<=5s vs 5-10s,1383
fjJdVdeg,49,1-0,White,<=5s vs 10-15s,1339
kaEQxNzJ,68,0-1,Black,<=5s vs <=5s,1409
sMsNHrX9,50,0-1,Black,<=5s vs 15-20s,1043
PMmp38id,38,0-1,Black,<=5s vs 10-15s,1046
dC7w9LPM,77,1-0,White,<=5s vs 15-20s,1816
1LYDNumA,71,1-0,White,<=5s vs 5-10s,1836
9RQVOeE0,82,0-1,Black,<=5s vs 5-10s,2169
IY24eGKo,86,1/2-1/2,Black,<=5s vs 5-10s,2109
TfnkoObm,77,1-0,White,<=5s vs 10-15s,1601
yeRpTMhL,37,1-0,White,<=5s vs 10-15s,912
oTMsT5lo,53,1-0,White,<=5s vs 15-20s,1483
Abw6IVq3,50,0-1,Black,<=5s vs 10-15s,1061
366S3u34,54,0-1,Black,<=5s vs 5-10s,903
xsJ2KqfW,59,1-0,White,<=5s vs 10-15s,1782
l8QrL5DM,59,1-0,White,<=5s vs 15-20s,1562
XeduR2BP,58,0-1,Black,<=5s vs <=5s,1284
5t28kuTK,56,0-1,Black,<=5s vs 5-10s,1130
fOY7UVG1,71,0-1,White,<=5s vs 10-15s,1526
VpfBnL6s,38,1-0,Black,<=5s vs <=5s,1598
mnDi6tSp,79,1-0,White,<=5s vs 15-20s,1398
ppbdyHwE,60,0-1,Black,<=5s vs 10-15s,710
RICKEyra,42,0-1,Black,<=5s vs 10-15s,2084
hhg2v7yP,51,1-0,White,<=5s vs 15-20s,1724
qLi0K3A8,52,0-1,Black,<=5s vs 15-20s,1003
rl2WUA5v,54,0-1,Black,<=5s vs <=5s,961
cOTg8bpb,40,0-1,Black,<=5s vs 15-20s,1261
VK0H4F7a,64,0-1,Black,<=5s vs 5-10s,1185
qB5AZjs5,65,1-0,White,<=5s vs 10-15s,1822
A1WvSd99,75,1-0,White,<=5s vs 15-20s,2309
0uELmzAT,55,1-0,White,<=5s vs 15-20s,2206
Emz0FjeS,69,1-0,White,<=5s vs 5-10s,1779
jFLxOu95,126,0-1,Black,<=5s vs 15-20s,2089
ASSLVrve,136,1-0,Black,<=5s vs <=5s,2589
FJ8Ppz2d,55,1-0,White,<=5s vs 10-15s,1438
DfxujyO6,71,1-0,White,<=5s vs 15-20s,1605
mF3MJlXA,106,0-1,Black,<=5s vs <=5s,2567
MVx29aNJ,89,1-0,White,<=5s vs 10-15s,2282
MUhjLoGI,80,0-1,Black,<=5s vs 10-15s,2214
4QKKIZ1t,51,1-0,White,<=5s vs 15-20s,1170
jGNN4viI,92,0-1,Black,<=5s vs 10-15s,2304
A7XE08ta,70,0-1,Black,<=5s vs 10-15s,2254
YnLKgMGk,70,0-1,Black,<=5s vs 10-15s,2123
8rq9hDFL,62,0-1,Black,<=5s vs 10-15s,1704
Lyc0A3x3,41,1-0,White,<=5s vs 15-20s,1235
6Ic0Xqwc,63,1-0,White,<=5s vs 10-15s,2262
CeqfL6on,69,1-0,White,<=5s vs 10-15s,2137
Wx79ND6M,63,1-0,White,<=5s vs 5-10s,1442
D8dk41Pt,94,1-0,Black,<=5s vs 5-10s,2085
JJ46zVTX,72,0-1,Black,<=5s vs 15-20s,2073
zwSVSPcP,74,0-1,Black,<=5s vs 15-20s,1828
Knd35Igw,88,0-1,Black,<=5s vs <=5s,2107
65WuggZ3,88,0-1,Black,<=5s vs 5-10s,2091
OnjN7Y7V,121,1/2-1/2,White,<=5s vs 10-15s,2848
y1ePoGZa,66,0-1,Black,<=5s vs 10-15s,2647
MGGs6Xs4,83,1-0,White,<=5s vs 10-15s,2054
fi6SRaEO,87,1-0,White,<=5s vs 15-20s,2225
RnWze2aQ,80,0-1,Black,<=5s vs 10-15s,2201
c79iYN37,50,1-0,Black,<=5s vs <=5s,1208
IfHTqHIl,79,1-0,White,<=5s vs 5-10s,1602
0deeOGZQ,103,1-0,White,<=5s vs 15-20s,2902
PZkMZX02,46,0-1,Black,<=5s vs 5-10s,1060
tafKAcyw,68,1/2-1/2,Black,<=5s vs 5-10s,2194
V5jL1Dwv,61,1-0,White,<=5s vs 10-15s,1326
YPJXV8WG,74,0-1,Black,<=5s vs 10-15s,1703
eel7Yytj,76,0-1,Black,<=5s vs 5-10s,1547
FKGPNdTX,59,1-0,White,<=5s vs 15-20s,2210
eO6E5ze2,83,1-0,White,<=5s vs 10-15s,2311
NtW8HNEZ,76,0-1,Black,<=5s vs 15-20s,2187
1hOD1LA8,89,1-0,White,<=5s vs 10-15s,2421
7tCcZ5HY,80,0-1,Black,<=5s vs <=5s,1963
Ig84tQbs,59,1-0,White,<=5s vs 10-15s,1335
gORtK1tK,93,1-0,White,<=5s vs 15-20s,2296
0WXmiayK,81,1-0,White,<=5s vs 15-20s,2160
07HC5RwM,103,1-0,White,<=5s vs 15-20s,2392
WMApsP1L,94,0-1,Black,<=5s vs 15-20s,2642
XSfg4ZMB,67,1-0,White,<=5s vs 5-10s,1753
PmTUGp0u,72,1-0,Black,<=5s vs 5-10s,2413
ufZdPQws,63,1-0,White,<=5s vs 15-20s,1234
6Z768JYp,65,1-0,White,<=5s vs 15-20s,1808
EL8FnPKv,70,0-1,Black,<=5s vs 5-10s,2100
1SPzRUHb,68,0-1,Black,<=5s vs 5-10s,1674
g0eCdNJS,125,0-1,White,<=5s vs <=5s,1608
O2LggPK8,75,1-0,White,<=5s vs 10-15s,1801
IudJjBgT,66,0-1,Black,<=5s vs 15-20s,1860
fCqF2Gm3,67,1-0,White,<=5s vs 5-10s,2355
OGhxg9nc,51,0-1,White,<=5s vs 5-10s,1412
yB2IT06O,69,1-0,White,<=5s vs 15-20s,1690
5jtpRIp9,75,1-0,White,<=5s vs 10-15s,1551
9fSH9tZb,87,0-1,White,<=5s vs <=5s,1741
efTU1KG7,48,0-1,Black,<=5s vs 5-10s,1548
EpIRjlFi,50,0-1,Black,<=5s vs 5-10s,1108
hOkKxfgP,106,0-1,Black,<=5s vs 5-10s,1902
h8f9QtMY,82,0-1,Black,<=5s vs 15-20s,1983
cDfnDXWM,72,0-1,Black,<=5s vs 10-15s,1439
LFv7bHlc,73,0-1,White,<=5s vs 15-20s,2420
ctzugVqJ,62,0-1,Black,<=5s vs <=5s,1688
dOY46H9u,72,1-0,Black,<=5s vs <=5s,1797
F4jItrCm,77,0-1,White,<=5s vs 15-20s,1914
6qtyeusZ,63,1-0,White,<=5s vs 15-20s,1827
Kp2EetVO,67,1-0,White,<=5s vs 15-20s,2307
Et6mI3CG,90,1-0,Black,<=5s vs <=5s,2238
86QCAck2,104,0-1,Black,<=5s vs 5-10s,2675
yZgrRmSp,91,1-0,White,<=5s vs 5-10s,1726
27pvHoVb,101,1-0,White,<=5s vs <=5s,1778
X25Odwcg,47,1-0,White,<=5s vs 15-20s,1018
qAwgkwQk,74,0-1,Black,<=5s vs 15-20s,2405
6milyWuR,67,1-0,White,<=5s vs 10-15s,1840
LzTILVBq,88,0-1,Black,<=5s vs 15-20s,2208
k9HsDBDA,85,0-1,White,<=5s vs 10-15s,1777
ptfydObU,92,1-0,Black,<=5s vs 5-10s,2521
JQIA14rh,66,0-1,Black,<=5s vs 5-10s,1522
fLWHQGJY,72,0-1,Black,<=5s vs 15-20s,1959
E6ojcJ8h,82,0-1,Black,<=5s vs 5-10s,1859
NB4oWij5,34,0-1,Black,<=5s vs <=5s,924
jCOfBhcr,113,1-0,White,<=5s vs 10-15s,2567
sN4pPIP2,78,0-1,Black,<=5s vs 5-10s,1173
bbRdOXIE,51,1-0,White,<=5s vs 15-20s,739
aCN6yP7H,69,1-0,White,<=5s vs 15-20s,1459
z1tZqVJ2,47,1-0,White,<=5s vs 15-20s,1244
RW62BG1X,55,1-0,White,<=5s vs 15-20s,2205
5ptyKutE,117,1-0,White,<=5s vs 10-15s,2337
UHuHw17c,65,1-0,White,<=5s vs 10-15s,1485
IbabJXHT,69,0-1,White,<=5s vs <=5s,1948
PyVDnccV,59,1-0,White,<=5s vs 10-15s,1644
cGAvIDlB,108,0-1,Black,<=5s vs 10-15s,2058
k3Mn4LYi,42,0-1,Black,<=5s vs 15-20s,1206
2W4Xzsdv,63,0-1,White,<=5s vs 5-10s,1192
NF2FAwiG,79,1-0,White,<=5s vs <=5s,1757
HQDstou6,81,0-1,White,<=5s vs <=5s,2087
alZDPqGG,87,1-0,White,<=5s vs 10-15s,2691
3LxJErHv,71,1-0,White,<=5s vs 5-10s,2039
BAcVrZr0,85,0-1,White,<=5s vs <=5s,2082
Rg5dypEi,62,1-0,Black,<=5s vs <=5s,1142
b9RXSlWj,59,1-0,White,<=5s vs 15-20s,2292
WnWexBNt,98,1-0,Black,<=5s vs <=5s,2486
dwC9kLkk,48,0-1,Black,<=5s vs 10-15s,1027
VYHZ3hPh,83,1-0,White,<=5s vs 15-20s,2513
lRq5qw0C,46,0-1,Black,<=5s vs 15-20s,1331
ZuQzQEkb,51,1-0,White,<=5s vs 5-10s,1537
3T0qLJ6v,49,1-0,White,<=5s vs 15-20s,894
WyaF5JIc,90,0-1,Black,<=5s vs <=5s,2169
LzR6lsSg,104,1-0,Black,<=5s vs <=5s,2615
hXS9l9NE,70,0-1,Black,<=5s vs 5-10s,1871
lfSPitmB,55,1-0,White,<=5s vs 5-10s,2067
0OtdA6x4,49,1-0,White,<=5s vs 10-15s,641
X2PMsfMS,120,1/2-1/2,Black,<=5s vs 5-10s,2059
3KSpauB0,53,1-0,White,<=5s vs 15-20s,1591
uAVjfg6h,61,1-0,White,<=5s vs 5-10s,1403
o5fTcAdM,48,0-1,Black,<=5s vs 15-20s,1037
OJkE0ccJ,111,1-0,White,<=5s vs 10-15s,1857
4tmW2Jw5,74,1-0,Black,<=5s vs <=5s,1780
eQPP3BFz,59,1-0,White,<=5s vs 10-15s,1855
2IgTynjm,67,1-0,White,<=5s vs 15-20s,1980
B5FVJaZS,96,1-0,Black,<=5s vs <=5s,1803
kmanQAOO,95,1-0,White,<=5s vs 15-20s,2528
BdnBJDer,48,0-1,Black,<=5s vs 10-15s,1478
YQGrXYI0,90,0-1,Black,<=5s vs 10-15s,1828
abVnDbUI,111,1-0,White,<=5s vs 10-15s,2400
8xBzndlx,71,0-1,White,<=5s vs <=5s,1261
M59floey,131,1-0,White,<=5s vs 15-20s,2266
SaDnmj7z,56,0-1,Black,<=5s vs 5-10s,986
cxqN3Jhz,62,0-1,Black,<=5s vs 15-20s,2194
roy5ZKmo,180,1/2-1/2,Black,<=5s vs <=5s,2201
I7D38aBw,102,0-1,Black,<=5s vs 5-10s,2789
G3II0POj,86,1-0,Black,<=5s vs 5-10s,1243
AKMYHxIU,89,1-0,White,<=5s vs 5-10s,2090
p9YI9SOD,67,1-0,White,<=5s vs 15-20s,1553
q8nZdjk0,80,0-1,Black,<=5s vs 5-10s,1806
dokdcsjS,85,1-0,White,<=5s vs <=5s,1977
7ZryFJhm,37,1-0,White,<=5s vs 5-10s,1562
GHq8uo0u,88,0-1,Black,<=5s vs 5-10s,1986
8rruzuPq,39,1-0,White,<=5s vs 15-20s,1863
2BQuwfyM,85,1-0,White,<=5s vs 15-20s,1899
t9qA95LY,108,0-1,Black,<=5s vs <=5s,2713
huCGqC1O,72,0-1,Black,<=5s vs 15-20s,1894
UKTcGX37,68,1-0,Black,<=5s vs <=5s,1900
8cF8xYfj,68,1-0,Black,<=5s vs <=5s,1661
dOv7a6RH,77,1-0,White,<=5s vs 5-10s,1738
CoMrb1VO,51,1-0,White,<=5s vs 5-10s,1974
XfFf1qAu,54,0-1,Black,<=5s vs 10-15s,1889
atXpHHMx,47,1-0,White,<=5s vs 15-20s,1365
93gY4Vg6,49,1-0,White,<=5s vs 5-10s,1500
LALsZueF,72,0-1,Black,<=5s vs <=5s,2031
HovEe9Oz,52,0-1,Black,<=5s vs 10-15s,950
Cykn2NVg,92,0-1,Black,<=5s vs 5-10s,2006
oYiVmQnv,72,0-1,Black,<=5s vs 10-15s,2280
ZCuvXieQ,32,1-0,Black,<=5s vs 5-10s,1066
QtT7tFCA,79,1-0,White,<=5s vs 15-20s,1963
XTk1nZJ6,62,0-1,Black,<=5s vs 15-20s,1935
zR0Luzmm,115,1-0,White,<=5s vs 10-15s,2304
FwYp9yO6,149,1/2-1/2,White,<=5s vs 10-15s,1861
19GX1tzO,78,0-1,Black,<=5s vs 15-20s,2049
Nsmj91Gs,94,0-1,Black,<=5s vs 15-20s,2927
iCPtrpX5,100,0-1,Black,<=5s vs 10-15s,1317
ePySJiGF,63,1-0,White,<=5s vs 15-20s,1701
7QyFL7dp,32,0-1,Black,<=5s vs <=5s,1026
16OU3QqV,79,1-0,White,<=5s vs 5-10s,2033
DelCdo92,71,1-0,White,<=5s vs <=5s,1999
w9gIM2m4,67,1-0,White,<=5s vs 10-15s,1925
hgWEtx9y,82,0-1,Black,<=5s vs 10-15s,2225
ftLdqsTd,83,1-0,White,<=5s vs 10-15s,1429
ZDYJ068F,70,0-1,Black,<=5s vs 15-20s,910
nryrWIDi,68,0-1,Black,<=5s vs 5-10s,1392
QvjfagHs,60,0-1,Black,<=5s vs 10-15s,2441
Wv5Tmu4t,52,1-0,Black,<=5s vs 5-10s,1643
2IPM77Cs,59,1-0,White,<=5s vs 10-15s,1587
hiLopSuP,78,0-1,Black,<=5s vs 10-15s,1444
N2H040AW,65,1-0,White,<=5s vs 15-20s,1945
CdtaTfqV,69,0-1,White,<=5s vs <=5s,865
3Ym7SBYF,72,0-1,Black,<=5s vs 5-10s,1971
GMdQgIAA,75,0-1,White,<=5s vs 5-10s,1533
yRLuBtV6,59,1-0,White,<=5s vs 15-20s,1198
6JQ4DUF4,76,0-1,Black,<=5s vs 5-10s,2789
ZCxtrThz,85,0-1,White,<=5s vs <=5s,1839
RGOwCoIa,34,0-1,Black,<=5s vs 5-10s,671
bKLrA1SV,74,0-1,Black,<=5s vs <=5s,1307
klWcQAga,93,1-0,White,<=5s vs 15-20s,1793
iLEuWVTn,81,1-0,White,<=5s vs <=5s,1800
8Ws0hSmv,64,0-1,Black,<=5s vs 15-20s,1817
pCVN86nQ,42,0-1,Black,<=5s vs <=5s,1263
fvO9ltvT,77,1-0,White,<=5s vs 15-20s,2100
235wMxPU,58,0-1,Black,<=5s vs 10-15s,1365
iwtRDpTT,112,1/2-1/2,Black,<=5s vs 5-10s,2078
PASwnd5a,76,0-1,Black,<=5s vs 15-20s,2502
4pQldG7k,90,0-1,Black,<=5s vs 5-10s,2429
wumvsytR,115,0-1,White,<=5s vs <=5s,1797
5HO32CMw,63,0-1,White,<=5s vs <=5s,2183
OOydAjQd,119,1/2-1/2,White,<=5s vs 10-15s,1886
TqdHsHVC,82,0-1,Black,<=5s vs 10-15s,2385
1LQiOn5y,71,1-0,White,<=5s vs 10-15s,1173
Tj1Pf2Up,60,0-1,Black,<=5s vs 5-10s,1186
Y0TDiiC0,92,1-0,Black,<=5s vs 5-10s,1864
cd9ncFmM,55,1-0,White,<=5s vs 15-20s,957
Lj9AnJVH,56,0-1,Black,<=5s vs 5-10s,1136
uRMiYBKs,71,1-0,White,<=5s vs 15-20s,1822
WbmIulEy,59,1-0,White,<=5s vs 5-10s,1776
CoRTFyQN,61,1-0,White,<=5s vs 5-10s,1500
5ceFhpcZ,64,1-0,Black,<=5s vs 5-10s,1574
BcG3LSIQ,73,1-0,White,<=5s vs 5-10s,1896
bWhPSCXh,65,1-0,White,<=5s vs 5-10s,1676
TnRKtUeY,108,1/2-1/2,Black,<=5s vs 5-10s,2417
MmOogUYT,108,1-0,Black,<=5s vs <=5s,2150
TnuEQ7aW,56,1-0,Black,<=5s vs <=5s,1671
5so8WEtq,64,0-1,Black,<=5s vs 10-15s,2406
XT0ORGtS,68,0-1,Black,<=5s vs 5-10s,1817
TNapfyz7,35,1-0,White,<=5s vs 15-20s,867
Q1bag3OA,84,0-1,Black,<=5s vs 5-10s,2104
lMvhzyZa,120,1-0,Black,<=5s vs 5-10s,2132
WTS1UTdj,67,1/2-1/2,White,<=5s vs 10-15s,2489
dqFfIxsr,83,1-0,White,<=5s vs <=5s,2239
fGA86AMN,71,0-1,White,<=5s vs <=5s,2089
wGANGW6v,59,1-0,White,<=5s vs 15-20s,1255
gQqG6FJA,55,1-0,White,<=5s vs 15-20s,1748
oPQQOUHG,81,0-1,White,<=5s vs 10-15s,2899
Iw4BtqxN,94,0-1,Black,<=5s vs 5-10s,2576
ZQ0h0eRd,69,1-0,White,<=5s vs 10-15s,1844
ObDCzzqg,82,0-1,Black,<=5s vs 10-15s,2495
WciTzZRk,62,0-1,Black,<=5s vs 15-20s,1739
XqHx7CqV,94,1/2-1/2,Black,<=5s vs 5-10s,2094
rFeSDm9C,95,0-1,White,<=5s vs 5-10s,2581
1Cy10Y9p,75,1-0,White,<=5s vs <=5s,1950
ymGdqYu2,55,1-0,White,<=5s vs 15-20s,1042
Nsga8g1Z,55,1-0,White,<=5s vs 5-10s,1381
3aNMYXfB,93,0-1,White,<=5s vs 5-10s,2353
NTiSQdSF,77,1-0,White,<=5s vs 10-15s,2156
FVvh7lAd,57,1-0,White,<=5s vs 15-20s,1343
fiZKFfS6,49,0-1,White,<=5s vs 5-10s,1419
m21KQDAt,81,1-0,White,<=5s vs 10-15s,2294
AMjPS11G,61,0-1,White,<=5s vs 5-10s,1334
yKtHVF4F,64,0-1,Black,<=5s vs <=5s,1435
sN5HqhL7,41,1-0,White,<=5s vs 15-20s,1346
GLy07JTD,126,0-1,Black,<=5s vs 5-10s,2904
m5X9irXF,45,1-0,White,<=5s vs 15-20s,1976
AL93cvn8,116,1/2-1/2,Black,<=5s vs 5-10s,2397
tAoKX6nK,93,0-1,White,<=5s vs <=5s,2352
FeTP1Pn4,49,1-0,White,<=5s vs 5-10s,1102
zZmxSCQh,88,1-0,Black,<=5s vs <=5s,1174
BRWsOvZL,63,1-0,White,<=5s vs <=5s,1438
t9cddSVs,45,1-0,White,<=5s vs 10-15s,1463
BQRruLZi,81,1-0,White,<=5s vs 5-10s,2187
3SzoMtBj,91,1-0,White,<=5s vs 5-10s,1472
JPnRubcG,60,0-1,Black,<=5s vs 5-10s,1823
WGQHjYTv,75,1-0,White,<=5s vs 5-10s,1632
aojHEVRg,35,1-0,White,<=5s vs 15-20s,1474
Tj9LGJxq,65,1-0,White,<=5s vs 10-15s,2419
hvNh7isr,75,1-0,White,<=5s vs 10-15s,1768
cgWefUXt,58,0-1,Black,<=5s vs <=5s,1268
d9l5TgBo,67,1-0,White,<=5s vs 10-15s,1653
5TCPK2gh,62,0-1,Black,<=5s vs 10-15s,1463
63Lff0bx,68,1-0,Black,<=5s vs <=5s,1364
TvzG95u0,41,1-0,White,<=5s vs 5-10s,872
DCNQpWhK,72,0-1,Black,<=5s vs 10-15s,2207
2B83y36t,71,1-0,White,<=5s vs 5-10s,1582
TGjSQj39,109,1/2-1/2,White,<=5s vs <=5s,2397
oFSYoDdO,40,0-1,Black,<=5s vs 15-20s,1061
Ccta1J1r,102,0-1,Black,<=5s vs 10-15s,2175
IUfk5sQP,76,0-1,Black,<=5s vs 5-10s,1574
mLnop94c,79,1-0,White,<=5s vs 10-15s,2407
UsTF6ADj,57,1-0,White,<=5s vs 10-15s,1299
IDkH2qTW,48,0-1,Black,<=5s vs 15-20s,838
VS1yl3Xd,62,0-1,Black,<=5s vs <=5s,1722
HBZVRegw,98,1-0,Black,<=5s vs 5-10s,2190
1SZZg72n,80,1-0,Black,<=5s vs <=5s,1612
9NYy9MB1,64,0-1,Black,<=5s vs 5-10s,1920
4eR5oXPA,56,0-1,Black,<=5s vs 10-15s,2195
WAXnkwgt,65,1-0,White,<=5s vs 15-20s,2049
e7OinTIq,54,0-1,Black,<=5s vs 15-20s,1856
lIJKEY9S,103,1-0,White,<=5s vs 5-10s,1703
DzWgKgUy,41,1-0,White,<=5s vs 10-15s,1166
YYUM6px1,100,0-1,Black,<=5s vs 15-20s,2021
qJUWbDHC,54,0-1,Black,<=5s vs 10-15s,1377
0mzQzBAk,72,0-1,Black,<=5s vs 10-15s,2666
Pj6UQwZk,75,1-0,White,<=5s vs 15-20s,2127
6cRoDF7i,85,0-1,White,<=5s vs 5-10s,1920
9glhIzcG,108,1/2-1/2,Black,<=5s vs 10-15s,2556
S7ogvrOa,90,0-1,Black,<=5s vs 5-10s,2003
DZrK0OAg,72,0-1,Black,<=5s vs 10-15s,2316
CYTJXKNA,59,1-0,White,<=5s vs 10-15s,2095
RMxJlPRw,108,1-0,Black,<=5s vs <=5s,1706
iHsRDNQB,86,1/2-1/2,Black,<=5s vs <=5s,1776
UdwoQuCO,80,1/2-1/2,Black,<=5s vs 5-10s,1990
lz7FuB7S,78,0-1,Black,<=5s vs 5-10s,1884
mz9y5iaf,81,1-0,White,<=5s vs 10-15s,2270
dqOS9ccT,85,1-0,White,<=5s vs 15-20s,1435
AOujuGns,95,1-0,White,<=5s vs 10-15s,2293
pzCQxCpa,53,1-0,White,<=5s vs 5-10s,1221
yZlz0Q8n,93,1-0,White,<=5s vs 15-20s,1405
cFiAbqv5,82,0-1,Black,<=5s vs 15-20s,2163
cv7TAZH1,89,1-0,White,<=5s vs 5-10s,2403
UJ9aLvcY,85,1-0,White,<=5s vs 5-10s,1500
TEjyvSRN,67,1-0,White,<=5s vs 15-20s,2240
T8ByjaWH,69,1-0,White,<=5s vs 10-15s,2102
DmY1ktQh,107,1-0,White,<=5s vs 10-15s,1468
QMwDTHFx,61,1-0,White,<=5s vs 15-20s,1951
UOzxUhMj,57,1-0,White,<=5s vs 10-15s,1339
LDPlrmET,71,0-1,White,<=5s vs <=5s,1392
r21d7kQc,73,0-1,White,<=5s vs 10-15s,2181
U8LAdUEa,66,0-1,Black,<=5s vs 10-15s,1388
FU0OiqOM,63,1-0,White,<=5s vs 10-15s,1243
JFA1XYiZ,71,1-0,White,<=5s vs 5-10s,2126
i7u0pk4G,95,1-0,White,<=5s vs 10-15s,1688
KxYXqhKj,57,1-0,White,<=5s vs 15-20s,1947
SNfGvWyA,81,0-1,White,<=5s vs 10-15s,1390
hYWiwF75,95,1-0,White,<=5s vs 15-20s,2331
FcDD49SY,55,1-0,White,<=5s vs 15-20s,2271
2ameMM4L,66,0-1,Black,<=5s vs 10-15s,1457
Rof0t3e5,135,1/2-1/2,White,<=5s vs 5-10s,2568
lJ0K1pVF,78,0-1,Black,<=5s vs 15-20s,1961
4AcJXmeL,95,1-0,White,<=5s vs 5-10s,2095
Sox4eXBA,58,0-1,Black,<=5s vs 10-15s,1598
UlBCgdnm,79,0-1,White,<=5s vs <=5s,2414
Hap1zfEV,88,0-1,Black,<=5s vs 5-10s,2113
bjz3Yy4y,97,1-0,White,<=5s vs 5-10s,2059
cVVb4L59,50,0-1,Black,<=5s vs <=5s,1786
EZ6Ywvo8,103,1/2-1/2,White,<=5s vs 10-15s,2692
JYVi3l24,99,1-0,White,<=5s vs 10-15s,2503
8ELFWx6Q,53,1-0,White,<=5s vs 15-20s,1882
2JP0Wtnq,82,0-1,Black,<=5s vs 5-10s,2600
EbEU1Xvu,68,1-0,Black,<=5s vs <=5s,1710
9UyeYJGs,56,0-1,Black,<=5s vs 10-15s,1509
qkaowG8F,89,1-0,White,<=5s vs 10-15s,2196
gEzLbQB6,67,1-0,White,<=5s vs 5-10s,1648
xcEE5SL3,135,1-0,White,<=5s vs 10-15s,2246
ySnuit4v,122,1-0,Black,<=5s vs 10-15s,1196
65vS4yXv,80,0-1,Black,<=5s vs 5-10s,2159
rYIlsUsx,80,0-1,Black,<=5s vs <=5s,1958
WVFG2D4K,82,1-0,Black,<=5s vs <=5s,1028
Be0pA4p8,68,1-0,Black,<=5s vs 5-10s,1993
Tk3GzsN9,141,1/2-1/2,White,<=5s vs 10-15s,1474
vXfn5Rct,79,0-1,White,<=5s vs <=5s,1294
Jg8fYW1r,56,0-1,Black,<=5s vs 10-15s,2004
LYVOQZhx,92,1-0,Black,<=5s vs 10-15s,2572
pj6XyFGm,82,0-1,Black,<=5s vs 10-15s,1781
TwXKWAvl,64,0-1,Black,<=5s vs 15-20s,1945
uetEJ0mX,80,0-1,Black,<=5s vs <=5s,1895
xdX6B5dH,45,1-0,White,<=5s vs 10-15s,864
b7BYU9UZ,101,1/2-1/2,White,<=5s vs 10-15s,2195
h6rVGU4Q,76,0-1,Black,<=5s vs 10-15s,1734
hmwiufO0,92,0-1,Black,<=5s vs <=5s,2341
FoUPd2ep,81,1-0,White,<=5s vs 10-15s,2501
3zsidMtK,89,1-0,White,<=5s vs 5-10s,1676
g0u5Hkxd,48,0-1,Black,<=5s vs 10-15s,915
j77CxQOx,69,1-0,White,<=5s vs 15-20s,1578
uSXY1qK0,61,1-0,White,<=5s vs 15-20s,2133
UT4a00jm,58,1-0,Black,<=5s vs 5-10s,1466
THY1ZsKB,70,0-1,Black,<=5s vs 15-20s,1400
EGiUT3WV,80,0-1,Black,<=5s vs 15-20s,1951
nWx2jyLM,59,1-0,White,<=5s vs 5-10s,1548
Tv5UCsfs,59,0-1,White,<=5s vs 5-10s,1602
Feodm8dh,71,1-0,White,<=5s vs 10-15s,1436
EddO4BbF,69,1-0,White,<=5s vs 10-15s,1405
XDITRs6z,49,1-0,White,<=5s vs <=5s,1534
pCU17L5w,79,1-0,White,<=5s vs 5-10s,1581
JrfSw4QK,83,1-0,White,<=5s vs 5-10s,2752
zjB6V6va,68,0-1,Black,<=5s vs 10-15s,1749
zOt4lKRa,100,0-1,Black,<=5s vs 5-10s,2479
59KUu4nb,70,0-1,Black,<=5s vs 10-15s,2247
8WjqDXaG,56,0-1,Black,<=5s vs 5-10s,1254
44kGljtV,69,0-1,White,<=5s vs <=5s,1751
SN4blNPR,70,0-1,Black,<=5s vs 5-10s,2030
obiRm8lY,67,1-0,White,<=5s vs 15-20s,1503
P5PkgHLJ,120,0-1,Black,<=5s vs 5-10s,2785
6qObaSmi,57,1-0,White,<=5s vs 15-20s,2160
Pd5O8RiA,61,1/2-1/2,White,<=5s vs 15-20s,1810
6XR5o0n2,67,1-0,White,<=5s vs 5-10s,1841
9FtTaIEA,63,1-0,White,<=5s vs 5-10s,2441
JQ6CVsM8,58,0-1,Black,<=5s vs 10-15s,1842
ciSMTLD2,94,0-1,Black,<=5s vs <=5s,1781
Zfpz395w,100,0-1,Black,<=5s vs 5-10s,1947
DMECHSkH,77,1-0,White,<=5s vs 10-15s,1293
rtT3Exjz,83,1-0,White,<=5s vs 15-20s,2256
LvwoI8Fc,58,0-1,Black,<=5s vs 10-15s,1641
RkzaRqFB,62,0-1,Black,<=5s vs 15-20s,1877
8G9NpvSs,70,0-1,Black,<=5s vs 15-20s,1784
0gg3hoxF,87,0-1,White,<=5s vs <=5s,2126
NGcrEElN,103,1-0,White,<=5s vs 10-15s,2058
9WY9AJv6,64,1-0,Black,<=5s vs <=5s,1798
74g4S6C2,97,0-1,White,<=5s vs <=5s,2685
rFYv63SO,85,1-0,White,<=5s vs 10-15s,2301
aLUXpPjM,87,1-0,White,<=5s vs 5-10s,1698
xGIVXuem,65,1-0,White,<=5s vs 15-20s,1668
CXqup9vc,109,1-0,White,<=5s vs 10-15s,1163
xskTkAkg,50,0-1,Black,<=5s vs 15-20s,1226
g2MjIfZA,110,1/2-1/2,Black,<=5s vs 5-10s,2692
0CFFv21c,78,0-1,Black,<=5s vs 10-15s,1779
peLsPUHZ,61,1-0,White,<=5s vs 10-15s,1003
4XFDaxoy,63,0-1,White,<=5s vs 10-15s,1875
c3TkiYPK,56,0-1,Black,<=5s vs 10-15s,1555
4xfhhfly,76,0-1,Black,<=5s vs <=5s,1870
3me7qWd9,87,1-0,White,<=5s vs 5-10s,2084
WczW0LjO,122,1-0,Black,<=5s vs 15-20s,2257
r4uOkbcq,66,0-1,Black,<=5s vs 10-15s,1347
qskr1Az9,117,1/2-1/2,White,<=5s vs 5-10s,697
6w22Sp45,82,0-1,Black,<=5s vs 5-10s,2471
44At8OOu,127,1/2-1/2,White,<=5s vs <=5s,2265
AkP0ufMa,101,1-0,White,<=5s vs 5-10s,2586
z8rEgAgY,61,1-0,White,<=5s vs 15-20s,1561
sx8BA5OS,70,0-1,Black,<=5s vs 15-20s,1258
eQ7sAEzE,104,1/2-1/2,Black,<=5s vs 15-20s,1909
SGl3KX7Z,100,0-1,Black,<=5s vs 10-15s,2316
0WizgNcC,57,1-0,White,<=5s vs 15-20s,1044
KH2q0dvc,79,1-0,White,<=5s vs 15-20s,1994
MEq0XR8Q,60,0-1,Black,<=5s vs 15-20s,1894
5W2WjuQ4,102,0-1,Black,<=5s vs 15-20s,2598
nJ3wgpCt,61,1-0,White,<=5s vs 10-15s,1250
ruIONiWE,93,1-0,White,<=5s vs 5-10s,2013
hupBeztp,61,1-0,White,<=5s vs 10-15s,2000
DeVT7XFz,84,0-1,Black,<=5s vs 5-10s,2428
1RToqhcu,31,1-0,White,<=5s vs 15-20s,879
V1sEv4zu,61,1/2-1/2,White,<=5s vs 5-10s,1317
RrXoErJ8,65,1-0,White,<=5s vs 10-15s,1994
TCGZxwmM,64,0-1,Black,<=5s vs 10-15s,1528
6Ho0IZHG,92,0-1,Black,<=5s vs 5-10s,2318
jYIBwPTE,41,1-0,White,<=5s vs 15-20s,1185
5OR0v454,65,1-0,White,<=5s vs 5-10s,2112
gQms18Jx,85,1-0,White,<=5s vs 10-15s,1337
2VGsmPsQ,59,1-0,White,<=5s vs 15-20s,1877
zkVJNvmd,77,1-0,White,<=5s vs 5-10s,1291
DEsqNMkF,81,1-0,White,<=5s vs 15-20s,1177
3p5hYzu7,56,0-1,Black,<=5s vs 5-10s,1877
c4CBynsk,63,1-0,White,<=5s vs 5-10s,2326
zpxUOvOm,112,1/2-1/2,Black,<=5s vs 5-10s,2047
AMbTkL6E,61,1-0,White,<=5s vs 15-20s,1014
RQ4MdJe3,58,1-0,Black,<=5s vs 15-20s,1442
V4jv7uEv,66,0-1,Black,<=5s vs 10-15s,1956
KYhCpKEm,56,0-1,Black,<=5s vs 15-20s,1686
ty6Paw3F,66,0-1,Black,<=5s vs 5-10s,1761
0TjMysWI,59,1-0,White,<=5s vs 15-20s,1542
9eWCQyXi,84,0-1,Black,<=5s vs 15-20s,2057
2oD5xC52,72,1-0,Black,<=5s vs 5-10s,2398
RpIW03Fm,99,0-1,White,<=5s vs 10-15s,2340
ZC1hiiHs,75,1-0,White,<=5s vs 10-15s,1699
2hrPBjU5,100,1-0,Black,<=5s vs 5-10s,1315
krMqvNTM,112,1/2-1/2,Black,<=5s vs 5-10s,2256
KNVwvJMs,80,0-1,Black,<=5s vs 10-15s,1353
ZA6tInpH,81,0-1,White,<=5s vs 5-10s,2237
aDqqsd18,84,1-0,Black,<=5s vs 10-15s,2255
S6cBEqGA,62,0-1,Black,<=5s vs 10-15s,1380
ILTHB9cn,48,0-1,Black,<=5s vs 10-15s,1160
GewYZKf6,130,0-1,Black,<=5s vs 5-10s,2424
c3AY5YpI,63,1-0,White,<=5s vs 5-10s,2242
NO3VJbr0,80,1-0,Black,<=5s vs 5-10s,1624
GHixEL1M,61,1-0,White,<=5s vs 15-20s,2054
5C1oM2sj,46,0-1,Black,<=5s vs 15-20s,1112
rerdVNEn,63,1-0,White,<=5s vs 15-20s,1877
No2mWsp6,96,0-1,Black,<=5s vs 5-10s,2439
K4Xtk4ux,99,1-0,White,<=5s vs <=5s,2289
LJOkQ0Ll,123,1-0,White,<=5s vs 15-20s,2607
HoibzFOI,76,0-1,Black,<=5s vs 15-20s,2309
CP27v7gO,71,0-1,White,<=5s vs <=5s,1996
AvmJbBIy,113,1-0,White,<=5s vs <=5s,2602
SUlAOt4U,50,0-1,Black,<=5s vs 10-15s,1081
IuPjSwS4,69,1-0,White,<=5s vs 10-15s,1294
XLO4nT3W,55,1-0,White,<=5s vs 10-15s,1359
Ju1g7xDZ,69,1-0,White,<=5s vs <=5s,1673
NsXpstpC,69,0-1,White,<=5s vs 5-10s,2445
gLHiVxQT,42,0-1,Black,<=5s vs 15-20s,808
w2rkvMPS,65,0-1,White,<=5s vs 5-10s,1200
lMQB5W0h,77,1-0,White,<=5s vs 5-10s,1870
tjYbGpqH,61,1/2-1/2,White,<=5s vs 15-20s,1810
5rvpI8df,89,1-0,White,<=5s vs 10-15s,1651
CwpDSYoJ,102,0-1,Black,<=5s vs 5-10s,1770
UYoED40o,87,1-0,White,<=5s vs 10-15s,1747
O060tdzf,83,1-0,White,<=5s vs 5-10s,2293
6Eid2JHi,83,1-0,White,<=5s vs 15-20s,1801
Xk4Mq29A,60,0-1,Black,<=5s vs <=5s,1638
POFdqaDs,48,0-1,Black,<=5s vs 15-20s,1846
aZuVh7Wm,59,1-0,White,<=5s vs 10-15s,1570
C4I2XGv0,90,0-1,Black,<=5s vs 10-15s,2828
ZJRqQ0TN,92,1/2-1/2,Black,<=5s vs 5-10s,2198
jCU4ke52,61,0-1,White,<=5s vs 10-15s,1239
o2kuPPxy,110,0-1,Black,<=5s vs 10-15s,2562
VPfUor6h,86,0-1,Black,<=5s vs 10-15s,1974
hbnMjva5,135,1-0,White,<=5s vs <=5s,2470
TsDhb4RH,68,0-1,Black,<=5s vs 15-20s,1389
Ht6ToRUa,84,0-1,Black,<=5s vs 5-10s,2013
Qxkiy6Xh,111,1/2-1/2,White,<=5s vs 10-15s,2498
7U5KUW79,46,0-1,Black,<=5s vs 5-10s,1939
4pG3lNNl,57,1-0,White,<=5s vs 15-20s,1398
46xGK5Cd,76,0-1,Black,<=5s vs 15-20s,2301
pbmLKTGL,104,0-1,Black,<=5s vs 5-10s,2504
WSKBdA1g,69,1-0,White,<=5s vs 15-20s,2229
1EWgTE1i,81,0-1,White,<=5s vs <=5s,1488
JSd2nLmX,54,0-1,Black,<=5s vs 15-20s,893
sh51ASng,71,1-0,White,<=5s vs 5-10s,1337
ChRG0mrX,69,1-0,White,<=5s vs 5-10s,1347
MUsbnmiC,60,0-1,Black,<=5s vs 5-10s,1092
dzxbxGBB,69,1-0,White,<=5s vs 5-10s,2341
9xh8V2oj,61,1-0,White,<=5s vs 10-15s,2016
P350oDsT,65,1-0,White,<=5s vs 15-20s,1935
wXv7tbom,45,1-0,White,<=5s vs 5-10s,1096
FZBnAc75,55,1-0,White,<=5s vs 5-10s,2276
cI7UNsMX,71,1-0,White,<=5s vs 15-20s,1477
Rto5cCPN,54,1-0,Black,<=5s vs 15-20s,2046
2rZoVkof,44,0-1,Black,<=5s vs 15-20s,1504
ELbie2MQ,60,0-1,Black,<=5s vs 10-15s,1947
RZNEdTq5,66,1-0,Black,<=5s vs <=5s,1210
eoSSWdly,69,1-0,White,<=5s vs 15-20s,975
QY3HqTgP,79,0-1,White,<=5s vs 5-10s,2667
RcwIrBu3,42,1-0,Black,<=5s vs 5-10s,1419
1sDExhAf,77,1-0,White,<=5s vs 10-15s,2248
9TMDpGBi,85,1-0,White,<=5s vs 5-10s,2532
bpQDCXmf,62,0-1,Black,<=5s vs 5-10s,1460
Bo0deSu8,68,1-0,Black,<=5s vs <=5s,2178
XWMHhvW5,68,0-1,Black,<=5s vs 15-20s,1939
d68e7o2L,107,1-0,White,<=5s vs 15-20s,2575
mANK8KFj,67,0-1,White,<=5s vs 10-15s,2477
CK1MkUcN,49,1-0,White,<=5s vs 15-20s,892
OvOlG4y0,78,0-1,Black,<=5s vs 5-10s,1701
0bwaOizM,47,1-0,White,<=5s vs 5-10s,1304
RQp5GaoE,66,0-1,Black,<=5s vs 15-20s,1528
DEgkTVyP,55,1-0,White,<=5s vs 15-20s,1735
GCBzCym7,94,0-1,Black,<=5s vs 10-15s,2344
i9Jgu43x,87,1-0,White,<=5s vs 5-10s,1780
PHNAm4SZ,64,0-1,Black,<=5s vs <=5s,1493
0mjszAn9,78,0-1,Black,<=5s vs 10-15s,870
95H3sme8,90,1-0,Black,<=5s vs <=5s,1662
Pwn6wH7P,53,1-0,White,<=5s vs 15-20s,2298
YUp8MrRN,61,0-1,White,<=5s vs 5-10s,1894
bb0atr6f,73,1-0,White,<=5s vs 15-20s,2212
KuZnh4Ky,46,1-0,Black,<=5s vs 5-10s,944
lRGlxvpt,108,0-1,Black,<=5s vs 15-20s,1712
EA0M4mYe,87,1-0,White,<=5s vs 15-20s,1975
fCLzXc7j,127,1-0,White,<=5s vs 15-20s,1720
kXGdmzPo,79,1-0,White,<=5s vs 15-20s,1549
3JUmn0Ff,142,1-0,Black,<=5s vs <=5s,2676
inODdLZl,76,0-1,Black,<=5s vs <=5s,1817
y65cTsxl,74,0-1,Black,<=5s vs 5-10s,1985
RvG7R892,78,0-1,Black,<=5s vs 10-15s,2003
vdi4gRAL,84,0-1,Black,<=5s vs 10-15s,2420
H6iyUgiv,63,1-0,White,<=5s vs 5-10s,2332
R0TX1KD4,80,1-0,Black,<=5s vs <=5s,2409
BijFfmn9,66,0-1,Black,<=5s vs 5-10s,1996
OMmxvtP4,52,0-1,Black,<=5s vs <=5s,1090
xLITQzxI,86,1-0,Black,<=5s vs 5-10s,1517
CD5pak2d,96,0-1,Black,<=5s vs 5-10s,2407
yzqnTruT,81,1-0,White,<=5s vs 15-20s,1824
PKRKjguD,66,0-1,Black,<=5s vs 5-10s,1312
EM6iFR6u,40,0-1,Black,<=5s vs 5-10s,906
6kH7A4kb,63,1-0,White,<=5s vs 10-15s,1006
2lJvQGN5,88,1-0,Black,<=5s vs 5-10s,1716
mM27mPGn,59,1-0,White,<=5s vs 5-10s,1471
3Is9nF7E,92,0-1,Black,<=5s vs 5-10s,2332
uDhj0249,49,1-0,White,<=5s vs 10-15s,2046
7SaKuT5X,63,1-0,White,<=5s vs 10-15s,2214
Oexvuv0M,62,0-1,Black,<=5s vs 15-20s,1587
nRlZXJrA,71,0-1,White,<=5s vs 10-15s,1987
rvtpSFhO,75,1-0,White,<=5s vs 5-10s,2150
l6PsRO6K,74,0-1,Black,<=5s vs <=5s,1440
5UtiiaTh,69,1-0,White,<=5s vs 10-15s,1800
blzm9Cyq,46,0-1,Black,<=5s vs 15-20s,998
1Ua49ok5,117,0-1,White,<=5s vs 10-15s,2080
wIqqPxof,60,1-0,Black,<=5s vs 15-20s,2259
qjaj0i1q,69,1-0,White,<=5s vs 5-10s,1100
to6yZLB9,65,0-1,White,<=5s vs 5-10s,1472
1HfxMvXk,116,1-0,Black,<=5s vs <=5s,1823
4dQfGA4g,55,1-0,White,<=5s vs 5-10s,2163
KmHuKJE9,63,1-0,White,<=5s vs 10-15s,1839
QuNaeU9d,43,1-0,White,<=5s vs 15-20s,1082
uR3rERhT,117,1/2-1/2,White,<=5s vs <=5s,1239
MQbSzvCh,96,0-1,Black,<=5s vs 10-15s,2459
Vk2ACkzE,44,0-1,Black,<=5s vs 10-15s,1759
BKw9WuVL,56,0-1,Black,<=5s vs 10-15s,1548
Pon70fT5,45,0-1,White,<=5s vs 5-10s,1192
3uIRNATj,81,1-0,White,<=5s vs 10-15s,1904
LdWoTvTS,75,1-0,White,<=5s vs 10-15s,2039
R2TPKJQc,55,0-1,White,<=5s vs <=5s,1400
BqaqFpQH,53,1-0,White,<=5s vs 10-15s,965
1hid35SP,62,0-1,Black,<=5s vs 15-20s,1857
q9YeiZeB,64,1-0,Black,<=5s vs <=5s,1067
wkvVnlCW,79,1-0,White,<=5s vs 10-15s,1733
vzw3hvCy,94,0-1,Black,<=5s vs 10-15s,2576
5UIhJiXm,72,0-1,Black,<=5s vs 10-15s,1753
kVL7vMLY,106,0-1,Black,<=5s vs 15-20s,2277
shcwo4ES,67,1-0,White,<=5s vs 15-20s,1853
zhZcIYnX,80,0-1,Black,<=5s vs 5-10s,2443
Vatq2bFr,77,1-0,White,<=5s vs <=5s,1900
QPaoepMg,63,1-0,White,<=5s vs 10-15s,2268
u6vV5Exw,51,1-0,White,<=5s vs 15-20s,1186
gWxkDHUK,55,1-0,White,<=5s vs 15-20s,2163
N4I2cJjR,43,1-0,White,<=5s vs 15-20s,1300
YEQH3uyq,107,1-0,White,<=5s vs <=5s,2078
EM2iU6tQ,110,1-0,Black,<=5s vs <=5s,2168
HnntUq5Q,50,0-1,Black,<=5s vs 10-15s,1504
HfYxdlEh,103,1-0,White,<=5s vs 10-15s,1546
hSJrTyT9,54,0-1,Black,<=5s vs 5-10s,1740
ATDZp1MG,85,0-1,White,<=5s vs 5-10s,2124
6aQYMjey,117,1-0,White,<=5s vs 15-20s,1947
5S2YOYdj,51,1-0,White,<=5s vs 15-20s,1594
kfCDr539,72,0-1,Black,<=5s vs 10-15s,2638
PXLz1IYI,49,1-0,White,<=5s vs 15-20s,998
Xvr6XM9n,84,0-1,Black,<=5s vs 10-15s,2241
C0zeoFhn,42,0-1,Black,<=5s vs 15-20s,1949
ohdkjrcf,57,1-0,White,<=5s vs 15-20s,1836
Gh1MSulv,112,1-0,Black,<=5s vs <=5s,2560
JjWB3748,88,0-1,Black,<=5s vs 5-10s,1896
JtYhtOOi,68,0-1,Black,<=5s vs 15-20s,1845
SdrD1hXZ,65,1-0,White,<=5s vs 15-20s,2100
LMBjWtyk,51,1-0,White,<=5s vs 15-20s,1530
HAc0vLm8,59,1-0,White,<=5s vs 10-15s,1567
qzc6hYS5,93,1-0,White,<=5s vs 5-10s,1452
ZVxeA5wy,82,0-1,Black,<=5s vs 5-10s,1929
DelmiIOE,105,1-0,White,<=5s vs 10-15s,1404
lzvE0cZP,56,0-1,Black,<=5s vs 15-20s,1746
cz5lUFZi,68,0-1,Black,<=5s vs 15-20s,2257
WgK0qSPR,55,1-0,White,<=5s vs 15-20s,1430
EtgLGEeD,73,1-0,White,<=5s vs 15-20s,2143
mARcwqSl,93,1-0,White,<=5s vs 5-10s,2242
D4RP7oMp,74,0-1,Black,<=5s vs <=5s,1991
pk18gAzM,77,1-0,White,<=5s vs 10-15s,1551
PQyOoptF,67,1-0,White,<=5s vs 5-10s,1355
UiQhUB5F,92,0-1,Black,<=5s vs 5-10s,1688
7AEfOIeT,94,1-0,Black,<=5s vs <=5s,2058
BO5PumNF,72,0-1,Black,<=5s vs 5-10s,1895
UkqccVg0,94,0-1,Black,<=5s vs 10-15s,2555
W1FRf1IL,73,1-0,White,<=5s vs 10-15s,2131
SwXk9Bsp,50,0-1,Black,<=5s vs 10-15s,1667
DePAv2CY,68,0-1,Black,<=5s vs 5-10s,2123
iW71NHdH,69,1-0,White,<=5s vs 15-20s,1954
2akgpGZB,90,0-1,Black,<=5s vs 15-20s,1370
73Q6jX8M,32,0-1,Black,<=5s vs 15-20s,986
7YgPtx2u,92,0-1,Black,<=5s vs <=5s,2164
TKzCnwoi,71,1-0,White,<=5s vs 5-10s,1807
vpqfaUJr,74,1/2-1/2,Black,<=5s vs 10-15s,1367
PzU4I2b1,67,1-0,White,<=5s vs 5-10s,1747
k6CICCuT,88,0-1,Black,<=5s vs 5-10s,2294
glMaSPSk,100,0-1,Black,<=5s vs 15-20s,2185
JD7g8CsZ,69,1-0,White,<=5s vs 10-15s,2208
NZ6ALRcm,101,0-1,White,<=5s vs 10-15s,2366
NvXmaUbD,107,1/2-1/2,White,<=5s vs 15-20s,2167
ErbTP3BF,58,0-1,Black,<=5s vs 15-20s,1743
7l5EpHbC,82,1-0,Black,<=5s vs 10-15s,1719
dlM8ohYr,62,0-1,Black,<=5s vs 5-10s,1516
9qlVL5Jn,79,1-0,White,<=5s vs <=5s,2514
Dg6fQwP7,65,1-0,White,<=5s vs <=5s,1332
mqTj3Sch,60,0-1,Black,<=5s vs 10-15s,1661
PXr4Hms7,86,0-1,Black,<=5s vs 5-10s,1488
hQ1WqDwT,66,0-1,Black,<=5s vs 10-15s,2151
coYNJEXF,49,1-0,White,<=5s vs 15-20s,1677
4qT8CMzd,75,0-1,White,<=5s vs <=5s,1205
zOew5s9m,89,0-1,White,<=5s vs <=5s,1717
VGbObJN2,98,1-0,Black,<=5s vs <=5s,1900
WttN0Xd7,64,1-0,Black,<=5s vs 10-15s,2039
r3I84G5G,71,1-0,White,<=5s vs <=5s,1453
mmBpU41Y,82,1/2-1/2,Black,<=5s vs <=5s,2159
IqBMpw6P,50,1-0,Black,<=5s vs <=5s,1659
QbYNgc2A,64,0-1,Black,<=5s vs 5-10s,1594
77skNvSD,69,1-0,White,<=5s vs 10-15s,2022
G77QJEgI,79,1-0,White,<=5s vs 5-10s,1825
zROP0XsX,55,1-0,White,<=5s vs 5-10s,1516
vH1bFuEA,74,0-1,Black,<=5s vs 10-15s,1931
0yNAcnbb,73,1-0,White,<=5s vs 5-10s,2183
VHg9iYgG,67,1-0,White,<=5s vs 10-15s,1425
FuIpb2s4,71,1-0,White,<=5s vs 5-10s,2741
EXOggWpk,103,1/2-1/2,White,<=5s vs 10-15s,2152
NeZ14trA,66,1-0,Black,<=5s vs <=5s,2008
2iCm7Xey,49,1-0,White,<=5s vs 15-20s,1249
4w2aKo6l,53,1-0,White,<=5s vs 10-15s,1898
2fR6cWBc,37,1-0,White,<=5s vs 5-10s,777
szksSZHC,117,1-0,White,<=5s vs 10-15s,1702
l1ZSJ3Lx,74,1-0,Black,<=5s vs <=5s,1454
HkapXnsM,113,1-0,White,<=5s vs 5-10s,2602
W5lZx0RH,75,1/2-1/2,White,<=5s vs 5-10s,2074
T6fvP9nN,97,1-0,White,<=5s vs 5-10s,2639
GDk1P2U1,114,0-1,Black,<=5s vs <=5s,2188
hc6hT9D2,49,1-0,White,<=5s vs 10-15s,2241
5ATGHPZu,123,1-0,White,<=5s vs 5-10s,1953
lHny7vDw,71,1-0,White,<=5s vs 15-20s,1567
7Sob3tmm,76,0-1,Black,<=5s vs 10-15s,1912
vgaiYnfu,87,1-0,White,<=5s vs 5-10s,2280
HRJodYfL,70,0-1,Black,<=5s vs 15-20s,1304
r6lyEAZd,55,0-1,White,<=5s vs <=5s,1343
vIbYOvph,80,0-1,Black,<=5s vs 10-15s,1760
CS7TVctV,75,1-0,White,<=5s vs <=5s,1648
FmTCiwVA,58,0-1,Black,<=5s vs 5-10s,1148
y32piUPr,77,1-0,White,<=5s vs 10-15s,2019
ZyNbzjhQ,61,0-1,White,<=5s vs <=5s,1900
fo5kRKo0,71,1-0,White,<=5s vs 5-10s,1677
ioSUTaUd,60,0-1,Black,<=5s vs 5-10s,1055
4M91imlS,110,1-0,Black,<=5s vs <=5s,1574
sm5PuCD6,119,1-0,White,<=5s vs <=5s,2411
DL25Kw5o,72,0-1,Black,<=5s vs 15-20s,2853
OHFgfiDh,61,1-0,White,<=5s vs 15-20s,1873
Eq7cMtpe,87,0-1,White,<=5s vs 5-10s,2152
8Q5jrNDa,60,0-1,Black,<=5s vs 15-20s,2256
W7ttumxG,79,1-0,White,<=5s vs 5-10s,2256
sUy8pGsd,110,0-1,Black,<=5s vs <=5s,2119
Z7Xo9Es3,61,1-0,White,<=5s vs <=5s,1212
TkclEqcT,47,1-0,White,<=5s vs 5-10s,1604
Hv0u45ZB,59,1-0,White,<=5s vs 15-20s,2090
BA6VNwyW,67,1-0,White,<=5s vs 5-10s,1887
FeZduJN5,51,1-0,White,<=5s vs 15-20s,1738
N5WHoYYt,59,1-0,White,<=5s vs 15-20s,1684
nBjByd2o,81,0-1,White,<=5s vs <=5s,1746
SSryMFRJ,65,1-0,White,<=5s vs 10-15s,1684
Yl3kB6dX,58,0-1,Black,<=5s vs 10-15s,2402
oUBlj6dY,70,0-1,Black,<=5s vs 10-15s,1558
2jZ16cJT,79,1-0,White,<=5s vs 10-15s,2342
9wMPw7SR,64,0-1,Black,<=5s vs <=5s,1100
m2p1Haob,55,1-0,White,<=5s vs 15-20s,1623
EQlpcHSr,109,0-1,White,<=5s vs 10-15s,1695
5JOCEIBu,65,1-0,White,<=5s vs 10-15s,2260
fzfL9IgU,48,0-1,Black,<=5s vs 15-20s,1359
fNwDj097,62,1-0,Black,<=5s vs <=5s,1103
55MxIfaN,64,0-1,Black,<=5s vs 10-15s,2025
zsAn9kM0,134,0-1,Black,<=5s vs 15-20s,2502
2dKZIHLP,123,1-0,White,<=5s vs 10-15s,1984
87SDOxSP,71,1-0,White,<=5s vs 10-15s,1840
kkuYbID1,73,1-0,White,<=5s vs 10-15s,1908
UR9zlQah,78,0-1,Black,<=5s vs 10-15s,2599
7pzrAEQI,111,1-0,White,<=5s vs 10-15s,2643
SrzNR2oV,62,0-1,Black,<=5s vs 10-15s,1832
dzkovUux,43,1-0,White,<=5s vs 10-15s,937
ijYiWuCM,73,0-1,White,<=5s vs 5-10s,2279
tG58Hsmt,123,1-0,White,<=5s vs 15-20s,1958
ZrkOCzgM,63,0-1,White,<=5s vs 5-10s,1832
7shtb2hJ,52,0-1,Black,<=5s vs <=5s,1178
FL5Q3PEA,106,0-1,Black,<=5s vs 5-10s,2457
oE8NGQcY,83,0-1,White,<=5s vs 5-10s,1703
88u8HkAr,75,1-0,White,<=5s vs 15-20s,2410
hBmQqJ1O,59,1-0,White,<=5s vs 15-20s,1819
ycWdDWs5,61,0-1,White,<=5s vs <=5s,1846
9rqUl8qy,68,0-1,Black,<=5s vs 10-15s,1684
YYpPe5sz,63,0-1,White,<=5s vs 10-15s,1397
bDG8kXq4,81,0-1,White,<=5s vs <=5s,2559
AkgruFXW,68,0-1,Black,<=5s vs 5-10s,2376
H64c8N7m,45,0-1,White,<=5s vs <=5s,1103
Xe34kvfQ,88,0-1,Black,<=5s vs 15-20s,2461
9EyIi0pB,99,1-0,White,<=5s vs 5-10s,2014
s27pVQEn,71,1-0,White,<=5s vs 10-15s,1835
3jTpYy79,52,0-1,Black,<=5s vs 10-15s,2119
Tyu1mAIK,66,0-1,Black,<=5s vs 5-10s,1705
l5wiXAMI,54,0-1,Black,<=5s vs 15-20s,1856
vGeDns0A,130,1/2-1/2,Black,<=5s vs <=5s,2425
pq4GwHiU,104,0-1,Black,<=5s vs 10-15s,2327
DaHh1Meh,54,0-1,Black,<=5s vs 15-20s,1272
tz35gCVC,64,0-1,Black,<=5s vs 10-15s,2067
gGv6J22h,105,1-0,White,<=5s vs 15-20s,1840
1JkHAPFH,84,1-0,Black,<=5s vs 5-10s,2176
RnS96hYk,71,0-1,White,<=5s vs 10-15s,2047
bEcUovUu,62,0-1,Black,<=5s vs 15-20s,1442
esKB1N4m,52,0-1,Black,<=5s vs 15-20s,1901
4QLfswBY,61,1-0,White,<=5s vs 15-20s,1094
9cNLWrIN,61,1-0,White,<=5s vs 15-20s,1987
LKn7eqAM,94,0-1,Black,<=5s vs 10-15s,2339
EOoJ14eY,107,1-0,White,<=5s vs 5-10s,2731
iMypvkd1,67,0-1,White,<=5s vs 5-10s,2769
GXgWyyoU,59,1-0,White,<=5s vs 10-15s,1590
mtS0nR2r,62,0-1,Black,<=5s vs 5-10s,1518
vNOyq1tA,57,0-1,White,<=5s vs 5-10s,1096
VK4d477D,138,1-0,Black,<=5s vs 5-10s,2518
0dRv67sQ,60,0-1,Black,<=5s vs 10-15s,1439
waU5Xhjm,104,0-1,Black,<=5s vs 10-15s,2280
BM0s3y6M,110,1-0,Black,<=5s vs <=5s,2514
6IPVgQ2k,84,0-1,Black,<=5s vs 15-20s,2530
xVsy2Ek1,45,1-0,White,<=5s vs 10-15s,1274
2EwYXUBH,68,0-1,Black,<=5s vs 15-20s,1340
FvhQDrLm,85,1/2-1/2,White,<=5s vs 5-10s,1726
l7QrT8wm,72,0-1,Black,<=5s vs <=5s,1619
Zuh2q52S,114,0-1,Black,<=5s vs 10-15s,2259
kLNHFnhR,100,0-1,Black,<=5s vs 10-15s,2542
MXo6z2rF,85,0-1,White,<=5s vs <=5s,2168
vH3PKurr,145,1/2-1/2,White,<=5s vs 5-10s,2297
iPJGqJSd,77,1-0,White,<=5s vs <=5s,2198
J5BBJ4Zf,56,1-0,Black,<=5s vs <=5s,1524
QxL36KZO,81,0-1,White,<=5s vs 5-10s,1324
QzDt7mh2,86,0-1,Black,<=5s vs 5-10s,2123
fWkToSvA,67,1-0,White,<=5s vs 5-10s,1440
rY35auMm,71,1-0,White,<=5s vs <=5s,1434
9P73VniU,61,1-0,White,<=5s vs 15-20s,2215
ltCEKzX8,71,1-0,White,<=5s vs 5-10s,1607
j1nrqXrx,61,1-0,White,<=5s vs 5-10s,1783
0RsmJ2ZV,38,0-1,Black,<=5s vs 15-20s,919
H1xcINA7,49,1-0,White,<=5s vs 10-15s,921
Wm366iYg,42,0-1,Black,<=5s vs 5-10s,1265
ZvMCi5s0,137,1/2-1/2,White,<=5s vs 15-20s,2444
D2vYh4Hf,77,1-0,White,<=5s vs 5-10s,2624
DudB6cnb,124,0-1,Black,<=5s vs 10-15s,2750
PrT6fbJg,68,0-1,Black,<=5s vs 15-20s,2008
gUPi3pXJ,106,0-1,Black,<=5s vs 15-20s,2469
fBG4IkLG,58,0-1,Black,<=5s vs <=5s,1104
L0HpUyvP,59,1-0,White,<=5s vs 10-15s,1853
hi15NUzG,62,0-1,Black,<=5s vs <=5s,1182
YKB3UO9F,74,0-1,Black,<=5s vs 15-20s,1486
vkKReCZ3,48,0-1,Black,<=5s vs 15-20s,1449
yIry0wBl,91,1-0,White,<=5s vs 15-20s,2503
n3fxBi4N,74,1-0,Black,<=5s vs 10-15s,2484
rOq8wMau,45,1-0,White,<=5s vs 15-20s,1445
XKJIr0mU,115,1-0,White,<=5s vs 15-20s,1945
54kfbUul,70,0-1,Black,<=5s vs 10-15s,2869
ZoN5tmI5,108,1/2-1/2,Black,<=5s vs <=5s,1864
wrmQpBNI,97,0-1,White,<=5s vs 5-10s,2290
QYcS28JN,90,1/2-1/2,Black,<=5s vs 15-20s,1880
Hp8IG9da,55,1-0,White,<=5s vs 5-10s,1268
50PxPbuV,123,1-0,White,<=5s vs 5-10s,2609
cEqUiemv,86,1/2-1/2,Black,<=5s vs 10-15s,2642
gtD2NQjX,61,1-0,White,<=5s vs 10-15s,2045
0pxAgq1b,61,1-0,White,<=5s vs 15-20s,2007
dSGvXYa1,105,1/2-1/2,White,<=5s vs 15-20s,1213
IbZpEc8g,69,1-0,White,<=5s vs 15-20s,1981
dD6MGPir,51,1-0,White,<=5s vs <=5s,1248
FdS5BbdO,83,1-0,White,<=5s vs 5-10s,1689
nFi5Xvjs,57,1-0,White,<=5s vs 15-20s,1469
nKj1rPmT,72,0-1,Black,<=5s vs 5-10s,1802
3aAk3m1h,59,1-0,White,<=5s vs 10-15s,1227
lwNcIZXZ,91,0-1,White,<=5s vs 10-15s,1811
r9iuYw6K,96,0-1,Black,<=5s vs 15-20s,1894
3bLFmj7X,52,0-1,Black,<=5s vs 15-20s,667
MaxDKlSF,83,0-1,White,<=5s vs <=5s,1661
Hm76tIbL,86,1-0,Black,<=5s vs <=5s,1717
HCNk17Lr,89,1-0,White,<=5s vs 10-15s,2491
bByb5TcO,93,1-0,White,<=5s vs 5-10s,1971
1phgLFmJ,39,1-0,White,<=5s vs 10-15s,860
HsTlDpBg,52,0-1,Black,<=5s vs 10-15s,1370
74VDTKH2,64,0-1,Black,<=5s vs 5-10s,1824
AoqgLo5a,87,1/2-1/2,White,<=5s vs 10-15s,1932
CPrCvBfQ,107,1-0,White,<=5s vs 10-15s,1748
jSfWNVqa,57,1-0,White,<=5s vs 10-15s,1834
nOdl19GC,119,0-1,White,<=5s vs <=5s,2877
772pYaGv,35,1-0,White,<=5s vs 10-15s,1033
ehb1yN0s,43,1-0,White,<=5s vs 15-20s,1120
VlDYG7D8,40,1-0,Black,<=5s vs <=5s,1081
DTsWdB77,49,1-0,White,<=5s vs 15-20s,1486
nE1HiDRw,83,1/2-1/2,White,<=5s vs 5-10s,2105
R65hMHFL,57,1-0,White,<=5s vs 15-20s,2309
skp5KkEj,102,0-1,Black,<=5s vs 5-10s,2808
1Itkstw4,89,1-0,White,<=5s vs 15-20s,2149
N2PkkIpn,62,0-1,Black,<=5s vs 5-10s,1978
CotiCidF,64,0-1,Black,<=5s vs 10-15s,2087
isfX8KXm,63,1-0,White,<=5s vs 10-15s,1998
BO4pm63P,97,1-0,White,<=5s vs 10-15s,1917
VhPRffI8,52,1-0,Black,<=5s vs 5-10s,1184
7wezL3lZ,65,1-0,White,<=5s vs 5-10s,2013
qoa0p2Ed,112,0-1,Black,<=5s vs 10-15s,2292
pqZedX0y,61,1-0,White,<=5s vs 10-15s,2206
z9wkF7K9,93,1/2-1/2,White,<=5s vs <=5s,1160
QauIK06F,92,0-1,Black,<=5s vs 10-15s,2125
D0K5sbn1,80,1-0,Black,<=5s vs <=5s,1504
GnqT9TWx,84,1-0,Black,<=5s vs 5-10s,1500
nE5m0viM,39,1-0,White,<=5s vs 10-15s,1148
X72vdvJB,110,0-1,Black,<=5s vs <=5s,2364
Vq2MSCKF,63,1-0,White,<=5s vs 15-20s,1520
CTepJXD9,69,1-0,White,<=5s vs 10-15s,2556
Ktkryrqu,56,0-1,Black,<=5s vs 15-20s,1376
z4nKmSrx,92,0-1,Black,<=5s vs 10-15s,2708
B77oEA8n,105,0-1,White,<=5s vs 10-15s,2387
uyWGQJlJ,114,1/2-1/2,Black,<=5s vs 5-10s,2036
7PAHp4Sq,87,1-0,White,<=5s vs 15-20s,1774
JfRHCPgp,90,1/2-1/2,Black,<=5s vs 5-10s,2429
7O847JCf,90,1-0,Black,<=5s vs <=5s,2501
KmJCg8c2,60,0-1,Black,<=5s vs 15-20s,1822
Kk2Cxihe,111,1/2-1/2,White,<=5s vs <=5s,2203
c4zlHQIS,59,1-0,White,<=5s vs 10-15s,2515
WuAYcRVp,62,1-0,Black,<=5s vs 5-10s,1664
yZT3hakM,93,1-0,White,<=5s vs 5-10s,1972
isNZymMj,75,1-0,White,<=5s vs 15-20s,1796
5BSJAo2a,53,1-0,White,<=5s vs 10-15s,1148
JIxoQp2t,49,1-0,White,<=5s vs 15-20s,1563
apEijBrf,63,1-0,White,<=5s vs 5-10s,1718
LRoXrFG8,71,1-0,White,<=5s vs 10-15s,2410
jX9uQo7H,114,1/2-1/2,Black,<=5s vs 5-10s,1320
UHLbIY9D,56,0-1,Black,<=5s vs 5-10s,1257
ijF1c6dJ,74,0-1,Black,<=5s vs 5-10s,2390
wtmeTEMp,67,1-0,White,<=5s vs 10-15s,1483
2j18Cxpr,89,1-0,White,<=5s vs 15-20s,2379
3nWxlVeP,98,0-1,Black,<=5s vs 10-15s,1926
nP4UvJfk,69,1-0,White,<=5s vs <=5s,1380
etjDtPZF,68,0-1,Black,<=5s vs 10-15s,1490
H6YTLF90,59,1-0,White,<=5s vs 10-15s,1529
6lExZ7yW,52,0-1,Black,<=5s vs 5-10s,1204
6yp7Cb43,104,1/2-1/2,Black,<=5s vs 15-20s,1817
acz2eOEB,98,0-1,Black,<=5s vs 5-10s,2181
kbs1EbrU,100,0-1,Black,<=5s vs 5-10s,2515
It3D2DWd,51,1-0,White,<=5s vs 15-20s,1213
nwADtQby,46,0-1,Black,<=5s vs 5-10s,1249
AW88e8bB,66,0-1,Black,<=5s vs <=5s,2640
Om6FtVfg,78,0-1,Black,<=5s vs 10-15s,1903
i5ZwGPkT,76,1-0,Black,<=5s vs 5-10s,2511
SpaahQGK,79,1-0,White,<=5s vs 5-10s,2215
dGQEawpG,80,0-1,Black,<=5s vs 10-15s,2578
lWt2gDHK,94,0-1,Black,<=5s vs 10-15s,1993
lA5hIUp6,87,1-0,White,<=5s vs <=5s,2154
Xhnh8SwR,105,0-1,White,<=5s vs <=5s,2367
wDuzqW3k,39,1-0,White,<=5s vs 15-20s,909
JyiXBpuz,88,0-1,Black,<=5s vs 10-15s,1894
IrXoadTP,50,1-0,Black,<=5s vs 5-10s,1649
1qrcHqFt,126,0-1,Black,<=5s vs <=5s,1999
4EhjnnXd,55,1-0,White,<=5s vs 10-15s,1223
8nbxB25V,51,1-0,White,<=5s vs 5-10s,1196
LaRSi1sp,67,1-0,White,<=5s vs 15-20s,1651
ZV4cRepb,65,1-0,White,<=5s vs 10-15s,1951
fHqmB39G,58,0-1,Black,<=5s vs 15-20s,1468
Z4Zv7Gwv,87,1-0,White,<=5s vs 5-10s,1541
CleNdxNw,98,0-1,Black,<=5s vs 5-10s,2409
fbYAHpeF,152,1/2-1/2,Black,<=5s vs 5-10s,2683
zmc8LXlv,50,0-1,Black,<=5s vs 5-10s,1255
RHOCombf,75,0-1,White,<=5s vs 10-15s,1234
dDAxl30m,75,1-0,White,<=5s vs 15-20s,2110
WeGY9TA2,65,0-1,White,<=5s vs 10-15s,1518
bxtWnXIX,75,1-0,White,<=5s vs 15-20s,2164
wAVFhFjv,52,0-1,Black,<=5s vs 5-10s,1579
acS8NKIb,63,1-0,White,<=5s vs 5-10s,1202
jjoWeGhM,84,1-0,Black,<=5s vs <=5s,1409
6tXoVGDu,54,0-1,Black,<=5s vs 5-10s,2115
Xca60SAJ,34,0-1,Black,<=5s vs 10-15s,1014
JDSIE3jT,71,0-1,White,<=5s vs 5-10s,2580
DM4jPeTh,54,0-1,Black,<=5s vs 15-20s,1385
sq4SYFvX,128,1/2-1/2,Black,<=5s vs 15-20s,2417
3EEeaBl7,60,0-1,Black,<=5s vs 5-10s,1279
9PlZ6Nwc,56,0-1,Black,<=5s vs 15-20s,1648
SAqRDKlu,69,1-0,White,<=5s vs <=5s,1456
a94fRZQN,52,0-1,Black,<=5s vs 15-20s,2298
7AV6lOBR,52,0-1,Black,<=5s vs 15-20s,1015
IeBJVl4V,52,0-1,Black,<=5s vs 5-10s,1094
KMtzB08X,41,1-0,White,<=5s vs 10-15s,1114
l3MzfUaY,104,1-0,Black,<=5s vs 5-10s,1865
Oqa07Yo4,94,0-1,Black,<=5s vs 10-15s,1845
tSQMO1hI,86,0-1,Black,<=5s vs <=5s,2058
Mx8JdxUm,80,0-1,Black,<=5s vs 5-10s,986
uxCkxgd6,79,1-0,White,<=5s vs 5-10s,1711
7BVbAMPI,57,1-0,White,<=5s vs 15-20s,1583
4MnVw5EW,39,1-0,White,<=5s vs 15-20s,1505
JgW56uhm,52,0-1,Black,<=5s vs 5-10s,1639
uJAek8Yj,135,1-0,White,<=5s vs 10-15s,1902
CndoBifM,142,0-1,Black,<=5s vs 5-10s,1632
EMAYUZZT,59,1-0,White,<=5s vs 10-15s,1649
WBrrXMig,56,0-1,Black,<=5s vs <=5s,1224
q52Ljjhf,72,1-0,Black,<=5s vs <=5s,1574
ss2Dy010,101,0-1,White,<=5s vs 5-10s,2030
IQkaOhYy,76,0-1,Black,<=5s vs <=5s,1765
uUoYgokQ,55,1-0,White,<=5s vs 10-15s,2385
baZbFDTX,76,0-1,Black,<=5s vs 10-15s,2459
vp9YBdYr,97,1-0,White,<=5s vs 10-15s,2411
Gcy2VABq,99,1-0,White,<=5s vs 5-10s,2216
H5YFBfZf,53,1-0,White,<=5s vs 5-10s,1335
iGDp4MxC,84,0-1,Black,<=5s vs 10-15s,1765
kd78OY40,77,1-0,White,<=5s vs 5-10s,2392
536LcBgv,61,1-0,White,<=5s vs 15-20s,1360
HK5wZy84,69,1-0,White,<=5s vs 15-20s,1766
J53ivaak,65,0-1,White,<=5s vs <=5s,1185
Ojmakx3Q,136,1/2-1/2,Black,<=5s vs <=5s,2410
ocVgdUfb,72,0-1,Black,<=5s vs 10-15s,1849
n80BzSHe,87,1-0,White,<=5s vs <=5s,1828
pb4FNReu,52,0-1,Black,<=5s vs 15-20s,1492
tt5BXUpQ,71,1-0,White,<=5s vs 10-15s,1672
MA9BIL7G,130,0-1,Black,<=5s vs 15-20s,2486
MdsJxprb,75,0-1,White,<=5s vs 5-10s,2366
netcj3Fg,65,0-1,White,<=5s vs <=5s,2232
SDKLJGt7,42,0-1,Black,<=5s vs 10-15s,1399
BZOr8Iv8,118,0-1,Black,<=5s vs 15-20s,2211
8aNAm58i,41,1-0,White,<=5s vs 5-10s,954
sbvjIuGo,84,0-1,Black,<=5s vs 5-10s,2232
Nni26x5x,142,1/2-1/2,Black,<=5s vs <=5s,2387
funETWJV,70,0-1,Black,<=5s vs 5-10s,1649
eC3zwrqD,72,0-1,Black,<=5s vs 10-15s,1772
TXc2GE7d,70,0-1,Black,<=5s vs 15-20s,2427
QH8eEE8X,68,1-0,Black,<=5s vs <=5s,1957
NClXFl9l,80,1-0,Black,<=5s vs <=5s,1562
YykfWYaU,56,0-1,Black,<=5s vs 15-20s,1776
tFiarT5w,44,0-1,Black,<=5s vs 15-20s,1201
qppt1tF2,62,0-1,Black,<=5s vs 10-15s,1552
3BzwuE6V,56,0-1,Black,<=5s vs 5-10s,1901
yBOPnrdM,43,1-0,White,<=5s vs 10-15s,790
St8PweXu,83,1-0,White,<=5s vs 10-15s,1558
B4mH4chF,66,0-1,Black,<=5s vs 15-20s,922
5L9VtQRo,101,1/2-1/2,White,<=5s vs <=5s,2438
EVivWwdO,118,0-1,Black,<=5s vs 5-10s,2102
FIhPwcg8,87,1-0,White,<=5s vs 5-10s,1751
zNB3SMf0,62,1-0,Black,<=5s vs <=5s,2379
QJ5kVUjJ,35,1-0,White,<=5s vs 5-10s,1268
xCkkpES7,74,0-1,Black,<=5s vs <=5s,1229
9kKC8f11,82,1-0,Black,<=5s vs 5-10s,1938
ptY0yYnG,82,0-1,Black,<=5s vs 15-20s,2055
UOIdcWR9,65,1-0,White,<=5s vs 15-20s,1547
tmZApa0O,74,0-1,Black,<=5s vs 10-15s,1382
hiwWHzSY,80,0-1,Black,<=5s vs 10-15s,2178
xtw6yALQ,72,1-0,Black,<=5s vs 5-10s,1746
RsG7MNfL,61,1-0,White,<=5s vs 10-15s,1389
GsT3ecMz,67,1-0,White,<=5s vs 15-20s,1715
oXJg5y7h,109,1/2-1/2,White,<=5s vs 10-15s,2316
tyCG3R1w,114,0-1,Black,<=5s vs 10-15s,1975
H9MtelYe,77,1-0,White,<=5s vs 10-15s,2082
E7i5pogl,78,0-1,Black,<=5s vs 15-20s,2320
mAJcDLkf,88,0-1,Black,<=5s vs 10-15s,2038
wOG0Z5tS,61,1-0,White,<=5s vs 15-20s,1678
PZfIODZM,37,1-0,White,<=5s vs 15-20s,983
nA2E5vcp,59,1-0,White,<=5s vs 15-20s,1490
i3EoahTc,55,0-1,White,<=5s vs 10-15s,1885
7T5hstwY,155,0-1,White,<=5s vs 15-20s,2642
9zIItdRy,106,0-1,Black,<=5s vs 15-20s,1917
DTEeCNeu,51,1-0,White,<=5s vs 15-20s,1563
mppZYYjA,79,0-1,White,<=5s vs 5-10s,1759
XRyBULPf,70,0-1,Black,<=5s vs 10-15s,1770
njBN2Kzh,65,1-0,White,<=5s vs 5-10s,2038
b5nEHp7l,62,0-1,Black,<=5s vs 5-10s,1834
gxxY2CN3,83,1-0,White,<=5s vs 5-10s,2359
9tAaWbB7,75,0-1,White,<=5s vs <=5s,1791
qJoHzkjd,73,0-1,White,<=5s vs 5-10s,1700
ZjcsF0oz,41,1-0,White,<=5s vs 10-15s,1402
k686zklP,68,0-1,Black,<=5s vs 10-15s,1975
PeJuU3qA,55,0-1,White,<=5s vs <=5s,1586
pvPvPxfu,42,0-1,Black,<=5s vs 15-20s,835
KCwhEJv9,99,1-0,White,<=5s vs 5-10s,2433
5nDszQay,84,1-0,Black,<=5s vs 5-10s,1771
Pod18kZv,98,0-1,Black,<=5s vs 10-15s,2542
Qqft85LF,47,1-0,White,<=5s vs 5-10s,923
bhdqul8P,58,0-1,Black,<=5s vs 10-15s,1475
sD2F9S4g,45,1-0,White,<=5s vs 10-15s,981
bm34FjA4,63,1-0,White,<=5s vs 15-20s,1543
tmjILS3y,83,1-0,White,<=5s vs 5-10s,1969
hX03OYjI,64,0-1,Black,<=5s vs 5-10s,1048
lV680tlp,59,1-0,White,<=5s vs 10-15s,1569
bkHdLc77,91,1-0,White,<=5s vs 5-10s,2589
4UeGJZTo,50,0-1,Black,<=5s vs 15-20s,1619
Shbfw9t2,84,1-0,Black,<=5s vs <=5s,1895
GManwJ3T,67,1-0,White,<=5s vs 5-10s,1143
vlWpHBRz,102,0-1,Black,<=5s vs 5-10s,2071
Z2CNMmHC,61,1-0,White,<=5s vs 15-20s,1918
wevApTNP,67,1-0,White,<=5s vs 10-15s,2300
OOFEVuBM,56,0-1,Black,<=5s vs 10-15s,1191
tSPGFeZL,59,1-0,White,<=5s vs 15-20s,2214
rbifmvfx,120,0-1,Black,<=5s vs 15-20s,2340
OmZS2z2s,61,1-0,White,<=5s vs 10-15s,850
qHYMoJLv,103,1-0,White,<=5s vs 10-15s,2704
xokVUWAs,52,0-1,Black,<=5s vs 15-20s,1565
8HZCXCoy,61,0-1,White,<=5s vs 5-10s,1312
wmj7ubsb,73,0-1,White,<=5s vs 5-10s,2397
djjBQfj0,69,1-0,White,<=5s vs 5-10s,2050
Vp6OZ1Vi,66,0-1,Black,<=5s vs 10-15s,1727
it59Zm0e,88,0-1,Black,<=5s vs 15-20s,2418
SQQAchAX,35,1-0,White,<=5s vs 15-20s,921
7rT9u5Uc,87,1-0,White,<=5s vs 15-20s,2314
8NmFYaeT,56,0-1,Black,<=5s vs 5-10s,1294
KbRMifIb,34,0-1,Black,<=5s vs 5-10s,1932
Fpmf74HR,96,1-0,Black,<=5s vs 10-15s,2305
77UsZqij,64,0-1,Black,<=5s vs 5-10s,1508
CZ6V4FQb,84,0-1,Black,<=5s vs 15-20s,1778
NjcK2rI2,69,0-1,White,<=5s vs <=5s,3026
xtc6KlCn,55,1-0,White,<=5s vs 15-20s,1685
ElFx9OhP,134,1/2-1/2,Black,<=5s vs 5-10s,2515
9s8uiILe,113,1-0,White,<=5s vs 5-10s,2654
sE92np9L,167,1/2-1/2,White,<=5s vs 5-10s,1842
fj5Ir4Ic,78,1-0,Black,<=5s vs 5-10s,2022
M7ZNwtAL,53,1-0,White,<=5s vs 10-15s,1500
lqlnk9wH,71,1-0,White,<=5s vs 10-15s,1690
IDAlyvIx,45,1-0,White,<=5s vs 15-20s,880
hsPCv5Ij,47,1-0,White,<=5s vs 15-20s,898
7vOnDTlx,91,1-0,White,<=5s vs 15-20s,2055
ProxnoLZ,75,1/2-1/2,White,<=5s vs 10-15s,2500
kb8YTRHf,68,0-1,Black,<=5s vs 5-10s,2013
gV8Q8QDz,127,1-0,White,<=5s vs 10-15s,2212
ESBSJFXA,58,0-1,Black,<=5s vs <=5s,1467
b7oyOTTx,64,0-1,Black,<=5s vs 5-10s,1307
StbvjyJF,82,1-0,Black,<=5s vs <=5s,1975
bPnpfuLM,50,1-0,Black,<=5s vs 5-10s,1398
bN2C7SCg,122,0-1,Black,<=5s vs 5-10s,1693
MwQ3mzxr,81,0-1,White,<=5s vs 10-15s,1875
UFZbBwcP,85,1-0,White,<=5s vs 5-10s,2229
uRX56K4U,52,0-1,Black,<=5s vs 15-20s,1627
f4LY7ns0,87,1-0,White,<=5s vs 10-15s,1838
bF3Q30F3,83,1-0,White,<=5s vs 10-15s,2451
La2UEcP1,99,1-0,White,<=5s vs 10-15s,2269
cfkW9yNI,82,1-0,Black,<=5s vs <=5s,1089
w2ipLbwb,65,1-0,White,<=5s vs 10-15s,1965
8gDUsPxx,58,0-1,Black,<=5s vs 5-10s,1925
8z3pzh8F,83,0-1,White,<=5s vs <=5s,2237
a9Mox9Fl,85,1/2-1/2,White,<=5s vs 10-15s,1382
lar0sak3,79,1-0,White,<=5s vs 5-10s,1834
RAQBwqL1,78,0-1,Black,<=5s vs <=5s,2300
D7D7TZq0,119,1-0,White,<=5s vs 15-20s,1977
1y5vq9sB,47,1-0,White,<=5s vs 15-20s,1901
bjBMtRaK,106,0-1,Black,<=5s vs 5-10s,2021
CUA5FPhZ,66,0-1,Black,<=5s vs 15-20s,1377
EWTEULa1,52,0-1,Black,<=5s vs <=5s,1899
iyHrNxx4,61,1-0,White,<=5s vs 10-15s,1439
Fd6XWful,74,1-0,Black,<=5s vs 5-10s,1308
nVp8KazW,76,0-1,Black,<=5s vs 10-15s,1450
nBHrN4CC,91,0-1,White,<=5s vs 5-10s,2031
NVFRmqSW,66,0-1,Black,<=5s vs 5-10s,1592
iw1lJ64i,97,1-0,White,<=5s vs 15-20s,1601
Qiv6K7hV,66,1-0,Black,<=5s vs <=5s,962
WmJl0MG7,71,1-0,White,<=5s vs 5-10s,1193
T7g8MINM,65,1-0,White,<=5s vs 5-10s,1713
d4YLtdgO,55,1-0,White,<=5s vs 15-20s,1524
IGUhKA9E,67,0-1,White,<=5s vs 5-10s,1576
ia3GKu0H,60,0-1,Black,<=5s vs 10-15s,1776
E7TnJsd6,105,1-0,White,<=5s vs 15-20s,1897
1q32C38y,53,1-0,White,<=5s vs 15-20s,1688
LzmLlZKH,60,1-0,Black,<=5s vs <=5s,2246
XI54QBZQ,79,1-0,White,<=5s vs 5-10s,2481
6NL3E8Wo,67,1-0,White,<=5s vs 15-20s,1909
cAek6Ev0,71,1-0,White,<=5s vs 15-20s,2071
b0iPGWpu,55,1-0,White,<=5s vs 5-10s,1988
MAFHrXLS,88,1/2-1/2,Black,<=5s vs 5-10s,1838
VotFBzda,57,1-0,White,<=5s vs 15-20s,1379
iMc0wywo,77,1-0,White,<=5s vs 10-15s,2065
8HB7xdW2,119,1-0,White,<=5s vs 5-10s,2017
tdCmhti9,95,0-1,White,<=5s vs 5-10s,2184
5xS5DMtC,95,0-1,White,<=5s vs 15-20s,2275
Q4p51FV3,73,1-0,White,<=5s vs 10-15s,1803
1GnKs7N9,114,1/2-1/2,Black,<=5s vs 10-15s,2949
w7ieApea,77,1-0,White,<=5s vs 5-10s,1372
6tqt5gSM,56,0-1,Black,<=5s vs 10-15s,1821
poNDFi9a,50,0-1,Black,<=5s vs 15-20s,1633
nzO1USfc,130,0-1,Black,<=5s vs <=5s,1898
NOVrXo3c,55,1-0,White,<=5s vs 10-15s,1329
KBP1INg9,75,1-0,White,<=5s vs 15-20s,2744
SRN1lDv5,71,1-0,White,<=5s vs 15-20s,2170
IS0Mxx26,74,0-1,Black,<=5s vs 10-15s,1419
9KM6fOjx,53,0-1,White,<=5s vs 10-15s,1232
NL0p0L4M,61,1-0,White,<=5s vs 15-20s,1913
9sCigl9m,62,0-1,Black,<=5s vs 5-10s,1386
52NEvvgd,97,1-0,White,<=5s vs 5-10s,2041
ybgR4HIv,56,0-1,Black,<=5s vs 15-20s,1454
uAddQoHg,64,0-1,Black,<=5s vs 15-20s,1337
jiv4U9xz,67,1-0,White,<=5s vs 5-10s,1846
AOmLiaF6,70,1-0,Black,<=5s vs 5-10s,2310
RFowYxIL,60,0-1,Black,<=5s vs <=5s,1285
Zw9Poo1d,51,1-0,White,<=5s vs 15-20s,1350
UgpMbQ5p,98,1-0,Black,<=5s vs 5-10s,2579
HLc9Am25,133,0-1,White,<=5s vs 5-10s,2606
03VJFwer,52,1-0,Black,<=5s vs 10-15s,1915
3gnjfvUk,64,0-1,Black,<=5s vs 5-10s,1232
NCdIGCWQ,61,1-0,White,<=5s vs 10-15s,1240
JCJRYOr8,49,0-1,White,<=5s vs 10-15s,1636
aVTDESHU,45,1-0,White,<=5s vs 5-10s,1060
r9q2AwU6,85,0-1,White,<=5s vs 15-20s,1274
t7A2tH3G,121,0-1,White,<=5s vs 10-15s,2280
hGmFnssr,95,1-0,White,<=5s vs 15-20s,1693
0IFB5qde,89,1/2-1/2,White,<=5s vs 5-10s,1998
sxr3OQl8,71,1-0,White,<=5s vs 5-10s,1070
k3uqqhJ8,62,0-1,Black,<=5s vs 15-20s,1229
URm16NKN,52,0-1,Black,<=5s vs 10-15s,1988
Ckyl26wn,58,0-1,Black,<=5s vs 15-20s,1705
d3huOtGE,65,1-0,White,<=5s vs 15-20s,1603
p8DagHhD,59,1-0,White,<=5s vs 5-10s,1583
8xfD0PqY,56,0-1,Black,<=5s vs <=5s,1650
ffZ4KRPp,85,1-0,White,<=5s vs 15-20s,1617
JuobDtrA,85,1-0,White,<=5s vs 5-10s,1450
ePJe4v5p,57,1-0,White,<=5s vs 5-10s,1158
vS95vgFR,128,0-1,Black,<=5s vs <=5s,1608
SIR4YPsr,117,1/2-1/2,White,<=5s vs <=5s,2098
956VcFJE,112,0-1,Black,<=5s vs 15-20s,2474
VXGUnfHr,85,1-0,White,<=5s vs 5-10s,2283
OSU5PLXc,58,1-0,Black,<=5s vs <=5s,1700
luuXWtmh,46,0-1,Black,<=5s vs 15-20s,1404
hJXUmjU4,102,0-1,Black,<=5s vs 15-20s,2563
RBLvbY97,53,0-1,White,<=5s vs 10-15s,1179
NItMThXs,63,1-0,White,<=5s vs <=5s,1265
uw06Cs9k,67,1-0,White,<=5s vs 5-10s,2039
AE7IeJCr,73,1-0,White,<=5s vs 5-10s,1835
F7A6GCMz,61,1-0,White,<=5s vs 15-20s,1486
8YK6tq7m,85,0-1,White,<=5s vs <=5s,1544
aiK97ezT,139,1-0,White,<=5s vs 10-15s,1601
ErgxHtnU,59,0-1,White,<=5s vs 5-10s,988
T7hDDJpN,80,0-1,Black,<=5s vs 5-10s,2337
e8iJf9id,64,1-0,Black,<=5s vs <=5s,1318
ZQWeXw7U,82,1-0,Black,<=5s vs 15-20s,2299
B9bIaVOe,58,1/2-1/2,Black,<=5s vs 10-15s,2179
It5nPorD,77,1-0,White,<=5s vs 15-20s,1865
1yMgrGqO,59,1-0,White,<=5s vs 15-20s,2165
hISZ6KF4,45,1-0,White,<=5s vs 10-15s,1239
mYrL0roq,69,1-0,White,<=5s vs 10-15s,2254
Ec6JuHFT,80,0-1,Black,<=5s vs 5-10s,2411
qOSGtwnF,51,1-0,White,<=5s vs 15-20s,1285
IiARjEzo,61,0-1,White,<=5s vs 5-10s,1497
JUIHYGYK,54,0-1,Black,<=5s vs 5-10s,2130
x19ICyAu,85,1-0,White,<=5s vs 15-20s,2421
9EfYOaCc,77,1-0,White,<=5s vs 5-10s,2074
R1zVeUdK,67,1-0,White,<=5s vs 15-20s,1757
EO5aOMjQ,60,0-1,Black,<=5s vs 10-15s,1899
ueolchFK,62,0-1,Black,<=5s vs 15-20s,2236
EBIXkoiW,61,1-0,White,<=5s vs 10-15s,1258
DJgmAiyd,76,0-1,Black,<=5s vs 5-10s,1655
cJWwHlIV,118,0-1,Black,<=5s vs 5-10s,1985
Pas2Dzbf,83,1-0,White,<=5s vs 5-10s,1424
O8KKcVFd,71,0-1,White,<=5s vs 5-10s,1583
VWbNzcEv,66,0-1,Black,<=5s vs 5-10s,1483
W8IG9x5I,76,0-1,Black,<=5s vs 15-20s,1590
7G3IfqQU,50,0-1,Black,<=5s vs 15-20s,2008
UeneKv3I,52,0-1,Black,<=5s vs 5-10s,1070
eqlw6vjE,71,1-0,White,<=5s vs 15-20s,1902
B2zpVH2k,39,1-0,White,<=5s vs 15-20s,1308
1UqrPNoA,96,1-0,Black,<=5s vs 5-10s,2576
xYzWp5RY,51,1-0,White,<=5s vs 10-15s,1172
L2jDLZQW,54,0-1,Black,<=5s vs 15-20s,1236
ZykcarOj,50,0-1,Black,<=5s vs 15-20s,1363
Zs5l10PK,59,1-0,White,<=5s vs 15-20s,1737
9SoLZaTp,60,0-1,Black,<=5s vs 5-10s,1289
zLdc7YGz,57,1-0,White,<=5s vs 5-10s,1401
8v7ywfFA,50,0-1,Black,<=5s vs 15-20s,1656
kYzm9vkB,53,0-1,White,<=5s vs 5-10s,1486
ko4oygzl,73,0-1,White,<=5s vs 15-20s,1819
OcQbosuQ,55,0-1,White,<=5s vs 5-10s,1135
EWk5PipI,80,0-1,Black,<=5s vs 15-20s,1577
6Px0QFx2,59,1-0,White,<=5s vs 10-15s,2109
Dx2emTua,60,1-0,Black,<=5s vs <=5s,1026
5bAKhm6o,72,0-1,Black,<=5s vs 5-10s,2297
2wBcWlAV,62,0-1,Black,<=5s vs 5-10s,1942
we1xAIhc,41,1-0,White,<=5s vs 15-20s,1202
M0tACdai,51,1-0,White,<=5s vs 10-15s,1118
dSEXgFU5,68,0-1,Black,<=5s vs 5-10s,1776
VV9JoE3C,52,0-1,Black,<=5s vs 10-15s,672
T4vzvS6p,87,1-0,White,<=5s vs 10-15s,1730
0j2Fa1Hk,90,1/2-1/2,Black,<=5s vs <=5s,2623
3QjHHeAK,83,0-1,White,<=5s vs 5-10s,819
6Ug4sroj,54,0-1,Black,<=5s vs 10-15s,955
M67n05Rz,90,1-0,Black,<=5s vs <=5s,2048
lUiR4aJs,122,0-1,Black,<=5s vs 5-10s,2341
i54fZykK,113,1-0,White,<=5s vs 10-15s,1402
Gh2yqKl0,77,1-0,White,<=5s vs <=5s,2162
wEutC9md,44,0-1,Black,<=5s vs 15-20s,1328
8t8bFueO,91,1-0,White,<=5s vs 5-10s,2025
z2pEDh30,90,0-1,Black,<=5s vs <=5s,1532
pMG1URUo,103,0-1,White,<=5s vs <=5s,1874
lUI6LbLz,70,1-0,Black,<=5s vs 5-10s,849
3U5R2Ely,51,0-1,White,<=5s vs 10-15s,1519
BWqHvSAo,65,1-0,White,<=5s vs 15-20s,2298
atvb88To,106,0-1,Black,<=5s vs <=5s,2332
k6TFLlZg,100,1/2-1/2,Black,<=5s vs 15-20s,2104
ZzdWGHa7,69,1-0,White,<=5s vs 10-15s,2102
JVGw3pNQ,125,1/2-1/2,White,<=5s vs 5-10s,2370
DkEkpSgX,47,1-0,White,<=5s vs 15-20s,2043
SQGA2N0O,111,1-0,White,<=5s vs 10-15s,2684
9ctQoP7F,74,0-1,Black,<=5s vs 5-10s,2603
VYE7YKF4,56,0-1,Black,<=5s vs 15-20s,900
fxLnlRnD,80,0-1,Black,<=5s vs 15-20s,2406
LFTLRrB6,57,1-0,White,<=5s vs 15-20s,2266
b4xuIwCl,54,0-1,Black,<=5s vs 15-20s,2605
Ifzxp6B5,50,0-1,Black,<=5s vs 5-10s,1152
VOWjjcRQ,71,0-1,White,<=5s vs 5-10s,1411
RedQXeRP,54,0-1,Black,<=5s vs 5-10s,1347
cBO0YXng,58,0-1,Black,<=5s vs 10-15s,1524
pHlK24eJ,85,0-1,White,<=5s vs <=5s,1987
ylklT8fI,70,1-0,Black,<=5s vs 10-15s,1812
26FE44WB,61,0-1,White,<=5s vs 5-10s,1091
Q8tNJysn,48,1-0,Black,<=5s vs <=5s,888
uZYOnM9d,65,1-0,White,<=5s vs 5-10s,1518
YzQXi1mi,113,1/2-1/2,White,<=5s vs <=5s,1419
OcLQcE9j,53,0-1,White,<=5s vs 5-10s,1544
QOpaSWmd,125,1/2-1/2,White,<=5s vs <=5s,2064
0a2ZZ0lZ,62,0-1,Black,<=5s vs 5-10s,2077
nBukyNP1,66,0-1,Black,<=5s vs 5-10s,1705
FPFzoZMg,71,1-0,White,<=5s vs 10-15s,1973
r8wdvtLW,76,0-1,Black,<=5s vs 5-10s,1730
rHdmFyo0,54,0-1,Black,<=5s vs 15-20s,1656
raXrJViF,89,1-0,White,<=5s vs 5-10s,1822
Ehe4WVy0,82,1-0,Black,<=5s vs <=5s,1763
9DfU0EBW,163,1/2-1/2,White,<=5s vs 5-10s,2594
3SPhA4J2,78,0-1,Black,<=5s vs 5-10s,2107
FI0A5JZL,74,0-1,Black,<=5s vs 15-20s,2000
89juN1rh,77,1-0,White,<=5s vs <=5s,1987
3L8kNsDt,72,1-0,Black,<=5s vs 5-10s,1004
e93GISya,61,0-1,White,<=5s vs <=5s,1286
EJyvfFB7,91,1-0,White,<=5s vs 10-15s,1961
T0IAKY0s,63,1-0,White,<=5s vs 10-15s,2031
cV2AT0yz,79,1-0,White,<=5s vs 5-10s,1919
0GTmFOYe,56,0-1,Black,<=5s vs <=5s,1578
G8uwLUkb,73,1-0,White,<=5s vs 15-20s,2377
yk5nN2BZ,63,1-0,White,<=5s vs 5-10s,1105
lUx1lBzT,85,1-0,White,<=5s vs 10-15s,2268
DN2VvvlD,74,0-1,Black,<=5s vs 5-10s,2308
CIjvH09N,46,1-0,Black,<=5s vs <=5s,1136
ulcbSIES,91,1-0,White,<=5s vs <=5s,1218
76UDvyZL,60,0-1,Black,<=5s vs 5-10s,1370
D8e9QDmc,89,1-0,White,<=5s vs 5-10s,1540
Ipu1OcRi,44,0-1,Black,<=5s vs 15-20s,1440
XsqDUtDR,115,0-1,White,<=5s vs <=5s,2637
KxQsTtiv,72,0-1,Black,<=5s vs 5-10s,1489
RXIfR0ee,88,0-1,Black,<=5s vs <=5s,1918
79ihgUr8,89,0-1,White,<=5s vs 5-10s,2555
82MqjZF0,73,0-1,White,<=5s vs 10-15s,1953
FRw3I9PT,90,0-1,Black,<=5s vs 15-20s,2494
ZMfcoZL4,58,0-1,Black,<=5s vs <=5s,1530
AXboIJIa,72,0-1,Black,<=5s vs 15-20s,2034
6WtaLdCz,80,0-1,Black,<=5s vs 10-15s,2332
XiBttXbh,60,0-1,Black,<=5s vs 10-15s,1110
WC6SmdfS,55,1-0,White,<=5s vs 10-15s,988
eVSBtNK6,49,1-0,White,<=5s vs 5-10s,1315
nEmLd8o4,80,1-0,Black,<=5s vs 15-20s,1908
PtoVIeSs,88,0-1,Black,<=5s vs 5-10s,1621
sUTTJwxe,62,0-1,Black,<=5s vs <=5s,1663
MWudl3Yk,84,1/2-1/2,Black,<=5s vs 5-10s,1729
JxsuzBji,110,0-1,Black,<=5s vs 5-10s,2206
e2FAhL5t,100,0-1,Black,<=5s vs <=5s,1801
0KDTT3sf,70,0-1,Black,<=5s vs 10-15s,1730
Z8unhfOp,56,0-1,Black,<=5s vs 15-20s,1493
68xSFoFv,57,1-0,White,<=5s vs 15-20s,1397
lAZK3QAf,58,0-1,Black,<=5s vs 15-20s,1241
M353umfa,103,1-0,White,<=5s vs 15-20s,2431
6oP2rfCB,89,0-1,White,<=5s vs <=5s,1455
KgVmYZes,56,0-1,Black,<=5s vs 5-10s,1395
Wvkt74NO,83,1-0,White,<=5s vs 10-15s,1893
9lPDqxSF,102,0-1,Black,<=5s vs 15-20s,2402
mmyyK6yI,46,0-1,Black,<=5s vs 15-20s,1578
fae8WX9V,60,0-1,Black,<=5s vs 10-15s,2167
Sx8zLiR3,84,0-1,Black,<=5s vs 15-20s,1901
xn3RYj6D,130,0-1,Black,<=5s vs 5-10s,1975
sPX8wfgx,57,1-0,White,<=5s vs 15-20s,1493
BPedaE1u,89,1-0,White,<=5s vs 15-20s,2288
bDes9miM,63,1-0,White,<=5s vs 15-20s,1596
wTkV0sT2,68,0-1,Black,<=5s vs 10-15s,1991
uwmVlFMk,78,1-0,Black,<=5s vs <=5s,1598
qufGDOgo,63,0-1,White,<=5s vs 10-15s,2186
jl7fPdRe,64,0-1,Black,<=5s vs 5-10s,1108
Oblww3t1,83,1-0,White,<=5s vs 5-10s,2483
9Jgktye8,78,1/2-1/2,Black,<=5s vs 5-10s,1991
yc9eID5B,76,0-1,Black,<=5s vs <=5s,1769
Wi0jfQLt,124,1/2-1/2,Black,<=5s vs 5-10s,2774
CuUH26WK,58,0-1,Black,<=5s vs 10-15s,1640
dGJnS5to,105,1-0,White,<=5s vs 15-20s,2839
QHhmel7W,78,0-1,Black,<=5s vs 5-10s,1414
mQNFcMO4,84,0-1,Black,<=5s vs 10-15s,2451
2g0mSBC6,41,1-0,White,<=5s vs 15-20s,2058
8jp8XjrU,71,1-0,White,<=5s vs 15-20s,1433
vUXb8h1y,64,0-1,Black,<=5s vs <=5s,1306
HGeyFJHI,74,0-1,Black,<=5s vs 15-20s,1754
rIauHBRB,34,0-1,Black,<=5s vs 15-20s,1451
WscH5fY3,90,0-1,Black,<=5s vs 5-10s,2359
7uhnVoFb,77,1-0,White,<=5s vs 10-15s,1697
Cbt3eosH,48,0-1,Black,<=5s vs 10-15s,1170
LHNOOLag,80,0-1,Black,<=5s vs <=5s,1895
h0hNbr1M,76,1-0,Black,<=5s vs 10-15s,2143
KtrYNta8,78,0-1,Black,<=5s vs 15-20s,1741
CJb4B737,111,1-0,White,<=5s vs <=5s,1441
yAfKxjbJ,106,1-0,Black,<=5s vs 10-15s,2356
KO8rhliV,82,0-1,Black,<=5s vs <=5s,1698
lnJqucXk,72,0-1,Black,<=5s vs 5-10s,1761
xDk0lAgK,61,1-0,White,<=5s vs 15-20s,1500
6EMTjfgq,112,1/2-1/2,Black,<=5s vs 5-10s,2600
FQZeqIk3,76,0-1,Black,<=5s vs 15-20s,2036
oJT9ieBg,46,0-1,Black,<=5s vs 10-15s,800
UUWqltxq,112,0-1,Black,<=5s vs 5-10s,1969
iMD7JuNV,54,0-1,Black,<=5s vs 10-15s,1743
rSyBgQry,47,1-0,White,<=5s vs 5-10s,1947
Xk0AC1Im,47,1-0,White,<=5s vs 10-15s,1640
VMbUHBzj,141,1-0,White,<=5s vs 5-10s,1914
VKTynlhd,81,1-0,White,<=5s vs 15-20s,1729
u6zWDA79,58,0-1,Black,<=5s vs 15-20s,1271
2gW4NYX9,50,0-1,Black,<=5s vs 5-10s,1967
PEbwlZBH,56,0-1,Black,<=5s vs 5-10s,1483
tpdGQs7K,79,1-0,White,<=5s vs 10-15s,1630
rFeP1ONH,44,0-1,Black,<=5s vs 10-15s,1242
OV6BOTtM,42,0-1,Black,<=5s vs 15-20s,1130
l0cXUOoZ,46,0-1,Black,<=5s vs 15-20s,1175
yPM7LYSe,73,1-0,White,<=5s vs 10-15s,1691
TvtYgk2b,48,0-1,Black,<=5s vs 5-10s,1298
yfGLOKeu,43,1-0,White,<=5s vs 10-15s,1156
VhJcO6du,68,1-0,Black,<=5s vs <=5s,2519
CU4BoFLZ,58,0-1,Black,<=5s vs 15-20s,1658
8yzVIwjL,49,1-0,White,<=5s vs 15-20s,1330
uSwLUus6,94,0-1,Black,<=5s vs 15-20s,1170
PTu6iO5d,70,0-1,Black,<=5s vs 10-15s,1480
yfyolWwL,96,1/2-1/2,Black,<=5s vs 5-10s,2546
DiiAotfu,37,1-0,White,<=5s vs 15-20s,1134
jteAUljq,69,1-0,White,<=5s vs 10-15s,1607
FoudWeKY,51,1-0,White,<=5s vs 15-20s,1098
0w7oExdd,46,0-1,Black,<=5s vs 10-15s,1505
JM5ja3T2,92,0-1,Black,<=5s vs 5-10s,2311
VUVbB2TC,90,0-1,Black,<=5s vs 5-10s,1839
AtjWFsMn,54,0-1,Black,<=5s vs 5-10s,1470
RJ9fDRb3,56,0-1,Black,<=5s vs 10-15s,1901
ELzi87Tv,75,1-0,White,<=5s vs 5-10s,2176
D5e6MhjN,46,0-1,Black,<=5s vs 15-20s,1079
H07kNQgY,105,0-1,White,<=5s vs 10-15s,2313
LBq6s4Td,97,1-0,White,<=5s vs 15-20s,2175
fn8Z6YXC,60,0-1,Black,<=5s vs 15-20s,1545
XZahB5zl,68,0-1,Black,<=5s vs 10-15s,1832
k7EHtQuB,81,0-1,White,<=5s vs <=5s,2237
1WLVcWtN,80,1-0,Black,<=5s vs <=5s,1904
35pB4kLr,80,0-1,Black,<=5s vs 15-20s,2298
VCHBTHrM,88,1-0,Black,<=5s vs <=5s,1696
PO5Rr9tS,37,1-0,White,<=5s vs 15-20s,972
QhrgnnGB,60,0-1,Black,<=5s vs <=5s,1897
3p6mYchD,46,0-1,Black,<=5s vs 10-15s,1185
AAVQFiAw,64,0-1,Black,<=5s vs 5-10s,1382
VHJXJIdT,45,1-0,White,<=5s vs 10-15s,850
TrheZfxp,80,0-1,Black,<=5s vs 15-20s,1725
b7YAAw3l,72,0-1,Black,<=5s vs 15-20s,2122
klyAmHUQ,97,1/2-1/2,White,<=5s vs 15-20s,2185
U1LUh5C6,128,1/2-1/2,Black,<=5s vs 15-20s,2300
fJ1VXeYs,68,0-1,Black,<=5s vs 10-15s,2125
rmZSMyoY,76,0-1,Black,<=5s vs 5-10s,2075
YXIjg0cr,67,1-0,White,<=5s vs <=5s,1384
isgFKAaS,46,0-1,Black,<=5s vs 15-20s,1223
LMbaB3p1,70,1-0,Black,<=5s vs 5-10s,2469
9Z3ndXJG,82,0-1,Black,<=5s vs 10-15s,2161
4RMgZLig,88,0-1,Black,<=5s vs 5-10s,2003
qJ4D3Y01,84,0-1,Black,<=5s vs 15-20s,1596
z9PYIsKN,60,0-1,Black,<=5s vs 5-10s,1392
cdW6owA1,56,1-0,Black,<=5s vs 15-20s,1724
tAfqHNWR,115,0-1,White,<=5s vs 5-10s,1711
6ll43b7G,65,1-0,White,<=5s vs 5-10s,1951
FlsoDStp,67,1-0,White,<=5s vs 15-20s,2210
ucJUmelU,54,0-1,Black,<=5s vs 10-15s,1954
Z0UE3yC0,116,1-0,Black,<=5s vs 5-10s,1921
P2laomW4,71,1-0,White,<=5s vs 5-10s,1326
UhQAuKn7,72,0-1,Black,<=5s vs <=5s,2502
wkBut2Sp,67,1-0,White,<=5s vs 10-15s,1976
lMdEzo8b,121,1-0,White,<=5s vs 5-10s,1839
wwaOmZji,73,1-0,White,<=5s vs 5-10s,1742
NKb9gv3L,66,0-1,Black,<=5s vs 10-15s,1912
JK6Wu356,121,1-0,White,<=5s vs 5-10s,2272
6KMuAnKb,72,1/2-1/2,Black,<=5s vs 5-10s,2215
u64hXFFN,97,1-0,White,<=5s vs 5-10s,2124
3mc4Mfa9,80,0-1,Black,<=5s vs 5-10s,1852
KeB1ONSO,90,0-1,Black,<=5s vs 15-20s,1318
dAWQeTu7,68,0-1,Black,<=5s vs 10-15s,1778
xNb1yLAG,41,0-1,White,<=5s vs 15-20s,1141
jN6KLjBV,65,1-0,White,<=5s vs 5-10s,1240
aq65U4hC,73,1-0,White,<=5s vs 5-10s,2007
8TH2vwGt,82,0-1,Black,<=5s vs 10-15s,1903
GJtUR9Le,56,0-1,Black,<=5s vs <=5s,1285
ttHEAnua,73,1-0,White,<=5s vs 15-20s,2156
VQjHTFNw,45,1-0,White,<=5s vs 10-15s,1091
OOneWGfx,76,0-1,Black,<=5s vs <=5s,2538
M2QcGTTI,90,0-1,Black,<=5s vs 5-10s,2204
vURzkkap,88,0-1,Black,<=5s vs <=5s,1847
YZMV7Xxx,90,0-1,Black,<=5s vs 10-15s,2448
IfRKPxbV,55,1-0,White,<=5s vs 10-15s,1894
tPL2z1ti,53,1-0,White,<=5s vs <=5s,874
015WljEY,69,1-0,White,<=5s vs 15-20s,2318
SmUk1EnP,45,1-0,White,<=5s vs 15-20s,1979
8WmKIocd,80,0-1,Black,<=5s vs <=5s,1199
WzpOtpKY,138,0-1,Black,<=5s vs 5-10s,2345
yFQHeouS,63,0-1,White,<=5s vs 10-15s,1298
2E5Jo6Vb,40,0-1,Black,<=5s vs 15-20s,1162
O9rZ7vzU,91,1-0,White,<=5s vs <=5s,2703
NbEjDd9D,100,1-0,Black,<=5s vs <=5s,2202
OXwAgEUl,56,0-1,Black,<=5s vs 15-20s,1218
YdmzDwSb,51,1-0,White,<=5s vs 10-15s,1403
LQPvBJpi,57,1-0,White,<=5s vs 15-20s,1476
hSNorgdZ,69,0-1,White,<=5s vs 5-10s,1659
nZ3WTUZ8,70,1-0,Black,<=5s vs <=5s,1521
BnjhOf8S,55,1-0,White,<=5s vs 15-20s,1194
HLAd8LRT,156,1/2-1/2,Black,<=5s vs 5-10s,2765
BQMnwRjA,75,1-0,White,<=5s vs 15-20s,1435
VbsdlbUQ,85,1-0,White,<=5s vs 5-10s,2100
OaMNAbCG,83,1-0,White,<=5s vs <=5s,1832
7WwCxtM4,60,0-1,Black,<=5s vs 5-10s,2012
UakzmHDl,101,0-1,White,<=5s vs <=5s,2218
rXBbJArc,76,1-0,Black,<=5s vs <=5s,1131
GXLbNjzl,85,0-1,White,<=5s vs <=5s,1899
eiGLcr2D,64,0-1,Black,<=5s vs 10-15s,2234
UP767tt6,46,0-1,Black,<=5s vs 15-20s,1761
Sk3ERyWu,72,0-1,Black,<=5s vs 5-10s,2301
aTV02TcE,75,1-0,White,<=5s vs 10-15s,1716
Q9X9F0xQ,56,0-1,Black,<=5s vs <=5s,1496
WdlaEzQJ,62,0-1,Black,<=5s vs <=5s,1544
BS7EBQtS,96,0-1,Black,<=5s vs 5-10s,2231
LCHIgjit,41,1-0,White,<=5s vs 15-20s,1026
EzxBoinX,112,1/2-1/2,Black,<=5s vs 5-10s,1718
K50wpD5y,72,0-1,Black,<=5s vs <=5s,1646
yS0J2eyE,86,0-1,Black,<=5s vs 5-10s,2140
9NhbNeL5,51,1-0,White,<=5s vs 10-15s,804
STxvw8Nm,61,1-0,White,<=5s vs 10-15s,1606
MZWpfDFT,52,0-1,Black,<=5s vs 15-20s,1393
BpNEX3ub,81,1-0,White,<=5s vs 10-15s,1893
5DDoFMdI,62,0-1,Black,<=5s vs 10-15s,2355
Tn7kyrXy,45,1-0,White,<=5s vs 10-15s,1158
MV3KiUkP,85,1-0,White,<=5s vs 15-20s,2338
bclVX6UH,128,1/2-1/2,Black,<=5s vs 5-10s,2511
QOhMKEQq,70,1-0,Black,<=5s vs <=5s,1441
cnAwctm3,58,0-1,Black,<=5s vs 5-10s,1318
duMl7lot,32,0-1,Black,<=5s vs 10-15s,817
pm2rFNGW,69,1-0,White,<=5s vs 5-10s,1738
u1jJQ4Y8,79,1-0,White,<=5s vs <=5s,1753
qFNwaIoU,60,0-1,Black,<=5s vs 10-15s,1847
KuI4Hc5n,63,1/2-1/2,White,<=5s vs 15-20s,1624
YcQT5T01,101,1-0,White,<=5s vs 10-15s,2058
smpBmLie,131,0-1,White,<=5s vs 5-10s,2554
HAnCVl89,109,1-0,White,<=5s vs 5-10s,2186
WdI26TVT,70,0-1,Black,<=5s vs 15-20s,2177
BFU2iXxP,127,1-0,White,<=5s vs 10-15s,1225
f6Ee8ciF,80,1-0,Black,<=5s vs <=5s,2012
9ta9jiCP,74,1-0,Black,<=5s vs 10-15s,2266
ZdpMF5ko,39,1-0,White,<=5s vs 15-20s,998
mloCFgC4,77,1-0,White,<=5s vs 15-20s,2380
WbOJjtW0,57,1-0,White,<=5s vs 15-20s,1410
iVbAVQDa,68,0-1,Black,<=5s vs 10-15s,1350
9bS0D9dF,58,0-1,Black,<=5s vs 5-10s,1864
1T17GOuo,61,1-0,White,<=5s vs 10-15s,1616
079gjxXS,73,1-0,White,<=5s vs 5-10s,2511
YARnfC3O,109,1/2-1/2,White,<=5s vs 10-15s,2557
YvnYdvW9,82,0-1,Black,<=5s vs 5-10s,2192
hj3B1O8f,80,0-1,Black,<=5s vs 15-20s,1884
kS7Onw6f,81,1-0,White,<=5s vs <=5s,2317
JS7ELrbw,55,1-0,White,<=5s vs 5-10s,2034
8yG5U8tm,85,0-1,White,<=5s vs 5-10s,1785
tFFztzGD,70,1-0,Black,<=5s vs <=5s,1354
8tft0AXz,63,1-0,White,<=5s vs 5-10s,2046
deXAavU9,81,0-1,White,<=5s vs 5-10s,1993
AWYykErp,85,1-0,White,<=5s vs 10-15s,2531
w3JpYop0,68,0-1,Black,<=5s vs 5-10s,2201
nmaxCGE0,54,0-1,Black,<=5s vs 10-15s,1243
5HjNrUEl,53,1-0,White,<=5s vs 5-10s,1417
YRfPgMSD,83,1-0,White,<=5s vs 5-10s,1406
eNFqhgj1,51,1-0,White,<=5s vs 10-15s,1541
KcfTvhmS,68,0-1,Black,<=5s vs 5-10s,1316
bCdqlK6o,50,0-1,Black,<=5s vs 15-20s,1586
V9uM9fW3,93,1-0,White,<=5s vs 5-10s,1653
Q09qZIJl,97,0-1,White,<=5s vs <=5s,1914
FRje1kRC,66,0-1,Black,<=5s vs 5-10s,1950
Q0jpVdAU,67,1-0,White,<=5s vs 15-20s,2110
vcB65koc,72,0-1,Black,<=5s vs <=5s,2182
LIQQ8HJF,79,0-1,White,<=5s vs 5-10s,1574
yAm1M2h0,75,1-0,White,<=5s vs 5-10s,1736
sHXPrPe5,66,0-1,Black,<=5s vs 5-10s,1078
WEV7k0dJ,60,0-1,Black,<=5s vs 5-10s,2103
qAo4tuii,73,1-0,White,<=5s vs 5-10s,1727
36f6gCSM,102,0-1,Black,<=5s vs 15-20s,2491
BCjxmXCE,50,0-1,Black,<=5s vs 10-15s,1086
IzvLcoIb,76,0-1,Black,<=5s vs 5-10s,1649
MWiu6Q6I,60,0-1,Black,<=5s vs 10-15s,1911
dSSyyZ6B,97,1-0,White,<=5s vs <=5s,1471
8SHISCRY,78,0-1,Black,<=5s vs <=5s,1418
j8DuhOWX,44,0-1,Black,<=5s vs 10-15s,1197
tyqR23jk,77,0-1,White,<=5s vs 15-20s,2345
6ECJj0k2,51,1-0,White,<=5s vs 15-20s,1458
GjJr9fLV,127,1-0,White,<=5s vs 5-10s,2287
hkiQtli6,71,0-1,White,<=5s vs <=5s,1893
hbDE3t18,71,1-0,White,<=5s vs 10-15s,1866
P4vna13h,56,0-1,Black,<=5s vs 10-15s,1789
FremB87s,101,0-1,White,<=5s vs <=5s,2376
BY71NPSA,98,1-0,Black,<=5s vs 5-10s,2640
rYc0E3oq,108,0-1,Black,<=5s vs 5-10s,2122
32nbJuO7,79,1-0,White,<=5s vs 10-15s,2503
HO1pXVGX,69,1-0,White,<=5s vs 5-10s,1280
sraWldal,76,0-1,Black,<=5s vs 15-20s,2640
NMR2VOSS,78,0-1,Black,<=5s vs 5-10s,2547
gPlN7zVF,89,1-0,White,<=5s vs 10-15s,1520
FeHzVglo,94,0-1,Black,<=5s vs 15-20s,1386
WaivlmI4,78,0-1,Black,<=5s vs 10-15s,1917
VKpfJztU,63,1-0,White,<=5s vs 10-15s,1270
7aXV3UTG,136,0-1,Black,<=5s vs 10-15s,1884
ul1sR8T4,87,1-0,White,<=5s vs 5-10s,1051
TOom5l7Z,78,0-1,Black,<=5s vs 10-15s,1578
ldsMiJ35,101,0-1,White,<=5s vs 5-10s,2132
dUv5QHpp,50,0-1,Black,<=5s vs 15-20s,1628
B8k4DLGq,73,1-0,White,<=5s vs <=5s,2248
UcMWUFQx,54,0-1,Black,<=5s vs 10-15s,1922
W93ZwOPx,75,1-0,White,<=5s vs 5-10s,1059
5T6SiUMN,74,1-0,Black,<=5s vs 5-10s,2178
2x1hDCKE,90,0-1,Black,<=5s vs 5-10s,2085
WJtNrebe,77,1-0,White,<=5s vs 5-10s,2019
izBpW0bj,54,0-1,Black,<=5s vs 10-15s,851
S5BI69N2,62,0-1,Black,<=5s vs 10-15s,2064
ez0BbKKf,79,1-0,White,<=5s vs 10-15s,1727
NBw5KXH7,71,0-1,White,<=5s vs <=5s,1885
YjduhnbP,83,1-0,White,<=5s vs 15-20s,2369
VkmoHHbt,151,1-0,White,<=5s vs <=5s,2359
yJHaInK2,62,0-1,Black,<=5s vs 15-20s,1678
BDdSxV8w,105,1-0,White,<=5s vs 10-15s,2347
gHzpEhAE,80,0-1,Black,<=5s vs 15-20s,2345
6ITcP3MW,71,1-0,White,<=5s vs 15-20s,1986
0Ypt4vpf,71,1-0,White,<=5s vs 5-10s,1879
RVwqWUsF,50,0-1,Black,<=5s vs 15-20s,1874
aoX1hSk1,90,0-1,Black,<=5s vs 15-20s,2192
zrfILIKx,77,1-0,White,<=5s vs 15-20s,2121
J1kCbro7,74,0-1,Black,<=5s vs 15-20s,2080
OEWNZMkH,35,1-0,White,<=5s vs 5-10s,950
TQI6mrg2,104,1-0,Black,<=5s vs <=5s,2071
6ksIJC0y,57,0-1,White,<=5s vs <=5s,1288
XfIjBT8D,74,0-1,Black,<=5s vs <=5s,1790
iOP1J6eP,49,0-1,White,<=5s vs 5-10s,1325
xM0iX5iV,68,1-0,Black,<=5s vs <=5s,1668
X7OcmROn,73,1-0,White,<=5s vs 15-20s,2297
0R4kOP2R,50,0-1,Black,<=5s vs 10-15s,1200
ww8uufSc,66,0-1,Black,<=5s vs 10-15s,2761
maLuS8Lj,117,0-1,White,<=5s vs <=5s,2186
3IjiL1lc,53,1-0,White,<=5s vs 15-20s,2217
T6L3Frjg,76,0-1,Black,<=5s vs 10-15s,2379
0HL64vK9,68,0-1,Black,<=5s vs 5-10s,1911
CxXvgDR5,112,1/2-1/2,Black,<=5s vs 5-10s,2214
axJrM4zO,90,0-1,Black,<=5s vs 10-15s,2041
i1N55uaN,95,1-0,White,<=5s vs 10-15s,1838
6PjGLEuA,58,0-1,Black,<=5s vs <=5s,1242
IGq0NDr5,59,1-0,White,<=5s vs 5-10s,1034
FnKw2b3l,50,0-1,Black,<=5s vs 15-20s,1823
cLivKWFC,64,0-1,Black,<=5s vs 5-10s,1314
p4mJGHRS,40,0-1,Black,<=5s vs 15-20s,1669
XMKUI3Wr,118,1/2-1/2,Black,<=5s vs 5-10s,1671
3tL3l0fu,46,0-1,Black,<=5s vs 10-15s,1217
Cpl4oTfS,67,1-0,White,<=5s vs 15-20s,1544
nf26E6pB,79,1-0,White,<=5s vs 10-15s,1508
ZBpMIa8q,63,1-0,White,<=5s vs 15-20s,1608
pg5N7Fzj,123,0-1,White,<=5s vs 10-15s,2541
JP7nMs5v,62,0-1,Black,<=5s vs 10-15s,2448
S8OxQkHF,64,1-0,Black,<=5s vs 10-15s,1598
SgfnfZqK,61,1-0,White,<=5s vs 15-20s,1158
jVf5GTXl,57,1-0,White,<=5s vs 15-20s,1435
85FyDLnJ,52,0-1,Black,<=5s vs 15-20s,1371
JDZgqj1L,256,1/2-1/2,Black,<=5s vs 15-20s,2575
zDIY7JiR,76,1-0,Black,<=5s vs 10-15s,2299
KGkkJbZU,99,1/2-1/2,White,<=5s vs 15-20s,2567
jIW25AG3,55,1-0,White,<=5s vs 15-20s,1892
8ZfNxW7L,99,1-0,White,<=5s vs <=5s,2260
RGMPlhnN,83,1-0,White,<=5s vs 10-15s,2144
X9gATaop,73,1-0,White,<=5s vs 15-20s,1887
JAwFsiP7,74,0-1,Black,<=5s vs 10-15s,1702
0ibh75th,142,1/2-1/2,Black,<=5s vs 5-10s,2686
A4y74jFk,99,0-1,White,<=5s vs <=5s,1928
Yu4QZXUw,115,1-0,White,<=5s vs <=5s,1989
j7S6GUcv,61,1-0,White,<=5s vs 10-15s,2308
5PQTBgJp,61,1-0,White,<=5s vs 10-15s,979
KT6AyWh8,63,1-0,White,<=5s vs 5-10s,2330
KMTMqKti,83,1-0,White,<=5s vs 5-10s,1854
Us2ovqM7,65,1-0,White,<=5s vs 15-20s,2394
DJ4GDvNs,162,1-0,Black,<=5s vs <=5s,2156
6SUhaFb5,94,0-1,Black,<=5s vs 15-20s,2197
TaKuo0uO,59,1-0,White,<=5s vs 5-10s,1459
GokoTYRZ,76,0-1,Black,<=5s vs 5-10s,2297
yYhpJWrP,64,0-1,Black,<=5s vs 15-20s,1947
H9MP4BZ0,59,1-0,White,<=5s vs 15-20s,1482
82WK4UQy,53,1-0,White,<=5s vs 15-20s,2135
p4FJUFTR,57,1-0,White,<=5s vs 15-20s,1372
8l26VEM4,92,0-1,Black,<=5s vs 5-10s,1030
ueIylLsx,86,0-1,Black,<=5s vs 10-15s,1193
wkFY08Nd,115,1-0,White,<=5s vs 5-10s,2476
6TliltT5,44,0-1,Black,<=5s vs 15-20s,1271
g6RqP8Do,142,1/2-1/2,Black,<=5s vs 5-10s,2732
WcR8Ilmu,70,1-0,Black,<=5s vs 5-10s,2241
tqYEohG9,69,1-0,White,<=5s vs 10-15s,1648
tYiZF4ra,72,0-1,Black,<=5s vs 5-10s,1675
1bnmeUVO,54,1-0,Black,<=5s vs 10-15s,1795
iE68jY2P,60,0-1,Black,<=5s vs 5-10s,1184
HJQLZwwE,53,1-0,White,<=5s vs 10-15s,1028
q2LqdWOW,67,1-0,White,<=5s vs 10-15s,1854
CyBz7zwb,113,1/2-1/2,White,<=5s vs <=5s,2187
IRe0aYQn,62,0-1,Black,<=5s vs 5-10s,1312
GonDWCXI,81,1-0,White,<=5s vs 5-10s,1426
DB2YqRUh,61,1-0,White,<=5s vs 15-20s,2129
fxnYPAm6,123,0-1,White,<=5s vs 5-10s,2134
w6qSkTuA,61,1-0,White,<=5s vs 10-15s,997
j5XDnUkv,60,0-1,Black,<=5s vs 10-15s,1340
tkDThXnI,74,0-1,Black,<=5s vs 15-20s,2145
63WYbcPy,68,0-1,Black,<=5s vs 5-10s,1940
KK9wXhPB,83,1-0,White,<=5s vs 10-15s,2165
MZ6lq8cf,59,1-0,White,<=5s vs 15-20s,1775
aKvnXaT3,94,0-1,Black,<=5s vs 5-10s,2247
YxfKCqre,67,1-0,White,<=5s vs 10-15s,2400
iNopFPjn,89,1-0,White,<=5s vs 15-20s,2329
Ki25rb08,71,1-0,White,<=5s vs 15-20s,2245
cpaBjx3D,120,0-1,Black,<=5s vs <=5s,2210
OsVxzSSA,66,1-0,Black,<=5s vs 15-20s,1744
kudQE935,85,1-0,White,<=5s vs 5-10s,1727
nqkDCEUQ,49,1-0,White,<=5s vs 15-20s,2439
IPltP4Dg,41,1-0,White,<=5s vs 15-20s,1252
YbF2P1Rh,63,1-0,White,<=5s vs 10-15s,1645
ZP01lfns,55,1-0,White,<=5s vs 15-20s,1127
Q0wZvzPS,109,1/2-1/2,White,<=5s vs 5-10s,2413
9SL2FOiM,48,0-1,Black,<=5s vs 10-15s,1360
FjWYUsNQ,82,0-1,Black,<=5s vs 5-10s,2311
rsVqALzY,75,0-1,White,<=5s vs 15-20s,1874
6rYMbT6J,77,1-0,White,<=5s vs 5-10s,2164
tydQM4Mx,85,0-1,White,<=5s vs 15-20s,2323
svZkUbji,69,1-0,White,<=5s vs 15-20s,1982
4vsYYYhV,78,0-1,Black,<=5s vs 5-10s,1820
Wmr2yplE,59,1-0,White,<=5s vs 5-10s,2350
QLezZ1r7,88,1-0,Black,<=5s vs <=5s,1933
24b7MfLL,73,1-0,White,<=5s vs 5-10s,2508
doCZtZAc,81,0-1,White,<=5s vs 5-10s,1531
acfrI9vF,85,1/2-1/2,White,<=5s vs 10-15s,2077
UKsJpJPa,79,1-0,White,<=5s vs 5-10s,1577
2o2FOf4c,65,1-0,White,<=5s vs 10-15s,2273
JMJ2RdlK,80,0-1,Black,<=5s vs 5-10s,2203
ZuxhoE15,113,0-1,White,<=5s vs 5-10s,1601
GlGfCwGQ,73,1-0,White,<=5s vs 15-20s,2322
W8l367kb,50,1-0,Black,<=5s vs <=5s,2018
56oV8Cy9,65,1-0,White,<=5s vs 5-10s,1867
5hT8UyGi,92,0-1,Black,<=5s vs 5-10s,2320
nLoIOo1P,50,1-0,Black,<=5s vs 5-10s,1534
AtcrPxoa,66,0-1,Black,<=5s vs 15-20s,984
3rYqAHIu,97,1-0,White,<=5s vs 10-15s,2345
d99vWNQx,98,0-1,Black,<=5s vs 5-10s,2715
HZf4jP2g,86,0-1,Black,<=5s vs <=5s,2052
CxYV9voG,108,0-1,Black,<=5s vs <=5s,1791
itxrloTc,74,1-0,Black,<=5s vs <=5s,2215
6vAu2tZz,73,1-0,White,<=5s vs 15-20s,2399
BVuaBfUW,74,1-0,Black,<=5s vs 5-10s,2390
pBb8EADN,89,1-0,White,<=5s vs 5-10s,2479
Ee5c7IwH,65,0-1,White,<=5s vs 5-10s,2227
TwyClHoS,79,1-0,White,<=5s vs 5-10s,1396
1CGzWQy6,92,1/2-1/2,Black,<=5s vs 5-10s,2211
xsQikivJ,105,1-0,White,<=5s vs 5-10s,2034
0PcUn22W,83,0-1,White,<=5s vs <=5s,2162
8uHZobj2,80,0-1,Black,<=5s vs 5-10s,2131
FIJwDrH5,71,1-0,White,<=5s vs 5-10s,2785
jXAL6kzi,55,0-1,White,<=5s vs 10-15s,2267
8PIY9tFi,80,0-1,Black,<=5s vs 5-10s,2058
k3WKpazy,46,0-1,Black,<=5s vs 15-20s,1592
Dktn17qu,108,0-1,Black,<=5s vs 5-10s,1905
JKkTYg9q,64,0-1,Black,<=5s vs 5-10s,2252
DmAqF8lw,63,1-0,White,<=5s vs 10-15s,1747
LXXjAU7p,57,1-0,White,<=5s vs 15-20s,1035
g6PcKmoG,110,0-1,Black,<=5s vs 10-15s,1746
Gr9Xwcmw,83,0-1,White,<=5s vs 10-15s,2067
d3LxUVZ5,59,1-0,White,<=5s vs 15-20s,2081
Ndqm21xT,139,1/2-1/2,White,<=5s vs 10-15s,2266
Lxv9bClT,37,1-0,White,<=5s vs 15-20s,1062
OPgFDuAj,48,0-1,Black,<=5s vs 15-20s,1231
PGFATFLq,87,1-0,White,<=5s vs 5-10s,2082
wXruFY7m,64,0-1,Black,<=5s vs 5-10s,1905
Q1lbR9cf,49,1-0,White,<=5s vs 15-20s,1279
cC1NfQs5,82,0-1,Black,<=5s vs 10-15s,2127
vI7qMeNg,122,1/2-1/2,Black,<=5s vs 5-10s,1967
6JcQuWiF,59,1-0,White,<=5s vs 5-10s,1563
MSER3tEX,63,1-0,White,<=5s vs 10-15s,2010
BLHFStu7,106,0-1,Black,<=5s vs 10-15s,2550
QzkV6ZYA,56,0-1,Black,<=5s vs 5-10s,1543
b3hZFOXj,96,0-1,Black,<=5s vs 5-10s,1875
fl0amZXc,52,1-0,Black,<=5s vs 10-15s,967
oBBmY3fM,56,0-1,Black,<=5s vs 5-10s,2022
cTkqFNCK,41,1-0,White,<=5s vs 5-10s,685
M41S8C70,93,1/2-1/2,White,<=5s vs 5-10s,2487
CDdc2Nhz,90,1-0,Black,<=5s vs <=5s,1980
naDK6kkI,51,0-1,White,<=5s vs 5-10s,1126
vjGs70aG,88,0-1,Black,<=5s vs 5-10s,2167
wM8hvK4h,50,0-1,Black,<=5s vs 10-15s,2031
8pQVKlLM,46,0-1,Black,<=5s vs 10-15s,871
Mt22mxMy,55,1-0,White,<=5s vs 15-20s,2337
k5yyr7me,45,1-0,White,<=5s vs 5-10s,1127
PUzAfpEP,38,0-1,Black,<=5s vs 15-20s,1209
vNyEnRRA,54,0-1,Black,<=5s vs 5-10s,1707
2JEAzUuf,70,0-1,Black,<=5s vs 5-10s,1950
96wHu18O,54,0-1,Black,<=5s vs 10-15s,1448
nuJkaSwl,58,0-1,Black,<=5s vs 15-20s,1592
9oPrUQYv,79,1-0,White,<=5s vs 15-20s,2479
NIN4vlsE,63,0-1,White,<=5s vs <=5s,2086
utbLeIRq,97,1-0,White,<=5s vs <=5s,2355
HlGMAk0x,98,0-1,Black,<=5s vs <=5s,1599
ma8CmOmf,197,1/2-1/2,White,<=5s vs 5-10s,2604
1Ms9ctvz,88,1-0,Black,<=5s vs 10-15s,2378
MMSvuSKx,70,0-1,Black,<=5s vs 10-15s,1483
rK3d9AxL,56,0-1,Black,<=5s vs <=5s,2117
hyNcvdFf,150,0-1,Black,<=5s vs 15-20s,2009
7Brzo6kQ,66,0-1,Black,<=5s vs 15-20s,1999
DNiVReIW,50,0-1,Black,<=5s vs 5-10s,1297
zORVPOFe,95,1-0,White,<=5s vs 15-20s,1836
eaMXGzKc,88,0-1,Black,<=5s vs <=5s,1766
k6sLWN7Q,111,1-0,White,<=5s vs 10-15s,2015
YeiWtPf6,35,1-0,White,<=5s vs 15-20s,1500
RBY4RXUT,88,1-0,Black,<=5s vs 5-10s,2202
x0V0AROH,119,1-0,White,<=5s vs 10-15s,2552
jPShPb8g,48,0-1,Black,<=5s vs 15-20s,1435
UyvaBAH1,82,0-1,Black,<=5s vs 5-10s,2586
jaGFwTBq,62,0-1,Black,<=5s vs 5-10s,1748
60pj7EQq,57,1-0,White,<=5s vs 10-15s,868
vM63B6O3,73,1-0,White,<=5s vs 10-15s,1942
1Zsy2taN,60,0-1,Black,<=5s vs <=5s,1104
6kmAZD1C,133,1-0,White,<=5s vs 15-20s,1562
gplVRQBo,51,1-0,White,<=5s vs 15-20s,1536
WVYiWzrX,65,1-0,White,<=5s vs 10-15s,1267
kIkH2whK,93,1-0,White,<=5s vs 10-15s,1831
3ognLQsQ,71,1-0,White,<=5s vs 15-20s,1893
sD07EQhH,71,1-0,White,<=5s vs 15-20s,1500
Tm8y2Qk0,67,1-0,White,<=5s vs 15-20s,2374
O7FXromP,99,1-0,White,<=5s vs 10-15s,2424
jnlUJVu9,80,0-1,Black,<=5s vs 10-15s,2072
Z0ZK4fdI,47,0-1,White,<=5s vs 10-15s,772
2KN2Ng19,147,1-0,White,<=5s vs 5-10s,2127
eGuXx4d5,137,1/2-1/2,White,<=5s vs 10-15s,2392
gqW6kbEA,86,0-1,Black,<=5s vs 5-10s,1971
a1RK3RnY,44,0-1,Black,<=5s vs 15-20s,2113
9NDm8zEV,88,0-1,Black,<=5s vs 15-20s,1800
4qmvaQLh,87,1-0,White,<=5s vs 15-20s,1478
2qRqVyGw,82,0-1,Black,<=5s vs <=5s,2253
72Xkz0NC,108,1-0,Black,<=5s vs <=5s,2231
GqEI5M1w,69,0-1,White,<=5s vs <=5s,1073
GCQxjq1B,52,0-1,Black,<=5s vs 15-20s,2043
G15QY5n5,59,1-0,White,<=5s vs 10-15s,1714
dUdgvWuv,62,0-1,Black,<=5s vs 10-15s,1500
CXeJYM32,60,0-1,Black,<=5s vs 15-20s,1697
9VuNZjoC,91,1-0,White,<=5s vs 15-20s,2002
BYclL7VW,89,0-1,White,<=5s vs <=5s,2197
56FpyOqD,75,1-0,White,<=5s vs 10-15s,1475
WsbE3sze,47,1-0,White,<=5s vs 5-10s,1139
9oFanvAr,65,1-0,White,<=5s vs 10-15s,1492
X6CUuMRS,102,0-1,Black,<=5s vs 15-20s,1997
0ggT5Oct,69,1-0,White,<=5s vs 10-15s,1627
OrA6Rh5L,57,1-0,White,<=5s vs 10-15s,2126
u9Bdr9EH,156,1/2-1/2,Black,<=5s vs 5-10s,2273
Mb3EtIof,64,1-0,Black,<=5s vs <=5s,1467
OuXhbsm8,65,1-0,White,<=5s vs 15-20s,1981
DFJ4PpUv,77,0-1,White,<=5s vs <=5s,1181
p1PV8jvh,63,1-0,White,<=5s vs 10-15s,1903
wiYavRRa,58,1-0,Black,<=5s vs 5-10s,1180
6XnamDge,74,0-1,Black,<=5s vs 10-15s,2124
3edY869E,73,1-0,White,<=5s vs 15-20s,2120
UkAVYBvY,70,0-1,Black,<=5s vs 5-10s,2382
707MG9wp,103,1-0,White,<=5s vs 5-10s,2199
U4w82f9Q,83,0-1,White,<=5s vs <=5s,1793
31gEIlZj,102,1-0,Black,<=5s vs 5-10s,2355
v3v8CmMq,58,1-0,Black,<=5s vs <=5s,1098
lNAiHSnz,54,1-0,Black,<=5s vs 5-10s,1774
HCJhrV76,82,0-1,Black,<=5s vs 5-10s,2009
qhbKqQOB,81,0-1,White,<=5s vs 5-10s,1129
O4bwyn3X,84,0-1,Black,<=5s vs 15-20s,1681
rMYDd6Vk,63,1-0,White,<=5s vs 5-10s,2139
XEnXYE5Y,56,0-1,Black,<=5s vs 15-20s,1431
WQaIeB35,58,0-1,Black,<=5s vs <=5s,1778
NeF8tNGN,69,1-0,White,<=5s vs 10-15s,2835
sMqDto4K,63,0-1,White,<=5s vs 10-15s,2212
kLrka1vQ,56,0-1,Black,<=5s vs 5-10s,1423
Y8V27owu,76,1-0,Black,<=5s vs <=5s,1203
S6NUyGaR,123,1-0,White,<=5s vs 5-10s,2752
tz1jupCM,58,0-1,Black,<=5s vs 5-10s,1597
Gauab9zD,83,0-1,White,<=5s vs <=5s,1656
KOCtHA20,80,1-0,Black,<=5s vs 10-15s,1926
29gCYGYC,69,1-0,White,<=5s vs 15-20s,1604
KY2de04p,65,1-0,White,<=5s vs 5-10s,2413
XWtUvgB9,44,1-0,Black,<=5s vs 5-10s,1769
myD7Rlws,46,0-1,Black,<=5s vs 15-20s,1876
VXwUFLc3,69,1-0,White,<=5s vs 10-15s,1289
K0vvwjI7,54,0-1,Black,<=5s vs 10-15s,1874
cDlPB19B,67,1-0,White,<=5s vs 15-20s,1821
bmVXQdK2,81,1-0,White,<=5s vs 10-15s,1483
InPc7s92,76,1-0,Black,<=5s vs 5-10s,1672
dzs4chmG,56,1-0,Black,<=5s vs 5-10s,1119
DpS4PQdr,95,1-0,White,<=5s vs 15-20s,1601
JI1Tz6EV,103,0-1,White,<=5s vs <=5s,2464
xHshOf1o,70,0-1,Black,<=5s vs 5-10s,2399
ipYvEAoz,118,0-1,Black,<=5s vs 5-10s,2361
G5YXwm4I,115,1/2-1/2,White,<=5s vs 5-10s,2148
grajmRxP,63,0-1,White,<=5s vs 5-10s,1434
3LjV7EGx,104,0-1,Black,<=5s vs 15-20s,1802
qPYvvcvI,79,1-0,White,<=5s vs 5-10s,1633
WHzFatcQ,69,1-0,White,<=5s vs 5-10s,1045
pxdgbneG,42,0-1,Black,<=5s vs 10-15s,1227
GhWTlBhC,85,1-0,White,<=5s vs 5-10s,1616
k3ktREpR,74,1-0,Black,<=5s vs <=5s,1232
RpH81Klq,73,1-0,White,<=5s vs 10-15s,2097
Kal1zzQB,77,1-0,White,<=5s vs 5-10s,1726
550mL2KK,84,0-1,Black,<=5s vs 10-15s,2356
7rg5Llfn,72,0-1,Black,<=5s vs 5-10s,2204
s33g4MvP,102,0-1,Black,<=5s vs 5-10s,2659
ZUE76SYz,88,0-1,Black,<=5s vs 15-20s,2217
89UssCLk,54,0-1,Black,<=5s vs 10-15s,1214
3Pf7extl,66,0-1,Black,<=5s vs 10-15s,1425
8Mn9TMuj,75,1-0,White,<=5s vs 15-20s,2502
Cwophbeo,76,1-0,Black,<=5s vs 5-10s,2048
Vck8LomW,52,0-1,Black,<=5s vs 15-20s,1947
VhZzup7Q,67,1-0,White,<=5s vs 15-20s,1644
Q0zwN0te,87,1-0,White,<=5s vs 5-10s,1492
eopt2a3Q,61,1-0,White,<=5s vs 5-10s,1034
HF3vsfa0,78,0-1,Black,<=5s vs 10-15s,2214
H6WxGJud,55,1-0,White,<=5s vs 15-20s,1486
zYWf4B0G,78,0-1,Black,<=5s vs 5-10s,1869
d1TwlPug,44,0-1,Black,<=5s vs 15-20s,926
U5Z8wYtK,75,1-0,White,<=5s vs 5-10s,1285
DpHMShwC,81,1-0,White,<=5s vs 15-20s,2585
tm1wg0yE,89,1-0,White,<=5s vs 15-20s,2114
3F1QOcwV,70,1-0,Black,<=5s vs 5-10s,1854
QmxCiO5h,57,1-0,White,<=5s vs 15-20s,1671
FfeaxTf8,46,0-1,Black,<=5s vs 15-20s,1453
4alUy8dn,83,1-0,White,<=5s vs 15-20s,1708
NqggsCYX,75,1-0,White,<=5s vs 15-20s,2341
sXJu0CcP,58,0-1,Black,<=5s vs 15-20s,1304
Oq5rkgA1,48,0-1,Black,<=5s vs 15-20s,1530
21vzream,38,0-1,Black,<=5s vs 10-15s,1092
ItI7eDrC,62,1-0,Black,<=5s vs 5-10s,936
6tBjV6qn,92,1-0,Black,<=5s vs <=5s,2150
XwM9QO7Q,89,0-1,White,<=5s vs 5-10s,1375
5hGHKxg6,107,1-0,White,<=5s vs 10-15s,2208
V45yxbsR,44,0-1,Black,<=5s vs 15-20s,1476
zPFGMZFc,55,1-0,White,<=5s vs 15-20s,937
w7cdkDuK,54,1-0,Black,<=5s vs <=5s,2025
zymZa5F5,101,0-1,White,<=5s vs 10-15s,2499
qhX3UqfM,48,0-1,Black,<=5s vs 15-20s,1553
EcJnXaId,71,0-1,White,<=5s vs 5-10s,1517
U5TD49ap,72,0-1,Black,<=5s vs 15-20s,1303
N2pUPRwd,82,1/2-1/2,Black,<=5s vs 10-15s,2275
0yBkDzaC,54,0-1,Black,<=5s vs 10-15s,1537
SV6B1I6a,89,1-0,White,<=5s vs 15-20s,1787
uHGMn5Rh,68,0-1,Black,<=5s vs 5-10s,1542
RZhilofN,60,0-1,Black,<=5s vs 10-15s,1746
7cF5fEe3,85,1-0,White,<=5s vs 10-15s,2560
Gafb3i1b,44,0-1,Black,<=5s vs 10-15s,1258
ooalgbRK,60,0-1,Black,<=5s vs 10-15s,1029
7pNJtuzN,69,1-0,White,<=5s vs <=5s,1500
DfNDFXbp,39,0-1,White,<=5s vs <=5s,940
H4TLamGH,115,1-0,White,<=5s vs 5-10s,1970
btQoIrDC,86,1/2-1/2,Black,<=5s vs 15-20s,2619
UAk2lTeS,46,0-1,Black,<=5s vs <=5s,920
SKcQODPE,97,1-0,White,<=5s vs 5-10s,1582
ecq4b9UG,83,0-1,White,<=5s vs 5-10s,2239
s4PUbsrL,53,1-0,White,<=5s vs 10-15s,1434
cn1P5L17,79,1-0,White,<=5s vs 10-15s,2275
INYfqrA0,121,0-1,White,<=5s vs 5-10s,2109
5EpMUekc,122,0-1,Black,<=5s vs 15-20s,1996
LnfsUa1C,75,1-0,White,<=5s vs 10-15s,2507
3oLRWQUI,71,1-0,White,<=5s vs 15-20s,2088
WbbnfMCe,68,0-1,Black,<=5s vs 10-15s,2063
8z0EyWrd,94,1/2-1/2,Black,<=5s vs 5-10s,2429
o1vAklqk,94,0-1,Black,<=5s vs 15-20s,1979
D5bbulE7,64,1-0,Black,<=5s vs <=5s,1964
OeDD645z,57,1-0,White,<=5s vs 10-15s,1454
zHg1ArQo,66,0-1,Black,<=5s vs 5-10s,1394
vD5oCEFW,61,1-0,White,<=5s vs 10-15s,1726
exM463eG,89,1-0,White,<=5s vs 10-15s,2156
qFQHkLj8,59,1-0,White,<=5s vs 10-15s,1926
5PdKMrbm,59,0-1,White,<=5s vs <=5s,1194
pGfiPsqZ,89,1-0,White,<=5s vs 15-20s,1855
cMcElwO8,80,0-1,Black,<=5s vs 15-20s,2176
5wZPMNrL,97,1-0,White,<=5s vs 10-15s,1717
bmtDrKpl,98,0-1,Black,<=5s vs 15-20s,2156
pvldq3o7,67,0-1,White,<=5s vs 10-15s,1251
f2wxZemk,97,0-1,White,<=5s vs 10-15s,2091
XGKT6VfS,87,1-0,White,<=5s vs <=5s,1692
Oe6olumk,101,1-0,White,<=5s vs <=5s,2188
Eo0STLnc,64,0-1,Black,<=5s vs 5-10s,1604
XCYLaHpy,78,0-1,Black,<=5s vs 10-15s,1379
9uK1digy,75,0-1,White,<=5s vs 5-10s,956
uwyXmIpR,47,1-0,White,<=5s vs 15-20s,1362
20qc0BWd,81,1-0,White,<=5s vs 15-20s,1599
a7Y03lhf,121,1-0,White,<=5s vs 10-15s,1888
bMNxvYjd,58,0-1,Black,<=5s vs 10-15s,1293
8stL6Kha,67,1-0,White,<=5s vs 15-20s,2001
r7R3DRb2,50,0-1,Black,<=5s vs 5-10s,1730
ECYwIgQc,77,1-0,White,<=5s vs 15-20s,2407
Q4IXPeYo,103,1-0,White,<=5s vs <=5s,2272
KZoRGMfo,101,1-0,White,<=5s vs 15-20s,1889
dRXmYChR,71,1-0,White,<=5s vs 5-10s,1849
VAnzioi2,61,1-0,White,<=5s vs 15-20s,1625
Iou9dSzS,129,1/2-1/2,White,<=5s vs <=5s,2194
jRXCvQM4,70,0-1,Black,<=5s vs 5-10s,1429
ZWlxAbDB,63,0-1,White,<=5s vs <=5s,2246
zdgIkEjP,42,0-1,Black,<=5s vs 15-20s,997
EibdWLzg,79,1-0,White,<=5s vs 15-20s,2349
ApNOJG1j,71,1-0,White,<=5s vs 10-15s,2375
V8ggkcHJ,71,1-0,White,<=5s vs 10-15s,2225
ehSiFGvM,93,1-0,White,<=5s vs 10-15s,2333
0gq3KLDO,71,1-0,White,<=5s vs 15-20s,2250
9Hpctr9J,149,1/2-1/2,White,<=5s vs <=5s,2119
FIVG3RwY,54,0-1,Black,<=5s vs <=5s,2044
ueTdiIeJ,132,0-1,Black,<=5s vs 5-10s,2195
yXM4a8hQ,69,1-0,White,<=5s vs 5-10s,1174
mAuvKEcN,71,0-1,White,<=5s vs <=5s,1972
or94aiEA,54,0-1,Black,<=5s vs 10-15s,2004
BCYGx7Ke,75,1-0,White,<=5s vs 5-10s,1853
k8pCDwze,42,0-1,Black,<=5s vs 15-20s,1556
DsoFSTo4,119,1-0,White,<=5s vs 5-10s,2691
AOH6p5Q8,63,0-1,White,<=5s vs <=5s,1462
cyh3I5ji,85,1-0,White,<=5s vs 15-20s,2166
UUhrwlYx,53,1-0,White,<=5s vs 5-10s,926
etGWrLst,68,0-1,Black,<=5s vs <=5s,1800
GjLIek1l,68,0-1,Black,<=5s vs 15-20s,1371
7RUmNqBN,102,0-1,Black,<=5s vs 15-20s,1589
DR4d49qA,57,1-0,White,<=5s vs 15-20s,1408
ZrxEg6Bu,101,1-0,White,<=5s vs <=5s,2811
9UG4eGki,46,0-1,Black,<=5s vs 15-20s,1461
IvkEV2vt,58,1/2-1/2,Black,<=5s vs 10-15s,1428
8dnzPMrT,61,1-0,White,<=5s vs 10-15s,835
aRhPncoJ,89,1-0,White,<=5s vs 5-10s,1988
Owk4Wne8,89,1-0,White,<=5s vs 5-10s,2826
n5EmxxRk,107,1-0,White,<=5s vs 15-20s,2126
GgfoArLy,50,0-1,Black,<=5s vs 5-10s,1122
DszWAXuY,66,0-1,Black,<=5s vs 15-20s,1853
J7B6m7xo,88,1-0,Black,<=5s vs <=5s,2236
a1BicYLA,51,1-0,White,<=5s vs 15-20s,1330
5UIBFr3L,86,1/2-1/2,Black,<=5s vs <=5s,1801
HFPug5BB,56,0-1,Black,<=5s vs 10-15s,2100
SQqUdTiH,75,0-1,White,<=5s vs 5-10s,2139
h0gX2e6q,73,1-0,White,<=5s vs 5-10s,2066
1sj6p407,66,1-0,Black,<=5s vs 5-10s,1689
5E3gPiC7,107,1/2-1/2,White,<=5s vs 15-20s,1554
zZXyuM4A,74,0-1,Black,<=5s vs 5-10s,1738
tiJQDxzr,67,1-0,White,<=5s vs 10-15s,2420
1m9eKbCA,75,1-0,White,<=5s vs 5-10s,2211
V5isSsRD,50,0-1,Black,<=5s vs <=5s,2048
Fl74oVAp,64,0-1,Black,<=5s vs 15-20s,1806
TZsodQZi,71,1-0,White,<=5s vs 10-15s,2480
j3MlrQrr,64,0-1,Black,<=5s vs 10-15s,1555
ITGymWGU,49,1-0,White,<=5s vs 15-20s,1625
OXO8cwbC,85,0-1,White,<=5s vs 5-10s,1494
FZA20ppk,73,1-0,White,<=5s vs <=5s,1134
0fXhljLl,50,0-1,Black,<=5s vs 10-15s,1024
sIbDGBmR,65,1-0,White,<=5s vs 15-20s,1806
JUVmf7WZ,101,1-0,White,<=5s vs 5-10s,2501
AxbXLOHo,41,1-0,White,<=5s vs 10-15s,1081
ynmIc5mV,95,0-1,White,<=5s vs 5-10s,2679
Dge1uvaH,61,1-0,White,<=5s vs 15-20s,2088
WYDACpvS,52,0-1,Black,<=5s vs 15-20s,1477
dkd4cBsa,107,1-0,White,<=5s vs 5-10s,2383
OWY1gSnM,127,1/2-1/2,White,<=5s vs 15-20s,1472
AkH2mSon,49,1-0,White,<=5s vs 15-20s,933
YzNH3Ls5,79,1-0,White,<=5s vs 10-15s,1443
WfCmwzzi,59,1-0,White,<=5s vs 5-10s,1814
dwjI9FSm,72,1-0,Black,<=5s vs 5-10s,2071
HnUse37R,66,1-0,Black,<=5s vs 15-20s,2323
IiC3imt8,55,1-0,White,<=5s vs 10-15s,1370
9vPNQSFL,42,0-1,Black,<=5s vs 15-20s,1544
oeSWwCMJ,128,0-1,Black,<=5s vs 15-20s,1853
My7NAMSQ,67,1-0,White,<=5s vs 5-10s,2317
XuxWCN3Q,59,0-1,White,<=5s vs 5-10s,1167
VeUnGWwy,55,1-0,White,<=5s vs 15-20s,2011
EnyqrrXI,63,0-1,White,<=5s vs 5-10s,2133
rHkN9X2n,79,1-0,White,<=5s vs 10-15s,2877
MEp3amNh,72,0-1,Black,<=5s vs 15-20s,2339
p7CGXzG7,104,1-0,Black,<=5s vs 5-10s,1829
kC3gbprE,47,1-0,White,<=5s vs 10-15s,1239
46WXIvnz,63,1-0,White,<=5s vs 10-15s,1775
KXfvedkF,54,0-1,Black,<=5s vs 10-15s,1429
60OHJ7AE,52,0-1,Black,<=5s vs 5-10s,1387
2f8qBmO7,66,0-1,Black,<=5s vs 10-15s,2943
2sgR1Jwq,51,1-0,White,<=5s vs 10-15s,1694
dV9S2BfY,57,0-1,White,<=5s vs 15-20s,1376
dgJCRepa,100,1/2-1/2,Black,<=5s vs 10-15s,2519
aOhvAcdu,106,0-1,Black,<=5s vs 15-20s,2137
PPMz0zA4,82,0-1,Black,<=5s vs 15-20s,1809
dD8Wmboa,93,0-1,White,<=5s vs 10-15s,2232
vA7At512,67,0-1,White,<=5s vs <=5s,1028
0mWaepc6,63,1-0,White,<=5s vs 15-20s,1571
i8U0gWQi,58,0-1,Black,<=5s vs 10-15s,1298
YHm8XU5E,103,0-1,White,<=5s vs <=5s,2352
Oy5OkhTG,51,0-1,White,<=5s vs <=5s,1200
5CoNnjwk,77,1-0,White,<=5s vs 15-20s,1184
MQKWMjYR,68,0-1,Black,<=5s vs 5-10s,1200
BPdhdoEC,85,1-0,White,<=5s vs 15-20s,2013
ZK2yfgr4,106,0-1,Black,<=5s vs 15-20s,2763
O1WQwSKp,75,1-0,White,<=5s vs 10-15s,1935
OqYPNmB8,54,0-1,Black,<=5s vs 10-15s,1043
CNAp9An1,82,0-1,Black,<=5s vs 10-15s,2971
gHbwNZR5,45,1-0,White,<=5s vs 10-15s,892
y3VOvszJ,66,0-1,Black,<=5s vs 15-20s,1831
rNwOiRsa,53,1-0,White,<=5s vs 10-15s,1572
KvTIGbvg,57,1-0,White,<=5s vs 15-20s,1487
dwFuVCde,73,0-1,White,<=5s vs 5-10s,2822
0KZLJB4X,71,1/2-1/2,White,<=5s vs 5-10s,2488
OaOYXW3Z,73,1-0,White,<=5s vs 10-15s,1691
slYavyL7,43,1-0,White,<=5s vs 15-20s,1055
HzMRZIiV,69,1-0,White,<=5s vs 15-20s,1502
731gEHnC,61,1-0,White,<=5s vs <=5s,1383
gIJ6AgeO,67,1-0,White,<=5s vs 5-10s,1789
Tzs4W1cA,55,1-0,White,<=5s vs 5-10s,885
K6b4WUQe,55,1-0,White,<=5s vs 15-20s,1880
B5ZX3OSq,131,1/2-1/2,White,<=5s vs <=5s,2162
0dJqfDZi,72,0-1,Black,<=5s vs 15-20s,2167
7x4FFMwa,94,1-0,Black,<=5s vs <=5s,2107
UlPnYraT,77,1-0,White,<=5s vs 15-20s,1526
Dm6hnW2H,63,1-0,White,<=5s vs 5-10s,1771
Rhe7Zgpx,58,0-1,Black,<=5s vs 15-20s,1321
eTh4msKk,74,1-0,Black,<=5s vs <=5s,1875
J32q716i,108,1-0,Black,<=5s vs 5-10s,2119
atQY7G9f,100,0-1,Black,<=5s vs 5-10s,2496
Di39ommO,49,0-1,White,<=5s vs 5-10s,1645
OnLulmmp,47,1-0,White,<=5s vs 5-10s,2038
uy9Qtt4h,86,0-1,Black,<=5s vs 15-20s,1817
LW6dSkJV,54,0-1,Black,<=5s vs <=5s,1556
GfNkqygD,64,0-1,Black,<=5s vs 5-10s,1409
B9OB6OlH,83,1-0,White,<=5s vs 5-10s,2466
xN0Sr6ja,107,1-0,White,<=5s vs 5-10s,2389
QgiRIKLr,92,1-0,Black,<=5s vs 5-10s,2164
WSboyYkB,87,1-0,White,<=5s vs <=5s,1532
xPevC0qx,30,0-1,Black,<=5s vs 15-20s,1006
1IaPMYFJ,71,0-1,White,<=5s vs 10-15s,2289
DrW2Qner,36,0-1,Black,<=5s vs 10-15s,2337
xM4OECz3,64,1-0,Black,<=5s vs 5-10s,2306
1hQ4zeUZ,40,0-1,Black,<=5s vs <=5s,914
QoIFLfXc,102,1/2-1/2,Black,<=5s vs 5-10s,2100
MF8uu96r,77,1-0,White,<=5s vs 5-10s,1059
cuAXcC0g,55,1-0,White,<=5s vs 10-15s,913
zAPg1L4C,76,0-1,Black,<=5s vs 15-20s,2357
0grJzqt7,50,0-1,Black,<=5s vs 10-15s,1639
U34KXl4k,78,0-1,Black,<=5s vs 10-15s,2058
sdMzT7U4,159,1-0,White,<=5s vs 10-15s,2554
VFzcqRQO,38,0-1,Black,<=5s vs 15-20s,1450
5YvkLn0u,64,0-1,Black,<=5s vs 10-15s,1855
TKQ8naz5,72,0-1,Black,<=5s vs 10-15s,1705
4i0IHRuQ,66,1-0,Black,<=5s vs 5-10s,1771
rHgjpAvz,76,0-1,Black,<=5s vs 5-10s,1803
62x0Y3YJ,116,1-0,Black,<=5s vs 10-15s,2468
jF8197Gy,95,0-1,White,<=5s vs 5-10s,2489
PkKxfuo5,71,1-0,White,<=5s vs 10-15s,1627
IUd1eOiS,71,1-0,White,<=5s vs 5-10s,2296
MqpdTlkV,56,0-1,Black,<=5s vs 15-20s,1750
JQl0E8yF,44,0-1,Black,<=5s vs 10-15s,1713
f6Qx8l4k,59,1-0,White,<=5s vs 10-15s,1792
Fso9QpU2,41,1-0,White,<=5s vs 15-20s,982
o73TQkO2,70,0-1,Black,<=5s vs 10-15s,2035
4mBoVQfo,139,1/2-1/2,White,<=5s vs 5-10s,1899
przazlaY,81,1-0,White,<=5s vs 15-20s,1818
F8y6dS29,56,0-1,Black,<=5s vs 15-20s,1555
XWIl6wlZ,82,1-0,Black,<=5s vs 10-15s,2155
z5fFOCyC,64,0-1,Black,<=5s vs 5-10s,1283
6mv9Ne64,92,0-1,Black,<=5s vs 15-20s,2373
HajmsGTG,66,0-1,Black,<=5s vs 5-10s,1441
LglVRzsb,110,1-0,Black,<=5s vs 10-15s,2322
9cwujNHA,55,1-0,White,<=5s vs 10-15s,2158
99CZ3AZw,72,0-1,Black,<=5s vs 10-15s,2596
0rENs6nE,61,1-0,White,<=5s vs 15-20s,1540
9U0poobB,65,1-0,White,<=5s vs 10-15s,1666
cSgRgmea,50,0-1,Black,<=5s vs 15-20s,1326
6B6ybvoy,87,1-0,White,<=5s vs 5-10s,2320
YfCRCSQM,55,0-1,White,<=5s vs <=5s,1517
0glpLEZJ,179,1/2-1/2,White,<=5s vs <=5s,2443
Rvalx02j,88,0-1,Black,<=5s vs 5-10s,2300
SNUVzYyO,63,1-0,White,<=5s vs <=5s,899
SwwaJSVX,105,1/2-1/2,White,<=5s vs <=5s,2267
GGSnDNdH,83,1/2-1/2,White,<=5s vs 10-15s,2173
6UW9NL2g,109,1-0,White,<=5s vs 5-10s,2350
dLPTTtGx,74,0-1,Black,<=5s vs 5-10s,2087
8il43I7N,55,1-0,White,<=5s vs 15-20s,1646
IOcl3tK3,163,1-0,White,<=5s vs 5-10s,2221
BRKa5Td2,78,0-1,Black,<=5s vs 5-10s,2106
NHjAl02s,72,0-1,Black,<=5s vs 5-10s,1761
uyk7U6cT,93,1-0,White,<=5s vs 5-10s,1094
tlatwiSW,71,1-0,White,<=5s vs 5-10s,1684
CyxiuDZx,48,0-1,Black,<=5s vs 15-20s,1226
ibHlSkdC,59,1-0,White,<=5s vs 5-10s,1829
l5okJ0mr,97,1-0,White,<=5s vs 15-20s,2314
qpM8cnCj,53,1-0,White,<=5s vs 10-15s,1998
fEmTlwzX,91,1-0,White,<=5s vs 10-15s,2585
LkvpWoEM,67,1-0,White,<=5s vs 15-20s,1385
gpAldcm1,92,0-1,Black,<=5s vs 5-10s,2578
JbLKYG3W,97,0-1,White,<=5s vs <=5s,1496
sONAuPo0,59,1-0,White,<=5s vs 15-20s,1821
Dzvq1PCZ,74,1-0,Black,<=5s vs <=5s,1900
SqchaoSY,58,0-1,Black,<=5s vs 10-15s,1136
CAARFj7L,98,1/2-1/2,Black,<=5s vs 5-10s,2010
EwMOFybz,78,0-1,Black,<=5s vs 15-20s,1294
Cluec21d,103,1-0,White,<=5s vs 10-15s,2750
w3kgKb0x,87,1-0,White,<=5s vs 5-10s,2262
FvvMciD7,135,1/2-1/2,White,<=5s vs <=5s,2288
NKvACdb9,88,0-1,Black,<=5s vs <=5s,1497
cfzsHUM6,89,1-0,White,<=5s vs 10-15s,2320
AofRLVHq,106,0-1,Black,<=5s vs 10-15s,2380
xawq1eM1,61,1-0,White,<=5s vs <=5s,1640
MGbIFDMy,118,1/2-1/2,Black,<=5s vs 10-15s,2920
Ev4Zw0dE,93,1-0,White,<=5s vs 10-15s,1740
QStO0hhB,115,0-1,White,<=5s vs 15-20s,1779
EyAEp4Og,64,0-1,Black,<=5s vs 10-15s,2445
01X9zkZG,126,1/2-1/2,Black,<=5s vs <=5s,2283
XsBm1Jos,132,0-1,Black,<=5s vs 5-10s,2969
rXhdPotW,55,1-0,White,<=5s vs 10-15s,1461
6GUZqxda,77,1-0,White,<=5s vs 5-10s,1873
w625XxSP,50,0-1,Black,<=5s vs 10-15s,1531
v9AhxAwZ,80,1/2-1/2,Black,<=5s vs 10-15s,2460
HV0CUEEP,113,1-0,White,<=5s vs <=5s,2647
DOdoWBPn,97,1-0,White,<=5s vs 5-10s,3117
OuuvJvqp,78,0-1,Black,<=5s vs <=5s,1718
jm8KoPyU,65,1-0,White,<=5s vs 5-10s,1229
pxMd7C0r,55,1-0,White,<=5s vs 5-10s,1289
aaRfdMVa,108,0-1,Black,<=5s vs 15-20s,1723
3PMKORzq,46,1-0,Black,<=5s vs 10-15s,966
linGQkQU,48,0-1,Black,<=5s vs 5-10s,830
i9kkKAb5,43,1-0,White,<=5s vs 15-20s,1087
2IYZ0lZz,50,0-1,Black,<=5s vs 10-15s,1865
2z3fNAe9,58,0-1,Black,<=5s vs 15-20s,2120
rjnv4Ytn,85,1-0,White,<=5s vs 15-20s,1798
WWE1H5O4,51,1-0,White,<=5s vs 15-20s,1252
4fm5DtmN,50,0-1,Black,<=5s vs 10-15s,1377
6nUfCsll,86,0-1,Black,<=5s vs 15-20s,1684
8uf2sDUl,60,0-1,Black,<=5s vs 10-15s,1462
1Z553Mv1,133,1/2-1/2,White,<=5s vs <=5s,2405
Q9jvTekS,57,1-0,White,<=5s vs 10-15s,1089
dL5WxRqU,74,1-0,Black,<=5s vs <=5s,1255
I6xK6pHv,49,1-0,White,<=5s vs 5-10s,1421
OH84VVSv,90,1-0,Black,<=5s vs 5-10s,1913
ZpBFJFfD,72,0-1,Black,<=5s vs 5-10s,1243
aVDLpQYy,99,1-0,White,<=5s vs 15-20s,2399
vxup5Ru6,64,0-1,Black,<=5s vs 5-10s,1308
j5kGzwYE,129,1/2-1/2,White,<=5s vs 15-20s,2378
mhdE8CRR,104,0-1,Black,<=5s vs 15-20s,1621
sU1A2FPo,43,1-0,White,<=5s vs 15-20s,1228
fwJArXc0,82,0-1,Black,<=5s vs 15-20s,2821
5FDDfAey,62,0-1,Black,<=5s vs 15-20s,1907
TdOkATc4,66,0-1,Black,<=5s vs <=5s,1528
dgO78jsa,105,1-0,White,<=5s vs 15-20s,3000
UFsFIvdi,71,1-0,White,<=5s vs 5-10s,1881
NBWVXjTO,101,1-0,White,<=5s vs 10-15s,2172
exj2I6l3,108,0-1,Black,<=5s vs 5-10s,2479
C9VwOC2D,83,0-1,White,<=5s vs 5-10s,2746
UUk3ncyr,67,1-0,White,<=5s vs 15-20s,2098
5m3aWpNz,130,1-0,Black,<=5s vs 5-10s,2663
1Nh4iNrQ,88,0-1,Black,<=5s vs 5-10s,2302
LJ3d7N1g,68,1-0,Black,<=5s vs 10-15s,2496
Fg1OIZs7,50,0-1,Black,<=5s vs 10-15s,1773
bQs82HAD,40,0-1,Black,<=5s vs 10-15s,1069
rMzdQKIw,55,1-0,White,<=5s vs 15-20s,1489
j4VJtUno,57,1-0,White,<=5s vs 15-20s,1473
MAdySXAI,73,1-0,White,<=5s vs 10-15s,1952
9JpnGOkX,93,0-1,White,<=5s vs 10-15s,1880
NyVxhNsE,95,1-0,White,<=5s vs 15-20s,2244
cY6XKcKt,54,0-1,Black,<=5s vs 10-15s,1877
Sn6SVO7d,77,1-0,White,<=5s vs 15-20s,2291
BaX1AtyJ,65,1-0,White,<=5s vs 10-15s,2315
cEzJOIQ1,49,1-0,White,<=5s vs 15-20s,1885
J7Zg0k9h,90,0-1,Black,<=5s vs 10-15s,2305
ADga2C7p,78,0-1,Black,<=5s vs <=5s,2573
N3zbU4gl,38,0-1,Black,<=5s vs 10-15s,805
xa9OwozO,75,0-1,White,<=5s vs 5-10s,2047
unWuvraP,46,0-1,Black,<=5s vs 15-20s,1530
CfDDa1Fx,75,0-1,White,<=5s vs 5-10s,1764
8WoBygBC,63,1-0,White,<=5s vs 15-20s,1823
xr4wskM9,54,0-1,Black,<=5s vs <=5s,1137
NezJP4w8,100,0-1,Black,<=5s vs 10-15s,2235
GEJKBA1G,74,0-1,Black,<=5s vs <=5s,1637
289U5r2Q,72,0-1,Black,<=5s vs 5-10s,1549
3NI0a8t1,65,1-0,White,<=5s vs 5-10s,2045
LC7g1veI,103,1/2-1/2,White,<=5s vs 5-10s,2140
ezCWUkp8,74,0-1,Black,<=5s vs 5-10s,1763
0UY5t14Y,75,1-0,White,<=5s vs 10-15s,2524
kEzTzyMD,111,1-0,White,<=5s vs 15-20s,1900
dR9fPzPu,133,1/2-1/2,White,<=5s vs <=5s,2529
sbEoDd51,48,0-1,Black,<=5s vs 15-20s,1733
t13C3nAA,144,0-1,Black,<=5s vs 5-10s,1793
tJTqSjL2,88,0-1,Black,<=5s vs <=5s,1807
OFa7vjLK,56,0-1,Black,<=5s vs 5-10s,1405
khfpv6ya,62,0-1,Black,<=5s vs 15-20s,1693
24VLEhhW,48,0-1,Black,<=5s vs 5-10s,1749
DlIQpKfl,76,1-0,Black,<=5s vs <=5s,1936
BzDo4WS5,56,0-1,Black,<=5s vs 15-20s,1914
UNCsTA1Z,51,1-0,White,<=5s vs 15-20s,1759
BMKvPx0Q,43,1-0,White,<=5s vs <=5s,1079
8VUZRLD0,47,1-0,White,<=5s vs 15-20s,946
i9B9NGQD,44,0-1,Black,<=5s vs 15-20s,759
39QP8bBi,66,1/2-1/2,Black,<=5s vs 15-20s,1487
D2qhxcrO,73,1-0,White,<=5s vs 10-15s,2108
EeBRfyQS,73,1-0,White,<=5s vs 10-15s,2451
2xJK8DCD,48,0-1,Black,<=5s vs 10-15s,1968
CC1sTFgQ,136,1/2-1/2,Black,<=5s vs <=5s,2351
8GK0hOZm,69,1-0,White,<=5s vs 10-15s,1663
zcnhZ1Qa,77,1-0,White,<=5s vs 5-10s,1314
2Me3o9AB,74,0-1,Black,<=5s vs 10-15s,1771
6NsBUDVI,51,1-0,White,<=5s vs 15-20s,1733
AXenZaEU,62,0-1,Black,<=5s vs 5-10s,1420
P9Rf12Dr,54,0-1,Black,<=5s vs 15-20s,1568
fcgVgF54,49,1-0,White,<=5s vs 10-15s,1161
GvSM5tl2,53,1-0,White,<=5s vs 15-20s,1819
diLFYxvo,150,1-0,Black,<=5s vs 5-10s,2358
fDw9f5Sf,59,1-0,White,<=5s vs 15-20s,1535
YB7XLLap,69,1-0,White,<=5s vs 5-10s,1958
QU7xBXVW,53,1-0,White,<=5s vs 15-20s,1564
4QUBtEke,89,1-0,White,<=5s vs <=5s,1845
AAQEwU2g,114,0-1,Black,<=5s vs 15-20s,1794
fWP3jRpT,84,0-1,Black,<=5s vs 5-10s,1424
vTbMCKda,65,0-1,White,<=5s vs 10-15s,1148
ybeiPgFO,51,1-0,White,<=5s vs 5-10s,649
Cr5Sk439,68,1-0,Black,<=5s vs 10-15s,2251
dwBngROd,86,0-1,Black,<=5s vs 5-10s,2260
J7iDSBUz,106,0-1,Black,<=5s vs 5-10s,1869
Uq4sITng,82,1-0,Black,<=5s vs <=5s,1865
jSRoILID,91,1-0,White,<=5s vs 15-20s,2215
Czq6K1xp,81,1-0,White,<=5s vs 10-15s,1683
wqLLp6J3,71,1-0,White,<=5s vs 10-15s,1419
kNavhwKC,78,0-1,Black,<=5s vs 5-10s,1862
H19Pf83P,74,0-1,Black,<=5s vs 15-20s,2305
F4Lr2FYt,131,1/2-1/2,White,<=5s vs <=5s,2417
WaRR8vZk,54,0-1,Black,<=5s vs 10-15s,1127
cGzIhoGE,49,1-0,White,<=5s vs 5-10s,877
JSu1w0qW,63,1-0,White,<=5s vs 15-20s,1815
Ojp9jefc,109,1-0,White,<=5s vs 10-15s,2036
wsfEnlwG,100,0-1,Black,<=5s vs <=5s,2247
YXdV5OL4,55,1-0,White,<=5s vs 15-20s,1236
PgjzIUBB,74,0-1,Black,<=5s vs 5-10s,2154
DZvaQG7f,56,1-0,Black,<=5s vs <=5s,1241
3USxOOnx,72,0-1,Black,<=5s vs 5-10s,1777
FfpzzwWm,77,1-0,White,<=5s vs 5-10s,2572
G1lCQVUR,71,1-0,White,<=5s vs 15-20s,2243
OrjxwRuY,58,0-1,Black,<=5s vs 10-15s,1668
Jd2VpTLb,79,1-0,White,<=5s vs 5-10s,1387
kwdsWlCc,90,0-1,Black,<=5s vs 15-20s,2178
evn2Yqh2,84,1-0,Black,<=5s vs <=5s,2146
B79ITtG9,71,1-0,White,<=5s vs 5-10s,1861
oEK8aAD2,44,0-1,Black,<=5s vs 10-15s,1475
tE92RB55,63,1-0,White,<=5s vs 15-20s,2360
EOlKiU00,72,0-1,Black,<=5s vs 15-20s,1590
3DXo7kcd,69,1-0,White,<=5s vs <=5s,1932
Yd1p8NzZ,87,0-1,White,<=5s vs 15-20s,2716
FigeyTTX,83,1-0,White,<=5s vs 5-10s,1995
shelztnY,54,0-1,Black,<=5s vs 10-15s,1159
XZXOsNBD,68,0-1,Black,<=5s vs 15-20s,2395
WL4tHA83,59,1-0,White,<=5s vs 15-20s,1800
OOnpgjyi,117,1-0,White,<=5s vs 5-10s,2413
O4qhprMH,55,1-0,White,<=5s vs 15-20s,1357
RcvwWFYN,81,1-0,White,<=5s vs 5-10s,2147
bqcr0tie,52,0-1,Black,<=5s vs 10-15s,1050
7GabHRHn,51,0-1,White,<=5s vs <=5s,1683
0Wq6W1uq,77,1-0,White,<=5s vs 10-15s,2199
M8i6yJPd,93,1-0,White,<=5s vs 10-15s,2211
accluCv6,75,1-0,White,<=5s vs 10-15s,1797
zUmPSRwy,73,0-1,White,<=5s vs 10-15s,1539
DUweMWxH,97,1/2-1/2,White,<=5s vs 15-20s,1974
5HB8VJyj,48,0-1,Black,<=5s vs 10-15s,1731
GsfmxSDQ,105,1/2-1/2,White,<=5s vs 5-10s,2168
jP9uF27Q,88,1/2-1/2,Black,<=5s vs 15-20s,1830
Mc8Hw4dr,59,1-0,White,<=5s vs 15-20s,1694
CrWUbTIG,44,0-1,Black,<=5s vs 5-10s,1318
H9HI0LAc,94,0-1,Black,<=5s vs 15-20s,1989
qKWEBNN8,78,0-1,Black,<=5s vs 10-15s,2194
4gt1g4cu,49,1-0,White,<=5s vs 10-15s,1823
ck1KPvhf,72,0-1,Black,<=5s vs 10-15s,1450
GQUFgCez,88,0-1,Black,<=5s vs 5-10s,1841
KNrEAPDs,89,1-0,White,<=5s vs 5-10s,2011
bdQATsPF,93,1-0,White,<=5s vs 10-15s,2057
v2hrxoHG,108,0-1,Black,<=5s vs 10-15s,2458
yuEDLEoe,42,0-1,Black,<=5s vs 15-20s,1425
HpmahEdA,85,1-0,White,<=5s vs 15-20s,2750
SS10EcAh,81,1-0,White,<=5s vs 5-10s,1739
M7Yx9y8c,32,1-0,Black,<=5s vs 10-15s,927
CINFHvFS,76,0-1,Black,<=5s vs 15-20s,1712
eC3WanGE,78,0-1,Black,<=5s vs 10-15s,1572
8EP5R4n6,97,1-0,White,<=5s vs 15-20s,2503
phQg1SPt,56,0-1,Black,<=5s vs 5-10s,973
BzKeP1lb,67,1-0,White,<=5s vs 10-15s,2297
NrzZBowC,65,1-0,White,<=5s vs 10-15s,1933
qdOS3ZZv,83,1-0,White,<=5s vs 15-20s,1285
iiBHSgXd,55,1-0,White,<=5s vs 5-10s,1353
8smsAWzP,104,0-1,Black,<=5s vs 5-10s,2556
uHl9idEM,68,0-1,Black,<=5s vs 10-15s,1694
MsPUBmHK,56,0-1,Black,<=5s vs 15-20s,1538
nmJlIWe8,60,0-1,Black,<=5s vs 15-20s,1561
2FS9J5ia,94,0-1,Black,<=5s vs 15-20s,1227
wmyFjt3b,63,1-0,White,<=5s vs 15-20s,1435
3BvFMTQM,55,0-1,White,<=5s vs <=5s,1395
IKmerZ3Y,62,0-1,Black,<=5s vs <=5s,1174
X5JHPFQH,60,0-1,Black,<=5s vs <=5s,1587
RSl2Mjyy,49,1-0,White,<=5s vs 5-10s,1171
vxiuyiOg,82,0-1,Black,<=5s vs 10-15s,2432
Ngb8sIB0,74,0-1,Black,<=5s vs 10-15s,2212
G9IqCbJH,49,1-0,White,<=5s vs 10-15s,1107
7vppcswU,93,0-1,White,<=5s vs 5-10s,2064
rNqNL1jr,88,1/2-1/2,Black,<=5s vs 15-20s,2281
XJxej1Uq,45,1-0,White,<=5s vs 10-15s,2012
LtwjOFa0,91,1-0,White,<=5s vs 5-10s,2590
7RDPUDxz,53,1-0,White,<=5s vs 5-10s,1949
AGwXnUAK,38,0-1,Black,<=5s vs 15-20s,970
sTrSTHf4,62,0-1,Black,<=5s vs 5-10s,2300
Bw2su4Dh,54,0-1,Black,<=5s vs 5-10s,1311
BUq3zlGI,63,1-0,White,<=5s vs 5-10s,1840
2z9Wmqzn,42,0-1,Black,<=5s vs 15-20s,986
0vve0h0R,44,0-1,Black,<=5s vs 10-15s,1239
kcJX2VPv,99,1-0,White,<=5s vs 10-15s,2377
sFqfEe2L,84,0-1,Black,<=5s vs <=5s,1487
KIk6FCBR,65,1-0,White,<=5s vs 5-10s,2412
R0D0vEyO,64,0-1,Black,<=5s vs 5-10s,1826
GKLPCnVB,55,1-0,White,<=5s vs 15-20s,1531
L3cBOBUx,76,0-1,Black,<=5s vs 5-10s,2092
lBZ1bxjW,58,0-1,Black,<=5s vs 10-15s,1821
kMdHAYP8,56,0-1,Black,<=5s vs 10-15s,1412
09QH7Rtd,46,0-1,Black,<=5s vs 5-10s,1218
G1bKEcl2,116,0-1,Black,<=5s vs 10-15s,1640
ZxdCKVaV,53,1-0,White,<=5s vs 15-20s,1341
7B5OaRJB,76,0-1,Black,<=5s vs 15-20s,1666
CMUNXLQp,58,0-1,Black,<=5s vs 10-15s,1534
qx30qoxZ,51,1-0,White,<=5s vs 15-20s,1025
QlVtKzuA,63,1-0,White,<=5s vs 5-10s,2051
NCbb8MiM,82,0-1,Black,<=5s vs 10-15s,1958
Wm2UoAPC,98,1/2-1/2,Black,<=5s vs 5-10s,2168
dFDErZDc,65,1-0,White,<=5s vs 5-10s,1660
pe6xcEOD,40,0-1,Black,<=5s vs 10-15s,1527
C2T9DJFp,117,1-0,White,<=5s vs 10-15s,2113
glhOq8eB,90,1/2-1/2,Black,<=5s vs 5-10s,1884
Z7nl7y2w,190,1/2-1/2,Black,<=5s vs 15-20s,2010
W2fgCpsK,132,1-0,Black,<=5s vs 10-15s,2061
b1SU7D8S,74,1-0,Black,<=5s vs <=5s,1863
cN2oqEXh,88,0-1,Black,<=5s vs 15-20s,2235
54ht8mQm,35,0-1,White,<=5s vs 15-20s,964
WEqNj5vt,101,1-0,White,<=5s vs 15-20s,2414
RdR4U2x8,79,1-0,White,<=5s vs 10-15s,2070
d211F4wV,56,0-1,Black,<=5s vs 5-10s,2299
2vXt5m2M,83,1-0,White,<=5s vs 5-10s,2112
6tcypaID,90,0-1,Black,<=5s vs 5-10s,2081
zh6efLQy,55,1-0,White,<=5s vs 15-20s,2490
WiRmV7iw,67,0-1,White,<=5s vs <=5s,1155
PqxzPPch,78,1-0,Black,<=5s vs 5-10s,1742
R0yyyQC5,65,1-0,White,<=5s vs 5-10s,2448
rKxXWQCs,45,0-1,White,<=5s vs 5-10s,752
Apk1J20T,49,1-0,White,<=5s vs 5-10s,1356
SFWjtaSj,63,1-0,White,<=5s vs 5-10s,994
xGz9tr66,99,1-0,White,<=5s vs 10-15s,2553
b4oZaMob,80,0-1,Black,<=5s vs 5-10s,2028
HWTPqRmz,66,1-0,Black,<=5s vs <=5s,2285
IPTLS5Gl,64,1-0,Black,<=5s vs 5-10s,1732
SUoVsgbW,67,0-1,White,<=5s vs 5-10s,2272
DgrqRNay,84,0-1,Black,<=5s vs 15-20s,1994
F0CVj0LZ,69,1-0,White,<=5s vs 10-15s,2014
A6El1g03,72,0-1,Black,<=5s vs <=5s,1911
tFhnYnkk,64,0-1,Black,<=5s vs 10-15s,1924
18Sk7xdd,69,1-0,White,<=5s vs <=5s,1396
NPkmRA5F,75,1-0,White,<=5s vs 5-10s,2656
3tdPmwM8,71,1-0,White,<=5s vs 5-10s,1914
UY07vQ0K,108,0-1,Black,<=5s vs 10-15s,2987
n3DQ8Vys,60,1-0,Black,<=5s vs 5-10s,1389
BkbJunKQ,68,0-1,Black,<=5s vs 10-15s,2252
Gpk4meO3,64,0-1,Black,<=5s vs <=5s,1223
a1xu5WwM,58,0-1,Black,<=5s vs 15-20s,1618
XpFqwWHp,143,1-0,White,<=5s vs 5-10s,2022
lRo9Fjyd,63,1-0,White,<=5s vs 5-10s,2214
wi67VCna,80,1-0,Black,<=5s vs <=5s,1992
snNOaI5W,66,0-1,Black,<=5s vs 15-20s,1489
NbJtSH1c,50,0-1,Black,<=5s vs 10-15s,1388
1Kjg6viK,50,0-1,Black,<=5s vs 5-10s,1058
fu3iQnww,79,0-1,White,<=5s vs <=5s,1906
ziDfWgZf,63,1-0,White,<=5s vs 5-10s,1652
6g000VwE,110,0-1,Black,<=5s vs 5-10s,1937
zFYyrxLg,76,0-1,Black,<=5s vs 15-20s,1587
qxiNLKRn,98,1-0,Black,<=5s vs 5-10s,2440
EINKviYw,58,0-1,Black,<=5s vs 15-20s,831
NNWaMtWg,126,1/2-1/2,Black,<=5s vs <=5s,2328
THibZdUx,141,1-0,White,<=5s vs 15-20s,2707
WRqyCxZ4,63,1-0,White,<=5s vs 10-15s,2414
V2znMsLm,88,0-1,Black,<=5s vs 5-10s,1839
3DisffXO,67,1-0,White,<=5s vs 5-10s,1951
M9slZrYb,68,0-1,Black,<=5s vs 10-15s,1843
pYnPqUjt,40,1-0,Black,<=5s vs 10-15s,1365
AbxVCT9J,64,0-1,Black,<=5s vs 10-15s,1730
S4vWRcsr,56,0-1,Black,<=5s vs 5-10s,1276
TnZ2cfiv,98,0-1,Black,<=5s vs 5-10s,1453
IELrprJ6,58,0-1,Black,<=5s vs 5-10s,1930
62n3t56G,64,0-1,Black,<=5s vs <=5s,1526
bb2J5zop,49,1-0,White,<=5s vs 10-15s,1178
9FriiOHu,52,0-1,Black,<=5s vs 5-10s,1749
Ep9QivKw,60,0-1,Black,<=5s vs 10-15s,1752
NjjW5V1K,90,0-1,Black,<=5s vs 5-10s,2404
HNJfPpp3,53,1-0,White,<=5s vs 10-15s,1723
5JNSbDfg,118,1/2-1/2,Black,<=5s vs 5-10s,2192
07sYAe26,92,0-1,Black,<=5s vs <=5s,1630
Ss5N8BRU,63,0-1,White,<=5s vs <=5s,1313
2A7HzGua,81,1-0,White,<=5s vs 10-15s,2181
b4bHkKEz,72,0-1,Black,<=5s vs 5-10s,1666
0dmrmkYp,85,1-0,White,<=5s vs 15-20s,2349
Iy8jB1Fe,85,1-0,White,<=5s vs 5-10s,2563
2ZupZx7Y,48,1-0,Black,<=5s vs 15-20s,1457
JCM1bsqW,55,0-1,White,<=5s vs <=5s,1979
T4x5VFdI,74,0-1,Black,<=5s vs <=5s,2100
o7xXBdSu,62,0-1,Black,<=5s vs <=5s,1294
0oqfAsqv,51,1-0,White,<=5s vs 10-15s,1555
KPLPI46U,85,1/2-1/2,White,<=5s vs 10-15s,2078
IR9JKacd,70,0-1,Black,<=5s vs 10-15s,1874
JGGq5Wmh,48,1-0,Black,<=5s vs 5-10s,1423
WwmkFVwJ,82,0-1,Black,<=5s vs 10-15s,1228
lht2aZCc,34,0-1,Black,<=5s vs 15-20s,854
olbsxw7L,77,1/2-1/2,White,<=5s vs 15-20s,1186
7l8jrdGu,42,0-1,Black,<=5s vs <=5s,1295
8LeaMjxE,75,1-0,White,<=5s vs 10-15s,2283
npgtdgZw,81,0-1,White,<=5s vs 5-10s,1812
2Ua2XnFg,63,1-0,White,<=5s vs 10-15s,1960
5hs256Bk,66,0-1,Black,<=5s vs 10-15s,2237
o25FBKoG,88,0-1,Black,<=5s vs <=5s,2189
TwL1qW7x,72,1-0,Black,<=5s vs <=5s,1415
VpnX1A26,48,0-1,Black,<=5s vs 15-20s,2036
ivAZeWTN,51,1-0,White,<=5s vs 5-10s,1629
TlKzQbhT,70,0-1,Black,<=5s vs 15-20s,1690
S0AfAQyf,66,0-1,Black,<=5s vs 10-15s,1844
8JzAzsag,80,1-0,Black,<=5s vs 5-10s,1620
H5DkroMt,61,1-0,White,<=5s vs <=5s,1020
3gRAbpy4,101,1-0,White,<=5s vs 5-10s,2687
Ltku67Ha,54,1-0,Black,<=5s vs <=5s,1014
MkfDNw8N,75,1/2-1/2,White,<=5s vs 5-10s,1627
6Ia4r0VW,58,0-1,Black,<=5s vs 15-20s,1661
qez4J9Ka,71,1-0,White,<=5s vs 10-15s,1966
5oWT1czP,65,1-0,White,<=5s vs 15-20s,1538
7eIt2Fag,148,1/2-1/2,Black,<=5s vs 5-10s,2319
xcPOmSJr,136,1/2-1/2,Black,<=5s vs 15-20s,1606
xKotEVuE,83,1-0,White,<=5s vs 5-10s,1877
79rJcpSl,40,1-0,Black,<=5s vs <=5s,1220
0XABW273,70,0-1,Black,<=5s vs 15-20s,1864
0TCHOvu5,62,0-1,Black,<=5s vs 5-10s,1483
qjC0KKrB,76,0-1,Black,<=5s vs <=5s,1975
4sIKuAMS,86,0-1,Black,<=5s vs 10-15s,2206
pcBDz0K6,75,1-0,White,<=5s vs 5-10s,1691
rX25f7lo,49,0-1,White,<=5s vs 5-10s,1567
7QjVfMrs,141,1/2-1/2,White,<=5s vs 10-15s,1953
b4xH4yge,66,0-1,Black,<=5s vs 5-10s,1297
bCnjpT7C,57,1-0,White,<=5s vs 15-20s,1508
77bfDecv,55,1-0,White,<=5s vs 5-10s,1372
a3t8foIs,62,0-1,Black,<=5s vs <=5s,1800
h1334PsG,45,1-0,White,<=5s vs 5-10s,928
jtm6dlHV,87,1-0,White,<=5s vs 15-20s,1886
iPZzFtIO,47,1-0,White,<=5s vs 10-15s,1752
nuFBw39t,86,0-1,Black,<=5s vs 15-20s,866
oSFYFdqT,55,1-0,White,<=5s vs 15-20s,2415
FNLBYRFT,67,1-0,White,<=5s vs 15-20s,2462
ipP33pzI,80,0-1,Black,<=5s vs <=5s,1977
fH5GD2r1,72,0-1,Black,<=5s vs 10-15s,1458
tzjBH7f7,58,0-1,Black,<=5s vs 10-15s,2403
geu5MmN1,126,1-0,Black,<=5s vs <=5s,2226
MU9IGjYK,66,0-1,Black,<=5s vs 15-20s,2114
7LPpxnBy,84,0-1,Black,<=5s vs 5-10s,1883
dq8ySn62,45,1-0,White,<=5s vs 15-20s,1659
Z5LTmniL,61,1-0,White,<=5s vs 15-20s,1356
bfj01Ao4,122,0-1,Black,<=5s vs 10-15s,2556
ke3VmkMf,71,1-0,White,<=5s vs 5-10s,1795
GlmIL0Xd,54,0-1,Black,<=5s vs 15-20s,2305
XV6Rddm9,77,0-1,White,<=5s vs <=5s,1375
mmtouORG,46,0-1,Black,<=5s vs 15-20s,1764
vubpzoKk,84,0-1,Black,<=5s vs 10-15s,2081
yJpvaEiU,48,0-1,Black,<=5s vs 5-10s,1427
hKACKAbt,32,0-1,Black,<=5s vs <=5s,651
Nh36wVHE,59,1-0,White,<=5s vs 10-15s,2140
vOLAFEYY,74,1/2-1/2,Black,<=5s vs 5-10s,2340
k5nlJEch,62,0-1,Black,<=5s vs 10-15s,1901
K8PmDHSo,93,1/2-1/2,White,<=5s vs 15-20s,2878
M8Uqm0Ys,74,0-1,Black,<=5s vs 5-10s,1814
WoU6Z3eE,45,1-0,White,<=5s vs 10-15s,1708
9YxG0PN9,91,1-0,White,<=5s vs 10-15s,2249
TQiRvB20,58,0-1,Black,<=5s vs 15-20s,1456
bdKRYcRo,51,0-1,White,<=5s vs 5-10s,1678
OM8PZsWv,89,1-0,White,<=5s vs <=5s,2454
6KMXjQTt,74,0-1,Black,<=5s vs 5-10s,2377
pf9mOEwP,61,1-0,White,<=5s vs 15-20s,1207
1bxfCTal,80,0-1,Black,<=5s vs 5-10s,1374
2g62M4UT,66,0-1,Black,<=5s vs 15-20s,1815
gY0KCyXq,111,0-1,White,<=5s vs 5-10s,2163
5oPXOgbn,106,1-0,Black,<=5s vs <=5s,2322
E1cDSDEv,81,1-0,White,<=5s vs 10-15s,1785
P7Jt2Fe7,82,0-1,Black,<=5s vs 5-10s,2424
6QG6vLj1,61,1-0,White,<=5s vs 15-20s,1531
We6RkNGH,50,0-1,Black,<=5s vs 10-15s,960
mCyThQcH,40,0-1,Black,<=5s vs 15-20s,972
OHdQz1xs,157,1-0,White,<=5s vs 15-20s,2436
MWbgQ8SF,83,1-0,White,<=5s vs 5-10s,1802
bFPnC9c8,65,1-0,White,<=5s vs 5-10s,1452
MpZeELUI,57,0-1,White,<=5s vs <=5s,1094
tZNQcQOe,58,1-0,Black,<=5s vs 15-20s,2096
eiOj2Y5X,57,0-1,White,<=5s vs <=5s,1117
5qUH7Hv7,59,0-1,White,<=5s vs <=5s,2382
j6euGHnj,87,0-1,White,<=5s vs 10-15s,1407
FdXSeXcO,73,1-0,White,<=5s vs 10-15s,990
Y2CmJ2Ee,99,1-0,White,<=5s vs 5-10s,2575
V7hsInsm,65,1-0,White,<=5s vs 10-15s,1890
kcxOLF0t,96,0-1,Black,<=5s vs <=5s,2313
CaD5oVZ3,93,1/2-1/2,White,<=5s vs 10-15s,2380
QKRTZPGc,80,1-0,Black,<=5s vs <=5s,1814
aMjvitM6,56,0-1,Black,<=5s vs 15-20s,2014
1VBSXG3U,68,1-0,Black,<=5s vs 5-10s,1549
E2Kz72LF,128,1-0,Black,<=5s vs <=5s,2301
LurBAsL6,90,0-1,Black,<=5s vs 5-10s,2549
4nTo968z,83,0-1,White,<=5s vs <=5s,2029
nRMOV5Cn,85,1/2-1/2,White,<=5s vs 5-10s,2671
WHJ9EWUa,59,1-0,White,<=5s vs 10-15s,1840
khJno857,45,1-0,White,<=5s vs 15-20s,1725
nT33Uy9w,56,0-1,Black,<=5s vs 10-15s,1001
9m0PhKMd,65,1-0,White,<=5s vs 5-10s,2044
ER1eZCYV,86,0-1,Black,<=5s vs 5-10s,2183
6IzNrS7B,76,0-1,Black,<=5s vs <=5s,2349
vLJQ9oj6,64,0-1,Black,<=5s vs 5-10s,1356
ARPbmtMB,83,1-0,White,<=5s vs 5-10s,2679
GanyuQLb,128,1/2-1/2,Black,<=5s vs <=5s,2258
IbYPpFLk,96,0-1,Black,<=5s vs <=5s,2612
G9lFFaDK,139,1/2-1/2,White,<=5s vs 15-20s,2265
2VY3fBTe,60,0-1,Black,<=5s vs 15-20s,2135
1dqEL7LD,88,0-1,Black,<=5s vs 5-10s,1958
5StOS8zP,107,1-0,White,<=5s vs 10-15s,2184
3n7IwN4W,80,0-1,Black,<=5s vs 5-10s,1575
MJ8vSM3H,95,0-1,White,<=5s vs 5-10s,2478
gY9QNr8h,59,0-1,White,<=5s vs 15-20s,1431
jXxz4j5g,128,0-1,Black,<=5s vs <=5s,2729
VYN2Qbqn,52,0-1,Black,<=5s vs 10-15s,1059
Z5RZuU7q,45,0-1,White,<=5s vs 10-15s,1249
8LQ31Gbz,63,1-0,White,<=5s vs 10-15s,1687
9NNzXX7C,80,1-0,Black,<=5s vs 5-10s,2493
QnmdMTtJ,61,1-0,White,<=5s vs 15-20s,2009
7DQgDWVv,129,1/2-1/2,White,<=5s vs 5-10s,2608
mTlZGsRB,74,0-1,Black,<=5s vs <=5s,1794
fINyiz6B,96,0-1,Black,<=5s vs 10-15s,1826
5bIuO0tW,106,0-1,Black,<=5s vs 15-20s,2612
dQB0NrBg,48,0-1,Black,<=5s vs 15-20s,1118
0qNTWDzi,56,0-1,Black,<=5s vs 5-10s,1089
JmTbjjyg,79,1-0,White,<=5s vs 10-15s,1684
n2TZR4u5,149,1/2-1/2,White,<=5s vs 5-10s,1876
A77BueVi,59,1-0,White,<=5s vs 10-15s,2091
YLVlprjY,110,1/2-1/2,Black,<=5s vs 5-10s,2414
uI1EIqnv,53,1-0,White,<=5s vs 10-15s,1083
MTlJ0R0k,86,0-1,Black,<=5s vs 10-15s,2045
L5BrxiCZ,68,0-1,Black,<=5s vs 10-15s,2092
eIj2l7d6,56,0-1,Black,<=5s vs 15-20s,1229
iyQP1Han,131,1/2-1/2,White,<=5s vs 5-10s,1917
PE5gDxYV,67,1-0,White,<=5s vs 10-15s,1740
QGY75j4V,79,1-0,White,<=5s vs 5-10s,2270
72vHsJtn,53,1-0,White,<=5s vs 5-10s,1451
Tx026gLm,107,1-0,White,<=5s vs 15-20s,2145
h3mVGSuj,96,0-1,Black,<=5s vs 5-10s,2630
xbd3C9IJ,62,0-1,Black,<=5s vs 5-10s,1491
7bnPoNXl,93,1-0,White,<=5s vs 10-15s,1735
HPqArXOB,82,0-1,Black,<=5s vs 10-15s,1960
GFz2xxWG,68,1-0,Black,<=5s vs <=5s,1738
ekRSlleu,57,1-0,White,<=5s vs 5-10s,1926
Cb3jADjf,73,1-0,White,<=5s vs 15-20s,1415
wkRxdVgD,68,0-1,Black,<=5s vs 5-10s,1330
PcWvXLkc,71,1-0,White,<=5s vs 5-10s,2449
B75pa29l,68,1-0,Black,<=5s vs <=5s,1104
35zQuwNX,47,1-0,White,<=5s vs 15-20s,1270
Ox0YjnI5,68,1-0,Black,<=5s vs 5-10s,1763
t2GVlI8y,72,0-1,Black,<=5s vs 5-10s,1202
1DVhkTGK,68,0-1,Black,<=5s vs 15-20s,1404
6NflIf63,53,1-0,White,<=5s vs 10-15s,1377
DJJEGM16,103,1-0,White,<=5s vs <=5s,2402
mbWyOEse,102,0-1,Black,<=5s vs 5-10s,2197
50ssZmvn,78,0-1,Black,<=5s vs <=5s,2038
2xiem4EF,72,0-1,Black,<=5s vs 5-10s,2221
jhwfeKbH,69,1-0,White,<=5s vs 10-15s,1760
IRlPPSAF,71,1-0,White,<=5s vs 15-20s,2461
6jPuJ4Dp,46,0-1,Black,<=5s vs 5-10s,969
0xct8TJY,114,1/2-1/2,Black,<=5s vs 5-10s,2427
KdCv9IwJ,59,1-0,White,<=5s vs 15-20s,1493
xGHAkgki,50,0-1,Black,<=5s vs 10-15s,1493
UJMT8Zph,62,0-1,Black,<=5s vs 10-15s,2049
AV4xMNaM,62,1-0,Black,<=5s vs <=5s,1237
SYEp0a6M,122,0-1,Black,<=5s vs 10-15s,1793
469LwD7i,103,1-0,White,<=5s vs 15-20s,2580
C454PlHG,85,1-0,White,<=5s vs 5-10s,1973
sIKB4n0q,54,0-1,Black,<=5s vs 10-15s,1496
AlK7u38U,86,0-1,Black,<=5s vs 5-10s,2441
dUBRC6t1,70,0-1,Black,<=5s vs 10-15s,1481
9ewsEerE,119,1-0,White,<=5s vs 5-10s,2631
8BOusXLz,54,0-1,Black,<=5s vs <=5s,1115
Voy6nOde,120,0-1,Black,<=5s vs 15-20s,2362
ZlQ7EPaQ,73,1-0,White,<=5s vs 15-20s,2023
F7TiFDwo,70,0-1,Black,<=5s vs 5-10s,1845
kgcr2Kjk,91,1-0,White,<=5s vs 5-10s,2006
UZNxdCvn,53,0-1,White,<=5s vs 10-15s,1833
96kGiQnO,88,1-0,Black,<=5s vs <=5s,1759
stzLbmWl,67,1-0,White,<=5s vs 5-10s,1521
KKUPAhaJ,69,1-0,White,<=5s vs 10-15s,2166
CLjbcrLx,70,1-0,Black,<=5s vs <=5s,2083
octTuOVj,58,0-1,Black,<=5s vs 15-20s,1576
dolNG8Nx,60,0-1,Black,<=5s vs 5-10s,1297
pxtzS4qN,54,0-1,Black,<=5s vs <=5s,1157
Uy7J45DM,70,0-1,Black,<=5s vs 5-10s,1828
YFwf8JeJ,68,1-0,Black,<=5s vs <=5s,2618
UzihAEco,88,0-1,Black,<=5s vs 10-15s,2089
TugXszpX,100,1-0,Black,<=5s vs <=5s,1805
HfenuGbD,136,1/2-1/2,Black,<=5s vs 5-10s,2369
3twVpMfR,104,0-1,Black,<=5s vs 15-20s,1904
753BEs8o,69,1-0,White,<=5s vs 5-10s,1044
EJrd5wiv,45,0-1,White,<=5s vs <=5s,1789
XIDflYui,43,1-0,White,<=5s vs 15-20s,1288
KsPTkJIw,69,1-0,White,<=5s vs 10-15s,1579
1dB9Pupf,55,1-0,White,<=5s vs 5-10s,1694
GTwWjAdl,78,0-1,Black,<=5s vs 10-15s,1747
1cY0ZWZx,123,1-0,White,<=5s vs 10-15s,2033
KDei2Rzd,61,1-0,White,<=5s vs 5-10s,2177
2pEWLNZQ,83,0-1,White,<=5s vs <=5s,1835
KnSi6E9v,48,0-1,Black,<=5s vs 15-20s,2036
tFHunJiq,70,1-0,Black,<=5s vs 5-10s,2338
5Q1cPGxW,134,0-1,Black,<=5s vs 15-20s,2469
znppthLS,82,0-1,Black,<=5s vs 5-10s,1711
2x9axtMw,77,1-0,White,<=5s vs <=5s,1707
vaPWDmpM,58,0-1,Black,<=5s vs 15-20s,1350
mpcOPfe7,56,0-1,Black,<=5s vs 10-15s,1670
3vRrCIcV,106,0-1,Black,<=5s vs 10-15s,2273
6z9OPQLQ,83,1-0,White,<=5s vs 5-10s,1702
dX6awRTe,44,0-1,Black,<=5s vs 10-15s,857
b9l11Ybj,83,1-0,White,<=5s vs 5-10s,2199
RsPskaNl,68,0-1,Black,<=5s vs 10-15s,1503
fvJETTi3,93,1-0,White,<=5s vs 5-10s,1769
PjId3PDM,57,1-0,White,<=5s vs 5-10s,1274
TrFq7rxh,62,1-0,Black,<=5s vs <=5s,909
HaCf2eEL,74,0-1,Black,<=5s vs 10-15s,1337
zENm9q3f,68,1-0,Black,<=5s vs 10-15s,2000
azYLeLp8,72,0-1,Black,<=5s vs 10-15s,1698
TnJxTqVl,129,1-0,White,<=5s vs 5-10s,2378
S1p6oPQS,97,1/2-1/2,White,<=5s vs <=5s,1622
hXHnQvg8,65,1-0,White,<=5s vs 15-20s,1713
GQfOCtjl,43,1-0,White,<=5s vs 15-20s,1194
iMsN1imO,72,0-1,Black,<=5s vs 10-15s,2164
UXcxMOyV,67,1-0,White,<=5s vs 10-15s,1753
dwTfAX0C,71,1-0,White,<=5s vs 5-10s,1761
pogzxxv9,70,0-1,Black,<=5s vs 5-10s,1333
41Utjj6k,69,1-0,White,<=5s vs 5-10s,1614
STaXKBZE,106,1-0,Black,<=5s vs 5-10s,2585
6T0LVPAn,127,1-0,White,<=5s vs 15-20s,2497
mww68CTC,52,0-1,Black,<=5s vs 10-15s,1250
IGYM0TgC,117,1-0,White,<=5s vs 15-20s,1342
SKTv83t4,92,0-1,Black,<=5s vs 10-15s,1795
S9xdmVho,76,0-1,Black,<=5s vs 10-15s,1793
84NuWHdZ,106,0-1,Black,<=5s vs 10-15s,2398
guDUV1uQ,52,0-1,Black,<=5s vs 10-15s,1908
IARJ115A,52,0-1,Black,<=5s vs 10-15s,1462
SX6g45aJ,57,1-0,White,<=5s vs 10-15s,1777
TOc2gzLK,86,1-0,Black,<=5s vs 5-10s,2659
BQOH6V8A,61,1-0,White,<=5s vs 10-15s,1377
OE4FtwFh,68,0-1,Black,<=5s vs 15-20s,2217
aUhCA9Vz,87,1-0,White,<=5s vs 5-10s,1034
FZVYFKMu,56,0-1,Black,<=5s vs 15-20s,2114
3i1NFCDP,116,1/2-1/2,Black,<=5s vs <=5s,1670
qWQgwN6P,132,0-1,Black,<=5s vs <=5s,2558
1UsIys7h,52,0-1,Black,<=5s vs 15-20s,1167
yXy6sVF5,59,1-0,White,<=5s vs 15-20s,1750
4LP2nP0B,76,1-0,Black,<=5s vs 10-15s,2005
0TuEcG2L,53,0-1,White,<=5s vs 15-20s,1937
mJjXOhSr,68,0-1,Black,<=5s vs 15-20s,1455
IQ5T4ZFN,54,0-1,Black,<=5s vs 15-20s,1222
dehOIqlU,79,1-0,White,<=5s vs 5-10s,2121
cSNVQVoX,67,1-0,White,<=5s vs 15-20s,2008
B8ZIBW6d,77,1-0,White,<=5s vs 10-15s,1262
EApnkQqK,84,1-0,Black,<=5s vs 5-10s,1421
OO5l8Y4M,61,1-0,White,<=5s vs 15-20s,1520
2M5Idu8q,118,0-1,Black,<=5s vs 10-15s,2221
rv98aVFt,65,1-0,White,<=5s vs 10-15s,2285
tfDh1ngL,81,1-0,White,<=5s vs 10-15s,2937
9ps84BhN,70,0-1,Black,<=5s vs 10-15s,2430
wPeith6g,73,1-0,White,<=5s vs 10-15s,1692
ijdMFbpN,48,0-1,Black,<=5s vs 10-15s,1103
GyyoBR0W,59,1-0,White,<=5s vs 15-20s,1650
kW6a2Sfi,52,0-1,Black,<=5s vs 15-20s,1637
55MUKAh0,79,1-0,White,<=5s vs 10-15s,2256
9bA6dtCh,35,0-1,White,<=5s vs 5-10s,546
ecFyllmm,63,1-0,White,<=5s vs 15-20s,1767
9hVE7GK2,64,0-1,Black,<=5s vs 15-20s,1871
A8gd4wMA,61,1-0,White,<=5s vs 10-15s,2259
6dAgGCpG,85,1-0,White,<=5s vs 15-20s,1620
PLtOj5rX,69,1-0,White,<=5s vs 15-20s,1434
qaDA5JP4,55,1-0,White,<=5s vs 15-20s,1369
QgdB2zIE,87,1-0,White,<=5s vs 5-10s,2048
C6lvTbKD,78,0-1,Black,<=5s vs 15-20s,1801
l0XFH3Ni,106,0-1,Black,<=5s vs 10-15s,2827
TbHb1ROB,84,0-1,Black,<=5s vs 5-10s,2156
hcOCjDCw,66,0-1,Black,<=5s vs 10-15s,2114
21Rzexmt,44,0-1,Black,<=5s vs 10-15s,1869
ca6D4u1I,77,1-0,White,<=5s vs 5-10s,2112
asM3WXDE,81,1-0,White,<=5s vs 5-10s,1921
6ql5u8xV,55,1-0,White,<=5s vs 5-10s,829
y7fP6xxE,66,0-1,Black,<=5s vs 10-15s,2309
XI0UfiQP,76,0-1,Black,<=5s vs 15-20s,1744
a3bzxZQp,78,0-1,Black,<=5s vs 5-10s,2312
JCOEGrEx,61,0-1,White,<=5s vs 15-20s,2242
rTug5Uyu,123,1/2-1/2,White,<=5s vs 10-15s,3026
s1RmpTOe,44,0-1,Black,<=5s vs <=5s,745
5GAQJ7o2,51,1-0,White,<=5s vs 15-20s,1665
ysV9IsR6,89,1-0,White,<=5s vs 15-20s,2266
Pz5JAy70,70,1-0,Black,<=5s vs 5-10s,1934
IN9AsnUu,67,1-0,White,<=5s vs 5-10s,2074
6MCQBvtO,98,1/2-1/2,Black,<=5s vs <=5s,2071
QbfdTOe0,80,0-1,Black,<=5s vs 5-10s,2002
kGHpt9Pe,59,1-0,White,<=5s vs 10-15s,1318
86OAuQ6i,73,1-0,White,<=5s vs 5-10s,2363
m2ZhOpeC,79,1-0,White,<=5s vs 10-15s,2091
Qn3e7An6,71,1-0,White,<=5s vs 15-20s,1515
jRUaKfwr,57,1-0,White,<=5s vs 15-20s,1790
61e2YXKB,68,0-1,Black,<=5s vs 15-20s,1164
ugir1P4u,56,0-1,Black,<=5s vs 10-15s,1186
rIQ1z0av,48,0-1,Black,<=5s vs 10-15s,1097
1TwbfJat,74,1-0,Black,<=5s vs 5-10s,1408
TPXdvoGZ,42,0-1,Black,<=5s vs 10-15s,1591
OlhTWjS9,63,1-0,White,<=5s vs 10-15s,1752
Ec6pFHGj,86,0-1,Black,<=5s vs 15-20s,1946
6Yj517pf,71,1-0,White,<=5s vs 5-10s,2284
Q9puj5Wt,67,1-0,White,<=5s vs 10-15s,2208
N5iGgKj7,57,1-0,White,<=5s vs 15-20s,1842
pYh2sIEh,111,1-0,White,<=5s vs <=5s,2129
OOdGyUPH,91,1-0,White,<=5s vs 15-20s,2539
HCru5a0o,60,0-1,Black,<=5s vs 10-15s,1716
E18sB4pt,61,1-0,White,<=5s vs <=5s,1741
ENYXmcaR,75,1-0,White,<=5s vs 5-10s,1877
hfM5M15d,49,1-0,White,<=5s vs 15-20s,1252
kcjOhMDS,44,0-1,Black,<=5s vs 5-10s,720
t5Nkbbn8,81,0-1,White,<=5s vs <=5s,2384
K8wIqSdf,74,0-1,Black,<=5s vs 5-10s,1410
CYcQjrCO,60,1-0,Black,<=5s vs 10-15s,1968
ZJMpmbmE,73,1-0,White,<=5s vs 15-20s,1778
WlI5ynKd,95,0-1,White,<=5s vs 5-10s,991
5PlK4amF,61,0-1,White,<=5s vs 5-10s,1058
mn0NBVJr,124,1-0,Black,<=5s vs 15-20s,2527
Y2G8Z5vy,68,0-1,Black,<=5s vs 5-10s,1806
geRmV8cx,62,0-1,Black,<=5s vs 10-15s,2114
clmnvEDF,100,1-0,Black,<=5s vs <=5s,1288
yC8jgobf,88,0-1,Black,<=5s vs 10-15s,2333
oJ9f6cOC,43,0-1,White,<=5s vs 5-10s,1310
Yavn55rD,88,1-0,Black,<=5s vs <=5s,2206
L7pSaLKQ,47,1-0,White,<=5s vs 10-15s,1252
jsP1cr4A,106,0-1,Black,<=5s vs 10-15s,1898
NYYEzYcc,40,1-0,Black,<=5s vs 5-10s,1282
Ar4t9bXu,75,1-0,White,<=5s vs 10-15s,2415
S8Cjs9SV,84,1-0,Black,<=5s vs <=5s,1564
VEYpgB14,108,0-1,Black,<=5s vs 15-20s,2748
tTyC1ZPy,60,0-1,Black,<=5s vs 15-20s,1759
SYYpLNuH,62,0-1,Black,<=5s vs <=5s,1807
vvUTT7Je,60,0-1,Black,<=5s vs 15-20s,1840
7Be5tLpi,103,1-0,White,<=5s vs 15-20s,2449
mfNU7bvm,64,1-0,Black,<=5s vs <=5s,1958
ZxjLk7Dx,88,0-1,Black,<=5s vs 15-20s,2635
p7Htw8fH,93,1-0,White,<=5s vs 5-10s,1796
B9UypKvy,121,1-0,White,<=5s vs 15-20s,2000
7NhOv2qw,66,0-1,Black,<=5s vs 10-15s,1376
kpOi3GoT,98,0-1,Black,<=5s vs 15-20s,2556
J2M2ZLYK,127,1/2-1/2,White,<=5s vs 15-20s,2693
kqRiJc2p,76,0-1,Black,<=5s vs 10-15s,1563
7Ft1KA93,61,1-0,White,<=5s vs 10-15s,1645
2gZjCAIF,109,0-1,White,<=5s vs <=5s,2173
S8aaqqqq,45,1-0,White,<=5s vs 15-20s,1433
Xn0Fj37h,57,1-0,White,<=5s vs 15-20s,1177
TrjmHz6N,74,0-1,Black,<=5s vs <=5s,1994
FF5q98VW,61,1-0,White,<=5s vs 5-10s,1533
4z9m03Ej,60,1-0,Black,<=5s vs <=5s,2240
RfQHyWvD,71,1-0,White,<=5s vs 10-15s,2204
ycIlOQSS,69,1-0,White,<=5s vs 15-20s,1844
30QC9e3T,55,1-0,White,<=5s vs 10-15s,914
LqGKk9c7,113,0-1,White,<=5s vs 10-15s,1897
Xu9UPCyW,131,0-1,White,<=5s vs 10-15s,2094
aqkAfubz,59,1-0,White,<=5s vs 5-10s,1629
SU5jkbFd,70,0-1,Black,<=5s vs 10-15s,2621
aVuH5cZk,61,1-0,White,<=5s vs 5-10s,1107
IYa1Oelx,77,1-0,White,<=5s vs 5-10s,2160
ztfTCPWl,55,1-0,White,<=5s vs 10-15s,1086
bPtTzG4C,68,1-0,Black,<=5s vs <=5s,1082
harA8VyX,49,1-0,White,<=5s vs 5-10s,1385
Aawpglug,90,1/2-1/2,Black,<=5s vs 5-10s,1782
tQgDJ869,105,1/2-1/2,White,<=5s vs 10-15s,2192
vtav7CNU,98,0-1,Black,<=5s vs 15-20s,2428
mN1AUF90,78,0-1,Black,<=5s vs 5-10s,1467
ROITvEvz,120,0-1,Black,<=5s vs 5-10s,2343
nbvfN32k,66,0-1,Black,<=5s vs 15-20s,1763
oZcnDk19,79,1-0,White,<=5s vs 5-10s,1883
7Uxl0HCK,86,0-1,Black,<=5s vs <=5s,1786
V0A5UZop,74,0-1,Black,<=5s vs 10-15s,1266
5OXjaN5f,66,0-1,Black,<=5s vs 5-10s,1637
GYbWJHM0,56,0-1,Black,<=5s vs 5-10s,1182
ln5AldVe,68,0-1,Black,<=5s vs 5-10s,1335
Xa9zBGzn,69,1-0,White,<=5s vs 10-15s,1284
mwn5Q0Mq,116,0-1,Black,<=5s vs <=5s,2099
ikmH6BXu,108,1-0,Black,<=5s vs <=5s,1194
HOdwsH94,54,0-1,Black,<=5s vs 15-20s,1273
1psIeTDo,49,1-0,White,<=5s vs 5-10s,1892
qkKrBlzC,83,1-0,White,<=5s vs 15-20s,2453
TIA9TkmA,46,1-0,Black,<=5s vs <=5s,1314
H4jZNmXz,116,0-1,Black,<=5s vs 5-10s,1977
y6moA3xb,92,0-1,Black,<=5s vs 15-20s,1929
35QI1BGW,82,0-1,Black,<=5s vs <=5s,2243
JYC4a1Bb,101,1-0,White,<=5s vs 5-10s,2239
eWo1CwPc,69,1-0,White,<=5s vs 10-15s,1963
BuM1u70d,58,0-1,Black,<=5s vs 15-20s,1507
FVS0X5DS,51,0-1,White,<=5s vs <=5s,1054
7hlOEWL8,101,1-0,White,<=5s vs <=5s,2163
FSLTUaHA,97,0-1,White,<=5s vs 5-10s,2718
Ob7BTjW2,91,1-0,White,<=5s vs 10-15s,2573
fgH0VNeB,48,0-1,Black,<=5s vs 10-15s,1919
nd628fF4,72,0-1,Black,<=5s vs 10-15s,2355
xIWvFMTx,54,0-1,Black,<=5s vs <=5s,1512
5XB7AaYR,58,1-0,Black,<=5s vs 10-15s,1841
iSbeLy9z,67,1-0,White,<=5s vs 15-20s,1260
Q083aZIx,62,0-1,Black,<=5s vs 15-20s,2205
5OfhEpSq,64,0-1,Black,<=5s vs <=5s,1019
C8SJy4uj,75,1-0,White,<=5s vs 10-15s,2247
MJ3SsyAZ,63,0-1,White,<=5s vs 5-10s,2602
HNCTQdHJ,101,0-1,White,<=5s vs <=5s,2080
hf73qjyc,67,1-0,White,<=5s vs 5-10s,1742
QqgksiNk,60,0-1,Black,<=5s vs <=5s,1239
VjfBIimw,74,0-1,Black,<=5s vs 15-20s,1312
34gv1AfU,136,0-1,Black,<=5s vs 5-10s,2524
cpoP89zC,78,0-1,Black,<=5s vs 10-15s,2102
MUCUJU2B,68,0-1,Black,<=5s vs 5-10s,2335
so89xEKD,85,0-1,White,<=5s vs <=5s,1632
K90dUtZS,57,1-0,White,<=5s vs 15-20s,1628
NbsF8nty,58,0-1,Black,<=5s vs 10-15s,1680
Js3sO9hI,77,1-0,White,<=5s vs 10-15s,2625
jTMAhl8G,68,1-0,Black,<=5s vs <=5s,1391
v2IpArNc,60,0-1,Black,<=5s vs 15-20s,2063
fQesn7mP,76,0-1,Black,<=5s vs 5-10s,2108
oAJ0dEKn,52,0-1,Black,<=5s vs 10-15s,1680
Iqg7qCEv,48,0-1,Black,<=5s vs 15-20s,1250
i9jmthCe,100,1/2-1/2,Black,<=5s vs 5-10s,2452
6vagJ6vf,66,0-1,Black,<=5s vs 10-15s,2032
RqYTT8jD,128,0-1,Black,<=5s vs 5-10s,2468
16DeYq9W,69,1-0,White,<=5s vs 10-15s,1472
oFOXJumV,51,0-1,White,<=5s vs 5-10s,783
ZSoItnOB,54,0-1,Black,<=5s vs <=5s,1446
2g3ObhGo,111,1-0,White,<=5s vs 15-20s,1683
ahpKp8jM,50,1-0,Black,<=5s vs 15-20s,1387
eaedXB6e,46,0-1,Black,<=5s vs <=5s,1544
m4Gc8SF6,58,0-1,Black,<=5s vs 15-20s,1990
VF5c1icV,169,1-0,White,<=5s vs 5-10s,2555
BlbIpyra,82,0-1,Black,<=5s vs 15-20s,1747
aOxpxsXr,74,0-1,Black,<=5s vs 15-20s,2384
hBk80Shz,52,0-1,Black,<=5s vs 10-15s,1299
dE6Ysqi4,87,0-1,White,<=5s vs 5-10s,2034
SrWXhMcQ,70,0-1,Black,<=5s vs 15-20s,1677
QwIKMLo5,62,0-1,Black,<=5s vs 15-20s,1453
n0mdzNFG,59,1-0,White,<=5s vs 15-20s,1387
VBf1mBH0,60,0-1,Black,<=5s vs 5-10s,1659
Rpe3I05E,44,1-0,Black,<=5s vs <=5s,1022
14Xfxe8L,71,1-0,White,<=5s vs 10-15s,2148
uuAjlBkR,102,0-1,Black,<=5s vs 5-10s,1955
5zhSfKzG,53,1-0,White,<=5s vs <=5s,1289
pYszNayd,56,0-1,Black,<=5s vs 15-20s,1137
NtrncLNo,44,0-1,Black,<=5s vs 15-20s,1117
Xx9DjS2L,109,1/2-1/2,White,<=5s vs <=5s,2173
bLClkQFi,106,1/2-1/2,Black,<=5s vs <=5s,2574
2nKGKIWu,57,1-0,White,<=5s vs 10-15s,1373
7oi91ii7,70,0-1,Black,<=5s vs 15-20s,2169
bZRzLUjV,111,1/2-1/2,White,<=5s vs 5-10s,2237
jHTVamR3,66,0-1,Black,<=5s vs 5-10s,1242
N2qDKWOd,119,0-1,White,<=5s vs 5-10s,1741
MKlO7gWw,88,1-0,Black,<=5s vs <=5s,1425
fQ4uqEEx,63,1-0,White,<=5s vs 15-20s,1841
imgrXAKm,31,1-0,White,<=5s vs 5-10s,1500
RAi4uOkR,125,1-0,White,<=5s vs 5-10s,3145
UTCr1E88,126,0-1,Black,<=5s vs 5-10s,2156
FDFqzbms,52,0-1,Black,<=5s vs 5-10s,2415
0a47g9KJ,56,0-1,Black,<=5s vs 15-20s,1662
IgDv3Wrp,97,1-0,White,<=5s vs 10-15s,1481
DPSxUdxX,75,1-0,White,<=5s vs <=5s,1513
GxuGnVRz,72,0-1,Black,<=5s vs 5-10s,1809
ADnqtC4k,96,0-1,Black,<=5s vs 5-10s,2346
de13sVQN,49,0-1,White,<=5s vs 10-15s,1653
pt3tWYzk,59,1-0,White,<=5s vs 15-20s,1569
KpfZQtn0,58,0-1,Black,<=5s vs 5-10s,1702
fizz8hhh,100,0-1,Black,<=5s vs 5-10s,2458
9zUUl55m,74,0-1,Black,<=5s vs 5-10s,1605
hqkUxcni,70,0-1,Black,<=5s vs 5-10s,2040
KBEzHAGj,65,1-0,White,<=5s vs 15-20s,1298
dRlVyCRj,75,1-0,White,<=5s vs 10-15s,1983
8d0gyw0c,107,1-0,White,<=5s vs 15-20s,2395
eFAb5c7D,69,1-0,White,<=5s vs 10-15s,1515
Gzr5ZaMb,47,1-0,White,<=5s vs 5-10s,1731
LmjA72JE,51,1-0,White,<=5s vs 10-15s,1471
jolFb5aG,60,0-1,Black,<=5s vs 10-15s,1280
lUggxLw9,68,0-1,Black,<=5s vs 10-15s,2344
o1TDtqip,42,0-1,Black,<=5s vs 10-15s,1607
6VSRoUaJ,80,0-1,Black,<=5s vs 5-10s,2717
a2GQpltB,46,0-1,Black,<=5s vs 15-20s,1091
YuacoUCL,63,0-1,White,<=5s vs 5-10s,1111
T1orftop,105,1-0,White,<=5s vs 15-20s,2344
DbBjbyMh,70,0-1,Black,<=5s vs 5-10s,2003
2nVXEH9g,75,0-1,White,<=5s vs <=5s,1828
u9kykXMO,97,1-0,White,<=5s vs 15-20s,1420
hiMSX6NE,89,1-0,White,<=5s vs 15-20s,1215
vxqYfCUf,97,1-0,White,<=5s vs 15-20s,1163
KHFozhEM,66,0-1,Black,<=5s vs 5-10s,1569
wMrXnNv2,57,1-0,White,<=5s vs 15-20s,1064
jDycZWLE,65,1-0,White,<=5s vs 10-15s,2388
EiDtAOEM,101,1-0,White,<=5s vs 15-20s,2290
F9GARxpy,137,0-1,White,<=5s vs <=5s,2396
9PZaAz8J,74,0-1,Black,<=5s vs 10-15s,2652
MtZvC3Qt,67,1-0,White,<=5s vs 10-15s,1970
7ScmuGoZ,45,1-0,White,<=5s vs 15-20s,1712
keCPo78b,57,1-0,White,<=5s vs 5-10s,1840
PkQ8lFKF,63,1-0,White,<=5s vs 10-15s,1680
IP9Y3ZjJ,80,0-1,Black,<=5s vs 5-10s,2397
qQ9eZLC8,90,0-1,Black,<=5s vs 15-20s,2481
KkTNSi23,95,1-0,White,<=5s vs 5-10s,1347
x3qKnq2r,68,0-1,Black,<=5s vs 5-10s,2574
TNJ9s0Zl,67,1-0,White,<=5s vs 15-20s,1271
0q329BPy,79,0-1,White,<=5s vs <=5s,1857
0PJ1RsO1,54,0-1,Black,<=5s vs 5-10s,1631
EyO1wcVg,141,1-0,White,<=5s vs 15-20s,2014
IOTgbU9j,77,1-0,White,<=5s vs 10-15s,2266
5hqeYgtf,82,0-1,Black,<=5s vs 5-10s,1928
vbnLJ225,63,1-0,White,<=5s vs 15-20s,1185
1gmKYfTL,92,0-1,Black,<=5s vs <=5s,1839
9hzjlTgU,119,0-1,White,<=5s vs 5-10s,2238
L31ggkLy,91,1-0,White,<=5s vs <=5s,2201
bTnkKAXJ,52,0-1,Black,<=5s vs 10-15s,1505
DuoyrSUV,46,0-1,Black,<=5s vs 15-20s,1090
5ZhbVkSo,85,0-1,White,<=5s vs <=5s,1895
AzZ7Vz9H,61,1-0,White,<=5s vs 5-10s,2228
dRhYvZsW,102,0-1,Black,<=5s vs 15-20s,2215
lob9x7QG,167,1/2-1/2,White,<=5s vs 5-10s,1278
Dv8mpI84,53,1-0,White,<=5s vs 15-20s,1692
dWHQzqBB,64,0-1,Black,<=5s vs 5-10s,1403
IsFrVhlB,58,0-1,Black,<=5s vs 5-10s,2267
BgQJbC53,72,1-0,Black,<=5s vs <=5s,2012
WngtrXwM,54,0-1,Black,<=5s vs 15-20s,1622
U3PRMiRO,85,1-0,White,<=5s vs 5-10s,2194
Jyh5mA6x,59,1-0,White,<=5s vs 15-20s,1087
2go5JMMW,76,0-1,Black,<=5s vs 10-15s,2377
RUoy4U25,106,0-1,Black,<=5s vs <=5s,2405
LhadlYbT,53,1-0,White,<=5s vs 15-20s,1282
IcZT2aDr,90,0-1,Black,<=5s vs <=5s,1544
08e8RPVE,79,1-0,White,<=5s vs 5-10s,2288
cP3CVIa5,80,0-1,Black,<=5s vs 10-15s,1602
h0O0D32i,57,1-0,White,<=5s vs 15-20s,2359
gvslVAyX,63,1-0,White,<=5s vs 10-15s,1443
WMT9v4kR,64,0-1,Black,<=5s vs 5-10s,1598
iAvdMSDN,66,0-1,Black,<=5s vs 5-10s,1405
wxvhc5wF,55,1-0,White,<=5s vs <=5s,1737
fzBNyhdi,78,0-1,Black,<=5s vs 5-10s,2494
B5rfQicY,59,0-1,White,<=5s vs 5-10s,1303
eQMKceE7,46,0-1,Black,<=5s vs 10-15s,1706
CRClllFs,47,1-0,White,<=5s vs 15-20s,1153
2gdTsmSz,91,1-0,White,<=5s vs 5-10s,2426
DMYLC9jS,134,0-1,Black,<=5s vs 10-15s,2447
ilav0IpP,57,1-0,White,<=5s vs 10-15s,1856
Km5UYMqK,93,1-0,White,<=5s vs 5-10s,2251
RnSZF5wz,99,1-0,White,<=5s vs 5-10s,2649
7WBImvTn,62,0-1,Black,<=5s vs 15-20s,1586
88COjgHP,66,0-1,Black,<=5s vs <=5s,2184
gkdzYPft,96,0-1,Black,<=5s vs 5-10s,1547
EX0w9LdO,52,0-1,Black,<=5s vs 5-10s,2645
ecD0d8KC,72,1-0,Black,<=5s vs 5-10s,1256
VLXiMUfL,48,0-1,Black,<=5s vs 5-10s,2121
rC8qIFx4,50,0-1,Black,<=5s vs 15-20s,1696
aWV6gIsI,52,0-1,Black,<=5s vs 10-15s,1769
mswLoWGe,63,1-0,White,<=5s vs 5-10s,874
DSCO8YDo,65,1-0,White,<=5s vs 10-15s,1546
1ZOsCnNf,87,1-0,White,<=5s vs 10-15s,2141
ZGnNSAZF,75,0-1,White,<=5s vs 5-10s,1442
DRbS34nE,63,1-0,White,<=5s vs 15-20s,2619
3BQ7rVhE,46,0-1,Black,<=5s vs 10-15s,607
YAvK8lT2,68,0-1,Black,<=5s vs 10-15s,1886
F44Oe9bN,79,1-0,White,<=5s vs 10-15s,1627
M2hGKHKj,74,1-0,Black,<=5s vs 10-15s,874
Wuw1IB8x,69,1-0,White,<=5s vs 10-15s,2255
MDWjcyjL,118,1/2-1/2,Black,<=5s vs 5-10s,2329
GqGnCwpj,75,1-0,White,<=5s vs 5-10s,2148
7YpsauYs,100,0-1,Black,<=5s vs 5-10s,2783
RuS3ZLs0,55,0-1,White,<=5s vs 15-20s,2089
tQz0x7Hh,67,1-0,White,<=5s vs 10-15s,1864
FCWj9dn5,98,1-0,Black,<=5s vs 10-15s,1655
w3nhViGl,111,1-0,White,<=5s vs 15-20s,2311
l4jU80WQ,59,0-1,White,<=5s vs 5-10s,1144
Sf2zDHtu,57,1-0,White,<=5s vs 15-20s,978
HhT421KC,69,1-0,White,<=5s vs <=5s,1522
7KPee0Xa,66,0-1,Black,<=5s vs 10-15s,2054
AAupWVzg,57,0-1,White,<=5s vs 5-10s,1145
rxPC8bL1,111,0-1,White,<=5s vs 5-10s,2632
xJCpe1fF,84,0-1,Black,<=5s vs 15-20s,2184
w2BL3qfP,58,0-1,Black,<=5s vs 15-20s,1905
fw3v0xA4,61,0-1,White,<=5s vs 5-10s,1894
Gt04qO9i,79,1-0,White,<=5s vs 5-10s,2272
ge0yTvCs,62,0-1,Black,<=5s vs 5-10s,1754
9bLDj2l2,60,0-1,Black,<=5s vs <=5s,1905
c9PH1rs1,59,1-0,White,<=5s vs <=5s,1828
qeIdkHHG,88,0-1,Black,<=5s vs 10-15s,2044
STqn7SWR,104,0-1,Black,<=5s vs <=5s,2416
OrQ7h21p,115,1-0,White,<=5s vs 15-20s,1659
l63s2KWX,73,1-0,White,<=5s vs 5-10s,2018
LpDh05pl,52,0-1,Black,<=5s vs 10-15s,1862
tfLyX5pB,61,1-0,White,<=5s vs 10-15s,1939
wDX0kx1m,143,1-0,White,<=5s vs 10-15s,2206
Wyfdk567,60,1-0,Black,<=5s vs 5-10s,1345
kDAHR5v2,90,0-1,Black,<=5s vs <=5s,2226
vsEBfxUN,51,0-1,White,<=5s vs 15-20s,2048
JmR4pce9,74,0-1,Black,<=5s vs 5-10s,2190
COOerscC,128,0-1,Black,<=5s vs 5-10s,2427
hbhds3dI,82,0-1,Black,<=5s vs 10-15s,2467
oY8sFgMS,74,0-1,Black,<=5s vs <=5s,1784
S83dBVex,107,1-0,White,<=5s vs 5-10s,3096
8PVlkg34,47,1-0,White,<=5s vs 5-10s,1370
B7G5IGnx,85,1-0,White,<=5s vs 10-15s,2493
1577lMiN,59,1-0,White,<=5s vs 10-15s,1122
2f9QEmNs,81,1-0,White,<=5s vs 15-20s,1483
sTFj1yzz,84,0-1,Black,<=5s vs 5-10s,2002
EKY4ut6J,56,0-1,Black,<=5s vs 10-15s,1054
fEqEa8ki,99,0-1,White,<=5s vs <=5s,2330
qlZ9fyI3,66,0-1,Black,<=5s vs 15-20s,1878
HxFRKwoQ,81,1-0,White,<=5s vs 10-15s,2266
UnLocXtr,128,1/2-1/2,Black,<=5s vs 5-10s,2779
y4TgBnBt,154,0-1,Black,<=5s vs 5-10s,2621
651lV5Dg,62,0-1,Black,<=5s vs 5-10s,1335
OrONzilL,77,1-0,White,<=5s vs 10-15s,2058
EuooMoNe,93,1-0,White,<=5s vs 5-10s,1977
4RAVhyQe,49,1-0,White,<=5s vs 15-20s,1285
bOBRY0NF,56,0-1,Black,<=5s vs 5-10s,1872
wXGvqevk,93,1-0,White,<=5s vs 15-20s,2495
NJcAVKmR,47,1-0,White,<=5s vs 5-10s,1514
RXDr9MLB,62,0-1,Black,<=5s vs 5-10s,1670
7EJyfsYC,35,1-0,White,<=5s vs 15-20s,1658
EWJFukDx,120,0-1,Black,<=5s vs 10-15s,1600
SHX9oZu1,112,1-0,Black,<=5s vs 15-20s,2365
Z9r0p3Xh,169,1-0,White,<=5s vs 15-20s,2095
Sztx0gvQ,61,1-0,White,<=5s vs 10-15s,1826
p3BvudRa,119,1/2-1/2,White,<=5s vs 15-20s,1791
fdhGXMB6,68,0-1,Black,<=5s vs 15-20s,1549
2Ec776In,49,0-1,White,<=5s vs 5-10s,1290
9SYiVOJw,82,0-1,Black,<=5s vs 10-15s,1732
dx7aIL6E,73,1-0,White,<=5s vs 15-20s,1931
xtSromXW,56,0-1,Black,<=5s vs 15-20s,1266
noCTvXpn,64,0-1,Black,<=5s vs 10-15s,1635
EmGcMUgO,82,0-1,Black,<=5s vs 5-10s,1454
k1fzST4B,69,1-0,White,<=5s vs 15-20s,1696
cTR1D6Vr,74,0-1,Black,<=5s vs <=5s,1205
RfCaEAFx,79,0-1,White,<=5s vs 5-10s,2175
epEwc7GD,94,1-0,Black,<=5s vs <=5s,2192
PkSOZ3DN,70,0-1,Black,<=5s vs 10-15s,2134
kpXR9b8E,68,0-1,Black,<=5s vs 10-15s,1952
C4qN6PPI,72,0-1,Black,<=5s vs 10-15s,1718
gZwwdZdZ,150,0-1,Black,<=5s vs 5-10s,2052
6EVyflTn,108,0-1,Black,<=5s vs 15-20s,2133
jvHM0K6O,79,1-0,White,<=5s vs 10-15s,2521
I56DT9BG,66,0-1,Black,<=5s vs <=5s,1410
mITwQ8ua,102,0-1,Black,<=5s vs 10-15s,2455
nRYbWOU7,53,0-1,White,<=5s vs 5-10s,1278
PUV6cBYm,47,1-0,White,<=5s vs 10-15s,1516
WudmSOnD,52,1-0,Black,<=5s vs 5-10s,1529
Mx4Ztiso,83,1-0,White,<=5s vs 5-10s,1964
xFzHpbgf,105,1-0,White,<=5s vs 15-20s,2339
C87PhEo6,77,1/2-1/2,White,<=5s vs 5-10s,1964
QDInM8j7,63,1-0,White,<=5s vs 15-20s,1736
KtUf5wuP,54,0-1,Black,<=5s vs 15-20s,1436
HwtT2pyB,59,1-0,White,<=5s vs 15-20s,1732
6OAnuOmo,70,0-1,Black,<=5s vs 15-20s,1736
owGG8nx7,83,1-0,White,<=5s vs 5-10s,1976
1ldRdRw6,52,0-1,Black,<=5s vs 5-10s,1493
4Y9a7tkH,61,1-0,White,<=5s vs 15-20s,1746
OV1y7dJ2,66,1-0,Black,<=5s vs 5-10s,1946
Xjl5thT3,74,0-1,Black,<=5s vs 5-10s,1386
Mwt1CiL4,45,1-0,White,<=5s vs 5-10s,688
LIEDt3La,55,1-0,White,<=5s vs 10-15s,954
F7p3Znux,61,1-0,White,<=5s vs 15-20s,1666
fOKpFedM,118,0-1,Black,<=5s vs 15-20s,2487
YJ8nsPhQ,54,1-0,Black,<=5s vs <=5s,1441
O9zoXbOI,80,1-0,Black,<=5s vs 5-10s,1976
uBnJsCw6,86,1-0,Black,<=5s vs <=5s,1412
67tWbXVn,120,0-1,Black,<=5s vs 15-20s,2500
4bkgbnuC,84,0-1,Black,<=5s vs 15-20s,1037
spGvKq8t,57,1-0,White,<=5s vs 5-10s,1368
h1NRFZ60,128,0-1,Black,<=5s vs 15-20s,2716
79lijSlu,93,1-0,White,<=5s vs 15-20s,2267
QEE2XEe4,51,1-0,White,<=5s vs 5-10s,1365
XCTe7QhT,123,1/2-1/2,White,<=5s vs 15-20s,2103
W5IxdzA8,110,1-0,Black,<=5s vs 10-15s,2087
Eg2zE8EK,59,1-0,White,<=5s vs 5-10s,839
7e64fBmf,76,0-1,Black,<=5s vs 15-20s,2399
OrtKYddU,90,1/2-1/2,Black,<=5s vs 10-15s,1848
Fn8A8bfQ,59,0-1,White,<=5s vs 10-15s,2029
C9Q5DBJK,65,1-0,White,<=5s vs 15-20s,2293
GNn6ymDk,79,1-0,White,<=5s vs 10-15s,1803
A2FQcKxe,43,1-0,White,<=5s vs 5-10s,1249
HTxIAA75,70,1-0,Black,<=5s vs 5-10s,1739
qmwEwlfp,108,0-1,Black,<=5s vs 15-20s,1204
x0IC32aH,107,0-1,White,<=5s vs 5-10s,2358
v6RsoSeJ,87,1-0,White,<=5s vs 15-20s,1408
h0a2vzyP,109,1-0,White,<=5s vs 5-10s,1598
AaN15ACU,57,1-0,White,<=5s vs 15-20s,1950
qqIPCdEh,115,1/2-1/2,White,<=5s vs 10-15s,1813
veTqmy6f,71,1-0,White,<=5s vs 10-15s,1592
3VUNksns,58,0-1,Black,<=5s vs 15-20s,1655
R4WJSqAW,62,0-1,Black,<=5s vs 5-10s,1320
xziR57Q7,54,0-1,Black,<=5s vs 10-15s,1486
OlQqwHIy,105,1-0,White,<=5s vs 15-20s,2157
1wZGcqjD,76,0-1,Black,<=5s vs 10-15s,1995
QhLSXOKo,55,0-1,White,<=5s vs 10-15s,1592
5KXtUIC1,63,1-0,White,<=5s vs 15-20s,1999
iSzehGt6,60,0-1,Black,<=5s vs 15-20s,1825
1dRYNBG5,68,0-1,Black,<=5s vs 10-15s,1437
uuFXS60e,84,1-0,Black,<=5s vs 5-10s,1820
pm7h7EAX,74,1-0,Black,<=5s vs 5-10s,1852
FZQnZAat,38,0-1,Black,<=5s vs 15-20s,1200
tTabfSCC,102,1/2-1/2,Black,<=5s vs 5-10s,2026
S3J66f2s,91,1-0,White,<=5s vs 5-10s,1448
1W2aiSjn,74,1-0,Black,<=5s vs <=5s,1707
5LL5Gjmt,102,0-1,Black,<=5s vs 10-15s,2366
ODCRj1Sh,56,0-1,Black,<=5s vs 5-10s,1310
3ot0QZvh,99,1-0,White,<=5s vs 5-10s,2389
rx3sebpR,61,1-0,White,<=5s vs 15-20s,2024
pgZqEaBj,62,0-1,Black,<=5s vs 15-20s,1694
dN3ScnMO,52,0-1,Black,<=5s vs 15-20s,1342
KWU0ZItn,106,0-1,Black,<=5s vs 10-15s,2267
gqlGnMxQ,76,0-1,Black,<=5s vs 10-15s,2004
TZOzd5Mm,50,0-1,Black,<=5s vs 10-15s,1122
9lZeDaHT,102,0-1,Black,<=5s vs 5-10s,1966
qUT8ZeB7,51,1-0,White,<=5s vs 5-10s,1105
nFDdHeDO,73,1-0,White,<=5s vs 15-20s,1601
do7jy2av,112,0-1,Black,<=5s vs <=5s,1805
aR0BEBsg,40,1-0,Black,<=5s vs 5-10s,730
h8hE5cLu,51,1-0,White,<=5s vs 5-10s,1361
3sOwQ4R1,67,1-0,White,<=5s vs 10-15s,1735
xWWKBoPA,93,1-0,White,<=5s vs 5-10s,2515
w45VZkQl,55,1-0,White,<=5s vs 5-10s,821
8HlHYGz5,81,1-0,White,<=5s vs 10-15s,1753
F3y5RDt4,56,0-1,Black,<=5s vs 15-20s,1315
B9SQoPkU,81,1-0,White,<=5s vs <=5s,1551
BWqFv2DZ,97,0-1,White,<=5s vs <=5s,2050
VrGnUM7O,117,1-0,White,<=5s vs 10-15s,1989
RFphu3tC,88,0-1,Black,<=5s vs 5-10s,1013
LfNnEiaF,75,1-0,White,<=5s vs 10-15s,1934
aAiMsLbu,104,0-1,Black,<=5s vs 5-10s,2381
v81cz97B,97,1/2-1/2,White,<=5s vs 10-15s,2167
xi9hnSGL,67,1-0,White,<=5s vs 15-20s,1788
DGkM41GL,55,1-0,White,<=5s vs 5-10s,2102
bRp1FQ5o,49,1-0,White,<=5s vs 15-20s,1721
esrfBnCD,66,0-1,Black,<=5s vs 10-15s,1242
EGYNNUcX,52,0-1,Black,<=5s vs 10-15s,1693
rLYSoIGj,90,0-1,Black,<=5s vs 10-15s,1654
z9Bx083g,83,1-0,White,<=5s vs <=5s,1401
kAEfUM8t,61,1-0,White,<=5s vs 15-20s,1700
LtyD6qR2,68,0-1,Black,<=5s vs 5-10s,1866
0ryeAMqC,114,0-1,Black,<=5s vs 15-20s,1955
VFcROvob,91,0-1,White,<=5s vs 5-10s,2462
980ILlPY,58,0-1,Black,<=5s vs 15-20s,2179
FCFg6G2v,99,1-0,White,<=5s vs 10-15s,1544
LkiZlucY,66,0-1,Black,<=5s vs 15-20s,2049
LRsdueHO,97,0-1,White,<=5s vs <=5s,1997
cMvvA7VV,91,1-0,White,<=5s vs 10-15s,2255
UlfzcRX7,93,1-0,White,<=5s vs 15-20s,2621
IgMq1zyW,82,1-0,Black,<=5s vs 5-10s,2153
5DIJytZy,81,1-0,White,<=5s vs 10-15s,2450
E3uj0LbY,106,1/2-1/2,Black,<=5s vs 10-15s,2402
83DCoGXu,117,1-0,White,<=5s vs 15-20s,2433
UOhdCZoc,58,0-1,Black,<=5s vs 10-15s,1816
kDZL7dv7,91,1-0,White,<=5s vs 10-15s,2033
v9ZW6XhJ,59,1-0,White,<=5s vs <=5s,1188
SCrHgpuE,75,1-0,White,<=5s vs 10-15s,1766
Ab7xmg6p,96,1-0,Black,<=5s vs <=5s,2892
7ZFwy7QC,60,1-0,Black,<=5s vs 5-10s,1149
YH9y1p0O,55,1-0,White,<=5s vs 15-20s,1908
2Qg49jL8,40,0-1,Black,<=5s vs <=5s,989
CgO8GeIe,50,1-0,Black,<=5s vs 5-10s,1554
gIfPADhC,64,0-1,Black,<=5s vs 5-10s,1661
FUto13lf,74,1-0,Black,<=5s vs 5-10s,1473
7CsALJJF,49,1-0,White,<=5s vs <=5s,1257
LzJPvABN,93,0-1,White,<=5s vs <=5s,2191
AkYhTJmZ,76,1-0,Black,<=5s vs <=5s,1812
HropDuT9,73,0-1,White,<=5s vs 5-10s,1992
5IPBICGC,67,0-1,White,<=5s vs <=5s,1501
SBNKw3nv,154,1/2-1/2,Black,<=5s vs 5-10s,1367
OJwRPyyo,61,1-0,White,<=5s vs 5-10s,1449
TIvzvJCY,68,0-1,Black,<=5s vs <=5s,1583
yrqQcO2J,65,1-0,White,<=5s vs 10-15s,2177
AxWnslSD,66,1-0,Black,<=5s vs 5-10s,2129
EXLf1t3X,92,1/2-1/2,Black,<=5s vs <=5s,2244
wsUHgGRw,67,0-1,White,<=5s vs 15-20s,2316
r9h4L4kv,64,0-1,Black,<=5s vs <=5s,1368
t0wHugLF,79,1-0,White,<=5s vs 5-10s,1808
VLJK2jJC,54,0-1,Black,<=5s vs 10-15s,1654
zYYpYyqM,75,1-0,White,<=5s vs 15-20s,2059
dQVCEiA0,68,0-1,Black,<=5s vs 5-10s,1800
12ed5WII,125,1/2-1/2,White,<=5s vs 10-15s,1532
4DujA1TP,80,0-1,Black,<=5s vs <=5s,1550
PEaSdm8M,62,0-1,Black,<=5s vs 10-15s,1470
ekar05Nu,86,0-1,Black,<=5s vs 10-15s,2635
uQlGN9Cl,52,1-0,Black,<=5s vs <=5s,1443
KA2dSn3t,90,0-1,Black,<=5s vs 15-20s,2230
MIctFnWD,120,1/2-1/2,Black,<=5s vs 10-15s,2306
p3WYGUYn,78,1-0,Black,<=5s vs <=5s,2158
WSvCZeZ3,75,1-0,White,<=5s vs 15-20s,1500
SXeph4Mg,122,1/2-1/2,Black,<=5s vs 5-10s,1771
jGgOttEq,119,1/2-1/2,White,<=5s vs 5-10s,2395
38BQ7bIU,62,0-1,Black,<=5s vs 15-20s,2025
rA4FaNwO,55,0-1,White,<=5s vs 5-10s,1818
7tMxcVGC,51,1-0,White,<=5s vs 15-20s,1522
KOLflmdm,93,1-0,White,<=5s vs 10-15s,1940
5YBpuQ2R,65,1-0,White,<=5s vs 10-15s,1353
z7jB5d3a,72,0-1,Black,<=5s vs 10-15s,1978
DrN1KNxy,75,1-0,White,<=5s vs 5-10s,2274
FkLJbvxS,38,0-1,Black,<=5s vs 15-20s,1059
ZUkezgtP,84,0-1,Black,<=5s vs 15-20s,2627
wQ1qsEPZ,52,1-0,Black,<=5s vs <=5s,1847
ULsphOU2,84,0-1,Black,<=5s vs 10-15s,2108
CtilveOG,33,1-0,White,<=5s vs 15-20s,770
bsHZoBc3,172,1/2-1/2,Black,<=5s vs 15-20s,2207
FebVxzDl,62,0-1,Black,<=5s vs 10-15s,1662
MGsloxRu,67,1-0,White,<=5s vs 10-15s,2161
hFc0AW4M,58,0-1,Black,<=5s vs <=5s,1282
IVFUscv3,48,0-1,Black,<=5s vs 10-15s,1679
VhEX2hda,49,1-0,White,<=5s vs 5-10s,1552
pRfejGYI,71,1-0,White,<=5s vs 10-15s,2061
KVQz5YTx,69,1-0,White,<=5s vs 15-20s,1940
nEqN6HEY,65,1-0,White,<=5s vs 15-20s,1106
IgWr3VeH,70,0-1,Black,<=5s vs 5-10s,1898
mcWXU9o1,51,1-0,White,<=5s vs 5-10s,1029
Vfbrhmk5,84,0-1,Black,<=5s vs 10-15s,2501
Jcx4synm,51,1-0,White,<=5s vs 15-20s,1672
S4QazVe1,63,1-0,White,<=5s vs 5-10s,1684
eXioEPy5,96,0-1,Black,<=5s vs 5-10s,2272
jxVcqkiV,72,0-1,Black,<=5s vs 15-20s,1711
NeeBpeai,70,0-1,Black,<=5s vs 5-10s,2587
X0C37j9P,60,0-1,Black,<=5s vs 5-10s,1783
M6uIVf2E,83,0-1,White,<=5s vs <=5s,2149
QdBwVxkk,67,0-1,White,<=5s vs 5-10s,1343
cpwaTvti,53,1-0,White,<=5s vs 15-20s,1885
b41TlKoe,98,1-0,Black,<=5s vs <=5s,2334
UXNSvPyh,102,1-0,Black,<=5s vs 15-20s,2046
7QLr93f7,70,0-1,Black,<=5s vs <=5s,2092
jtf2VOfh,80,1-0,Black,<=5s vs <=5s,2220
kH8OgN7Z,62,0-1,Black,<=5s vs 5-10s,2002
8IJt38WB,91,1-0,White,<=5s vs 10-15s,2633
P1iV5f9O,32,0-1,Black,<=5s vs 15-20s,1066
o0lymoqc,104,1-0,Black,<=5s vs 5-10s,2797
XzMgOkj3,51,1-0,White,<=5s vs 5-10s,1372
Z9U1ricq,58,0-1,Black,<=5s vs 5-10s,924
OF2CjJKF,69,1/2-1/2,White,<=5s vs 5-10s,2102
JWG6RQv8,70,1-0,Black,<=5s vs <=5s,2095
TqpFjHZm,75,1-0,White,<=5s vs 5-10s,2072
fM7FtN9F,78,0-1,Black,<=5s vs 15-20s,2072
Sf0OsGxY,136,1-0,Black,<=5s vs 10-15s,1763
9on81yCw,82,0-1,Black,<=5s vs <=5s,2128
SBP4JuVY,119,1-0,White,<=5s vs 10-15s,2313
x6gUhAmf,72,0-1,Black,<=5s vs 15-20s,1506
Ai7nFpuP,66,0-1,Black,<=5s vs 10-15s,1010
VSrH7hyT,95,1/2-1/2,White,<=5s vs 5-10s,2232
P2cpU8yW,70,1-0,Black,<=5s vs 5-10s,1594
9yvZcYmS,76,0-1,Black,<=5s vs 10-15s,2153
uacAVI0i,84,0-1,Black,<=5s vs 10-15s,1690
HI2vpaxU,77,0-1,White,<=5s vs 10-15s,2350
YkZP26UL,101,0-1,White,<=5s vs 10-15s,2184
7RGcdr5r,50,0-1,Black,<=5s vs <=5s,1001
eauzmnpu,80,0-1,Black,<=5s vs 10-15s,2052
Ko5KyQpn,79,1-0,White,<=5s vs 5-10s,2157
CnLuW2LQ,68,0-1,Black,<=5s vs 15-20s,2233
8FmPDuAy,76,1/2-1/2,Black,<=5s vs 15-20s,2257
McDYhMWk,113,1/2-1/2,White,<=5s vs 5-10s,2458
Xnztd00B,84,0-1,Black,<=5s vs 5-10s,3086
mxsn6qCT,121,1-0,White,<=5s vs 5-10s,2295
VYaGZKRX,68,0-1,Black,<=5s vs 10-15s,1341
ws8fHaxF,61,1-0,White,<=5s vs 5-10s,1681
9BswD9aE,72,0-1,Black,<=5s vs 5-10s,1691
1HGOjWGD,77,1-0,White,<=5s vs 15-20s,2167
b5XMtbLH,47,1-0,White,<=5s vs 15-20s,1042
gzQnpJ65,48,0-1,Black,<=5s vs 5-10s,848
9IGij7ga,80,0-1,Black,<=5s vs <=5s,1970
AEM8ijmU,56,1-0,Black,<=5s vs <=5s,2140
40msklKC,48,0-1,Black,<=5s vs 15-20s,1250
HRL9VJef,64,0-1,Black,<=5s vs 10-15s,1879
BVU0CjDe,61,1-0,White,<=5s vs 15-20s,1525
cAjiQe1t,96,1-0,Black,<=5s vs 5-10s,2932
A6JuAUa4,67,1-0,White,<=5s vs 10-15s,1227
4VNNsbIx,65,0-1,White,<=5s vs <=5s,1917
GaW3lsmA,60,0-1,Black,<=5s vs 5-10s,1738
OEjdfoWq,130,0-1,Black,<=5s vs 10-15s,1581
p4KbLaZH,67,1-0,White,<=5s vs 5-10s,975
1OpXNDQq,64,0-1,Black,<=5s vs 10-15s,2385
EH6O7zzv,102,0-1,Black,<=5s vs 5-10s,2637
MtbawmHu,51,1-0,White,<=5s vs 15-20s,1564
mcdmCLuH,59,1-0,White,<=5s vs 5-10s,1839
1Xy1VKNp,43,0-1,White,<=5s vs 5-10s,1164
Gr90WBpu,87,1-0,White,<=5s vs 10-15s,2303
dIWDyo96,56,0-1,Black,<=5s vs 10-15s,947
oXajG5KG,55,0-1,White,<=5s vs 10-15s,2063
nCmmzFJc,54,0-1,Black,<=5s vs 15-20s,1638
zMk76nrU,67,1-0,White,<=5s vs 10-15s,2182
AZNsXHIR,80,0-1,Black,<=5s vs 5-10s,2324
rM8oczHO,58,0-1,Black,<=5s vs <=5s,1377
KpLvGzVA,55,1-0,White,<=5s vs 5-10s,711
TbpVXpjx,60,0-1,Black,<=5s vs 10-15s,1760
ZRDDt0Rq,60,1-0,Black,<=5s vs 5-10s,1136
ffCDhDlQ,60,0-1,Black,<=5s vs 10-15s,1367
XHvtoQVh,79,1-0,White,<=5s vs 15-20s,1756
DaoUGhIq,56,0-1,Black,<=5s vs <=5s,1313
DoVMWqRW,134,0-1,Black,<=5s vs 15-20s,1977
px5O664O,98,0-1,Black,<=5s vs <=5s,2026
NuwFz4q4,113,1-0,White,<=5s vs 10-15s,2672
JxHcOIX1,102,0-1,Black,<=5s vs 15-20s,2351
85pR5FiT,67,1-0,White,<=5s vs 5-10s,1084
4qrcip7U,89,0-1,White,<=5s vs 5-10s,1851
ItxUGpRP,49,0-1,White,<=5s vs 5-10s,1167
SzDWTVHq,71,1-0,White,<=5s vs 5-10s,1463
1OynzwOF,62,0-1,Black,<=5s vs 5-10s,1276
pUzLOUEt,75,1-0,White,<=5s vs 15-20s,2406
GQtltnNv,47,1-0,White,<=5s vs 15-20s,1148
go7tKsl8,79,1-0,White,<=5s vs 15-20s,2634
qjrqmXTM,84,1-0,Black,<=5s vs 15-20s,1438
kiXlL9Xb,63,1-0,White,<=5s vs 10-15s,2398
WTNxnknb,91,1-0,White,<=5s vs 10-15s,2566
7gSpG2e3,68,0-1,Black,<=5s vs <=5s,1494
zlkeTZaV,57,1-0,White,<=5s vs 15-20s,1568
Q4j8CTSP,57,1-0,White,<=5s vs 5-10s,1417
p1FyX3NO,55,1-0,White,<=5s vs 15-20s,1435
PjeMJMFT,63,1-0,White,<=5s vs 10-15s,1789
Tz4J9eNd,65,1-0,White,<=5s vs 5-10s,1427
ooCybX3t,68,1-0,Black,<=5s vs <=5s,2515
STXXZFDD,65,1-0,White,<=5s vs 5-10s,1603
nxvDgw3A,92,0-1,Black,<=5s vs 10-15s,2450
z0GqEcX3,68,0-1,Black,<=5s vs 5-10s,2109
BOLDExBa,52,0-1,Black,<=5s vs 10-15s,791
YexJaS2x,83,1-0,White,<=5s vs 10-15s,1929
2bZ1BGLm,69,1-0,White,<=5s vs 10-15s,1636
8Ndt7iju,76,0-1,Black,<=5s vs 5-10s,1743
0vPU46DQ,68,0-1,Black,<=5s vs 15-20s,1443
81o5j0as,79,1-0,White,<=5s vs 15-20s,1987
Hgc2vey1,63,1-0,White,<=5s vs 10-15s,1803
YxdVKXfJ,99,1/2-1/2,White,<=5s vs 5-10s,2201
9BkqCj7N,60,1-0,Black,<=5s vs <=5s,1303
s6b5yUDz,60,0-1,Black,<=5s vs 10-15s,1693
VgCXcfSm,74,0-1,Black,<=5s vs 5-10s,1811
A2zBuAZz,61,1-0,White,<=5s vs 10-15s,2171
GJqxhxWz,65,1-0,White,<=5s vs 5-10s,2299
V4Q23sKd,82,1-0,Black,<=5s vs <=5s,2578
xd6KMakV,129,1-0,White,<=5s vs 15-20s,1623
92a8NDnZ,47,1-0,White,<=5s vs 10-15s,1551
TI2otJ8M,40,0-1,Black,<=5s vs 15-20s,1751
hHa3IZ3P,85,0-1,White,<=5s vs 10-15s,1498
C1euIX1c,71,1-0,White,<=5s vs 5-10s,1820
Un5J50qz,70,1-0,Black,<=5s vs <=5s,2027
NY9PC1HR,88,0-1,Black,<=5s vs 15-20s,2146
3cVEWLel,76,0-1,Black,<=5s vs 15-20s,1428
rCt6Ur3k,67,1-0,White,<=5s vs 10-15s,1455
P8NkzkLR,78,1-0,Black,<=5s vs <=5s,1544
JGhrm4Aq,56,0-1,Black,<=5s vs 15-20s,1670
AQpQLxzJ,58,0-1,Black,<=5s vs 5-10s,1888
2Ti0vhct,77,1-0,White,<=5s vs 5-10s,2244
Xhk9BNdg,105,1-0,White,<=5s vs 15-20s,2621
FQYihSfd,31,1-0,White,<=5s vs 15-20s,1210
x4UNuJ71,83,1-0,White,<=5s vs 5-10s,2076
VJ56izhN,56,0-1,Black,<=5s vs 10-15s,1441
fMIoLvlr,136,0-1,Black,<=5s vs 15-20s,2253
IdrG0lmp,65,1-0,White,<=5s vs 15-20s,2387
6hoEmqmG,59,1-0,White,<=5s vs 10-15s,2034
i8K3soqD,66,0-1,Black,<=5s vs 5-10s,1736
UjdAsnfH,102,0-1,Black,<=5s vs 5-10s,1985
8shWeXVy,68,0-1,Black,<=5s vs 15-20s,1911
DUgJgjcJ,128,0-1,Black,<=5s vs <=5s,2779
8CJCsJV8,59,1-0,White,<=5s vs 10-15s,1798
QRkYofCx,45,1-0,White,<=5s vs 15-20s,1127
iLEBPA1F,115,1-0,White,<=5s vs 5-10s,1603
HO6rwzgv,56,0-1,Black,<=5s vs 5-10s,1465
35cYub2z,77,1-0,White,<=5s vs 5-10s,1538
xU4onJSe,56,0-1,Black,<=5s vs 10-15s,1718
HLNRt0kE,64,0-1,Black,<=5s vs 10-15s,1370
7Lpm7q8U,45,1-0,White,<=5s vs 15-20s,1867
jOmk6usR,69,0-1,White,<=5s vs 5-10s,1183
pkdxROjP,45,1-0,White,<=5s vs 10-15s,860
cWV6DDjn,44,0-1,Black,<=5s vs 5-10s,1884
nw2D3NzJ,71,0-1,White,<=5s vs 5-10s,2024
aZwbzoBW,47,1-0,White,<=5s vs 15-20s,1305
zk447ssb,105,0-1,White,<=5s vs 5-10s,1977
vKWNezqm,55,1-0,White,<=5s vs 10-15s,1696
URK5ROGM,125,0-1,White,<=5s vs <=5s,1882
jAt4Ucny,58,0-1,Black,<=5s vs 15-20s,1934
yztMLGq5,75,1/2-1/2,White,<=5s vs 5-10s,1857
ImO4PvWb,66,1-0,Black,<=5s vs <=5s,1722
AJeymqj6,74,0-1,Black,<=5s vs 10-15s,1745
GeSbQj6b,83,1-0,White,<=5s vs 10-15s,2481
hFKxkx30,61,1-0,White,<=5s vs 10-15s,2035
3gxuIAlg,112,1/2-1/2,Black,<=5s vs 10-15s,2209
dx5P9YCH,76,1-0,Black,<=5s vs 5-10s,1922
29AQI0md,95,0-1,White,<=5s vs <=5s,1971
ykDpCkHs,59,1-0,White,<=5s vs 10-15s,1729
fCVe5TPd,38,0-1,Black,<=5s vs 5-10s,903
i6FHszuP,49,1-0,White,<=5s vs 10-15s,1137
Bgd4to41,79,1-0,White,<=5s vs 10-15s,2434
24g6AZ5O,129,1-0,White,<=5s vs 5-10s,2613
TvxwE9XT,62,0-1,Black,<=5s vs 10-15s,1523
tyBjfvPR,48,0-1,Black,<=5s vs 10-15s,1086
V96r5IAL,63,1-0,White,<=5s vs 10-15s,2202
bIKVfW0m,49,0-1,White,<=5s vs 5-10s,1432
7XtS6Fsm,74,0-1,Black,<=5s vs 5-10s,1968
ZcG9Hgqe,69,0-1,White,<=5s vs <=5s,1555
NFQN9fIA,49,1-0,White,<=5s vs 15-20s,1377
IMzZNqgH,76,0-1,Black,<=5s vs 10-15s,1301
NRNgWZXS,143,1/2-1/2,White,<=5s vs 5-10s,2527
Zf4Q4XEa,60,0-1,Black,<=5s vs 5-10s,1504
QmL9C9sb,70,0-1,Black,<=5s vs 15-20s,1653
UMG5eo64,74,0-1,Black,<=5s vs 5-10s,2075
cwasDHKC,34,0-1,Black,<=5s vs 10-15s,1578
5jk5Ta8T,77,0-1,White,<=5s vs 5-10s,2022
UbAUCRNI,53,1-0,White,<=5s vs 15-20s,1077
rxKg2GHR,65,1-0,White,<=5s vs 10-15s,1220
PyX7tgZS,115,1-0,White,<=5s vs 10-15s,1029
DzUZ0nlE,59,1-0,White,<=5s vs 10-15s,1959
CVl8KCrR,92,1-0,Black,<=5s vs <=5s,2215
o83VfvtB,80,0-1,Black,<=5s vs 15-20s,2130
MZFzUR40,69,0-1,White,<=5s vs 5-10s,2222
6Zzyw4lT,88,0-1,Black,<=5s vs <=5s,2256
Y5NKf4fM,74,0-1,Black,<=5s vs 5-10s,2081
YaSX8FP9,58,0-1,Black,<=5s vs 15-20s,1628
1PjlMQJ3,116,0-1,Black,<=5s vs 10-15s,2366
qZNK5UAQ,99,0-1,White,<=5s vs <=5s,2306
HQ9bWJqo,82,0-1,Black,<=5s vs 5-10s,1698
NIQOf0JK,80,0-1,Black,<=5s vs 10-15s,1808
SYknuBhE,129,1-0,White,<=5s vs 15-20s,2528
6q3aHI5J,88,0-1,Black,<=5s vs 5-10s,1809
nX0QvxWw,129,0-1,White,<=5s vs 5-10s,2635
MmVpxzVZ,70,0-1,Black,<=5s vs 5-10s,1449
Iy5qo76W,65,1-0,White,<=5s vs 10-15s,1923
OrqqOnMP,61,1-0,White,<=5s vs 10-15s,1566
yD1baHEI,80,0-1,Black,<=5s vs 5-10s,1785
RHpRLjt0,57,1-0,White,<=5s vs 15-20s,1928
0JCsvcZ8,103,0-1,White,<=5s vs <=5s,2217
2QjZOQtg,76,0-1,Black,<=5s vs <=5s,1900
jsIM1UyT,59,1-0,White,<=5s vs 5-10s,2028
Qq7mBwpo,74,0-1,Black,<=5s vs 10-15s,1204
QoDVClO5,50,0-1,Black,<=5s vs 5-10s,1925
u5Z2NkBS,47,1-0,White,<=5s vs 10-15s,1052
tc2JcJJM,53,1-0,White,<=5s vs 5-10s,1393
PZ9YJJvB,32,1-0,Black,<=5s vs <=5s,1513
2Z4CzdFo,67,1-0,White,<=5s vs 10-15s,2105
dCbHgKWT,100,0-1,Black,<=5s vs 5-10s,2257
GknmgK6q,85,1-0,White,<=5s vs 15-20s,2173
M4MopD1H,70,1-0,Black,<=5s vs <=5s,1204
0SgmYbPh,54,0-1,Black,<=5s vs 10-15s,1363
hIGWiek6,82,0-1,Black,<=5s vs 10-15s,2480
Uhgfj3BS,61,1-0,White,<=5s vs 15-20s,1856
4Yaw0aVw,30,0-1,Black,<=5s vs 15-20s,906
SO7FV7p0,55,1-0,White,<=5s vs 5-10s,1127
aViX31v5,64,0-1,Black,<=5s vs 15-20s,1663
TfrDARdM,80,0-1,Black,<=5s vs 10-15s,1633
EG6TLtec,71,0-1,White,<=5s vs <=5s,1287
vLO7VNbH,100,0-1,Black,<=5s vs 5-10s,2081
AqkiU6Zj,52,0-1,Black,<=5s vs 15-20s,1535
HOUsEFAz,94,0-1,Black,<=5s vs 15-20s,2476
WDjkQTRn,64,0-1,Black,<=5s vs 10-15s,2144
8iG19Unw,85,0-1,White,<=5s vs <=5s,1831
kRz689El,84,0-1,Black,<=5s vs 15-20s,1198
VSIpJM7k,67,0-1,White,<=5s vs <=5s,1669
BRfF2jiu,90,0-1,Black,<=5s vs <=5s,2956
8e7s805I,46,0-1,Black,<=5s vs 15-20s,1134
ReZeGi3b,77,1-0,White,<=5s vs 5-10s,1460
hSatCY8J,58,0-1,Black,<=5s vs 15-20s,1927
zavShSM1,49,1-0,White,<=5s vs 10-15s,1534
db17ju1E,54,0-1,Black,<=5s vs 5-10s,1298
XgEMSEGy,98,1-0,Black,<=5s vs 5-10s,2354
Hl9gX4ox,82,0-1,Black,<=5s vs 5-10s,1696
NwoXw5St,73,1-0,White,<=5s vs <=5s,1236
mLwIXcRp,151,1-0,White,<=5s vs 5-10s,2402
qSnkFA8M,195,1-0,White,<=5s vs 10-15s,2541
KzUopn6C,91,1-0,White,<=5s vs 5-10s,1920
JOquLrMo,110,1-0,Black,<=5s vs 5-10s,2655
Dixpb3Lx,83,1-0,White,<=5s vs 15-20s,2535
79VA4jXO,47,1-0,White,<=5s vs 10-15s,1374
qxm4m3Jh,60,0-1,Black,<=5s vs 15-20s,1459
4ja89VE4,44,0-1,Black,<=5s vs 15-20s,1598
2XVEyqfs,51,1-0,White,<=5s vs 5-10s,1419
yrq52h4T,61,1-0,White,<=5s vs 5-10s,1460
mrtVxdte,63,1-0,White,<=5s vs 10-15s,1476
UPhVziNB,60,0-1,Black,<=5s vs 5-10s,1484
5H0V9Ym8,75,1-0,White,<=5s vs 5-10s,2073
InSQ8f4Y,48,0-1,Black,<=5s vs 15-20s,1190
KSTzl0pu,87,1-0,White,<=5s vs 15-20s,2097
p5IEHxXf,128,1/2-1/2,Black,<=5s vs 15-20s,1980
m3NFptDc,45,1-0,White,<=5s vs 15-20s,1200
ttlBnIYA,107,1-0,White,<=5s vs 10-15s,2409
VoJM55w6,99,1-0,White,<=5s vs 10-15s,2109
ZSODNAJK,76,0-1,Black,<=5s vs 15-20s,1620
uAiWn0wT,80,0-1,Black,<=5s vs 10-15s,2220
toPL8M6V,48,0-1,Black,<=5s vs 5-10s,1523
SPY3oXld,57,0-1,White,<=5s vs <=5s,1408
bz3OU1Em,49,0-1,White,<=5s vs 10-15s,1768
RHmlnNwJ,92,1-0,Black,<=5s vs <=5s,1809
NEExwxtr,84,0-1,Black,<=5s vs 5-10s,1870
a46VepyB,75,1-0,White,<=5s vs 5-10s,2557
7cO7QeFO,87,0-1,White,<=5s vs 5-10s,1927
EJU6h1wI,57,1-0,White,<=5s vs 5-10s,1500
3xveLJah,56,0-1,Black,<=5s vs 15-20s,1785
Ix2h0x3c,87,1-0,White,<=5s vs 15-20s,1640
0ksPT8YP,84,0-1,Black,<=5s vs 10-15s,1374
lrig8awO,118,0-1,Black,<=5s vs 5-10s,2497
ZN80SGAb,52,0-1,Black,<=5s vs 15-20s,1350
yOtVDxEk,97,1-0,White,<=5s vs 15-20s,2244
OqX9IRIN,99,1-0,White,<=5s vs 15-20s,2620
gC3R3Ffp,96,0-1,Black,<=5s vs 15-20s,2206
7wixt3fD,66,0-1,Black,<=5s vs 5-10s,1830
Ctl9huJ7,69,0-1,White,<=5s vs 5-10s,1959
S7tpLy3L,130,1/2-1/2,Black,<=5s vs 5-10s,2213
fNlvqpPf,59,1-0,White,<=5s vs 10-15s,1161
jelzSzd5,53,1-0,White,<=5s vs 10-15s,801
UsViE4fk,56,0-1,Black,<=5s vs 15-20s,2407
mjFRXqIZ,119,1-0,White,<=5s vs 15-20s,1671
Ox3Qrjkj,139,0-1,White,<=5s vs <=5s,1886
hKGISAQu,41,1-0,White,<=5s vs 15-20s,829
NuChdTV6,71,0-1,White,<=5s vs 5-10s,2439
pkNl6FVz,200,0-1,Black,<=5s vs 15-20s,2303
m9eRwLs5,72,0-1,Black,<=5s vs 15-20s,2177
Hr2vy3Nb,86,1-0,Black,<=5s vs <=5s,2244
NhiqgJas,57,1-0,White,<=5s vs 5-10s,1824
oLUVcy9L,67,1-0,White,<=5s vs 10-15s,2573
DWOcIQbA,98,0-1,Black,<=5s vs 5-10s,2440
wJJp5gN7,74,0-1,Black,<=5s vs <=5s,2100
XrLQvCIB,54,0-1,Black,<=5s vs 10-15s,1803
dpldagun,66,0-1,Black,<=5s vs 10-15s,960
tZJYWhwQ,41,1-0,White,<=5s vs 15-20s,1085
kiTc6Ncm,116,1/2-1/2,Black,<=5s vs 10-15s,1764
GfQh5CWp,51,1-0,White,<=5s vs 15-20s,1022
FMg1wLvI,95,1-0,White,<=5s vs 10-15s,2513
alIph8aw,57,0-1,White,<=5s vs 10-15s,1432
LdaROqqB,70,0-1,Black,<=5s vs 5-10s,1700
BhbXG07m,56,0-1,Black,<=5s vs 10-15s,1159
s4G6aPIf,75,1-0,White,<=5s vs 5-10s,1572
BR68m52w,100,1/2-1/2,Black,<=5s vs 5-10s,3147
PjPILFd7,55,1-0,White,<=5s vs 15-20s,1985
9obeeS3j,72,1-0,Black,<=5s vs 5-10s,2160
q4kUB22T,55,1-0,White,<=5s vs 5-10s,1393
YmANxSEG,66,1-0,Black,<=5s vs 5-10s,1468
XeBU2rL7,79,0-1,White,<=5s vs <=5s,2210
bt8HqAQ4,72,0-1,Black,<=5s vs 5-10s,1193
hxZy1i47,46,0-1,Black,<=5s vs 10-15s,1419
nGL8207B,77,1-0,White,<=5s vs 15-20s,2014
QZ8f5yKr,60,0-1,Black,<=5s vs 10-15s,955
AcjTOOr3,74,0-1,Black,<=5s vs 5-10s,1861
cUtxHAK6,87,1-0,White,<=5s vs 15-20s,2147
DLcC9RPq,59,0-1,White,<=5s vs <=5s,1751
YotTlpwY,83,1-0,White,<=5s vs 10-15s,2598
JQXSEri6,59,1-0,White,<=5s vs 5-10s,1409
ZuB2P9MP,48,1-0,Black,<=5s vs 5-10s,1513
5Fe9F32J,62,0-1,Black,<=5s vs 5-10s,1947
wopLslV5,67,1-0,White,<=5s vs 5-10s,1384
KZ5hKzN7,64,1-0,Black,<=5s vs <=5s,1308
Df8qG4QU,73,1-0,White,<=5s vs 10-15s,1758
sGNxRsSn,67,0-1,White,<=5s vs 5-10s,2364
YiyvpN2s,155,1/2-1/2,White,<=5s vs 5-10s,2520
9ej203Mh,47,1-0,White,<=5s vs 5-10s,1468
6RH963Hl,53,1-0,White,<=5s vs 15-20s,1899
bIG2C4ZP,56,0-1,Black,<=5s vs 15-20s,1743
UU4q41oo,71,1-0,White,<=5s vs 15-20s,2403
QHWevY6Z,75,1-0,White,<=5s vs <=5s,1910
RD4T2oPD,58,0-1,Black,<=5s vs 5-10s,1877
ownjHoSf,61,1-0,White,<=5s vs <=5s,2166
hBpj0eBZ,74,0-1,Black,<=5s vs 15-20s,1729
UaUGQIIO,122,1/2-1/2,Black,<=5s vs 15-20s,2446
Rm8YpHtB,107,1-0,White,<=5s vs 5-10s,2155
6LlvH3b9,75,1-0,White,<=5s vs 15-20s,1545
6k5R5zRi,98,1/2-1/2,Black,<=5s vs 15-20s,2452
4IcYtTVh,95,1-0,White,<=5s vs 5-10s,1997
2y3LyGww,93,1/2-1/2,White,<=5s vs 5-10s,2621
g4trigql,49,1-0,White,<=5s vs 15-20s,2026
i5iMOunk,48,0-1,Black,<=5s vs 5-10s,1117
EuS23WH9,69,1-0,White,<=5s vs 10-15s,1872
mPjQQPfq,50,0-1,Black,<=5s vs 15-20s,919
QyfdsCTI,34,1-0,Black,<=5s vs <=5s,1312
BHUfza5f,82,1-0,Black,<=5s vs <=5s,1728
bqwtnLi0,113,1-0,White,<=5s vs 10-15s,2724
wd0aWftM,68,0-1,Black,<=5s vs 10-15s,1281
2K9PeS63,58,0-1,Black,<=5s vs 10-15s,1741
wOcUx5K4,88,0-1,Black,<=5s vs 5-10s,2963
gaqYyiKq,48,0-1,Black,<=5s vs 15-20s,1612
9RbUXrK7,87,1-0,White,<=5s vs 15-20s,2423
OaVoE08o,56,1-0,Black,<=5s vs <=5s,1772
CaCmWCXd,44,0-1,Black,<=5s vs 10-15s,1261
46yWqnoP,80,0-1,Black,<=5s vs 15-20s,2245
eBBwizh7,80,0-1,Black,<=5s vs <=5s,1665
4YyNY1yf,84,1-0,Black,<=5s vs <=5s,2402
u4ZKqIM7,55,1-0,White,<=5s vs 15-20s,1532
kO9iDITd,60,1-0,Black,<=5s vs 5-10s,1820
TizsVlDM,74,0-1,Black,<=5s vs 10-15s,1316
fwPFlkJl,80,1/2-1/2,Black,<=5s vs 15-20s,2503
ayyRKeGN,71,1-0,White,<=5s vs 10-15s,1303
GxnK40uT,66,0-1,Black,<=5s vs 5-10s,2249
HtxdBylB,62,0-1,Black,<=5s vs 10-15s,2053
Lp9jzLxY,86,1-0,Black,<=5s vs <=5s,2895
WylsGx6u,63,1-0,White,<=5s vs 10-15s,1499
r3GnZb53,104,0-1,Black,<=5s vs 15-20s,2694
fbrNvx4S,130,0-1,Black,<=5s vs 15-20s,2546
IisGzrKe,106,1-0,Black,<=5s vs <=5s,2718
Vdg2ERul,123,1-0,White,<=5s vs 5-10s,2678
wl6hDt2P,144,1/2-1/2,Black,<=5s vs 5-10s,2660
k2SNGIGe,78,0-1,Black,<=5s vs 5-10s,1661
RdMkUgU4,119,1-0,White,<=5s vs 10-15s,2310
ND5UVFN7,82,0-1,Black,<=5s vs 15-20s,1515
vW1iSyFP,85,1-0,White,<=5s vs 5-10s,1399
5kiOKbjy,56,1-0,Black,<=5s vs <=5s,938
D6ffs6o2,98,0-1,Black,<=5s vs 10-15s,2174
mde5vmRT,60,0-1,Black,<=5s vs 10-15s,2443
LJj8fwZk,74,0-1,Black,<=5s vs <=5s,2151
XcvXHBvJ,77,0-1,White,<=5s vs 5-10s,1535
tHXN6C28,56,0-1,Black,<=5s vs 5-10s,1270
FAgaP2r5,57,1-0,White,<=5s vs 10-15s,1290
BAyafQM7,48,0-1,Black,<=5s vs 10-15s,1850
Fz1UHuYr,60,1-0,Black,<=5s vs 5-10s,1993
tS5n4Oet,78,0-1,Black,<=5s vs <=5s,2657
JUMctGfb,52,1-0,Black,<=5s vs 5-10s,1310
LNaucIFL,83,1-0,White,<=5s vs 10-15s,2481
Tbs1kq5y,68,0-1,Black,<=5s vs <=5s,1001
xnx6BRLE,58,0-1,Black,<=5s vs 15-20s,1875
a90F4dBt,67,1-0,White,<=5s vs 10-15s,1857
upa6pcMw,58,0-1,Black,<=5s vs 10-15s,1580
K4G7qmV2,88,1-0,Black,<=5s vs <=5s,2232
SZMetnZm,90,0-1,Black,<=5s vs 5-10s,2026
nXJrawxG,78,0-1,Black,<=5s vs 5-10s,2033
aHmG1ntL,56,0-1,Black,<=5s vs 15-20s,1477
Bt1TbZEi,81,1-0,White,<=5s vs 15-20s,1974
GXJMXcKP,42,0-1,Black,<=5s vs <=5s,1214
HtM50MQc,67,1-0,White,<=5s vs 5-10s,1931
huAVvd0Y,72,0-1,Black,<=5s vs 5-10s,1969
jMcbpvsy,42,0-1,Black,<=5s vs 15-20s,1364
jGtAxUOx,71,1-0,White,<=5s vs 5-10s,1553
UEScz3nK,54,0-1,Black,<=5s vs 10-15s,1059
DYe3MOnB,80,0-1,Black,<=5s vs 5-10s,1516
j6GV5gKW,86,0-1,Black,<=5s vs 10-15s,1917
DsaLanf6,66,1-0,Black,<=5s vs <=5s,1331
8vPymXpm,49,1-0,White,<=5s vs 15-20s,1455
LqmrZpet,69,0-1,White,<=5s vs <=5s,2012
KhAe9sim,56,0-1,Black,<=5s vs 5-10s,1234
SlfiubHX,82,1-0,Black,<=5s vs 5-10s,1637
OlrhWNVU,98,0-1,Black,<=5s vs 15-20s,1888
QOWnMieD,113,1-0,White,<=5s vs 15-20s,1991
cmY1lyFP,76,0-1,Black,<=5s vs 10-15s,1471
j2JdYSCH,77,1-0,White,<=5s vs 15-20s,2066
36xEJUyA,94,1/2-1/2,Black,<=5s vs 15-20s,2308
C4kmMxA3,69,1-0,White,<=5s vs 15-20s,1931
CxFVZ4ar,95,1-0,White,<=5s vs 5-10s,1674
9CSd1zrO,60,0-1,Black,<=5s vs 10-15s,2440
tTYBhhit,97,0-1,White,<=5s vs 5-10s,1918
5KlEGRWL,74,0-1,Black,<=5s vs 5-10s,2377
UnAl4kvO,50,0-1,Black,<=5s vs 15-20s,2234
W2vnOQcV,108,0-1,Black,<=5s vs <=5s,1754
3C2UCQRs,66,0-1,Black,<=5s vs 15-20s,2296
DNesqIOX,58,0-1,Black,<=5s vs 10-15s,2181
Ajohe0TC,78,0-1,Black,<=5s vs 15-20s,2321
cZWVSEMH,150,1/2-1/2,Black,<=5s vs 5-10s,2554
01q4WdNj,46,1-0,Black,<=5s vs 10-15s,1339
f8u4SeR6,52,0-1,Black,<=5s vs 15-20s,950
Gq74imIA,91,1-0,White,<=5s vs 5-10s,2281
DQiABFoy,56,0-1,Black,<=5s vs <=5s,1429
QvZHLk2b,70,0-1,Black,<=5s vs 10-15s,1843
qbvqogxj,106,1-0,Black,<=5s vs 5-10s,2499
mG9bXne2,56,0-1,Black,<=5s vs 15-20s,1962
MPeCHC8B,48,0-1,Black,<=5s vs 15-20s,948
kop2hJQV,65,1-0,White,<=5s vs 5-10s,1079
65QsPGnX,94,1/2-1/2,Black,<=5s vs <=5s,3046
ZAav2m8M,63,1-0,White,<=5s vs 5-10s,1735
MwQ9smj2,107,1-0,White,<=5s vs 10-15s,1964
2lFpgUYj,61,1-0,White,<=5s vs 10-15s,2112
i3OTn4nh,58,0-1,Black,<=5s vs 5-10s,1652
inwof5so,91,0-1,White,<=5s vs 5-10s,2064
OUEbfgBW,113,0-1,White,<=5s vs <=5s,2851
7cWWqzSQ,79,0-1,White,<=5s vs 15-20s,2211
k4ieUOvo,64,0-1,Black,<=5s vs 10-15s,1244
ELu8ibcb,91,1-0,White,<=5s vs 5-10s,2403
b2Yqo5Re,147,1-0,White,<=5s vs <=5s,1988
h7qbuiXW,58,1-0,Black,<=5s vs <=5s,1608
yjWXsxju,78,0-1,Black,<=5s vs 15-20s,2569
OfWF4H71,49,1-0,White,<=5s vs 15-20s,1410
PkUrXsiU,46,0-1,Black,<=5s vs 5-10s,856
uCRNROpP,68,0-1,Black,<=5s vs 15-20s,1967
3zgQjbLS,44,0-1,Black,<=5s vs 5-10s,1107
sgHqXOy8,83,1-0,White,<=5s vs 15-20s,2202
SCbB9EYB,71,1-0,White,<=5s vs 15-20s,1907
4OuU4KV4,62,0-1,Black,<=5s vs 10-15s,1706
LSniKgZs,91,1/2-1/2,White,<=5s vs 5-10s,2271
ZXTcaWum,67,0-1,White,<=5s vs <=5s,2010
9VinQ3ER,102,1-0,Black,<=5s vs <=5s,1753
b7OesNbB,76,0-1,Black,<=5s vs 5-10s,2303
0CkQ0yeg,125,1-0,White,<=5s vs 10-15s,1084
OaLNqJIV,50,0-1,Black,<=5s vs 5-10s,1388
b09VptXL,73,1-0,White,<=5s vs 10-15s,2117
FE3oZJK2,66,0-1,Black,<=5s vs 5-10s,1495
mjz4OCpX,53,1-0,White,<=5s vs 10-15s,1247
irbezTCL,82,0-1,Black,<=5s vs <=5s,1757
voadvF9X,73,0-1,White,<=5s vs 5-10s,1262
75sZwczg,108,0-1,Black,<=5s vs 15-20s,2346
yBbsqDWS,61,1-0,White,<=5s vs 10-15s,2057
J0fb7Rls,69,1-0,White,<=5s vs 5-10s,1908
7JhaTF6t,48,0-1,Black,<=5s vs 5-10s,1332
BiUSjAe0,68,0-1,Black,<=5s vs 5-10s,2171
jeFBN8Ys,86,0-1,Black,<=5s vs 5-10s,2293
NeW19UFN,68,0-1,Black,<=5s vs 5-10s,2091
oz6VENAp,95,1-0,White,<=5s vs 5-10s,2552
6B5SK3OF,46,0-1,Black,<=5s vs <=5s,1032
EijL17Dz,66,0-1,Black,<=5s vs 15-20s,1276
WKsjnj0M,91,1-0,White,<=5s vs 15-20s,1694
fESAdG43,50,0-1,Black,<=5s vs 5-10s,1465
aD5lmkPa,103,1-0,White,<=5s vs 15-20s,2163
8ifW0u1U,34,0-1,Black,<=5s vs 10-15s,779
d2180N5G,83,1-0,White,<=5s vs 10-15s,2362
7E6wY73P,63,1/2-1/2,White,<=5s vs 15-20s,1049
hHv2FHrD,93,1/2-1/2,White,<=5s vs 5-10s,3022
tlX80Jan,118,1-0,Black,<=5s vs 5-10s,2341
c3paZ5PF,108,1/2-1/2,Black,<=5s vs 5-10s,2350
GFOgXDc7,62,0-1,Black,<=5s vs 5-10s,1759
71FXxhRo,69,0-1,White,<=5s vs 5-10s,2090
SpggggBT,64,0-1,Black,<=5s vs 10-15s,1128
FABND0S8,83,1/2-1/2,White,<=5s vs 5-10s,2054
9hXyxd5E,63,1-0,White,<=5s vs 15-20s,1734
IilfT3La,75,1/2-1/2,White,<=5s vs 5-10s,2153
moi0J3pD,70,0-1,Black,<=5s vs 15-20s,1450
11psOPci,94,0-1,Black,<=5s vs 5-10s,2367
MvKjYYcG,61,1-0,White,<=5s vs 10-15s,1133
blThi3Gt,121,1-0,White,<=5s vs 15-20s,3133
QU61JmgX,79,0-1,White,<=5s vs 5-10s,1916
b2wuMP2I,79,1-0,White,<=5s vs 10-15s,2621
T70ZfEZW,88,1/2-1/2,Black,<=5s vs 15-20s,2356
kA6SQ0gY,56,0-1,Black,<=5s vs 10-15s,1857
3oeFRM9k,148,0-1,Black,<=5s vs 10-15s,1422
AZgA6trz,71,1-0,White,<=5s vs 10-15s,2050
PfsBzA0P,72,0-1,Black,<=5s vs 5-10s,1360
PQecTWMy,80,1-0,Black,<=5s vs <=5s,2191
d0AQxCI0,80,0-1,Black,<=5s vs 5-10s,2116
2l6EOeOn,40,0-1,Black,<=5s vs 15-20s,1135
wWv4pGCr,69,1-0,White,<=5s vs 10-15s,2164
dIVXx4O0,143,1-0,White,<=5s vs 15-20s,1784
hR0ZSJTJ,67,1-0,White,<=5s vs 10-15s,1504
2vz4EER7,73,1-0,White,<=5s vs 10-15s,1760
VoPV5XxS,76,0-1,Black,<=5s vs <=5s,1368
S0v6sCkk,65,1-0,White,<=5s vs 5-10s,975
IgWELHGo,65,1-0,White,<=5s vs 5-10s,1724
RsVmj4va,59,1-0,White,<=5s vs 15-20s,1626
coDIJONr,60,0-1,Black,<=5s vs 15-20s,1581
sJm0S4EA,141,1-0,White,<=5s vs 10-15s,2476
9LN7cnXi,106,1/2-1/2,Black,<=5s vs <=5s,2481
U9XDUgVD,71,1-0,White,<=5s vs 15-20s,2189
ax4b4opy,80,1/2-1/2,Black,<=5s vs 10-15s,2009
zIyjXfOJ,58,0-1,Black,<=5s vs <=5s,1547
lhoaBi3W,66,0-1,Black,<=5s vs 5-10s,1841
8WzEuGpS,67,1-0,White,<=5s vs 10-15s,1752
CBkQ6PpL,60,0-1,Black,<=5s vs 5-10s,2088
7kpjgSUd,127,1-0,White,<=5s vs 10-15s,2240
gRW82RY2,79,1-0,White,<=5s vs 15-20s,1744
9KLvPC6k,78,0-1,Black,<=5s vs 15-20s,1639
SxpXtBjc,101,1-0,White,<=5s vs 5-10s,1031
RLLz8hGC,75,1-0,White,<=5s vs 10-15s,2675
ATjrZf3y,56,1-0,Black,<=5s vs 5-10s,1396
UQEDy3dw,58,0-1,Black,<=5s vs 15-20s,1250
aUOoNfgi,58,0-1,Black,<=5s vs 10-15s,2486
CGgQAC73,132,1-0,Black,<=5s vs <=5s,2999
JNHtaOT6,110,1/2-1/2,Black,<=5s vs 10-15s,1847
Nhnutyuo,85,1-0,White,<=5s vs 10-15s,2134
JOFHRRed,74,0-1,Black,<=5s vs 5-10s,1514
Haft5pwW,118,0-1,Black,<=5s vs <=5s,2225
zkNJcBIb,48,0-1,Black,<=5s vs 5-10s,1166
7hfy3Z1z,62,0-1,Black,<=5s vs <=5s,2237
oit1aZ73,92,0-1,Black,<=5s vs 15-20s,1529
0VTHM0wX,68,0-1,Black,<=5s vs 10-15s,2203
rghEtVRA,114,0-1,Black,<=5s vs 5-10s,2470
GwOBjTSX,95,1-0,White,<=5s vs 5-10s,2388
yUlp1Rsi,76,0-1,Black,<=5s vs 5-10s,1783
2M44WYkL,111,1-0,White,<=5s vs 5-10s,1606
XIvxF8fD,72,0-1,Black,<=5s vs 5-10s,1847
flR4mDzX,44,0-1,Black,<=5s vs 15-20s,1603
8a9a8U0t,62,0-1,Black,<=5s vs 15-20s,2153
LEeXcizx,125,1-0,White,<=5s vs 10-15s,2492
VV0fMlDq,89,1/2-1/2,White,<=5s vs 5-10s,2306
iKlrWBPR,108,0-1,Black,<=5s vs 10-15s,1020
RqBr20XR,60,0-1,Black,<=5s vs 15-20s,1262
saliUrn8,55,0-1,White,<=5s vs 5-10s,1518
NCKKapyT,75,1-0,White,<=5s vs 5-10s,1337
zPQF1QS4,66,0-1,Black,<=5s vs 15-20s,2152
OpsHFTG3,48,0-1,Black,<=5s vs 15-20s,1253
p5ALzoQG,50,0-1,Black,<=5s vs 10-15s,2417
5Iu8j5RZ,52,0-1,Black,<=5s vs 10-15s,2292
X2kVBkoM,55,1-0,White,<=5s vs 10-15s,1766
912S3PiA,82,0-1,Black,<=5s vs <=5s,1794
JnDZtlWS,73,1-0,White,<=5s vs 15-20s,2216
mqsxiAVy,55,1-0,White,<=5s vs 15-20s,1234
XmmE5aPF,68,0-1,Black,<=5s vs 5-10s,1333
1WcWnXXj,132,1/2-1/2,Black,<=5s vs 5-10s,1861
SdiAx757,109,1-0,White,<=5s vs 5-10s,2123
7ig3SXaD,107,1-0,White,<=5s vs 15-20s,2090
uGqPUE6Z,140,1/2-1/2,Black,<=5s vs 15-20s,2362
EDgDH03l,96,0-1,Black,<=5s vs 5-10s,2563
YWSIU74s,93,1-0,White,<=5s vs 15-20s,1743
sn8dr1ei,136,1/2-1/2,Black,<=5s vs 15-20s,1782
bvGD0cXa,77,0-1,White,<=5s vs <=5s,1360
2dV4U13D,43,1-0,White,<=5s vs 15-20s,833
rWWq8Wfe,41,1-0,White,<=5s vs 10-15s,1006
uReY8gpa,109,1/2-1/2,White,<=5s vs 15-20s,2468
ZTzMQ7dL,64,0-1,Black,<=5s vs 5-10s,832
BjTBBxQf,73,1-0,White,<=5s vs 15-20s,2432
cnLM2eNL,58,0-1,Black,<=5s vs 10-15s,1692
P3o0vf72,74,0-1,Black,<=5s vs 5-10s,1914
GxrGWPYk,62,0-1,Black,<=5s vs 15-20s,1819
Q4XvaHDD,114,0-1,Black,<=5s vs 15-20s,1898
enzKxRvY,53,1-0,White,<=5s vs 5-10s,1042
didQOtcO,42,0-1,Black,<=5s vs 15-20s,1075
J1u6yc0P,55,1-0,White,<=5s vs 15-20s,1120
Xe3ggPSN,65,0-1,White,<=5s vs 10-15s,2307
lmbkvivf,65,1-0,White,<=5s vs 10-15s,1542
ZPeE8fMf,75,0-1,White,<=5s vs <=5s,1786
1QBtirr3,70,0-1,Black,<=5s vs <=5s,1519
CdIJPqvO,57,1-0,White,<=5s vs 15-20s,1990
fzpQ7hOu,62,0-1,Black,<=5s vs 5-10s,2566
J9RUzBLM,58,0-1,Black,<=5s vs 10-15s,1955
dxLyaRRX,65,0-1,White,<=5s vs <=5s,1497
lC3UYj8h,61,1-0,White,<=5s vs 10-15s,1264
t5gunMXt,77,1-0,White,<=5s vs 5-10s,2317
c0E0nID5,59,1-0,White,<=5s vs 15-20s,1843
duPmkmdD,93,1/2-1/2,White,<=5s vs 5-10s,2473
c6KpFmdW,40,0-1,Black,<=5s vs 5-10s,713
kBeDxN3O,64,0-1,Black,<=5s vs 15-20s,1738
4jxXU2YF,53,1-0,White,<=5s vs 5-10s,899
6ES4RFdp,79,1-0,White,<=5s vs 10-15s,2350
uXLxyyj0,56,0-1,Black,<=5s vs 15-20s,1239
fpH9Xh9O,62,1-0,Black,<=5s vs <=5s,1409
FTui7yjU,98,0-1,Black,<=5s vs 10-15s,2076
OJNZmTnU,74,0-1,Black,<=5s vs 5-10s,1325
F2X9pF6U,41,1-0,White,<=5s vs 15-20s,1809
ICWKzsOu,38,0-1,Black,<=5s vs 15-20s,1116
MwmMxlYl,87,1-0,White,<=5s vs 5-10s,2177
LSNp7IVx,82,0-1,Black,<=5s vs <=5s,2699
AK5q2FN2,72,1/2-1/2,Black,<=5s vs 10-15s,2201
VoYcNj4d,88,0-1,Black,<=5s vs 5-10s,2139
xWSmdQAL,94,0-1,Black,<=5s vs <=5s,2158
g1u1Wmws,60,0-1,Black,<=5s vs 15-20s,2325
uzgbEM0e,71,1-0,White,<=5s vs 5-10s,2031
2tMfug2Z,97,1-0,White,<=5s vs 10-15s,2268
RQ7kmLev,72,0-1,Black,<=5s vs 15-20s,1911
oNHPVWmD,66,0-1,Black,<=5s vs 10-15s,1662
9Az9PmML,55,1-0,White,<=5s vs 10-15s,1074
2xRhoFza,113,1-0,White,<=5s vs 15-20s,2771
THOjRIOe,59,0-1,White,<=5s vs 5-10s,1794
RKJWyZwG,62,0-1,Black,<=5s vs <=5s,1644
7LUnnSZS,73,1-0,White,<=5s vs 5-10s,2521
zLnAn2XQ,81,1-0,White,<=5s vs 5-10s,2327
3WyYrW4Y,52,0-1,Black,<=5s vs 15-20s,1663
MnfhDJfr,59,1-0,White,<=5s vs 10-15s,1449
LfNWJyIV,51,1-0,White,<=5s vs 5-10s,1929
mGJ0SQ2R,113,1-0,White,<=5s vs 15-20s,2477
q7Bm7qfy,91,1-0,White,<=5s vs 15-20s,1692
95x3v8Aw,52,0-1,Black,<=5s vs 15-20s,1628
CTM1Q4Kd,60,0-1,Black,<=5s vs 5-10s,1612
BNqHZgH2,73,1-0,White,<=5s vs <=5s,1443
fmpQu1CF,56,0-1,Black,<=5s vs 15-20s,1213
ElYqMZfj,78,0-1,Black,<=5s vs 10-15s,1097
XFxKhvI2,51,1-0,White,<=5s vs 10-15s,1617
40ux5oPF,68,1-0,Black,<=5s vs <=5s,2252
pbDkUdzg,122,1/2-1/2,Black,<=5s vs 15-20s,2192
wnv8bJd3,64,0-1,Black,<=5s vs 10-15s,1195
jZikab3A,77,1-0,White,<=5s vs 5-10s,1895
FI7Hlhlx,66,0-1,Black,<=5s vs 5-10s,1873
v3V9eKjM,98,1-0,Black,<=5s vs <=5s,2158
WcgO1IMu,54,0-1,Black,<=5s vs 10-15s,1711
I6TB0Qg3,54,0-1,Black,<=5s vs 5-10s,1275
xEXl3rwa,68,0-1,Black,<=5s vs 5-10s,1602
UdQHIk8C,72,0-1,Black,<=5s vs <=5s,1855
7zlD5x0c,119,1-0,White,<=5s vs 15-20s,2456
a0Pn9KwR,81,1-0,White,<=5s vs 5-10s,2006
1xXlAttb,77,1-0,White,<=5s vs 5-10s,1659
BqOiNNxw,71,1-0,White,<=5s vs 15-20s,1968
UVv1LV4i,83,1-0,White,<=5s vs 15-20s,2118
IfPzulUJ,101,1-0,White,<=5s vs 15-20s,2384
QgfxAC5I,60,0-1,Black,<=5s vs 10-15s,1420
UHsTeWws,105,1/2-1/2,White,<=5s vs <=5s,2103
Gq8K4h5K,66,0-1,Black,<=5s vs 5-10s,1272
wHlMz41h,55,0-1,White,<=5s vs 5-10s,1840
iIWkZPmt,59,1-0,White,<=5s vs 5-10s,1391
tromaSAR,53,1-0,White,<=5s vs 15-20s,1583
K2NdSjCc,50,1-0,Black,<=5s vs <=5s,1647
n4mAOWd5,85,0-1,White,<=5s vs 5-10s,2304
3A2Ij1e2,58,0-1,Black,<=5s vs 10-15s,1294
avrftO3H,64,0-1,Black,<=5s vs 5-10s,1587
StcyBJEm,40,0-1,Black,<=5s vs 15-20s,1170
TdkJl98g,127,1-0,White,<=5s vs 5-10s,2190
ErpRmZuo,70,0-1,Black,<=5s vs 10-15s,1700
5PgpBSsu,93,1-0,White,<=5s vs 10-15s,973
2sbSHMeZ,75,0-1,White,<=5s vs 5-10s,2466
QejyI44j,59,1-0,White,<=5s vs 10-15s,1820
89v9Zqrl,64,0-1,Black,<=5s vs 5-10s,1504
VSGGTip9,78,1-0,Black,<=5s vs 5-10s,1694
qoFNL8z3,45,1-0,White,<=5s vs 15-20s,1089
wU2oLTLJ,81,1-0,White,<=5s vs 15-20s,2300
VcTmOPo4,75,1-0,White,<=5s vs 5-10s,1535
FBEdt4yY,72,0-1,Black,<=5s vs 15-20s,1847
J5bHbMUF,64,1-0,Black,<=5s vs 15-20s,1977
epOHb5wa,33,0-1,White,<=5s vs 10-15s,903
NFzlelgk,75,1-0,White,<=5s vs 5-10s,2772
JHUugsuC,62,0-1,Black,<=5s vs 15-20s,1279
LY6CRGtr,110,0-1,Black,<=5s vs 10-15s,2048
KyIKqYLv,53,1-0,White,<=5s vs 10-15s,1400
qF7SbgVo,124,0-1,Black,<=5s vs 10-15s,2553
eVlUk1ji,134,0-1,Black,<=5s vs 5-10s,2604
8LWHpoHg,70,0-1,Black,<=5s vs 5-10s,1266
VcyOsVnT,139,1-0,White,<=5s vs 5-10s,2096
v7YjbvmP,150,1-0,Black,<=5s vs <=5s,2667
QQdkvfG5,71,1-0,White,<=5s vs 15-20s,2029
5MQE7z49,66,0-1,Black,<=5s vs 15-20s,2339
KACscPu1,115,1-0,White,<=5s vs <=5s,2351
4i0CoYVB,79,1-0,White,<=5s vs 15-20s,2024
M2EsKfk3,45,1-0,White,<=5s vs 10-15s,922
RdoG3JHG,46,0-1,Black,<=5s vs 10-15s,1779
UOjWZLAm,69,1-0,White,<=5s vs 10-15s,1927
HjOrz4YZ,80,0-1,Black,<=5s vs <=5s,1260
JiFP0AWS,57,1-0,White,<=5s vs 10-15s,1943
yNRwbLun,99,0-1,White,<=5s vs 5-10s,2297
BQRWusXy,81,1-0,White,<=5s vs 15-20s,2290
IgBbarxl,84,0-1,Black,<=5s vs 10-15s,1311
vCggikdL,120,1-0,Black,<=5s vs <=5s,1956
qnpUakMZ,87,0-1,White,<=5s vs 5-10s,1909
SLfed0yC,108,0-1,Black,<=5s vs 10-15s,2057
TVIH5M0F,125,1-0,White,<=5s vs 5-10s,1951
p41NU5PI,85,0-1,White,<=5s vs 5-10s,2420
6FfvzkB2,58,0-1,Black,<=5s vs 10-15s,2216
u0ceWMWF,92,1-0,Black,<=5s vs 10-15s,2075
KVlIKpUt,119,1-0,White,<=5s vs 15-20s,2593
PYNlvgcV,128,1-0,Black,<=5s vs <=5s,2125
sysCDuTs,62,0-1,Black,<=5s vs 15-20s,2099
nYnBXeZO,67,1-0,White,<=5s vs 15-20s,1829
W5lRIjGK,113,1/2-1/2,White,<=5s vs 15-20s,2155
PlXkhDcY,98,1/2-1/2,Black,<=5s vs 5-10s,2301
pjuaMTP7,68,0-1,Black,<=5s vs <=5s,1526
Af7haUCf,146,1-0,Black,<=5s vs <=5s,2456
jFL9PmmD,76,0-1,Black,<=5s vs 5-10s,1435
qPBpUvIr,87,1-0,White,<=5s vs 5-10s,1832
10UYos8t,95,0-1,White,<=5s vs 15-20s,1775
NvjybWzH,75,1-0,White,<=5s vs 15-20s,1853
Td7Npexm,66,0-1,Black,<=5s vs 10-15s,2083
CginzDUY,116,1/2-1/2,Black,<=5s vs 15-20s,2441
knwwAoj1,45,1-0,White,<=5s vs 10-15s,1125
XZoj2MrX,48,0-1,Black,<=5s vs 15-20s,1207
imtEGmNt,55,0-1,White,<=5s vs <=5s,1104
Uxqoo79Z,77,1-0,White,<=5s vs 5-10s,2549
NeQdVL98,90,1/2-1/2,Black,<=5s vs 5-10s,2218
RvbONf1D,52,0-1,Black,<=5s vs 5-10s,1350
9PLgGkKO,93,1-0,White,<=5s vs <=5s,1342
107pVDJt,66,1-0,Black,<=5s vs 10-15s,1676
nXvAbo5y,59,1-0,White,<=5s vs 10-15s,2220
Yu34mR46,76,0-1,Black,<=5s vs <=5s,2542
fvwSKgoX,114,1-0,Black,<=5s vs 5-10s,2285
sivX2jp5,78,0-1,Black,<=5s vs 10-15s,926
oxuYA97f,129,1/2-1/2,White,<=5s vs 15-20s,2654
wX0Zuxqn,89,1/2-1/2,White,<=5s vs 10-15s,1688
8XUiuAfd,60,1-0,Black,<=5s vs <=5s,1142
WbF1gP6l,66,0-1,Black,<=5s vs 15-20s,1924
3C2Yhmie,74,0-1,Black,<=5s vs 5-10s,2474
UEDxBmkS,61,0-1,White,<=5s vs <=5s,2253
ELA2Kxe4,56,1-0,Black,<=5s vs 10-15s,1024
6M7IO74F,104,0-1,Black,<=5s vs 15-20s,2436
L5r12ih3,82,0-1,Black,<=5s vs <=5s,2150
IU3b8yMV,65,1-0,White,<=5s vs 15-20s,1902
25OmMak5,44,0-1,Black,<=5s vs 10-15s,1311
50ran45c,70,0-1,Black,<=5s vs 5-10s,1630
TRyICAW7,78,0-1,Black,<=5s vs 15-20s,2500
chdyp5eL,60,0-1,Black,<=5s vs 10-15s,1232
XjIRLgoQ,78,0-1,Black,<=5s vs 15-20s,1478
ns1Yigvw,63,1-0,White,<=5s vs <=5s,1041
FW6qseZa,119,1-0,White,<=5s vs 10-15s,2641
wRkgeqAv,84,0-1,Black,<=5s vs 10-15s,1856
zLlbqWWL,86,0-1,Black,<=5s vs <=5s,1453
5KmK2vER,102,1/2-1/2,Black,<=5s vs 10-15s,2198
3BygYUwV,48,0-1,Black,<=5s vs 5-10s,1057
HhpYeAme,49,1-0,White,<=5s vs 10-15s,1466
Fa221kL4,81,1-0,White,<=5s vs 5-10s,1335
wPDqatnt,52,0-1,Black,<=5s vs 15-20s,1545
vg2hQC0O,67,1-0,White,<=5s vs 10-15s,1157
IHoHzms0,61,0-1,White,<=5s vs 10-15s,2010
VIwJWf5v,168,0-1,Black,<=5s vs 5-10s,2213
WiANtotn,42,0-1,Black,<=5s vs 10-15s,1937
fWdTP5zH,39,1-0,White,<=5s vs 15-20s,1052
7rABDMln,57,1-0,White,<=5s vs 15-20s,2246
BjkRMBsq,95,1-0,White,<=5s vs 15-20s,2354
Z7QcOIRO,98,1-0,Black,<=5s vs <=5s,2324
F65xLH7W,91,0-1,White,<=5s vs <=5s,2478
HAhYnCZn,100,1-0,Black,<=5s vs <=5s,2466
0tYs4icv,109,0-1,White,<=5s vs 5-10s,2345
ImEHBH7P,111,0-1,White,<=5s vs <=5s,2445
66HfPwug,78,0-1,Black,<=5s vs 10-15s,2160
uaADyfa9,41,1-0,White,<=5s vs 10-15s,1447
zDl3Kdqi,73,1-0,White,<=5s vs 15-20s,2066
OCUg6g7J,66,0-1,Black,<=5s vs 10-15s,2053
CofTrNWA,92,0-1,Black,<=5s vs 5-10s,2845
pXxaa7jh,88,1-0,Black,<=5s vs 5-10s,1956
jgzNHoHY,61,1-0,White,<=5s vs <=5s,1076
wv1Dt4fN,64,1-0,Black,<=5s vs 5-10s,1034
rUhoCFdU,62,0-1,Black,<=5s vs 10-15s,1529
IztpwsFf,74,1-0,Black,<=5s vs <=5s,2078
7zAc0Ler,64,0-1,Black,<=5s vs 15-20s,1315
BkRufIju,95,1-0,White,<=5s vs 5-10s,2448
qD3cdZdX,92,0-1,Black,<=5s vs 10-15s,2657
crBWzn0z,89,1-0,White,<=5s vs 15-20s,2344
lOaRF3ik,78,0-1,Black,<=5s vs 10-15s,1616
m6VUx8wq,122,0-1,Black,<=5s vs 5-10s,2448
nYLKuQ7A,66,0-1,Black,<=5s vs 5-10s,1471
oqaRUc6U,71,1-0,White,<=5s vs 15-20s,1423
zWoR2vDg,84,0-1,Black,<=5s vs 10-15s,2797
MtROFzE6,136,1/2-1/2,Black,<=5s vs 5-10s,2313
4C9IUBUs,56,0-1,Black,<=5s vs 10-15s,2164
MrXHAy64,57,1-0,White,<=5s vs <=5s,1284
QziJSMyD,56,0-1,Black,<=5s vs 5-10s,1764
cXE19dSj,44,0-1,Black,<=5s vs 5-10s,1085
iiemCnt1,57,1-0,White,<=5s vs 15-20s,1800
Ldhn2H05,112,1/2-1/2,Black,<=5s vs 15-20s,2185
265wMWpc,73,1-0,White,<=5s vs 15-20s,1648
Sd2GTaR9,99,1/2-1/2,White,<=5s vs 5-10s,2716
VdWBwomt,82,0-1,Black,<=5s vs 5-10s,2601
3YRO35QJ,82,0-1,Black,<=5s vs 5-10s,2170
YjOV6jMZ,55,1-0,White,<=5s vs 5-10s,2011
1UEwSpXN,53,1-0,White,<=5s vs 5-10s,1104
RFLSmNdW,53,1-0,White,<=5s vs 15-20s,1740
OF9XTWfC,77,1-0,White,<=5s vs 15-20s,1805
orA6uXgY,148,0-1,Black,<=5s vs 5-10s,2210
QvQVJvqE,51,1-0,White,<=5s vs 15-20s,1398
nKVYDF9m,57,0-1,White,<=5s vs 10-15s,1072
yMhQtJ5m,72,0-1,Black,<=5s vs 5-10s,1746
tqs6GB56,38,0-1,Black,<=5s vs <=5s,1063
65xLJvjY,83,1-0,White,<=5s vs 5-10s,1680
KyTmMY6F,59,1-0,White,<=5s vs 10-15s,1113
91Qgk6LP,47,1-0,White,<=5s vs 10-15s,881
dGLhUe3z,88,0-1,Black,<=5s vs 15-20s,1471
JzzD1yJy,61,1-0,White,<=5s vs <=5s,1900
moidCBdK,88,1-0,Black,<=5s vs 5-10s,2379
L3OyXwDj,115,1-0,White,<=5s vs 10-15s,2627
TV5PiUkU,93,1-0,White,<=5s vs 15-20s,2627
Lb3Sif9Y,72,1-0,Black,<=5s vs 5-10s,2077
9T3lckAo,98,0-1,Black,<=5s vs 10-15s,1882
y5QrQCXq,65,1-0,White,<=5s vs 15-20s,1983
OGsJ2RKC,55,1-0,White,<=5s vs 10-15s,1252
p6RUbMbD,59,1-0,White,<=5s vs 15-20s,967
Tqvdp0TI,87,1-0,White,<=5s vs 10-15s,2411
d8wINkpn,38,0-1,Black,<=5s vs 5-10s,1335
iWqsFCMY,89,1-0,White,<=5s vs 10-15s,2267
VcifTfVC,56,0-1,Black,<=5s vs 10-15s,1635
IwPE36ag,78,0-1,Black,<=5s vs 5-10s,2374
8RIarBVr,71,1-0,White,<=5s vs 5-10s,2233
2C7UmkMz,73,0-1,White,<=5s vs <=5s,1561
GX8N1rGV,70,0-1,Black,<=5s vs 10-15s,2006
WapvSHSe,72,0-1,Black,<=5s vs 15-20s,2489
R65kvxF8,77,1-0,White,<=5s vs 5-10s,2910
ka8KFPV3,97,1-0,White,<=5s vs 5-10s,2339
Mgf3tb6Y,98,0-1,Black,<=5s vs 5-10s,1485
WRKkWsQ3,63,1-0,White,<=5s vs 10-15s,1859
4l9c2GTc,78,0-1,Black,<=5s vs <=5s,2239
8u3nnU8y,62,0-1,Black,<=5s vs 10-15s,1561
RrOVYNQe,70,0-1,Black,<=5s vs 10-15s,2549
shcRIgnN,64,0-1,Black,<=5s vs 5-10s,1187
X6pKfugh,128,0-1,Black,<=5s vs 5-10s,2343
nsvyUVwG,80,1-0,Black,<=5s vs <=5s,1761
ldQOZcO4,57,0-1,White,<=5s vs 5-10s,1509
WSZjdAm2,79,1-0,White,<=5s vs 5-10s,1413
1sL1Muts,106,1-0,Black,<=5s vs 5-10s,2376
pYoZC93R,83,1-0,White,<=5s vs 15-20s,1772
f47NMA2y,93,1/2-1/2,White,<=5s vs 10-15s,1918
V3RXv63s,56,0-1,Black,<=5s vs 15-20s,980
FUoBbgcE,58,0-1,Black,<=5s vs 15-20s,1412
dy2DRxEV,55,1-0,White,<=5s vs 5-10s,1969
E8V6BnKE,56,0-1,Black,<=5s vs 5-10s,1117
dzGe8ynC,86,0-1,Black,<=5s vs 15-20s,1141
mbcvPM22,101,1-0,White,<=5s vs 5-10s,2593
8zrKvAPG,67,1-0,White,<=5s vs 15-20s,1762
UGXuFP17,84,0-1,Black,<=5s vs 15-20s,1600
s8aHy8rU,50,0-1,Black,<=5s vs 15-20s,1278
0BdYt3cr,79,1-0,White,<=5s vs 5-10s,2346
sG1qGlDS,119,1/2-1/2,White,<=5s vs 15-20s,1924
Ipf9LdFp,83,1-0,White,<=5s vs 5-10s,2318
1OyYYI4H,78,0-1,Black,<=5s vs 5-10s,1704
inxR4Krz,110,1-0,Black,<=5s vs 10-15s,1886
3fT8PL16,56,0-1,Black,<=5s vs 5-10s,1881
9a0yb3pr,93,1-0,White,<=5s vs 15-20s,2151
2PtONXBz,52,0-1,Black,<=5s vs 5-10s,1706
TmUbEAAa,73,0-1,White,<=5s vs 5-10s,1144
Okw451w9,75,1-0,White,<=5s vs 15-20s,2057
huHJVzvj,49,1-0,White,<=5s vs 10-15s,1548
Jccvsz8m,63,1-0,White,<=5s vs 15-20s,1712
Eq14P8Si,96,1/2-1/2,Black,<=5s vs 5-10s,2806
6V1eoht8,40,0-1,Black,<=5s vs 5-10s,820
ZdPcNROO,98,0-1,Black,<=5s vs 15-20s,2515
6bjzJ5ta,130,0-1,Black,<=5s vs 5-10s,2358
kYF6Hcyj,58,0-1,Black,<=5s vs 10-15s,2288
JR7U3Tms,99,1-0,White,<=5s vs 15-20s,2332
sOH6AfFB,86,0-1,Black,<=5s vs 5-10s,2128
FtTb4h8W,59,1-0,White,<=5s vs 15-20s,1751
HbQmgRc1,39,1-0,White,<=5s vs 15-20s,1424
dP0uA0oY,152,0-1,Black,<=5s vs 15-20s,1954
BVlyi6Vz,93,1-0,White,<=5s vs 10-15s,2512
siOXkvdD,75,1-0,White,<=5s vs 5-10s,1969
F1CZMGIZ,97,1-0,White,<=5s vs 15-20s,1837
PuoC7lRT,80,0-1,Black,<=5s vs <=5s,1588
UjfVPLvr,61,0-1,White,<=5s vs <=5s,1791
ImyBs1VP,95,1-0,White,<=5s vs 10-15s,1263
03Fsp2jV,45,0-1,White,<=5s vs 5-10s,908
s38EwCVL,58,0-1,Black,<=5s vs 5-10s,1882
ORGfSLvV,65,1-0,White,<=5s vs 15-20s,2524
4m7shgiN,48,0-1,Black,<=5s vs 15-20s,1132
n8RKqrXO,67,1-0,White,<=5s vs 5-10s,2070
Wo7UGSqz,51,1-0,White,<=5s vs 10-15s,1627
eH7ChFZC,91,1-0,White,<=5s vs 15-20s,2457
QQPWsOu5,53,1-0,White,<=5s vs 5-10s,1717
lDZIYJGH,94,1-0,Black,<=5s vs <=5s,2219
MXZ5hm24,55,1-0,White,<=5s vs 5-10s,1808
fOic13KU,110,0-1,Black,<=5s vs 5-10s,2197
vbph6u9T,97,1-0,White,<=5s vs 5-10s,2562
VofSqm9r,64,1-0,Black,<=5s vs <=5s,2379
dEHTGNR4,96,0-1,Black,<=5s vs 5-10s,2621
dsdzOQn4,58,0-1,Black,<=5s vs 15-20s,1624
nzGsKxCV,79,1-0,White,<=5s vs 5-10s,2339
yz1QxbZn,52,0-1,Black,<=5s vs 15-20s,1358
CZ5FyjT7,55,0-1,White,<=5s vs 5-10s,1323
KqIzJ7hK,66,0-1,Black,<=5s vs 10-15s,1798
BMlLBiNS,48,0-1,Black,<=5s vs 5-10s,1442
U5sa7hpt,104,0-1,Black,<=5s vs <=5s,2463
GWPWuMQb,75,1-0,White,<=5s vs 10-15s,1631
3RY3gD14,58,0-1,Black,<=5s vs 15-20s,2029
OUGiNG49,102,1/2-1/2,Black,<=5s vs 5-10s,2171
2sOLRIME,84,0-1,Black,<=5s vs 15-20s,1363
qAu7yYpa,47,1-0,White,<=5s vs 15-20s,1537
ZsJEQphA,65,1-0,White,<=5s vs 10-15s,2039
raMPXMWG,69,0-1,White,<=5s vs 10-15s,1733
59GTq6Jk,92,0-1,Black,<=5s vs 15-20s,2465
6sSVrulB,168,1-0,Black,<=5s vs 10-15s,2430
GZ0tdQ2x,55,1-0,White,<=5s vs 15-20s,1114
I0NR4UUj,57,1-0,White,<=5s vs 5-10s,1490
YvWNIeFz,44,0-1,Black,<=5s vs 10-15s,1928
Mn7Xa3gf,34,1-0,Black,<=5s vs 15-20s,1149
oiLfViiS,72,0-1,Black,<=5s vs 10-15s,1987
xykOBVYw,40,0-1,Black,<=5s vs 15-20s,1347
0zeSvS0c,84,0-1,Black,<=5s vs 10-15s,2622
242Acplc,83,0-1,White,<=5s vs 5-10s,1684
xMquwhQ5,85,1-0,White,<=5s vs 15-20s,2458
U7GdjRyl,103,1-0,White,<=5s vs 15-20s,1224
djlvq0fw,49,1-0,White,<=5s vs 15-20s,2074
Gsg6gKK2,54,0-1,Black,<=5s vs 5-10s,1137
mKVlnyw4,92,1-0,Black,<=5s vs 5-10s,2466
Hpr6qMMB,74,0-1,Black,<=5s vs 10-15s,2093
LzxCboRK,99,1-0,White,<=5s vs 15-20s,2015
XkzOPxXh,96,1-0,Black,<=5s vs <=5s,2027
7Mc4bpCO,48,0-1,Black,<=5s vs 5-10s,1261
uNqFX1kV,73,1-0,White,<=5s vs 5-10s,2536
c2WPL8g6,36,0-1,Black,<=5s vs 15-20s,1632
DECJgB8H,51,1-0,White,<=5s vs 15-20s,835
YTPxqTkq,52,0-1,Black,<=5s vs 15-20s,1123
7mrGXZrH,73,1-0,White,<=5s vs 10-15s,1657
HUIOSl1D,117,1-0,White,<=5s vs 5-10s,2926
I6eVl5YJ,63,1-0,White,<=5s vs 5-10s,1100
o1VOysR6,70,0-1,Black,<=5s vs 15-20s,1586
wLdvg4gb,142,1/2-1/2,Black,<=5s vs 15-20s,1946
UL6hzChz,69,1-0,White,<=5s vs 10-15s,1804
1vXZrAbR,108,0-1,Black,<=5s vs <=5s,2030
ITu99b65,69,1-0,White,<=5s vs 15-20s,2150
AiddFLve,71,1-0,White,<=5s vs 5-10s,2249
feV7jXaE,66,0-1,Black,<=5s vs <=5s,1832
iCsl4c4Y,67,1-0,White,<=5s vs 15-20s,2092
59PMBSZl,87,1-0,White,<=5s vs 10-15s,2021
FOIwDnT4,92,1/2-1/2,Black,<=5s vs 15-20s,2297
MyTE3z2n,82,0-1,Black,<=5s vs 5-10s,2219
GHU4SfVS,89,1-0,White,<=5s vs <=5s,1099
5NIR9y2s,85,1-0,White,<=5s vs 5-10s,2062
1xcS3XPT,56,0-1,Black,<=5s vs 5-10s,1066
Jka7nf6I,70,0-1,Black,<=5s vs 10-15s,1262
wCBywig8,138,0-1,Black,<=5s vs 15-20s,2523
8hm15OFm,74,0-1,Black,<=5s vs 15-20s,1734
QG5Fk6xY,70,0-1,Black,<=5s vs 5-10s,1719
RpSfBKOx,73,1-0,White,<=5s vs 10-15s,1812
eH1XmeFf,42,0-1,Black,<=5s vs 10-15s,1967
txbGMbKH,37,1-0,White,<=5s vs 15-20s,701
vZm0AxuY,86,0-1,Black,<=5s vs <=5s,1553
exkrKTyW,57,1-0,White,<=5s vs 10-15s,1958
09tnMgZu,122,0-1,Black,<=5s vs 10-15s,2643
AqOyz1wO,69,1-0,White,<=5s vs 5-10s,2048
aUGs8QwC,89,1-0,White,<=5s vs 5-10s,1577
TpRpcSsm,65,1-0,White,<=5s vs 5-10s,2020
QcDVhUIH,58,0-1,Black,<=5s vs 15-20s,1297
Wj2tVTt3,83,0-1,White,<=5s vs 5-10s,2029
YEmrtYmY,39,1-0,White,<=5s vs 10-15s,1292
qZJn6Mw3,64,0-1,Black,<=5s vs 5-10s,1920
l9SwAalq,63,1-0,White,<=5s vs 5-10s,1338
8Q88SNt7,100,1-0,Black,<=5s vs <=5s,1571
636KUYli,74,0-1,Black,<=5s vs 10-15s,1964
6hTLpm7r,57,0-1,White,<=5s vs 5-10s,1130
DRcew3WB,98,0-1,Black,<=5s vs 10-15s,1857
YSR1eHdf,87,1-0,White,<=5s vs 5-10s,1794
NsCr53SA,84,0-1,Black,<=5s vs 15-20s,1254
JHeajXpu,87,1-0,White,<=5s vs 5-10s,1841
i2PybdbC,45,0-1,White,<=5s vs 5-10s,889
y5vNTMwI,64,1-0,Black,<=5s vs 5-10s,2038
qEE34geO,79,1-0,White,<=5s vs 10-15s,1175
dMBkzM1A,92,1-0,Black,<=5s vs <=5s,1582
rJ4DACyD,62,1-0,Black,<=5s vs 5-10s,1452
0iQ0d9LH,49,1-0,White,<=5s vs 10-15s,1070
YuAHRREw,66,0-1,Black,<=5s vs 15-20s,1515
RPiD0BQk,82,0-1,Black,<=5s vs 5-10s,2627
yWMC0g5e,69,1-0,White,<=5s vs 5-10s,1750
u673jtqL,79,1-0,White,<=5s vs 15-20s,2103
fjsol4zF,133,0-1,White,<=5s vs <=5s,2260
fp5LsDKq,103,1-0,White,<=5s vs <=5s,1578
hxCGn5jO,82,0-1,Black,<=5s vs 5-10s,1734
OZHW1iCi,95,0-1,White,<=5s vs <=5s,1911
PAYBadIn,43,1-0,White,<=5s vs 5-10s,1040
hiW8WZwF,57,1-0,White,<=5s vs 5-10s,1615
od1yEf36,89,0-1,White,<=5s vs 5-10s,2040
4UKyfzL5,65,1/2-1/2,White,<=5s vs 5-10s,1255
EQMYgqAE,84,0-1,Black,<=5s vs 15-20s,1990
MRcQoJcQ,94,0-1,Black,<=5s vs 5-10s,2316
kPVI0R2i,64,0-1,Black,<=5s vs 5-10s,1437
x2ZnC5oA,68,0-1,Black,<=5s vs 10-15s,1654
WsD8rgWn,44,0-1,Black,<=5s vs 15-20s,2101
16O6kQA9,69,1-0,White,<=5s vs 5-10s,1989
nT6RiO3J,81,1-0,White,<=5s vs 10-15s,1797
Fsc7XSNi,132,1-0,Black,<=5s vs <=5s,2693
lXBk7ZHS,42,0-1,Black,<=5s vs 5-10s,759
dWrb7b1D,66,0-1,Black,<=5s vs <=5s,1179
LlVRYVUM,42,0-1,Black,<=5s vs 15-20s,1586
AyNs0aNp,129,1-0,White,<=5s vs 15-20s,1305
FpXQ5u4U,76,0-1,Black,<=5s vs 10-15s,2132
Q1d4IKQ9,97,1-0,White,<=5s vs 15-20s,2571
1Nv4zJ4r,31,1-0,White,<=5s vs 5-10s,799
DiGtGUcG,36,0-1,Black,<=5s vs 10-15s,945
SKhWpi4x,75,1-0,White,<=5s vs 10-15s,2015
cIGHLHl0,99,1-0,White,<=5s vs 15-20s,960
g2xj2BNe,68,1-0,Black,<=5s vs <=5s,1296
jRDmQHPi,92,0-1,Black,<=5s vs 10-15s,1614
UqhuewlP,48,0-1,Black,<=5s vs 10-15s,953
kEZedDN5,67,1-0,White,<=5s vs 5-10s,2047
jE2PLBa0,98,0-1,Black,<=5s vs 5-10s,2719
6D69ckcZ,106,0-1,Black,<=5s vs 5-10s,2442
oznk9uVL,57,1-0,White,<=5s vs 5-10s,1551
KGXcYBvC,92,1-0,Black,<=5s vs <=5s,2334
HyZgMk2N,37,1-0,White,<=5s vs 10-15s,867
7ixZFGBj,76,1-0,Black,<=5s vs <=5s,1758
3xFj9gzM,61,1/2-1/2,White,<=5s vs 5-10s,1749
vmGuX240,63,1-0,White,<=5s vs 5-10s,1475
y7HUjlSO,60,0-1,Black,<=5s vs 5-10s,1969
hejcsgcj,102,1/2-1/2,Black,<=5s vs 5-10s,1774
XsERJAQR,86,0-1,Black,<=5s vs 5-10s,2596
3xLS69h8,75,1-0,White,<=5s vs 15-20s,2299
zpI6uMuV,48,0-1,Black,<=5s vs 10-15s,1728
V5It7GLq,102,0-1,Black,<=5s vs 15-20s,2356
ttaBU5bp,48,0-1,Black,<=5s vs 15-20s,1241
C1nl29qQ,66,1-0,Black,<=5s vs <=5s,1002
wWPINqK2,53,0-1,White,<=5s vs <=5s,974
631cXPxh,87,1-0,White,<=5s vs 15-20s,2593
BxsOodz1,82,1-0,Black,<=5s vs <=5s,1956
QCWAoEgC,83,1-0,White,<=5s vs <=5s,2185
9r6mpOaJ,66,1-0,Black,<=5s vs 15-20s,1335
Sgq46twG,67,1-0,White,<=5s vs 10-15s,1452
JUtCYj7n,61,0-1,White,<=5s vs 15-20s,1982
z1FGbn0l,62,0-1,Black,<=5s vs 15-20s,2006
rwahUZbR,90,1-0,Black,<=5s vs <=5s,2306
gn5svX0R,76,0-1,Black,<=5s vs 15-20s,2029
PUmLZho7,102,0-1,Black,<=5s vs 5-10s,1028
7DlBfGnx,81,1-0,White,<=5s vs 5-10s,2260
11CLrQik,80,0-1,Black,<=5s vs 15-20s,1888
Z6pWOg35,69,1-0,White,<=5s vs 15-20s,1968
qGk9w7c7,188,0-1,Black,<=5s vs 5-10s,2106
GdKizECa,121,1-0,White,<=5s vs 15-20s,2445
H4qKDNWi,51,1-0,White,<=5s vs 15-20s,1346
gM8naGMJ,87,0-1,White,<=5s vs 10-15s,2457
RpzmP46g,122,1/2-1/2,Black,<=5s vs 5-10s,1022
DCIZED9C,80,1-0,Black,<=5s vs <=5s,2242
BmPEM7Ys,115,1/2-1/2,White,<=5s vs 5-10s,2930
sUrFSyQH,50,0-1,Black,<=5s vs 15-20s,1654
aiIJq2sR,66,0-1,Black,<=5s vs <=5s,1931
Mw6UAQp3,87,0-1,White,<=5s vs 10-15s,2594
FYEZnXLt,77,1-0,White,<=5s vs 5-10s,2477
derAOZpg,86,1-0,Black,<=5s vs <=5s,2355
56bDBPfq,82,1/2-1/2,Black,<=5s vs <=5s,1965
LwkoRQxo,85,1-0,White,<=5s vs 15-20s,2284
YXLlHjh4,67,0-1,White,<=5s vs <=5s,1006
VRxCsJYS,59,1-0,White,<=5s vs 5-10s,2227
FjtnoOGs,85,1/2-1/2,White,<=5s vs 5-10s,1990
MB2mpTa0,98,1/2-1/2,Black,<=5s vs 5-10s,1526
EnEMF7P6,85,1-0,White,<=5s vs 5-10s,2022
t6HEFsGH,53,1-0,White,<=5s vs 5-10s,1947
vPMaaQlc,50,0-1,Black,<=5s vs 15-20s,1291
jRCO1lA3,87,1-0,White,<=5s vs 5-10s,1788
tDyNtK3f,69,1-0,White,<=5s vs 10-15s,2083
xrnVizL6,60,0-1,Black,<=5s vs 15-20s,2217
bu4BNpSA,67,1-0,White,<=5s vs <=5s,1920
VwRAU6vc,75,1-0,White,<=5s vs 10-15s,1838
WdU6rH8Z,73,1-0,White,<=5s vs 10-15s,1749
w40WNpt5,45,0-1,White,<=5s vs 5-10s,1857
Q0U6tLON,98,1/2-1/2,Black,<=5s vs 5-10s,2074
dKXS7cZE,83,1-0,White,<=5s vs 15-20s,2390
gpltOsY6,93,1-0,White,<=5s vs <=5s,2482
WJ0D2MUq,51,1-0,White,<=5s vs 15-20s,1472
yhPkdAHC,85,0-1,White,<=5s vs <=5s,1772
CIh6qGYG,82,0-1,Black,<=5s vs 15-20s,1733
mRJdJH4r,101,1-0,White,<=5s vs 15-20s,2238
6FAS1q4i,92,1-0,Black,<=5s vs <=5s,1759
hmPPGYzH,48,0-1,Black,<=5s vs 5-10s,1311
A6yyISmD,57,1-0,White,<=5s vs 10-15s,1602
cdaQy56H,91,1-0,White,<=5s vs 15-20s,1135
hniFn3Iy,84,0-1,Black,<=5s vs 5-10s,2239
CtHTWFUi,88,0-1,Black,<=5s vs 15-20s,1611
cb6SgLfd,79,0-1,White,<=5s vs <=5s,2238
uKMKIT8R,68,0-1,Black,<=5s vs 15-20s,1470
uPayarzn,110,0-1,Black,<=5s vs <=5s,2554
bBkXWNDU,118,1/2-1/2,Black,<=5s vs 10-15s,1828
PvC64Koe,104,1/2-1/2,Black,<=5s vs <=5s,2268
rtZ4wuq3,73,1-0,White,<=5s vs 10-15s,1563
oqSbQywL,50,0-1,Black,<=5s vs 10-15s,1516
Jf4cg3UY,43,0-1,White,<=5s vs 5-10s,976
POwXpBlh,82,0-1,Black,<=5s vs 15-20s,1597
K0VpHaXK,37,1-0,White,<=5s vs 10-15s,1321
BLJJlZeO,89,1-0,White,<=5s vs 15-20s,2333
Uc733p0B,59,1-0,White,<=5s vs 15-20s,1575
M4V4qUst,44,0-1,Black,<=5s vs 15-20s,1995
wUIZRfuB,98,0-1,Black,<=5s vs 15-20s,2304
sa74gUOJ,113,1-0,White,<=5s vs 5-10s,1470
6ZSqAuUj,69,1-0,White,<=5s vs <=5s,1770
SDD6bsdL,84,0-1,Black,<=5s vs 10-15s,2298
pYtbyKZG,54,0-1,Black,<=5s vs 10-15s,1709
84YsqxYY,87,1-0,White,<=5s vs <=5s,2020
IkY1MnkP,102,0-1,Black,<=5s vs 5-10s,2189
EAYI6pSN,89,1/2-1/2,White,<=5s vs 5-10s,1793
CQpi4GxX,62,0-1,Black,<=5s vs 10-15s,1683
FzK8v2aJ,69,1-0,White,<=5s vs 5-10s,2134
BPbZGyPc,53,1-0,White,<=5s vs 5-10s,879
AJohsIuv,112,0-1,Black,<=5s vs 5-10s,2367
JlE0NYGc,54,1-0,Black,<=5s vs <=5s,1889
FT7iV1V5,116,0-1,Black,<=5s vs 5-10s,2436
QhwVOlLv,80,1-0,Black,<=5s vs 15-20s,2149
fmTexBVx,103,1-0,White,<=5s vs 5-10s,1979
A9cO27CZ,115,0-1,White,<=5s vs <=5s,1761
Cr49x8hX,32,0-1,Black,<=5s vs 5-10s,1689
uJ9TLHn3,77,1-0,White,<=5s vs 5-10s,1744
yZ9d2LAZ,58,0-1,Black,<=5s vs 10-15s,1576
AJ76U8E2,76,0-1,Black,<=5s vs <=5s,1738
IXUwB1z0,81,1-0,White,<=5s vs 10-15s,2267
zHKUZx1W,84,0-1,Black,<=5s vs 10-15s,2621
3kyCg8jY,83,1-0,White,<=5s vs 5-10s,2417
JhD7116h,74,0-1,Black,<=5s vs 5-10s,1468
ZzgJq1uc,108,0-1,Black,<=5s vs 5-10s,2457
7oRzfqyH,95,1/2-1/2,White,<=5s vs 5-10s,2128
A7rTzTzp,40,0-1,Black,<=5s vs 10-15s,1233
7jzIrODq,51,1-0,White,<=5s vs <=5s,955
5XdKe2tM,69,1-0,White,<=5s vs 5-10s,1580
1ywvCwTa,74,0-1,Black,<=5s vs 5-10s,2349
E3KoMrZp,114,0-1,Black,<=5s vs <=5s,2615
mDBnIYxm,67,1-0,White,<=5s vs 10-15s,1932
HqsJhZPV,79,1-0,White,<=5s vs 10-15s,2229
h5bNQ2i0,79,1-0,White,<=5s vs 10-15s,2132
gBUfPjRX,88,0-1,Black,<=5s vs 10-15s,2505
4Tthv6K3,80,0-1,Black,<=5s vs 15-20s,1917
CCyULA5H,47,0-1,White,<=5s vs 15-20s,1531
RT1Ji2TG,60,0-1,Black,<=5s vs 15-20s,1793
HhjvCogA,67,1/2-1/2,White,<=5s vs 15-20s,2162
h0hwpcAc,58,0-1,Black,<=5s vs 10-15s,1540
JkLV9VWu,52,0-1,Black,<=5s vs 10-15s,1364
BsWBAlaB,84,0-1,Black,<=5s vs 5-10s,1082
JLk8y2nJ,86,0-1,Black,<=5s vs 10-15s,2173
pDW0qsOe,109,1/2-1/2,White,<=5s vs 5-10s,2491
UJC5USeb,62,0-1,Black,<=5s vs 10-15s,1730
nm5FOnH1,52,0-1,Black,<=5s vs 10-15s,1689
Ligz1XBz,101,0-1,White,<=5s vs <=5s,2206
Iju90dqA,135,1-0,White,<=5s vs 5-10s,2208
TySehmBA,125,1-0,White,<=5s vs <=5s,1646
UsQJtJur,124,0-1,Black,<=5s vs 10-15s,1720
QcEXIneg,64,0-1,Black,<=5s vs 10-15s,1641
TcRFacyN,82,0-1,Black,<=5s vs 5-10s,1725
S6R8PdwU,62,0-1,Black,<=5s vs <=5s,1998
1uWflEka,87,1-0,White,<=5s vs 10-15s,2367
OS5KoKfT,72,0-1,Black,<=5s vs 5-10s,2033
PyEAbsnn,88,0-1,Black,<=5s vs 5-10s,2085
0yz3wNW1,58,0-1,Black,<=5s vs 15-20s,1705
KQzupqKF,93,1/2-1/2,White,<=5s vs 5-10s,1483
jr9jncXC,54,0-1,Black,<=5s vs 15-20s,1237
Hm8nddV2,61,1-0,White,<=5s vs 10-15s,1585
b9oqLA3f,62,0-1,Black,<=5s vs 10-15s,2237
sm4wXhd8,57,1-0,White,<=5s vs 15-20s,1748
NognHhm5,64,0-1,Black,<=5s vs 15-20s,1250
cKO9y43C,51,1-0,White,<=5s vs 15-20s,1393
GCPkazCy,52,0-1,Black,<=5s vs <=5s,1490
exuWRHxW,64,0-1,Black,<=5s vs 10-15s,1522
iEJnocmL,58,0-1,Black,<=5s vs 10-15s,1603
n24D1D0z,67,0-1,White,<=5s vs 5-10s,1606
nB8ZwL54,84,0-1,Black,<=5s vs 15-20s,2247
WeQImNEE,86,0-1,Black,<=5s vs 5-10s,2387
IiUAxKt7,55,0-1,White,<=5s vs 5-10s,1145
2CsrRE8Q,114,0-1,Black,<=5s vs 5-10s,2485
tsHJefJM,43,1-0,White,<=5s vs 15-20s,1976
82g8nVCB,70,0-1,Black,<=5s vs 5-10s,1786
EB8dUn7k,76,0-1,Black,<=5s vs 10-15s,1517
PAblBQNF,72,1-0,Black,<=5s vs <=5s,1657
MCl7X0gQ,135,1-0,White,<=5s vs 10-15s,1917
XhzjNcen,68,0-1,Black,<=5s vs 10-15s,1420
d3QJunyd,83,1-0,White,<=5s vs 10-15s,1897
PYforsBi,55,1-0,White,<=5s vs 15-20s,1430
tXbzGGWX,42,0-1,Black,<=5s vs 10-15s,1326
kBN3KRtI,88,0-1,Black,<=5s vs 15-20s,2154
Zeeq1FFW,107,1/2-1/2,White,<=5s vs 15-20s,1848
zaxSje8C,50,0-1,Black,<=5s vs 15-20s,1122
DUCLf4Pt,63,1-0,White,<=5s vs 5-10s,2101
aDIGgnFX,86,1-0,Black,<=5s vs 5-10s,2098
Jrb720Cq,125,1/2-1/2,White,<=5s vs 10-15s,2184
Nxi142W9,111,1-0,White,<=5s vs 10-15s,1758
MGM0hSfi,78,0-1,Black,<=5s vs 10-15s,1778
Y1Kk6Qsb,137,1-0,White,<=5s vs 10-15s,2307
dsQ3cjCs,138,0-1,Black,<=5s vs 5-10s,2297
ZszIT9vp,78,1-0,Black,<=5s vs <=5s,2009
2y3PAOGM,102,0-1,Black,<=5s vs 5-10s,2064
KYWxwCuI,66,0-1,Black,<=5s vs 10-15s,2625
nDAdyYn1,58,0-1,Black,<=5s vs 5-10s,1720
dJyHMQTV,61,1-0,White,<=5s vs 15-20s,1525
uRm2zfjc,86,0-1,Black,<=5s vs 5-10s,2092
em9AP0PN,112,0-1,Black,<=5s vs 10-15s,2010
iyGGbLdh,142,0-1,Black,<=5s vs 15-20s,1686
uBEsj2ao,68,0-1,Black,<=5s vs 5-10s,1510
5aZ7g8g2,62,1-0,Black,<=5s vs 5-10s,2204
dRgunKxS,98,0-1,Black,<=5s vs <=5s,2380
I6b5QNNz,106,0-1,Black,<=5s vs <=5s,2351
0R7j8zNZ,71,1-0,White,<=5s vs 5-10s,1308
77lCmBRJ,58,0-1,Black,<=5s vs 5-10s,1831
f1eaX2hr,69,1-0,White,<=5s vs 5-10s,2160
RXQcmfFk,60,0-1,Black,<=5s vs 5-10s,1863
P9BgBZpp,103,1-0,White,<=5s vs 15-20s,2232
6oDNuboo,60,1-0,Black,<=5s vs 5-10s,1396
yvKih9s1,64,0-1,Black,<=5s vs 5-10s,1072
bkhorrUa,57,1-0,White,<=5s vs 10-15s,1566
N9khholz,90,0-1,Black,<=5s vs 10-15s,1862
ImybaLdX,70,0-1,Black,<=5s vs 10-15s,2276
uSnMANQc,149,1/2-1/2,White,<=5s vs <=5s,2633
2o1xA4wl,59,1-0,White,<=5s vs 10-15s,1425
SBbfnyft,57,1-0,White,<=5s vs 5-10s,1180
bdN6t7fN,57,1-0,White,<=5s vs 5-10s,917
IlfVSHmA,60,0-1,Black,<=5s vs 10-15s,1423
oCo1DAom,86,0-1,Black,<=5s vs 5-10s,2425
C0m4mD9W,66,0-1,Black,<=5s vs 15-20s,1746
6SpecXXW,49,1-0,White,<=5s vs 5-10s,1565
QOYmpA3G,78,0-1,Black,<=5s vs 10-15s,2219
tDUSDB53,71,0-1,White,<=5s vs 10-15s,1577
G4amZjQN,67,1-0,White,<=5s vs <=5s,1720
tHjW5354,71,1-0,White,<=5s vs 10-15s,1403
vm1IDlMw,126,1/2-1/2,Black,<=5s vs 15-20s,2573
pYW0kS7I,137,1-0,White,<=5s vs 5-10s,1269
zTdCO8Bc,78,0-1,Black,<=5s vs 5-10s,2869
jpDkPwqY,109,1-0,White,<=5s vs 5-10s,2432
LOzek9H1,93,1-0,White,<=5s vs 15-20s,1805
WdkVHIAH,74,1-0,Black,<=5s vs 5-10s,2002
uwAonaHc,84,0-1,Black,<=5s vs 10-15s,2272
vGWbNCHv,63,0-1,White,<=5s vs <=5s,1177
sJmOpwVd,68,0-1,Black,<=5s vs 5-10s,1826
sGUkBI5l,112,0-1,Black,<=5s vs <=5s,2381
mtCZ7AfW,57,0-1,White,<=5s vs <=5s,1219
xZUSEKjl,54,0-1,Black,<=5s vs 15-20s,1734
EinHMEPR,79,1-0,White,<=5s vs 15-20s,1773
EjPik5W0,66,0-1,Black,<=5s vs 10-15s,1694
0W4b7i0o,49,1-0,White,<=5s vs 15-20s,1575
baSnE2Ad,76,0-1,Black,<=5s vs 10-15s,2268
4utolavN,90,0-1,Black,<=5s vs 5-10s,2668
FlW729iT,70,0-1,Black,<=5s vs 15-20s,1667
s6m2K5Vt,76,0-1,Black,<=5s vs 10-15s,1766
hhzYHhgb,86,0-1,Black,<=5s vs <=5s,1517
0T73vHcG,61,1-0,White,<=5s vs 15-20s,2039
uX4cGdjR,47,1-0,White,<=5s vs 5-10s,1856
xhRKtb60,79,1-0,White,<=5s vs 10-15s,1144
4Dse3Gy7,80,0-1,Black,<=5s vs 10-15s,1700
S1vAQ2M8,99,0-1,White,<=5s vs <=5s,2452
MMURIczb,49,1-0,White,<=5s vs 15-20s,1836
llzKe4gi,51,0-1,White,<=5s vs <=5s,1192
ACUBaOUc,106,0-1,Black,<=5s vs 5-10s,1968
DABpNM9k,79,1-0,White,<=5s vs 10-15s,2209
cQGM0Z5I,109,1-0,White,<=5s vs 15-20s,2112
WbFQRxgk,73,1-0,White,<=5s vs 5-10s,1579
nDbwj8X9,81,1-0,White,<=5s vs 10-15s,1811
uayglttt,58,0-1,Black,<=5s vs 10-15s,1205
6c4p9CVb,92,0-1,Black,<=5s vs 5-10s,1711
3Vlss0Dn,67,1-0,White,<=5s vs 10-15s,1227
DZcyOinU,55,1-0,White,<=5s vs 15-20s,1533
7EW95gzB,76,0-1,Black,<=5s vs 5-10s,2565
Jvz3mmUa,75,1-0,White,<=5s vs 10-15s,1773
BGSLjfP8,116,1/2-1/2,Black,<=5s vs 5-10s,2469
QvLnIpje,58,0-1,Black,<=5s vs 15-20s,1558
bInD8570,79,1-0,White,<=5s vs 10-15s,1386
xrUKmx5x,83,1-0,White,<=5s vs 5-10s,1494
AnmAFcMp,83,1-0,White,<=5s vs 15-20s,2289
RMzDaf0H,94,0-1,Black,<=5s vs 15-20s,1792
ndCjG9Zf,109,1-0,White,<=5s vs 5-10s,2445
DS7tX3pH,50,0-1,Black,<=5s vs 10-15s,984
2DTrC4ub,76,0-1,Black,<=5s vs 10-15s,1593
1KXhh8DS,75,1-0,White,<=5s vs 5-10s,2359
xFnBcimR,67,0-1,White,<=5s vs 5-10s,1957
ZLQlTDww,101,0-1,White,<=5s vs 5-10s,2321
MfbIgjCG,52,1-0,Black,<=5s vs <=5s,1079
gf6lu1qm,63,1-0,White,<=5s vs 15-20s,1238
w4Ruz70n,74,1-0,Black,<=5s vs 5-10s,1044
F7evLyYL,54,0-1,Black,<=5s vs <=5s,1550
1EwVvOXo,65,0-1,White,<=5s vs 5-10s,1152
OB2xe81s,55,1-0,White,<=5s vs 15-20s,1334
foI5w8OI,63,1-0,White,<=5s vs 15-20s,1628
CFhEIla5,91,1-0,White,<=5s vs 15-20s,2131
cLQvzVo3,62,1-0,Black,<=5s vs 10-15s,2020
ZFNufblJ,57,1-0,White,<=5s vs 15-20s,1763
4IzNYjZQ,81,1-0,White,<=5s vs 5-10s,1369
y5oPps0I,60,1-0,Black,<=5s vs <=5s,1940
LP5KfZrX,74,0-1,Black,<=5s vs 5-10s,2508
WjSDS4DR,66,0-1,Black,<=5s vs 10-15s,2587
jyHNy7T4,166,0-1,Black,<=5s vs 5-10s,2620
sxbbKGYo,64,0-1,Black,<=5s vs 5-10s,1856
sVQj3SVr,75,1-0,White,<=5s vs 15-20s,1547
aPzxVZ0o,69,1-0,White,<=5s vs 15-20s,2089
1kIx5wja,63,1-0,White,<=5s vs 5-10s,1365
WvzVWpcX,54,1-0,Black,<=5s vs <=5s,1197
GVUQptdL,74,0-1,Black,<=5s vs 15-20s,1482
NVpnkXUR,89,1-0,White,<=5s vs 15-20s,2037
Cy1YqkYz,64,0-1,Black,<=5s vs 5-10s,932
RHMsEEN6,54,0-1,Black,<=5s vs 10-15s,1450
K1DJXMxe,78,0-1,Black,<=5s vs 15-20s,1959
tdpj0oPz,100,1/2-1/2,Black,<=5s vs <=5s,1999
3IOehG8y,80,0-1,Black,<=5s vs 5-10s,2379
9USosK8q,78,0-1,Black,<=5s vs 10-15s,2041
fmQwlGeB,113,0-1,White,<=5s vs 5-10s,2789
DB1kGdQy,76,0-1,Black,<=5s vs 10-15s,1900
0haNCjsr,83,1-0,White,<=5s vs 5-10s,1458
50quLlli,82,0-1,Black,<=5s vs 15-20s,2400
rXPrZ9Yb,54,0-1,Black,<=5s vs 5-10s,1031
7BbAqs8i,99,0-1,White,<=5s vs 15-20s,2195
YsQ6l3Yi,93,1-0,White,<=5s vs 5-10s,2409
MFKPeejT,116,0-1,Black,<=5s vs <=5s,2553
dVFDiJHJ,45,1-0,White,<=5s vs 15-20s,1396
4zjFg6h9,36,0-1,Black,<=5s vs 15-20s,1115
3pOJMiKp,63,1-0,White,<=5s vs 15-20s,2509
Yu42qwzG,89,1-0,White,<=5s vs 10-15s,2638
sdc9UqEr,56,0-1,Black,<=5s vs 5-10s,1442
NpRxwyjY,64,0-1,Black,<=5s vs 10-15s,1689
Y63VQrYP,69,0-1,White,<=5s vs <=5s,1663
TY78vEFC,75,1-0,White,<=5s vs 10-15s,2073
WxFdHnld,63,1-0,White,<=5s vs 5-10s,908
bTEvY3U5,52,0-1,Black,<=5s vs 5-10s,1445
uTJsfcJA,60,0-1,Black,<=5s vs 5-10s,2217
fHadDYqo,44,0-1,Black,<=5s vs 15-20s,1422
Rn9pX8Le,85,1-0,White,<=5s vs <=5s,2233
HNBaMpca,54,0-1,Black,<=5s vs 15-20s,1702
bsjv6nFG,70,0-1,Black,<=5s vs 5-10s,1965
8AYcW1Qe,72,0-1,Black,<=5s vs 15-20s,2560
aW1LDXEy,55,1-0,White,<=5s vs 15-20s,1765
XCjHoGEj,62,0-1,Black,<=5s vs <=5s,1886
WDmVxoVZ,52,0-1,Black,<=5s vs <=5s,952
iQ7V2p97,91,1-0,White,<=5s vs 10-15s,2492
2xVusRZj,71,1-0,White,<=5s vs <=5s,1526
yexKDr8Q,70,0-1,Black,<=5s vs 10-15s,2342
YVUD4oSm,46,0-1,Black,<=5s vs 15-20s,1217
OALCxyGr,53,1-0,White,<=5s vs 10-15s,1110
K7A4DInK,66,0-1,Black,<=5s vs 5-10s,1580
BXk5qRR6,62,0-1,Black,<=5s vs 5-10s,1219
ogDRULS4,56,0-1,Black,<=5s vs 5-10s,2386
racAWRg2,135,1-0,White,<=5s vs 5-10s,2498
RAM6258k,61,1-0,White,<=5s vs 15-20s,2169
McLnjLG6,83,1-0,White,<=5s vs 10-15s,2025
mnuDN3hw,60,0-1,Black,<=5s vs 5-10s,1092
YBGr9ZNM,82,0-1,Black,<=5s vs <=5s,2235
lKWg8FYr,73,1-0,White,<=5s vs 5-10s,1521
CmodzUeg,72,1-0,Black,<=5s vs <=5s,1669
EL01XTpT,71,1-0,White,<=5s vs 10-15s,1865
dROLq8Nw,96,1-0,Black,<=5s vs 5-10s,2009
P4rtNlfs,82,0-1,Black,<=5s vs 15-20s,1850
jkFbTFEu,65,1-0,White,<=5s vs 5-10s,1104
zU6xTivs,87,0-1,White,<=5s vs 5-10s,1857
PFppbka5,76,0-1,Black,<=5s vs 10-15s,1947
PQJoUSVS,55,1-0,White,<=5s vs 5-10s,1292
CQ0DjEdE,47,0-1,White,<=5s vs 5-10s,1181
Pnmu7Zyx,76,0-1,Black,<=5s vs 5-10s,1501
kg5STLET,110,1-0,Black,<=5s vs 10-15s,2202
6VhlyRZQ,73,1-0,White,<=5s vs 5-10s,1738
ZbL0k2t2,146,1-0,Black,<=5s vs <=5s,1983
UcMTCfl5,118,0-1,Black,<=5s vs 5-10s,2580
rBzhqgzz,113,1-0,White,<=5s vs 15-20s,1834
z7J4BTLw,117,1/2-1/2,White,<=5s vs 15-20s,2191
d8bufz83,79,1-0,White,<=5s vs 10-15s,2362
sM63G4dl,47,1-0,White,<=5s vs 15-20s,1622
72hTMmgO,114,1/2-1/2,Black,<=5s vs 15-20s,1650
pbbsgZwJ,80,0-1,Black,<=5s vs <=5s,2060
P5hA4HCY,60,0-1,Black,<=5s vs 15-20s,1633
CeiRxkRx,85,0-1,White,<=5s vs 5-10s,1645
Exiiixkg,151,1/2-1/2,White,<=5s vs 10-15s,2504
mga2C2Be,86,0-1,Black,<=5s vs 5-10s,1610
Tl5LIlLc,55,1-0,White,<=5s vs 15-20s,1807
aeF6hsNR,64,0-1,Black,<=5s vs <=5s,1728
Jkw763um,79,1/2-1/2,White,<=5s vs <=5s,2593
16KvzZSp,89,0-1,White,<=5s vs <=5s,1804
DC7Dvb1e,50,0-1,Black,<=5s vs 15-20s,1368
T8s4YdLx,92,0-1,Black,<=5s vs 5-10s,2521
VeJ2orlY,73,1-0,White,<=5s vs 15-20s,2198
IfsPwHE4,76,0-1,Black,<=5s vs 10-15s,1688
HRNSAKXc,71,1-0,White,<=5s vs 10-15s,1856
0WIKp6VY,68,0-1,Black,<=5s vs 5-10s,2100
DBr3BKYN,69,0-1,White,<=5s vs 5-10s,1815
tpG106Ib,48,0-1,Black,<=5s vs 10-15s,2238
M2yMdFcY,66,0-1,Black,<=5s vs 10-15s,1843
qyIC4NJO,61,1-0,White,<=5s vs 5-10s,1826
AY8CEpZQ,65,1-0,White,<=5s vs 15-20s,1846
VXBgMpqW,96,0-1,Black,<=5s vs 15-20s,2218
yeh6q32v,68,0-1,Black,<=5s vs 10-15s,1605
WtMkLxIO,77,1-0,White,<=5s vs 10-15s,1868
ApvBKA93,50,0-1,Black,<=5s vs 10-15s,1708
BtJQfPyS,53,1-0,White,<=5s vs 10-15s,1487
xyNc7JIi,55,1-0,White,<=5s vs 5-10s,1186
07LbuxGI,140,0-1,Black,<=5s vs 15-20s,2492
3wiyqoHn,107,1/2-1/2,White,<=5s vs 10-15s,2570
1zOzF7ez,67,1-0,White,<=5s vs 10-15s,1718
L4hWHrLy,72,0-1,Black,<=5s vs 10-15s,2225
nYS0frNM,83,1-0,White,<=5s vs 15-20s,2088
tcwQHcHx,61,1-0,White,<=5s vs 5-10s,1503
KaJGGle8,76,1-0,Black,<=5s vs 5-10s,1843
yzpmYYB6,42,0-1,Black,<=5s vs 15-20s,1273
YOesvJot,58,0-1,Black,<=5s vs 5-10s,1332
Mn7oC8Vn,65,1-0,White,<=5s vs <=5s,1960
rrkaf3NG,80,1-0,Black,<=5s vs 5-10s,1828
BCadZGCF,44,0-1,Black,<=5s vs 5-10s,1199
7CLkNiTA,98,0-1,Black,<=5s vs 5-10s,1698
HfzzOxKK,90,0-1,Black,<=5s vs 10-15s,1621
OnAGZIVk,57,1-0,White,<=5s vs 10-15s,2304
9FCBL0ew,51,1-0,White,<=5s vs 10-15s,1077
XpH2m8gY,44,0-1,Black,<=5s vs 5-10s,1069
DKzY2Fss,67,1-0,White,<=5s vs 15-20s,1978
8Cbx29g9,45,0-1,White,<=5s vs 10-15s,1081
TtgtnGUl,99,1/2-1/2,White,<=5s vs 5-10s,1648
Ah8EJVYv,78,0-1,Black,<=5s vs 5-10s,1483
R6SRWYz7,50,0-1,Black,<=5s vs 15-20s,1793
RToYFyer,62,0-1,Black,<=5s vs <=5s,1629
pST94cmy,88,1-0,Black,<=5s vs <=5s,1252
fk1DYru3,89,1-0,White,<=5s vs 10-15s,2431
bhRFzosJ,64,0-1,Black,<=5s vs 5-10s,2155
LWVsF1hK,84,0-1,Black,<=5s vs 15-20s,1711
2GB8ksVO,80,0-1,Black,<=5s vs 10-15s,1291
8dJ82tuo,92,0-1,Black,<=5s vs 5-10s,1106
INfKCoD7,118,0-1,Black,<=5s vs 5-10s,2318
aRTcqPHl,126,0-1,Black,<=5s vs 10-15s,2454
N5u28qMd,52,0-1,Black,<=5s vs 15-20s,918
0JHEH2xD,53,1-0,White,<=5s vs 15-20s,2120
lYcCYQOi,83,1-0,White,<=5s vs 5-10s,1537
Lej1GAeH,83,0-1,White,<=5s vs 5-10s,1625
90JVks9b,55,1-0,White,<=5s vs 10-15s,2119
VlQ7i4Mz,93,1-0,White,<=5s vs <=5s,1817
e7Smzy9B,48,0-1,Black,<=5s vs 15-20s,1010
zefMFBf4,69,1-0,White,<=5s vs 5-10s,1942
AHQhkcPr,67,1-0,White,<=5s vs 15-20s,1314
y2Su5lfv,62,0-1,Black,<=5s vs 5-10s,1899
EUQ6caYs,40,0-1,Black,<=5s vs 15-20s,1359
4VecJQIU,53,1-0,White,<=5s vs 10-15s,1397
bIY0ouBt,72,0-1,Black,<=5s vs 5-10s,1140
H3yx91dh,73,1-0,White,<=5s vs 15-20s,1679
hyyl57yy,97,1-0,White,<=5s vs 5-10s,2162
qLlcm6mN,127,1-0,White,<=5s vs 5-10s,2380
6aMTMuqF,58,0-1,Black,<=5s vs 5-10s,1247
DOZ8BFZq,92,0-1,Black,<=5s vs <=5s,2476
uwa2ONZd,92,0-1,Black,<=5s vs 15-20s,2089
yDPRFgiX,52,0-1,Black,<=5s vs <=5s,1360
KNeoN81e,56,0-1,Black,<=5s vs 15-20s,1911
0QVt2XdT,113,1-0,White,<=5s vs 10-15s,2189
pNmU6jhN,60,0-1,Black,<=5s vs 10-15s,958
lGIlomjh,65,1-0,White,<=5s vs 5-10s,1561
b4KDXRdL,67,0-1,White,<=5s vs 10-15s,1606
ZrNPfHkY,84,1-0,Black,<=5s vs <=5s,2267
iS8pHAHt,99,1-0,White,<=5s vs 15-20s,2307
r5J3cVIM,69,1-0,White,<=5s vs <=5s,1761
dpk1Qsfp,50,0-1,Black,<=5s vs 5-10s,1481
iqGPp1GZ,49,1-0,White,<=5s vs 10-15s,1998
hvDcoPxu,57,1-0,White,<=5s vs 10-15s,1389
bWQiXbRO,112,1-0,Black,<=5s vs <=5s,1700
m4yxOPiv,64,0-1,Black,<=5s vs 15-20s,1537
5wIsXX4P,123,1-0,White,<=5s vs 15-20s,2723
14nSaC1N,61,1-0,White,<=5s vs 10-15s,2016
Yi8po1aH,46,0-1,Black,<=5s vs 15-20s,1833
HYgMOEj7,112,0-1,Black,<=5s vs 15-20s,980
1pcaeYqE,86,1-0,Black,<=5s vs 5-10s,2369
TGzttRMt,79,0-1,White,<=5s vs <=5s,1912
Gkl1uunm,58,1-0,Black,<=5s vs 5-10s,1818
GTuMbF2p,74,0-1,Black,<=5s vs 10-15s,1849
00jHr2Sp,75,1-0,White,<=5s vs 5-10s,1989
o1P8abv8,64,0-1,Black,<=5s vs 10-15s,2254
5Hka7Ht5,46,1-0,Black,<=5s vs <=5s,726
SGeJ5Urm,71,1-0,White,<=5s vs 10-15s,2477
88iNGhzg,112,0-1,Black,<=5s vs 10-15s,2715
DvHJNor7,80,1/2-1/2,Black,<=5s vs 5-10s,2418
4VFSawSH,76,0-1,Black,<=5s vs 5-10s,1206
pOXf5fcx,38,0-1,Black,<=5s vs 5-10s,739
kgunXTlF,81,1-0,White,<=5s vs 5-10s,1999
6zLKBRf8,78,0-1,Black,<=5s vs <=5s,2001
UDKEi1OD,45,1-0,White,<=5s vs 10-15s,1235
CTbvuRio,81,1-0,White,<=5s vs 5-10s,2330
VMd7QM0e,59,1-0,White,<=5s vs 15-20s,1184
LGFNWgW1,94,0-1,Black,<=5s vs 10-15s,1574
TJLJOx2B,62,0-1,Black,<=5s vs 5-10s,2149
JwC4JxVO,38,0-1,Black,<=5s vs 5-10s,1210
NYvbdyNf,64,0-1,Black,<=5s vs 10-15s,1679
3v8sKJ3m,101,1-0,White,<=5s vs <=5s,2407
Qtcys1GR,81,1-0,White,<=5s vs 5-10s,1708
fGmr3HQK,58,0-1,Black,<=5s vs 15-20s,2005
EksvDc72,70,0-1,Black,<=5s vs <=5s,2138
rXvFhXK6,94,0-1,Black,<=5s vs 5-10s,1389
6D83ac6Y,61,0-1,White,<=5s vs 5-10s,2504
kalUphIH,57,0-1,White,<=5s vs 10-15s,1838
woIsTJ4e,76,0-1,Black,<=5s vs <=5s,1853
M7MMRgGO,60,0-1,Black,<=5s vs 5-10s,1631
XdrWIc1I,54,0-1,Black,<=5s vs 15-20s,1153
yrwcvF3h,71,1-0,White,<=5s vs 15-20s,2377
I3xTRyl6,63,1-0,White,<=5s vs 10-15s,2616
h0Nd2O5m,76,0-1,Black,<=5s vs 5-10s,2274
ZfISKJAl,77,1-0,White,<=5s vs 15-20s,1856
6qjLhBZO,68,0-1,Black,<=5s vs 5-10s,2159
pFOWfpZq,44,1-0,Black,<=5s vs 5-10s,1629
30FQl5GM,65,0-1,White,<=5s vs 10-15s,1462
m24YjvnN,49,1-0,White,<=5s vs 15-20s,1552
PUGxHxgK,108,0-1,Black,<=5s vs 15-20s,2203
wzgtk9Nr,82,0-1,Black,<=5s vs 5-10s,1476
5XVgm3Ge,108,0-1,Black,<=5s vs 5-10s,1701
Bi5dThWw,52,0-1,Black,<=5s vs 15-20s,1842
dTE18NLl,143,0-1,White,<=5s vs <=5s,2096
Wxm5MLne,98,0-1,Black,<=5s vs 10-15s,2082
B1Bx1t1B,60,0-1,Black,<=5s vs 15-20s,2509
WF3hw6TO,70,1-0,Black,<=5s vs 5-10s,2150
SDG5rThM,109,1-0,White,<=5s vs 5-10s,2181
Nb9IqBC0,78,0-1,Black,<=5s vs 5-10s,2173
R6w8FTDv,87,1-0,White,<=5s vs 5-10s,2250
SElZwaRR,40,0-1,Black,<=5s vs 15-20s,1359
e7GP7tYX,119,1/2-1/2,White,<=5s vs 15-20s,2098
UpHQCpRd,69,0-1,White,<=5s vs <=5s,1696
9qLZoT8K,95,1-0,White,<=5s vs 10-15s,2436
sPhRhLYk,52,0-1,Black,<=5s vs 5-10s,1222
vBufJz3z,127,1-0,White,<=5s vs 5-10s,2412
WrqLkXHH,66,0-1,Black,<=5s vs 10-15s,2539
mZ48j9jc,116,0-1,Black,<=5s vs 10-15s,2587
5HCCMNvG,102,0-1,Black,<=5s vs 5-10s,2999
1VzFN55b,138,1/2-1/2,Black,<=5s vs <=5s,2323
SMl57bbN,63,1-0,White,<=5s vs 15-20s,1494
WXPWiipZ,43,1-0,White,<=5s vs 15-20s,1618
PkFbkeKu,56,0-1,Black,<=5s vs 5-10s,1663
o6BQKl64,56,1-0,Black,<=5s vs <=5s,1158
1D9XdcTe,108,0-1,Black,<=5s vs <=5s,2268
GNbs1r1X,129,1-0,White,<=5s vs 15-20s,1651
1gizYJYj,41,1-0,White,<=5s vs 15-20s,1006
VN76V78n,64,0-1,Black,<=5s vs 5-10s,1737
rEeuPTMe,104,0-1,Black,<=5s vs 10-15s,2073
3M4BaWby,113,0-1,White,<=5s vs <=5s,1470
ddGSjkqk,74,1-0,Black,<=5s vs <=5s,2882
Z8twJvrr,85,1-0,White,<=5s vs 5-10s,1445
zo6Aqa7C,61,1-0,White,<=5s vs 5-10s,1329
foxCHUfC,82,0-1,Black,<=5s vs 10-15s,1330
dX710BVu,63,1-0,White,<=5s vs 15-20s,1473
P7apfGRX,52,0-1,Black,<=5s vs 5-10s,1911
OeYpY2yu,82,0-1,Black,<=5s vs 15-20s,2318
NcqDg4Jm,87,1-0,White,<=5s vs 15-20s,1923
V7jUvQXr,48,0-1,Black,<=5s vs <=5s,962
lQ6ov3Jh,93,1-0,White,<=5s vs <=5s,2374
C7h2SRNS,86,0-1,Black,<=5s vs 5-10s,1950
QrPhXhII,66,1-0,Black,<=5s vs <=5s,1729
jSbRxd5r,98,0-1,Black,<=5s vs 5-10s,2217
PoH3lf8m,117,1/2-1/2,White,<=5s vs 10-15s,3052
L0nARMZa,76,0-1,Black,<=5s vs 5-10s,1772
mCO9vHQ7,96,0-1,Black,<=5s vs 10-15s,2047
KDlKc9xI,77,0-1,White,<=5s vs 5-10s,1322
4kHKHJzG,166,1/2-1/2,Black,<=5s vs 5-10s,2243
R9UhWwv9,83,0-1,White,<=5s vs 5-10s,1139
LNhhYmMF,89,1/2-1/2,White,<=5s vs 15-20s,2653
t6q3y9NU,80,1-0,Black,<=5s vs 10-15s,2295
uEB9UMUV,72,0-1,Black,<=5s vs 5-10s,1574
QWAoMZfV,53,1-0,White,<=5s vs 10-15s,1605
VwgQa5wr,124,0-1,Black,<=5s vs 15-20s,2469
6AoeQKEM,93,1-0,White,<=5s vs 5-10s,1741
GiATwToe,47,1-0,White,<=5s vs 10-15s,1500
bphyY9pN,59,1-0,White,<=5s vs <=5s,1616
lb2ozH7G,181,1/2-1/2,White,<=5s vs 15-20s,2560
fbAew2Iv,74,1-0,Black,<=5s vs 5-10s,2062
lvRSouJ6,85,1-0,White,<=5s vs 15-20s,2324
igdbjyrF,67,0-1,White,<=5s vs <=5s,1480
N4oFe3yj,65,1-0,White,<=5s vs 15-20s,1493
uaLbUs3G,88,0-1,Black,<=5s vs 5-10s,1747
9hDBPGKy,94,1-0,Black,<=5s vs <=5s,2707
NP8rbs68,67,1-0,White,<=5s vs 10-15s,1718
DABbKCeO,67,1-0,White,<=5s vs 5-10s,1391
26RW8tYf,79,0-1,White,<=5s vs 10-15s,2205
I98glWdK,95,0-1,White,<=5s vs 5-10s,1976
9ckouIlc,59,1-0,White,<=5s vs 5-10s,1442
KLQfGHgJ,49,1-0,White,<=5s vs 15-20s,1144
5idrwYyc,91,1-0,White,<=5s vs 5-10s,1911
BcmqJOVw,54,1-0,Black,<=5s vs 10-15s,1980
fPl5kEwJ,62,0-1,Black,<=5s vs 10-15s,2145
PfH6IPD0,55,1-0,White,<=5s vs 5-10s,1701
IW5Aj3QM,129,1-0,White,<=5s vs 15-20s,2162
yXXW3rT5,87,1-0,White,<=5s vs 5-10s,1894
kqEJF7Fg,84,0-1,Black,<=5s vs 15-20s,1543
cCqsrsUI,84,0-1,Black,<=5s vs <=5s,1813
KhJEcOxR,77,1-0,White,<=5s vs 5-10s,1923
FTfo6OyU,79,1-0,White,<=5s vs 10-15s,2081
FowG6Pfi,81,1/2-1/2,White,<=5s vs 5-10s,2056
6wTSWkz6,63,1-0,White,<=5s vs 10-15s,2423
R75J8YUd,51,1-0,White,<=5s vs 5-10s,1115
nwfvsqhN,40,1-0,Black,<=5s vs 5-10s,1042
GqNrkPhr,85,1-0,White,<=5s vs 15-20s,1630
ck6O5tNA,83,1-0,White,<=5s vs 5-10s,2333
aSESGe9m,50,0-1,Black,<=5s vs 15-20s,1252
xYwE0eLd,61,1-0,White,<=5s vs 15-20s,1616
WCnH8nn2,65,1-0,White,<=5s vs 15-20s,2068
96XqEAvn,61,1-0,White,<=5s vs 10-15s,1784
Fhqttwin,36,0-1,Black,<=5s vs 15-20s,948
BxHO5GnM,90,0-1,Black,<=5s vs <=5s,2099
QrDninuy,70,1-0,Black,<=5s vs 5-10s,1670
PxCyWd6e,67,1-0,White,<=5s vs 15-20s,1583
45csNkQ7,82,0-1,Black,<=5s vs 5-10s,2298
0iWQSdqM,54,0-1,Black,<=5s vs 5-10s,1535
BieI4VPt,64,0-1,Black,<=5s vs 10-15s,1436
BWAZzhF7,42,0-1,Black,<=5s vs 5-10s,976
mPfLGEuQ,59,1-0,White,<=5s vs 15-20s,1913
aipv4LMb,52,0-1,Black,<=5s vs <=5s,1971
W8XQQ9w4,105,1-0,White,<=5s vs 5-10s,2411
1dxoT1FB,76,0-1,Black,<=5s vs 5-10s,2055
wmzsfNcn,54,0-1,Black,<=5s vs 15-20s,1428
S7s5g6zB,82,0-1,Black,<=5s vs <=5s,2158
O5iTZMzq,84,0-1,Black,<=5s vs 15-20s,1994
k4mraFEq,76,0-1,Black,<=5s vs 10-15s,1867
AM31PvxH,55,0-1,White,<=5s vs 5-10s,1661
qP1l0QG3,81,0-1,White,<=5s vs 5-10s,2240
Pe9dHXPQ,72,0-1,Black,<=5s vs 5-10s,1239
WrI8HAqy,136,1/2-1/2,Black,<=5s vs 10-15s,2104
4VMejY5o,71,1-0,White,<=5s vs 5-10s,1412
CygGEIId,60,0-1,Black,<=5s vs 5-10s,2056
MnoqjwNP,96,0-1,Black,<=5s vs 5-10s,2345
1UISJnJn,62,0-1,Black,<=5s vs 10-15s,1297
xheGxSME,111,1-0,White,<=5s vs 10-15s,2578
ZHVD49wZ,51,1-0,White,<=5s vs 5-10s,1513
014omkQz,72,0-1,Black,<=5s vs 5-10s,1750
Z8LHLtfV,101,1-0,White,<=5s vs <=5s,1669
Gs2T1qTr,46,0-1,Black,<=5s vs 15-20s,795
cR4jEdyH,85,1-0,White,<=5s vs 10-15s,1660
5xE7PeaF,44,0-1,Black,<=5s vs 15-20s,1226
uDX7qwZS,39,1-0,White,<=5s vs 15-20s,1041
DyACFbrt,100,1/2-1/2,Black,<=5s vs 5-10s,2315
4ZUtYNTQ,92,1-0,Black,<=5s vs <=5s,1525
AzH6x4Sm,87,1-0,White,<=5s vs 15-20s,1983
kNTylyZq,50,0-1,Black,<=5s vs 10-15s,855
c3VOzrSD,69,0-1,White,<=5s vs 10-15s,2288
OaKncugI,34,0-1,Black,<=5s vs <=5s,485
FUm2vCCx,84,0-1,Black,<=5s vs <=5s,1920
0rVy41JY,56,0-1,Black,<=5s vs 15-20s,1998
k4cdgRgV,42,0-1,Black,<=5s vs 15-20s,1127
crA97HSg,69,1-0,White,<=5s vs 5-10s,1653
d0iBHx5d,98,1-0,Black,<=5s vs 5-10s,2125
Oe3sIiSR,69,1-0,White,<=5s vs 10-15s,1919
VqgGTY7k,121,1-0,White,<=5s vs 15-20s,1092
8KHpsyCm,44,0-1,Black,<=5s vs 10-15s,1989
FrvWU9s2,117,1-0,White,<=5s vs 10-15s,1660
xGXpu0eq,54,0-1,Black,<=5s vs 5-10s,1102
FjHC9Fj9,59,1-0,White,<=5s vs 15-20s,1632
nZ42n3nm,65,1-0,White,<=5s vs <=5s,838
J53O9VV0,80,0-1,Black,<=5s vs 5-10s,2423
MAGE1zmW,73,1-0,White,<=5s vs 15-20s,1503
MpukgDnT,91,1-0,White,<=5s vs 5-10s,1394
99mWGgxv,92,0-1,Black,<=5s vs 10-15s,2143
KZhiAqZ8,72,0-1,Black,<=5s vs 5-10s,1998
DMwKOYDZ,72,0-1,Black,<=5s vs 15-20s,856
v17aziGg,72,0-1,Black,<=5s vs 15-20s,1804
5UrLJsfp,69,1-0,White,<=5s vs 5-10s,1840
pGVpSDav,38,0-1,Black,<=5s vs 10-15s,803
OrSKgbQx,75,1-0,White,<=5s vs 5-10s,2054
BwMpfE2s,67,1-0,White,<=5s vs 15-20s,1840
bAQzxZAW,96,1-0,Black,<=5s vs 5-10s,1845
jpN7HnbC,76,0-1,Black,<=5s vs <=5s,1658
