lichess_id,ply,result,player,time_scramble_bracket,player_elo
OZMftUFC,69,1/2-1/2,White,<=5s vs 5-10s,2542
ZOdnggtV,65,1-0,White,<=5s vs 5-10s,1940
Gaf4DPtA,68,0-1,Black,<=5s vs <=5s,1136
2LttB9iL,50,0-1,Black,<=5s vs 10-15s,1027
C8bL48pq,41,1-0,White,<=5s vs 15-20s,1231
qhaGfiej,73,1-0,White,<=5s vs 5-10s,1505
SMrEfOE8,54,0-1,Black,<=5s vs 10-15s,1833
4qMQckqd,58,0-1,Black,<=5s vs 10-15s,1944
CepjOAu7,36,1/2-1/2,Black,<=5s vs 5-10s,653
yVbD4d4i,115,0-1,White,<=5s vs <=5s,2158
AUOaZBIk,79,1-0,White,<=5s vs <=5s,1185
hIbkkTtZ,49,1-0,White,<=5s vs 5-10s,1272
Dbd0blFJ,79,1-0,White,<=5s vs <=5s,1919
RZFNLW6i,175,1/2-1/2,White,<=5s vs <=5s,2663
eYViZ5nC,95,1-0,White,<=5s vs 15-20s,2601
zW42XixS,56,0-1,Black,<=5s vs 10-15s,1500
m7OXtRha,50,0-1,Black,<=5s vs 15-20s,1148
hSGvipQz,38,0-1,Black,<=5s vs 10-15s,1135
G0L3ssWo,75,1-0,White,<=5s vs 5-10s,1456
LTVsnRqc,80,0-1,Black,<=5s vs 5-10s,2022
CD6J4UNr,84,0-1,Black,<=5s vs 15-20s,2143
swssYgEY,57,1-0,White,<=5s vs 15-20s,2209
FzXuMCQu,119,1-0,White,<=5s vs 5-10s,2089
14iDpTi5,55,1-0,White,<=5s vs 5-10s,2455
OkF1hGyy,74,1-0,Black,<=5s vs <=5s,1646
Ja2XNeZJ,84,1-0,Black,<=5s vs <=5s,1806
MH3Q51Vz,61,1-0,White,<=5s vs 15-20s,1550
at2cb0m0,87,1-0,White,<=5s vs 15-20s,2298
kt7237WG,47,1-0,White,<=5s vs 5-10s,1544
xc6fArux,68,1-0,Black,<=5s vs 15-20s,2431
5eslygam,79,0-1,White,<=5s vs 5-10s,1873
hBTr7dMA,83,1-0,White,<=5s vs 10-15s,2243
ueSTdU6d,52,0-1,Black,<=5s vs 10-15s,1525
fMxnpIxr,37,1-0,White,<=5s vs 15-20s,884
J2zeWuMf,82,1-0,Black,<=5s vs 5-10s,2639
794BwVXV,91,0-1,White,<=5s vs 10-15s,1795
Y0RunA2R,155,1/2-1/2,White,<=5s vs 15-20s,1245
1PS6WdWQ,61,1-0,White,<=5s vs 15-20s,1707
sYY3lulg,80,1-0,Black,<=5s vs <=5s,1126
xS5FRUA9,59,1-0,White,<=5s vs 15-20s,1448
9Jw984b8,70,0-1,Black,<=5s vs 10-15s,2060
TSki6hn3,86,0-1,Black,<=5s vs 5-10s,2321
EwZPDoNQ,70,0-1,Black,<=5s vs 5-10s,1682
USDA0dGj,84,1/2-1/2,Black,<=5s vs 5-10s,2625
P4MiJNnZ,57,1-0,White,<=5s vs 10-15s,1440
wW0wZLNA,52,1-0,Black,<=5s vs <=5s,1009
wNmof1f5,41,1-0,White,<=5s vs 15-20s,1250
hWye155y,58,0-1,Black,<=5s vs 5-10s,1486
nqe7o1Uq,69,1-0,White,<=5s vs 15-20s,2474
k8TX21Mw,75,1-0,White,<=5s vs <=5s,1424
YE2wRjBp,53,1-0,White,<=5s vs 15-20s,1420
Ts1Cfjnn,92,0-1,Black,<=5s vs 15-20s,2431
6RRZjbCq,84,0-1,Black,<=5s vs 15-20s,1680
yXNYpKCN,58,0-1,Black,<=5s vs 5-10s,1405
AUK6pll8,59,1-0,White,<=5s vs 15-20s,1173
XIupUFil,81,1-0,White,<=5s vs 5-10s,2457
fQjJ92nP,65,1-0,White,<=5s vs 5-10s,1477
GfuWAd0K,66,0-1,Black,<=5s vs 15-20s,1663
nbArzVQr,52,0-1,Black,<=5s vs 5-10s,1558
W30ZaZwq,56,0-1,Black,<=5s vs 5-10s,1506
z8E0xoBH,84,0-1,Black,<=5s vs 10-15s,2382
nuPwwTi1,60,0-1,Black,<=5s vs 5-10s,1455
4xyQg3Z0,41,1-0,White,<=5s vs 5-10s,812
pI9oxp4y,61,1-0,White,<=5s vs 15-20s,1177
XS0ySj3s,86,0-1,Black,<=5s vs 5-10s,2100
fiTnzvV4,137,1-0,White,<=5s vs 10-15s,2278
GYvKVxg2,91,1-0,White,<=5s vs 10-15s,2276
NbnsQSSh,98,0-1,Black,<=5s vs 5-10s,2400
kwq2hRwP,109,1-0,White,<=5s vs 10-15s,729
T0Ng4jFZ,91,1-0,White,<=5s vs 10-15s,3184
u0dbM7Wh,38,0-1,Black,<=5s vs 15-20s,1385
GQuCDyV9,112,1/2-1/2,Black,<=5s vs 15-20s,1845
adZKOGsb,109,0-1,White,<=5s vs <=5s,2363
FPgr3rZj,46,0-1,Black,<=5s vs 15-20s,1327
MIRHQwlX,57,0-1,White,<=5s vs 10-15s,1440
4XxXdAfq,62,0-1,Black,<=5s vs <=5s,1874
AuilsHia,74,0-1,Black,<=5s vs 5-10s,2289
k1786cl7,61,1-0,White,<=5s vs 15-20s,1558
lzVZb415,48,1-0,Black,<=5s vs 10-15s,1727
EMBNFY6x,67,1-0,White,<=5s vs 15-20s,1705
0laY4xFh,49,1-0,White,<=5s vs 5-10s,1177
BL2aThxb,93,1-0,White,<=5s vs <=5s,1905
6aQxkjWG,55,0-1,White,<=5s vs 5-10s,1204
RzlOxPVr,53,1-0,White,<=5s vs 15-20s,2043
jMSICAXA,117,1-0,White,<=5s vs 10-15s,1870
Cx8McW68,90,1-0,Black,<=5s vs 10-15s,2475
SDTjZpsM,81,1/2-1/2,White,<=5s vs 10-15s,2259
nMxfMRrj,59,1-0,White,<=5s vs 10-15s,1685
74tyRjpk,65,0-1,White,<=5s vs 5-10s,2110
Mr2gTGsL,48,0-1,Black,<=5s vs 10-15s,1336
Yn9Cio4u,152,0-1,Black,<=5s vs 5-10s,2489
6yzMIKW3,59,1-0,White,<=5s vs 15-20s,1869
9tcmhumu,61,1-0,White,<=5s vs 10-15s,1288
u8hPx2sC,46,0-1,Black,<=5s vs 10-15s,1911
5ApOXKLF,95,1-0,White,<=5s vs 15-20s,1725
lF7eAPuk,69,1-0,White,<=5s vs 15-20s,2055
dYN3Ks8O,47,1-0,White,<=5s vs 15-20s,1071
flJdz9XB,52,0-1,Black,<=5s vs 10-15s,1009
uZmTBMLF,47,1-0,White,<=5s vs 15-20s,1155
2PBbQenX,79,1-0,White,<=5s vs 5-10s,2252
KU6mgx8K,121,1/2-1/2,White,<=5s vs 15-20s,2070
x5Cl5SMW,44,0-1,Black,<=5s vs 15-20s,1377
UY3uvnVb,90,1-0,Black,<=5s vs <=5s,1709
0Awrdd6r,57,1-0,White,<=5s vs 10-15s,1214
Re1TfCJ6,104,0-1,Black,<=5s vs 10-15s,2740
QtYERzjb,82,0-1,Black,<=5s vs <=5s,2375
UZu2jby6,52,0-1,Black,<=5s vs 15-20s,1036
JxGHfYSN,90,0-1,Black,<=5s vs 15-20s,2169
Cvj6fwxt,55,1-0,White,<=5s vs 5-10s,2188
SQhGwkY2,39,1-0,White,<=5s vs 5-10s,1166
1VaLF1C5,56,0-1,Black,<=5s vs 10-15s,1250
C3GM3Rwh,57,1-0,White,<=5s vs 5-10s,2114
JcAMiQ5e,70,1/2-1/2,Black,<=5s vs 15-20s,2223
Ka0sPe8e,125,1/2-1/2,White,<=5s vs <=5s,2305
j0nyeLlc,86,0-1,Black,<=5s vs 5-10s,2374
tHeFXGBM,57,1-0,White,<=5s vs 5-10s,1540
h7cDlO6g,85,1-0,White,<=5s vs 5-10s,1199
M126AMeo,87,1/2-1/2,White,<=5s vs 5-10s,2282
6nldtuYw,71,1-0,White,<=5s vs 15-20s,2538
EYCfAadb,60,1-0,Black,<=5s vs 5-10s,2155
9aoZkVFq,57,1-0,White,<=5s vs 10-15s,1822
JPcyDuoh,81,1-0,White,<=5s vs 10-15s,1665
1HrovNLe,62,0-1,Black,<=5s vs 5-10s,1116
xTdwJn2F,72,0-1,Black,<=5s vs <=5s,1809
F172L8ai,116,1/2-1/2,Black,<=5s vs 15-20s,1920
VR76YPG4,81,1/2-1/2,White,<=5s vs 5-10s,2541
1dzVsleS,145,1/2-1/2,White,<=5s vs 5-10s,1915
TMbKkSPH,125,0-1,White,<=5s vs 5-10s,2131
VpYVW65B,66,0-1,Black,<=5s vs 5-10s,1694
MZ5rLm6D,64,0-1,Black,<=5s vs 10-15s,1567
K1VFGA1Y,47,1-0,White,<=5s vs 15-20s,1365
5KDI8fAL,96,0-1,Black,<=5s vs <=5s,2515
4cNPdyvP,39,1-0,White,<=5s vs 10-15s,1281
lvNJa2uk,71,1-0,White,<=5s vs 15-20s,1976
s9kqz14F,118,1-0,Black,<=5s vs <=5s,2731
2t5Ul2XN,117,0-1,White,<=5s vs 5-10s,2309
RIGtoDpU,68,0-1,Black,<=5s vs 5-10s,1710
bDf6Bq1o,54,0-1,Black,<=5s vs 5-10s,1546
EjHJUEGK,67,1-0,White,<=5s vs 5-10s,1841
pD3JObXg,50,0-1,Black,<=5s vs 15-20s,1828
8gUiSsPE,52,1-0,Black,<=5s vs 5-10s,997
FHb5U12M,125,1-0,White,<=5s vs 15-20s,2767
dSObpz11,69,1-0,White,<=5s vs 10-15s,2514
s8smhZXq,92,1-0,Black,<=5s vs <=5s,2299
5Ze02h7x,119,1-0,White,<=5s vs 15-20s,2625
WUbthZmd,75,1-0,White,<=5s vs 15-20s,1444
CkoJ9095,58,0-1,Black,<=5s vs 15-20s,1560
nHexoEDU,141,1/2-1/2,White,<=5s vs 15-20s,2101
XTElPCJM,70,1-0,Black,<=5s vs <=5s,1633
JrNYXctt,73,1-0,White,<=5s vs 5-10s,1509
juWjGb5V,66,0-1,Black,<=5s vs 15-20s,2326
i0d8hDPO,71,1-0,White,<=5s vs <=5s,918
oj2YloKH,54,1-0,Black,<=5s vs <=5s,1521
3vm3qZHi,74,1-0,Black,<=5s vs <=5s,1686
sCr8Zlkq,160,1/2-1/2,Black,<=5s vs 10-15s,2344
rjYy8ZFC,64,1-0,Black,<=5s vs <=5s,1632
NCFpYWjE,70,0-1,Black,<=5s vs 5-10s,1340
8kuKkHxV,70,0-1,Black,<=5s vs <=5s,2304
oQhpsATC,70,0-1,Black,<=5s vs 5-10s,1900
lTX826mO,82,0-1,Black,<=5s vs <=5s,1200
zSFxhuII,82,0-1,Black,<=5s vs 15-20s,1621
OGEQEAdi,102,0-1,Black,<=5s vs 10-15s,1792
JFuAQx8e,56,0-1,Black,<=5s vs 5-10s,1694
XpLpotfW,70,0-1,Black,<=5s vs 15-20s,2345
0rRAEwqs,65,1-0,White,<=5s vs 15-20s,1152
6Jf4ihKk,60,1-0,Black,<=5s vs 10-15s,2259
OZc2DlX3,65,0-1,White,<=5s vs <=5s,1527
U2mY922e,85,1-0,White,<=5s vs 5-10s,2217
lp13EDnI,95,1-0,White,<=5s vs 15-20s,2043
mv4R8iXq,47,1-0,White,<=5s vs 5-10s,1087
m63zDL4V,50,0-1,Black,<=5s vs 15-20s,1149
bGbUHfTz,45,0-1,White,<=5s vs 5-10s,681
WDJcksU9,50,0-1,Black,<=5s vs <=5s,1292
Hs1bLNWU,90,0-1,Black,<=5s vs <=5s,2015
0yomySAq,36,0-1,Black,<=5s vs 15-20s,1020
x7mZQGyy,70,0-1,Black,<=5s vs 5-10s,1413
YzqJsQAG,78,1/2-1/2,Black,<=5s vs 15-20s,2142
3Kc3K33T,92,0-1,Black,<=5s vs 5-10s,2158
42oF00JS,57,1-0,White,<=5s vs 15-20s,1224
P6hchiqn,94,0-1,Black,<=5s vs 10-15s,2442
cdzTdwva,59,1-0,White,<=5s vs 15-20s,1646
ftsELErA,46,0-1,Black,<=5s vs 5-10s,1128
0dtUApBe,95,1-0,White,<=5s vs 15-20s,1239
Kzy20gZ2,59,1-0,White,<=5s vs 5-10s,1032
wB0pAfX4,61,0-1,White,<=5s vs 5-10s,2608
tgGXLHQE,84,0-1,Black,<=5s vs 5-10s,1910
OzLjHdei,77,1-0,White,<=5s vs 5-10s,2691
JBpmrDDF,79,1-0,White,<=5s vs 15-20s,2037
ui4rcKw8,102,0-1,Black,<=5s vs 15-20s,2306
5pf47rAj,122,1-0,Black,<=5s vs <=5s,2177
MThjdkGo,76,1-0,Black,<=5s vs 5-10s,2112
w1svniPp,78,0-1,Black,<=5s vs 15-20s,1654
SXkCdS09,82,0-1,Black,<=5s vs 5-10s,2923
16d2cum1,63,1-0,White,<=5s vs 10-15s,1368
OiBWZSDR,88,0-1,Black,<=5s vs 5-10s,2200
ywvRofDe,189,1-0,White,<=5s vs 15-20s,2507
bGuAlbyR,78,1-0,Black,<=5s vs <=5s,1287
44PS87gJ,123,0-1,White,<=5s vs <=5s,2156
900vTFXh,50,0-1,Black,<=5s vs 10-15s,1632
dSHNETIw,41,1-0,White,<=5s vs 5-10s,995
cZ3ZmEsk,52,1-0,Black,<=5s vs 5-10s,1167
8M28kkIT,65,1-0,White,<=5s vs 15-20s,1738
a345QQ8T,82,0-1,Black,<=5s vs 5-10s,1829
kiE9xIb7,73,1-0,White,<=5s vs 15-20s,1379
bWH4vayN,79,1-0,White,<=5s vs 5-10s,1955
CUnxKUtd,77,1-0,White,<=5s vs <=5s,1914
WNK1CQtO,46,0-1,Black,<=5s vs 15-20s,1057
XVrj7VNO,84,0-1,Black,<=5s vs 10-15s,1899
AOgE4SW8,94,0-1,Black,<=5s vs 15-20s,2299
6DmdWbDf,66,1-0,Black,<=5s vs 5-10s,1574
WuAvPEuf,86,1-0,Black,<=5s vs <=5s,2144
HNUtIFV3,104,1-0,Black,<=5s vs 5-10s,2442
UUHolmzL,61,1-0,White,<=5s vs 15-20s,2213
1LVZfWz0,58,0-1,Black,<=5s vs 5-10s,1048
QgJRVpWp,68,0-1,Black,<=5s vs 10-15s,2095
q6oW1KGh,78,0-1,Black,<=5s vs <=5s,2398
LOMa3Gip,63,1-0,White,<=5s vs 15-20s,765
V4YvHHTn,64,0-1,Black,<=5s vs 15-20s,1984
PcPn539B,62,0-1,Black,<=5s vs 15-20s,1783
RaTtX07x,68,0-1,Black,<=5s vs <=5s,1482
bXOV4hyt,75,1-0,White,<=5s vs 10-15s,2269
ZJNArQ6C,63,1-0,White,<=5s vs 5-10s,2857
lyvv1pF7,49,1-0,White,<=5s vs 15-20s,1512
fILBbmKb,59,1-0,White,<=5s vs 5-10s,2408
UsToxtLf,103,1-0,White,<=5s vs 5-10s,2239
fPRBxjnM,78,0-1,Black,<=5s vs <=5s,2027
iTTYizk5,72,0-1,Black,<=5s vs 10-15s,1830
DXVEyRiH,81,1-0,White,<=5s vs 5-10s,2629
R3d3c6Hu,81,1-0,White,<=5s vs 15-20s,1560
66dDkDvJ,49,1-0,White,<=5s vs 5-10s,1223
Dk5ev157,71,1-0,White,<=5s vs 5-10s,2217
KXdCbINA,113,1-0,White,<=5s vs <=5s,2735
rzdsVmv1,62,0-1,Black,<=5s vs 10-15s,1705
R17GF57Q,59,1-0,White,<=5s vs 15-20s,1062
wZEH7YtL,55,1-0,White,<=5s vs 10-15s,1512
W05anS8V,76,0-1,Black,<=5s vs 15-20s,1583
i2Qm0S32,61,1-0,White,<=5s vs 10-15s,1269
W1qw4TX7,66,0-1,Black,<=5s vs 5-10s,1711
dO1Uo5I3,99,0-1,White,<=5s vs 5-10s,2329
YRT53iTv,72,0-1,Black,<=5s vs 10-15s,1634
dJgiD952,65,1-0,White,<=5s vs 5-10s,2226
FXQKtcsx,108,0-1,Black,<=5s vs 10-15s,2328
hmiI3XVZ,79,1-0,White,<=5s vs 15-20s,2440
Wyo2lcBW,150,0-1,Black,<=5s vs 15-20s,1550
nYhmkPdW,54,0-1,Black,<=5s vs 15-20s,2107
W20e3kSn,69,1-0,White,<=5s vs 10-15s,1878
w2rx3lQQ,89,1-0,White,<=5s vs 10-15s,2452
dV0kZwL9,38,1-0,Black,<=5s vs 5-10s,1459
g1z3vYlC,48,0-1,Black,<=5s vs 15-20s,1213
rB9uCcOw,54,0-1,Black,<=5s vs 10-15s,1024
EoR8o5up,79,1-0,White,<=5s vs 5-10s,1697
fB7M6ps1,67,1-0,White,<=5s vs 5-10s,1852
YE4BYY5h,96,1/2-1/2,Black,<=5s vs 15-20s,2000
BQswMLNq,113,1-0,White,<=5s vs 5-10s,2015
5iBn3Jnz,57,1-0,White,<=5s vs 10-15s,1354
7mtwg7xL,63,0-1,White,<=5s vs 5-10s,2493
gcWRcY6E,78,0-1,Black,<=5s vs 15-20s,1589
zTnvkFmL,110,1/2-1/2,Black,<=5s vs <=5s,2587
EAbABn9M,68,0-1,Black,<=5s vs 10-15s,1848
XsbSch8f,52,0-1,Black,<=5s vs 10-15s,1932
AR64sOBZ,63,1-0,White,<=5s vs 5-10s,2046
xSrksofX,89,1-0,White,<=5s vs 5-10s,2315
18x7mC3W,64,1-0,Black,<=5s vs 5-10s,1238
cAPw8tCs,68,0-1,Black,<=5s vs 5-10s,1258
7xBL4aMW,97,1-0,White,<=5s vs 15-20s,2209
4W46WldL,65,1-0,White,<=5s vs 10-15s,1568
DH0lWkww,46,1-0,Black,<=5s vs <=5s,1220
EbV5XSxQ,50,0-1,Black,<=5s vs 5-10s,1666
dY9NIWMW,75,1-0,White,<=5s vs 5-10s,1700
Q1kpkNof,55,1-0,White,<=5s vs 15-20s,1859
7GeAByW3,75,1-0,White,<=5s vs 10-15s,2304
k4v4vQwq,91,1-0,White,<=5s vs 10-15s,2007
KrrCk3Wd,71,1-0,White,<=5s vs 5-10s,1957
KjET4zA0,56,0-1,Black,<=5s vs 5-10s,1202
ihvmZ7vF,86,1-0,Black,<=5s vs <=5s,1715
1apZ1UIr,131,0-1,White,<=5s vs 5-10s,2060
Zx134CHZ,117,0-1,White,<=5s vs <=5s,1581
3fhuQenD,76,0-1,Black,<=5s vs 5-10s,1592
xYQSGuA9,47,1-0,White,<=5s vs 15-20s,1483
SKSErV3y,59,1-0,White,<=5s vs 10-15s,1770
ht2MxpG0,55,1-0,White,<=5s vs 15-20s,1527
cpAyIvgy,63,1-0,White,<=5s vs 15-20s,1361
SA4gvtmu,54,0-1,Black,<=5s vs 15-20s,1739
jQf3zzeK,71,0-1,White,<=5s vs <=5s,1605
A9OtEoaV,91,1-0,White,<=5s vs 5-10s,1159
VZZ4oYdt,69,1-0,White,<=5s vs 5-10s,1590
XAnnVuip,46,0-1,Black,<=5s vs 10-15s,1295
4rgHKfOC,44,0-1,Black,<=5s vs 15-20s,1206
6Gql6Xpy,107,0-1,White,<=5s vs 5-10s,1571
eBn2V7ND,84,1-0,Black,<=5s vs <=5s,1779
yksDx0eI,47,1-0,White,<=5s vs 10-15s,1062
JzsFDIOc,81,1-0,White,<=5s vs 10-15s,2282
B7lDeM2f,109,1-0,White,<=5s vs 5-10s,2588
WTdHbI1S,70,0-1,Black,<=5s vs 15-20s,1383
ErMhqonb,81,1-0,White,<=5s vs <=5s,1817
SPSJ7GJk,118,1-0,Black,<=5s vs 5-10s,1868
Kv3Hr5jn,71,1-0,White,<=5s vs 15-20s,2396
9B4k3Z6E,72,0-1,Black,<=5s vs 10-15s,1952
30xMhE24,74,1-0,Black,<=5s vs <=5s,1614
UKpSZT6M,45,1-0,White,<=5s vs 15-20s,1244
7Pn1LBc7,48,0-1,Black,<=5s vs 15-20s,1619
JadNGjIw,69,1-0,White,<=5s vs <=5s,1176
UYN8APvi,90,0-1,Black,<=5s vs 5-10s,2451
jERgj3CT,104,0-1,Black,<=5s vs 5-10s,2030
GWvCfl2a,136,1/2-1/2,Black,<=5s vs 5-10s,2387
ivxag6DB,116,0-1,Black,<=5s vs <=5s,1933
CPs3kASr,75,1-0,White,<=5s vs 15-20s,2311
4LC8qfYP,84,0-1,Black,<=5s vs <=5s,2083
UzTS59nW,78,0-1,Black,<=5s vs <=5s,1125
dDlVHRfO,74,0-1,Black,<=5s vs 10-15s,1708
Tc4ExKJl,84,0-1,Black,<=5s vs 15-20s,2340
JnpXfkOX,63,1-0,White,<=5s vs 10-15s,1808
Gz8CNjZI,71,1-0,White,<=5s vs 5-10s,1899
ZYe1hpKp,61,1-0,White,<=5s vs 10-15s,1194
J6opyj4M,47,1-0,White,<=5s vs 5-10s,1296
uCDI9SuW,88,0-1,Black,<=5s vs 5-10s,2293
3LtoVcEi,67,1-0,White,<=5s vs 5-10s,1757
oP5RNJ0y,123,1/2-1/2,White,<=5s vs 5-10s,2395
aTfAj6o2,102,1/2-1/2,Black,<=5s vs <=5s,2684
UQYAqODP,55,1-0,White,<=5s vs 10-15s,1701
sSddhaAm,75,1-0,White,<=5s vs 5-10s,2599
bXHBBP0k,64,0-1,Black,<=5s vs 5-10s,1365
BPTK1AWh,86,0-1,Black,<=5s vs 15-20s,2481
ZBhnHPeA,74,0-1,Black,<=5s vs 5-10s,1874
zFYt0WlI,53,1-0,White,<=5s vs 10-15s,2503
c00Blh0t,69,1-0,White,<=5s vs 15-20s,1810
KEoAbK0c,64,0-1,Black,<=5s vs 15-20s,2491
HnGumds3,66,0-1,Black,<=5s vs 10-15s,1861
Ys90Pain,141,1-0,White,<=5s vs 15-20s,2425
reGpImoe,46,0-1,Black,<=5s vs 10-15s,1533
1D3BorlH,75,1-0,White,<=5s vs 5-10s,2046
Uwaj0h7N,90,1-0,Black,<=5s vs 5-10s,2464
l9BAZiqc,52,0-1,Black,<=5s vs 15-20s,2023
KtqIWz4U,57,1-0,White,<=5s vs 5-10s,1578
7RcdHGLs,67,1-0,White,<=5s vs 5-10s,1284
DkU7rHIC,85,1-0,White,<=5s vs 10-15s,1851
UZdKqxfx,69,0-1,White,<=5s vs 15-20s,2267
N36ofLPe,57,1-0,White,<=5s vs 5-10s,2206
WYWgS5Fr,91,1-0,White,<=5s vs 10-15s,2286
IxRP3JSQ,121,0-1,White,<=5s vs 5-10s,2729
MfY8CgQS,65,0-1,White,<=5s vs 5-10s,2217
V8ZGCdmY,61,1-0,White,<=5s vs 10-15s,2474
8RtBYRCw,55,0-1,White,<=5s vs 10-15s,1666
KhOTefSN,67,0-1,White,<=5s vs <=5s,1453
2KX99GV2,64,0-1,Black,<=5s vs 10-15s,1519
c7WQmlly,64,0-1,Black,<=5s vs 5-10s,2308
UjftzGGw,67,0-1,White,<=5s vs 5-10s,2396
FwXufeZt,72,0-1,Black,<=5s vs 5-10s,1663
dp9Npx6n,98,0-1,Black,<=5s vs 5-10s,1851
5c9itbw1,67,0-1,White,<=5s vs 5-10s,1954
rULZApON,52,0-1,Black,<=5s vs 10-15s,1365
DrnYs90t,153,0-1,White,<=5s vs <=5s,1553
YLZEKnER,67,1-0,White,<=5s vs 10-15s,1968
DLxrwbuU,64,0-1,Black,<=5s vs 10-15s,1569
TCwlHspH,73,1-0,White,<=5s vs 5-10s,1386
SH3UslPs,54,0-1,Black,<=5s vs 5-10s,1627
I2CCpXtR,98,1-0,Black,<=5s vs 5-10s,2358
VtbNxtKd,74,0-1,Black,<=5s vs 10-15s,1215
1rosIkpd,74,0-1,Black,<=5s vs 10-15s,2134
R5Miel8e,96,0-1,Black,<=5s vs 10-15s,2022
UjvD5jmH,97,1-0,White,<=5s vs 5-10s,2320
XufcY9DK,158,1/2-1/2,Black,<=5s vs <=5s,1922
DChsEGRg,59,0-1,White,<=5s vs <=5s,1223
OYKpOCML,51,1-0,White,<=5s vs <=5s,2132
gJJ4Mffv,80,0-1,Black,<=5s vs 15-20s,2054
qft1zLPM,111,1-0,White,<=5s vs 10-15s,1929
VMeY96yD,82,0-1,Black,<=5s vs 10-15s,1746
G2LZMOpI,79,1-0,White,<=5s vs 5-10s,1450
QzQ5ibMv,60,0-1,Black,<=5s vs 15-20s,1690
4NZpqfkO,62,0-1,Black,<=5s vs 10-15s,2250
NW748i7O,94,0-1,Black,<=5s vs 5-10s,1655
F2FTdNoC,80,0-1,Black,<=5s vs 5-10s,1658
XzGKWyC5,78,0-1,Black,<=5s vs 5-10s,2014
KJRKuiNV,69,0-1,White,<=5s vs 10-15s,1758
ZUwlcnQf,65,1-0,White,<=5s vs <=5s,2429
T9dvkFGz,74,0-1,Black,<=5s vs 15-20s,1786
wClJ1HlE,44,0-1,Black,<=5s vs 15-20s,1017
sQhmmX1B,79,1-0,White,<=5s vs 15-20s,1894
9v3X8UN3,80,1-0,Black,<=5s vs 5-10s,2161
klX9dWhT,66,0-1,Black,<=5s vs 5-10s,1537
NpzLbGdx,74,1-0,Black,<=5s vs <=5s,2536
z1OWWALA,66,0-1,Black,<=5s vs 15-20s,1666
AlsotG8h,59,1-0,White,<=5s vs 10-15s,2248
UuHUShWw,44,0-1,Black,<=5s vs 5-10s,1186
hHq5DbTD,109,0-1,White,<=5s vs <=5s,2435
F8LuBADL,74,1-0,Black,<=5s vs 5-10s,1537
WRpDWTPS,61,1-0,White,<=5s vs 10-15s,2298
IkR1XaXF,88,0-1,Black,<=5s vs 5-10s,2513
11JXeru0,66,0-1,Black,<=5s vs 5-10s,1820
1ppJgi5K,68,1/2-1/2,Black,<=5s vs 15-20s,2249
CkrconMe,36,1-0,Black,<=5s vs 10-15s,1198
qekMOkU6,97,1-0,White,<=5s vs <=5s,1455
7v8YVvZW,58,1-0,Black,<=5s vs 15-20s,1303
U0IovO85,125,1-0,White,<=5s vs <=5s,2298
3vlcHX7M,62,1-0,Black,<=5s vs 5-10s,1598
x5wjxEz1,44,0-1,Black,<=5s vs 5-10s,958
4TLrXrC1,83,1-0,White,<=5s vs 5-10s,2395
1LieVRon,108,1/2-1/2,Black,<=5s vs 5-10s,2488
VxrhThHH,118,0-1,Black,<=5s vs 10-15s,1458
CbH3Ln1h,92,0-1,Black,<=5s vs 15-20s,1649
tzvO6GxQ,73,0-1,White,<=5s vs 5-10s,1367
yGWyCflF,75,1-0,White,<=5s vs 10-15s,2127
2a9o90Uf,93,1-0,White,<=5s vs 10-15s,2063
WsennsHw,51,1-0,White,<=5s vs 15-20s,1291
g9o1Wdg4,62,1-0,Black,<=5s vs 5-10s,2192
SNoUiOY9,43,1-0,White,<=5s vs 5-10s,1127
F95Mbi4d,70,1-0,Black,<=5s vs <=5s,1784
7TiaeZ9k,98,1-0,Black,<=5s vs 5-10s,2610
XP9kxiUg,90,0-1,Black,<=5s vs 15-20s,2977
YUAg3ydU,57,1-0,White,<=5s vs 15-20s,1493
scdIgSGI,65,1-0,White,<=5s vs 15-20s,1156
zqnA52Pa,81,1-0,White,<=5s vs 5-10s,1773
KOdmQY5J,48,0-1,Black,<=5s vs 15-20s,1810
XxOHBHlT,53,1-0,White,<=5s vs 5-10s,1453
tW5p0tnY,51,0-1,White,<=5s vs 10-15s,1834
1z5sn0wx,63,1-0,White,<=5s vs 15-20s,1717
MVbgBN8x,130,0-1,Black,<=5s vs 10-15s,2116
KIYsyZ5x,66,0-1,Black,<=5s vs 10-15s,1274
KfZDIiVZ,51,1-0,White,<=5s vs 10-15s,1410
AUF6Whqc,34,0-1,Black,<=5s vs 15-20s,615
jo6wm3z6,114,1-0,Black,<=5s vs 5-10s,2506
CWwuefER,88,0-1,Black,<=5s vs 10-15s,1551
J37Ew5Nq,66,0-1,Black,<=5s vs 5-10s,1428
qNqmbjqP,94,0-1,Black,<=5s vs 5-10s,2995
i5F8ARRU,42,0-1,Black,<=5s vs 5-10s,1294
YYrSNiLU,48,1-0,Black,<=5s vs 5-10s,1637
EQe09AN0,69,1-0,White,<=5s vs <=5s,1564
ege6hdpU,88,1-0,Black,<=5s vs <=5s,1794
C4z4GiaF,124,0-1,Black,<=5s vs 5-10s,2496
PB8zNDwK,122,1/2-1/2,Black,<=5s vs 5-10s,1752
nX0rrycY,45,0-1,White,<=5s vs <=5s,1254
l3bSZmf8,53,1-0,White,<=5s vs 10-15s,2395
B3NuiIy2,65,1-0,White,<=5s vs 15-20s,2206
Dnzlp4fO,164,1/2-1/2,Black,<=5s vs 10-15s,2650
R8X0DhyX,60,0-1,Black,<=5s vs 15-20s,1510
voSxR51s,54,1-0,Black,<=5s vs 10-15s,1269
J7UGxXel,38,0-1,Black,<=5s vs 15-20s,1028
U0gyHK45,62,1-0,Black,<=5s vs <=5s,1768
pyPWwPUZ,65,0-1,White,<=5s vs 5-10s,1914
GpEi4HLE,50,1-0,Black,<=5s vs <=5s,793
rBXc8LVO,68,0-1,Black,<=5s vs 5-10s,1439
LNK5sG3w,88,0-1,Black,<=5s vs 5-10s,1138
KCGUh7Ld,61,1-0,White,<=5s vs 15-20s,1772
qRmBJepH,67,1-0,White,<=5s vs 15-20s,1787
6IY4vTYV,86,0-1,Black,<=5s vs 10-15s,2143
GpxwCkdZ,87,1-0,White,<=5s vs 10-15s,2314
RgAf0QHt,91,1-0,White,<=5s vs 15-20s,2514
mhYcR2Ag,76,0-1,Black,<=5s vs 5-10s,1776
BqGvezH3,121,0-1,White,<=5s vs 5-10s,2618
bgGdak45,112,1/2-1/2,Black,<=5s vs 5-10s,1520
rH4Uoyjr,53,0-1,White,<=5s vs 5-10s,2242
UgXcBav7,81,1-0,White,<=5s vs 10-15s,1873
shLsG2Cr,109,1-0,White,<=5s vs 10-15s,1991
OBjpqluu,48,0-1,Black,<=5s vs 5-10s,2229
lElT6D3Z,80,0-1,Black,<=5s vs 10-15s,1822
QoYBcHAp,92,0-1,Black,<=5s vs 5-10s,2028
aDEkEz9u,66,0-1,Black,<=5s vs 10-15s,1725
EznwjNQT,70,0-1,Black,<=5s vs 10-15s,1439
7POsODXx,111,0-1,White,<=5s vs 5-10s,2736
2nkfYqdG,57,1-0,White,<=5s vs 15-20s,1476
EwO9pAbB,58,1/2-1/2,Black,<=5s vs 15-20s,2297
ZS92k97h,96,0-1,Black,<=5s vs 10-15s,2138
g0jwPlSd,102,0-1,Black,<=5s vs 15-20s,2479
JBrUruWA,64,0-1,Black,<=5s vs 5-10s,1558
M5t4XIBw,44,0-1,Black,<=5s vs 15-20s,1379
impP4K4f,43,1-0,White,<=5s vs 15-20s,1500
HO5ICreG,188,1/2-1/2,Black,<=5s vs 15-20s,2405
EWMCOqms,78,0-1,Black,<=5s vs 5-10s,2636
H45cJcvF,75,1-0,White,<=5s vs 10-15s,1422
nLjwRg15,89,1-0,White,<=5s vs 10-15s,1531
uCEjqnR6,37,1-0,White,<=5s vs 15-20s,1092
tVzzHntm,45,1-0,White,<=5s vs 5-10s,1512
blZTGx4T,74,0-1,Black,<=5s vs 15-20s,1622
7T3RDTHW,89,1-0,White,<=5s vs 5-10s,2626
S8HBiu1w,78,1-0,Black,<=5s vs <=5s,2379
hYvHcrye,86,0-1,Black,<=5s vs 5-10s,2411
Ogs9JR30,100,1-0,Black,<=5s vs <=5s,1445
dMA9vXN8,43,1-0,White,<=5s vs 15-20s,1450
r105o1JB,45,1-0,White,<=5s vs 10-15s,1326
fhbBTYva,65,1-0,White,<=5s vs 10-15s,1818
8YQstKiw,64,0-1,Black,<=5s vs <=5s,1699
6nahZdn4,45,1-0,White,<=5s vs 15-20s,1492
XdYRPfDi,116,0-1,Black,<=5s vs <=5s,1446
FWEHtKQO,61,1-0,White,<=5s vs 5-10s,2135
dBOLs7Ue,55,0-1,White,<=5s vs 5-10s,860
rhEPchgn,69,1-0,White,<=5s vs 5-10s,1319
ZK3Bpy5s,76,0-1,Black,<=5s vs 5-10s,1739
CGVpGJt4,95,1-0,White,<=5s vs 5-10s,2132
IUHOiV7w,137,1-0,White,<=5s vs 15-20s,2429
FRInrjXk,86,0-1,Black,<=5s vs 10-15s,1867
w0ejsGZk,63,1-0,White,<=5s vs 5-10s,1593
vKWiu7P0,60,0-1,Black,<=5s vs <=5s,1436
Cg4X8tTX,80,0-1,Black,<=5s vs 15-20s,1819
ljNkaRVE,44,1-0,Black,<=5s vs 5-10s,770
IInHO91l,72,0-1,Black,<=5s vs 15-20s,1744
ve1OS67X,80,0-1,Black,<=5s vs 10-15s,2067
DZpDSSiM,80,0-1,Black,<=5s vs 5-10s,2001
hLdGndpW,94,0-1,Black,<=5s vs <=5s,2155
kyeWCBh3,72,0-1,Black,<=5s vs 10-15s,2339
HfnqjUAJ,93,0-1,White,<=5s vs <=5s,1958
uD7HgcAG,45,1-0,White,<=5s vs 10-15s,1589
NhKE1Aj7,53,1-0,White,<=5s vs 15-20s,1248
wtYU6tjQ,49,1-0,White,<=5s vs 15-20s,1147
y8dCfi9x,53,1-0,White,<=5s vs 15-20s,1825
TDWUsQqQ,62,0-1,Black,<=5s vs 10-15s,1868
vLFnR7US,44,0-1,Black,<=5s vs 10-15s,1707
n90f5WDU,65,0-1,White,<=5s vs <=5s,1863
HIYSTbKL,93,1-0,White,<=5s vs 5-10s,2549
2QMbjJpF,90,0-1,Black,<=5s vs 5-10s,1633
GlSlM26S,95,1/2-1/2,White,<=5s vs 5-10s,2194
HQ7evN0y,60,1-0,Black,<=5s vs 5-10s,1634
eyZANcxr,56,1-0,Black,<=5s vs 5-10s,1373
7VJGChy8,69,1-0,White,<=5s vs 10-15s,2021
wSTNytID,56,0-1,Black,<=5s vs 15-20s,1675
2rVaHwoK,73,1-0,White,<=5s vs 15-20s,1770
ehI2EYO4,73,1/2-1/2,White,<=5s vs 10-15s,2436
4v9XrgoU,68,0-1,Black,<=5s vs 5-10s,1770
MdViYv0L,93,1/2-1/2,White,<=5s vs 5-10s,2137
K56vPIsS,104,1/2-1/2,Black,<=5s vs 10-15s,1731
hjpTgU2G,87,1-0,White,<=5s vs 10-15s,2873
XgKW2nHn,84,1-0,Black,<=5s vs <=5s,1353
IV2iTHXL,51,0-1,White,<=5s vs 5-10s,1394
Q4yFLeQn,65,1-0,White,<=5s vs 15-20s,1830
ztb0W3Dj,77,1-0,White,<=5s vs 15-20s,2368
uRK3d2nI,62,0-1,Black,<=5s vs 10-15s,1538
DFvunyzi,74,0-1,Black,<=5s vs 15-20s,1755
IersZaQi,63,1-0,White,<=5s vs 10-15s,1519
2hrep6IZ,55,1-0,White,<=5s vs 5-10s,1753
WN9j7b1x,80,1-0,Black,<=5s vs 10-15s,1863
bXhhoZQc,104,0-1,Black,<=5s vs 5-10s,2878
6qrQwPgF,105,1-0,White,<=5s vs 15-20s,2021
tFR0AtPg,67,1-0,White,<=5s vs <=5s,2074
pancL6yM,52,0-1,Black,<=5s vs <=5s,1640
6T03pHzb,81,1-0,White,<=5s vs 5-10s,2053
sRrAdyn2,55,1-0,White,<=5s vs 5-10s,1258
59XzXXuL,85,1-0,White,<=5s vs 10-15s,2467
gXMlyibF,65,1-0,White,<=5s vs 10-15s,1259
Vz1LCEg7,71,1-0,White,<=5s vs 5-10s,1588
0OXdF9Xn,57,1-0,White,<=5s vs 10-15s,1674
KrdkP7cX,60,0-1,Black,<=5s vs 10-15s,1611
XlrVOXaX,87,1-0,White,<=5s vs 5-10s,2743
PtfhCbuP,79,0-1,White,<=5s vs 5-10s,1857
Kvh4RCnY,34,0-1,Black,<=5s vs 15-20s,856
sijtWjbx,62,1-0,Black,<=5s vs <=5s,1565
s0bWXzfB,75,1-0,White,<=5s vs 10-15s,1885
A54vXedZ,57,1-0,White,<=5s vs 15-20s,1822
akjdxtSw,91,0-1,White,<=5s vs <=5s,1485
DQ8nrV1X,93,0-1,White,<=5s vs 5-10s,2664
A2JKfuvI,107,1-0,White,<=5s vs 5-10s,2489
ynOzAxZS,37,1-0,White,<=5s vs 10-15s,894
KhpALU3x,63,1-0,White,<=5s vs 15-20s,2161
rTnUscZg,45,0-1,White,<=5s vs 5-10s,1106
kAjTVWzZ,97,1-0,White,<=5s vs 5-10s,1935
I2Qy0M0r,71,1-0,White,<=5s vs 15-20s,1758
WLRlmahP,60,0-1,Black,<=5s vs 10-15s,2002
T2GDDARN,101,1-0,White,<=5s vs 10-15s,2456
ucC7jvd2,82,0-1,Black,<=5s vs 5-10s,1886
tf3iZD6L,64,1-0,Black,<=5s vs <=5s,1700
v4P82guY,79,1-0,White,<=5s vs 5-10s,1159
L99HfutU,72,0-1,Black,<=5s vs 15-20s,1687
SgOnGxta,97,1-0,White,<=5s vs 15-20s,2354
hFF1gQv0,66,0-1,Black,<=5s vs 15-20s,1306
kgwS2pGe,61,1-0,White,<=5s vs 10-15s,1058
UzW2HHHb,60,0-1,Black,<=5s vs 10-15s,2451
M9kR2nmA,62,0-1,Black,<=5s vs 5-10s,1778
EQD7ImuF,76,0-1,Black,<=5s vs <=5s,1485
Q4gJ6s0t,73,1-0,White,<=5s vs 10-15s,1967
1bMh2rf6,80,0-1,Black,<=5s vs 5-10s,1863
U2vQ1IoI,54,0-1,Black,<=5s vs 10-15s,1967
spiJpion,68,0-1,Black,<=5s vs 10-15s,2229
0xGcxhlG,64,0-1,Black,<=5s vs 5-10s,1458
feWDuHqh,46,0-1,Black,<=5s vs 15-20s,1296
dDLmaYEk,66,0-1,Black,<=5s vs 15-20s,2357
pfVjtybT,72,0-1,Black,<=5s vs <=5s,1814
WE3gjwKj,59,1-0,White,<=5s vs 5-10s,1387
KkFCYct5,78,0-1,Black,<=5s vs 15-20s,1083
k8II0OLO,74,0-1,Black,<=5s vs 5-10s,2202
ZEcGyR1S,147,1/2-1/2,White,<=5s vs 5-10s,1753
H0KMFC1N,89,1-0,White,<=5s vs 5-10s,1969
FNsGlKAz,111,1/2-1/2,White,<=5s vs 10-15s,2350
ROQLvI4l,65,1-0,White,<=5s vs <=5s,1168
63rwdUbd,63,0-1,White,<=5s vs <=5s,2027
hX4DKHMc,57,0-1,White,<=5s vs <=5s,1709
oBe9hOBu,73,1-0,White,<=5s vs 10-15s,1518
ydY2HSWc,80,1-0,Black,<=5s vs <=5s,1680
Jmd9L9mk,113,1-0,White,<=5s vs 10-15s,1994
kPnEt2V6,56,0-1,Black,<=5s vs 5-10s,1438
81i7pDA7,83,0-1,White,<=5s vs 5-10s,2240
pWzFzwTC,60,0-1,Black,<=5s vs 15-20s,2434
SVI3FKFa,68,0-1,Black,<=5s vs 15-20s,1829
SZPTYa2S,77,1-0,White,<=5s vs 10-15s,2153
xtIwFbZe,114,0-1,Black,<=5s vs 15-20s,2085
ZTun0CaJ,70,0-1,Black,<=5s vs 5-10s,1485
HqfJ11qV,77,0-1,White,<=5s vs 5-10s,2235
vBmEhUqS,72,0-1,Black,<=5s vs 10-15s,2306
SwR3U0EA,106,1-0,Black,<=5s vs <=5s,2414
rPyNocvk,72,0-1,Black,<=5s vs 10-15s,1907
hHJLAg4K,68,0-1,Black,<=5s vs <=5s,1537
gta24JN2,81,1-0,White,<=5s vs 15-20s,557
fuJWxC5h,74,0-1,Black,<=5s vs 10-15s,1421
4VZReoOJ,59,1-0,White,<=5s vs 10-15s,1134
IZJi7g3a,71,1-0,White,<=5s vs 15-20s,2150
3FA1WUF1,81,1-0,White,<=5s vs 5-10s,1721
HPymBnSq,122,0-1,Black,<=5s vs 15-20s,1732
37osVWtG,77,0-1,White,<=5s vs <=5s,1559
Cbhw9KXI,77,1-0,White,<=5s vs 5-10s,1798
Dr4csqFD,58,1-0,Black,<=5s vs <=5s,1092
JVmyfD9k,42,0-1,Black,<=5s vs 10-15s,959
Vc0JsOBg,67,1-0,White,<=5s vs <=5s,1688
7BohbBWu,74,0-1,Black,<=5s vs <=5s,2110
JHF5Bvej,97,1-0,White,<=5s vs 5-10s,1959
9wJiKIxb,77,1-0,White,<=5s vs 10-15s,1388
KTzLOkOP,65,1-0,White,<=5s vs 15-20s,1199
NBmVJDkN,85,1-0,White,<=5s vs <=5s,1858
V0m55g3y,71,0-1,White,<=5s vs 5-10s,1382
JLRior3h,58,0-1,Black,<=5s vs 5-10s,2119
Co1zO5hF,61,1-0,White,<=5s vs 5-10s,1947
EZ91PgQA,66,1-0,Black,<=5s vs 10-15s,1573
uE9ISlvw,94,1-0,Black,<=5s vs 10-15s,2380
isnoLqj6,85,1-0,White,<=5s vs 5-10s,1926
4z8mValN,116,1-0,Black,<=5s vs <=5s,2099
1QGv917k,88,0-1,Black,<=5s vs 15-20s,1957
BOD7i0h8,79,1-0,White,<=5s vs 10-15s,2318
5hmPHQoe,61,1-0,White,<=5s vs 10-15s,1604
PYIF1TXm,71,1-0,White,<=5s vs 15-20s,1332
4LDPap9Q,67,1-0,White,<=5s vs 15-20s,1198
4dQdlrcb,47,1-0,White,<=5s vs 5-10s,2032
n3QKKafn,72,0-1,Black,<=5s vs 5-10s,2210
OazME88h,70,0-1,Black,<=5s vs 15-20s,1252
46QSLYv9,74,0-1,Black,<=5s vs 5-10s,2628
ES3bH7rN,64,0-1,Black,<=5s vs 10-15s,2390
HPvqv77w,142,1/2-1/2,Black,<=5s vs 10-15s,2175
r9ENlpst,119,1-0,White,<=5s vs 15-20s,2075
cmvPZVXe,83,1-0,White,<=5s vs 10-15s,1972
DOQ3uGBY,77,1-0,White,<=5s vs 10-15s,2079
JBw4dBMy,55,1-0,White,<=5s vs 10-15s,1225
QVQHS3Qo,51,1-0,White,<=5s vs 15-20s,1937
RxE9mh6l,56,0-1,Black,<=5s vs 5-10s,1051
OWnshIZq,78,0-1,Black,<=5s vs 15-20s,2134
IzLiBggM,72,1-0,Black,<=5s vs 5-10s,1823
Z0IRVLne,144,0-1,Black,<=5s vs <=5s,2407
iYxfCJud,71,1-0,White,<=5s vs 15-20s,1424
mBJz17U6,76,0-1,Black,<=5s vs 10-15s,2136
zFdJPyql,43,1-0,White,<=5s vs 15-20s,1204
IoQFkawF,49,1-0,White,<=5s vs 15-20s,1415
SiSTTGBi,107,1-0,White,<=5s vs 10-15s,2500
t3DDtu5t,61,1-0,White,<=5s vs 10-15s,2045
2yGtqKC9,86,0-1,Black,<=5s vs 10-15s,1592
5n4oIKaJ,108,0-1,Black,<=5s vs 10-15s,2155
vkOlMaQb,84,0-1,Black,<=5s vs 5-10s,2075
3v0EBT4Y,97,0-1,White,<=5s vs 5-10s,2245
HLDiglcP,51,1-0,White,<=5s vs 10-15s,2507
RVtz3Are,48,0-1,Black,<=5s vs 10-15s,1699
YWu2DhxS,73,1-0,White,<=5s vs 5-10s,1930
nduFjpYE,53,1-0,White,<=5s vs 15-20s,1751
97fXNgjp,51,1-0,White,<=5s vs 15-20s,1925
UBw5YGh6,109,1-0,White,<=5s vs 5-10s,2039
W1crx6yf,67,1-0,White,<=5s vs 5-10s,1496
eDBJS0Oo,108,1-0,Black,<=5s vs <=5s,2308
3ntivi0Y,62,0-1,Black,<=5s vs 15-20s,1471
m1lPoMqO,54,0-1,Black,<=5s vs 5-10s,1636
HPk6hflE,76,1-0,Black,<=5s vs <=5s,1153
CzRGEQdb,68,0-1,Black,<=5s vs 5-10s,2880
luAMJhwl,79,0-1,White,<=5s vs 5-10s,2522
DVKMqVXf,44,0-1,Black,<=5s vs <=5s,1338
qBALnCq5,68,0-1,Black,<=5s vs 15-20s,1011
EiPPsUBP,68,1-0,Black,<=5s vs <=5s,2026
kiC7Hp8a,89,1-0,White,<=5s vs <=5s,1524
B8J6LPxN,94,0-1,Black,<=5s vs 10-15s,2197
8Hp8svkg,60,0-1,Black,<=5s vs 15-20s,1410
i2TWCA3P,50,0-1,Black,<=5s vs 5-10s,1545
o5FVANfr,51,1-0,White,<=5s vs 15-20s,1518
xaZNCTdk,99,1-0,White,<=5s vs 10-15s,2121
sHuOIvs8,68,0-1,Black,<=5s vs 5-10s,1396
OLl16YE6,77,1-0,White,<=5s vs 10-15s,2287
1Nn9Nz4E,96,0-1,Black,<=5s vs 5-10s,1777
nnhZgiiX,49,1-0,White,<=5s vs 15-20s,1031
AZaxyV2W,70,1-0,Black,<=5s vs 10-15s,2181
9KpWSHl5,52,0-1,Black,<=5s vs 15-20s,1309
N401eDeW,110,0-1,Black,<=5s vs 15-20s,2086
BxL7anQo,57,1-0,White,<=5s vs 15-20s,1920
pOTCDGEL,69,1-0,White,<=5s vs 15-20s,1996
SPf0n1yM,129,1/2-1/2,White,<=5s vs 5-10s,2234
FONo8Xwl,46,0-1,Black,<=5s vs 15-20s,1718
kPspwPZD,87,1-0,White,<=5s vs <=5s,2862
0gomqQWU,81,1-0,White,<=5s vs 10-15s,1951
UhxxBQWi,84,1-0,Black,<=5s vs <=5s,2727
Vtzqg1Bp,58,0-1,Black,<=5s vs 10-15s,1627
Rfmo2WO0,72,0-1,Black,<=5s vs 10-15s,1572
lqXjCYzV,66,0-1,Black,<=5s vs 15-20s,2234
dAm5RXmJ,96,0-1,Black,<=5s vs 15-20s,2551
cF1TiI4B,100,1/2-1/2,Black,<=5s vs 15-20s,2456
l5NEK43n,61,1-0,White,<=5s vs 5-10s,1292
AkyQXSxS,60,1-0,Black,<=5s vs 5-10s,2011
ZWigU5nv,52,0-1,Black,<=5s vs 5-10s,1196
NVf9DaJF,74,0-1,Black,<=5s vs 15-20s,1126
3WNHDUZz,94,1-0,Black,<=5s vs 5-10s,1910
jnfqKG3W,67,1-0,White,<=5s vs 15-20s,2679
fNyNVofg,50,0-1,Black,<=5s vs 5-10s,1461
008ASRR5,82,0-1,Black,<=5s vs 10-15s,1792
mwHGX2Pt,49,1-0,White,<=5s vs 15-20s,1023
DIoZZLEs,69,1-0,White,<=5s vs 10-15s,1984
Of6ZE47h,108,0-1,Black,<=5s vs 15-20s,2512
5MPkKWX8,119,1-0,White,<=5s vs <=5s,2345
83aTXTmv,63,1-0,White,<=5s vs 10-15s,1642
EfMH2a1W,77,1-0,White,<=5s vs 5-10s,1926
5IENm7Cr,74,0-1,Black,<=5s vs 5-10s,1495
N7FCwiNI,104,0-1,Black,<=5s vs <=5s,2394
9YgMPr7x,82,0-1,Black,<=5s vs 15-20s,2061
QvhtWm2t,69,0-1,White,<=5s vs 5-10s,1800
grOTKmc4,54,0-1,Black,<=5s vs 15-20s,1596
XgKRYCBI,67,1-0,White,<=5s vs 10-15s,1793
svAPLwzz,62,0-1,Black,<=5s vs 10-15s,1872
9eWv0ScN,61,1-0,White,<=5s vs 5-10s,1754
SrIlhdfu,63,0-1,White,<=5s vs 10-15s,1758
KJRaHAQs,62,0-1,Black,<=5s vs 5-10s,2042
9xd1eM2c,113,1/2-1/2,White,<=5s vs 5-10s,1543
aKP15uTa,52,0-1,Black,<=5s vs 15-20s,1582
4COtAXd1,87,1-0,White,<=5s vs 5-10s,2251
62HEfuQK,66,0-1,Black,<=5s vs 5-10s,2263
ehrINlwm,56,1-0,Black,<=5s vs 15-20s,1661
GbG5lHhm,60,1-0,Black,<=5s vs <=5s,1935
jKZ4m0im,53,1-0,White,<=5s vs 15-20s,1911
jDMSfgFJ,70,1-0,Black,<=5s vs <=5s,2238
gJIhGJQv,78,0-1,Black,<=5s vs <=5s,2036
YiqZIli1,82,0-1,Black,<=5s vs 10-15s,1843
Bl6mGez1,80,0-1,Black,<=5s vs 15-20s,2243
zM5Z5HPC,57,1-0,White,<=5s vs 15-20s,1504
YZhcIho6,75,1-0,White,<=5s vs 10-15s,2448
CT2gFH6r,74,0-1,Black,<=5s vs 10-15s,1812
aVD7zivc,97,1-0,White,<=5s vs 10-15s,2560
S4LSxLuM,66,0-1,Black,<=5s vs 5-10s,2424
AIBojR9Q,46,0-1,Black,<=5s vs 5-10s,966
q9arzAca,68,1-0,Black,<=5s vs <=5s,1934
xWrZK018,64,0-1,Black,<=5s vs 15-20s,1042
SIfB3C16,50,1-0,Black,<=5s vs 5-10s,1436
9X2jBBTx,61,1-0,White,<=5s vs 5-10s,2279
8nB1rMWP,82,1/2-1/2,Black,<=5s vs 5-10s,2383
MvNO81o5,82,1-0,Black,<=5s vs 5-10s,2568
b2MuHemF,61,1-0,White,<=5s vs 10-15s,1627
GZ9Xover,126,1/2-1/2,Black,<=5s vs 5-10s,1672
7sNS7nZL,60,0-1,Black,<=5s vs 5-10s,1627
EKFHyAw0,110,0-1,Black,<=5s vs <=5s,1389
UPQhGS5s,117,0-1,White,<=5s vs <=5s,2599
CLPJoKx0,56,0-1,Black,<=5s vs 5-10s,1000
4OKLBHDf,42,0-1,Black,<=5s vs 15-20s,1247
Pljr1LW2,69,1-0,White,<=5s vs 15-20s,2000
HEFjkyYO,97,1-0,White,<=5s vs 15-20s,1478
P9oI2ha5,74,0-1,Black,<=5s vs 10-15s,1827
kStF5izm,62,0-1,Black,<=5s vs 15-20s,1678
qoBVo8ow,58,0-1,Black,<=5s vs 5-10s,1106
JSs2k4oL,75,1-0,White,<=5s vs 15-20s,1837
HACOzLCB,57,1-0,White,<=5s vs 10-15s,1351
E2V4Xd5G,94,0-1,Black,<=5s vs <=5s,2010
Jv7Mj1Jx,99,1-0,White,<=5s vs 15-20s,2120
Wu2mc1E1,37,0-1,White,<=5s vs 5-10s,1008
o0nfBWK5,88,0-1,Black,<=5s vs <=5s,1695
6eocopQH,108,0-1,Black,<=5s vs 15-20s,1986
KybCCzjG,103,1-0,White,<=5s vs 15-20s,2182
M4Df2zLw,50,0-1,Black,<=5s vs 10-15s,1842
xIYUohAc,62,0-1,Black,<=5s vs 10-15s,1371
YZXDmMJP,73,1-0,White,<=5s vs 10-15s,2536
fJzyDs0T,66,0-1,Black,<=5s vs 5-10s,1900
DauMbbXJ,78,0-1,Black,<=5s vs 15-20s,1606
R0q2XinW,98,0-1,Black,<=5s vs 5-10s,2514
ehb8HwUY,62,0-1,Black,<=5s vs 10-15s,2116
wj5EbAxS,118,0-1,Black,<=5s vs 5-10s,2264
pwNhCCro,53,1-0,White,<=5s vs 5-10s,750
9314VDtD,54,0-1,Black,<=5s vs 10-15s,1277
EIhOF471,75,1-0,White,<=5s vs 10-15s,1523
zcDNb4oz,72,0-1,Black,<=5s vs 10-15s,1641
03a21aAN,64,0-1,Black,<=5s vs 10-15s,2300
e69qfBnI,96,0-1,Black,<=5s vs 10-15s,1943
R9xECTFJ,63,1-0,White,<=5s vs 15-20s,1276
EtNkfSPl,55,1-0,White,<=5s vs 5-10s,1187
Eyc9qGdZ,62,0-1,Black,<=5s vs 5-10s,1546
dF182aMf,80,0-1,Black,<=5s vs 15-20s,2526
vAldfQhf,69,1-0,White,<=5s vs 5-10s,1747
Nq2dNpQL,43,1-0,White,<=5s vs 15-20s,993
TMyPceP5,53,1-0,White,<=5s vs 5-10s,1421
skBRKqzl,49,1-0,White,<=5s vs 15-20s,1515
BJycwlyl,68,0-1,Black,<=5s vs 15-20s,1842
JGPb0k8W,141,0-1,White,<=5s vs 10-15s,2039
kEDk7j9Z,60,0-1,Black,<=5s vs 10-15s,1948
B9VwQaRv,109,1-0,White,<=5s vs 15-20s,2535
WlUa8qbE,77,1-0,White,<=5s vs 10-15s,1930
YSGPEPgV,55,1-0,White,<=5s vs 10-15s,1597
74vw63Oo,65,1-0,White,<=5s vs 15-20s,1844
vId5sSOE,53,1-0,White,<=5s vs 15-20s,1345
OZZIYYwm,56,0-1,Black,<=5s vs 15-20s,1898
H7ZYzbH4,90,0-1,Black,<=5s vs 15-20s,2494
cCp0qHgp,71,1-0,White,<=5s vs 5-10s,2561
sHOo3lMY,67,1-0,White,<=5s vs 15-20s,2135
X3l8c1DH,100,0-1,Black,<=5s vs 10-15s,1883
90TQBElz,63,1-0,White,<=5s vs 5-10s,2006
012fFFlG,107,1/2-1/2,White,<=5s vs <=5s,2057
TIuih8Mv,36,0-1,Black,<=5s vs 15-20s,866
6Djygqsh,72,1/2-1/2,Black,<=5s vs 10-15s,2299
1qBq9jQU,66,1-0,Black,<=5s vs 10-15s,1649
NZd7pPIs,79,1-0,White,<=5s vs 5-10s,1387
I7aKOIzY,114,0-1,Black,<=5s vs 5-10s,1901
nuZQaDnI,87,1-0,White,<=5s vs 5-10s,1803
OyPKFz4s,97,1-0,White,<=5s vs 15-20s,2390
XbBSS9i8,99,1-0,White,<=5s vs 5-10s,2064
Lev2fTbr,148,1/2-1/2,Black,<=5s vs 10-15s,2201
WZPErLwF,57,0-1,White,<=5s vs 5-10s,2065
4ONJ4s51,53,0-1,White,<=5s vs 5-10s,1714
OS1aVhtA,70,0-1,Black,<=5s vs <=5s,1291
4K0LxP2S,94,0-1,Black,<=5s vs 5-10s,1910
3Svx7qvy,59,1-0,White,<=5s vs 15-20s,1470
GflEJfd1,81,0-1,White,<=5s vs <=5s,1828
Bk5FMzjz,99,1-0,White,<=5s vs 5-10s,2444
9yPSXK4g,61,1-0,White,<=5s vs 10-15s,1996
0mBRPkTM,85,0-1,White,<=5s vs 10-15s,2045
gp3BKI9E,77,1-0,White,<=5s vs 15-20s,1517
yceBdAiF,124,1/2-1/2,Black,<=5s vs 5-10s,2348
LUjjQR3I,82,0-1,Black,<=5s vs 15-20s,2333
ZeWOOeXb,109,1-0,White,<=5s vs 5-10s,1887
RciW7qxJ,67,0-1,White,<=5s vs 10-15s,2152
dEVaxTYU,30,0-1,Black,<=5s vs 15-20s,1039
GrHfkSHl,51,1-0,White,<=5s vs 15-20s,1125
3IiPQ0Jg,57,1-0,White,<=5s vs 5-10s,2337
Cd0Its4R,64,0-1,Black,<=5s vs <=5s,1402
g40I2FbH,110,1/2-1/2,Black,<=5s vs 10-15s,1960
V04zQWhH,59,1-0,White,<=5s vs 10-15s,1927
VEKzPpgm,75,1-0,White,<=5s vs 15-20s,2437
tWn6lefT,98,0-1,Black,<=5s vs 10-15s,2063
OZd3RrJS,64,0-1,Black,<=5s vs 10-15s,1684
AQLptCri,83,1-0,White,<=5s vs 10-15s,2069
7ZutI7dn,56,0-1,Black,<=5s vs 15-20s,1485
ARGgEJeR,58,0-1,Black,<=5s vs 10-15s,2472
B7d6J2wz,62,1/2-1/2,Black,<=5s vs 15-20s,1749
9SGsIeQe,90,0-1,Black,<=5s vs 15-20s,2037
9F35uPmY,63,1-0,White,<=5s vs 15-20s,1859
lc3AT7Nh,49,1-0,White,<=5s vs 5-10s,1354
EFheOAfA,81,1-0,White,<=5s vs <=5s,1990
nAhT503H,80,0-1,Black,<=5s vs 15-20s,2065
6r6mmCzx,73,0-1,White,<=5s vs <=5s,1486
nK2EAwct,80,0-1,Black,<=5s vs 5-10s,2158
LEQYMppg,63,1-0,White,<=5s vs 5-10s,1712
oSb3sDdj,42,1-0,Black,<=5s vs 5-10s,1184
ANcUyoZ7,50,0-1,Black,<=5s vs 10-15s,2033
D4SiI7oa,44,0-1,Black,<=5s vs 15-20s,826
KzTqruna,74,0-1,Black,<=5s vs 5-10s,1721
AtKTFuCm,67,1-0,White,<=5s vs 10-15s,1423
8PfIeTSE,72,1-0,Black,<=5s vs <=5s,2143
RyhWDYP5,79,0-1,White,<=5s vs <=5s,1782
7nJLIpYt,58,0-1,Black,<=5s vs <=5s,1619
Y3ePQDSr,74,1-0,Black,<=5s vs <=5s,1687
rchgYEt3,54,0-1,Black,<=5s vs 10-15s,1267
MHfDwnzG,43,1-0,White,<=5s vs 5-10s,1095
mwbaCbeG,71,1-0,White,<=5s vs 5-10s,1178
U0posXDz,54,0-1,Black,<=5s vs 5-10s,1642
919ZUDWU,47,0-1,White,<=5s vs <=5s,953
SOvbXEsc,73,1-0,White,<=5s vs 15-20s,1788
4j0CNhZu,76,0-1,Black,<=5s vs 10-15s,1631
xjLACp8u,73,1-0,White,<=5s vs <=5s,1323
NUX6YIKQ,81,1-0,White,<=5s vs <=5s,1433
jvZZMszP,70,0-1,Black,<=5s vs 10-15s,1338
0mh6OTiy,73,1-0,White,<=5s vs 10-15s,2124
3aV5yj8S,91,1-0,White,<=5s vs 5-10s,2141
yiMPix4C,66,0-1,Black,<=5s vs 5-10s,2078
OvVECwdd,106,0-1,Black,<=5s vs 15-20s,1937
ozW275NH,68,1-0,Black,<=5s vs 5-10s,2017
38JVICer,54,0-1,Black,<=5s vs 15-20s,1552
DPagIffk,60,1-0,Black,<=5s vs 5-10s,1303
wBttvmU8,62,0-1,Black,<=5s vs 15-20s,1540
d4cKWBip,67,0-1,White,<=5s vs 5-10s,1330
LwUCU6Kn,88,1-0,Black,<=5s vs <=5s,2513
85Wf6m6k,66,1/2-1/2,Black,<=5s vs 5-10s,1603
pWZq0LlV,44,1-0,Black,<=5s vs <=5s,903
nbLmissh,60,0-1,Black,<=5s vs 5-10s,883
LWkhPscn,120,0-1,Black,<=5s vs 15-20s,2239
OxwYAI0e,75,1-0,White,<=5s vs 5-10s,1826
pJ458mtd,124,0-1,Black,<=5s vs 5-10s,2618
BzOPtmR6,85,1-0,White,<=5s vs 5-10s,1893
9TCbJq5r,51,1-0,White,<=5s vs 10-15s,1045
SlV1nbD7,53,0-1,White,<=5s vs 5-10s,1253
h6b50xdU,131,1-0,White,<=5s vs 15-20s,2250
OCEnPKK0,87,1-0,White,<=5s vs 5-10s,1993
bxbeyB06,91,1-0,White,<=5s vs 15-20s,2317
9KMBa34I,111,1/2-1/2,White,<=5s vs 5-10s,2201
mMk4Lyr2,60,0-1,Black,<=5s vs 10-15s,1261
QdbAZQyq,64,0-1,Black,<=5s vs 5-10s,2043
4nX60uBm,85,1-0,White,<=5s vs <=5s,1666
j8bdh3Xk,67,1-0,White,<=5s vs <=5s,1362
ON4xbUdN,75,0-1,White,<=5s vs 5-10s,2530
QRZz9H8q,112,1-0,Black,<=5s vs <=5s,2149
knOSW7t8,46,1-0,Black,<=5s vs 5-10s,1347
PqKefwry,65,1-0,White,<=5s vs 5-10s,1426
iLxWJfRA,57,1-0,White,<=5s vs 15-20s,1528
NKoygCDe,69,1-0,White,<=5s vs 5-10s,824
rj4sIPLe,73,1-0,White,<=5s vs 15-20s,2450
G3DOrjKG,66,1-0,Black,<=5s vs <=5s,1682
1yBhHPy5,111,1/2-1/2,White,<=5s vs 5-10s,1388
DptCfmRf,78,0-1,Black,<=5s vs 10-15s,2288
0qsaqTy0,81,1-0,White,<=5s vs 10-15s,2457
w7Gy6gqd,54,0-1,Black,<=5s vs 15-20s,1932
LJ82R0LT,76,0-1,Black,<=5s vs 5-10s,2083
vDgxVlaa,80,1-0,Black,<=5s vs 5-10s,2032
q6tchA8w,75,1-0,White,<=5s vs 15-20s,2810
VlLEN7jF,48,1-0,Black,<=5s vs 15-20s,1659
Lcs7CwkJ,60,0-1,Black,<=5s vs 15-20s,1505
1FfIHlvO,77,1-0,White,<=5s vs 10-15s,1879
o1Q7d9Mb,32,0-1,Black,<=5s vs 5-10s,1173
qQkEBU0h,38,0-1,Black,<=5s vs 15-20s,924
IdPjO3If,143,1/2-1/2,White,<=5s vs 15-20s,1433
x1ZbpPWp,45,1-0,White,<=5s vs 15-20s,1414
fQeVU420,71,1-0,White,<=5s vs <=5s,1039
wcjtYW0l,48,0-1,Black,<=5s vs 10-15s,1083
aaoQjiYT,123,1-0,White,<=5s vs <=5s,2544
VVsMQ242,76,0-1,Black,<=5s vs <=5s,1375
eDO5b7ZV,63,0-1,White,<=5s vs 10-15s,1644
dhtq2GKe,98,0-1,Black,<=5s vs 15-20s,1796
66n9OM0x,70,0-1,Black,<=5s vs <=5s,2028
LLs312wt,75,0-1,White,<=5s vs 5-10s,2674
NoEiznDx,99,1-0,White,<=5s vs 15-20s,2200
rrYuxeJx,80,0-1,Black,<=5s vs 5-10s,1772
IffFhn12,116,0-1,Black,<=5s vs 5-10s,2466
B4xT8TGC,66,0-1,Black,<=5s vs 5-10s,2363
h3llPfce,82,0-1,Black,<=5s vs 5-10s,2165
YcUk42yI,69,1-0,White,<=5s vs 10-15s,2382
5LNmGkL2,77,1-0,White,<=5s vs 5-10s,1091
XLqHgAKj,77,1-0,White,<=5s vs 10-15s,2425
F0yv2NL8,72,0-1,Black,<=5s vs 10-15s,2040
ioszJUwG,55,1-0,White,<=5s vs 15-20s,1454
5uAXPALZ,69,1-0,White,<=5s vs 10-15s,1963
PawHd1ZR,62,0-1,Black,<=5s vs 10-15s,2244
7F0SAIVy,79,1/2-1/2,White,<=5s vs 10-15s,2433
JzbKhk3d,65,1-0,White,<=5s vs 5-10s,2206
WWWvMnTh,63,1-0,White,<=5s vs 5-10s,1172
jOoaxuES,51,1-0,White,<=5s vs 5-10s,1680
i50zr3rA,63,1-0,White,<=5s vs 15-20s,838
vW2c4B6b,52,0-1,Black,<=5s vs 5-10s,1102
r3wMmbBY,87,1-0,White,<=5s vs 15-20s,2476
21QdWelP,100,0-1,Black,<=5s vs <=5s,2146
xZnhOMOo,125,1-0,White,<=5s vs 15-20s,1483
GbKvDIOo,60,0-1,Black,<=5s vs 15-20s,1481
noXlbcWV,46,0-1,Black,<=5s vs 15-20s,1183
271RVpEl,66,0-1,Black,<=5s vs <=5s,1677
DPhp9ZpC,46,0-1,Black,<=5s vs 5-10s,1642
0CqkKqgC,117,0-1,White,<=5s vs 15-20s,1823
EThToEyf,110,0-1,Black,<=5s vs 15-20s,2322
LdpHdJHM,60,0-1,Black,<=5s vs 5-10s,918
PyDVDTEQ,70,0-1,Black,<=5s vs <=5s,1651
OvkGmeU8,41,1-0,White,<=5s vs 10-15s,1165
BVwVC2pY,93,1-0,White,<=5s vs 5-10s,2458
BY2WVTRu,129,1/2-1/2,White,<=5s vs 5-10s,1975
m2fSPTqT,82,0-1,Black,<=5s vs 10-15s,2005
SKbrI4yc,64,0-1,Black,<=5s vs 10-15s,1516
5ECT7sDB,77,1-0,White,<=5s vs 15-20s,1981
3Zup04ey,51,1-0,White,<=5s vs 10-15s,1510
G7BYY1Tv,59,1-0,White,<=5s vs 5-10s,1484
l3eCRkC9,73,1-0,White,<=5s vs 10-15s,1899
QTFHTLtj,51,1-0,White,<=5s vs <=5s,947
uJA027y8,86,0-1,Black,<=5s vs 5-10s,1992
dt5m0ZDp,79,0-1,White,<=5s vs <=5s,1357
mqSP3viA,98,0-1,Black,<=5s vs 10-15s,2746
HpTNOtoc,56,1-0,Black,<=5s vs <=5s,1128
6jLoRPCO,127,1-0,White,<=5s vs 15-20s,2562
TlAckxDv,69,0-1,White,<=5s vs 5-10s,1856
WNf8HT7w,111,1-0,White,<=5s vs 5-10s,2525
gxq5Zhde,53,1-0,White,<=5s vs 15-20s,1842
7ZPzscfM,119,1/2-1/2,White,<=5s vs 5-10s,2950
FRQgOXv5,73,0-1,White,<=5s vs 5-10s,2208
9J8jnunH,115,1-0,White,<=5s vs 15-20s,1703
Q1jPmWop,123,0-1,White,<=5s vs <=5s,2369
iRjdhu3p,99,1-0,White,<=5s vs 10-15s,2334
QiDJBJZT,78,0-1,Black,<=5s vs 15-20s,2673
Cld5J9sr,100,0-1,Black,<=5s vs 5-10s,2245
BMInBKKD,73,1-0,White,<=5s vs 15-20s,2624
HpybX9nn,89,0-1,White,<=5s vs <=5s,2002
LASyYJat,61,1-0,White,<=5s vs 10-15s,1496
h4zwSEgb,80,0-1,Black,<=5s vs 5-10s,2202
ZjeZ53jz,107,1-0,White,<=5s vs 15-20s,2669
Idx3iHqE,73,1-0,White,<=5s vs 5-10s,1670
I6ttnLG8,104,0-1,Black,<=5s vs 5-10s,1842
RA6BmVsv,97,0-1,White,<=5s vs <=5s,2145
zM8lek2U,87,1-0,White,<=5s vs 10-15s,1818
Ok5QUiBi,103,1-0,White,<=5s vs 5-10s,2323
aEPnoWYY,57,0-1,White,<=5s vs 10-15s,1772
yx3kOEmo,158,1-0,Black,<=5s vs 5-10s,2797
8Z3v5qPZ,91,1-0,White,<=5s vs 10-15s,2366
CgRlpcDX,120,0-1,Black,<=5s vs <=5s,2429
eV4H78rL,93,1-0,White,<=5s vs 10-15s,2326
Vcy6lr4P,76,0-1,Black,<=5s vs 10-15s,2818
NB1oQBFX,54,0-1,Black,<=5s vs 15-20s,2106
gwNo2y9F,54,0-1,Black,<=5s vs 15-20s,950
q0ue9pzd,126,1/2-1/2,Black,<=5s vs <=5s,2562
BtcEVHNx,74,1-0,Black,<=5s vs 10-15s,1941
MdaSXLNz,68,0-1,Black,<=5s vs 10-15s,1858
xFtQaxb1,44,0-1,Black,<=5s vs 15-20s,1267
xHH4wY4Y,41,1-0,White,<=5s vs 10-15s,950
2hw2td5v,72,1-0,Black,<=5s vs <=5s,1619
oADDIptc,35,1-0,White,<=5s vs 15-20s,855
CVuCswW9,68,0-1,Black,<=5s vs 5-10s,2083
jNAVxLGc,93,1-0,White,<=5s vs 15-20s,2259
df7F7yeb,73,1-0,White,<=5s vs 5-10s,2137
ytfhUDth,120,0-1,Black,<=5s vs 5-10s,1972
udo5OcwT,127,1-0,White,<=5s vs 5-10s,2450
xKMU0ft2,57,1-0,White,<=5s vs 10-15s,1392
C2K3PVoA,70,0-1,Black,<=5s vs <=5s,1451
ECUPEvrf,78,0-1,Black,<=5s vs 15-20s,2532
tqWaS8Rr,60,0-1,Black,<=5s vs 15-20s,1281
UsbMRwkY,56,0-1,Black,<=5s vs 15-20s,1052
C598ydO3,84,1/2-1/2,Black,<=5s vs 15-20s,2378
Qsjjpi5l,63,1-0,White,<=5s vs 15-20s,2049
CIogs1xW,62,0-1,Black,<=5s vs 5-10s,1759
s8I7iJWJ,58,0-1,Black,<=5s vs 15-20s,1851
tM3LKkBk,103,0-1,White,<=5s vs 10-15s,2639
f5r2i2mm,36,0-1,Black,<=5s vs 5-10s,885
pimMYhLs,82,0-1,Black,<=5s vs 10-15s,2164
pejGAMl5,53,1-0,White,<=5s vs 15-20s,1171
BAtVLFTT,52,0-1,Black,<=5s vs 5-10s,1853
qQwSRuoQ,119,1-0,White,<=5s vs 15-20s,2337
q71s1x5I,78,0-1,Black,<=5s vs 15-20s,2375
IMN7gusK,75,1-0,White,<=5s vs 5-10s,2117
rRye83jM,86,1-0,Black,<=5s vs 15-20s,2020
szAPWs9k,70,1/2-1/2,Black,<=5s vs 15-20s,2031
PtB9cTGz,61,1/2-1/2,White,<=5s vs 15-20s,1975
jquvXhdb,76,1-0,Black,<=5s vs 5-10s,2199
Ic4aZek7,63,1-0,White,<=5s vs 15-20s,1442
JMWOQNVO,51,1-0,White,<=5s vs 5-10s,1154
rpBcd3eA,100,0-1,Black,<=5s vs 10-15s,2119
QFTP6KP2,50,0-1,Black,<=5s vs 15-20s,1233
tiWThF64,56,0-1,Black,<=5s vs <=5s,1233
vzeDEOyJ,69,1-0,White,<=5s vs 10-15s,1890
HoEJJM2M,53,1-0,White,<=5s vs 15-20s,2022
e0NQVBRx,112,0-1,Black,<=5s vs 15-20s,2286
QACbjTGF,57,1-0,White,<=5s vs 15-20s,1402
hHPCAUCe,70,0-1,Black,<=5s vs 10-15s,1587
5FMl1bqN,43,1-0,White,<=5s vs 15-20s,997
lAM4kjFT,59,1-0,White,<=5s vs 10-15s,1450
ZzpI14jk,54,1-0,Black,<=5s vs 5-10s,1788
8SKhjIjP,50,0-1,Black,<=5s vs 10-15s,1192
xb4lzy17,54,0-1,Black,<=5s vs 10-15s,1377
2zy14rbb,88,0-1,Black,<=5s vs 15-20s,2486
WhOuambU,71,1-0,White,<=5s vs 15-20s,2515
XjobSjRg,54,0-1,Black,<=5s vs 15-20s,1512
rPjE3UEc,42,1-0,Black,<=5s vs <=5s,1003
fy8boasL,80,0-1,Black,<=5s vs 15-20s,2334
sW8tidKc,86,1-0,Black,<=5s vs <=5s,2302
pquivyLb,56,0-1,Black,<=5s vs 5-10s,1259
n8hIFRog,119,0-1,White,<=5s vs 5-10s,2348
gWXSnHgd,79,1-0,White,<=5s vs 15-20s,1695
gD6W1UmY,93,1/2-1/2,White,<=5s vs 10-15s,2376
DpibuPP8,70,0-1,Black,<=5s vs 5-10s,1808
jOqw5BXK,59,1-0,White,<=5s vs 10-15s,1202
bQYVuhVt,72,0-1,Black,<=5s vs 5-10s,1757
xvJDSbh8,132,0-1,Black,<=5s vs 10-15s,2153
GIiVoogk,89,1-0,White,<=5s vs 10-15s,1985
5LjZ9zXN,61,1-0,White,<=5s vs 5-10s,1785
tsxzpisp,52,1-0,Black,<=5s vs <=5s,973
tX3Owr4n,105,1/2-1/2,White,<=5s vs 5-10s,2834
UdrsutvO,67,0-1,White,<=5s vs 5-10s,880
eOaVkxTU,52,0-1,Black,<=5s vs 10-15s,1720
4VVNGRRk,76,0-1,Black,<=5s vs 15-20s,2292
oqln0Om5,72,0-1,Black,<=5s vs 10-15s,1423
JAVM80pc,87,0-1,White,<=5s vs 5-10s,1941
2gNXnmfd,61,1-0,White,<=5s vs 5-10s,1463
hSEvbjx0,62,0-1,Black,<=5s vs 5-10s,2167
itZy3rRV,44,0-1,Black,<=5s vs 15-20s,1075
ZXXMGtl9,59,1-0,White,<=5s vs <=5s,2109
XIxvMzET,102,1/2-1/2,Black,<=5s vs 15-20s,2398
cF0Q0MXZ,42,0-1,Black,<=5s vs 15-20s,970
mmPA5ByC,74,0-1,Black,<=5s vs <=5s,1476
I37i4E6N,83,0-1,White,<=5s vs 5-10s,2050
br7w8UNe,77,1-0,White,<=5s vs 15-20s,1614
Sw1YktxC,67,1-0,White,<=5s vs 15-20s,1349
vlYhL9Ht,80,0-1,Black,<=5s vs 15-20s,1716
gIKc6TFt,60,0-1,Black,<=5s vs 15-20s,1935
49PckqR7,82,0-1,Black,<=5s vs 10-15s,1936
AbzluPRD,61,1-0,White,<=5s vs 5-10s,1725
eQWQ4CzR,64,0-1,Black,<=5s vs 15-20s,2255
EKSc1uEO,58,0-1,Black,<=5s vs 15-20s,1411
ZtNg6j4T,78,0-1,Black,<=5s vs 15-20s,2249
4I8CKp9k,65,1-0,White,<=5s vs 5-10s,1248
Eyc4hYw0,70,0-1,Black,<=5s vs 10-15s,2179
lL7weX6D,75,1-0,White,<=5s vs <=5s,1917
WjTIi8sc,79,1-0,White,<=5s vs 15-20s,1924
3dbPvSEv,65,1-0,White,<=5s vs 15-20s,1485
YuH2j0RY,57,1-0,White,<=5s vs <=5s,1973
ch42shPP,109,0-1,White,<=5s vs 5-10s,1837
uIV8uaWu,105,1-0,White,<=5s vs 10-15s,1588
tsvnXGwS,136,1-0,Black,<=5s vs 5-10s,2828
t5lvs7ha,62,1/2-1/2,Black,<=5s vs 15-20s,2146
9e981fwu,44,0-1,Black,<=5s vs 5-10s,1568
xuRWY3Q4,114,0-1,Black,<=5s vs 5-10s,2361
eEDumjyL,66,0-1,Black,<=5s vs 15-20s,1655
LTXAp0cI,123,1/2-1/2,White,<=5s vs <=5s,2327
OgqR5PY9,54,0-1,Black,<=5s vs 5-10s,1925
5j0DgFr0,77,0-1,White,<=5s vs <=5s,1665
4TDCgGrt,69,1-0,White,<=5s vs 15-20s,2052
zqqXwS4X,117,1/2-1/2,White,<=5s vs 5-10s,2380
bHczGe3e,54,0-1,Black,<=5s vs 5-10s,1011
GgIfm79S,68,0-1,Black,<=5s vs 5-10s,1539
6NLrhhMx,103,0-1,White,<=5s vs 5-10s,2234
BV7XgUy6,76,1-0,Black,<=5s vs 5-10s,1768
dAtTv5NW,113,1/2-1/2,White,<=5s vs 15-20s,2591
8OYc56Yl,98,0-1,Black,<=5s vs 10-15s,2264
B1u0MjsN,116,1-0,Black,<=5s vs 5-10s,2792
PObNuUMl,61,1-0,White,<=5s vs 10-15s,847
WPJtTaoK,62,1-0,Black,<=5s vs <=5s,1978
v3jlmREx,72,0-1,Black,<=5s vs 15-20s,2515
RlPnb5Jz,83,1-0,White,<=5s vs 15-20s,2234
pyS0MzBw,51,1-0,White,<=5s vs 15-20s,1210
km1aWIfS,76,0-1,Black,<=5s vs 5-10s,1960
zd8ILrmw,60,0-1,Black,<=5s vs 5-10s,2078
fHeOV1UK,65,1-0,White,<=5s vs 10-15s,2057
qN83KAzk,63,0-1,White,<=5s vs 5-10s,1859
HfZNU0rG,92,0-1,Black,<=5s vs 5-10s,2079
mqjk2xmq,51,1-0,White,<=5s vs <=5s,1332
jWmptEp0,69,1-0,White,<=5s vs 15-20s,1880
5UEjvzIM,51,1-0,White,<=5s vs 15-20s,1923
x7b8PRCY,58,0-1,Black,<=5s vs 5-10s,1796
Cr1eDEoX,73,1-0,White,<=5s vs 10-15s,2381
zmSGcjJ0,88,1-0,Black,<=5s vs <=5s,2161
RlI5x96t,74,0-1,Black,<=5s vs 10-15s,1893
MHIc2gsx,76,0-1,Black,<=5s vs 15-20s,1401
qgfGiXIW,74,0-1,Black,<=5s vs 10-15s,1537
gywUaCXV,79,1-0,White,<=5s vs 5-10s,1590
x3IQqJQf,98,1-0,Black,<=5s vs <=5s,2222
5BGqBN1G,71,0-1,White,<=5s vs 5-10s,1554
oroCGnFB,55,1-0,White,<=5s vs 15-20s,1451
RvIMYETb,46,0-1,Black,<=5s vs 10-15s,1568
21XSmjCj,63,1-0,White,<=5s vs 15-20s,1833
kkwBsakz,36,0-1,Black,<=5s vs 15-20s,955
eUjtF8NW,122,1/2-1/2,Black,<=5s vs 5-10s,2141
eOUZCjrb,47,1-0,White,<=5s vs 15-20s,1336
MYJ954LX,97,1-0,White,<=5s vs 15-20s,2415
2ePrKXFP,56,0-1,Black,<=5s vs 10-15s,1458
4YHMYuXP,52,0-1,Black,<=5s vs 15-20s,1670
0mddcdg0,42,0-1,Black,<=5s vs 15-20s,1255
Ve1JjQgD,58,0-1,Black,<=5s vs 15-20s,1724
p5NCPnaQ,40,0-1,Black,<=5s vs <=5s,1368
eNWItBUK,75,1-0,White,<=5s vs 10-15s,2307
VANgtGEY,58,1-0,Black,<=5s vs 15-20s,1628
MoXfAHnB,68,0-1,Black,<=5s vs 15-20s,2095
xkKng2hn,86,1-0,Black,<=5s vs 5-10s,1320
ON399y0Y,111,1-0,White,<=5s vs 15-20s,1063
U5pRdQnA,109,1-0,White,<=5s vs 10-15s,843
bvTtlaY6,52,0-1,Black,<=5s vs 5-10s,1500
8qkdvLoP,55,1-0,White,<=5s vs 5-10s,1157
EBIvKOww,92,0-1,Black,<=5s vs <=5s,1869
h019Cku3,63,1-0,White,<=5s vs 15-20s,1317
PrSpyvUy,50,0-1,Black,<=5s vs <=5s,1313
NkACGXyd,82,0-1,Black,<=5s vs 5-10s,2760
VAC9q97b,80,0-1,Black,<=5s vs <=5s,2297
CxXR6fdY,99,1-0,White,<=5s vs 15-20s,1916
Ak3p2Lr1,69,1-0,White,<=5s vs 5-10s,1782
OqK2Y9Gt,61,1-0,White,<=5s vs 15-20s,1793
9qvrlY6y,62,1-0,Black,<=5s vs 15-20s,1994
sF8wGBSA,109,1-0,White,<=5s vs 15-20s,2479
zFIj8RHd,69,1-0,White,<=5s vs 10-15s,1711
jB9z9xlP,85,1-0,White,<=5s vs 10-15s,2227
8FD0UpXp,59,1-0,White,<=5s vs 10-15s,1441
hz8nUEUd,83,1-0,White,<=5s vs 5-10s,1967
qrVunzo4,81,1-0,White,<=5s vs 15-20s,2130
F1OwMRVJ,84,0-1,Black,<=5s vs 5-10s,1802
SjeDcNFp,66,0-1,Black,<=5s vs 15-20s,1419
CXpEGadv,47,1-0,White,<=5s vs 15-20s,1685
zGZ5iIdX,84,0-1,Black,<=5s vs 5-10s,1677
NR9kCW4h,74,0-1,Black,<=5s vs 5-10s,1679
pmOGNTkK,71,1-0,White,<=5s vs 15-20s,2710
ZzXC8WJU,65,1-0,White,<=5s vs 15-20s,2484
4zZp8FLd,101,1-0,White,<=5s vs 10-15s,1937
JJVMkKYX,49,1-0,White,<=5s vs 15-20s,1372
anGGCG8S,85,1/2-1/2,White,<=5s vs 15-20s,1395
8LDBPb0h,53,1/2-1/2,White,<=5s vs 15-20s,1438
BzhopSQ8,134,0-1,Black,<=5s vs 15-20s,2470
pU7zzu8q,77,1-0,White,<=5s vs 5-10s,1939
VObs3yqy,118,0-1,Black,<=5s vs 5-10s,2136
RpXNbsBV,68,0-1,Black,<=5s vs 5-10s,2421
5buCZIWK,70,0-1,Black,<=5s vs <=5s,914
6zn9TKSY,54,0-1,Black,<=5s vs 15-20s,1490
ghEcq0GS,93,1-0,White,<=5s vs 5-10s,1908
cxKPmprf,42,0-1,Black,<=5s vs 15-20s,1288
ZDLXhSHr,66,0-1,Black,<=5s vs 10-15s,1769
AfJsQZiq,74,0-1,Black,<=5s vs 10-15s,1188
Siklhss4,80,0-1,Black,<=5s vs 15-20s,2064
bCtgI4Cn,71,1-0,White,<=5s vs 10-15s,2869
4cKtseu2,80,0-1,Black,<=5s vs 10-15s,2238
vJENPwY9,53,1-0,White,<=5s vs 15-20s,1344
nPbfXsox,62,1-0,Black,<=5s vs 5-10s,1620
FsVoMbz4,69,1-0,White,<=5s vs 10-15s,1723
SGJ9ZAHJ,65,0-1,White,<=5s vs 5-10s,2224
0tBJea1I,64,0-1,Black,<=5s vs 10-15s,1175
n5GCZblq,61,1-0,White,<=5s vs 10-15s,1884
6PWphrMK,51,1-0,White,<=5s vs 15-20s,976
CNknDqJO,66,0-1,Black,<=5s vs 5-10s,2944
9kggwAx8,54,0-1,Black,<=5s vs 15-20s,1146
p6rwcWjo,42,1-0,Black,<=5s vs 5-10s,1214
xQnBg2Cn,69,1-0,White,<=5s vs 5-10s,1585
HBfikiAx,63,1-0,White,<=5s vs 5-10s,2069
2A69oM0O,67,0-1,White,<=5s vs <=5s,1742
4TegmFrZ,108,1-0,Black,<=5s vs <=5s,2551
el09qCg1,59,1-0,White,<=5s vs 15-20s,2013
HJFPxyQP,105,0-1,White,<=5s vs 5-10s,1539
kJm9BpnU,96,0-1,Black,<=5s vs 5-10s,2333
sRFTGuUv,58,0-1,Black,<=5s vs 15-20s,1759
HhrgFwtG,65,0-1,White,<=5s vs <=5s,1637
rIvUUxS1,57,0-1,White,<=5s vs 5-10s,1588
autBNtUs,72,0-1,Black,<=5s vs 5-10s,1784
VMXWQS3w,41,0-1,White,<=5s vs 15-20s,924
2BBwUeeP,89,1-0,White,<=5s vs <=5s,1517
25wXfD97,58,0-1,Black,<=5s vs 15-20s,1372
dxahITOk,97,1-0,White,<=5s vs 10-15s,1353
YruSdbGp,85,1-0,White,<=5s vs 10-15s,1899
rxkdZQaa,66,0-1,Black,<=5s vs 10-15s,1845
56ikA2U4,86,0-1,Black,<=5s vs 5-10s,1946
vIplSYbz,87,1-0,White,<=5s vs 5-10s,1930
TH0bG34W,78,0-1,Black,<=5s vs 15-20s,2171
RxEow2rC,47,1-0,White,<=5s vs 5-10s,1828
QWCdaRzv,96,0-1,Black,<=5s vs 15-20s,2414
Vyj2meYu,51,1-0,White,<=5s vs 15-20s,1083
UGGQ7utU,44,0-1,Black,<=5s vs 15-20s,1064
8R2XUUis,53,1-0,White,<=5s vs 5-10s,1363
eJ3fsrZ3,65,1-0,White,<=5s vs 5-10s,1954
tlZc04Xl,41,0-1,White,<=5s vs 5-10s,1231
D6wCoRD7,90,0-1,Black,<=5s vs <=5s,1802
Byq2NL6O,55,1-0,White,<=5s vs 10-15s,1569
1hwGJYuO,139,1-0,White,<=5s vs 10-15s,2039
Cmn1NsF9,67,1-0,White,<=5s vs 5-10s,2441
zSu0KoP2,98,0-1,Black,<=5s vs 5-10s,1882
PIxguhuE,94,1-0,Black,<=5s vs 5-10s,1935
tA3O3nWM,73,1-0,White,<=5s vs 5-10s,1164
sAgeZLHp,44,0-1,Black,<=5s vs 5-10s,1340
nz2v8vui,83,1-0,White,<=5s vs 5-10s,1855
4osaAFh6,72,1-0,Black,<=5s vs <=5s,2316
X6tuEFMu,61,1-0,White,<=5s vs 5-10s,2068
a158C4Fu,69,1-0,White,<=5s vs 5-10s,2367
DORVFayZ,51,1-0,White,<=5s vs 15-20s,1858
rwkz7EQB,63,1-0,White,<=5s vs 5-10s,954
25cRwrHT,57,0-1,White,<=5s vs 10-15s,1394
UBK82NPr,64,0-1,Black,<=5s vs 10-15s,1760
SGRlLQtL,54,0-1,Black,<=5s vs 15-20s,1609
Uog5CwTg,65,1-0,White,<=5s vs 5-10s,1401
rBtwrvve,42,0-1,Black,<=5s vs 15-20s,825
aSF6xSgI,41,1-0,White,<=5s vs 15-20s,1221
KZC8RU61,91,1-0,White,<=5s vs 5-10s,1823
wjdxK3MG,68,0-1,Black,<=5s vs 15-20s,2387
YClsn6mZ,118,1-0,Black,<=5s vs <=5s,2070
277FTc0H,52,0-1,Black,<=5s vs 5-10s,975
PRQJs8SU,82,0-1,Black,<=5s vs <=5s,1685
VBXAgJLM,58,0-1,Black,<=5s vs 15-20s,1149
8zb6kQLN,65,0-1,White,<=5s vs 5-10s,1134
yTzMBqqD,54,0-1,Black,<=5s vs <=5s,915
OpyE0qMn,50,0-1,Black,<=5s vs 5-10s,959
nyjHIqD3,56,1-0,Black,<=5s vs <=5s,1303
5OXgus45,74,0-1,Black,<=5s vs 5-10s,1630
VkPT5UVi,66,0-1,Black,<=5s vs 5-10s,1901
JJmpCfZe,129,1-0,White,<=5s vs 10-15s,2277
nWE3tbk5,89,1-0,White,<=5s vs 15-20s,1686
xDPLrWtC,92,0-1,Black,<=5s vs 5-10s,2600
HkFppOJN,60,1-0,Black,<=5s vs 15-20s,1907
3jfNRqzx,66,0-1,Black,<=5s vs <=5s,1293
IoQB79VM,92,0-1,Black,<=5s vs 5-10s,2133
C47raJCz,108,0-1,Black,<=5s vs 10-15s,2188
yKRzxUQn,96,0-1,Black,<=5s vs 15-20s,2161
AS5ZzeK0,56,0-1,Black,<=5s vs 5-10s,1753
9PVo1NbB,70,0-1,Black,<=5s vs 10-15s,2719
LAfliFoC,75,1-0,White,<=5s vs 10-15s,2110
7SuXFfiC,56,0-1,Black,<=5s vs 5-10s,2075
i3GsZqho,79,1-0,White,<=5s vs 10-15s,1809
VYUwTN3s,55,1-0,White,<=5s vs 10-15s,2144
lCkhByDO,56,0-1,Black,<=5s vs 5-10s,1171
78bYadcW,83,1-0,White,<=5s vs <=5s,1872
jNOOQ9rP,79,0-1,White,<=5s vs 5-10s,1887
MBYBCoQP,54,0-1,Black,<=5s vs 10-15s,1815
WFJAv7bS,58,0-1,Black,<=5s vs 15-20s,2217
2IuN5kor,51,1-0,White,<=5s vs 5-10s,952
iPsANMP5,46,0-1,Black,<=5s vs <=5s,781
7o54AVux,66,0-1,Black,<=5s vs 15-20s,2443
Zgdxqnem,76,0-1,Black,<=5s vs 5-10s,2471
i82hiYM8,70,0-1,Black,<=5s vs 15-20s,1879
vDGzfNRJ,58,0-1,Black,<=5s vs 10-15s,2074
5Nkvhc7z,70,0-1,Black,<=5s vs 10-15s,1338
XLj3rdys,56,0-1,Black,<=5s vs 15-20s,1720
NliKGsWE,62,0-1,Black,<=5s vs 5-10s,2540
d1mhSrlI,41,1-0,White,<=5s vs 10-15s,1366
Hkrl0Cfj,52,0-1,Black,<=5s vs 15-20s,2076
62iD3Qml,123,1-0,White,<=5s vs 5-10s,2345
Q038P5rH,69,1-0,White,<=5s vs 15-20s,2019
yVcvshTC,60,0-1,Black,<=5s vs 5-10s,1795
jYi2dg3X,106,0-1,Black,<=5s vs <=5s,1120
0cupyTPa,63,1-0,White,<=5s vs 15-20s,1093
TCUxCTan,62,0-1,Black,<=5s vs 5-10s,1408
6DLPmhR7,89,1/2-1/2,White,<=5s vs 10-15s,2292
PV4U6V9r,89,1-0,White,<=5s vs 10-15s,2287
7b2Hs9Kc,101,1-0,White,<=5s vs 5-10s,2617
zJUPRtFm,53,0-1,White,<=5s vs 5-10s,1445
Z5Oqo4Wi,90,0-1,Black,<=5s vs 5-10s,2291
HByo9iRF,82,0-1,Black,<=5s vs 10-15s,2518
Vm7n6Fiw,77,1-0,White,<=5s vs 10-15s,2209
Xr2wd8pZ,61,1-0,White,<=5s vs 15-20s,1281
S6Pon3Sv,54,0-1,Black,<=5s vs <=5s,703
dG3xn9EW,42,1-0,Black,<=5s vs <=5s,1528
cTS5LpSD,70,0-1,Black,<=5s vs 15-20s,2226
5YhlS6dI,65,1-0,White,<=5s vs 5-10s,1742
vB7uMGOT,75,1-0,White,<=5s vs 5-10s,1369
L4uhvinO,100,1-0,Black,<=5s vs <=5s,2310
DArkzzsa,79,1-0,White,<=5s vs 5-10s,1791
7W4rX005,62,0-1,Black,<=5s vs 15-20s,1484
McrufThz,54,0-1,Black,<=5s vs <=5s,1092
QG8yK8J7,82,0-1,Black,<=5s vs 5-10s,1920
uzsLSZgG,58,0-1,Black,<=5s vs <=5s,908
MpLuIonR,80,0-1,Black,<=5s vs 5-10s,1770
h0CDXx0s,116,0-1,Black,<=5s vs 15-20s,2377
RMaJyWWr,83,1-0,White,<=5s vs <=5s,1518
pX0FQ8oa,64,0-1,Black,<=5s vs <=5s,1163
hQmsyPh7,84,0-1,Black,<=5s vs 15-20s,1669
XJbX1rFa,43,1-0,White,<=5s vs 5-10s,896
QBpWYUWm,74,0-1,Black,<=5s vs <=5s,2021
OoD5toLy,67,0-1,White,<=5s vs 10-15s,1479
Eigi9d5m,63,1-0,White,<=5s vs 5-10s,1700
0JLhkwMg,73,1-0,White,<=5s vs 15-20s,1895
8rFvAOjz,108,1/2-1/2,Black,<=5s vs 15-20s,2160
yDP8Vaqt,111,1-0,White,<=5s vs 5-10s,2374
POkmJ4OJ,94,0-1,Black,<=5s vs 15-20s,1850
DOjFhIAz,61,1-0,White,<=5s vs 15-20s,1812
9KlEUVcG,68,0-1,Black,<=5s vs 15-20s,2262
BReCaZnC,67,1-0,White,<=5s vs 15-20s,1835
tcZFwCei,84,0-1,Black,<=5s vs 5-10s,1742
z1stSaCE,59,1-0,White,<=5s vs 15-20s,1860
oioSHbZE,71,0-1,White,<=5s vs <=5s,1088
K2Bzo2e8,55,0-1,White,<=5s vs 5-10s,1075
yIVh8OjH,72,1-0,Black,<=5s vs <=5s,1697
iMPChGw2,63,1-0,White,<=5s vs 15-20s,1180
IcSYocZ5,64,0-1,Black,<=5s vs 10-15s,1487
CgIqABN1,74,0-1,Black,<=5s vs 5-10s,1891
RAt7FVPf,49,1-0,White,<=5s vs 10-15s,2543
dOiteO3n,111,1-0,White,<=5s vs 5-10s,1873
GKJ3KWlO,82,1-0,Black,<=5s vs <=5s,1995
SeSFNOfD,77,1-0,White,<=5s vs 15-20s,1966
DtricNc7,53,1-0,White,<=5s vs 15-20s,1344
cKQwo6Ji,65,1-0,White,<=5s vs <=5s,1675
Wj1ZVrCC,123,1-0,White,<=5s vs 5-10s,2621
Uo6Obo0P,62,0-1,Black,<=5s vs 10-15s,1894
wSbm0D14,58,1-0,Black,<=5s vs <=5s,1793
Xf9PpcGq,61,1-0,White,<=5s vs 15-20s,1874
SEJbMewp,109,1-0,White,<=5s vs <=5s,2204
y35l7bvy,73,1-0,White,<=5s vs 5-10s,1742
0qmAqxE1,100,1/2-1/2,Black,<=5s vs 10-15s,2697
0Etl8lGk,88,0-1,Black,<=5s vs 15-20s,2176
vZtjYd7t,103,0-1,White,<=5s vs 5-10s,2542
Uci8UdLc,110,0-1,Black,<=5s vs 15-20s,2360
7Sy3HuKn,88,0-1,Black,<=5s vs 5-10s,1577
bPIr7hCx,103,1-0,White,<=5s vs 15-20s,2157
YlS0qWe5,65,1-0,White,<=5s vs 15-20s,991
MVkgGhwE,64,0-1,Black,<=5s vs 5-10s,1211
K6IHCMIy,71,0-1,White,<=5s vs <=5s,1609
tIByQ3IH,77,0-1,White,<=5s vs 5-10s,2435
SMl1WwL3,112,0-1,Black,<=5s vs 5-10s,2491
u3dlTt5D,49,1-0,White,<=5s vs 10-15s,1402
N9iXJIBl,55,1-0,White,<=5s vs 10-15s,1272
Kn5vAgTY,67,1-0,White,<=5s vs 5-10s,2177
HO3Q58fc,60,0-1,Black,<=5s vs 10-15s,2394
vLKFn8lu,57,1-0,White,<=5s vs 10-15s,1523
ZC0eOvnq,35,1-0,White,<=5s vs 15-20s,1425
Re75Dcy5,62,0-1,Black,<=5s vs 10-15s,2390
fWvDX6nv,162,0-1,Black,<=5s vs 15-20s,2240
6JZzNxPY,36,0-1,Black,<=5s vs 15-20s,995
7QYDnq4V,62,0-1,Black,<=5s vs 15-20s,1584
yIxjhiTl,55,1-0,White,<=5s vs 15-20s,1606
L63HUPsQ,46,0-1,Black,<=5s vs 15-20s,1378
luw8NV9f,77,0-1,White,<=5s vs 10-15s,1530
AT63V7jR,71,1-0,White,<=5s vs 5-10s,1814
9qi1tFOp,57,1-0,White,<=5s vs 15-20s,2361
e4S6WRBb,85,1-0,White,<=5s vs <=5s,1927
DRAhLUx5,59,1-0,White,<=5s vs 5-10s,1903
v3s4Zn9D,77,1-0,White,<=5s vs <=5s,1674
HydiyXWc,97,1-0,White,<=5s vs 10-15s,2038
6dYVTx2Z,79,1-0,White,<=5s vs 15-20s,2034
t6y03P6t,60,0-1,Black,<=5s vs 15-20s,1256
hZJQ9MVR,68,0-1,Black,<=5s vs 5-10s,1725
YE8aN6U6,86,0-1,Black,<=5s vs 5-10s,2267
7VtlqXle,56,0-1,Black,<=5s vs 15-20s,1484
UvPmgWLv,73,1-0,White,<=5s vs 10-15s,2151
qpOOH26H,56,0-1,Black,<=5s vs 15-20s,1337
YoOxXI2y,66,0-1,Black,<=5s vs 5-10s,2347
lNDh6B4D,83,1-0,White,<=5s vs 5-10s,1855
HtGUehMh,60,0-1,Black,<=5s vs 15-20s,1868
wYOAWDWa,66,0-1,Black,<=5s vs 15-20s,1896
tBbbNeLB,117,0-1,White,<=5s vs 10-15s,2105
8r0cs3gJ,90,1-0,Black,<=5s vs 5-10s,1980
ClgKr0Zf,59,1-0,White,<=5s vs 10-15s,1879
Hvx60nx7,65,1-0,White,<=5s vs 15-20s,2085
PkAanJ2Q,43,1-0,White,<=5s vs 10-15s,1448
PbOmqXtZ,85,0-1,White,<=5s vs 5-10s,1886
N3S1FFht,58,0-1,Black,<=5s vs 15-20s,1608
QMJ0oBT9,86,0-1,Black,<=5s vs 15-20s,2483
vs4D7ixv,68,1-0,Black,<=5s vs 5-10s,1242
zjB9V8JK,71,1-0,White,<=5s vs 10-15s,1479
DUei7dDz,113,1/2-1/2,White,<=5s vs 10-15s,1808
Mfv8ojog,75,1-0,White,<=5s vs 10-15s,1445
YqEPMTxK,80,1-0,Black,<=5s vs <=5s,1510
rkr1HLo6,51,0-1,White,<=5s vs 5-10s,1289
ZWIzAC8l,61,1-0,White,<=5s vs 15-20s,2540
QDFNZacp,96,1-0,Black,<=5s vs 5-10s,1552
e3PWcZc2,56,1-0,Black,<=5s vs <=5s,2381
kG3gu2ZL,101,0-1,White,<=5s vs <=5s,2530
0AtCPuri,106,0-1,Black,<=5s vs <=5s,2586
FcWp3y5x,80,0-1,Black,<=5s vs <=5s,1794
iGk6dQ4k,73,0-1,White,<=5s vs 5-10s,1666
tqGTWoXK,48,0-1,Black,<=5s vs 10-15s,1180
lpWKVPac,96,0-1,Black,<=5s vs <=5s,2614
Cc4KZHAc,126,1/2-1/2,Black,<=5s vs 5-10s,2246
SA9z3XUU,100,1/2-1/2,Black,<=5s vs <=5s,2467
kyL8Pc7c,74,0-1,Black,<=5s vs <=5s,1737
ssCoHVn3,69,1-0,White,<=5s vs 10-15s,2091
k0js2Og5,55,1-0,White,<=5s vs 15-20s,1367
bdUhdbon,103,1/2-1/2,White,<=5s vs 10-15s,2866
FiFtY5JW,96,0-1,Black,<=5s vs 5-10s,2558
BrmxOTyl,97,0-1,White,<=5s vs 5-10s,2369
sQSkJhM5,56,0-1,Black,<=5s vs <=5s,913
cm70k3Ts,75,1-0,White,<=5s vs 10-15s,2298
fju6NpqC,81,1-0,White,<=5s vs 5-10s,1426
21ejIiWl,54,1-0,Black,<=5s vs <=5s,1409
oCR7PHMa,66,0-1,Black,<=5s vs 10-15s,2002
ElgsElW9,121,1/2-1/2,White,<=5s vs 15-20s,1681
8Q8DbDuD,86,0-1,Black,<=5s vs 5-10s,2209
hyHxiUQw,53,1-0,White,<=5s vs 15-20s,1639
8t4xYDIN,86,0-1,Black,<=5s vs 10-15s,2081
w4kohTpn,70,0-1,Black,<=5s vs <=5s,1711
FYIOYc00,53,0-1,White,<=5s vs 5-10s,1068
XrzXeb2z,103,0-1,White,<=5s vs 5-10s,2196
6cesihWA,116,1-0,Black,<=5s vs 10-15s,2469
a53dJ0L4,36,0-1,Black,<=5s vs 5-10s,968
Fra5RLdR,68,0-1,Black,<=5s vs 15-20s,1538
3TvwYPJU,83,1-0,White,<=5s vs 10-15s,2637
QUejkd5w,60,0-1,Black,<=5s vs 10-15s,1468
8iBMHWCA,72,1/2-1/2,Black,<=5s vs 5-10s,1397
Xd83q4ga,59,1-0,White,<=5s vs 15-20s,1983
xDqJIocI,108,0-1,Black,<=5s vs 10-15s,2012
5aljy7DK,103,0-1,White,<=5s vs 5-10s,1900
UrmhCmK1,78,0-1,Black,<=5s vs 5-10s,1599
q8obTiVv,35,1-0,White,<=5s vs 5-10s,1314
aIe6kWJS,62,1-0,Black,<=5s vs <=5s,808
2Svr9NqP,91,1-0,White,<=5s vs 10-15s,2836
6XX8wne0,62,0-1,Black,<=5s vs 10-15s,1753
4rNzbQXS,88,0-1,Black,<=5s vs 10-15s,2074
GPnJBWuU,65,1-0,White,<=5s vs 10-15s,2044
WslepYaq,49,0-1,White,<=5s vs 10-15s,1461
xrBINS1d,67,0-1,White,<=5s vs 5-10s,1427
5YOanhLA,69,1-0,White,<=5s vs 15-20s,1817
MOFqm5zc,87,1-0,White,<=5s vs 15-20s,2620
vNcBgMV7,44,0-1,Black,<=5s vs 15-20s,1313
5g00oWgG,50,0-1,Black,<=5s vs 15-20s,1764
zQrb4yCi,50,0-1,Black,<=5s vs 10-15s,1106
5dcQuCoJ,50,0-1,Black,<=5s vs 10-15s,1455
YVZQCFJv,64,0-1,Black,<=5s vs 5-10s,1587
0Dv4HiP7,56,0-1,Black,<=5s vs 15-20s,1657
H76UFRUg,62,0-1,Black,<=5s vs <=5s,1530
IyPJTKT1,97,1-0,White,<=5s vs 15-20s,2490
SoJ5K7oE,56,0-1,Black,<=5s vs 10-15s,1317
WxFGSz67,153,1/2-1/2,White,<=5s vs 10-15s,1563
Eb8a8Xx6,75,1-0,White,<=5s vs 15-20s,1148
CELNoj53,107,1-0,White,<=5s vs <=5s,2501
IOGQICKg,69,1-0,White,<=5s vs 15-20s,3004
ALpAtuyx,80,1-0,Black,<=5s vs <=5s,1463
T1uoBiWb,59,1-0,White,<=5s vs 15-20s,1077
HMwJxydX,54,0-1,Black,<=5s vs 10-15s,877
OX0BReeV,102,0-1,Black,<=5s vs <=5s,1333
XHSAkIEc,52,0-1,Black,<=5s vs 10-15s,1488
OWwRpsfL,49,1-0,White,<=5s vs 15-20s,1526
5jWirL8K,83,1-0,White,<=5s vs 5-10s,1654
WyyfAOsh,52,1-0,Black,<=5s vs 10-15s,1408
Pgvstf7E,73,1-0,White,<=5s vs 15-20s,1987
JSIZepKr,61,1-0,White,<=5s vs 10-15s,2060
C33iwJPj,119,1-0,White,<=5s vs 5-10s,2621
bFZMsRVe,89,1-0,White,<=5s vs 10-15s,1839
0zDngvYp,71,1-0,White,<=5s vs 10-15s,1892
xkmwzjRn,95,1/2-1/2,White,<=5s vs 5-10s,2439
A5HpFJQe,85,1-0,White,<=5s vs 10-15s,2847
ijBgC6Ap,59,1-0,White,<=5s vs 10-15s,1016
qDJVPrcj,42,0-1,Black,<=5s vs 15-20s,966
OCKaLrko,72,0-1,Black,<=5s vs 15-20s,2983
VnJqdVzZ,81,1-0,White,<=5s vs 15-20s,1339
19SkZHwh,52,0-1,Black,<=5s vs 10-15s,1701
m47odlIl,78,0-1,Black,<=5s vs 10-15s,1692
iFCWOjl2,67,1-0,White,<=5s vs 15-20s,2082
T6fRophm,73,0-1,White,<=5s vs <=5s,1348
QrOFQpv8,62,1-0,Black,<=5s vs <=5s,1426
KVA2FPL9,75,1-0,White,<=5s vs 10-15s,1589
Ht24SWDo,74,0-1,Black,<=5s vs 5-10s,2162
9KaAIvmu,82,1/2-1/2,Black,<=5s vs 10-15s,2149
8qWvkyRi,64,0-1,Black,<=5s vs 5-10s,1294
MBU722it,90,0-1,Black,<=5s vs <=5s,2542
l2trZB6c,75,1-0,White,<=5s vs 10-15s,1641
67kYK9fU,117,1-0,White,<=5s vs 5-10s,2221
0ad70i1Z,76,1-0,Black,<=5s vs 10-15s,2349
VudjjKGU,78,0-1,Black,<=5s vs <=5s,1634
qBZdKKLT,43,1-0,White,<=5s vs 15-20s,1200
zfrzUKoA,102,0-1,Black,<=5s vs 15-20s,1417
FOFfjJsN,70,0-1,Black,<=5s vs 5-10s,2095
WC4S5aTB,50,0-1,Black,<=5s vs 15-20s,1361
JfewlD2Y,68,0-1,Black,<=5s vs <=5s,1905
3pfXL4wY,50,0-1,Black,<=5s vs 5-10s,1543
8AiGI8tW,62,0-1,Black,<=5s vs 15-20s,2223
lABNz3Qo,53,1-0,White,<=5s vs 15-20s,1254
4HOHkLmQ,65,1-0,White,<=5s vs 15-20s,1947
qeMk5KCu,70,0-1,Black,<=5s vs 5-10s,1952
YiNrUJds,44,0-1,Black,<=5s vs 5-10s,1451
spfYAUBf,54,0-1,Black,<=5s vs 15-20s,1277
kpA4DnMf,53,1-0,White,<=5s vs 15-20s,1133
eI7ALoqq,61,1-0,White,<=5s vs 15-20s,1515
RjiDYGu3,102,0-1,Black,<=5s vs 5-10s,2125
uynHcQyt,60,0-1,Black,<=5s vs 10-15s,1363
h9DUTLR4,96,0-1,Black,<=5s vs 10-15s,2635
cgOVcVmI,69,1-0,White,<=5s vs 5-10s,1900
CfT5MZl1,101,1-0,White,<=5s vs 5-10s,2083
HZj1n7uU,59,1-0,White,<=5s vs 10-15s,1254
aD8KKL9U,96,1-0,Black,<=5s vs 15-20s,1676
Vf9yxZ55,107,0-1,White,<=5s vs 10-15s,2482
NaeOvr21,69,1-0,White,<=5s vs 15-20s,1828
s27O25M6,46,0-1,Black,<=5s vs 10-15s,1255
AyTPXRRX,50,1-0,Black,<=5s vs 5-10s,1194
XpmUwYK8,82,0-1,Black,<=5s vs 5-10s,2138
IkKGbvgE,48,0-1,Black,<=5s vs 15-20s,1478
JXIH060D,114,0-1,Black,<=5s vs 15-20s,2544
M6R93RRM,62,1-0,Black,<=5s vs <=5s,1681
X1ePBg7a,63,1-0,White,<=5s vs 10-15s,1510
FtUmGlgA,52,0-1,Black,<=5s vs <=5s,1366
mF5Zgegh,118,1/2-1/2,Black,<=5s vs 5-10s,2272
rJdbIKxZ,100,1-0,Black,<=5s vs 5-10s,2371
J9kxlk3h,81,1-0,White,<=5s vs 5-10s,2091
3s5a0xOS,69,1-0,White,<=5s vs 15-20s,1764
2RB6NQCS,111,0-1,White,<=5s vs <=5s,2388
yR0dK510,61,1-0,White,<=5s vs 15-20s,1644
jafDK9Lu,130,1/2-1/2,Black,<=5s vs 10-15s,2465
JFbjgmLC,57,1-0,White,<=5s vs 10-15s,1240
8y13hdsU,65,1-0,White,<=5s vs 15-20s,2031
PxlWwPYf,42,0-1,Black,<=5s vs 10-15s,1539
G6vsYoEC,40,1-0,Black,<=5s vs <=5s,941
JO7qDkjF,70,1-0,Black,<=5s vs <=5s,1967
Pwj0giEb,59,1-0,White,<=5s vs 5-10s,1813
NlpT1bzC,99,1-0,White,<=5s vs 5-10s,2257
MbgK6Fsu,95,1-0,White,<=5s vs 15-20s,2337
5VzGGpnm,87,1-0,White,<=5s vs 5-10s,2729
of5dWRSB,75,1-0,White,<=5s vs 10-15s,2639
P9Cwi4K8,82,1/2-1/2,Black,<=5s vs <=5s,2192
AVl3ue8v,66,0-1,Black,<=5s vs <=5s,796
yL6UiWSK,85,1-0,White,<=5s vs 15-20s,2094
CzKgzSW1,56,1-0,Black,<=5s vs 10-15s,1252
NfNzFTcL,88,0-1,Black,<=5s vs 5-10s,1717
LOJJdn7Q,76,1-0,Black,<=5s vs <=5s,1613
N8ucvxy7,66,1-0,Black,<=5s vs 5-10s,2121
UEqF5wEN,80,0-1,Black,<=5s vs 5-10s,2221
iqMeo6kl,100,1/2-1/2,Black,<=5s vs 5-10s,2825
7KBQ0ONe,67,1-0,White,<=5s vs 5-10s,2295
x5xFmxnF,52,1-0,Black,<=5s vs 15-20s,1953
Mjd4ipPL,114,1-0,Black,<=5s vs <=5s,2130
UfG2YDGW,68,0-1,Black,<=5s vs 5-10s,2156
vP1JjboF,105,0-1,White,<=5s vs 5-10s,2660
Wluw2hQK,79,1-0,White,<=5s vs 10-15s,1896
3UNRMgcF,98,0-1,Black,<=5s vs 5-10s,2715
y9ZR9KNN,62,1-0,Black,<=5s vs <=5s,1331
3mPvBfWG,86,1-0,Black,<=5s vs <=5s,2495
ibTNF2gt,104,1/2-1/2,Black,<=5s vs 15-20s,1782
CGXvXNgi,59,1-0,White,<=5s vs 15-20s,1977
1v9Buy4Z,75,1-0,White,<=5s vs <=5s,2268
PtL2f9uL,52,0-1,Black,<=5s vs 15-20s,1679
2owRIhs3,68,0-1,Black,<=5s vs 5-10s,1767
zynQj47x,59,1-0,White,<=5s vs 10-15s,1231
vUtVEcTT,78,0-1,Black,<=5s vs 5-10s,2247
HsdPavFW,58,0-1,Black,<=5s vs 10-15s,1939
C1TakGd9,70,1-0,Black,<=5s vs <=5s,1385
eFs1OxYE,60,0-1,Black,<=5s vs 10-15s,1872
98xea2ay,71,1-0,White,<=5s vs 5-10s,1075
wOuCY0JK,57,0-1,White,<=5s vs <=5s,1746
HBBhoBEC,49,1-0,White,<=5s vs 15-20s,1685
N7BeqUpr,60,0-1,Black,<=5s vs 5-10s,1052
Zeo6eMK3,55,1-0,White,<=5s vs 10-15s,1753
XCKe5k2T,63,1-0,White,<=5s vs 5-10s,2127
9WqbW0eI,66,0-1,Black,<=5s vs 10-15s,1483
4vekwDPx,63,1-0,White,<=5s vs 15-20s,1967
sNZWXIap,66,0-1,Black,<=5s vs <=5s,1260
jdPhJooP,120,1-0,Black,<=5s vs <=5s,870
MZMwaBLQ,43,1-0,White,<=5s vs 10-15s,973
WoHfwZ8g,49,1-0,White,<=5s vs 5-10s,1541
kFUO5ifk,77,1-0,White,<=5s vs 10-15s,1647
HIe2kFZb,83,1-0,White,<=5s vs 5-10s,1588
wdHmMJQZ,52,0-1,Black,<=5s vs 5-10s,1209
VKM4fajV,82,1-0,Black,<=5s vs 5-10s,1972
ePSL2r6X,66,0-1,Black,<=5s vs 15-20s,1648
ouqOCtrG,53,1-0,White,<=5s vs 5-10s,1635
WDyMNv0P,75,1-0,White,<=5s vs 5-10s,1086
LoN12zd2,67,1-0,White,<=5s vs <=5s,1455
iVezt6kF,122,1/2-1/2,Black,<=5s vs 5-10s,1823
q1RNZk0b,69,1-0,White,<=5s vs 5-10s,2272
4JUMYIV2,54,1-0,Black,<=5s vs 5-10s,1879
F8x2mRDD,108,0-1,Black,<=5s vs 10-15s,2187
OIOPGaeR,70,0-1,Black,<=5s vs 5-10s,1789
GX78S4hi,105,1-0,White,<=5s vs 5-10s,2303
EGBMxeUW,65,1-0,White,<=5s vs 15-20s,1310
9OLa0JDV,81,1-0,White,<=5s vs 10-15s,2336
7NTSUsZB,35,1-0,White,<=5s vs 10-15s,1022
nxFfd6ae,54,0-1,Black,<=5s vs 10-15s,1555
4CsjZCs3,103,1-0,White,<=5s vs 10-15s,2020
vaDPxUIn,92,0-1,Black,<=5s vs <=5s,1597
lQ3U3YhI,71,1-0,White,<=5s vs 5-10s,1147
mYAFDgdJ,88,0-1,Black,<=5s vs 5-10s,2404
1S5Snmsd,65,1-0,White,<=5s vs 10-15s,1970
E7ksabcZ,105,1-0,White,<=5s vs 10-15s,1919
ROoAKmjf,77,1/2-1/2,White,<=5s vs 10-15s,1531
q4uTHalW,61,1-0,White,<=5s vs 15-20s,1635
qMvc2xFl,86,0-1,Black,<=5s vs 10-15s,2486
9LWw85tP,93,1-0,White,<=5s vs 10-15s,2489
10RtAQCf,74,0-1,Black,<=5s vs <=5s,1933
ItMRiy9e,74,0-1,Black,<=5s vs 5-10s,2274
sxuyDxWC,61,0-1,White,<=5s vs 15-20s,1584
epGGKcNI,84,0-1,Black,<=5s vs 10-15s,1537
XFWeyqcy,70,0-1,Black,<=5s vs 5-10s,1282
wihlaMrF,42,0-1,Black,<=5s vs 5-10s,871
xxgDMR8s,82,0-1,Black,<=5s vs 5-10s,2565
7IDgOOIQ,42,0-1,Black,<=5s vs 15-20s,1005
IkZKgfkN,170,0-1,Black,<=5s vs 10-15s,2394
6kw0awLx,87,0-1,White,<=5s vs <=5s,1628
ExQJd9sV,61,1-0,White,<=5s vs 5-10s,2299
TExN6xap,49,1-0,White,<=5s vs 15-20s,1281
U0vZfTfP,61,1-0,White,<=5s vs 10-15s,1038
ve0lLzbM,79,1-0,White,<=5s vs 15-20s,2766
dYdOr1b8,53,1-0,White,<=5s vs 5-10s,1253
nOarTx5j,89,1-0,White,<=5s vs 10-15s,2403
x1lVoESZ,73,0-1,White,<=5s vs <=5s,1404
AqbToEZP,101,1-0,White,<=5s vs <=5s,2212
kjFfVFwM,75,1-0,White,<=5s vs 10-15s,1589
0eAfn8aZ,77,1-0,White,<=5s vs 5-10s,2208
ZTUQSGS7,87,1-0,White,<=5s vs 10-15s,1931
G42nrhEt,59,0-1,White,<=5s vs 10-15s,1477
SY6sKQZq,71,1-0,White,<=5s vs 5-10s,2009
FpYhh0KH,87,1-0,White,<=5s vs 5-10s,2539
2zrvyO6g,75,1-0,White,<=5s vs 5-10s,2252
TvlVWIFQ,105,1/2-1/2,White,<=5s vs 5-10s,2020
VcfbNh7G,65,1-0,White,<=5s vs 10-15s,2183
PYwtXGOv,66,1-0,Black,<=5s vs <=5s,1560
Kv5jjNmp,82,0-1,Black,<=5s vs 10-15s,2291
GNpJY2rs,149,1/2-1/2,White,<=5s vs 5-10s,2349
TmyFjU72,61,1-0,White,<=5s vs 5-10s,1500
DNLg5hks,37,1-0,White,<=5s vs 5-10s,1647
9JBmQCom,66,0-1,Black,<=5s vs 10-15s,2308
FgM4FiFg,54,0-1,Black,<=5s vs 5-10s,1623
CwdSiUXB,59,1-0,White,<=5s vs 10-15s,2164
cOPdYjBa,63,0-1,White,<=5s vs 10-15s,1948
5DAbu8qG,112,1-0,Black,<=5s vs <=5s,2466
fvJnRM9r,53,0-1,White,<=5s vs 5-10s,1247
VhSiiJKm,55,1-0,White,<=5s vs 10-15s,1389
0BgUWGV1,56,1-0,Black,<=5s vs <=5s,1805
LguBZJxy,117,1-0,White,<=5s vs 15-20s,2106
z1vcWci8,70,0-1,Black,<=5s vs 5-10s,2022
1FoEiJXd,73,0-1,White,<=5s vs <=5s,2447
eWknTuSx,48,0-1,Black,<=5s vs <=5s,897
hYhwhetS,71,1-0,White,<=5s vs <=5s,1656
wvm403XH,79,1-0,White,<=5s vs 10-15s,2216
EOF4W4CN,79,0-1,White,<=5s vs 15-20s,1510
Nlf0b2dc,36,0-1,Black,<=5s vs 15-20s,1707
v7hxtaHV,161,1/2-1/2,White,<=5s vs 15-20s,2326
7y4qHrYJ,81,1-0,White,<=5s vs 5-10s,2150
DXbsLSnz,59,1-0,White,<=5s vs 15-20s,2170
zoyt81uj,82,0-1,Black,<=5s vs 10-15s,2218
B9hsikgQ,42,0-1,Black,<=5s vs 15-20s,2442
8r87I0xi,54,0-1,Black,<=5s vs 15-20s,1879
9DKkYsGO,40,0-1,Black,<=5s vs 10-15s,930
jVJgohgi,110,0-1,Black,<=5s vs 5-10s,2588
nZ3JQecj,57,1-0,White,<=5s vs 10-15s,1254
0AWuypZs,116,1/2-1/2,Black,<=5s vs <=5s,1500
llmrCgPW,53,0-1,White,<=5s vs 5-10s,1166
USY3QfLe,90,0-1,Black,<=5s vs 10-15s,2218
H9jqQLoM,92,0-1,Black,<=5s vs 15-20s,2047
D9PkpvTK,48,0-1,Black,<=5s vs 10-15s,1241
buLubhGE,63,1-0,White,<=5s vs 15-20s,1207
wqk5wZDA,75,1-0,White,<=5s vs 5-10s,1771
CSeuN0ng,98,0-1,Black,<=5s vs 15-20s,2513
JgftPFJK,67,1-0,White,<=5s vs 10-15s,1968
AShtc8i8,73,1-0,White,<=5s vs 15-20s,1840
uItHje2i,37,1-0,White,<=5s vs 15-20s,1388
HXJG9Sju,69,1-0,White,<=5s vs 5-10s,2182
npsoYasL,105,1-0,White,<=5s vs 15-20s,2324
tdwIrFNM,76,1-0,Black,<=5s vs <=5s,1517
rEggaefv,81,1-0,White,<=5s vs 5-10s,2104
0yMdNRYG,73,1-0,White,<=5s vs 15-20s,1658
PpRLV14R,62,0-1,Black,<=5s vs 10-15s,1044
nWPmZFn0,124,0-1,Black,<=5s vs 15-20s,1792
2lC48FUS,45,1-0,White,<=5s vs 15-20s,1229
3WntT9ZI,127,0-1,White,<=5s vs <=5s,2314
CA9pa331,90,0-1,Black,<=5s vs 15-20s,2171
NsJlvuGZ,143,1/2-1/2,White,<=5s vs 10-15s,2502
yfnnaR8E,122,1-0,Black,<=5s vs <=5s,1728
cAZGRBU4,55,1-0,White,<=5s vs 10-15s,1726
NNDp9Zf9,47,0-1,White,<=5s vs 5-10s,1102
4BHuL4nn,93,1-0,White,<=5s vs 5-10s,1893
xPmbWJTD,58,0-1,Black,<=5s vs <=5s,1148
4Qujk6ff,69,0-1,White,<=5s vs 15-20s,2158
Hcrda1gt,98,0-1,Black,<=5s vs 10-15s,2728
Nau9xVGx,82,1-0,Black,<=5s vs 5-10s,2134
P5Oe6vSk,83,0-1,White,<=5s vs 10-15s,1895
4MEMX3FS,72,0-1,Black,<=5s vs 15-20s,2009
06kwXqgf,73,1-0,White,<=5s vs <=5s,1259
YQIq8lmq,67,1-0,White,<=5s vs 15-20s,2009
Mg9wGJ3I,59,1-0,White,<=5s vs 15-20s,2108
WzINj5mM,55,1-0,White,<=5s vs 15-20s,1269
GNdLlizX,50,0-1,Black,<=5s vs 15-20s,1833
OxMwbLOF,117,1-0,White,<=5s vs 15-20s,2543
okpOCThI,34,0-1,Black,<=5s vs 10-15s,705
SqCCqiXF,67,0-1,White,<=5s vs 5-10s,1880
K7GlN97m,107,1-0,White,<=5s vs 15-20s,2801
mHHnX97I,65,1-0,White,<=5s vs 5-10s,2715
qJzwVW5u,119,1/2-1/2,White,<=5s vs 10-15s,2207
KhAwHimH,81,0-1,White,<=5s vs 5-10s,2414
nfQh5JXi,102,1-0,Black,<=5s vs 5-10s,2793
ZMTrKVbA,62,0-1,Black,<=5s vs 10-15s,1456
RMRXE0lh,111,0-1,White,<=5s vs 5-10s,2757
EyN9LLIS,94,0-1,Black,<=5s vs 5-10s,2303
5KtNqn9C,58,0-1,Black,<=5s vs 15-20s,1657
lTnRzocd,78,0-1,Black,<=5s vs 5-10s,2239
hDoeDNLv,60,0-1,Black,<=5s vs 5-10s,1910
sOU7GHF1,84,0-1,Black,<=5s vs <=5s,2545
KNU3pSdM,79,0-1,White,<=5s vs 10-15s,2043
VPlHt325,85,1-0,White,<=5s vs 10-15s,2097
JEvTFo0K,64,0-1,Black,<=5s vs <=5s,1377
UWRWQQyH,59,0-1,White,<=5s vs 10-15s,2323
gEidFVvY,53,0-1,White,<=5s vs 5-10s,940
tYH7UzO4,36,0-1,Black,<=5s vs 15-20s,1068
yjUPCLtv,93,0-1,White,<=5s vs 10-15s,2282
k6HAsWPV,45,1-0,White,<=5s vs 15-20s,1442
xkyWUcEb,81,1-0,White,<=5s vs 5-10s,1950
FoFBPSX8,52,0-1,Black,<=5s vs 10-15s,2355
332LkE0T,69,1-0,White,<=5s vs 10-15s,1799
EUk3E8V3,75,1-0,White,<=5s vs 5-10s,1853
Bz041M2G,50,0-1,Black,<=5s vs 15-20s,1437
bah6LK1W,80,0-1,Black,<=5s vs 15-20s,2420
aYwq1v03,84,0-1,Black,<=5s vs 10-15s,2440
yK7wWNjf,114,0-1,Black,<=5s vs 10-15s,2521
pIRjCdLU,73,1-0,White,<=5s vs 15-20s,2271
yYdwGbMP,63,1-0,White,<=5s vs 10-15s,1681
YcRfgBKV,68,1-0,Black,<=5s vs <=5s,1933
k2K5AFaE,60,0-1,Black,<=5s vs 15-20s,1924
84FFTvmd,138,0-1,Black,<=5s vs 10-15s,1954
W0ZcGgvV,67,1-0,White,<=5s vs 10-15s,1804
WpjjU6B9,46,0-1,Black,<=5s vs 15-20s,948
K6ETqmBz,53,1-0,White,<=5s vs 15-20s,1733
kAN9izxY,77,1/2-1/2,White,<=5s vs 15-20s,2385
2ORRdFq7,84,0-1,Black,<=5s vs 5-10s,1278
pnUZ3jXl,102,0-1,Black,<=5s vs <=5s,2040
GiU6RiZH,66,0-1,Black,<=5s vs 10-15s,1988
CayaUmae,81,1-0,White,<=5s vs 15-20s,1997
zAgNbZ3l,64,0-1,Black,<=5s vs 10-15s,1530
IqP7pedU,123,1-0,White,<=5s vs 5-10s,1612
RDb1Gg8o,66,0-1,Black,<=5s vs 10-15s,1950
Zhyggdsj,72,0-1,Black,<=5s vs 15-20s,1977
Ni6zKIIh,93,1-0,White,<=5s vs 10-15s,2465
bN78MxXd,47,1-0,White,<=5s vs 15-20s,1166
w85aMy4P,69,1-0,White,<=5s vs 5-10s,2025
Ow1ywKgT,61,1-0,White,<=5s vs 10-15s,1398
Hb2ZC37v,65,1-0,White,<=5s vs 15-20s,1936
jYxbIc23,60,0-1,Black,<=5s vs 10-15s,1626
74O42Ith,85,1-0,White,<=5s vs 10-15s,2170
kZS0Zif6,74,0-1,Black,<=5s vs 5-10s,1877
CMC5C3Lr,102,1-0,Black,<=5s vs 5-10s,2544
V4tso9q8,106,0-1,Black,<=5s vs <=5s,2101
k8NA7ptt,44,1-0,Black,<=5s vs 5-10s,1503
Kw6mDsRw,53,1-0,White,<=5s vs 10-15s,1448
Z1RO0lvu,110,1/2-1/2,Black,<=5s vs 10-15s,1313
tWWJkia7,140,0-1,Black,<=5s vs 5-10s,2390
pzaDidqW,80,0-1,Black,<=5s vs 5-10s,2112
TaO40t0H,60,0-1,Black,<=5s vs 5-10s,1223
5qJ5VBXY,73,1-0,White,<=5s vs 5-10s,2002
JxYzkt5i,112,0-1,Black,<=5s vs <=5s,2218
3rPOYOVS,70,0-1,Black,<=5s vs 10-15s,2127
OZ2mwHUm,66,1-0,Black,<=5s vs 5-10s,2098
LJ7UTjvC,52,1-0,Black,<=5s vs 5-10s,2403
JoL0eJP4,44,0-1,Black,<=5s vs 10-15s,1170
60YEFgAX,108,0-1,Black,<=5s vs 5-10s,1597
AcugJgYM,64,0-1,Black,<=5s vs 15-20s,1238
XsEZqkWM,106,0-1,Black,<=5s vs <=5s,1835
NqFUxeKW,61,1-0,White,<=5s vs 10-15s,1229
4AaaKRRc,84,1/2-1/2,Black,<=5s vs 10-15s,2484
EUFSs6FA,50,0-1,Black,<=5s vs 5-10s,1714
JG6XVaXx,85,1-0,White,<=5s vs 10-15s,1907
mKaIO8OH,95,1-0,White,<=5s vs 15-20s,2403
tZoDc9ti,70,0-1,Black,<=5s vs 10-15s,1780
Pr2bnBdd,65,1-0,White,<=5s vs 15-20s,1444
6vEI5JP4,82,0-1,Black,<=5s vs 15-20s,1870
9HLezLCT,98,0-1,Black,<=5s vs 5-10s,2029
ixOcKGiX,70,0-1,Black,<=5s vs 5-10s,2289
fzAUIfR3,72,0-1,Black,<=5s vs 15-20s,1391
XHA7wZ5d,56,1-0,Black,<=5s vs 5-10s,2179
JToldGIN,58,0-1,Black,<=5s vs 10-15s,2029
6atv2YDx,112,0-1,Black,<=5s vs 5-10s,2866
0yjWJPE0,55,1-0,White,<=5s vs 15-20s,1048
cQgGT6rO,43,1-0,White,<=5s vs 15-20s,1002
ugmnAhaC,85,0-1,White,<=5s vs 5-10s,2411
Sw4bLlbd,71,1-0,White,<=5s vs 5-10s,2398
DwNxF5dw,69,1-0,White,<=5s vs 5-10s,2558
95L0uvSh,60,0-1,Black,<=5s vs 5-10s,1721
NYTcB58e,83,0-1,White,<=5s vs 5-10s,1684
y31YNYBv,87,1-0,White,<=5s vs 15-20s,2475
xYR7ysNY,68,0-1,Black,<=5s vs 5-10s,1259
Et0STyA4,112,1/2-1/2,Black,<=5s vs 5-10s,2448
V8iCFyCu,65,1-0,White,<=5s vs 15-20s,1500
m2gDYFSe,67,1-0,White,<=5s vs 15-20s,2087
YYvfronp,53,1-0,White,<=5s vs 15-20s,1269
1dPwGXRi,57,1-0,White,<=5s vs 15-20s,1216
unDdFGT9,98,1/2-1/2,Black,<=5s vs <=5s,2383
JO0fs9d4,59,0-1,White,<=5s vs 5-10s,2283
vrfoMNNh,68,1-0,Black,<=5s vs <=5s,1645
N7mhPdj7,37,1-0,White,<=5s vs 10-15s,1208
WnS918Ev,92,0-1,Black,<=5s vs <=5s,2383
JFd5AAwn,51,1-0,White,<=5s vs 5-10s,1001
buuv73Wj,75,1-0,White,<=5s vs <=5s,1557
EL43zuPq,42,0-1,Black,<=5s vs 15-20s,1518
7F631l8B,65,1-0,White,<=5s vs <=5s,1790
o4eIl462,57,1-0,White,<=5s vs 15-20s,1559
jo59ObzV,48,0-1,Black,<=5s vs 5-10s,840
L3jYtnFU,48,0-1,Black,<=5s vs 15-20s,1807
aqxRrLaX,84,0-1,Black,<=5s vs <=5s,1682
IrpHxeZn,116,0-1,Black,<=5s vs 5-10s,2633
7Lql8M4v,58,0-1,Black,<=5s vs <=5s,1530
nyUply8m,54,0-1,Black,<=5s vs 5-10s,1373
0qDLlSPc,80,0-1,Black,<=5s vs 5-10s,1860
aVFutFpc,114,0-1,Black,<=5s vs 5-10s,2553
DrqamFad,59,0-1,White,<=5s vs 15-20s,1519
TEpb4WxK,116,1-0,Black,<=5s vs <=5s,2367
1yCIrkpB,75,1-0,White,<=5s vs 15-20s,1821
2kg6boLF,77,1-0,White,<=5s vs 5-10s,1677
LlktITZv,103,1-0,White,<=5s vs 10-15s,2296
J1HKQbVc,71,0-1,White,<=5s vs 10-15s,1654
Jc4z202T,58,0-1,Black,<=5s vs <=5s,969
urc8slnh,77,1-0,White,<=5s vs 5-10s,1584
Uub5jGeM,108,1/2-1/2,Black,<=5s vs 5-10s,2443
wQJWRkQK,104,1-0,Black,<=5s vs 5-10s,2289
PLgbgdk3,49,1-0,White,<=5s vs 10-15s,1254
ObQmDEZ9,92,1-0,Black,<=5s vs 5-10s,1895
sLdGIq1z,113,1/2-1/2,White,<=5s vs 15-20s,1599
XfXWI0fN,64,1-0,Black,<=5s vs 15-20s,2190
xAvq1L41,109,0-1,White,<=5s vs <=5s,2275
L0yXaS19,88,0-1,Black,<=5s vs 10-15s,2138
bZEwCi39,63,0-1,White,<=5s vs 5-10s,1628
h8rYODCc,62,0-1,Black,<=5s vs 10-15s,2379
Qo2YtJoV,51,1-0,White,<=5s vs 15-20s,1385
PmFWTD76,58,1-0,Black,<=5s vs 15-20s,1493
1C2f4qOx,56,0-1,Black,<=5s vs 5-10s,1193
aTrHd4oe,57,1-0,White,<=5s vs 5-10s,1261
0ywRFby9,66,0-1,Black,<=5s vs 10-15s,1657
4YLJcGtt,69,1-0,White,<=5s vs 15-20s,2100
n82AAqw6,105,1-0,White,<=5s vs <=5s,1635
bbHucbEe,59,0-1,White,<=5s vs 5-10s,1632
AmDN4Wqp,58,0-1,Black,<=5s vs <=5s,1688
KAIlnrZd,120,0-1,Black,<=5s vs <=5s,2195
wNQsf2Wz,69,1-0,White,<=5s vs 10-15s,1829
U9qlTebP,60,0-1,Black,<=5s vs 10-15s,1503
sSGOvEJR,50,0-1,Black,<=5s vs 15-20s,1778
3ZRAsapX,72,0-1,Black,<=5s vs 5-10s,1707
21zsWpPy,96,1-0,Black,<=5s vs <=5s,1761
2enktegZ,105,1-0,White,<=5s vs 15-20s,1407
gtNVCYLA,96,0-1,Black,<=5s vs 10-15s,2258
xGdcCuJ0,49,1-0,White,<=5s vs 5-10s,1128
6ijOVbdO,103,1-0,White,<=5s vs <=5s,2453
TTb28crN,97,1-0,White,<=5s vs 10-15s,2660
S65OJzno,88,0-1,Black,<=5s vs 5-10s,2248
iZB4dFnX,66,0-1,Black,<=5s vs 5-10s,867
RDHT0AbM,66,0-1,Black,<=5s vs 10-15s,2401
PwlSS5SN,68,1-0,Black,<=5s vs 5-10s,1614
hSoRz702,70,0-1,Black,<=5s vs 15-20s,2182
Gm4bJXuJ,104,0-1,Black,<=5s vs 5-10s,1373
13qARMsr,51,1-0,White,<=5s vs <=5s,1572
aN6mg4UX,94,1-0,Black,<=5s vs <=5s,2206
Mzg1YfuE,145,1/2-1/2,White,<=5s vs 10-15s,1805
OZFK91Lw,117,1-0,White,<=5s vs 10-15s,2408
4b5rTucl,44,1-0,Black,<=5s vs 5-10s,825
WnAGsIvb,82,0-1,Black,<=5s vs 10-15s,2776
dHyKqFgW,88,0-1,Black,<=5s vs 10-15s,1237
obZcw5M1,52,0-1,Black,<=5s vs <=5s,1840
DLKWodLr,82,0-1,Black,<=5s vs 15-20s,2137
kuAjGc6u,51,1-0,White,<=5s vs 15-20s,960
SJQjsq3G,86,0-1,Black,<=5s vs 5-10s,2160
Y89DJSAj,41,1-0,White,<=5s vs 10-15s,1348
xPFjsq2a,63,1-0,White,<=5s vs 10-15s,2056
0ke8i3xH,74,0-1,Black,<=5s vs 5-10s,2266
ZILMpEXN,136,0-1,Black,<=5s vs <=5s,1880
4TJSsJTu,63,1-0,White,<=5s vs <=5s,1954
SH0ftHav,61,0-1,White,<=5s vs <=5s,1297
DfO0wtLD,76,0-1,Black,<=5s vs 10-15s,2361
wfMvK75r,110,1-0,Black,<=5s vs 5-10s,2425
SP2IGw3W,62,0-1,Black,<=5s vs 10-15s,1811
2ItGmI6Y,71,1-0,White,<=5s vs 10-15s,1652
HqA6hr8E,82,0-1,Black,<=5s vs 5-10s,2314
FcHw98bf,57,1-0,White,<=5s vs 5-10s,1766
jnj8sb2c,60,1-0,Black,<=5s vs 15-20s,1654
IC33M6Cr,57,1-0,White,<=5s vs 15-20s,1820
SqcdiyOh,98,0-1,Black,<=5s vs 15-20s,1984
FCNWEekZ,86,1-0,Black,<=5s vs 15-20s,2289
Gbz9N168,95,1-0,White,<=5s vs 10-15s,2438
W4AHU8mV,84,0-1,Black,<=5s vs 5-10s,1829
IWWf602O,112,0-1,Black,<=5s vs 5-10s,2706
vE8hfJiO,76,0-1,Black,<=5s vs <=5s,2159
2Vd6LB7A,104,0-1,Black,<=5s vs 5-10s,1954
6dNNvorb,115,1-0,White,<=5s vs 5-10s,2478
OSnrEmR1,55,1-0,White,<=5s vs 15-20s,1307
NXlG9O8c,79,1-0,White,<=5s vs 5-10s,2763
bpj6Ydiv,59,1-0,White,<=5s vs 10-15s,1430
mkhBFWTg,108,1-0,Black,<=5s vs 5-10s,2184
MXNiXvji,89,1-0,White,<=5s vs 5-10s,1614
fsmTXRtx,78,1-0,Black,<=5s vs 10-15s,2077
FOZ6i0N5,53,1-0,White,<=5s vs 15-20s,1330
9EjgT5P6,85,1-0,White,<=5s vs 10-15s,1854
8FUrUeKe,38,0-1,Black,<=5s vs 10-15s,1251
pxjXw5kg,58,0-1,Black,<=5s vs 10-15s,1242
TZdUPqPP,73,1-0,White,<=5s vs 5-10s,2231
2pMBn4Tf,90,1-0,Black,<=5s vs 5-10s,1996
QDfZEIm7,56,0-1,Black,<=5s vs 15-20s,2080
kilFIjPq,73,1-0,White,<=5s vs 5-10s,1590
NoilZMD6,65,1-0,White,<=5s vs 5-10s,1727
rb7AfSim,80,0-1,Black,<=5s vs 15-20s,2297
d1GEdHkA,110,0-1,Black,<=5s vs <=5s,1637
gxxZJxtT,99,1-0,White,<=5s vs 5-10s,2759
YjqrZqvl,60,0-1,Black,<=5s vs 10-15s,1381
GXQi2gkL,61,1-0,White,<=5s vs <=5s,1690
CYnS8Hao,70,0-1,Black,<=5s vs 5-10s,2082
T27qBnb6,88,0-1,Black,<=5s vs 10-15s,2261
IAbLBuQx,65,1-0,White,<=5s vs 15-20s,2051
ZuDLBVPv,53,1-0,White,<=5s vs 10-15s,1828
1o97yrQs,65,1-0,White,<=5s vs 10-15s,1773
LX87E5bg,59,0-1,White,<=5s vs 5-10s,1746
dwgreaQU,44,0-1,Black,<=5s vs 15-20s,1552
3UfRpYAV,78,1-0,Black,<=5s vs <=5s,2447
f9y7kJ6J,154,1-0,Black,<=5s vs <=5s,2501
sDEtWJw8,38,0-1,Black,<=5s vs 10-15s,946
5Jfsjg0O,55,1-0,White,<=5s vs 10-15s,1534
08nBWovI,56,0-1,Black,<=5s vs 5-10s,1165
wglQPnBX,81,1-0,White,<=5s vs 15-20s,2663
vL66PBFR,72,1-0,Black,<=5s vs <=5s,1483
4tyIgQWb,101,1-0,White,<=5s vs <=5s,2147
xp9dNb9a,80,0-1,Black,<=5s vs 5-10s,1693
Ww5wL55K,62,0-1,Black,<=5s vs 10-15s,1528
VzMN4dJm,70,0-1,Black,<=5s vs 10-15s,1672
JSodoAwy,120,1-0,Black,<=5s vs 10-15s,2295
QPSsMIlx,66,0-1,Black,<=5s vs 10-15s,2053
U6uFlo5Y,105,1-0,White,<=5s vs 15-20s,1790
Aw56IMsB,100,0-1,Black,<=5s vs 10-15s,1169
uT8i8fu5,65,1-0,White,<=5s vs 15-20s,1461
ZQ7WQZv2,86,0-1,Black,<=5s vs 5-10s,2082
3CybeqTY,143,1/2-1/2,White,<=5s vs 5-10s,2526
S1hxXu3l,94,1-0,Black,<=5s vs <=5s,2161
EkbKCcix,46,0-1,Black,<=5s vs 15-20s,886
2fljUgzR,67,1-0,White,<=5s vs 15-20s,1320
Ug1zPwmY,83,1/2-1/2,White,<=5s vs 5-10s,1869
oTXkYhXE,90,1-0,Black,<=5s vs 5-10s,2070
kEPg4j0I,60,1-0,Black,<=5s vs 5-10s,2133
9imMgUvi,47,0-1,White,<=5s vs 10-15s,1215
VvmyphTW,63,1-0,White,<=5s vs 15-20s,1965
9WMxOMoo,49,1-0,White,<=5s vs 10-15s,1690
5tO8tOES,77,1-0,White,<=5s vs 5-10s,1760
WQXHEgFo,94,1-0,Black,<=5s vs 5-10s,2167
5axRTGR0,67,1-0,White,<=5s vs 5-10s,1609
UTm9IOKk,76,0-1,Black,<=5s vs 5-10s,1595
Nik2TzUG,71,1-0,White,<=5s vs 5-10s,1933
Kyj0fpxY,77,1-0,White,<=5s vs 15-20s,1273
UXznP0le,79,1-0,White,<=5s vs 15-20s,2244
Z2ATmRW7,82,0-1,Black,<=5s vs 15-20s,1429
K2kHuVp8,56,0-1,Black,<=5s vs <=5s,1617
aaFS00Km,80,1-0,Black,<=5s vs <=5s,2155
7NxOcSVU,56,0-1,Black,<=5s vs 5-10s,1914
fLg7piGY,79,0-1,White,<=5s vs 5-10s,1844
2JuTlS8j,94,0-1,Black,<=5s vs 5-10s,2405
LeLJYxY7,43,1-0,White,<=5s vs 15-20s,799
ZINstut0,59,1-0,White,<=5s vs 15-20s,1372
aMBwfDMm,53,1-0,White,<=5s vs 10-15s,800
ofh1nSoX,99,1-0,White,<=5s vs 5-10s,2295
d8UZMfwC,126,0-1,Black,<=5s vs 15-20s,1798
SgaJdAgd,60,0-1,Black,<=5s vs 15-20s,2047
JZ01iuAp,67,1-0,White,<=5s vs 10-15s,1710
50dewIO2,82,0-1,Black,<=5s vs 5-10s,2062
xPuxJoMw,129,1/2-1/2,White,<=5s vs 5-10s,2259
QAQy8gY4,98,0-1,Black,<=5s vs 5-10s,2764
Zyx3lwZz,74,1-0,Black,<=5s vs <=5s,1787
A2sp52TG,61,1-0,White,<=5s vs 15-20s,1577
ImWJU2Gv,59,1-0,White,<=5s vs 10-15s,1377
DML4uyyT,70,0-1,Black,<=5s vs <=5s,1611
RafPHMLQ,59,1-0,White,<=5s vs 15-20s,1738
2JSiz8ya,102,0-1,Black,<=5s vs 10-15s,2445
KxTe2s95,66,1/2-1/2,Black,<=5s vs <=5s,1880
RdVeK3Kh,123,1-0,White,<=5s vs 15-20s,1797
0bBYq2pj,82,0-1,Black,<=5s vs 5-10s,2096
ZjUOr0v7,74,0-1,Black,<=5s vs 10-15s,1941
V74yrvIi,82,0-1,Black,<=5s vs 5-10s,2352
zmtyhmJ0,61,1-0,White,<=5s vs 5-10s,1387
QdSXTffw,79,0-1,White,<=5s vs 10-15s,1835
54dFMSy6,131,1-0,White,<=5s vs <=5s,2096
2OslKAci,88,0-1,Black,<=5s vs 10-15s,2136
sBCAAobi,69,1-0,White,<=5s vs 10-15s,1942
FrZSCxD3,92,0-1,Black,<=5s vs <=5s,2126
IGw8KgDX,49,1-0,White,<=5s vs 10-15s,1576
g0tukoct,68,0-1,Black,<=5s vs 15-20s,1703
3vuZSzuN,65,0-1,White,<=5s vs 5-10s,1318
nsFJ4H71,122,0-1,Black,<=5s vs <=5s,2483
6ARc6KRW,64,0-1,Black,<=5s vs 10-15s,2201
67hQPnZr,58,0-1,Black,<=5s vs 10-15s,1838
KT0kqHOB,88,1-0,Black,<=5s vs <=5s,2129
jUvn8QFu,78,1-0,Black,<=5s vs <=5s,2030
hs4RDGDe,80,0-1,Black,<=5s vs 10-15s,2162
g3zJAb3v,72,0-1,Black,<=5s vs 10-15s,1827
EgoRl0N9,119,1-0,White,<=5s vs <=5s,2145
9Bzh2T4G,81,0-1,White,<=5s vs <=5s,1291
d3w9owIa,53,1-0,White,<=5s vs 10-15s,895
Fc2xJckW,51,1-0,White,<=5s vs 15-20s,1142
oeDWWjQY,48,0-1,Black,<=5s vs 10-15s,1223
UvwEvIhQ,49,1-0,White,<=5s vs 15-20s,1117
9h9IrlSI,75,1-0,White,<=5s vs 10-15s,2109
5E9VMSUS,55,1-0,White,<=5s vs 15-20s,1797
07zz5Ek1,59,1-0,White,<=5s vs 10-15s,1976
VfBOBTpE,102,1/2-1/2,Black,<=5s vs 5-10s,2320
evhWzgo9,34,0-1,Black,<=5s vs 10-15s,766
ytsHehur,111,1-0,White,<=5s vs 15-20s,1997
fMWrJbuL,94,0-1,Black,<=5s vs 5-10s,2525
9cDPzTWX,101,1-0,White,<=5s vs 10-15s,1589
S8Cfja4J,76,1-0,Black,<=5s vs 5-10s,2092
943vDqKT,72,0-1,Black,<=5s vs 10-15s,1374
7nMiYoaK,62,0-1,Black,<=5s vs 15-20s,1203
CCoGMtOD,68,1/2-1/2,Black,<=5s vs 10-15s,1461
qLTs5ko4,64,0-1,Black,<=5s vs 15-20s,1091
w1YWR2RM,86,0-1,Black,<=5s vs 15-20s,2317
jDBQSeXI,68,1-0,Black,<=5s vs 5-10s,2152
Q55u2oaz,59,1-0,White,<=5s vs 10-15s,2376
C5gDS4nT,68,0-1,Black,<=5s vs <=5s,1306
kZi8xA9l,73,0-1,White,<=5s vs <=5s,1727
kB8bYPQO,60,0-1,Black,<=5s vs 10-15s,2285
yBi7zsql,87,1-0,White,<=5s vs 5-10s,2651
1DSw7WwM,107,1-0,White,<=5s vs <=5s,1753
CZGjduIE,63,1-0,White,<=5s vs <=5s,1049
up6eTU1y,45,1-0,White,<=5s vs 10-15s,1298
Ao1c8SwQ,71,1-0,White,<=5s vs <=5s,1761
UGzBzWbM,78,1-0,Black,<=5s vs <=5s,2054
WAMihURA,66,0-1,Black,<=5s vs 10-15s,1907
iSde1ozu,55,1-0,White,<=5s vs 15-20s,1597
EqnMxeh0,103,1-0,White,<=5s vs 10-15s,2865
bxdpAQsb,97,0-1,White,<=5s vs <=5s,2025
CNqq3WIC,80,1/2-1/2,Black,<=5s vs 15-20s,1667
4R1ipkYI,74,0-1,Black,<=5s vs 5-10s,2242
w5TCAU1b,84,0-1,Black,<=5s vs 15-20s,1047
3DrJGtcA,72,1-0,Black,<=5s vs <=5s,1306
IFB6p0bs,36,0-1,Black,<=5s vs <=5s,729
u3t6DfOP,72,0-1,Black,<=5s vs 10-15s,1094
bTp6lkOM,79,1-0,White,<=5s vs 5-10s,2224
QM1Eax8o,98,1-0,Black,<=5s vs <=5s,2109
yFfTYqL2,53,1-0,White,<=5s vs 15-20s,1235
ULqdoHK3,43,1-0,White,<=5s vs 15-20s,1453
TOO9jlzE,59,1-0,White,<=5s vs 15-20s,2516
BXynMTXE,46,0-1,Black,<=5s vs 15-20s,1353
XK738DNS,75,1-0,White,<=5s vs 5-10s,1949
O8AE0Sn4,57,1-0,White,<=5s vs <=5s,1202
T1ZfKyBm,75,1-0,White,<=5s vs <=5s,1209
t4Esr5az,42,0-1,Black,<=5s vs 5-10s,975
yAKQANQV,51,1-0,White,<=5s vs 10-15s,1286
tHlxG7PD,60,0-1,Black,<=5s vs 15-20s,1191
hb1O1fRU,68,0-1,Black,<=5s vs 15-20s,1904
Grs23ZFG,64,1-0,Black,<=5s vs 5-10s,1249
xPyX1oPV,91,1-0,White,<=5s vs 15-20s,2376
aFzVDVVD,64,0-1,Black,<=5s vs 5-10s,2249
YEzQeI63,114,0-1,Black,<=5s vs 5-10s,2222
c9joJ436,59,1-0,White,<=5s vs 10-15s,2063
BBBMyAHN,113,0-1,White,<=5s vs 5-10s,1616
FHTQPMpZ,62,1-0,Black,<=5s vs <=5s,1123
wCOSGIx2,90,1-0,Black,<=5s vs 10-15s,2496
yxwvdcIG,52,0-1,Black,<=5s vs 10-15s,1466
QY88GuMj,73,1-0,White,<=5s vs 5-10s,1981
0vR13oAz,63,1-0,White,<=5s vs <=5s,2059
HwJzd0Ub,51,1-0,White,<=5s vs 10-15s,1572
TPWdbHOY,65,1-0,White,<=5s vs 5-10s,1713
kyyoTk0D,55,1-0,White,<=5s vs 5-10s,1360
OALaszua,58,0-1,Black,<=5s vs 15-20s,1995
gApYY9Dq,57,0-1,White,<=5s vs 10-15s,1180
KAZ4QhBc,89,1/2-1/2,White,<=5s vs 10-15s,1998
z0D2UlRT,75,1-0,White,<=5s vs 5-10s,1811
1qlU8DK9,80,0-1,Black,<=5s vs 15-20s,1844
OwJsKNGM,76,0-1,Black,<=5s vs 15-20s,2402
wzaTkDsj,73,1-0,White,<=5s vs 15-20s,1829
Ue0qnhPY,66,0-1,Black,<=5s vs 5-10s,2326
ovHdf0gj,54,0-1,Black,<=5s vs <=5s,856
L0hI3oVY,61,1-0,White,<=5s vs <=5s,2009
I7rNJipG,64,0-1,Black,<=5s vs 5-10s,2391
3dlHI5qv,68,1-0,Black,<=5s vs <=5s,1956
TCzYx81w,71,0-1,White,<=5s vs 5-10s,1918
y4sf8yRV,72,0-1,Black,<=5s vs 5-10s,2122
oSKuQW8O,120,0-1,Black,<=5s vs 5-10s,2323
SLtxieSs,61,1-0,White,<=5s vs 15-20s,2472
HIqNovFx,121,1-0,White,<=5s vs 5-10s,2502
DXrCdJzS,68,1-0,Black,<=5s vs <=5s,1827
7VTlUXFm,56,0-1,Black,<=5s vs 15-20s,1824
bBLPAdXR,74,0-1,Black,<=5s vs 5-10s,1829
4yYBvzoQ,74,0-1,Black,<=5s vs 10-15s,1500
Dxg6nWIb,118,1-0,Black,<=5s vs 5-10s,2557
gn0W8LXR,79,1-0,White,<=5s vs <=5s,1936
vSDbO3JL,53,1-0,White,<=5s vs 15-20s,902
VbubGIhf,60,0-1,Black,<=5s vs <=5s,1590
v8PSAZpr,43,1-0,White,<=5s vs 15-20s,1346
MOKEdh6y,65,1-0,White,<=5s vs 10-15s,1576
wSLSFZiZ,73,1-0,White,<=5s vs 10-15s,1730
Uny3UAHY,76,0-1,Black,<=5s vs 5-10s,2167
uVHTKWWI,49,0-1,White,<=5s vs 5-10s,1632
wM68jik2,51,1-0,White,<=5s vs 5-10s,847
9HNJCKcj,68,0-1,Black,<=5s vs 5-10s,1190
oyjhEJOo,62,0-1,Black,<=5s vs 15-20s,2319
j2hvymG1,54,0-1,Black,<=5s vs 15-20s,2124
oaaQDLxe,92,0-1,Black,<=5s vs 5-10s,2745
hr2ZIc9X,52,1-0,Black,<=5s vs 10-15s,1392
u8t3Tck1,59,1-0,White,<=5s vs 10-15s,2045
TQkTm61x,87,0-1,White,<=5s vs <=5s,2444
QSVU1ktx,47,0-1,White,<=5s vs 10-15s,979
uXpOlpZ4,57,1-0,White,<=5s vs 5-10s,881
P0xoPyb2,80,0-1,Black,<=5s vs 10-15s,2032
mdTfsgP6,49,1-0,White,<=5s vs <=5s,1097
KkyNpVeE,47,1-0,White,<=5s vs 10-15s,786
W8H56JBs,65,0-1,White,<=5s vs 5-10s,1885
SvUNZzmd,66,0-1,Black,<=5s vs <=5s,2117
OmaDvrz4,69,1-0,White,<=5s vs <=5s,2492
W5j4L6N0,68,0-1,Black,<=5s vs 5-10s,1124
EnwLh5jh,87,1-0,White,<=5s vs 5-10s,2292
bla2eSt4,80,0-1,Black,<=5s vs <=5s,1494
6lYXQbc8,115,1-0,White,<=5s vs 10-15s,1954
kxuh8CbL,94,0-1,Black,<=5s vs 15-20s,2400
f1Nii2Vl,84,0-1,Black,<=5s vs 10-15s,2300
RSx09QnR,82,0-1,Black,<=5s vs 10-15s,1875
Uk8mvYNE,53,1-0,White,<=5s vs 15-20s,1939
5qrgbonv,59,1-0,White,<=5s vs 5-10s,1545
cZlhxBRM,64,0-1,Black,<=5s vs 5-10s,977
0bdlJnnJ,93,0-1,White,<=5s vs 5-10s,1997
GGuJ9D8e,100,0-1,Black,<=5s vs 10-15s,2827
WeoOCusH,37,1-0,White,<=5s vs 10-15s,976
W1YWJhWu,97,1-0,White,<=5s vs 5-10s,2781
mkUGez67,85,1-0,White,<=5s vs 5-10s,1895
fK7tmvmX,44,1-0,Black,<=5s vs 5-10s,1059
X9ea16Vs,63,0-1,White,<=5s vs <=5s,1794
AgJOz7H0,95,1-0,White,<=5s vs 15-20s,1991
cOywBrf3,105,1-0,White,<=5s vs 5-10s,1928
vZhG3JI2,113,1-0,White,<=5s vs <=5s,2285
0nfaEt4E,68,0-1,Black,<=5s vs 5-10s,2246
ON5PmZ59,65,1-0,White,<=5s vs 5-10s,1963
2wipBH4Y,73,1-0,White,<=5s vs <=5s,2034
20N2Fksr,97,1/2-1/2,White,<=5s vs 5-10s,2508
FdiG0MPT,55,1-0,White,<=5s vs 10-15s,2245
niSEcUwm,137,1-0,White,<=5s vs 5-10s,1592
bV32CNTe,71,1-0,White,<=5s vs 5-10s,1731
axhi970X,86,0-1,Black,<=5s vs 5-10s,1755
QBLOy6xz,84,0-1,Black,<=5s vs 10-15s,2054
6lcWMtaF,56,1-0,Black,<=5s vs 5-10s,1476
3RVFV1Ho,78,1-0,Black,<=5s vs 5-10s,2241
QlrlbUuL,82,0-1,Black,<=5s vs 5-10s,1949
0YFWUtyC,73,0-1,White,<=5s vs 5-10s,2191
lDcFhmYR,62,0-1,Black,<=5s vs 5-10s,2033
0UfTbthz,49,1-0,White,<=5s vs 15-20s,1319
HdYxc9OY,111,1-0,White,<=5s vs 5-10s,1896
lgFdPNI3,53,0-1,White,<=5s vs 5-10s,1739
LAGa2525,47,1-0,White,<=5s vs 15-20s,1083
0UwH6XCt,73,0-1,White,<=5s vs 15-20s,2254
i3EMbYba,69,1-0,White,<=5s vs 5-10s,1742
Qs1JxWyn,46,0-1,Black,<=5s vs 5-10s,1502
FrWhdIzD,61,1-0,White,<=5s vs 5-10s,2192
8of2wfwy,55,0-1,White,<=5s vs 5-10s,1690
2XtWUdQG,52,0-1,Black,<=5s vs 15-20s,1106
r6Us2LHN,75,1-0,White,<=5s vs <=5s,1253
fyZdjY0a,76,0-1,Black,<=5s vs 15-20s,1892
r4kPrYWd,83,0-1,White,<=5s vs <=5s,1999
3dAeFejg,87,0-1,White,<=5s vs <=5s,1929
lglsETz3,86,0-1,Black,<=5s vs 5-10s,2081
nx3enJtG,50,0-1,Black,<=5s vs 5-10s,1598
4DTDv8PT,111,1-0,White,<=5s vs 10-15s,1850
D8ZYAXR6,87,1/2-1/2,White,<=5s vs 15-20s,1857
T9dIYu6Q,73,1-0,White,<=5s vs 5-10s,2307
2O6UL7Mm,131,1-0,White,<=5s vs 10-15s,2236
1jHUDOdj,93,1-0,White,<=5s vs 10-15s,1196
WrDfgW1C,98,0-1,Black,<=5s vs 5-10s,2012
l9M0QhpT,155,1/2-1/2,White,<=5s vs 10-15s,2180
QaJ2p3NH,106,0-1,Black,<=5s vs 5-10s,2426
ULViIdz9,81,1-0,White,<=5s vs 15-20s,1881
PQSujpJ7,76,0-1,Black,<=5s vs 15-20s,1696
FnD92icc,63,1-0,White,<=5s vs 10-15s,989
4V9NTfJR,76,1-0,Black,<=5s vs <=5s,2481
iuu6ieGt,74,0-1,Black,<=5s vs 10-15s,2081
idLMbYrY,98,0-1,Black,<=5s vs 15-20s,2414
ecK0SLVA,90,0-1,Black,<=5s vs 10-15s,2224
PoH19UzB,45,0-1,White,<=5s vs 5-10s,795
312B3xn7,117,1-0,White,<=5s vs 10-15s,1829
VccjTdQv,70,0-1,Black,<=5s vs 5-10s,1091
HfeREHRo,78,0-1,Black,<=5s vs 5-10s,1611
kmmI3c5c,85,1-0,White,<=5s vs 5-10s,2504
snhfhYOu,101,1-0,White,<=5s vs 10-15s,2432
NAA5vxwM,77,1-0,White,<=5s vs 10-15s,2259
dSNMTKHK,76,0-1,Black,<=5s vs 5-10s,2295
1m7gjpM2,68,0-1,Black,<=5s vs 10-15s,1178
CRka1nFq,77,1-0,White,<=5s vs 5-10s,1862
ZzllaRVE,61,1-0,White,<=5s vs 15-20s,1996
bZInZjei,75,1-0,White,<=5s vs 15-20s,1921
IPyFujlK,53,1-0,White,<=5s vs <=5s,1262
vMQd1Nxb,53,1-0,White,<=5s vs 15-20s,1501
cWZbWzKp,82,0-1,Black,<=5s vs 5-10s,1887
QHXjxzeH,56,1-0,Black,<=5s vs <=5s,1137
dJ7LnGDo,47,1-0,White,<=5s vs 15-20s,1020
BbzyUSMt,66,0-1,Black,<=5s vs 10-15s,960
pG0pQyTp,44,0-1,Black,<=5s vs 5-10s,1098
GLeLPkn2,82,0-1,Black,<=5s vs 5-10s,2622
C1PCdHvt,76,1-0,Black,<=5s vs <=5s,1821
Md9nOrLi,78,0-1,Black,<=5s vs 10-15s,1539
INWs00HK,60,0-1,Black,<=5s vs 15-20s,2237
gZxLf53H,69,1-0,White,<=5s vs 15-20s,2290
CkWgYm3v,63,1-0,White,<=5s vs 5-10s,1245
UT6JdmVB,87,1-0,White,<=5s vs 10-15s,1576
UdDwVFJn,50,0-1,Black,<=5s vs 10-15s,1198
58ShbAfF,58,0-1,Black,<=5s vs 10-15s,2130
fGk9cDHb,77,1-0,White,<=5s vs 15-20s,1721
F404rsm2,79,1-0,White,<=5s vs 10-15s,2151
pXQi26kS,51,1-0,White,<=5s vs 10-15s,1500
10EvvnwS,53,1-0,White,<=5s vs 15-20s,1894
lR0LEWh0,79,1-0,White,<=5s vs 10-15s,2072
agRBq2wX,67,1-0,White,<=5s vs <=5s,1577
1SXpNfOP,75,1-0,White,<=5s vs 15-20s,2376
4nrdLvLI,89,0-1,White,<=5s vs 5-10s,2002
7gZHQylN,57,1-0,White,<=5s vs 10-15s,2607
APsV6rx7,104,0-1,Black,<=5s vs 15-20s,1827
AVOlRVIV,67,1-0,White,<=5s vs 15-20s,2395
dqQnr5BC,72,0-1,Black,<=5s vs 10-15s,2042
AnbZBwMH,98,1/2-1/2,Black,<=5s vs <=5s,2439
dATBLfju,36,0-1,Black,<=5s vs 5-10s,696
5JlFnbGO,101,0-1,White,<=5s vs 5-10s,2394
C6CI7CKJ,55,1-0,White,<=5s vs 10-15s,1038
NIH04GQf,84,0-1,Black,<=5s vs <=5s,1297
8S6Y7aqu,74,1-0,Black,<=5s vs <=5s,2820
NvyCnt7E,95,1-0,White,<=5s vs 5-10s,1801
XG7AyKCg,59,1-0,White,<=5s vs 15-20s,1529
p7iL0q1C,73,1-0,White,<=5s vs <=5s,1917
O1ypPnjW,37,1-0,White,<=5s vs 15-20s,1027
BzmYvmmy,75,0-1,White,<=5s vs 5-10s,2297
5ORYnOqG,52,0-1,Black,<=5s vs 10-15s,669
o2CeE9QV,45,1-0,White,<=5s vs 15-20s,1253
RL5TQuok,153,0-1,White,<=5s vs 5-10s,2237
wekHMMHC,38,0-1,Black,<=5s vs 10-15s,1140
ERJT7VHe,70,0-1,Black,<=5s vs 10-15s,1650
4GMT0uMp,63,1-0,White,<=5s vs 15-20s,1337
Yxffwda1,59,1-0,White,<=5s vs 10-15s,1494
kjP2LYpM,81,0-1,White,<=5s vs 5-10s,2504
TLZ8OTRQ,69,1-0,White,<=5s vs 10-15s,1656
vrVEJlA9,153,1/2-1/2,White,<=5s vs 5-10s,1980
2c4yTeoC,66,0-1,Black,<=5s vs 10-15s,1279
dGhPeX4w,95,1-0,White,<=5s vs 5-10s,1997
ODblrOo1,105,0-1,White,<=5s vs <=5s,2407
5tQ9cZOY,65,1-0,White,<=5s vs 5-10s,1840
DPr61AQB,72,0-1,Black,<=5s vs 5-10s,1614
wl61OVNu,134,1-0,Black,<=5s vs 15-20s,2034
TS41CnIL,78,0-1,Black,<=5s vs 5-10s,1911
t4ATKDgT,66,0-1,Black,<=5s vs 5-10s,1519
UNV2O6OJ,65,0-1,White,<=5s vs 5-10s,1679
Mp1BJyT0,72,0-1,Black,<=5s vs 5-10s,2009
3cQQesvZ,96,1/2-1/2,Black,<=5s vs 5-10s,2109
zIKCMwz4,53,1-0,White,<=5s vs 15-20s,1559
4RaVkIF1,64,1-0,Black,<=5s vs <=5s,2158
kloKD1H4,121,1-0,White,<=5s vs 15-20s,2547
wgAuTFjA,72,0-1,Black,<=5s vs 5-10s,1249
yomaISAL,67,0-1,White,<=5s vs 5-10s,1105
eqVD6qzs,59,1-0,White,<=5s vs 10-15s,1042
x3Avet5g,56,1-0,Black,<=5s vs <=5s,1139
5s8pQqNi,81,1-0,White,<=5s vs <=5s,2483
NQBRJ0oZ,80,0-1,Black,<=5s vs 5-10s,2306
7ti0VUYv,107,1-0,White,<=5s vs <=5s,2623
2C8AhstB,91,1-0,White,<=5s vs 10-15s,2570
92qwox3S,131,0-1,White,<=5s vs <=5s,2378
WsbHC7er,53,0-1,White,<=5s vs 15-20s,1317
0MRCoHjF,124,0-1,Black,<=5s vs <=5s,2435
3Yd7AI7z,87,0-1,White,<=5s vs 5-10s,2270
GGJqwXUk,67,0-1,White,<=5s vs <=5s,2472
4j8r19qV,115,1-0,White,<=5s vs 5-10s,1835
ntG48VJg,97,1-0,White,<=5s vs 10-15s,2193
L3DJpZCy,122,1-0,Black,<=5s vs <=5s,2408
jB5EfM5j,73,1-0,White,<=5s vs 5-10s,1547
1gq48FTE,62,0-1,Black,<=5s vs 15-20s,1296
GbjmoEZY,100,1-0,Black,<=5s vs <=5s,1788
osoSYVJz,88,0-1,Black,<=5s vs 10-15s,1559
YRc8YTV9,86,0-1,Black,<=5s vs 15-20s,1556
Is20zBKr,52,0-1,Black,<=5s vs 5-10s,1306
0sw9Avrd,50,0-1,Black,<=5s vs 10-15s,1873
1Qax9ZVO,82,0-1,Black,<=5s vs <=5s,1879
mfIhQjbJ,88,1-0,Black,<=5s vs <=5s,2381
uzuGLsHO,61,1-0,White,<=5s vs 10-15s,1736
GvFcEIdv,73,0-1,White,<=5s vs <=5s,1838
JOe3NoE7,53,1-0,White,<=5s vs 5-10s,1731
iHQF8JIt,91,1-0,White,<=5s vs 10-15s,1962
lvtUQONV,69,1-0,White,<=5s vs 5-10s,2253
w4YeYEE8,52,0-1,Black,<=5s vs 15-20s,1378
6Nl5rc5M,43,1-0,White,<=5s vs 10-15s,1876
yaC6QJDz,60,1-0,Black,<=5s vs <=5s,1960
TC6yR6KY,99,1-0,White,<=5s vs 5-10s,2862
xhiJkllN,75,1-0,White,<=5s vs 5-10s,2337
KwM1riPu,74,0-1,Black,<=5s vs 5-10s,1610
rTBosGfA,79,1-0,White,<=5s vs 5-10s,1844
QusB3dHh,75,1-0,White,<=5s vs 15-20s,1786
7yK7Rd6R,75,1-0,White,<=5s vs 5-10s,2402
ZAesEHrx,93,1-0,White,<=5s vs 5-10s,1496
16gMpH2L,115,1-0,White,<=5s vs 15-20s,2532
Sc0wl8uG,64,0-1,Black,<=5s vs 15-20s,2114
rCWynaSz,67,1-0,White,<=5s vs 10-15s,1882
0LFXpkTW,108,0-1,Black,<=5s vs 15-20s,2473
iQxnZK6u,67,1-0,White,<=5s vs 10-15s,1928
nqsoGqaV,51,0-1,White,<=5s vs 15-20s,1313
IqQtiyJa,44,0-1,Black,<=5s vs 10-15s,845
w9lsWJbY,66,0-1,Black,<=5s vs 10-15s,1371
97QSAixS,104,0-1,Black,<=5s vs 5-10s,2268
rZSTTZUz,87,1-0,White,<=5s vs 15-20s,1078
6u80nSfO,69,0-1,White,<=5s vs <=5s,2114
XfWt9VNr,71,1-0,White,<=5s vs 10-15s,1195
KRtIGRzT,49,0-1,White,<=5s vs <=5s,1556
6pDUQKx6,88,1-0,Black,<=5s vs 5-10s,2773
LQWgSXs7,67,0-1,White,<=5s vs <=5s,1331
glyQae2P,51,1-0,White,<=5s vs 5-10s,954
9sAAhfsQ,41,1-0,White,<=5s vs 10-15s,1381
Eh9htxaW,94,0-1,Black,<=5s vs <=5s,1852
r6308f8h,68,0-1,Black,<=5s vs 5-10s,1416
z3Vy4qtB,57,1-0,White,<=5s vs 10-15s,1248
8Hm04Yce,47,1-0,White,<=5s vs 5-10s,1755
KZ4zQWtt,58,0-1,Black,<=5s vs 5-10s,1709
QQbjoP4D,83,1-0,White,<=5s vs 15-20s,1706
uI9srkV6,48,0-1,Black,<=5s vs 5-10s,1162
S5E9bBSm,111,1-0,White,<=5s vs 5-10s,2545
e1f8jcFH,71,1-0,White,<=5s vs 5-10s,2252
CzLRuspT,86,1-0,Black,<=5s vs <=5s,2072
amvlmAMq,65,1-0,White,<=5s vs 5-10s,1559
9D0KLbMf,39,1-0,White,<=5s vs 15-20s,1112
GEu3oIEJ,86,0-1,Black,<=5s vs 5-10s,2014
SQC6lHAm,74,0-1,Black,<=5s vs 5-10s,1858
zS1ATBhE,115,0-1,White,<=5s vs 5-10s,2865
35y22w47,58,0-1,Black,<=5s vs <=5s,1067
0cWJdnjL,131,0-1,White,<=5s vs 5-10s,2683
IIF1tZnD,95,0-1,White,<=5s vs <=5s,1975
FnbrlFvn,62,0-1,Black,<=5s vs 15-20s,1521
jhHd4G8g,70,0-1,Black,<=5s vs 15-20s,1917
q3SM2fZf,59,0-1,White,<=5s vs 5-10s,1356
40xmL9cr,51,1-0,White,<=5s vs 5-10s,1375
0PCo2FN2,64,1-0,Black,<=5s vs <=5s,1767
uaqViaFX,52,0-1,Black,<=5s vs 15-20s,2280
mGRbRpjH,82,0-1,Black,<=5s vs 5-10s,2213
EsBFgSor,75,1-0,White,<=5s vs 15-20s,1394
uMS298mA,62,0-1,Black,<=5s vs 15-20s,1628
QSlPaiEN,63,1-0,White,<=5s vs 10-15s,1945
WxO6jXiN,115,0-1,White,<=5s vs <=5s,1719
iOknjhT6,80,0-1,Black,<=5s vs <=5s,2174
X9hjkLnf,54,0-1,Black,<=5s vs 10-15s,2017
Jqc46LxK,62,0-1,Black,<=5s vs 15-20s,1838
GuHwdRSA,47,1-0,White,<=5s vs 15-20s,1487
CWm3AmDO,82,0-1,Black,<=5s vs <=5s,2210
fp1mkEZZ,94,0-1,Black,<=5s vs 5-10s,2037
NDYxar1T,80,1-0,Black,<=5s vs <=5s,2436
q9ADtYAg,120,0-1,Black,<=5s vs 15-20s,2306
OwsFDdBc,92,0-1,Black,<=5s vs 10-15s,1413
aeFIM7Vn,54,0-1,Black,<=5s vs 15-20s,2241
vLfkrAdf,69,1-0,White,<=5s vs 5-10s,1871
IuGPc6Xn,102,0-1,Black,<=5s vs 10-15s,2394
MGzm2frJ,68,0-1,Black,<=5s vs <=5s,1613
hc5XN9jO,69,1-0,White,<=5s vs 5-10s,2101
64XdWCAC,83,0-1,White,<=5s vs <=5s,2014
WHQYwqlQ,80,0-1,Black,<=5s vs 10-15s,1450
LgxGj1ow,51,1-0,White,<=5s vs 15-20s,1340
HJfWs6Du,63,1-0,White,<=5s vs 15-20s,2515
S5M3HZ0f,62,0-1,Black,<=5s vs 10-15s,1960
EJhhJXHS,59,1-0,White,<=5s vs 10-15s,1292
L8igrqDy,69,1-0,White,<=5s vs 5-10s,817
6thKDUrT,59,0-1,White,<=5s vs 5-10s,1101
k2f0qCwI,47,1-0,White,<=5s vs 15-20s,826
oLCaxhfB,77,1-0,White,<=5s vs 5-10s,1656
Ehx3XF4q,48,0-1,Black,<=5s vs 10-15s,948
ujVWRs8v,97,0-1,White,<=5s vs 15-20s,2259
Y5paZxH4,65,1-0,White,<=5s vs 5-10s,1638
0lK5UGjj,120,0-1,Black,<=5s vs 15-20s,2255
dRSVCeQj,50,0-1,Black,<=5s vs 10-15s,1835
xynznmpI,66,0-1,Black,<=5s vs 15-20s,1215
gFbfSPha,58,0-1,Black,<=5s vs 15-20s,1151
BTn22QNN,75,1-0,White,<=5s vs 5-10s,2229
TbfTvZCy,88,1/2-1/2,Black,<=5s vs <=5s,1086
tCGOAfoF,69,1-0,White,<=5s vs 15-20s,2071
LH9rwzJv,79,1-0,White,<=5s vs 5-10s,1488
SM4XJUst,71,1-0,White,<=5s vs 10-15s,2565
kerhxiQz,70,0-1,Black,<=5s vs 5-10s,2029
85OKnqto,60,0-1,Black,<=5s vs 5-10s,1367
ipDfVkJU,94,0-1,Black,<=5s vs 5-10s,2292
1K1bZfVF,110,0-1,Black,<=5s vs 10-15s,2365
TXIa1Vvo,89,0-1,White,<=5s vs 5-10s,2002
GcwF6CIP,63,1-0,White,<=5s vs 5-10s,1870
pyBJ6vQ5,61,0-1,White,<=5s vs <=5s,1830
u6WWXp1G,51,1-0,White,<=5s vs 10-15s,1452
1Nq2AoOH,63,1-0,White,<=5s vs 5-10s,1638
gJN8Ximd,90,0-1,Black,<=5s vs 15-20s,2108
e5tYxhyw,53,1-0,White,<=5s vs 15-20s,1734
MZmh8j26,80,0-1,Black,<=5s vs 5-10s,2460
WcjyYB3v,73,1/2-1/2,White,<=5s vs 15-20s,2662
M5q3Ga3x,69,1-0,White,<=5s vs 15-20s,2077
jO3bESL8,64,0-1,Black,<=5s vs <=5s,2258
DyrBGVk8,66,0-1,Black,<=5s vs 15-20s,1735
MMbyRWZY,56,0-1,Black,<=5s vs 15-20s,1732
1W6OrlEm,135,0-1,White,<=5s vs <=5s,2240
hes0dZqn,123,1/2-1/2,White,<=5s vs 15-20s,1972
ShnW3QDq,58,0-1,Black,<=5s vs 5-10s,1971
5NLL3vyj,66,1-0,Black,<=5s vs 10-15s,2252
whS8KPWk,38,0-1,Black,<=5s vs 10-15s,962
hi3EL4b9,65,1-0,White,<=5s vs 10-15s,2127
Mbbz6E9F,79,1-0,White,<=5s vs 10-15s,2350
qGS85VZs,85,1/2-1/2,White,<=5s vs 10-15s,1547
oTcrH5VT,71,0-1,White,<=5s vs 10-15s,2151
zcGl1t2V,54,0-1,Black,<=5s vs 15-20s,2585
VVBdOn6A,73,1-0,White,<=5s vs 15-20s,1973
EWjeQbJf,86,0-1,Black,<=5s vs 5-10s,2126
8wIL7XJS,82,0-1,Black,<=5s vs 5-10s,2110
46kMBAiv,83,1-0,White,<=5s vs 15-20s,2101
xWVBpZK1,64,0-1,Black,<=5s vs <=5s,1832
0ZKkYINj,131,1/2-1/2,White,<=5s vs 5-10s,2744
Qsm25Yzb,57,1-0,White,<=5s vs 15-20s,1541
KHxbspD2,80,0-1,Black,<=5s vs 5-10s,2404
kILapYD8,102,1-0,Black,<=5s vs 5-10s,2471
oAPyI74V,96,1-0,Black,<=5s vs <=5s,2199
qzpUOusl,41,1-0,White,<=5s vs 15-20s,1272
TdqzcED1,55,1-0,White,<=5s vs 15-20s,1432
ZNmpbere,139,1-0,White,<=5s vs 10-15s,1824
dpawrXGT,53,1-0,White,<=5s vs <=5s,722
AlzRuaNI,62,0-1,Black,<=5s vs 10-15s,1646
Yw60MXdE,78,0-1,Black,<=5s vs 10-15s,2403
AMEAB2nr,51,1-0,White,<=5s vs 15-20s,1613
V7g7JZu9,54,0-1,Black,<=5s vs 10-15s,1559
7HD954Cg,94,0-1,Black,<=5s vs 10-15s,1781
d0Ya5uVE,50,1-0,Black,<=5s vs <=5s,1185
Vj8NK2ZE,65,1-0,White,<=5s vs 5-10s,2135
F7AoFY4e,68,0-1,Black,<=5s vs 10-15s,2535
TSlCzeLQ,75,1-0,White,<=5s vs 15-20s,1764
30NLB5zG,97,0-1,White,<=5s vs 5-10s,2661
pHOihvER,71,1-0,White,<=5s vs 15-20s,1684
5RNXoMDE,99,1-0,White,<=5s vs <=5s,1897
BEcsT4US,56,0-1,Black,<=5s vs 10-15s,1414
ANhxow0J,64,0-1,Black,<=5s vs 10-15s,1825
3xczpSWm,81,1-0,White,<=5s vs 5-10s,2126
qAxxmZWG,112,1/2-1/2,Black,<=5s vs 15-20s,2091
dOMolqux,118,1/2-1/2,Black,<=5s vs 15-20s,1417
6Ne1tUKt,70,0-1,Black,<=5s vs 5-10s,1185
1VZPQwGv,72,0-1,Black,<=5s vs 10-15s,2012
hcrqWXsl,49,1-0,White,<=5s vs <=5s,861
kQuJAyYY,62,1-0,Black,<=5s vs <=5s,1589
Sd81ZwzR,46,0-1,Black,<=5s vs 15-20s,920
2qpCH7q1,77,1-0,White,<=5s vs 10-15s,2597
FF5qgx2g,56,0-1,Black,<=5s vs 15-20s,1552
T8N9oKyJ,80,0-1,Black,<=5s vs 15-20s,1745
kvAaX6SC,60,0-1,Black,<=5s vs 15-20s,1087
6t2Cv5oD,48,1-0,Black,<=5s vs <=5s,1406
lPkbyfZe,39,1-0,White,<=5s vs 5-10s,854
iDRtjprW,95,1-0,White,<=5s vs 15-20s,2028
QjHKklwF,98,0-1,Black,<=5s vs 5-10s,2605
OrBRO4Rh,101,1-0,White,<=5s vs 10-15s,2014
5Xhuh0DX,72,1-0,Black,<=5s vs <=5s,2206
B7PyKg8f,81,0-1,White,<=5s vs <=5s,1938
hnNAtKi5,97,1/2-1/2,White,<=5s vs 10-15s,1895
YudnUyGh,50,0-1,Black,<=5s vs 15-20s,1329
aNJRdAWT,94,0-1,Black,<=5s vs 15-20s,1738
aiuTiR6y,94,0-1,Black,<=5s vs 5-10s,1999
PEeagIaQ,88,1-0,Black,<=5s vs 15-20s,2500
6aHqFZ31,89,1-0,White,<=5s vs 5-10s,2505
OuWqUCwc,54,0-1,Black,<=5s vs <=5s,1792
sa2mJUV2,108,0-1,Black,<=5s vs 5-10s,1769
wmNQp3r3,66,0-1,Black,<=5s vs 5-10s,2530
fC5PqmPW,100,1/2-1/2,Black,<=5s vs 15-20s,2591
jbGsTNv7,65,1-0,White,<=5s vs 10-15s,1475
1ooV22aS,53,1-0,White,<=5s vs 5-10s,1141
irnBpYOo,32,0-1,Black,<=5s vs 10-15s,827
uUrIGPkE,48,0-1,Black,<=5s vs 15-20s,1011
wu4hqK86,144,0-1,Black,<=5s vs 15-20s,1134
hd2FNBWa,60,0-1,Black,<=5s vs 10-15s,1340
hR2zzAsI,66,0-1,Black,<=5s vs 15-20s,1940
Y3OGfA0v,70,1-0,Black,<=5s vs <=5s,2374
9EYlLNnx,77,1-0,White,<=5s vs 10-15s,1338
Kl9tieoH,66,0-1,Black,<=5s vs 10-15s,1414
Ok9rDntR,41,1-0,White,<=5s vs 15-20s,1722
YfmF5LXM,88,0-1,Black,<=5s vs 10-15s,2154
k2VDrhn5,93,1-0,White,<=5s vs 15-20s,2468
HHSn8dw7,40,0-1,Black,<=5s vs 15-20s,1052
6SWQ4Kdc,63,1-0,White,<=5s vs <=5s,1480
PqeHStYQ,85,1-0,White,<=5s vs 5-10s,2312
2FCDYxWJ,85,0-1,White,<=5s vs <=5s,2768
R94C0qhN,80,0-1,Black,<=5s vs 5-10s,1883
aA2iAmKk,132,1/2-1/2,Black,<=5s vs 5-10s,2270
KUMNpoOY,64,0-1,Black,<=5s vs 5-10s,2062
Llyg0OY8,88,0-1,Black,<=5s vs 10-15s,2037
0UOXV8Bm,84,0-1,Black,<=5s vs 10-15s,2104
WPLH9ofC,96,1-0,Black,<=5s vs 5-10s,2278
wLf02oKd,65,1-0,White,<=5s vs 15-20s,1735
9GwxVDJx,100,0-1,Black,<=5s vs 5-10s,1537
dLURMbum,53,1/2-1/2,White,<=5s vs 15-20s,2822
qORMaLJ4,51,1-0,White,<=5s vs 15-20s,1176
5QSvchN9,71,0-1,White,<=5s vs 5-10s,1311
4h2Qvp1T,84,0-1,Black,<=5s vs <=5s,1106
T6r8A7JZ,87,1-0,White,<=5s vs 10-15s,2418
pW8bEvIQ,85,1-0,White,<=5s vs 10-15s,1825
J8YAZJro,51,1-0,White,<=5s vs 10-15s,989
HC5wp1c6,76,0-1,Black,<=5s vs 10-15s,1665
JkZK7W9p,92,1-0,Black,<=5s vs <=5s,1072
WfGLtNoj,59,1-0,White,<=5s vs 15-20s,2149
N1xSVhyF,134,1/2-1/2,Black,<=5s vs 15-20s,2215
opqbwr3P,90,0-1,Black,<=5s vs 5-10s,1919
IYGRcfXT,88,0-1,Black,<=5s vs <=5s,1887
gsuKGBIh,71,1-0,White,<=5s vs 5-10s,1366
JhwdY2im,67,1-0,White,<=5s vs 10-15s,1991
FyYa8YCS,54,0-1,Black,<=5s vs 10-15s,1671
OR94RWnj,59,1-0,White,<=5s vs 15-20s,1759
rIlKGlF0,105,0-1,White,<=5s vs 5-10s,2268
3H0kSDMd,95,0-1,White,<=5s vs <=5s,2751
MIiWufSi,57,1-0,White,<=5s vs 15-20s,1206
8YejcHne,74,1-0,Black,<=5s vs 5-10s,1452
dbYGA0VQ,88,0-1,Black,<=5s vs 10-15s,1670
VYRHlXE0,119,1-0,White,<=5s vs 15-20s,2155
FjOPMdp5,79,1/2-1/2,White,<=5s vs 15-20s,2439
oOBlQH5Q,66,0-1,Black,<=5s vs 15-20s,2865
UHNIg8mT,83,1-0,White,<=5s vs 5-10s,1707
fr4OCvmi,94,0-1,Black,<=5s vs 5-10s,1411
8ieXtqZV,48,0-1,Black,<=5s vs 5-10s,1388
Pde0pMVZ,78,0-1,Black,<=5s vs 15-20s,1854
epd087Py,69,1-0,White,<=5s vs 15-20s,2220
8xhlz6g4,68,1-0,Black,<=5s vs 5-10s,2201
aObQbFSE,106,0-1,Black,<=5s vs 10-15s,2485
YcVQyi5X,80,0-1,Black,<=5s vs 15-20s,1440
XgpeLUKx,74,0-1,Black,<=5s vs 10-15s,1190
PqIc1OmA,74,0-1,Black,<=5s vs 5-10s,2246
p9IKyN3d,67,1-0,White,<=5s vs 10-15s,2557
d8mrAChU,95,1-0,White,<=5s vs 15-20s,2451
Qcm6RBH7,65,1-0,White,<=5s vs 10-15s,1686
N8TDTXVn,46,1-0,Black,<=5s vs 5-10s,908
gZlZd0zm,78,0-1,Black,<=5s vs 15-20s,1895
sR4rZ50N,61,1-0,White,<=5s vs 15-20s,1177
zpjjKHoa,80,0-1,Black,<=5s vs 15-20s,1891
DY3kxySn,76,1-0,Black,<=5s vs <=5s,1388
Ck2Sh7W4,65,1-0,White,<=5s vs <=5s,1486
OVY4i7aY,128,0-1,Black,<=5s vs <=5s,1710
CMaZgPPW,72,0-1,Black,<=5s vs 15-20s,1946
Bh40ut9j,59,1-0,White,<=5s vs 5-10s,1619
N00qHoFG,51,1-0,White,<=5s vs 10-15s,985
syq29xX8,86,0-1,Black,<=5s vs 15-20s,1942
MIzDp5Fo,83,0-1,White,<=5s vs <=5s,1672
TS8zWII2,63,1-0,White,<=5s vs 10-15s,1134
xGLZfRRH,72,0-1,Black,<=5s vs 15-20s,1735
ZQ7dXuGi,119,1-0,White,<=5s vs 10-15s,1957
sixQ4U5W,56,0-1,Black,<=5s vs 5-10s,1551
NFSY2vaC,73,1-0,White,<=5s vs 10-15s,1864
9JGA83Xk,59,1-0,White,<=5s vs 15-20s,2320
59hWVB9a,82,0-1,Black,<=5s vs <=5s,1698
kPIf11YC,117,1-0,White,<=5s vs <=5s,2058
o2ZpY5On,63,1-0,White,<=5s vs 15-20s,1345
71HqOJI8,96,0-1,Black,<=5s vs 15-20s,2041
phpljfrj,78,0-1,Black,<=5s vs 5-10s,2488
It8RirOG,74,0-1,Black,<=5s vs 5-10s,2484
Juc7TrLR,56,0-1,Black,<=5s vs 15-20s,2381
SaJTC4PX,77,1-0,White,<=5s vs 5-10s,1681
PZ15P5Ot,110,1-0,Black,<=5s vs <=5s,2835
QqmDB5pu,96,1-0,Black,<=5s vs 10-15s,1849
fBqkQpng,53,1-0,White,<=5s vs 15-20s,1357
cqGy8by5,84,0-1,Black,<=5s vs 15-20s,2154
PGInEUuo,117,1-0,White,<=5s vs 5-10s,2767
4N0HvS5t,117,1/2-1/2,White,<=5s vs <=5s,2130
w3M97pIV,74,0-1,Black,<=5s vs 15-20s,2365
xbgOBNtj,68,0-1,Black,<=5s vs 5-10s,1871
ZyrvFqv4,45,1-0,White,<=5s vs 10-15s,932
0VWnYakV,58,0-1,Black,<=5s vs <=5s,1163
xaFMbq6T,103,1/2-1/2,White,<=5s vs 5-10s,2508
xINpr4Vr,54,0-1,Black,<=5s vs 15-20s,2136
QFOADnpF,67,1-0,White,<=5s vs 15-20s,1615
DC7Owrf8,127,1/2-1/2,White,<=5s vs 15-20s,2555
WMc8gW7S,56,0-1,Black,<=5s vs 15-20s,1376
A5HxkH1I,59,1-0,White,<=5s vs 15-20s,2203
MoYv5dCN,97,0-1,White,<=5s vs 15-20s,2446
nGGsBKw4,123,1/2-1/2,White,<=5s vs 10-15s,2331
IL8cszzf,72,0-1,Black,<=5s vs 15-20s,2191
z0FtYjM2,134,1-0,Black,<=5s vs <=5s,2125
CBheSndX,52,0-1,Black,<=5s vs 15-20s,1965
66oxgqvR,48,0-1,Black,<=5s vs 10-15s,1501
BUNwhQRi,45,1-0,White,<=5s vs 10-15s,1085
UrI0hnXv,59,1-0,White,<=5s vs 5-10s,1200
IgzlKm8y,58,0-1,Black,<=5s vs 5-10s,1629
KEazoE0b,69,0-1,White,<=5s vs <=5s,1824
qAk7Ws2q,108,0-1,Black,<=5s vs 15-20s,1803
uZtP0T00,96,0-1,Black,<=5s vs 5-10s,1556
7arhwhDh,86,0-1,Black,<=5s vs 5-10s,1203
0vDGcXeW,61,1-0,White,<=5s vs 5-10s,1977
7lfzte0G,52,0-1,Black,<=5s vs 15-20s,1207
b7TYCRgG,83,1-0,White,<=5s vs 5-10s,1846
ncEiYeFf,59,1-0,White,<=5s vs 10-15s,1674
I1Ck6TKA,80,1-0,Black,<=5s vs 5-10s,1634
r22QUxSa,118,0-1,Black,<=5s vs 5-10s,2256
CsLftyCc,49,1-0,White,<=5s vs 15-20s,1551
PvHN0KzA,96,1-0,Black,<=5s vs <=5s,2986
KXQQj6m4,77,1-0,White,<=5s vs 5-10s,1491
bGvxNIkU,107,1-0,White,<=5s vs 5-10s,1776
3FV3pULe,74,1/2-1/2,Black,<=5s vs 10-15s,2028
uzEEfftc,53,1-0,White,<=5s vs 15-20s,1068
dJ0OnHAa,115,1-0,White,<=5s vs 15-20s,2296
3vUM1QRl,52,1-0,Black,<=5s vs <=5s,1312
MzGOXsyy,117,1-0,White,<=5s vs 15-20s,1814
Q6q6JZ5r,79,1-0,White,<=5s vs 10-15s,1295
jhcJgnLH,69,1-0,White,<=5s vs 10-15s,1678
LkoLU150,84,0-1,Black,<=5s vs 15-20s,2184
Qt0f15xl,67,1-0,White,<=5s vs 5-10s,1902
NVWaxcU3,77,0-1,White,<=5s vs 15-20s,2083
JuPqMLT2,78,1-0,Black,<=5s vs 5-10s,1594
SVKRzuaE,79,1-0,White,<=5s vs 10-15s,2870
azg4K7bJ,61,1-0,White,<=5s vs <=5s,1666
TtulC9YY,110,1/2-1/2,Black,<=5s vs 5-10s,1748
1tAPKakF,127,1/2-1/2,White,<=5s vs 5-10s,2234
QKromKLV,81,1-0,White,<=5s vs 15-20s,2266
EYn8xIbG,51,1-0,White,<=5s vs 10-15s,1290
IftVJSSb,86,0-1,Black,<=5s vs 15-20s,1901
4SItIrQP,74,0-1,Black,<=5s vs 5-10s,1900
jiTFsVQL,66,0-1,Black,<=5s vs 5-10s,1641
RPA2qejN,42,0-1,Black,<=5s vs 15-20s,1029
uuDgQVa7,62,0-1,Black,<=5s vs 15-20s,1668
8DEOggbB,87,1-0,White,<=5s vs 5-10s,2720
lZR8bdQd,117,1-0,White,<=5s vs 15-20s,2197
bWzq3LMo,64,0-1,Black,<=5s vs <=5s,1140
ELXZNBqj,86,1/2-1/2,Black,<=5s vs <=5s,2031
o5fdm1zs,123,1-0,White,<=5s vs 15-20s,2452
jG13DvR1,60,0-1,Black,<=5s vs 10-15s,1870
aTGigEzK,89,0-1,White,<=5s vs 5-10s,2044
BQGgBsoU,81,1-0,White,<=5s vs 5-10s,2136
eh3eXWQw,41,1-0,White,<=5s vs 15-20s,908
os5j4yDV,93,1-0,White,<=5s vs 5-10s,2091
qOWXDlK2,65,1-0,White,<=5s vs 5-10s,1511
PetcLYzD,57,1-0,White,<=5s vs 15-20s,1599
GMIm2Isl,62,0-1,Black,<=5s vs 15-20s,1976
yklLjTha,62,0-1,Black,<=5s vs 10-15s,1237
Y8dVSGM3,60,0-1,Black,<=5s vs 10-15s,1103
LCLSBB4u,62,0-1,Black,<=5s vs <=5s,1298
Wlpu40cx,146,1-0,Black,<=5s vs 5-10s,2141
TmpyODNL,61,1-0,White,<=5s vs 5-10s,1867
RsWtX2GK,74,0-1,Black,<=5s vs 5-10s,1778
xAyNMaSG,82,1-0,Black,<=5s vs <=5s,1485
yKlOhRu5,82,0-1,Black,<=5s vs 5-10s,1362
IfSgnhX1,84,0-1,Black,<=5s vs 15-20s,1619
XE8XXSke,74,0-1,Black,<=5s vs 5-10s,1625
O4z6tjAG,124,1/2-1/2,Black,<=5s vs 5-10s,2700
ty6iRTBO,71,1-0,White,<=5s vs 10-15s,1816
lbmbhllJ,48,0-1,Black,<=5s vs <=5s,1247
3SkVYIpp,64,1-0,Black,<=5s vs 10-15s,2135
MLw1SjTW,140,0-1,Black,<=5s vs 5-10s,2097
CuVpTAQB,52,0-1,Black,<=5s vs 15-20s,1569
LzgTyQsS,52,0-1,Black,<=5s vs 15-20s,1547
5NDfxasX,76,0-1,Black,<=5s vs 10-15s,1658
U7iQlV5t,86,1-0,Black,<=5s vs <=5s,2558
ILir5GzN,150,1/2-1/2,Black,<=5s vs <=5s,2723
NVQwoPCn,52,0-1,Black,<=5s vs <=5s,890
rO0Dv6jl,39,1-0,White,<=5s vs 10-15s,648
ijvYSJLd,91,1-0,White,<=5s vs 10-15s,2470
bSWrIygl,50,0-1,Black,<=5s vs 10-15s,1202
3tsskjBX,82,0-1,Black,<=5s vs 10-15s,2401
KqVXKb7N,97,1-0,White,<=5s vs <=5s,1787
ff5eFd6p,83,1-0,White,<=5s vs 10-15s,2307
T1XJgcni,72,0-1,Black,<=5s vs <=5s,1900
G1U6hhIi,54,1-0,Black,<=5s vs 10-15s,1277
kcgngqTj,58,0-1,Black,<=5s vs <=5s,1182
kYXnsn95,76,0-1,Black,<=5s vs 5-10s,1803
5lUfup71,85,1-0,White,<=5s vs 5-10s,1419
alZmnSNw,48,0-1,Black,<=5s vs 10-15s,1125
9QvRi67S,64,0-1,Black,<=5s vs 5-10s,2273
CASGfmv9,42,0-1,Black,<=5s vs 10-15s,1022
fG867uqm,102,0-1,Black,<=5s vs 15-20s,2004
ZMmwIbmo,117,1/2-1/2,White,<=5s vs 15-20s,1962
TZmNaP8F,61,1-0,White,<=5s vs 5-10s,2200
O3jjHlvK,72,0-1,Black,<=5s vs 10-15s,2301
JtRuqucY,76,1-0,Black,<=5s vs <=5s,1919
Los5Fqdh,76,1-0,Black,<=5s vs 5-10s,1556
hEJuYPNB,48,0-1,Black,<=5s vs 15-20s,1848
6UmuaUjI,84,0-1,Black,<=5s vs 5-10s,1988
1VktoQYC,51,1-0,White,<=5s vs 10-15s,969
IpyVqDIG,67,1-0,White,<=5s vs 5-10s,656
HBp62vam,48,0-1,Black,<=5s vs 5-10s,978
MP9DkUOB,56,0-1,Black,<=5s vs 15-20s,1340
q7yCzRK8,57,0-1,White,<=5s vs 10-15s,1612
HY0NtJGq,76,0-1,Black,<=5s vs 15-20s,1663
iKtRiql3,68,1-0,Black,<=5s vs <=5s,2308
MMkhDoCg,48,0-1,Black,<=5s vs 15-20s,1322
B9Wf9HDH,116,1/2-1/2,Black,<=5s vs 5-10s,2402
fygZOFtB,105,1/2-1/2,White,<=5s vs 10-15s,2199
g8EZbUDI,66,1-0,Black,<=5s vs <=5s,2109
jtG5bqLz,59,1-0,White,<=5s vs 15-20s,1686
JBjIGWNo,74,0-1,Black,<=5s vs 15-20s,2296
oAjsSYqU,45,1-0,White,<=5s vs 5-10s,849
OoVU0zgI,64,0-1,Black,<=5s vs 5-10s,1931
D67l6P72,44,0-1,Black,<=5s vs 5-10s,902
YEegsjvc,79,1-0,White,<=5s vs 15-20s,2696
JFBUBvrX,68,1-0,Black,<=5s vs <=5s,2113
klFHCvUW,59,1-0,White,<=5s vs 10-15s,1847
iN8pamxH,43,1-0,White,<=5s vs 10-15s,2246
r4hzOoYH,126,0-1,Black,<=5s vs 15-20s,2618
OV71qyC6,56,0-1,Black,<=5s vs 10-15s,1643
jUZGg96K,60,0-1,Black,<=5s vs 15-20s,1374
qaZly225,64,1-0,Black,<=5s vs 5-10s,2353
cvxQN1V6,91,0-1,White,<=5s vs 10-15s,2084
Qskj2GOc,83,1-0,White,<=5s vs 5-10s,2184
1PQFGNqx,68,0-1,Black,<=5s vs 15-20s,1934
sy3WVvyK,119,1-0,White,<=5s vs 15-20s,2520
H3YaeNpw,79,1-0,White,<=5s vs 15-20s,2304
XHDysOIG,85,1-0,White,<=5s vs 5-10s,2137
64KB8aVu,63,0-1,White,<=5s vs <=5s,2232
g1Xrct2H,92,0-1,Black,<=5s vs 5-10s,2181
aJFd1tyM,105,1/2-1/2,White,<=5s vs 10-15s,2602
DaUvuEI4,72,0-1,Black,<=5s vs <=5s,1247
SQCMzX1Z,54,0-1,Black,<=5s vs 5-10s,1425
1WISoALp,60,0-1,Black,<=5s vs 10-15s,2122
tMS4gPvE,76,0-1,Black,<=5s vs 5-10s,1726
lySTR77X,94,1/2-1/2,Black,<=5s vs 15-20s,1907
q1JpR93D,60,0-1,Black,<=5s vs 10-15s,1856
v00qjYZY,56,0-1,Black,<=5s vs 15-20s,1534
6Yy2L6jd,74,0-1,Black,<=5s vs 5-10s,1877
kqV0cV7s,55,0-1,White,<=5s vs 5-10s,1838
12mX5Vwv,82,0-1,Black,<=5s vs 10-15s,1890
GSWJviAq,71,1-0,White,<=5s vs 5-10s,1452
ngcKlAlu,64,0-1,Black,<=5s vs 15-20s,1557
qgDb7c3A,40,0-1,Black,<=5s vs 10-15s,1286
rYLvGa0L,79,1-0,White,<=5s vs 15-20s,1637
Et4fyVjj,52,0-1,Black,<=5s vs 15-20s,1440
n5x2OloK,98,1-0,Black,<=5s vs <=5s,2057
qKzBnEw8,84,1-0,Black,<=5s vs <=5s,2084
LiaeANuS,87,1-0,White,<=5s vs 15-20s,2392
YET4lLbZ,59,1-0,White,<=5s vs 10-15s,1698
Tq4baa0J,144,1-0,Black,<=5s vs <=5s,2114
WUwFCzpy,50,0-1,Black,<=5s vs <=5s,1113
luqpo2Hl,60,0-1,Black,<=5s vs 5-10s,1864
esZZsJc6,73,1-0,White,<=5s vs 10-15s,2064
Eeq81iH2,68,0-1,Black,<=5s vs 5-10s,1543
aLju6zoW,74,0-1,Black,<=5s vs <=5s,1502
wp8Fgnju,77,1-0,White,<=5s vs 10-15s,1300
5beRw5kb,53,1-0,White,<=5s vs 15-20s,1897
FKrnYyHo,65,1-0,White,<=5s vs 15-20s,1606
1Xkxh0oX,110,0-1,Black,<=5s vs 15-20s,2493
1hb1rjjF,53,1-0,White,<=5s vs 15-20s,1564
xfpa7UYK,68,0-1,Black,<=5s vs 15-20s,1829
e1i302vq,51,1-0,White,<=5s vs 15-20s,1119
yeKP4ce6,100,0-1,Black,<=5s vs 10-15s,2406
PiOgXoDA,51,0-1,White,<=5s vs 5-10s,1985
At8ndY5c,104,0-1,Black,<=5s vs 5-10s,2180
ZM4Nkiqo,81,1-0,White,<=5s vs 5-10s,2280
AmHBrr0h,51,1-0,White,<=5s vs 15-20s,1347
4tcsH9Wb,96,0-1,Black,<=5s vs 5-10s,2186
GYh2OZuT,68,0-1,Black,<=5s vs 5-10s,2149
LzdMna1x,126,0-1,Black,<=5s vs <=5s,2839
94nxynbT,52,0-1,Black,<=5s vs 5-10s,1506
B0kH7tLA,82,0-1,Black,<=5s vs 15-20s,1657
OQ8nLl0S,36,0-1,Black,<=5s vs 15-20s,1732
9dTzngVA,63,1-0,White,<=5s vs 15-20s,1645
s2HgHW4s,48,0-1,Black,<=5s vs 15-20s,1869
KcskfLW5,77,1-0,White,<=5s vs 5-10s,1171
E4xj1IDI,50,0-1,Black,<=5s vs 15-20s,1633
CC3A6aIY,79,1-0,White,<=5s vs 5-10s,1538
COryPg19,83,0-1,White,<=5s vs <=5s,1976
XM8j8zX6,78,0-1,Black,<=5s vs 5-10s,1898
EbdqJSPz,43,1-0,White,<=5s vs 15-20s,1796
n32FhrSd,56,0-1,Black,<=5s vs 10-15s,1487
8ladLMfo,56,0-1,Black,<=5s vs 10-15s,1375
Tz66zYpK,81,1-0,White,<=5s vs 10-15s,2862
LNYFTSiS,94,0-1,Black,<=5s vs 5-10s,2405
kMAwgCk8,90,1-0,Black,<=5s vs <=5s,1786
vy3u4bJ8,81,1-0,White,<=5s vs 10-15s,2035
7rgQ5vjY,35,0-1,White,<=5s vs 5-10s,1088
zuabLvji,57,1-0,White,<=5s vs <=5s,1344
s5HjV6Uv,104,1/2-1/2,Black,<=5s vs 10-15s,3291
b3UNRLuo,62,0-1,Black,<=5s vs 10-15s,1936
8EZaPDgu,113,1-0,White,<=5s vs 5-10s,2175
Rmm2g5Yc,101,1-0,White,<=5s vs 5-10s,2454
Ut0pbVL1,38,0-1,Black,<=5s vs 5-10s,849
22qHvwcJ,88,0-1,Black,<=5s vs 10-15s,2566
1hsLlA8m,88,0-1,Black,<=5s vs 15-20s,2985
lOH6FJk5,84,0-1,Black,<=5s vs <=5s,2128
NppuWJtm,69,1-0,White,<=5s vs 15-20s,1447
gH77R6dw,68,0-1,Black,<=5s vs 10-15s,1927
BFwSdhJG,73,1-0,White,<=5s vs 15-20s,1203
DpwQNQZx,89,1-0,White,<=5s vs 15-20s,2408
Fde1YMtd,73,1-0,White,<=5s vs 10-15s,1886
pep4KxXD,74,0-1,Black,<=5s vs 5-10s,1412
qu3lUnr0,76,0-1,Black,<=5s vs 5-10s,2175
mfeWh10b,115,1/2-1/2,White,<=5s vs 10-15s,2358
C9eeviLZ,65,1-0,White,<=5s vs 15-20s,2299
Smsc6udG,62,0-1,Black,<=5s vs 10-15s,1100
D9xJ3Xiq,181,1-0,White,<=5s vs 10-15s,2430
TiCZfb55,80,1-0,Black,<=5s vs 5-10s,2249
6niOCt00,57,1-0,White,<=5s vs 10-15s,1239
QVeDRy7a,102,0-1,Black,<=5s vs 10-15s,2337
C08m1k0k,53,0-1,White,<=5s vs 15-20s,1616
q5VdGv1a,77,1-0,White,<=5s vs 15-20s,2267
8JLk1DRn,89,1-0,White,<=5s vs 10-15s,1793
fGhKhMJh,46,0-1,Black,<=5s vs <=5s,1331
CODrCzUs,75,1-0,White,<=5s vs 5-10s,2340
vXWroeqM,78,0-1,Black,<=5s vs 10-15s,2046
NbXzwHl5,80,0-1,Black,<=5s vs 5-10s,1789
wyJJ9x5P,76,0-1,Black,<=5s vs 15-20s,2007
dbWobFWB,90,0-1,Black,<=5s vs 5-10s,2259
lMOOCfO5,84,0-1,Black,<=5s vs 5-10s,2469
Vk2vyIVe,83,1-0,White,<=5s vs 15-20s,2415
53cMPa4V,107,0-1,White,<=5s vs 5-10s,2951
XDs4A633,46,0-1,Black,<=5s vs 5-10s,875
fjFNC0bq,114,0-1,Black,<=5s vs 15-20s,2362
lFz3D6K5,58,0-1,Black,<=5s vs 15-20s,1567
b6VC5Kco,60,0-1,Black,<=5s vs 10-15s,1512
TswgBHZ5,97,1-0,White,<=5s vs <=5s,2075
BGhtlRxQ,57,1-0,White,<=5s vs 5-10s,1346
B1eIY9nx,68,0-1,Black,<=5s vs 10-15s,2489
Kwcklb1f,69,1-0,White,<=5s vs 5-10s,1384
IyoUHIb8,77,0-1,White,<=5s vs 5-10s,1792
MB7pJUH2,91,1-0,White,<=5s vs <=5s,2123
NdcG7RMT,66,1-0,Black,<=5s vs <=5s,1681
kEFRCUNu,100,0-1,Black,<=5s vs <=5s,2732
E9rOFFML,87,1-0,White,<=5s vs 10-15s,1800
962p4Z0T,53,1-0,White,<=5s vs 10-15s,1387
zZes4JQ2,136,0-1,Black,<=5s vs 10-15s,2270
9TcZ8eQE,86,0-1,Black,<=5s vs 5-10s,2101
j9Bfc9AC,87,1-0,White,<=5s vs <=5s,2236
xLrP624i,81,1-0,White,<=5s vs 5-10s,1878
4c9QoY1c,57,1-0,White,<=5s vs 5-10s,2329
EH4Q8gxG,41,1-0,White,<=5s vs 10-15s,1038
cqr8HJUM,47,1-0,White,<=5s vs 15-20s,1304
IRmNmUgj,40,0-1,Black,<=5s vs 10-15s,1062
ml9Y7jNO,99,1-0,White,<=5s vs 15-20s,2870
IZUUUanr,66,0-1,Black,<=5s vs 5-10s,2231
04OsBscv,166,0-1,Black,<=5s vs 10-15s,2485
4ACC5Ou1,111,1-0,White,<=5s vs 5-10s,2784
rpv410SO,64,1-0,Black,<=5s vs <=5s,1427
S4YseMZx,50,0-1,Black,<=5s vs 15-20s,2102
qekykfG6,49,1-0,White,<=5s vs 10-15s,1269
nLrbzJMh,110,1/2-1/2,Black,<=5s vs <=5s,2396
s56KdYxW,56,0-1,Black,<=5s vs 15-20s,1388
1kpPEyiY,95,1-0,White,<=5s vs 5-10s,2372
eEygQUir,84,1/2-1/2,Black,<=5s vs 15-20s,2273
IR5DrIJe,58,0-1,Black,<=5s vs 10-15s,1186
CVsBrel8,46,0-1,Black,<=5s vs 15-20s,1542
TB0XMny9,116,1/2-1/2,Black,<=5s vs <=5s,2201
aWMStMer,43,1-0,White,<=5s vs 15-20s,969
c5dJNdwI,67,1-0,White,<=5s vs 10-15s,1040
vWFnpR1f,66,1/2-1/2,Black,<=5s vs 10-15s,2221
UmdHY0wg,65,0-1,White,<=5s vs 5-10s,2468
phw023fm,71,0-1,White,<=5s vs 5-10s,1835
zkjF1rT4,67,1-0,White,<=5s vs 5-10s,2482
W9S1JPvM,42,0-1,Black,<=5s vs 15-20s,1424
fmwCglZz,71,1-0,White,<=5s vs 5-10s,1688
xlyvJKFc,98,0-1,Black,<=5s vs 10-15s,1892
8ynnOiCS,72,0-1,Black,<=5s vs 5-10s,2287
9LmGD4vc,50,0-1,Black,<=5s vs <=5s,1214
Ao8mXQo7,73,1-0,White,<=5s vs <=5s,2268
4LyVHx54,50,0-1,Black,<=5s vs 10-15s,1427
xwpz6yRE,68,0-1,Black,<=5s vs 5-10s,1796
B5qlKbyg,65,0-1,White,<=5s vs <=5s,951
DXyCt6rw,86,0-1,Black,<=5s vs 5-10s,2563
v5hfKDXp,69,1-0,White,<=5s vs 15-20s,2082
jbf2EFKP,55,0-1,White,<=5s vs 10-15s,1945
5ziGbqqA,117,1-0,White,<=5s vs 10-15s,1470
q7zCqfXV,54,0-1,Black,<=5s vs 10-15s,2289
BKEvCgF5,81,1-0,White,<=5s vs 5-10s,2179
A4jgzqqw,57,1-0,White,<=5s vs 10-15s,1191
ZGt2q8sY,58,0-1,Black,<=5s vs 15-20s,2167
6MhH25Sr,82,0-1,Black,<=5s vs 5-10s,1607
466f736Y,48,0-1,Black,<=5s vs 15-20s,744
TqFI9vOr,61,1-0,White,<=5s vs 15-20s,1652
kMeIqMnq,61,1-0,White,<=5s vs 10-15s,1571
aMtUXkNI,82,0-1,Black,<=5s vs 5-10s,2092
bzSA84qg,65,1-0,White,<=5s vs 5-10s,2325
USG6nuKg,103,1-0,White,<=5s vs 5-10s,2515
2ZdWmlgr,75,1-0,White,<=5s vs 15-20s,1623
dkD4tUau,51,1-0,White,<=5s vs 5-10s,2024
focRpY18,97,1/2-1/2,White,<=5s vs 5-10s,1841
Gxt29tEZ,53,1-0,White,<=5s vs 10-15s,1352
EpHO5yyf,127,1/2-1/2,White,<=5s vs 5-10s,1588
TipYpXu8,75,1-0,White,<=5s vs 5-10s,2176
Oc8DWLDY,103,0-1,White,<=5s vs <=5s,2302
ouLimoKM,52,0-1,Black,<=5s vs <=5s,1468
a9jduPM9,48,0-1,Black,<=5s vs 15-20s,1362
Cyuwafgi,105,0-1,White,<=5s vs 10-15s,1894
uVb9oviT,45,0-1,White,<=5s vs <=5s,1195
r34Ha92E,106,1-0,Black,<=5s vs 5-10s,2238
xPNKpiMl,61,1-0,White,<=5s vs 5-10s,1139
dWLVlEAO,138,1/2-1/2,Black,<=5s vs 10-15s,1824
IInKnmtq,61,1-0,White,<=5s vs 15-20s,2218
S4V2GPR9,105,1-0,White,<=5s vs 5-10s,2081
IguC9oS2,86,0-1,Black,<=5s vs 15-20s,2366
9lj1hCpu,53,1-0,White,<=5s vs 5-10s,1138
C9zHgGXY,83,1-0,White,<=5s vs 15-20s,2370
Xitk5oDT,62,0-1,Black,<=5s vs 15-20s,1317
EpIh4q6j,64,0-1,Black,<=5s vs 5-10s,2270
CB48xJuv,61,1-0,White,<=5s vs 10-15s,1091
LSe7ZkWJ,78,0-1,Black,<=5s vs 10-15s,1147
f6QhZaKO,69,0-1,White,<=5s vs 5-10s,1920
1xqFLN6F,126,1-0,Black,<=5s vs <=5s,2248
996WsMud,63,1-0,White,<=5s vs 15-20s,1977
OWKPlzPG,57,1-0,White,<=5s vs 10-15s,2341
BqmdecfJ,75,0-1,White,<=5s vs 5-10s,1993
o8tmJmQE,66,0-1,Black,<=5s vs 10-15s,1462
uC0sduiF,112,0-1,Black,<=5s vs 5-10s,1785
621G6RJA,52,0-1,Black,<=5s vs 15-20s,1745
sOAXuxxC,77,1-0,White,<=5s vs 15-20s,2410
ACd299XE,106,1-0,Black,<=5s vs 5-10s,2214
K6UmJInj,103,1-0,White,<=5s vs 15-20s,1734
yLZvvVWs,62,0-1,Black,<=5s vs 5-10s,1062
hccoeOn7,60,0-1,Black,<=5s vs 5-10s,1668
Cm0vdGD3,83,1-0,White,<=5s vs 5-10s,1956
M2UVDscf,88,1/2-1/2,Black,<=5s vs 10-15s,2101
DJ9MD3Jx,54,0-1,Black,<=5s vs 10-15s,1694
ipcotCXV,77,1-0,White,<=5s vs 5-10s,1348
vyjghxwi,64,0-1,Black,<=5s vs 5-10s,801
MM1zFhfr,80,0-1,Black,<=5s vs 10-15s,2038
11LPGrXM,93,1-0,White,<=5s vs 5-10s,2313
6x5Ulajb,60,0-1,Black,<=5s vs 15-20s,2139
DxE9ZrRx,52,0-1,Black,<=5s vs 15-20s,1727
LSZ8adnf,85,1-0,White,<=5s vs 15-20s,1867
PUOWnrE3,76,1-0,Black,<=5s vs <=5s,1649
6OMnx4I0,76,1-0,Black,<=5s vs <=5s,1335
uFisnmNf,70,0-1,Black,<=5s vs 5-10s,2051
XyUOUrT3,58,0-1,Black,<=5s vs 5-10s,1669
lUOBmenQ,70,0-1,Black,<=5s vs <=5s,1336
nGI1buNB,71,0-1,White,<=5s vs <=5s,1407
LTt6Llr9,149,1-0,White,<=5s vs 10-15s,2098
4JAGqKof,43,1-0,White,<=5s vs 15-20s,1388
fWHsaUTV,79,0-1,White,<=5s vs 10-15s,2435
Jx2xoa2K,72,1-0,Black,<=5s vs <=5s,2163
Cbi6PY7C,83,0-1,White,<=5s vs 5-10s,2577
CxDz8Cd8,83,1-0,White,<=5s vs 15-20s,2227
eDUAAI0L,57,1-0,White,<=5s vs 15-20s,1529
1jvqfcCR,41,1-0,White,<=5s vs 15-20s,1182
IQhAHGtg,79,1-0,White,<=5s vs 10-15s,1640
NeTc2eKr,64,0-1,Black,<=5s vs 5-10s,2222
GipohTgg,147,1-0,White,<=5s vs 15-20s,2228
siiQS6ls,67,1-0,White,<=5s vs 10-15s,1536
YKNPC3lb,54,0-1,Black,<=5s vs 10-15s,1181
Y2kF470n,91,1-0,White,<=5s vs 15-20s,2297
6Zp8gSPb,101,1/2-1/2,White,<=5s vs <=5s,2241
CBzB3VgY,57,1-0,White,<=5s vs 5-10s,1741
CRzDF8Jr,62,0-1,Black,<=5s vs 15-20s,1038
XB4TN2WV,194,1/2-1/2,Black,<=5s vs <=5s,2249
wTQ6zGmz,98,0-1,Black,<=5s vs 5-10s,1174
lOZEl8yD,86,0-1,Black,<=5s vs 10-15s,2526
YQsUdeqa,75,1-0,White,<=5s vs 5-10s,1926
GCbrpGba,98,0-1,Black,<=5s vs 10-15s,1757
RSkv2Qoz,66,0-1,Black,<=5s vs 10-15s,1578
h8wfiT3f,101,1-0,White,<=5s vs 5-10s,2376
ZBs0UV9f,72,0-1,Black,<=5s vs 15-20s,1842
ImdIub95,100,0-1,Black,<=5s vs 5-10s,2514
pKtRQfUr,65,1-0,White,<=5s vs 15-20s,1709
xArreKHZ,91,1-0,White,<=5s vs 15-20s,2449
Jpxd6eyH,107,1-0,White,<=5s vs 5-10s,1613
PDi1AnoH,60,0-1,Black,<=5s vs 5-10s,2240
07BzpwXx,57,0-1,White,<=5s vs <=5s,988
OhsK4cJl,79,1-0,White,<=5s vs 5-10s,2150
LRAbD9l2,166,1/2-1/2,Black,<=5s vs 5-10s,2135
pnt4rlq2,72,1-0,Black,<=5s vs 10-15s,1612
tWUFgohK,78,1-0,Black,<=5s vs <=5s,1812
TwgwqJ5T,79,1-0,White,<=5s vs 15-20s,2458
b8rZRGDl,50,0-1,Black,<=5s vs 10-15s,1304
fKDuBvta,66,0-1,Black,<=5s vs 15-20s,1044
CbNOEAF2,107,1-0,White,<=5s vs 15-20s,2437
hjTzI62Q,58,0-1,Black,<=5s vs 15-20s,1521
54R9790q,62,0-1,Black,<=5s vs 5-10s,1823
FuUiCxjq,80,0-1,Black,<=5s vs 10-15s,2085
0cQSPtan,63,1-0,White,<=5s vs <=5s,1279
YcH9dbzI,125,0-1,White,<=5s vs 5-10s,1675
TWsl6qVo,66,0-1,Black,<=5s vs 10-15s,1986
Fxgs8ems,111,0-1,White,<=5s vs <=5s,2596
m8KeLOp7,100,1-0,Black,<=5s vs 5-10s,2381
UEAA5hkX,79,1-0,White,<=5s vs 5-10s,1943
4ab3clOg,88,0-1,Black,<=5s vs 5-10s,1852
gQvTdgJz,36,0-1,Black,<=5s vs 15-20s,1231
HAAtnLHO,102,1/2-1/2,Black,<=5s vs 5-10s,3064
k2AGWIhL,62,0-1,Black,<=5s vs 5-10s,1805
ZM9l7ZCw,70,1-0,Black,<=5s vs 5-10s,1735
YdyQjM9P,52,1-0,Black,<=5s vs 5-10s,1340
C0W3Tbdk,135,1/2-1/2,White,<=5s vs <=5s,3201
pJP32bIf,102,0-1,Black,<=5s vs 10-15s,1688
XGwfSrCg,86,0-1,Black,<=5s vs 5-10s,2384
fNYDr0dl,60,0-1,Black,<=5s vs 5-10s,1590
elOUQ2Mb,47,1-0,White,<=5s vs 15-20s,1231
gQ6GMNL7,117,1-0,White,<=5s vs 15-20s,2255
dJ3939Cj,62,1-0,Black,<=5s vs <=5s,1494
UjXeBOwz,54,0-1,Black,<=5s vs 15-20s,1958
gdttSN4d,62,0-1,Black,<=5s vs 5-10s,1704
Udypzc30,127,1-0,White,<=5s vs 15-20s,1596
RHquNgDU,116,1/2-1/2,Black,<=5s vs 5-10s,1893
4amLYt7I,105,1-0,White,<=5s vs 10-15s,2227
8sjtZrMC,64,0-1,Black,<=5s vs 5-10s,2365
g2ihfJua,60,0-1,Black,<=5s vs 10-15s,1107
jk7vxYbs,36,0-1,Black,<=5s vs 15-20s,885
PIjZeqZf,73,0-1,White,<=5s vs 5-10s,1493
fek1zndf,83,1-0,White,<=5s vs 5-10s,1116
W82akkIJ,96,0-1,Black,<=5s vs <=5s,2467
QkTukqhs,67,1-0,White,<=5s vs 10-15s,2342
5TYJluBd,61,1-0,White,<=5s vs 10-15s,1081
T55PQoea,127,1-0,White,<=5s vs 5-10s,2293
jYUFFty9,41,1-0,White,<=5s vs 15-20s,1095
iINa2nAB,45,1-0,White,<=5s vs 5-10s,1115
QZTKkGaq,49,1-0,White,<=5s vs 5-10s,1233
FaOMTD7w,83,0-1,White,<=5s vs 5-10s,2132
J5nYQ4s2,87,1/2-1/2,White,<=5s vs <=5s,1641
PtJfbKv6,46,0-1,Black,<=5s vs 15-20s,2127
QczGqKKb,56,0-1,Black,<=5s vs 15-20s,1316
EuvN2zFi,55,1-0,White,<=5s vs 10-15s,1912
aLODFDjH,63,1-0,White,<=5s vs 15-20s,1200
TbTHdGLX,82,0-1,Black,<=5s vs 5-10s,2514
Tbg28fZt,72,0-1,Black,<=5s vs 10-15s,2231
uWiIW1cL,73,0-1,White,<=5s vs <=5s,1623
7UpTJnfP,83,1-0,White,<=5s vs 10-15s,2251
TR8SL9hl,65,1-0,White,<=5s vs 5-10s,2180
Puu1nKvA,66,0-1,Black,<=5s vs 5-10s,2115
OYdvQQwR,61,1-0,White,<=5s vs 5-10s,1977
NXMwcs5i,104,0-1,Black,<=5s vs 5-10s,2189
vCP45lyL,61,1-0,White,<=5s vs 10-15s,1778
j1U3NQOK,63,1-0,White,<=5s vs 15-20s,1446
4O8KwviQ,69,0-1,White,<=5s vs <=5s,1376
RXKN80xl,56,0-1,Black,<=5s vs 5-10s,1909
8cMAlLU5,54,0-1,Black,<=5s vs 5-10s,1514
nkigkjed,43,0-1,White,<=5s vs 5-10s,1378
S0as6VRD,60,0-1,Black,<=5s vs 15-20s,2570
3OeHbIlq,89,1-0,White,<=5s vs <=5s,1762
VAUxPRIM,74,0-1,Black,<=5s vs 10-15s,1722
l27w3EGe,73,1-0,White,<=5s vs <=5s,1384
GK2mTltq,76,1-0,Black,<=5s vs <=5s,2387
CorexO67,92,0-1,Black,<=5s vs 5-10s,2817
Hr1QG8yn,57,1-0,White,<=5s vs 10-15s,1463
S3vm1SsE,62,0-1,Black,<=5s vs 15-20s,1337
kXblO53y,51,1-0,White,<=5s vs 10-15s,1003
55rRpvg1,40,0-1,Black,<=5s vs 15-20s,1475
ukveukrV,62,0-1,Black,<=5s vs 10-15s,2195
Gl75P0Tl,58,1-0,Black,<=5s vs 10-15s,1621
JWHEUw0W,81,1-0,White,<=5s vs 10-15s,2516
aZPnT7Tz,99,1-0,White,<=5s vs 15-20s,2748
Vg5q8w87,27,1-0,White,<=5s vs 15-20s,750
XZVKQFI2,70,0-1,Black,<=5s vs <=5s,1765
YKypmpdf,70,0-1,Black,<=5s vs 10-15s,2051
eWklZlDN,119,1-0,White,<=5s vs 10-15s,1993
1W9T5wLs,71,1-0,White,<=5s vs 10-15s,2159
HGzcA9mO,55,1-0,White,<=5s vs 15-20s,1998
qicWM2hg,64,0-1,Black,<=5s vs 5-10s,1563
5rExFI3t,104,1-0,Black,<=5s vs <=5s,2412
9eqQ9UA8,75,1-0,White,<=5s vs 15-20s,1852
jti6xgET,92,0-1,Black,<=5s vs 15-20s,2337
WjDlyROY,109,1-0,White,<=5s vs 10-15s,1764
AAcJOHCN,44,0-1,Black,<=5s vs 5-10s,1054
nfjCqkkj,78,0-1,Black,<=5s vs 10-15s,1611
kI8qLPiC,54,0-1,Black,<=5s vs 10-15s,2061
35eDIyAk,67,1-0,White,<=5s vs <=5s,1534
1x7T3A8m,58,0-1,Black,<=5s vs <=5s,894
TMkX7rlb,83,1-0,White,<=5s vs 10-15s,2574
57LboTQD,57,0-1,White,<=5s vs 10-15s,1113
7eL9nfwU,80,0-1,Black,<=5s vs 15-20s,848
2LNAy4Bv,104,0-1,Black,<=5s vs 5-10s,1351
vklUjzN5,64,0-1,Black,<=5s vs 15-20s,1466
1W8cVMfj,99,0-1,White,<=5s vs <=5s,2121
E2OxoSuq,64,0-1,Black,<=5s vs 5-10s,2369
BxeX1E7D,159,1/2-1/2,White,<=5s vs 15-20s,2135
jK1yY06x,53,1-0,White,<=5s vs 15-20s,1607
O1sr3MrH,86,0-1,Black,<=5s vs <=5s,1877
sPreBPt7,62,0-1,Black,<=5s vs 5-10s,1865
rDJDyxO9,54,0-1,Black,<=5s vs 10-15s,1683
4UQz8r5s,75,1-0,White,<=5s vs 15-20s,2348
GuPlaAtg,52,0-1,Black,<=5s vs 5-10s,2330
VawURDAI,53,1-0,White,<=5s vs 10-15s,1604
x9cf6E0k,50,0-1,Black,<=5s vs 15-20s,1147
KRcTbvyJ,68,0-1,Black,<=5s vs 15-20s,1847
oedZrNIe,72,0-1,Black,<=5s vs 10-15s,2354
pZeC9iqt,64,0-1,Black,<=5s vs 10-15s,1476
Z7fGNza9,77,1-0,White,<=5s vs 5-10s,2034
hywFc34Q,84,0-1,Black,<=5s vs <=5s,2445
Lli9xgn4,54,0-1,Black,<=5s vs 10-15s,2275
BOSL4kZZ,99,1-0,White,<=5s vs 5-10s,2086
A5vLp6qr,54,1/2-1/2,Black,<=5s vs 10-15s,2231
1BHn1oW0,120,0-1,Black,<=5s vs 10-15s,2642
C9uN2UFf,80,0-1,Black,<=5s vs 5-10s,1850
KaH0ad2V,132,1/2-1/2,Black,<=5s vs 5-10s,2967
gzIBnv35,84,0-1,Black,<=5s vs 15-20s,2229
1RVSmzkm,70,1-0,Black,<=5s vs <=5s,1915
wmtgVsi9,92,0-1,Black,<=5s vs <=5s,2135
SwKf0aVM,64,0-1,Black,<=5s vs 10-15s,1833
G6lL8rOH,95,1-0,White,<=5s vs 15-20s,2905
xvbc8sdF,83,1-0,White,<=5s vs 5-10s,1924
W8wcVa2N,81,1-0,White,<=5s vs 10-15s,1604
UDrVAhgS,112,0-1,Black,<=5s vs 10-15s,2469
gQ9XGBSY,73,0-1,White,<=5s vs <=5s,2113
eiXtKzRe,65,1-0,White,<=5s vs 10-15s,1807
FQVc2Qmb,52,0-1,Black,<=5s vs 5-10s,1257
VgNs1TJl,76,0-1,Black,<=5s vs 15-20s,1222
YgFczLiP,64,0-1,Black,<=5s vs 5-10s,1357
xhR4Jluz,89,1-0,White,<=5s vs 10-15s,1699
AcwdVtYc,76,1-0,Black,<=5s vs 15-20s,2564
JiUn0t0h,97,1-0,White,<=5s vs 5-10s,2160
XiIqoMty,64,0-1,Black,<=5s vs 5-10s,1330
jdbrFMth,113,1-0,White,<=5s vs 15-20s,2275
X14snUnn,75,1-0,White,<=5s vs 15-20s,2017
Xov3nrCv,105,1-0,White,<=5s vs 15-20s,2114
Skqds47r,82,1-0,Black,<=5s vs <=5s,2096
5FqH2WuD,57,0-1,White,<=5s vs 10-15s,1636
tcHQAt3I,64,0-1,Black,<=5s vs 5-10s,1297
GIk1vqWw,68,0-1,Black,<=5s vs 5-10s,2088
TfFTskEO,70,0-1,Black,<=5s vs 5-10s,1358
f6vk7f7k,59,1-0,White,<=5s vs 15-20s,1764
3cxCTvOV,91,0-1,White,<=5s vs 5-10s,1882
QUWcfc9A,59,1-0,White,<=5s vs 5-10s,1722
1vIoeG3Q,60,0-1,Black,<=5s vs 15-20s,1803
B57l6ct9,65,1-0,White,<=5s vs 10-15s,2438
bcs2WvWy,60,0-1,Black,<=5s vs 5-10s,951
aHBfKlSx,58,0-1,Black,<=5s vs 15-20s,1773
ragu8NxX,36,0-1,Black,<=5s vs 15-20s,945
BLmPNImn,64,0-1,Black,<=5s vs 5-10s,1641
D6BT9tOO,95,1-0,White,<=5s vs 15-20s,1461
055ITTgf,100,1/2-1/2,Black,<=5s vs 15-20s,2288
3G9UdFlh,54,1-0,Black,<=5s vs 5-10s,1397
NAHeutxN,71,0-1,White,<=5s vs 5-10s,1618
EHHOw4hD,58,0-1,Black,<=5s vs 5-10s,1111
YSQI9kUN,116,1/2-1/2,Black,<=5s vs <=5s,2376
srsjq7XP,55,1-0,White,<=5s vs <=5s,1125
f7YmH3ry,109,0-1,White,<=5s vs 5-10s,1900
jsMmmfCC,66,0-1,Black,<=5s vs 15-20s,2031
gw97kmA7,76,0-1,Black,<=5s vs 15-20s,1470
GkjVU5sb,107,1-0,White,<=5s vs <=5s,2538
Ch4Igwqv,75,1-0,White,<=5s vs 15-20s,1308
tRtfWPWC,76,0-1,Black,<=5s vs 5-10s,2628
CyF3Ll4l,75,1-0,White,<=5s vs 15-20s,1808
98rgDgPV,81,1-0,White,<=5s vs 5-10s,1691
FloVI1KC,86,0-1,Black,<=5s vs 5-10s,2214
GZQJAhEM,114,0-1,Black,<=5s vs 10-15s,1974
fdX5BDuU,79,1-0,White,<=5s vs 5-10s,2215
IRk6etJ1,63,1/2-1/2,White,<=5s vs 5-10s,1878
s18cBh9c,93,1-0,White,<=5s vs 5-10s,3034
SnjdaO5n,77,1-0,White,<=5s vs 10-15s,1859
cHtL8Al2,62,0-1,Black,<=5s vs 15-20s,1141
8r74cDDc,70,0-1,Black,<=5s vs 15-20s,2069
VAjFqcaE,69,1-0,White,<=5s vs 15-20s,2332
sx49G287,57,1-0,White,<=5s vs 15-20s,2152
CQYw5JSv,63,1-0,White,<=5s vs 10-15s,1887
nr5jkIgO,69,1-0,White,<=5s vs 5-10s,2092
WdDsFIbK,56,0-1,Black,<=5s vs 5-10s,1302
BbZofKS0,44,0-1,Black,<=5s vs 10-15s,810
ZzHN6LcP,76,0-1,Black,<=5s vs 15-20s,1489
tkiL51JZ,50,0-1,Black,<=5s vs 5-10s,2223
1fjcs8ut,76,1-0,Black,<=5s vs 5-10s,1877
XOSl98bA,102,1-0,Black,<=5s vs 5-10s,2464
ZZ4nXKYC,57,1-0,White,<=5s vs 5-10s,1414
HvXdSJB1,129,1-0,White,<=5s vs 15-20s,1912
MktFT4bE,58,0-1,Black,<=5s vs <=5s,1420
onhPDpBG,65,1-0,White,<=5s vs 10-15s,1834
y05CWBPS,79,1-0,White,<=5s vs <=5s,1222
Jg392U14,58,1-0,Black,<=5s vs <=5s,1554
c5EuGTBp,66,0-1,Black,<=5s vs 15-20s,2070
VohIZTon,60,0-1,Black,<=5s vs 15-20s,2154
wMsTVBPj,72,0-1,Black,<=5s vs 15-20s,1690
x8york90,76,1-0,Black,<=5s vs <=5s,1742
3h99mZYN,61,1-0,White,<=5s vs 10-15s,1642
H2kj8ZXR,90,1-0,Black,<=5s vs <=5s,2668
kOwvRoi2,68,0-1,Black,<=5s vs 10-15s,2236
YFYHFB5a,119,0-1,White,<=5s vs <=5s,2458
v928bfDL,62,0-1,Black,<=5s vs 15-20s,2040
4OSGE22m,51,1-0,White,<=5s vs 5-10s,1260
gtSTo9TG,102,0-1,Black,<=5s vs 5-10s,2153
PJYUtsuX,46,0-1,Black,<=5s vs 10-15s,1091
NTIABwFt,93,1-0,White,<=5s vs 5-10s,2552
b9qltubs,50,0-1,Black,<=5s vs 5-10s,1384
Qs4U7dwT,82,0-1,Black,<=5s vs 5-10s,1796
0fDj9bnr,92,0-1,Black,<=5s vs 10-15s,2518
Y3NZMQUL,92,1-0,Black,<=5s vs <=5s,2235
nP6su4V2,55,1-0,White,<=5s vs 15-20s,1099
Uy1dJgmH,120,1/2-1/2,Black,<=5s vs 5-10s,2827
ZmpWcKF7,56,0-1,Black,<=5s vs 10-15s,1013
8Z069HCg,110,0-1,Black,<=5s vs 10-15s,2384
C2r3gYh2,75,0-1,White,<=5s vs <=5s,1343
uING8zS3,74,0-1,Black,<=5s vs 5-10s,1736
K4K6VP3i,68,0-1,Black,<=5s vs 5-10s,2159
aHkDgRIC,53,1-0,White,<=5s vs 10-15s,1398
XAAouZ8l,105,1-0,White,<=5s vs 10-15s,2516
YKreDgnj,136,1/2-1/2,Black,<=5s vs <=5s,1223
ZBO9yOxg,53,1-0,White,<=5s vs 10-15s,1946
UWXzDXEc,69,1-0,White,<=5s vs 10-15s,2250
0jxQ7geF,76,0-1,Black,<=5s vs 10-15s,1361
Q6Lgc5SW,65,1-0,White,<=5s vs 10-15s,2309
2i8FYG41,61,1-0,White,<=5s vs 15-20s,1799
UAPfTTKf,77,1-0,White,<=5s vs 5-10s,1233
IcqG3qDC,53,0-1,White,<=5s vs 5-10s,1842
OrJ17fK4,58,0-1,Black,<=5s vs 15-20s,1560
u3NQEVCE,68,0-1,Black,<=5s vs 10-15s,970
2bAGCNV1,80,0-1,Black,<=5s vs 10-15s,2283
oBUlBHba,70,1-0,Black,<=5s vs 15-20s,2004
9YGNWxBV,56,1-0,Black,<=5s vs 5-10s,1309
mICeQMUk,108,1/2-1/2,Black,<=5s vs 5-10s,2030
WadglnK8,47,1-0,White,<=5s vs 10-15s,1365
tACgNzBK,106,0-1,Black,<=5s vs 10-15s,2448
YOOolcfy,112,0-1,Black,<=5s vs 5-10s,1932
L0Zetinr,117,1-0,White,<=5s vs 15-20s,2747
J02xX6uX,70,0-1,Black,<=5s vs 15-20s,1854
Q8BIi0Ml,44,1-0,Black,<=5s vs <=5s,1057
HwK2ejfC,54,0-1,Black,<=5s vs 10-15s,1684
RCwrxKeL,75,1-0,White,<=5s vs 10-15s,2453
P0PErY2W,61,1-0,White,<=5s vs 10-15s,2024
PTRUur7T,50,0-1,Black,<=5s vs 5-10s,970
fbyosid1,220,1/2-1/2,Black,<=5s vs 10-15s,1355
ZUPh5MCw,76,0-1,Black,<=5s vs 5-10s,2010
qEyuMC20,55,1-0,White,<=5s vs 10-15s,1364
maTbO8kX,117,1-0,White,<=5s vs 5-10s,2433
Xc1c3Z9H,90,0-1,Black,<=5s vs 5-10s,2323
e8i6DIHD,97,1-0,White,<=5s vs 10-15s,2967
jsHsDBuc,56,0-1,Black,<=5s vs 15-20s,1725
n3kPVQox,81,1-0,White,<=5s vs 5-10s,1821
YZvNNWSP,73,1-0,White,<=5s vs 15-20s,1766
aa5xND7P,128,1/2-1/2,Black,<=5s vs 10-15s,2159
11xqCkXa,50,0-1,Black,<=5s vs 10-15s,873
OzDiNDHy,50,0-1,Black,<=5s vs 10-15s,1166
BBUcLkXD,68,0-1,Black,<=5s vs 10-15s,1884
QH5VKnVh,77,1-0,White,<=5s vs 10-15s,1915
wu3mD47p,64,0-1,Black,<=5s vs 10-15s,1390
H7HMrZEf,65,1-0,White,<=5s vs 5-10s,2349
hkrzOp3N,46,0-1,Black,<=5s vs 15-20s,1226
L0Zcm2Gs,56,0-1,Black,<=5s vs 5-10s,2240
xW40voUn,103,1-0,White,<=5s vs 10-15s,2412
3yL77kRj,89,1-0,White,<=5s vs 10-15s,2441
mhHJFAVb,93,1-0,White,<=5s vs 5-10s,1631
R1wzMmW5,45,1-0,White,<=5s vs 10-15s,1657
CzxwQ7ud,77,1-0,White,<=5s vs 15-20s,1984
yBMKJeGy,42,0-1,Black,<=5s vs 15-20s,1170
6IcghTIK,78,0-1,Black,<=5s vs 15-20s,1666
JKXVOwFt,147,1/2-1/2,White,<=5s vs 5-10s,2392
U3C5RiAy,61,1-0,White,<=5s vs 10-15s,1801
qrqDwsDV,92,0-1,Black,<=5s vs 5-10s,2810
DLdafUo6,63,1-0,White,<=5s vs 10-15s,2173
vLJB80aD,100,0-1,Black,<=5s vs 5-10s,2670
gGEgOpn5,30,0-1,Black,<=5s vs 15-20s,1630
4vud2EN9,70,0-1,Black,<=5s vs 5-10s,1993
E7f9tgSN,101,1/2-1/2,White,<=5s vs 5-10s,2576
gNAUgYeD,105,1/2-1/2,White,<=5s vs 5-10s,2898
pPzUlfms,50,0-1,Black,<=5s vs 5-10s,920
rZ0pUJcY,76,0-1,Black,<=5s vs 15-20s,2073
pUREwbX4,61,1-0,White,<=5s vs 15-20s,1610
2KTG9ahZ,53,1-0,White,<=5s vs 10-15s,1236
2p0vxn2m,141,1-0,White,<=5s vs 10-15s,2357
3T07DzTW,74,0-1,Black,<=5s vs 5-10s,1745
gee0jQJi,57,0-1,White,<=5s vs 10-15s,1747
dThTzXCu,50,1-0,Black,<=5s vs 5-10s,1140
mRTpzXy2,92,0-1,Black,<=5s vs 15-20s,1529
vaSR7Rch,107,1/2-1/2,White,<=5s vs 15-20s,2412
PVXtzmv5,69,1-0,White,<=5s vs 15-20s,1768
0OGo3087,43,1-0,White,<=5s vs 15-20s,1849
T1p09oRf,71,0-1,White,<=5s vs 5-10s,1401
9a7NqpMy,73,1-0,White,<=5s vs 10-15s,1917
I7aimdJV,98,0-1,Black,<=5s vs 15-20s,2297
iQQnSHsw,40,0-1,Black,<=5s vs 5-10s,960
8w3qmIX8,93,1-0,White,<=5s vs 5-10s,2692
vK4f31iJ,46,0-1,Black,<=5s vs 15-20s,935
dLKCFxJR,63,1-0,White,<=5s vs 10-15s,1193
fRz8ZZMo,80,0-1,Black,<=5s vs 10-15s,2146
W75m5HVG,41,1-0,White,<=5s vs 10-15s,827
AiQ0bdaE,86,0-1,Black,<=5s vs 15-20s,2084
JiSLYu4n,59,1-0,White,<=5s vs 10-15s,1206
y3v5TJfX,60,1-0,Black,<=5s vs 5-10s,1165
FxfcKXhs,72,0-1,Black,<=5s vs 10-15s,2090
mh2urNr0,47,1-0,White,<=5s vs 10-15s,1122
uJnTzf9L,76,0-1,Black,<=5s vs 15-20s,2669
R65qlCOK,50,0-1,Black,<=5s vs 15-20s,1681
csx0uzNI,56,0-1,Black,<=5s vs 5-10s,1754
A5EYVAdr,82,0-1,Black,<=5s vs 10-15s,1949
2bFnSazL,105,1/2-1/2,White,<=5s vs 5-10s,2447
o92f1zfp,79,1-0,White,<=5s vs 15-20s,2326
HGJjsuPs,44,0-1,Black,<=5s vs 15-20s,1367
DELsKBIS,69,1-0,White,<=5s vs 15-20s,2039
IpKNBgHR,86,1-0,Black,<=5s vs 10-15s,2246
jRHNy1Bq,90,0-1,Black,<=5s vs 10-15s,2155
vRghoFZg,111,1-0,White,<=5s vs 10-15s,2593
MnOVg4ej,50,0-1,Black,<=5s vs 5-10s,918
ZcJ8cKKv,140,1/2-1/2,Black,<=5s vs <=5s,2599
FGodtfPb,71,1-0,White,<=5s vs <=5s,901
gHr733Em,61,0-1,White,<=5s vs 5-10s,1378
04a7J6SZ,73,1-0,White,<=5s vs 15-20s,2218
AYAdgjnd,96,1-0,Black,<=5s vs 5-10s,1776
eNilwaOL,62,0-1,Black,<=5s vs 10-15s,1464
xS1tgtzL,60,0-1,Black,<=5s vs 15-20s,1638
9rgzUcPc,57,0-1,White,<=5s vs <=5s,1524
ENUh9wTR,57,1-0,White,<=5s vs 15-20s,1702
qcTFINRD,60,0-1,Black,<=5s vs 5-10s,1671
ZNJEkZDz,52,1-0,Black,<=5s vs 10-15s,1325
Qdi2AlzW,57,0-1,White,<=5s vs 10-15s,1034
APcs9t1s,75,1-0,White,<=5s vs <=5s,1680
8GRgQtNg,84,0-1,Black,<=5s vs 10-15s,2409
VvD7nvmz,42,0-1,Black,<=5s vs 15-20s,1258
ONm70d8S,63,1-0,White,<=5s vs 10-15s,1181
ClgSO5NG,125,1/2-1/2,White,<=5s vs 15-20s,2441
HmWavgwD,112,1-0,Black,<=5s vs <=5s,2331
dX5JbKRf,69,1-0,White,<=5s vs 15-20s,1720
G6ONdNpf,70,0-1,Black,<=5s vs 5-10s,1908
nrRqG2TW,78,0-1,Black,<=5s vs 5-10s,2177
5bbPTllp,88,1-0,Black,<=5s vs <=5s,2028
ICni20Md,125,1-0,White,<=5s vs 10-15s,2389
JrdrYBDS,38,0-1,Black,<=5s vs 15-20s,1746
o4iWaftT,124,0-1,Black,<=5s vs 10-15s,3177
Sl6lQxt6,36,0-1,Black,<=5s vs 15-20s,1084
faJoOuKa,66,0-1,Black,<=5s vs 15-20s,1945
o3m9zmwL,58,0-1,Black,<=5s vs 10-15s,1361
oCBjVugA,69,0-1,White,<=5s vs 5-10s,2333
frXSTeUQ,64,0-1,Black,<=5s vs 10-15s,1508
YWISDZUL,110,1-0,Black,<=5s vs 5-10s,1931
UZU7ATaT,53,1-0,White,<=5s vs 15-20s,1959
bvxatnqH,100,0-1,Black,<=5s vs 5-10s,2762
7LKgBdUc,93,1-0,White,<=5s vs 10-15s,2155
wcmh4mdG,53,1-0,White,<=5s vs 10-15s,1672
9TR3ZnaS,56,0-1,Black,<=5s vs 5-10s,829
nxkOSRDB,70,0-1,Black,<=5s vs 5-10s,1382
B5Iuyb5t,90,1-0,Black,<=5s vs 15-20s,1764
vdHvZ2Zi,68,0-1,Black,<=5s vs 10-15s,2082
Rh07sUn8,64,0-1,Black,<=5s vs 5-10s,1253
qf7NwsZn,93,1-0,White,<=5s vs 10-15s,2225
MFPMWHrX,85,1-0,White,<=5s vs 10-15s,2507
yWSHNcyQ,87,1-0,White,<=5s vs 5-10s,2482
5s27sA32,51,1-0,White,<=5s vs 10-15s,1904
6W8Pq4ZH,66,0-1,Black,<=5s vs 5-10s,1354
fF2Bb7Fp,120,0-1,Black,<=5s vs 5-10s,1483
jDN69YhX,85,1-0,White,<=5s vs 5-10s,1842
c8eNNH5b,81,1-0,White,<=5s vs 15-20s,1846
c5Vv4nGm,58,0-1,Black,<=5s vs <=5s,1768
5aof0bmH,122,1/2-1/2,Black,<=5s vs 10-15s,1277
qoisfzwz,58,0-1,Black,<=5s vs 5-10s,1758
VIZB5Bpf,97,1-0,White,<=5s vs 10-15s,2603
XT4yYkws,80,0-1,Black,<=5s vs 10-15s,1841
3t4fqbL4,60,0-1,Black,<=5s vs 5-10s,1697
Erb78P6j,62,0-1,Black,<=5s vs 10-15s,1438
cI36xqzO,54,0-1,Black,<=5s vs <=5s,1224
4nznDYxR,61,1-0,White,<=5s vs <=5s,1913
HowlLSI6,74,0-1,Black,<=5s vs 5-10s,2271
H0vZRbvI,66,1-0,Black,<=5s vs <=5s,1557
Shmy0DhD,84,0-1,Black,<=5s vs 5-10s,1892
6RKx1EGZ,66,0-1,Black,<=5s vs 15-20s,1745
ay2zIiGZ,58,0-1,Black,<=5s vs 5-10s,1419
Mlh9An7G,145,0-1,White,<=5s vs 15-20s,1129
3ObhvvdZ,62,0-1,Black,<=5s vs 15-20s,1498
qcjsJQer,97,1-0,White,<=5s vs 5-10s,2040
ZRM4RuRM,50,0-1,Black,<=5s vs 10-15s,1190
U62dtVUc,43,1-0,White,<=5s vs 15-20s,857
I2EoLgPJ,82,1-0,Black,<=5s vs 5-10s,1744
1mwJphzm,210,1/2-1/2,Black,<=5s vs 5-10s,2501
9jkZFqOh,140,1-0,Black,<=5s vs 5-10s,2482
gCfv2EyL,65,1-0,White,<=5s vs 10-15s,2075
QRa492O3,89,1/2-1/2,White,<=5s vs 5-10s,2759
3JHIjBLA,65,1-0,White,<=5s vs 5-10s,2053
7N4eEFSm,79,0-1,White,<=5s vs 5-10s,2263
E7YSKgkj,98,0-1,Black,<=5s vs 5-10s,1667
7KXgthyT,77,1-0,White,<=5s vs <=5s,2526
YdK2vgnX,56,0-1,Black,<=5s vs 15-20s,1610
4fHAvJJ1,70,0-1,Black,<=5s vs 5-10s,1698
XAuwuEbD,109,1-0,White,<=5s vs 10-15s,2230
E10me0P7,62,0-1,Black,<=5s vs 10-15s,1443
p1U03Y8t,75,1-0,White,<=5s vs 5-10s,1014
se4D1mIW,109,1-0,White,<=5s vs <=5s,2464
MBZ6v4ym,35,1-0,White,<=5s vs 10-15s,882
5B65u8XM,84,1-0,Black,<=5s vs <=5s,2220
KU3AdP29,76,0-1,Black,<=5s vs 5-10s,2080
lDOTSsf1,50,0-1,Black,<=5s vs 5-10s,2190
ka5jttMH,69,1-0,White,<=5s vs 5-10s,2092
1oWvXtgL,61,1-0,White,<=5s vs 15-20s,2368
CgX4Af80,58,0-1,Black,<=5s vs 15-20s,1456
MtlknCej,61,1-0,White,<=5s vs 15-20s,1491
Deyo5pPA,71,1-0,White,<=5s vs 5-10s,981
CHxAP2AF,100,1-0,Black,<=5s vs 5-10s,2634
rT1Ez4kO,91,1-0,White,<=5s vs 10-15s,2131
VDhK24Sx,90,0-1,Black,<=5s vs 5-10s,1917
AofOXzX0,79,0-1,White,<=5s vs <=5s,1472
8MrO0W3L,106,0-1,Black,<=5s vs 15-20s,1832
ysjF1wuK,85,1-0,White,<=5s vs 10-15s,1576
sDpdDPcT,64,0-1,Black,<=5s vs 15-20s,733
JCnQt3ep,103,0-1,White,<=5s vs 5-10s,2383
0jb3846q,59,1-0,White,<=5s vs 10-15s,1319
bx3ZmcDW,77,1-0,White,<=5s vs 10-15s,1269
E36Coaae,69,1-0,White,<=5s vs 15-20s,1883
v06WmOU1,58,0-1,Black,<=5s vs 15-20s,1398
TvtmuEbW,63,1-0,White,<=5s vs 5-10s,1314
2C92Ni33,142,0-1,Black,<=5s vs 15-20s,2286
DzcvOIc0,67,1-0,White,<=5s vs 15-20s,2450
wHc0svXu,58,0-1,Black,<=5s vs 15-20s,2080
CYvY6tzh,78,1-0,Black,<=5s vs <=5s,2098
7yy0QHbK,62,0-1,Black,<=5s vs 10-15s,1729
GB6dUY4A,149,1/2-1/2,White,<=5s vs <=5s,2775
4g6GbDqB,70,0-1,Black,<=5s vs <=5s,1683
qI261mty,106,1-0,Black,<=5s vs <=5s,1322
Tovrk6lt,56,0-1,Black,<=5s vs 10-15s,1568
GTtCiQ6s,99,1-0,White,<=5s vs 5-10s,2682
QI7fCNtZ,120,0-1,Black,<=5s vs 15-20s,2212
sBmV2hN5,64,0-1,Black,<=5s vs 5-10s,2027
Vyod6FWe,56,0-1,Black,<=5s vs 15-20s,1569
RrDesyjJ,69,0-1,White,<=5s vs <=5s,2176
3QoMGAtu,85,1-0,White,<=5s vs 5-10s,2541
YSkyCAEL,59,1-0,White,<=5s vs 15-20s,2308
H5bzx6nM,101,1-0,White,<=5s vs 15-20s,2159
pZdwkRiJ,66,0-1,Black,<=5s vs 5-10s,1141
oJHOwOQi,73,0-1,White,<=5s vs 10-15s,3012
7KSvP4My,86,1-0,Black,<=5s vs <=5s,2160
0uv9Qx3A,57,1-0,White,<=5s vs 5-10s,1069
ZOJ2qbex,77,1/2-1/2,White,<=5s vs 5-10s,1595
vpVBGtfa,81,1-0,White,<=5s vs <=5s,2098
EwO7sPdT,42,0-1,Black,<=5s vs 10-15s,1107
0rHRbMyc,97,1/2-1/2,White,<=5s vs 5-10s,2532
5BAnfCGK,68,1-0,Black,<=5s vs 5-10s,1185
TyY2jP4W,40,0-1,Black,<=5s vs 5-10s,1642
zcCgbC8q,74,1/2-1/2,Black,<=5s vs <=5s,2409
VKQcYJBo,60,0-1,Black,<=5s vs 15-20s,1004
DgYvyY7S,50,1-0,Black,<=5s vs <=5s,1676
lToKYDUu,91,0-1,White,<=5s vs 5-10s,2466
dhy8L5gK,136,1/2-1/2,Black,<=5s vs 10-15s,1486
KTrBkE7c,112,0-1,Black,<=5s vs 5-10s,2796
sZ3n2ykd,60,0-1,Black,<=5s vs 5-10s,1906
tjTPmBEV,50,0-1,Black,<=5s vs 15-20s,1758
RKzx0hxY,91,1-0,White,<=5s vs 15-20s,2263
GZGgLL1q,62,0-1,Black,<=5s vs 5-10s,1635
GsA22yGF,69,1-0,White,<=5s vs 5-10s,1742
HP1NBDWy,84,0-1,Black,<=5s vs 5-10s,2179
gjkzB8Mr,72,0-1,Black,<=5s vs 5-10s,2056
29aCsEkU,101,1/2-1/2,White,<=5s vs 5-10s,2003
49iDEdaO,71,0-1,White,<=5s vs 5-10s,1574
bMoOn0Hn,103,1-0,White,<=5s vs 10-15s,2518
N86r9rrT,68,0-1,Black,<=5s vs 15-20s,1885
WS1cm6Xz,102,1/2-1/2,Black,<=5s vs 10-15s,1932
xiJQB1Ph,65,1-0,White,<=5s vs 5-10s,820
IPohRV7i,80,1-0,Black,<=5s vs <=5s,1537
8z1imSlx,75,1-0,White,<=5s vs 5-10s,1073
2CBd8Ryy,55,1-0,White,<=5s vs 5-10s,1787
F4l3Nebs,109,0-1,White,<=5s vs 5-10s,2225
StldYglJ,104,0-1,Black,<=5s vs 5-10s,1686
jj7G3xvj,75,1-0,White,<=5s vs 5-10s,2381
OjOyXKaM,92,0-1,Black,<=5s vs 10-15s,2456
07vLhgRF,95,0-1,White,<=5s vs 5-10s,2404
5bywq5gZ,92,0-1,Black,<=5s vs 15-20s,2304
TWA8gBeV,78,0-1,Black,<=5s vs 10-15s,2012
R0P8uQQ3,105,1-0,White,<=5s vs 10-15s,2302
yaXs6win,74,0-1,Black,<=5s vs 5-10s,2539
juhLhdBg,85,1-0,White,<=5s vs 5-10s,1950
NqUAwQW5,67,1-0,White,<=5s vs 5-10s,1184
JJXeXJ2H,152,0-1,Black,<=5s vs 10-15s,2537
MK827wFa,78,1-0,Black,<=5s vs 5-10s,1937
zjq1mIVp,51,1-0,White,<=5s vs 10-15s,1313
TE2PGQBW,48,0-1,Black,<=5s vs 15-20s,1585
30UycKS3,58,0-1,Black,<=5s vs 10-15s,1691
FX7ORRPU,69,1-0,White,<=5s vs 5-10s,2186
YCUvILMl,48,0-1,Black,<=5s vs 10-15s,991
vlPkxqLg,74,0-1,Black,<=5s vs <=5s,1495
gNZCR5Y1,75,1-0,White,<=5s vs 5-10s,1916
vrCEUjpp,40,0-1,Black,<=5s vs 15-20s,766
4rrse8o8,72,1-0,Black,<=5s vs 5-10s,1811
aqSeiXF8,59,1-0,White,<=5s vs 5-10s,1823
UamN001d,85,1-0,White,<=5s vs 15-20s,1815
EdAiJq5o,58,0-1,Black,<=5s vs 15-20s,1319
Ipsti3pH,60,0-1,Black,<=5s vs <=5s,2282
PRteMDS2,67,1-0,White,<=5s vs 10-15s,1618
aaW3AVY7,112,1-0,Black,<=5s vs 15-20s,1584
vdFnZTME,72,1-0,Black,<=5s vs <=5s,1317
lHo33M7L,75,0-1,White,<=5s vs 5-10s,1909
kWLwb2NN,54,1-0,Black,<=5s vs <=5s,1047
JRSKiYHU,63,1-0,White,<=5s vs 15-20s,2206
NkRUAE70,41,1-0,White,<=5s vs 15-20s,1445
VXx9nibF,47,1-0,White,<=5s vs 15-20s,1527
xYMyGTx7,69,1-0,White,<=5s vs 10-15s,1948
4yVvuTik,71,1-0,White,<=5s vs 15-20s,1333
GOv3dH07,88,0-1,Black,<=5s vs 15-20s,2459
FA34koVJ,45,1-0,White,<=5s vs 5-10s,1105
Ym9YMF3e,70,0-1,Black,<=5s vs 5-10s,1512
1Hj6NcIT,81,1-0,White,<=5s vs 15-20s,2554
oHlS3zls,94,1-0,Black,<=5s vs <=5s,1287
OmfY75BZ,85,1-0,White,<=5s vs <=5s,2644
mEK5sYSd,78,0-1,Black,<=5s vs 15-20s,1096
ZLJdyyq1,38,0-1,Black,<=5s vs 15-20s,1159
CC6JqdT4,80,1-0,Black,<=5s vs <=5s,1810
vxebxWhY,64,0-1,Black,<=5s vs 10-15s,1582
GbDNr9cX,110,0-1,Black,<=5s vs 10-15s,2039
QK2YrAQy,67,0-1,White,<=5s vs 10-15s,2350
Fr3dfhAg,50,0-1,Black,<=5s vs 10-15s,1629
WkXpM7Zo,65,1-0,White,<=5s vs 10-15s,1580
WMGjOPGz,147,1-0,White,<=5s vs 5-10s,2011
vSVUcWjl,62,0-1,Black,<=5s vs 15-20s,1989
E0Ase5RN,83,1-0,White,<=5s vs 15-20s,2645
F9FXKYou,103,1-0,White,<=5s vs 10-15s,2311
os5V3erx,85,0-1,White,<=5s vs <=5s,2235
6QQpa3gT,59,1-0,White,<=5s vs 15-20s,1772
Snip99Dy,70,0-1,Black,<=5s vs 5-10s,1190
NMCyUD38,94,1-0,Black,<=5s vs 5-10s,2609
yBWOZyGy,58,0-1,Black,<=5s vs 15-20s,2040
sOIAUxi4,68,0-1,Black,<=5s vs 10-15s,1865
3Slxd5qj,77,1-0,White,<=5s vs 10-15s,980
v4YyzuWf,102,0-1,Black,<=5s vs 5-10s,2449
AHCBswIi,82,0-1,Black,<=5s vs <=5s,1674
FfOgFrWt,57,1-0,White,<=5s vs 15-20s,735
Or46FWPW,74,0-1,Black,<=5s vs <=5s,2071
Gm0zkErQ,42,1-0,Black,<=5s vs 5-10s,1004
8na0oUih,37,1-0,White,<=5s vs 15-20s,1614
4hQSN3uc,43,1-0,White,<=5s vs 15-20s,993
cEv16XMt,74,1-0,Black,<=5s vs <=5s,2277
kNMHZgPc,84,0-1,Black,<=5s vs 5-10s,1442
p3PPCLtY,68,0-1,Black,<=5s vs 15-20s,2482
EmQ6VILh,91,0-1,White,<=5s vs 5-10s,2437
RDFDtWXm,72,0-1,Black,<=5s vs 10-15s,2066
OdHaG01j,93,1-0,White,<=5s vs 10-15s,2499
876ZyOvg,69,1-0,White,<=5s vs 15-20s,1753
mwH5S9sY,69,1-0,White,<=5s vs 10-15s,1894
L298q6wq,55,1-0,White,<=5s vs 15-20s,2180
E8kkjBnz,70,0-1,Black,<=5s vs 10-15s,2517
iL0eYiyR,74,0-1,Black,<=5s vs 15-20s,1991
fOeJIPUv,50,1-0,Black,<=5s vs 10-15s,1960
1kRAB7cm,102,0-1,Black,<=5s vs 15-20s,1799
qZUQ5lUR,82,0-1,Black,<=5s vs 10-15s,1500
QiFs2htK,70,0-1,Black,<=5s vs 15-20s,2159
JEibdNRV,57,1-0,White,<=5s vs 10-15s,1412
iKBPyUqE,59,1-0,White,<=5s vs 15-20s,1655
ZhASmpEG,52,0-1,Black,<=5s vs 5-10s,1607
27THhUX7,57,1-0,White,<=5s vs 15-20s,1283
Js5GDwL0,88,0-1,Black,<=5s vs 15-20s,2637
3DcWUP23,59,1-0,White,<=5s vs 5-10s,1159
6zd7xvZI,68,0-1,Black,<=5s vs 15-20s,926
Fyda652G,38,0-1,Black,<=5s vs 5-10s,834
5zpBjNlw,78,0-1,Black,<=5s vs <=5s,1861
cWkoa60W,56,0-1,Black,<=5s vs 5-10s,1575
SvfYD0Gt,83,1-0,White,<=5s vs 5-10s,2037
AMUlvbLh,52,0-1,Black,<=5s vs 15-20s,1595
AVZdXf9W,69,1-0,White,<=5s vs <=5s,1207
IZfmlmID,76,0-1,Black,<=5s vs 5-10s,1430
wmW9HSw2,67,1-0,White,<=5s vs 15-20s,1772
2hDEU8oe,28,0-1,Black,<=5s vs 10-15s,1132
IqWzgyQz,58,0-1,Black,<=5s vs 15-20s,2207
HIqYyKPq,84,1/2-1/2,Black,<=5s vs 10-15s,1631
6IP04Xku,68,0-1,Black,<=5s vs 10-15s,1189
wiEPwreD,109,1-0,White,<=5s vs 5-10s,1295
HlPhYpee,54,0-1,Black,<=5s vs 15-20s,1196
9aSIkF4A,90,1-0,Black,<=5s vs <=5s,2362
EgOSTLQ5,36,1-0,Black,<=5s vs 5-10s,1118
ONlgly9Y,81,0-1,White,<=5s vs 5-10s,2533
CFMRrcg0,62,0-1,Black,<=5s vs 5-10s,1363
Gd2Q2xzN,109,1-0,White,<=5s vs 5-10s,1598
ctCUWLnc,68,1-0,Black,<=5s vs <=5s,2411
bocVyzr4,60,1-0,Black,<=5s vs 10-15s,1859
DfHLrmOq,123,1/2-1/2,White,<=5s vs 5-10s,1971
MvYXDhso,57,1-0,White,<=5s vs 10-15s,1359
fRlgqcdd,56,0-1,Black,<=5s vs 5-10s,2374
v4e3eMfM,79,1-0,White,<=5s vs 5-10s,1911
qcfLRyoC,64,0-1,Black,<=5s vs 10-15s,1584
L878o0DD,122,0-1,Black,<=5s vs 15-20s,2608
QTzVJJQf,66,0-1,Black,<=5s vs 15-20s,1895
wL34OLeI,45,1-0,White,<=5s vs 10-15s,1266
OD6M2y3G,118,1/2-1/2,Black,<=5s vs 5-10s,2654
Ce3ciWFd,59,1-0,White,<=5s vs 5-10s,1511
jWR0q2UE,52,0-1,Black,<=5s vs 5-10s,1562
1mz9D5Vh,79,1-0,White,<=5s vs 10-15s,2246
2NgvEEnW,74,0-1,Black,<=5s vs 15-20s,2018
IXFNb1Q6,55,1-0,White,<=5s vs 5-10s,1846
Cp11WWj9,71,1-0,White,<=5s vs 10-15s,1861
Pof7XcuE,91,1-0,White,<=5s vs <=5s,1918
6cGOS6JJ,52,0-1,Black,<=5s vs 15-20s,1595
BvC8dm0N,97,1-0,White,<=5s vs 10-15s,1978
q4ges8Ng,64,0-1,Black,<=5s vs 5-10s,1247
3U7HYt30,67,0-1,White,<=5s vs 5-10s,2006
UK1QsHfI,81,1-0,White,<=5s vs 15-20s,967
5Z1Teswz,107,1-0,White,<=5s vs 5-10s,2078
GgyBzjmf,75,0-1,White,<=5s vs 5-10s,1889
AASJVwh6,79,1-0,White,<=5s vs 5-10s,1828
mTQHSLMT,52,0-1,Black,<=5s vs 10-15s,2287
GtD3OCk1,108,0-1,Black,<=5s vs 15-20s,1865
MuVZ3K62,71,1-0,White,<=5s vs 10-15s,1642
qnAtnUw5,50,0-1,Black,<=5s vs 15-20s,1050
GHA2GVkJ,85,1-0,White,<=5s vs 10-15s,2554
1pzUDrAO,62,0-1,Black,<=5s vs 15-20s,1333
eHq1Rxmp,64,1-0,Black,<=5s vs 5-10s,1390
jfrjyJCO,33,1-0,White,<=5s vs 15-20s,980
dQcZp9Yk,117,1-0,White,<=5s vs 15-20s,2556
RGGF55aR,50,0-1,Black,<=5s vs 5-10s,1032
jlakDREF,60,0-1,Black,<=5s vs 5-10s,1591
gSitzmWA,86,0-1,Black,<=5s vs 15-20s,2145
1Td2ifUn,63,1-0,White,<=5s vs 15-20s,1380
i6vrRHQU,74,0-1,Black,<=5s vs 10-15s,1687
VMHT7r6a,74,0-1,Black,<=5s vs 5-10s,2015
M15CRtMN,62,0-1,Black,<=5s vs 15-20s,2444
xcqRfDzV,55,1-0,White,<=5s vs 5-10s,1316
2y2XFCQ3,68,0-1,Black,<=5s vs 10-15s,1590
548pXj4T,70,0-1,Black,<=5s vs 5-10s,1867
I92ppcG3,55,1-0,White,<=5s vs 10-15s,1222
aq6eKcKx,64,0-1,Black,<=5s vs 5-10s,1597
2my5Ates,73,0-1,White,<=5s vs 5-10s,2490
qmOMxznH,107,1-0,White,<=5s vs 10-15s,2335
25vWkmHb,77,1-0,White,<=5s vs 10-15s,1765
DhCghGZp,53,0-1,White,<=5s vs 5-10s,1370
QtbTKcTP,53,1-0,White,<=5s vs 15-20s,1186
fSE9aGzB,73,1-0,White,<=5s vs 15-20s,1752
A0Qa0aWa,67,1-0,White,<=5s vs 10-15s,1398
dFgFqo2c,66,0-1,Black,<=5s vs 10-15s,2501
G1pWNe3z,78,0-1,Black,<=5s vs <=5s,1334
B0SMy4Yj,66,0-1,Black,<=5s vs 10-15s,2381
NV9MtSuR,80,1-0,Black,<=5s vs <=5s,2391
VjmYXrpS,39,1-0,White,<=5s vs 10-15s,1069
MlhAxdNG,129,1-0,White,<=5s vs 5-10s,2121
l4b0PUmo,92,0-1,Black,<=5s vs 15-20s,2380
yo3M3ZKE,71,0-1,White,<=5s vs 5-10s,1364
mG52TUbX,58,0-1,Black,<=5s vs 15-20s,2081
EH9d7QSm,66,1-0,Black,<=5s vs 5-10s,1237
8N4Z4QLn,59,1-0,White,<=5s vs 10-15s,1847
jO8W1Evf,59,1-0,White,<=5s vs 15-20s,1984
lI3P5Hsy,58,0-1,Black,<=5s vs 10-15s,1640
JDhvagDP,93,1/2-1/2,White,<=5s vs 5-10s,2551
jsyLjbme,71,0-1,White,<=5s vs 5-10s,2534
SwFL5uac,66,0-1,Black,<=5s vs 10-15s,1675
H3X1pCPU,48,0-1,Black,<=5s vs 5-10s,997
3jE6qeO8,83,0-1,White,<=5s vs <=5s,2519
wvO0JN4m,67,1-0,White,<=5s vs 15-20s,1509
uP7EcTTZ,73,1-0,White,<=5s vs 5-10s,2498
RprdH4tv,64,0-1,Black,<=5s vs <=5s,1829
nMqtkfsD,79,0-1,White,<=5s vs <=5s,1944
DpWpwo3D,88,0-1,Black,<=5s vs 10-15s,2197
RxVCvosH,50,0-1,Black,<=5s vs 15-20s,1706
v8mIQCD2,120,0-1,Black,<=5s vs 5-10s,2453
Hd19sDrb,88,1-0,Black,<=5s vs <=5s,2476
rcCmkL7u,54,0-1,Black,<=5s vs 15-20s,1489
SsxrPI6g,92,1-0,Black,<=5s vs <=5s,2392
lAHAZHA0,69,1-0,White,<=5s vs 5-10s,1535
0UynCIIl,40,0-1,Black,<=5s vs 15-20s,964
PphvzePz,77,1-0,White,<=5s vs 5-10s,2161
D7Ybo9Mf,75,1-0,White,<=5s vs 5-10s,1723
ryL5HGto,76,1-0,Black,<=5s vs 5-10s,2034
EztJ3AsD,101,1-0,White,<=5s vs 5-10s,2379
CZWSPLDz,104,0-1,Black,<=5s vs 5-10s,2373
F0VxUEcl,85,0-1,White,<=5s vs 5-10s,2059
3hS89UAD,100,1/2-1/2,Black,<=5s vs 15-20s,1438
F9dMBDRv,56,0-1,Black,<=5s vs 15-20s,2403
RD8sXSSK,65,1-0,White,<=5s vs 15-20s,979
AS3sjyr8,87,0-1,White,<=5s vs 5-10s,2542
NPTTDwgL,105,1-0,White,<=5s vs 15-20s,2793
pm3FVTLM,83,1-0,White,<=5s vs 5-10s,2375
8GNuEfDu,41,1-0,White,<=5s vs 5-10s,1060
Q514cbE0,60,0-1,Black,<=5s vs 10-15s,904
f4jb4jII,73,0-1,White,<=5s vs 10-15s,1626
cXisPNe2,68,0-1,Black,<=5s vs <=5s,2184
1Qc9Xkzr,112,1/2-1/2,Black,<=5s vs 5-10s,2644
4ctubsyJ,71,1-0,White,<=5s vs 5-10s,1988
rwiHn6No,64,0-1,Black,<=5s vs 5-10s,1048
ot3IhWFN,58,0-1,Black,<=5s vs 5-10s,1430
aXc5u1zp,69,1-0,White,<=5s vs 15-20s,2114
8Kc3XNIY,130,1/2-1/2,Black,<=5s vs 5-10s,1860
wNMSiiys,78,0-1,Black,<=5s vs 5-10s,1650
2L68sSyI,51,1-0,White,<=5s vs 15-20s,1671
DN9x0360,74,0-1,Black,<=5s vs <=5s,1393
JTWzLg0y,76,1/2-1/2,Black,<=5s vs 5-10s,2011
5HnJwdMg,86,0-1,Black,<=5s vs <=5s,1981
Qzqit4vT,111,1-0,White,<=5s vs 15-20s,2447
4JOLTiYX,140,1/2-1/2,Black,<=5s vs 5-10s,2790
gxkEwZ8o,81,1-0,White,<=5s vs 5-10s,1963
kO0fpNxn,104,0-1,Black,<=5s vs 10-15s,2026
DBoonBNT,114,0-1,Black,<=5s vs 10-15s,1481
PQkgvshe,65,1-0,White,<=5s vs <=5s,1609
KDIEJNxV,70,1/2-1/2,Black,<=5s vs 10-15s,1970
W69A7hUL,60,0-1,Black,<=5s vs 5-10s,1467
vbgxNH5D,59,1-0,White,<=5s vs 10-15s,1463
XMSVdKnC,60,0-1,Black,<=5s vs 15-20s,1396
7uYSNCpG,71,1-0,White,<=5s vs 10-15s,2047
BeThWoYh,79,1-0,White,<=5s vs <=5s,1628
wdNUusXN,71,1-0,White,<=5s vs 10-15s,2466
Rj5J1KQE,68,1-0,Black,<=5s vs <=5s,1372
tm2FfLp4,51,1-0,White,<=5s vs 10-15s,1030
QgLoONA8,56,0-1,Black,<=5s vs 5-10s,1666
T6KHzQoi,44,0-1,Black,<=5s vs 15-20s,1921
1kBh4zt5,104,0-1,Black,<=5s vs 5-10s,2567
eId4sXlc,45,1-0,White,<=5s vs 15-20s,1346
cEFktqPo,44,0-1,Black,<=5s vs 10-15s,1305
juUzIzoB,75,1-0,White,<=5s vs 10-15s,1709
oSMuagTa,102,1/2-1/2,Black,<=5s vs 15-20s,1885
TtXJ4VyF,94,0-1,Black,<=5s vs <=5s,2603
W1FYbClI,76,0-1,Black,<=5s vs 10-15s,1261
3caGS2nf,89,1-0,White,<=5s vs 5-10s,2416
CbnOYwXn,67,1-0,White,<=5s vs 5-10s,2490
eNhyVn1K,88,0-1,Black,<=5s vs 10-15s,1779
91nLw2EZ,100,0-1,Black,<=5s vs 15-20s,2392
BnvpY7gL,79,1-0,White,<=5s vs 15-20s,2962
F0bUKHFN,74,0-1,Black,<=5s vs 10-15s,2537
AxcIJZXx,111,1-0,White,<=5s vs 5-10s,1617
43R4N3zM,57,1-0,White,<=5s vs 15-20s,1957
RQT9l1qB,115,1/2-1/2,White,<=5s vs 5-10s,2126
LHwdfp0M,96,1-0,Black,<=5s vs <=5s,2661
CmEmIVcC,65,1-0,White,<=5s vs 10-15s,1537
zkYFTJtY,152,0-1,Black,<=5s vs 5-10s,2336
ezznHq1H,66,0-1,Black,<=5s vs 5-10s,2039
LUlxhrFr,83,1-0,White,<=5s vs 5-10s,1837
17dluEQL,84,0-1,Black,<=5s vs 15-20s,1609
winKgfaJ,81,1-0,White,<=5s vs 10-15s,2592
5U1EYBwR,52,0-1,Black,<=5s vs 5-10s,1342
cn1oKTDL,84,0-1,Black,<=5s vs 15-20s,2053
4LIFmej6,112,1-0,Black,<=5s vs <=5s,2295
1mCg6NUZ,68,0-1,Black,<=5s vs 10-15s,1759
Jmwxkoq4,78,0-1,Black,<=5s vs <=5s,1290
9cmQZ9OD,46,0-1,Black,<=5s vs 15-20s,1634
TmDeCrNL,89,0-1,White,<=5s vs <=5s,1973
rPQ0ZK49,54,0-1,Black,<=5s vs 15-20s,1997
GdVlzR3F,71,1-0,White,<=5s vs 15-20s,2155
dFXXf17l,54,0-1,Black,<=5s vs 15-20s,1515
DvEiigBS,112,0-1,Black,<=5s vs 5-10s,1597
LukcR6T2,83,1-0,White,<=5s vs 10-15s,1451
fz7huRHf,88,1-0,Black,<=5s vs 10-15s,2242
UaBKCntp,105,1/2-1/2,White,<=5s vs 15-20s,2492
RLfnKvfx,103,1-0,White,<=5s vs 15-20s,2149
tlZkWJ0P,71,1-0,White,<=5s vs <=5s,1485
rRXHKnpP,60,1-0,Black,<=5s vs <=5s,959
Lf4oKCl7,86,0-1,Black,<=5s vs <=5s,2142
reA9oRHR,91,1/2-1/2,White,<=5s vs 15-20s,2617
VpTKQOzE,95,1-0,White,<=5s vs 10-15s,2100
Ds7diHq2,97,0-1,White,<=5s vs <=5s,1888
yPwvh1su,65,1-0,White,<=5s vs 15-20s,1723
JXQwwm56,95,1/2-1/2,White,<=5s vs 15-20s,2276
OFCEhcrp,57,1-0,White,<=5s vs 10-15s,1358
Gr1qnKT9,137,1/2-1/2,White,<=5s vs 5-10s,2242
NE9gp2yZ,38,0-1,Black,<=5s vs 15-20s,1278
r4V1eCul,74,1-0,Black,<=5s vs <=5s,1888
pUizpATu,64,0-1,Black,<=5s vs 10-15s,1695
rqkSzY5f,59,1-0,White,<=5s vs 10-15s,1835
7oxjyP4W,53,0-1,White,<=5s vs <=5s,1647
Zx9p2uBC,78,0-1,Black,<=5s vs 5-10s,2048
Szd63M22,59,1-0,White,<=5s vs 15-20s,2224
QU0yptyc,94,0-1,Black,<=5s vs <=5s,1562
hx5gA9x2,84,0-1,Black,<=5s vs 5-10s,2263
0e91QnSC,88,0-1,Black,<=5s vs 5-10s,1946
BNM5V41r,111,1-0,White,<=5s vs <=5s,1924
fKc2Tf7d,87,1-0,White,<=5s vs 5-10s,1750
xQ1oLZOR,44,0-1,Black,<=5s vs 15-20s,835
d6AOZ47R,62,0-1,Black,<=5s vs 5-10s,1264
Ppzo7jDo,55,1-0,White,<=5s vs 5-10s,1415
Udjzwlm1,45,1-0,White,<=5s vs 15-20s,1065
57tlonBs,59,1-0,White,<=5s vs <=5s,1517
POzKV0ZK,56,1-0,Black,<=5s vs <=5s,1133
yPSx4OcF,57,1-0,White,<=5s vs 15-20s,2852
y0R8PxJD,79,1-0,White,<=5s vs 15-20s,1816
A0du1i1w,138,0-1,Black,<=5s vs 10-15s,1654
mdE9W7qL,105,1-0,White,<=5s vs 5-10s,1914
Kz5kCNe4,58,1-0,Black,<=5s vs 10-15s,1246
nnN8zyAs,114,1/2-1/2,Black,<=5s vs 15-20s,2134
Mqcq8aDb,34,0-1,Black,<=5s vs 15-20s,1456
xcYugN43,74,0-1,Black,<=5s vs 10-15s,1444
93QpFyWq,44,0-1,Black,<=5s vs 15-20s,1603
zSHRf7Y3,75,1-0,White,<=5s vs 15-20s,1930
AGj1nGH9,67,0-1,White,<=5s vs 10-15s,1609
uYKPPtkr,74,0-1,Black,<=5s vs 5-10s,2776
QPW2VNSF,61,1-0,White,<=5s vs 10-15s,2025
3vHmFQV0,77,1-0,White,<=5s vs 10-15s,3027
67xatR7u,68,1-0,Black,<=5s vs <=5s,1912
woZoStP5,47,1-0,White,<=5s vs 15-20s,1224
EiMXcKIi,67,0-1,White,<=5s vs <=5s,1655
B1I16fPh,61,1-0,White,<=5s vs 10-15s,1476
erk4Mbru,48,0-1,Black,<=5s vs 15-20s,1131
f5xHLzim,69,1-0,White,<=5s vs 15-20s,2071
NSOSQjQA,45,1-0,White,<=5s vs 15-20s,1257
8JudUM6m,70,1-0,Black,<=5s vs <=5s,1784
s9YQX3Z0,81,1-0,White,<=5s vs 10-15s,1384
vydBLkQz,50,0-1,Black,<=5s vs 5-10s,895
HANhz4KY,62,1-0,Black,<=5s vs <=5s,958
0X4BJhXh,82,1-0,Black,<=5s vs 5-10s,1798
5tt8Hw3v,63,1-0,White,<=5s vs 15-20s,2280
a3MLWq75,62,0-1,Black,<=5s vs 5-10s,1722
VOfcdXpq,86,0-1,Black,<=5s vs 5-10s,1482
GPjo1riq,73,1-0,White,<=5s vs 5-10s,1942
7ysm6eiI,75,0-1,White,<=5s vs 5-10s,2363
skt8gW8N,56,0-1,Black,<=5s vs 10-15s,1534
jnALh7FL,85,1-0,White,<=5s vs 15-20s,2795
VQx85Lra,69,0-1,White,<=5s vs 5-10s,2493
OvayqVDO,89,1-0,White,<=5s vs <=5s,2242
Fj2GzyIT,60,0-1,Black,<=5s vs <=5s,1212
NWhSkNj8,69,1-0,White,<=5s vs 5-10s,1406
ZfJUTAiA,50,0-1,Black,<=5s vs 10-15s,1659
V18MgtmE,85,1-0,White,<=5s vs 5-10s,1366
PA6UtSRP,82,1-0,Black,<=5s vs <=5s,1936
ecsGRrZp,65,1-0,White,<=5s vs 5-10s,1807
o6gGiznz,60,0-1,Black,<=5s vs 5-10s,1308
NQyCuBFp,64,0-1,Black,<=5s vs 10-15s,2615
7NjcWuPV,56,0-1,Black,<=5s vs 15-20s,2204
ppy1K8Rr,60,1-0,Black,<=5s vs 5-10s,1291
AOYPxu60,69,1-0,White,<=5s vs <=5s,2513
87RBV1yj,47,1-0,White,<=5s vs 15-20s,1209
1GObJTU2,87,1-0,White,<=5s vs 10-15s,1914
FrvuZkAG,84,0-1,Black,<=5s vs 15-20s,2928
L6VWEaBd,51,1-0,White,<=5s vs 10-15s,1756
CzYA7hDK,122,1/2-1/2,Black,<=5s vs 5-10s,2266
rpq1fMMF,66,0-1,Black,<=5s vs 10-15s,1341
hflxtAAP,58,1-0,Black,<=5s vs 5-10s,1002
GEApBddB,60,0-1,Black,<=5s vs 5-10s,1430
oqcTsRMZ,81,1-0,White,<=5s vs 5-10s,1901
EhZ5E5qw,43,1-0,White,<=5s vs 5-10s,1547
YaSsxFnB,42,0-1,Black,<=5s vs 5-10s,973
WfiyRtKs,68,0-1,Black,<=5s vs 10-15s,1207
QZvePNsa,76,0-1,Black,<=5s vs 15-20s,1578
ZpUV5BBP,78,0-1,Black,<=5s vs <=5s,1799
77GYeYBB,66,0-1,Black,<=5s vs 15-20s,1800
6N6mE1dq,105,1-0,White,<=5s vs 15-20s,2405
E1Jyxnyc,80,0-1,Black,<=5s vs 5-10s,1800
Dx5KRMUt,145,1/2-1/2,White,<=5s vs 15-20s,1907
pn7052di,129,1/2-1/2,White,<=5s vs <=5s,2742
yIh7yfDW,58,0-1,Black,<=5s vs 5-10s,1996
Jb2cf5pI,60,0-1,Black,<=5s vs 5-10s,1511
v1IRjcE3,68,0-1,Black,<=5s vs 15-20s,1151
j4Lc0ix9,101,1-0,White,<=5s vs 10-15s,2708
w9rK7SVG,76,1-0,Black,<=5s vs 5-10s,2256
9yt4ApJe,68,0-1,Black,<=5s vs 10-15s,1746
hz08BLDh,123,1-0,White,<=5s vs 15-20s,2523
xGEvT2ob,88,0-1,Black,<=5s vs <=5s,1783
vAIkbyrv,66,1-0,Black,<=5s vs 10-15s,897
83NGkkVe,78,1-0,Black,<=5s vs <=5s,2243
WAUsb3JG,59,1-0,White,<=5s vs <=5s,940
8hX74bm8,76,0-1,Black,<=5s vs 5-10s,1407
DMa0rOtQ,50,0-1,Black,<=5s vs 10-15s,1565
aXwFShzC,78,0-1,Black,<=5s vs 10-15s,1637
QNQW2BA4,44,0-1,Black,<=5s vs 10-15s,1263
lhhdr9qJ,60,0-1,Black,<=5s vs 15-20s,1194
iDOXlYgr,37,1-0,White,<=5s vs 15-20s,1423
Evy0enJH,94,0-1,Black,<=5s vs 15-20s,2430
FmDE0L31,83,1-0,White,<=5s vs 5-10s,2312
r3GxFHwQ,56,0-1,Black,<=5s vs 5-10s,1263
4OCPspQl,83,0-1,White,<=5s vs <=5s,2073
fSYvkiTI,86,1-0,Black,<=5s vs <=5s,2358
9ykJCBF6,68,0-1,Black,<=5s vs 5-10s,1631
k2XI0ogx,64,0-1,Black,<=5s vs 5-10s,809
bAdI3W3Q,105,1-0,White,<=5s vs 5-10s,2227
6JZB26Xz,87,1-0,White,<=5s vs <=5s,1296
lfxAlL6f,134,1-0,Black,<=5s vs <=5s,2453
Nqi67qck,74,0-1,Black,<=5s vs 15-20s,1967
FDC5Cwsc,61,1-0,White,<=5s vs 5-10s,1291
L6493T4u,91,1-0,White,<=5s vs 5-10s,2342
R7ikqPhv,72,0-1,Black,<=5s vs 5-10s,1954
xvf0Vmkn,70,0-1,Black,<=5s vs 10-15s,2604
n1Sl18pl,69,1-0,White,<=5s vs <=5s,2099
UYWJZ3B6,79,1-0,White,<=5s vs 15-20s,1911
QCtV7HdV,73,1-0,White,<=5s vs 5-10s,1706
ju6Qbkiy,62,0-1,Black,<=5s vs <=5s,1380
JEHeRpD4,107,0-1,White,<=5s vs <=5s,1924
UICIIL0H,102,0-1,Black,<=5s vs 5-10s,2400
n95QVCWh,76,0-1,Black,<=5s vs 5-10s,1965
7R87GNV6,75,1-0,White,<=5s vs 5-10s,2554
ww0eaSf3,49,1-0,White,<=5s vs 10-15s,1278
O1bsPnX2,128,0-1,Black,<=5s vs 15-20s,2192
kt4frNxI,58,0-1,Black,<=5s vs <=5s,1566
e9wfWT9f,85,1-0,White,<=5s vs 5-10s,1834
UfTsLzzx,69,0-1,White,<=5s vs 5-10s,2294
ZzeZzJM6,72,1-0,Black,<=5s vs 15-20s,2289
sJPVRvyU,52,0-1,Black,<=5s vs 5-10s,1453
GZN7EWF6,84,1/2-1/2,Black,<=5s vs 5-10s,2480
2OE3Pk9u,89,1-0,White,<=5s vs 10-15s,2399
0E9PzKFB,55,1-0,White,<=5s vs 10-15s,2430
K5PNbdun,77,0-1,White,<=5s vs 5-10s,1996
cAj0GnjC,73,1-0,White,<=5s vs 5-10s,1212
wLk2xULt,58,0-1,Black,<=5s vs 10-15s,1668
dvqeQaxS,64,0-1,Black,<=5s vs <=5s,811
mmgrnvPF,88,0-1,Black,<=5s vs 10-15s,1540
115c4Znu,51,1-0,White,<=5s vs 5-10s,1816
5LrXITUb,84,0-1,Black,<=5s vs 15-20s,1670
opkL1kRG,85,1-0,White,<=5s vs 5-10s,2192
s5r3zS8g,52,0-1,Black,<=5s vs 15-20s,1165
2s2ATLsD,82,0-1,Black,<=5s vs <=5s,2056
rdrhtHm7,91,1-0,White,<=5s vs 10-15s,1893
0saGmBXE,80,1-0,Black,<=5s vs 5-10s,2030
eDqL9D2x,49,1-0,White,<=5s vs 15-20s,2019
2EFK3U8n,57,1-0,White,<=5s vs 15-20s,1574
9DD88JTD,70,0-1,Black,<=5s vs 10-15s,1759
QsGkLXGs,52,0-1,Black,<=5s vs 5-10s,1398
9lDgFIry,55,1-0,White,<=5s vs 15-20s,1405
3gJeugZR,85,1-0,White,<=5s vs 10-15s,2184
llMN3Nvb,93,1-0,White,<=5s vs 10-15s,2875
o1Jmqxr7,55,1-0,White,<=5s vs 5-10s,1618
ZNoyIUtv,60,0-1,Black,<=5s vs 10-15s,1433
Ja5P6IZ5,75,1-0,White,<=5s vs 5-10s,2138
olJADMrj,99,1-0,White,<=5s vs 5-10s,2282
1aIT5acG,81,1-0,White,<=5s vs 15-20s,2080
1CIGSMrt,78,1-0,Black,<=5s vs <=5s,2409
78NIZyi9,75,1-0,White,<=5s vs 15-20s,1994
YHWqNXhS,75,1-0,White,<=5s vs 10-15s,1609
fs7LVHTl,49,1-0,White,<=5s vs 5-10s,1701
IW88QTfG,72,0-1,Black,<=5s vs 5-10s,2259
kuvD7QeM,82,0-1,Black,<=5s vs 5-10s,2270
AhXPj0C8,49,1-0,White,<=5s vs 15-20s,1670
BJQDQytC,70,0-1,Black,<=5s vs 5-10s,1738
PK0pqN9w,119,0-1,White,<=5s vs 10-15s,2323
cQ7O2Sm0,44,0-1,Black,<=5s vs 15-20s,1500
wCEexCPz,67,1-0,White,<=5s vs 5-10s,2042
GXUn9w70,48,1-0,Black,<=5s vs <=5s,1657
3pRlkxkR,56,0-1,Black,<=5s vs 15-20s,1094
SyS43UV9,61,0-1,White,<=5s vs <=5s,1409
ISff41lA,57,1-0,White,<=5s vs 5-10s,1524
Sio4b0Ru,67,0-1,White,<=5s vs <=5s,1900
m0dN52Ma,56,0-1,Black,<=5s vs 10-15s,1958
dFypWpSI,89,1-0,White,<=5s vs 15-20s,2217
jaohg6AO,57,1-0,White,<=5s vs 15-20s,1511
6ROECdY5,92,0-1,Black,<=5s vs 10-15s,1735
cg6ZQZIK,62,1-0,Black,<=5s vs <=5s,1329
I4JgRlr8,49,1-0,White,<=5s vs 10-15s,1317
1WTnX0hM,124,0-1,Black,<=5s vs 15-20s,1932
197EyKny,79,1-0,White,<=5s vs 5-10s,2043
58V0wul7,73,1-0,White,<=5s vs 5-10s,1820
Jo5xVYQj,54,0-1,Black,<=5s vs 10-15s,1318
OiqOBGEN,80,0-1,Black,<=5s vs 5-10s,1270
c9U16LaK,89,0-1,White,<=5s vs 5-10s,1869
FlM7l2Nj,77,1-0,White,<=5s vs 5-10s,1429
RPQLfQiG,45,1-0,White,<=5s vs 10-15s,1298
hknEODit,72,0-1,Black,<=5s vs 15-20s,1413
LjrSiorl,87,1/2-1/2,White,<=5s vs 5-10s,2428
1Atrzce8,51,1-0,White,<=5s vs 10-15s,1172
vTmkYXCT,63,1-0,White,<=5s vs 15-20s,1269
wzNXwVaP,65,1-0,White,<=5s vs 5-10s,1342
69rn7rC0,80,0-1,Black,<=5s vs 10-15s,2052
Tw5twlWS,53,1-0,White,<=5s vs 10-15s,1254
C6ER3HEq,50,0-1,Black,<=5s vs 15-20s,1552
MAZ0Mgeb,65,1-0,White,<=5s vs <=5s,2156
Gw6frjKz,79,1-0,White,<=5s vs 15-20s,2535
HUxj25WE,50,1-0,Black,<=5s vs 15-20s,1630
rGERuhOt,75,1-0,White,<=5s vs 15-20s,2413
8xREk7Wr,64,0-1,Black,<=5s vs 5-10s,1305
fnklsNgS,69,1-0,White,<=5s vs 15-20s,1635
jONCyBBF,72,0-1,Black,<=5s vs 5-10s,1800
BGPHZ1eL,83,1-0,White,<=5s vs 10-15s,1757
d9pY0np5,88,1-0,Black,<=5s vs <=5s,1910
lllIhtSv,66,0-1,Black,<=5s vs 15-20s,1990
tsNW31Qy,52,0-1,Black,<=5s vs 5-10s,1272
yowt7dj3,98,0-1,Black,<=5s vs 10-15s,2839
4BhSB7RR,101,1-0,White,<=5s vs <=5s,2619
utj4PiJc,66,0-1,Black,<=5s vs <=5s,1813
936eJQOm,93,1-0,White,<=5s vs 5-10s,2558
JAazT2CK,68,0-1,Black,<=5s vs 5-10s,2586
tbcKV7FM,68,0-1,Black,<=5s vs 5-10s,1617
4OYao6Pd,40,0-1,Black,<=5s vs 5-10s,1395
0TFGNhQI,46,0-1,Black,<=5s vs 15-20s,1348
uOgD7Ibp,63,1-0,White,<=5s vs 5-10s,2560
Ho15cHQv,69,1-0,White,<=5s vs 10-15s,1798
2r5P5AUQ,56,1-0,Black,<=5s vs 10-15s,1783
Xa78hmgr,86,0-1,Black,<=5s vs 10-15s,1998
AyMvPRw9,73,1/2-1/2,White,<=5s vs 15-20s,1663
8VC6psaf,75,1-0,White,<=5s vs 10-15s,1570
FjKC3o6Q,68,0-1,Black,<=5s vs 5-10s,1751
oOcXclrQ,48,0-1,Black,<=5s vs 15-20s,1462
el5CSjdO,55,1-0,White,<=5s vs 10-15s,1253
Uun0965w,60,0-1,Black,<=5s vs 15-20s,1461
m0sp4U03,60,0-1,Black,<=5s vs 10-15s,1767
TcsfbcZ8,80,0-1,Black,<=5s vs 5-10s,1997
Puyce6mP,52,0-1,Black,<=5s vs 15-20s,1261
FATWYOIf,60,0-1,Black,<=5s vs <=5s,1611
ERRQRrUb,72,0-1,Black,<=5s vs 15-20s,1920
4xtmexgP,35,1-0,White,<=5s vs 5-10s,1093
QRuXyWuk,96,0-1,Black,<=5s vs 5-10s,2628
kIQkTBtX,79,0-1,White,<=5s vs 5-10s,1555
fHkEymtZ,101,1-0,White,<=5s vs 10-15s,2467
0gUTpkbN,63,1-0,White,<=5s vs 15-20s,1859
gsiracbY,60,1-0,Black,<=5s vs 10-15s,1448
AhN1o5X5,82,1-0,Black,<=5s vs 5-10s,1887
8Nf02txZ,111,0-1,White,<=5s vs 5-10s,2397
6FLqHURr,79,1-0,White,<=5s vs 5-10s,1362
2eW0Txx5,81,1-0,White,<=5s vs 10-15s,1793
mmUuELdQ,79,1-0,White,<=5s vs 5-10s,2028
OyPprAhZ,113,1-0,White,<=5s vs 15-20s,2280
98m4JmA7,93,1/2-1/2,White,<=5s vs 10-15s,1977
CQfADMMc,72,0-1,Black,<=5s vs 5-10s,1590
PpeY8hHp,73,1-0,White,<=5s vs 5-10s,1818
FGpxlm7q,106,0-1,Black,<=5s vs <=5s,2520
Cfp6P1cS,48,0-1,Black,<=5s vs <=5s,1379
UfHO6l4H,52,0-1,Black,<=5s vs 15-20s,1095
NJr0Grf3,95,0-1,White,<=5s vs 5-10s,2401
JN6NSOt6,44,0-1,Black,<=5s vs 15-20s,1780
7cfPcvSU,84,0-1,Black,<=5s vs <=5s,1266
uObNZynw,66,0-1,Black,<=5s vs 5-10s,1445
suTO1LIw,102,0-1,Black,<=5s vs 5-10s,2535
z85bCfE0,60,0-1,Black,<=5s vs 15-20s,2518
9pllN004,65,1-0,White,<=5s vs 5-10s,2062
4Q8gTtMv,38,0-1,Black,<=5s vs 5-10s,990
dpPgNwWU,105,1-0,White,<=5s vs 5-10s,1810
0EUB0JLS,76,0-1,Black,<=5s vs 5-10s,1998
U3BLQIYz,59,1-0,White,<=5s vs <=5s,1678
Uebmxekv,70,0-1,Black,<=5s vs 10-15s,2420
4uJ5wJfb,64,0-1,Black,<=5s vs 10-15s,2384
rgiFI3z3,157,1-0,White,<=5s vs 15-20s,2804
Bk1hQMO4,80,0-1,Black,<=5s vs 10-15s,2081
JHCuLMvB,52,0-1,Black,<=5s vs 15-20s,1173
651hA8ux,61,1-0,White,<=5s vs 15-20s,1996
AUJUFZO1,83,1-0,White,<=5s vs 10-15s,1810
ixgidaYR,94,0-1,Black,<=5s vs <=5s,2566
VNE9zO2s,98,1-0,Black,<=5s vs <=5s,1641
NGTHrr29,71,1-0,White,<=5s vs 15-20s,947
WL1IvGoV,51,0-1,White,<=5s vs 15-20s,1698
2L3Krx7w,84,1-0,Black,<=5s vs <=5s,1265
cApkTCYP,82,0-1,Black,<=5s vs 10-15s,2562
tbXKaBkC,73,1-0,White,<=5s vs 5-10s,1706
M4sjfxiW,75,1-0,White,<=5s vs 5-10s,2207
DldSPEPn,106,0-1,Black,<=5s vs <=5s,1909
qOjJd70F,65,1-0,White,<=5s vs 10-15s,1540
SZ8YOmqU,60,0-1,Black,<=5s vs 15-20s,2201
mIlFaGQy,50,0-1,Black,<=5s vs 15-20s,1660
OGxkz5Gd,50,0-1,Black,<=5s vs 15-20s,990
nTPKivz7,63,1-0,White,<=5s vs <=5s,1181
I16Rp2Ys,98,0-1,Black,<=5s vs 10-15s,2325
j1ikTXjR,76,1-0,Black,<=5s vs 5-10s,1789
m9vLEBG7,75,1-0,White,<=5s vs 15-20s,2113
AxHWl0Xp,92,0-1,Black,<=5s vs 5-10s,1489
185Dwony,112,1/2-1/2,Black,<=5s vs 15-20s,1678
N7YOCXSm,108,1-0,Black,<=5s vs 5-10s,2437
pqqteXKP,111,1-0,White,<=5s vs 15-20s,2610
Rqr9yv48,60,0-1,Black,<=5s vs <=5s,1186
ITrKJnHc,85,1-0,White,<=5s vs 5-10s,2395
GGeJa1VB,109,1-0,White,<=5s vs 5-10s,2664
HZV2d3ml,97,1-0,White,<=5s vs 5-10s,2499
fTgYfUkN,84,0-1,Black,<=5s vs 15-20s,2067
0xXXQkhZ,75,1-0,White,<=5s vs 10-15s,2112
Xj5Ga7d0,118,0-1,Black,<=5s vs 15-20s,2104
ORIIvQlP,69,1-0,White,<=5s vs 15-20s,1926
CVMnPGL6,127,1-0,White,<=5s vs 5-10s,2901
NG3kbJM0,42,0-1,Black,<=5s vs 15-20s,1075
ju3AnZQu,34,0-1,Black,<=5s vs 5-10s,886
GBU09mci,98,1-0,Black,<=5s vs 10-15s,1446
Sl4dStwj,61,1-0,White,<=5s vs 15-20s,2037
vjAtpwpx,59,1-0,White,<=5s vs 15-20s,1206
yx0u6uo1,61,1-0,White,<=5s vs 15-20s,1054
TsyBRIUp,135,1-0,White,<=5s vs 5-10s,2097
rvZfLSRn,88,0-1,Black,<=5s vs 10-15s,1848
4fTVOvLW,28,0-1,Black,<=5s vs 15-20s,1158
Ml8Y7r7g,90,1-0,Black,<=5s vs 5-10s,2441
VCXmazIX,77,1-0,White,<=5s vs 5-10s,941
sOrFt10u,54,0-1,Black,<=5s vs 5-10s,1741
bRbzQq8o,85,1-0,White,<=5s vs 5-10s,2163
28gh85bO,34,0-1,Black,<=5s vs 15-20s,984
EeFmbwi1,92,1-0,Black,<=5s vs <=5s,2385
lV7NaWXj,77,0-1,White,<=5s vs <=5s,1944
0Y3Jq2AG,67,1-0,White,<=5s vs 10-15s,2333
O3P1sFBp,91,0-1,White,<=5s vs 5-10s,2672
NMyurUcf,93,1-0,White,<=5s vs 5-10s,2252
gT6yDiFE,81,1-0,White,<=5s vs <=5s,2146
Cn3JJNgM,83,1-0,White,<=5s vs 10-15s,2217
GRkAYPNf,83,1-0,White,<=5s vs 10-15s,2280
qRQ2BfGM,70,1-0,Black,<=5s vs <=5s,1959
s4gGpt9b,36,0-1,Black,<=5s vs 15-20s,1356
HoSDAI1U,59,0-1,White,<=5s vs 10-15s,1405
vPfGQ7eK,57,1-0,White,<=5s vs 10-15s,1491
u8CJs6UC,50,0-1,Black,<=5s vs 15-20s,1270
7GdNC4qH,74,0-1,Black,<=5s vs 10-15s,2524
AirodsVS,119,0-1,White,<=5s vs <=5s,2505
4QP0oh3N,79,1-0,White,<=5s vs 15-20s,2692
ERdD0rx5,98,0-1,Black,<=5s vs 5-10s,2252
60PBPx1L,143,0-1,White,<=5s vs <=5s,2524
JjTCAycB,81,0-1,White,<=5s vs <=5s,1871
CnLmrdCR,33,1-0,White,<=5s vs 15-20s,1035
Y0XspJKs,121,1/2-1/2,White,<=5s vs 5-10s,1020
BANgIFat,72,1-0,Black,<=5s vs <=5s,2453
cG2wMbFF,79,0-1,White,<=5s vs 5-10s,1829
hLmdTMRo,94,1-0,Black,<=5s vs <=5s,2384
YNQLvT0O,43,1-0,White,<=5s vs 10-15s,1547
IhNarKkW,133,1-0,White,<=5s vs 10-15s,2515
3YlTbkP4,90,0-1,Black,<=5s vs 10-15s,1624
ijC6WSKj,47,1-0,White,<=5s vs 15-20s,1139
YvJrxygE,149,1-0,White,<=5s vs 5-10s,1889
MeaqgsrI,101,1-0,White,<=5s vs <=5s,2986
npfl1URi,53,1-0,White,<=5s vs 5-10s,1127
d4pDjUjy,70,0-1,Black,<=5s vs 5-10s,1695
KYdruC8f,58,0-1,Black,<=5s vs <=5s,1038
QZCw8gUP,52,0-1,Black,<=5s vs 5-10s,1864
Y4Y6I6jm,142,1-0,Black,<=5s vs 5-10s,2185
QW2pPbve,62,0-1,Black,<=5s vs 5-10s,1220
wKjxmt1V,99,1-0,White,<=5s vs 5-10s,2392
5mVrMG2G,85,1-0,White,<=5s vs 15-20s,1627
1j41IZKm,112,0-1,Black,<=5s vs 5-10s,2424
mj2WU6AS,52,0-1,Black,<=5s vs 15-20s,1858
5t5RoAI4,48,0-1,Black,<=5s vs 5-10s,1172
q64J2V5p,64,0-1,Black,<=5s vs 5-10s,998
OdtcLVUH,64,0-1,Black,<=5s vs <=5s,2042
NGvdtZ70,69,1-0,White,<=5s vs <=5s,2183
pEXVg1Px,61,1-0,White,<=5s vs 5-10s,1683
uTExuNEO,58,0-1,Black,<=5s vs 15-20s,1756
ofOP8W2j,83,1-0,White,<=5s vs 5-10s,1974
Ly3oi7eC,53,1-0,White,<=5s vs 15-20s,1844
QScxMmJu,90,0-1,Black,<=5s vs 10-15s,2823
D9Qjjprc,73,1-0,White,<=5s vs 10-15s,1589
UW5bVULF,47,1-0,White,<=5s vs 15-20s,732
mTipTe2K,59,1-0,White,<=5s vs 15-20s,1004
L5o5MJUk,71,1-0,White,<=5s vs 5-10s,1172
OQncXaG6,47,0-1,White,<=5s vs 15-20s,1303
PknyHW14,104,0-1,Black,<=5s vs 5-10s,2200
f38cAC0n,54,0-1,Black,<=5s vs 10-15s,1573
qkQrawcJ,47,1-0,White,<=5s vs 10-15s,1024
hlzQzwbb,80,0-1,Black,<=5s vs 15-20s,2306
4Wi8PySO,85,1-0,White,<=5s vs 5-10s,2079
gwHjMTMr,77,0-1,White,<=5s vs <=5s,1301
vitqxdO2,70,0-1,Black,<=5s vs 5-10s,1579
UKDMz26m,51,1-0,White,<=5s vs 15-20s,1637
cDbHlPCq,52,0-1,Black,<=5s vs 15-20s,1108
Bjkv4Zk4,75,1-0,White,<=5s vs 5-10s,1469
BpjVLcqL,66,0-1,Black,<=5s vs 15-20s,2054
rjGtvV6s,85,0-1,White,<=5s vs 5-10s,1818
BWzHkKEb,107,1-0,White,<=5s vs 5-10s,2197
nNUl875p,50,0-1,Black,<=5s vs 10-15s,1318
4KaEL7SG,49,1-0,White,<=5s vs 15-20s,2284
rXgsNWxm,54,0-1,Black,<=5s vs 5-10s,1859
HMt3JOHa,60,0-1,Black,<=5s vs 15-20s,1591
0glbvgB4,67,0-1,White,<=5s vs <=5s,1506
xBX5y51H,109,1-0,White,<=5s vs 10-15s,2639
O8uigC69,48,0-1,Black,<=5s vs 5-10s,1207
9kULUvff,62,0-1,Black,<=5s vs 10-15s,1920
SNw4NiXr,84,0-1,Black,<=5s vs 10-15s,2230
cMiDtqiN,44,1-0,Black,<=5s vs <=5s,1511
WvD7ycx3,96,1-0,Black,<=5s vs 5-10s,2318
ZpnccqCR,86,0-1,Black,<=5s vs 15-20s,1483
6C4po7K9,56,0-1,Black,<=5s vs 5-10s,2336
SSPxW5FD,99,1-0,White,<=5s vs 15-20s,2754
tdpMN9uP,57,1-0,White,<=5s vs 15-20s,1468
pETkr7pA,66,0-1,Black,<=5s vs <=5s,1899
Rf3fXPaD,72,0-1,Black,<=5s vs 10-15s,977
WgWp7VHP,69,1-0,White,<=5s vs 10-15s,1587
LMWtckRg,97,1-0,White,<=5s vs 5-10s,2347
fWzT9GnG,91,1-0,White,<=5s vs 10-15s,2229
3SUM1tqi,55,1-0,White,<=5s vs 10-15s,1336
Du0Y5jeN,51,1-0,White,<=5s vs 5-10s,1313
JZ6XQYuo,60,0-1,Black,<=5s vs 15-20s,1348
4EU8dhmt,82,1-0,Black,<=5s vs 10-15s,2091
WDMue9MZ,81,0-1,White,<=5s vs <=5s,2047
LSJy8DAj,54,0-1,Black,<=5s vs 10-15s,1241
MF7eTc44,106,1-0,Black,<=5s vs 5-10s,2615
siov2gA8,59,0-1,White,<=5s vs 5-10s,1580
PBcWbHDd,97,0-1,White,<=5s vs <=5s,2037
R46TqbYA,79,1-0,White,<=5s vs 5-10s,1382
2DC5ULhz,61,1-0,White,<=5s vs <=5s,1860
4jFkkDA3,54,0-1,Black,<=5s vs 10-15s,1658
QiXWRN2z,101,1-0,White,<=5s vs 15-20s,2290
E0RZrIAh,61,1-0,White,<=5s vs 5-10s,1733
WXbxkPpc,75,1-0,White,<=5s vs 15-20s,1276
B44wOrQ5,89,1-0,White,<=5s vs 5-10s,2000
btB5b4vA,34,0-1,Black,<=5s vs <=5s,1504
p6nZvyRK,59,0-1,White,<=5s vs 15-20s,1863
E5mDRxsz,108,0-1,Black,<=5s vs 10-15s,1856
iOym6T9k,83,1-0,White,<=5s vs 15-20s,2653
GTJJSHaZ,126,0-1,Black,<=5s vs 5-10s,1291
u8dKq0Oc,89,1-0,White,<=5s vs 5-10s,1793
VSMLIb7W,90,0-1,Black,<=5s vs 10-15s,1888
bGakKqpW,106,1/2-1/2,Black,<=5s vs <=5s,2519
p3LsjMR1,86,0-1,Black,<=5s vs 10-15s,2460
3VlHy72a,47,1-0,White,<=5s vs 5-10s,1009
jDCuHcZO,113,1-0,White,<=5s vs 10-15s,2328
NXxT0gWC,58,0-1,Black,<=5s vs 15-20s,2407
PHH32ZLQ,81,1-0,White,<=5s vs 10-15s,1762
RDSUl47G,79,1-0,White,<=5s vs 10-15s,2391
lvPCtNtr,66,0-1,Black,<=5s vs <=5s,1356
uGNWUe9X,62,0-1,Black,<=5s vs 15-20s,2598
CHRYUavX,99,1-0,White,<=5s vs 10-15s,2774
kwMWwzVp,68,1-0,Black,<=5s vs <=5s,1356
V9LVwSSc,69,1-0,White,<=5s vs 5-10s,1528
CfJMALoe,70,0-1,Black,<=5s vs 15-20s,2279
z2Dp4xu8,91,0-1,White,<=5s vs <=5s,2210
oDRwNaHW,68,0-1,Black,<=5s vs 5-10s,1136
BHYDV4hR,52,1-0,Black,<=5s vs 5-10s,1761
ooNYqbmA,54,0-1,Black,<=5s vs 10-15s,1766
0q3nlRSz,62,0-1,Black,<=5s vs 15-20s,2234
OVnsksM2,56,0-1,Black,<=5s vs 15-20s,1854
XU5qRetE,62,0-1,Black,<=5s vs 5-10s,2272
CebunL1J,118,1/2-1/2,Black,<=5s vs <=5s,2231
cxOYTwiS,83,0-1,White,<=5s vs 10-15s,2166
jwwi9eFw,107,1/2-1/2,White,<=5s vs 5-10s,2460
KcZyjqg9,61,1-0,White,<=5s vs 5-10s,2048
3xAaE13I,49,1-0,White,<=5s vs 5-10s,1006
aXVMuqVe,63,1-0,White,<=5s vs 5-10s,1735
pwicRKuH,119,0-1,White,<=5s vs 5-10s,2543
UW8ve4Uo,65,1-0,White,<=5s vs 15-20s,1766
Lndcbm98,66,0-1,Black,<=5s vs 15-20s,2198
dTqQyOsQ,69,1-0,White,<=5s vs 15-20s,1685
RePt9oSv,63,1-0,White,<=5s vs 10-15s,1473
IzMMXwSf,80,0-1,Black,<=5s vs 5-10s,2298
m4zBwyj9,49,1-0,White,<=5s vs 15-20s,1601
H6TTh01Z,62,0-1,Black,<=5s vs 5-10s,2007
t0Py7IBs,76,0-1,Black,<=5s vs 10-15s,2313
D9rw6WxT,90,0-1,Black,<=5s vs 5-10s,2467
QgnSqlJ5,117,1-0,White,<=5s vs 10-15s,2617
syVcxAp2,53,1-0,White,<=5s vs 10-15s,1327
723SXfKP,34,0-1,Black,<=5s vs 15-20s,1759
yuKthmzG,62,0-1,Black,<=5s vs 10-15s,2103
DMGT2EPj,71,0-1,White,<=5s vs 5-10s,1986
YT7okp8l,85,1-0,White,<=5s vs 5-10s,1760
Ce1ZD3hn,77,1/2-1/2,White,<=5s vs 5-10s,1668
4LlsQEly,109,1-0,White,<=5s vs 5-10s,2205
n4mNQbTX,50,0-1,Black,<=5s vs 10-15s,1439
M4yXDdwe,65,1-0,White,<=5s vs 10-15s,2009
vzcwf80Y,69,1-0,White,<=5s vs 15-20s,2521
BOapLiDw,49,1-0,White,<=5s vs 15-20s,1381
CvGQfo0n,39,1-0,White,<=5s vs 15-20s,1059
ga4H1YA2,150,1/2-1/2,Black,<=5s vs 10-15s,2171
Epdv2x2T,81,0-1,White,<=5s vs 5-10s,2348
W7vP4AXn,61,1-0,White,<=5s vs 15-20s,1842
0iXfBuim,107,1-0,White,<=5s vs 5-10s,2394
73P8vR1O,79,1-0,White,<=5s vs <=5s,1910
cRkvf7E5,60,0-1,Black,<=5s vs 5-10s,1477
auGnvwCV,63,1-0,White,<=5s vs 5-10s,831
4eTvDVhS,103,1-0,White,<=5s vs <=5s,1640
e39EUdrI,61,1-0,White,<=5s vs <=5s,1068
p28Q5IeG,69,0-1,White,<=5s vs 5-10s,1668
B3dxqLwe,61,1-0,White,<=5s vs 5-10s,2000
yOOX1Ndd,83,1-0,White,<=5s vs 10-15s,1656
HYYCkf9y,81,1-0,White,<=5s vs 5-10s,1901
LR4mw4Wz,107,1/2-1/2,White,<=5s vs 5-10s,1969
saKxES4k,43,1-0,White,<=5s vs 10-15s,1055
JaiI4VSn,40,0-1,Black,<=5s vs 15-20s,1445
UHAfRW4w,86,1-0,Black,<=5s vs <=5s,2398
UntgXvqz,57,1-0,White,<=5s vs 10-15s,1440
dt96LOls,77,1-0,White,<=5s vs 5-10s,2143
8eiF6cql,54,0-1,Black,<=5s vs <=5s,1541
KtsNKyl5,51,1-0,White,<=5s vs 15-20s,1615
MhKYujys,137,1-0,White,<=5s vs 5-10s,2595
ZOW2J1M3,56,0-1,Black,<=5s vs 10-15s,1526
vcnFabnA,72,0-1,Black,<=5s vs <=5s,1967
8mX7ssZV,95,0-1,White,<=5s vs 5-10s,1893
0Qwonjqp,91,0-1,White,<=5s vs <=5s,1957
9Zk7XR0A,66,0-1,Black,<=5s vs 10-15s,1727
NWjSR65g,50,0-1,Black,<=5s vs 15-20s,1501
N6Uo7VMY,98,0-1,Black,<=5s vs 15-20s,2195
U4APmJS0,109,1/2-1/2,White,<=5s vs 5-10s,2429
xqpxN31k,74,0-1,Black,<=5s vs 5-10s,1546
hRJPDRpX,112,0-1,Black,<=5s vs 10-15s,2306
i4rKfk40,77,1-0,White,<=5s vs 5-10s,1998
LJNNWz1c,90,0-1,Black,<=5s vs 5-10s,2020
31p2D1RX,77,1-0,White,<=5s vs 5-10s,1781
RZdoGY1n,81,1-0,White,<=5s vs 5-10s,2589
3MUO1Gz3,72,1-0,Black,<=5s vs 5-10s,1743
GTGLPlBv,66,0-1,Black,<=5s vs 5-10s,2019
pKGacCb1,99,0-1,White,<=5s vs 15-20s,2672
qym77olO,139,1-0,White,<=5s vs 5-10s,2753
TidkeZeF,94,0-1,Black,<=5s vs 5-10s,1594
JmNi1gUF,54,0-1,Black,<=5s vs 5-10s,1282
IH9tuypd,88,0-1,Black,<=5s vs 10-15s,2670
RisiRv0m,64,0-1,Black,<=5s vs 10-15s,2978
To9JKVAV,55,1-0,White,<=5s vs 15-20s,1484
7IwO4nPm,42,1-0,Black,<=5s vs 5-10s,2390
iVKtE3OZ,102,0-1,Black,<=5s vs 5-10s,2237
q0c389I3,98,1-0,Black,<=5s vs <=5s,2433
0y7TR3aP,105,1/2-1/2,White,<=5s vs 5-10s,2618
5wGE4UOW,56,0-1,Black,<=5s vs 15-20s,1913
0ma4WYH3,88,1-0,Black,<=5s vs 5-10s,2655
uLfqV9re,72,0-1,Black,<=5s vs 5-10s,1525
9a0tzz3j,57,1-0,White,<=5s vs 5-10s,1605
nqsEiI2l,65,1-0,White,<=5s vs 10-15s,1073
HajiNBsB,72,0-1,Black,<=5s vs 5-10s,1918
tYtO1UOe,103,1-0,White,<=5s vs 15-20s,2277
SmPS8ZSK,72,0-1,Black,<=5s vs 10-15s,1868
5FqEYiyw,76,0-1,Black,<=5s vs 5-10s,2274
2XH5jJmb,112,0-1,Black,<=5s vs 5-10s,2131
KMCMXLZc,79,1-0,White,<=5s vs 10-15s,2298
K9BuhJe9,47,0-1,White,<=5s vs 5-10s,1052
TZjNaCLM,114,0-1,Black,<=5s vs 15-20s,2618
8GsJbrXv,66,0-1,Black,<=5s vs 10-15s,2230
DeQL2wHh,44,1-0,Black,<=5s vs 15-20s,1126
OhyY9QJv,104,0-1,Black,<=5s vs <=5s,2280
h9B4Cr4h,101,1-0,White,<=5s vs 5-10s,1866
erMLr75s,44,0-1,Black,<=5s vs 15-20s,1119
it9NteBU,83,0-1,White,<=5s vs <=5s,1919
7kuFpovC,63,1-0,White,<=5s vs 5-10s,1077
udt7igrd,66,0-1,Black,<=5s vs 15-20s,1296
OYYeujjU,144,0-1,Black,<=5s vs 10-15s,2171
xgcXnoje,106,0-1,Black,<=5s vs 5-10s,2041
82qUFP5Q,100,0-1,Black,<=5s vs 5-10s,1873
QOro6aoA,46,0-1,Black,<=5s vs 15-20s,1412
TvOJpTB4,73,1-0,White,<=5s vs 15-20s,1702
IHabm84E,47,1-0,White,<=5s vs 15-20s,1236
8hwzVcLn,70,0-1,Black,<=5s vs <=5s,1703
aEYie8Kq,35,1-0,White,<=5s vs 15-20s,505
eKEx5oY2,87,0-1,White,<=5s vs <=5s,2055
GBOhYiTK,80,0-1,Black,<=5s vs 5-10s,1719
NVIacKD6,81,1-0,White,<=5s vs 5-10s,2289
1sgIlZjF,45,1-0,White,<=5s vs 10-15s,1275
PTh9Bl47,61,1-0,White,<=5s vs 10-15s,1483
Hs9ELw9Z,64,0-1,Black,<=5s vs 5-10s,2039
Iu7R6mx2,43,1-0,White,<=5s vs 5-10s,1263
jOCSzY5x,68,0-1,Black,<=5s vs 10-15s,1309
5gV46bsN,72,1-0,Black,<=5s vs <=5s,2429
bsMgJiqS,86,0-1,Black,<=5s vs 5-10s,1098
pjiCUh9B,68,0-1,Black,<=5s vs 5-10s,1241
6jt939H1,89,1-0,White,<=5s vs <=5s,2558
lMvAsKz0,148,1/2-1/2,Black,<=5s vs 15-20s,2499
esrk48EL,97,1/2-1/2,White,<=5s vs 5-10s,2808
VeNQEvJX,58,0-1,Black,<=5s vs 15-20s,2180
y5uiGFsY,70,0-1,Black,<=5s vs 15-20s,2094
o5r3BznT,53,1-0,White,<=5s vs 15-20s,1818
Ou3NcBLU,86,1-0,Black,<=5s vs <=5s,1711
KvMmQXGA,78,0-1,Black,<=5s vs 5-10s,2611
0svyqWo7,62,0-1,Black,<=5s vs 10-15s,1551
J9DjvN6I,84,0-1,Black,<=5s vs 5-10s,1680
T2h9DSUg,79,0-1,White,<=5s vs <=5s,2032
oSOc1WCs,52,0-1,Black,<=5s vs 15-20s,1204
3OI59WNb,66,0-1,Black,<=5s vs 5-10s,926
Q34ZQeJ2,83,1-0,White,<=5s vs 5-10s,1788
P9kjnNgz,75,1-0,White,<=5s vs 15-20s,1313
Zc4DXkSP,90,0-1,Black,<=5s vs 10-15s,2132
Hy3vgrDt,106,1-0,Black,<=5s vs <=5s,2065
sYoUv4Kz,52,1-0,Black,<=5s vs <=5s,1043
ULR8fb2S,47,0-1,White,<=5s vs 5-10s,961
XlYCjQ3Q,66,0-1,Black,<=5s vs 5-10s,2072
cSIHTHR8,66,0-1,Black,<=5s vs 15-20s,1115
aOXKTPJZ,69,1-0,White,<=5s vs 10-15s,1201
v5N1jSBG,111,0-1,White,<=5s vs 5-10s,2396
DHWIxjV5,130,1-0,Black,<=5s vs <=5s,2551
UomO6ZKc,113,0-1,White,<=5s vs <=5s,2046
oekerrhV,103,1-0,White,<=5s vs <=5s,2107
p716Xu0J,57,1-0,White,<=5s vs 5-10s,1367
Mb1x99jq,48,1-0,Black,<=5s vs 5-10s,1013
nd2Biqr5,85,1/2-1/2,White,<=5s vs 15-20s,2089
4XPfB90v,75,1-0,White,<=5s vs 5-10s,1522
Auvjwmwa,61,1-0,White,<=5s vs 15-20s,1807
HKP07HHq,157,1/2-1/2,White,<=5s vs <=5s,2139
wgkyI1UL,68,0-1,Black,<=5s vs 5-10s,1899
c5NgF20L,126,1/2-1/2,Black,<=5s vs 10-15s,1894
wf3K9Zwj,74,0-1,Black,<=5s vs 10-15s,2281
ZVYzfJ4n,63,1-0,White,<=5s vs 15-20s,2019
60rsaoAk,86,0-1,Black,<=5s vs 5-10s,2187
O62c5pB2,121,1-0,White,<=5s vs <=5s,2232
H5HfZg5L,46,0-1,Black,<=5s vs 10-15s,1386
aBYfBlen,78,0-1,Black,<=5s vs <=5s,1115
t5M4h68N,84,0-1,Black,<=5s vs 15-20s,1286
8v4RxB6C,80,1/2-1/2,Black,<=5s vs 5-10s,2545
bqVO0AiP,102,0-1,Black,<=5s vs <=5s,2125
HBAHdvYz,67,0-1,White,<=5s vs <=5s,1728
Om5YuAeI,40,0-1,Black,<=5s vs 15-20s,880
oddSHTt6,115,0-1,White,<=5s vs 15-20s,1486
AEke7t64,63,1-0,White,<=5s vs 10-15s,1207
gWQ19Cep,92,0-1,Black,<=5s vs 5-10s,2307
PN1jZjGN,63,1-0,White,<=5s vs 5-10s,2136
8IklWXj5,72,0-1,Black,<=5s vs 10-15s,1813
S8mWxUAz,123,1-0,White,<=5s vs <=5s,1987
Wk8f1sG3,57,1-0,White,<=5s vs 10-15s,2173
rU2GqSbh,111,0-1,White,<=5s vs <=5s,2257
7EYrai23,61,1-0,White,<=5s vs 5-10s,1259
SwQrwmW4,59,1-0,White,<=5s vs 5-10s,1146
3bxi9dFQ,71,1-0,White,<=5s vs 10-15s,2654
IMo1HeJ9,62,0-1,Black,<=5s vs 5-10s,2043
IMGTbfIS,90,0-1,Black,<=5s vs 5-10s,1418
IghcBjFe,76,1-0,Black,<=5s vs <=5s,1589
sAJP1Ybj,84,1-0,Black,<=5s vs <=5s,1682
GpWJulzX,72,0-1,Black,<=5s vs <=5s,2337
yiwpmHku,52,0-1,Black,<=5s vs 15-20s,2236
ZgndUveo,152,0-1,Black,<=5s vs 5-10s,1906
SceOH4Sz,55,0-1,White,<=5s vs 5-10s,1797
Srm7X4WC,97,0-1,White,<=5s vs <=5s,2287
AFi00B9v,59,1-0,White,<=5s vs 15-20s,1592
DXFCDJwl,70,0-1,Black,<=5s vs 5-10s,1450
6ElPFe3p,62,0-1,Black,<=5s vs 5-10s,1591
SAKJQDdY,82,0-1,Black,<=5s vs 5-10s,1379
6W6I6nU1,79,1-0,White,<=5s vs 15-20s,2260
F9PDWiKG,84,1/2-1/2,Black,<=5s vs 15-20s,2770
sLywXb0H,73,0-1,White,<=5s vs 5-10s,1647
W9cWKKhz,63,0-1,White,<=5s vs 5-10s,1331
EzdvRS1N,113,0-1,White,<=5s vs <=5s,2510
QltIF6QC,79,0-1,White,<=5s vs 5-10s,2186
ag6dWy2T,50,1-0,Black,<=5s vs <=5s,1143
8qnwo2Ea,104,1-0,Black,<=5s vs 5-10s,2186
TPNYoVQV,61,1-0,White,<=5s vs <=5s,1162
gvUOPU48,49,0-1,White,<=5s vs <=5s,938
qeVH8Kpa,84,1/2-1/2,Black,<=5s vs <=5s,2360
bol3e8gn,35,1-0,White,<=5s vs 15-20s,938
GRTRILCq,108,1-0,Black,<=5s vs 10-15s,2141
RSVCaXvG,102,0-1,Black,<=5s vs 5-10s,2384
37xFB2Nb,59,0-1,White,<=5s vs 5-10s,2021
GmBVjbYG,186,1-0,Black,<=5s vs 5-10s,2411
57b2ZUQA,52,0-1,Black,<=5s vs 10-15s,1733
4ObuT1KA,50,0-1,Black,<=5s vs 15-20s,990
Uib4jxAm,54,0-1,Black,<=5s vs 15-20s,1910
eWn2UK2z,66,1-0,Black,<=5s vs <=5s,1342
PqCsMiKz,38,0-1,Black,<=5s vs 15-20s,860
XSqhDJh4,70,0-1,Black,<=5s vs <=5s,2094
kgNaMt3W,85,0-1,White,<=5s vs 5-10s,1980
1NZsWvrE,74,0-1,Black,<=5s vs 10-15s,1362
xRYQvxhX,72,0-1,Black,<=5s vs 15-20s,1793
gpRJnJ1X,86,0-1,Black,<=5s vs <=5s,1583
p6D7i9jC,108,0-1,Black,<=5s vs 10-15s,2406
U0LVTiNQ,50,1-0,Black,<=5s vs 5-10s,1174
AXbfbcV8,57,1-0,White,<=5s vs 10-15s,1435
5s9glPgk,60,0-1,Black,<=5s vs 15-20s,1940
OOSzjito,62,0-1,Black,<=5s vs 15-20s,2435
0pI10GOs,72,0-1,Black,<=5s vs 5-10s,1074
3jNlBbDQ,51,1-0,White,<=5s vs 15-20s,1782
68jS0EGT,134,0-1,Black,<=5s vs <=5s,2815
EuUX7Spi,65,1-0,White,<=5s vs 5-10s,1820
zzewoRqL,46,0-1,Black,<=5s vs 5-10s,1335
8liLb9o4,78,0-1,Black,<=5s vs 15-20s,1942
y3neE5S2,93,1-0,White,<=5s vs 15-20s,1965
EpzDpfIw,59,1-0,White,<=5s vs 10-15s,1188
zuY7mLb8,82,0-1,Black,<=5s vs 10-15s,2665
btf526tr,68,0-1,Black,<=5s vs 10-15s,1822
z53sCN0k,108,0-1,Black,<=5s vs 5-10s,2059
UxfDuG8e,73,1-0,White,<=5s vs 10-15s,1621
CvQd8tiz,101,0-1,White,<=5s vs 10-15s,2279
ukx5SC8b,78,0-1,Black,<=5s vs 15-20s,1775
6uA1GflM,118,1/2-1/2,Black,<=5s vs <=5s,1071
h8YfygPb,48,0-1,Black,<=5s vs 5-10s,1489
76AJZBEy,75,1-0,White,<=5s vs <=5s,1754
jdscUh0t,65,1-0,White,<=5s vs 10-15s,977
6ipgUc4M,117,1-0,White,<=5s vs 15-20s,1834
iSGYLUj0,68,0-1,Black,<=5s vs 10-15s,849
RH903nl7,70,1-0,Black,<=5s vs <=5s,2090
PbYab4ZP,47,1-0,White,<=5s vs 10-15s,2234
Io4ApWda,46,0-1,Black,<=5s vs 15-20s,1045
ihtJmv3s,58,1-0,Black,<=5s vs <=5s,1838
V8ShQ8Kt,83,0-1,White,<=5s vs 5-10s,2367
T4sjToKa,65,1-0,White,<=5s vs 10-15s,1945
9PrLEjbR,64,0-1,Black,<=5s vs 10-15s,1921
ctcIPIvx,79,1-0,White,<=5s vs 5-10s,1940
8vCinNRk,86,0-1,Black,<=5s vs <=5s,1366
VWtjszDl,95,1/2-1/2,White,<=5s vs 15-20s,2261
f307ZN4s,69,1-0,White,<=5s vs 5-10s,2775
pcKtVeyN,87,1-0,White,<=5s vs 15-20s,1143
0Yglb31p,120,1/2-1/2,Black,<=5s vs 5-10s,2755
KbLSWdzA,37,1-0,White,<=5s vs 15-20s,1581
kwyLZRla,73,1-0,White,<=5s vs 15-20s,1472
3XNsMYju,122,0-1,Black,<=5s vs 5-10s,2205
06ub7c3o,72,0-1,Black,<=5s vs 15-20s,1595
1FweplpK,65,1-0,White,<=5s vs 15-20s,803
BUUi1v7s,73,1-0,White,<=5s vs 15-20s,827
3Kd9j2It,79,1-0,White,<=5s vs 5-10s,1815
ELPZrAue,83,1-0,White,<=5s vs 15-20s,1983
d9stsiQP,82,0-1,Black,<=5s vs 10-15s,1675
mVZEw7tD,106,1/2-1/2,Black,<=5s vs 5-10s,1083
0vgwSuDH,54,0-1,Black,<=5s vs 15-20s,1991
V2laIJuk,56,0-1,Black,<=5s vs 15-20s,1331
aY19Ga9v,43,1-0,White,<=5s vs 10-15s,1199
RBY10r6A,86,0-1,Black,<=5s vs 10-15s,2121
8w9KbTd1,67,1-0,White,<=5s vs 15-20s,1306
UF6xZFXQ,65,1-0,White,<=5s vs 15-20s,2232
nHOW9F2z,65,1-0,White,<=5s vs 15-20s,2044
HOanRIbw,83,1-0,White,<=5s vs <=5s,1890
fJa3RPde,99,1-0,White,<=5s vs 15-20s,1981
RhI605Xn,61,1-0,White,<=5s vs 10-15s,1992
qMU100ta,62,1-0,Black,<=5s vs 5-10s,1936
C9jdpfnv,61,1-0,White,<=5s vs 10-15s,1587
ieEd6p3B,72,1/2-1/2,Black,<=5s vs 10-15s,1984
1La9cbR9,48,0-1,Black,<=5s vs 15-20s,1173
3yMJUDvn,109,0-1,White,<=5s vs <=5s,2566
929qo9rw,72,0-1,Black,<=5s vs 10-15s,2015
ZvCSwcPj,90,0-1,Black,<=5s vs 5-10s,1975
vZ4iMuFB,80,0-1,Black,<=5s vs 15-20s,2277
QI73oCJW,50,0-1,Black,<=5s vs 15-20s,1901
OCILbjZ4,65,1-0,White,<=5s vs 10-15s,1722
x2zp2UMQ,127,1/2-1/2,White,<=5s vs 5-10s,2549
Bf1Pmct2,81,0-1,White,<=5s vs 5-10s,2498
S9txqxiH,66,0-1,Black,<=5s vs 10-15s,1194
EqqkeRx1,113,1/2-1/2,White,<=5s vs 10-15s,2632
Kuz5G69H,83,1-0,White,<=5s vs 10-15s,2302
m99BQNII,70,0-1,Black,<=5s vs <=5s,1306
snzcEDtV,62,0-1,Black,<=5s vs 5-10s,1831
SRasDl7f,91,1-0,White,<=5s vs 5-10s,1821
2bZ6qK6O,81,1-0,White,<=5s vs <=5s,1507
YPWlcmm1,126,0-1,Black,<=5s vs 15-20s,2276
If5vlQmL,54,0-1,Black,<=5s vs 15-20s,1797
Nc4Jnil9,60,0-1,Black,<=5s vs 10-15s,1750
MlL3iUJ1,160,1/2-1/2,Black,<=5s vs <=5s,2564
IoBn9bcj,50,0-1,Black,<=5s vs 15-20s,1428
RsCEce7B,60,1-0,Black,<=5s vs 10-15s,2030
aQoQAvft,106,0-1,Black,<=5s vs 10-15s,2433
yonHI5zv,65,1-0,White,<=5s vs 5-10s,1498
VRBxX3uO,67,1-0,White,<=5s vs 10-15s,2593
jNoze0qT,99,1-0,White,<=5s vs 15-20s,2579
7Dxco8Qf,61,1-0,White,<=5s vs 10-15s,1583
5m4AYH4v,90,0-1,Black,<=5s vs <=5s,2455
NwZAGmzL,65,1-0,White,<=5s vs 15-20s,2545
K6uivh6w,74,1-0,Black,<=5s vs <=5s,1381
4IIHxxFB,70,0-1,Black,<=5s vs 10-15s,1919
NbZlmQkQ,72,0-1,Black,<=5s vs 15-20s,2265
z6kP9DpW,157,1-0,White,<=5s vs 5-10s,1863
WUJMoc6J,112,1/2-1/2,Black,<=5s vs 10-15s,2603
vh7H7qz4,42,0-1,Black,<=5s vs 5-10s,1088
ZnH8HAtb,102,1/2-1/2,Black,<=5s vs <=5s,1949
Xhpu9BAK,77,0-1,White,<=5s vs 5-10s,2197
UpoMyPdm,90,0-1,Black,<=5s vs 15-20s,1896
82cWxaye,80,0-1,Black,<=5s vs 15-20s,1695
1vLdBrZX,54,0-1,Black,<=5s vs 15-20s,1327
9auMILhC,99,1-0,White,<=5s vs <=5s,1658
vmC9VpvF,116,0-1,Black,<=5s vs 5-10s,2029
sBeaILaw,52,0-1,Black,<=5s vs 15-20s,1243
xllOe5Z2,67,1-0,White,<=5s vs 15-20s,749
2AzOLVnp,77,1-0,White,<=5s vs 5-10s,1786
kCYglSb3,73,0-1,White,<=5s vs 5-10s,1719
mqfqaPS1,52,0-1,Black,<=5s vs 15-20s,1127
HJI2BC8g,77,1-0,White,<=5s vs <=5s,2245
NiMMiBwc,82,1-0,Black,<=5s vs 5-10s,1851
jtdia7zl,89,0-1,White,<=5s vs 10-15s,2491
XabWlyLX,60,0-1,Black,<=5s vs 15-20s,1711
4rDUz8xT,66,0-1,Black,<=5s vs 10-15s,2185
YcrhCi13,121,0-1,White,<=5s vs <=5s,2406
voSfc5XW,120,0-1,Black,<=5s vs 5-10s,2216
KDFeVMCn,56,0-1,Black,<=5s vs 10-15s,1850
RWzWmazp,110,0-1,Black,<=5s vs 15-20s,2034
728AQL26,39,0-1,White,<=5s vs 5-10s,652
nlmPSO2V,78,0-1,Black,<=5s vs 5-10s,2208
CG1rL5do,74,1-0,Black,<=5s vs <=5s,2185
x2MU5ZI3,47,1-0,White,<=5s vs 15-20s,1139
7k878X6Z,64,0-1,Black,<=5s vs 10-15s,1844
FXxfURaa,69,1-0,White,<=5s vs 10-15s,2165
088dDl1E,35,1-0,White,<=5s vs 10-15s,787
uN2bOHeq,69,1-0,White,<=5s vs 5-10s,1722
MSkaJxHW,77,1-0,White,<=5s vs 5-10s,2407
62fBr0p7,92,0-1,Black,<=5s vs 5-10s,2057
K92dhVbB,73,0-1,White,<=5s vs 10-15s,2538
eW5S4s1h,70,0-1,Black,<=5s vs 10-15s,1821
9Eyd79HH,51,1-0,White,<=5s vs 15-20s,1357
uiemOD15,90,1-0,Black,<=5s vs <=5s,2329
xAtRtfC5,113,1-0,White,<=5s vs 10-15s,2350
7oqeeI3S,63,0-1,White,<=5s vs 10-15s,1650
ZMw2cc6n,87,1-0,White,<=5s vs <=5s,1647
UwGJeFzn,78,0-1,Black,<=5s vs 10-15s,2017
Q76b7Cjb,55,0-1,White,<=5s vs <=5s,1880
BTwFyEuj,63,1-0,White,<=5s vs 5-10s,1770
fTaPiZfh,70,0-1,Black,<=5s vs 5-10s,1976
CahDxGdJ,65,1-0,White,<=5s vs 5-10s,1257
fFyXZ4Py,56,0-1,Black,<=5s vs 15-20s,2489
syIYAq7S,47,1/2-1/2,White,<=5s vs 15-20s,1469
sHQ9sKeA,76,0-1,Black,<=5s vs 10-15s,1862
HKMNVijj,64,0-1,Black,<=5s vs 5-10s,1205
TU7B37F0,89,1-0,White,<=5s vs 5-10s,2125
3ChYRB1H,88,1/2-1/2,Black,<=5s vs 5-10s,2493
5q18qVZX,89,1-0,White,<=5s vs 5-10s,2253
K5udABIZ,58,0-1,Black,<=5s vs 5-10s,1509
YXipFaQe,87,1-0,White,<=5s vs 15-20s,2425
LM7HqFl8,66,0-1,Black,<=5s vs 15-20s,1596
vKNKJCfh,81,0-1,White,<=5s vs 5-10s,1798
qlmOtgHp,70,0-1,Black,<=5s vs 15-20s,2195
WyywQgWs,95,1-0,White,<=5s vs 5-10s,2090
CJe9pwGv,81,1-0,White,<=5s vs 5-10s,1652
VNOewbDb,62,0-1,Black,<=5s vs 10-15s,1592
kdav2gMk,53,1-0,White,<=5s vs 15-20s,994
BGsL2YpV,50,0-1,Black,<=5s vs 15-20s,1575
hgJRiPUa,75,1-0,White,<=5s vs 5-10s,2480
kWMe9VKx,162,1/2-1/2,Black,<=5s vs 15-20s,2327
2t5VJQWR,54,0-1,Black,<=5s vs 15-20s,1386
lo1VJS8Z,52,1-0,Black,<=5s vs 10-15s,1423
GAPJtH5l,122,1-0,Black,<=5s vs 15-20s,2394
44vGnk8w,63,1-0,White,<=5s vs 10-15s,2130
atdgC6Hh,108,0-1,Black,<=5s vs 10-15s,1649
rvrY1PNi,79,1-0,White,<=5s vs 10-15s,1473
WPS6SPWv,84,0-1,Black,<=5s vs 5-10s,2534
dFDTs8Jk,42,0-1,Black,<=5s vs 10-15s,1056
qH3FZliv,69,0-1,White,<=5s vs 10-15s,2575
TB3I57Yf,114,0-1,Black,<=5s vs 5-10s,2206
kMcNu2oY,64,0-1,Black,<=5s vs 15-20s,2032
ysQHBX5k,78,0-1,Black,<=5s vs 5-10s,1483
PMmstIwz,58,0-1,Black,<=5s vs <=5s,1276
hVgDGotI,105,1-0,White,<=5s vs 15-20s,2028
ay19g4Vv,40,0-1,Black,<=5s vs 5-10s,1263
tqMAWrTx,102,0-1,Black,<=5s vs 15-20s,2316
PM6Kn7rO,59,1-0,White,<=5s vs 15-20s,1504
WCiaUvMo,85,1-0,White,<=5s vs <=5s,1439
lPYIry3Q,73,1-0,White,<=5s vs 5-10s,1601
ZlIXOCl2,63,0-1,White,<=5s vs 15-20s,1378
QyOgS2ZO,104,0-1,Black,<=5s vs 15-20s,2104
T97HKopX,49,1-0,White,<=5s vs 5-10s,1330
OryahB7F,58,0-1,Black,<=5s vs 10-15s,1615
Op84OXb1,62,0-1,Black,<=5s vs 5-10s,1087
ZUMW6Asn,100,1/2-1/2,Black,<=5s vs <=5s,2581
RxxTqhZS,78,0-1,Black,<=5s vs 15-20s,1871
POsa4o0S,63,1-0,White,<=5s vs 15-20s,2238
Hmfqxxjx,47,1-0,White,<=5s vs 15-20s,1364
3CMBNgqF,117,1-0,White,<=5s vs 5-10s,1747
SwOWRB8c,107,1-0,White,<=5s vs 10-15s,2436
HFWQ9QXT,65,1-0,White,<=5s vs 15-20s,1420
6yNeZZ72,54,0-1,Black,<=5s vs 15-20s,1493
D82VEYkQ,56,0-1,Black,<=5s vs 10-15s,1614
19BKa3px,57,1-0,White,<=5s vs 5-10s,1103
4EZbseCM,46,0-1,Black,<=5s vs 10-15s,2090
WFJZnpHw,69,0-1,White,<=5s vs <=5s,2292
kFqC7xXd,54,0-1,Black,<=5s vs 5-10s,1798
9AW42cZ0,52,0-1,Black,<=5s vs 5-10s,1857
2ISNgvDJ,74,0-1,Black,<=5s vs <=5s,1707
sdMHkLZJ,95,1-0,White,<=5s vs 5-10s,1741
AxuHQUmq,80,1-0,Black,<=5s vs 5-10s,1462
Mfn5MtxK,75,1-0,White,<=5s vs 5-10s,1945
Hwc7m8ov,57,0-1,White,<=5s vs 10-15s,1644
saWOHldY,56,0-1,Black,<=5s vs <=5s,1930
PtL8AN9E,89,0-1,White,<=5s vs <=5s,2298
bzKKJPR0,79,0-1,White,<=5s vs <=5s,1985
OyyKdCYO,86,0-1,Black,<=5s vs 10-15s,2070
ZgcdB7Mh,107,1/2-1/2,White,<=5s vs 5-10s,2002
UUktnhKJ,71,0-1,White,<=5s vs 15-20s,2270
eHF9eXTm,89,0-1,White,<=5s vs 5-10s,1644
2pdU012Z,58,0-1,Black,<=5s vs 15-20s,2093
dn9RWyl3,70,0-1,Black,<=5s vs 15-20s,1424
PQbbtPCR,66,1-0,Black,<=5s vs 5-10s,1718
8xbSX8pP,48,0-1,Black,<=5s vs 15-20s,1169
5Mzbt2YQ,81,1-0,White,<=5s vs 10-15s,2291
TfShgHBu,97,1-0,White,<=5s vs 10-15s,2048
gEUEwAOh,61,1-0,White,<=5s vs 10-15s,1382
vcF0qBtJ,82,0-1,Black,<=5s vs 5-10s,2020
LaB1r4DR,73,1-0,White,<=5s vs 15-20s,2038
khm8VZkt,47,1-0,White,<=5s vs 10-15s,1255
Vndw7itt,92,0-1,Black,<=5s vs 15-20s,2155
wRPYxFCE,88,1/2-1/2,Black,<=5s vs 5-10s,2598
PLVfNbvk,52,0-1,Black,<=5s vs 15-20s,1637
BfwiPPZ3,49,1-0,White,<=5s vs 5-10s,1096
P0OASfKY,109,0-1,White,<=5s vs <=5s,1961
37nBCR78,76,0-1,Black,<=5s vs 15-20s,1991
zlsku1Di,119,1/2-1/2,White,<=5s vs 5-10s,1708
x4ySqSyB,69,1-0,White,<=5s vs 15-20s,2133
w92WsfoG,71,1-0,White,<=5s vs 10-15s,2022
3V0RNlJ0,102,1/2-1/2,Black,<=5s vs <=5s,2099
UrEtwDsZ,61,1-0,White,<=5s vs 15-20s,1722
KsKuJdtp,73,0-1,White,<=5s vs 10-15s,1932
Bd1CH0hQ,78,0-1,Black,<=5s vs 10-15s,1107
cpwgiWHz,64,1-0,Black,<=5s vs <=5s,1767
LejnM29P,49,1-0,White,<=5s vs 10-15s,889
QhFuvnpu,72,0-1,Black,<=5s vs 15-20s,1867
ZL9gnhbg,80,0-1,Black,<=5s vs 15-20s,2599
C0TMY3Vm,47,1-0,White,<=5s vs 5-10s,1304
MwsodWfh,77,1-0,White,<=5s vs <=5s,2283
S6w95jjC,75,0-1,White,<=5s vs <=5s,2084
ijItNSRU,97,1-0,White,<=5s vs <=5s,2347
NxgQlKBQ,99,1-0,White,<=5s vs 15-20s,1952
F7BkMqrC,89,1-0,White,<=5s vs 5-10s,1442
YKv2O2b0,65,1-0,White,<=5s vs 15-20s,1962
g6KHrmI8,48,0-1,Black,<=5s vs 10-15s,2200
ZpZA5L2t,63,1-0,White,<=5s vs 5-10s,1922
9IbbCz28,66,0-1,Black,<=5s vs <=5s,1596
BWZnKfR8,72,0-1,Black,<=5s vs 5-10s,1909
t3IhfpWA,82,0-1,Black,<=5s vs 5-10s,1910
IMOKCjWN,50,0-1,Black,<=5s vs 15-20s,1866
zir5Xzo8,65,1-0,White,<=5s vs 5-10s,2296
yrStgGVL,62,1-0,Black,<=5s vs 5-10s,2043
rrzISjvM,62,0-1,Black,<=5s vs 10-15s,1775
4KSqT1zY,58,0-1,Black,<=5s vs 15-20s,1179
9zro5ZQn,53,1-0,White,<=5s vs 15-20s,1148
Lkdfcg1F,59,1-0,White,<=5s vs 10-15s,1437
AZF6DQpt,81,0-1,White,<=5s vs <=5s,2025
1Pj2Fy5b,80,0-1,Black,<=5s vs 10-15s,2184
VXXVDPYn,68,0-1,Black,<=5s vs 10-15s,1741
5q8JddMg,104,1-0,Black,<=5s vs <=5s,2558
6LMyeXqG,119,1/2-1/2,White,<=5s vs 10-15s,2570
l0yRHtfq,39,1-0,White,<=5s vs 15-20s,1327
BDGIATV1,92,0-1,Black,<=5s vs 15-20s,2185
kOjlguoS,63,1-0,White,<=5s vs 15-20s,1290
xHTO2kxG,74,0-1,Black,<=5s vs 5-10s,2740
IOL54uJf,73,1-0,White,<=5s vs 15-20s,1884
3gnm0VwT,40,0-1,Black,<=5s vs 5-10s,1089
WxMkodGh,62,0-1,Black,<=5s vs 5-10s,1473
hwKAwhJn,96,1-0,Black,<=5s vs 10-15s,2541
60ZadQA3,34,0-1,Black,<=5s vs 5-10s,853
G2AMsq6E,57,1-0,White,<=5s vs 10-15s,2380
OLOmhzcd,69,1-0,White,<=5s vs 15-20s,2083
8JDqzjtM,104,0-1,Black,<=5s vs 5-10s,2142
oTAVK5Re,85,1-0,White,<=5s vs <=5s,2141
DK1KCxQI,80,0-1,Black,<=5s vs 5-10s,1538
nF2tzJ5H,50,0-1,Black,<=5s vs 10-15s,2404
fIMl1ww0,98,0-1,Black,<=5s vs 15-20s,1942
Qd2VOG6l,82,0-1,Black,<=5s vs 5-10s,2159
LPELJt32,120,0-1,Black,<=5s vs 5-10s,1648
iDwRF9Eg,58,0-1,Black,<=5s vs 10-15s,2451
1DvjWiP5,56,0-1,Black,<=5s vs 15-20s,1281
YsfvX02X,93,0-1,White,<=5s vs 5-10s,1509
TDzqz0JK,72,1-0,Black,<=5s vs 10-15s,1327
A8ZRCgZc,56,1-0,Black,<=5s vs <=5s,1947
GQgjDOLw,54,0-1,Black,<=5s vs <=5s,960
1CvK0Upc,54,0-1,Black,<=5s vs 5-10s,1648
ipr4p08u,64,1-0,Black,<=5s vs 5-10s,1812
abHQyi06,101,1-0,White,<=5s vs 5-10s,1571
VDff3iXg,89,1-0,White,<=5s vs <=5s,1987
HIDpxaoU,117,1-0,White,<=5s vs 5-10s,2577
tVayY1Pc,79,1-0,White,<=5s vs 15-20s,2537
w68kQdDL,68,0-1,Black,<=5s vs 5-10s,1646
hET3MVQh,53,1-0,White,<=5s vs 10-15s,1987
Nsdh6zgY,58,1-0,Black,<=5s vs 10-15s,1409
K0qSoHNA,92,0-1,Black,<=5s vs 15-20s,1697
kqzwWWYT,62,0-1,Black,<=5s vs 10-15s,1415
t9kwaFPc,78,0-1,Black,<=5s vs 15-20s,1827
O3IT8A0r,75,1-0,White,<=5s vs 5-10s,2342
hKhxDjGK,82,0-1,Black,<=5s vs 5-10s,1622
9f1zgL9n,56,0-1,Black,<=5s vs 15-20s,1545
kZnw0IHM,75,1-0,White,<=5s vs 5-10s,2110
Fg0xhacI,32,0-1,Black,<=5s vs 10-15s,1298
ISUjGzCr,67,1-0,White,<=5s vs 5-10s,2021
mo3XWxkm,113,1-0,White,<=5s vs 15-20s,1926
Q1EyfWTW,79,1-0,White,<=5s vs 5-10s,2482
APEbfv2M,160,1/2-1/2,Black,<=5s vs 5-10s,3012
HBmHvLR1,42,0-1,Black,<=5s vs 5-10s,1101
tgjPrLCR,73,1-0,White,<=5s vs 10-15s,2637
sggB1pjR,57,1-0,White,<=5s vs 5-10s,923
hBfcZVno,67,1/2-1/2,White,<=5s vs 10-15s,1425
vyufMPge,70,0-1,Black,<=5s vs 10-15s,1486
3OF5zDdm,85,1-0,White,<=5s vs 10-15s,2378
ErInAdyt,59,1-0,White,<=5s vs 5-10s,1452
8Z0iptNT,68,0-1,Black,<=5s vs 5-10s,2293
PcF4y5tl,153,1/2-1/2,White,<=5s vs 15-20s,2178
ZN4SPqfO,36,0-1,Black,<=5s vs 15-20s,1439
ULQtznIW,67,1-0,White,<=5s vs 15-20s,1490
HBa1vaHD,101,1-0,White,<=5s vs 5-10s,1909
Z0XpugAm,67,1-0,White,<=5s vs 5-10s,1397
M3rmqcx8,84,1-0,Black,<=5s vs <=5s,2158
r9Go3pBe,58,0-1,Black,<=5s vs 10-15s,1399
eDQi5Kk2,55,1-0,White,<=5s vs 10-15s,1932
YEKqjW0l,84,1-0,Black,<=5s vs <=5s,1776
J8YZEj3r,47,1-0,White,<=5s vs 15-20s,992
QppKSHfN,72,0-1,Black,<=5s vs 5-10s,2462
VlGne0Kk,57,1/2-1/2,White,<=5s vs 5-10s,1323
dAWQxXii,53,1-0,White,<=5s vs 10-15s,1626
eI1G1AGH,83,1-0,White,<=5s vs 10-15s,1973
ufxztls2,45,1-0,White,<=5s vs 5-10s,930
m5ZiFtrf,55,1-0,White,<=5s vs 5-10s,2397
KgZ3ZqfS,36,0-1,Black,<=5s vs 15-20s,1379
UWu68jJk,51,1-0,White,<=5s vs 10-15s,1390
xPLQcgia,58,1-0,Black,<=5s vs <=5s,1298
o5RtR3et,65,1-0,White,<=5s vs 15-20s,2270
fitgzYRg,72,1-0,Black,<=5s vs <=5s,1006
wiiDnhE8,55,1-0,White,<=5s vs 15-20s,1506
6gnLgic3,61,1-0,White,<=5s vs 10-15s,1378
iLzXjkkw,68,0-1,Black,<=5s vs 10-15s,2750
rzjueO6d,63,1-0,White,<=5s vs 5-10s,2320
AJNi5f0X,80,0-1,Black,<=5s vs 10-15s,1868
zcVUK5se,53,1-0,White,<=5s vs 10-15s,1420
mQdQFWZU,65,1-0,White,<=5s vs 15-20s,1369
AEEfBLbP,42,0-1,Black,<=5s vs 15-20s,1227
VODLzMxU,76,0-1,Black,<=5s vs <=5s,1687
avZ8DPPg,50,0-1,Black,<=5s vs 15-20s,1848
XDEULx8A,136,0-1,Black,<=5s vs 15-20s,1854
qDS8B89z,44,0-1,Black,<=5s vs 15-20s,1031
77Lxi5gf,56,0-1,Black,<=5s vs 15-20s,2415
PqWE6p91,86,0-1,Black,<=5s vs 10-15s,1986
QwmsSanS,41,1-0,White,<=5s vs 15-20s,1161
jOGdS3NN,66,1/2-1/2,Black,<=5s vs 10-15s,1870
TyZXCtDU,95,0-1,White,<=5s vs 5-10s,2270
8HiZV92W,101,1-0,White,<=5s vs 15-20s,1746
ELZWFKGz,76,0-1,Black,<=5s vs 10-15s,2009
Avgo637O,65,1-0,White,<=5s vs 15-20s,1126
uWWl0T2p,47,1-0,White,<=5s vs 5-10s,1035
BLkIivkY,75,1-0,White,<=5s vs 10-15s,1827
0L6g0wfr,79,1-0,White,<=5s vs 10-15s,1791
puY7CFfZ,106,0-1,Black,<=5s vs 5-10s,2647
RNHPjBkg,71,1-0,White,<=5s vs 15-20s,1518
BXvBxxWw,63,1-0,White,<=5s vs 10-15s,1885
BzlpwBB7,80,0-1,Black,<=5s vs 5-10s,2134
HzSyLgRn,60,0-1,Black,<=5s vs 10-15s,966
Vm6kw8Vw,54,0-1,Black,<=5s vs 5-10s,1830
VroJXhe1,56,0-1,Black,<=5s vs 15-20s,1418
KKJjhPVH,106,0-1,Black,<=5s vs 5-10s,1846
YaQs9etL,62,0-1,Black,<=5s vs 15-20s,1424
HQoqy7Bl,93,1/2-1/2,White,<=5s vs 5-10s,2399
BF1Sj8jR,48,0-1,Black,<=5s vs <=5s,1628
Kx6w1cO8,49,1-0,White,<=5s vs 10-15s,1706
criKeJB7,57,1-0,White,<=5s vs 15-20s,1381
5cSfCFPr,134,1/2-1/2,Black,<=5s vs 10-15s,2575
XvLvfY6X,109,1-0,White,<=5s vs 10-15s,2253
fDNfBWW1,90,0-1,Black,<=5s vs <=5s,2051
8Um8UZb2,90,0-1,Black,<=5s vs 5-10s,1803
3SJjokOX,70,0-1,Black,<=5s vs 10-15s,1779
G3C8zXZ8,62,0-1,Black,<=5s vs 15-20s,1943
VMfszjsK,47,1-0,White,<=5s vs 15-20s,1764
j5XMWyTe,70,0-1,Black,<=5s vs 15-20s,1881
QJEmgNTE,58,0-1,Black,<=5s vs 10-15s,1605
lgA4A3dB,76,0-1,Black,<=5s vs 15-20s,2662
JFKBdLD8,76,0-1,Black,<=5s vs 5-10s,1536
kwuSidka,67,1-0,White,<=5s vs 15-20s,2422
fTVzxY0v,42,0-1,Black,<=5s vs 15-20s,1262
FNbOrOVX,41,1-0,White,<=5s vs 10-15s,1644
WZQC75rq,81,1-0,White,<=5s vs 5-10s,1741
UMIRDGeU,60,0-1,Black,<=5s vs 5-10s,1061
WhY4Qby1,57,1-0,White,<=5s vs 10-15s,1680
tv48Dnho,69,1-0,White,<=5s vs 10-15s,2194
G3FM5U57,76,0-1,Black,<=5s vs 5-10s,1858
ACZzj1b8,79,1-0,White,<=5s vs 15-20s,2119
yQFIVN4s,63,1-0,White,<=5s vs 15-20s,1346
uONS6Stb,75,1-0,White,<=5s vs 10-15s,1452
U3UQUpOO,46,0-1,Black,<=5s vs 15-20s,1069
e2q2AnE9,55,1-0,White,<=5s vs 5-10s,1892
5pYzbplx,84,0-1,Black,<=5s vs 15-20s,2263
XT3geWy7,54,0-1,Black,<=5s vs 5-10s,1049
JO9t34a7,82,0-1,Black,<=5s vs 10-15s,2422
SjwNzOB7,55,1-0,White,<=5s vs 10-15s,2340
JrF5h7vG,82,0-1,Black,<=5s vs 5-10s,1522
BhQKVdMM,116,0-1,Black,<=5s vs 5-10s,1652
HUJYw2sd,120,1-0,Black,<=5s vs <=5s,2213
xodhzUQr,56,0-1,Black,<=5s vs 10-15s,1500
SxorGxqX,108,1-0,Black,<=5s vs 5-10s,2664
s5eV0NOD,47,1-0,White,<=5s vs 15-20s,1422
wg9Z4cDD,76,1-0,Black,<=5s vs 10-15s,2559
F0FARsMN,64,0-1,Black,<=5s vs 15-20s,1494
M8myxlSg,83,1-0,White,<=5s vs 5-10s,1946
3UssKUWJ,183,1-0,White,<=5s vs 10-15s,2117
KYIQThzQ,69,1-0,White,<=5s vs 15-20s,2076
IN04nIxU,117,1-0,White,<=5s vs 10-15s,3056
SHNwNiOK,77,1-0,White,<=5s vs 15-20s,1361
XNqCzstI,56,0-1,Black,<=5s vs 5-10s,1282
Mv45ZvvQ,102,1-0,Black,<=5s vs <=5s,2330
LZfqYUrx,120,0-1,Black,<=5s vs 5-10s,2700
AswtkIdP,73,1-0,White,<=5s vs <=5s,2378
gMnHBltG,55,1-0,White,<=5s vs 15-20s,1459
Xo7TW7fE,43,1-0,White,<=5s vs 5-10s,1779
8UVMxGvv,83,1-0,White,<=5s vs 5-10s,2353
JYHiJ0bP,76,0-1,Black,<=5s vs 5-10s,2388
BI6pU9Q2,44,0-1,Black,<=5s vs 10-15s,1371
7vv4aoua,81,1-0,White,<=5s vs 15-20s,1614
8aHX8J7D,63,1-0,White,<=5s vs 15-20s,1655
B4PW3GIc,38,0-1,Black,<=5s vs 15-20s,756
hlopJGtT,87,1-0,White,<=5s vs 5-10s,1803
tkQswcQb,84,0-1,Black,<=5s vs 10-15s,1904
rN7oxHe5,92,0-1,Black,<=5s vs 15-20s,1960
iUDVw7TC,120,0-1,Black,<=5s vs 15-20s,2459
MLrMEdRZ,79,1-0,White,<=5s vs 5-10s,1661
yVUmC2zJ,69,1-0,White,<=5s vs 5-10s,1662
hxpjtFhi,65,1-0,White,<=5s vs 15-20s,2127
YvPfJjej,104,0-1,Black,<=5s vs 15-20s,2425
wLUR0Jcz,64,0-1,Black,<=5s vs 10-15s,1572
m38cBAqB,54,1-0,Black,<=5s vs <=5s,1024
8DNhWawO,125,1-0,White,<=5s vs 5-10s,2064
Tuc6VDgf,94,1/2-1/2,Black,<=5s vs 15-20s,2119
8YnAFQhJ,52,0-1,Black,<=5s vs 10-15s,1156
7gEnGtjH,68,0-1,Black,<=5s vs 10-15s,2288
S7zXrXGj,90,0-1,Black,<=5s vs <=5s,1804
J5WrVVXA,62,0-1,Black,<=5s vs 15-20s,1396
AFg1JL1b,55,1-0,White,<=5s vs 10-15s,1906
FRe7tCTi,67,1-0,White,<=5s vs 10-15s,1926
T5i72q1c,75,1-0,White,<=5s vs 10-15s,2441
u9fqkdZg,64,0-1,Black,<=5s vs 5-10s,1562
dyNmfIN2,87,1-0,White,<=5s vs 5-10s,1547
VUJFkMme,84,1-0,Black,<=5s vs <=5s,1794
j6TfRSbM,70,0-1,Black,<=5s vs 5-10s,824
RJUJb1nL,87,1-0,White,<=5s vs 10-15s,1984
5j7yFSct,55,1-0,White,<=5s vs 5-10s,1573
jVauKMga,41,1-0,White,<=5s vs 15-20s,1336
cBxkaGQC,63,1-0,White,<=5s vs 5-10s,1983
rgG3Ok0o,106,0-1,Black,<=5s vs 5-10s,2460
OhN5GZVV,60,0-1,Black,<=5s vs 10-15s,1997
dwZJcByu,73,1-0,White,<=5s vs 5-10s,1735
fbEi4KfL,80,0-1,Black,<=5s vs 5-10s,2264
maF9cdvv,60,0-1,Black,<=5s vs 10-15s,2004
U81KmcDL,51,1-0,White,<=5s vs 15-20s,1636
p5UxOpYL,79,1-0,White,<=5s vs 5-10s,2515
EYZD5W3v,100,1/2-1/2,Black,<=5s vs <=5s,1810
vfEwjLOT,51,1-0,White,<=5s vs <=5s,1025
chTEY57p,75,0-1,White,<=5s vs 5-10s,1512
EsfSOCkA,94,0-1,Black,<=5s vs 15-20s,2153
3Q5tE95t,112,0-1,Black,<=5s vs 5-10s,2370
p9EXGUBY,69,1-0,White,<=5s vs 5-10s,1793
7mbzgqcd,56,0-1,Black,<=5s vs 15-20s,1658
dTBLMnJ0,100,0-1,Black,<=5s vs 5-10s,3067
XJ3jVAAl,103,0-1,White,<=5s vs <=5s,2029
F4vdoxeg,96,1-0,Black,<=5s vs <=5s,1782
YJmCJle5,80,0-1,Black,<=5s vs 5-10s,1346
64CRG5JJ,80,0-1,Black,<=5s vs 5-10s,1790
FehbYjtd,78,1-0,Black,<=5s vs 5-10s,2083
9W33Aa2a,56,0-1,Black,<=5s vs 15-20s,1472
PffbJbOv,94,0-1,Black,<=5s vs <=5s,2686
RbyZ1EpN,108,1-0,Black,<=5s vs 5-10s,1539
Ytc2Z6nQ,96,0-1,Black,<=5s vs 15-20s,1675
Cub7iYjc,71,1-0,White,<=5s vs 5-10s,1200
dhHOfwMq,58,0-1,Black,<=5s vs 5-10s,971
1t7VVaHl,69,1-0,White,<=5s vs 10-15s,1222
Ab8xjrEJ,62,0-1,Black,<=5s vs 10-15s,2233
GwRRiWd2,92,0-1,Black,<=5s vs 15-20s,1695
3Zxnutq4,64,0-1,Black,<=5s vs 5-10s,1605
b53SsV8d,111,1-0,White,<=5s vs 15-20s,2475
PNuOY0vh,72,0-1,Black,<=5s vs 5-10s,1667
caJUUPnk,42,0-1,Black,<=5s vs 10-15s,1189
VR0UMd12,52,0-1,Black,<=5s vs 10-15s,1797
D2Qn3UHW,86,0-1,Black,<=5s vs 5-10s,1565
FkP4lfu4,52,0-1,Black,<=5s vs 15-20s,1540
PmTMXOCC,62,0-1,Black,<=5s vs 10-15s,1870
U7mseICq,76,0-1,Black,<=5s vs 5-10s,2610
2n6M9zeh,114,1/2-1/2,Black,<=5s vs 15-20s,1980
NqlmowF2,146,0-1,Black,<=5s vs 15-20s,2194
pgaBoBvK,84,0-1,Black,<=5s vs 5-10s,2159
Uts8MOJw,65,1-0,White,<=5s vs 10-15s,2074
IUMFPCeE,98,1-0,Black,<=5s vs <=5s,2154
8v3kGvWu,81,0-1,White,<=5s vs 5-10s,2519
xWBlp8yF,55,1-0,White,<=5s vs 10-15s,1341
5usXOqLF,55,1-0,White,<=5s vs <=5s,1261
Ot0AmzLG,78,1-0,Black,<=5s vs <=5s,1900
Arz64AVP,62,0-1,Black,<=5s vs 10-15s,847
vkM9yNuH,69,1-0,White,<=5s vs 5-10s,1859
V6acZE3F,66,1-0,Black,<=5s vs 10-15s,1797
dLNlnOts,74,0-1,Black,<=5s vs 15-20s,1442
bafZ0whc,62,0-1,Black,<=5s vs 10-15s,1810
F8ZwO4iz,77,1-0,White,<=5s vs 15-20s,2549
8Az6knc0,141,1-0,White,<=5s vs 5-10s,1966
81TPYPie,55,0-1,White,<=5s vs 15-20s,1655
l4wKgBXm,69,1-0,White,<=5s vs 5-10s,1627
lI3gafaf,103,1-0,White,<=5s vs 5-10s,2319
UjikEowU,81,1-0,White,<=5s vs 10-15s,1617
b7CwVZx3,64,0-1,Black,<=5s vs <=5s,2027
0BTegd09,69,1-0,White,<=5s vs 10-15s,1954
AFgBMVqo,90,1/2-1/2,Black,<=5s vs 10-15s,2445
uplEn6W6,40,0-1,Black,<=5s vs 10-15s,938
y5ZNDvzX,68,1-0,Black,<=5s vs 5-10s,1932
vD6lPwnQ,50,0-1,Black,<=5s vs 15-20s,1398
5kH1QUW7,89,1-0,White,<=5s vs 15-20s,1710
SnDfZdVy,56,0-1,Black,<=5s vs 15-20s,1264
FJUvRKYc,98,1/2-1/2,Black,<=5s vs 5-10s,2297
DmZcrn7E,84,1/2-1/2,Black,<=5s vs 5-10s,2377
cskqnyRk,95,0-1,White,<=5s vs <=5s,2342
jehcmBKx,56,0-1,Black,<=5s vs 15-20s,1345
30oaNDx9,66,0-1,Black,<=5s vs 15-20s,2323
bRf8E4YJ,68,0-1,Black,<=5s vs 15-20s,1330
aO4DyHHV,45,1-0,White,<=5s vs 15-20s,1119
LjGMVcMy,74,1/2-1/2,Black,<=5s vs 10-15s,1407
8LgeqifI,44,0-1,Black,<=5s vs 10-15s,1177
Nz1CW8HA,75,1-0,White,<=5s vs 5-10s,1976
TTTGu2kC,52,0-1,Black,<=5s vs 15-20s,1710
IwMSsk26,107,1-0,White,<=5s vs 5-10s,2523
GFrUiMq6,44,0-1,Black,<=5s vs 15-20s,831
bpvjJnbW,128,1/2-1/2,Black,<=5s vs 15-20s,1725
JNv4JNJQ,102,1/2-1/2,Black,<=5s vs 5-10s,2329
CRgCZRc9,48,1-0,Black,<=5s vs <=5s,1282
nPBWhieB,51,1-0,White,<=5s vs 15-20s,1586
asLXmOdF,56,0-1,Black,<=5s vs 10-15s,2187
UjCKl6gn,98,0-1,Black,<=5s vs 10-15s,2555
2nZOURpi,92,0-1,Black,<=5s vs 5-10s,2547
7C2nlGVR,61,1-0,White,<=5s vs 10-15s,1807
u6zjPmRA,80,1-0,Black,<=5s vs <=5s,1349
yh31yDdU,68,0-1,Black,<=5s vs 10-15s,1124
8wyCmVWf,77,1-0,White,<=5s vs 10-15s,2273
JmyiKDxB,56,0-1,Black,<=5s vs 10-15s,947
oTE5oPZi,72,1-0,Black,<=5s vs <=5s,1398
6ODzfzPh,72,0-1,Black,<=5s vs 10-15s,1819
oSpVE5Jb,69,1-0,White,<=5s vs 15-20s,2014
v8fSoKTX,74,0-1,Black,<=5s vs 15-20s,2367
pDxUujr6,45,1-0,White,<=5s vs 5-10s,804
5B3uCMI1,146,1/2-1/2,Black,<=5s vs <=5s,2870
YOrfuVRi,81,1-0,White,<=5s vs 15-20s,2725
X8d2vtLH,74,0-1,Black,<=5s vs <=5s,2999
m8lwCOJ4,55,0-1,White,<=5s vs 10-15s,1841
eZoLIpYz,71,1-0,White,<=5s vs 5-10s,1775
gVrL3Nqa,46,0-1,Black,<=5s vs 5-10s,1217
BSHSJ8MH,78,0-1,Black,<=5s vs 5-10s,1418
q0AytsDe,58,0-1,Black,<=5s vs 5-10s,1352
o5NTFdtI,69,1-0,White,<=5s vs 5-10s,1371
Zps9l0rc,72,0-1,Black,<=5s vs 10-15s,2103
T5wznRMv,76,0-1,Black,<=5s vs <=5s,1653
EgYPN901,56,0-1,Black,<=5s vs 15-20s,1787
xnpzflce,80,0-1,Black,<=5s vs 5-10s,2007
Kl7I6LNK,52,0-1,Black,<=5s vs 5-10s,939
VKRi0RI3,108,1-0,Black,<=5s vs <=5s,1908
Go1bkWdS,87,1-0,White,<=5s vs 10-15s,2547
4y2L1jXX,86,0-1,Black,<=5s vs 5-10s,1921
QvksFHcv,70,1-0,Black,<=5s vs <=5s,1085
QgIUBJIO,77,1-0,White,<=5s vs 5-10s,1966
yzHdRncq,91,1-0,White,<=5s vs 5-10s,1727
8SvAKxGw,78,0-1,Black,<=5s vs 5-10s,2311
AumiDPJ3,64,0-1,Black,<=5s vs 15-20s,1450
Mk24iOTk,62,0-1,Black,<=5s vs 15-20s,1056
kvJeGT9C,53,1-0,White,<=5s vs 10-15s,1593
mFjt7YJP,45,1-0,White,<=5s vs 5-10s,620
yHYIEPH8,63,1-0,White,<=5s vs 10-15s,1838
6SkzsWfp,36,0-1,Black,<=5s vs 10-15s,1589
rS4MDDVi,79,0-1,White,<=5s vs <=5s,1673
XZEcJlwf,85,1-0,White,<=5s vs 10-15s,1914
EMrdkFN8,66,0-1,Black,<=5s vs 5-10s,1779
GMvimOc9,49,1-0,White,<=5s vs 15-20s,1414
yg2aLbA3,101,1-0,White,<=5s vs 15-20s,2106
BPag1mr3,107,1-0,White,<=5s vs 15-20s,1831
AoP6KzJl,85,1-0,White,<=5s vs 10-15s,1623
p4D1NAyE,61,1-0,White,<=5s vs 10-15s,2420
K3sRh529,79,1-0,White,<=5s vs 10-15s,1804
fqFQeQO0,70,1/2-1/2,Black,<=5s vs 10-15s,1267
HwSinUD9,138,0-1,Black,<=5s vs <=5s,2124
Q6fq1bEv,61,1-0,White,<=5s vs 10-15s,1104
9XbD7g25,75,1-0,White,<=5s vs 5-10s,2008
uK6NETB1,109,1-0,White,<=5s vs 5-10s,2755
9mv7zLmD,85,1-0,White,<=5s vs 5-10s,1468
lvxgGGbV,62,0-1,Black,<=5s vs 15-20s,2080
jAK97vHy,61,1-0,White,<=5s vs 15-20s,1868
S7MgyHEx,68,0-1,Black,<=5s vs 15-20s,1277
Q0Nkga8o,69,1-0,White,<=5s vs 10-15s,1120
vWc15qCV,75,1-0,White,<=5s vs 10-15s,1814
kDHHMvVZ,34,0-1,Black,<=5s vs <=5s,851
M5KA9ff5,102,1/2-1/2,Black,<=5s vs 15-20s,2411
x4i2Q5HP,90,0-1,Black,<=5s vs <=5s,2336
NLlGzxjU,118,1/2-1/2,Black,<=5s vs 5-10s,2437
0tr9fZmn,52,1-0,Black,<=5s vs 5-10s,2094
8z8ecrVB,70,0-1,Black,<=5s vs 15-20s,1739
v81QqZmf,43,1-0,White,<=5s vs 5-10s,1148
DhG6r2Yr,116,1-0,Black,<=5s vs <=5s,2236
oOZKwJHq,96,1-0,Black,<=5s vs <=5s,2110
GuesksxL,124,0-1,Black,<=5s vs 10-15s,2298
QVxl3zwl,59,1-0,White,<=5s vs 10-15s,2092
MgoMAtSQ,74,1-0,Black,<=5s vs <=5s,1148
OIk9Seco,144,1/2-1/2,Black,<=5s vs 15-20s,1935
cWrnP3T4,47,1-0,White,<=5s vs 15-20s,935
KAAJGcJ6,86,0-1,Black,<=5s vs <=5s,2473
4ZDMTmZr,69,1-0,White,<=5s vs 5-10s,1416
F0DctIeN,132,1-0,Black,<=5s vs <=5s,2914
bDckvpqy,61,1-0,White,<=5s vs 10-15s,1661
BljX90ST,121,1-0,White,<=5s vs 15-20s,2276
Dd0HWRY0,106,0-1,Black,<=5s vs 15-20s,2941
hDfbhoRF,69,1-0,White,<=5s vs <=5s,1631
LcGgfF6A,118,1/2-1/2,Black,<=5s vs 10-15s,2231
jMthFqcC,68,1-0,Black,<=5s vs 5-10s,1752
YsXZyVYe,51,1-0,White,<=5s vs 15-20s,2048
7Mfvv3eZ,48,1-0,Black,<=5s vs 15-20s,1640
GZGzFZNQ,46,0-1,Black,<=5s vs <=5s,1275
kyDnznro,61,1-0,White,<=5s vs 5-10s,1119
GSw5IAdh,62,0-1,Black,<=5s vs 10-15s,2054
2SQrGFQD,69,1-0,White,<=5s vs 5-10s,2744
PMeo7gbk,56,0-1,Black,<=5s vs 10-15s,979
niPZU4rV,120,0-1,Black,<=5s vs 5-10s,2650
RRdv3HGV,73,1-0,White,<=5s vs 15-20s,2472
b5M0dmDQ,83,1-0,White,<=5s vs 5-10s,1907
RYgK72qd,97,1/2-1/2,White,<=5s vs 10-15s,2134
7c64ejgJ,54,0-1,Black,<=5s vs 5-10s,2037
KH3BMKnG,84,1-0,Black,<=5s vs <=5s,2485
ysYqlZaK,60,0-1,Black,<=5s vs 15-20s,1537
ZOhW0kUS,100,0-1,Black,<=5s vs 10-15s,1969
3d0Oq3aW,57,1/2-1/2,White,<=5s vs 10-15s,1547
wiVcpODX,161,1-0,White,<=5s vs 15-20s,2418
cz88hn7q,66,0-1,Black,<=5s vs 15-20s,1762
7w8kMupy,63,1-0,White,<=5s vs <=5s,1973
Ble7xeTW,62,0-1,Black,<=5s vs 10-15s,1419
HqcA0cHq,64,0-1,Black,<=5s vs 5-10s,1694
iP3tFg7u,86,1-0,Black,<=5s vs 5-10s,2294
vrRLiAqY,63,1-0,White,<=5s vs 10-15s,1616
VlUQr24J,51,0-1,White,<=5s vs 5-10s,1652
a8aR5rLl,47,1-0,White,<=5s vs 10-15s,1819
Wypo18WE,67,1-0,White,<=5s vs <=5s,1527
DIx2l8vD,53,1-0,White,<=5s vs 10-15s,1542
X9IpsmF7,76,0-1,Black,<=5s vs 5-10s,2040
U2yQ2cW4,61,1-0,White,<=5s vs 5-10s,1815
Jn8wdGzm,127,1-0,White,<=5s vs 15-20s,1672
g2J2hCoz,74,0-1,Black,<=5s vs 10-15s,2210
dLZi6jnL,61,0-1,White,<=5s vs 5-10s,1480
hmSdTpC9,102,1-0,Black,<=5s vs <=5s,1064
UfsinIl5,134,1/2-1/2,Black,<=5s vs 10-15s,2553
q82AyQ3h,64,0-1,Black,<=5s vs 5-10s,1070
unCYxbaR,153,1-0,White,<=5s vs 15-20s,2524
6VMfwDRD,71,1-0,White,<=5s vs 10-15s,1951
1iBdsOWN,80,1-0,Black,<=5s vs 10-15s,2175
EJZoHAG8,59,1-0,White,<=5s vs 10-15s,821
5QZZsY61,62,0-1,Black,<=5s vs 10-15s,1933
pW7uhHii,73,0-1,White,<=5s vs <=5s,1643
WONka9g2,66,1-0,Black,<=5s vs <=5s,1912
LGAgf8jI,63,0-1,White,<=5s vs 5-10s,1993
N1EDHMP0,46,0-1,Black,<=5s vs 5-10s,1908
1XyA5NMx,104,0-1,Black,<=5s vs 15-20s,1719
tgb5YjCB,60,0-1,Black,<=5s vs 5-10s,1792
TeRvv6gg,73,1-0,White,<=5s vs 5-10s,2318
Tilzi8hD,58,0-1,Black,<=5s vs 10-15s,1500
Rn9oiZh7,76,1-0,Black,<=5s vs <=5s,2185
Zev5topv,64,0-1,Black,<=5s vs 10-15s,2112
CudVJChw,62,0-1,Black,<=5s vs 5-10s,1685
wTDHjSjC,72,1-0,Black,<=5s vs <=5s,1425
Cm42Hu02,80,1/2-1/2,Black,<=5s vs 5-10s,2292
M111CDCE,55,1-0,White,<=5s vs 5-10s,1769
usj2qJg1,93,1-0,White,<=5s vs 5-10s,2185
INOtxRCG,58,0-1,Black,<=5s vs 10-15s,1242
TeOWeXnP,65,1-0,White,<=5s vs 10-15s,2260
r6ibnrqr,71,0-1,White,<=5s vs <=5s,1529
1KrieDA6,92,0-1,Black,<=5s vs <=5s,1709
yZ0AcmmB,105,1-0,White,<=5s vs 5-10s,1798
RnYXlLS9,44,1-0,Black,<=5s vs 10-15s,1372
tFd9HdDp,90,0-1,Black,<=5s vs 5-10s,1957
Mpysalxm,54,0-1,Black,<=5s vs 15-20s,1195
SrUQg7bp,65,1-0,White,<=5s vs 10-15s,1032
ZHEWGGYL,61,1-0,White,<=5s vs 15-20s,1825
t2TtEbD8,55,1-0,White,<=5s vs 15-20s,1408
FATTgS5X,42,1-0,Black,<=5s vs <=5s,1162
Q1ZOkOYw,112,1-0,Black,<=5s vs 5-10s,2894
NEgLVmRf,68,0-1,Black,<=5s vs <=5s,2024
VRsnGI33,78,0-1,Black,<=5s vs 15-20s,2264
q1L7WOHR,107,1-0,White,<=5s vs 15-20s,2444
DiwFNnY9,89,1-0,White,<=5s vs 5-10s,2097
bleTWMPM,68,1-0,Black,<=5s vs 5-10s,2476
iRd7n6Xd,75,1-0,White,<=5s vs 5-10s,1504
NNNuTw8h,60,0-1,Black,<=5s vs 15-20s,1240
7TbnRy8z,39,1-0,White,<=5s vs 5-10s,1464
5y9vKfA6,82,0-1,Black,<=5s vs 5-10s,2280
qJj0PhDQ,64,0-1,Black,<=5s vs 10-15s,1848
noZ4NLBp,89,1-0,White,<=5s vs <=5s,1176
OOaIhmzR,135,1/2-1/2,White,<=5s vs <=5s,1719
F5tB9gUT,72,0-1,Black,<=5s vs 5-10s,1586
swxSHb82,46,0-1,Black,<=5s vs 15-20s,1807
S7wUC4sH,109,1-0,White,<=5s vs 10-15s,1937
l43vGsm0,40,0-1,Black,<=5s vs 10-15s,1186
OG0Rm9fd,115,1-0,White,<=5s vs 10-15s,2790
zy0ksjNY,56,1-0,Black,<=5s vs <=5s,2376
1L0V33zH,64,0-1,Black,<=5s vs 5-10s,1786
CDawArz6,82,0-1,Black,<=5s vs 10-15s,2060
0cq5y97E,64,0-1,Black,<=5s vs 5-10s,2225
66PXKDf9,80,1-0,Black,<=5s vs <=5s,1843
JUsto8KE,70,0-1,Black,<=5s vs 10-15s,1681
AcSlP2yQ,67,1-0,White,<=5s vs 5-10s,918
9pZjmYQ3,94,1-0,Black,<=5s vs <=5s,2115
aNjQm3OW,69,1-0,White,<=5s vs 15-20s,1699
NE2xBYbs,80,0-1,Black,<=5s vs 10-15s,2109
SAW10U04,86,0-1,Black,<=5s vs 5-10s,2054
D55uD7SR,68,0-1,Black,<=5s vs 10-15s,2424
r9KWvR1c,109,0-1,White,<=5s vs 5-10s,1965
pJY3GPH0,69,1-0,White,<=5s vs 5-10s,1793
Mwr7qKXz,96,0-1,Black,<=5s vs <=5s,1730
KeFY5KNq,51,1-0,White,<=5s vs 5-10s,1472
DBJ2EXIm,72,0-1,Black,<=5s vs 10-15s,1666
8NSYP3no,58,0-1,Black,<=5s vs 10-15s,1963
IVbg3KUx,73,0-1,White,<=5s vs <=5s,1871
YjR8GMim,70,0-1,Black,<=5s vs 5-10s,1674
0pHBlqA0,110,0-1,Black,<=5s vs 10-15s,2620
2UdrirC6,144,1/2-1/2,Black,<=5s vs 5-10s,3023
JLNuqr9H,42,1-0,Black,<=5s vs <=5s,1035
eLmU5aje,53,1-0,White,<=5s vs 10-15s,1648
0WzPIH3N,81,0-1,White,<=5s vs <=5s,2025
rHmx7z38,68,0-1,Black,<=5s vs 5-10s,1902
VqWqRftN,65,1-0,White,<=5s vs 5-10s,1549
FyFbHN5y,63,1-0,White,<=5s vs 5-10s,1303
xIIvSYWK,81,1-0,White,<=5s vs 10-15s,1734
2o2slwsQ,56,0-1,Black,<=5s vs 5-10s,1254
iBFDnRmP,49,1-0,White,<=5s vs 5-10s,1098
2Z8TptzE,86,1-0,Black,<=5s vs <=5s,2467
GgaZuM93,69,1-0,White,<=5s vs 15-20s,1496
gqwph3W9,68,0-1,Black,<=5s vs 10-15s,1270
C6Vp1XkJ,66,0-1,Black,<=5s vs 10-15s,1766
OcdskEdh,77,1-0,White,<=5s vs 5-10s,1904
7WIjnNYM,56,0-1,Black,<=5s vs 5-10s,1436
TC6TBNoT,77,1-0,White,<=5s vs 5-10s,1369
t5FM5Cx2,43,1-0,White,<=5s vs 10-15s,953
HokaYyiv,40,0-1,Black,<=5s vs 10-15s,1292
RKx7HOpv,52,0-1,Black,<=5s vs 5-10s,1105
rvfRx5bY,70,0-1,Black,<=5s vs 15-20s,2127
CyAZ1HN6,65,1-0,White,<=5s vs 5-10s,1220
lh9VfAw5,77,1-0,White,<=5s vs <=5s,1456
eFdue1kn,76,0-1,Black,<=5s vs <=5s,1419
vOmA3tKW,83,1-0,White,<=5s vs 15-20s,2069
GPgadNHA,41,1-0,White,<=5s vs 15-20s,924
wdmHQl3O,87,1-0,White,<=5s vs 5-10s,2536
YnOGBznF,62,0-1,Black,<=5s vs 15-20s,1351
eaw8jcBu,56,0-1,Black,<=5s vs 15-20s,1717
YDjINOI6,87,1-0,White,<=5s vs <=5s,2243
KKCoXjAR,114,1-0,Black,<=5s vs 5-10s,2280
5gfTe0H5,92,0-1,Black,<=5s vs 10-15s,2146
b4rVQ0c7,91,1-0,White,<=5s vs 5-10s,2087
iADSGEqY,92,0-1,Black,<=5s vs <=5s,1498
F7afENaG,54,0-1,Black,<=5s vs 15-20s,1974
OI9cFaR6,63,1-0,White,<=5s vs 15-20s,1591
3u1hRXxb,90,1/2-1/2,Black,<=5s vs <=5s,2047
myMNig0S,78,0-1,Black,<=5s vs 15-20s,1905
m1yQ67JS,51,1-0,White,<=5s vs 15-20s,1079
ojAnedd9,62,0-1,Black,<=5s vs 15-20s,1590
H0autOmb,119,1/2-1/2,White,<=5s vs <=5s,2639
zto7cu63,50,0-1,Black,<=5s vs 10-15s,1265
BTVWFDel,70,0-1,Black,<=5s vs 10-15s,2135
sCSPapNL,77,1-0,White,<=5s vs 5-10s,1853
QEMzRh0f,54,0-1,Black,<=5s vs 15-20s,2270
0S7yGjXb,52,0-1,Black,<=5s vs 10-15s,1431
fVm4ITqr,62,0-1,Black,<=5s vs 5-10s,1984
ZRGCm398,79,1-0,White,<=5s vs 15-20s,1796
EfP3o5WN,82,0-1,Black,<=5s vs 15-20s,2325
L87SlEMf,123,1-0,White,<=5s vs 5-10s,1792
k9GUuy3i,126,0-1,Black,<=5s vs 5-10s,2362
PuvVXBug,61,1-0,White,<=5s vs 10-15s,2115
OZozxRkC,74,0-1,Black,<=5s vs 5-10s,1677
PnaQJFZs,68,0-1,Black,<=5s vs 10-15s,1469
aiiDAHFr,53,1-0,White,<=5s vs 10-15s,2092
YSOEzxvA,55,1-0,White,<=5s vs 10-15s,814
0NgEW7c8,110,1-0,Black,<=5s vs <=5s,1958
uFOYcd6G,51,1-0,White,<=5s vs 15-20s,1369
y1E2Og5X,89,1-0,White,<=5s vs 10-15s,1865
D4KbJ4Co,56,0-1,Black,<=5s vs 15-20s,1375
NdOnF9Kc,135,1-0,White,<=5s vs 5-10s,2267
K1r6JyR8,86,0-1,Black,<=5s vs 10-15s,2253
FaWVDFyz,96,0-1,Black,<=5s vs <=5s,2161
4TLH6d6u,56,0-1,Black,<=5s vs <=5s,616
xaI8jK38,58,0-1,Black,<=5s vs 15-20s,1885
OyxIExGk,63,1-0,White,<=5s vs 15-20s,2148
dnoU8mBh,81,1-0,White,<=5s vs 10-15s,1384
LO9eg9LH,94,0-1,Black,<=5s vs 5-10s,1846
MFxtKzps,66,0-1,Black,<=5s vs 5-10s,1928
2CNqmXFV,71,1-0,White,<=5s vs 5-10s,1758
8IFFuLzI,103,1-0,White,<=5s vs 5-10s,2455
SKFTbmVM,144,0-1,Black,<=5s vs 5-10s,2471
iN3waR2Q,73,0-1,White,<=5s vs 5-10s,2298
5DLPY8pG,54,0-1,Black,<=5s vs 15-20s,1598
oBwFAFxC,114,1-0,Black,<=5s vs <=5s,2031
PDTErQu1,44,0-1,Black,<=5s vs 15-20s,1467
DOufVh9k,44,0-1,Black,<=5s vs 5-10s,1267
UEZotGxf,59,1-0,White,<=5s vs 5-10s,1697
jizMW3Cp,72,0-1,Black,<=5s vs 5-10s,1708
d41IL7fv,42,1-0,Black,<=5s vs <=5s,1507
vLfzBxv7,80,0-1,Black,<=5s vs 10-15s,1900
2sWDPkar,56,0-1,Black,<=5s vs 15-20s,2083
RlaK29m5,56,0-1,Black,<=5s vs 15-20s,1831
4a6JMkVc,99,1-0,White,<=5s vs 15-20s,2428
1WQeVo6d,53,1-0,White,<=5s vs 10-15s,1366
0EHHBINo,49,1-0,White,<=5s vs 15-20s,1743
DqXGh5rY,77,1-0,White,<=5s vs 15-20s,2436
B5pClHn6,92,0-1,Black,<=5s vs 15-20s,2437
UxJTu3zO,112,0-1,Black,<=5s vs 5-10s,1924
KAaZsBC6,54,0-1,Black,<=5s vs 15-20s,1016
MhLP3bgP,69,1-0,White,<=5s vs 5-10s,2307
wR0v9J0v,88,0-1,Black,<=5s vs 15-20s,2075
QfKhUYLV,80,0-1,Black,<=5s vs 15-20s,2080
iwA4col4,44,0-1,Black,<=5s vs 5-10s,1445
gg7G0rBA,112,0-1,Black,<=5s vs 5-10s,2400
9bVO6bCQ,61,1-0,White,<=5s vs 10-15s,1644
U0xNHhKg,68,0-1,Black,<=5s vs 5-10s,1629
xP8bXofQ,77,1-0,White,<=5s vs <=5s,1670
kDVVSXml,58,0-1,Black,<=5s vs 5-10s,1377
rPqUr0KS,73,1-0,White,<=5s vs 5-10s,1906
seAf6jrC,54,0-1,Black,<=5s vs 15-20s,2085
h2lX009Q,51,1-0,White,<=5s vs 10-15s,1719
W39w8W0S,103,1-0,White,<=5s vs 5-10s,2497
DkN5cEwP,126,0-1,Black,<=5s vs 10-15s,1966
vn0gh5MA,81,1-0,White,<=5s vs 15-20s,2154
KCZgPMyu,61,1-0,White,<=5s vs 15-20s,2636
Xco3qYnW,59,1-0,White,<=5s vs 15-20s,1271
eG0AztYu,45,1-0,White,<=5s vs 10-15s,1582
8IwpDrzl,105,1-0,White,<=5s vs 15-20s,2519
iUDy8cnj,64,0-1,Black,<=5s vs 5-10s,1339
ti0hZSoK,76,1-0,Black,<=5s vs 5-10s,1928
SX4HGlOg,85,1/2-1/2,White,<=5s vs <=5s,2765
ynN9s2VO,68,0-1,Black,<=5s vs 10-15s,1807
mXehaHiD,63,1-0,White,<=5s vs <=5s,1620
oyJkQu3f,76,0-1,Black,<=5s vs 5-10s,1347
35MDJPl3,62,0-1,Black,<=5s vs 5-10s,1127
R5M5S52m,75,0-1,White,<=5s vs <=5s,1915
Qo9yDVIO,42,0-1,Black,<=5s vs 15-20s,1082
ldwvnFOp,62,1-0,Black,<=5s vs 5-10s,1472
bOcjYgpy,133,1-0,White,<=5s vs 15-20s,2424
ww2nBpik,51,0-1,White,<=5s vs 10-15s,1274
jZQVHyC1,71,1-0,White,<=5s vs 5-10s,1776
45h7VRXH,58,0-1,Black,<=5s vs 10-15s,1394
cY2wf8B0,74,0-1,Black,<=5s vs 10-15s,1934
Abh3XTqH,74,0-1,Black,<=5s vs 10-15s,2021
RrC8Nb5A,83,1-0,White,<=5s vs 15-20s,2510
zuLTL35B,79,1-0,White,<=5s vs 5-10s,1408
KscaMWk6,56,0-1,Black,<=5s vs 15-20s,1584
6XaWe25L,52,0-1,Black,<=5s vs <=5s,1365
l5jtARoL,50,1-0,Black,<=5s vs 10-15s,1272
1WOBjteG,81,1-0,White,<=5s vs 10-15s,1957
vfuF8HEN,73,0-1,White,<=5s vs 5-10s,2123
JuPZpO2l,70,0-1,Black,<=5s vs 5-10s,1463
61YspVCK,90,0-1,Black,<=5s vs 10-15s,2114
Osqyxrrw,79,1-0,White,<=5s vs 15-20s,1874
NycjBsK7,42,0-1,Black,<=5s vs 10-15s,1231
2M4VuzUl,69,1-0,White,<=5s vs 10-15s,1715
WWIg2YEM,50,0-1,Black,<=5s vs 15-20s,1727
Bnq8QCAD,87,1-0,White,<=5s vs 5-10s,2185
1CEOHP7c,70,1-0,Black,<=5s vs <=5s,1505
E4GuF7BX,123,1/2-1/2,White,<=5s vs 15-20s,1709
JMEfPiyJ,95,1-0,White,<=5s vs 15-20s,2570
deu1t3KL,64,0-1,Black,<=5s vs 5-10s,1698
Qz34WjbD,145,0-1,White,<=5s vs <=5s,2416
LrsBVphn,32,0-1,Black,<=5s vs 10-15s,952
WRdvo8Z4,65,1-0,White,<=5s vs 5-10s,1074
mzeze7Sr,47,1-0,White,<=5s vs 5-10s,1279
wVyE9LNa,65,1-0,White,<=5s vs 15-20s,1319
HzdonXh1,69,1-0,White,<=5s vs 15-20s,1394
ktg2mjrm,72,1/2-1/2,Black,<=5s vs 10-15s,1691
DVXJI4FI,92,1-0,Black,<=5s vs 5-10s,2365
C8gCW0zl,59,1-0,White,<=5s vs 10-15s,1350
8DdiTgk2,71,0-1,White,<=5s vs 5-10s,2066
0ROwQnok,111,1/2-1/2,White,<=5s vs 10-15s,1831
IorwZjk0,263,1/2-1/2,White,<=5s vs 5-10s,2967
jyIspMyt,62,1-0,Black,<=5s vs <=5s,1207
gGnmb4Kv,139,0-1,White,<=5s vs 5-10s,1942
I3jPgrm2,85,1-0,White,<=5s vs 15-20s,2341
ONaubXPI,86,1/2-1/2,Black,<=5s vs 10-15s,840
QNJwILxR,78,1-0,Black,<=5s vs <=5s,1774
qI9vGmFK,61,1-0,White,<=5s vs 10-15s,1725
7x5TX8i7,50,0-1,Black,<=5s vs 15-20s,1502
Z2o59SKc,63,1-0,White,<=5s vs 5-10s,1552
7vxunI4L,50,0-1,Black,<=5s vs 15-20s,1327
uClvBVTa,75,0-1,White,<=5s vs <=5s,1337
Zqt1a00H,82,1-0,Black,<=5s vs 5-10s,2256
YdGb7vnd,82,0-1,Black,<=5s vs 5-10s,1888
703FxsoQ,57,1-0,White,<=5s vs 15-20s,1086
V96haA6t,68,0-1,Black,<=5s vs 5-10s,1397
HInohQJa,50,0-1,Black,<=5s vs 10-15s,1112
jZFswiuK,90,0-1,Black,<=5s vs 15-20s,2553
duYOLSro,84,1-0,Black,<=5s vs <=5s,764
VMsfFH4t,114,1/2-1/2,Black,<=5s vs 5-10s,2257
pe5ZFtJB,76,0-1,Black,<=5s vs 15-20s,2275
plpURYVt,82,0-1,Black,<=5s vs <=5s,2446
8tYM2DSU,52,0-1,Black,<=5s vs 15-20s,1673
mrZlW54j,71,1-0,White,<=5s vs 15-20s,2277
Eivvl0xQ,123,1-0,White,<=5s vs <=5s,2477
eqhvKvDJ,58,0-1,Black,<=5s vs 10-15s,1196
TnhfekGF,116,1/2-1/2,Black,<=5s vs 5-10s,2501
g50nSd2s,60,0-1,Black,<=5s vs 10-15s,1674
x4aRcyeK,64,0-1,Black,<=5s vs 5-10s,1141
JNXukqrB,91,0-1,White,<=5s vs <=5s,1658
SbX2KiHM,74,1/2-1/2,Black,<=5s vs 5-10s,1733
dbFtLpKt,57,1-0,White,<=5s vs 10-15s,1198
Va27oypM,70,1-0,Black,<=5s vs 15-20s,1603
tfbFcrrM,68,1-0,Black,<=5s vs <=5s,1997
83DmrT9P,64,0-1,Black,<=5s vs 5-10s,1523
vo6h8H6k,66,0-1,Black,<=5s vs 5-10s,1851
0prrTSrS,71,1-0,White,<=5s vs 10-15s,1473
8Uk9ye7a,93,1-0,White,<=5s vs 10-15s,2438
HkTRwVJ6,79,0-1,White,<=5s vs 5-10s,1534
S2nZ9w7o,66,0-1,Black,<=5s vs <=5s,1871
cAWV7O10,120,1/2-1/2,Black,<=5s vs <=5s,2423
eKn1UU2N,67,1-0,White,<=5s vs 5-10s,1288
8dwp0oc4,132,0-1,Black,<=5s vs 5-10s,2905
P04Q3dGq,57,1-0,White,<=5s vs <=5s,1506
OK6ggBuG,63,1-0,White,<=5s vs 10-15s,1625
ynjSmSii,51,1-0,White,<=5s vs 15-20s,1191
UOAoi92Y,63,1-0,White,<=5s vs 10-15s,1262
oW6LyKEf,76,1-0,Black,<=5s vs <=5s,1736
vMPjihDG,77,1-0,White,<=5s vs 10-15s,1969
rcg8IJBi,51,1-0,White,<=5s vs 5-10s,1309
FS6H3sur,83,1-0,White,<=5s vs 5-10s,2388
FPGJ8Iib,57,1-0,White,<=5s vs 15-20s,1538
XJO0QgFt,38,0-1,Black,<=5s vs 10-15s,874
wds6VaeI,97,1-0,White,<=5s vs 10-15s,1494
Q2v7mPRp,44,0-1,Black,<=5s vs 5-10s,1079
5c1KVsVb,51,1-0,White,<=5s vs 15-20s,1181
oLGJBDQw,93,1/2-1/2,White,<=5s vs 10-15s,2305
shUuaBJe,70,1-0,Black,<=5s vs <=5s,1181
d355d0t4,84,0-1,Black,<=5s vs 15-20s,1791
YjCxmWUc,60,1-0,Black,<=5s vs <=5s,964
n2mJPo1c,88,0-1,Black,<=5s vs 15-20s,2034
RA0SNuin,55,1-0,White,<=5s vs 10-15s,1559
U1SiRJJh,77,1/2-1/2,White,<=5s vs 10-15s,2842
6ymE6aNx,96,1/2-1/2,Black,<=5s vs 5-10s,2667
KQsIkYX8,79,1-0,White,<=5s vs <=5s,2111
t2GAnMur,102,1-0,Black,<=5s vs 10-15s,2349
aK7vM3Sz,58,0-1,Black,<=5s vs 15-20s,1688
2HwNA4ra,64,0-1,Black,<=5s vs 5-10s,2032
ybANjZcX,57,1-0,White,<=5s vs 10-15s,2292
000V6fd7,94,0-1,Black,<=5s vs 5-10s,1981
XRZM7bDb,54,0-1,Black,<=5s vs 10-15s,1475
077G98yN,90,1-0,Black,<=5s vs <=5s,2295
TZdK0KV8,57,1-0,White,<=5s vs 15-20s,2492
uGF31E54,74,0-1,Black,<=5s vs 10-15s,2339
5mnEVTtu,70,0-1,Black,<=5s vs 15-20s,1554
hwjtTtf9,105,1-0,White,<=5s vs 5-10s,2199
EIp6iqE1,78,0-1,Black,<=5s vs 15-20s,1433
cP9rx8QS,57,1-0,White,<=5s vs 15-20s,1495
KLSeKzp8,65,1-0,White,<=5s vs 5-10s,2124
3XcX9hmO,96,0-1,Black,<=5s vs 5-10s,2286
ofFZYO21,89,1-0,White,<=5s vs 5-10s,2004
x3UJWOwF,45,1-0,White,<=5s vs 15-20s,1739
ZPmO157m,74,0-1,Black,<=5s vs 10-15s,2570
QunbBBOY,80,0-1,Black,<=5s vs 10-15s,2318
AJYmXaxs,69,1-0,White,<=5s vs 5-10s,2182
JMvlrFre,109,1-0,White,<=5s vs 5-10s,2618
Aoo6FadB,67,1-0,White,<=5s vs 15-20s,1613
lghoiUol,101,0-1,White,<=5s vs 5-10s,2557
QhoZYQ7D,57,1-0,White,<=5s vs 15-20s,1357
VruWcDRV,64,1-0,Black,<=5s vs 10-15s,2196
TqKidWrm,82,1-0,Black,<=5s vs 5-10s,2348
gZozRMqS,106,0-1,Black,<=5s vs 15-20s,1622
5v9vJ0IG,50,0-1,Black,<=5s vs 5-10s,1211
6QPzt5TT,87,1-0,White,<=5s vs 15-20s,2484
ZABwe2Q4,104,0-1,Black,<=5s vs 10-15s,1900
cutJHOcH,62,0-1,Black,<=5s vs 15-20s,1494
BJbWpj3H,83,1-0,White,<=5s vs 10-15s,1994
dEZg71Af,77,1-0,White,<=5s vs 15-20s,1986
70jFTbMV,73,1-0,White,<=5s vs 10-15s,1729
CIPq7XsP,62,0-1,Black,<=5s vs 10-15s,2167
wxkL8DKw,70,1-0,Black,<=5s vs 5-10s,1765
KNMzk7VE,57,1-0,White,<=5s vs 5-10s,1184
RtMYIdzn,69,1-0,White,<=5s vs 15-20s,1739
NsepgOyI,150,1/2-1/2,Black,<=5s vs 15-20s,2694
oT458f41,56,0-1,Black,<=5s vs 10-15s,1734
fKlPeszu,71,1-0,White,<=5s vs 10-15s,1452
43ID7ULY,84,0-1,Black,<=5s vs 15-20s,1801
6cayNcCK,100,0-1,Black,<=5s vs 5-10s,1904
XLXdRxPk,47,1-0,White,<=5s vs 15-20s,1563
cGJiO76b,74,1-0,Black,<=5s vs <=5s,1476
sWZfMA8o,70,1-0,Black,<=5s vs 5-10s,1323
VfUZ6UQa,105,1-0,White,<=5s vs 10-15s,1853
1YALtKGT,88,0-1,Black,<=5s vs <=5s,2316
jfHFNhgm,96,1-0,Black,<=5s vs <=5s,1544
QdgF2O05,71,1-0,White,<=5s vs 5-10s,2320
VGF56kwu,76,1/2-1/2,Black,<=5s vs 5-10s,2489
ekwZBqKX,87,1-0,White,<=5s vs 5-10s,2473
2UUpdDqm,54,0-1,Black,<=5s vs 15-20s,1821
Vbp55i8h,84,1-0,Black,<=5s vs 5-10s,1827
RzLfXSzp,80,0-1,Black,<=5s vs 10-15s,2062
RycbS0Zn,78,0-1,Black,<=5s vs 15-20s,1010
OWqt2FFl,67,1-0,White,<=5s vs 10-15s,2191
ZUf0kYEx,103,1/2-1/2,White,<=5s vs 5-10s,2007
V7FszxN0,45,1-0,White,<=5s vs 15-20s,1210
WuVCfsrm,63,1-0,White,<=5s vs 15-20s,1869
YD23pBiF,55,1-0,White,<=5s vs 15-20s,1263
GxKmbwxw,81,1-0,White,<=5s vs 5-10s,2202
IZQyKhlN,74,0-1,Black,<=5s vs 10-15s,1853
kzRAw4uA,63,1-0,White,<=5s vs 10-15s,1884
dpKdMlGr,63,1-0,White,<=5s vs 5-10s,1602
LDjszsBy,85,1-0,White,<=5s vs 5-10s,2196
TwIsctRJ,107,1-0,White,<=5s vs 15-20s,2646
oR9GdPNs,80,0-1,Black,<=5s vs 5-10s,1771
iiPZIXBq,95,1-0,White,<=5s vs <=5s,2059
5OXnic2A,57,1-0,White,<=5s vs 10-15s,1774
QsEnHE1i,62,0-1,Black,<=5s vs 10-15s,1821
jVRilWd8,92,0-1,Black,<=5s vs 10-15s,2771
QPxaTxsb,58,0-1,Black,<=5s vs 10-15s,1869
uOsY9fWA,94,0-1,Black,<=5s vs 10-15s,1985
KrTKJ00z,81,1-0,White,<=5s vs 5-10s,2622
pHv5LJGf,63,0-1,White,<=5s vs 5-10s,1529
SCBbD0eA,120,0-1,Black,<=5s vs 5-10s,2565
DXw0BEqa,70,0-1,Black,<=5s vs 15-20s,1803
IvfZFStZ,49,1-0,White,<=5s vs 10-15s,1756
9VKHOc5D,87,1-0,White,<=5s vs 15-20s,1878
wNx05STU,75,1/2-1/2,White,<=5s vs 10-15s,2324
H5ZqPW2T,54,0-1,Black,<=5s vs 15-20s,1928
X6YQGhmt,58,0-1,Black,<=5s vs <=5s,1557
dWvlk7r3,74,0-1,Black,<=5s vs 5-10s,1941
QRAmVXIX,47,1-0,White,<=5s vs 15-20s,1844
fWxLC3GA,56,0-1,Black,<=5s vs 15-20s,1732
4YK08Chl,108,0-1,Black,<=5s vs 5-10s,1861
O2O4Uv61,104,0-1,Black,<=5s vs 5-10s,2120
wIGSBdVo,52,1-0,Black,<=5s vs <=5s,1549
LIOe68WT,75,1-0,White,<=5s vs 5-10s,1821
8XXhBhPs,59,1-0,White,<=5s vs 10-15s,1705
V1G2xpVW,60,0-1,Black,<=5s vs <=5s,1651
bFR3tEVR,85,1-0,White,<=5s vs 5-10s,1412
WJvm1NxD,115,1/2-1/2,White,<=5s vs 5-10s,2631
3vRhFEwg,57,1-0,White,<=5s vs 15-20s,1485
xVhj7HaK,106,0-1,Black,<=5s vs 15-20s,2263
7gG1TNT7,76,0-1,Black,<=5s vs 5-10s,3071
e1JqY9b0,104,0-1,Black,<=5s vs 5-10s,2518
oIVAndi9,81,1-0,White,<=5s vs 5-10s,2129
e5D1cgl4,54,0-1,Black,<=5s vs 10-15s,1264
a5zt7CX6,58,0-1,Black,<=5s vs 5-10s,1322
0A9KKrpH,85,1-0,White,<=5s vs <=5s,2298
FPnLebZE,79,1-0,White,<=5s vs 5-10s,2237
3j504nBf,71,1-0,White,<=5s vs 5-10s,2001
EO5MzWyr,114,1/2-1/2,Black,<=5s vs <=5s,2000
YOGeCUHG,89,1-0,White,<=5s vs 5-10s,1966
Dt3qO3q3,78,0-1,Black,<=5s vs 10-15s,2056
7UqZwJcO,88,0-1,Black,<=5s vs 10-15s,2048
2whYSJJ3,55,1-0,White,<=5s vs 5-10s,1917
DER2Ig2b,95,1-0,White,<=5s vs 5-10s,2532
thAW6ady,68,0-1,Black,<=5s vs 15-20s,2118
f9BOCyXX,111,0-1,White,<=5s vs <=5s,2135
8DmPabq9,62,0-1,Black,<=5s vs 10-15s,1279
Sq6W051A,54,0-1,Black,<=5s vs 15-20s,1498
RXJcNPCl,76,0-1,Black,<=5s vs 5-10s,1549
MjoIBIzw,69,1-0,White,<=5s vs 10-15s,2301
7Qt2WZO6,77,0-1,White,<=5s vs <=5s,2320
NaIZnz84,87,1-0,White,<=5s vs 5-10s,2310
qzoz5Eai,101,1-0,White,<=5s vs 10-15s,2449
NdhjkCyx,150,1/2-1/2,Black,<=5s vs 5-10s,2582
VmDtRFES,98,0-1,Black,<=5s vs <=5s,2177
LMZsIN1U,93,1-0,White,<=5s vs 5-10s,2130
jR6u96xE,44,0-1,Black,<=5s vs 5-10s,1020
sIaNqwHg,81,1-0,White,<=5s vs <=5s,2209
FHgx6u2W,59,1-0,White,<=5s vs 15-20s,1312
eKHbsnQf,42,0-1,Black,<=5s vs 10-15s,929
XhaJHmkt,50,1-0,Black,<=5s vs <=5s,1190
pPY3yAKq,39,1-0,White,<=5s vs 15-20s,1608
TyCIXq40,73,0-1,White,<=5s vs 10-15s,2129
AXvKjqvX,69,1-0,White,<=5s vs 10-15s,1371
zPjkpkOv,57,1-0,White,<=5s vs 10-15s,2130
nwc58dQp,72,0-1,Black,<=5s vs 10-15s,1400
RAIytqpT,67,0-1,White,<=5s vs 15-20s,1712
wecFHRLa,44,0-1,Black,<=5s vs 10-15s,1435
2rmLd1Yt,70,0-1,Black,<=5s vs 10-15s,2226
Z45HbCs0,44,0-1,Black,<=5s vs 15-20s,951
2oWGYg8X,68,0-1,Black,<=5s vs 15-20s,1995
xjyRhXyj,77,1-0,White,<=5s vs 5-10s,1941
uNNNRYew,78,0-1,Black,<=5s vs <=5s,2048
8RLz3olD,127,1/2-1/2,White,<=5s vs 10-15s,2308
S05XIxci,53,1-0,White,<=5s vs 5-10s,1568
sEtjnVrR,93,1-0,White,<=5s vs 10-15s,1165
RLTHfiJ7,137,1-0,White,<=5s vs 15-20s,2419
6xxm1e6V,43,1-0,White,<=5s vs 10-15s,948
nfsHmfAw,111,1-0,White,<=5s vs 10-15s,2988
hsGvrNUp,81,0-1,White,<=5s vs 5-10s,2279
EDwUMkXN,60,0-1,Black,<=5s vs 10-15s,1642
IswPWCPZ,55,1-0,White,<=5s vs 5-10s,1378
N8AQIGLr,74,1-0,Black,<=5s vs <=5s,1093
7vchqq6w,48,0-1,Black,<=5s vs 5-10s,2200
gACXuIrj,120,0-1,Black,<=5s vs 15-20s,2613
PbCqiacw,127,0-1,White,<=5s vs 10-15s,1868
4LJzcqkW,61,1-0,White,<=5s vs <=5s,2163
h4M83KnJ,72,0-1,Black,<=5s vs <=5s,1221
Qn5xyCg4,92,1-0,Black,<=5s vs <=5s,2420
QYxz1b1s,78,1-0,Black,<=5s vs 10-15s,1726
AZhS6q4b,51,1-0,White,<=5s vs 10-15s,1553
pvi7xgq9,85,1-0,White,<=5s vs 10-15s,1893
ZeeNrs5C,61,1-0,White,<=5s vs 10-15s,1184
NmrLH7QV,80,0-1,Black,<=5s vs 5-10s,1453
lxdDHTAz,53,1-0,White,<=5s vs 15-20s,1021
2lyhT3CJ,88,0-1,Black,<=5s vs 5-10s,2504
trcOS92V,70,0-1,Black,<=5s vs 10-15s,2473
dvRSdAZP,51,0-1,White,<=5s vs 5-10s,1642
eqkuo549,117,1/2-1/2,White,<=5s vs 5-10s,2558
4CZGS7IL,108,1/2-1/2,Black,<=5s vs <=5s,1356
sBbfxUcE,68,1-0,Black,<=5s vs <=5s,948
ROYUEy7I,98,0-1,Black,<=5s vs 10-15s,2340
ilIctjy5,72,1-0,Black,<=5s vs 5-10s,2139
Y1stYKpU,57,1-0,White,<=5s vs 15-20s,1403
2yS0vqMK,44,0-1,Black,<=5s vs 15-20s,1089
mvRPutNm,67,1-0,White,<=5s vs 10-15s,1840
GPFzsdQF,70,0-1,Black,<=5s vs <=5s,2370
mMm4hMhH,58,0-1,Black,<=5s vs <=5s,1605
7u4aJhnA,83,1-0,White,<=5s vs 5-10s,1746
JKUJOLlm,44,0-1,Black,<=5s vs 10-15s,1270
AhMLz4fB,121,1/2-1/2,White,<=5s vs 5-10s,2083
M6UtmVE0,64,0-1,Black,<=5s vs 5-10s,1422
VbcOpDIc,59,1-0,White,<=5s vs 5-10s,2456
uJlbPoYU,60,0-1,Black,<=5s vs 5-10s,2240
WrNoD63L,63,1-0,White,<=5s vs 10-15s,2166
3vrTIwHq,65,1-0,White,<=5s vs 10-15s,1030
OzXhM6mC,60,0-1,Black,<=5s vs 10-15s,1448
BFa9SsVa,55,1-0,White,<=5s vs 5-10s,1058
ZwZvh5s9,105,1-0,White,<=5s vs <=5s,2346
CcHxzFQZ,84,0-1,Black,<=5s vs 5-10s,2492
VBOTjQJS,73,0-1,White,<=5s vs 15-20s,2374
kGcqexCo,75,1-0,White,<=5s vs 5-10s,2352
aZH4k9Dn,102,0-1,Black,<=5s vs 15-20s,2174
taOzdYOZ,57,1-0,White,<=5s vs 15-20s,1763
kw2HkA8s,68,0-1,Black,<=5s vs 5-10s,2430
siH6yAFA,73,1-0,White,<=5s vs 5-10s,1815
XyZzUboB,72,1-0,Black,<=5s vs <=5s,1790
1IJVTY45,41,0-1,White,<=5s vs 10-15s,785
qH8UtJZ0,89,1/2-1/2,White,<=5s vs 15-20s,1639
x7CNDsF7,78,1-0,Black,<=5s vs 5-10s,2312
nRZ1bl1Q,58,0-1,Black,<=5s vs 15-20s,2085
kf27xCn4,43,1-0,White,<=5s vs 5-10s,973
rm82Kz9s,78,1-0,Black,<=5s vs <=5s,1841
JS5J1HME,58,1-0,Black,<=5s vs 10-15s,2466
fcrrqZos,85,1-0,White,<=5s vs 15-20s,1597
ZJ91enUc,72,0-1,Black,<=5s vs <=5s,1243
ghEI1CUy,67,1-0,White,<=5s vs 5-10s,2199
ZzW2wUab,89,1-0,White,<=5s vs 10-15s,2264
mA1aDoez,70,0-1,Black,<=5s vs 5-10s,2422
oD8IEeKv,112,0-1,Black,<=5s vs 5-10s,2483
o4TuGpKk,86,0-1,Black,<=5s vs 10-15s,1967
XHI6rD46,61,1-0,White,<=5s vs 5-10s,1838
DwbQRoYF,36,0-1,Black,<=5s vs 5-10s,675
2m6ZgrSN,67,0-1,White,<=5s vs 5-10s,1847
NAhLchEo,78,0-1,Black,<=5s vs 5-10s,1700
j6DCVj5E,40,0-1,Black,<=5s vs 10-15s,1012
9zKo24lE,72,0-1,Black,<=5s vs 15-20s,2486
OvcJ4TRQ,46,0-1,Black,<=5s vs 5-10s,2122
PY7QKojm,74,0-1,Black,<=5s vs 5-10s,1861
NohQFxEf,100,0-1,Black,<=5s vs 5-10s,2523
8FHhtp2S,52,0-1,Black,<=5s vs 5-10s,1822
AJr4KxSX,67,1-0,White,<=5s vs 10-15s,1890
4rts5Pqh,104,1-0,Black,<=5s vs <=5s,2739
pf0qOBBp,56,0-1,Black,<=5s vs 15-20s,1014
Pr4Nt2Vh,55,1-0,White,<=5s vs 15-20s,1091
7DFupK7z,137,0-1,White,<=5s vs <=5s,2385
3CfNMIRQ,64,0-1,Black,<=5s vs 5-10s,1951
o0lEGhzj,53,1-0,White,<=5s vs 15-20s,2523
C61WLTr1,110,1-0,Black,<=5s vs <=5s,1776
IMYYqZEX,59,0-1,White,<=5s vs 10-15s,1991
EPBBoF6a,118,0-1,Black,<=5s vs <=5s,2619
OoR1EJWU,66,0-1,Black,<=5s vs 15-20s,2484
fIPT9txl,89,1/2-1/2,White,<=5s vs 15-20s,2772
hoHMHJaX,79,1-0,White,<=5s vs 15-20s,1955
2xzLbEUR,92,0-1,Black,<=5s vs 10-15s,1860
VEr6ixOx,39,0-1,White,<=5s vs <=5s,942
AKXDipek,51,1-0,White,<=5s vs 5-10s,903
ZJOHkr5f,59,1-0,White,<=5s vs 10-15s,1473
V66QFgYJ,65,1-0,White,<=5s vs <=5s,1697
naLon4Oo,101,1-0,White,<=5s vs 15-20s,2178
bJTFWN9v,62,0-1,Black,<=5s vs 15-20s,1771
ew9tBZsu,99,1/2-1/2,White,<=5s vs 10-15s,2147
6FW1QoUK,83,1-0,White,<=5s vs 15-20s,1453
yxr0fyLH,70,0-1,Black,<=5s vs <=5s,1961
9gmoznqU,78,0-1,Black,<=5s vs 15-20s,2051
ksgIIR43,124,0-1,Black,<=5s vs 5-10s,2372
4jqYcS7D,62,0-1,Black,<=5s vs 5-10s,1904
ru2M8j23,82,1-0,Black,<=5s vs 5-10s,1307
EUZDxUOn,75,0-1,White,<=5s vs <=5s,1558
slgX12M5,71,1-0,White,<=5s vs 5-10s,1954
6ZTODErE,72,1-0,Black,<=5s vs <=5s,2450
iJWJ7jFr,49,1-0,White,<=5s vs 15-20s,1647
1bytZ6Pc,64,0-1,Black,<=5s vs 5-10s,1626
khNYpwZG,84,0-1,Black,<=5s vs 5-10s,1496
4IenyYnh,95,1-0,White,<=5s vs 10-15s,1732
0OxmzLe1,55,1-0,White,<=5s vs 15-20s,1739
XWbFGvzb,117,1-0,White,<=5s vs 5-10s,975
vRQDNJA5,44,1-0,Black,<=5s vs <=5s,2148
ZRFZyEF0,80,0-1,Black,<=5s vs 5-10s,1475
Oev2Vbtj,60,0-1,Black,<=5s vs 10-15s,1367
mJlNmi4q,56,0-1,Black,<=5s vs 10-15s,2076
qBQ8cUxS,71,1-0,White,<=5s vs 15-20s,1919
iqWetWCs,54,0-1,Black,<=5s vs 15-20s,1206
dWOIR0JB,76,0-1,Black,<=5s vs <=5s,2691
lFn1PMrq,78,0-1,Black,<=5s vs 5-10s,1538
cgyB2wEj,48,0-1,Black,<=5s vs 5-10s,1953
2FKwfKw5,39,1-0,White,<=5s vs 10-15s,937
X1XdI1kv,136,0-1,Black,<=5s vs 5-10s,1553
EQEbXMBr,92,0-1,Black,<=5s vs 5-10s,2413
GJ5qjQl0,86,0-1,Black,<=5s vs 10-15s,2101
1O7pzJZw,92,0-1,Black,<=5s vs 5-10s,1741
vBBZwjXJ,63,1-0,White,<=5s vs 10-15s,1749
Pvt6P0Ig,99,0-1,White,<=5s vs 5-10s,2393
BkNEAnPZ,66,0-1,Black,<=5s vs 10-15s,2388
SRGfvPv8,65,1-0,White,<=5s vs 5-10s,1890
MsoZoSar,64,0-1,Black,<=5s vs 5-10s,1964
vjRHK10q,30,0-1,Black,<=5s vs 10-15s,797
VDqBBIkv,115,1-0,White,<=5s vs <=5s,2300
H4vLjZas,87,1-0,White,<=5s vs 5-10s,2359
d8ZrUnQX,64,0-1,Black,<=5s vs 5-10s,1719
DXQSejcB,43,1-0,White,<=5s vs 5-10s,986
NOiGGUfv,82,1-0,Black,<=5s vs 5-10s,2191
GvaBvkDj,63,1-0,White,<=5s vs <=5s,1332
pB3dv6nr,110,0-1,Black,<=5s vs <=5s,1538
f6XPow2T,51,1-0,White,<=5s vs 5-10s,1493
ntqx0MwC,119,1/2-1/2,White,<=5s vs 10-15s,2567
HLVpR2Xp,76,0-1,Black,<=5s vs 5-10s,1809
C54Yg1Ym,65,1-0,White,<=5s vs 15-20s,2337
4ImfVv8u,78,0-1,Black,<=5s vs 5-10s,2824
vhXdmPlC,73,1/2-1/2,White,<=5s vs 15-20s,1779
Cac5QsH7,43,1-0,White,<=5s vs 10-15s,934
HTyErLYV,65,0-1,White,<=5s vs 5-10s,1485
c92C5TfU,46,1-0,Black,<=5s vs 10-15s,1035
9jHvTqgS,81,0-1,White,<=5s vs <=5s,2252
LCRkZ4nQ,49,1-0,White,<=5s vs 10-15s,1002
fh1HSwfR,87,1-0,White,<=5s vs 10-15s,2333
ODHKNx2g,135,1-0,White,<=5s vs <=5s,2572
FPdrmjkx,87,1-0,White,<=5s vs 5-10s,2017
krn0Q5Aq,61,1-0,White,<=5s vs 10-15s,1479
Phl17Ayw,36,0-1,Black,<=5s vs 15-20s,1349
duYEHR99,35,1-0,White,<=5s vs 5-10s,781
JIByuYMU,96,0-1,Black,<=5s vs 5-10s,1701
NmbF9Aqi,99,0-1,White,<=5s vs <=5s,2358
AP88s1SN,77,1-0,White,<=5s vs 15-20s,1987
eY0XCRQo,59,1-0,White,<=5s vs 5-10s,997
RODix6pv,62,0-1,Black,<=5s vs <=5s,1199
HFYdMaND,125,1-0,White,<=5s vs 15-20s,2361
h4sIDQU8,83,0-1,White,<=5s vs 10-15s,1927
OXvMTX0D,53,1-0,White,<=5s vs 15-20s,2284
BoebwF96,67,1-0,White,<=5s vs 15-20s,1992
AD7xjLWx,61,0-1,White,<=5s vs 10-15s,889
nT1ksu8P,57,1-0,White,<=5s vs 5-10s,1109
ZOQHElYg,67,0-1,White,<=5s vs 5-10s,1741
Ysd9iobF,46,0-1,Black,<=5s vs 5-10s,938
7lx8uvL3,65,1-0,White,<=5s vs 10-15s,1788
jK9AsPBU,46,0-1,Black,<=5s vs 15-20s,1215
waWyHOMn,72,0-1,Black,<=5s vs 5-10s,1395
nkdyfJ2I,43,1-0,White,<=5s vs 15-20s,1831
7rLMnFx7,84,0-1,Black,<=5s vs 5-10s,1866
Ae1H25TH,85,1-0,White,<=5s vs 10-15s,2139
tJimuNo9,68,0-1,Black,<=5s vs 15-20s,1585
Ixdok6Ab,72,0-1,Black,<=5s vs 5-10s,1588
fKnyK1iX,60,0-1,Black,<=5s vs 5-10s,1202
EGseOilX,91,0-1,White,<=5s vs 5-10s,2429
BuDJMvsu,76,0-1,Black,<=5s vs <=5s,1749
MVoq8Mis,72,1-0,Black,<=5s vs 5-10s,1948
KlxCX7iT,84,0-1,Black,<=5s vs 5-10s,1908
b24xD2oA,60,0-1,Black,<=5s vs 5-10s,1509
HHTW3f7V,94,0-1,Black,<=5s vs 10-15s,2441
4f9f5ydd,91,0-1,White,<=5s vs 5-10s,2226
Jg78zKQR,75,0-1,White,<=5s vs <=5s,1287
kdQmmWxc,112,0-1,Black,<=5s vs 5-10s,1807
tkif2nFq,81,1-0,White,<=5s vs 5-10s,2520
AVL1L48D,144,1-0,Black,<=5s vs <=5s,1638
Up4ARxr1,60,0-1,Black,<=5s vs 10-15s,1221
PjC1ePPg,81,1-0,White,<=5s vs 5-10s,2075
mFIUIQYR,72,0-1,Black,<=5s vs 5-10s,1720
3BDhAlK2,49,1-0,White,<=5s vs 5-10s,880
QXX3gaTy,55,1-0,White,<=5s vs 15-20s,1254
la9hDPvo,54,1-0,Black,<=5s vs 10-15s,1934
BUzVd1yY,50,1-0,Black,<=5s vs 10-15s,1176
HO6xP3PJ,66,0-1,Black,<=5s vs <=5s,1779
BWyuYSzS,104,0-1,Black,<=5s vs 15-20s,1859
fLhib3sT,66,0-1,Black,<=5s vs 15-20s,1516
GsuFJIsL,59,1-0,White,<=5s vs 10-15s,1943
yF34ZugD,92,0-1,Black,<=5s vs <=5s,2108
Sf28XXxi,51,1-0,White,<=5s vs 15-20s,1613
9uKzRqoh,87,1-0,White,<=5s vs 5-10s,2625
LSDuz6E0,82,1-0,Black,<=5s vs <=5s,2238
ga85bZ4C,67,1-0,White,<=5s vs 10-15s,1072
ovN3E3DL,87,1-0,White,<=5s vs 15-20s,1984
C2VHxA8d,78,0-1,Black,<=5s vs 5-10s,1887
WdKIMWzG,55,1-0,White,<=5s vs 5-10s,1012
KaZ5L73A,53,1-0,White,<=5s vs 10-15s,1094
uoS66pmV,119,1/2-1/2,White,<=5s vs 5-10s,2597
zRsGYu8C,78,0-1,Black,<=5s vs 5-10s,2652
IjITOFHS,140,0-1,Black,<=5s vs 10-15s,1148
VTiUYNqn,75,1-0,White,<=5s vs 15-20s,1931
gtY2rv0p,89,1-0,White,<=5s vs 15-20s,1656
YfzXzyL0,65,0-1,White,<=5s vs 5-10s,1207
7Nene7Bz,69,1-0,White,<=5s vs 10-15s,1916
C8zj1g3Q,65,1-0,White,<=5s vs 5-10s,1763
e8itF2RG,90,0-1,Black,<=5s vs 5-10s,2844
X6euR43X,58,0-1,Black,<=5s vs 10-15s,1728
SJKstm4N,107,1-0,White,<=5s vs 10-15s,2210
SsSNXmq3,59,0-1,White,<=5s vs 10-15s,1982
2sobcFUS,83,1-0,White,<=5s vs 15-20s,1944
7Zgj76ek,80,0-1,Black,<=5s vs 15-20s,2088
8Jt164Wp,70,0-1,Black,<=5s vs 5-10s,2447
MZswK4pn,87,0-1,White,<=5s vs 10-15s,2486
3F29120N,59,1-0,White,<=5s vs 5-10s,2314
eLFklF18,54,0-1,Black,<=5s vs <=5s,966
AkntLfH0,133,1-0,White,<=5s vs 15-20s,1916
8EJ9PNnW,49,1-0,White,<=5s vs 15-20s,1540
jVP1TwlR,71,1-0,White,<=5s vs 5-10s,1716
DkhYKrcQ,62,0-1,Black,<=5s vs 15-20s,2185
aaEcvD5B,87,1-0,White,<=5s vs 15-20s,2632
9rxHrPfT,64,0-1,Black,<=5s vs 5-10s,1421
LzgNxSwA,143,1-0,White,<=5s vs 10-15s,2230
8oEgtZym,84,0-1,Black,<=5s vs <=5s,2703
BwlWiBnu,81,1-0,White,<=5s vs 5-10s,1928
QyuLkEDl,109,0-1,White,<=5s vs 5-10s,1920
5GudZ0Cc,109,1/2-1/2,White,<=5s vs 5-10s,1883
NPLsVZDZ,56,1-0,Black,<=5s vs 5-10s,1969
WE8NDJVQ,154,1-0,Black,<=5s vs <=5s,2578
vc1cmxxy,63,0-1,White,<=5s vs 5-10s,1787
TaxL7yJX,96,1-0,Black,<=5s vs 5-10s,2267
fKu2MqVT,66,0-1,Black,<=5s vs 5-10s,994
PL9zZzYy,55,0-1,White,<=5s vs 5-10s,1938
U7j64NVX,148,0-1,Black,<=5s vs <=5s,1906
aXLa58cM,91,1/2-1/2,White,<=5s vs <=5s,1044
jKj7K7pU,109,1/2-1/2,White,<=5s vs 5-10s,748
fESN2XFM,61,1-0,White,<=5s vs 10-15s,1605
IgTeFfgV,58,0-1,Black,<=5s vs 5-10s,1508
IEc474ve,105,1-0,White,<=5s vs 15-20s,1697
2VD3BOOK,69,0-1,White,<=5s vs 10-15s,1242
FjmVHbUQ,48,0-1,Black,<=5s vs 5-10s,1231
o81uGvXQ,69,1-0,White,<=5s vs 15-20s,1508
Pb7Zqrzf,64,0-1,Black,<=5s vs 5-10s,1791
ce20rM3p,68,0-1,Black,<=5s vs 5-10s,1408
gCoDNQgP,44,0-1,Black,<=5s vs 10-15s,1055
ODT6YSez,103,1-0,White,<=5s vs 10-15s,1933
JjvzAyQu,69,0-1,White,<=5s vs 5-10s,2503
X2Bvkzpc,74,0-1,Black,<=5s vs 5-10s,2092
EvGHd5T8,76,0-1,Black,<=5s vs <=5s,2146
rB4Abmfy,77,0-1,White,<=5s vs 5-10s,1510
GOyNYgH3,73,0-1,White,<=5s vs 5-10s,1745
mPsEGdvX,77,0-1,White,<=5s vs <=5s,984
IlEKjoTY,75,1-0,White,<=5s vs <=5s,1475
hE6LS9vu,85,1-0,White,<=5s vs 15-20s,2417
08hMMnxb,60,0-1,Black,<=5s vs 5-10s,1091
PHeiWge2,52,0-1,Black,<=5s vs 15-20s,2147
MkfEjUq5,118,1/2-1/2,Black,<=5s vs 15-20s,2700
RfpkL4S1,49,1-0,White,<=5s vs 5-10s,1061
dng3KUcV,85,1-0,White,<=5s vs 15-20s,2813
O95sbRX3,45,1-0,White,<=5s vs 15-20s,1199
qJjOlZpI,61,1-0,White,<=5s vs 10-15s,1933
Afranq22,41,0-1,White,<=5s vs 5-10s,1302
dLbxoeOn,64,0-1,Black,<=5s vs <=5s,1321
6Va2lCAp,68,0-1,Black,<=5s vs 15-20s,1895
4tpxbRZQ,63,1-0,White,<=5s vs 10-15s,1649
8DLU3GU7,50,0-1,Black,<=5s vs 10-15s,1082
TUqJNOm1,80,1-0,Black,<=5s vs <=5s,2133
KPpV7XKR,45,1-0,White,<=5s vs 5-10s,1064
EKfdnfSZ,52,0-1,Black,<=5s vs 10-15s,1413
cfIFNJkm,71,1-0,White,<=5s vs 10-15s,1906
UuAxoFgS,96,0-1,Black,<=5s vs 10-15s,2211
g5VL7QTw,54,0-1,Black,<=5s vs 15-20s,1888
iTQGVO3u,70,1-0,Black,<=5s vs <=5s,1022
7jcR2m3k,78,1-0,Black,<=5s vs 10-15s,1330
YjxDb5h3,52,1-0,Black,<=5s vs <=5s,1317
LBsf4sdy,157,1-0,White,<=5s vs 15-20s,1924
q2w92Jw0,73,1-0,White,<=5s vs 10-15s,2373
fw8iOydt,79,1-0,White,<=5s vs 15-20s,1824
21PX0pQx,50,1-0,Black,<=5s vs 10-15s,1516
IBwQd0mq,73,1-0,White,<=5s vs 5-10s,1898
UZ813uM0,50,0-1,Black,<=5s vs 5-10s,2002
M93gVRua,90,0-1,Black,<=5s vs 5-10s,2187
AwCvCwSD,58,0-1,Black,<=5s vs 15-20s,1417
4pzFfnRY,61,1-0,White,<=5s vs 15-20s,1332
gyOee09k,52,0-1,Black,<=5s vs 15-20s,2182
irvFsxcE,94,0-1,Black,<=5s vs 5-10s,2306
Kao00AOP,81,1-0,White,<=5s vs 15-20s,2312
TVnHqXzI,74,0-1,Black,<=5s vs <=5s,1600
vazjKr2i,70,0-1,Black,<=5s vs 10-15s,1527
NT0N5wuj,78,0-1,Black,<=5s vs 5-10s,1957
TMj8bY3U,48,1-0,Black,<=5s vs 10-15s,1255
0yllt02z,67,1-0,White,<=5s vs 5-10s,2226
vJGdqJtl,45,1-0,White,<=5s vs 10-15s,1359
ebzoo5hC,83,1-0,White,<=5s vs 15-20s,1814
omcQFK3Q,65,1-0,White,<=5s vs 5-10s,1851
HJfFi0eq,62,0-1,Black,<=5s vs 15-20s,1547
0ZYAz3e7,84,1/2-1/2,Black,<=5s vs 15-20s,1969
Hogo97D5,47,0-1,White,<=5s vs <=5s,1630
Q9ex19rN,84,0-1,Black,<=5s vs 15-20s,2108
LsoZ5Ffn,46,0-1,Black,<=5s vs 10-15s,1510
KrAyZOyl,46,0-1,Black,<=5s vs 15-20s,1414
Qq3fPLLA,73,1-0,White,<=5s vs 10-15s,2062
8d7luAv3,75,1-0,White,<=5s vs 10-15s,1791
CBitLmom,77,1-0,White,<=5s vs 15-20s,1660
pJ6Zuing,81,1-0,White,<=5s vs 5-10s,1408
Su90vMBa,88,0-1,Black,<=5s vs 5-10s,2474
RJ6vcOnT,53,0-1,White,<=5s vs 5-10s,1264
3Wd2o4Yl,90,0-1,Black,<=5s vs 5-10s,2456
1xPMHqvA,60,0-1,Black,<=5s vs <=5s,2178
NY3roLGV,77,1-0,White,<=5s vs 10-15s,2135
0EsLEwiA,107,1-0,White,<=5s vs 5-10s,2213
T6Gr9fQL,42,1-0,Black,<=5s vs 10-15s,843
t4vKUu8A,68,0-1,Black,<=5s vs 5-10s,1865
bBFt90IN,75,0-1,White,<=5s vs 10-15s,1540
Y0jMwEPi,59,0-1,White,<=5s vs 10-15s,1157
NFKXH6bM,63,1-0,White,<=5s vs 5-10s,2009
FXke7GHk,74,0-1,Black,<=5s vs 10-15s,1641
hH7gv0qh,50,0-1,Black,<=5s vs 5-10s,1920
sCiZvOQT,91,1-0,White,<=5s vs 5-10s,2424
HGzSKoim,78,0-1,Black,<=5s vs 5-10s,2104
6A25VmwO,63,1-0,White,<=5s vs 15-20s,1506
MObZyQTw,86,1/2-1/2,Black,<=5s vs 5-10s,2151
YwJwJBRv,115,1-0,White,<=5s vs 10-15s,2454
YJnVjxQJ,94,0-1,Black,<=5s vs 5-10s,1832
d5iyzaJT,65,0-1,White,<=5s vs 5-10s,1139
QqhbVITS,54,0-1,Black,<=5s vs 5-10s,1635
o4E52Vqs,51,1-0,White,<=5s vs 15-20s,2022
z2GHHEcH,76,0-1,Black,<=5s vs <=5s,2218
y6n8sIjt,87,1-0,White,<=5s vs 10-15s,1992
NUFcc7ax,52,0-1,Black,<=5s vs 15-20s,1437
FxGxjpmp,54,0-1,Black,<=5s vs 15-20s,1253
LO06f1xW,106,0-1,Black,<=5s vs 5-10s,2156
NZQVqfdI,88,1/2-1/2,Black,<=5s vs 5-10s,2311
JrvvHOZ2,44,0-1,Black,<=5s vs 15-20s,1182
QkHMQMvM,49,1-0,White,<=5s vs 15-20s,1240
OLf4ewBb,82,1-0,Black,<=5s vs 10-15s,1967
WlVrdVSh,37,1-0,White,<=5s vs 15-20s,1257
aKOpe1ux,41,0-1,White,<=5s vs 5-10s,1023
dDj2RBjV,40,0-1,Black,<=5s vs 10-15s,857
57nzPs3F,110,0-1,Black,<=5s vs 15-20s,2644
L8yUGEou,84,0-1,Black,<=5s vs 10-15s,1969
8Mdtp80M,73,1-0,White,<=5s vs 10-15s,1957
Ys7PRxoP,57,0-1,White,<=5s vs 10-15s,1464
RettQw0L,75,0-1,White,<=5s vs <=5s,2326
jEggcuBc,78,0-1,Black,<=5s vs 10-15s,860
v6RSxuGw,60,0-1,Black,<=5s vs 5-10s,1273
chvU5JRr,69,1-0,White,<=5s vs 5-10s,1727
OXXAthof,68,0-1,Black,<=5s vs 15-20s,1613
Qn5yrUAN,73,1-0,White,<=5s vs 10-15s,742
urUOLV7m,79,1-0,White,<=5s vs 10-15s,2284
5UUut7aj,88,1/2-1/2,Black,<=5s vs 5-10s,2112
zYcTyDiQ,63,1-0,White,<=5s vs 5-10s,1137
1jTgav9U,186,1/2-1/2,Black,<=5s vs 5-10s,2471
ujhwGYAR,66,0-1,Black,<=5s vs 5-10s,2520
IHeGEqPp,67,1-0,White,<=5s vs 10-15s,2303
jpSRqOHP,87,1/2-1/2,White,<=5s vs 10-15s,2070
s4M8cAhz,100,0-1,Black,<=5s vs 15-20s,2562
HvF9M7Rp,62,0-1,Black,<=5s vs 15-20s,1896
REGObJQu,100,0-1,Black,<=5s vs <=5s,2244
tNBOc2e8,41,1-0,White,<=5s vs 15-20s,755
dVm0EZOD,97,1-0,White,<=5s vs <=5s,2339
hCNjEuqW,121,0-1,White,<=5s vs <=5s,2957
H0teW3cc,69,1-0,White,<=5s vs 10-15s,2527
ZFQNy7Wv,59,1-0,White,<=5s vs 15-20s,1145
a1jUDNwi,81,1-0,White,<=5s vs 5-10s,2072
FQbuUWbl,67,1-0,White,<=5s vs 10-15s,1447
HmP0V7sE,79,1-0,White,<=5s vs 15-20s,2317
9tAfQrit,74,1-0,Black,<=5s vs 5-10s,1666
1WnB9yXj,76,0-1,Black,<=5s vs 10-15s,1815
NQwiguxv,95,0-1,White,<=5s vs 5-10s,2830
pXOWNsP2,86,1-0,Black,<=5s vs <=5s,1722
3F3X5WLS,84,1-0,Black,<=5s vs <=5s,1172
VxCT8UEH,71,1-0,White,<=5s vs 5-10s,1862
du5N2SD0,77,1/2-1/2,White,<=5s vs 5-10s,2381
M4Lm3KQ7,66,0-1,Black,<=5s vs 5-10s,1866
79TUK8ci,102,0-1,Black,<=5s vs 5-10s,2992
IyLhPPAD,80,1-0,Black,<=5s vs 5-10s,1725
TQObN13S,116,0-1,Black,<=5s vs <=5s,2545
GbMrD2ZA,77,1-0,White,<=5s vs 10-15s,1797
Yf0NtjXd,60,0-1,Black,<=5s vs 15-20s,2233
DH10fzU8,64,0-1,Black,<=5s vs <=5s,1356
7YS4ZcgB,108,0-1,Black,<=5s vs 15-20s,1931
lBYM19z1,36,0-1,Black,<=5s vs 10-15s,1765
S2jsMsuk,61,1-0,White,<=5s vs 5-10s,2049
7WTJoAgl,58,0-1,Black,<=5s vs 15-20s,1037
WPZbsmrR,64,0-1,Black,<=5s vs <=5s,682
6QO7PAAN,62,0-1,Black,<=5s vs <=5s,1886
72MqtH5j,79,1-0,White,<=5s vs 15-20s,2321
fxxYGshm,78,0-1,Black,<=5s vs 15-20s,1860
0dAHQsD9,87,1-0,White,<=5s vs <=5s,2687
WakFkkOY,57,1-0,White,<=5s vs 10-15s,1678
9uVM4Ese,60,0-1,Black,<=5s vs 15-20s,2449
9WXv8Vae,103,0-1,White,<=5s vs 5-10s,2106
gbxEX2Qc,126,1/2-1/2,Black,<=5s vs 5-10s,2499
UMVKrgve,97,1-0,White,<=5s vs 5-10s,2181
1NWRJTBP,53,1-0,White,<=5s vs 10-15s,2154
kMYGvffO,46,1-0,Black,<=5s vs 15-20s,1195
wHC3X8S4,68,0-1,Black,<=5s vs <=5s,1258
nuSJGCKV,101,0-1,White,<=5s vs <=5s,1960
i0naA3MD,68,0-1,Black,<=5s vs 15-20s,2006
F5o1gcDn,69,1-0,White,<=5s vs 15-20s,2712
S1hJGb9t,59,1-0,White,<=5s vs 10-15s,1427
YvHfBe1I,54,0-1,Black,<=5s vs 10-15s,1502
IP9mMo8u,81,1-0,White,<=5s vs 15-20s,2112
9IGbPuUl,125,0-1,White,<=5s vs <=5s,2853
Pj5mJfYv,46,0-1,Black,<=5s vs 10-15s,1580
Rep6HV2e,103,0-1,White,<=5s vs 5-10s,2497
eqjdH9Hb,74,0-1,Black,<=5s vs 10-15s,2512
L8dzH33t,68,0-1,Black,<=5s vs 10-15s,2238
5WMaM3mk,83,0-1,White,<=5s vs <=5s,1851
GUte92yK,40,0-1,Black,<=5s vs 5-10s,1496
hhkXho8n,99,1/2-1/2,White,<=5s vs 10-15s,2490
dhU0Xo4e,82,1/2-1/2,Black,<=5s vs 5-10s,2936
HzD9RqSv,56,0-1,Black,<=5s vs 15-20s,1022
uSxb3hOz,66,0-1,Black,<=5s vs 10-15s,2230
B0TJNZTr,74,0-1,Black,<=5s vs <=5s,1830
swhrmSLu,65,1-0,White,<=5s vs 15-20s,1868
hXWhhF0D,102,0-1,Black,<=5s vs 5-10s,2396
2OEh3fpA,97,1/2-1/2,White,<=5s vs 10-15s,1793
SnZGDq4E,65,1-0,White,<=5s vs 10-15s,2094
kOQqK8df,57,1-0,White,<=5s vs <=5s,870
RbbUOPQ1,69,1-0,White,<=5s vs 5-10s,2015
KuNNhKTj,66,1-0,Black,<=5s vs <=5s,1734
xTxaJXUh,113,1-0,White,<=5s vs 15-20s,1258
QAk6PMGn,58,0-1,Black,<=5s vs 10-15s,1837
E7EKV6Hr,58,0-1,Black,<=5s vs <=5s,1107
ZfPGPg0w,123,1-0,White,<=5s vs <=5s,2628
aRVLI47H,67,1-0,White,<=5s vs 5-10s,1651
ALaWpkB7,56,0-1,Black,<=5s vs 10-15s,1272
2vXp1odu,106,0-1,Black,<=5s vs 10-15s,2472
IjUaySYX,60,0-1,Black,<=5s vs 15-20s,1483
gtDzUHXu,53,1-0,White,<=5s vs 15-20s,1460
6ET7lRhB,74,0-1,Black,<=5s vs <=5s,2059
X8qUcWRw,55,1-0,White,<=5s vs 5-10s,1340
BnuevcuU,78,1/2-1/2,Black,<=5s vs 10-15s,1664
1idD78VB,62,1/2-1/2,Black,<=5s vs 10-15s,2148
8egDX0aE,89,1-0,White,<=5s vs 10-15s,1851
rhLi66Z0,54,1-0,Black,<=5s vs 10-15s,1352
PvTaKlsf,78,0-1,Black,<=5s vs 15-20s,1862
jAgEv5bn,63,1-0,White,<=5s vs 15-20s,2185
8yTev1ct,59,1-0,White,<=5s vs 10-15s,1767
6j1Q95Vk,66,0-1,Black,<=5s vs 10-15s,2032
kPZxdYNy,65,1-0,White,<=5s vs 5-10s,1414
Cipf4Egg,70,1-0,Black,<=5s vs <=5s,2255
HIHKIkMs,68,0-1,Black,<=5s vs <=5s,1744
0GlX2Ctt,91,1-0,White,<=5s vs <=5s,2298
EactHNJW,70,0-1,Black,<=5s vs 15-20s,2145
WMf3b0Ks,95,1-0,White,<=5s vs 10-15s,2053
tVN2aA4b,74,0-1,Black,<=5s vs 5-10s,1755
Qnx1jmET,63,1-0,White,<=5s vs 5-10s,1289
fQhqeeBw,87,1/2-1/2,White,<=5s vs 5-10s,2401
rLds3r1l,46,0-1,Black,<=5s vs <=5s,1748
4xWCTWdS,70,0-1,Black,<=5s vs 5-10s,1058
IHBJdMiW,94,1/2-1/2,Black,<=5s vs <=5s,2189
Qy0IWQqT,44,0-1,Black,<=5s vs 15-20s,761
r3s1gkZa,92,0-1,Black,<=5s vs 5-10s,2170
QMNZ7MNZ,65,1-0,White,<=5s vs 10-15s,1519
09CzJ35x,47,1-0,White,<=5s vs 10-15s,1492
D6hXftzO,80,0-1,Black,<=5s vs 5-10s,1239
KktLHVmt,114,0-1,Black,<=5s vs 5-10s,1986
8lnN6U8B,85,0-1,White,<=5s vs <=5s,2115
BUrc9nLS,96,0-1,Black,<=5s vs 5-10s,2350
AjNKVsxr,39,1-0,White,<=5s vs 10-15s,832
AfZIrKq9,83,0-1,White,<=5s vs 5-10s,2127
UKvMbgyo,62,0-1,Black,<=5s vs 5-10s,1558
pr5ovDsD,72,1-0,Black,<=5s vs <=5s,1772
RAgHf4yt,151,1/2-1/2,White,<=5s vs 15-20s,2536
RTSscH6A,86,0-1,Black,<=5s vs 15-20s,2397
5FLkm4T6,60,1-0,Black,<=5s vs <=5s,1709
IF80O7iG,59,1-0,White,<=5s vs 5-10s,1971
DzKvO14T,81,1-0,White,<=5s vs 5-10s,1513
poYIF9s6,66,0-1,Black,<=5s vs 5-10s,1675
QwS4kCHf,93,1-0,White,<=5s vs 15-20s,1327
BrVRAqpz,84,0-1,Black,<=5s vs <=5s,2211
8NNtKfXK,65,1-0,White,<=5s vs 5-10s,2237
lza5kMmG,69,1-0,White,<=5s vs 5-10s,1368
DxI08C5z,129,1-0,White,<=5s vs 10-15s,2041
ffeLJZR2,90,0-1,Black,<=5s vs 15-20s,2706
P0QuOsfD,56,1-0,Black,<=5s vs 5-10s,1235
TXbDKU1o,75,1-0,White,<=5s vs 10-15s,1823
wZrWl2Xl,52,0-1,Black,<=5s vs 15-20s,2192
tpy8X4DZ,61,1-0,White,<=5s vs 10-15s,1541
jzpFhizU,54,1-0,Black,<=5s vs <=5s,1292
ZvHGX8yt,56,0-1,Black,<=5s vs 15-20s,1851
AwlE3t0s,66,0-1,Black,<=5s vs 10-15s,1854
DNlP1KZD,102,1/2-1/2,Black,<=5s vs 5-10s,3044
LpwbQ2zX,59,1-0,White,<=5s vs 5-10s,1749
nHGd0bb6,75,1-0,White,<=5s vs 10-15s,2040
7w3OSe5F,54,0-1,Black,<=5s vs 5-10s,1008
HDXvfWxW,81,1-0,White,<=5s vs 15-20s,2092
RJjbOsLf,77,0-1,White,<=5s vs 5-10s,2565
tjzW1Are,115,1-0,White,<=5s vs 10-15s,2051
VQGj1p3h,49,1-0,White,<=5s vs 15-20s,1580
53q8Y3o0,102,0-1,Black,<=5s vs 10-15s,2683
z32y56ow,75,1-0,White,<=5s vs 5-10s,1936
sl4iq9dB,59,1-0,White,<=5s vs 5-10s,1732
CNDWX32e,72,0-1,Black,<=5s vs 15-20s,2704
iaH7rcey,81,1-0,White,<=5s vs 15-20s,1831
YGRCeER5,96,0-1,Black,<=5s vs <=5s,2301
or0bWbIw,57,1-0,White,<=5s vs 15-20s,1239
3Csln8VH,66,0-1,Black,<=5s vs 10-15s,2140
oavKtloF,99,1-0,White,<=5s vs 10-15s,2125
D2G3ISXm,71,1-0,White,<=5s vs 15-20s,2676
2APhDIBJ,78,0-1,Black,<=5s vs 10-15s,2458
mJC9fy51,103,1-0,White,<=5s vs 15-20s,1787
PIZlEFHe,105,0-1,White,<=5s vs 5-10s,1804
2irkJMRJ,81,1-0,White,<=5s vs 5-10s,1983
6mbZ1fju,118,0-1,Black,<=5s vs 5-10s,1582
IlmGBUPO,81,0-1,White,<=5s vs <=5s,1885
gywty4c5,42,0-1,Black,<=5s vs 15-20s,875
9hporNo7,52,0-1,Black,<=5s vs 10-15s,1589
3I687jDS,44,0-1,Black,<=5s vs 15-20s,1770
qgyRZYKe,67,1-0,White,<=5s vs 10-15s,960
cH7okgsm,57,1-0,White,<=5s vs 10-15s,1771
2JXrPMyY,65,0-1,White,<=5s vs 5-10s,1247
IjGOKXuq,97,0-1,White,<=5s vs 10-15s,2329
DtQyzLUL,76,0-1,Black,<=5s vs 5-10s,2157
2Z2YaXcM,80,0-1,Black,<=5s vs 10-15s,1527
YZ6cmWVq,109,0-1,White,<=5s vs <=5s,2696
ok1toJH2,77,1-0,White,<=5s vs 15-20s,2717
97JPnBo0,90,1-0,Black,<=5s vs 5-10s,2754
6gQZgQeC,90,0-1,Black,<=5s vs 15-20s,2647
Vvo9dkwT,51,0-1,White,<=5s vs 5-10s,1695
S5sTUj3q,89,0-1,White,<=5s vs <=5s,1891
vVnAljlo,67,0-1,White,<=5s vs 10-15s,1427
yaCsBtP3,94,0-1,Black,<=5s vs 5-10s,2977
iuVQYxRz,77,0-1,White,<=5s vs 15-20s,1955
EEBajNIR,82,0-1,Black,<=5s vs 15-20s,1718
Djd47T7V,62,1-0,Black,<=5s vs <=5s,1567
55RqR3BD,78,1-0,Black,<=5s vs <=5s,2055
cOs6QcFA,65,1-0,White,<=5s vs 5-10s,2380
AAoEqvo5,54,0-1,Black,<=5s vs 15-20s,1377
SpdLLOwi,37,1-0,White,<=5s vs 10-15s,961
ME0Q32xQ,79,1-0,White,<=5s vs <=5s,2075
9yY1gTev,74,1-0,Black,<=5s vs <=5s,2176
eEwxmSs3,78,0-1,Black,<=5s vs 15-20s,2506
sbg9RZaK,112,0-1,Black,<=5s vs 15-20s,2536
Z5QfplxK,83,0-1,White,<=5s vs <=5s,1548
k9zTyCns,105,1-0,White,<=5s vs <=5s,2468
LFNAQRez,88,0-1,Black,<=5s vs 5-10s,2291
C1xncaQU,102,0-1,Black,<=5s vs 10-15s,2573
ObTaCYPe,86,1-0,Black,<=5s vs <=5s,2312
P222qatr,63,0-1,White,<=5s vs 5-10s,1256
6Qy0XhVa,70,0-1,Black,<=5s vs 15-20s,2481
CllRg0qd,83,1-0,White,<=5s vs 5-10s,2591
zwxyKeWW,80,1-0,Black,<=5s vs 15-20s,2211
EUr8qhNw,51,1-0,White,<=5s vs 5-10s,1343
NiJvwj1R,47,1-0,White,<=5s vs 10-15s,1101
JJ7kJJIW,62,0-1,Black,<=5s vs 10-15s,2068
ZqEV3mYt,62,0-1,Black,<=5s vs 15-20s,2120
XmcACq9T,52,1-0,Black,<=5s vs <=5s,1514
8VTpabYc,77,1-0,White,<=5s vs 15-20s,1786
tKtht0RB,60,0-1,Black,<=5s vs <=5s,1719
XzKRIJEG,62,1-0,Black,<=5s vs <=5s,1962
aWlH1m0E,64,1-0,Black,<=5s vs 15-20s,2310
kf1IwWw9,85,0-1,White,<=5s vs 5-10s,2698
oe2axyWq,85,1-0,White,<=5s vs 15-20s,2418
kQ3xxPA3,69,1-0,White,<=5s vs 10-15s,2371
bvInRrVE,68,0-1,Black,<=5s vs 5-10s,1234
YCLQ7cJk,78,0-1,Black,<=5s vs 5-10s,1600
L0ssBN3g,72,1-0,Black,<=5s vs 5-10s,1921
SJiBhHPO,135,1-0,White,<=5s vs 15-20s,1957
XScf0jeG,65,1-0,White,<=5s vs 5-10s,1442
8n0gEvub,66,0-1,Black,<=5s vs 5-10s,1923
qSR5FGm0,59,1-0,White,<=5s vs 5-10s,1061
CMN3gCjq,49,1-0,White,<=5s vs 5-10s,1518
MJHpHnGv,84,0-1,Black,<=5s vs 15-20s,1969
6MdwcbUK,141,0-1,White,<=5s vs 5-10s,1720
Lt54sWyi,46,0-1,Black,<=5s vs 15-20s,1005
1noeiTEb,93,1-0,White,<=5s vs 5-10s,2838
1l56UBWz,62,0-1,Black,<=5s vs 15-20s,994
sM7Zntxm,55,0-1,White,<=5s vs 5-10s,1113
RtRqsjGF,51,1-0,White,<=5s vs 10-15s,1321
R9sjedqE,119,1-0,White,<=5s vs 10-15s,2659
HtiKNhp3,77,1-0,White,<=5s vs 15-20s,2052
ksR7hmB2,116,1/2-1/2,Black,<=5s vs 15-20s,2268
IxTfkj4j,71,1-0,White,<=5s vs 15-20s,2264
mnFOOrQT,64,0-1,Black,<=5s vs 15-20s,1762
0WHMmsGf,127,1-0,White,<=5s vs 5-10s,2377
627QopXi,64,1-0,Black,<=5s vs <=5s,912
RuYrWd1G,88,0-1,Black,<=5s vs 5-10s,1986
ySjoYJLW,79,1-0,White,<=5s vs 5-10s,2111
4qTfhePb,109,1-0,White,<=5s vs 10-15s,2663
yO5BENDg,53,1-0,White,<=5s vs 15-20s,1675
7ctRIY92,68,0-1,Black,<=5s vs 5-10s,1467
LT5TCAee,57,1-0,White,<=5s vs 15-20s,1497
3ave41RR,76,0-1,Black,<=5s vs 10-15s,1656
3rrRlMSC,104,0-1,Black,<=5s vs 15-20s,1524
YbMiMnJF,55,1/2-1/2,White,<=5s vs 15-20s,1920
qoChrTtI,72,0-1,Black,<=5s vs 5-10s,1607
ALfbSLzO,59,0-1,White,<=5s vs <=5s,1326
5l0hiIIn,59,1-0,White,<=5s vs 10-15s,1307
zheNnIpl,109,1-0,White,<=5s vs 15-20s,2624
dylMvsgh,79,1-0,White,<=5s vs 5-10s,1921
XJRu4Hs8,52,0-1,Black,<=5s vs 10-15s,1535
mqWzLo73,64,0-1,Black,<=5s vs 10-15s,1473
P3WScRy8,104,0-1,Black,<=5s vs 5-10s,2486
zei7n58L,49,1-0,White,<=5s vs 15-20s,1195
DmIEJjOU,59,1-0,White,<=5s vs 15-20s,1667
KQhZQ1nR,57,1-0,White,<=5s vs 5-10s,1602
svMOKT6y,50,0-1,Black,<=5s vs 5-10s,1747
QaMVlqVA,61,0-1,White,<=5s vs 5-10s,1377
o62mewUa,62,0-1,Black,<=5s vs <=5s,1332
TmzPspAg,65,1-0,White,<=5s vs 15-20s,1660
MdzL9KyC,89,1-0,White,<=5s vs 10-15s,1841
TzSOhADW,121,1-0,White,<=5s vs 5-10s,1801
DF9FnFvY,121,1-0,White,<=5s vs 15-20s,2082
eM6lcvUP,82,0-1,Black,<=5s vs <=5s,1970
WMSj3PNX,60,0-1,Black,<=5s vs 10-15s,1428
zP8iXCui,78,1-0,Black,<=5s vs <=5s,1455
8a9AdxuA,60,0-1,Black,<=5s vs 10-15s,1763
CGejUynh,85,1-0,White,<=5s vs 10-15s,1893
Maaknqqv,59,1-0,White,<=5s vs 10-15s,1632
qnqzmQAE,92,0-1,Black,<=5s vs <=5s,2206
b8Q1Df9k,56,1-0,Black,<=5s vs 5-10s,2086
ZajMuYus,144,0-1,Black,<=5s vs 15-20s,2417
pndAq0kS,140,0-1,Black,<=5s vs 10-15s,2388
7dZVoyWY,99,0-1,White,<=5s vs 15-20s,2499
2Ncm59A2,69,0-1,White,<=5s vs 5-10s,1954
MqEsTvGw,47,1-0,White,<=5s vs 5-10s,1460
DeekN0Nh,48,0-1,Black,<=5s vs 10-15s,1081
wUoMgkE9,50,0-1,Black,<=5s vs 10-15s,1276
56feIME1,82,1-0,Black,<=5s vs <=5s,1770
p29bs9dg,70,0-1,Black,<=5s vs 10-15s,1567
yfVF8mMC,75,1-0,White,<=5s vs <=5s,1426
LYpWrCw5,46,1-0,Black,<=5s vs 5-10s,1826
hv37T06G,100,0-1,Black,<=5s vs 10-15s,2355
OdQqw0P7,61,1-0,White,<=5s vs 15-20s,1794
Caq6Ztym,52,0-1,Black,<=5s vs <=5s,1255
WX22yXGz,56,0-1,Black,<=5s vs 5-10s,1241
XbZXVHcN,103,1-0,White,<=5s vs 5-10s,2199
IveL0pEJ,60,0-1,Black,<=5s vs 15-20s,2110
3PELBVXf,101,1/2-1/2,White,<=5s vs 10-15s,1828
c2pkjtjb,61,1-0,White,<=5s vs 10-15s,2054
F2iIHQPE,77,0-1,White,<=5s vs 5-10s,1993
5VbDxm04,106,0-1,Black,<=5s vs 10-15s,2244
VNoGWYRt,59,1-0,White,<=5s vs <=5s,1470
bW8DCtON,50,0-1,Black,<=5s vs 5-10s,1282
0EqNzoZY,68,1-0,Black,<=5s vs 10-15s,2314
xF1xPr0m,42,1-0,Black,<=5s vs 15-20s,1048
4t8ikp7m,120,0-1,Black,<=5s vs 15-20s,2170
GNQgJa2I,78,0-1,Black,<=5s vs 5-10s,1974
4CeHss6k,67,1-0,White,<=5s vs 5-10s,2332
JahvKniL,72,0-1,Black,<=5s vs 15-20s,1660
3BqOEbOA,43,1-0,White,<=5s vs 10-15s,1351
MO7Sbthe,59,1-0,White,<=5s vs 10-15s,1317
zu8p4nGf,97,1-0,White,<=5s vs 5-10s,2626
s04gB5oJ,74,1-0,Black,<=5s vs <=5s,2189
m58LYRza,58,0-1,Black,<=5s vs 5-10s,1698
j9opqaFk,63,1-0,White,<=5s vs 10-15s,1235
IwvVO5Qw,76,0-1,Black,<=5s vs 15-20s,1865
UYDh9SxH,71,1-0,White,<=5s vs 10-15s,2458
DaPxNdRj,76,0-1,Black,<=5s vs <=5s,1651
syynltvB,63,1-0,White,<=5s vs 10-15s,1449
ekGB8Udw,156,1/2-1/2,Black,<=5s vs <=5s,2439
wCWRoR3p,34,1-0,Black,<=5s vs <=5s,881
yAGyYGGH,81,1-0,White,<=5s vs 5-10s,1727
8PlvDtSc,96,1-0,Black,<=5s vs <=5s,2170
IhQS3qz6,57,1-0,White,<=5s vs 15-20s,1468
fbhas9MW,58,0-1,Black,<=5s vs 5-10s,1784
DfoZoAhb,70,0-1,Black,<=5s vs 10-15s,1552
G6oXc0yo,135,0-1,White,<=5s vs 10-15s,2637
Xp8Z2SaG,109,1-0,White,<=5s vs 15-20s,2383
8YH9SBPP,72,0-1,Black,<=5s vs 15-20s,2634
FRNSorGw,40,1-0,Black,<=5s vs 5-10s,1270
jnac7B6G,61,1-0,White,<=5s vs 10-15s,1346
qKcvZQmX,63,0-1,White,<=5s vs 5-10s,1332
DyThUOMX,206,1/2-1/2,Black,<=5s vs 5-10s,2319
Mss4yzhz,74,1-0,Black,<=5s vs <=5s,1222
S69daflV,80,0-1,Black,<=5s vs <=5s,2221
irmS1rAO,68,0-1,Black,<=5s vs 15-20s,1301
0nmQXFhC,45,1-0,White,<=5s vs 10-15s,1304
juAgZBsE,88,1-0,Black,<=5s vs 5-10s,1837
JNeS8de1,98,0-1,Black,<=5s vs 10-15s,2597
d5L8UYu3,73,1-0,White,<=5s vs 5-10s,2572
yMvwDjQM,66,0-1,Black,<=5s vs 15-20s,1124
aT41ns3S,84,0-1,Black,<=5s vs 10-15s,1806
4PzRiFr8,69,1-0,White,<=5s vs 15-20s,2087
Eo7MAF77,31,1-0,White,<=5s vs 5-10s,1430
VeAst868,170,0-1,Black,<=5s vs 15-20s,2293
LzYnQnaN,68,0-1,Black,<=5s vs 5-10s,1412
girXOlFM,143,1/2-1/2,White,<=5s vs 15-20s,2113
071JeTWw,72,0-1,Black,<=5s vs 5-10s,1510
zmO8NQlH,61,1-0,White,<=5s vs 10-15s,1501
l22X1RWm,41,1-0,White,<=5s vs 15-20s,1240
VOikbUdo,58,0-1,Black,<=5s vs 5-10s,1064
RibF2XlN,91,0-1,White,<=5s vs <=5s,2072
fg1vt4P1,90,0-1,Black,<=5s vs 10-15s,2282
eHLaSWPq,76,0-1,Black,<=5s vs 5-10s,1783
6piJ5XlJ,61,0-1,White,<=5s vs 10-15s,823
QAuqNkIf,40,0-1,Black,<=5s vs 15-20s,1890
04nOF7hb,45,1-0,White,<=5s vs 15-20s,1571
jjH1bvdu,81,1-0,White,<=5s vs 5-10s,949
zqOxHjYV,72,0-1,Black,<=5s vs 5-10s,1403
EB85UjMr,65,1-0,White,<=5s vs 10-15s,2419
JSwTIpgc,97,1/2-1/2,White,<=5s vs 5-10s,2291
GW0Pi7jh,80,1-0,Black,<=5s vs 5-10s,2144
LatII7h0,58,0-1,Black,<=5s vs <=5s,1102
CY2iGVLV,89,1-0,White,<=5s vs 10-15s,2425
3DRjYC13,67,1-0,White,<=5s vs 15-20s,1662
bzF196yI,39,0-1,White,<=5s vs 5-10s,775
T5mlWpvz,95,1-0,White,<=5s vs <=5s,1772
xMwfBDAj,93,0-1,White,<=5s vs 15-20s,1840
vWmK3svf,49,1-0,White,<=5s vs 10-15s,1028
1sOfcHIf,61,1-0,White,<=5s vs 10-15s,2163
zIrltCNV,40,0-1,Black,<=5s vs 15-20s,861
J6NivjQd,71,1-0,White,<=5s vs 5-10s,1692
alszGlDc,62,0-1,Black,<=5s vs 10-15s,2158
T2g2axSe,54,0-1,Black,<=5s vs 15-20s,1475
R3w0SbDm,105,1-0,White,<=5s vs 5-10s,2329
oquF6tpw,60,0-1,Black,<=5s vs 5-10s,1978
WAVEm3Y2,101,0-1,White,<=5s vs <=5s,1737
998MDjFl,73,1-0,White,<=5s vs 15-20s,1708
3c2tIckY,63,1-0,White,<=5s vs 10-15s,1521
RMDojoWb,64,1-0,Black,<=5s vs <=5s,1707
yVlB8aSg,86,1/2-1/2,Black,<=5s vs <=5s,1837
Rp0CM8jp,52,0-1,Black,<=5s vs 15-20s,1515
AuX62AS1,37,1-0,White,<=5s vs 15-20s,720
pGnxEODJ,76,0-1,Black,<=5s vs <=5s,2214
BTE3t2Fm,58,1-0,Black,<=5s vs 5-10s,1135
7fZpsfln,52,0-1,Black,<=5s vs 10-15s,1626
utaJt6o8,86,0-1,Black,<=5s vs 10-15s,1872
BJVJAM4e,145,1-0,White,<=5s vs <=5s,2302
gcfWUGqn,58,1-0,Black,<=5s vs <=5s,1253
6UrEIMWB,101,1/2-1/2,White,<=5s vs 10-15s,1951
XKZWX0wB,85,1-0,White,<=5s vs 10-15s,2461
6kF0CDVd,74,0-1,Black,<=5s vs <=5s,1487
ISEU4zM8,64,0-1,Black,<=5s vs 5-10s,2515
SBxa4QTn,55,1-0,White,<=5s vs 15-20s,1488
DrRcYscG,56,0-1,Black,<=5s vs 10-15s,1972
QNJdzgdV,51,1-0,White,<=5s vs 15-20s,2188
u8TfyQ11,45,1-0,White,<=5s vs 5-10s,1161
g7Am47Op,122,0-1,Black,<=5s vs 10-15s,2840
BHkVjhaD,62,0-1,Black,<=5s vs 10-15s,1968
Gf8OreAi,116,0-1,Black,<=5s vs 5-10s,1896
ueG1JKnM,56,1-0,Black,<=5s vs 15-20s,1882
FtehuBAd,70,0-1,Black,<=5s vs <=5s,1430
59dl2ixw,101,1-0,White,<=5s vs 15-20s,2372
7sdX7FE7,59,1-0,White,<=5s vs 10-15s,1395
9hHwlOvL,53,0-1,White,<=5s vs 5-10s,1242
3RuQtjLd,69,0-1,White,<=5s vs 15-20s,1898
eKyH3kmI,86,0-1,Black,<=5s vs 15-20s,2374
sghDqha7,63,1-0,White,<=5s vs 10-15s,1704
9E9KbVWI,82,0-1,Black,<=5s vs 10-15s,1780
CvgcTzXB,61,1-0,White,<=5s vs 15-20s,1804
1rNHgDI6,110,0-1,Black,<=5s vs 5-10s,1826
0GRL8hXx,39,0-1,White,<=5s vs 15-20s,1113
l352T6mN,65,1-0,White,<=5s vs 15-20s,1842
GjqzFWSU,63,0-1,White,<=5s vs 5-10s,1727
Kz10bMfB,49,0-1,White,<=5s vs <=5s,1483
uUetjqbj,80,0-1,Black,<=5s vs 5-10s,1749
jbbXdivt,60,0-1,Black,<=5s vs 10-15s,1729
IfAx8X3v,125,0-1,White,<=5s vs <=5s,1779
OPkgbZB5,55,1-0,White,<=5s vs 10-15s,1745
gfxf8bRp,79,0-1,White,<=5s vs 5-10s,1730
tKxz9vyh,51,1-0,White,<=5s vs 10-15s,1679
2TldV9iS,50,0-1,Black,<=5s vs <=5s,1213
fmChCIWR,63,0-1,White,<=5s vs 5-10s,1023
vKjydnPD,74,0-1,Black,<=5s vs 10-15s,1935
ieB99iBK,49,1-0,White,<=5s vs 15-20s,1446
DsJ8uyYR,48,0-1,Black,<=5s vs 5-10s,1089
b7A6LWO0,83,0-1,White,<=5s vs 5-10s,1895
PmdFCwsk,92,0-1,Black,<=5s vs 15-20s,2517
Yn2V61SK,79,1-0,White,<=5s vs 10-15s,1534
NhMctmAu,43,0-1,White,<=5s vs 5-10s,932
2LAgRyEb,114,1-0,Black,<=5s vs 5-10s,2528
Ku2UCOoA,90,0-1,Black,<=5s vs 15-20s,2079
TmTqQn34,81,1-0,White,<=5s vs 5-10s,1479
e93FbzV0,74,0-1,Black,<=5s vs 15-20s,1487
QUyARzXz,69,1-0,White,<=5s vs 5-10s,1136
ZT2bHFoz,71,1-0,White,<=5s vs 5-10s,2095
SYYKaCbO,65,1-0,White,<=5s vs 5-10s,1597
K5ENndjJ,68,0-1,Black,<=5s vs 5-10s,2189
GIQYNT86,78,0-1,Black,<=5s vs 5-10s,1420
02OdpFA6,87,1-0,White,<=5s vs 10-15s,1868
aeE5UoeB,51,1-0,White,<=5s vs 10-15s,1112
9yVsQF5O,63,1-0,White,<=5s vs 15-20s,1044
hSsJ7XB7,75,1-0,White,<=5s vs 15-20s,1474
0s2Hjv5Y,66,0-1,Black,<=5s vs 15-20s,2316
aEEuMKd4,82,0-1,Black,<=5s vs 10-15s,2070
UV26KKEX,41,1-0,White,<=5s vs 5-10s,760
mkKRv86v,84,0-1,Black,<=5s vs 10-15s,1770
0N1lloEJ,113,1/2-1/2,White,<=5s vs 15-20s,1947
uUdoJSfw,86,1-0,Black,<=5s vs <=5s,2061
pli8RHOr,73,1-0,White,<=5s vs 15-20s,1500
yJ6NZYup,67,1-0,White,<=5s vs 10-15s,1654
OgRZSGr6,95,1-0,White,<=5s vs 10-15s,2287
ybT7YuZR,101,0-1,White,<=5s vs 5-10s,2504
Ux0Diy96,77,0-1,White,<=5s vs <=5s,2292
b4ktdsWn,70,0-1,Black,<=5s vs 15-20s,1672
LNk5apco,74,0-1,Black,<=5s vs 10-15s,2449
EJMVKjZf,124,1/2-1/2,Black,<=5s vs 10-15s,2432
Z4CE4HUn,92,0-1,Black,<=5s vs <=5s,2113
0Y4SM7xj,53,1-0,White,<=5s vs 15-20s,1922
kKpTMyej,63,1-0,White,<=5s vs 15-20s,1782
AQUd6xcM,66,0-1,Black,<=5s vs 5-10s,1291
RfKhGBV6,82,0-1,Black,<=5s vs <=5s,1715
G2gr5y6t,54,0-1,Black,<=5s vs 5-10s,1006
aaHykke4,56,0-1,Black,<=5s vs <=5s,1531
yEO97HXw,64,0-1,Black,<=5s vs 10-15s,1534
NmlznaWP,117,0-1,White,<=5s vs 5-10s,2226
kNyYKhNJ,65,1-0,White,<=5s vs 15-20s,1777
3UdvVtt0,64,0-1,Black,<=5s vs 15-20s,2007
CEfPp49e,84,1-0,Black,<=5s vs 10-15s,2385
ApYGnShj,102,0-1,Black,<=5s vs 5-10s,1889
TuarLrHF,60,0-1,Black,<=5s vs 15-20s,2042
ZRIaf6tD,68,0-1,Black,<=5s vs 15-20s,1870
NZUmjwq1,82,1-0,Black,<=5s vs 5-10s,2006
PNMfUHCH,90,1-0,Black,<=5s vs 15-20s,2646
EtI8M6g9,36,0-1,Black,<=5s vs 10-15s,905
CEKBFKJI,102,0-1,Black,<=5s vs 10-15s,2033
qDCJUjXI,56,0-1,Black,<=5s vs 5-10s,1130
FWqvJUHg,83,0-1,White,<=5s vs <=5s,1292
1JybiErm,94,1-0,Black,<=5s vs 5-10s,2268
TCRCFRMi,80,0-1,Black,<=5s vs 5-10s,2256
q0SYRSq8,74,1-0,Black,<=5s vs <=5s,1484
XiYXR0aL,123,1-0,White,<=5s vs 15-20s,2367
ZriNS6vP,66,0-1,Black,<=5s vs <=5s,1640
SOXD6hMF,71,0-1,White,<=5s vs <=5s,1335
0AeM9qdd,106,1-0,Black,<=5s vs <=5s,2014
zQ2cxsJL,129,1-0,White,<=5s vs 10-15s,2570
DCPanL4b,46,0-1,Black,<=5s vs 5-10s,951
x0OeKR4X,120,1/2-1/2,Black,<=5s vs 5-10s,2323
e3Rk3Iup,72,0-1,Black,<=5s vs <=5s,2360
QSxEnblz,55,1-0,White,<=5s vs 15-20s,1625
NkRY8WsB,73,1-0,White,<=5s vs 10-15s,1313
4cF9atx1,73,1-0,White,<=5s vs 15-20s,1794
lvPCaw6Z,66,0-1,Black,<=5s vs <=5s,1273
q5hvXxAn,85,1-0,White,<=5s vs 5-10s,1421
i3aSt8Qm,67,1-0,White,<=5s vs 10-15s,1692
wUysTKl4,80,1-0,Black,<=5s vs 10-15s,2171
gaKPkBJx,73,1-0,White,<=5s vs 15-20s,1578
jbUeKgQu,143,1-0,White,<=5s vs 15-20s,2543
d0HCJcu5,77,1-0,White,<=5s vs 15-20s,2802
INmORSFu,44,0-1,Black,<=5s vs 10-15s,1060
yoHQB4uh,74,0-1,Black,<=5s vs 10-15s,1721
dOmf6oJ6,48,0-1,Black,<=5s vs 10-15s,1595
cP8yOzB3,70,0-1,Black,<=5s vs 5-10s,1784
xmkjX4Ad,93,0-1,White,<=5s vs <=5s,1879
qk886GwX,68,0-1,Black,<=5s vs 5-10s,1336
7dgnCCIy,81,0-1,White,<=5s vs <=5s,2060
8vmPYrpJ,66,0-1,Black,<=5s vs 10-15s,2179
JkZEJeg4,98,0-1,Black,<=5s vs 10-15s,1871
MJylfQMR,58,0-1,Black,<=5s vs 15-20s,1723
J93y9NUX,38,0-1,Black,<=5s vs 15-20s,665
2XVxRx30,55,1-0,White,<=5s vs 5-10s,939
yqppJgwG,57,0-1,White,<=5s vs 10-15s,2058
CIxrK831,56,1-0,Black,<=5s vs <=5s,971
flCAVHoV,75,1-0,White,<=5s vs 5-10s,1640
NZpAFj72,128,0-1,Black,<=5s vs 15-20s,2280
xqN9HcPX,78,0-1,Black,<=5s vs 10-15s,1771
7X8nSsqA,144,0-1,Black,<=5s vs 10-15s,2467
iOVO9nzj,48,0-1,Black,<=5s vs 10-15s,1256
isixRUPj,74,0-1,Black,<=5s vs 15-20s,2000
sq0lkb0j,121,1-0,White,<=5s vs 15-20s,2000
RPr5IStZ,94,1-0,Black,<=5s vs 5-10s,2006
9YJQcygA,141,1-0,White,<=5s vs 15-20s,2555
376T4Tyv,114,0-1,Black,<=5s vs 15-20s,2245
fQsvyWvN,54,0-1,Black,<=5s vs 15-20s,1065
4izdFKNR,63,1-0,White,<=5s vs 5-10s,1756
VlqKYVUe,107,1-0,White,<=5s vs 10-15s,2241
TUAUyyrX,128,1-0,Black,<=5s vs 5-10s,2633
AlzRmJkZ,78,0-1,Black,<=5s vs <=5s,1683
MUq624wV,66,0-1,Black,<=5s vs 10-15s,1599
MrYcquOi,73,1-0,White,<=5s vs 10-15s,1892
hmbaYiYn,107,1-0,White,<=5s vs 10-15s,2451
c88fe0ka,145,0-1,White,<=5s vs 10-15s,2021
7PdYIrc2,61,1-0,White,<=5s vs 15-20s,1806
Pq74BLBZ,96,1-0,Black,<=5s vs <=5s,2070
2HgH8T0I,51,1-0,White,<=5s vs 15-20s,1104
7mmE7FYD,66,0-1,Black,<=5s vs 15-20s,2205
Un8Ni2zQ,77,1-0,White,<=5s vs 15-20s,2211
N99B3tJ6,128,0-1,Black,<=5s vs <=5s,2730
iCMalbbO,82,0-1,Black,<=5s vs 10-15s,2388
3nR3u8b1,85,0-1,White,<=5s vs <=5s,1635
n6mpoxCt,85,1-0,White,<=5s vs 10-15s,918
JLhNAykG,62,0-1,Black,<=5s vs <=5s,2269
TZeyWPEk,70,0-1,Black,<=5s vs 5-10s,2112
vA2Dxnul,116,0-1,Black,<=5s vs 15-20s,2072
tEpDL9PV,71,1-0,White,<=5s vs <=5s,1741
SBeum12J,57,1-0,White,<=5s vs 10-15s,1559
OOGtOJuq,80,1/2-1/2,Black,<=5s vs 15-20s,2147
vDCWiFzG,85,0-1,White,<=5s vs 5-10s,2510
u9jfbNt0,78,0-1,Black,<=5s vs 10-15s,1128
0Uo0rOEQ,125,1-0,White,<=5s vs 5-10s,2039
CRylIjBg,76,0-1,Black,<=5s vs 10-15s,1709
i4mCakPG,51,0-1,White,<=5s vs 10-15s,1768
ithh6Rmb,59,1-0,White,<=5s vs 15-20s,1391
4DZUUly0,108,0-1,Black,<=5s vs 10-15s,2341
oioYTXOC,82,1-0,Black,<=5s vs 5-10s,2599
5VEbCqfW,65,1-0,White,<=5s vs 10-15s,1555
mIA1S0xu,40,0-1,Black,<=5s vs 5-10s,672
WG83WiCu,64,0-1,Black,<=5s vs 5-10s,1652
KzC3beLQ,64,0-1,Black,<=5s vs 10-15s,1970
U4Qenhef,102,0-1,Black,<=5s vs <=5s,2379
frnIirdc,68,0-1,Black,<=5s vs 15-20s,1464
TwHIcUlT,79,1-0,White,<=5s vs 5-10s,2003
5wvKsU94,109,1-0,White,<=5s vs 10-15s,1773
7HbcGi5m,53,1-0,White,<=5s vs 10-15s,2173
zfs42FXj,89,1-0,White,<=5s vs <=5s,1838
VJQYgoVX,148,0-1,Black,<=5s vs 5-10s,2668
sWad1F3w,87,1-0,White,<=5s vs 5-10s,2570
K4cr5yUb,74,1-0,Black,<=5s vs <=5s,2206
Hxye4nD6,82,0-1,Black,<=5s vs 15-20s,2311
QBW5B1Bq,101,1/2-1/2,White,<=5s vs 15-20s,2811
2tnNtpo7,68,0-1,Black,<=5s vs 10-15s,1262
pAzxnkMS,122,0-1,Black,<=5s vs 5-10s,2062
BvzcQFyv,69,1-0,White,<=5s vs 15-20s,2161
JWDZUAGV,71,1-0,White,<=5s vs 5-10s,1778
4RJ40cdF,73,1-0,White,<=5s vs 15-20s,2107
2FhISFCp,170,0-1,Black,<=5s vs <=5s,2308
a89FggCT,66,0-1,Black,<=5s vs <=5s,2039
LP9fwKQu,93,0-1,White,<=5s vs 5-10s,1719
YiL0hdD5,85,0-1,White,<=5s vs <=5s,2568
XYsf7IKq,107,1/2-1/2,White,<=5s vs 10-15s,1723
JHwLoEMB,103,1-0,White,<=5s vs 10-15s,1928
ZEnGIqoC,116,0-1,Black,<=5s vs <=5s,2674
UP6CUMHh,39,1-0,White,<=5s vs 5-10s,1085
Nhzg7400,60,0-1,Black,<=5s vs 10-15s,1703
6rwqybNi,44,0-1,Black,<=5s vs 15-20s,1240
55RM2l17,88,0-1,Black,<=5s vs <=5s,2479
iA9QNsnc,67,1-0,White,<=5s vs 15-20s,1224
AD5fQyQu,113,1/2-1/2,White,<=5s vs 10-15s,2027
nm0s8YlN,66,0-1,Black,<=5s vs 10-15s,820
tqLMPXSJ,121,0-1,White,<=5s vs 5-10s,2752
90WUco8n,87,1-0,White,<=5s vs 15-20s,2440
fEeJcId7,51,1-0,White,<=5s vs 10-15s,1278
z0RTilKx,55,1-0,White,<=5s vs 5-10s,1256
kJwiaOao,64,0-1,Black,<=5s vs 10-15s,2044
z6wSCzYj,49,0-1,White,<=5s vs 5-10s,1568
u8qSMxcL,54,0-1,Black,<=5s vs 10-15s,1872
sRCwmeVr,55,1-0,White,<=5s vs 5-10s,1135
uWPaeHxu,83,1-0,White,<=5s vs 10-15s,2175
lpCIo2Sh,89,0-1,White,<=5s vs 5-10s,2000
ayitAkJL,148,0-1,Black,<=5s vs 15-20s,2286
JVZMJgKP,65,0-1,White,<=5s vs <=5s,1127
bUXlVkKh,46,0-1,Black,<=5s vs 15-20s,1083
FQLDvES2,50,0-1,Black,<=5s vs <=5s,1206
nJfUgcTC,41,0-1,White,<=5s vs <=5s,827
LkW2MInP,78,0-1,Black,<=5s vs 10-15s,2766
GaoSkO2G,54,0-1,Black,<=5s vs 15-20s,1769
RSDh7dJG,39,1-0,White,<=5s vs 5-10s,1155
SbALYTM6,34,0-1,Black,<=5s vs 15-20s,1638
GkKVkzVe,52,0-1,Black,<=5s vs 15-20s,1064
hIPOB2In,75,1-0,White,<=5s vs 10-15s,1939
Vawkm8PJ,61,0-1,White,<=5s vs 5-10s,1430
9sKYYk04,81,1-0,White,<=5s vs 10-15s,2548
ST2bhz62,61,1-0,White,<=5s vs 10-15s,955
NT4ej6B3,42,0-1,Black,<=5s vs 10-15s,1106
Nz2kn5LI,103,0-1,White,<=5s vs <=5s,2527
X6iYCeKP,61,1-0,White,<=5s vs 5-10s,1939
EWNFawe9,98,1-0,Black,<=5s vs <=5s,2663
NwlCD64S,79,1-0,White,<=5s vs 5-10s,2009
E1ijGQJn,138,0-1,Black,<=5s vs <=5s,1940
KYqJWWB3,64,0-1,Black,<=5s vs 5-10s,1802
QjU5mKYe,91,1-0,White,<=5s vs <=5s,2369
pT4g1Ygb,65,1-0,White,<=5s vs 10-15s,1886
1gJg0mHi,52,1-0,Black,<=5s vs 15-20s,1716
RBXtwAYu,77,1-0,White,<=5s vs 10-15s,1526
0xOCBtEM,51,1-0,White,<=5s vs <=5s,1176
oiAFjHtc,85,1-0,White,<=5s vs 5-10s,2336
93e2o3QL,51,1-0,White,<=5s vs 10-15s,1441
5qYaQXpE,82,0-1,Black,<=5s vs <=5s,2249
VUHt4tF6,53,1-0,White,<=5s vs 15-20s,1971
MMs9SQaL,75,1-0,White,<=5s vs 5-10s,2467
XMUckYDx,102,0-1,Black,<=5s vs 15-20s,2201
j6jt6acl,64,0-1,Black,<=5s vs 5-10s,1456
CZi24F2F,75,1-0,White,<=5s vs 5-10s,1772
9ReIQ9Jt,113,1-0,White,<=5s vs 15-20s,2615
YeIRGTKY,97,1-0,White,<=5s vs 5-10s,2623
9xs10kCs,73,1-0,White,<=5s vs 15-20s,2189
bGInEJP3,92,0-1,Black,<=5s vs <=5s,1775
C69NJLWr,98,0-1,Black,<=5s vs 10-15s,2590
5rFwYZWx,45,1-0,White,<=5s vs 15-20s,1258
KlOawgfE,74,0-1,Black,<=5s vs <=5s,2035
nG5zl3F6,50,1-0,Black,<=5s vs 5-10s,1386
WSVA3UAL,59,0-1,White,<=5s vs 5-10s,2137
leYuPLRf,71,1-0,White,<=5s vs 5-10s,1831
AKbArQtM,63,1-0,White,<=5s vs 15-20s,1837
ts28in84,91,0-1,White,<=5s vs 15-20s,2081
M42WsvRM,55,1-0,White,<=5s vs 15-20s,1885
Li2DUEPn,67,1-0,White,<=5s vs 15-20s,1936
UBhYLRjg,97,1-0,White,<=5s vs 10-15s,1687
RGhtaexA,73,0-1,White,<=5s vs 5-10s,1339
M9ng8muL,82,0-1,Black,<=5s vs 5-10s,2202
BYeapSki,44,0-1,Black,<=5s vs 10-15s,1081
gcFvC7wE,94,0-1,Black,<=5s vs 15-20s,2038
4tZM84vB,65,1-0,White,<=5s vs 15-20s,2086
YmW8Xf7Z,111,0-1,White,<=5s vs 5-10s,2690
UuPuAnJk,131,1-0,White,<=5s vs 5-10s,2357
FNkDopE8,82,0-1,Black,<=5s vs 5-10s,1835
KjS2dKW8,93,1/2-1/2,White,<=5s vs 5-10s,2338
DvyN9EW1,62,0-1,Black,<=5s vs <=5s,1521
6Lkwo0FE,103,0-1,White,<=5s vs 5-10s,2155
b7dotfni,109,1-0,White,<=5s vs 10-15s,1622
AKFL1Wes,70,0-1,Black,<=5s vs 5-10s,1574
AnGXmqRw,132,0-1,Black,<=5s vs 5-10s,1790
wcBZ7KHw,49,1-0,White,<=5s vs 10-15s,1219
Kspm2ewH,50,0-1,Black,<=5s vs 15-20s,2546
53udYY2R,90,0-1,Black,<=5s vs 5-10s,2116
NcMW1g6g,95,0-1,White,<=5s vs 5-10s,1980
SNlYPBEd,62,0-1,Black,<=5s vs <=5s,1395
S6FqQfut,66,0-1,Black,<=5s vs 10-15s,1801
dHC1g9q8,71,1-0,White,<=5s vs 15-20s,1488
CsebQ72s,80,0-1,Black,<=5s vs 15-20s,1467
SiqeVXPE,42,0-1,Black,<=5s vs 15-20s,2076
1OmwVKMd,48,0-1,Black,<=5s vs 5-10s,1468
5g2MtjIQ,48,0-1,Black,<=5s vs 5-10s,1035
AFontMfs,61,1-0,White,<=5s vs 15-20s,1068
P8r1Y3GS,54,0-1,Black,<=5s vs 5-10s,1243
lMyImCiR,70,0-1,Black,<=5s vs <=5s,2304
77F2X7Ij,86,1/2-1/2,Black,<=5s vs 10-15s,1719
3TnZYREB,56,0-1,Black,<=5s vs 15-20s,1336
T09uSa73,65,1-0,White,<=5s vs 5-10s,1782
b5zVulWq,85,0-1,White,<=5s vs <=5s,1851
3wxa6LDV,84,1-0,Black,<=5s vs 5-10s,1720
OHlZC6im,72,0-1,Black,<=5s vs 5-10s,1853
dt1NIS20,76,0-1,Black,<=5s vs 15-20s,2165
Axbi6749,79,1-0,White,<=5s vs 5-10s,2036
0Z5dkTST,133,1-0,White,<=5s vs 5-10s,2656
usW7inDZ,53,1-0,White,<=5s vs 5-10s,1244
ncA2Vn4F,66,0-1,Black,<=5s vs <=5s,802
1YtRZ4iu,79,1-0,White,<=5s vs <=5s,2113
E2NP6EP5,78,0-1,Black,<=5s vs 10-15s,1756
52u7Ck1l,57,1-0,White,<=5s vs 15-20s,1724
xzaswLKq,70,0-1,Black,<=5s vs 10-15s,1719
EO42txt7,73,1-0,White,<=5s vs 10-15s,2618
yXn0eaTK,71,1-0,White,<=5s vs 5-10s,2568
e5vhX6wa,57,1-0,White,<=5s vs 15-20s,1527
vjKDUUeT,67,1-0,White,<=5s vs 10-15s,1776
OyF9hrMI,139,1-0,White,<=5s vs 5-10s,1997
gF3dmcCb,95,0-1,White,<=5s vs <=5s,2340
o1MN9oav,87,1-0,White,<=5s vs 5-10s,1335
MdrsmtlP,113,0-1,White,<=5s vs <=5s,1586
iMjc1PeL,53,1-0,White,<=5s vs 10-15s,1529
VVpXxKh9,58,0-1,Black,<=5s vs 5-10s,1324
GbsEp4Jg,75,1-0,White,<=5s vs 10-15s,1509
qLWdw6lf,69,1-0,White,<=5s vs 10-15s,1561
OtpZc7Ee,60,0-1,Black,<=5s vs 5-10s,1772
eEfCzAC4,69,1-0,White,<=5s vs 5-10s,1264
NLuOYMUU,99,1-0,White,<=5s vs 10-15s,2250
Ggisf2PV,59,0-1,White,<=5s vs 5-10s,1858
ymOD6r0G,60,0-1,Black,<=5s vs 10-15s,2103
VQork2U3,82,0-1,Black,<=5s vs 5-10s,1990
osItvLXR,73,1-0,White,<=5s vs 5-10s,2293
c8FAYL3e,74,0-1,Black,<=5s vs 5-10s,2038
pAVt0Ffs,108,1/2-1/2,Black,<=5s vs 10-15s,2611
EWp7tW0d,45,1-0,White,<=5s vs 5-10s,1252
CNS3fAHF,62,0-1,Black,<=5s vs 5-10s,1755
GXTaXiUD,73,1-0,White,<=5s vs 10-15s,2015
QSFfvW2x,48,1-0,Black,<=5s vs <=5s,2138
xSk7uO9l,70,0-1,Black,<=5s vs 5-10s,2045
XRA1Pzav,73,1-0,White,<=5s vs 5-10s,1585
v1OqUHCQ,102,0-1,Black,<=5s vs 15-20s,2120
YhvJlahp,56,0-1,Black,<=5s vs 15-20s,1873
0YAPLD4z,57,1/2-1/2,White,<=5s vs 5-10s,1987
BoxOr8NL,76,1-0,Black,<=5s vs <=5s,2172
49G2BHr9,80,0-1,Black,<=5s vs 10-15s,2305
Eqsv1sRC,147,0-1,White,<=5s vs <=5s,2616
J2ukpuFX,59,1-0,White,<=5s vs 5-10s,2158
RJ0fDqRQ,94,1/2-1/2,Black,<=5s vs 5-10s,1665
5fCT3IWa,69,1-0,White,<=5s vs 10-15s,2460
UitW5fEa,75,1-0,White,<=5s vs 15-20s,2041
diVnbGNf,103,1-0,White,<=5s vs 15-20s,2636
wUiduizx,88,0-1,Black,<=5s vs <=5s,1690
6JKycExr,52,0-1,Black,<=5s vs <=5s,1234
roidmqgS,55,1-0,White,<=5s vs 15-20s,1365
EEUTzXkJ,117,0-1,White,<=5s vs <=5s,1714
bnu8g7xg,59,1-0,White,<=5s vs 5-10s,1490
mLjBl3cY,62,0-1,Black,<=5s vs 10-15s,1587
KQ2CT2My,42,0-1,Black,<=5s vs 15-20s,1205
AoDtmHUK,104,1/2-1/2,Black,<=5s vs 10-15s,2087
iL4vZ3mO,101,1-0,White,<=5s vs 5-10s,2269
gVmVa9fP,67,1-0,White,<=5s vs 5-10s,1360
D7m9ju9j,77,0-1,White,<=5s vs 5-10s,2017
UxeFPMZx,60,0-1,Black,<=5s vs 15-20s,1830
0H9dNrMl,78,0-1,Black,<=5s vs 10-15s,2049
G8mgaiQm,134,0-1,Black,<=5s vs 15-20s,1817
kOpH8qX9,73,1-0,White,<=5s vs 15-20s,1060
sNHnEuld,102,1-0,Black,<=5s vs <=5s,2765
bU7SQoIy,54,1-0,Black,<=5s vs 10-15s,1705
i2sr0ce9,77,1-0,White,<=5s vs 5-10s,1494
hRdOvwCv,62,0-1,Black,<=5s vs 10-15s,1367
W5YpUqP1,66,0-1,Black,<=5s vs 10-15s,1939
a2LstSmy,58,0-1,Black,<=5s vs 10-15s,1697
ZADlLuSP,62,0-1,Black,<=5s vs 5-10s,1426
VjULkL4w,42,0-1,Black,<=5s vs 15-20s,1422
1Pcy8rWu,77,1-0,White,<=5s vs 5-10s,1554
vSKtkgZX,63,1-0,White,<=5s vs 15-20s,2213
NAJPMe8S,68,0-1,Black,<=5s vs 5-10s,1440
vNowIS24,50,0-1,Black,<=5s vs 15-20s,1731
OVmiFUkp,121,1-0,White,<=5s vs 15-20s,2467
mG3axvn4,90,0-1,Black,<=5s vs 5-10s,2493
BJF0zEqz,54,0-1,Black,<=5s vs 15-20s,1235
4xthptHt,65,1-0,White,<=5s vs 15-20s,1380
79NuKXnO,41,1-0,White,<=5s vs 15-20s,917
9bmjpRJb,68,0-1,Black,<=5s vs 5-10s,1792
L0tCWnHY,63,1-0,White,<=5s vs 10-15s,1405
1rpSaNEu,68,0-1,Black,<=5s vs 10-15s,1968
RtbsqY5F,48,0-1,Black,<=5s vs 15-20s,1093
MhTqpwwt,56,0-1,Black,<=5s vs 10-15s,1542
WXPnxvEB,69,1-0,White,<=5s vs 15-20s,1273
aPuu1dZx,47,1-0,White,<=5s vs 15-20s,1150
nJ1C0dMR,60,0-1,Black,<=5s vs 5-10s,892
0xIqBgqx,95,1-0,White,<=5s vs 15-20s,2510
OGiPFEOp,90,1-0,Black,<=5s vs <=5s,2373
HE8G5Gxc,61,1-0,White,<=5s vs 10-15s,1038
biGlojSS,118,0-1,Black,<=5s vs 10-15s,2043
3eDLppJz,89,0-1,White,<=5s vs <=5s,2053
YRIjkvOE,111,1/2-1/2,White,<=5s vs 10-15s,2591
SJT9rS1w,87,0-1,White,<=5s vs 10-15s,1777
LpMf1hT3,101,1/2-1/2,White,<=5s vs 5-10s,2654
kXfOW0We,87,1-0,White,<=5s vs 10-15s,1996
4wpMJJ1z,61,1-0,White,<=5s vs 10-15s,1394
AI10yQEW,78,1-0,Black,<=5s vs <=5s,1692
wM327UKo,58,1-0,Black,<=5s vs 5-10s,1756
X2tnfHGs,47,1-0,White,<=5s vs 15-20s,1632
2b840dqZ,66,0-1,Black,<=5s vs 5-10s,2337
7KlUhYHT,58,0-1,Black,<=5s vs 10-15s,1742
SRBMezQZ,127,1-0,White,<=5s vs 10-15s,2206
220fy6zn,68,0-1,Black,<=5s vs 15-20s,1748
wgGBIE8m,70,0-1,Black,<=5s vs 10-15s,2054
XLM213xY,79,1-0,White,<=5s vs 10-15s,2123
nyCrb2bg,87,1-0,White,<=5s vs 5-10s,1368
JK2U9kqo,129,1-0,White,<=5s vs 5-10s,2154
M3JtrpQy,105,1-0,White,<=5s vs <=5s,2155
FneePhbW,74,1-0,Black,<=5s vs 5-10s,2048
Jk2p1zox,93,1-0,White,<=5s vs 15-20s,2269
NUQ6w4u0,56,0-1,Black,<=5s vs <=5s,1169
TROqTPqB,86,0-1,Black,<=5s vs 5-10s,2219
07WHCanE,76,1-0,Black,<=5s vs <=5s,1846
qHKrvW3J,57,0-1,White,<=5s vs <=5s,1870
x1WEPGQS,84,0-1,Black,<=5s vs 5-10s,1512
0Z7PI7so,80,1/2-1/2,Black,<=5s vs <=5s,3019
bplLWmzD,75,1-0,White,<=5s vs 5-10s,2478
TeRunPAO,74,0-1,Black,<=5s vs 15-20s,2058
cjGfoe35,55,1-0,White,<=5s vs 10-15s,1643
IxaBkZy1,46,0-1,Black,<=5s vs <=5s,1704
KAlsRMYI,42,0-1,Black,<=5s vs 5-10s,1169
Xtv5vt3g,61,1-0,White,<=5s vs 15-20s,1417
rTHXc2ar,42,0-1,Black,<=5s vs 15-20s,1861
nOMIwRX1,60,0-1,Black,<=5s vs 10-15s,1821
ApADTYMH,98,0-1,Black,<=5s vs 15-20s,1643
3Yk0IZX2,109,1-0,White,<=5s vs 5-10s,1849
crjWPwTB,61,1-0,White,<=5s vs 5-10s,1297
jQQKcZQc,67,0-1,White,<=5s vs 5-10s,1975
F0aS1ysx,82,0-1,Black,<=5s vs 15-20s,2259
EhzQ5Eiq,51,1-0,White,<=5s vs 10-15s,1879
FXDFHY6B,42,0-1,Black,<=5s vs 15-20s,1065
fSgI27Jd,70,0-1,Black,<=5s vs 15-20s,1717
pxs1Noc5,75,1/2-1/2,White,<=5s vs 15-20s,2365
nCfpDTcH,90,1-0,Black,<=5s vs 10-15s,2089
vyZr9XK6,91,1-0,White,<=5s vs 10-15s,2037
GpEmiNWx,125,1/2-1/2,White,<=5s vs 10-15s,3002
Vv9OImxf,67,1-0,White,<=5s vs 10-15s,1359
EreFtI5s,77,1-0,White,<=5s vs 15-20s,2283
IKY0h5Se,57,1-0,White,<=5s vs 15-20s,2275
BFYu926M,76,1-0,Black,<=5s vs <=5s,1645
IczbKN4m,74,0-1,Black,<=5s vs <=5s,1086
fLv2YTbH,50,0-1,Black,<=5s vs 15-20s,1463
VCidcXrK,56,0-1,Black,<=5s vs 5-10s,946
VFCh7ncX,72,0-1,Black,<=5s vs <=5s,2477
TiVEcPcO,118,1/2-1/2,Black,<=5s vs 10-15s,2047
G8iGPEsO,98,0-1,Black,<=5s vs 5-10s,1627
tWIVWUnn,79,1-0,White,<=5s vs 10-15s,1833
NCPL1q1V,57,1-0,White,<=5s vs 15-20s,1614
jd0QNHoV,90,1/2-1/2,Black,<=5s vs 15-20s,2164
BqtLlduC,65,1-0,White,<=5s vs 5-10s,1477
PpYjT62C,119,1-0,White,<=5s vs 5-10s,2229
fjYZbafY,83,1-0,White,<=5s vs 10-15s,2021
1XhHXTSy,70,1-0,Black,<=5s vs 5-10s,1956
uFOnqE7j,105,0-1,White,<=5s vs 5-10s,1640
4SpbTuND,91,1-0,White,<=5s vs 10-15s,1929
BmmhpApB,60,0-1,Black,<=5s vs 10-15s,1567
WjXEAXrX,67,1-0,White,<=5s vs 5-10s,1340
3FDyxhjx,92,0-1,Black,<=5s vs 10-15s,2603
1IIHrG37,86,0-1,Black,<=5s vs 5-10s,1971
MbyJovCu,102,0-1,Black,<=5s vs 5-10s,2093
c6sJ3x1W,73,1-0,White,<=5s vs 15-20s,1680
YEUm2UrI,75,1-0,White,<=5s vs 15-20s,2364
Qv7h9kFO,88,1-0,Black,<=5s vs <=5s,1690
zKT3A1qo,74,0-1,Black,<=5s vs 10-15s,2292
G5w9yC9y,87,1-0,White,<=5s vs 5-10s,2491
o2OVWKqh,72,0-1,Black,<=5s vs 15-20s,2087
SB8wjrYY,56,0-1,Black,<=5s vs 5-10s,1555
XRnHsr0t,68,0-1,Black,<=5s vs 5-10s,1880
DGFp9Q95,87,0-1,White,<=5s vs <=5s,2141
6FvRuzen,108,0-1,Black,<=5s vs 10-15s,2608
o494rI1l,54,0-1,Black,<=5s vs 10-15s,1449
3hCxNFzY,67,1-0,White,<=5s vs 5-10s,1569
n7iIm9XU,68,0-1,Black,<=5s vs 5-10s,2277
MqDr7dGS,75,1-0,White,<=5s vs 15-20s,2355
wduolYJH,105,1/2-1/2,White,<=5s vs 5-10s,2202
gzyWFBzP,51,0-1,White,<=5s vs 10-15s,1292
YDiXI8TD,81,1/2-1/2,White,<=5s vs <=5s,2495
5j6lxd2e,64,0-1,Black,<=5s vs 5-10s,1621
AS7D2lV1,73,1-0,White,<=5s vs 15-20s,1766
cGfpUaNl,85,1-0,White,<=5s vs 5-10s,2312
7LPJpDkk,73,1-0,White,<=5s vs 5-10s,2005
7PLmQx9t,71,1-0,White,<=5s vs 15-20s,1956
bugIY4oq,73,1-0,White,<=5s vs <=5s,1641
vlBXwZJj,99,1-0,White,<=5s vs 5-10s,2105
lr50oICK,91,1-0,White,<=5s vs 10-15s,2439
T3seDGMC,75,0-1,White,<=5s vs <=5s,1631
Y13sbaxC,64,0-1,Black,<=5s vs 15-20s,2002
uRAsr7F7,47,1-0,White,<=5s vs 10-15s,1155
QU05mfBs,73,1-0,White,<=5s vs 10-15s,1963
MUnvf5r6,82,1-0,Black,<=5s vs 10-15s,2744
s9NrSv35,116,0-1,Black,<=5s vs 15-20s,2029
2WeHC5RX,60,0-1,Black,<=5s vs 5-10s,1207
WLcGi6DG,71,0-1,White,<=5s vs 5-10s,1594
MVjyl5zH,82,0-1,Black,<=5s vs <=5s,1291
vmvOsXti,55,1-0,White,<=5s vs 5-10s,1010
71oC4jcj,70,1-0,Black,<=5s vs <=5s,1629
DdxR686K,78,0-1,Black,<=5s vs 10-15s,1824
lHcopLfX,58,0-1,Black,<=5s vs 15-20s,1899
HCeTRcf2,60,0-1,Black,<=5s vs 5-10s,1715
ZtHEFJH8,64,0-1,Black,<=5s vs 5-10s,2421
IHvNXUZk,66,0-1,Black,<=5s vs 5-10s,1393
6uqquT30,103,1/2-1/2,White,<=5s vs 5-10s,1970
hQmuKISM,48,0-1,Black,<=5s vs 15-20s,1470
S46DPpsK,66,0-1,Black,<=5s vs <=5s,1745
UMiBY2GJ,41,1-0,White,<=5s vs 15-20s,1336
vCC5JzPG,87,1-0,White,<=5s vs 15-20s,1746
KmjzN6ex,47,1-0,White,<=5s vs 15-20s,1166
gvfPxOAI,91,1-0,White,<=5s vs 10-15s,2361
SDiXhkjA,43,1-0,White,<=5s vs 10-15s,1030
CjNzDgGr,72,0-1,Black,<=5s vs 10-15s,3172
913bzEtH,64,1-0,Black,<=5s vs 15-20s,2072
mZWmF2Qb,90,1-0,Black,<=5s vs <=5s,1322
s9o79Eg3,62,0-1,Black,<=5s vs 15-20s,1659
P6om19Na,106,0-1,Black,<=5s vs <=5s,2094
1Ie3Kg4J,107,1-0,White,<=5s vs 5-10s,2098
5YdUHysi,84,0-1,Black,<=5s vs 10-15s,1766
NXAQeFt4,90,0-1,Black,<=5s vs <=5s,2168
yqoZlYdC,55,1-0,White,<=5s vs 15-20s,1465
pF1x9yL3,56,1-0,Black,<=5s vs <=5s,1420
j90ilXwU,43,1-0,White,<=5s vs 15-20s,1214
U7Xi8gck,70,0-1,Black,<=5s vs 5-10s,1801
Fn1nlt0p,83,1-0,White,<=5s vs <=5s,2243
vdCV97Lw,53,1-0,White,<=5s vs 15-20s,1709
S4tMtXgQ,52,0-1,Black,<=5s vs 15-20s,1995
SGNNmDxz,67,1-0,White,<=5s vs 10-15s,1973
BHFnvidt,73,1-0,White,<=5s vs 10-15s,2423
Gu3zfaxc,42,0-1,Black,<=5s vs 10-15s,1741
GXPEa8wA,119,1-0,White,<=5s vs 15-20s,1665
E33IiRmC,82,1-0,Black,<=5s vs <=5s,2672
P0yB0QDj,67,1-0,White,<=5s vs 15-20s,1538
6emqxF1T,84,1-0,Black,<=5s vs <=5s,2277
mX3BsB4J,83,1-0,White,<=5s vs 15-20s,1704
gpZZzH2C,57,1-0,White,<=5s vs 10-15s,1115
ughtUJFL,46,0-1,Black,<=5s vs 15-20s,1241
6rGPwxIK,54,0-1,Black,<=5s vs 10-15s,1220
QThldNPu,49,1-0,White,<=5s vs 15-20s,1682
n4ZTG2d2,67,1-0,White,<=5s vs 15-20s,1127
eReFmDGN,71,1-0,White,<=5s vs 15-20s,1337
4gKulyCY,118,0-1,Black,<=5s vs 10-15s,2012
ztOSbQuI,88,0-1,Black,<=5s vs 10-15s,1806
bxHHXWSk,77,1-0,White,<=5s vs 10-15s,2293
RMaXwUXo,96,0-1,Black,<=5s vs 10-15s,1227
xNBkQ8Tx,84,1-0,Black,<=5s vs <=5s,1995
8XNPNiVU,63,1-0,White,<=5s vs 15-20s,1923
Ars9GIbw,38,0-1,Black,<=5s vs 5-10s,854
AsYQwpul,66,0-1,Black,<=5s vs 10-15s,2064
qzJQ49jW,35,1-0,White,<=5s vs 10-15s,810
7f2YO6Zi,167,1/2-1/2,White,<=5s vs 10-15s,2602
eiG4m6WX,74,1-0,Black,<=5s vs <=5s,1561
9so4e2os,118,1/2-1/2,Black,<=5s vs 5-10s,2126
15Dc8Q35,130,0-1,Black,<=5s vs 10-15s,2238
4GKbyVZZ,90,0-1,Black,<=5s vs 5-10s,2881
l12hlE56,69,1-0,White,<=5s vs 5-10s,1339
bKBA45Vq,61,1-0,White,<=5s vs 10-15s,1236
EUPunZeN,62,1-0,Black,<=5s vs 5-10s,1869
EZeBxJFi,114,1-0,Black,<=5s vs <=5s,1723
bnbgMVg0,52,1-0,Black,<=5s vs <=5s,1612
1D6t1VVz,50,0-1,Black,<=5s vs 15-20s,2594
oL3z087W,61,1-0,White,<=5s vs 5-10s,1412
Mzm3jbaq,52,0-1,Black,<=5s vs 15-20s,1876
L8iXoNil,62,1-0,Black,<=5s vs 10-15s,2008
bu4f9szN,73,1-0,White,<=5s vs 15-20s,1216
RcteeBQm,84,0-1,Black,<=5s vs 15-20s,2340
RqeUlGjV,84,0-1,Black,<=5s vs 5-10s,2570
afqIWHmx,70,1-0,Black,<=5s vs 5-10s,1713
rO5HYQSJ,59,0-1,White,<=5s vs 5-10s,1633
e1VGtSW0,88,0-1,Black,<=5s vs <=5s,2243
4o23AVCQ,85,1-0,White,<=5s vs 5-10s,2005
cTEy2nSP,66,0-1,Black,<=5s vs 15-20s,2095
S5Bfvikr,100,0-1,Black,<=5s vs 5-10s,2493
Phu1C4BQ,109,0-1,White,<=5s vs 5-10s,2313
GZXO72rd,63,1-0,White,<=5s vs 10-15s,2082
ewWGxrTM,52,0-1,Black,<=5s vs 5-10s,2056
YHEUhsBT,62,0-1,Black,<=5s vs 15-20s,1824
ToSJMnRn,81,1-0,White,<=5s vs 15-20s,2411
eUxa65ny,73,1-0,White,<=5s vs 15-20s,1611
QqMeQbMq,70,0-1,Black,<=5s vs 10-15s,1629
UvUCj9Is,58,0-1,Black,<=5s vs 15-20s,1553
Wca0rxew,129,1-0,White,<=5s vs 5-10s,2318
yJ2f4oBa,41,1-0,White,<=5s vs 15-20s,1265
felA9yya,85,0-1,White,<=5s vs <=5s,2505
aJilWUqk,50,0-1,Black,<=5s vs 10-15s,1845
GnMFsmPw,72,1-0,Black,<=5s vs 5-10s,2542
C6b1zUYT,73,1-0,White,<=5s vs 15-20s,1995
PRRvc7Gb,79,0-1,White,<=5s vs <=5s,1763
3fCdCiVB,93,1-0,White,<=5s vs 5-10s,2296
U0ykgQBN,120,1/2-1/2,Black,<=5s vs 5-10s,2434
7pNvnalm,41,1-0,White,<=5s vs 10-15s,1609
cxR9KXLZ,80,0-1,Black,<=5s vs 10-15s,2123
xcFX1JfR,63,1-0,White,<=5s vs 15-20s,1705
l2JPwyJS,75,1-0,White,<=5s vs 10-15s,1848
2AGwgrDJ,115,1-0,White,<=5s vs 15-20s,2590
VYZkdYdD,37,1-0,White,<=5s vs 15-20s,939
14MTYyio,64,0-1,Black,<=5s vs <=5s,1480
XWGaSsyf,90,0-1,Black,<=5s vs 15-20s,2512
ntf8vBcv,63,1-0,White,<=5s vs 5-10s,1554
7Iq5wQMd,37,1-0,White,<=5s vs 10-15s,991
3MjNsOag,72,0-1,Black,<=5s vs <=5s,963
74oPzwsQ,71,1-0,White,<=5s vs 5-10s,2192
WPLNcoRS,95,1-0,White,<=5s vs 10-15s,1624
2BaaJiPg,41,1-0,White,<=5s vs 15-20s,926
3tpvtrSe,94,0-1,Black,<=5s vs 15-20s,2083
YE0ev5RB,72,0-1,Black,<=5s vs 10-15s,1835
C7ilDbG4,54,0-1,Black,<=5s vs 15-20s,2057
78k9rKXA,64,0-1,Black,<=5s vs 10-15s,1831
U1NUNFwO,68,0-1,Black,<=5s vs 10-15s,1748
E0QQhLgz,59,1-0,White,<=5s vs <=5s,1596
D1l5VzXG,60,0-1,Black,<=5s vs 15-20s,1713
LxRctqjw,59,1-0,White,<=5s vs 5-10s,1409
oXpTSwzv,52,1-0,Black,<=5s vs 10-15s,1221
LaMSWd3J,77,0-1,White,<=5s vs 5-10s,2337
Trvc1aKm,49,0-1,White,<=5s vs <=5s,1002
ssHKbLJh,78,0-1,Black,<=5s vs 10-15s,1775
hvs2LSuz,55,1-0,White,<=5s vs 5-10s,1606
Lfs2F4Hw,43,1-0,White,<=5s vs 10-15s,1126
2ncIgBKQ,67,1-0,White,<=5s vs 10-15s,2084
afzhBavy,115,1/2-1/2,White,<=5s vs 15-20s,1937
WrPLUOrR,66,0-1,Black,<=5s vs 10-15s,1941
ZAqlpQDv,71,0-1,White,<=5s vs <=5s,1358
U0NkU8Bn,73,1-0,White,<=5s vs 5-10s,1929
qbjKXjxs,54,0-1,Black,<=5s vs 10-15s,1829
hVvoF2dG,50,0-1,Black,<=5s vs 10-15s,1368
QHIneA1u,69,1-0,White,<=5s vs 10-15s,1714
WHr2Nl42,123,1-0,White,<=5s vs 5-10s,2248
l2F2D966,72,0-1,Black,<=5s vs 10-15s,1919
cLlx1jHu,56,0-1,Black,<=5s vs 10-15s,1491
5Ks5z0lv,81,1-0,White,<=5s vs 5-10s,2677
Z7iYuIWO,94,0-1,Black,<=5s vs 5-10s,2079
xU93WyGe,115,1-0,White,<=5s vs 10-15s,2022
SW0ULsRp,94,0-1,Black,<=5s vs 15-20s,1907
UrNfHocE,58,0-1,Black,<=5s vs 10-15s,1109
qokMc4d1,68,0-1,Black,<=5s vs <=5s,1783
VBWN5PER,82,0-1,Black,<=5s vs 15-20s,2186
pHa9yfCJ,93,1-0,White,<=5s vs 10-15s,2336
7tVhEpE5,74,1-0,Black,<=5s vs <=5s,1904
Mj7KNkhz,66,0-1,Black,<=5s vs 5-10s,1066
Q6QWJV0t,61,1-0,White,<=5s vs 10-15s,1266
OqeUbxBB,66,0-1,Black,<=5s vs 5-10s,2146
97gjF3Iq,59,1-0,White,<=5s vs 10-15s,997
POty3ZDd,77,1-0,White,<=5s vs 5-10s,2027
qBl2j6Wn,59,1-0,White,<=5s vs 15-20s,1142
5HOYAEEo,59,1/2-1/2,White,<=5s vs 10-15s,1955
FBiOa5ha,75,1-0,White,<=5s vs 15-20s,2260
6dRYX31g,57,1-0,White,<=5s vs 15-20s,2199
QPwdWvje,95,0-1,White,<=5s vs 10-15s,2362
A6BqS9BF,73,1-0,White,<=5s vs 10-15s,1793
JL4rE8Uw,52,0-1,Black,<=5s vs 10-15s,1384
sv2wvfaZ,72,0-1,Black,<=5s vs 10-15s,1838
8JXPUCgy,69,1-0,White,<=5s vs 5-10s,1012
4WsM8fc7,75,1-0,White,<=5s vs 5-10s,2583
L0T7ehIl,89,1-0,White,<=5s vs 15-20s,1886
9sPGLQFi,50,0-1,Black,<=5s vs 10-15s,1873
YHsi2qvV,47,1-0,White,<=5s vs 5-10s,832
Wb8gTf7i,85,1-0,White,<=5s vs 5-10s,2187
kbMozGLy,90,1-0,Black,<=5s vs <=5s,1807
2mMNBXao,48,0-1,Black,<=5s vs 10-15s,1908
X8g86nbl,49,1-0,White,<=5s vs 10-15s,1290
NtjUr61L,60,0-1,Black,<=5s vs 10-15s,2278
HRKBzZuF,56,0-1,Black,<=5s vs <=5s,1336
9LAncbAA,59,1-0,White,<=5s vs 5-10s,2007
95vtS79e,59,1-0,White,<=5s vs 5-10s,2087
AdPRp1xk,69,1-0,White,<=5s vs 5-10s,1157
bluXCZUP,94,0-1,Black,<=5s vs 15-20s,2246
VfE5NmxR,97,0-1,White,<=5s vs <=5s,2557
7U7UTgAm,80,1-0,Black,<=5s vs 5-10s,2289
jyFkMjRo,67,1-0,White,<=5s vs 10-15s,2217
nkoxQ0kH,71,1-0,White,<=5s vs 10-15s,1538
UfMlhrG3,76,1/2-1/2,Black,<=5s vs 15-20s,1737
gCw6SPDY,79,1-0,White,<=5s vs <=5s,1420
aD6y8Xyl,128,1/2-1/2,Black,<=5s vs 5-10s,2229
225klBeM,70,0-1,Black,<=5s vs 10-15s,2075
1Hlej0Sv,48,0-1,Black,<=5s vs 15-20s,1459
YP32tash,109,1/2-1/2,White,<=5s vs 5-10s,2388
A4w70tcG,128,1/2-1/2,Black,<=5s vs 15-20s,2406
ldGpmPFy,51,1-0,White,<=5s vs 10-15s,1434
dmGlmKNj,46,0-1,Black,<=5s vs <=5s,897
RiTwwsiX,99,1-0,White,<=5s vs 15-20s,2393
9zbcuudp,66,1-0,Black,<=5s vs <=5s,1613
4cVyDIqe,106,1-0,Black,<=5s vs <=5s,2307
fQxI9nta,107,1-0,White,<=5s vs 5-10s,1890
2Sr7IoeN,44,0-1,Black,<=5s vs 15-20s,1301
hPCzMwTY,112,1-0,Black,<=5s vs <=5s,1817
ftoHGLmE,50,0-1,Black,<=5s vs 10-15s,1585
Kg26rdxp,56,1-0,Black,<=5s vs 10-15s,2199
U5ULhEOh,104,0-1,Black,<=5s vs 5-10s,2190
n86hUfIs,93,1-0,White,<=5s vs 10-15s,1854
gaJL23CI,71,0-1,White,<=5s vs <=5s,1114
IG9VfXMr,89,0-1,White,<=5s vs 5-10s,2257
hosaibPr,70,0-1,Black,<=5s vs 10-15s,1372
0jIuoha4,84,0-1,Black,<=5s vs 5-10s,1882
9UCi1g2E,73,1-0,White,<=5s vs 5-10s,2200
WJG8dgnt,72,0-1,Black,<=5s vs 5-10s,1659
6qMGNVfi,116,1-0,Black,<=5s vs 5-10s,2358
m7BuixOb,75,1-0,White,<=5s vs 5-10s,2956
Lf51QHm0,61,0-1,White,<=5s vs 5-10s,1275
kLf7b9cQ,58,0-1,Black,<=5s vs 10-15s,904
ii3OvNoa,81,0-1,White,<=5s vs <=5s,2305
jXGYwmD2,118,0-1,Black,<=5s vs <=5s,2463
rTqAI13n,71,1-0,White,<=5s vs 10-15s,1680
rnKNBpwL,132,1/2-1/2,Black,<=5s vs 15-20s,2658
31iX3jxw,93,1-0,White,<=5s vs 5-10s,1953
meklINCN,103,1-0,White,<=5s vs 10-15s,1880
wxEP93Qj,63,1-0,White,<=5s vs 10-15s,2320
gKVUlI0e,131,0-1,White,<=5s vs <=5s,2403
qIdPDDQM,86,1-0,Black,<=5s vs 5-10s,1812
K6lvWck3,106,0-1,Black,<=5s vs 10-15s,2375
dYOZ0qLP,86,0-1,Black,<=5s vs 5-10s,1725
3B3gwbaM,84,0-1,Black,<=5s vs 5-10s,2344
Nh1ZWjnv,68,0-1,Black,<=5s vs 5-10s,2421
jyTrTkw3,45,1-0,White,<=5s vs 15-20s,1202
FgrWOB2e,104,0-1,Black,<=5s vs 10-15s,2582
KtH4usNZ,48,0-1,Black,<=5s vs 10-15s,1025
6gKqdoNa,49,1-0,White,<=5s vs 10-15s,1747
763I2wOJ,82,1-0,Black,<=5s vs 5-10s,1812
CmRl4CwT,66,0-1,Black,<=5s vs 10-15s,2038
74UwYXaG,62,0-1,Black,<=5s vs 10-15s,1169
WmGWvAqC,72,1-0,Black,<=5s vs <=5s,2262
InLw8kdi,64,0-1,Black,<=5s vs 10-15s,1645
aRvE1vvh,123,1-0,White,<=5s vs 15-20s,2420
4HEgX7QK,44,0-1,Black,<=5s vs 5-10s,1263
8aRstudb,70,0-1,Black,<=5s vs 10-15s,2128
4qIKHO9N,67,0-1,White,<=5s vs <=5s,1313
2JgXrpaP,87,1-0,White,<=5s vs 10-15s,2350
Fa9JsB6X,90,0-1,Black,<=5s vs 5-10s,2022
Dz5bwpwB,80,0-1,Black,<=5s vs <=5s,1278
xgi6WdEU,113,1-0,White,<=5s vs 10-15s,1586
BrskO46u,59,1-0,White,<=5s vs 15-20s,1360
5UJnLzqa,82,0-1,Black,<=5s vs 15-20s,2327
k5IFXbZ4,39,0-1,White,<=5s vs 15-20s,1798
ti6U3RIn,86,1-0,Black,<=5s vs <=5s,1680
f3zq6J1V,96,1/2-1/2,Black,<=5s vs 15-20s,2407
J49Zg7ly,64,1/2-1/2,Black,<=5s vs 10-15s,2541
0s1B3evT,75,1-0,White,<=5s vs 10-15s,1996
DNvZytfY,67,1-0,White,<=5s vs 5-10s,1597
ldzBzT73,79,0-1,White,<=5s vs 15-20s,663
FZjTVNin,128,0-1,Black,<=5s vs 10-15s,1485
20i2RlQG,124,1-0,Black,<=5s vs <=5s,2334
TbvbvlYM,80,1-0,Black,<=5s vs <=5s,2174
MaaQHukx,39,1-0,White,<=5s vs 15-20s,877
ve2LaqbX,95,0-1,White,<=5s vs 5-10s,2522
zhvGycGP,49,1-0,White,<=5s vs 10-15s,1104
q7iln62Q,63,1-0,White,<=5s vs 15-20s,1961
1RzIvKHE,62,0-1,Black,<=5s vs 15-20s,2451
CBeErUJ1,65,1-0,White,<=5s vs 5-10s,2111
0ZP1fZw7,72,0-1,Black,<=5s vs 10-15s,1829
eRkgxE3S,92,0-1,Black,<=5s vs 5-10s,1995
4UzsMc81,80,0-1,Black,<=5s vs 10-15s,2094
8X6QThUA,69,1-0,White,<=5s vs 5-10s,1473
aKYr0HBF,55,1-0,White,<=5s vs <=5s,1905
RaiSoZ4u,65,1-0,White,<=5s vs 10-15s,1945
5v2QGIWc,61,1-0,White,<=5s vs 15-20s,1066
cczdb7lL,61,1-0,White,<=5s vs 10-15s,1433
PQ46WASc,63,1-0,White,<=5s vs 15-20s,1573
vFQYGD90,86,1-0,Black,<=5s vs 5-10s,2035
eWIWHosf,73,1-0,White,<=5s vs 5-10s,2479
5dT2IYtF,82,0-1,Black,<=5s vs <=5s,2137
6Y4tzK3Y,49,1-0,White,<=5s vs 5-10s,1367
XEqCSxpT,69,1-0,White,<=5s vs 15-20s,2233
P4V01CdZ,45,1-0,White,<=5s vs 10-15s,1173
pqPIoq5O,75,0-1,White,<=5s vs 5-10s,1679
0oI1vHGc,58,0-1,Black,<=5s vs 10-15s,1393
0aaGFuC5,42,0-1,Black,<=5s vs 15-20s,900
pAg73G2U,67,1-0,White,<=5s vs 5-10s,1256
lQnTscpp,95,1-0,White,<=5s vs 5-10s,2628
wPhAtido,65,1-0,White,<=5s vs 15-20s,2174
VUEgSaF6,61,1-0,White,<=5s vs 5-10s,1866
FLFl82Jw,88,1-0,Black,<=5s vs 5-10s,2712
uk9MsGow,57,1-0,White,<=5s vs 10-15s,1618
XGjz25OK,81,0-1,White,<=5s vs 5-10s,1862
NEItaB1F,57,1-0,White,<=5s vs 15-20s,2080
zgq2Gj1I,126,0-1,Black,<=5s vs 10-15s,2126
Ysew3Vgm,92,0-1,Black,<=5s vs 10-15s,2154
XzDDi2PK,57,1-0,White,<=5s vs 15-20s,1604
LcBlHwRa,190,0-1,Black,<=5s vs 5-10s,1403
nj1LUEIf,66,0-1,Black,<=5s vs 10-15s,1663
cbHUx1bQ,63,1-0,White,<=5s vs 15-20s,1583
f2dknBJJ,46,1-0,Black,<=5s vs 5-10s,2314
2sfwuzy8,81,1-0,White,<=5s vs 10-15s,2145
7j9fk8dT,112,0-1,Black,<=5s vs <=5s,2236
yJ8GYZWk,55,1-0,White,<=5s vs 15-20s,1622
bIVHMTMB,68,0-1,Black,<=5s vs 10-15s,1674
hD651HTo,80,0-1,Black,<=5s vs 5-10s,2496
Hal1IJWa,66,0-1,Black,<=5s vs <=5s,2160
wGpTyOTG,92,0-1,Black,<=5s vs 5-10s,2373
xzz7qEB0,76,0-1,Black,<=5s vs 15-20s,1924
qrfk0NjM,82,1-0,Black,<=5s vs 5-10s,2408
P6j2I8qp,95,1-0,White,<=5s vs 5-10s,2676
brLsaIPn,89,1-0,White,<=5s vs 10-15s,1223
VCY8j7f1,119,1/2-1/2,White,<=5s vs 15-20s,2179
D9bsoRK2,55,1-0,White,<=5s vs 10-15s,1345
ik10S0EM,94,0-1,Black,<=5s vs 10-15s,2276
cr8fr1XY,78,0-1,Black,<=5s vs 15-20s,2260
Ey5P7NDM,67,1-0,White,<=5s vs 5-10s,1349
8K6zkwEM,74,1-0,Black,<=5s vs <=5s,1901
coa8Tku9,104,0-1,Black,<=5s vs 10-15s,1529
VuFHGMrb,64,0-1,Black,<=5s vs <=5s,1571
ZIKmlum9,82,1-0,Black,<=5s vs 5-10s,1598
4G5zmrb0,128,1-0,Black,<=5s vs <=5s,2641
VR1zJAnS,60,0-1,Black,<=5s vs 5-10s,1175
jxNYGEKb,77,1-0,White,<=5s vs 10-15s,1834
CNwIserQ,90,1/2-1/2,Black,<=5s vs 5-10s,2802
2VifAkWZ,78,0-1,Black,<=5s vs 5-10s,1966
oPfFlVEC,57,1-0,White,<=5s vs 10-15s,1554
9pG23I55,125,1-0,White,<=5s vs 15-20s,1984
KGx3Q5Xl,78,0-1,Black,<=5s vs 10-15s,1311
FPGmq8eX,74,0-1,Black,<=5s vs 5-10s,1687
n9PjoQyf,80,0-1,Black,<=5s vs 5-10s,2030
P4MUNgmp,82,0-1,Black,<=5s vs 5-10s,1625
R1zxDTZD,89,0-1,White,<=5s vs 10-15s,2402
QuXDAgcC,83,1-0,White,<=5s vs 5-10s,1936
gejZnzIC,79,1-0,White,<=5s vs 5-10s,1848
IB10qtGL,78,0-1,Black,<=5s vs 5-10s,1751
ayxd14bU,122,1-0,Black,<=5s vs 5-10s,1407
KyB7sZzX,96,1/2-1/2,Black,<=5s vs 5-10s,2292
j6vUVRhe,58,1-0,Black,<=5s vs <=5s,1208
Iud5IfzD,77,0-1,White,<=5s vs 5-10s,1236
8SbeUv42,53,1-0,White,<=5s vs 5-10s,1348
M1i7yH1u,83,0-1,White,<=5s vs 5-10s,2910
f1Zk81bH,60,0-1,Black,<=5s vs 15-20s,1329
EpoQK1BH,106,0-1,Black,<=5s vs 15-20s,2059
3SJK7ZhA,144,0-1,Black,<=5s vs <=5s,2020
vi1zeA7i,91,1-0,White,<=5s vs 5-10s,2161
vH9yYLAH,77,1-0,White,<=5s vs <=5s,1403
bowg3wq0,110,1/2-1/2,Black,<=5s vs 15-20s,1174
dRel3zt5,97,1-0,White,<=5s vs 5-10s,2450
EoIKEfn8,107,0-1,White,<=5s vs 5-10s,2322
zfeGT9NT,75,1-0,White,<=5s vs 10-15s,1571
yhiujxfB,72,0-1,Black,<=5s vs 15-20s,2131
RHRQkxCj,58,0-1,Black,<=5s vs 15-20s,1758
zIfh2shg,78,0-1,Black,<=5s vs 5-10s,2481
6sidi2NP,79,1-0,White,<=5s vs 5-10s,1759
yUaxTxPX,78,0-1,Black,<=5s vs 5-10s,2155
oPSLkZFJ,74,1-0,Black,<=5s vs 5-10s,1919
Ny8PmxhG,71,1-0,White,<=5s vs 5-10s,2104
j1RRWl0Q,65,1-0,White,<=5s vs 15-20s,2334
lAYySln8,107,1-0,White,<=5s vs 5-10s,2392
AFhVGjGZ,80,0-1,Black,<=5s vs 10-15s,1886
dGDXWNmw,103,1-0,White,<=5s vs 10-15s,1763
1FnB9i32,34,0-1,Black,<=5s vs 15-20s,592
Ex85DwD5,74,1-0,Black,<=5s vs <=5s,1234
DBHxOJaS,84,0-1,Black,<=5s vs 15-20s,2358
eSPFSwW2,76,0-1,Black,<=5s vs 10-15s,1680
hDMNAVCZ,85,0-1,White,<=5s vs 5-10s,2154
X9r6xGcG,66,1-0,Black,<=5s vs <=5s,1321
iKJ1GfE8,81,1-0,White,<=5s vs 10-15s,1981
noQFR7Ex,58,0-1,Black,<=5s vs 5-10s,1964
YHvoI9PZ,151,1-0,White,<=5s vs 5-10s,2333
Idqx1mNE,63,0-1,White,<=5s vs 15-20s,1859
NKobLGgx,70,0-1,Black,<=5s vs 15-20s,2126
qEnE5FR9,78,0-1,Black,<=5s vs 10-15s,2142
c11tLaNb,54,0-1,Black,<=5s vs 10-15s,1278
MaHm8jtT,133,0-1,White,<=5s vs <=5s,2577
IMn9GAhc,92,0-1,Black,<=5s vs 5-10s,2033
ekg8kjLw,76,1-0,Black,<=5s vs 10-15s,2472
UjbhaucC,83,1-0,White,<=5s vs 10-15s,2296
LGrTDhiQ,65,1-0,White,<=5s vs 5-10s,1214
R1KciZKU,99,0-1,White,<=5s vs <=5s,2506
apWsM5FB,71,1-0,White,<=5s vs 5-10s,1800
LzmeCup2,53,1-0,White,<=5s vs 5-10s,1539
TvQbaOoJ,58,0-1,Black,<=5s vs 5-10s,1973
PEJWZChi,115,1-0,White,<=5s vs 15-20s,1604
gBGADJrz,40,0-1,Black,<=5s vs 10-15s,850
bmKwOi6j,61,1-0,White,<=5s vs 5-10s,1685
StF9CIYW,103,0-1,White,<=5s vs <=5s,2155
WLQgoS5r,120,1-0,Black,<=5s vs 5-10s,1798
IjGfbjik,67,1-0,White,<=5s vs 5-10s,1836
SVpsZRyU,61,1-0,White,<=5s vs 10-15s,968
AZVfT3SE,90,0-1,Black,<=5s vs 5-10s,1277
0HK63p8n,105,1-0,White,<=5s vs 10-15s,2473
aG4KS8eJ,75,1-0,White,<=5s vs 5-10s,1718
fGkTJwCe,83,1-0,White,<=5s vs <=5s,1800
b4NWqv67,69,1-0,White,<=5s vs 15-20s,1948
R2zuzoT0,108,0-1,Black,<=5s vs 15-20s,2222
x01R6vUV,48,0-1,Black,<=5s vs 10-15s,879
GT3aNHex,72,0-1,Black,<=5s vs 15-20s,1413
yDUbxqXB,150,1/2-1/2,Black,<=5s vs 5-10s,2240
HbQX6SVh,89,1-0,White,<=5s vs 15-20s,2568
4uPGZ2ra,44,0-1,Black,<=5s vs 10-15s,1770
FXF65vai,68,1-0,Black,<=5s vs <=5s,1202
j8lWMRlD,78,1-0,Black,<=5s vs <=5s,1887
CwOww2AK,69,0-1,White,<=5s vs 5-10s,1977
R3QcDjuR,69,1-0,White,<=5s vs 5-10s,2261
1wX6RNVQ,57,1-0,White,<=5s vs 15-20s,1468
SNai673V,56,0-1,Black,<=5s vs 5-10s,1219
8kIb9cr0,121,1-0,White,<=5s vs 5-10s,1914
jrb2LaF5,102,0-1,Black,<=5s vs 5-10s,1511
TgyERu4N,60,0-1,Black,<=5s vs 10-15s,1568
RU765qGF,88,0-1,Black,<=5s vs <=5s,1822
Vq0jSzM0,85,1-0,White,<=5s vs 5-10s,1595
OTf5Xagp,132,0-1,Black,<=5s vs 10-15s,2546
QiExaiuk,61,1-0,White,<=5s vs 10-15s,1241
oZ0DmTEA,69,1-0,White,<=5s vs 10-15s,1810
bv8HbmZE,60,0-1,Black,<=5s vs 5-10s,1197
KR52ToaA,89,1-0,White,<=5s vs 5-10s,2093
FHUO6Q6T,109,1/2-1/2,White,<=5s vs 5-10s,2332
EPP03LVo,103,1-0,White,<=5s vs 5-10s,2238
J5CvXgfe,59,1-0,White,<=5s vs 5-10s,1402
bW92H70o,74,0-1,Black,<=5s vs <=5s,1695
hBJRsbX6,116,0-1,Black,<=5s vs 10-15s,2210
U6mydXW4,68,0-1,Black,<=5s vs 15-20s,1876
6uNzvK1g,52,0-1,Black,<=5s vs 10-15s,1498
pAmdwqqE,44,0-1,Black,<=5s vs 15-20s,1603
cmaZ3oyl,36,0-1,Black,<=5s vs 10-15s,937
5GY2BmO8,41,1-0,White,<=5s vs 5-10s,1189
bNC75y2e,55,1-0,White,<=5s vs 5-10s,1328
JbioqeNd,96,0-1,Black,<=5s vs <=5s,1326
c53fgH6e,54,0-1,Black,<=5s vs 10-15s,1785
fGdCWtew,67,0-1,White,<=5s vs 5-10s,742
Ni1gtQsM,79,1-0,White,<=5s vs 10-15s,2154
IZ1yChqd,57,1-0,White,<=5s vs 15-20s,1484
R3ycYvv4,74,1-0,Black,<=5s vs <=5s,1771
AYB4zHZb,40,0-1,Black,<=5s vs 10-15s,999
ZqtTBIhX,55,1-0,White,<=5s vs 10-15s,2412
UgwWvvRd,51,1-0,White,<=5s vs 15-20s,1114
8jlCfTDe,42,0-1,Black,<=5s vs 15-20s,1623
Hk1Hy15r,84,0-1,Black,<=5s vs 15-20s,1787
MSn3Aiic,64,0-1,Black,<=5s vs 5-10s,855
jx9MFWwI,70,0-1,Black,<=5s vs <=5s,1926
7PLElsrY,140,0-1,Black,<=5s vs 5-10s,2857
oRjCKBgA,99,1-0,White,<=5s vs 5-10s,2367
x2iS7Mak,154,0-1,Black,<=5s vs 10-15s,2445
Ep0nkVuu,62,1-0,Black,<=5s vs <=5s,721
WHJ1OoOb,49,1-0,White,<=5s vs 15-20s,1293
Gr0nUMOw,58,0-1,Black,<=5s vs 15-20s,1525
UqXtmjGX,72,1-0,Black,<=5s vs 10-15s,1500
jIu3SL5d,64,0-1,Black,<=5s vs 5-10s,1494
De9R9pts,71,1-0,White,<=5s vs 10-15s,2284
6GKJniGs,106,1-0,Black,<=5s vs 5-10s,2311
InhkycXQ,70,0-1,Black,<=5s vs 15-20s,2006
JEsZdxjF,65,0-1,White,<=5s vs <=5s,1168
qCZiGqW9,79,1-0,White,<=5s vs 5-10s,1805
oMCNEEJF,57,1-0,White,<=5s vs 10-15s,1530
jdvPl1nw,77,0-1,White,<=5s vs 5-10s,1683
L471qGh4,51,1-0,White,<=5s vs 5-10s,1116
GDOJnlNa,98,0-1,Black,<=5s vs 10-15s,1671
rYxNU5u0,50,0-1,Black,<=5s vs 5-10s,924
ha5W228E,115,1-0,White,<=5s vs 10-15s,2313
Bxr3zanM,75,1-0,White,<=5s vs 10-15s,1828
z64iq6dR,81,1-0,White,<=5s vs 15-20s,2270
ckQFrRQh,106,1/2-1/2,Black,<=5s vs 10-15s,2807
30WlQAUw,79,1-0,White,<=5s vs 5-10s,1410
Si68ata5,79,0-1,White,<=5s vs <=5s,2358
Fbj8NreC,93,0-1,White,<=5s vs <=5s,1715
P7W7v2Nx,53,0-1,White,<=5s vs <=5s,1697
oUclzR2a,85,0-1,White,<=5s vs 10-15s,2355
frztsC3r,43,1-0,White,<=5s vs 15-20s,1229
573K3CP1,67,0-1,White,<=5s vs 5-10s,1195
ao3j4cfj,54,0-1,Black,<=5s vs 15-20s,1536
rhQi8oYz,87,1-0,White,<=5s vs 5-10s,2365
TDVX1zuU,75,1-0,White,<=5s vs 15-20s,1826
Q9U6Dtd6,74,1-0,Black,<=5s vs <=5s,900
Osa0Z97I,107,1-0,White,<=5s vs 5-10s,2489
zAGF5vWg,52,0-1,Black,<=5s vs 15-20s,2127
bsrTUuIH,57,1-0,White,<=5s vs 10-15s,1103
pS4omU5y,75,1-0,White,<=5s vs 5-10s,1941
HpImuq5h,119,1-0,White,<=5s vs 5-10s,1951
SAqBOEBO,107,1-0,White,<=5s vs 10-15s,2156
BaoMVcgj,99,1/2-1/2,White,<=5s vs 15-20s,2309
u5tGrDFq,87,1-0,White,<=5s vs 15-20s,2428
QGIYCEYE,129,0-1,White,<=5s vs <=5s,1658
Z4PiNc6N,64,0-1,Black,<=5s vs 5-10s,1424
YOe9fAyX,56,0-1,Black,<=5s vs 10-15s,2126
uotsgWWL,112,1/2-1/2,Black,<=5s vs 15-20s,2504
1k6uUt28,62,1-0,Black,<=5s vs <=5s,1544
mRJMALlT,75,1-0,White,<=5s vs <=5s,2363
bQpHClBV,89,1-0,White,<=5s vs 5-10s,2572
akoeRm4k,110,1-0,Black,<=5s vs <=5s,2522
pMZxZ6rI,72,0-1,Black,<=5s vs <=5s,1320
6hGymfzA,92,1/2-1/2,Black,<=5s vs 15-20s,2252
P6MARp8f,80,0-1,Black,<=5s vs 15-20s,1671
sOZgAk7D,120,0-1,Black,<=5s vs 15-20s,2113
6Os1dXc8,82,0-1,Black,<=5s vs 15-20s,1900
JXwNxbcJ,92,1/2-1/2,Black,<=5s vs 5-10s,2393
8J0AkrxX,88,0-1,Black,<=5s vs 10-15s,1811
WicIafLl,123,1-0,White,<=5s vs 5-10s,2309
OcgkKU56,62,1-0,Black,<=5s vs <=5s,1713
eTVF9oYG,59,1-0,White,<=5s vs 5-10s,1158
ThQgR04b,57,1-0,White,<=5s vs 10-15s,1491
o8sh0fuB,81,1-0,White,<=5s vs 5-10s,2110
sxl4MfVw,70,0-1,Black,<=5s vs 5-10s,1510
7gjF7NCM,54,0-1,Black,<=5s vs 15-20s,2216
gpFVIYxU,74,0-1,Black,<=5s vs 5-10s,1930
56i60wuE,131,1-0,White,<=5s vs 5-10s,2265
yLlKKESw,90,1-0,Black,<=5s vs <=5s,1911
iqAmXWGQ,76,0-1,Black,<=5s vs 10-15s,1695
opcUkRcV,85,1-0,White,<=5s vs 15-20s,1843
3kHHIMsw,57,1-0,White,<=5s vs 15-20s,1877
IkmlZln9,70,1-0,Black,<=5s vs 15-20s,1482
8TEb8xV3,69,1-0,White,<=5s vs 10-15s,1455
P9xdW13N,89,1-0,White,<=5s vs 5-10s,2030
FS55psYd,89,1-0,White,<=5s vs 15-20s,2047
FcL1jovV,60,0-1,Black,<=5s vs 15-20s,1332
90PyW50c,98,1-0,Black,<=5s vs <=5s,2770
KS67HOG4,94,1-0,Black,<=5s vs <=5s,1892
IPNe3Izr,44,0-1,Black,<=5s vs 15-20s,1361
Kb7vuAZW,65,0-1,White,<=5s vs <=5s,1980
DGlx2Pt2,65,1-0,White,<=5s vs 5-10s,2036
syYejlGh,50,0-1,Black,<=5s vs 15-20s,2318
SGXoZGLz,126,1/2-1/2,Black,<=5s vs 10-15s,1731
8D8UugRP,62,0-1,Black,<=5s vs 15-20s,1757
R6sAIdJb,56,0-1,Black,<=5s vs 15-20s,1963
KpC5hB0C,69,0-1,White,<=5s vs <=5s,2099
RKhPrXCc,98,0-1,Black,<=5s vs 15-20s,2064
Z3pzMtfc,69,1-0,White,<=5s vs <=5s,2173
TxNB2xrW,130,0-1,Black,<=5s vs 10-15s,2172
6gjjFgip,76,0-1,Black,<=5s vs 5-10s,1611
HRLqYA32,126,1/2-1/2,Black,<=5s vs <=5s,2538
KFiXKzO1,80,0-1,Black,<=5s vs 5-10s,1868
zlnlX4St,52,1-0,Black,<=5s vs <=5s,1589
07yrXWp0,49,1-0,White,<=5s vs 10-15s,1724
7ug3tmqZ,67,1-0,White,<=5s vs 10-15s,1302
L3V4bX74,67,1-0,White,<=5s vs 15-20s,2357
RutafeGn,76,0-1,Black,<=5s vs 10-15s,2310
7HHcTWFm,58,1-0,Black,<=5s vs <=5s,1145
EY4PVp9g,92,1-0,Black,<=5s vs 5-10s,2165
b0q8lPSs,75,1-0,White,<=5s vs 5-10s,2229
lAdwzpLu,82,1-0,Black,<=5s vs 10-15s,1599
RKpv6JH9,60,1-0,Black,<=5s vs <=5s,2021
JlxfGPEn,62,0-1,Black,<=5s vs 10-15s,1840
iFSBieXG,58,0-1,Black,<=5s vs 5-10s,722
Nqd52Ozk,70,0-1,Black,<=5s vs 15-20s,2108
N5cmJtYP,78,0-1,Black,<=5s vs 15-20s,2458
ufWR2nkB,106,0-1,Black,<=5s vs 15-20s,2047
wtQ3bU1S,64,1-0,Black,<=5s vs <=5s,1542
ggeCzYcZ,104,1/2-1/2,Black,<=5s vs 5-10s,2188
TL2J8YCB,79,1-0,White,<=5s vs 5-10s,1830
NMpAlmdc,74,0-1,Black,<=5s vs 5-10s,1928
ofMHoo5e,91,1-0,White,<=5s vs 10-15s,1945
k5DydEVZ,75,1-0,White,<=5s vs 10-15s,1608
FcsJyfUr,81,1-0,White,<=5s vs 5-10s,1654
6Zav2gmh,97,1-0,White,<=5s vs 5-10s,2702
2ZYWnMj9,80,0-1,Black,<=5s vs 10-15s,1436
ZWogs1H7,70,0-1,Black,<=5s vs 10-15s,1944
YIbL3hAQ,79,1-0,White,<=5s vs <=5s,1883
HJOooijb,70,1-0,Black,<=5s vs 5-10s,2510
AvLHedJC,103,1-0,White,<=5s vs 10-15s,2015
sQkWOjK8,78,0-1,Black,<=5s vs 5-10s,2105
LNiACm4b,64,1-0,Black,<=5s vs 10-15s,1140
iupKlYe9,46,0-1,Black,<=5s vs 15-20s,822
S8kHxanh,88,0-1,Black,<=5s vs 15-20s,2160
XcY42OK4,71,1-0,White,<=5s vs 5-10s,1772
dAnclTsi,71,0-1,White,<=5s vs <=5s,2292
91VcIuTk,108,0-1,Black,<=5s vs 5-10s,2101
2IzKQZ1c,75,1-0,White,<=5s vs 10-15s,2432
n8IsOCcw,61,1-0,White,<=5s vs 5-10s,946
UY3ZoPoS,92,0-1,Black,<=5s vs <=5s,2113
yqFZGicB,68,0-1,Black,<=5s vs 10-15s,2065
wlSFqpf3,130,1-0,Black,<=5s vs <=5s,2985
60n1gbNc,63,1-0,White,<=5s vs 15-20s,1220
ZVnIV1hM,71,1-0,White,<=5s vs 5-10s,1797
x1wsDRBH,72,0-1,Black,<=5s vs <=5s,1800
MywTs3Ur,61,1-0,White,<=5s vs 5-10s,1536
JomNFEto,108,1-0,Black,<=5s vs <=5s,1924
VaW6dm5t,71,1-0,White,<=5s vs 15-20s,1953
E9XINX0R,85,1-0,White,<=5s vs 15-20s,2635
gXronsMe,68,0-1,Black,<=5s vs 15-20s,1655
NqyKespc,43,1-0,White,<=5s vs 15-20s,2195
8ZHhBKE5,47,1-0,White,<=5s vs 10-15s,1776
ovIr37Wf,73,0-1,White,<=5s vs <=5s,2026
LbrKpLu6,64,0-1,Black,<=5s vs 5-10s,1892
1B6cx9KW,68,0-1,Black,<=5s vs 15-20s,1926
eOtpOAvT,47,1-0,White,<=5s vs 10-15s,1291
MaRwdmTk,93,1/2-1/2,White,<=5s vs 15-20s,2355
m5GFITP0,29,1-0,White,<=5s vs 10-15s,881
W8CbYnP5,71,1-0,White,<=5s vs <=5s,1644
QECv9S1N,108,0-1,Black,<=5s vs 15-20s,2586
ohvqiaSu,139,1-0,White,<=5s vs 5-10s,2400
Yfw0cMvl,41,1-0,White,<=5s vs 10-15s,1263
F5eRyfHQ,97,1/2-1/2,White,<=5s vs 5-10s,2299
apXYPrlJ,107,1-0,White,<=5s vs 5-10s,2175
5jt1tQw9,81,1-0,White,<=5s vs 5-10s,1767
5yzPbg4L,70,0-1,Black,<=5s vs 15-20s,2191
UxdgfSfP,53,1-0,White,<=5s vs 15-20s,1461
YQoxffcb,46,0-1,Black,<=5s vs <=5s,1365
CK4A6JZM,99,1-0,White,<=5s vs 10-15s,2034
qKspTllL,71,1-0,White,<=5s vs 15-20s,1402
aaQsQB7d,82,0-1,Black,<=5s vs <=5s,2202
nz9ofsI1,61,1-0,White,<=5s vs 10-15s,1107
aN9ITU9h,72,0-1,Black,<=5s vs 10-15s,1606
x13EV3Qu,88,1-0,Black,<=5s vs 5-10s,2391
G5Vqxh9e,52,0-1,Black,<=5s vs 5-10s,1473
mW73kvio,53,1-0,White,<=5s vs 15-20s,1259
OFRegTqI,67,1-0,White,<=5s vs 5-10s,1509
Re71zPTu,73,0-1,White,<=5s vs 5-10s,1531
ZxGT5Lc8,84,0-1,Black,<=5s vs 5-10s,1843
bMQaAYgj,63,1-0,White,<=5s vs 10-15s,1797
3U6kXyAl,76,1/2-1/2,Black,<=5s vs 10-15s,2102
CM66clj0,75,1-0,White,<=5s vs 5-10s,2205
X7go6k3j,108,1/2-1/2,Black,<=5s vs 5-10s,2351
RuA279mp,97,1-0,White,<=5s vs <=5s,2188
eQBnAhyP,97,1-0,White,<=5s vs 15-20s,2381
7lwfOl8T,58,0-1,Black,<=5s vs 5-10s,1281
LVOV5Fwq,74,0-1,Black,<=5s vs 10-15s,2137
gK9hwCTf,57,0-1,White,<=5s vs 15-20s,1134
gHMQSEZV,137,1/2-1/2,White,<=5s vs <=5s,1856
bx04IXG6,62,1-0,Black,<=5s vs 15-20s,2018
0rz5nWGB,90,0-1,Black,<=5s vs 15-20s,1900
fe5EMVpd,56,1-0,Black,<=5s vs 10-15s,2391
NC9u6b3R,66,0-1,Black,<=5s vs 10-15s,2459
Q9bFKGs7,79,1-0,White,<=5s vs 15-20s,2704
AMLA9hZQ,54,1-0,Black,<=5s vs 5-10s,1288
ao5SHbCo,84,0-1,Black,<=5s vs 5-10s,2602
6StufTTA,66,1-0,Black,<=5s vs 5-10s,1401
7Bp71r5t,73,0-1,White,<=5s vs <=5s,1679
QZZ7o5zD,108,1-0,Black,<=5s vs 5-10s,2456
0iY6PoTA,59,1-0,White,<=5s vs 10-15s,1616
yrAe4y0l,47,1-0,White,<=5s vs 15-20s,1238
9hOHl38c,97,1-0,White,<=5s vs 10-15s,1181
AcjZafRv,72,0-1,Black,<=5s vs 5-10s,2421
Ch3LJuXf,48,0-1,Black,<=5s vs 10-15s,850
8oLyL8Cx,49,1-0,White,<=5s vs 10-15s,1253
59bKzMCb,88,0-1,Black,<=5s vs 10-15s,1639
55ExS53u,126,0-1,Black,<=5s vs 15-20s,2746
pJuvuFSK,48,0-1,Black,<=5s vs 15-20s,1515
yhqSAQ8m,90,0-1,Black,<=5s vs 5-10s,1593
8BxGk2eg,54,0-1,Black,<=5s vs 5-10s,1987
WAZN96A9,54,0-1,Black,<=5s vs 10-15s,1078
J4hUzeeZ,114,0-1,Black,<=5s vs 10-15s,1872
rINXga9P,45,1-0,White,<=5s vs 5-10s,871
OObp58eT,63,1-0,White,<=5s vs 5-10s,2709
Mpo0kXsb,111,0-1,White,<=5s vs 5-10s,2694
ERSZBI7m,90,0-1,Black,<=5s vs 5-10s,1798
PCjOgea0,42,0-1,Black,<=5s vs 15-20s,1705
MtD1D2L1,53,1-0,White,<=5s vs 5-10s,1534
DfDzqS2u,51,0-1,White,<=5s vs 10-15s,2157
bHynEDdv,55,1-0,White,<=5s vs 15-20s,1171
LYB3J5Ez,68,0-1,Black,<=5s vs 10-15s,2295
tSsrHAaZ,41,1-0,White,<=5s vs 15-20s,1112
FxblNHFd,95,1-0,White,<=5s vs 10-15s,2571
jqIPnoYb,119,1-0,White,<=5s vs 5-10s,1169
4xc8Kh2I,87,0-1,White,<=5s vs 5-10s,2432
PvWPZnBK,90,1-0,Black,<=5s vs 15-20s,1610
mGygayTP,62,0-1,Black,<=5s vs <=5s,1898
FawJjotR,91,1-0,White,<=5s vs <=5s,1676
SMLbx5ms,100,0-1,Black,<=5s vs 10-15s,2281
87WfBAmC,61,1-0,White,<=5s vs 15-20s,1886
SAjGfIIF,89,1/2-1/2,White,<=5s vs 15-20s,2535
FKLEMaOe,81,1-0,White,<=5s vs 10-15s,1912
EVS0hPJE,95,1-0,White,<=5s vs 5-10s,2104
Gw5dfpOG,71,1-0,White,<=5s vs 15-20s,2090
FLqOA7mD,44,0-1,Black,<=5s vs 15-20s,1705
8hy1wLIM,72,0-1,Black,<=5s vs 15-20s,1825
JuNWJwds,54,0-1,Black,<=5s vs 15-20s,1448
dUWtfJYl,61,1-0,White,<=5s vs 15-20s,1862
LcR7KpL3,126,1/2-1/2,Black,<=5s vs 10-15s,2972
FGcZwAEb,52,1-0,Black,<=5s vs <=5s,1579
VjM7InN0,76,0-1,Black,<=5s vs 5-10s,1384
3pdOwkAj,84,0-1,Black,<=5s vs 10-15s,2441
Q2dqHS3u,68,1-0,Black,<=5s vs 5-10s,1297
BDON1JCu,60,0-1,Black,<=5s vs 10-15s,2165
2XXf6mbh,67,0-1,White,<=5s vs 5-10s,1532
N0QgguCF,90,1/2-1/2,Black,<=5s vs 15-20s,2282
fbadPGNY,69,1/2-1/2,White,<=5s vs <=5s,1850
EgLk8i4X,95,1-0,White,<=5s vs 5-10s,2807
SC1HgMlV,78,0-1,Black,<=5s vs 10-15s,1864
HL4s0ptT,70,0-1,Black,<=5s vs 5-10s,1120
KuD09SYD,136,0-1,Black,<=5s vs 5-10s,2654
EeSerqiQ,121,0-1,White,<=5s vs <=5s,1933
kEv6wrxD,62,0-1,Black,<=5s vs 15-20s,1510
XyybiVsr,89,1-0,White,<=5s vs 5-10s,1901
JaV92MsY,93,1/2-1/2,White,<=5s vs 10-15s,2452
QU2y0dxD,59,1-0,White,<=5s vs <=5s,1326
oJuilifH,68,0-1,Black,<=5s vs 10-15s,1833
CRwYZ2f6,61,0-1,White,<=5s vs 15-20s,1625
E7Qvqflr,113,1/2-1/2,White,<=5s vs 5-10s,3167
lJ0nPCan,123,0-1,White,<=5s vs 5-10s,1627
5tOdxrB8,98,0-1,Black,<=5s vs 5-10s,2415
UpYuKv7L,86,0-1,Black,<=5s vs 10-15s,2511
7cXW1Bp8,51,1-0,White,<=5s vs 15-20s,1370
lWsJU3OR,69,1-0,White,<=5s vs 15-20s,1842
C6BJhuL4,55,1-0,White,<=5s vs 15-20s,836
RKierW3C,101,1-0,White,<=5s vs 15-20s,2309
ceFxQ8U7,61,1-0,White,<=5s vs <=5s,997
Eavc5qLu,102,0-1,Black,<=5s vs 10-15s,2500
6BRPN4TM,127,1-0,White,<=5s vs 5-10s,2703
8WQHj1UA,37,0-1,White,<=5s vs 5-10s,867
XV1ejOCe,94,1-0,Black,<=5s vs 10-15s,2288
Wb6RSZ3T,66,0-1,Black,<=5s vs 10-15s,1847
RXQULltQ,112,1-0,Black,<=5s vs 10-15s,2717
WyU6IQeT,53,1-0,White,<=5s vs 5-10s,1233
IjzqnDue,101,1-0,White,<=5s vs <=5s,1850
JMOEf85e,49,1-0,White,<=5s vs 15-20s,1342
lnV2XVdQ,49,1-0,White,<=5s vs 5-10s,1597
htWFpZHV,67,1-0,White,<=5s vs 10-15s,1517
Bt1PS6Oi,88,0-1,Black,<=5s vs 10-15s,2171
492bgS6N,62,0-1,Black,<=5s vs 5-10s,2162
SKG2JPT4,54,1-0,Black,<=5s vs 5-10s,1337
GlHbcGPp,43,1-0,White,<=5s vs <=5s,1935
yXS61wkr,63,1-0,White,<=5s vs 10-15s,1536
gX31fIRv,44,0-1,Black,<=5s vs 10-15s,1679
FMp69ZeN,92,1-0,Black,<=5s vs 5-10s,1513
RyxiEDmn,44,0-1,Black,<=5s vs 5-10s,1269
Cl05Qenw,54,0-1,Black,<=5s vs 10-15s,1295
bOMokoVu,140,0-1,Black,<=5s vs 5-10s,2160
0T7Z9dz8,64,0-1,Black,<=5s vs 5-10s,1557
aiIj9xoV,58,0-1,Black,<=5s vs 5-10s,1419
RM9ETQYH,51,1-0,White,<=5s vs 15-20s,1379
1Z06o0El,123,1/2-1/2,White,<=5s vs 15-20s,2418
1sxgCY1X,95,1-0,White,<=5s vs 5-10s,2402
SJ6OaHBP,67,1-0,White,<=5s vs 5-10s,1787
Qt9ctjEv,92,0-1,Black,<=5s vs 5-10s,2400
7N1mMNv0,66,0-1,Black,<=5s vs 5-10s,1923
EYaDAKJv,138,1/2-1/2,Black,<=5s vs 10-15s,1600
Daj3bp1u,47,1-0,White,<=5s vs 10-15s,1407
2B98zKWf,48,1-0,Black,<=5s vs 5-10s,1302
WK7Iexif,64,1-0,Black,<=5s vs 5-10s,1918
5HFrm1Sq,62,0-1,Black,<=5s vs 5-10s,1730
62PYOXkD,77,1-0,White,<=5s vs 5-10s,2328
ld5g5VNS,82,0-1,Black,<=5s vs 10-15s,1778
vF403SUT,74,0-1,Black,<=5s vs <=5s,1914
FrsMBISP,60,0-1,Black,<=5s vs 15-20s,1849
xb5Ya2Ws,117,1-0,White,<=5s vs 5-10s,2705
m0n56los,51,1-0,White,<=5s vs 15-20s,1164
F4uwzguw,95,1-0,White,<=5s vs 10-15s,1928
z1afMcb9,78,0-1,Black,<=5s vs 5-10s,1207
T7cSn7O3,67,1-0,White,<=5s vs 10-15s,1251
uVzUggd5,103,1-0,White,<=5s vs 15-20s,2636
RrSJgDhx,55,1-0,White,<=5s vs 15-20s,1038
L94h4wCe,74,0-1,Black,<=5s vs 5-10s,2558
Pd3w6GUA,123,1/2-1/2,White,<=5s vs <=5s,2028
uTPXqX6X,57,1-0,White,<=5s vs 5-10s,2424
49sC94Bf,66,0-1,Black,<=5s vs 5-10s,1822
gyisZKg5,94,0-1,Black,<=5s vs <=5s,2652
4zOcvYaj,95,1-0,White,<=5s vs 15-20s,2449
MPdNA4SB,61,0-1,White,<=5s vs <=5s,1746
HiYVPo68,115,1/2-1/2,White,<=5s vs 5-10s,1770
qcKske7c,115,0-1,White,<=5s vs <=5s,2324
daqtvSy3,85,1-0,White,<=5s vs 5-10s,2356
XZ22u1RU,52,0-1,Black,<=5s vs 5-10s,1624
hFqkYdWC,64,0-1,Black,<=5s vs 10-15s,1491
OWCjfHtH,81,1-0,White,<=5s vs 5-10s,1904
6RpaZHeg,91,0-1,White,<=5s vs 5-10s,1880
0RzJR6cD,75,0-1,White,<=5s vs <=5s,1633
LLxZGLou,110,0-1,Black,<=5s vs 15-20s,2396
BVDPWAmn,61,1-0,White,<=5s vs 5-10s,1358
Kb54dJ2u,105,0-1,White,<=5s vs 5-10s,1582
1MZn1cs3,49,1-0,White,<=5s vs 15-20s,1736
sYFq0Gkk,106,0-1,Black,<=5s vs 5-10s,2265
65yQn5ie,85,1-0,White,<=5s vs 5-10s,2273
G4BM1f5L,81,1-0,White,<=5s vs 5-10s,1364
1ZEqftfl,59,1-0,White,<=5s vs 15-20s,1349
Cm4uSiDb,83,1-0,White,<=5s vs 5-10s,2344
s3rg5iBO,119,1/2-1/2,White,<=5s vs 15-20s,2167
sRpzOSHK,85,1-0,White,<=5s vs 5-10s,1970
SFIkYKmT,76,1-0,Black,<=5s vs <=5s,2049
dPhTCJwn,82,0-1,Black,<=5s vs 15-20s,1344
8uTZcK0J,55,1-0,White,<=5s vs 15-20s,1506
dns6m2CF,48,0-1,Black,<=5s vs 10-15s,1491
2TFPVOvj,84,1-0,Black,<=5s vs 15-20s,2291
a3JYVatf,48,0-1,Black,<=5s vs <=5s,1100
P75UxqVE,68,0-1,Black,<=5s vs 10-15s,1614
6q6PmnwV,69,0-1,White,<=5s vs <=5s,1646
jHoy0yOm,87,1-0,White,<=5s vs 5-10s,1949
E9OKjsbI,89,1-0,White,<=5s vs 5-10s,2107
jCobUmgT,71,1-0,White,<=5s vs 10-15s,1669
3OahNIm1,62,0-1,Black,<=5s vs 5-10s,2236
nTFYwBhJ,62,0-1,Black,<=5s vs 15-20s,1258
RbqkM6ju,69,1-0,White,<=5s vs 5-10s,1435
pnSs6r9q,55,1-0,White,<=5s vs 15-20s,1582
vRwTgJBt,66,0-1,Black,<=5s vs <=5s,675
zMS3O3BV,68,0-1,Black,<=5s vs 15-20s,2017
rpaqisFt,79,1-0,White,<=5s vs 5-10s,1991
ITzL16Gk,76,0-1,Black,<=5s vs 5-10s,1506
oXpLiazO,90,1-0,Black,<=5s vs 10-15s,1932
dWVBo6rp,73,1-0,White,<=5s vs 5-10s,1633
5tosXfN1,51,1-0,White,<=5s vs 10-15s,880
ZN0dHSsH,62,0-1,Black,<=5s vs 5-10s,1614
kJPRfuI6,70,0-1,Black,<=5s vs 5-10s,1611
fg2kxfAQ,117,1/2-1/2,White,<=5s vs 10-15s,2258
pmJn9tiz,56,0-1,Black,<=5s vs 10-15s,1147
8EyWQOua,47,1-0,White,<=5s vs 5-10s,920
34Oquu0o,55,1-0,White,<=5s vs 15-20s,1499
SvtD9qs5,92,1/2-1/2,Black,<=5s vs 5-10s,1808
dx8svycb,118,0-1,Black,<=5s vs 5-10s,2901
DnjPy79n,54,0-1,Black,<=5s vs 15-20s,2053
5VN3BlW1,62,1-0,Black,<=5s vs 5-10s,1461
aHZfb9TU,83,1-0,White,<=5s vs 10-15s,1714
78GblrHe,73,1-0,White,<=5s vs 5-10s,2279
c8XWrFJ5,40,0-1,Black,<=5s vs 5-10s,1477
Zclk8fyP,61,0-1,White,<=5s vs <=5s,1875
ZcWpeGgg,70,1-0,Black,<=5s vs <=5s,1511
2SFfzyl2,113,0-1,White,<=5s vs 5-10s,1955
UvuWYZV9,66,0-1,Black,<=5s vs 5-10s,988
vASTnNjQ,70,0-1,Black,<=5s vs 10-15s,2652
DqD11XFR,47,1-0,White,<=5s vs 15-20s,793
00p3vCrp,73,1/2-1/2,White,<=5s vs 5-10s,2250
jkmtai1j,72,0-1,Black,<=5s vs 5-10s,1489
M766ttN0,78,1-0,Black,<=5s vs 5-10s,1373
e5QS9F2V,72,1-0,Black,<=5s vs <=5s,1664
zqs0GyC8,54,0-1,Black,<=5s vs 10-15s,1161
AT4FLvhr,100,0-1,Black,<=5s vs 15-20s,2135
DtXGfxNJ,65,1-0,White,<=5s vs 10-15s,1291
t2CYnesr,85,1-0,White,<=5s vs 15-20s,2111
QxBLbqtN,62,0-1,Black,<=5s vs 15-20s,2211
aA75cgse,102,1-0,Black,<=5s vs <=5s,2344
K0US6bu7,93,1-0,White,<=5s vs 10-15s,2107
s7fCVeHz,55,0-1,White,<=5s vs <=5s,1536
YemDzXux,50,0-1,Black,<=5s vs 10-15s,1577
UxB6sdna,72,0-1,Black,<=5s vs 10-15s,1575
HdtIffDJ,66,0-1,Black,<=5s vs 10-15s,1817
usYhkYWe,48,0-1,Black,<=5s vs <=5s,930
WlmRksh6,62,0-1,Black,<=5s vs 5-10s,1687
PBIH6Vih,52,0-1,Black,<=5s vs 10-15s,1150
lRcMDIkm,74,0-1,Black,<=5s vs <=5s,2117
pQ1hZ5Ig,74,1-0,Black,<=5s vs <=5s,2192
RAqozaaa,64,0-1,Black,<=5s vs <=5s,821
LaseFhr0,45,1-0,White,<=5s vs 15-20s,1646
6g7E93aJ,60,0-1,Black,<=5s vs 15-20s,1667
HJQxbDEX,78,1-0,Black,<=5s vs <=5s,2498
t4bb0HAY,57,0-1,White,<=5s vs 5-10s,1245
6mj090Mf,89,1-0,White,<=5s vs 10-15s,1965
6UhEUiKM,56,0-1,Black,<=5s vs 5-10s,1707
PYbyDPQf,64,0-1,Black,<=5s vs 5-10s,1808
XXBnZrRK,55,0-1,White,<=5s vs 5-10s,1666
6tG3YjUv,71,0-1,White,<=5s vs 10-15s,2359
3MTN1umX,45,1-0,White,<=5s vs 15-20s,1276
XevUpc9b,83,1-0,White,<=5s vs 5-10s,1646
BWMlFUoa,54,0-1,Black,<=5s vs 5-10s,1928
5ZhlAl2A,91,0-1,White,<=5s vs <=5s,1750
hGfANTjq,58,0-1,Black,<=5s vs 5-10s,1269
5X5bHvTU,80,1-0,Black,<=5s vs 10-15s,2151
iTjXFI37,60,0-1,Black,<=5s vs 10-15s,1365
YXOtupq1,127,1-0,White,<=5s vs 15-20s,2592
HGpPYLVt,60,0-1,Black,<=5s vs 15-20s,1695
m1AOeGig,155,1-0,White,<=5s vs 15-20s,1592
4hIvwdrU,108,0-1,Black,<=5s vs <=5s,2421
n31XTJes,77,1-0,White,<=5s vs 15-20s,2513
AJNWNCGm,80,0-1,Black,<=5s vs 5-10s,2006
hMTEMyOs,77,0-1,White,<=5s vs 10-15s,2776
xJowlxhZ,80,0-1,Black,<=5s vs <=5s,1791
g7yTW9ho,95,1-0,White,<=5s vs 5-10s,1680
Osdg8LLI,74,0-1,Black,<=5s vs <=5s,1382
yfh0gKDy,51,1-0,White,<=5s vs 5-10s,1438
0ux8Zw4P,55,1-0,White,<=5s vs 5-10s,2130
l75h8pPA,78,0-1,Black,<=5s vs 10-15s,2218
jUUpIu5T,56,0-1,Black,<=5s vs 15-20s,1584
chevGHqt,91,1-0,White,<=5s vs 5-10s,1676
BwGJKu7B,76,0-1,Black,<=5s vs 5-10s,2187
QJ9gPfk4,55,1-0,White,<=5s vs 5-10s,1032
WPKgSBaU,105,1-0,White,<=5s vs 15-20s,2288
PU0Lfu6c,101,1-0,White,<=5s vs 10-15s,1597
IKFoIRig,125,1-0,White,<=5s vs 5-10s,1938
LoBKNfDt,65,1-0,White,<=5s vs 10-15s,2114
OvrewSoL,84,1/2-1/2,Black,<=5s vs 5-10s,1882
Jbt3qwLD,118,1/2-1/2,Black,<=5s vs 5-10s,2169
C0A1b2DW,100,0-1,Black,<=5s vs 5-10s,2084
0tQ8iBZS,74,0-1,Black,<=5s vs <=5s,1762
G73QeIi4,76,1-0,Black,<=5s vs <=5s,1526
ufPJQxaH,40,0-1,Black,<=5s vs 15-20s,1297
wSRR88ej,58,0-1,Black,<=5s vs 15-20s,1664
UDt2AhUo,115,1-0,White,<=5s vs 15-20s,2070
Xy7VxOPg,83,1/2-1/2,White,<=5s vs 10-15s,969
fw0CQAE4,84,0-1,Black,<=5s vs 5-10s,2260
msRetJE4,59,1-0,White,<=5s vs 15-20s,2144
rToebFye,75,0-1,White,<=5s vs <=5s,2082
cn0ZPYU7,106,0-1,Black,<=5s vs 15-20s,1865
iRvzILa6,59,1-0,White,<=5s vs 5-10s,734
8HUmQgZk,83,1-0,White,<=5s vs 5-10s,2256
pUJkos02,76,0-1,Black,<=5s vs 5-10s,2017
FqWbwF66,108,1-0,Black,<=5s vs 5-10s,2116
v74cOcvc,87,1-0,White,<=5s vs 10-15s,2496
M6lR3Nv4,81,1-0,White,<=5s vs 15-20s,1763
xlLwhrKB,49,1-0,White,<=5s vs 10-15s,1457
sZAoASeX,61,1-0,White,<=5s vs 5-10s,1284
S0SjU8ox,52,1-0,Black,<=5s vs 15-20s,1706
kUziCYM1,80,0-1,Black,<=5s vs 15-20s,2154
OMTLZVoc,100,0-1,Black,<=5s vs 5-10s,2348
0wNbxJPv,70,0-1,Black,<=5s vs 5-10s,1991
5SQIHumw,72,0-1,Black,<=5s vs 5-10s,2444
8hyz83z5,75,1-0,White,<=5s vs 5-10s,2469
iBwucmt0,61,1-0,White,<=5s vs 15-20s,1336
AOedeRuf,69,1-0,White,<=5s vs 15-20s,1232
ldH6pTj3,76,0-1,Black,<=5s vs 15-20s,1743
K7JMuJ4z,54,1-0,Black,<=5s vs <=5s,1180
ZGqAuDW1,60,0-1,Black,<=5s vs 10-15s,1443
eFonmhqF,47,1-0,White,<=5s vs 15-20s,2306
fT21h5IN,70,0-1,Black,<=5s vs 5-10s,2053
RD0J7CId,131,1/2-1/2,White,<=5s vs 10-15s,2198
x17oSaBp,81,0-1,White,<=5s vs <=5s,2119
hA8yqTQT,69,1-0,White,<=5s vs 5-10s,1849
veDJRAx2,58,0-1,Black,<=5s vs 15-20s,1718
OvqfEznd,47,0-1,White,<=5s vs 10-15s,1572
lBdN7Kti,43,1-0,White,<=5s vs 15-20s,1859
obUsqwAs,86,1-0,Black,<=5s vs <=5s,1067
1lhh8Pwm,61,1-0,White,<=5s vs 5-10s,1610
F1G2uFPk,108,1-0,Black,<=5s vs <=5s,1461
5Q6GO0GQ,90,0-1,Black,<=5s vs <=5s,1962
4jwQCQYb,67,1-0,White,<=5s vs 10-15s,1179
e4NDiEE8,62,1-0,Black,<=5s vs 5-10s,1906
qY1t1Sp9,170,1/2-1/2,Black,<=5s vs 5-10s,2494
iwOuD245,45,1-0,White,<=5s vs 5-10s,990
XrL6LHNq,103,1-0,White,<=5s vs 5-10s,2369
MZO8ZcIF,47,1-0,White,<=5s vs 10-15s,1070
gBqvU1fq,89,1/2-1/2,White,<=5s vs 15-20s,2055
I9aTQHFS,79,1-0,White,<=5s vs 15-20s,1345
G0AE87K4,61,1-0,White,<=5s vs 10-15s,1939
TRDT53au,54,1-0,Black,<=5s vs <=5s,2109
bQDdDRZq,83,1-0,White,<=5s vs 15-20s,2054
EcKXWUC2,88,1-0,Black,<=5s vs 10-15s,2150
Hu8UKyWf,81,1-0,White,<=5s vs 5-10s,1840
nurh4fKQ,75,1-0,White,<=5s vs 10-15s,2283
HgEhGhRD,70,0-1,Black,<=5s vs <=5s,1933
hZSp0GAf,60,0-1,Black,<=5s vs 10-15s,1520
r4NFKAJp,64,0-1,Black,<=5s vs 15-20s,2002
asbyvdzN,75,1-0,White,<=5s vs 10-15s,2296
E7PZHQzp,66,1/2-1/2,Black,<=5s vs <=5s,1886
KNkbr4xc,137,1-0,White,<=5s vs 5-10s,1468
2ReKE1M2,98,1-0,Black,<=5s vs 10-15s,1460
8jhcHSb4,85,0-1,White,<=5s vs 5-10s,1498
75vyasfc,94,0-1,Black,<=5s vs 15-20s,2251
zzSo7LHC,62,0-1,Black,<=5s vs 5-10s,1262
0m1S9rpu,95,0-1,White,<=5s vs <=5s,1726
DtA8nMNv,44,0-1,Black,<=5s vs 15-20s,1385
sT9fMl5N,135,1-0,White,<=5s vs 10-15s,2763
yoY44Fsx,72,0-1,Black,<=5s vs 10-15s,2171
Wwgy8H0Q,54,1-0,Black,<=5s vs 10-15s,1340
mCmbbVRe,82,0-1,Black,<=5s vs 5-10s,1592
jT6T5APQ,57,1-0,White,<=5s vs 5-10s,878
fbs5n16b,71,0-1,White,<=5s vs 10-15s,1664
zQoSfk8e,101,1-0,White,<=5s vs 10-15s,2335
H7UG34xF,144,1/2-1/2,Black,<=5s vs <=5s,2441
EEKHekzq,97,1/2-1/2,White,<=5s vs 5-10s,2587
evmma959,39,1-0,White,<=5s vs 15-20s,1012
HnQsZV14,48,0-1,Black,<=5s vs 15-20s,871
JEJap4UN,117,1-0,White,<=5s vs 5-10s,2632
8HDphG70,84,0-1,Black,<=5s vs 10-15s,2539
VYB4MUH9,81,0-1,White,<=5s vs <=5s,2105
YLGknKx8,74,0-1,Black,<=5s vs 5-10s,2278
4Av6Sr2b,93,1-0,White,<=5s vs 5-10s,2270
GSXdA06K,68,0-1,Black,<=5s vs 10-15s,1303
0Js4lgdV,43,1-0,White,<=5s vs 15-20s,953
U6I0ThtI,94,0-1,Black,<=5s vs 5-10s,2145
P2Zu8OLy,66,0-1,Black,<=5s vs 10-15s,1798
kg9oy5m1,133,0-1,White,<=5s vs <=5s,2229
Gjwo0qr7,110,1-0,Black,<=5s vs <=5s,2191
ZZAx5rik,82,0-1,Black,<=5s vs 5-10s,2321
6Hu2Cotn,58,0-1,Black,<=5s vs 10-15s,1709
A5C34O6Z,77,1-0,White,<=5s vs 5-10s,1526
NUNmp9nj,74,1/2-1/2,Black,<=5s vs <=5s,2182
oP0dxOFp,55,1-0,White,<=5s vs 15-20s,1898
2t2ZdlLn,109,1-0,White,<=5s vs 10-15s,1952
ozOgXLGq,55,1-0,White,<=5s vs 10-15s,1888
6ARUJSrx,64,0-1,Black,<=5s vs 15-20s,1158
7H2dta37,49,0-1,White,<=5s vs 10-15s,1118
XmtYDwb2,112,0-1,Black,<=5s vs 10-15s,2525
yafQTlEh,96,0-1,Black,<=5s vs <=5s,2492
4fXA1tDP,54,1-0,Black,<=5s vs 10-15s,645
3zrOIa7g,76,1-0,Black,<=5s vs 10-15s,2693
lAqNge3t,79,1-0,White,<=5s vs 10-15s,1702
iJXULr8y,77,1-0,White,<=5s vs 10-15s,1930
u5NfDaIG,57,1-0,White,<=5s vs 10-15s,1749
Pa0IPk8a,57,1-0,White,<=5s vs 10-15s,1721
ESI98uNv,56,0-1,Black,<=5s vs 10-15s,2504
2TBJJEoq,64,0-1,Black,<=5s vs 5-10s,1314
7ccNp6Uq,65,1-0,White,<=5s vs 15-20s,1752
LL3gS47l,173,0-1,White,<=5s vs 5-10s,1835
qG6FuYib,57,0-1,White,<=5s vs 5-10s,1976
haETy4FR,105,0-1,White,<=5s vs 15-20s,2137
Td6BMMTs,91,1-0,White,<=5s vs 15-20s,1962
ujjQ3h0v,60,0-1,Black,<=5s vs 10-15s,1319
6YU12xNm,97,1/2-1/2,White,<=5s vs 10-15s,2660
beXcNt5L,91,1-0,White,<=5s vs 10-15s,2406
8ECfdBFu,69,0-1,White,<=5s vs 5-10s,1993
S61Zvt7d,100,0-1,Black,<=5s vs 5-10s,2647
lnA24HBs,98,0-1,Black,<=5s vs 10-15s,2331
PDugOeYf,56,1-0,Black,<=5s vs 10-15s,1589
UTRtp33y,85,1-0,White,<=5s vs 15-20s,2434
eRFccFFO,120,1-0,Black,<=5s vs <=5s,1803
DqeNYNz5,51,1-0,White,<=5s vs 15-20s,1382
DLWUA21V,82,0-1,Black,<=5s vs 10-15s,1824
EWDRjJej,66,0-1,Black,<=5s vs <=5s,1264
XWlgYsjg,44,0-1,Black,<=5s vs 15-20s,1209
8yDobZh4,72,0-1,Black,<=5s vs 10-15s,1680
DBgG86GB,67,0-1,White,<=5s vs 10-15s,1097
KKNETRwC,174,1-0,Black,<=5s vs <=5s,2351
9nszbnUq,61,1-0,White,<=5s vs 10-15s,1543
MYcooFq7,94,1/2-1/2,Black,<=5s vs 5-10s,2108
1nOJbW0c,91,1-0,White,<=5s vs 10-15s,2437
BZ7D6JGU,56,0-1,Black,<=5s vs 10-15s,2032
gGpY0BSp,74,0-1,Black,<=5s vs 15-20s,2296
G6k3WPoA,88,0-1,Black,<=5s vs 15-20s,1099
fNP5gOBP,60,0-1,Black,<=5s vs 10-15s,1706
M9VJgxyH,83,0-1,White,<=5s vs <=5s,1780
Fp0xeony,76,0-1,Black,<=5s vs 10-15s,1868
5qVYtPUT,73,1-0,White,<=5s vs 5-10s,2227
Ipp2wknY,67,1-0,White,<=5s vs 5-10s,2509
qeUUI4lK,87,1-0,White,<=5s vs 5-10s,2383
XBBLSsIT,81,0-1,White,<=5s vs 5-10s,1450
Vu1k2Df2,92,1-0,Black,<=5s vs 5-10s,1563
6pyaOyjH,97,1-0,White,<=5s vs 5-10s,1897
CXshPZG2,86,0-1,Black,<=5s vs <=5s,1290
AFvUtOAP,75,1-0,White,<=5s vs 10-15s,1959
V7Xgnw0I,103,1-0,White,<=5s vs 15-20s,2142
xbfHoaQX,74,1-0,Black,<=5s vs <=5s,2738
agnGw5Ly,54,0-1,Black,<=5s vs <=5s,1019
2uhHHP9W,66,0-1,Black,<=5s vs 5-10s,1763
9TD6ZT9U,108,0-1,Black,<=5s vs 5-10s,2698
pX9mpmO2,119,1/2-1/2,White,<=5s vs <=5s,2430
oKfOXwnL,61,1-0,White,<=5s vs 10-15s,2011
0aPr5F8l,119,1/2-1/2,White,<=5s vs 5-10s,2784
MUjAyNHM,53,0-1,White,<=5s vs 10-15s,1731
eZQZJPLp,29,1-0,White,<=5s vs 15-20s,967
VVU6vQ2v,124,0-1,Black,<=5s vs 15-20s,1489
Q032Zsf1,63,1-0,White,<=5s vs 15-20s,2246
6PIBz1CX,128,1/2-1/2,Black,<=5s vs 5-10s,2698
7KC4OnGK,60,0-1,Black,<=5s vs 15-20s,2157
L2HC07w3,43,1-0,White,<=5s vs 10-15s,782
l2HMYuMI,65,1-0,White,<=5s vs 5-10s,1838
Q8HhibeU,42,0-1,Black,<=5s vs 15-20s,1321
h0Nb56U4,165,1/2-1/2,White,<=5s vs 5-10s,2549
5i0B9b5p,66,0-1,Black,<=5s vs 10-15s,2328
TbHQ0xLb,52,0-1,Black,<=5s vs 5-10s,1488
oxV8h0IT,137,1-0,White,<=5s vs 15-20s,2316
ADUx3clU,126,1/2-1/2,Black,<=5s vs <=5s,2825
LpFfLdx4,70,1-0,Black,<=5s vs 15-20s,2074
QASvNuIO,31,1-0,White,<=5s vs 15-20s,1601
hnqiQ35D,56,1-0,Black,<=5s vs <=5s,1546
9subJOQg,56,0-1,Black,<=5s vs 15-20s,1626
r4sqFuIC,62,0-1,Black,<=5s vs 5-10s,1380
934Upync,77,1-0,White,<=5s vs 10-15s,1321
S9kAmg9A,59,1-0,White,<=5s vs 5-10s,2238
meR0UPmy,56,0-1,Black,<=5s vs 5-10s,2061
WSuhF90r,43,1-0,White,<=5s vs 5-10s,863
MPTwcJ0G,77,1-0,White,<=5s vs 5-10s,1877
O6o7MXXR,64,0-1,Black,<=5s vs 10-15s,1341
PE8w27OU,84,0-1,Black,<=5s vs 10-15s,1904
jHvAz0cA,77,1-0,White,<=5s vs 5-10s,1646
1Kok3BSq,44,0-1,Black,<=5s vs 5-10s,1457
g0nnYpm6,55,0-1,White,<=5s vs 5-10s,1446
bp1m4Q1A,64,0-1,Black,<=5s vs 10-15s,1469
xe3XPVjZ,64,1-0,Black,<=5s vs 5-10s,781
w0EVWrpG,120,1-0,Black,<=5s vs 5-10s,2274
OAVlIsK5,59,1-0,White,<=5s vs 15-20s,1607
0qNb0kA6,124,0-1,Black,<=5s vs 5-10s,2029
P1p9nh4E,105,1-0,White,<=5s vs 15-20s,1812
19DhT3ag,75,1-0,White,<=5s vs 5-10s,2307
YeHrmqpt,53,1-0,White,<=5s vs 15-20s,2492
YbkvrNBN,56,0-1,Black,<=5s vs <=5s,1160
SDwuXJ4I,78,0-1,Black,<=5s vs 10-15s,2331
wqV837Wg,50,0-1,Black,<=5s vs 15-20s,1430
FE7nxeZm,66,0-1,Black,<=5s vs 5-10s,2270
h5JGzs7K,75,0-1,White,<=5s vs 15-20s,1813
A6Je9gmD,110,0-1,Black,<=5s vs 5-10s,2030
xth2lofh,63,1-0,White,<=5s vs 15-20s,1896
DniSQb0H,60,0-1,Black,<=5s vs 15-20s,2186
vPR285h9,54,0-1,Black,<=5s vs 15-20s,1410
BGD6Ia66,92,0-1,Black,<=5s vs 10-15s,2176
aO9LkJMB,86,0-1,Black,<=5s vs 5-10s,2595
mBw2Omxo,81,0-1,White,<=5s vs <=5s,1427
OrNDqe3C,160,1/2-1/2,Black,<=5s vs 5-10s,2494
P0K1qrbc,60,0-1,Black,<=5s vs 10-15s,1587
hHvoTzGY,60,1-0,Black,<=5s vs <=5s,1853
mMDO1RKl,48,1-0,Black,<=5s vs <=5s,1480
Xih8v3ta,127,1/2-1/2,White,<=5s vs 15-20s,2006
YJ4SROjr,46,0-1,Black,<=5s vs 15-20s,1563
5KIGtY8t,84,0-1,Black,<=5s vs 10-15s,1820
R6V8Ejhc,62,0-1,Black,<=5s vs 15-20s,2270
bJOF6BUF,72,0-1,Black,<=5s vs 5-10s,2904
g7GpiMRB,56,0-1,Black,<=5s vs 15-20s,2313
l0CmAQ0e,88,0-1,Black,<=5s vs 10-15s,2415
tBt2O96n,81,1-0,White,<=5s vs 15-20s,1319
HowkeMw2,52,0-1,Black,<=5s vs 10-15s,1182
zg6iJJ3f,120,1/2-1/2,Black,<=5s vs <=5s,2484
bW77tnue,61,1-0,White,<=5s vs 15-20s,2014
FqYO9qZx,57,1-0,White,<=5s vs 15-20s,1878
6Elaaynb,66,0-1,Black,<=5s vs 15-20s,1507
A3opOXTs,89,1-0,White,<=5s vs 15-20s,1936
Isq9INb3,63,1-0,White,<=5s vs 10-15s,1807
XGPDJrXX,57,1-0,White,<=5s vs 5-10s,1903
AJeBhU0S,116,0-1,Black,<=5s vs 10-15s,1706
1LDRBiOt,90,0-1,Black,<=5s vs 5-10s,2374
UFa5fMrv,86,0-1,Black,<=5s vs 10-15s,1287
xyT15oca,105,1-0,White,<=5s vs 5-10s,2182
B1BB8Qb7,115,1-0,White,<=5s vs <=5s,2300
9RyiRlgC,67,1-0,White,<=5s vs 10-15s,1989
PwmZS5UI,73,1-0,White,<=5s vs 10-15s,2217
FF4choap,73,1-0,White,<=5s vs 10-15s,1230
HFc32xkS,58,0-1,Black,<=5s vs 15-20s,1746
ZNatlxc6,50,0-1,Black,<=5s vs 5-10s,955
JHaO6odI,68,0-1,Black,<=5s vs 10-15s,1341
0oGcDQTy,69,1-0,White,<=5s vs 5-10s,1394
tCQPMYyS,86,1-0,Black,<=5s vs 5-10s,1925
4DGgIyxE,66,1-0,Black,<=5s vs <=5s,1798
2dSyt1q0,69,1-0,White,<=5s vs 5-10s,1884
zkHXlOhO,88,1-0,Black,<=5s vs <=5s,1896
LhhvcQxU,125,1-0,White,<=5s vs <=5s,2649
cPGHGLxM,37,1-0,White,<=5s vs 15-20s,1038
LiwXeVPJ,49,1-0,White,<=5s vs 5-10s,633
B9V9eHFj,63,1-0,White,<=5s vs 15-20s,1824
wetps5ye,99,1-0,White,<=5s vs 5-10s,1568
B8XTXYvp,38,0-1,Black,<=5s vs 5-10s,1015
4TRL8pFK,77,1-0,White,<=5s vs 15-20s,2358
ES4taiQD,69,1-0,White,<=5s vs 10-15s,2388
tPPTNWEw,106,1-0,Black,<=5s vs <=5s,2081
CtQqZc9I,51,1-0,White,<=5s vs 15-20s,1811
YjrC4EzZ,91,1/2-1/2,White,<=5s vs 10-15s,2288
X143MjJF,98,0-1,Black,<=5s vs 5-10s,1787
Z9Aj2Ql9,103,1/2-1/2,White,<=5s vs 10-15s,2698
IJlMzvxJ,89,1-0,White,<=5s vs 10-15s,1283
VVBWqLmv,74,1-0,Black,<=5s vs <=5s,2243
lKetxucW,81,1-0,White,<=5s vs 10-15s,2164
Ba23vVxO,73,1-0,White,<=5s vs 15-20s,1477
bAhjbaO4,56,0-1,Black,<=5s vs 15-20s,975
xs4lZCJ4,87,1-0,White,<=5s vs 5-10s,2821
5mZa5Ffn,57,1-0,White,<=5s vs 5-10s,1358
1r2vfa4P,89,0-1,White,<=5s vs 10-15s,2035
dHU1wOSy,56,0-1,Black,<=5s vs 15-20s,1486
6KMyvGUj,61,1-0,White,<=5s vs 10-15s,1107
vjDcmNeW,87,1-0,White,<=5s vs 5-10s,1734
GvdR4Vv9,132,1/2-1/2,Black,<=5s vs 10-15s,1483
H07hJVZk,77,1-0,White,<=5s vs 10-15s,1622
N7FLn71h,93,0-1,White,<=5s vs 10-15s,2679
nFq6HyNb,107,1-0,White,<=5s vs 15-20s,1855
5FKZ9pAv,48,0-1,Black,<=5s vs 10-15s,1679
anZHPOuC,58,0-1,Black,<=5s vs 15-20s,2090
9vGvm4XU,91,1-0,White,<=5s vs 5-10s,2518
Q73zlj0M,57,1-0,White,<=5s vs 10-15s,1215
5TFBn2e8,96,0-1,Black,<=5s vs 10-15s,2440
Y83NofnW,68,0-1,Black,<=5s vs 15-20s,1655
bXUhZlLt,78,0-1,Black,<=5s vs 15-20s,950
EyMhr1GZ,90,0-1,Black,<=5s vs 10-15s,2608
InbbbsMW,103,1-0,White,<=5s vs 5-10s,2364
5qdKsEcc,80,0-1,Black,<=5s vs 10-15s,1868
dT8560xr,72,0-1,Black,<=5s vs 5-10s,1799
UTrKjOIK,62,0-1,Black,<=5s vs 15-20s,2199
Xj2hwk9A,97,1-0,White,<=5s vs 10-15s,2180
pgymL4Nm,81,1-0,White,<=5s vs 10-15s,1656
aqjHxbF2,55,1-0,White,<=5s vs 15-20s,1630
KXuefvW9,104,0-1,Black,<=5s vs 10-15s,2267
LDLffLry,92,0-1,Black,<=5s vs 5-10s,2835
wiD4Va2L,53,1-0,White,<=5s vs 5-10s,1111
NZvFL8gi,106,1-0,Black,<=5s vs 5-10s,2155
5coPH2Oc,104,0-1,Black,<=5s vs 10-15s,2743
iHbHV9Vj,81,1-0,White,<=5s vs 5-10s,1625
4L2gHK0O,77,0-1,White,<=5s vs 15-20s,2107
KsRTO97w,56,0-1,Black,<=5s vs 5-10s,1595
CRKnoAF1,86,1-0,Black,<=5s vs 5-10s,2314
ab7WYSd4,53,1-0,White,<=5s vs 15-20s,1144
JUitugx6,84,0-1,Black,<=5s vs 15-20s,1869
ezaOUgzg,56,0-1,Black,<=5s vs 15-20s,1383
IxO967nU,112,0-1,Black,<=5s vs 10-15s,2617
HXRaJr09,53,1-0,White,<=5s vs 15-20s,2049
0nhfx4OZ,58,0-1,Black,<=5s vs 10-15s,1326
s5Cn9ym5,109,1-0,White,<=5s vs 5-10s,2489
XXJkJki8,51,1-0,White,<=5s vs 5-10s,1074
haSBbGYY,69,1-0,White,<=5s vs 15-20s,1332
duXntxJ8,49,1-0,White,<=5s vs 10-15s,1276
Ru9mZkBA,116,0-1,Black,<=5s vs 10-15s,1876
99bc9ePy,64,0-1,Black,<=5s vs 10-15s,1529
Qv648Ry0,85,1-0,White,<=5s vs 15-20s,1441
3QVRJNEh,77,1/2-1/2,White,<=5s vs 10-15s,1945
cOQlp38v,94,0-1,Black,<=5s vs 5-10s,2012
mTGd3Vhh,118,0-1,Black,<=5s vs 15-20s,2282
NB4Avoki,56,0-1,Black,<=5s vs 5-10s,1365
QQCwR1oK,61,1-0,White,<=5s vs 15-20s,1982
vMsbtGbv,122,0-1,Black,<=5s vs <=5s,2346
HSF30upC,65,0-1,White,<=5s vs 10-15s,1543
HDfJuU03,61,1-0,White,<=5s vs 10-15s,2193
L0j9mgRC,127,0-1,White,<=5s vs 15-20s,1670
iUigk0ih,103,1-0,White,<=5s vs 10-15s,1468
Sk3ml3vW,78,0-1,Black,<=5s vs 15-20s,2290
fGRMZHeg,76,0-1,Black,<=5s vs 10-15s,1897
RMyEslsI,48,0-1,Black,<=5s vs 15-20s,1084
0YgV38se,61,1-0,White,<=5s vs 15-20s,1903
AdRRwd8W,41,0-1,White,<=5s vs 5-10s,1264
TbU6Xjsq,67,1-0,White,<=5s vs 5-10s,2248
1v3nEaPK,85,1-0,White,<=5s vs 15-20s,2127
OaqLs80H,76,0-1,Black,<=5s vs 15-20s,2012
HKqFb8sl,60,0-1,Black,<=5s vs 15-20s,1397
NlanuZz3,59,1-0,White,<=5s vs 15-20s,1606
EQfXOfYJ,72,0-1,Black,<=5s vs <=5s,2290
Iur9ZDn8,65,0-1,White,<=5s vs 5-10s,1954
AADaFauF,98,1/2-1/2,Black,<=5s vs 5-10s,2634
BcSOsJP6,89,0-1,White,<=5s vs <=5s,1769
BPI355Mo,108,0-1,Black,<=5s vs <=5s,1839
eov3SKiA,68,1-0,Black,<=5s vs 5-10s,1954
O7U3jJPy,62,0-1,Black,<=5s vs 5-10s,1184
9IcFjo3L,130,0-1,Black,<=5s vs <=5s,2436
1F5F4oBH,73,1-0,White,<=5s vs 15-20s,1566
BmPLqO9M,58,0-1,Black,<=5s vs 5-10s,1765
pfGrKW91,40,0-1,Black,<=5s vs 5-10s,1388
CdpE4pqG,61,1-0,White,<=5s vs 5-10s,1871
cmuqa1Aw,66,0-1,Black,<=5s vs 5-10s,1843
1oSIkXAD,50,0-1,Black,<=5s vs <=5s,1363
LCRjZT2p,88,0-1,Black,<=5s vs 10-15s,2086
cV7AAhMp,49,1-0,White,<=5s vs <=5s,990
87R2MpRd,69,1-0,White,<=5s vs 15-20s,1735
acREedX1,45,1-0,White,<=5s vs 5-10s,1308
Ocz7xZzU,66,0-1,Black,<=5s vs 10-15s,1509
VlKaqLUt,85,1-0,White,<=5s vs 5-10s,2395
AhBJRBtJ,57,1-0,White,<=5s vs 10-15s,1778
sR0cihLW,80,0-1,Black,<=5s vs 15-20s,2299
4ofejd5r,76,0-1,Black,<=5s vs 10-15s,890
MytGDnqG,58,0-1,Black,<=5s vs 5-10s,1927
KsS7yxev,47,1-0,White,<=5s vs <=5s,812
HysZuOqC,67,1-0,White,<=5s vs 5-10s,2278
sizcb8PA,75,1-0,White,<=5s vs 5-10s,2434
LHLWwHBy,63,1-0,White,<=5s vs 15-20s,1317
IGiK1eAW,85,0-1,White,<=5s vs 5-10s,2478
LUISvoVE,82,0-1,Black,<=5s vs <=5s,1670
yJgZIdbJ,71,1-0,White,<=5s vs 10-15s,1409
hpNtqKAi,54,0-1,Black,<=5s vs 5-10s,976
r44mNPEk,56,0-1,Black,<=5s vs 10-15s,1625
5lF0A2Im,141,1-0,White,<=5s vs 15-20s,2416
HOf7vo5U,42,1-0,Black,<=5s vs <=5s,1320
SxGoXLLQ,123,1-0,White,<=5s vs 10-15s,1630
TFoxasyA,71,1-0,White,<=5s vs 10-15s,1341
Z2qQC7Ad,81,1-0,White,<=5s vs 5-10s,1933
kML3dhUp,103,1-0,White,<=5s vs 10-15s,2422
HPXCrbXl,109,0-1,White,<=5s vs <=5s,2512
clZGIV0c,58,0-1,Black,<=5s vs 10-15s,2473
K1Wj26Sr,63,1-0,White,<=5s vs 15-20s,1576
cgRZbsPb,58,0-1,Black,<=5s vs 10-15s,1537
YVwtYFYy,77,1-0,White,<=5s vs 5-10s,1575
K8p7EWo6,88,0-1,Black,<=5s vs <=5s,1686
1DjQCs7B,74,0-1,Black,<=5s vs 5-10s,1544
Vr5EqLTa,47,1-0,White,<=5s vs 15-20s,1565
2NM7Oo70,64,0-1,Black,<=5s vs 10-15s,1142
d0UEndyu,84,1-0,Black,<=5s vs 5-10s,2149
95TGpUf6,93,1-0,White,<=5s vs 5-10s,1910
PjjzgUKF,69,1-0,White,<=5s vs 5-10s,1579
jobjYkQ9,55,1-0,White,<=5s vs 5-10s,1325
ytIyeICw,106,0-1,Black,<=5s vs 10-15s,2274
1VUinxbP,55,1-0,White,<=5s vs 15-20s,1267
DupuwWnc,63,1-0,White,<=5s vs 15-20s,1937
IGNSET6y,100,1/2-1/2,Black,<=5s vs 5-10s,2197
GpndHKvx,58,0-1,Black,<=5s vs 15-20s,2023
C22EMVb0,76,0-1,Black,<=5s vs 5-10s,2400
OiBi46wY,129,1-0,White,<=5s vs 10-15s,2659
eMr6ghqW,61,1-0,White,<=5s vs 5-10s,1896
PeH6qFkW,67,0-1,White,<=5s vs 5-10s,2359
IYV8DwOc,48,0-1,Black,<=5s vs 15-20s,1650
4zdWzPnq,107,1/2-1/2,White,<=5s vs 10-15s,2023
1ltjfakC,96,1-0,Black,<=5s vs 10-15s,2294
nTU72j7g,60,0-1,Black,<=5s vs 5-10s,1429
fnMPqV2V,83,1-0,White,<=5s vs 5-10s,2550
KoorXUaj,73,1-0,White,<=5s vs 15-20s,1566
oc9PPAZD,78,0-1,Black,<=5s vs 10-15s,1629
zApTkmjb,70,0-1,Black,<=5s vs 15-20s,2163
ya0pfko0,143,1-0,White,<=5s vs <=5s,1856
CwEunJvW,106,0-1,Black,<=5s vs 5-10s,2490
UF0E5kqa,96,0-1,Black,<=5s vs 5-10s,1809
1BKAAykr,68,0-1,Black,<=5s vs 10-15s,1894
GhKM3o7X,77,1-0,White,<=5s vs 15-20s,1918
lpF8Iig4,81,0-1,White,<=5s vs <=5s,2566
2AVYhQpO,80,0-1,Black,<=5s vs 5-10s,2106
OzPhHm9V,62,0-1,Black,<=5s vs 10-15s,2028
2kFRPeFf,61,1-0,White,<=5s vs 15-20s,1013
jl7mzP4x,59,0-1,White,<=5s vs 5-10s,1786
F2YnBhgc,66,0-1,Black,<=5s vs 15-20s,1396
8ckd0A1s,56,0-1,Black,<=5s vs 15-20s,1507
ZCDiTUxj,96,0-1,Black,<=5s vs 15-20s,1132
1JqcMQzZ,91,1/2-1/2,White,<=5s vs 5-10s,2488
S8PMJ64g,83,0-1,White,<=5s vs 5-10s,2417
n12AQC5E,120,1/2-1/2,Black,<=5s vs <=5s,2815
0RckQLch,108,0-1,Black,<=5s vs 10-15s,1645
O4pMAVv9,118,1/2-1/2,Black,<=5s vs <=5s,865
Cmq5gtwI,119,1-0,White,<=5s vs 5-10s,1406
uuY4yW7s,82,0-1,Black,<=5s vs 10-15s,1749
0sH5UYf5,82,0-1,Black,<=5s vs 10-15s,2332
8ZU3eo7A,68,1-0,Black,<=5s vs <=5s,1416
gzNiVoj0,63,1-0,White,<=5s vs 15-20s,1315
PBnrPhvt,62,0-1,Black,<=5s vs 15-20s,1510
IGNHJ3NI,87,1-0,White,<=5s vs 15-20s,2456
QhXBkPVD,70,0-1,Black,<=5s vs 15-20s,1765
RyiRJ2fy,61,1-0,White,<=5s vs <=5s,1299
C3AadrEN,84,0-1,Black,<=5s vs 5-10s,1898
PhXNYioZ,79,1-0,White,<=5s vs 10-15s,2063
KXc1Hj1P,71,1-0,White,<=5s vs <=5s,1252
JYAvdAOY,89,1-0,White,<=5s vs 5-10s,1801
ebEtGtha,81,1-0,White,<=5s vs 10-15s,2217
MRAgBlXb,98,1/2-1/2,Black,<=5s vs 15-20s,2317
RlWlkbXb,74,0-1,Black,<=5s vs 5-10s,1263
3aMuT6Uj,67,1-0,White,<=5s vs 10-15s,2107
9DYsfzer,40,0-1,Black,<=5s vs 15-20s,1387
xFm8C77t,56,0-1,Black,<=5s vs <=5s,1036
GBi1KwvA,70,0-1,Black,<=5s vs 5-10s,2134
XYz40I8y,88,0-1,Black,<=5s vs 5-10s,2138
bYGESNei,80,0-1,Black,<=5s vs 15-20s,1472
AAqdz8Gv,72,1-0,Black,<=5s vs 5-10s,1880
PqPrLAMn,111,1-0,White,<=5s vs 15-20s,1946
JTqJpE0M,65,1-0,White,<=5s vs 15-20s,1899
cxeNK6wm,81,1-0,White,<=5s vs 5-10s,1392
QXhVprCx,89,0-1,White,<=5s vs <=5s,2176
azZ3cse3,63,1-0,White,<=5s vs 15-20s,2713
Pp68NGCn,69,0-1,White,<=5s vs <=5s,1499
70TM4Kj7,128,1/2-1/2,Black,<=5s vs 5-10s,1597
baVAJtfC,87,1-0,White,<=5s vs 15-20s,1438
b4AWZdah,65,1-0,White,<=5s vs 10-15s,2108
9CqavLib,64,0-1,Black,<=5s vs 10-15s,1655
PtP5DIM5,56,1-0,Black,<=5s vs 10-15s,1153
iqvXwn7k,102,0-1,Black,<=5s vs 15-20s,2757
jqsOGIgg,60,0-1,Black,<=5s vs 5-10s,722
SL1gT4dM,63,1-0,White,<=5s vs 15-20s,2117
9Hhqr9jE,61,1-0,White,<=5s vs 10-15s,1486
HcFWi0J6,69,1-0,White,<=5s vs 15-20s,1684
aBwt9B8z,59,1-0,White,<=5s vs 5-10s,1800
nqvcZz1W,135,1-0,White,<=5s vs <=5s,2455
iyhdcLN1,70,1-0,Black,<=5s vs 5-10s,1817
vE35zEYg,65,1/2-1/2,White,<=5s vs 10-15s,1735
CkJGcpHt,63,0-1,White,<=5s vs <=5s,1382
b8RkHLWx,93,1-0,White,<=5s vs 5-10s,2316
zrTS1Rqw,68,0-1,Black,<=5s vs 5-10s,2062
T4O6Nhfb,79,1-0,White,<=5s vs 15-20s,1608
GvR6Lrtg,83,1-0,White,<=5s vs 5-10s,1981
9gnqvXso,68,1-0,Black,<=5s vs <=5s,2208
h8sfd0ep,49,1-0,White,<=5s vs 15-20s,1195
LBV4BtfJ,63,1-0,White,<=5s vs 15-20s,1545
rxq4CrFW,71,1-0,White,<=5s vs 15-20s,1727
xM3C7uij,86,0-1,Black,<=5s vs 10-15s,1921
puKK1HO8,89,1-0,White,<=5s vs 5-10s,2211
qesHV06a,108,0-1,Black,<=5s vs 5-10s,2275
Ra6DOpeg,90,0-1,Black,<=5s vs 15-20s,2243
aue6TwAv,77,1-0,White,<=5s vs 5-10s,2517
WQ5UokVF,82,0-1,Black,<=5s vs 10-15s,2079
yMvN51ga,58,0-1,Black,<=5s vs 10-15s,2199
akPlS7ph,61,1-0,White,<=5s vs 10-15s,1729
L8RMvubo,75,1-0,White,<=5s vs <=5s,1816
NYtDufnb,76,0-1,Black,<=5s vs 5-10s,1497
7Swog9Rt,106,1-0,Black,<=5s vs 5-10s,2385
ZVsfhFdt,107,1-0,White,<=5s vs 10-15s,2584
ie0XtI2Q,64,1-0,Black,<=5s vs <=5s,1399
wDWJo6E8,69,1-0,White,<=5s vs <=5s,1147
4ijgsLid,131,1-0,White,<=5s vs 15-20s,1920
r9qIIMbb,77,1-0,White,<=5s vs 15-20s,2197
NNoLMwaB,66,0-1,Black,<=5s vs <=5s,1314
9bwl2NDK,60,0-1,Black,<=5s vs 5-10s,1544
DSLVbmdh,58,0-1,Black,<=5s vs 5-10s,1306
IvLJJyMu,50,0-1,Black,<=5s vs 15-20s,2330
ohSBteCA,47,0-1,White,<=5s vs 5-10s,932
6QHsA9lv,55,1-0,White,<=5s vs 10-15s,2197
05qs6D8o,70,0-1,Black,<=5s vs 10-15s,2509
KRGHwCsZ,61,1-0,White,<=5s vs 15-20s,1186
2W7xnMPk,90,0-1,Black,<=5s vs <=5s,2704
iC24Nvvh,64,0-1,Black,<=5s vs 5-10s,1140
dohvV1OZ,63,1-0,White,<=5s vs 15-20s,2181
oXBcclNH,89,1-0,White,<=5s vs 10-15s,1951
WD6JCrXu,42,1-0,Black,<=5s vs 5-10s,980
G4TkluqA,76,0-1,Black,<=5s vs 15-20s,1861
1glHGSS9,49,0-1,White,<=5s vs 5-10s,1641
99bYdA74,58,0-1,Black,<=5s vs <=5s,2026
NaBjsDQz,67,0-1,White,<=5s vs 5-10s,1365
8iaznJW7,72,0-1,Black,<=5s vs 10-15s,1690
y16OdSQq,78,1-0,Black,<=5s vs 5-10s,1950
R69xn182,74,0-1,Black,<=5s vs 10-15s,1962
38PT8DpO,87,1-0,White,<=5s vs 5-10s,2107
xOVPQ4xI,101,1-0,White,<=5s vs 15-20s,1993
VLr2V3nC,46,0-1,Black,<=5s vs 15-20s,1245
iIh9zff9,120,0-1,Black,<=5s vs 15-20s,2641
60IZS1r9,94,1/2-1/2,Black,<=5s vs <=5s,2005
iIoFutJY,83,0-1,White,<=5s vs 5-10s,1255
OYiMyZVj,74,0-1,Black,<=5s vs <=5s,2298
gIUng0Lc,47,1-0,White,<=5s vs 5-10s,2130
SfsaaJnm,38,0-1,Black,<=5s vs 15-20s,1233
ZK4wuJRb,72,0-1,Black,<=5s vs 5-10s,1607
29gwPaxY,87,1-0,White,<=5s vs 5-10s,1936
dsp3jYzJ,53,1-0,White,<=5s vs 10-15s,1577
zdRJQURT,74,1-0,Black,<=5s vs <=5s,1373
gxCoPExz,44,0-1,Black,<=5s vs 10-15s,671
F2mZVXRV,96,0-1,Black,<=5s vs 5-10s,2395
unCXlW4T,99,1-0,White,<=5s vs 5-10s,2481
eqtE7fJf,70,0-1,Black,<=5s vs 5-10s,1184
iVTekoSU,69,0-1,White,<=5s vs 5-10s,1952
aGQ60RLM,76,0-1,Black,<=5s vs <=5s,1431
ZxvBhDl7,66,1-0,Black,<=5s vs 5-10s,1055
6YxNfFnp,132,1/2-1/2,Black,<=5s vs 10-15s,1975
EMK8tTHR,96,0-1,Black,<=5s vs 15-20s,1852
08BdsmXK,75,0-1,White,<=5s vs 15-20s,1908
vWDPTaY1,79,1-0,White,<=5s vs 15-20s,2608
038hBPRm,66,0-1,Black,<=5s vs <=5s,1531
Y8TfALeQ,87,1-0,White,<=5s vs 10-15s,2352
fX0Yu1S8,86,0-1,Black,<=5s vs 10-15s,2231
CqBgiUYo,84,0-1,Black,<=5s vs 5-10s,1754
6BT8hxWH,88,0-1,Black,<=5s vs <=5s,2472
cQ7wD7FL,48,0-1,Black,<=5s vs 10-15s,1256
PMQQksHo,69,1-0,White,<=5s vs 5-10s,2295
nDm383QS,54,0-1,Black,<=5s vs 15-20s,1497
sloeQiNS,111,1-0,White,<=5s vs 5-10s,1858
E1F8Sfrb,56,0-1,Black,<=5s vs 10-15s,1518
MSQvmLME,54,1-0,Black,<=5s vs 5-10s,1606
VOYwvBDy,168,1/2-1/2,Black,<=5s vs 15-20s,2578
NTDk7ACe,69,1-0,White,<=5s vs 5-10s,2427
e6EPdjFo,52,0-1,Black,<=5s vs 10-15s,1259
Mrs7TLK6,96,0-1,Black,<=5s vs 10-15s,2658
KzSdnyzL,74,1-0,Black,<=5s vs 5-10s,2622
SwJH4Hf3,66,0-1,Black,<=5s vs 10-15s,2265
hgFDGd3B,99,1/2-1/2,White,<=5s vs 5-10s,2954
QSKD7nUM,84,0-1,Black,<=5s vs <=5s,1839
Bw2Pv4Oc,137,1-0,White,<=5s vs 15-20s,2268
lv0heHt8,43,1-0,White,<=5s vs 10-15s,1357
DFIjj8oa,43,1-0,White,<=5s vs 15-20s,1102
BsYEjMIh,68,0-1,Black,<=5s vs 5-10s,1936
epEUV6bu,41,1-0,White,<=5s vs 15-20s,812
nUj6M3hY,72,1-0,Black,<=5s vs 5-10s,2084
2Vt966ct,49,1-0,White,<=5s vs 15-20s,704
NrOw9Hip,53,1-0,White,<=5s vs 15-20s,1859
NUPCMxPH,76,0-1,Black,<=5s vs 5-10s,948
V7qKEAjY,54,0-1,Black,<=5s vs 10-15s,1263
tylDJujl,73,1-0,White,<=5s vs 10-15s,2025
AxLWVWkB,88,1-0,Black,<=5s vs <=5s,2084
AmUpEPpK,64,0-1,Black,<=5s vs 10-15s,2178
QsRGbY3o,65,1-0,White,<=5s vs 15-20s,1681
3wcGthvl,47,1-0,White,<=5s vs 10-15s,879
prK15yQ6,54,0-1,Black,<=5s vs 5-10s,930
0JkbvGax,87,0-1,White,<=5s vs <=5s,2593
O1z0Fm2G,92,0-1,Black,<=5s vs 15-20s,2611
X7SETYoa,48,0-1,Black,<=5s vs 10-15s,1409
6UnW8IWV,79,1-0,White,<=5s vs 5-10s,2663
AWReTbaB,120,0-1,Black,<=5s vs 10-15s,1213
KLXktzyE,60,0-1,Black,<=5s vs 5-10s,2071
EghIgqEY,59,1-0,White,<=5s vs 10-15s,1773
Eyw54gS9,92,1-0,Black,<=5s vs 10-15s,2447
Hytge1tb,58,0-1,Black,<=5s vs <=5s,1669
rKW8JkcV,111,1-0,White,<=5s vs 5-10s,2685
XF3XzsgB,120,1/2-1/2,Black,<=5s vs 10-15s,2315
JN12XIlz,79,1-0,White,<=5s vs 5-10s,1845
yPv1RG3S,51,1-0,White,<=5s vs 15-20s,1998
efqvE7kF,51,1-0,White,<=5s vs 5-10s,1367
H4qt6zat,67,0-1,White,<=5s vs 5-10s,1574
J53iB56k,46,0-1,Black,<=5s vs 15-20s,1100
1Zro7W9D,48,0-1,Black,<=5s vs 15-20s,841
HN6wgPlV,65,1-0,White,<=5s vs 10-15s,1640
OwApproN,151,1/2-1/2,White,<=5s vs 15-20s,2028
nUmgKLdl,75,0-1,White,<=5s vs <=5s,1344
co2ChxbQ,43,1-0,White,<=5s vs 10-15s,1246
Oz0mLF9f,48,0-1,Black,<=5s vs 15-20s,1457
Li9iXQlS,70,1-0,Black,<=5s vs <=5s,1886
J3LUPRli,63,1-0,White,<=5s vs 5-10s,2191
QSI5Ksr0,85,1-0,White,<=5s vs 15-20s,2231
urJyDI8X,74,0-1,Black,<=5s vs 15-20s,2729
29f9Koqv,57,1-0,White,<=5s vs 15-20s,1291
pMiQtktU,103,1-0,White,<=5s vs 15-20s,2265
9SYUgll9,62,0-1,Black,<=5s vs <=5s,1737
5Zw9Vnn2,74,1-0,Black,<=5s vs <=5s,2306
buo0wbI0,74,1-0,Black,<=5s vs 10-15s,2417
qf7lxCT3,40,0-1,Black,<=5s vs 10-15s,1860
Q1eXdnLX,84,1-0,Black,<=5s vs <=5s,1381
lLCr018s,48,0-1,Black,<=5s vs 10-15s,1492
HssdEXV9,74,1-0,Black,<=5s vs 5-10s,1575
bD7ieXyf,57,1-0,White,<=5s vs 10-15s,1529
8LNgrbqi,99,0-1,White,<=5s vs 5-10s,2402
xlMJM7uj,81,1-0,White,<=5s vs 10-15s,2535
NAqa2nPA,54,0-1,Black,<=5s vs 5-10s,1000
4hoxWy0h,69,1-0,White,<=5s vs 10-15s,1809
JEpeIa0W,50,0-1,Black,<=5s vs 15-20s,2494
HynFGGyP,85,1-0,White,<=5s vs 5-10s,1367
hIho7umR,75,1-0,White,<=5s vs 15-20s,1896
9GOaNZV5,94,0-1,Black,<=5s vs 15-20s,1811
8qTl1OMg,61,1-0,White,<=5s vs 10-15s,1367
Ssp1i7Wo,71,1-0,White,<=5s vs 5-10s,2322
HvGvUy1u,71,0-1,White,<=5s vs <=5s,1004
4TH8xKj3,37,1-0,White,<=5s vs 15-20s,2160
M4wCseYr,72,0-1,Black,<=5s vs 10-15s,1766
UqpwxHia,102,1-0,Black,<=5s vs 5-10s,2082
MU268cx4,77,1-0,White,<=5s vs 5-10s,2455
d9uwEGRF,66,0-1,Black,<=5s vs 15-20s,1258
GdonZpun,71,1-0,White,<=5s vs 10-15s,1899
pCpXjJYA,74,0-1,Black,<=5s vs 5-10s,2295
nH8X384G,88,0-1,Black,<=5s vs 15-20s,2148
y7N5ZWqK,52,0-1,Black,<=5s vs 15-20s,1091
84fQrLsa,68,0-1,Black,<=5s vs 15-20s,1493
AWt9BYMc,86,0-1,Black,<=5s vs 5-10s,2728
T9gwwokg,63,1-0,White,<=5s vs 5-10s,930
hj8K5ikM,62,0-1,Black,<=5s vs <=5s,1212
MZoOSfe2,55,1-0,White,<=5s vs 5-10s,1252
VWiQWrmz,92,1/2-1/2,Black,<=5s vs 10-15s,1797
Z7sswG2Z,51,1-0,White,<=5s vs 10-15s,2249
SUXWLxw1,42,1-0,Black,<=5s vs <=5s,1163
YuPLA2wj,75,1-0,White,<=5s vs 15-20s,1713
vndat4kC,39,1-0,White,<=5s vs 15-20s,1182
ypluLQRX,72,0-1,Black,<=5s vs 15-20s,1708
NMf9Bhd1,58,0-1,Black,<=5s vs 10-15s,1090
Km0L2m9j,60,0-1,Black,<=5s vs 10-15s,1324
gEMpo8b2,54,0-1,Black,<=5s vs 15-20s,871
KlCSPerD,82,1-0,Black,<=5s vs <=5s,2327
kC0Wd0sq,44,1-0,Black,<=5s vs <=5s,1074
y1HUsfiV,60,1-0,Black,<=5s vs <=5s,1508
FXKPKD4Z,70,0-1,Black,<=5s vs 10-15s,2013
5639IENW,79,1-0,White,<=5s vs 15-20s,2146
82pIG1fy,76,0-1,Black,<=5s vs 10-15s,2249
6AQU2S4H,52,0-1,Black,<=5s vs 10-15s,1318
9mSAtWuQ,77,1-0,White,<=5s vs 10-15s,1294
yjH2dBpy,85,1-0,White,<=5s vs 15-20s,2017
IHXnM1Dp,98,1-0,Black,<=5s vs <=5s,2915
HaAUaywu,80,1-0,Black,<=5s vs 5-10s,1915
95ZmuUNP,70,0-1,Black,<=5s vs 5-10s,1304
fXryqcey,94,0-1,Black,<=5s vs <=5s,2420
7ibgDFDS,68,0-1,Black,<=5s vs 10-15s,2376
13hNvnfI,58,0-1,Black,<=5s vs 5-10s,1517
j6LEVriT,54,0-1,Black,<=5s vs <=5s,999
V5ylZ5Df,79,1-0,White,<=5s vs 5-10s,1956
G7x6y0aH,93,1-0,White,<=5s vs 10-15s,1876
xX65RtIj,51,1-0,White,<=5s vs 15-20s,798
QF8hCFAv,60,0-1,Black,<=5s vs 15-20s,1482
UFd9pI8m,71,1-0,White,<=5s vs 15-20s,1947
GHYUl3f7,93,1-0,White,<=5s vs 5-10s,2450
lJaylWDA,61,0-1,White,<=5s vs <=5s,1529
wUfoUxO8,45,1-0,White,<=5s vs 10-15s,957
fIAUR02q,58,0-1,Black,<=5s vs 15-20s,1274
NxwjAPHR,62,0-1,Black,<=5s vs 5-10s,2409
u8ES9PwI,70,0-1,Black,<=5s vs 5-10s,2048
Jrwi4rHk,126,1/2-1/2,Black,<=5s vs 5-10s,2086
OrEFJTEa,164,0-1,Black,<=5s vs 15-20s,2300
oxwAnWQW,53,1-0,White,<=5s vs 5-10s,1520
NGgn7i03,67,1-0,White,<=5s vs 5-10s,1437
2SXfFP0f,120,1/2-1/2,Black,<=5s vs 5-10s,2315
V1RzYfhZ,79,1-0,White,<=5s vs 5-10s,1022
wawWjOwF,64,0-1,Black,<=5s vs 10-15s,1679
4SMp1iwt,92,0-1,Black,<=5s vs 15-20s,2666
E7t6qpU2,74,0-1,Black,<=5s vs 10-15s,2123
K3WDO1Dj,65,1-0,White,<=5s vs 10-15s,2709
F6QzeOHm,51,1-0,White,<=5s vs 10-15s,1999
doJfqAhg,68,0-1,Black,<=5s vs 5-10s,1394
u123CdYz,63,1-0,White,<=5s vs 15-20s,2264
UaK4Xtqo,100,1-0,Black,<=5s vs 5-10s,2624
sNoltcaK,102,0-1,Black,<=5s vs 10-15s,2315
oKcM3gpV,50,0-1,Black,<=5s vs <=5s,1408
pjY8YdxR,110,0-1,Black,<=5s vs 15-20s,2287
RB4Dt8wQ,80,0-1,Black,<=5s vs 15-20s,1748
6zBq2NQs,78,0-1,Black,<=5s vs 10-15s,2003
dX0LMzTC,66,1-0,Black,<=5s vs <=5s,2288
WkrPZVCJ,78,0-1,Black,<=5s vs 15-20s,2241
gYQD6r8B,58,0-1,Black,<=5s vs 15-20s,1631
MsJn7MNm,70,0-1,Black,<=5s vs 10-15s,1616
EyqJYRX8,123,0-1,White,<=5s vs <=5s,2519
22CDkZH4,106,0-1,Black,<=5s vs <=5s,2256
QlruaFH5,141,0-1,White,<=5s vs 10-15s,2566
pZc1xO0p,61,1-0,White,<=5s vs 5-10s,1590
sjaNy4M8,61,1-0,White,<=5s vs 15-20s,2233
5vr3Tj1S,71,1-0,White,<=5s vs 15-20s,2467
xqIkh2BT,73,1-0,White,<=5s vs 5-10s,1843
MMEcDtgs,89,1-0,White,<=5s vs 15-20s,1845
d2CvHXCK,51,1-0,White,<=5s vs 10-15s,1899
5vqkec5C,49,1-0,White,<=5s vs 10-15s,1403
cM7PLUTu,82,0-1,Black,<=5s vs <=5s,1834
dLT8ekEZ,62,0-1,Black,<=5s vs 10-15s,1714
3XBuEYyt,83,1-0,White,<=5s vs <=5s,2230
M2jJmj6o,73,1-0,White,<=5s vs 10-15s,1992
bdRrlFMH,54,0-1,Black,<=5s vs 15-20s,1266
RhUGUBfC,91,1-0,White,<=5s vs <=5s,2205
4pmBH8N3,68,0-1,Black,<=5s vs 10-15s,2744
EyauuvaQ,92,0-1,Black,<=5s vs 10-15s,1600
PCxHwVBG,53,1-0,White,<=5s vs 15-20s,1340
STc0Pb7z,45,0-1,White,<=5s vs 5-10s,766
I0OiAgdR,113,1/2-1/2,White,<=5s vs <=5s,2036
5cly7ja4,100,0-1,Black,<=5s vs <=5s,1846
ya6bLfvJ,46,0-1,Black,<=5s vs 10-15s,1106
tLy2J91m,79,1-0,White,<=5s vs 10-15s,2150
5pypgloT,59,0-1,White,<=5s vs <=5s,1512
UcCQOzuJ,49,1-0,White,<=5s vs <=5s,1697
Lfl55QDJ,54,0-1,Black,<=5s vs <=5s,1712
2n24sgQ9,88,0-1,Black,<=5s vs 10-15s,2117
NXhf6tB1,94,0-1,Black,<=5s vs 5-10s,2450
7HjIPGXZ,82,1-0,Black,<=5s vs <=5s,1959
TTT22fBu,84,0-1,Black,<=5s vs 5-10s,2429
t8TI3zp4,117,1-0,White,<=5s vs <=5s,1647
086c09I5,75,1-0,White,<=5s vs 5-10s,1324
G8lMfuFH,120,1/2-1/2,Black,<=5s vs 10-15s,2140
LGXVXlKt,80,0-1,Black,<=5s vs 5-10s,2457
zwEgFbUR,102,0-1,Black,<=5s vs 10-15s,2613
Yb5nCJnM,97,0-1,White,<=5s vs <=5s,2202
fsBFQyrd,62,0-1,Black,<=5s vs 5-10s,1285
agIXD8pD,74,0-1,Black,<=5s vs 5-10s,1626
YMHv50DY,78,0-1,Black,<=5s vs 10-15s,1631
4uX7iuGD,49,0-1,White,<=5s vs 10-15s,1598
lV4Hr7fp,57,1-0,White,<=5s vs 15-20s,1019
X4Yr3mHm,56,0-1,Black,<=5s vs 15-20s,1888
P6PznK3o,65,1-0,White,<=5s vs 10-15s,1863
nhcOnC3Z,71,1-0,White,<=5s vs 10-15s,1596
FArMnLsl,89,0-1,White,<=5s vs 5-10s,1803
IsfoqyG6,56,1-0,Black,<=5s vs 5-10s,1398
849vgG3j,99,1-0,White,<=5s vs 10-15s,2141
mNhNff0r,134,0-1,Black,<=5s vs 10-15s,1889
yGU3hJJ0,78,0-1,Black,<=5s vs 10-15s,1853
QCD8diaR,78,1-0,Black,<=5s vs 5-10s,892
bXl2zweK,62,0-1,Black,<=5s vs 5-10s,2013
XFhCWS9w,91,0-1,White,<=5s vs <=5s,2324
7uljhTgI,60,0-1,Black,<=5s vs 15-20s,1498
SeyFV9KN,85,0-1,White,<=5s vs 5-10s,2180
SiXdIoui,105,1-0,White,<=5s vs <=5s,2582
oFz5As2e,100,0-1,Black,<=5s vs 5-10s,2363
KM1SyLxQ,80,1-0,Black,<=5s vs <=5s,1429
RKZaooWG,87,0-1,White,<=5s vs <=5s,1950
wDlC6HWT,116,1/2-1/2,Black,<=5s vs 5-10s,2389
b47x54sE,74,0-1,Black,<=5s vs 10-15s,2445
QmjJIIig,76,0-1,Black,<=5s vs 10-15s,1683
ZowsGBLY,58,0-1,Black,<=5s vs 10-15s,1110
IvCFeJvN,52,0-1,Black,<=5s vs 5-10s,1405
GiGRNjRf,78,0-1,Black,<=5s vs 5-10s,1703
MmZlIdUU,80,0-1,Black,<=5s vs 5-10s,1315
9d3wD6iU,61,1-0,White,<=5s vs 5-10s,1847
9RB7nYIB,61,1-0,White,<=5s vs 10-15s,1155
XRBYO4ji,101,1-0,White,<=5s vs 10-15s,2160
1rYbC511,58,0-1,Black,<=5s vs 15-20s,1590
bY6v230l,98,1-0,Black,<=5s vs <=5s,1613
B4h9dluZ,87,1-0,White,<=5s vs 10-15s,1606
W5sRzeP8,62,0-1,Black,<=5s vs <=5s,1364
9vezlCuF,47,0-1,White,<=5s vs 5-10s,1781
Ody8gqX6,84,0-1,Black,<=5s vs 5-10s,2077
z6Iuo2Lu,76,0-1,Black,<=5s vs 15-20s,1825
JP9oXt3S,144,0-1,Black,<=5s vs 15-20s,2578
SGyiDIqe,49,1-0,White,<=5s vs 5-10s,1537
jHXAuGv9,76,0-1,Black,<=5s vs 15-20s,1382
nZKCbAcE,69,1-0,White,<=5s vs 15-20s,1903
LTm6Lr6A,79,1-0,White,<=5s vs <=5s,2174
NQRhWZAt,74,0-1,Black,<=5s vs 5-10s,2036
QHbmh1fi,61,1-0,White,<=5s vs 10-15s,1677
P5IQDaBb,76,1-0,Black,<=5s vs <=5s,1775
dpftRBOf,51,1-0,White,<=5s vs 15-20s,1551
8Y9cqdCr,78,1-0,Black,<=5s vs <=5s,1709
zp3UiUse,63,1-0,White,<=5s vs 10-15s,1967
irEQBb7n,103,0-1,White,<=5s vs 10-15s,1947
YgCQh4jZ,71,0-1,White,<=5s vs 5-10s,1769
ZvmsPYYV,53,1-0,White,<=5s vs 15-20s,846
E13vMO3e,43,1-0,White,<=5s vs 10-15s,1466
rOMoe0Vl,74,1-0,Black,<=5s vs 5-10s,1369
BwGuSxfx,52,0-1,Black,<=5s vs 5-10s,1885
j0fZjduW,45,1-0,White,<=5s vs 15-20s,1043
cemu4xK2,73,1-0,White,<=5s vs 5-10s,1570
9gci7IgQ,52,0-1,Black,<=5s vs 10-15s,2438
stGr6efO,73,1-0,White,<=5s vs 15-20s,1790
8A7Hcu2J,64,0-1,Black,<=5s vs 5-10s,1500
VRxJfFki,41,1-0,White,<=5s vs 5-10s,898
LoDQ2Q5c,71,1-0,White,<=5s vs 10-15s,1659
Re7iPb3R,70,1-0,Black,<=5s vs 5-10s,2063
2GzZTYPF,84,0-1,Black,<=5s vs 5-10s,2069
mOI74PpO,96,0-1,Black,<=5s vs 5-10s,2301
lxgYK88V,68,0-1,Black,<=5s vs 5-10s,1783
fucMYWBS,133,1/2-1/2,White,<=5s vs 10-15s,2175
BmkiMjji,108,1-0,Black,<=5s vs <=5s,1745
PJFPiiMk,60,0-1,Black,<=5s vs 10-15s,1281
rfMHUh2F,75,1-0,White,<=5s vs 10-15s,1072
FVNJFOSC,71,1-0,White,<=5s vs 10-15s,2022
a5up9YuT,52,0-1,Black,<=5s vs 5-10s,1430
2h3dIv12,40,0-1,Black,<=5s vs 5-10s,798
QhyJH4Ii,116,0-1,Black,<=5s vs 5-10s,1973
eZLPzZfG,68,0-1,Black,<=5s vs <=5s,1281
GA36cT9R,61,1-0,White,<=5s vs 15-20s,1806
By18zYyQ,67,1-0,White,<=5s vs 15-20s,2283
52THEltK,94,0-1,Black,<=5s vs 5-10s,2575
WtquHKm6,54,0-1,Black,<=5s vs 10-15s,2036
kVQkr2f6,47,1-0,White,<=5s vs 5-10s,1684
EYkd2ddq,49,1-0,White,<=5s vs <=5s,1450
EyiejmbK,71,0-1,White,<=5s vs 10-15s,2332
TX89L34N,70,1/2-1/2,Black,<=5s vs 15-20s,1977
XiAcD4js,107,1/2-1/2,White,<=5s vs 5-10s,2296
q9VzRFGH,74,1-0,Black,<=5s vs 5-10s,1229
8yHYIoYg,83,1-0,White,<=5s vs 10-15s,2234
7txd7N38,74,0-1,Black,<=5s vs <=5s,2097
jASUd18q,98,0-1,Black,<=5s vs 15-20s,2042
O94JNBHH,56,0-1,Black,<=5s vs 5-10s,1748
UEnfaOmO,73,1-0,White,<=5s vs 10-15s,1786
hMzFpAeS,40,0-1,Black,<=5s vs 15-20s,972
CzO3cH3x,68,1-0,Black,<=5s vs 5-10s,1452
E4iGlRLi,71,1-0,White,<=5s vs 15-20s,1481
XQYdCsQa,108,1-0,Black,<=5s vs 5-10s,2687
trW11t7y,58,0-1,Black,<=5s vs 5-10s,1658
3mRu2XUA,92,1-0,Black,<=5s vs <=5s,2253
HNNMzk1g,95,0-1,White,<=5s vs <=5s,2071
2HMYIt7M,53,1-0,White,<=5s vs 5-10s,1481
1L62fFJF,59,1-0,White,<=5s vs 10-15s,1365
IfyapkDU,60,0-1,Black,<=5s vs 10-15s,1378
eNPwDFwL,64,0-1,Black,<=5s vs 10-15s,2268
oSPm4Xar,75,0-1,White,<=5s vs 5-10s,2138
5zqpPO0c,65,1-0,White,<=5s vs <=5s,1558
WtVv2yKu,69,1-0,White,<=5s vs 15-20s,1628
1nLstfCL,66,0-1,Black,<=5s vs 5-10s,1579
PVLa3PQy,52,0-1,Black,<=5s vs 15-20s,1528
BUT2dlfI,54,0-1,Black,<=5s vs 15-20s,1292
Hj91npkP,64,0-1,Black,<=5s vs 15-20s,1200
WEDuzUZw,54,0-1,Black,<=5s vs 10-15s,1578
nKtNXlaC,64,0-1,Black,<=5s vs 10-15s,1964
Cg1QR6o5,59,1-0,White,<=5s vs 15-20s,1691
rXEfkqZ2,90,0-1,Black,<=5s vs 5-10s,1870
1uq0zCiH,82,1/2-1/2,Black,<=5s vs 5-10s,2300
tF8N6c4W,114,0-1,Black,<=5s vs 10-15s,1631
pd10Lk22,98,1/2-1/2,Black,<=5s vs <=5s,2030
xbGlwPBB,48,0-1,Black,<=5s vs 10-15s,1050
WbVKL6Z2,64,0-1,Black,<=5s vs 15-20s,2078
1c1IsAs5,88,0-1,Black,<=5s vs 5-10s,2748
BCDrvJk1,90,0-1,Black,<=5s vs 5-10s,2388
Dls6yQ79,50,0-1,Black,<=5s vs 5-10s,1026
ons5DPHm,126,1/2-1/2,Black,<=5s vs 5-10s,1781
V3OaMl2a,62,0-1,Black,<=5s vs 5-10s,1394
jTAQrQGK,86,0-1,Black,<=5s vs 10-15s,2327
UxpIQwM0,101,1-0,White,<=5s vs 5-10s,2359
QPpoNNoI,80,0-1,Black,<=5s vs 15-20s,3044
b3rmuo3S,127,1-0,White,<=5s vs 10-15s,2237
xJOUV4IY,35,1-0,White,<=5s vs <=5s,760
134tNXJB,119,1-0,White,<=5s vs 15-20s,2180
RZ6HjQNL,77,1-0,White,<=5s vs <=5s,1369
iLodZAru,93,1-0,White,<=5s vs 10-15s,2464
WswbmEKx,107,0-1,White,<=5s vs <=5s,2082
Uq5eJncw,68,0-1,Black,<=5s vs 15-20s,2359
EoWsNqPe,66,0-1,Black,<=5s vs 15-20s,1822
cvGxGyl0,51,1-0,White,<=5s vs 10-15s,1314
iKs4K4yQ,73,1-0,White,<=5s vs 5-10s,1251
8wCiDm8g,83,1-0,White,<=5s vs <=5s,1584
Vq4JmRip,113,0-1,White,<=5s vs <=5s,2346
roLaGArH,58,1-0,Black,<=5s vs <=5s,1190
JPBqmXbj,42,0-1,Black,<=5s vs 15-20s,994
RqzT2yaH,58,0-1,Black,<=5s vs 10-15s,1815
lkIWLDrj,54,0-1,Black,<=5s vs 10-15s,1150
tOihMyT1,53,1-0,White,<=5s vs 10-15s,1425
EJk0cG0H,68,0-1,Black,<=5s vs 15-20s,1849
61gjs7o1,72,0-1,Black,<=5s vs 5-10s,1645
5dFSFRjd,53,1/2-1/2,White,<=5s vs 10-15s,1390
vtI9LyF8,72,0-1,Black,<=5s vs <=5s,1963
GCMNsZz3,72,0-1,Black,<=5s vs 10-15s,2123
LydDzS7X,70,0-1,Black,<=5s vs 5-10s,893
MEipUqqD,63,1-0,White,<=5s vs 5-10s,1283
sp20BQ0o,42,1-0,Black,<=5s vs <=5s,829
sbvz75Ej,92,0-1,Black,<=5s vs 5-10s,1867
E8hcfjBu,100,0-1,Black,<=5s vs 10-15s,2376
NflqIMwa,49,1-0,White,<=5s vs <=5s,1052
1GOsRbND,80,0-1,Black,<=5s vs 15-20s,2336
sMCOsDre,52,0-1,Black,<=5s vs 15-20s,1598
HwgLqotk,159,1-0,White,<=5s vs 5-10s,2678
VjJ3RRwv,143,1/2-1/2,White,<=5s vs 10-15s,2892
YNQgQ12H,47,1-0,White,<=5s vs 10-15s,1428
s8spdJDx,54,0-1,Black,<=5s vs 10-15s,1248
GLvENbpB,59,1-0,White,<=5s vs <=5s,1053
IKsrj26t,87,1-0,White,<=5s vs 15-20s,1885
GFUEoojI,71,1-0,White,<=5s vs 5-10s,1976
uHnCI6X0,82,1-0,Black,<=5s vs 15-20s,1872
EEzB6pYE,77,0-1,White,<=5s vs <=5s,1863
e6FridDK,79,1-0,White,<=5s vs 10-15s,1507
M38tCmte,54,1-0,Black,<=5s vs <=5s,1782
Pc6hK0KK,91,1-0,White,<=5s vs 5-10s,2287
eMVbsbRh,84,0-1,Black,<=5s vs 5-10s,2193
5lOCrulF,48,1-0,Black,<=5s vs 5-10s,1392
Ey7SVbIF,58,0-1,Black,<=5s vs 15-20s,1462
QqOfEjoN,165,1-0,White,<=5s vs 15-20s,2581
EoeZLcgT,94,1-0,Black,<=5s vs <=5s,2074
4MshZpL2,50,0-1,Black,<=5s vs 5-10s,1178
VxWca9Ew,74,0-1,Black,<=5s vs <=5s,2084
fZQNM8PO,90,0-1,Black,<=5s vs 5-10s,2495
Hr9hfFyY,77,1-0,White,<=5s vs 5-10s,2101
shTMYmkx,68,0-1,Black,<=5s vs 5-10s,1669
rBeRaurd,52,0-1,Black,<=5s vs 10-15s,2187
Ugb5kxIr,67,1-0,White,<=5s vs 5-10s,1248
DXWQ8z9M,76,0-1,Black,<=5s vs 15-20s,1697
JSMNtJtC,130,0-1,Black,<=5s vs 15-20s,2119
B7Wqn6k3,63,1-0,White,<=5s vs 15-20s,1476
XDmSuZ5K,46,0-1,Black,<=5s vs 15-20s,1473
8JgtdcBw,76,0-1,Black,<=5s vs 5-10s,1768
2uDEEEWQ,80,0-1,Black,<=5s vs 5-10s,2492
aK8y0lha,47,1-0,White,<=5s vs 15-20s,1515
lLI2mtuH,96,0-1,Black,<=5s vs <=5s,1298
drmg55fp,100,1/2-1/2,Black,<=5s vs 10-15s,2246
cDKymVPm,68,1-0,Black,<=5s vs 10-15s,2013
E2LN9vCR,118,0-1,Black,<=5s vs 5-10s,2221
5xTvRehC,76,1-0,Black,<=5s vs 5-10s,2370
AJ1A0eRU,69,1-0,White,<=5s vs 10-15s,1821
6SaQjItZ,82,0-1,Black,<=5s vs 15-20s,2094
iVbCS5zm,111,1/2-1/2,White,<=5s vs 5-10s,2461
sG5b5QNs,50,0-1,Black,<=5s vs 15-20s,2134
paMOxUpl,104,0-1,Black,<=5s vs 5-10s,2430
VUN4lXg4,73,1-0,White,<=5s vs 5-10s,1942
uoRQxWkG,64,0-1,Black,<=5s vs 10-15s,1741
jAM8iHaq,68,1/2-1/2,Black,<=5s vs <=5s,1435
OLhKjCOg,106,0-1,Black,<=5s vs 5-10s,1795
MRrYLvMS,117,1-0,White,<=5s vs 15-20s,1500
8UdzVvzQ,48,0-1,Black,<=5s vs 15-20s,1076
6Mt2X1UM,78,0-1,Black,<=5s vs 15-20s,1308
uoa67f86,83,1-0,White,<=5s vs 5-10s,2211
0wrn00RB,61,1-0,White,<=5s vs 15-20s,1763
kVCosWc1,108,1/2-1/2,Black,<=5s vs 5-10s,2385
QLXZTQo3,53,1-0,White,<=5s vs 10-15s,1089
j58KcKLS,74,0-1,Black,<=5s vs 10-15s,1959
0NLUOWzJ,92,0-1,Black,<=5s vs 10-15s,1405
WjDlH9KH,65,1-0,White,<=5s vs 10-15s,2139
XyNT8fOY,93,0-1,White,<=5s vs 5-10s,2203
IYGNi743,68,0-1,Black,<=5s vs <=5s,1917
4qxiyoAo,78,0-1,Black,<=5s vs <=5s,1572
mUvgq60z,68,0-1,Black,<=5s vs 10-15s,2104
EL7HC9hN,101,0-1,White,<=5s vs <=5s,2003
TN3vkm5z,73,0-1,White,<=5s vs <=5s,1728
1DNSWc9X,65,1-0,White,<=5s vs 10-15s,2255
Un3vzaeH,51,1-0,White,<=5s vs 10-15s,1038
BLRsEzOy,89,1-0,White,<=5s vs 10-15s,1925
WLZqzrHa,91,1/2-1/2,White,<=5s vs 10-15s,2374
8zHk3sFj,69,1-0,White,<=5s vs 10-15s,1399
aNpEYRpY,77,0-1,White,<=5s vs 5-10s,2418
r31GBv7P,63,1-0,White,<=5s vs 15-20s,2198
zPiTn5Nn,70,0-1,Black,<=5s vs 5-10s,1597
Z99kE6o1,118,1/2-1/2,Black,<=5s vs 10-15s,2524
UdG4K13y,44,0-1,Black,<=5s vs 5-10s,949
1igteaw4,87,1-0,White,<=5s vs 5-10s,1951
KXZsntgm,109,1-0,White,<=5s vs 10-15s,2583
ZbDXyQQ7,44,0-1,Black,<=5s vs 5-10s,971
DVwoz0Lv,57,1-0,White,<=5s vs 5-10s,1097
eQ0e9GLW,41,1-0,White,<=5s vs 15-20s,1531
FiuKopTh,127,1/2-1/2,White,<=5s vs 15-20s,1262
Kz5Zuh36,47,1-0,White,<=5s vs 10-15s,995
Y4FJ6Dav,96,0-1,Black,<=5s vs 15-20s,1594
ZkDO0aoD,76,1/2-1/2,Black,<=5s vs 15-20s,1717
miqIGSx6,84,0-1,Black,<=5s vs 15-20s,2220
1IszR2t2,62,0-1,Black,<=5s vs 15-20s,1399
EgToR6FU,69,1-0,White,<=5s vs 10-15s,1331
4qtLWZFe,62,0-1,Black,<=5s vs 15-20s,2376
9LotgTBe,92,0-1,Black,<=5s vs 10-15s,1696
0FKN24Iz,66,0-1,Black,<=5s vs 15-20s,1879
sI4fewVt,73,1-0,White,<=5s vs 10-15s,2053
uVTKzYxz,80,1-0,Black,<=5s vs <=5s,1801
7qek8zbR,48,0-1,Black,<=5s vs <=5s,1955
GEWX0Sw3,31,0-1,White,<=5s vs 5-10s,779
19zpBi7z,66,0-1,Black,<=5s vs 5-10s,2386
ClAJ784P,117,1/2-1/2,White,<=5s vs 15-20s,1157
Kg38KuhW,142,1-0,Black,<=5s vs <=5s,2688
QdGuM1JS,79,1-0,White,<=5s vs 5-10s,2364
66eOtEGe,106,1-0,Black,<=5s vs <=5s,2168
Gv23rKeD,70,0-1,Black,<=5s vs 5-10s,1491
KcnzoNlo,88,1-0,Black,<=5s vs 5-10s,2302
IWANUZFk,62,0-1,Black,<=5s vs 5-10s,1353
8LNPYH0X,86,1-0,Black,<=5s vs <=5s,2357
FxWpwmzu,59,0-1,White,<=5s vs 5-10s,1885
FaXyhCL1,73,1-0,White,<=5s vs 10-15s,1519
YKZ30DYD,53,1-0,White,<=5s vs 15-20s,1716
MXHXBoJH,49,1-0,White,<=5s vs 5-10s,1144
2nVXS2Ak,75,0-1,White,<=5s vs 10-15s,1762
IuSUQkjr,65,1-0,White,<=5s vs 10-15s,1281
fTQYChf2,85,1-0,White,<=5s vs 15-20s,1807
xo41hDft,85,1-0,White,<=5s vs 15-20s,2297
BSEBnq64,73,1-0,White,<=5s vs 10-15s,1463
0PO0yb2q,112,0-1,Black,<=5s vs 5-10s,1968
2g4JNpAs,89,1-0,White,<=5s vs 15-20s,642
KivFC3H8,74,0-1,Black,<=5s vs 5-10s,2625
7BNUize4,64,0-1,Black,<=5s vs 5-10s,1611
CvwZsdgz,71,1-0,White,<=5s vs 5-10s,1722
gWlsy839,106,0-1,Black,<=5s vs 10-15s,2285
a2yv7iwn,61,1-0,White,<=5s vs 15-20s,2183
J1AjbVpY,51,0-1,White,<=5s vs 10-15s,1032
hYJTpXGz,74,0-1,Black,<=5s vs <=5s,2868
XG1zJshw,61,1-0,White,<=5s vs 5-10s,1307
kFkXUsxX,88,0-1,Black,<=5s vs <=5s,1647
fmbARg7O,70,0-1,Black,<=5s vs 10-15s,1705
U91Fp56i,74,0-1,Black,<=5s vs <=5s,2225
MHBte4B9,107,1/2-1/2,White,<=5s vs 5-10s,2910
i5a4nzLK,71,1-0,White,<=5s vs 15-20s,1442
ddClUaDn,88,0-1,Black,<=5s vs 15-20s,2667
5qvQC7JH,74,0-1,Black,<=5s vs 15-20s,2323
ydiBo2sD,81,1-0,White,<=5s vs 5-10s,1522
LG3DIUWu,59,1-0,White,<=5s vs 15-20s,1410
sIqGa6ze,73,1-0,White,<=5s vs 5-10s,2161
cpQ7r5qJ,94,0-1,Black,<=5s vs 10-15s,2152
5hx4e9Nc,56,0-1,Black,<=5s vs 15-20s,1397
iaJ8r27L,53,1-0,White,<=5s vs 15-20s,1600
BgFGEndL,98,0-1,Black,<=5s vs 15-20s,2117
67oJuGzL,104,0-1,Black,<=5s vs 15-20s,2511
W22I1CbP,108,0-1,Black,<=5s vs 5-10s,1516
mUJqGvVv,67,1-0,White,<=5s vs 10-15s,1252
1O5GaJ7S,55,1-0,White,<=5s vs 10-15s,1333
kPAVOz6y,81,1-0,White,<=5s vs 5-10s,1601
4GH1ll0k,67,1-0,White,<=5s vs 15-20s,1711
HltZy2Jb,79,0-1,White,<=5s vs 5-10s,2150
RV6VnxLd,104,0-1,Black,<=5s vs 10-15s,2288
NzsygS3x,58,0-1,Black,<=5s vs 15-20s,1713
7GKphOUE,106,0-1,Black,<=5s vs 15-20s,2510
qdT8JAaV,45,1-0,White,<=5s vs 15-20s,1256
d6U71Ctf,127,1/2-1/2,White,<=5s vs 5-10s,2409
bivJbFfM,95,1-0,White,<=5s vs 5-10s,2262
miv8IRfJ,33,1-0,White,<=5s vs 15-20s,679
1NOclFhj,65,1-0,White,<=5s vs <=5s,1165
cREokCe8,67,1-0,White,<=5s vs 10-15s,2109
ZkTZ4B1s,124,0-1,Black,<=5s vs 5-10s,2279
J2wWdgKO,54,0-1,Black,<=5s vs 15-20s,1977
egxZa5H9,91,1-0,White,<=5s vs 5-10s,1910
4AILNQUt,145,1/2-1/2,White,<=5s vs 10-15s,1973
hgvqsaEx,49,1-0,White,<=5s vs 15-20s,1500
qct620Gs,65,1-0,White,<=5s vs <=5s,1993
a4Z9ccq8,88,0-1,Black,<=5s vs 5-10s,2400
SYF0txTJ,76,0-1,Black,<=5s vs <=5s,2909
Bx6Nduub,65,1-0,White,<=5s vs 15-20s,2131
JdUPXmV0,105,1-0,White,<=5s vs 10-15s,2903
4n4cpllh,77,1-0,White,<=5s vs 5-10s,1339
GxUdSH2l,29,1-0,White,<=5s vs 15-20s,929
tgaXlNRL,69,1-0,White,<=5s vs 10-15s,2500
PE5iVCtI,61,1-0,White,<=5s vs 5-10s,2776
VdgC8OUR,88,1/2-1/2,Black,<=5s vs 10-15s,2436
MAXPhJ38,70,0-1,Black,<=5s vs 10-15s,1481
GF69p7r1,42,0-1,Black,<=5s vs <=5s,1102
0qIvSvfT,137,1-0,White,<=5s vs 15-20s,2411
mhBTuWcX,79,1-0,White,<=5s vs 5-10s,2438
Px8904oD,84,0-1,Black,<=5s vs 5-10s,1731
JBBzCTSe,84,1-0,Black,<=5s vs <=5s,1280
82PGdMGH,50,1-0,Black,<=5s vs <=5s,1263
xxqrQzLB,95,1/2-1/2,White,<=5s vs 5-10s,2337
Nkb81OtE,89,0-1,White,<=5s vs 10-15s,2402
Vav1bzW4,79,1-0,White,<=5s vs 5-10s,2146
DbFXuUVy,66,0-1,Black,<=5s vs <=5s,1730
mjjNqQTy,76,0-1,Black,<=5s vs <=5s,2192
O0aOBNfU,80,0-1,Black,<=5s vs 10-15s,2378
QYv9sTsi,105,1-0,White,<=5s vs 10-15s,1542
QFXOLviD,129,1-0,White,<=5s vs 15-20s,2456
eZKUSwCC,69,1-0,White,<=5s vs 10-15s,2388
x8lw8Hfp,104,0-1,Black,<=5s vs 10-15s,2229
RJJ8oU3P,84,0-1,Black,<=5s vs 5-10s,1971
0H4ztQkS,38,0-1,Black,<=5s vs 5-10s,1421
JpZvYrfJ,101,1-0,White,<=5s vs 5-10s,2941
KoIE3MDa,77,1-0,White,<=5s vs 5-10s,1724
XArcEiYv,85,1-0,White,<=5s vs 15-20s,2353
LN5Tcwsj,75,1-0,White,<=5s vs 10-15s,1356
PCmwAPyp,69,1-0,White,<=5s vs <=5s,1544
8lA2FDMC,66,0-1,Black,<=5s vs 15-20s,1646
09QaSa2o,106,0-1,Black,<=5s vs <=5s,2320
WIncGr0d,73,1-0,White,<=5s vs 15-20s,1781
4FJZl7V3,75,1-0,White,<=5s vs 5-10s,2100
RiIbOMm4,76,0-1,Black,<=5s vs 15-20s,1935
M7hQeJxk,83,0-1,White,<=5s vs <=5s,2159
BG9aqMiX,84,0-1,Black,<=5s vs 5-10s,2331
1aU6ln80,72,0-1,Black,<=5s vs 15-20s,2309
0vQd0UCX,94,0-1,Black,<=5s vs 5-10s,2398
Rsov5PSA,80,1-0,Black,<=5s vs <=5s,1730
GrBoRutC,92,1-0,Black,<=5s vs 10-15s,2247
SVrjq9hT,71,1-0,White,<=5s vs 5-10s,1656
E8K1252x,48,0-1,Black,<=5s vs 15-20s,1776
ihjO2vjy,61,0-1,White,<=5s vs 10-15s,1780
ONQXBSxy,56,1-0,Black,<=5s vs 5-10s,1703
4VpZxXfv,141,1/2-1/2,White,<=5s vs <=5s,2597
DtAxGqCh,32,0-1,Black,<=5s vs 15-20s,703
QN2EDrW2,65,1-0,White,<=5s vs 15-20s,2026
nDbonYS2,66,0-1,Black,<=5s vs 10-15s,664
90FKVqHW,102,0-1,Black,<=5s vs 5-10s,2876
9flvsm5j,100,1-0,Black,<=5s vs 5-10s,2079
ajMuX8cf,84,1-0,Black,<=5s vs 15-20s,2283
i10RkO8B,68,0-1,Black,<=5s vs 10-15s,2298
qIKs6DxN,40,1-0,Black,<=5s vs <=5s,1337
UeaYoL8F,69,1-0,White,<=5s vs 5-10s,2415
tDbHZZbA,43,1-0,White,<=5s vs 10-15s,750
MuENmCfc,71,1-0,White,<=5s vs 5-10s,1510
BHkW8uri,82,0-1,Black,<=5s vs 10-15s,1566
6qawLEvk,68,0-1,Black,<=5s vs 10-15s,2085
yysl3yJz,52,1-0,Black,<=5s vs <=5s,1493
MSVh22CO,88,0-1,Black,<=5s vs <=5s,2560
G82aUs70,69,1-0,White,<=5s vs 15-20s,2296
MD0usido,89,1-0,White,<=5s vs 15-20s,1854
CT86WyYA,73,1-0,White,<=5s vs 10-15s,2019
yDY6BbtC,61,1-0,White,<=5s vs 15-20s,1916
7qRhbysI,86,0-1,Black,<=5s vs 15-20s,2652
d9HEuqWM,84,1-0,Black,<=5s vs 5-10s,2508
0fbCEqQJ,66,0-1,Black,<=5s vs 15-20s,868
B4IPeCEh,107,0-1,White,<=5s vs 10-15s,2361
wmBwJ9LT,80,0-1,Black,<=5s vs 5-10s,2009
coVSidc6,90,1-0,Black,<=5s vs <=5s,1149
HGdKHELz,54,0-1,Black,<=5s vs 10-15s,1370
iHGTrIsJ,73,1-0,White,<=5s vs 10-15s,1861
E94zFNus,80,0-1,Black,<=5s vs <=5s,2319
FhQ9P00e,87,1-0,White,<=5s vs 5-10s,2119
h9muGYrY,82,1-0,Black,<=5s vs <=5s,2196
dgDgnBut,56,0-1,Black,<=5s vs 5-10s,1762
jaLs91aN,71,1-0,White,<=5s vs 5-10s,1602
MJYwBFtZ,62,0-1,Black,<=5s vs 5-10s,1616
B7LbyWYP,71,1-0,White,<=5s vs 10-15s,2091
TDhPnVfO,80,0-1,Black,<=5s vs 5-10s,1630
fNCkl3kC,45,1-0,White,<=5s vs 10-15s,994
0IesvD3J,63,1-0,White,<=5s vs 5-10s,2176
xP5tzkQw,65,1-0,White,<=5s vs 15-20s,1725
igWbzACj,80,1-0,Black,<=5s vs <=5s,1622
FxSgOjYp,77,1-0,White,<=5s vs 15-20s,2714
GQy9PIlF,113,0-1,White,<=5s vs 5-10s,1430
dbaesKQT,36,0-1,Black,<=5s vs 10-15s,905
EkWGUjtd,47,1-0,White,<=5s vs 10-15s,1065
wD8WX5hY,68,0-1,Black,<=5s vs 5-10s,1182
nwK7QUyu,66,0-1,Black,<=5s vs 15-20s,2126
FZcGoIpM,47,1-0,White,<=5s vs 5-10s,1274
hxKvYUUE,74,0-1,Black,<=5s vs 15-20s,1066
OgMlwDkh,116,0-1,Black,<=5s vs 10-15s,1860
4csxmdW3,64,0-1,Black,<=5s vs 15-20s,2015
vF5Su6cG,79,1-0,White,<=5s vs 10-15s,1940
lOjuTH7Q,124,1/2-1/2,Black,<=5s vs 5-10s,2691
AV5WAWLj,113,1/2-1/2,White,<=5s vs 5-10s,2446
NxZkrtGB,42,0-1,Black,<=5s vs 10-15s,1090
DxPuHeyv,61,1-0,White,<=5s vs 15-20s,1757
WNlEg2yP,64,0-1,Black,<=5s vs 10-15s,2140
J10gvgu3,77,1-0,White,<=5s vs 15-20s,1960
twlgiTZb,74,1-0,Black,<=5s vs 5-10s,2044
2CHk3DPh,62,0-1,Black,<=5s vs 15-20s,1811
aRlCvPxQ,96,1/2-1/2,Black,<=5s vs <=5s,2328
GL1vkbA5,78,0-1,Black,<=5s vs 15-20s,2600
OWnwRzMC,48,0-1,Black,<=5s vs 10-15s,1334
K28iY0wF,103,1-0,White,<=5s vs 15-20s,2123
Ant07CxG,59,1-0,White,<=5s vs 15-20s,1923
1c2RvPrT,92,1/2-1/2,Black,<=5s vs <=5s,1762
FDbDjrCT,55,1-0,White,<=5s vs 10-15s,1222
VmC779b3,49,1-0,White,<=5s vs 10-15s,1574
cb5jPs0Q,94,0-1,Black,<=5s vs 5-10s,2257
Y7prPOZV,73,1-0,White,<=5s vs 5-10s,1396
xylPSOHz,62,0-1,Black,<=5s vs 5-10s,1598
cV3ivhJ2,49,1-0,White,<=5s vs 15-20s,773
6WCw8UzR,80,0-1,Black,<=5s vs 5-10s,2784
lAzxg5Ac,58,0-1,Black,<=5s vs 15-20s,2010
1Rwgx7bT,51,1-0,White,<=5s vs 5-10s,2061
RwlqcUNd,76,0-1,Black,<=5s vs <=5s,1807
U4iR2LSx,94,0-1,Black,<=5s vs 10-15s,1675
qx4IGgj4,53,0-1,White,<=5s vs <=5s,1281
QtbtUeEk,106,0-1,Black,<=5s vs 15-20s,1820
oKGuQExb,66,0-1,Black,<=5s vs 10-15s,1084
738nq074,71,1-0,White,<=5s vs 15-20s,2020
RUMDKWBw,72,0-1,Black,<=5s vs 15-20s,1687
weDLJDMv,92,1-0,Black,<=5s vs <=5s,2317
5eM2ovSv,59,1-0,White,<=5s vs 10-15s,1565
FVcV4rEc,139,1/2-1/2,White,<=5s vs 15-20s,2495
WCwXIHQ0,64,0-1,Black,<=5s vs 5-10s,1679
PhrRMKic,61,1-0,White,<=5s vs 5-10s,2073
W8q7DBkt,67,1-0,White,<=5s vs 10-15s,1466
tph9B0Hi,70,0-1,Black,<=5s vs 5-10s,1420
RooBlCHP,177,0-1,White,<=5s vs <=5s,2674
ctUsRNRS,44,1-0,Black,<=5s vs <=5s,1162
IaBF0e5Q,111,1-0,White,<=5s vs 10-15s,1796
Yj3DMrlF,86,1-0,Black,<=5s vs 10-15s,2414
hLvo53gm,99,1-0,White,<=5s vs 5-10s,2358
SoIV0HR4,70,0-1,Black,<=5s vs 15-20s,1882
DIYf95tQ,59,1-0,White,<=5s vs 5-10s,1556
ikc1avhe,77,1-0,White,<=5s vs 15-20s,2081
6OaQyGmE,89,1-0,White,<=5s vs 5-10s,2292
SwxmMsuP,81,1/2-1/2,White,<=5s vs 10-15s,2152
6tmMfOaO,41,1-0,White,<=5s vs 10-15s,1315
3O9gKssk,100,0-1,Black,<=5s vs 15-20s,2322
0JoDyQ1p,55,1-0,White,<=5s vs 15-20s,1555
hwEXBTrt,61,1-0,White,<=5s vs 5-10s,1364
5dZ1PfaF,62,0-1,Black,<=5s vs 5-10s,2281
HDoVGmKy,40,0-1,Black,<=5s vs 15-20s,1021
CKYdWk6o,62,0-1,Black,<=5s vs 5-10s,1908
YJjOcTjP,108,1-0,Black,<=5s vs <=5s,2131
1l1Ar5J8,64,0-1,Black,<=5s vs 5-10s,1858
EvRa1K9L,40,0-1,Black,<=5s vs 15-20s,1663
bbDO21P9,104,1-0,Black,<=5s vs 5-10s,2599
lSo5WoJO,42,0-1,Black,<=5s vs 15-20s,1066
VgI2eOOv,66,0-1,Black,<=5s vs 5-10s,1335
g4W6w9qE,61,1-0,White,<=5s vs 10-15s,1300
qFv6CLzx,65,1-0,White,<=5s vs 10-15s,1936
JO9E4fRn,71,1-0,White,<=5s vs 15-20s,1653
iEuWISgQ,51,1-0,White,<=5s vs 10-15s,1148
Fg1xJVZ8,78,0-1,Black,<=5s vs 10-15s,2069
E6GfpLlv,77,1-0,White,<=5s vs 5-10s,1289
bg6pfRZI,49,0-1,White,<=5s vs 15-20s,1999
6z1tZRmw,68,0-1,Black,<=5s vs 15-20s,1579
tcCLMNFr,62,0-1,Black,<=5s vs 5-10s,1917
HVejbJ5P,43,1-0,White,<=5s vs 15-20s,1278
4rl7OZU9,73,1-0,White,<=5s vs 10-15s,1633
GYFv70DB,72,0-1,Black,<=5s vs 10-15s,2006
Fc3WLogK,63,0-1,White,<=5s vs <=5s,1630
7TMnH5LZ,63,1-0,White,<=5s vs 10-15s,1576
KRZNWa4u,65,1-0,White,<=5s vs 15-20s,2573
0FO5ZCwD,80,0-1,Black,<=5s vs 15-20s,2540
VgmZCWeq,86,0-1,Black,<=5s vs 15-20s,2307
0RE7HpNh,57,1-0,White,<=5s vs 10-15s,2161
jWBXq8Eo,55,1-0,White,<=5s vs 15-20s,2030
lOonyqpf,185,1/2-1/2,White,<=5s vs 5-10s,2686
nm7sOWCc,67,1-0,White,<=5s vs 10-15s,1880
CBL4uhdY,131,1-0,White,<=5s vs 10-15s,2078
h899pLBh,58,0-1,Black,<=5s vs 15-20s,1606
4Uy6zqLI,64,0-1,Black,<=5s vs 5-10s,1500
rP4o4CjU,162,1-0,Black,<=5s vs <=5s,2804
0mmAhFan,68,0-1,Black,<=5s vs 5-10s,1328
JUGGPAxR,87,1-0,White,<=5s vs 10-15s,1998
oc8Y3iom,52,0-1,Black,<=5s vs 10-15s,1278
QLikf9cD,53,1-0,White,<=5s vs 10-15s,1924
QjqmkDLt,135,1/2-1/2,White,<=5s vs 15-20s,1807
BFxrkODy,109,1/2-1/2,White,<=5s vs 5-10s,2588
SRzDzVhT,75,0-1,White,<=5s vs <=5s,1766
1wF2r8tQ,76,0-1,Black,<=5s vs 10-15s,1986
R5GrYYbD,39,1-0,White,<=5s vs 10-15s,1173
hXKHb44H,57,1-0,White,<=5s vs 10-15s,1079
li6jUia9,101,1/2-1/2,White,<=5s vs 5-10s,2327
C5tF5kdX,80,0-1,Black,<=5s vs 10-15s,1776
v3cU3EWa,82,0-1,Black,<=5s vs 10-15s,2410
2Ns7g3KS,58,0-1,Black,<=5s vs <=5s,1559
Y2uaQsaa,74,0-1,Black,<=5s vs 5-10s,2068
F0qulHRs,65,1-0,White,<=5s vs 5-10s,1825
3QARBPJZ,94,0-1,Black,<=5s vs 10-15s,2242
1SXOrDgf,115,1/2-1/2,White,<=5s vs 5-10s,1956
5awAFGZV,61,1-0,White,<=5s vs 15-20s,1000
A8cdtfh6,157,1/2-1/2,White,<=5s vs 15-20s,2383
Vtx60NE3,126,1/2-1/2,Black,<=5s vs 10-15s,1850
VAvZVDik,70,0-1,Black,<=5s vs <=5s,1295
YtkIWW3Q,89,0-1,White,<=5s vs 10-15s,2618
43oiwClx,41,1-0,White,<=5s vs 10-15s,2329
XGGtFXF3,72,0-1,Black,<=5s vs 15-20s,2000
KbNOF5vm,104,0-1,Black,<=5s vs 5-10s,1891
xQy7dgPa,67,1-0,White,<=5s vs 15-20s,1458
sFtBNt0T,64,0-1,Black,<=5s vs 5-10s,1351
LVxXbmiy,63,1-0,White,<=5s vs 10-15s,1802
NFQLOevu,65,1-0,White,<=5s vs 15-20s,2094
tPvGMbo4,88,0-1,Black,<=5s vs <=5s,1281
IURBCHDo,60,0-1,Black,<=5s vs 5-10s,814
uvQ3K8t5,123,1-0,White,<=5s vs 10-15s,2655
j8R6yB04,74,0-1,Black,<=5s vs 15-20s,1694
YOyTLNsR,52,1-0,Black,<=5s vs <=5s,1039
12uW9eCT,51,0-1,White,<=5s vs 5-10s,643
sxj1mub4,122,0-1,Black,<=5s vs <=5s,2230
7SpWtgKa,78,0-1,Black,<=5s vs <=5s,1476
D3STiw11,99,1-0,White,<=5s vs <=5s,2217
ENTGDgpF,75,0-1,White,<=5s vs 5-10s,1976
BspYhuKc,60,0-1,Black,<=5s vs <=5s,724
7B4HdXqx,73,1-0,White,<=5s vs 10-15s,3060
km41FP0g,67,1-0,White,<=5s vs 15-20s,2472
D2a28GKq,52,0-1,Black,<=5s vs 15-20s,1846
ttUGmHBG,63,1-0,White,<=5s vs 15-20s,1811
7o1tXykL,127,0-1,White,<=5s vs 15-20s,1645
Ke8pMdn5,55,1-0,White,<=5s vs 10-15s,1036
LlN7LhyF,91,0-1,White,<=5s vs 5-10s,2540
CkU1M4bA,109,1-0,White,<=5s vs 15-20s,2082
A6ujn1d4,63,1-0,White,<=5s vs 10-15s,2425
t3vT5Ajv,51,1-0,White,<=5s vs 15-20s,1824
ZcZmjrmQ,87,0-1,White,<=5s vs 5-10s,2007
Yn0jJJLm,85,1-0,White,<=5s vs 5-10s,2017
QSvHxCco,100,1-0,Black,<=5s vs <=5s,1401
C2yJxAzI,33,0-1,White,<=5s vs 10-15s,1022
T3P1vvb6,36,0-1,Black,<=5s vs 15-20s,945
KDTNGAv0,53,1-0,White,<=5s vs 15-20s,1413
KqRFjrbE,52,0-1,Black,<=5s vs 5-10s,1732
UqPdS1mg,71,1-0,White,<=5s vs 5-10s,1961
RbuMZ6xC,62,1-0,Black,<=5s vs <=5s,2180
7FlojRDT,65,1-0,White,<=5s vs 15-20s,1266
WqhgUwoU,39,1-0,White,<=5s vs 5-10s,902
Ue2giszv,54,0-1,Black,<=5s vs 5-10s,2150
9XG9mBwL,98,0-1,Black,<=5s vs 5-10s,2660
VoGWNw7A,42,0-1,Black,<=5s vs 10-15s,914
QPNzPGZm,67,0-1,White,<=5s vs 5-10s,1743
AZ7tKJYs,105,0-1,White,<=5s vs 5-10s,2338
5qYob8qL,52,0-1,Black,<=5s vs 10-15s,1180
CqVh3wYg,105,1-0,White,<=5s vs 10-15s,1540
UVJqvGW2,74,0-1,Black,<=5s vs 5-10s,1358
vKUz6Nio,53,1-0,White,<=5s vs 15-20s,2331
jabKZiAl,54,1-0,Black,<=5s vs 5-10s,2059
4yPAjQ9D,64,0-1,Black,<=5s vs 5-10s,1854
oapRwAVR,99,1-0,White,<=5s vs 10-15s,2447
wF0Jzknt,107,1-0,White,<=5s vs 10-15s,2353
72FD312r,150,1-0,Black,<=5s vs 10-15s,2727
b3te3ybR,68,0-1,Black,<=5s vs <=5s,1848
S938EwYS,92,0-1,Black,<=5s vs 15-20s,1803
MmwOdGu9,78,0-1,Black,<=5s vs 5-10s,2221
96aTD6rL,79,1-0,White,<=5s vs 15-20s,2561
2hW7kqns,68,0-1,Black,<=5s vs 5-10s,1730
EbDlzN5G,95,0-1,White,<=5s vs 5-10s,2564
Tj5Exbac,84,1-0,Black,<=5s vs <=5s,2889
Q9eAkQwX,67,0-1,White,<=5s vs <=5s,1847
miTa2jvT,57,0-1,White,<=5s vs 5-10s,1354
HeByGf5S,39,0-1,White,<=5s vs 5-10s,1027
LGfngd3f,93,0-1,White,<=5s vs 5-10s,2368
pU7WAnYw,61,1-0,White,<=5s vs 5-10s,1510
w4jpvQDy,72,1-0,Black,<=5s vs <=5s,1821
S1DG4fJQ,70,0-1,Black,<=5s vs 10-15s,1389
YrNuCuzJ,67,1-0,White,<=5s vs 5-10s,1226
x3O5AzH0,61,1-0,White,<=5s vs 5-10s,1964
TaSg7CCZ,83,1-0,White,<=5s vs 15-20s,2103
eAtVi6Oj,61,1-0,White,<=5s vs 15-20s,2087
ZoDnL33y,79,1-0,White,<=5s vs 5-10s,2812
PBcSwoHm,70,1-0,Black,<=5s vs 5-10s,1368
2dxmCBe2,80,1/2-1/2,Black,<=5s vs 5-10s,2058
Ei6sy325,76,0-1,Black,<=5s vs 15-20s,2068
TMoOkLlL,122,1/2-1/2,Black,<=5s vs 5-10s,2171
B8Snwo2i,112,0-1,Black,<=5s vs 5-10s,2411
FuSE6t8j,64,0-1,Black,<=5s vs 10-15s,1495
u2N2Zdkd,84,0-1,Black,<=5s vs 5-10s,1867
SoSJV5TZ,52,0-1,Black,<=5s vs 10-15s,1282
Aqfjtmjb,71,1-0,White,<=5s vs 10-15s,1331
DkbamExl,65,1-0,White,<=5s vs 10-15s,1637
2h8qjFPd,102,1/2-1/2,Black,<=5s vs <=5s,1871
u931AFjg,102,1-0,Black,<=5s vs <=5s,1980
1R5Tbw8j,62,0-1,Black,<=5s vs 15-20s,1091
tnMIyNmN,119,1/2-1/2,White,<=5s vs 10-15s,2207
zUiqryXH,77,1-0,White,<=5s vs 5-10s,2788
6hB3A4zb,64,0-1,Black,<=5s vs 10-15s,1880
SEz8Qd0I,100,0-1,Black,<=5s vs 15-20s,1779
ZnoThkO3,133,1/2-1/2,White,<=5s vs 5-10s,1596
9xQ00k5u,69,1-0,White,<=5s vs 15-20s,2207
tj3Eivr3,56,0-1,Black,<=5s vs 5-10s,1995
EQig0j5H,47,1-0,White,<=5s vs 10-15s,1392
QYAq2F00,72,0-1,Black,<=5s vs 15-20s,1907
zsMDb3U6,46,0-1,Black,<=5s vs 15-20s,1103
dHicC1NX,55,1-0,White,<=5s vs 15-20s,1159
IYnwlPU6,49,1-0,White,<=5s vs 15-20s,1416
28LukUlf,82,0-1,Black,<=5s vs 10-15s,2428
O9MFba6t,58,0-1,Black,<=5s vs 15-20s,1068
xib4bhrU,59,1-0,White,<=5s vs 15-20s,1585
YEK1wxZS,50,1-0,Black,<=5s vs <=5s,1219
NrJ7qwA0,62,0-1,Black,<=5s vs 10-15s,1382
YnGfmyPK,98,0-1,Black,<=5s vs 5-10s,2328
zteUuMJa,60,1-0,Black,<=5s vs 10-15s,1654
PAXbE6CR,63,1-0,White,<=5s vs <=5s,949
CnNEpQYD,65,1-0,White,<=5s vs 10-15s,1604
59sDxdbn,75,1-0,White,<=5s vs 15-20s,1869
l66YWi9X,56,0-1,Black,<=5s vs 10-15s,744
2j2I5cnH,59,0-1,White,<=5s vs <=5s,1291
4kkDlp2X,70,1-0,Black,<=5s vs <=5s,2245
BiElEqUL,51,1-0,White,<=5s vs 15-20s,1105
3IAxvPEK,71,1-0,White,<=5s vs 15-20s,1674
PcEoj6Hc,73,1-0,White,<=5s vs 5-10s,1825
vCSQM9pk,70,0-1,Black,<=5s vs 10-15s,2281
Q8qq3qsV,58,0-1,Black,<=5s vs 5-10s,1434
R8CwZSrR,77,0-1,White,<=5s vs 5-10s,1819
kiCtmg1i,57,1-0,White,<=5s vs 15-20s,1663
3lHjySDM,74,0-1,Black,<=5s vs 5-10s,1528
J60XHU9x,80,1/2-1/2,Black,<=5s vs <=5s,1364
EcLBaHoA,43,1-0,White,<=5s vs 15-20s,1043
IJrcpDAd,105,1-0,White,<=5s vs 5-10s,1916
BDyXyXMC,73,1-0,White,<=5s vs 15-20s,1851
cXMnKLt1,105,1/2-1/2,White,<=5s vs 5-10s,2835
hgHKvrwE,39,1-0,White,<=5s vs 15-20s,998
hVp9yyah,49,1-0,White,<=5s vs 5-10s,1269
Hje78OGG,108,0-1,Black,<=5s vs 15-20s,2483
2Uf0PJg9,71,0-1,White,<=5s vs 5-10s,1623
sER9SrIV,68,1-0,Black,<=5s vs 10-15s,1144
L1C9q4ck,48,0-1,Black,<=5s vs 15-20s,1943
lQL8xgwC,77,1-0,White,<=5s vs 5-10s,1077
uSXU1ZGl,136,0-1,Black,<=5s vs 5-10s,2197
NhTccGNC,75,0-1,White,<=5s vs 5-10s,2292
3VdDsLeG,59,1-0,White,<=5s vs 15-20s,1675
CoiYc2Ws,103,1/2-1/2,White,<=5s vs 10-15s,1500
SOvpOA4K,111,1-0,White,<=5s vs 5-10s,2155
zI91LsNW,66,0-1,Black,<=5s vs 15-20s,1227
PfhzUjEq,67,1-0,White,<=5s vs 10-15s,1912
nhWLb2hW,64,0-1,Black,<=5s vs 10-15s,1546
CzecVSdR,66,0-1,Black,<=5s vs 10-15s,2293
KtMZjgB6,68,0-1,Black,<=5s vs 10-15s,2216
2u24RpLP,77,1-0,White,<=5s vs <=5s,2161
PBoqcBNi,78,0-1,Black,<=5s vs 15-20s,1933
cD0JcRuZ,77,1-0,White,<=5s vs 15-20s,1842
40D1RA9n,64,0-1,Black,<=5s vs 15-20s,1811
DXpiYRAp,80,0-1,Black,<=5s vs <=5s,1503
OQlqJZV3,54,0-1,Black,<=5s vs 15-20s,1499
LTZmOs1v,90,0-1,Black,<=5s vs 15-20s,2552
dRG98fJp,84,0-1,Black,<=5s vs 5-10s,1387
q3wHa7KU,102,0-1,Black,<=5s vs 10-15s,2206
64m4ttMp,95,1-0,White,<=5s vs <=5s,1839
CKMMQS2v,168,0-1,Black,<=5s vs 5-10s,1738
0r8YChSI,93,1-0,White,<=5s vs 5-10s,2561
DrRx2I48,67,1-0,White,<=5s vs 5-10s,1889
EYhnPXyK,73,1/2-1/2,White,<=5s vs 15-20s,1430
Iuy19PKQ,76,0-1,Black,<=5s vs 5-10s,2206
QUrzpxXs,68,0-1,Black,<=5s vs <=5s,1858
fkwTxVa1,54,0-1,Black,<=5s vs 5-10s,1418
MkBl1Bmj,51,1-0,White,<=5s vs 15-20s,1605
u56aDjhz,69,1-0,White,<=5s vs 10-15s,1767
aXIhbVwp,62,0-1,Black,<=5s vs 5-10s,1813
SlzzAoBV,50,0-1,Black,<=5s vs 10-15s,1446
Fv7TauUp,49,1-0,White,<=5s vs <=5s,1523
2PQH9Bgs,117,1/2-1/2,White,<=5s vs 10-15s,2072
Z1UUyqbN,75,1-0,White,<=5s vs 5-10s,2397
eZcsUdHP,59,1-0,White,<=5s vs 5-10s,1372
z7zErqSM,100,1-0,Black,<=5s vs <=5s,2303
84WWwJe0,68,0-1,Black,<=5s vs 5-10s,2317
PkBat6HZ,59,1-0,White,<=5s vs 10-15s,1810
CZXW91QU,50,0-1,Black,<=5s vs 15-20s,1192
FRZNGfX1,58,0-1,Black,<=5s vs 15-20s,1431
tBDigVN3,115,1-0,White,<=5s vs 15-20s,1843
nQpDwM0M,54,0-1,Black,<=5s vs 15-20s,1745
fod04Fw5,67,1-0,White,<=5s vs 5-10s,1680
idVVRQje,64,1-0,Black,<=5s vs <=5s,1614
hOGGOmRi,75,1-0,White,<=5s vs 5-10s,1582
X1KeDTDp,84,0-1,Black,<=5s vs 5-10s,2083
fKVcQbSI,35,1-0,White,<=5s vs 15-20s,1125
8M8FtxNy,79,0-1,White,<=5s vs 5-10s,2031
WasawGBS,53,1-0,White,<=5s vs 15-20s,1558
T1TwxSic,82,1-0,Black,<=5s vs <=5s,2598
owa1UvNi,81,1-0,White,<=5s vs 10-15s,1603
TDJpANlI,88,1-0,Black,<=5s vs <=5s,2427
5Iz0cpRL,55,0-1,White,<=5s vs 5-10s,2193
u3O6j3Lp,81,1-0,White,<=5s vs 5-10s,2084
rPpXDlso,49,1-0,White,<=5s vs 10-15s,1135
SEMwqlT9,70,0-1,Black,<=5s vs 5-10s,1003
dYkJQxDM,123,1/2-1/2,White,<=5s vs 5-10s,2677
VgJ0prcW,69,1-0,White,<=5s vs 5-10s,1613
TdpAVKIX,68,0-1,Black,<=5s vs 5-10s,2131
S73EYCr5,58,0-1,Black,<=5s vs 10-15s,1186
uhHObgXJ,36,0-1,Black,<=5s vs 10-15s,774
xEbTRWX7,54,1-0,Black,<=5s vs <=5s,1470
389QKvQv,78,0-1,Black,<=5s vs 15-20s,2174
A3n2HTO7,87,1-0,White,<=5s vs 10-15s,1850
cBMti3Yt,75,1-0,White,<=5s vs 5-10s,1561
KVsqQOvC,105,1-0,White,<=5s vs 5-10s,2229
Jb3bY1M3,118,1/2-1/2,Black,<=5s vs <=5s,1824
gOsImjr2,52,0-1,Black,<=5s vs 10-15s,927
qi6bbqMN,54,0-1,Black,<=5s vs 15-20s,1372
GNfaQDTw,82,0-1,Black,<=5s vs 10-15s,1994
Ypx9sLuR,97,1-0,White,<=5s vs <=5s,1968
0h3nF2Ey,86,1-0,Black,<=5s vs 5-10s,2083
CkqZ4gEZ,108,0-1,Black,<=5s vs 5-10s,2262
Shar2uJd,69,1-0,White,<=5s vs 15-20s,2545
7GQk6cIw,67,1-0,White,<=5s vs 15-20s,2276
hOzBular,94,1/2-1/2,Black,<=5s vs <=5s,1487
iORnRh90,39,1-0,White,<=5s vs 10-15s,1236
QRsJGce1,87,1-0,White,<=5s vs 5-10s,2290
aPZn6Rjc,83,1-0,White,<=5s vs 10-15s,2037
6mBrSKky,74,0-1,Black,<=5s vs 10-15s,1636
9uw798Lc,69,1-0,White,<=5s vs 10-15s,1452
V2Y6RZLg,56,0-1,Black,<=5s vs 15-20s,1574
Fa91Pwu9,93,1-0,White,<=5s vs 10-15s,1986
GGg7Mnal,55,1-0,White,<=5s vs 15-20s,1563
Inpb4YOM,72,0-1,Black,<=5s vs 15-20s,2145
KCYhHToj,43,0-1,White,<=5s vs 15-20s,1790
575c05Ag,57,1-0,White,<=5s vs 5-10s,1197
3BsSc1Lr,56,0-1,Black,<=5s vs 10-15s,2225
P4vHCOp9,68,0-1,Black,<=5s vs 10-15s,1696
VBVYYLmy,75,1-0,White,<=5s vs 15-20s,2020
X6xBdui9,46,0-1,Black,<=5s vs 5-10s,1142
pVPcBXkf,67,1-0,White,<=5s vs 5-10s,1180
52rYadoi,57,1-0,White,<=5s vs 5-10s,1483
F0x8BfLs,58,0-1,Black,<=5s vs 10-15s,1176
3K7o6i4G,85,1-0,White,<=5s vs 15-20s,2304
5UZ5auS5,62,1-0,Black,<=5s vs <=5s,1390
4ikgq8Bn,89,1/2-1/2,White,<=5s vs 10-15s,1004
p2PTv9JY,63,1-0,White,<=5s vs 10-15s,1692
QBM8tDyO,120,1/2-1/2,Black,<=5s vs 15-20s,2044
vxRHqOXt,72,0-1,Black,<=5s vs 15-20s,1923
emazl4ea,84,0-1,Black,<=5s vs <=5s,951
yEOZqgXz,44,0-1,Black,<=5s vs 15-20s,1206
fmrvw6mg,88,0-1,Black,<=5s vs 5-10s,2159
0KWQPMQ2,83,1-0,White,<=5s vs <=5s,2469
fbyqlygJ,49,1-0,White,<=5s vs 15-20s,1717
tHdp0UOO,60,0-1,Black,<=5s vs 10-15s,2312
OCpLWg4Y,67,0-1,White,<=5s vs <=5s,1411
iqJztw3R,90,0-1,Black,<=5s vs 10-15s,1884
Vn8sCy6E,59,1-0,White,<=5s vs 10-15s,1778
RzcYlrVD,97,1-0,White,<=5s vs <=5s,1880
oWu149Vr,80,0-1,Black,<=5s vs 5-10s,2255
5sDLFcZr,67,1-0,White,<=5s vs 15-20s,1922
wKUmuc1S,51,1-0,White,<=5s vs 15-20s,1353
yBTn8Hc1,50,0-1,Black,<=5s vs <=5s,798
MXLw2o1x,63,1-0,White,<=5s vs 5-10s,1317
taGmekBS,45,1-0,White,<=5s vs 10-15s,880
dzu9NDQS,97,1-0,White,<=5s vs 15-20s,2434
aqaUMSFq,71,1-0,White,<=5s vs 10-15s,1523
vJ2iyrJM,84,0-1,Black,<=5s vs 5-10s,2116
5WO9swtZ,133,0-1,White,<=5s vs <=5s,2552
wGjI4qu8,65,1-0,White,<=5s vs 15-20s,1892
UcdJylQq,150,0-1,Black,<=5s vs 15-20s,2578
V0jwrD7r,84,0-1,Black,<=5s vs <=5s,1332
u9mg4zS7,103,1-0,White,<=5s vs 15-20s,2356
Iqf1EBa2,66,0-1,Black,<=5s vs 5-10s,1766
pC9clGGC,58,0-1,Black,<=5s vs 10-15s,1500
ZwXYCIyj,91,1/2-1/2,White,<=5s vs 5-10s,2376
w5Spol99,124,1-0,Black,<=5s vs <=5s,2666
s7yteHCI,134,1/2-1/2,Black,<=5s vs 5-10s,2502
je7FyZII,58,0-1,Black,<=5s vs 5-10s,2165
9yHuBOFu,67,1-0,White,<=5s vs 5-10s,1249
D7ZI2WES,45,1-0,White,<=5s vs 15-20s,1571
0ldCLEAO,61,1-0,White,<=5s vs 5-10s,1682
BKR2Yuul,78,0-1,Black,<=5s vs <=5s,1884
mAWNSk70,66,1-0,Black,<=5s vs <=5s,1522
AwijgJW9,65,1-0,White,<=5s vs 10-15s,1980
K8gftHyc,39,1-0,White,<=5s vs 10-15s,928
9HgWryBx,72,1/2-1/2,Black,<=5s vs 10-15s,1943
pK39bTTU,51,1-0,White,<=5s vs 15-20s,1043
zqmXeCki,82,1-0,Black,<=5s vs <=5s,2253
PSsQxmI3,68,0-1,Black,<=5s vs 15-20s,1407
RcfjjFZO,99,1-0,White,<=5s vs 5-10s,2603
fSr43Wki,77,1-0,White,<=5s vs 15-20s,1172
M6JxQ7bo,73,1-0,White,<=5s vs 5-10s,2181
cDh5SGlw,63,1-0,White,<=5s vs 15-20s,1285
nM13SvJV,115,1/2-1/2,White,<=5s vs 15-20s,2563
OiBUxGC0,51,1-0,White,<=5s vs <=5s,1229
QGsIjLxQ,59,1-0,White,<=5s vs 10-15s,1522
g6XNaooi,61,1-0,White,<=5s vs 15-20s,1891
5wZlyaFT,42,0-1,Black,<=5s vs 10-15s,1242
5t19UP0U,56,0-1,Black,<=5s vs 5-10s,1298
3JzZgZ8o,99,1-0,White,<=5s vs 5-10s,2626
0LdAFdi2,67,1-0,White,<=5s vs 5-10s,1243
dINou8Uh,82,0-1,Black,<=5s vs 5-10s,2442
nxY30Q7x,107,1-0,White,<=5s vs 5-10s,2013
OivgJ7VR,87,1-0,White,<=5s vs 15-20s,2554
VEXcvGHS,68,0-1,Black,<=5s vs 15-20s,1936
A1jPxmHf,95,0-1,White,<=5s vs 5-10s,1966
LVDMHRhq,56,0-1,Black,<=5s vs <=5s,920
yHp92Die,54,0-1,Black,<=5s vs 10-15s,1350
KJYu4Xn3,102,0-1,Black,<=5s vs 5-10s,1544
EMdAiAZq,83,1-0,White,<=5s vs 5-10s,2084
MWD7tTbf,146,1/2-1/2,Black,<=5s vs <=5s,2598
X1GbCwHu,95,1-0,White,<=5s vs 5-10s,2632
ECxcwYlt,86,0-1,Black,<=5s vs 10-15s,1531
XEVgoeHD,63,1-0,White,<=5s vs 15-20s,1224
PPXSAoP3,80,0-1,Black,<=5s vs 5-10s,2042
B89aLwDq,74,0-1,Black,<=5s vs <=5s,1439
n9UC0Swr,75,1-0,White,<=5s vs 15-20s,2917
llKSFLZA,58,0-1,Black,<=5s vs 10-15s,1965
5GHYeBla,75,1-0,White,<=5s vs 15-20s,1783
Q99yDdXh,77,1-0,White,<=5s vs 15-20s,1409
UlVikJ2W,57,1-0,White,<=5s vs 5-10s,1292
EhUF5I3C,63,1-0,White,<=5s vs <=5s,1496
TptG2fBW,77,1-0,White,<=5s vs 10-15s,1916
XrMMrWOr,111,1-0,White,<=5s vs 5-10s,2229
zzUY3pfG,78,0-1,Black,<=5s vs <=5s,1371
qOFgjvp2,72,0-1,Black,<=5s vs 5-10s,1729
fKOjsmsN,76,0-1,Black,<=5s vs <=5s,1510
1uQMY4jn,72,0-1,Black,<=5s vs <=5s,2374
EtRtGzQh,109,1-0,White,<=5s vs 5-10s,1744
thT1uLLO,70,1-0,Black,<=5s vs 5-10s,1438
KJB2uJM4,60,0-1,Black,<=5s vs 10-15s,1862
GZvU6Vah,44,0-1,Black,<=5s vs 10-15s,2126
kbaQLCsN,65,1-0,White,<=5s vs 15-20s,2490
znGNDnVs,83,1-0,White,<=5s vs <=5s,1568
4tSEZ7TE,99,0-1,White,<=5s vs 5-10s,2368
PTXgy800,92,0-1,Black,<=5s vs 5-10s,2282
vEHNlliw,88,0-1,Black,<=5s vs <=5s,2494
BDPNEWZL,124,0-1,Black,<=5s vs 5-10s,2001
MNMj29r6,268,0-1,Black,<=5s vs 15-20s,2318
Fag5ABbN,77,1-0,White,<=5s vs 15-20s,2105
3Ezq30el,64,0-1,Black,<=5s vs 15-20s,2140
e2Q8w0lU,102,0-1,Black,<=5s vs 10-15s,2452
tvyh6lDR,69,1-0,White,<=5s vs 5-10s,1234
xjJrxREE,102,1-0,Black,<=5s vs 5-10s,1828
XV84ZEIc,72,0-1,Black,<=5s vs 5-10s,1567
Ai8tH94v,75,1-0,White,<=5s vs 10-15s,1684
U0q91dTg,60,0-1,Black,<=5s vs <=5s,2255
0rY5v8Hp,59,1-0,White,<=5s vs 10-15s,2136
e7UxRqol,70,0-1,Black,<=5s vs 5-10s,1676
VdX5mbAD,68,0-1,Black,<=5s vs 10-15s,1906
LN9Tpmsu,64,1-0,Black,<=5s vs <=5s,1599
USP6B9xQ,51,1-0,White,<=5s vs 10-15s,1438
gDtlxYH1,70,0-1,Black,<=5s vs <=5s,1509
rZo6dtVn,65,1-0,White,<=5s vs 15-20s,2049
7IxLa9Gc,56,0-1,Black,<=5s vs 15-20s,2287
5K36xrNs,71,1-0,White,<=5s vs 10-15s,1153
saS2rcXI,57,1-0,White,<=5s vs 5-10s,1427
6hcF9IXY,78,1/2-1/2,Black,<=5s vs 15-20s,2390
XF9b9Rh0,54,0-1,Black,<=5s vs 10-15s,1099
0WJ2EkAk,76,0-1,Black,<=5s vs 15-20s,2116
oTmbcBwe,81,1-0,White,<=5s vs 5-10s,1032
K0Cv11Dg,153,0-1,White,<=5s vs 5-10s,2585
lKcXFJoD,140,0-1,Black,<=5s vs 15-20s,1730
Y4ikuzS8,60,0-1,Black,<=5s vs 15-20s,1488
BMSwtTI7,135,1-0,White,<=5s vs 5-10s,2008
zfWkJt6W,51,1-0,White,<=5s vs 5-10s,1653
dMMahHxi,50,0-1,Black,<=5s vs 5-10s,1459
OiDx7xIe,89,1-0,White,<=5s vs 10-15s,2166
Ew50GFKO,117,1/2-1/2,White,<=5s vs 5-10s,2108
PRGJ4ydp,76,0-1,Black,<=5s vs 5-10s,1985
WjXlkqf5,83,1-0,White,<=5s vs 15-20s,2083
17qrZ5N9,64,0-1,Black,<=5s vs 5-10s,1743
EL2bxJX4,45,1-0,White,<=5s vs 15-20s,1855
UrSZkqep,78,1-0,Black,<=5s vs 5-10s,2267
7G8IWYCr,47,1-0,White,<=5s vs <=5s,1583
cjAWremJ,81,1-0,White,<=5s vs 5-10s,1396
kve9Wc8P,100,1/2-1/2,Black,<=5s vs 5-10s,2536
FhMbXIoa,76,0-1,Black,<=5s vs 15-20s,1155
j801LmoF,50,0-1,Black,<=5s vs 10-15s,1510
nPQAB3Yy,69,1-0,White,<=5s vs 5-10s,1899
FiR9mG7v,86,0-1,Black,<=5s vs 5-10s,2490
51keLhww,63,1-0,White,<=5s vs 5-10s,1885
o439XtV3,75,1-0,White,<=5s vs 15-20s,1559
7gM2byGX,98,0-1,Black,<=5s vs <=5s,2893
FPcLJgWp,73,0-1,White,<=5s vs 5-10s,2511
IgejtlYp,79,1-0,White,<=5s vs <=5s,2428
fDruvUc8,48,0-1,Black,<=5s vs 10-15s,1369
O4gocHyG,71,1-0,White,<=5s vs 15-20s,1936
wACHEMz0,120,1-0,Black,<=5s vs <=5s,2524
asnMKe3h,80,0-1,Black,<=5s vs <=5s,1379
lgb8C8GB,68,0-1,Black,<=5s vs 10-15s,1874
HDYIVjit,94,0-1,Black,<=5s vs 15-20s,2206
I0Nphd9m,86,1-0,Black,<=5s vs <=5s,1691
ovpPE1Q1,112,1-0,Black,<=5s vs 5-10s,2118
ISxegXEv,119,1-0,White,<=5s vs 5-10s,1577
YMpCQe5X,78,1-0,Black,<=5s vs <=5s,1473
sIUPonEG,96,0-1,Black,<=5s vs <=5s,2322
HWKLn2wG,100,0-1,Black,<=5s vs <=5s,2582
FI3eHKhM,97,0-1,White,<=5s vs <=5s,1755
qPdPxSum,89,1-0,White,<=5s vs 15-20s,1664
Cl5dmfGW,68,1-0,Black,<=5s vs <=5s,1670
U7DfVmL9,84,1-0,Black,<=5s vs 5-10s,1819
Fru6ekMW,60,0-1,Black,<=5s vs 15-20s,1689
KDngsu5K,70,0-1,Black,<=5s vs 15-20s,1954
eAOjzMj5,62,1-0,Black,<=5s vs 15-20s,2141
l2m2qOrK,66,0-1,Black,<=5s vs 10-15s,1501
Y7q1iL9L,71,1-0,White,<=5s vs 5-10s,2293
62dsMRXX,104,1/2-1/2,Black,<=5s vs <=5s,2280
BDLj2m8a,68,0-1,Black,<=5s vs 10-15s,2145
DuNyF4PW,128,0-1,Black,<=5s vs 15-20s,2159
anBbJFmi,56,1-0,Black,<=5s vs 10-15s,1137
y9GijLcS,123,1/2-1/2,White,<=5s vs 5-10s,2448
yaOhQtDC,100,1/2-1/2,Black,<=5s vs <=5s,1805
p7esKYv8,65,1-0,White,<=5s vs 5-10s,1566
3E6ASLst,51,1-0,White,<=5s vs 15-20s,1638
aX3KdbzV,32,0-1,Black,<=5s vs 15-20s,1014
YBonhi6r,54,0-1,Black,<=5s vs 15-20s,1463
R4H5oQlD,72,1-0,Black,<=5s vs <=5s,2370
TrtirdtE,80,0-1,Black,<=5s vs 5-10s,1512
QxudkXUf,68,0-1,Black,<=5s vs 10-15s,2177
WbcxLXtO,74,0-1,Black,<=5s vs <=5s,1951
EWRoRtMq,43,1-0,White,<=5s vs 5-10s,2015
zOiOI9UE,49,1-0,White,<=5s vs 5-10s,1136
QGI2l4rI,84,0-1,Black,<=5s vs 15-20s,1948
mRUBDXzh,55,1-0,White,<=5s vs 15-20s,1596
RcPYb6bJ,103,1-0,White,<=5s vs 5-10s,2679
6GyJhbEX,87,1-0,White,<=5s vs <=5s,1144
wo2CZsjp,68,0-1,Black,<=5s vs 5-10s,1906
Kn79Lrqh,67,1-0,White,<=5s vs 10-15s,2462
XJ50FMfk,93,1-0,White,<=5s vs 15-20s,1829
Y4IaWBMQ,63,0-1,White,<=5s vs 10-15s,1484
cABBwf1O,46,0-1,Black,<=5s vs 5-10s,998
JUqwNAMZ,74,0-1,Black,<=5s vs 15-20s,2694
viLG5G7N,68,0-1,Black,<=5s vs 5-10s,1923
cpXYK5gA,62,0-1,Black,<=5s vs 15-20s,1396
31tKXp24,68,0-1,Black,<=5s vs 15-20s,1745
fnUc4guG,50,0-1,Black,<=5s vs 5-10s,2005
gFsRC9bJ,51,1-0,White,<=5s vs 15-20s,939
GDo1IVUe,100,0-1,Black,<=5s vs <=5s,2023
fGmbPY0W,71,1-0,White,<=5s vs 10-15s,1512
5ZkrqTJG,60,0-1,Black,<=5s vs 15-20s,2126
Rly7gd0V,46,0-1,Black,<=5s vs 15-20s,2013
69gFtWfU,91,1/2-1/2,White,<=5s vs 15-20s,1943
RJ1QAq3L,87,0-1,White,<=5s vs <=5s,1738
QEXJ1wyt,64,0-1,Black,<=5s vs <=5s,1186
lFlhlC3n,74,0-1,Black,<=5s vs 10-15s,1533
17AWlDXF,72,0-1,Black,<=5s vs 15-20s,1816
JYv4GCeP,61,0-1,White,<=5s vs 5-10s,1161
iiYfbRJj,93,1-0,White,<=5s vs 15-20s,2105
QvP5jOyX,67,1-0,White,<=5s vs 10-15s,1843
hQMpxtbV,68,0-1,Black,<=5s vs 10-15s,1287
gNomLU7p,65,0-1,White,<=5s vs <=5s,1236
0RDEawQG,66,0-1,Black,<=5s vs 5-10s,1340
DN8utbfk,51,1-0,White,<=5s vs 10-15s,1283
3EbbDK3m,73,1-0,White,<=5s vs <=5s,1077
VLoZhMdg,57,1-0,White,<=5s vs 10-15s,1415
RFo12DR5,76,0-1,Black,<=5s vs 10-15s,2313
y06Qqo0A,60,0-1,Black,<=5s vs 5-10s,1350
BuXG4d1w,94,0-1,Black,<=5s vs 5-10s,1850
25AQoVAS,68,0-1,Black,<=5s vs 10-15s,1296
wGznbKDh,101,1-0,White,<=5s vs 5-10s,2595
EQuMus1O,53,1-0,White,<=5s vs 15-20s,1702
zoTIA85B,88,1-0,Black,<=5s vs <=5s,1625
2xzhvqeI,157,1/2-1/2,White,<=5s vs <=5s,2010
BqRWHXjK,58,0-1,Black,<=5s vs 10-15s,1681
xS7Yjvjs,79,1-0,White,<=5s vs 5-10s,2249
ljS9FARU,58,1-0,Black,<=5s vs 10-15s,1667
5sQpRpUK,66,0-1,Black,<=5s vs 5-10s,1798
mZwlDNTZ,47,1-0,White,<=5s vs 15-20s,1601
CQSe0TqX,78,0-1,Black,<=5s vs 10-15s,2255
9zC2d2YO,65,1-0,White,<=5s vs 10-15s,1984
LW51R9Y7,47,1-0,White,<=5s vs 5-10s,1985
LIXwwwc7,43,1-0,White,<=5s vs 5-10s,1029
ixJLVi0u,78,0-1,Black,<=5s vs 5-10s,1986
nmx6WLvQ,63,0-1,White,<=5s vs <=5s,1936
zawUfnej,69,1-0,White,<=5s vs 10-15s,1871
PTBeU7az,98,0-1,Black,<=5s vs <=5s,2628
CyzL6tLi,73,1-0,White,<=5s vs 5-10s,1877
a0eINCGX,71,1-0,White,<=5s vs 10-15s,1813
RW8RMdOx,65,1-0,White,<=5s vs 10-15s,877
FxMNhWdV,119,1-0,White,<=5s vs 5-10s,2348
EQEud5U8,66,0-1,Black,<=5s vs 15-20s,1954
80t2CDbV,67,1-0,White,<=5s vs 5-10s,1037
wq6n75qT,78,0-1,Black,<=5s vs <=5s,1606
zRHKToby,95,1-0,White,<=5s vs 10-15s,1977
YYEMZfF1,88,0-1,Black,<=5s vs <=5s,1412
NJEVo6tV,58,0-1,Black,<=5s vs 10-15s,1396
jo9yDRGu,50,0-1,Black,<=5s vs 15-20s,1248
SJHgAZKM,85,0-1,White,<=5s vs 10-15s,1421
fHjQcAro,87,1-0,White,<=5s vs 15-20s,2161
n4vbvg6o,96,1/2-1/2,Black,<=5s vs 15-20s,2497
nRLjGuHg,63,0-1,White,<=5s vs 10-15s,2122
6zhjpcvS,36,0-1,Black,<=5s vs 15-20s,1492
DyxWHs1G,49,0-1,White,<=5s vs 10-15s,1431
NN67Zus2,74,0-1,Black,<=5s vs 15-20s,2543
4cQnCIdV,100,1/2-1/2,Black,<=5s vs <=5s,2281
zeYP6eES,70,0-1,Black,<=5s vs 15-20s,1345
A1SY4E5Z,73,1-0,White,<=5s vs 5-10s,2537
Ny0owFpq,76,0-1,Black,<=5s vs 5-10s,1744
qtWfWm3r,96,0-1,Black,<=5s vs 5-10s,1508
bDeTtgeL,61,1-0,White,<=5s vs 10-15s,1438
iviC6A7i,75,1/2-1/2,White,<=5s vs 5-10s,2497
H8s1hUCZ,67,1-0,White,<=5s vs 10-15s,1888
MrYJxYM1,133,1-0,White,<=5s vs 15-20s,1632
RdKRzpZM,71,1/2-1/2,White,<=5s vs 15-20s,2098
uogQ59K0,71,1-0,White,<=5s vs 10-15s,1272
ANMGT9kF,117,1-0,White,<=5s vs 10-15s,2594
6VjKQ9Ky,83,0-1,White,<=5s vs 5-10s,2229
eDo7RWQh,82,0-1,Black,<=5s vs 5-10s,2037
prVNcudz,47,1-0,White,<=5s vs 15-20s,1147
IZSUrRvw,62,0-1,Black,<=5s vs 10-15s,855
ZKkG5LGw,93,1-0,White,<=5s vs 15-20s,2260
GTQztpcL,58,0-1,Black,<=5s vs 15-20s,1612
lGq6YvlW,43,1-0,White,<=5s vs 10-15s,1400
PMGpAyjH,60,0-1,Black,<=5s vs 10-15s,2442
vIgc291k,61,1-0,White,<=5s vs 15-20s,2064
BVbeOpQ6,84,0-1,Black,<=5s vs 15-20s,2554
g0yscMrU,57,1-0,White,<=5s vs 5-10s,2433
5HFRBo8T,61,1-0,White,<=5s vs 15-20s,1249
jx61j929,82,1-0,Black,<=5s vs <=5s,1900
VcxH7Bkw,70,1-0,Black,<=5s vs <=5s,1252
FVI9g3iE,120,1/2-1/2,Black,<=5s vs 5-10s,2409
d7HnPRLP,101,1-0,White,<=5s vs 10-15s,1697
hsv8D9y0,61,1-0,White,<=5s vs 10-15s,2007
EGPaNP97,95,0-1,White,<=5s vs 5-10s,2148
uQEMm2Ru,56,0-1,Black,<=5s vs <=5s,1574
NVfOFOuy,70,0-1,Black,<=5s vs <=5s,1396
T82vab3u,77,1-0,White,<=5s vs 5-10s,2045
aQ3CI9Gz,72,0-1,Black,<=5s vs 15-20s,1122
PdwdHtk8,73,1-0,White,<=5s vs 10-15s,1853
J22Fogg0,62,0-1,Black,<=5s vs 10-15s,1836
15mrSpoi,85,1-0,White,<=5s vs 15-20s,1921
ZEV6vzja,61,1-0,White,<=5s vs 10-15s,1592
0sXoNSFb,72,0-1,Black,<=5s vs <=5s,1683
sqIFpQFN,60,0-1,Black,<=5s vs 15-20s,1475
25PCHrZM,62,0-1,Black,<=5s vs 15-20s,1235
heYmqmX6,90,0-1,Black,<=5s vs 15-20s,2264
mzBgc6hd,61,1-0,White,<=5s vs <=5s,1483
ue1sNYFm,61,1-0,White,<=5s vs 10-15s,1984
4kvsX7t9,58,1-0,Black,<=5s vs 5-10s,1737
OVGAvLsj,78,1-0,Black,<=5s vs 5-10s,1987
EMv0L871,49,1-0,White,<=5s vs 15-20s,1777
PzdXCTYT,84,0-1,Black,<=5s vs 10-15s,1419
cn3gyN22,97,1-0,White,<=5s vs 10-15s,1553
D32b6LU6,44,0-1,Black,<=5s vs <=5s,1000
IbPa8qFZ,137,0-1,White,<=5s vs <=5s,1727
XeeIkXIk,65,1-0,White,<=5s vs 15-20s,1549
XHMzsSv3,33,1-0,White,<=5s vs 10-15s,1125
UnWE6hVw,107,1-0,White,<=5s vs 10-15s,2193
5ZYGFMmD,54,0-1,Black,<=5s vs 15-20s,1454
qYknR8uS,58,0-1,Black,<=5s vs 5-10s,1696
cWzkvM2g,83,1-0,White,<=5s vs <=5s,2169
OqSVSK1c,77,1-0,White,<=5s vs 5-10s,1445
VijwdAqP,142,1/2-1/2,Black,<=5s vs 5-10s,2018
SYtHSfx2,76,0-1,Black,<=5s vs 10-15s,2256
Rdy7NUCv,76,0-1,Black,<=5s vs 15-20s,1896
JvFgFV9j,86,0-1,Black,<=5s vs 10-15s,1390
PowORiPS,113,1/2-1/2,White,<=5s vs 5-10s,1932
LjkkDY2H,75,1-0,White,<=5s vs 5-10s,2628
DR15ZxWY,54,1-0,Black,<=5s vs 10-15s,1029
rzj5ure8,106,0-1,Black,<=5s vs 15-20s,2225
WRxd4sBc,68,0-1,Black,<=5s vs 15-20s,1495
uLQ71O0O,66,0-1,Black,<=5s vs 10-15s,1525
6Hh7F0Sl,53,1-0,White,<=5s vs 10-15s,1385
Maw9i91O,70,0-1,Black,<=5s vs 5-10s,1964
chXOT0Qx,58,0-1,Black,<=5s vs 5-10s,1456
RTeWLmUS,64,1-0,Black,<=5s vs 5-10s,2334
twYkEWsU,105,1-0,White,<=5s vs 10-15s,1664
2KdAj5f8,89,1-0,White,<=5s vs 15-20s,1889
wxLsfVGF,66,0-1,Black,<=5s vs 10-15s,1805
QZUvBkAD,118,1/2-1/2,Black,<=5s vs 5-10s,2563
5urcrJJa,102,0-1,Black,<=5s vs 5-10s,1899
YMjsizvV,88,0-1,Black,<=5s vs 10-15s,2447
Jz0K6hMw,90,0-1,Black,<=5s vs 5-10s,1788
qDXjQMcL,60,0-1,Black,<=5s vs 5-10s,1415
EqHRPB38,109,1-0,White,<=5s vs 5-10s,2309
ZvWOTbKn,47,1-0,White,<=5s vs 10-15s,1842
Ylu6aPYB,95,1-0,White,<=5s vs 5-10s,2417
DuqVaPed,56,0-1,Black,<=5s vs 5-10s,2095
Bz1jsLir,42,0-1,Black,<=5s vs 10-15s,905
uioLBC1F,69,1-0,White,<=5s vs 15-20s,1925
znqHB64r,62,0-1,Black,<=5s vs 15-20s,1305
drRJo84c,128,1-0,Black,<=5s vs 15-20s,2063
nh0i4ovS,65,1-0,White,<=5s vs 5-10s,2239
QcqIakGw,104,1-0,Black,<=5s vs 5-10s,1871
MufP3MVe,69,1-0,White,<=5s vs 10-15s,1170
vowRTiea,75,1-0,White,<=5s vs 10-15s,2470
DjX22ClJ,85,1-0,White,<=5s vs 5-10s,1483
Umj0SPMq,42,0-1,Black,<=5s vs <=5s,1151
swlPTvoT,61,1-0,White,<=5s vs 15-20s,1690
LIwsCcgT,63,0-1,White,<=5s vs 5-10s,1029
1GLmedgo,65,0-1,White,<=5s vs 10-15s,2083
hMe0PZxJ,47,1-0,White,<=5s vs 10-15s,1173
DBhoX6MG,52,0-1,Black,<=5s vs 10-15s,1291
q1htjhX4,82,1/2-1/2,Black,<=5s vs 10-15s,2170
LfiNNp0J,81,1-0,White,<=5s vs 10-15s,2051
xmQPb2vP,63,1-0,White,<=5s vs 15-20s,2140
yAccNzay,40,0-1,Black,<=5s vs 15-20s,1050
8iUVU8uZ,62,0-1,Black,<=5s vs 5-10s,1901
0o03XZBi,94,0-1,Black,<=5s vs 5-10s,1841
2myP9p11,52,0-1,Black,<=5s vs 10-15s,1188
llGgTskt,82,0-1,Black,<=5s vs 5-10s,2354
yXh2n7s2,64,1-0,Black,<=5s vs <=5s,957
rI43zPwC,120,1/2-1/2,Black,<=5s vs 15-20s,2389
7LNgkmhN,57,1-0,White,<=5s vs 15-20s,1500
fwrcaveV,70,0-1,Black,<=5s vs 15-20s,1633
2RDq55fp,106,1-0,Black,<=5s vs <=5s,2109
YNtNwU0d,75,1-0,White,<=5s vs 5-10s,1372
hpWsZnZ2,75,0-1,White,<=5s vs <=5s,1949
kCPwJmTP,81,1-0,White,<=5s vs 10-15s,2037
AdyueQFJ,83,1-0,White,<=5s vs 15-20s,2490
bcBw94ki,57,1-0,White,<=5s vs 15-20s,1105
dghI19UB,90,0-1,Black,<=5s vs 5-10s,1833
pSvhtnCm,68,0-1,Black,<=5s vs 10-15s,1800
AyUDSsOE,60,0-1,Black,<=5s vs 5-10s,1278
fRsEGX6U,64,0-1,Black,<=5s vs 10-15s,1802
Piw4PVHq,100,0-1,Black,<=5s vs 10-15s,2262
mOPJC5p1,59,1-0,White,<=5s vs 10-15s,1896
Ct5yOOFa,126,0-1,Black,<=5s vs 5-10s,2030
0vyL8Am2,65,1-0,White,<=5s vs 10-15s,1238
7x4hg2id,54,0-1,Black,<=5s vs 10-15s,1356
98SEcp4H,57,1-0,White,<=5s vs 15-20s,1456
N3SPWwBX,64,0-1,Black,<=5s vs 10-15s,1463
cc2Lx1Zx,109,0-1,White,<=5s vs 5-10s,2004
nYtq6atq,81,1-0,White,<=5s vs 5-10s,2568
EBNWhnCB,30,0-1,Black,<=5s vs 15-20s,1374
wlxZDRRm,79,1/2-1/2,White,<=5s vs 5-10s,1195
MuJrpUEX,89,1-0,White,<=5s vs 15-20s,2241
BT1I5pHr,89,0-1,White,<=5s vs 15-20s,803
RySmKMdF,62,0-1,Black,<=5s vs 10-15s,2500
J5rKrBPL,70,0-1,Black,<=5s vs 15-20s,1669
Ie2mxYhM,96,0-1,Black,<=5s vs 5-10s,2399
56tSAFn7,75,1-0,White,<=5s vs 10-15s,2092
tw1pPBiL,49,1-0,White,<=5s vs 15-20s,2201
AdvCxVwy,51,1-0,White,<=5s vs 15-20s,1972
FRUmes77,82,1-0,Black,<=5s vs <=5s,1672
uOesGNo8,101,1-0,White,<=5s vs 10-15s,2806
8gAGtN46,71,1-0,White,<=5s vs 5-10s,1197
0sMuUcbD,79,1/2-1/2,White,<=5s vs 5-10s,2584
L85ryfQS,51,1-0,White,<=5s vs 5-10s,1409
kx1WXszk,71,1-0,White,<=5s vs 5-10s,1807
omLlitg8,58,0-1,Black,<=5s vs 15-20s,1454
IRGspA5c,99,1-0,White,<=5s vs 5-10s,2889
YakFzhLB,99,1-0,White,<=5s vs 10-15s,2157
pmjnMhGY,62,0-1,Black,<=5s vs 10-15s,1853
1vAfO3JW,121,1-0,White,<=5s vs 15-20s,1943
HYEY99aq,53,1-0,White,<=5s vs 15-20s,1782
2UqBslGC,79,1/2-1/2,White,<=5s vs <=5s,1195
68Ns0EoS,72,0-1,Black,<=5s vs 5-10s,1969
LkOKVUsn,63,1-0,White,<=5s vs <=5s,1297
CLFugB3m,79,1-0,White,<=5s vs 5-10s,1848
VrZ8EKaC,89,1-0,White,<=5s vs 15-20s,1729
0LgP7Nci,68,0-1,Black,<=5s vs 5-10s,1541
mL3W1xa3,52,0-1,Black,<=5s vs 10-15s,1543
ctPWNa0y,76,1-0,Black,<=5s vs 5-10s,1670
HlowFrtb,101,1-0,White,<=5s vs <=5s,2257
MRjUv8ga,94,1-0,Black,<=5s vs <=5s,2577
3MOMYBOj,104,0-1,Black,<=5s vs 15-20s,1747
IgrZjiSB,75,1-0,White,<=5s vs 10-15s,1713
cp28aRZR,66,0-1,Black,<=5s vs 5-10s,1545
MjW3mH8L,81,1-0,White,<=5s vs 10-15s,2295
tjTQg1jA,67,1-0,White,<=5s vs 5-10s,2298
tOokYgCd,70,1-0,Black,<=5s vs <=5s,1226
EpMF8xW9,54,1-0,Black,<=5s vs <=5s,1714
ukchWEA8,59,1-0,White,<=5s vs <=5s,1475
AaHQxZlX,42,0-1,Black,<=5s vs 5-10s,889
GUR8B9Hk,67,1-0,White,<=5s vs 5-10s,1353
28RsVmd1,49,1-0,White,<=5s vs 15-20s,1081
zy52CstN,70,0-1,Black,<=5s vs 5-10s,1387
RqNRAsPo,60,0-1,Black,<=5s vs 5-10s,1592
1rLLW6Um,55,1-0,White,<=5s vs 5-10s,2073
K4mC7xLn,93,0-1,White,<=5s vs 5-10s,1953
173MAcCi,102,0-1,Black,<=5s vs 10-15s,2367
L09C939f,50,1-0,Black,<=5s vs <=5s,967
4RFebZVJ,97,1-0,White,<=5s vs 10-15s,2136
Edirby1w,99,1-0,White,<=5s vs 5-10s,1292
2xeQSnI2,91,1-0,White,<=5s vs 5-10s,2288
OUrp40uS,134,1/2-1/2,Black,<=5s vs 5-10s,3201
srijzgt5,62,0-1,Black,<=5s vs 10-15s,1967
hJFPsLFR,115,1-0,White,<=5s vs 15-20s,1665
JQVZQV9e,59,1-0,White,<=5s vs 5-10s,1754
ruYKqjhF,75,0-1,White,<=5s vs <=5s,1644
BxHk3VjW,57,1-0,White,<=5s vs 10-15s,1248
0aK8pOpj,77,1-0,White,<=5s vs 10-15s,2670
FhtUowBS,71,1-0,White,<=5s vs 5-10s,2207
vJIcMzda,61,1-0,White,<=5s vs 5-10s,1574
U1KmfIRN,71,0-1,White,<=5s vs 5-10s,1810
yI4NHmvi,55,1-0,White,<=5s vs 10-15s,950
T9LJ36NB,63,1-0,White,<=5s vs 5-10s,1635
Dfk7n7Tz,48,0-1,Black,<=5s vs 15-20s,917
rOzeSB8l,53,1-0,White,<=5s vs 15-20s,1731
1hfRHHWu,183,1-0,White,<=5s vs 5-10s,2099
FqKOWgO5,70,0-1,Black,<=5s vs 15-20s,1492
KJx0gfqX,85,1-0,White,<=5s vs 15-20s,1865
kQMlfaBF,100,0-1,Black,<=5s vs 15-20s,2029
xsuaBo9t,47,1-0,White,<=5s vs 15-20s,723
8VIZjPgT,111,0-1,White,<=5s vs <=5s,2226
hvAksaSy,81,1-0,White,<=5s vs 15-20s,2134
XYwJQ2F8,59,1-0,White,<=5s vs 10-15s,1505
9faXBh0w,78,0-1,Black,<=5s vs 5-10s,2048
DZaaBgDM,57,1-0,White,<=5s vs 5-10s,1877
SJLs7L9z,76,1-0,Black,<=5s vs 5-10s,1840
aRY7hyOm,71,1-0,White,<=5s vs 5-10s,1999
XWSWCkyl,147,1/2-1/2,White,<=5s vs 15-20s,2513
XQqXEoa7,75,1-0,White,<=5s vs 5-10s,1183
b2gB31hS,94,0-1,Black,<=5s vs 10-15s,1976
nF3qnGCa,70,0-1,Black,<=5s vs 5-10s,868
RJ8ypPaW,100,0-1,Black,<=5s vs 15-20s,2373
OjflgE5p,105,0-1,White,<=5s vs <=5s,3021
QqDxXFDd,87,1-0,White,<=5s vs <=5s,2248
Uh3cEBzb,93,1-0,White,<=5s vs 15-20s,1323
tfJ5XgRQ,110,1-0,Black,<=5s vs 5-10s,2614
4sSvra5g,60,0-1,Black,<=5s vs 15-20s,2227
UIdSOuit,60,0-1,Black,<=5s vs 5-10s,1941
72TGCDgl,89,1-0,White,<=5s vs <=5s,1910
8VCWHPnl,71,0-1,White,<=5s vs 5-10s,2525
jkQdDwhR,58,0-1,Black,<=5s vs 5-10s,1715
SLnrGTec,55,1-0,White,<=5s vs 15-20s,1765
aItVhXfE,66,0-1,Black,<=5s vs 5-10s,2302
1upaQv22,66,0-1,Black,<=5s vs 15-20s,1461
3kbIsOyK,64,1-0,Black,<=5s vs <=5s,1852
ZqRNdDTu,75,1-0,White,<=5s vs 10-15s,2138
SaAm679G,70,1-0,Black,<=5s vs <=5s,1553
cbHnQaN7,98,1-0,Black,<=5s vs 5-10s,2445
kkDEo81f,49,1-0,White,<=5s vs 15-20s,1449
a8pklA7x,84,1/2-1/2,Black,<=5s vs 10-15s,1496
rB2lFuLt,56,0-1,Black,<=5s vs 10-15s,1492
SmDK8bzP,83,1-0,White,<=5s vs 5-10s,2267
m61YBUoA,55,1-0,White,<=5s vs 5-10s,1091
mnnftaLH,230,1-0,Black,<=5s vs <=5s,1739
TwaWvNFA,101,0-1,White,<=5s vs 5-10s,2169
ddfF39Yu,62,0-1,Black,<=5s vs 15-20s,1876
YuNmFPXa,67,1-0,White,<=5s vs 10-15s,1472
nOnMfja8,132,0-1,Black,<=5s vs 10-15s,2533
5g1LAnli,114,0-1,Black,<=5s vs <=5s,2768
XSLTtrDN,40,0-1,Black,<=5s vs 10-15s,909
0x8saHax,82,1-0,Black,<=5s vs <=5s,1834
v5T5Rc1A,43,1-0,White,<=5s vs 5-10s,763
narsz6My,63,1-0,White,<=5s vs 5-10s,1314
RIFz1nPl,59,1-0,White,<=5s vs <=5s,1329
n81hlLvF,52,1-0,Black,<=5s vs <=5s,1484
hdhlu6y9,51,1-0,White,<=5s vs 5-10s,968
BM30W3HH,48,0-1,Black,<=5s vs <=5s,880
26BOaLsK,66,0-1,Black,<=5s vs 15-20s,2275
iKWLgnmG,67,1-0,White,<=5s vs 10-15s,2230
LADcmgDW,60,0-1,Black,<=5s vs 15-20s,2532
Eh8YxLu8,68,1/2-1/2,Black,<=5s vs 5-10s,2395
s6Hhu2HI,54,0-1,Black,<=5s vs 15-20s,1710
3NYUhUjD,98,1-0,Black,<=5s vs <=5s,2088
U3QPkWd0,76,0-1,Black,<=5s vs 10-15s,2311
W11jrl5e,76,0-1,Black,<=5s vs 5-10s,2248
YWQfHBOJ,36,0-1,Black,<=5s vs 5-10s,1116
vv0bR5Nh,86,0-1,Black,<=5s vs 10-15s,1891
5mbEzxDs,52,0-1,Black,<=5s vs <=5s,1475
5brzoUiv,45,1-0,White,<=5s vs 15-20s,1778
ElhYAUiv,57,1-0,White,<=5s vs 10-15s,1386
KrYEz4iE,121,1-0,White,<=5s vs 5-10s,2509
2D4wZkEv,57,1-0,White,<=5s vs 5-10s,1769
61FUTAVG,126,0-1,Black,<=5s vs 5-10s,2371
85flDPob,59,1-0,White,<=5s vs 15-20s,2222
JeL6nCHf,76,0-1,Black,<=5s vs 15-20s,2352
m1jmuCpW,72,0-1,Black,<=5s vs 5-10s,2312
yTLCXNe1,59,1-0,White,<=5s vs 15-20s,1822
Qs3RRsUQ,43,0-1,White,<=5s vs 5-10s,1562
CK2Qj1cU,73,1-0,White,<=5s vs 10-15s,2204
HVCQdbD2,88,0-1,Black,<=5s vs <=5s,2246
56LRjAPb,94,0-1,Black,<=5s vs 15-20s,2156
dqnA3gSC,54,0-1,Black,<=5s vs 10-15s,1465
j0m4UTJy,67,1-0,White,<=5s vs 15-20s,1862
OvjnUzDa,67,0-1,White,<=5s vs <=5s,1919
eBXuugz8,97,1-0,White,<=5s vs 15-20s,2507
IQ0TubAi,65,1-0,White,<=5s vs 10-15s,1966
kHMzlvYG,155,1-0,White,<=5s vs 10-15s,2065
emLrFpTI,87,0-1,White,<=5s vs <=5s,1579
NTagVHtM,120,0-1,Black,<=5s vs 5-10s,2380
9gOjOeS0,36,0-1,Black,<=5s vs 15-20s,1018
kkiu6R0x,77,1-0,White,<=5s vs <=5s,1641
EuXYjqnK,63,0-1,White,<=5s vs 5-10s,1472
TWEHte34,57,1-0,White,<=5s vs 15-20s,1862
YIH1j6Hp,72,0-1,Black,<=5s vs 5-10s,1839
wB0J4OcX,90,0-1,Black,<=5s vs 5-10s,1886
6UVwDUC7,61,0-1,White,<=5s vs <=5s,1384
Bmk9daeL,75,1-0,White,<=5s vs 10-15s,1818
cpJjRJNH,117,1-0,White,<=5s vs 5-10s,2447
yrppNEPu,88,0-1,Black,<=5s vs 5-10s,1921
7tpPr1ag,60,1-0,Black,<=5s vs 5-10s,1384
2LvlG6SC,59,0-1,White,<=5s vs <=5s,1275
RuPVN7A7,108,0-1,Black,<=5s vs 15-20s,2462
eJ0BqFY9,76,0-1,Black,<=5s vs 15-20s,1922
KnRUndKn,83,1-0,White,<=5s vs 5-10s,2505
PHvC59OK,121,1-0,White,<=5s vs 15-20s,2283
uh9fXUCf,116,1-0,Black,<=5s vs <=5s,2679
RHCrZD07,64,0-1,Black,<=5s vs 10-15s,1440
9BWdYu2d,59,1-0,White,<=5s vs 15-20s,1475
JmJaeqsd,115,1-0,White,<=5s vs 15-20s,1801
1qgMHYyP,51,1-0,White,<=5s vs 15-20s,1096
A4HFRywA,121,1-0,White,<=5s vs 15-20s,1934
mtRBwBIO,52,0-1,Black,<=5s vs 15-20s,1206
VCxiZ7UU,77,1-0,White,<=5s vs 5-10s,2033
82m18Q9H,112,0-1,Black,<=5s vs 5-10s,2414
Ma50ia1M,90,1-0,Black,<=5s vs 5-10s,2252
yb64tbWr,67,1-0,White,<=5s vs 5-10s,2057
FSQT0sCA,54,0-1,Black,<=5s vs 10-15s,1713
QjjW3Oxt,73,1-0,White,<=5s vs 5-10s,2516
MFNm8d6M,79,1/2-1/2,White,<=5s vs 10-15s,1781
gDSilqbO,126,1/2-1/2,Black,<=5s vs 5-10s,2138
TQMsAAxz,73,1-0,White,<=5s vs 5-10s,1899
G4BjCYh4,109,1-0,White,<=5s vs 10-15s,2445
HNAyPBLb,85,1-0,White,<=5s vs 15-20s,1102
N08QqEnX,82,1-0,Black,<=5s vs <=5s,2435
m1uRV0ft,55,1-0,White,<=5s vs 10-15s,1284
bk12DMHB,61,0-1,White,<=5s vs <=5s,1071
2U9aBK3i,98,0-1,Black,<=5s vs 5-10s,1758
iaogQHuT,55,1-0,White,<=5s vs 5-10s,1228
QJgimTzC,76,0-1,Black,<=5s vs 15-20s,2212
QeHXeJ8A,53,1-0,White,<=5s vs 5-10s,1108
Rk4C8RH8,77,1-0,White,<=5s vs 10-15s,1538
fRAeYHwo,36,0-1,Black,<=5s vs 10-15s,1259
NY5l4Ev3,77,1-0,White,<=5s vs <=5s,2216
4A9jsHNC,68,1-0,Black,<=5s vs 5-10s,2622
6DoCvlzh,71,1-0,White,<=5s vs 15-20s,1820
uwcj2KXn,69,1-0,White,<=5s vs 15-20s,2301
dFJc70Wz,77,1-0,White,<=5s vs 10-15s,2501
KKG0sMom,45,1-0,White,<=5s vs 5-10s,1410
h2B3wsyR,64,0-1,Black,<=5s vs 10-15s,1973
25BQwvLq,65,1-0,White,<=5s vs 10-15s,2209
GrWor36K,85,1-0,White,<=5s vs 10-15s,2856
JPCtelnz,92,0-1,Black,<=5s vs 5-10s,2617
CIRNdjWT,78,0-1,Black,<=5s vs <=5s,2407
fYNOAQ1N,58,0-1,Black,<=5s vs 5-10s,1318
ZarERLkM,133,1/2-1/2,White,<=5s vs 15-20s,1975
LtO6QzDd,82,0-1,Black,<=5s vs 15-20s,1171
ubh5Iqv7,55,1-0,White,<=5s vs 10-15s,1832
OAI1VZPs,95,1/2-1/2,White,<=5s vs 10-15s,1829
CyPc4bOC,53,1-0,White,<=5s vs 5-10s,1866
ri3S9VNa,48,0-1,Black,<=5s vs 15-20s,2103
EF9FVpTS,44,0-1,Black,<=5s vs 10-15s,1150
ILPhsy7s,127,1-0,White,<=5s vs 15-20s,1955
Lc7Btaf4,93,0-1,White,<=5s vs 5-10s,2396
gylKyiyB,71,1-0,White,<=5s vs 5-10s,1503
XEeFXgzt,45,1-0,White,<=5s vs 15-20s,1287
b9cQvuA8,188,1-0,Black,<=5s vs 10-15s,2414
3K7QASkg,68,0-1,Black,<=5s vs 5-10s,1387
LRITWl0d,68,0-1,Black,<=5s vs 10-15s,1437
tLO4pYIK,114,0-1,Black,<=5s vs 10-15s,1559
AVY38p6i,121,1/2-1/2,White,<=5s vs 15-20s,1961
i413lS9p,79,1-0,White,<=5s vs 5-10s,2030
0ZVz82Au,72,0-1,Black,<=5s vs 10-15s,1496
X1qvUiCO,62,0-1,Black,<=5s vs 15-20s,1910
EQ3TBle4,53,1-0,White,<=5s vs 15-20s,1613
FgjecsgU,73,1-0,White,<=5s vs 10-15s,1420
ye3wh03f,77,1-0,White,<=5s vs 15-20s,1500
j5kbSw2L,107,1/2-1/2,White,<=5s vs 5-10s,1884
pyGOgVFk,58,0-1,Black,<=5s vs 5-10s,1892
63b2Fh65,51,1-0,White,<=5s vs 5-10s,1445
kNyPDfZr,172,0-1,Black,<=5s vs 10-15s,2394
o5r6P84D,95,0-1,White,<=5s vs <=5s,2310
YH6uwuq3,140,0-1,Black,<=5s vs <=5s,2803
NLCUlC3U,83,0-1,White,<=5s vs 10-15s,1470
LsA8MB88,121,1/2-1/2,White,<=5s vs 5-10s,2525
QiYaAHSD,64,0-1,Black,<=5s vs 15-20s,2023
Cc80bWCb,126,1/2-1/2,Black,<=5s vs 5-10s,1930
ptJHBInW,73,1-0,White,<=5s vs 10-15s,1723
feQkWGO7,51,1-0,White,<=5s vs 10-15s,1435
sN7gpSwA,104,0-1,Black,<=5s vs 5-10s,2378
9faAG2tq,83,1-0,White,<=5s vs 5-10s,1842
bPzt9s8y,78,0-1,Black,<=5s vs 10-15s,1428
RZnhc2er,77,1-0,White,<=5s vs 10-15s,2253
bbuNHs16,84,0-1,Black,<=5s vs 15-20s,2064
c6LF8euI,124,1-0,Black,<=5s vs <=5s,2105
tehxpkbr,54,1-0,Black,<=5s vs 5-10s,1462
hxVElQRO,81,1-0,White,<=5s vs 10-15s,1823
26JP8liO,113,1-0,White,<=5s vs 10-15s,2205
btUea96G,93,1-0,White,<=5s vs 5-10s,1943
1yif5U5p,127,1-0,White,<=5s vs 15-20s,2466
s7rmZMRS,57,1-0,White,<=5s vs 10-15s,847
J0PE1axQ,91,1/2-1/2,White,<=5s vs 15-20s,2463
k0HdZMPB,63,1-0,White,<=5s vs 10-15s,1131
9hmasdVE,95,1-0,White,<=5s vs 10-15s,2523
Ij68wad0,49,1-0,White,<=5s vs 15-20s,1297
4LrNyHkL,115,0-1,White,<=5s vs <=5s,2003
DnPaBXqN,61,0-1,White,<=5s vs <=5s,1237
LlvdJtiG,105,1-0,White,<=5s vs <=5s,2028
9gzNzI28,78,0-1,Black,<=5s vs 5-10s,2366
3FxZL8kT,109,1/2-1/2,White,<=5s vs <=5s,2785
mjcCF2ZO,82,0-1,Black,<=5s vs 10-15s,2223
Q3MeNToR,65,1-0,White,<=5s vs 15-20s,1634
kcesZgLD,63,1-0,White,<=5s vs 5-10s,1577
nh7LUIo7,74,0-1,Black,<=5s vs 5-10s,2235
owKB1IwN,127,1/2-1/2,White,<=5s vs 10-15s,2324
NeHKekdU,102,0-1,Black,<=5s vs 5-10s,2483
ZwP7kOTe,89,0-1,White,<=5s vs 5-10s,1919
zv3ImJqX,45,1-0,White,<=5s vs 15-20s,966
yiMYF1VK,77,1-0,White,<=5s vs 10-15s,2525
E6AWJA0t,76,0-1,Black,<=5s vs 15-20s,2275
4aV1aX7E,104,0-1,Black,<=5s vs 5-10s,2130
FfKUUxfJ,115,1-0,White,<=5s vs 10-15s,2397
fXa58ZDz,84,0-1,Black,<=5s vs 10-15s,2877
uCMHl4x8,84,1/2-1/2,Black,<=5s vs 5-10s,1696
CyWNKTU4,38,0-1,Black,<=5s vs 5-10s,955
10wUb9pp,111,0-1,White,<=5s vs <=5s,2197
nmgRtYTt,59,1-0,White,<=5s vs 10-15s,1655
rNPm1sGq,46,0-1,Black,<=5s vs 10-15s,1206
wGOembvu,87,0-1,White,<=5s vs 10-15s,2713
GphnSSHZ,66,0-1,Black,<=5s vs 15-20s,1265
E3AHzBiM,69,1-0,White,<=5s vs 15-20s,1843
47U1kYbA,71,1-0,White,<=5s vs 15-20s,1495
tMxJc2u1,50,0-1,Black,<=5s vs 15-20s,1227
PP2kG6ys,103,1-0,White,<=5s vs <=5s,2759
RfUBfVfI,47,0-1,White,<=5s vs <=5s,1237
LWAwK89w,69,1-0,White,<=5s vs 10-15s,1978
t6A5JknQ,82,1-0,Black,<=5s vs <=5s,1710
lN7StO98,46,0-1,Black,<=5s vs 15-20s,1589
AKqOeWOd,65,1-0,White,<=5s vs 10-15s,2082
zpVpIBwa,65,1-0,White,<=5s vs 5-10s,1444
LkgNxYnQ,57,1-0,White,<=5s vs 15-20s,1259
4Q0SdNHX,54,0-1,Black,<=5s vs 10-15s,983
1p7B86j6,63,1-0,White,<=5s vs 15-20s,1844
3zesdlli,46,0-1,Black,<=5s vs 10-15s,2114
CF9nBu4E,71,1-0,White,<=5s vs 10-15s,1848
6VqkfMxc,52,0-1,Black,<=5s vs 15-20s,1899
uH4ypTOL,89,1-0,White,<=5s vs 15-20s,2621
dM6ljspj,123,1-0,White,<=5s vs 15-20s,1637
UzgoVmSH,75,1-0,White,<=5s vs 5-10s,2039
cqGX1721,90,0-1,Black,<=5s vs 15-20s,2424
fOaZi7Kl,59,1-0,White,<=5s vs 10-15s,1944
QfXWlD48,104,0-1,Black,<=5s vs 15-20s,2972
RTULOhIJ,42,0-1,Black,<=5s vs 5-10s,871
ymulJycc,61,1-0,White,<=5s vs 5-10s,1417
29LykGH4,68,0-1,Black,<=5s vs 5-10s,1550
MPYXrYZT,61,0-1,White,<=5s vs <=5s,1477
ttAbxPXE,51,1-0,White,<=5s vs 5-10s,1136
P8GOWVPP,63,1-0,White,<=5s vs 15-20s,1577
es28KwKg,44,0-1,Black,<=5s vs 15-20s,872
9XTMGwQq,70,1-0,Black,<=5s vs 5-10s,1240
2PoqMe6w,60,0-1,Black,<=5s vs 10-15s,1717
4rirYWQ2,50,0-1,Black,<=5s vs <=5s,1040
El6NP7EW,138,0-1,Black,<=5s vs <=5s,2329
Wl1D95xV,80,1-0,Black,<=5s vs <=5s,2466
QWhc83Ci,64,0-1,Black,<=5s vs 15-20s,1920
AZa0hmdq,42,0-1,Black,<=5s vs 5-10s,1592
jcL7d1aH,73,1-0,White,<=5s vs 10-15s,1592
siW8ENyy,87,1-0,White,<=5s vs 15-20s,1608
R52sAsPu,76,1-0,Black,<=5s vs <=5s,1484
cFJoulvF,58,0-1,Black,<=5s vs 5-10s,1164
mVcKz9Ep,60,0-1,Black,<=5s vs <=5s,1877
mVsJCGXA,74,0-1,Black,<=5s vs <=5s,1506
FhJjSu88,53,1-0,White,<=5s vs 15-20s,1958
beZwLUg3,52,0-1,Black,<=5s vs 15-20s,1773
IHCodNoE,118,1-0,Black,<=5s vs <=5s,2320
cbnFV2zV,63,1-0,White,<=5s vs 10-15s,1990
FSRUgeej,64,0-1,Black,<=5s vs <=5s,1319
7vvvBvwP,53,0-1,White,<=5s vs 15-20s,1442
NaOW6veW,68,1-0,Black,<=5s vs <=5s,2202
C2HFdapd,60,0-1,Black,<=5s vs 15-20s,2049
7J5fu2LI,74,0-1,Black,<=5s vs 15-20s,942
VfDcWy3b,73,0-1,White,<=5s vs 5-10s,1862
LRUSQwWO,78,0-1,Black,<=5s vs 10-15s,2338
x5mvUp71,83,1-0,White,<=5s vs 10-15s,1755
XgSEif6E,52,0-1,Black,<=5s vs 15-20s,1372
AlcSZ1M9,68,0-1,Black,<=5s vs 5-10s,1914
Wnuj7m29,74,0-1,Black,<=5s vs 10-15s,1908
ctBVUbHn,83,0-1,White,<=5s vs <=5s,1471
XunVbW2K,85,1-0,White,<=5s vs <=5s,906
04umreso,140,0-1,Black,<=5s vs 5-10s,2404
5Yr9XZcU,102,0-1,Black,<=5s vs 15-20s,2234
MYb7MLIM,67,0-1,White,<=5s vs <=5s,2492
JeL5FmLY,73,1-0,White,<=5s vs 5-10s,1704
lxVsZkdw,49,1-0,White,<=5s vs 10-15s,1445
EdHuYq2p,86,0-1,Black,<=5s vs 10-15s,1492
dn2ML60F,86,1/2-1/2,Black,<=5s vs 10-15s,1770
BfJYM77m,63,1-0,White,<=5s vs <=5s,1610
pXJY8In3,82,0-1,Black,<=5s vs 10-15s,2291
FADGWwuP,45,0-1,White,<=5s vs <=5s,688
IiWrMYiO,51,1-0,White,<=5s vs 15-20s,1182
BJyYCK1k,139,1/2-1/2,White,<=5s vs 15-20s,1980
lIfIphrj,75,1-0,White,<=5s vs <=5s,1568
JsaMfdV1,93,1-0,White,<=5s vs <=5s,1354
VbfJpSeL,73,1-0,White,<=5s vs 10-15s,1518
DA28DrnZ,97,0-1,White,<=5s vs 5-10s,1975
lOrqGhOp,58,0-1,Black,<=5s vs 10-15s,1545
kykcM1iw,45,1-0,White,<=5s vs 10-15s,854
x9rh17Bn,33,0-1,White,<=5s vs 5-10s,832
KkFx7LLr,79,0-1,White,<=5s vs 5-10s,2164
9awOB2lV,119,1-0,White,<=5s vs 15-20s,2086
3z2YsXAz,47,1-0,White,<=5s vs 5-10s,1069
NbZZm0rI,70,0-1,Black,<=5s vs <=5s,1170
AzIdgKY4,85,1-0,White,<=5s vs 5-10s,1399
4ORwxIm7,55,1-0,White,<=5s vs 10-15s,1212
M7qexxhD,83,1-0,White,<=5s vs 10-15s,2499
dmiRtTWS,58,0-1,Black,<=5s vs 15-20s,2098
fYHc8c3v,78,0-1,Black,<=5s vs 5-10s,1822
DnfuCrzv,30,0-1,Black,<=5s vs 15-20s,1822
EacrsfKl,81,1/2-1/2,White,<=5s vs 15-20s,1973
eGiaNokU,72,0-1,Black,<=5s vs 10-15s,2125
Em9U2K4Y,67,0-1,White,<=5s vs <=5s,1672
Gr6oIU44,62,0-1,Black,<=5s vs 5-10s,1722
9Wdtgx10,73,1-0,White,<=5s vs 15-20s,2005
KhNfXaI8,75,1-0,White,<=5s vs 10-15s,1952
kC1TR3X2,75,1-0,White,<=5s vs <=5s,1519
hA05OPS0,43,1-0,White,<=5s vs 15-20s,1712
P9yT4diF,51,1-0,White,<=5s vs 5-10s,1667
9fsBEle8,60,0-1,Black,<=5s vs <=5s,1506
KdXuaM6i,63,1/2-1/2,White,<=5s vs 5-10s,1859
gKgyqIbJ,71,1-0,White,<=5s vs 5-10s,1651
sc6AnvkM,85,1-0,White,<=5s vs 5-10s,2388
mSQasvO3,121,1-0,White,<=5s vs 15-20s,2400
8bBnjo0j,97,0-1,White,<=5s vs 10-15s,2014
IcAi7TPF,109,1/2-1/2,White,<=5s vs 15-20s,2652
MHMvHi6Y,57,1-0,White,<=5s vs 5-10s,1131
4SGZBhDj,96,1-0,Black,<=5s vs 5-10s,3047
4oYlJiUm,70,0-1,Black,<=5s vs 10-15s,1880
gt8MLWlG,87,1-0,White,<=5s vs 10-15s,2207
EUZ4iW7F,56,1-0,Black,<=5s vs 5-10s,1696
u96fIRIc,66,0-1,Black,<=5s vs 15-20s,1851
SQsl6RJM,49,1-0,White,<=5s vs 15-20s,1092
fekePQOw,105,1-0,White,<=5s vs <=5s,3035
jChjBsfn,42,0-1,Black,<=5s vs 15-20s,557
Hv75VxRD,114,1/2-1/2,Black,<=5s vs 15-20s,1812
As8fw1Fv,88,1-0,Black,<=5s vs 5-10s,2599
AR03rGSj,49,1-0,White,<=5s vs 10-15s,850
Vfp4VMjI,135,0-1,White,<=5s vs 5-10s,2564
KOuLATRx,78,1-0,Black,<=5s vs 5-10s,1853
iP5FJvDk,100,1-0,Black,<=5s vs <=5s,1126
2kVmzQN7,87,0-1,White,<=5s vs <=5s,1213
7ppx63X2,61,1-0,White,<=5s vs 10-15s,1363
JrYEsInk,129,1/2-1/2,White,<=5s vs 10-15s,1860
wJK36lNG,33,1-0,White,<=5s vs 15-20s,621
PaebRVun,49,1-0,White,<=5s vs 15-20s,1297
17OMSMEM,42,0-1,Black,<=5s vs 15-20s,1934
UwHbTxjt,137,1/2-1/2,White,<=5s vs 5-10s,2573
Katl8HTo,80,0-1,Black,<=5s vs 10-15s,2176
Y1CaGMJ9,55,1-0,White,<=5s vs 5-10s,1066
o8RejSxM,85,1-0,White,<=5s vs 15-20s,2250
YMDT2d1s,86,0-1,Black,<=5s vs 15-20s,1896
ZDAZ472s,70,0-1,Black,<=5s vs 15-20s,1469
safC1YAT,88,0-1,Black,<=5s vs 15-20s,2084
yHKWHdaV,48,0-1,Black,<=5s vs 10-15s,1069
32Oo1Isc,115,0-1,White,<=5s vs <=5s,2246
y6byAcVA,74,0-1,Black,<=5s vs 5-10s,2318
qvCz9XQp,119,1/2-1/2,White,<=5s vs 15-20s,1354
W51NuA9M,65,0-1,White,<=5s vs <=5s,1196
RJBETpXS,74,0-1,Black,<=5s vs 5-10s,1484
YmUdjchd,70,0-1,Black,<=5s vs <=5s,1098
RbGlztNM,79,1-0,White,<=5s vs 15-20s,2148
ec4RhaeU,132,0-1,Black,<=5s vs 5-10s,1764
GgiOkyHs,72,0-1,Black,<=5s vs 10-15s,1706
kCiereLs,53,1-0,White,<=5s vs 15-20s,1657
lt5p7Lty,54,0-1,Black,<=5s vs 15-20s,1367
LC8wa2m8,127,0-1,White,<=5s vs <=5s,1908
19pOYk3i,54,0-1,Black,<=5s vs 15-20s,1920
MgccnVXu,83,0-1,White,<=5s vs <=5s,1529
LANEtgpk,87,0-1,White,<=5s vs 10-15s,2550
OhMy2n79,66,0-1,Black,<=5s vs 10-15s,1853
J21CtMhv,82,0-1,Black,<=5s vs 5-10s,1749
BnswgATK,38,0-1,Black,<=5s vs 15-20s,1148
6FdvfBWM,61,0-1,White,<=5s vs 10-15s,1834
hnnlaKYI,114,0-1,Black,<=5s vs 5-10s,2419
3nNxyxsu,48,0-1,Black,<=5s vs 15-20s,1195
HhNpGt4R,73,0-1,White,<=5s vs 5-10s,2389
8cZIhKqx,63,1-0,White,<=5s vs 10-15s,1477
NBUw6ABb,98,0-1,Black,<=5s vs 10-15s,2128
aOD6ngIJ,94,0-1,Black,<=5s vs 15-20s,1097
4wKQsPHg,84,0-1,Black,<=5s vs 10-15s,2013
RBq046gP,75,0-1,White,<=5s vs 5-10s,1518
7YXm21TV,74,1/2-1/2,Black,<=5s vs 15-20s,2000
UfcYGRz1,45,1-0,White,<=5s vs 15-20s,879
Rlq34bh8,80,0-1,Black,<=5s vs 5-10s,1773
9WHldIsO,54,0-1,Black,<=5s vs 10-15s,1157
i4NuKQrD,99,1-0,White,<=5s vs 5-10s,1712
m8NXZlr6,74,1-0,Black,<=5s vs <=5s,1534
yYoUvjDk,132,0-1,Black,<=5s vs 15-20s,2480
Gl0GbaH3,69,1-0,White,<=5s vs 5-10s,2062
WfaL6tAb,56,0-1,Black,<=5s vs 15-20s,2101
HZWUSiq0,63,1-0,White,<=5s vs 5-10s,1970
w0RSyaoT,55,1-0,White,<=5s vs 10-15s,1108
wVwzq37m,74,0-1,Black,<=5s vs 10-15s,2550
vBrOLwom,162,0-1,Black,<=5s vs 5-10s,2632
eDu35Odw,60,1-0,Black,<=5s vs <=5s,1264
OEcYQuuq,71,1-0,White,<=5s vs 5-10s,1903
6ICwFM0m,152,0-1,Black,<=5s vs <=5s,2082
l6Dmd1dY,85,1-0,White,<=5s vs 10-15s,2281
5qAtzVeI,54,1-0,Black,<=5s vs <=5s,1884
oHjBgISt,93,1-0,White,<=5s vs 5-10s,1760
CdgmpL15,95,1-0,White,<=5s vs 5-10s,1894
RvcnFxVE,107,1/2-1/2,White,<=5s vs 10-15s,2147
6EdzRNuo,49,0-1,White,<=5s vs 5-10s,1031
snEcdnSH,79,0-1,White,<=5s vs 5-10s,1757
sp46dUch,77,1-0,White,<=5s vs 5-10s,1626
chjplRKt,144,1-0,Black,<=5s vs 10-15s,2592
V1fVd1w5,42,0-1,Black,<=5s vs 10-15s,1074
XsOJV39X,51,0-1,White,<=5s vs 5-10s,2206
RlvtJQtP,92,0-1,Black,<=5s vs <=5s,1701
EPPB6EWz,96,0-1,Black,<=5s vs 5-10s,1780
cBRIIIos,57,1-0,White,<=5s vs 10-15s,1871
suwWbi4u,65,1-0,White,<=5s vs <=5s,2023
Gff9SZvI,57,1-0,White,<=5s vs 10-15s,1776
jZmgzEOW,89,1-0,White,<=5s vs 5-10s,2324
ktPsEEtW,62,0-1,Black,<=5s vs 10-15s,1750
xk6eDFYi,126,1/2-1/2,Black,<=5s vs 5-10s,3042
5TQYeTti,68,1-0,Black,<=5s vs 5-10s,1553
g22OcQ8J,66,0-1,Black,<=5s vs 10-15s,2229
fO38Cwu1,56,0-1,Black,<=5s vs <=5s,1387
Hmppl9W6,59,0-1,White,<=5s vs 5-10s,1475
zZ9d8uQP,119,0-1,White,<=5s vs 5-10s,1763
WDfanOC0,72,1-0,Black,<=5s vs 5-10s,1704
BMxuztTH,109,0-1,White,<=5s vs <=5s,2056
b9tlst0U,112,1-0,Black,<=5s vs 5-10s,2510
jPsUth16,49,1-0,White,<=5s vs 10-15s,1743
TKK4uq0p,78,1-0,Black,<=5s vs <=5s,1559
XGRaDyZg,95,1/2-1/2,White,<=5s vs 5-10s,2305
xz6QXe9D,89,1-0,White,<=5s vs 15-20s,2165
enuTBgLi,82,0-1,Black,<=5s vs 5-10s,1876
BeT2vp4m,71,1-0,White,<=5s vs 5-10s,1646
qOXpcwab,63,0-1,White,<=5s vs 5-10s,1262
SDqR6I6w,59,1-0,White,<=5s vs 5-10s,1780
NW2R6Suu,75,1-0,White,<=5s vs 5-10s,2006
weKP55Wi,82,1-0,Black,<=5s vs <=5s,1315
4ySiw3ua,92,0-1,Black,<=5s vs 5-10s,2324
guHf4fIJ,71,1-0,White,<=5s vs 15-20s,1903
ITcXS2Sr,74,0-1,Black,<=5s vs 10-15s,1889
O7yVkv1O,56,0-1,Black,<=5s vs 5-10s,1072
B17NEWse,54,0-1,Black,<=5s vs <=5s,1911
bqdaOZTh,54,0-1,Black,<=5s vs <=5s,1287
Ib1LLpt4,79,1-0,White,<=5s vs 5-10s,1442
EKUS1Y6H,86,0-1,Black,<=5s vs <=5s,1678
Vaqpde91,74,0-1,Black,<=5s vs 5-10s,1572
IGKd4Gkv,59,1-0,White,<=5s vs 15-20s,2095
VBcEsTCK,53,1-0,White,<=5s vs 15-20s,1184
J7x798vQ,78,0-1,Black,<=5s vs 10-15s,1975
gCnTXXvG,92,0-1,Black,<=5s vs 10-15s,2451
K1PoM1AJ,91,1-0,White,<=5s vs 5-10s,1809
iZymhkwJ,92,1-0,Black,<=5s vs <=5s,2479
OoWOdFJs,43,1-0,White,<=5s vs 5-10s,874
vp873UIs,80,1-0,Black,<=5s vs <=5s,1961
pf0nJS49,45,1-0,White,<=5s vs 5-10s,779
Ut6FZf5q,52,0-1,Black,<=5s vs 10-15s,1553
4UwVEODG,85,0-1,White,<=5s vs <=5s,2888
fU8yNvDH,51,1-0,White,<=5s vs 15-20s,1775
JPWd9a2a,116,1/2-1/2,Black,<=5s vs 5-10s,1909
PNvCa9TX,51,1-0,White,<=5s vs 15-20s,1512
AoZj5zyi,98,1/2-1/2,Black,<=5s vs 15-20s,2548
bzHo98lo,86,0-1,Black,<=5s vs 10-15s,1939
8vHcm9oa,76,0-1,Black,<=5s vs 15-20s,1961
12eDnyy3,121,1-0,White,<=5s vs 5-10s,2570
aBXYqI2l,92,1-0,Black,<=5s vs 10-15s,1710
cdfshuJP,69,0-1,White,<=5s vs <=5s,1659
U0tPIPcc,153,1/2-1/2,White,<=5s vs 5-10s,2593
CnYWdu99,52,0-1,Black,<=5s vs 10-15s,1430
Qq9eIL0j,108,1-0,Black,<=5s vs 5-10s,2544
vHOM4hoM,67,1-0,White,<=5s vs 15-20s,2372
80E4oc82,97,1-0,White,<=5s vs <=5s,2496
ocgItuXP,82,0-1,Black,<=5s vs 10-15s,1945
A13x4l0N,61,0-1,White,<=5s vs 10-15s,1991
YCRhnmE4,128,0-1,Black,<=5s vs 5-10s,2404
dNhFPAe3,51,1-0,White,<=5s vs 15-20s,1018
IWSJOUn7,93,1-0,White,<=5s vs 5-10s,3062
cL5s69gZ,64,0-1,Black,<=5s vs 10-15s,1693
cxdsLRgP,42,0-1,Black,<=5s vs 10-15s,1127
SNJOvKvj,70,0-1,Black,<=5s vs 10-15s,2580
v8bf2Fkk,66,0-1,Black,<=5s vs 15-20s,1425
7xG5bAmY,101,1-0,White,<=5s vs 10-15s,2062
onKvPMxy,32,0-1,Black,<=5s vs 5-10s,1235
gRdHAZYm,49,1-0,White,<=5s vs 15-20s,2222
tWuh9BRq,42,1-0,Black,<=5s vs 5-10s,843
0oNiIpVG,61,1-0,White,<=5s vs 5-10s,977
ls17JKwf,118,0-1,Black,<=5s vs 15-20s,2391
4yvRtOWd,82,0-1,Black,<=5s vs <=5s,1951
SHEnUDb7,73,1-0,White,<=5s vs 5-10s,1869
hYVXDjZ8,62,0-1,Black,<=5s vs 10-15s,1872
yMf88NbN,80,0-1,Black,<=5s vs 15-20s,2031
FVEpnMc3,90,0-1,Black,<=5s vs <=5s,2236
0q1sOKr3,77,1/2-1/2,White,<=5s vs 5-10s,1833
4YjQZndD,73,0-1,White,<=5s vs 15-20s,1991
AQYJZQ7A,47,1-0,White,<=5s vs 5-10s,1556
YJVRCtoo,60,0-1,Black,<=5s vs 15-20s,2386
lGx86Tzm,66,0-1,Black,<=5s vs 15-20s,1633
8htFH80U,87,1-0,White,<=5s vs <=5s,2415
q7J0xiNm,100,1-0,Black,<=5s vs <=5s,2031
hL0Hq1nD,71,1-0,White,<=5s vs 15-20s,1208
28l4Fcrn,57,1-0,White,<=5s vs 15-20s,1731
VvOgScC4,104,0-1,Black,<=5s vs 10-15s,1572
Bm63pqaG,122,0-1,Black,<=5s vs 5-10s,2233
PqCUy07B,81,1-0,White,<=5s vs 5-10s,2525
tPqMGHc3,55,1-0,White,<=5s vs 15-20s,1915
zoR1rGY0,50,0-1,Black,<=5s vs 15-20s,1118
RLjVeNh7,101,0-1,White,<=5s vs 10-15s,1966
ALU3bPtC,83,1-0,White,<=5s vs 10-15s,2016
xQdLLUdd,64,1-0,Black,<=5s vs <=5s,1730
O8Ik70F0,42,0-1,Black,<=5s vs 10-15s,1382
KXcdiyju,86,0-1,Black,<=5s vs 5-10s,2235
sijYlBPf,74,0-1,Black,<=5s vs <=5s,1669
r9ttEZhb,66,0-1,Black,<=5s vs 15-20s,1044
3URqKuYI,63,1-0,White,<=5s vs 10-15s,1120
CSAHXupd,141,1/2-1/2,White,<=5s vs <=5s,2385
QMCREtiP,71,1-0,White,<=5s vs 5-10s,1112
c8YMjEKY,98,1-0,Black,<=5s vs 15-20s,1880
skP11Bnn,99,1-0,White,<=5s vs 5-10s,2372
FoYxzVLQ,70,0-1,Black,<=5s vs 10-15s,1887
9aDIENpk,91,0-1,White,<=5s vs <=5s,1768
sRdjTj7g,55,1-0,White,<=5s vs 10-15s,1734
NmRkwBwk,51,1-0,White,<=5s vs 15-20s,1292
6cqPnjaN,99,1-0,White,<=5s vs 10-15s,2615
neAswVYt,71,1-0,White,<=5s vs 5-10s,2027
ww8CrTH1,95,1-0,White,<=5s vs 15-20s,2352
toGxaUh6,63,1-0,White,<=5s vs 10-15s,2287
Ju6hfP8T,69,1-0,White,<=5s vs 15-20s,1294
0BMml4lM,59,1-0,White,<=5s vs 5-10s,1707
uFnJr14N,68,0-1,Black,<=5s vs 5-10s,1222
67ISZQU4,72,0-1,Black,<=5s vs 10-15s,1847
6d1yxObQ,47,1-0,White,<=5s vs 5-10s,1033
TOlpoonG,55,1-0,White,<=5s vs <=5s,1624
Np5HXeZA,54,1-0,Black,<=5s vs <=5s,1373
8UcSnDzF,60,0-1,Black,<=5s vs <=5s,1261
JHbQcfMM,74,1-0,Black,<=5s vs 5-10s,1038
e0Xbvkxq,86,0-1,Black,<=5s vs 5-10s,2005
vVyeINuG,47,1-0,White,<=5s vs 15-20s,1135
auxiiPpY,45,1-0,White,<=5s vs 10-15s,1648
Ef1KEaui,54,0-1,Black,<=5s vs 5-10s,1148
LUZtzQ6j,85,1-0,White,<=5s vs 15-20s,2218
V9b8nH6F,86,1-0,Black,<=5s vs <=5s,1227
4cbz1xaK,81,1-0,White,<=5s vs 15-20s,1897
cpki2yOc,61,1-0,White,<=5s vs 5-10s,2067
Gck46rFN,76,0-1,Black,<=5s vs 10-15s,2173
TBKW3WpZ,45,1-0,White,<=5s vs 15-20s,1980
6MaYLuqt,49,1-0,White,<=5s vs 15-20s,1267
tG5hXtG3,66,0-1,Black,<=5s vs 10-15s,2242
x2SCvGba,62,1-0,Black,<=5s vs 5-10s,1641
BCZrYwyr,63,1-0,White,<=5s vs 5-10s,2153
HKrKVfWS,49,1-0,White,<=5s vs 15-20s,1645
dTFtoXfR,93,1-0,White,<=5s vs 15-20s,2476
0Nr3MYEF,132,0-1,Black,<=5s vs 10-15s,2435
qrn9uDag,75,1-0,White,<=5s vs 5-10s,2222
rGUmcV3g,75,1-0,White,<=5s vs 15-20s,1563
NwYEXp9P,80,0-1,Black,<=5s vs 5-10s,2319
8CDUYW5W,121,1-0,White,<=5s vs 5-10s,2452
Fm0HpL2P,52,0-1,Black,<=5s vs 15-20s,1578
k1jFWAci,79,0-1,White,<=5s vs 5-10s,1763
2PhzCkUg,104,1/2-1/2,Black,<=5s vs 15-20s,2176
7thyBkk8,56,0-1,Black,<=5s vs <=5s,1508
4ui3C1aN,55,1-0,White,<=5s vs 15-20s,2216
L1XtpYAU,67,0-1,White,<=5s vs 5-10s,1559
lfdc6FXt,63,1-0,White,<=5s vs 15-20s,1782
LzpdfGxp,52,1-0,Black,<=5s vs 15-20s,1800
zv4hhksn,117,1-0,White,<=5s vs 5-10s,2892
pfJ35Og6,95,1/2-1/2,White,<=5s vs 10-15s,2350
QYvuaexF,36,0-1,Black,<=5s vs 15-20s,1517
1wkF5hAo,58,1-0,Black,<=5s vs <=5s,1391
jKQ8B6cV,86,0-1,Black,<=5s vs 5-10s,1525
GmFv4ybb,78,0-1,Black,<=5s vs 15-20s,1711
7YF8V3HD,139,1-0,White,<=5s vs 10-15s,2479
PJMFZFhG,47,1-0,White,<=5s vs 10-15s,1070
Pr6aaesm,74,1-0,Black,<=5s vs <=5s,2055
OXXErzHm,77,1-0,White,<=5s vs <=5s,1448
jIwL3PML,53,1-0,White,<=5s vs 15-20s,1304
3DgAdeII,69,0-1,White,<=5s vs 5-10s,2261
wHo6miLp,52,0-1,Black,<=5s vs 10-15s,1356
S6zz1OSv,81,1-0,White,<=5s vs 15-20s,1904
JGZuQZrE,54,0-1,Black,<=5s vs 15-20s,1327
VqNzWmJm,66,0-1,Black,<=5s vs 10-15s,1903
ObIuojwz,113,1-0,White,<=5s vs 10-15s,1729
DydZtyQ5,75,1-0,White,<=5s vs 10-15s,2202
FFFcMiMQ,62,0-1,Black,<=5s vs 5-10s,1699
sQcLI4VK,60,0-1,Black,<=5s vs 10-15s,1169
YBReu5fC,66,1-0,Black,<=5s vs 5-10s,2188
UGIo3glJ,69,1-0,White,<=5s vs 15-20s,2090
AzbQ6QMi,56,0-1,Black,<=5s vs 15-20s,1996
0UoyENCj,75,1-0,White,<=5s vs 10-15s,1868
UnCXMf1J,77,1-0,White,<=5s vs 10-15s,2401
0KajoPKS,64,0-1,Black,<=5s vs 15-20s,2209
GVQygCMB,63,1-0,White,<=5s vs 5-10s,1308
S6ZLtETI,51,1-0,White,<=5s vs <=5s,971
sWR9fowZ,133,1-0,White,<=5s vs 15-20s,2145
GtLVVFZp,72,0-1,Black,<=5s vs 10-15s,2019
NBPiCMb1,80,0-1,Black,<=5s vs 15-20s,2348
hEHKxGfY,56,1-0,Black,<=5s vs 5-10s,1031
SSjELS5U,88,0-1,Black,<=5s vs 10-15s,2425
pJ20HeEX,90,1-0,Black,<=5s vs <=5s,1722
Pa3PVZto,39,1-0,White,<=5s vs 15-20s,1377
ZpqiugZS,84,0-1,Black,<=5s vs 5-10s,2353
Rlh3aKTh,91,1-0,White,<=5s vs 15-20s,2556
Z16nvXfF,74,0-1,Black,<=5s vs <=5s,1346
aRjaxziz,72,1-0,Black,<=5s vs 5-10s,2029
IhEgjrdS,85,1-0,White,<=5s vs 5-10s,1987
uuLIc5iT,68,0-1,Black,<=5s vs 5-10s,2167
AYn8MZZU,98,0-1,Black,<=5s vs 5-10s,1898
UXEDBwAW,56,0-1,Black,<=5s vs 10-15s,2070
i894N6Ok,52,0-1,Black,<=5s vs 10-15s,1805
R0wkcVG6,82,0-1,Black,<=5s vs 10-15s,1911
K6MZjPzO,96,0-1,Black,<=5s vs 5-10s,2762
9lYRMs2t,78,0-1,Black,<=5s vs 5-10s,1629
1RGgCaDO,66,0-1,Black,<=5s vs 15-20s,2224
kMRuSa5O,114,1/2-1/2,Black,<=5s vs 5-10s,2319
T87fbPJO,42,1-0,Black,<=5s vs 5-10s,971
4m9Yp4Fh,66,0-1,Black,<=5s vs 5-10s,1558
fpD9ad5m,58,0-1,Black,<=5s vs 5-10s,919
BtbwwFR8,69,1-0,White,<=5s vs 15-20s,2208
1irnQrM6,78,0-1,Black,<=5s vs 15-20s,1772
XYONYV6U,72,0-1,Black,<=5s vs 5-10s,2120
9igB8nx5,72,0-1,Black,<=5s vs 10-15s,1867
8R9gdc3A,50,0-1,Black,<=5s vs 5-10s,2120
3U6af5hK,86,1-0,Black,<=5s vs <=5s,1890
TxQP8D7U,57,1-0,White,<=5s vs 10-15s,1872
4tuCigA3,71,1-0,White,<=5s vs 10-15s,1817
3QLGCFgS,58,0-1,Black,<=5s vs 5-10s,1623
XZ8sKBbR,67,0-1,White,<=5s vs <=5s,1590
hgWQvNFi,63,1-0,White,<=5s vs 15-20s,1646
EKw2wl5S,115,0-1,White,<=5s vs <=5s,2318
UrstFmaU,79,1-0,White,<=5s vs 10-15s,2229
A6AwsaxD,79,1-0,White,<=5s vs 15-20s,2721
k1LsMuib,44,0-1,Black,<=5s vs 15-20s,1282
EB3i1I8f,91,1-0,White,<=5s vs 10-15s,1901
LIjzkCdZ,83,1-0,White,<=5s vs <=5s,2271
xqpv8ITJ,68,0-1,Black,<=5s vs 15-20s,1546
MTERCjB2,80,1/2-1/2,Black,<=5s vs <=5s,1547
izdqynVz,78,0-1,Black,<=5s vs 5-10s,1504
VOAlsngC,105,0-1,White,<=5s vs <=5s,2331
xt4lU1nK,75,1-0,White,<=5s vs 10-15s,1938
sEOwoU2Z,83,1-0,White,<=5s vs 10-15s,1880
MjlqDBsK,56,0-1,Black,<=5s vs 10-15s,1713
nnjtoCNW,81,1-0,White,<=5s vs 10-15s,2203
IcuDotq2,53,1-0,White,<=5s vs 10-15s,1678
C7BmulEy,59,1-0,White,<=5s vs 15-20s,1410
iRJcVh4J,61,1-0,White,<=5s vs 5-10s,1383
VU0go2gT,131,1-0,White,<=5s vs 10-15s,1730
81Lsu036,85,1/2-1/2,White,<=5s vs 5-10s,1696
Ji5TcbPt,72,0-1,Black,<=5s vs 10-15s,1948
m46r7V11,55,1-0,White,<=5s vs 10-15s,1483
YrQVQS4g,66,1-0,Black,<=5s vs 10-15s,1910
LFhIFoHW,97,1-0,White,<=5s vs 5-10s,2455
Vqo3wq9z,52,0-1,Black,<=5s vs 15-20s,1272
lPRIT3CP,77,1-0,White,<=5s vs 10-15s,870
xoPEiu5j,58,0-1,Black,<=5s vs 15-20s,1695
S0MQYXSg,59,1-0,White,<=5s vs 15-20s,1385
0lheyCNc,38,0-1,Black,<=5s vs 10-15s,989
rH20Zwiy,73,1-0,White,<=5s vs 5-10s,1218
WBxgSrl2,67,0-1,White,<=5s vs <=5s,1498
fRNJ6JzL,54,0-1,Black,<=5s vs 5-10s,1201
MDEDU6CA,54,0-1,Black,<=5s vs 10-15s,1660
K3d5D9z5,75,0-1,White,<=5s vs 5-10s,2282
cApiPuSS,51,1-0,White,<=5s vs 15-20s,1862
8jSGFYTu,48,0-1,Black,<=5s vs 15-20s,1422
6CXPcKsH,113,0-1,White,<=5s vs 5-10s,2481
dwEQcsR6,61,1-0,White,<=5s vs 5-10s,1456
Fi9cCJrN,104,0-1,Black,<=5s vs 15-20s,1959
YGqDFSzX,56,0-1,Black,<=5s vs 10-15s,1178
BwylkLLS,75,1-0,White,<=5s vs 15-20s,1519
Zm0omhpH,57,1-0,White,<=5s vs 15-20s,1079
FK9icoAy,85,1-0,White,<=5s vs 5-10s,1796
rSbjq3Nx,74,0-1,Black,<=5s vs 10-15s,1866
blW8HcLa,84,1-0,Black,<=5s vs <=5s,2021
oXmZ82Iv,42,0-1,Black,<=5s vs 15-20s,1303
Lb77U726,83,0-1,White,<=5s vs 5-10s,2101
62tnbRxB,99,1-0,White,<=5s vs 10-15s,2390
4Krsp7pj,148,1/2-1/2,Black,<=5s vs 5-10s,2026
VQoLJkxa,124,1/2-1/2,Black,<=5s vs <=5s,2026
hhpk8GhS,75,1-0,White,<=5s vs 5-10s,1831
soEkqu4P,46,0-1,Black,<=5s vs 15-20s,1318
fA1mHyqT,51,1-0,White,<=5s vs 5-10s,1153
L5hApTuO,49,1-0,White,<=5s vs 5-10s,1209
AXxlOOoB,73,1-0,White,<=5s vs 15-20s,1724
T0XEnPW8,97,1-0,White,<=5s vs 10-15s,2037
9Q4MWm19,81,1-0,White,<=5s vs 10-15s,1891
Zdcvzwg2,70,0-1,Black,<=5s vs 5-10s,1732
tZqLxqFu,101,1-0,White,<=5s vs 10-15s,2230
xpz7TBVt,57,1-0,White,<=5s vs 10-15s,1457
hCLBsC85,72,0-1,Black,<=5s vs 15-20s,1889
0F11nMVQ,97,1-0,White,<=5s vs 5-10s,2775
dVfjO5UY,51,1-0,White,<=5s vs 10-15s,1619
G0s7RqXZ,55,1-0,White,<=5s vs 15-20s,1657
QZLe63Iu,137,1/2-1/2,White,<=5s vs 10-15s,2771
pr42BLQu,53,0-1,White,<=5s vs 5-10s,1016
W4LQQ5Q1,57,1-0,White,<=5s vs 15-20s,1911
5edJ7I5K,89,1-0,White,<=5s vs 10-15s,1392
PKR4UsiF,67,0-1,White,<=5s vs 5-10s,1617
LmEcE5ry,51,1-0,White,<=5s vs 15-20s,1419
Ef9ayzSH,52,0-1,Black,<=5s vs 15-20s,1033
yCUjdsWx,64,1-0,Black,<=5s vs 5-10s,1195
IBV6R5I8,57,1/2-1/2,White,<=5s vs 15-20s,2006
UABHeHUb,69,1-0,White,<=5s vs 15-20s,1826
1mMGmFW2,78,0-1,Black,<=5s vs 15-20s,2554
UuTQMFNh,73,0-1,White,<=5s vs <=5s,2147
5fGI9IEo,99,1-0,White,<=5s vs <=5s,2216
bV7sUz6J,68,0-1,Black,<=5s vs 5-10s,2391
My0pVKFE,54,0-1,Black,<=5s vs 10-15s,1512
DY0kjjAK,104,0-1,Black,<=5s vs 15-20s,2573
OqDvDDZU,114,0-1,Black,<=5s vs 15-20s,1960
TkFvvjAO,54,0-1,Black,<=5s vs 15-20s,1669
A5SrpJcR,150,0-1,Black,<=5s vs 10-15s,1898
0QultJkc,52,0-1,Black,<=5s vs 15-20s,1142
NTZBHvBO,44,0-1,Black,<=5s vs 10-15s,1737
Hovp1mjB,63,1-0,White,<=5s vs 15-20s,1699
Neyt6syi,112,1/2-1/2,Black,<=5s vs 5-10s,2371
VEzxNrRx,65,1-0,White,<=5s vs 5-10s,1924
0FXdK8pq,62,0-1,Black,<=5s vs 15-20s,1498
OFDcDssB,75,0-1,White,<=5s vs 5-10s,2087
vV7XJtl5,61,1-0,White,<=5s vs 10-15s,944
twT3qsOo,56,0-1,Black,<=5s vs 15-20s,1752
0XOhVhht,61,1-0,White,<=5s vs 5-10s,1666
FusVqRwJ,58,0-1,Black,<=5s vs 5-10s,1278
lsurQjmf,53,1-0,White,<=5s vs 5-10s,1110
cUAkvcr1,151,1/2-1/2,White,<=5s vs 10-15s,1811
MnYM1KDm,69,1-0,White,<=5s vs 15-20s,1520
YpYRxd54,67,1-0,White,<=5s vs 10-15s,2141
3NCRY6aN,93,1-0,White,<=5s vs 5-10s,1788
Drot2M5F,99,1-0,White,<=5s vs 15-20s,2614
LHkUQxt6,69,1-0,White,<=5s vs 10-15s,1040
jdVAQz11,91,1-0,White,<=5s vs 5-10s,2589
VUWBEnlU,63,1-0,White,<=5s vs 15-20s,1901
1mgGuh3t,101,1-0,White,<=5s vs 15-20s,2047
A7bq6Vzz,76,0-1,Black,<=5s vs 15-20s,1559
cjZI0VMo,92,0-1,Black,<=5s vs 10-15s,1401
6VrS9hrs,65,1-0,White,<=5s vs 15-20s,2404
YeNcr2ik,66,0-1,Black,<=5s vs 5-10s,1878
SAhUrYSH,98,0-1,Black,<=5s vs 5-10s,2029
S1W14wpI,39,1-0,White,<=5s vs 15-20s,531
MSTfYNGO,74,0-1,Black,<=5s vs 15-20s,2121
jx2WWlM3,49,1-0,White,<=5s vs 5-10s,2124
zzSZlsvd,79,1-0,White,<=5s vs 15-20s,1322
LNB4mclw,95,1-0,White,<=5s vs 5-10s,1973
tdoTYTFc,95,0-1,White,<=5s vs <=5s,2449
VCvtatKK,121,1-0,White,<=5s vs 10-15s,1631
t8M2vg9i,112,0-1,Black,<=5s vs 5-10s,1822
L30MOr6o,98,0-1,Black,<=5s vs <=5s,2482
dzAroBVn,44,0-1,Black,<=5s vs 15-20s,1100
Q3yB6VsQ,71,1-0,White,<=5s vs 15-20s,1813
43d6ZTkb,38,0-1,Black,<=5s vs 5-10s,927
sf5DCqES,58,1-0,Black,<=5s vs 5-10s,2264
cHK1e1Nn,107,1-0,White,<=5s vs 10-15s,2264
vD3i5x7X,145,1-0,White,<=5s vs 15-20s,2565
Ecm6YhEL,61,1-0,White,<=5s vs 10-15s,1547
Og7PnAeh,62,0-1,Black,<=5s vs 5-10s,1958
JcTPGPle,70,0-1,Black,<=5s vs 10-15s,1947
Qcllv77g,55,1-0,White,<=5s vs 5-10s,1274
9QkQ7pT7,75,1-0,White,<=5s vs <=5s,1756
uuPWSr5i,55,1-0,White,<=5s vs 15-20s,1437
fzJ2q78H,41,1-0,White,<=5s vs 15-20s,841
7IOun774,77,0-1,White,<=5s vs <=5s,2092
xmTN0IFY,61,1-0,White,<=5s vs <=5s,1290
NvcbIWUh,56,0-1,Black,<=5s vs 10-15s,1399
PcBJ4NWi,97,1-0,White,<=5s vs 5-10s,2080
XlJhClFR,91,0-1,White,<=5s vs 15-20s,2328
xpNXFhiM,57,1-0,White,<=5s vs 10-15s,1405
MaePcMVv,58,0-1,Black,<=5s vs 15-20s,1245
rMGeOnKG,66,1-0,Black,<=5s vs <=5s,1678
UkImc2lH,100,0-1,Black,<=5s vs 5-10s,2049
C8M3qj35,82,0-1,Black,<=5s vs 15-20s,2417
NzAk6fl5,68,0-1,Black,<=5s vs 5-10s,2092
H6PyvJx6,50,0-1,Black,<=5s vs 15-20s,995
D6Bxe60y,84,0-1,Black,<=5s vs <=5s,2428
cvaLP16i,172,0-1,Black,<=5s vs 15-20s,1544
oG8Tdx0b,62,1-0,Black,<=5s vs 5-10s,1908
uxf30Kkf,51,0-1,White,<=5s vs 10-15s,1792
poXPAveO,78,0-1,Black,<=5s vs 5-10s,1038
8PWepEZD,56,0-1,Black,<=5s vs <=5s,1424
KVqSYTnn,65,1-0,White,<=5s vs 10-15s,1642
PWv72zVi,68,1-0,Black,<=5s vs <=5s,1750
DJ0tM56s,72,0-1,Black,<=5s vs 10-15s,2134
l3HdukKc,53,1-0,White,<=5s vs 15-20s,1855
ZgIPErSd,98,0-1,Black,<=5s vs 5-10s,1994
Wnn5piTi,56,0-1,Black,<=5s vs 10-15s,1466
pHVHZVPA,53,0-1,White,<=5s vs 5-10s,1591
eFEwFfoV,65,0-1,White,<=5s vs <=5s,1794
ZbrDw69D,101,1-0,White,<=5s vs 10-15s,1980
S15H4I4x,73,1-0,White,<=5s vs 10-15s,1762
jClQN7Y7,86,0-1,Black,<=5s vs 5-10s,2476
35Qs3Gx5,80,1-0,Black,<=5s vs 5-10s,2464
nvCEaSm4,101,1-0,White,<=5s vs 15-20s,2409
OAE1ngAF,120,1/2-1/2,Black,<=5s vs 5-10s,2412
DVGbUNpr,93,1-0,White,<=5s vs 5-10s,2334
82XaCeCC,78,0-1,Black,<=5s vs 5-10s,1799
3KbRo8dB,142,1-0,Black,<=5s vs 5-10s,2581
GwGLx2vT,104,0-1,Black,<=5s vs 10-15s,2394
8sJRZ9Mx,84,0-1,Black,<=5s vs <=5s,1220
PojStWNc,102,0-1,Black,<=5s vs 15-20s,2766
pu08l7Bn,69,1-0,White,<=5s vs 5-10s,1315
8QIWruCO,66,0-1,Black,<=5s vs 5-10s,1745
bqVo0PBv,81,1-0,White,<=5s vs 15-20s,2241
Hfr4Rv5I,69,1-0,White,<=5s vs <=5s,1472
XcZjsJ26,74,0-1,Black,<=5s vs <=5s,1194
Gf48giG9,49,0-1,White,<=5s vs 10-15s,1200
5G2dbZZp,61,1-0,White,<=5s vs 5-10s,1666
pTyFumD5,82,0-1,Black,<=5s vs 15-20s,1701
E2WFsDXi,78,0-1,Black,<=5s vs 15-20s,2406
q9tv5jwe,94,0-1,Black,<=5s vs 10-15s,2089
iPItkpbI,52,0-1,Black,<=5s vs 15-20s,1764
e7E6rMw2,56,0-1,Black,<=5s vs 10-15s,1720
vtCEusAI,72,1-0,Black,<=5s vs 5-10s,2433
RGBZeEEV,61,1-0,White,<=5s vs 5-10s,1588
xDGcilYK,44,0-1,Black,<=5s vs <=5s,1317
Jaj7GwM2,64,0-1,Black,<=5s vs 10-15s,2335
hCAzFpwJ,77,0-1,White,<=5s vs 5-10s,2251
2bPkTiqy,72,0-1,Black,<=5s vs 15-20s,1849
67dkT0UN,72,0-1,Black,<=5s vs 10-15s,1752
pb2jdlQD,48,0-1,Black,<=5s vs 10-15s,1022
BIVAkZ62,63,1-0,White,<=5s vs 15-20s,1645
IUcpfDYS,46,0-1,Black,<=5s vs 10-15s,974
z9ldcuI7,40,0-1,Black,<=5s vs 15-20s,1015
BNtL0KYk,66,0-1,Black,<=5s vs 15-20s,1269
TUfkRbmH,84,1/2-1/2,Black,<=5s vs 10-15s,2192
hzrtwCOV,53,1-0,White,<=5s vs 15-20s,1335
ZfGgp8Kh,78,1-0,Black,<=5s vs <=5s,1839
ONbvKc7D,80,0-1,Black,<=5s vs 15-20s,1429
6S2lDHj8,100,0-1,Black,<=5s vs 15-20s,2671
701QUJQP,42,0-1,Black,<=5s vs <=5s,742
cRHNVB9u,67,1-0,White,<=5s vs 5-10s,1457
a0rDg414,52,0-1,Black,<=5s vs 15-20s,1615
9auPr9KQ,56,0-1,Black,<=5s vs 10-15s,1552
OM6A4HGA,131,1-0,White,<=5s vs 5-10s,2008
Y3hOYLp3,64,0-1,Black,<=5s vs 5-10s,1989
XKmxE9aT,102,1/2-1/2,Black,<=5s vs 5-10s,2610
B37prq4h,84,1/2-1/2,Black,<=5s vs 5-10s,2401
v87zFE8c,55,1-0,White,<=5s vs 10-15s,1515
qnpu5P30,96,0-1,Black,<=5s vs 15-20s,2561
VY4ynILK,136,0-1,Black,<=5s vs 15-20s,2164
CZpzGmKW,68,0-1,Black,<=5s vs 10-15s,1975
VZhF8TGG,49,1-0,White,<=5s vs 10-15s,1186
ejEbogv6,93,1-0,White,<=5s vs 10-15s,2512
onhdiKq5,69,1-0,White,<=5s vs 10-15s,1627
Eq06H7Kt,76,0-1,Black,<=5s vs 10-15s,1248
KnmuQ1T3,38,0-1,Black,<=5s vs 10-15s,1216
Eq2uSL58,118,0-1,Black,<=5s vs 15-20s,1632
QZm2Ijdm,53,0-1,White,<=5s vs 10-15s,1410
bS47ko6o,73,1-0,White,<=5s vs 15-20s,2134
Xa5ftArd,57,1-0,White,<=5s vs 15-20s,2077
jA9kR0cz,70,1-0,Black,<=5s vs 10-15s,1807
M8nHRpvh,73,1-0,White,<=5s vs 5-10s,1286
oahi3vik,62,0-1,Black,<=5s vs 15-20s,1397
Ybb1pRIe,47,1-0,White,<=5s vs 5-10s,1058
RNZbkibD,64,0-1,Black,<=5s vs 15-20s,1816
EUOrgm1F,80,1-0,Black,<=5s vs <=5s,1556
DRSUkPxg,100,1-0,Black,<=5s vs 5-10s,2033
kVmZjvYu,38,0-1,Black,<=5s vs 15-20s,1042
9J6mf34q,54,0-1,Black,<=5s vs 5-10s,1264
ABEDEmvE,94,0-1,Black,<=5s vs 10-15s,2239
OQoKKJX9,77,1-0,White,<=5s vs 5-10s,2000
5QuWteYd,108,0-1,Black,<=5s vs 15-20s,2466
9E0SpNSN,115,1-0,White,<=5s vs 15-20s,2318
0loLNIiA,109,1-0,White,<=5s vs 5-10s,2412
O36ojLnC,102,1-0,Black,<=5s vs 10-15s,1928
FmQRMOb0,51,0-1,White,<=5s vs <=5s,1331
1pgOgTu1,58,0-1,Black,<=5s vs 15-20s,1990
GoxOjj0s,54,0-1,Black,<=5s vs 10-15s,1604
cvfqIprP,49,1-0,White,<=5s vs 15-20s,1469
Xav65iFM,60,0-1,Black,<=5s vs 10-15s,1604
I52bi6gB,50,0-1,Black,<=5s vs 10-15s,1213
LVE2gKWT,102,0-1,Black,<=5s vs <=5s,1258
RIte2De7,60,0-1,Black,<=5s vs 15-20s,2201
UWZR8lpA,106,0-1,Black,<=5s vs 5-10s,2120
bXknSYab,49,1-0,White,<=5s vs 10-15s,1771
roErTWsn,72,1-0,Black,<=5s vs <=5s,2084
YSXleOZD,54,1-0,Black,<=5s vs <=5s,2132
DMQcXidB,67,1-0,White,<=5s vs 10-15s,1759
AoJOiVu3,79,0-1,White,<=5s vs 5-10s,1930
AjCKt6CD,79,1-0,White,<=5s vs 15-20s,2557
HMcij4iP,87,1-0,White,<=5s vs 10-15s,2329
tVqa895l,37,1-0,White,<=5s vs 10-15s,783
t3f6onsO,68,1-0,Black,<=5s vs 5-10s,1782
LXBo6mF0,55,1-0,White,<=5s vs 15-20s,1145
zBX5Dq2i,61,1-0,White,<=5s vs 5-10s,1748
72MYa6Id,52,0-1,Black,<=5s vs 15-20s,1587
R0oae3Wb,61,1-0,White,<=5s vs 5-10s,1171
6fopCYOx,44,0-1,Black,<=5s vs 5-10s,2150
RX8zD3se,55,1-0,White,<=5s vs 10-15s,1035
AA8zb0qA,88,1-0,Black,<=5s vs 10-15s,2387
KOUbAfOu,73,1-0,White,<=5s vs 5-10s,1771
o14yPLVI,61,1-0,White,<=5s vs 5-10s,1663
PwWYiZAM,41,1-0,White,<=5s vs 15-20s,986
RNt9XY7P,93,1-0,White,<=5s vs 5-10s,2556
0LRnH3MO,59,1-0,White,<=5s vs 15-20s,1688
yW3xxfb2,70,1-0,Black,<=5s vs 10-15s,2234
12S4hItn,83,1-0,White,<=5s vs 5-10s,1629
dwktSA4L,61,0-1,White,<=5s vs <=5s,1620
V4J11Vu8,41,1-0,White,<=5s vs 15-20s,1416
71FCQOfW,50,1-0,Black,<=5s vs <=5s,1108
baJ8QZrH,54,0-1,Black,<=5s vs <=5s,1024
PPQds3tC,60,1-0,Black,<=5s vs 15-20s,2135
ky2qVSha,89,1-0,White,<=5s vs 10-15s,1989
utEg8JbG,94,0-1,Black,<=5s vs 15-20s,2406
Gu9Fhl4J,50,0-1,Black,<=5s vs 5-10s,1105
pSuE3EQ2,86,1-0,Black,<=5s vs 5-10s,1695
PVWjnPsd,69,1-0,White,<=5s vs 10-15s,1160
nUCID3IT,68,1-0,Black,<=5s vs 5-10s,1940
tnAqptS9,111,1-0,White,<=5s vs 10-15s,2183
2gS3u1qo,154,1/2-1/2,Black,<=5s vs 5-10s,3193
N2X78F5e,74,0-1,Black,<=5s vs 5-10s,1368
HNC8mUNk,67,1-0,White,<=5s vs 15-20s,1213
NbIMAQIe,67,1-0,White,<=5s vs 10-15s,1748
tnJ2SBLO,58,0-1,Black,<=5s vs 5-10s,1381
YwoIAdmo,76,0-1,Black,<=5s vs 10-15s,1796
SUodm4MO,65,0-1,White,<=5s vs 5-10s,1848
k2PoXOHG,71,1-0,White,<=5s vs 15-20s,1391
l8LcHXRl,83,1-0,White,<=5s vs 5-10s,1325
XatHUbj9,53,1-0,White,<=5s vs 15-20s,1507
dmyvuCDH,70,1-0,Black,<=5s vs 5-10s,2174
DoSaqISF,64,0-1,Black,<=5s vs 5-10s,1357
8QvY01Dr,83,1-0,White,<=5s vs 5-10s,1840
KqDnMuh3,77,1-0,White,<=5s vs 5-10s,1520
VZ9GdAR0,66,0-1,Black,<=5s vs 15-20s,1716
A8Xl9eim,119,1-0,White,<=5s vs 5-10s,2197
0ODoWHET,66,0-1,Black,<=5s vs 10-15s,2020
dYNs0bMo,66,0-1,Black,<=5s vs 10-15s,1442
EJ1nJ9d9,43,0-1,White,<=5s vs 5-10s,742
qI6TV1O1,109,1-0,White,<=5s vs 10-15s,2416
CWssJAsq,101,1/2-1/2,White,<=5s vs 15-20s,2479
iXxBXa5X,152,1/2-1/2,Black,<=5s vs 15-20s,927
6ZguNzqe,94,1-0,Black,<=5s vs 5-10s,2100
VZxnxWeO,75,1-0,White,<=5s vs 15-20s,1766
1yQSeWIu,80,0-1,Black,<=5s vs 15-20s,2499
Umvxrh5C,74,0-1,Black,<=5s vs 5-10s,1381
62kll6ST,65,1-0,White,<=5s vs 5-10s,1183
QIqPAcP8,69,1-0,White,<=5s vs <=5s,1787
Q6VQht2W,55,1-0,White,<=5s vs 10-15s,2466
a2Au2c26,80,1/2-1/2,Black,<=5s vs 10-15s,1940
q293UVs3,57,1-0,White,<=5s vs 10-15s,1897
wH6IdUsl,71,1-0,White,<=5s vs 15-20s,2110
pmvNEI2I,70,0-1,Black,<=5s vs 10-15s,1742
SOe1aqSs,72,0-1,Black,<=5s vs 10-15s,1924
9RJImX7P,97,1-0,White,<=5s vs 15-20s,2514
JsObXggQ,51,1-0,White,<=5s vs 15-20s,1513
YTqVwBbH,50,0-1,Black,<=5s vs 15-20s,1307
JhFjqiQA,113,0-1,White,<=5s vs 5-10s,2602
wZ6Z8ShJ,92,0-1,Black,<=5s vs 5-10s,1665
FZBGC6hl,65,1-0,White,<=5s vs 5-10s,1409
cG0rzIjC,83,1-0,White,<=5s vs 5-10s,2606
nPR0XIFs,49,1-0,White,<=5s vs 10-15s,1155
bzuzWq7e,108,0-1,Black,<=5s vs 5-10s,1568
CLcsc1Ba,55,1-0,White,<=5s vs 10-15s,1315
xYkyIEiL,100,1-0,Black,<=5s vs 5-10s,2092
YOEoBJky,121,1-0,White,<=5s vs 10-15s,1597
Ua4P3uRL,46,1-0,Black,<=5s vs <=5s,1100
pKluXayp,67,0-1,White,<=5s vs 10-15s,1907
Rd42Pilo,77,1-0,White,<=5s vs 5-10s,1395
GgPsMJ2W,87,1-0,White,<=5s vs 15-20s,1968
NQLyAsPX,48,0-1,Black,<=5s vs 10-15s,1297
DYEZ6HIE,46,0-1,Black,<=5s vs 15-20s,1123
2fRdxYPR,93,1-0,White,<=5s vs 5-10s,2388
SfCIua0H,79,1-0,White,<=5s vs 5-10s,1697
Gt7BT8Qj,50,0-1,Black,<=5s vs 15-20s,1059
FZCbgj7E,70,0-1,Black,<=5s vs 10-15s,1656
9VDe4TlI,47,1-0,White,<=5s vs 5-10s,1567
6xwrCTQE,111,1-0,White,<=5s vs 5-10s,1847
7naLUwbe,89,0-1,White,<=5s vs 10-15s,2402
XBEqorcr,103,0-1,White,<=5s vs 5-10s,1973
j5mE5gh2,97,1-0,White,<=5s vs 10-15s,1862
zBhjlTC2,140,0-1,Black,<=5s vs <=5s,1867
uCis76h2,77,1-0,White,<=5s vs 10-15s,1734
VNRYyVBQ,93,0-1,White,<=5s vs 5-10s,2201
zO0aSVnM,109,1/2-1/2,White,<=5s vs 5-10s,2267
NTRb2yvR,41,1-0,White,<=5s vs 15-20s,1231
QtxgPp8Z,121,1/2-1/2,White,<=5s vs 5-10s,2176
Wf3b0JKx,56,0-1,Black,<=5s vs 5-10s,1458
WFCp6hnN,186,0-1,Black,<=5s vs 15-20s,2479
WwB8I99y,73,0-1,White,<=5s vs <=5s,1291
Kwyy7ioj,103,1-0,White,<=5s vs <=5s,1712
gyCOxHU8,76,0-1,Black,<=5s vs 15-20s,2514
0b9SIfzD,62,0-1,Black,<=5s vs 15-20s,1960
riOIiYBi,135,0-1,White,<=5s vs 10-15s,2872
Ji3PcntJ,80,0-1,Black,<=5s vs <=5s,2810
Vt5EUALv,62,1-0,Black,<=5s vs 5-10s,1252
DupnnvwP,69,1-0,White,<=5s vs <=5s,2491
QxGMjlXZ,166,0-1,Black,<=5s vs 5-10s,2246
mPTYs0wA,84,0-1,Black,<=5s vs 15-20s,1779
aCBSFPQX,97,1/2-1/2,White,<=5s vs 5-10s,2097
f70eAXtp,77,1-0,White,<=5s vs 10-15s,2144
QygwbQwg,65,1-0,White,<=5s vs 15-20s,1105
RK5l1nyQ,45,1-0,White,<=5s vs 5-10s,1660
tG1ShKwc,73,1-0,White,<=5s vs 15-20s,1798
wXKiMUdY,61,1-0,White,<=5s vs 10-15s,1716
JqlTZN9p,55,0-1,White,<=5s vs 5-10s,1332
0loLINF1,58,0-1,Black,<=5s vs 10-15s,1859
PpYkr0qx,94,0-1,Black,<=5s vs 15-20s,2001
jOWz69OJ,74,1-0,Black,<=5s vs <=5s,1718
jmL2biTA,85,0-1,White,<=5s vs <=5s,2116
StfI8wZi,150,1/2-1/2,Black,<=5s vs 5-10s,1970
0LfIYYFh,104,1-0,Black,<=5s vs <=5s,2421
DkIVZoTg,155,0-1,White,<=5s vs <=5s,2843
d5nigVCk,83,1-0,White,<=5s vs 10-15s,2573
n31w5GGC,96,0-1,Black,<=5s vs 10-15s,1581
dB6QfDk9,74,1-0,Black,<=5s vs <=5s,1405
9F47AZHZ,53,0-1,White,<=5s vs 10-15s,1518
2FLETBR2,96,0-1,Black,<=5s vs 15-20s,2238
IWwnaek9,75,0-1,White,<=5s vs <=5s,1873
JzbVJ3By,66,0-1,Black,<=5s vs 5-10s,1294
ojumDg4M,62,1-0,Black,<=5s vs <=5s,1934
8rAj6aIb,59,1-0,White,<=5s vs 15-20s,2128
oYvoLfHW,65,1-0,White,<=5s vs 15-20s,2184
x0Xl6Q8W,70,1-0,Black,<=5s vs <=5s,1977
HkQF3kYl,72,1/2-1/2,Black,<=5s vs 10-15s,2299
2uEbca9u,52,0-1,Black,<=5s vs 10-15s,1897
0s32czkS,68,0-1,Black,<=5s vs 5-10s,1752
aNIfrEgN,81,0-1,White,<=5s vs <=5s,1599
tPeRPnF7,144,1-0,Black,<=5s vs 5-10s,2401
LGI0pLlv,69,1/2-1/2,White,<=5s vs 5-10s,1435
7lBy2P5i,53,1-0,White,<=5s vs 5-10s,1167
gFXEnal3,66,1-0,Black,<=5s vs <=5s,1383
ViDNSmcU,82,1/2-1/2,Black,<=5s vs 5-10s,1817
YrQcFoaX,125,1-0,White,<=5s vs 15-20s,2037
P6Kmj1NE,64,1-0,Black,<=5s vs 5-10s,2013
LjcVYojw,92,0-1,Black,<=5s vs 5-10s,1886
WM99j9VF,73,0-1,White,<=5s vs <=5s,2227
DiMtkjFo,111,1/2-1/2,White,<=5s vs <=5s,2351
NYPHFtuV,64,0-1,Black,<=5s vs <=5s,1556
UZmk4p13,71,1-0,White,<=5s vs 10-15s,1237
aKw7OA3B,71,1-0,White,<=5s vs 15-20s,2044
SW08FGIx,56,0-1,Black,<=5s vs <=5s,1011
kLmHMKYK,81,1-0,White,<=5s vs 15-20s,2626
jfXBGESy,62,0-1,Black,<=5s vs 15-20s,2741
Z1JZY145,85,1-0,White,<=5s vs 10-15s,1732
HIZATb0V,58,0-1,Black,<=5s vs <=5s,1890
DKZv6W97,73,0-1,White,<=5s vs 15-20s,1821
kN2sLN0B,52,0-1,Black,<=5s vs 5-10s,1272
tirXsm1J,72,1-0,Black,<=5s vs 5-10s,1279
7JW1Ca8d,62,1-0,Black,<=5s vs <=5s,1431
buUSGsAa,37,1-0,White,<=5s vs 15-20s,1201
Qx4fnqE2,55,1-0,White,<=5s vs 5-10s,2305
L22bqlDH,80,0-1,Black,<=5s vs <=5s,2556
YTzsAULF,119,1-0,White,<=5s vs 10-15s,1669
6cspyxi3,97,1-0,White,<=5s vs 5-10s,2215
ZvF2rVfb,50,1-0,Black,<=5s vs <=5s,2328
jHwzho2p,79,1-0,White,<=5s vs 15-20s,1596
j7FzhHDz,49,1-0,White,<=5s vs 5-10s,1303
bkEtgwIY,92,0-1,Black,<=5s vs 5-10s,1605
lQFOw0hO,76,0-1,Black,<=5s vs 5-10s,1599
IUtZdpkx,63,1-0,White,<=5s vs 15-20s,2092
KwVrStkR,93,1-0,White,<=5s vs 15-20s,2111
ZJxsfBnr,60,0-1,Black,<=5s vs 5-10s,1502
jETQvmlC,96,1/2-1/2,Black,<=5s vs 10-15s,2341
E3PGnCbZ,88,1/2-1/2,Black,<=5s vs 15-20s,2277
rGQkodtA,94,1-0,Black,<=5s vs 15-20s,2573
pP5wL1zq,52,1-0,Black,<=5s vs <=5s,966
7EGkDr3j,80,1-0,Black,<=5s vs 5-10s,1873
NlaobJF6,76,0-1,Black,<=5s vs 15-20s,1384
3yjKJnLT,139,1/2-1/2,White,<=5s vs 15-20s,1832
eOgDQAeO,76,0-1,Black,<=5s vs 15-20s,2074
N1Etu5Ov,107,1/2-1/2,White,<=5s vs 5-10s,2506
HqfgBzNV,52,0-1,Black,<=5s vs 5-10s,1230
5GWcFuSh,109,1-0,White,<=5s vs 15-20s,2416
1mEl4sEW,84,1-0,Black,<=5s vs <=5s,1964
8kFJ2dNz,70,0-1,Black,<=5s vs 10-15s,1489
i7U06e76,58,0-1,Black,<=5s vs 15-20s,1418
S0f6hMrs,61,1-0,White,<=5s vs 15-20s,1549
zkfiZCLS,57,1-0,White,<=5s vs 15-20s,1307
Xs46UB2S,61,1-0,White,<=5s vs 15-20s,1585
6dNMQUWW,109,1/2-1/2,White,<=5s vs 15-20s,2538
wb4HRX0J,90,0-1,Black,<=5s vs 10-15s,2193
4XWWHP9U,135,1-0,White,<=5s vs 15-20s,2064
QsQgyKZe,78,0-1,Black,<=5s vs <=5s,2432
8imliRFr,88,1/2-1/2,Black,<=5s vs 5-10s,2823
TMR87uSn,57,1-0,White,<=5s vs 10-15s,1181
UFojzmma,55,0-1,White,<=5s vs 5-10s,1683
7H0rk180,141,1/2-1/2,White,<=5s vs 5-10s,2570
Q1xvfyyO,74,0-1,Black,<=5s vs 10-15s,2704
oM0XTKmZ,87,1-0,White,<=5s vs 5-10s,1894
KKoGGxeh,80,1-0,Black,<=5s vs 5-10s,2687
1yqEuahB,62,1/2-1/2,Black,<=5s vs 5-10s,2043
S1riH4em,93,1-0,White,<=5s vs 15-20s,2197
IWa4j1Ss,55,0-1,White,<=5s vs <=5s,1167
kKZEdKbq,78,0-1,Black,<=5s vs <=5s,2078
ePGLIBqs,41,1-0,White,<=5s vs 15-20s,1065
GGMmEsSp,60,0-1,Black,<=5s vs 15-20s,2784
WgtkgRoz,52,0-1,Black,<=5s vs 15-20s,1573
LFutgsCe,72,0-1,Black,<=5s vs <=5s,1847
Cfz1ssBh,82,0-1,Black,<=5s vs 10-15s,2503
52ul8VaO,60,0-1,Black,<=5s vs <=5s,1650
EH2ZHtgN,60,0-1,Black,<=5s vs 15-20s,1323
OSmPSLS7,63,1-0,White,<=5s vs 5-10s,1832
7dakU5n3,78,0-1,Black,<=5s vs 5-10s,1881
sPBQu8T0,156,1/2-1/2,Black,<=5s vs <=5s,1157
OgUOmKLB,67,1-0,White,<=5s vs 15-20s,2042
6VSrn88d,100,0-1,Black,<=5s vs <=5s,1641
7UdNNHTY,66,0-1,Black,<=5s vs 15-20s,2449
NZBhde5N,62,1-0,Black,<=5s vs <=5s,1502
Wt31bXEr,119,1-0,White,<=5s vs 5-10s,1906
g5GGiFag,69,1-0,White,<=5s vs 15-20s,2260
5ASwYHj3,84,0-1,Black,<=5s vs 5-10s,2291
pErY0OLE,83,1-0,White,<=5s vs 15-20s,1978
Mmqk8wsK,69,1-0,White,<=5s vs 10-15s,1263
9hC4t3g6,75,1-0,White,<=5s vs 10-15s,2239
Ly8AI5Fi,111,1/2-1/2,White,<=5s vs 15-20s,1916
pGjSrWQ0,79,1-0,White,<=5s vs 5-10s,1956
kc6IgmLI,70,0-1,Black,<=5s vs 10-15s,1960
rne4ql2H,67,1-0,White,<=5s vs 5-10s,2409
SiVn7OEC,53,1-0,White,<=5s vs 10-15s,1729
1xXXrqRn,67,1-0,White,<=5s vs 15-20s,2272
Sa78htEw,62,0-1,Black,<=5s vs 15-20s,1788
deSioQA8,66,1-0,Black,<=5s vs <=5s,1694
EmE5Tzsz,121,1-0,White,<=5s vs 5-10s,2494
fzuHpER8,80,0-1,Black,<=5s vs 5-10s,1630
KEGBAPSX,74,0-1,Black,<=5s vs <=5s,1419
GlVRbiFr,48,0-1,Black,<=5s vs 5-10s,1044
pZ0TVRzC,74,0-1,Black,<=5s vs 15-20s,2473
ODICHSJy,121,1-0,White,<=5s vs 15-20s,2080
YYYk9dex,56,0-1,Black,<=5s vs 10-15s,1501
mEQ1JUxA,50,0-1,Black,<=5s vs 15-20s,2024
QvQAUGPQ,62,0-1,Black,<=5s vs <=5s,1416
1m9Y9gKu,48,0-1,Black,<=5s vs 10-15s,1761
dZnR0oga,51,1-0,White,<=5s vs 15-20s,1415
d45vHhxy,109,0-1,White,<=5s vs 15-20s,2422
qjHoyFjf,70,0-1,Black,<=5s vs 5-10s,1811
ftPXPpnC,40,0-1,Black,<=5s vs 15-20s,1295
6vxCJc3z,52,0-1,Black,<=5s vs 5-10s,1082
tBo9KKgX,48,0-1,Black,<=5s vs 10-15s,1270
i4vVEuwk,56,0-1,Black,<=5s vs <=5s,1201
j0H6URhj,67,1-0,White,<=5s vs 10-15s,788
DsdSSAkc,61,1-0,White,<=5s vs 5-10s,1977
L1cUOlWp,64,0-1,Black,<=5s vs 15-20s,1905
sc1PcEMs,72,0-1,Black,<=5s vs 5-10s,2218
Tz8QtQMa,46,0-1,Black,<=5s vs 5-10s,1014
oe2huI69,106,0-1,Black,<=5s vs 10-15s,2477
nmJNgue7,42,0-1,Black,<=5s vs 5-10s,825
bd50BbBs,80,0-1,Black,<=5s vs 15-20s,2451
MXB7oG28,72,0-1,Black,<=5s vs 10-15s,1792
Azmevl6H,63,1-0,White,<=5s vs 5-10s,1856
hXy2w5nK,47,1-0,White,<=5s vs 5-10s,1560
QToS1mKd,87,1-0,White,<=5s vs 15-20s,2380
yIYn7RBV,59,1-0,White,<=5s vs 5-10s,1833
305kHfnc,51,1-0,White,<=5s vs <=5s,1397
5q2HXPyE,61,1-0,White,<=5s vs 15-20s,2069
SX2zRMPL,59,1-0,White,<=5s vs 10-15s,2204
AFXqzpLT,48,0-1,Black,<=5s vs 15-20s,1482
CWC4ciZT,75,0-1,White,<=5s vs <=5s,2504
yZMRH4n9,50,0-1,Black,<=5s vs 15-20s,1200
jmna2lcv,58,0-1,Black,<=5s vs 5-10s,1513
nI3fYjtv,98,0-1,Black,<=5s vs 15-20s,1713
zPpouDgz,55,1-0,White,<=5s vs 15-20s,1568
LD8OD0Tn,78,0-1,Black,<=5s vs 15-20s,2349
QwMlpvIW,58,0-1,Black,<=5s vs 10-15s,1687
NTmE89yJ,115,1-0,White,<=5s vs 10-15s,2524
NfSLY9Zd,70,0-1,Black,<=5s vs 5-10s,1627
BHmv1GuY,97,0-1,White,<=5s vs 10-15s,2070
XvHVfI6C,115,1-0,White,<=5s vs 5-10s,2259
PExzHl5d,50,0-1,Black,<=5s vs 10-15s,1278
5AQoXckP,41,1-0,White,<=5s vs 15-20s,896
KeHFTXkq,54,1-0,Black,<=5s vs 5-10s,1159
bfvJfSUb,66,1-0,Black,<=5s vs <=5s,1222
pGVbQHcw,84,0-1,Black,<=5s vs 10-15s,2020
E40hqD9L,94,1/2-1/2,Black,<=5s vs 15-20s,1472
uW39HCEO,55,0-1,White,<=5s vs <=5s,1163
CzMs9q53,56,0-1,Black,<=5s vs 5-10s,1733
I90hfxs2,121,1-0,White,<=5s vs 5-10s,2457
nnEycluF,72,0-1,Black,<=5s vs 15-20s,2472
CffKzewW,75,1-0,White,<=5s vs 5-10s,1966
JkagopGn,91,1-0,White,<=5s vs 5-10s,2933
UzGDPr59,124,0-1,Black,<=5s vs 15-20s,2560
KAxVyU4C,81,1-0,White,<=5s vs 5-10s,2403
xZEq9KvD,50,0-1,Black,<=5s vs 10-15s,1004
JGD2zxHU,87,1-0,White,<=5s vs <=5s,2152
IviXRBtt,103,1-0,White,<=5s vs 15-20s,2356
DjOZo640,78,0-1,Black,<=5s vs 10-15s,1088
QCcBM3kU,65,0-1,White,<=5s vs <=5s,1313
w6pAN1vZ,51,1-0,White,<=5s vs 15-20s,1086
rztbXPnB,52,0-1,Black,<=5s vs 10-15s,1401
64DS1S1n,80,1-0,Black,<=5s vs <=5s,1433
RhW4S4K7,63,0-1,White,<=5s vs 5-10s,865
C0NWjEkr,92,0-1,Black,<=5s vs 5-10s,1749
HftDnAmE,59,1-0,White,<=5s vs 10-15s,2182
mqSaLyOS,151,1-0,White,<=5s vs 15-20s,1727
SLLmHZoe,78,1/2-1/2,Black,<=5s vs 10-15s,1841
0VAoghNe,90,1/2-1/2,Black,<=5s vs 5-10s,2354
KP6e0EZT,49,1-0,White,<=5s vs 5-10s,1609
B28rhMp9,54,0-1,Black,<=5s vs <=5s,1514
qeZRbg7N,61,1-0,White,<=5s vs 10-15s,1467
5qcYyA82,56,0-1,Black,<=5s vs <=5s,1326
p6bre7aI,67,1-0,White,<=5s vs 15-20s,1684
vPAIWusN,48,0-1,Black,<=5s vs 10-15s,1447
pyVM5kFu,56,0-1,Black,<=5s vs <=5s,1751
1YDnsTqQ,90,0-1,Black,<=5s vs 10-15s,2027
LY9FVoca,66,0-1,Black,<=5s vs 10-15s,1484
nKPsZRrv,92,1/2-1/2,Black,<=5s vs <=5s,2318
BmUocn3s,42,0-1,Black,<=5s vs 10-15s,800
ILyTeVwt,63,1-0,White,<=5s vs 5-10s,1583
EmSTrLl4,50,0-1,Black,<=5s vs 5-10s,1069
2zA1jdrG,75,1-0,White,<=5s vs 10-15s,2050
cK4dDP6e,83,1-0,White,<=5s vs 5-10s,1903
OgmuI6Su,65,0-1,White,<=5s vs 5-10s,923
LuwBUxBH,142,0-1,Black,<=5s vs <=5s,2479
VcPcAtGJ,80,0-1,Black,<=5s vs 5-10s,2073
3xvbhEMp,56,0-1,Black,<=5s vs 5-10s,1249
6yBETPst,67,1-0,White,<=5s vs 15-20s,1809
HpkO9YHf,70,0-1,Black,<=5s vs 5-10s,1733
s4TqKjhm,57,1-0,White,<=5s vs 10-15s,1147
16l8uYAS,63,1-0,White,<=5s vs 10-15s,1723
kq9MCDtX,97,1/2-1/2,White,<=5s vs 5-10s,2303
tHNFozzn,79,1-0,White,<=5s vs 10-15s,2066
rPPLGlz4,65,1-0,White,<=5s vs 15-20s,1568
qVqgM035,101,1-0,White,<=5s vs 15-20s,1721
Y9cXltAJ,122,0-1,Black,<=5s vs 10-15s,2162
f42H838H,66,0-1,Black,<=5s vs 10-15s,2120
Py5hsjar,54,0-1,Black,<=5s vs 15-20s,1363
cpejoj9d,69,1-0,White,<=5s vs 10-15s,2029
SnZWGyEU,94,0-1,Black,<=5s vs 10-15s,2426
M6OJuuzi,70,0-1,Black,<=5s vs 10-15s,2222
cOxIlFuY,83,1-0,White,<=5s vs 15-20s,1651
wgdgMjdP,55,1-0,White,<=5s vs 15-20s,1829
GyxWYV6v,116,1/2-1/2,Black,<=5s vs 5-10s,2030
1hEii8G7,105,1-0,White,<=5s vs <=5s,2882
ulHwkgLz,74,0-1,Black,<=5s vs 15-20s,2084
cz8WxvLM,99,1/2-1/2,White,<=5s vs 15-20s,2479
MAC4BwqB,58,1-0,Black,<=5s vs 10-15s,1654
4EIMW33I,67,1-0,White,<=5s vs 10-15s,2013
zdNQ8DdF,67,1-0,White,<=5s vs 5-10s,1548
lySDUWua,113,1-0,White,<=5s vs 5-10s,2122
3wWvDNKy,85,1-0,White,<=5s vs 10-15s,2043
9hmdDrF0,142,1/2-1/2,Black,<=5s vs <=5s,2616
vuceTxjd,62,0-1,Black,<=5s vs <=5s,2101
O5TLqnPP,58,1-0,Black,<=5s vs <=5s,1369
uiw1jDw7,61,1-0,White,<=5s vs 15-20s,1963
dkDqhCm7,44,0-1,Black,<=5s vs 5-10s,1373
K2xbZgB7,66,0-1,Black,<=5s vs 15-20s,2015
bTiAea3Y,65,1-0,White,<=5s vs 5-10s,1384
UT7CS3DK,96,1-0,Black,<=5s vs <=5s,2273
Sconcz1B,68,1-0,Black,<=5s vs <=5s,971
NrGOPlz4,55,1-0,White,<=5s vs 5-10s,2290
Ylh1vxYu,56,1-0,Black,<=5s vs 5-10s,1804
m7SKDzBy,42,0-1,Black,<=5s vs 15-20s,977
2l2cpYev,57,1-0,White,<=5s vs 5-10s,1605
5QcfqySL,114,0-1,Black,<=5s vs <=5s,2463
Kg5H2m1V,93,1-0,White,<=5s vs 15-20s,1980
vgyJPabT,104,1/2-1/2,Black,<=5s vs 15-20s,2345
ATLIwDEC,75,1-0,White,<=5s vs 15-20s,2019
VLQvgc0l,83,1-0,White,<=5s vs 10-15s,1607
MwoKUyhq,71,1-0,White,<=5s vs 10-15s,2085
hnB1tZsm,89,1-0,White,<=5s vs 5-10s,2698
S2GYSNHS,78,1-0,Black,<=5s vs 5-10s,1689
Vr6x2oB6,45,0-1,White,<=5s vs <=5s,1338
PlXV6Dde,66,1-0,Black,<=5s vs 15-20s,1811
hbEzf00B,40,0-1,Black,<=5s vs 15-20s,1278
f573rJB8,102,0-1,Black,<=5s vs 5-10s,2291
KvExy03L,70,1-0,Black,<=5s vs 5-10s,1912
s9cZ7BTO,68,0-1,Black,<=5s vs 5-10s,1293
x9VoYmX7,108,0-1,Black,<=5s vs 5-10s,2624
g71njFlu,56,0-1,Black,<=5s vs 15-20s,1809
JSjQfpBS,116,0-1,Black,<=5s vs 5-10s,2639
UrQE9ssY,82,0-1,Black,<=5s vs 5-10s,1658
PJqBKxXS,57,1-0,White,<=5s vs 5-10s,1223
IuF8v6Ui,97,1-0,White,<=5s vs 10-15s,1864
X6HYRCgG,52,1-0,Black,<=5s vs 15-20s,918
frl7yNdr,64,1-0,Black,<=5s vs 5-10s,2202
PEdJ0yBS,45,1-0,White,<=5s vs 10-15s,1203
xQDUkgBD,56,0-1,Black,<=5s vs 10-15s,1455
ZmY1z1cA,65,1-0,White,<=5s vs 15-20s,1584
QUV1yO7w,57,0-1,White,<=5s vs 5-10s,915
DKfMSSq8,96,0-1,Black,<=5s vs 15-20s,1726
ZqWVOG19,49,1-0,White,<=5s vs 15-20s,1924
psqQmDo6,61,1-0,White,<=5s vs 10-15s,1819
2xyUbRGl,109,1-0,White,<=5s vs 10-15s,3090
04WCMlPn,61,1-0,White,<=5s vs 10-15s,1492
xcpGfdsr,117,1-0,White,<=5s vs 15-20s,1504
6pOyslkD,64,0-1,Black,<=5s vs 15-20s,1718
CGONMlz1,70,1-0,Black,<=5s vs <=5s,1768
x8OkV0hO,74,1-0,Black,<=5s vs <=5s,1071
gl4bW0LX,59,1-0,White,<=5s vs <=5s,1242
k3mbN8yY,56,1-0,Black,<=5s vs 5-10s,1276
cWppDKCF,60,1-0,Black,<=5s vs 15-20s,1342
xyJjYeyA,41,0-1,White,<=5s vs 10-15s,1423
SX02RJTq,80,0-1,Black,<=5s vs 15-20s,2609
SFIXQp4U,75,1-0,White,<=5s vs 10-15s,1951
15wNfmcR,69,1-0,White,<=5s vs 10-15s,1288
hsJp2Fk1,75,1-0,White,<=5s vs 5-10s,1482
Uu7LBGuA,58,0-1,Black,<=5s vs 5-10s,2184
ZVcNcsQN,101,0-1,White,<=5s vs 5-10s,2227
DryrtdOX,116,1/2-1/2,Black,<=5s vs 10-15s,2306
IG3G6dPw,59,1-0,White,<=5s vs 15-20s,1827
Fe8WpdkP,169,1-0,White,<=5s vs 5-10s,1602
uinI6UaD,74,1-0,Black,<=5s vs <=5s,1578
By8Hs8W0,48,0-1,Black,<=5s vs 10-15s,1423
nL17v4Yo,57,0-1,White,<=5s vs <=5s,1737
eANHGNVU,52,0-1,Black,<=5s vs 10-15s,1055
b4ovjaj2,68,0-1,Black,<=5s vs 15-20s,1988
QgJ7qkRZ,70,0-1,Black,<=5s vs 5-10s,2232
E3eiQfo2,87,0-1,White,<=5s vs <=5s,1994
YocdoQDR,71,0-1,White,<=5s vs 5-10s,1154
fZ8UYjNG,48,1-0,Black,<=5s vs 15-20s,1205
xNyx86Pp,43,1-0,White,<=5s vs 5-10s,1367
AajQVMwv,122,1-0,Black,<=5s vs 5-10s,2415
4Kss2MYS,53,1-0,White,<=5s vs 10-15s,2182
3gYvcuie,112,1/2-1/2,Black,<=5s vs 5-10s,2870
Q4Ml6E5z,62,0-1,Black,<=5s vs 5-10s,1342
NJyBl2MQ,81,0-1,White,<=5s vs 10-15s,1840
yZH4xvi2,76,0-1,Black,<=5s vs 5-10s,969
55D5HLWT,60,0-1,Black,<=5s vs 5-10s,1913
tpDGU9gS,81,1-0,White,<=5s vs <=5s,1374
nSHQhYiG,66,0-1,Black,<=5s vs 5-10s,1123
KzHrHQRm,66,0-1,Black,<=5s vs 10-15s,2229
OywEGTFO,58,0-1,Black,<=5s vs 10-15s,1624
gP6BdxsE,80,1-0,Black,<=5s vs <=5s,1550
hHLdAzok,81,1-0,White,<=5s vs 5-10s,1729
UkmCXYcv,68,1-0,Black,<=5s vs <=5s,2530
gG6VD0E6,54,0-1,Black,<=5s vs 15-20s,1558
r6MDxkr8,95,1-0,White,<=5s vs 5-10s,2531
GQGbuzXk,53,1-0,White,<=5s vs 15-20s,1545
jLVaxDjT,56,0-1,Black,<=5s vs 10-15s,1100
bXBlSEnb,102,0-1,Black,<=5s vs 5-10s,2121
ftpdDbyx,59,1-0,White,<=5s vs 10-15s,1878
SvGgUsu3,108,1/2-1/2,Black,<=5s vs 5-10s,1922
Gkfgb1x7,69,1-0,White,<=5s vs 15-20s,2154
HuWC4UFA,65,0-1,White,<=5s vs 10-15s,2011
HcQ5VjWv,82,1/2-1/2,Black,<=5s vs 5-10s,2496
aquDBQtf,59,1-0,White,<=5s vs 5-10s,1452
VvGvmCgo,76,0-1,Black,<=5s vs 10-15s,2203
Ct0qAiR1,59,1-0,White,<=5s vs 10-15s,1689
VliCjgPW,79,0-1,White,<=5s vs <=5s,2266
XfnW9KP7,54,0-1,Black,<=5s vs 15-20s,1219
6oVbgOuv,77,0-1,White,<=5s vs 10-15s,1607
DEA3VOfZ,83,0-1,White,<=5s vs 5-10s,2164
Nm6ay33t,59,1-0,White,<=5s vs 10-15s,1197
GxCj63yA,66,0-1,Black,<=5s vs 5-10s,2028
Vgn1md6Q,54,0-1,Black,<=5s vs 10-15s,1203
G2WbF2Aw,44,0-1,Black,<=5s vs 10-15s,1629
cunYPxPG,75,1-0,White,<=5s vs 10-15s,2325
JDuXidtS,54,0-1,Black,<=5s vs 15-20s,1584
Lhpn8N0C,87,1-0,White,<=5s vs 15-20s,1924
fsaDDGb3,32,1-0,Black,<=5s vs 5-10s,890
GiGnapQ6,59,1-0,White,<=5s vs 5-10s,1772
3x7QRZuN,122,1/2-1/2,Black,<=5s vs 15-20s,2565
YNb4rNQp,60,0-1,Black,<=5s vs 15-20s,1293
z5HRKnwS,63,1-0,White,<=5s vs 10-15s,1035
BJqrgw7j,54,0-1,Black,<=5s vs 10-15s,1736
xeR3TQQX,86,0-1,Black,<=5s vs <=5s,1572
10RQanjr,49,1-0,White,<=5s vs 5-10s,1263
AtLL8oE5,114,1/2-1/2,Black,<=5s vs <=5s,1803
aFnovwH8,47,1-0,White,<=5s vs 10-15s,1110
FRNYFZDc,96,1-0,Black,<=5s vs 5-10s,2561
LgKCqwNu,94,0-1,Black,<=5s vs 5-10s,2216
g2Ic24B3,46,0-1,Black,<=5s vs 10-15s,1432
00McPBHS,59,0-1,White,<=5s vs 5-10s,1472
aZ1x3fg2,47,1-0,White,<=5s vs 15-20s,1760
Kg2CoyCP,46,0-1,Black,<=5s vs 10-15s,1425
FvRWSxC6,46,0-1,Black,<=5s vs 15-20s,728
JgYiDhZy,55,1-0,White,<=5s vs 15-20s,914
H9w4c6AU,61,1-0,White,<=5s vs 5-10s,1645
h3wimtWI,69,1/2-1/2,White,<=5s vs 10-15s,1587
Ejrx46mL,158,0-1,Black,<=5s vs 15-20s,2289
o1BuNvBy,82,0-1,Black,<=5s vs 15-20s,1833
E3iGZ3k5,89,1-0,White,<=5s vs 5-10s,2577
AUROuMJQ,53,1-0,White,<=5s vs 10-15s,1040
96JCcWBm,83,1-0,White,<=5s vs 5-10s,2852
Kj74cqoG,93,1-0,White,<=5s vs 5-10s,1980
n5c2oULh,54,0-1,Black,<=5s vs 10-15s,1249
2BtRcCHn,57,1-0,White,<=5s vs 15-20s,1548
iq4gDcCv,63,1-0,White,<=5s vs 15-20s,1630
MqbkF5kY,95,1-0,White,<=5s vs 10-15s,2288
r4xWXRCk,39,1-0,White,<=5s vs 15-20s,1027
rgmbknEM,69,1-0,White,<=5s vs 5-10s,967
GhFgP5Ku,105,0-1,White,<=5s vs <=5s,2314
onrLyKY9,46,0-1,Black,<=5s vs 5-10s,1448
oSRZeIK6,51,1-0,White,<=5s vs 10-15s,1358
aEPMnEbc,83,1-0,White,<=5s vs 10-15s,1453
OLluCMkg,122,1/2-1/2,Black,<=5s vs 15-20s,2499
ST2ibtpl,89,1-0,White,<=5s vs 15-20s,2184
KedT971l,59,0-1,White,<=5s vs 5-10s,1331
5IIoelfT,127,0-1,White,<=5s vs 10-15s,2193
kgDHQ8HQ,68,0-1,Black,<=5s vs 15-20s,1675
Rj0ElMrW,63,1-0,White,<=5s vs 15-20s,1196
51klWXDu,66,0-1,Black,<=5s vs 10-15s,1542
Qbn5tzhb,68,1-0,Black,<=5s vs 5-10s,2436
6j7FtUYy,63,1-0,White,<=5s vs 10-15s,2149
sd1P8zlo,71,1-0,White,<=5s vs 5-10s,1574
Qi9wPJDN,57,1-0,White,<=5s vs 15-20s,1761
0yqn1pNX,59,1-0,White,<=5s vs 15-20s,1612
owEsYEZW,64,0-1,Black,<=5s vs <=5s,1351
lAbj1YCk,77,1-0,White,<=5s vs 10-15s,1667
fos0zB0M,105,1-0,White,<=5s vs <=5s,815
GzS4U5v1,54,0-1,Black,<=5s vs <=5s,1947
EsSlexwH,59,1-0,White,<=5s vs 10-15s,2209
p5pc1oNE,59,0-1,White,<=5s vs 10-15s,1789
ygbMdkFf,81,1-0,White,<=5s vs 10-15s,2021
cbcggzKj,72,0-1,Black,<=5s vs <=5s,1693
AcjdLoKd,64,0-1,Black,<=5s vs 5-10s,1909
leKbtt5c,61,1-0,White,<=5s vs 5-10s,1499
wTWXASCX,90,0-1,Black,<=5s vs 5-10s,2592
Hk1fnmnI,70,0-1,Black,<=5s vs 10-15s,1689
6XYFn7R9,58,0-1,Black,<=5s vs 15-20s,1944
cfMdOyp5,85,1-0,White,<=5s vs 10-15s,1500
xGTUCZPX,84,1-0,Black,<=5s vs <=5s,1468
aLpJAl0I,54,0-1,Black,<=5s vs 5-10s,1189
1BJQzaEL,127,0-1,White,<=5s vs 5-10s,2291
9SPsU9mQ,55,1-0,White,<=5s vs 10-15s,1613
DnflVxat,66,0-1,Black,<=5s vs 5-10s,1426
pxS5KTLj,70,0-1,Black,<=5s vs 10-15s,1787
2V3QYlok,63,1-0,White,<=5s vs 10-15s,2094
iEGUXVP3,55,1-0,White,<=5s vs 10-15s,1973
MOaCC3h2,88,0-1,Black,<=5s vs 15-20s,2407
7Gq2cZYE,88,0-1,Black,<=5s vs <=5s,1834
QdL2aOOp,65,1-0,White,<=5s vs 5-10s,1084
BSYVNxzx,73,1-0,White,<=5s vs <=5s,2605
dr8O3YmO,63,1-0,White,<=5s vs 15-20s,2348
AJGND7nG,98,0-1,Black,<=5s vs 5-10s,2231
7pFRTh12,51,0-1,White,<=5s vs 15-20s,1522
5JKCnHqZ,126,0-1,Black,<=5s vs 15-20s,2061
JIDOlldR,37,1-0,White,<=5s vs 5-10s,1059
Gv83kImK,63,1-0,White,<=5s vs <=5s,1614
pPGNnbwH,68,0-1,Black,<=5s vs 15-20s,1086
1up0WUaZ,51,1-0,White,<=5s vs 15-20s,2149
L26OIK0x,66,0-1,Black,<=5s vs 5-10s,1519
5CYxWKRL,64,0-1,Black,<=5s vs 5-10s,1286
JUwVXZkW,82,0-1,Black,<=5s vs 5-10s,1891
5RS3M0gP,54,0-1,Black,<=5s vs 10-15s,1329
wE2lhjyb,69,1-0,White,<=5s vs 15-20s,1950
gloIjpG1,56,0-1,Black,<=5s vs 10-15s,1299
7rYzdF3h,61,1-0,White,<=5s vs <=5s,1117
5X7j4nkw,70,0-1,Black,<=5s vs 10-15s,2257
OzsrygbA,49,1-0,White,<=5s vs 5-10s,1052
oIhC42ha,58,0-1,Black,<=5s vs 5-10s,1753
94EXhErI,68,0-1,Black,<=5s vs 10-15s,1305
al7qAyxX,81,1-0,White,<=5s vs 5-10s,2017
xuFoKDxN,97,0-1,White,<=5s vs 5-10s,2912
Dp9Ej9Xx,58,0-1,Black,<=5s vs 10-15s,1223
KtNslffA,124,0-1,Black,<=5s vs 5-10s,1906
ndi8xfeO,68,0-1,Black,<=5s vs 5-10s,1400
Lbrset0A,71,0-1,White,<=5s vs 5-10s,1989
mqiHjqRW,113,1-0,White,<=5s vs 10-15s,2448
GjWK6ZGq,60,0-1,Black,<=5s vs 5-10s,1142
BdhxzTYD,106,0-1,Black,<=5s vs 10-15s,3095
OPzsn9xR,36,0-1,Black,<=5s vs 10-15s,1429
IEJCDezv,79,1-0,White,<=5s vs <=5s,2266
SxZbWGWY,88,0-1,Black,<=5s vs 10-15s,2292
fI0LiumS,72,1/2-1/2,Black,<=5s vs 5-10s,1935
j383w3gj,91,1-0,White,<=5s vs 5-10s,2156
L1jPxlvk,78,0-1,Black,<=5s vs <=5s,1771
3D5Ppb2B,49,1-0,White,<=5s vs 15-20s,1019
HWqwnUK1,63,1-0,White,<=5s vs <=5s,1702
oyKOc6BW,68,0-1,Black,<=5s vs <=5s,1833
UTw2UA3Z,90,1-0,Black,<=5s vs 5-10s,2266
hfpUJztN,87,1-0,White,<=5s vs <=5s,1900
d3cqVPbt,48,0-1,Black,<=5s vs 15-20s,1284
UHWPiYf0,68,0-1,Black,<=5s vs 15-20s,2542
wwL6YUxs,86,0-1,Black,<=5s vs <=5s,2217
ydivkzpf,68,0-1,Black,<=5s vs 5-10s,1930
oEY74AGt,37,1-0,White,<=5s vs 15-20s,1107
9JbLZjmZ,78,0-1,Black,<=5s vs 10-15s,2303
lskQrPcK,65,1-0,White,<=5s vs <=5s,776
BpgYbQPZ,83,1-0,White,<=5s vs 5-10s,1925
1BLZpj40,93,1-0,White,<=5s vs 15-20s,1918
Vxtq5epX,49,0-1,White,<=5s vs 5-10s,1421
inrdYcgl,67,1-0,White,<=5s vs 15-20s,1178
FS7abkG5,63,1-0,White,<=5s vs 10-15s,1267
xUGpvxHo,121,1/2-1/2,White,<=5s vs 10-15s,2437
vTpcwJzF,61,1-0,White,<=5s vs 15-20s,1831
1efEu2mh,93,0-1,White,<=5s vs <=5s,2422
0SLeGTCW,48,0-1,Black,<=5s vs 10-15s,995
5GiW8UH4,87,1-0,White,<=5s vs 10-15s,1566
DKZhk6pd,37,1-0,White,<=5s vs 15-20s,1006
yQQW81fY,53,1-0,White,<=5s vs 10-15s,1710
BSpcWuPA,68,1-0,Black,<=5s vs 15-20s,2157
QNdt8N1r,50,0-1,Black,<=5s vs 15-20s,1488
QBwwPCF7,63,1-0,White,<=5s vs 10-15s,2284
6NFdHVLs,54,0-1,Black,<=5s vs 10-15s,2119
CaDa2LQe,65,1-0,White,<=5s vs <=5s,2351
3ftIkM5Y,49,1-0,White,<=5s vs 5-10s,1445
TUe2NTId,73,0-1,White,<=5s vs 5-10s,1636
6eYHxrk7,82,0-1,Black,<=5s vs 15-20s,2311
2PyS4H8F,71,1-0,White,<=5s vs 5-10s,1895
TcagfJVG,72,0-1,Black,<=5s vs 5-10s,1522
04G0wWqp,74,0-1,Black,<=5s vs <=5s,1572
9M3DUwQf,79,0-1,White,<=5s vs <=5s,1434
F2mewtOw,63,1-0,White,<=5s vs 5-10s,1643
SI8kwiPJ,81,1-0,White,<=5s vs 5-10s,2707
ekOYTItA,79,0-1,White,<=5s vs <=5s,1180
6kcTyl5F,63,1-0,White,<=5s vs 5-10s,1136
wJnlgk9A,76,0-1,Black,<=5s vs <=5s,1345
1jBWLPge,106,1/2-1/2,Black,<=5s vs <=5s,2455
38BQU4Rr,58,0-1,Black,<=5s vs 10-15s,1570
vpA1kofx,72,0-1,Black,<=5s vs <=5s,1382
qK591wNh,63,1-0,White,<=5s vs 15-20s,1667
bvAUDg7X,62,0-1,Black,<=5s vs 15-20s,1961
lupupPOy,117,1/2-1/2,White,<=5s vs 10-15s,2380
hdjFCDZ0,66,0-1,Black,<=5s vs <=5s,1542
dWwYGykG,79,1-0,White,<=5s vs 5-10s,1714
TbDp5tll,99,1-0,White,<=5s vs 15-20s,1966
DxzLPkSc,128,0-1,Black,<=5s vs 5-10s,2024
QjE8TAjx,126,1-0,Black,<=5s vs 5-10s,2231
iyqdL1im,50,0-1,Black,<=5s vs 5-10s,950
4gS5DV0z,48,0-1,Black,<=5s vs <=5s,1317
XT0j0wyQ,52,0-1,Black,<=5s vs 5-10s,1168
OSDvu1zS,68,0-1,Black,<=5s vs 15-20s,1974
C9EIoNdT,114,0-1,Black,<=5s vs 5-10s,2683
KSSLMzuX,58,0-1,Black,<=5s vs 15-20s,1840
jqJajkbR,89,0-1,White,<=5s vs 5-10s,1955
RAmjDTWb,77,1-0,White,<=5s vs 15-20s,2119
6E9ndZuG,77,0-1,White,<=5s vs <=5s,2151
awCUbsf8,79,1/2-1/2,White,<=5s vs 5-10s,2082
1VrEjNLk,89,1-0,White,<=5s vs 15-20s,2119
YRnvbJoC,62,0-1,Black,<=5s vs 5-10s,1805
2poSFBDV,58,1-0,Black,<=5s vs 5-10s,1883
DjDszoCk,92,0-1,Black,<=5s vs <=5s,2471
j5WR0m55,74,0-1,Black,<=5s vs 10-15s,2149
ZGcirYjn,119,1-0,White,<=5s vs 10-15s,1414
YmG2Zwto,79,1-0,White,<=5s vs 10-15s,1749
VkBHd7Sg,98,0-1,Black,<=5s vs 5-10s,2118
mEhSy4Ya,62,0-1,Black,<=5s vs <=5s,1544
dFDaoV68,80,0-1,Black,<=5s vs 10-15s,1671
79laWFb0,79,1-0,White,<=5s vs 15-20s,1686
9wShskD1,58,1-0,Black,<=5s vs <=5s,1971
P1azjaQP,52,0-1,Black,<=5s vs 10-15s,916
Ddlfbb8R,92,0-1,Black,<=5s vs 10-15s,2535
mUb3UMgA,154,0-1,Black,<=5s vs 5-10s,1422
DvMxmgqY,50,0-1,Black,<=5s vs 5-10s,1464
cbB3CXiS,81,1-0,White,<=5s vs 5-10s,2628
wiq3ocxA,59,1-0,White,<=5s vs 5-10s,1239
4UfCOxJ6,78,1-0,Black,<=5s vs <=5s,1587
6pDPYAwY,58,1/2-1/2,Black,<=5s vs 5-10s,1616
L1rLRZQC,57,0-1,White,<=5s vs 10-15s,2254
CeI7P2ZR,81,1-0,White,<=5s vs 10-15s,1201
jf64zCZI,84,1-0,Black,<=5s vs 5-10s,1851
ozpQxL36,66,0-1,Black,<=5s vs 5-10s,1514
SrxoJWFX,70,0-1,Black,<=5s vs 15-20s,1569
wamKOZUa,57,1-0,White,<=5s vs 15-20s,1971
x36suoDl,59,1-0,White,<=5s vs 15-20s,1126
3F5ga7wd,59,1-0,White,<=5s vs 5-10s,1459
4Jic2lhr,49,1-0,White,<=5s vs 15-20s,1769
dERAuANH,51,1-0,White,<=5s vs 15-20s,1804
lHiVTcP1,102,0-1,Black,<=5s vs <=5s,2117
UDAtPiI6,89,1-0,White,<=5s vs 10-15s,2295
vY9PZ0al,42,1-0,Black,<=5s vs <=5s,862
CzYnbZDZ,75,1-0,White,<=5s vs 10-15s,2057
YPCssSvo,99,1-0,White,<=5s vs <=5s,1568
F9uhhAer,90,0-1,Black,<=5s vs 10-15s,2304
ATs4u3G0,49,1-0,White,<=5s vs 15-20s,1632
qhXJm5ck,79,1-0,White,<=5s vs 10-15s,2116
HuqC2YmI,53,1-0,White,<=5s vs 15-20s,1824
Tj1kJeiB,96,1/2-1/2,Black,<=5s vs <=5s,2255
DqABAZDY,32,0-1,Black,<=5s vs 5-10s,883
d2XqzfIg,95,1-0,White,<=5s vs <=5s,2951
kjiz2Z02,62,0-1,Black,<=5s vs 10-15s,2382
Ut5LOfr3,55,1-0,White,<=5s vs 15-20s,1127
71VXbgA7,89,1-0,White,<=5s vs 5-10s,2328
Hg7LFfpm,60,0-1,Black,<=5s vs 5-10s,1907
XQjCtyDm,48,0-1,Black,<=5s vs 15-20s,1524
5f5BSqSG,55,0-1,White,<=5s vs <=5s,908
a9h05zmg,140,0-1,Black,<=5s vs 5-10s,2229
9kgTTwx1,117,1-0,White,<=5s vs 5-10s,2272
9SJ9agXL,70,0-1,Black,<=5s vs 5-10s,2031
2OI5ezD4,81,1-0,White,<=5s vs 5-10s,2167
tjXn2hED,72,0-1,Black,<=5s vs 10-15s,2096
grwhjv1s,60,1-0,Black,<=5s vs <=5s,2025
u9tAYjUe,89,1-0,White,<=5s vs 10-15s,2077
ZloSnfIz,56,0-1,Black,<=5s vs 15-20s,1512
LVjUj22a,69,0-1,White,<=5s vs 5-10s,1675
UHnY5KeX,108,0-1,Black,<=5s vs 5-10s,2423
mzyZFOXx,77,0-1,White,<=5s vs 5-10s,1473
AtUHIieC,86,0-1,Black,<=5s vs 10-15s,2247
M3CHA4c7,73,1-0,White,<=5s vs 5-10s,2392
88iJzXMJ,62,0-1,Black,<=5s vs 15-20s,1223
jGJdL3Te,73,1-0,White,<=5s vs 15-20s,2332
GcWgZCMl,113,1-0,White,<=5s vs 10-15s,1599
5pi91vdo,85,0-1,White,<=5s vs 5-10s,2204
jqOyDFS3,53,1-0,White,<=5s vs 15-20s,1629
HglvF77s,66,0-1,Black,<=5s vs <=5s,972
58NwVWz3,57,1-0,White,<=5s vs 15-20s,1907
kXrv4hmG,90,1-0,Black,<=5s vs 15-20s,2597
7AvhT8cj,56,0-1,Black,<=5s vs 5-10s,936
p2y9lFxz,128,0-1,Black,<=5s vs 15-20s,2693
IZKTzR3d,73,1-0,White,<=5s vs 5-10s,1517
iQHEWvoh,67,1-0,White,<=5s vs 5-10s,1318
KwZ6b84L,130,1-0,Black,<=5s vs <=5s,2585
bCPRlR2p,39,1-0,White,<=5s vs 15-20s,826
eTyQCUjh,53,1-0,White,<=5s vs 15-20s,1330
URy2kiiE,64,0-1,Black,<=5s vs 15-20s,2115
HT8NHtWB,44,0-1,Black,<=5s vs <=5s,763
XAIYnYhd,112,1-0,Black,<=5s vs <=5s,1941
Qd8QMKln,68,0-1,Black,<=5s vs 10-15s,1768
Y353w45b,80,1-0,Black,<=5s vs 5-10s,1741
piH6Ysml,57,1-0,White,<=5s vs 15-20s,1299
bplc7lFQ,81,0-1,White,<=5s vs 5-10s,1831
5WRvNaWp,101,0-1,White,<=5s vs <=5s,2295
65i3yZ8S,42,0-1,Black,<=5s vs 15-20s,1927
aMAOhzF4,88,0-1,Black,<=5s vs 5-10s,2050
RgQ9TzDk,97,1-0,White,<=5s vs 15-20s,2040
f8wn2oS0,90,0-1,Black,<=5s vs 15-20s,2580
HDNDietR,91,1-0,White,<=5s vs <=5s,1852
BC345ukH,46,1-0,Black,<=5s vs 15-20s,943
hpyCwfVA,77,0-1,White,<=5s vs <=5s,2109
RZoMDELm,56,0-1,Black,<=5s vs <=5s,1500
hE0rCbz3,62,0-1,Black,<=5s vs 10-15s,1450
5kSupRWq,95,1/2-1/2,White,<=5s vs 5-10s,2342
2pfMO3b5,54,0-1,Black,<=5s vs 15-20s,1628
nV4reAwc,107,1-0,White,<=5s vs <=5s,2710
CqlQvUjG,78,1-0,Black,<=5s vs <=5s,1897
9NWBvK1d,84,0-1,Black,<=5s vs <=5s,1960
8Pm4UrcS,75,1-0,White,<=5s vs 5-10s,1595
BW90qDaQ,72,0-1,Black,<=5s vs 10-15s,1858
TR6TBAkL,88,1/2-1/2,Black,<=5s vs 5-10s,2021
0tnl8aCn,50,0-1,Black,<=5s vs 10-15s,1729
6NneR6UC,74,0-1,Black,<=5s vs 5-10s,1351
4HIa4BE5,40,0-1,Black,<=5s vs 15-20s,1070
PDYwteKQ,59,1-0,White,<=5s vs 10-15s,2138
iw9Y4LXn,72,0-1,Black,<=5s vs 5-10s,1782
26MOZKgl,61,1-0,White,<=5s vs 15-20s,1303
qBeBq7zZ,60,0-1,Black,<=5s vs <=5s,1830
CML1wJTU,113,0-1,White,<=5s vs <=5s,2377
bxgdHrzd,84,0-1,Black,<=5s vs 5-10s,2210
1a7zCWdq,92,1-0,Black,<=5s vs <=5s,2788
mBf8j3kY,76,0-1,Black,<=5s vs 5-10s,1765
djwNLRgk,88,0-1,Black,<=5s vs 10-15s,1508
dkxqy3KA,59,1-0,White,<=5s vs 5-10s,1694
ARxulGFX,74,0-1,Black,<=5s vs 5-10s,2232
eRZryHoR,92,0-1,Black,<=5s vs 5-10s,1201
4NsfBneW,55,1-0,White,<=5s vs 15-20s,2051
jqa1bAGt,50,0-1,Black,<=5s vs 10-15s,1394
aTv4khca,68,0-1,Black,<=5s vs <=5s,1546
ncfEya3M,56,0-1,Black,<=5s vs 5-10s,1455
fvv6lj1d,74,0-1,Black,<=5s vs 5-10s,2096
Xu4f1AKI,86,0-1,Black,<=5s vs 15-20s,2519
5uWIyhp1,73,1-0,White,<=5s vs <=5s,1709
sAMz9j9Z,40,0-1,Black,<=5s vs 15-20s,1144
jV6Pa6Rc,52,0-1,Black,<=5s vs 5-10s,955
NUhWI3Vf,72,0-1,Black,<=5s vs 5-10s,1813
sgzI9GrE,50,0-1,Black,<=5s vs <=5s,1222
B5lVnmeL,71,1/2-1/2,White,<=5s vs 5-10s,2574
wvpix3uc,68,0-1,Black,<=5s vs 10-15s,2056
F7YNAznH,75,0-1,White,<=5s vs <=5s,1417
iUS4cD5R,94,0-1,Black,<=5s vs <=5s,2414
PZp2n858,64,1-0,Black,<=5s vs 5-10s,2562
36ObP8WR,72,0-1,Black,<=5s vs 5-10s,2540
JLS1yHYN,79,1-0,White,<=5s vs 5-10s,2085
Mv8NcOFJ,165,1/2-1/2,White,<=5s vs 10-15s,2792
E6x1nD2S,75,1-0,White,<=5s vs 15-20s,1681
KuuOG54P,62,0-1,Black,<=5s vs 10-15s,1444
RcmKeuNd,97,0-1,White,<=5s vs <=5s,2626
WLyROvs1,73,1-0,White,<=5s vs 5-10s,1895
c6BejXtn,64,0-1,Black,<=5s vs 15-20s,1596
DvCBw9Hl,77,1-0,White,<=5s vs <=5s,1439
awNbEsPL,78,1-0,Black,<=5s vs 10-15s,2233
lpQcoK2H,70,0-1,Black,<=5s vs 10-15s,2409
9Jo4m832,106,1/2-1/2,Black,<=5s vs 5-10s,2138
eYTJaIsb,120,0-1,Black,<=5s vs 10-15s,2356
ZkrvUibS,58,0-1,Black,<=5s vs <=5s,1259
cvzPWcfO,82,0-1,Black,<=5s vs 5-10s,1138
OYs8W9Uu,129,1/2-1/2,White,<=5s vs 5-10s,1909
oumR06Rf,78,0-1,Black,<=5s vs 10-15s,1364
P1PlHH9m,68,0-1,Black,<=5s vs 5-10s,1195
F4uZWqU8,70,0-1,Black,<=5s vs 5-10s,1962
kzbK7nF5,79,0-1,White,<=5s vs 5-10s,2117
zAd4gWvT,77,1-0,White,<=5s vs 15-20s,1634
DbI5kpjD,51,1-0,White,<=5s vs 10-15s,1293
GurUygGx,79,1-0,White,<=5s vs 10-15s,2385
ATVAYYJU,51,1-0,White,<=5s vs 15-20s,1756
K8A74oVO,103,1-0,White,<=5s vs 5-10s,2330
aA53kMRb,42,0-1,Black,<=5s vs 15-20s,1822
Nsw41kiH,127,1/2-1/2,White,<=5s vs 15-20s,1809
cfK7aisW,84,1/2-1/2,Black,<=5s vs 15-20s,2138
kkaglEkv,108,1-0,Black,<=5s vs 5-10s,2606
8nX5dRGv,71,1-0,White,<=5s vs 15-20s,1890
xRDLqxNy,65,1-0,White,<=5s vs 15-20s,1691
hR3OvlLm,105,1-0,White,<=5s vs 5-10s,2369
1gij83N1,89,1-0,White,<=5s vs 10-15s,1693
9ca0FM41,61,0-1,White,<=5s vs <=5s,1660
SOKIf4hy,62,1-0,Black,<=5s vs 10-15s,1768
oV5Cku5D,65,1-0,White,<=5s vs 15-20s,1729
nBY0jPRS,81,0-1,White,<=5s vs 10-15s,1314
JSAm0Uxq,138,0-1,Black,<=5s vs 15-20s,1487
NNjdDnTx,87,1-0,White,<=5s vs 15-20s,1766
iijGr4oa,72,0-1,Black,<=5s vs 15-20s,1372
3tSnOinU,68,1-0,Black,<=5s vs 10-15s,2218
AFRJyCu9,130,0-1,Black,<=5s vs 15-20s,1901
75hD9Kfi,60,0-1,Black,<=5s vs 10-15s,1436
ClQKGJpV,52,0-1,Black,<=5s vs 15-20s,1792
VSwMKlER,93,1-0,White,<=5s vs 5-10s,2104
FNArPcou,80,0-1,Black,<=5s vs 5-10s,1567
TF1DwIRX,36,0-1,Black,<=5s vs 15-20s,935
nzwNqwBs,34,0-1,Black,<=5s vs 5-10s,757
XGkpLme2,73,0-1,White,<=5s vs 5-10s,1770
0AHJFYKn,101,1-0,White,<=5s vs 5-10s,1860
QsSmA3Ft,74,0-1,Black,<=5s vs 15-20s,2525
pLbYqhxW,73,1-0,White,<=5s vs 10-15s,2303
NiwlOUIx,78,0-1,Black,<=5s vs <=5s,1977
501DwcFz,162,0-1,Black,<=5s vs 5-10s,2764
OarI5XMz,74,0-1,Black,<=5s vs 15-20s,1238
2hT7OFWl,126,0-1,Black,<=5s vs 5-10s,2258
JtwV88SO,57,1-0,White,<=5s vs 5-10s,1452
L1fnHdfc,97,0-1,White,<=5s vs <=5s,2403
SjFZqoZk,76,0-1,Black,<=5s vs <=5s,2073
U1zLmFVR,89,1-0,White,<=5s vs 5-10s,2330
JREHftEM,66,0-1,Black,<=5s vs 5-10s,1079
Rg3NcmAE,58,0-1,Black,<=5s vs 5-10s,703
2bzgy6RL,40,0-1,Black,<=5s vs 5-10s,1150
QR5YzFtw,72,0-1,Black,<=5s vs 5-10s,1832
F2fvRT5d,52,1-0,Black,<=5s vs 5-10s,1463
ed2zw5CL,38,1-0,Black,<=5s vs <=5s,770
BACsw8UM,68,0-1,Black,<=5s vs 15-20s,1828
3Rk78yt6,65,1-0,White,<=5s vs 5-10s,1280
ioKZj4MC,50,0-1,Black,<=5s vs 15-20s,1418
4jvvG9PV,54,0-1,Black,<=5s vs 10-15s,1015
rlGgh8IZ,70,0-1,Black,<=5s vs 15-20s,1754
LhFglSLQ,88,0-1,Black,<=5s vs <=5s,2127
cDOQ8SqH,89,1-0,White,<=5s vs 5-10s,2500
CLYpGDub,106,0-1,Black,<=5s vs 5-10s,2319
ywVSdNm0,123,1-0,White,<=5s vs 5-10s,2696
nehk8ppI,59,1-0,White,<=5s vs 15-20s,2064
oZbxsSQa,91,1-0,White,<=5s vs 5-10s,2385
hsy8ZVI3,51,0-1,White,<=5s vs 10-15s,2253
nKiB01YZ,77,1-0,White,<=5s vs 5-10s,1317
4CvVA8Ix,127,0-1,White,<=5s vs <=5s,2133
yuNkzsUe,82,0-1,Black,<=5s vs 5-10s,1502
1tCGTqzV,63,1-0,White,<=5s vs 5-10s,2005
ffbaC1Dg,48,0-1,Black,<=5s vs 5-10s,1131
PfHxIRwE,96,1-0,Black,<=5s vs <=5s,2324
ror5V3te,58,0-1,Black,<=5s vs 10-15s,1547
rtyVxeFZ,56,0-1,Black,<=5s vs 10-15s,1415
SRGHJSlo,125,0-1,White,<=5s vs <=5s,1812
BMNKfAq1,57,1-0,White,<=5s vs 10-15s,1646
HhAfxk7O,62,0-1,Black,<=5s vs 15-20s,1731
ESfJS6SR,93,1-0,White,<=5s vs 15-20s,2094
kVNi196w,97,1/2-1/2,White,<=5s vs 5-10s,864
1oYdmUbf,62,0-1,Black,<=5s vs 5-10s,1114
iYRMjjrk,52,0-1,Black,<=5s vs 10-15s,1905
n6D47RvB,90,1-0,Black,<=5s vs <=5s,1822
5yjKoJ7G,59,1-0,White,<=5s vs 5-10s,1978
nWYmgK9M,53,1-0,White,<=5s vs 15-20s,1504
D365iIDJ,62,0-1,Black,<=5s vs 15-20s,1969
9ZCPzaaX,91,1-0,White,<=5s vs 15-20s,1391
uL3Yiqwh,89,1-0,White,<=5s vs 5-10s,2181
7cM5pfon,70,0-1,Black,<=5s vs 15-20s,1687
syjnz8vK,46,0-1,Black,<=5s vs 10-15s,2105
T4Ibgise,78,0-1,Black,<=5s vs 5-10s,2360
Q7ZwIUA4,73,1-0,White,<=5s vs 5-10s,2150
DBwh2hDp,63,1-0,White,<=5s vs <=5s,1165
Rd0r4Zyb,73,1-0,White,<=5s vs 5-10s,2166
KKVSzgva,102,0-1,Black,<=5s vs 5-10s,2171
CpYDpeBw,69,1-0,White,<=5s vs 15-20s,2085
tKEeR9Zd,67,1-0,White,<=5s vs 10-15s,1552
NL7MvWjB,84,1-0,Black,<=5s vs <=5s,1405
UkSi7msC,62,0-1,Black,<=5s vs <=5s,1808
9bqK0abT,61,1-0,White,<=5s vs 15-20s,1697
TxCA9d8C,77,1-0,White,<=5s vs 15-20s,2691
5zE0iUda,60,0-1,Black,<=5s vs 5-10s,2073
i5H3Galz,51,0-1,White,<=5s vs 5-10s,1658
QTr63uiI,59,1-0,White,<=5s vs 10-15s,1292
XmaHSzsq,81,1-0,White,<=5s vs 5-10s,1645
dr3Nya6m,80,0-1,Black,<=5s vs <=5s,2055
YWJwytTA,93,0-1,White,<=5s vs 15-20s,2627
NSM7MgVF,72,0-1,Black,<=5s vs 10-15s,1712
8A2jerlK,83,0-1,White,<=5s vs 5-10s,1982
nmgcba7A,53,1-0,White,<=5s vs 15-20s,1733
IrYDD8lp,56,0-1,Black,<=5s vs 5-10s,1835
BdxfTr2m,58,0-1,Black,<=5s vs 10-15s,2366
KHdGZTML,67,1-0,White,<=5s vs 5-10s,1107
15xVHpEO,77,1-0,White,<=5s vs <=5s,1598
wjDtlpmx,56,0-1,Black,<=5s vs 10-15s,1887
xb59V8oZ,79,1-0,White,<=5s vs 5-10s,1658
B0P58dM2,68,0-1,Black,<=5s vs 5-10s,1320
WPiPrFif,75,1-0,White,<=5s vs 15-20s,1981
dBa3Bg8I,85,1-0,White,<=5s vs <=5s,1712
qTLvWSYN,52,1-0,Black,<=5s vs 5-10s,1287
Y49Tq3Ph,92,0-1,Black,<=5s vs 15-20s,2286
saqup1qS,100,0-1,Black,<=5s vs 10-15s,2194
c4euQCMk,86,0-1,Black,<=5s vs 5-10s,2035
jVVMjpJh,74,1-0,Black,<=5s vs 5-10s,1119
IGrIdndN,89,0-1,White,<=5s vs 5-10s,2402
CjsbffsO,55,1-0,White,<=5s vs 10-15s,2070
HHfdDZX5,111,1-0,White,<=5s vs 15-20s,2353
FJmLP2pK,52,0-1,Black,<=5s vs 10-15s,1860
b02Q5tRp,35,1-0,White,<=5s vs 5-10s,789
Bz3w2g40,87,0-1,White,<=5s vs 5-10s,2339
dINIYqAY,42,0-1,Black,<=5s vs 5-10s,937
AKjKB9Du,79,1-0,White,<=5s vs 15-20s,1740
iy4wGKKc,63,1-0,White,<=5s vs 5-10s,1698
bggZf4fT,80,0-1,Black,<=5s vs 5-10s,2013
3Nvk7MTK,80,1/2-1/2,Black,<=5s vs 5-10s,2104
0kisocYp,59,1-0,White,<=5s vs 10-15s,1265
aa7XGJtk,58,0-1,Black,<=5s vs 15-20s,2202
Ij3xpSPb,74,1-0,Black,<=5s vs <=5s,1401
cwVSMOp8,69,0-1,White,<=5s vs <=5s,1584
Br7ZAlZV,78,1-0,Black,<=5s vs <=5s,2064
MW8TUVlK,59,1-0,White,<=5s vs 15-20s,2379
RrBoNa6v,92,0-1,Black,<=5s vs 5-10s,1734
g93fVQMQ,64,0-1,Black,<=5s vs 15-20s,1951
gsCFFrkI,63,1-0,White,<=5s vs 15-20s,1254
Z0x2Zd4E,81,1-0,White,<=5s vs 5-10s,2080
76rCI4nV,81,0-1,White,<=5s vs 5-10s,1920
pdNeF6U3,65,1-0,White,<=5s vs 5-10s,1085
oGh8CqDq,97,1-0,White,<=5s vs 15-20s,2299
ZiVZIE13,42,0-1,Black,<=5s vs 5-10s,931
upgYK4mI,72,0-1,Black,<=5s vs 10-15s,2305
tpw4wCrv,73,1-0,White,<=5s vs 15-20s,1604
XA5Y2bHN,66,1-0,Black,<=5s vs 5-10s,1508
v6msbSKL,46,0-1,Black,<=5s vs 10-15s,1361
EJFzSIRa,58,0-1,Black,<=5s vs 5-10s,1931
Rq4vC3Kf,78,0-1,Black,<=5s vs 15-20s,2048
BEDuE8uy,49,1-0,White,<=5s vs 10-15s,1015
mbIGMj3e,61,1-0,White,<=5s vs 15-20s,1421
DcdWMTd7,122,0-1,Black,<=5s vs 15-20s,2050
AOsbAkMS,75,1-0,White,<=5s vs 10-15s,1958
JXA3t3NP,71,1-0,White,<=5s vs 10-15s,2160
Fghq8QXd,66,1-0,Black,<=5s vs <=5s,1551
GASUEFMY,92,1/2-1/2,Black,<=5s vs 5-10s,2612
eFz3Gayd,131,1-0,White,<=5s vs 5-10s,2503
NIQfpznO,51,0-1,White,<=5s vs 15-20s,1418
HLmzCTIz,104,0-1,Black,<=5s vs 10-15s,2626
QO4xKpHN,42,0-1,Black,<=5s vs 5-10s,1428
tWCma8gX,100,1-0,Black,<=5s vs <=5s,1869
9NnNFbV5,76,0-1,Black,<=5s vs 5-10s,1786
PNtrL1TV,63,1-0,White,<=5s vs 15-20s,2382
h3wc3tou,96,0-1,Black,<=5s vs 5-10s,1934
H2VvtIIr,48,0-1,Black,<=5s vs 15-20s,1363
fhvM3i5j,62,1-0,Black,<=5s vs <=5s,1675
mSwkS9fd,54,0-1,Black,<=5s vs 15-20s,1270
JXJI1UY1,117,1-0,White,<=5s vs 10-15s,1839
u96O4f5b,59,1-0,White,<=5s vs 5-10s,1212
EzOTX1hN,66,0-1,Black,<=5s vs 10-15s,1163
OI7gtcXC,76,0-1,Black,<=5s vs 15-20s,1574
tSUTPTBh,80,1-0,Black,<=5s vs <=5s,1731
SIdrcV9W,91,1-0,White,<=5s vs 15-20s,1882
3hndhJDX,101,0-1,White,<=5s vs 15-20s,2208
3eE7lk7M,95,1-0,White,<=5s vs 10-15s,2050
5B1lhSNu,109,1-0,White,<=5s vs 15-20s,2278
2CXWTarl,85,0-1,White,<=5s vs 10-15s,2197
awCZfwUv,73,1-0,White,<=5s vs 15-20s,1659
ILbzOgHP,61,1-0,White,<=5s vs 5-10s,1935
ixvfau3R,82,0-1,Black,<=5s vs 15-20s,2327
5YxNoMmq,60,0-1,Black,<=5s vs 10-15s,1559
0Rc4hrJ9,52,0-1,Black,<=5s vs 15-20s,1747
c3W669im,118,0-1,Black,<=5s vs <=5s,1909
FJe6uUu1,65,1-0,White,<=5s vs 5-10s,1413
9pY44ptb,86,0-1,Black,<=5s vs 5-10s,2175
ibxMGL9l,95,1-0,White,<=5s vs <=5s,2486
LTFv1WS7,88,1/2-1/2,Black,<=5s vs 5-10s,1969
VtSgMPvc,61,1-0,White,<=5s vs 5-10s,1623
I3Kjiswe,86,0-1,Black,<=5s vs 15-20s,2052
d9zPVj8S,61,1-0,White,<=5s vs <=5s,2011
BgrTVgOz,53,1-0,White,<=5s vs 10-15s,2431
9H6e9Mgy,57,1-0,White,<=5s vs 15-20s,1518
OpvehAu9,59,1-0,White,<=5s vs 15-20s,1672
jgjXylqY,69,1-0,White,<=5s vs 15-20s,1836
qBiibZrL,83,1-0,White,<=5s vs 10-15s,1863
viOyg4tT,92,1-0,Black,<=5s vs 10-15s,2063
nspp674E,93,1-0,White,<=5s vs 5-10s,2101
td2Z436k,55,0-1,White,<=5s vs 5-10s,1925
AkKHalkW,70,1-0,Black,<=5s vs 5-10s,1787
WoUsbcMV,58,0-1,Black,<=5s vs 10-15s,1194
rFk68UKH,54,0-1,Black,<=5s vs 5-10s,1586
XjJP9tWx,54,0-1,Black,<=5s vs 15-20s,1557
IT4YCAce,73,1-0,White,<=5s vs 10-15s,2510
Z2Skny9k,91,1-0,White,<=5s vs 10-15s,1445
EDkBQdjT,87,1-0,White,<=5s vs 15-20s,1881
m2gHjHcB,75,1-0,White,<=5s vs 15-20s,2161
yYejxiOP,52,0-1,Black,<=5s vs 15-20s,1117
dPIacTlL,110,0-1,Black,<=5s vs 10-15s,2443
S9tUnPVW,56,0-1,Black,<=5s vs 15-20s,2285
EfMSFrgs,52,0-1,Black,<=5s vs 15-20s,1666
Gjg4dxO2,51,1-0,White,<=5s vs 15-20s,1863
vLfeBbLB,83,1-0,White,<=5s vs 5-10s,2079
TbePFVLD,41,0-1,White,<=5s vs <=5s,957
4hMZCGaj,55,1-0,White,<=5s vs 5-10s,1933
jpt97XYL,76,0-1,Black,<=5s vs 15-20s,1938
b5s1hToz,56,0-1,Black,<=5s vs 15-20s,1926
9s8t73y5,52,0-1,Black,<=5s vs 5-10s,1619
gTnHji4N,62,0-1,Black,<=5s vs 5-10s,1690
OBEPehKh,50,0-1,Black,<=5s vs 10-15s,947
Ge86FtMC,105,1/2-1/2,White,<=5s vs 15-20s,2564
PD3YQd6f,56,0-1,Black,<=5s vs 10-15s,1029
067yYts7,76,0-1,Black,<=5s vs 5-10s,2105
1Kn8CLHr,59,1-0,White,<=5s vs 15-20s,2018
GRvErQty,68,1-0,Black,<=5s vs <=5s,1079
T0EtPHoT,126,0-1,Black,<=5s vs <=5s,2352
QrooX27e,62,0-1,Black,<=5s vs 5-10s,1593
PUUeII97,86,0-1,Black,<=5s vs 5-10s,2175
4ywVss9s,96,0-1,Black,<=5s vs 15-20s,1832
9QX4eK77,93,1-0,White,<=5s vs 15-20s,2300
vzDKEmsu,109,1-0,White,<=5s vs 10-15s,2879
n25GgkwS,101,1-0,White,<=5s vs <=5s,2295
tSQ2FTA5,84,1-0,Black,<=5s vs <=5s,2149
aX5yTvdR,110,0-1,Black,<=5s vs 10-15s,2576
UhKesfVY,44,0-1,Black,<=5s vs <=5s,994
NIXy0vsD,57,1-0,White,<=5s vs 15-20s,1319
ALZE6xN8,91,1-0,White,<=5s vs 10-15s,2086
WG4ildg5,66,0-1,Black,<=5s vs 5-10s,1401
4BKx8oKM,76,0-1,Black,<=5s vs 15-20s,2098
oyCcis8L,145,1-0,White,<=5s vs 5-10s,1876
FEq1Dy2V,70,0-1,Black,<=5s vs 5-10s,1746
BiwkAAfQ,116,1-0,Black,<=5s vs 5-10s,1366
1bUNXs4O,54,0-1,Black,<=5s vs 5-10s,1931
5KUdSfls,64,0-1,Black,<=5s vs 5-10s,1938
SI3wNKcy,74,0-1,Black,<=5s vs 15-20s,2190
7SDzd7LS,54,0-1,Black,<=5s vs <=5s,1506
RhHB3FIN,48,0-1,Black,<=5s vs 10-15s,1843
asjIU1XY,70,0-1,Black,<=5s vs <=5s,1457
YJ0GnN4n,72,0-1,Black,<=5s vs 15-20s,1499
Go6srzmk,41,1-0,White,<=5s vs 10-15s,792
JWukjcNt,101,1-0,White,<=5s vs 15-20s,2141
PHhrGKtn,105,1-0,White,<=5s vs 5-10s,1583
ZU5qesmS,75,1-0,White,<=5s vs 15-20s,2757
KWh8RV5t,76,0-1,Black,<=5s vs 5-10s,1870
mLtKZXel,72,0-1,Black,<=5s vs 15-20s,2088
M4sqmvaE,52,0-1,Black,<=5s vs <=5s,1787
OXWXkudR,59,0-1,White,<=5s vs 10-15s,1295
FZLfIOMr,83,1-0,White,<=5s vs 10-15s,1204
efNjmyuw,52,0-1,Black,<=5s vs 15-20s,1566
jbkIyWvG,71,0-1,White,<=5s vs 5-10s,1649
xOXujJsP,56,0-1,Black,<=5s vs 15-20s,1243
QSjXXlgf,74,0-1,Black,<=5s vs <=5s,1642
sADN8mHG,80,0-1,Black,<=5s vs 5-10s,1959
PLXKAcNP,75,1-0,White,<=5s vs <=5s,2793
6xw6Ihcx,84,0-1,Black,<=5s vs 15-20s,2019
98zgS9xq,51,1-0,White,<=5s vs 5-10s,1485
5I36lArj,99,0-1,White,<=5s vs 5-10s,2086
0AHS1FNp,94,0-1,Black,<=5s vs <=5s,2423
BxVDa01a,42,0-1,Black,<=5s vs 10-15s,1559
HjGIuUvA,77,0-1,White,<=5s vs <=5s,2293
a4rkc9Yg,64,0-1,Black,<=5s vs 10-15s,1936
KpchCzfr,94,1-0,Black,<=5s vs 5-10s,2625
57J1J7x1,61,0-1,White,<=5s vs 5-10s,1957
Tn7AvPTt,93,0-1,White,<=5s vs 10-15s,1926
PYvo9rzy,103,1/2-1/2,White,<=5s vs 15-20s,2350
AuvyEdSV,75,1-0,White,<=5s vs <=5s,1743
3YFteTiW,42,1-0,Black,<=5s vs <=5s,694
KHTactNr,53,1-0,White,<=5s vs 10-15s,700
UFoHe4DR,77,1-0,White,<=5s vs 10-15s,1745
IKxHTJH0,144,0-1,Black,<=5s vs 5-10s,1428
sOQXG0Bj,66,0-1,Black,<=5s vs 15-20s,2018
QLyW5YAB,82,0-1,Black,<=5s vs 10-15s,1594
LvHReXej,97,1-0,White,<=5s vs 5-10s,2388
ycfavfMw,67,1-0,White,<=5s vs 10-15s,1477
RGOjzULX,75,1-0,White,<=5s vs 10-15s,2122
kZcxXIK3,66,0-1,Black,<=5s vs 10-15s,1975
s32WxmSi,79,1-0,White,<=5s vs 5-10s,2163
Nl44J3Jy,41,1-0,White,<=5s vs 15-20s,1345
irsUk3tY,48,0-1,Black,<=5s vs 5-10s,1115
nj6J8sDp,78,0-1,Black,<=5s vs 10-15s,1404
NGYzJEDh,55,0-1,White,<=5s vs 10-15s,931
Vj7grtpw,95,1-0,White,<=5s vs 10-15s,2088
Cpe3SxUq,68,0-1,Black,<=5s vs 10-15s,1769
wCrC6ScP,72,0-1,Black,<=5s vs 15-20s,1962
JOlaxzeY,50,1-0,Black,<=5s vs 15-20s,2140
OaZB9j38,44,1-0,Black,<=5s vs 10-15s,2269
S66gmfTE,90,0-1,Black,<=5s vs 15-20s,2617
UG5aiXkp,44,0-1,Black,<=5s vs 10-15s,1247
OJOjw1To,84,0-1,Black,<=5s vs 10-15s,2430
GTSoCBpH,119,1-0,White,<=5s vs 5-10s,2243
Eel7VZGg,87,1-0,White,<=5s vs 5-10s,2241
gj51QVdf,94,0-1,Black,<=5s vs 5-10s,2419
Ic6zNRUk,43,1-0,White,<=5s vs 15-20s,1938
217uM5PZ,81,0-1,White,<=5s vs 5-10s,1977
QbEcQNwl,113,1/2-1/2,White,<=5s vs 15-20s,2379
pUzcuw9e,70,0-1,Black,<=5s vs 10-15s,1964
edLtXi9a,77,1-0,White,<=5s vs 5-10s,2093
V2UcS6QD,110,0-1,Black,<=5s vs 10-15s,1795
z3pxrMNh,72,0-1,Black,<=5s vs 5-10s,1158
ygojGeYN,47,1-0,White,<=5s vs 15-20s,1900
v5Ihrh3G,127,1-0,White,<=5s vs 10-15s,2549
n9BCnI7D,110,1/2-1/2,Black,<=5s vs <=5s,1720
23b4g8fG,63,1-0,White,<=5s vs 10-15s,1396
s69v4AGM,67,1-0,White,<=5s vs 15-20s,1802
WCIllLyp,58,0-1,Black,<=5s vs 15-20s,1943
AL8rOXlU,76,0-1,Black,<=5s vs 15-20s,2059
TZcuMPrX,193,1/2-1/2,White,<=5s vs <=5s,1609
RwnIyMmr,89,1-0,White,<=5s vs 10-15s,2473
8Fx935zA,139,1-0,White,<=5s vs 5-10s,1207
6PPxnwdp,78,0-1,Black,<=5s vs 15-20s,2493
Id4X1e8i,50,0-1,Black,<=5s vs <=5s,1939
Iunyy9sV,56,0-1,Black,<=5s vs <=5s,2099
8HRdqWK6,54,0-1,Black,<=5s vs 5-10s,1261
s6Jc3EtU,56,0-1,Black,<=5s vs 10-15s,720
aJYbGj5a,123,1-0,White,<=5s vs 10-15s,2181
l0HO2Vq1,62,0-1,Black,<=5s vs 10-15s,1232
ZTZyEugS,98,1-0,Black,<=5s vs <=5s,2242
Jl3FDATW,68,1-0,Black,<=5s vs 10-15s,1705
CSdYNh9b,74,0-1,Black,<=5s vs 10-15s,1688
HoRc5Ari,83,1-0,White,<=5s vs 15-20s,2229
viGqGKFR,78,0-1,Black,<=5s vs <=5s,2321
iQh9GmDl,41,1-0,White,<=5s vs 10-15s,619
W52MH0K2,78,0-1,Black,<=5s vs 15-20s,2042
8dCbvYEk,38,0-1,Black,<=5s vs <=5s,665
BtHENPml,69,1-0,White,<=5s vs 5-10s,1652
hWmwaxjS,115,1-0,White,<=5s vs 5-10s,1710
IzATcsp3,73,1-0,White,<=5s vs 5-10s,2607
CmfGsx07,107,0-1,White,<=5s vs <=5s,1989
7PpCxoYr,64,0-1,Black,<=5s vs 5-10s,1338
GAAfLdYa,114,1-0,Black,<=5s vs 5-10s,1147
80w1n3Ui,98,0-1,Black,<=5s vs 5-10s,2777
nRcROie2,74,0-1,Black,<=5s vs 5-10s,1589
vYeqCLpL,49,1-0,White,<=5s vs 10-15s,1508
LvGZUsSx,57,0-1,White,<=5s vs 5-10s,1509
Dxhnfvuu,67,1-0,White,<=5s vs 10-15s,1776
eH2CFjq8,67,1-0,White,<=5s vs 15-20s,2006
Od982SvO,86,1-0,Black,<=5s vs 5-10s,2666
S6qeeU59,77,1-0,White,<=5s vs <=5s,1777
yFQc6DER,82,0-1,Black,<=5s vs 15-20s,2647
87TzVAgE,73,1-0,White,<=5s vs 15-20s,2177
Th6TVYv5,118,1-0,Black,<=5s vs <=5s,1953
TwfPCNNG,68,0-1,Black,<=5s vs 15-20s,2954
AXwO9xPk,62,0-1,Black,<=5s vs 15-20s,1444
F5XvXw3A,187,1-0,White,<=5s vs 10-15s,1856
4ee4Ds4q,50,1-0,Black,<=5s vs <=5s,1094
5jD7zeW3,77,1-0,White,<=5s vs 5-10s,1754
z7MoXagB,43,1-0,White,<=5s vs 10-15s,1503
Sl5sYFs4,81,1-0,White,<=5s vs 15-20s,2136
IENB6pOD,73,1-0,White,<=5s vs 15-20s,2457
JXuFoZG8,47,1-0,White,<=5s vs 10-15s,1552
3Cq3AKJK,69,0-1,White,<=5s vs 5-10s,1968
EAThyRNk,49,0-1,White,<=5s vs 5-10s,1325
jmFq269z,44,0-1,Black,<=5s vs 15-20s,1369
6sdfR0ke,56,0-1,Black,<=5s vs <=5s,2056
50rUZUWB,54,0-1,Black,<=5s vs 5-10s,1593
UinQGLJE,76,1-0,Black,<=5s vs 5-10s,1162
1J6eh7Uq,33,0-1,White,<=5s vs 5-10s,1211
SYJLz7r1,112,1/2-1/2,Black,<=5s vs 10-15s,1136
5zrYnutT,58,0-1,Black,<=5s vs 10-15s,1814
TgBBxrq3,73,1-0,White,<=5s vs 5-10s,2004
XkrnbeAa,49,0-1,White,<=5s vs 5-10s,1531
gobQGp8F,47,1-0,White,<=5s vs 15-20s,929
tzc5nqRA,44,0-1,Black,<=5s vs 10-15s,1777
b2UEkOKE,122,1-0,Black,<=5s vs 10-15s,2690
9RCkz7Ca,58,0-1,Black,<=5s vs 10-15s,1443
XNs5wv71,68,0-1,Black,<=5s vs 5-10s,2074
s9oy0jPN,58,0-1,Black,<=5s vs 10-15s,1678
LLwzA17q,68,0-1,Black,<=5s vs 15-20s,2326
YJL6iV5L,138,1/2-1/2,Black,<=5s vs 10-15s,2230
sE3MxdtV,82,0-1,Black,<=5s vs 5-10s,2441
SxUlDCmK,49,1-0,White,<=5s vs 10-15s,1041
3Ghgqt7K,70,0-1,Black,<=5s vs 15-20s,2170
KE8AFVf1,105,0-1,White,<=5s vs <=5s,2329
GshIWdWN,50,0-1,Black,<=5s vs 5-10s,2290
4Bws8gLY,148,1/2-1/2,Black,<=5s vs 5-10s,2345
KWiQeT6c,60,0-1,Black,<=5s vs 5-10s,1429
iEfxIDOI,62,0-1,Black,<=5s vs 5-10s,1220
5P33Xwrm,77,1-0,White,<=5s vs 5-10s,1794
UvA9N0hV,69,1-0,White,<=5s vs 15-20s,1224
AXdOjj8L,86,1-0,Black,<=5s vs 10-15s,1520
JUHKJdt4,61,1-0,White,<=5s vs 10-15s,1926
AoPXeSDD,49,1-0,White,<=5s vs 10-15s,954
VYXZIPSc,45,1-0,White,<=5s vs 15-20s,960
6xVgv1ux,87,0-1,White,<=5s vs <=5s,2506
R7uhYwf3,68,0-1,Black,<=5s vs 10-15s,2133
S5H9vD1F,81,1-0,White,<=5s vs 5-10s,2267
2WbsTA3S,70,1/2-1/2,Black,<=5s vs 15-20s,1700
nRru3RuG,79,1-0,White,<=5s vs 10-15s,1284
c2X2lATp,58,0-1,Black,<=5s vs 15-20s,1687
6UjtKGiO,75,1-0,White,<=5s vs 5-10s,1827
kNH2eLTJ,62,0-1,Black,<=5s vs 5-10s,1833
mLPq2PlR,72,0-1,Black,<=5s vs 10-15s,1804
lKFoNsYy,73,1-0,White,<=5s vs 5-10s,2048
9QP2FzkQ,86,0-1,Black,<=5s vs 5-10s,1826
Hm7gpnO1,61,1-0,White,<=5s vs 15-20s,1859
JIQX6iOw,48,0-1,Black,<=5s vs <=5s,753
sSDbZL1I,75,1-0,White,<=5s vs <=5s,1441
mWSLbqDZ,54,0-1,Black,<=5s vs 15-20s,1556
yHeGVTkm,96,0-1,Black,<=5s vs 15-20s,2190
V2lWwNM7,81,1-0,White,<=5s vs 5-10s,1878
2RxMPfor,53,1-0,White,<=5s vs 10-15s,1693
SZ5scfkj,68,0-1,Black,<=5s vs 10-15s,2595
febeMRES,81,1-0,White,<=5s vs 10-15s,2412
FKicqdVN,77,0-1,White,<=5s vs 15-20s,2109
sjMnHIth,68,0-1,Black,<=5s vs 5-10s,1318
JNXaZBnh,57,0-1,White,<=5s vs 5-10s,2086
ne4AvvHP,55,0-1,White,<=5s vs 15-20s,1073
4VML3iPT,72,0-1,Black,<=5s vs 5-10s,1900
raCVYCg2,49,1-0,White,<=5s vs 15-20s,1370
rsLBhTY0,80,0-1,Black,<=5s vs 15-20s,1616
lMClxwQk,46,0-1,Black,<=5s vs 15-20s,1356
kFHgwoD7,52,0-1,Black,<=5s vs 5-10s,1447
a38kdRAM,79,1-0,White,<=5s vs 5-10s,1612
Yw10FJw7,153,1-0,White,<=5s vs 15-20s,2334
qenfZnK4,40,0-1,Black,<=5s vs 10-15s,752
4JIzSWwD,62,0-1,Black,<=5s vs 15-20s,1978
SEXLfGwf,72,1-0,Black,<=5s vs <=5s,1481
5u5Fp1Jj,68,0-1,Black,<=5s vs 5-10s,2051
hwx9pGXp,66,0-1,Black,<=5s vs 15-20s,1842
TtDGZYDb,75,1-0,White,<=5s vs 10-15s,1758
5Y1RBIrw,74,0-1,Black,<=5s vs 10-15s,2628
FT7itmno,117,1-0,White,<=5s vs 15-20s,2506
tD4IibOV,76,0-1,Black,<=5s vs 10-15s,2226
BZ4xfHea,99,1-0,White,<=5s vs 10-15s,1570
bxUGvimn,69,1-0,White,<=5s vs 5-10s,2600
Y6JPdJPy,105,1-0,White,<=5s vs 5-10s,2376
c1RsMVEp,77,1-0,White,<=5s vs 15-20s,2216
NbjnbikU,75,1-0,White,<=5s vs 15-20s,1848
VQPv01ki,47,1-0,White,<=5s vs 10-15s,931
pOSnlGbr,90,0-1,Black,<=5s vs <=5s,1823
MOgelHOL,66,1-0,Black,<=5s vs <=5s,1541
OT835rF0,60,0-1,Black,<=5s vs 5-10s,1235
D3yU3iw0,71,1-0,White,<=5s vs 10-15s,1467
LEYGnIlC,55,1-0,White,<=5s vs 15-20s,1895
Ab9V9izM,45,0-1,White,<=5s vs 10-15s,1622
KnNUxEBl,78,0-1,Black,<=5s vs 5-10s,1464
KW447ydE,109,1-0,White,<=5s vs 5-10s,1867
W0nZGEhX,68,0-1,Black,<=5s vs <=5s,1330
hJmcuN06,98,0-1,Black,<=5s vs 5-10s,2594
Ffctgo9d,69,0-1,White,<=5s vs 5-10s,1878
n4ye8dBJ,50,0-1,Black,<=5s vs <=5s,1083
PZCoxTNi,51,1-0,White,<=5s vs 5-10s,1439
D6lY7QPe,86,0-1,Black,<=5s vs 5-10s,2027
HWZS6sJF,47,1-0,White,<=5s vs 15-20s,1212
IIl8AZiJ,75,1-0,White,<=5s vs 5-10s,1928
1UoTbAcC,55,1-0,White,<=5s vs 10-15s,958
J3kX8f50,73,1-0,White,<=5s vs 15-20s,1819
4EmOFTRW,57,1-0,White,<=5s vs 15-20s,1395
2DU1v7A4,62,1-0,Black,<=5s vs <=5s,1364
Pv3ugbVt,82,0-1,Black,<=5s vs 10-15s,2204
10Ju7t2l,53,1-0,White,<=5s vs 15-20s,1436
b0lgNysz,111,1-0,White,<=5s vs 15-20s,1829
ve455tfU,56,1-0,Black,<=5s vs 5-10s,1014
A60I1qfv,68,0-1,Black,<=5s vs 5-10s,1453
mgaDy3es,75,1-0,White,<=5s vs 5-10s,1992
s78LJ0wy,78,0-1,Black,<=5s vs 5-10s,2741
B6l4TXpK,81,0-1,White,<=5s vs 5-10s,2046
ojV8w0GN,59,1-0,White,<=5s vs 5-10s,1282
J5rZyzgO,123,1/2-1/2,White,<=5s vs 15-20s,2431
sZlgI7ug,51,1-0,White,<=5s vs 15-20s,1208
fP4veC9R,94,0-1,Black,<=5s vs 5-10s,2564
GpowMmc2,62,0-1,Black,<=5s vs 15-20s,1982
qX3nTnLe,59,1-0,White,<=5s vs 15-20s,1750
KcCjE3kg,97,1/2-1/2,White,<=5s vs 5-10s,2206
1VeIpYZd,104,0-1,Black,<=5s vs 10-15s,2293
VNFhGaAb,77,1-0,White,<=5s vs 5-10s,2056
6nXXWmHT,72,0-1,Black,<=5s vs 5-10s,1363
vcUzAVaL,62,0-1,Black,<=5s vs 15-20s,1818
Xuij4QHf,47,1-0,White,<=5s vs 15-20s,1996
1clR6Ons,55,1-0,White,<=5s vs 10-15s,1147
ZIrbjzIL,86,0-1,Black,<=5s vs 10-15s,1776
1lPeVuX7,61,0-1,White,<=5s vs 5-10s,2027
xUMijtGa,84,0-1,Black,<=5s vs 10-15s,1766
Nbjh0CKh,60,0-1,Black,<=5s vs 15-20s,2142
jI2irNBD,58,1-0,Black,<=5s vs 5-10s,1484
TOdljmjY,52,0-1,Black,<=5s vs 10-15s,1763
0XUMHiYX,70,1-0,Black,<=5s vs 5-10s,2052
zt9wBEJs,96,1-0,Black,<=5s vs <=5s,2017
gih75IwW,72,0-1,Black,<=5s vs 10-15s,1005
15dTjtTx,113,1-0,White,<=5s vs 10-15s,1518
Y2Wofiwj,86,0-1,Black,<=5s vs 5-10s,2318
H8EogC7E,55,1-0,White,<=5s vs 15-20s,1574
3HKy2AcS,79,1-0,White,<=5s vs 5-10s,1094
tvPpg5RM,84,0-1,Black,<=5s vs 15-20s,2215
Q9rXyfjn,53,1-0,White,<=5s vs 5-10s,1225
49DY2Uls,44,0-1,Black,<=5s vs 10-15s,1459
wrPftcn5,68,0-1,Black,<=5s vs <=5s,1623
JCzvFisZ,66,0-1,Black,<=5s vs 5-10s,1985
y7IRUe8L,80,0-1,Black,<=5s vs 5-10s,2048
Rr6iK5Mq,65,0-1,White,<=5s vs 10-15s,1570
AI6O3syA,120,0-1,Black,<=5s vs 15-20s,1666
3GF60GKL,102,0-1,Black,<=5s vs 15-20s,1935
Fielt0ko,101,1-0,White,<=5s vs 5-10s,2396
WkS9Y897,34,0-1,Black,<=5s vs 15-20s,1086
GN1yJO0i,39,1-0,White,<=5s vs 10-15s,1182
gABWBqn3,77,1-0,White,<=5s vs 10-15s,1595
epuaUSr7,70,0-1,Black,<=5s vs 10-15s,1944
1UdRfb33,95,1-0,White,<=5s vs 10-15s,1822
TxIdzjQb,81,1-0,White,<=5s vs 5-10s,1748
GP3jslxb,55,1-0,White,<=5s vs 5-10s,1199
QGwhCyGO,58,0-1,Black,<=5s vs 15-20s,1888
4ncni83A,87,1-0,White,<=5s vs 10-15s,2186
UOhvUwXt,87,1-0,White,<=5s vs 5-10s,1704
0x51fBHv,85,1-0,White,<=5s vs 15-20s,2130
fsqNGNqA,61,1-0,White,<=5s vs 10-15s,1001
cPGQHGzc,60,0-1,Black,<=5s vs 5-10s,1388
Guo2jZ5s,71,0-1,White,<=5s vs 10-15s,1595
ckcdwcMo,50,1-0,Black,<=5s vs 5-10s,1874
zEq1xJJD,57,1-0,White,<=5s vs 15-20s,1381
8XbpS4ci,75,1/2-1/2,White,<=5s vs 10-15s,2293
gTcA0yDv,62,0-1,Black,<=5s vs 15-20s,1457
AueYyKry,41,1-0,White,<=5s vs <=5s,639
2S3yqvuq,93,1-0,White,<=5s vs 5-10s,2448
M2TSUdj7,83,1-0,White,<=5s vs 10-15s,1805
QO1xbn34,54,1-0,Black,<=5s vs <=5s,1920
RcA2xo69,52,0-1,Black,<=5s vs 15-20s,1329
gdpxbEWR,60,0-1,Black,<=5s vs 5-10s,1160
zDimIL7h,104,0-1,Black,<=5s vs 15-20s,1489
RVhC4wf9,102,1-0,Black,<=5s vs 5-10s,2297
3onhNjub,101,1-0,White,<=5s vs 15-20s,2115
Hl6MlXYC,70,0-1,Black,<=5s vs 10-15s,1729
3FspyHCz,60,0-1,Black,<=5s vs 10-15s,1564
4FVRTbBJ,84,0-1,Black,<=5s vs 15-20s,2310
fDENr3qT,59,1-0,White,<=5s vs 5-10s,1007
0Q4CIoij,57,0-1,White,<=5s vs 15-20s,1509
iNoULevP,64,0-1,Black,<=5s vs 5-10s,1392
bhqSGJZv,102,0-1,Black,<=5s vs <=5s,1400
PEXSPDqn,43,0-1,White,<=5s vs 5-10s,1054
LWACHMEG,67,1-0,White,<=5s vs 15-20s,1520
NGiGrmND,80,1-0,Black,<=5s vs <=5s,2551
9ngFhqOE,54,0-1,Black,<=5s vs <=5s,1383
tvhR78nA,64,0-1,Black,<=5s vs <=5s,2280
4yEp3pv0,51,1-0,White,<=5s vs 15-20s,1722
9Eaxn2uh,84,0-1,Black,<=5s vs 5-10s,1487
o0AkgdYe,53,1-0,White,<=5s vs 15-20s,1527
fD0DRDOi,87,1-0,White,<=5s vs <=5s,1689
8XoUz1yl,43,1-0,White,<=5s vs 15-20s,880
aZx7IxPv,83,1-0,White,<=5s vs 15-20s,2557
7MYEY62Y,44,0-1,Black,<=5s vs 5-10s,1113
Fc8rTJu4,57,1-0,White,<=5s vs <=5s,1152
JQ1slBen,75,1-0,White,<=5s vs 15-20s,2527
EEjMp1QC,88,0-1,Black,<=5s vs 15-20s,1509
zspzMk6W,127,0-1,White,<=5s vs 15-20s,1925
V7zqkf4l,77,1-0,White,<=5s vs <=5s,1721
2CuQAZY6,90,0-1,Black,<=5s vs <=5s,2315
dOwttupK,69,1-0,White,<=5s vs 15-20s,1586
oEiLGob5,92,0-1,Black,<=5s vs 5-10s,2389
FyRyTr1X,75,1-0,White,<=5s vs 5-10s,1673
QTCr2gmD,84,1-0,Black,<=5s vs <=5s,2146
shvLnEDk,85,0-1,White,<=5s vs <=5s,2223
nP4wMM4C,87,1-0,White,<=5s vs 10-15s,1427
TUfszSR8,89,1-0,White,<=5s vs 15-20s,2039
bv3vTxQD,89,0-1,White,<=5s vs 10-15s,2033
3QIQscE3,47,1-0,White,<=5s vs 10-15s,1441
sKD6ZtLh,79,1-0,White,<=5s vs 15-20s,2173
5ZXabMni,60,1-0,Black,<=5s vs <=5s,1148
xiizKfnE,54,0-1,Black,<=5s vs 10-15s,1403
AcYVWxFH,90,0-1,Black,<=5s vs 10-15s,2349
1oxT2vPK,77,1-0,White,<=5s vs 5-10s,1471
fU6icm1h,58,0-1,Black,<=5s vs 5-10s,1786
tpeKUcJK,62,0-1,Black,<=5s vs 15-20s,1671
E2UHaSpo,68,0-1,Black,<=5s vs 10-15s,2250
2k6gSc7e,81,1-0,White,<=5s vs 10-15s,1545
jrz8TLVO,109,1/2-1/2,White,<=5s vs 5-10s,2057
CVvM4Eu8,67,1-0,White,<=5s vs <=5s,1596
at8MjVs5,52,0-1,Black,<=5s vs <=5s,1420
iRSJelRE,56,0-1,Black,<=5s vs 5-10s,1090
BzxFsFJQ,54,0-1,Black,<=5s vs 10-15s,1332
pIMcxv6D,62,0-1,Black,<=5s vs 10-15s,1604
TemuXk4F,104,0-1,Black,<=5s vs 15-20s,1879
k72EnRBP,84,0-1,Black,<=5s vs 10-15s,2495
6PUQVmLX,78,0-1,Black,<=5s vs 10-15s,1958
rlmIDQEG,89,1-0,White,<=5s vs <=5s,1644
WzIqBlht,52,0-1,Black,<=5s vs 10-15s,1460
k9x90CGS,55,1-0,White,<=5s vs 10-15s,1319
ss4I4HEc,168,1/2-1/2,Black,<=5s vs 10-15s,2051
AkmrCbDm,71,1-0,White,<=5s vs 15-20s,1718
GHss3Jup,124,0-1,Black,<=5s vs 15-20s,2595
QdLCmlPb,66,0-1,Black,<=5s vs 5-10s,1905
6Ydv7D9q,99,1-0,White,<=5s vs <=5s,2357
WMSuFKiv,81,1-0,White,<=5s vs 10-15s,2036
7bRzuwgh,82,1-0,Black,<=5s vs <=5s,2347
STKtkrtY,147,1-0,White,<=5s vs 15-20s,2641
4kkij5aM,77,1-0,White,<=5s vs 5-10s,2404
tVCZgfYp,116,1/2-1/2,Black,<=5s vs 5-10s,2585
Y3aUZRlU,95,1-0,White,<=5s vs 5-10s,2584
3O1fHrwJ,70,1-0,Black,<=5s vs <=5s,1547
qiD7l4sv,143,1-0,White,<=5s vs 15-20s,2111
oFn7Ddur,55,1-0,White,<=5s vs 15-20s,1389
85GchTBK,73,0-1,White,<=5s vs 15-20s,988
4Fin0IFu,83,1-0,White,<=5s vs 5-10s,2143
l3Oss1Kq,103,1-0,White,<=5s vs 10-15s,1738
QJe3o4d2,66,1-0,Black,<=5s vs 10-15s,1829
oTasOI9u,86,0-1,Black,<=5s vs 15-20s,2595
Fx314IFv,60,1-0,Black,<=5s vs <=5s,2242
sIx23WaA,71,1-0,White,<=5s vs <=5s,1297
2HUyv49G,90,0-1,Black,<=5s vs 10-15s,2299
EXDYPU3w,75,1-0,White,<=5s vs 15-20s,1918
pRjRUCdj,80,1/2-1/2,Black,<=5s vs 10-15s,2604
Ap8CMnac,71,1-0,White,<=5s vs 15-20s,1883
fI8GZEDo,118,0-1,Black,<=5s vs <=5s,2399
YAI4DIR8,60,0-1,Black,<=5s vs 15-20s,1995
0X02Whfz,59,1-0,White,<=5s vs 15-20s,1408
4lI8NAqE,74,0-1,Black,<=5s vs 15-20s,1706
f153QSjf,53,1-0,White,<=5s vs 15-20s,2021
WXhKETUY,82,1-0,Black,<=5s vs <=5s,1411
Fc2djjtQ,80,1/2-1/2,Black,<=5s vs 5-10s,1737
jGVmuOVS,100,0-1,Black,<=5s vs 10-15s,2287
NRZ8kWTO,48,0-1,Black,<=5s vs 15-20s,1741
2p5Ut04F,63,1-0,White,<=5s vs 15-20s,1516
YyzLjW89,60,0-1,Black,<=5s vs 5-10s,2064
dKtqscQK,81,1-0,White,<=5s vs 10-15s,1807
0vlZIjj9,57,1-0,White,<=5s vs 10-15s,1516
84lIjrjq,80,0-1,Black,<=5s vs 15-20s,2225
o0l3lb7t,56,0-1,Black,<=5s vs 15-20s,2295
ta7TXHMO,63,1-0,White,<=5s vs 10-15s,1948
31lvEpOu,53,0-1,White,<=5s vs 5-10s,1604
2vaZgi70,113,1-0,White,<=5s vs 15-20s,1950
ciWSJ4So,73,1-0,White,<=5s vs 15-20s,1986
ayTpJDxg,109,1-0,White,<=5s vs 10-15s,2234
CbyH0JRp,58,0-1,Black,<=5s vs 5-10s,1020
PohCgBrn,79,1-0,White,<=5s vs 5-10s,2091
lI5COuEt,61,1-0,White,<=5s vs 15-20s,1951
m74GQJSP,67,1-0,White,<=5s vs 15-20s,1498
HRh1MEth,81,0-1,White,<=5s vs <=5s,2248
JEl3R4GE,73,1-0,White,<=5s vs 5-10s,1741
1IoGVYTA,79,1-0,White,<=5s vs 15-20s,2481
81YVZPaS,65,1-0,White,<=5s vs <=5s,2386
iuRWYeJN,99,1-0,White,<=5s vs 10-15s,2493
ONRAQsMF,68,0-1,Black,<=5s vs 5-10s,1863
1GwaAkSP,57,1-0,White,<=5s vs 5-10s,1172
WtqEDf2b,82,1-0,Black,<=5s vs <=5s,1888
8r3YUUyI,63,1-0,White,<=5s vs 10-15s,1566
iJSE3g8Q,61,0-1,White,<=5s vs 5-10s,1447
0WU3aP3j,54,0-1,Black,<=5s vs 5-10s,1528
IOadFHRS,110,1-0,Black,<=5s vs <=5s,2388
Es3UmxYq,65,1-0,White,<=5s vs 5-10s,1674
4SeGq5Tq,92,0-1,Black,<=5s vs <=5s,1961
OBg0WmKE,69,0-1,White,<=5s vs 5-10s,2077
9WXggkOi,56,0-1,Black,<=5s vs 5-10s,1624
Bp0UUmRs,82,0-1,Black,<=5s vs 15-20s,2266
m31cSlrQ,88,0-1,Black,<=5s vs 15-20s,2704
1nWmWQ2X,73,1-0,White,<=5s vs 5-10s,1375
urPGp7XN,86,0-1,Black,<=5s vs 10-15s,1258
AVJ61jDQ,49,1-0,White,<=5s vs 10-15s,1255
UiAdN9DO,109,1-0,White,<=5s vs 10-15s,2466
S4X9lJu5,56,1-0,Black,<=5s vs 15-20s,1664
o3ATYel1,63,1-0,White,<=5s vs 5-10s,1234
C7DjvC5M,84,0-1,Black,<=5s vs 5-10s,2433
sSg1vsQN,95,1-0,White,<=5s vs 5-10s,2480
FbsfGaoG,63,1-0,White,<=5s vs 10-15s,1206
3rI9FMr5,71,1-0,White,<=5s vs <=5s,2048
cHFkoHTR,105,1-0,White,<=5s vs 15-20s,2620
nI0eBuAK,94,1-0,Black,<=5s vs <=5s,1396
FHjkJbXD,78,0-1,Black,<=5s vs 10-15s,1522
81QTVmY3,123,1-0,White,<=5s vs 5-10s,1897
DsCdTw8c,62,0-1,Black,<=5s vs 15-20s,2055
ceMWUBKL,58,0-1,Black,<=5s vs 15-20s,1086
9fwxmvFM,78,0-1,Black,<=5s vs 15-20s,1879
MeGhxtqJ,82,0-1,Black,<=5s vs 10-15s,2215
CTUDei3O,100,0-1,Black,<=5s vs 10-15s,2482
XvnJ5EeR,68,0-1,Black,<=5s vs 15-20s,1341
QZqVVWW7,128,1/2-1/2,Black,<=5s vs 15-20s,2232
ahSzyC5o,152,1/2-1/2,Black,<=5s vs <=5s,2278
HdKY5mBW,112,1-0,Black,<=5s vs 5-10s,1018
OHBX7wNs,77,1-0,White,<=5s vs 10-15s,1875
of7w5I2L,83,1-0,White,<=5s vs 15-20s,1716
J0hEAf0i,56,0-1,Black,<=5s vs 5-10s,1994
Ydr1XE0G,79,1-0,White,<=5s vs 5-10s,1837
ELwgAzDo,79,1/2-1/2,White,<=5s vs <=5s,1707
7Hlw5mlA,60,0-1,Black,<=5s vs 5-10s,947
5fvC8eaD,65,1-0,White,<=5s vs 5-10s,1171
6AW29JL4,46,0-1,Black,<=5s vs <=5s,1470
kvd3Moaj,95,1-0,White,<=5s vs 15-20s,2449
GuKBHdQr,108,0-1,Black,<=5s vs 10-15s,2581
bvbNvvFk,51,1-0,White,<=5s vs 5-10s,925
rQ5RvKMz,113,1/2-1/2,White,<=5s vs 10-15s,2000
ReE06soV,96,0-1,Black,<=5s vs 15-20s,1974
ramQ9P9a,90,1-0,Black,<=5s vs 5-10s,2546
HofVjXon,50,0-1,Black,<=5s vs 15-20s,1440
AUkD2ELg,75,1-0,White,<=5s vs 10-15s,2381
WFkqtSTs,112,0-1,Black,<=5s vs 10-15s,2288
xOm2Aa1b,59,1-0,White,<=5s vs <=5s,1940
ZZfdzc5U,63,1-0,White,<=5s vs 5-10s,1060
dlH5sHHj,58,0-1,Black,<=5s vs 5-10s,1385
KAlFSpBr,61,1-0,White,<=5s vs 10-15s,1292
SnAZczAh,68,0-1,Black,<=5s vs 5-10s,2312
ykt2vbWE,62,0-1,Black,<=5s vs 10-15s,1746
NndZjd8y,79,0-1,White,<=5s vs <=5s,1785
PRZmMNEn,90,1-0,Black,<=5s vs <=5s,2587
Jkf0fkHQ,104,1/2-1/2,Black,<=5s vs 5-10s,2284
K8OYrkqA,49,0-1,White,<=5s vs 5-10s,1462
VKKc63zX,108,1/2-1/2,Black,<=5s vs 15-20s,1459
TzvIojGQ,71,1-0,White,<=5s vs 5-10s,1988
SeyhggL3,53,1-0,White,<=5s vs 15-20s,1967
Rv8Cwq4P,68,0-1,Black,<=5s vs 15-20s,1511
Q2CQ56yo,79,1-0,White,<=5s vs 5-10s,2147
H4dPhur5,73,0-1,White,<=5s vs 5-10s,2639
SdvV7OaJ,71,1-0,White,<=5s vs 5-10s,1604
MyZMKUYy,70,0-1,Black,<=5s vs 5-10s,1404
IxBwnCLV,108,0-1,Black,<=5s vs 5-10s,1950
JRULEyw6,74,0-1,Black,<=5s vs 5-10s,2107
3W3mEXD5,53,1-0,White,<=5s vs 5-10s,910
hh4YFty3,79,1-0,White,<=5s vs <=5s,2393
SnrguBqA,65,1-0,White,<=5s vs 5-10s,1577
HJy4Bh6X,88,1/2-1/2,Black,<=5s vs 15-20s,2131
mn0fcPZF,67,0-1,White,<=5s vs <=5s,1965
uHh8PCkj,138,0-1,Black,<=5s vs 10-15s,2267
ZC7skrZa,71,0-1,White,<=5s vs 15-20s,1485
kUOKMbYH,60,1-0,Black,<=5s vs 15-20s,1417
BbKo2TOr,62,0-1,Black,<=5s vs 10-15s,1328
3LcHosES,80,0-1,Black,<=5s vs 10-15s,2172
TZA7J49T,60,0-1,Black,<=5s vs <=5s,1132
pIdWFkMu,80,1-0,Black,<=5s vs 5-10s,1862
1s75E1TK,66,0-1,Black,<=5s vs <=5s,2119
odVZqCPV,90,0-1,Black,<=5s vs 10-15s,2702
6QXOUBso,74,0-1,Black,<=5s vs 15-20s,2588
6skzqtTl,73,1-0,White,<=5s vs 15-20s,1864
krQ2YNIy,60,0-1,Black,<=5s vs 10-15s,1475
Z19XTc9j,83,1-0,White,<=5s vs 10-15s,2154
avVO0CxT,63,1-0,White,<=5s vs 10-15s,1752
IrYyRGqq,73,1-0,White,<=5s vs 10-15s,1502
efCoq4Al,48,0-1,Black,<=5s vs 10-15s,1315
UUeRfYYN,97,0-1,White,<=5s vs 5-10s,2261
9vmXeYck,80,0-1,Black,<=5s vs <=5s,1957
Qm0Rrfda,43,1-0,White,<=5s vs 5-10s,1101
O8Cpb2J6,56,0-1,Black,<=5s vs 5-10s,1163
fmybjxMB,52,0-1,Black,<=5s vs 15-20s,1172
JZ0jktRk,88,0-1,Black,<=5s vs 5-10s,1867
PY19YWjB,94,1/2-1/2,Black,<=5s vs <=5s,2170
wbenXXtD,76,0-1,Black,<=5s vs 15-20s,2348
zuHulBsg,96,0-1,Black,<=5s vs 10-15s,2613
5xTkEkp9,60,0-1,Black,<=5s vs 10-15s,1285
370dyYyr,67,1-0,White,<=5s vs 15-20s,2324
Ka4JdBqd,44,1-0,Black,<=5s vs <=5s,1472
StFzNJLk,84,0-1,Black,<=5s vs <=5s,2303
AboAD0S1,72,1-0,Black,<=5s vs 5-10s,2223
0i0z6a38,74,0-1,Black,<=5s vs 10-15s,1832
PYQRZ0a4,46,0-1,Black,<=5s vs <=5s,948
85HVuWRe,73,0-1,White,<=5s vs 5-10s,2000
CpcXDSZL,63,1-0,White,<=5s vs 5-10s,1437
jW3AC45d,46,0-1,Black,<=5s vs 10-15s,1536
NgXlq1il,76,0-1,Black,<=5s vs 15-20s,2154
TAzYu8sv,85,1-0,White,<=5s vs 5-10s,2432
VFlIsiXh,67,1-0,White,<=5s vs 5-10s,1722
SheGpqid,76,0-1,Black,<=5s vs 10-15s,2124
TxTjiSFH,63,1-0,White,<=5s vs 5-10s,1834
h2fm9Tgj,43,0-1,White,<=5s vs 5-10s,830
0THELXio,73,1-0,White,<=5s vs 5-10s,1579
g3obkdkd,90,0-1,Black,<=5s vs 10-15s,2171
FQVMzYnY,73,1-0,White,<=5s vs 15-20s,1727
HrKERj8a,77,0-1,White,<=5s vs 5-10s,1757
vqSL1waE,63,1-0,White,<=5s vs 5-10s,1316
AN3cQGQo,72,0-1,Black,<=5s vs 5-10s,1852
hAgH4WYz,86,0-1,Black,<=5s vs 5-10s,1822
aSRxIcAt,44,0-1,Black,<=5s vs 15-20s,1212
IFGoZFxT,65,0-1,White,<=5s vs 10-15s,1778
JGnJHmqL,73,1-0,White,<=5s vs 15-20s,2502
xeVuyYNW,50,0-1,Black,<=5s vs 5-10s,879
75MlUYsg,64,0-1,Black,<=5s vs <=5s,1738
I22Cderl,88,0-1,Black,<=5s vs 10-15s,1729
4CEk5F5X,69,1-0,White,<=5s vs 5-10s,2140
llj14HSU,68,0-1,Black,<=5s vs 10-15s,1359
oeHHTs6Y,68,0-1,Black,<=5s vs 5-10s,1367
e87lzfxu,72,0-1,Black,<=5s vs 5-10s,1684
ShaC2JKH,42,0-1,Black,<=5s vs 5-10s,828
0Sbklqad,81,1-0,White,<=5s vs 15-20s,2732
DSUIO4GJ,100,0-1,Black,<=5s vs 5-10s,2543
HeRuFpQm,45,1-0,White,<=5s vs 15-20s,1760
XYrv8tZZ,72,0-1,Black,<=5s vs 15-20s,1980
I0nqP06k,80,0-1,Black,<=5s vs 5-10s,1632
rxY9wJW1,123,1-0,White,<=5s vs 5-10s,2567
xoYDXtmo,56,0-1,Black,<=5s vs 5-10s,1563
7rkbXTeX,69,0-1,White,<=5s vs 5-10s,2117
O1a59IcQ,76,0-1,Black,<=5s vs 5-10s,2404
17nee1Qx,79,1-0,White,<=5s vs 5-10s,2345
ksFeNu7j,68,0-1,Black,<=5s vs 10-15s,1434
hFXVai7X,111,1/2-1/2,White,<=5s vs 10-15s,2367
WWgBoU4f,64,0-1,Black,<=5s vs 15-20s,1599
jvCpDzLI,82,0-1,Black,<=5s vs 15-20s,1752
JvDxVm9U,69,1/2-1/2,White,<=5s vs 5-10s,1530
6IPz9ewg,53,1-0,White,<=5s vs <=5s,1614
J2Xjaqhv,78,0-1,Black,<=5s vs 5-10s,1730
0ElJ5BCh,86,0-1,Black,<=5s vs 10-15s,1567
9d11lh8y,58,0-1,Black,<=5s vs 10-15s,1339
1l23QHcM,102,1-0,Black,<=5s vs <=5s,2286
JO8zmTvH,79,0-1,White,<=5s vs 5-10s,2138
DGxskICi,107,1-0,White,<=5s vs 10-15s,2727
ZtDfaay4,48,0-1,Black,<=5s vs 15-20s,1110
2peGvu4g,76,0-1,Black,<=5s vs 5-10s,2402
96HbSf5g,79,1-0,White,<=5s vs 15-20s,2495
hWzpfqcn,62,1-0,Black,<=5s vs <=5s,928
qVrI1ssi,50,0-1,Black,<=5s vs 15-20s,1342
CelM2mE7,90,0-1,Black,<=5s vs 5-10s,2001
l1ko4lK5,87,1-0,White,<=5s vs 15-20s,1105
6TrM0l5F,72,0-1,Black,<=5s vs <=5s,2154
kFYewXfQ,62,0-1,Black,<=5s vs 15-20s,1316
HjEZlH7n,52,0-1,Black,<=5s vs 5-10s,1195
a0L3Uq5X,75,1-0,White,<=5s vs 10-15s,2597
bHZbO5wm,55,1-0,White,<=5s vs 10-15s,1510
WLHDlCSd,162,0-1,Black,<=5s vs 5-10s,1682
TevEKjDr,99,0-1,White,<=5s vs 5-10s,2107
I17bJFG1,59,0-1,White,<=5s vs <=5s,1334
1k5f4obm,106,0-1,Black,<=5s vs 5-10s,2116
CHheoZFM,56,0-1,Black,<=5s vs 10-15s,1519
9SV4AWlB,70,0-1,Black,<=5s vs 5-10s,1308
hqnZIJH3,72,0-1,Black,<=5s vs 10-15s,2315
yEJBLOLN,83,0-1,White,<=5s vs <=5s,1352
eCotFyVu,101,0-1,White,<=5s vs <=5s,2161
ibSm7qTy,165,1-0,White,<=5s vs 10-15s,2180
Ip07bIQb,55,0-1,White,<=5s vs 5-10s,2360
EOP5XYHh,92,0-1,Black,<=5s vs 5-10s,1498
SIWOi3D9,74,0-1,Black,<=5s vs 5-10s,2257
X5oRQdBU,109,0-1,White,<=5s vs <=5s,2512
H8Y8fkC4,88,0-1,Black,<=5s vs <=5s,2354
J8BivQMA,51,1-0,White,<=5s vs 5-10s,1550
6L56Xrw4,71,1-0,White,<=5s vs 5-10s,1816
qs3BvjFv,72,0-1,Black,<=5s vs 10-15s,2306
BCPXJCEh,51,1-0,White,<=5s vs 5-10s,1250
bcrnG04F,85,1-0,White,<=5s vs 10-15s,1487
PhRDxSah,146,0-1,Black,<=5s vs 5-10s,2396
20vQC4Eb,89,1/2-1/2,White,<=5s vs 5-10s,1752
I5o9oUob,107,1-0,White,<=5s vs <=5s,2652
cHxvTy4N,67,1-0,White,<=5s vs 15-20s,2213
dtTu4STI,58,0-1,Black,<=5s vs 15-20s,1069
nzozbj5X,148,1-0,Black,<=5s vs <=5s,2141
ydK5Fyfl,48,0-1,Black,<=5s vs 10-15s,1314
NRAOJOZp,63,1-0,White,<=5s vs 15-20s,1383
c2Lw7aHh,57,0-1,White,<=5s vs <=5s,1279
LzuA1w5g,61,1-0,White,<=5s vs 15-20s,2085
TTZZO3gu,74,0-1,Black,<=5s vs 5-10s,1284
XYpj8AFy,79,0-1,White,<=5s vs 5-10s,1573
6PNovOOY,79,0-1,White,<=5s vs <=5s,1513
HBnPE4zH,59,1-0,White,<=5s vs 5-10s,1819
C0mAffCI,70,0-1,Black,<=5s vs 10-15s,2552
MMYtGReg,57,1-0,White,<=5s vs 15-20s,1802
PxcS1QDM,65,1-0,White,<=5s vs 10-15s,2467
9hHRQGLR,64,0-1,Black,<=5s vs 5-10s,1160
ed9uB3sX,84,1-0,Black,<=5s vs 5-10s,1617
Ch03YsBF,77,1-0,White,<=5s vs 10-15s,1589
QzeC8ZzF,56,1/2-1/2,Black,<=5s vs 10-15s,2378
ttwZppqR,56,0-1,Black,<=5s vs 15-20s,1999
0laTOVw8,81,1-0,White,<=5s vs 15-20s,1911
XYJQ2Veg,55,1-0,White,<=5s vs 15-20s,1574
EOCUykGl,77,1-0,White,<=5s vs <=5s,1497
BFY5LgmG,91,1-0,White,<=5s vs 10-15s,1874
jaELsPuX,68,1-0,Black,<=5s vs <=5s,1120
X8vsFakw,131,1/2-1/2,White,<=5s vs 10-15s,2672
D29VLvUq,55,0-1,White,<=5s vs 10-15s,1171
WtE8cp7K,102,1/2-1/2,Black,<=5s vs 5-10s,2109
FoU08Gra,70,1-0,Black,<=5s vs <=5s,1836
W4xBNnEI,47,1-0,White,<=5s vs 10-15s,1673
WdmLmQzK,109,1-0,White,<=5s vs 15-20s,2202
4JS3Ibfu,59,1-0,White,<=5s vs 5-10s,1088
uWudzdhI,66,0-1,Black,<=5s vs 5-10s,1734
omeFM9ES,44,0-1,Black,<=5s vs 15-20s,1768
tGVelEX8,108,0-1,Black,<=5s vs 15-20s,2511
N1II5G35,80,0-1,Black,<=5s vs 15-20s,1567
yZKxRbed,117,1-0,White,<=5s vs 15-20s,2574
MiqdJMdx,140,0-1,Black,<=5s vs 10-15s,1863
mIKSq9K5,81,1-0,White,<=5s vs 15-20s,2531
LSIfMnIL,83,1-0,White,<=5s vs 15-20s,1500
mloA6tXD,47,1-0,White,<=5s vs 10-15s,885
AL2JYfJl,99,0-1,White,<=5s vs <=5s,1806
PzXFedEj,76,0-1,Black,<=5s vs 15-20s,1854
OY8usuv2,47,1-0,White,<=5s vs 15-20s,1550
Htzpx8Fk,71,1-0,White,<=5s vs 10-15s,1413
vtXqzs82,37,1-0,White,<=5s vs 10-15s,1304
mBpzfx14,120,0-1,Black,<=5s vs 15-20s,2581
siO0BifD,73,1-0,White,<=5s vs 15-20s,1354
vrBdNUtK,68,0-1,Black,<=5s vs 5-10s,2414
dIfHl5SE,37,1-0,White,<=5s vs 15-20s,1060
3zLR080x,76,0-1,Black,<=5s vs 15-20s,1996
0j2k6Lna,70,0-1,Black,<=5s vs 5-10s,1892
D9MqOwM6,78,1-0,Black,<=5s vs <=5s,2574
jtH4HqGy,69,1-0,White,<=5s vs 15-20s,1754
BlY0s5Fo,75,1-0,White,<=5s vs 5-10s,1469
RakxnuPr,118,1/2-1/2,Black,<=5s vs 15-20s,1795
0bcO5g3s,47,0-1,White,<=5s vs 5-10s,919
IhrKPhIa,82,0-1,Black,<=5s vs 15-20s,1554
lpYVgKJ6,57,0-1,White,<=5s vs 15-20s,971
RMSHZ2x3,61,1-0,White,<=5s vs 10-15s,1521
Xjx2ikob,61,1-0,White,<=5s vs 15-20s,1676
NU7tDKpJ,92,1/2-1/2,Black,<=5s vs <=5s,1472
ZRUlfwQc,53,1-0,White,<=5s vs 15-20s,1499
FxGh18LS,81,1-0,White,<=5s vs 10-15s,2524
S3GO4GO6,73,0-1,White,<=5s vs 15-20s,1859
a6hDgDse,66,0-1,Black,<=5s vs 10-15s,2490
LZIyVNin,51,1-0,White,<=5s vs 15-20s,1514
bYGKizbW,50,0-1,Black,<=5s vs 15-20s,978
WhE93rM0,50,0-1,Black,<=5s vs 5-10s,1479
IXoFtnhn,78,0-1,Black,<=5s vs 5-10s,1625
5LK4BJGI,60,0-1,Black,<=5s vs 5-10s,1126
lzFEu94L,72,0-1,Black,<=5s vs 5-10s,1342
NZclTj1f,83,1-0,White,<=5s vs 5-10s,2137
Si5m4NQA,69,1-0,White,<=5s vs 15-20s,2534
yhGnlifV,146,0-1,Black,<=5s vs 5-10s,2264
hLtmLTjr,57,0-1,White,<=5s vs <=5s,1535
Zp6FJnDA,51,1-0,White,<=5s vs 15-20s,1279
GpIyWZN7,66,0-1,Black,<=5s vs 5-10s,1987
4DZgYLVZ,65,1-0,White,<=5s vs 5-10s,2775
KoxjRkVJ,104,1/2-1/2,Black,<=5s vs 5-10s,1511
uujaqN4U,51,1-0,White,<=5s vs 5-10s,1216
3fIUil2m,81,1-0,White,<=5s vs <=5s,2055
DGR8BWuS,104,1/2-1/2,Black,<=5s vs 5-10s,2438
z68toWxi,75,1-0,White,<=5s vs 5-10s,2073
nZmbLgqk,112,0-1,Black,<=5s vs 15-20s,2330
OibUIu6z,61,1-0,White,<=5s vs 5-10s,868
5WCu5KbW,92,0-1,Black,<=5s vs 10-15s,1995
j72Xg9PO,126,0-1,Black,<=5s vs 5-10s,2482
A8zpbyXG,64,0-1,Black,<=5s vs 15-20s,1972
MIXdNReH,58,0-1,Black,<=5s vs 10-15s,1926
F77GOGtN,82,0-1,Black,<=5s vs 5-10s,2161
TdvNQAmC,75,1-0,White,<=5s vs 15-20s,1758
vGQ4eulq,84,0-1,Black,<=5s vs 10-15s,1919
BtjoVvON,87,1-0,White,<=5s vs 15-20s,2737
7kbDsgOG,53,1-0,White,<=5s vs 5-10s,1864
T3LmBxK8,55,1-0,White,<=5s vs 5-10s,1413
uaMg4ukI,56,0-1,Black,<=5s vs 10-15s,1062
4ogO25f1,81,1-0,White,<=5s vs 5-10s,1754
mt6dCksN,71,1-0,White,<=5s vs 15-20s,1445
SrcVjDix,52,0-1,Black,<=5s vs 10-15s,1275
Kak7fEbz,87,1-0,White,<=5s vs 15-20s,2002
QyZ5Pee0,64,1-0,Black,<=5s vs <=5s,1742
RIBU8Bbv,37,1-0,White,<=5s vs 15-20s,931
WAIxjka7,52,0-1,Black,<=5s vs 5-10s,2151
T8x0Wz6e,67,1-0,White,<=5s vs 15-20s,2062
BMG7TtuF,64,0-1,Black,<=5s vs 5-10s,1846
322uZYjS,60,0-1,Black,<=5s vs 15-20s,1236
dMKuIoWp,109,1-0,White,<=5s vs 5-10s,2612
FgJlDoTM,53,1-0,White,<=5s vs 15-20s,1725
Np2LeV9D,41,1-0,White,<=5s vs 5-10s,859
5yG71Dzb,70,0-1,Black,<=5s vs 10-15s,2228
4ou8PWBS,68,0-1,Black,<=5s vs 15-20s,1848
a7nmD2u6,97,1-0,White,<=5s vs 5-10s,1535
gGBQN5qb,65,1-0,White,<=5s vs 5-10s,1907
yJ4LoUTw,67,1-0,White,<=5s vs 10-15s,1728
HNRpPVX1,41,1-0,White,<=5s vs 10-15s,1088
W3k5JC4E,38,1-0,Black,<=5s vs 5-10s,1106
jF4DcMT9,86,0-1,Black,<=5s vs 15-20s,1684
QzSQxh5J,74,0-1,Black,<=5s vs 5-10s,2397
0JQd3OZQ,85,1-0,White,<=5s vs 5-10s,2254
w6fNYLw7,125,1/2-1/2,White,<=5s vs 15-20s,2400
51Dv1MEn,58,1-0,Black,<=5s vs <=5s,1696
aFToueqI,74,0-1,Black,<=5s vs 10-15s,1695
Ogt9zfOp,75,1-0,White,<=5s vs 15-20s,1046
jHdIJwG5,85,1-0,White,<=5s vs 5-10s,2563
Hy1IZbr0,69,1-0,White,<=5s vs 5-10s,2005
VPhPZzdW,90,1-0,Black,<=5s vs <=5s,2297
CER5bhAE,68,0-1,Black,<=5s vs 5-10s,1132
lhsg2wGG,57,1-0,White,<=5s vs 5-10s,1651
ee1j2j85,71,1-0,White,<=5s vs <=5s,1363
6cF5Ycmn,116,0-1,Black,<=5s vs 10-15s,2591
z9lQR5S6,90,1/2-1/2,Black,<=5s vs 10-15s,2324
MHODR3ke,166,1-0,Black,<=5s vs 10-15s,2325
SjxibeZy,61,1/2-1/2,White,<=5s vs 10-15s,1306
oVSHxbuN,64,0-1,Black,<=5s vs 10-15s,1616
O4D3qmr4,105,1-0,White,<=5s vs 5-10s,2353
XdTa5rgk,106,0-1,Black,<=5s vs <=5s,1896
pqOLrRtY,105,1-0,White,<=5s vs 5-10s,2375
4Mxefuox,59,1-0,White,<=5s vs 10-15s,1394
Ftyb2JxW,97,0-1,White,<=5s vs 15-20s,1927
TP9fWBb9,88,0-1,Black,<=5s vs 5-10s,2488
pLZl1tQ5,97,1-0,White,<=5s vs 15-20s,2289
L2LfS69M,135,0-1,White,<=5s vs <=5s,2576
E46mbjoM,93,1-0,White,<=5s vs <=5s,1785
EP1hAW5N,48,0-1,Black,<=5s vs 15-20s,1563
HjW8cnuB,64,0-1,Black,<=5s vs <=5s,1328
pPkfsnCc,92,0-1,Black,<=5s vs 5-10s,2564
X3oRV05f,72,0-1,Black,<=5s vs 15-20s,1945
B3V4tHn1,70,0-1,Black,<=5s vs 5-10s,1491
qJXoaEN5,62,0-1,Black,<=5s vs 5-10s,1296
2yuhIHIu,80,0-1,Black,<=5s vs <=5s,2159
b4GIftTn,64,1-0,Black,<=5s vs 5-10s,1908
WsisPRlZ,87,1/2-1/2,White,<=5s vs <=5s,1801
r9fNo3tU,78,0-1,Black,<=5s vs 5-10s,1457
hmXbJtpy,76,0-1,Black,<=5s vs 10-15s,2692
NlB1nukS,71,0-1,White,<=5s vs 10-15s,2550
A7PgWQkD,99,0-1,White,<=5s vs 10-15s,2146
ER19BOgR,72,0-1,Black,<=5s vs <=5s,1759
rpXvu0f3,136,0-1,Black,<=5s vs <=5s,2897
5WrpyyMT,66,0-1,Black,<=5s vs 10-15s,1463
drmHaXVh,50,0-1,Black,<=5s vs 15-20s,1867
bsHTW5AM,55,1-0,White,<=5s vs 5-10s,1482
iwTrZVgl,52,0-1,Black,<=5s vs 15-20s,1571
SQmim3T6,46,0-1,Black,<=5s vs 10-15s,832
SDjkYWUJ,112,1/2-1/2,Black,<=5s vs 5-10s,1657
eWVyM0yV,52,1-0,Black,<=5s vs 5-10s,1244
uA5PoMVC,109,1-0,White,<=5s vs 10-15s,2050
L5kmRch6,72,0-1,Black,<=5s vs 5-10s,1852
odjh8OxB,69,1-0,White,<=5s vs 15-20s,2942
CXN6eb6z,78,0-1,Black,<=5s vs 5-10s,2201
GRsSeoct,87,1-0,White,<=5s vs 5-10s,1797
tTfUDvZG,78,1-0,Black,<=5s vs <=5s,2125
bMFPnnGc,58,0-1,Black,<=5s vs 15-20s,1037
FQgcuvtK,79,1-0,White,<=5s vs 5-10s,2221
wjzvrvrK,78,0-1,Black,<=5s vs 10-15s,1845
c0UivYkF,42,0-1,Black,<=5s vs 15-20s,1470
1vb8O8am,76,1-0,Black,<=5s vs 5-10s,2389
A9uHkOdg,73,1-0,White,<=5s vs 10-15s,1866
UPHiNRAF,61,1-0,White,<=5s vs 15-20s,1558
jGOj6Ah5,89,1-0,White,<=5s vs 15-20s,1691
u463Z7aV,53,1-0,White,<=5s vs 15-20s,2115
GL1XSyfU,50,0-1,Black,<=5s vs 15-20s,1945
VxRiuqcw,63,1-0,White,<=5s vs 10-15s,2075
Dpa63dtF,45,1-0,White,<=5s vs 5-10s,1756
LR8SJWNn,79,1-0,White,<=5s vs 5-10s,1906
jbLMI2Qv,52,0-1,Black,<=5s vs 15-20s,1139
zkXkje0Y,66,0-1,Black,<=5s vs 5-10s,2127
c1o6bKVE,121,1-0,White,<=5s vs 10-15s,1754
wPB9Tfls,58,1-0,Black,<=5s vs 5-10s,1630
wpm72Wdx,54,0-1,Black,<=5s vs 10-15s,1286
PbBmmrFh,55,1-0,White,<=5s vs <=5s,1004
0XU0XOdA,93,1-0,White,<=5s vs 10-15s,2744
gBSqqGKL,80,1-0,Black,<=5s vs <=5s,1368
gbfUdMuZ,64,0-1,Black,<=5s vs 10-15s,1347
EdVDdsy5,66,0-1,Black,<=5s vs 5-10s,1971
pQFQcqpg,42,0-1,Black,<=5s vs <=5s,910
iOpY9rxm,67,1-0,White,<=5s vs 15-20s,1827
CtZx7QHz,34,0-1,Black,<=5s vs 15-20s,946
WsqzsX3n,57,1-0,White,<=5s vs 5-10s,881
IPCCLxjZ,67,1-0,White,<=5s vs 15-20s,1848
HXU0E1c0,62,0-1,Black,<=5s vs 10-15s,2465
JqDwnKf6,53,1-0,White,<=5s vs 10-15s,1927
mwngkhIK,70,0-1,Black,<=5s vs 15-20s,1255
98Ju4EUA,89,1-0,White,<=5s vs 5-10s,1537
nzoBiw0K,51,1-0,White,<=5s vs 10-15s,2095
dzEuMMEI,82,0-1,Black,<=5s vs 15-20s,2079
LAJSfC1a,93,1-0,White,<=5s vs 5-10s,2602
GwaI27aK,90,0-1,Black,<=5s vs 10-15s,1870
F5iY1sCY,95,1-0,White,<=5s vs 10-15s,2434
2RZq07Ga,45,1-0,White,<=5s vs 5-10s,1312
kzB2Iydo,57,1/2-1/2,White,<=5s vs 5-10s,1561
ac18Ql3E,88,1-0,Black,<=5s vs 15-20s,2185
HnxPorzg,74,0-1,Black,<=5s vs 10-15s,2189
LwL1VMzt,81,1-0,White,<=5s vs 5-10s,2212
Yq50Oqf8,86,0-1,Black,<=5s vs 5-10s,1903
wuwUZDfx,82,1/2-1/2,Black,<=5s vs <=5s,2541
WroiRkky,52,0-1,Black,<=5s vs 5-10s,1681
4caqA3jL,86,0-1,Black,<=5s vs 15-20s,2330
HBauLXlA,62,1-0,Black,<=5s vs <=5s,1982
OktCViqK,68,0-1,Black,<=5s vs 15-20s,2183
tepU8ZcR,113,0-1,White,<=5s vs 5-10s,2636
JNnCU3uy,60,0-1,Black,<=5s vs 15-20s,1026
nYFxWx69,48,0-1,Black,<=5s vs 5-10s,760
SHt4Uq83,109,1/2-1/2,White,<=5s vs <=5s,2178
5V9tLB0p,89,1-0,White,<=5s vs 15-20s,1852
AlkrUGbZ,89,0-1,White,<=5s vs 5-10s,2353
9IVBfEyo,74,0-1,Black,<=5s vs 5-10s,1789
673OYuTw,60,0-1,Black,<=5s vs 15-20s,1673
F9wZWVeX,102,0-1,Black,<=5s vs 5-10s,2151
X2TOL1GO,57,1-0,White,<=5s vs 15-20s,1949
fEIcjAiV,82,0-1,Black,<=5s vs 5-10s,1917
Wrat9JoK,37,1-0,White,<=5s vs 15-20s,1392
L9IKl3CC,50,0-1,Black,<=5s vs 10-15s,1663
LMazxkHm,76,0-1,Black,<=5s vs <=5s,1500
uMm8cStB,102,1-0,Black,<=5s vs <=5s,2350
9zxl3CMO,89,1-0,White,<=5s vs <=5s,2289
Sxe84pNy,84,0-1,Black,<=5s vs 5-10s,1985
BzBy7E1f,80,0-1,Black,<=5s vs 15-20s,1735
bBfFE6d5,98,1-0,Black,<=5s vs 5-10s,2643
1TC5qDUy,82,0-1,Black,<=5s vs 10-15s,1059
3JWvC3o6,85,1-0,White,<=5s vs <=5s,2477
VawRrY9e,60,0-1,Black,<=5s vs 5-10s,1618
7zjpWT5Y,143,1/2-1/2,White,<=5s vs 10-15s,1595
PoYn7fTi,106,0-1,Black,<=5s vs 5-10s,2308
DPyMvENV,59,1-0,White,<=5s vs 15-20s,1504
93XA0i83,82,0-1,Black,<=5s vs 15-20s,1778
h83h1ngF,70,0-1,Black,<=5s vs 15-20s,1690
DdFF78UB,54,0-1,Black,<=5s vs 5-10s,1562
TbBVbGqO,99,1-0,White,<=5s vs 15-20s,1780
A02cJZUt,77,1-0,White,<=5s vs 5-10s,2088
2KfpNnVc,81,1/2-1/2,White,<=5s vs 5-10s,2486
aB0Q0AzW,106,0-1,Black,<=5s vs 5-10s,2687
IQTWR36t,67,1-0,White,<=5s vs 5-10s,1942
UHO7s9SJ,61,1-0,White,<=5s vs 15-20s,1594
QA6cnNFZ,52,1-0,Black,<=5s vs <=5s,923
SQlbogRh,68,1-0,Black,<=5s vs 5-10s,2030
kgOQaS8Y,72,1/2-1/2,Black,<=5s vs 10-15s,1709
6eupKt2W,66,0-1,Black,<=5s vs 10-15s,2516
ZLXCiR75,121,1-0,White,<=5s vs 10-15s,2052
T3UpIPno,52,0-1,Black,<=5s vs <=5s,1535
3Hv9I7AS,81,0-1,White,<=5s vs 5-10s,1978
UGm48MH6,62,1-0,Black,<=5s vs 5-10s,2349
iMgiKNbH,104,0-1,Black,<=5s vs 5-10s,1790
bXrJKdcU,63,0-1,White,<=5s vs 5-10s,2200
CUXRBxXc,54,0-1,Black,<=5s vs 10-15s,1899
KmvG3gKZ,72,0-1,Black,<=5s vs 15-20s,2223
ZCOxr5d7,68,0-1,Black,<=5s vs 15-20s,2170
ZDU65fIQ,64,0-1,Black,<=5s vs 15-20s,2117
HH9nfKSU,70,0-1,Black,<=5s vs 5-10s,949
yQiB6N0p,92,0-1,Black,<=5s vs 5-10s,2335
Spywo4Us,66,0-1,Black,<=5s vs 15-20s,1907
lYxtER9f,52,0-1,Black,<=5s vs 5-10s,1224
8tXw5Iqc,72,0-1,Black,<=5s vs 5-10s,1715
KJwdUQQ4,51,1-0,White,<=5s vs 15-20s,1029
X5K3PLYX,55,1-0,White,<=5s vs 5-10s,1880
xP50a1zk,61,1-0,White,<=5s vs 15-20s,2037
JYsa60OF,58,0-1,Black,<=5s vs 15-20s,2009
eBY9RTMS,110,0-1,Black,<=5s vs 5-10s,2560
Mq2mOZpS,67,1-0,White,<=5s vs 10-15s,1671
rTJM0y4v,101,1-0,White,<=5s vs 15-20s,2272
9cwAfttL,65,1-0,White,<=5s vs 5-10s,2095
NSSsdcfw,79,1-0,White,<=5s vs 15-20s,2041
nU8smIF3,69,1-0,White,<=5s vs 10-15s,2148
7XcubXFj,65,1-0,White,<=5s vs 15-20s,1847
S7KcaNty,86,0-1,Black,<=5s vs 5-10s,2322
UlnZp13g,74,0-1,Black,<=5s vs 5-10s,1396
YEHG6EQf,112,1/2-1/2,Black,<=5s vs <=5s,2341
25SRJIDf,74,0-1,Black,<=5s vs 15-20s,1862
EbpEhxhY,117,1-0,White,<=5s vs 15-20s,2727
I4Apkc76,94,1/2-1/2,Black,<=5s vs <=5s,1944
XT7lnzb4,57,1-0,White,<=5s vs 10-15s,2002
cCyRIqME,75,1-0,White,<=5s vs 10-15s,3099
3sjtGXWs,86,0-1,Black,<=5s vs 15-20s,2822
vMIVvZFS,56,0-1,Black,<=5s vs 15-20s,1679
4XTzglVu,79,1-0,White,<=5s vs 15-20s,2165
B524ubAL,81,1-0,White,<=5s vs 5-10s,2182
KtOtLYWo,101,1/2-1/2,White,<=5s vs 5-10s,2304
iB1ZxlFv,57,1-0,White,<=5s vs 10-15s,1629
mA37YWc9,80,1-0,Black,<=5s vs 5-10s,2129
q9Axm6hF,110,1/2-1/2,Black,<=5s vs 15-20s,2274
GjQfDtYB,62,0-1,Black,<=5s vs 10-15s,1981
EVJ7QMqu,93,1-0,White,<=5s vs 5-10s,2527
vpTwveaW,63,0-1,White,<=5s vs 5-10s,1782
rbeogWou,92,1/2-1/2,Black,<=5s vs 5-10s,2739
DhjFfUId,54,0-1,Black,<=5s vs 15-20s,1634
THltijGP,84,0-1,Black,<=5s vs 5-10s,2299
0pntvXvR,106,0-1,Black,<=5s vs 5-10s,2081
DnLw50Tj,38,1-0,Black,<=5s vs 15-20s,1005
XfWAfrOu,61,1-0,White,<=5s vs <=5s,2652
NdBXbtYw,99,1-0,White,<=5s vs 10-15s,2411
sOlH3s2Q,44,0-1,Black,<=5s vs 15-20s,1108
JqE3txGW,125,0-1,White,<=5s vs <=5s,2461
PiOylin7,54,1-0,Black,<=5s vs 5-10s,1434
FvXlOG2t,85,1-0,White,<=5s vs 15-20s,1886
6ldTAPJC,62,0-1,Black,<=5s vs 15-20s,2057
C5q8y4Hs,67,1-0,White,<=5s vs 5-10s,2152
bOHSiPXV,78,1-0,Black,<=5s vs <=5s,1836
wSkErTSV,121,1-0,White,<=5s vs 15-20s,2512
Fq8P9PLU,46,0-1,Black,<=5s vs 10-15s,1199
faYihZpH,101,1-0,White,<=5s vs 5-10s,2541
qL5Tek87,76,1-0,Black,<=5s vs <=5s,1665
nAgk9Sdm,54,0-1,Black,<=5s vs 5-10s,1310
YDPacvUL,75,1-0,White,<=5s vs 5-10s,1737
h0t9QXbD,81,1-0,White,<=5s vs 5-10s,2747
LShAiFKg,93,1-0,White,<=5s vs 15-20s,2007
eqganGuW,171,1-0,White,<=5s vs 5-10s,2288
FEXqYhbd,57,1-0,White,<=5s vs 10-15s,1789
G34tfqFb,42,0-1,Black,<=5s vs 15-20s,2479
MM80ceCA,62,0-1,Black,<=5s vs <=5s,1719
SMg9vrWX,74,0-1,Black,<=5s vs 10-15s,2006
v9uqMF1J,169,1-0,White,<=5s vs 10-15s,1860
zlfvTybR,94,0-1,Black,<=5s vs 10-15s,2481
YDJ6k8yP,66,0-1,Black,<=5s vs <=5s,1749
LjCftNjk,67,1-0,White,<=5s vs 15-20s,2148
IDsKaPjQ,96,0-1,Black,<=5s vs <=5s,2283
8mBujsqb,72,0-1,Black,<=5s vs 15-20s,2309
yBZJGt4d,59,0-1,White,<=5s vs <=5s,2313
n4Fgq72r,67,1-0,White,<=5s vs 5-10s,2233
bBQSN5N2,57,1-0,White,<=5s vs 15-20s,1270
BfEs4SuP,56,0-1,Black,<=5s vs <=5s,1714
Z24LmBgp,88,0-1,Black,<=5s vs 10-15s,2474
9Npu5tfD,39,1-0,White,<=5s vs 15-20s,1024
Dtf55JrY,76,0-1,Black,<=5s vs 5-10s,1564
2PWbsE94,130,0-1,Black,<=5s vs 10-15s,2175
SJfFd4ba,65,1-0,White,<=5s vs 10-15s,1984
hKvLeunK,122,0-1,Black,<=5s vs 5-10s,1968
J0cSKeBF,79,1-0,White,<=5s vs 15-20s,1854
KLzql8c8,85,1-0,White,<=5s vs 15-20s,2008
G6c6iEur,47,0-1,White,<=5s vs 15-20s,1263
Gy2N3kHv,93,0-1,White,<=5s vs 5-10s,2293
YapWy821,58,0-1,Black,<=5s vs 15-20s,1917
gWWgKq9M,75,1-0,White,<=5s vs 15-20s,2271
spjfa3ZO,80,0-1,Black,<=5s vs 10-15s,1769
E4oXuit4,54,0-1,Black,<=5s vs 5-10s,1627
npVbRvDn,69,1-0,White,<=5s vs <=5s,1692
Ckky6GyR,128,0-1,Black,<=5s vs 5-10s,2188
qeFb5V99,100,0-1,Black,<=5s vs 10-15s,2459
jrgbThkr,111,1/2-1/2,White,<=5s vs 5-10s,2562
vG9iHYHR,113,1-0,White,<=5s vs 5-10s,2663
L92Hb9cX,68,0-1,Black,<=5s vs 15-20s,2279
KoLJ7qKB,84,0-1,Black,<=5s vs 5-10s,2288
4ZRjI0FC,91,1/2-1/2,White,<=5s vs 15-20s,2245
5bsUtfvJ,41,1-0,White,<=5s vs 15-20s,1456
PHgYF18k,97,1/2-1/2,White,<=5s vs 5-10s,2927
2F9nr3CO,53,1-0,White,<=5s vs 10-15s,1738
ESICTel8,49,1-0,White,<=5s vs 10-15s,990
36fpv01B,68,0-1,Black,<=5s vs 15-20s,2278
F6RUPZkC,57,1-0,White,<=5s vs 10-15s,2269
vVi0DRb3,53,1-0,White,<=5s vs 5-10s,1606
2EPhv0Rm,53,1-0,White,<=5s vs 5-10s,1314
2nhZ1gk5,158,0-1,Black,<=5s vs 15-20s,2588
P0ode9ia,50,0-1,Black,<=5s vs 15-20s,2144
TxguMrKj,74,0-1,Black,<=5s vs <=5s,1588
419EdyK3,50,0-1,Black,<=5s vs <=5s,1061
1zyon2qI,80,0-1,Black,<=5s vs 15-20s,2283
oBgy0kdt,97,1-0,White,<=5s vs 15-20s,2263
HaytYMGp,69,1-0,White,<=5s vs 15-20s,1393
OnOnBujL,110,1/2-1/2,Black,<=5s vs 5-10s,1622
dypznOf7,74,0-1,Black,<=5s vs <=5s,2601
LAuIZnUk,91,1-0,White,<=5s vs 10-15s,2116
rjMqSgPz,124,1/2-1/2,Black,<=5s vs 10-15s,2348
vOsZjTcL,68,1-0,Black,<=5s vs 5-10s,1243
WjLrA7xO,107,1-0,White,<=5s vs 5-10s,2292
uWGvczsn,58,0-1,Black,<=5s vs 15-20s,2310
hq08S5AO,66,0-1,Black,<=5s vs 10-15s,1720
Wuc5XMf4,113,0-1,White,<=5s vs <=5s,1939
Ae1Szujs,72,0-1,Black,<=5s vs 10-15s,2646
qcAHMvSA,52,0-1,Black,<=5s vs 10-15s,1184
7DBcD0Es,68,0-1,Black,<=5s vs <=5s,1761
SY8mmChl,76,0-1,Black,<=5s vs 10-15s,2274
n2cggxRL,80,0-1,Black,<=5s vs 15-20s,1956
ix56IJB6,52,0-1,Black,<=5s vs 5-10s,1262
VBWwW27N,64,0-1,Black,<=5s vs 15-20s,1751
AljE2N7k,156,1/2-1/2,Black,<=5s vs 5-10s,2358
rVkGqPwZ,69,1-0,White,<=5s vs 15-20s,1659
XNglrb1e,58,0-1,Black,<=5s vs 10-15s,1212
gww8srXo,43,1-0,White,<=5s vs 10-15s,843
wzM4xM4t,57,1-0,White,<=5s vs 15-20s,2511
6Pm9jIla,124,1/2-1/2,Black,<=5s vs 5-10s,2536
o1UHYw6Q,43,1-0,White,<=5s vs 15-20s,1580
ySbMZTjI,96,1/2-1/2,Black,<=5s vs 10-15s,2457
wAn3Fwws,43,0-1,White,<=5s vs 5-10s,1700
oZz3bk0C,58,0-1,Black,<=5s vs 15-20s,1908
vnWe9HE1,67,0-1,White,<=5s vs 5-10s,1993
jD93QTjB,104,0-1,Black,<=5s vs 10-15s,2556
MrTYL4vs,94,0-1,Black,<=5s vs 10-15s,2249
7Elp7GXh,70,0-1,Black,<=5s vs <=5s,1099
5IG70qyf,126,1/2-1/2,Black,<=5s vs 15-20s,2114
zFdH2o5s,60,0-1,Black,<=5s vs 5-10s,1191
sWC7PGlF,65,1-0,White,<=5s vs 5-10s,2623
nApMhhWF,67,1-0,White,<=5s vs 10-15s,1275
bgKizXBy,36,0-1,Black,<=5s vs 15-20s,837
NZy0JRMg,70,1-0,Black,<=5s vs <=5s,2259
UbTTuFJh,77,1-0,White,<=5s vs 15-20s,1889
ZZZadGdQ,53,1-0,White,<=5s vs 15-20s,1285
W9tMhBTa,48,0-1,Black,<=5s vs <=5s,791
qay83jwA,64,0-1,Black,<=5s vs 5-10s,1350
UNDRsfwv,62,0-1,Black,<=5s vs <=5s,1254
z2ojdW08,68,0-1,Black,<=5s vs 15-20s,2038
dCfd364N,72,1-0,Black,<=5s vs 5-10s,1195
aIOVc6gg,51,1-0,White,<=5s vs 10-15s,1533
llrbukdE,57,1-0,White,<=5s vs 15-20s,2379
nzkZlnEQ,80,0-1,Black,<=5s vs 15-20s,1962
4Vt9B3kA,56,0-1,Black,<=5s vs 15-20s,2097
9xbVKtav,59,1-0,White,<=5s vs 15-20s,2207
rPA3K95f,69,1-0,White,<=5s vs 10-15s,1468
93dAczTs,56,0-1,Black,<=5s vs 5-10s,2237
CumujwuL,82,0-1,Black,<=5s vs <=5s,2268
DGFBbYUQ,62,0-1,Black,<=5s vs 10-15s,1221
jbpwUL4R,69,1-0,White,<=5s vs 5-10s,1472
6D6ioxTh,49,1-0,White,<=5s vs 10-15s,1868
LrGhwq7v,69,0-1,White,<=5s vs <=5s,1827
dEMLy03g,156,1/2-1/2,Black,<=5s vs <=5s,2287
SxREoj05,141,1/2-1/2,White,<=5s vs 15-20s,2436
xvoCxOVW,89,1-0,White,<=5s vs 15-20s,2108
2sB2BFuV,74,1-0,Black,<=5s vs <=5s,840
0cQJ5Noq,52,1-0,Black,<=5s vs <=5s,1190
OieAYhNJ,120,1-0,Black,<=5s vs 5-10s,2801
C6Dnezsd,89,1-0,White,<=5s vs 5-10s,2043
o8cRpT8e,58,0-1,Black,<=5s vs 10-15s,1566
KGzuuRxJ,72,1/2-1/2,Black,<=5s vs <=5s,2367
GUhs9bmu,80,0-1,Black,<=5s vs 10-15s,2126
zOYu7Tuv,137,1-0,White,<=5s vs 5-10s,2419
1WPzVvoB,53,1-0,White,<=5s vs 5-10s,2118
68xSofHk,77,1-0,White,<=5s vs 10-15s,2517
NTdpMRTb,75,1-0,White,<=5s vs 10-15s,1986
svhb3A7Z,66,1-0,Black,<=5s vs <=5s,2018
h5UJE8BD,83,1-0,White,<=5s vs <=5s,2291
r0Dynhe8,83,1-0,White,<=5s vs 5-10s,2010
FrTrseMT,71,1-0,White,<=5s vs 5-10s,2038
rR0ZmKQ3,97,1/2-1/2,White,<=5s vs 15-20s,1884
BRyO2T6y,70,0-1,Black,<=5s vs 10-15s,2236
DnX9quhC,114,1-0,Black,<=5s vs <=5s,2284
tAMxq83O,61,1-0,White,<=5s vs 5-10s,2038
Kloi0HzH,79,1-0,White,<=5s vs 5-10s,1343
35mtCzgu,71,1-0,White,<=5s vs 15-20s,1804
HT6q8hHr,53,1-0,White,<=5s vs 5-10s,1649
LdnJJXmB,64,0-1,Black,<=5s vs 10-15s,1430
sXV9hIDm,96,0-1,Black,<=5s vs 5-10s,2627
gotGe5JS,120,0-1,Black,<=5s vs 15-20s,1088
PhOEs9AB,110,0-1,Black,<=5s vs 5-10s,2473
eki0gZVN,111,1/2-1/2,White,<=5s vs 5-10s,1785
JYfcHDeT,103,1-0,White,<=5s vs 5-10s,2593
BdnFOoWY,71,1-0,White,<=5s vs 5-10s,2195
hJICmlFv,71,1-0,White,<=5s vs 10-15s,1962
rLrK8F1k,65,1-0,White,<=5s vs 10-15s,1067
Q1AZOSXp,99,1-0,White,<=5s vs 5-10s,1601
MQN6pmZ9,106,1-0,Black,<=5s vs 5-10s,1945
NvX4E3G6,76,0-1,Black,<=5s vs 10-15s,1335
DnyrOVn7,71,1-0,White,<=5s vs 15-20s,1782
Vce7DgZj,69,1-0,White,<=5s vs 5-10s,1553
6KMoSMDV,35,1-0,White,<=5s vs 15-20s,951
4aa0A9we,82,0-1,Black,<=5s vs 5-10s,1225
APL0DXcb,82,0-1,Black,<=5s vs 5-10s,1639
vAKXuALD,52,1-0,Black,<=5s vs <=5s,1028
Ej7kM6qo,68,0-1,Black,<=5s vs 5-10s,1970
d0T6jpvX,112,0-1,Black,<=5s vs 15-20s,1510
5eUOiV1n,73,1-0,White,<=5s vs 15-20s,2427
V4pHEY4z,79,1-0,White,<=5s vs 15-20s,1960
XawPoTk0,51,1-0,White,<=5s vs 15-20s,1111
zKbbgu4F,50,0-1,Black,<=5s vs 10-15s,2231
NELrcf1D,69,1-0,White,<=5s vs 10-15s,2186
0gNnRb5v,85,0-1,White,<=5s vs <=5s,1695
QgGZpPAi,47,1-0,White,<=5s vs 15-20s,976
sKi5582W,116,0-1,Black,<=5s vs <=5s,2203
ZrS784VZ,46,0-1,Black,<=5s vs 15-20s,1289
YFaPr9sg,69,1-0,White,<=5s vs 5-10s,1782
YtzyTnO4,93,1-0,White,<=5s vs 10-15s,1639
ISolYigg,64,1/2-1/2,Black,<=5s vs <=5s,1982
cSZOQZzb,82,0-1,Black,<=5s vs 15-20s,2377
4LasoiR2,77,1-0,White,<=5s vs 5-10s,2658
zzxejcxe,62,0-1,Black,<=5s vs 15-20s,1440
3LqyzWqZ,110,0-1,Black,<=5s vs 10-15s,2257
nnysBUY7,76,0-1,Black,<=5s vs 15-20s,1913
4aiS8c1Y,51,1-0,White,<=5s vs 10-15s,1491
RgfKNzl2,76,0-1,Black,<=5s vs <=5s,1970
stptvFte,68,0-1,Black,<=5s vs 5-10s,2134
9TXBGvat,61,1-0,White,<=5s vs 10-15s,1527
t5n7ckLx,71,1-0,White,<=5s vs 10-15s,2393
Kf9eWk37,62,0-1,Black,<=5s vs 15-20s,1046
sUEVjx8S,83,1-0,White,<=5s vs 5-10s,1672
AqWT6YPx,68,0-1,Black,<=5s vs 5-10s,1749
b2YEzg30,58,1-0,Black,<=5s vs 10-15s,2179
NaZXHsAe,61,1-0,White,<=5s vs 5-10s,1665
URwLRY5u,104,1/2-1/2,Black,<=5s vs 5-10s,1519
AdayY7wm,95,0-1,White,<=5s vs 5-10s,2670
K4RPEWUt,136,0-1,Black,<=5s vs 10-15s,1992
e0wYuIKG,48,0-1,Black,<=5s vs 10-15s,1484
jx7qbgkX,61,0-1,White,<=5s vs <=5s,1571
3wo8ApWv,57,1-0,White,<=5s vs 5-10s,1433
UXLxkjQH,55,0-1,White,<=5s vs 5-10s,1193
ZeBK97xP,46,0-1,Black,<=5s vs 5-10s,1120
7XQ53CqD,74,0-1,Black,<=5s vs 15-20s,2205
iWHEEf7l,67,1-0,White,<=5s vs 10-15s,1612
J9W4c4yo,50,0-1,Black,<=5s vs 15-20s,1371
LbgO5UPV,68,0-1,Black,<=5s vs 5-10s,1149
a1dhsjzq,50,0-1,Black,<=5s vs 15-20s,1554
yC53LFB2,122,0-1,Black,<=5s vs 5-10s,2326
HdiLrmUK,76,0-1,Black,<=5s vs 5-10s,2233
NauHJtlW,94,0-1,Black,<=5s vs 15-20s,2446
esZ0Hhbh,105,0-1,White,<=5s vs 5-10s,2263
Ld7X8f9E,41,1-0,White,<=5s vs 15-20s,1194
L3e9SCWe,56,0-1,Black,<=5s vs 5-10s,1929
IeAKGPvI,61,1-0,White,<=5s vs 5-10s,1511
sgJ55UpT,43,0-1,White,<=5s vs 5-10s,825
4PPl67EG,82,0-1,Black,<=5s vs <=5s,1699
R47d7Sti,57,1-0,White,<=5s vs 10-15s,1962
ATzObLek,85,1-0,White,<=5s vs 10-15s,2365
BqeOIOF1,60,0-1,Black,<=5s vs 15-20s,2191
r3uwEZDP,76,1/2-1/2,Black,<=5s vs 10-15s,1721
PZ8BvRoC,60,0-1,Black,<=5s vs 5-10s,1918
2YHzWSA8,69,1-0,White,<=5s vs 10-15s,1200
6gpR4F21,46,0-1,Black,<=5s vs 10-15s,992
7uGSf99y,79,1-0,White,<=5s vs 5-10s,2141
CfGUeixm,54,0-1,Black,<=5s vs 10-15s,1202
S7laMGtd,79,1-0,White,<=5s vs 10-15s,2062
Ojby7oWF,83,1-0,White,<=5s vs <=5s,1329
3SeB1DwC,96,0-1,Black,<=5s vs 10-15s,2292
aVvXhIPZ,73,1-0,White,<=5s vs 10-15s,1517
xLRaOo17,154,1/2-1/2,Black,<=5s vs 5-10s,2421
McIVopww,60,0-1,Black,<=5s vs 5-10s,2003
lcMBAkmU,43,1-0,White,<=5s vs 15-20s,1262
LiUJncJG,93,1-0,White,<=5s vs 10-15s,1633
pYA0WDCB,74,0-1,Black,<=5s vs 15-20s,2276
Rn9Grbfv,108,0-1,Black,<=5s vs 10-15s,2414
XSSFFizd,64,0-1,Black,<=5s vs 10-15s,2254
LvaDdV3X,75,1-0,White,<=5s vs 15-20s,1861
r3nuELwR,90,0-1,Black,<=5s vs 15-20s,2238
GKoKUF3T,118,1-0,Black,<=5s vs <=5s,2319
3QlecJG7,60,0-1,Black,<=5s vs 5-10s,1824
Dw73iKcp,86,0-1,Black,<=5s vs <=5s,2275
x1lKTJAx,46,0-1,Black,<=5s vs 10-15s,1453
Fi4L4M6g,61,1-0,White,<=5s vs 15-20s,1308
aIdW4Oyu,53,0-1,White,<=5s vs 10-15s,2069
GgTLfw8z,96,0-1,Black,<=5s vs <=5s,2045
clPzSCz9,67,1-0,White,<=5s vs 5-10s,1913
QvSo76Ay,42,0-1,Black,<=5s vs 5-10s,1191
JNdKouHT,71,1-0,White,<=5s vs 5-10s,701
jtl6vMBq,73,0-1,White,<=5s vs 5-10s,1527
erAVirqt,71,1-0,White,<=5s vs 5-10s,1366
cqkaXinT,56,0-1,Black,<=5s vs 5-10s,1506
Q7wzaPad,82,0-1,Black,<=5s vs 5-10s,1996
PmHQp3Do,82,0-1,Black,<=5s vs 5-10s,2635
5z6UBLAR,100,1/2-1/2,Black,<=5s vs <=5s,2983
KgHLa7dz,83,1-0,White,<=5s vs 10-15s,2114
te1IAKYk,71,1-0,White,<=5s vs 5-10s,894
Vip4D1j6,127,1-0,White,<=5s vs 10-15s,2212
6q0XcUbt,60,0-1,Black,<=5s vs 10-15s,1474
4rFMvo4u,108,0-1,Black,<=5s vs 5-10s,1745
bSl7WbDx,54,0-1,Black,<=5s vs 10-15s,1280
2Ejw00yL,42,0-1,Black,<=5s vs 15-20s,2242
tn5a5IKm,67,1-0,White,<=5s vs 10-15s,1915
YquwGcoC,61,1-0,White,<=5s vs 15-20s,1605
X8NqHCRh,59,1-0,White,<=5s vs 5-10s,1172
Qplm9s9O,62,0-1,Black,<=5s vs 10-15s,1956
hV03kC70,105,1-0,White,<=5s vs 10-15s,2228
XOXbAibv,63,1-0,White,<=5s vs 5-10s,1769
xkKwaurk,72,0-1,Black,<=5s vs 10-15s,2386
KWWx71By,52,0-1,Black,<=5s vs <=5s,2040
dwqvI2oT,92,0-1,Black,<=5s vs 10-15s,2610
5Dzxx5WK,40,0-1,Black,<=5s vs 15-20s,1845
EUN7Yxe8,47,1-0,White,<=5s vs 5-10s,1556
OJDSZBFC,65,1/2-1/2,White,<=5s vs 5-10s,2273
QU9PNEXh,90,0-1,Black,<=5s vs 10-15s,1649
RgvdWOf3,90,0-1,Black,<=5s vs 5-10s,2096
c3NcP95C,66,1-0,Black,<=5s vs 5-10s,2100
Qbs2sqhC,71,1-0,White,<=5s vs 5-10s,1795
NORuauwx,58,0-1,Black,<=5s vs <=5s,1943
kc7nsvcl,70,0-1,Black,<=5s vs 10-15s,1926
dyKB3lpO,69,1-0,White,<=5s vs 15-20s,1756
3Q7dVajI,83,1-0,White,<=5s vs 10-15s,2009
6zqgTi5F,94,1-0,Black,<=5s vs 10-15s,2234
7IhD6389,105,1/2-1/2,White,<=5s vs 15-20s,2015
ACUn99Ve,71,1-0,White,<=5s vs 10-15s,2104
dDJqL9Ex,71,1-0,White,<=5s vs 15-20s,2274
BTfcWOAH,146,0-1,Black,<=5s vs 15-20s,2347
zzmoCvna,77,0-1,White,<=5s vs <=5s,2230
WFDHFgTy,111,1-0,White,<=5s vs <=5s,2786
TMoXlZVQ,142,0-1,Black,<=5s vs 5-10s,1533
BJlQ2RfQ,106,0-1,Black,<=5s vs 5-10s,1956
2L3nmkra,43,1-0,White,<=5s vs 5-10s,1108
QjFZ6Oh3,115,1-0,White,<=5s vs 15-20s,2590
cT0BTty4,60,0-1,Black,<=5s vs 15-20s,2037
9gk1Z7gg,65,1-0,White,<=5s vs 5-10s,1769
vy4FLn0E,80,0-1,Black,<=5s vs 15-20s,2070
Nb1mb96t,56,0-1,Black,<=5s vs 10-15s,1822
v4A4GIkF,56,0-1,Black,<=5s vs 5-10s,1482
uNQLmyOR,108,0-1,Black,<=5s vs 10-15s,2622
thepe1G1,60,0-1,Black,<=5s vs 5-10s,1152
jlnZ0OJV,71,1-0,White,<=5s vs 5-10s,2046
VCuqVvUt,49,0-1,White,<=5s vs 10-15s,1130
azixyA8i,57,1-0,White,<=5s vs 10-15s,1516
rYp9Rl2k,75,1-0,White,<=5s vs 15-20s,1949
i6RLby45,57,1-0,White,<=5s vs 10-15s,1063
JDKOaN6N,63,1-0,White,<=5s vs 10-15s,2267
DAP5w40P,76,0-1,Black,<=5s vs 5-10s,2148
ZGwSOUdu,45,1-0,White,<=5s vs 15-20s,1990
8bu4lB1g,66,1-0,Black,<=5s vs 15-20s,2209
D86H3ixM,69,1-0,White,<=5s vs 15-20s,1546
dctgjIEt,112,0-1,Black,<=5s vs 10-15s,3193
aoGHaxKB,65,1/2-1/2,White,<=5s vs 10-15s,1991
ghlCgbXP,80,0-1,Black,<=5s vs 5-10s,2117
qet4IDgj,47,0-1,White,<=5s vs 10-15s,1930
TMAnqTpZ,73,1-0,White,<=5s vs 10-15s,1353
k0or40OU,53,1-0,White,<=5s vs 15-20s,1096
7u9Cxgxq,47,1-0,White,<=5s vs 15-20s,1363
1q8nnIW3,76,0-1,Black,<=5s vs 10-15s,1598
CNE618G4,69,1-0,White,<=5s vs 10-15s,2166
ZzbMshqn,70,1-0,Black,<=5s vs 5-10s,1943
8IbOpadA,50,0-1,Black,<=5s vs 5-10s,1100
USjWsjL9,63,1-0,White,<=5s vs 5-10s,1959
09yrAEE5,89,0-1,White,<=5s vs <=5s,2241
ngPNi5Hj,66,0-1,Black,<=5s vs 15-20s,2244
6tlWfKDX,58,0-1,Black,<=5s vs 5-10s,1950
a13g6P7P,54,1-0,Black,<=5s vs 10-15s,1593
wme8Vj6x,77,1-0,White,<=5s vs 5-10s,1279
AhwAR5Bk,70,0-1,Black,<=5s vs 5-10s,2238
5EgbAS1h,100,1/2-1/2,Black,<=5s vs 5-10s,2948
eTkKF28s,111,1-0,White,<=5s vs <=5s,2399
SNIpJ3dv,66,1-0,Black,<=5s vs 5-10s,1298
5OU6d6xq,140,1-0,Black,<=5s vs <=5s,2522
PRcF4RSN,77,1-0,White,<=5s vs <=5s,1816
5yHpZbJ2,56,0-1,Black,<=5s vs 10-15s,1809
EUyWMwMR,129,1-0,White,<=5s vs 15-20s,2749
CdJK7Wcx,51,1-0,White,<=5s vs 15-20s,1769
Fj09LXzM,111,1-0,White,<=5s vs 5-10s,1892
511uuNoe,44,1-0,Black,<=5s vs 5-10s,1305
iTAr7C1O,66,0-1,Black,<=5s vs 5-10s,1439
usterpOv,72,0-1,Black,<=5s vs <=5s,1507
RQmCqvm3,96,0-1,Black,<=5s vs <=5s,2071
rYpDCpAK,97,0-1,White,<=5s vs 5-10s,2211
FlY0Gy8g,98,0-1,Black,<=5s vs 15-20s,2212
5ZbqKiFJ,48,0-1,Black,<=5s vs <=5s,1137
77k9fV6Y,97,1-0,White,<=5s vs 10-15s,2780
J8ldk66H,79,1-0,White,<=5s vs 15-20s,1990
GlK8XK9E,74,0-1,Black,<=5s vs 5-10s,1847
0xC6WJmp,62,0-1,Black,<=5s vs 15-20s,1460
FMoaoDrl,71,1-0,White,<=5s vs 10-15s,1791
WyVcgyaT,101,1-0,White,<=5s vs 5-10s,2669
wVY91cBa,113,1-0,White,<=5s vs 15-20s,2099
PtLlX09Q,74,0-1,Black,<=5s vs 10-15s,1746
6aAprGpt,66,0-1,Black,<=5s vs 5-10s,2109
Z8JcoKbO,43,1-0,White,<=5s vs 15-20s,1834
UQNBxH2q,82,0-1,Black,<=5s vs 5-10s,2212
5y38BkZJ,60,0-1,Black,<=5s vs 15-20s,1256
1JmHrVt2,122,0-1,Black,<=5s vs 5-10s,1368
Y6qg1xd6,100,0-1,Black,<=5s vs 5-10s,2280
RRjqOI8q,121,1-0,White,<=5s vs 15-20s,1862
uhzzr6IA,66,0-1,Black,<=5s vs 5-10s,1607
jy2ithvy,52,0-1,Black,<=5s vs <=5s,1024
eSkipe87,54,0-1,Black,<=5s vs <=5s,1102
ffiabXuI,72,0-1,Black,<=5s vs 10-15s,1898
zAYxudYQ,56,0-1,Black,<=5s vs 5-10s,1432
ueMzxQOw,117,1-0,White,<=5s vs 5-10s,2333
Jc19tV2M,67,1-0,White,<=5s vs 10-15s,1823
6jHqMFTS,58,0-1,Black,<=5s vs 10-15s,1386
7uKq393m,85,1-0,White,<=5s vs 15-20s,1001
PfuJ7lfd,92,0-1,Black,<=5s vs 15-20s,2124
zxKO1gDc,53,1-0,White,<=5s vs 15-20s,2644
3sjcqarB,91,1-0,White,<=5s vs 5-10s,1969
xSIURPRi,34,0-1,Black,<=5s vs 5-10s,885
kkwLVc4X,60,0-1,Black,<=5s vs <=5s,1616
8TWqbEqq,91,1-0,White,<=5s vs <=5s,1739
XmXaQHVb,62,0-1,Black,<=5s vs 15-20s,1409
1uAKRQ3y,91,1-0,White,<=5s vs 15-20s,2059
UCmCA7mt,81,1-0,White,<=5s vs 5-10s,2219
4la4heo8,62,0-1,Black,<=5s vs 5-10s,2219
G6Yjsjpf,83,1-0,White,<=5s vs 15-20s,1972
9GiBkBXd,67,1-0,White,<=5s vs 15-20s,1376
S3nf6UWe,72,0-1,Black,<=5s vs 5-10s,1524
d5lJicMW,76,1-0,Black,<=5s vs <=5s,1870
S5uliilb,55,1-0,White,<=5s vs 5-10s,1934
3NCmaLxz,40,0-1,Black,<=5s vs 15-20s,1222
C09ewxPZ,64,0-1,Black,<=5s vs 5-10s,1283
On6Lq4Wl,49,1-0,White,<=5s vs 10-15s,1168
9afXBkxe,55,1-0,White,<=5s vs 5-10s,1296
lh5Dto8g,55,1-0,White,<=5s vs 5-10s,1839
Ce7YsinD,45,1-0,White,<=5s vs 15-20s,1697
NuwxeLB2,59,1-0,White,<=5s vs 5-10s,1694
paDgijqi,77,1-0,White,<=5s vs 15-20s,2062
3OrpnDAI,65,0-1,White,<=5s vs <=5s,1124
ea38tYMI,83,1-0,White,<=5s vs 10-15s,2493
JCAkocwc,40,0-1,Black,<=5s vs 15-20s,1775
Sv1KEptj,46,0-1,Black,<=5s vs 15-20s,1691
rDW56yPQ,107,1-0,White,<=5s vs 15-20s,2722
j8NR3Dyk,122,0-1,Black,<=5s vs <=5s,2135
SeADtVL3,85,1-0,White,<=5s vs 5-10s,1449
tpfv0rmW,89,1-0,White,<=5s vs 15-20s,2096
hqWEbDva,123,1-0,White,<=5s vs 10-15s,2471
BONnAgp7,69,1-0,White,<=5s vs 10-15s,2186
OZkBmHUg,124,0-1,Black,<=5s vs 15-20s,2500
wOOKHPFI,52,0-1,Black,<=5s vs 15-20s,1719
tj4DK7Kw,69,1-0,White,<=5s vs 10-15s,1455
EHUJ8owx,60,0-1,Black,<=5s vs 15-20s,1307
Ki3ceCvW,77,1-0,White,<=5s vs <=5s,2182
7m6PSvE2,41,0-1,White,<=5s vs <=5s,999
MfemfQkG,99,1-0,White,<=5s vs 10-15s,2391
1WiZFOkU,85,1-0,White,<=5s vs 5-10s,2271
vBcU89Zq,87,1-0,White,<=5s vs 10-15s,1294
b3Vq1akG,58,1-0,Black,<=5s vs <=5s,1420
fNVUIO52,75,0-1,White,<=5s vs <=5s,1767
1otvVlKM,81,1-0,White,<=5s vs 10-15s,2017
KKl5qofY,102,0-1,Black,<=5s vs 15-20s,2390
B4dc6ToQ,84,0-1,Black,<=5s vs 5-10s,1492
ApfOU4Pe,82,0-1,Black,<=5s vs 5-10s,1642
JWc6Tv9f,53,1-0,White,<=5s vs 5-10s,1625
QktcWuIx,95,0-1,White,<=5s vs <=5s,1825
ELmfh76X,62,0-1,Black,<=5s vs 10-15s,1342
lWeLC7VI,84,0-1,Black,<=5s vs 15-20s,1739
CnjvncLT,66,0-1,Black,<=5s vs 15-20s,1756
NY4dQSzt,70,0-1,Black,<=5s vs 10-15s,1668
5WTELC26,66,0-1,Black,<=5s vs 10-15s,1509
405hqgIe,91,1-0,White,<=5s vs <=5s,2416
0Qpldwnm,89,1-0,White,<=5s vs 15-20s,1564
vZ0mAufC,109,1-0,White,<=5s vs 15-20s,1848
dnyh0Em7,59,1-0,White,<=5s vs 10-15s,1595
M9FglGVu,65,0-1,White,<=5s vs 10-15s,2009
K95aHElM,99,0-1,White,<=5s vs <=5s,2628
ve2ZjhvZ,65,1-0,White,<=5s vs <=5s,1663
OllcE5Gd,67,1-0,White,<=5s vs 15-20s,1674
ZaSwJ5XD,60,1-0,Black,<=5s vs 15-20s,1920
XzXX9hTT,50,0-1,Black,<=5s vs 10-15s,1551
25ykVFkz,74,0-1,Black,<=5s vs 5-10s,1284
zbzB6ta7,48,0-1,Black,<=5s vs 10-15s,1111
C6rsVj5C,174,1-0,Black,<=5s vs 5-10s,2590
C0iEsyo0,79,1-0,White,<=5s vs 15-20s,2534
joSULBIY,77,1-0,White,<=5s vs <=5s,1942
lfSqFKpV,58,0-1,Black,<=5s vs 5-10s,1483
Qdc0Wavj,88,0-1,Black,<=5s vs 5-10s,2002
NJZLuEcZ,96,0-1,Black,<=5s vs 5-10s,2067
EeVavDj0,40,0-1,Black,<=5s vs 10-15s,901
5HclFi8d,37,1-0,White,<=5s vs 15-20s,1813
Pg0vBCQZ,114,1/2-1/2,Black,<=5s vs <=5s,2683
LjQ4QWbO,76,0-1,Black,<=5s vs 5-10s,2250
JuOP5VQJ,44,1-0,Black,<=5s vs 10-15s,997
jNPDXVd5,68,0-1,Black,<=5s vs 5-10s,1735
WqKRiKCg,84,0-1,Black,<=5s vs 15-20s,2296
Hvy2d1Li,76,0-1,Black,<=5s vs 5-10s,1702
nF8Zyuvx,101,1-0,White,<=5s vs 10-15s,2049
wlwHl365,83,1-0,White,<=5s vs 15-20s,1848
5lZUfiyu,86,1-0,Black,<=5s vs <=5s,1883
bPmo4ilf,67,1-0,White,<=5s vs 10-15s,1277
hK9wTZ4J,67,1-0,White,<=5s vs 5-10s,2301
ZwSbCcaK,165,1-0,White,<=5s vs 5-10s,2362
MoEwOhyM,72,0-1,Black,<=5s vs 10-15s,2203
leUWYNbj,60,0-1,Black,<=5s vs 15-20s,1623
Htd3Dgbj,65,1-0,White,<=5s vs 5-10s,1512
r4bfaH0j,73,1-0,White,<=5s vs 15-20s,2172
dDu9u6vt,75,1-0,White,<=5s vs 5-10s,1872
ahVz31em,67,1-0,White,<=5s vs 15-20s,2445
A5qAIOs9,70,0-1,Black,<=5s vs <=5s,1817
vwZd73Mn,68,0-1,Black,<=5s vs 10-15s,1902
JTT1pkAW,95,0-1,White,<=5s vs 5-10s,1761
vWxBQscN,135,0-1,White,<=5s vs 5-10s,2737
2RaeNSwI,69,1-0,White,<=5s vs 10-15s,2057
gepu2FZb,67,1-0,White,<=5s vs 5-10s,2403
wfMGsdVa,73,1-0,White,<=5s vs <=5s,1662
gv9kDVVh,57,1-0,White,<=5s vs 10-15s,1139
QCB9ubSi,83,0-1,White,<=5s vs <=5s,2192
n0MtF1bo,118,0-1,Black,<=5s vs 5-10s,2975
YF32uIcH,84,0-1,Black,<=5s vs 10-15s,1926
puMBtA43,58,0-1,Black,<=5s vs 15-20s,2244
8vJsELni,55,1-0,White,<=5s vs 5-10s,885
ukvYkknR,82,1-0,Black,<=5s vs 5-10s,1491
mdBkCbZk,96,0-1,Black,<=5s vs 15-20s,1886
lqG7ZcBI,126,0-1,Black,<=5s vs 15-20s,1420
ItCX573e,75,1-0,White,<=5s vs 15-20s,1686
I6wOMFAT,72,0-1,Black,<=5s vs 10-15s,1966
LYiO4PDm,71,1-0,White,<=5s vs 10-15s,1085
JzQBad7E,79,1-0,White,<=5s vs 10-15s,2258
JVgJZFHI,78,0-1,Black,<=5s vs 5-10s,2467
v3aYUss8,69,1-0,White,<=5s vs 10-15s,1205
2qGYnQ0B,69,1-0,White,<=5s vs 10-15s,1101
89dnesdd,129,1/2-1/2,White,<=5s vs <=5s,1536
ZDZEwByz,75,0-1,White,<=5s vs 10-15s,1769
a5GLwpKx,74,0-1,Black,<=5s vs 15-20s,2091
4O4Szdos,54,1-0,Black,<=5s vs 5-10s,1117
gTEyffXN,79,1-0,White,<=5s vs <=5s,1580
mewBReUt,62,0-1,Black,<=5s vs 10-15s,1476
GA9g2aQv,81,1-0,White,<=5s vs 15-20s,2404
08kEilm5,57,1-0,White,<=5s vs 10-15s,1248
0ABI1PWD,76,1-0,Black,<=5s vs 5-10s,2101
28ZesvmD,84,0-1,Black,<=5s vs 5-10s,2413
7WC5y5ek,65,1-0,White,<=5s vs 15-20s,1453
lTRuZ0O9,72,0-1,Black,<=5s vs 5-10s,2836
Qm6CnHdO,74,0-1,Black,<=5s vs <=5s,1780
W2J2Or9r,64,0-1,Black,<=5s vs 10-15s,2038
XxjIUkGR,78,1-0,Black,<=5s vs 10-15s,1335
jSMAo7vS,43,1-0,White,<=5s vs 15-20s,811
JY9iyJu3,75,1-0,White,<=5s vs 5-10s,2211
zgfNcJCy,85,1-0,White,<=5s vs 5-10s,2088
6OaIqapr,66,0-1,Black,<=5s vs 15-20s,2003
1yIAE6i3,67,1-0,White,<=5s vs 10-15s,1472
9Rtb6Tu8,117,1/2-1/2,White,<=5s vs 5-10s,2540
3lcDK9zW,74,0-1,Black,<=5s vs 10-15s,2124
ao1r5ACl,70,0-1,Black,<=5s vs 15-20s,1761
bA7674Ta,96,1-0,Black,<=5s vs 5-10s,2522
GBsoBlhd,43,0-1,White,<=5s vs <=5s,1133
aVSkRDR6,139,1-0,White,<=5s vs 5-10s,2531
bzoZC55p,121,1-0,White,<=5s vs 10-15s,1827
IUmjIQIU,72,0-1,Black,<=5s vs 5-10s,1643
9Rx0NOkf,67,1-0,White,<=5s vs 10-15s,1926
LCMKqPLJ,97,1-0,White,<=5s vs 5-10s,2082
Zzl3vGe8,50,0-1,Black,<=5s vs 5-10s,1419
6oo8Ewey,65,1-0,White,<=5s vs 10-15s,1916
LtVp3Rrc,72,1-0,Black,<=5s vs <=5s,2338
q3NdrfM1,63,0-1,White,<=5s vs 5-10s,1798
VilNPVem,57,1-0,White,<=5s vs 15-20s,1603
v9r6ziWS,65,0-1,White,<=5s vs <=5s,1059
WMLPTvyn,101,0-1,White,<=5s vs 5-10s,2077
Dggli1cp,70,0-1,Black,<=5s vs 10-15s,2004
LaiUPlXN,77,0-1,White,<=5s vs 5-10s,1343
aX6qPDYq,50,0-1,Black,<=5s vs 15-20s,1764
nVoPefyO,47,1-0,White,<=5s vs 5-10s,1248
6PdyJSlu,82,1/2-1/2,Black,<=5s vs 10-15s,2361
BONxGwwB,86,1-0,Black,<=5s vs 5-10s,2136
BLFeCw24,75,1-0,White,<=5s vs 5-10s,1963
bt9Y4fhm,67,1-0,White,<=5s vs 10-15s,1858
UGYtLQYJ,86,0-1,Black,<=5s vs <=5s,2598
qzc3u0M7,52,0-1,Black,<=5s vs 15-20s,1614
98rK4dt6,113,1/2-1/2,White,<=5s vs 5-10s,2261
PYZCMlhu,58,0-1,Black,<=5s vs 5-10s,1666
Ry0oiGxK,67,1-0,White,<=5s vs 5-10s,1923
B9Suimen,47,1-0,White,<=5s vs 10-15s,2081
Wzn1G56M,67,0-1,White,<=5s vs <=5s,1596
4ft8h5Pv,59,1-0,White,<=5s vs 15-20s,2078
gCArSV7D,94,1/2-1/2,Black,<=5s vs 10-15s,2311
aYJROVGl,83,1-0,White,<=5s vs 15-20s,2100
aNURlJmW,73,1-0,White,<=5s vs 15-20s,1863
l35NVyoL,75,1-0,White,<=5s vs 10-15s,1702
G4uxrQer,65,1-0,White,<=5s vs 5-10s,2150
UnfPZ7Bc,90,1-0,Black,<=5s vs 5-10s,2767
zRX5rLS3,72,1-0,Black,<=5s vs 5-10s,1557
qIZ1YSX3,72,0-1,Black,<=5s vs 10-15s,2006
3fdf1KQE,100,1-0,Black,<=5s vs 5-10s,1669
kEuENEUz,70,1-0,Black,<=5s vs 5-10s,1299
RBFMWvzz,83,1-0,White,<=5s vs 5-10s,1902
xjCK8yVN,67,1-0,White,<=5s vs 10-15s,1840
VejWxMBO,100,0-1,Black,<=5s vs 10-15s,2137
DMMkGurr,64,0-1,Black,<=5s vs 10-15s,1328
zEMnsZ46,92,1/2-1/2,Black,<=5s vs 5-10s,2372
GIpLY3Mz,49,1-0,White,<=5s vs 15-20s,1976
x28rPekg,114,1/2-1/2,Black,<=5s vs 15-20s,2501
1TodkokJ,104,0-1,Black,<=5s vs 5-10s,2529
FfBQDdGS,65,1-0,White,<=5s vs 15-20s,1944
pQQYumdq,74,1-0,Black,<=5s vs <=5s,1893
ipuMFaqL,79,0-1,White,<=5s vs 5-10s,1783
CXIHZoP7,83,0-1,White,<=5s vs 5-10s,2120
fJVACn88,106,0-1,Black,<=5s vs 5-10s,2079
kWmLtwf7,67,1-0,White,<=5s vs 15-20s,2276
2NC4rLcH,76,1-0,Black,<=5s vs <=5s,1604
87NeKEWc,78,0-1,Black,<=5s vs 5-10s,1500
yjo8UecS,80,0-1,Black,<=5s vs 5-10s,2588
EF2aGgQ6,81,1-0,White,<=5s vs 15-20s,2338
xvEFAZ0o,81,1-0,White,<=5s vs 10-15s,2095
08GvcU58,62,0-1,Black,<=5s vs 10-15s,1110
fnR8luU3,84,0-1,Black,<=5s vs 10-15s,2127
H5rsILxB,119,1-0,White,<=5s vs 10-15s,2647
6t29df7m,76,1-0,Black,<=5s vs <=5s,1631
mflZQ1s7,81,1-0,White,<=5s vs 5-10s,2620
tEawDztT,60,0-1,Black,<=5s vs 5-10s,1916
VvmfOafu,100,0-1,Black,<=5s vs 10-15s,1838
f874CqHh,60,0-1,Black,<=5s vs 15-20s,1299
xzFRR9Mo,69,1-0,White,<=5s vs 5-10s,1744
SJALfS8m,48,0-1,Black,<=5s vs <=5s,838
rsLFQAxi,58,0-1,Black,<=5s vs 5-10s,2188
lYZb64em,54,0-1,Black,<=5s vs 10-15s,1116
3adfgpIJ,62,1-0,Black,<=5s vs <=5s,1186
kr5wCJ7W,67,1-0,White,<=5s vs 15-20s,2185
11zhsU7R,64,0-1,Black,<=5s vs 15-20s,1056
XBB44RFU,79,1-0,White,<=5s vs 15-20s,2293
U2V6qYF3,38,0-1,Black,<=5s vs 5-10s,1168
ZZkje2Ms,97,1-0,White,<=5s vs 5-10s,2265
hkpWV6xB,82,0-1,Black,<=5s vs 15-20s,2077
i2vQtyXp,95,1-0,White,<=5s vs 10-15s,2614
FT21mYnU,90,0-1,Black,<=5s vs 10-15s,1963
Ah8Kwygd,74,0-1,Black,<=5s vs 5-10s,1604
X91xO7TJ,66,1-0,Black,<=5s vs <=5s,1639
e6jWjI34,84,1-0,Black,<=5s vs 5-10s,1757
Ada9v93Z,141,1-0,White,<=5s vs <=5s,2832
q3BYjWMM,66,0-1,Black,<=5s vs <=5s,1874
PbkAjw3V,118,1/2-1/2,Black,<=5s vs 15-20s,2328
FIZd1sme,66,0-1,Black,<=5s vs 5-10s,1560
eotM4deP,62,0-1,Black,<=5s vs 15-20s,2151
yTu6LaRt,72,0-1,Black,<=5s vs 10-15s,1722
46n3JxQt,122,0-1,Black,<=5s vs 10-15s,1996
AXPmCGS7,65,1-0,White,<=5s vs 15-20s,1420
mYOqFIed,88,0-1,Black,<=5s vs 5-10s,1882
lN192MFs,56,0-1,Black,<=5s vs 15-20s,1297
6jQLNUSu,68,0-1,Black,<=5s vs 5-10s,1141
GLKcaT1v,61,1-0,White,<=5s vs 10-15s,2096
sLf4kXOy,58,0-1,Black,<=5s vs 10-15s,1435
vgNQiiZ9,69,1-0,White,<=5s vs 5-10s,1882
9VwDIOLc,91,1-0,White,<=5s vs 5-10s,1865
7hWOWQkb,50,1-0,Black,<=5s vs 15-20s,2004
tn1zrhF1,66,0-1,Black,<=5s vs <=5s,1015
QAIm4rV9,65,0-1,White,<=5s vs 5-10s,2010
rQa1urhZ,53,1-0,White,<=5s vs 10-15s,1334
GLX3RvKH,56,0-1,Black,<=5s vs 15-20s,1826
LnwVlyDY,48,0-1,Black,<=5s vs 15-20s,1448
UrjHJzTL,102,1-0,Black,<=5s vs <=5s,2704
xMOjvNgP,71,1-0,White,<=5s vs 5-10s,1760
aVjLi8P0,73,1-0,White,<=5s vs 10-15s,2148
3i9ZJ36I,69,1-0,White,<=5s vs <=5s,1572
CWDYzfJ9,96,0-1,Black,<=5s vs 5-10s,1494
iv9g4RlR,71,1-0,White,<=5s vs 5-10s,1463
1oHe8LeF,92,0-1,Black,<=5s vs 15-20s,2067
lVypRFlo,64,1-0,Black,<=5s vs 15-20s,1663
0Oh139bW,65,0-1,White,<=5s vs 10-15s,1794
FrCXqnBM,107,1-0,White,<=5s vs 5-10s,1878
tlsgzYe5,74,0-1,Black,<=5s vs 10-15s,1791
WgJMjNoy,124,1-0,Black,<=5s vs <=5s,2297
OwBKAizi,62,0-1,Black,<=5s vs 5-10s,2485
lPEMin3w,70,0-1,Black,<=5s vs 5-10s,1395
mKrrSLEs,68,0-1,Black,<=5s vs 15-20s,1643
fHun0glq,52,0-1,Black,<=5s vs 5-10s,1626
W2XViLu7,88,0-1,Black,<=5s vs 10-15s,2416
ZwglkAVn,79,1-0,White,<=5s vs 10-15s,1180
ve78AqWl,66,0-1,Black,<=5s vs 5-10s,1545
wkagNkxu,101,1-0,White,<=5s vs 15-20s,1309
SRXIDzV8,60,0-1,Black,<=5s vs <=5s,1742
3BKSyqzU,76,1-0,Black,<=5s vs <=5s,1799
AcMOIvq7,82,0-1,Black,<=5s vs 10-15s,1762
ORxnZbWt,82,1-0,Black,<=5s vs 15-20s,2046
9aUzEi2I,60,0-1,Black,<=5s vs 10-15s,1270
vgulHTaX,39,1-0,White,<=5s vs 10-15s,775
RVToarwI,57,1-0,White,<=5s vs 15-20s,2335
GFIGbVEh,117,0-1,White,<=5s vs 5-10s,2169
rJrUjC8J,63,1-0,White,<=5s vs 15-20s,1677
T2J7cf9x,54,0-1,Black,<=5s vs 15-20s,1135
4vLJeBqw,71,0-1,White,<=5s vs 5-10s,1845
3SAH9gLY,47,1-0,White,<=5s vs 5-10s,1113
TDCTQNLa,78,0-1,Black,<=5s vs 5-10s,2206
PtGdyUD9,86,0-1,Black,<=5s vs 10-15s,2503
zk651Mct,57,1-0,White,<=5s vs 10-15s,1416
7FCVDDJK,64,0-1,Black,<=5s vs 5-10s,1424
MCF7J9fh,76,0-1,Black,<=5s vs 5-10s,1696
g19yuMIo,85,1-0,White,<=5s vs 10-15s,1298
LvGVez9j,100,0-1,Black,<=5s vs 5-10s,2186
2VwYDDK4,81,1-0,White,<=5s vs <=5s,2162
gwB5gzh9,87,1/2-1/2,White,<=5s vs 5-10s,2121
OQJ8eaL8,87,1-0,White,<=5s vs 15-20s,2080
6OfLIz3X,85,0-1,White,<=5s vs 15-20s,2445
zIcOOVon,49,1-0,White,<=5s vs 5-10s,1839
N4c1AiTW,72,0-1,Black,<=5s vs 15-20s,1743
IQTaSd6B,78,1-0,Black,<=5s vs <=5s,1230
xYxVAxdy,72,0-1,Black,<=5s vs 10-15s,1535
vVTjGa5h,50,0-1,Black,<=5s vs 10-15s,1383
SE8oiqsI,70,0-1,Black,<=5s vs <=5s,2182
QB1oF7rF,64,1-0,Black,<=5s vs 15-20s,2277
FRVg5Kxa,48,0-1,Black,<=5s vs 10-15s,1403
eNkxrSOX,72,0-1,Black,<=5s vs 15-20s,1741
kXs3Zy63,53,1-0,White,<=5s vs 10-15s,1215
dEQblgN1,54,0-1,Black,<=5s vs 10-15s,1412
ax9Lj25u,105,1-0,White,<=5s vs 5-10s,2788
BHSh311T,93,1-0,White,<=5s vs <=5s,2514
pelD3gpO,76,1-0,Black,<=5s vs <=5s,1812
57ZimPjy,72,1-0,Black,<=5s vs 15-20s,2262
Z0WJwpCn,78,0-1,Black,<=5s vs 10-15s,1392
I0muVaTi,84,1-0,Black,<=5s vs <=5s,2062
fPhtKCoG,74,1-0,Black,<=5s vs 10-15s,2498
CoM7yecS,57,0-1,White,<=5s vs <=5s,2113
Y8aYciDL,59,0-1,White,<=5s vs 5-10s,2109
llIQ7xa5,60,0-1,Black,<=5s vs 10-15s,1580
ijE0I848,80,0-1,Black,<=5s vs 10-15s,1600
E2F413Fo,127,1/2-1/2,White,<=5s vs 5-10s,2074
kOuZGL5u,55,1-0,White,<=5s vs 10-15s,1256
OrK7egX7,86,0-1,Black,<=5s vs <=5s,2286
So7EDszP,117,1/2-1/2,White,<=5s vs 10-15s,2405
21u66sI3,102,1-0,Black,<=5s vs <=5s,2669
jaCddyuU,48,0-1,Black,<=5s vs 5-10s,1071
36ri1idY,83,1-0,White,<=5s vs 15-20s,1541
rTGu2xyE,79,1-0,White,<=5s vs 15-20s,1637
DYhNE63R,69,0-1,White,<=5s vs 5-10s,2332
vgvzO5eZ,76,0-1,Black,<=5s vs 15-20s,1403
Klrax7bV,76,0-1,Black,<=5s vs 10-15s,2013
N7fgx7YQ,60,0-1,Black,<=5s vs 15-20s,1870
1s22tQQW,53,1-0,White,<=5s vs 15-20s,1333
JtLDhdrC,62,0-1,Black,<=5s vs <=5s,1147
ztD444uA,44,0-1,Black,<=5s vs 5-10s,1279
xP16vPnu,77,1-0,White,<=5s vs 15-20s,2509
XPzkYaA6,114,1/2-1/2,Black,<=5s vs 5-10s,2443
C8HuUVD3,69,1-0,White,<=5s vs 15-20s,1492
CE698aDg,75,1-0,White,<=5s vs 15-20s,1758
L08LaNf2,90,1/2-1/2,Black,<=5s vs 15-20s,2025
WLsZALMH,53,1-0,White,<=5s vs <=5s,1959
AkQh6AOa,56,0-1,Black,<=5s vs 5-10s,2169
qOGwuJJ7,90,1-0,Black,<=5s vs <=5s,2010
X4hgdcTc,52,0-1,Black,<=5s vs 5-10s,1127
8tEBc1W8,128,1-0,Black,<=5s vs <=5s,2384
NCU2Pfgu,45,1-0,White,<=5s vs 10-15s,1742
L78fjL6S,52,0-1,Black,<=5s vs 15-20s,1524
UaDAUhuT,78,0-1,Black,<=5s vs <=5s,1772
4J89rJBf,89,0-1,White,<=5s vs <=5s,2455
BcpPM9oB,94,0-1,Black,<=5s vs 10-15s,2296
AGExZn6Z,110,1/2-1/2,Black,<=5s vs 15-20s,2365
VRzBXRKD,46,0-1,Black,<=5s vs 15-20s,1781
7iCRokyj,65,0-1,White,<=5s vs 15-20s,2034
rp5Gbuds,66,0-1,Black,<=5s vs 15-20s,1752
Ic22fJ6R,48,1-0,Black,<=5s vs 10-15s,1352
UDWesppd,53,1-0,White,<=5s vs 10-15s,1258
jHHwmH46,76,0-1,Black,<=5s vs 10-15s,1958
3YUIMLDP,63,1-0,White,<=5s vs 15-20s,2004
lj2Jbbfr,110,0-1,Black,<=5s vs <=5s,2192
LCAzjHcS,96,0-1,Black,<=5s vs 5-10s,2526
Nma6x4lu,105,0-1,White,<=5s vs <=5s,2527
rBp4lg3m,72,0-1,Black,<=5s vs <=5s,1641
qg9p5vwB,58,0-1,Black,<=5s vs 10-15s,1432
9jrgIoZr,49,1-0,White,<=5s vs 10-15s,1255
tIuA6lbd,64,0-1,Black,<=5s vs 10-15s,1586
Hfu9ETbk,110,0-1,Black,<=5s vs 5-10s,2236
KNbOAR0J,88,0-1,Black,<=5s vs 5-10s,1770
AblkZfIy,73,1-0,White,<=5s vs 5-10s,2314
jn9n1Zu9,52,0-1,Black,<=5s vs 10-15s,1034
j6VlyaZ5,66,0-1,Black,<=5s vs 15-20s,1819
5kSdTl16,56,0-1,Black,<=5s vs 10-15s,1822
ylJ7lt0Z,51,1-0,White,<=5s vs 5-10s,883
IvmDfNBR,75,1-0,White,<=5s vs 5-10s,1584
O0JGGOID,87,1-0,White,<=5s vs 15-20s,1657
rbM0aYqP,68,0-1,Black,<=5s vs 5-10s,1146
zIaNeFB7,45,1-0,White,<=5s vs 10-15s,1064
7TJogo0W,65,1-0,White,<=5s vs 10-15s,2074
18IwA9uk,63,1-0,White,<=5s vs 10-15s,2134
TNM1pVd4,128,0-1,Black,<=5s vs 10-15s,2472
8ogZNdtD,67,1-0,White,<=5s vs 15-20s,1899
cKECi8Sb,81,1-0,White,<=5s vs 15-20s,1866
t9ev7P5p,45,1-0,White,<=5s vs <=5s,1153
6tYqtSep,150,1-0,Black,<=5s vs 5-10s,2402
eDsNmkHG,38,0-1,Black,<=5s vs 10-15s,905
Q7LUXpYF,84,1-0,Black,<=5s vs <=5s,2057
eM8uM761,54,0-1,Black,<=5s vs 10-15s,1632
sT8Q2KGI,64,1-0,Black,<=5s vs <=5s,1278
hYifsC4A,53,1-0,White,<=5s vs 15-20s,1810
6lpglIQf,65,1-0,White,<=5s vs 15-20s,1411
FA6WgFmu,54,0-1,Black,<=5s vs 15-20s,1299
kChptLJ1,63,1-0,White,<=5s vs 15-20s,1157
MQPIFdCZ,65,1-0,White,<=5s vs 10-15s,2173
L0rsLoqd,47,0-1,White,<=5s vs 5-10s,1107
OejMO5C6,87,1-0,White,<=5s vs <=5s,2459
mjLI6MVJ,83,0-1,White,<=5s vs 5-10s,1198
SutlKhji,149,1-0,White,<=5s vs <=5s,2332
0MT8bp3g,42,0-1,Black,<=5s vs 5-10s,1584
6X5Y0IYX,52,0-1,Black,<=5s vs <=5s,1216
XBONMzGc,38,0-1,Black,<=5s vs 10-15s,1207
1aS31lqI,117,1-0,White,<=5s vs 10-15s,2100
qO1jigHV,102,0-1,Black,<=5s vs 5-10s,2488
CD40Dkeq,55,1-0,White,<=5s vs 15-20s,1435
LR8yVv5E,82,0-1,Black,<=5s vs 10-15s,2452
F9qa7SIj,111,1-0,White,<=5s vs 10-15s,2102
3XTNSrxq,91,1-0,White,<=5s vs 15-20s,2192
Man1eTeS,91,1-0,White,<=5s vs 15-20s,2526
TRvezCSd,62,0-1,Black,<=5s vs 5-10s,1644
EC3Qy5ff,77,1-0,White,<=5s vs 5-10s,1815
UdSmDTpV,48,0-1,Black,<=5s vs 10-15s,1805
KxPoFD2T,49,1-0,White,<=5s vs 15-20s,1716
6ViM5cUh,52,0-1,Black,<=5s vs 15-20s,1387
FBcEV4i7,128,1-0,Black,<=5s vs <=5s,1730
TAZyTQ2j,87,1-0,White,<=5s vs 15-20s,1745
GI9Hg3T7,57,1-0,White,<=5s vs 5-10s,1862
R5BB4Ohe,119,1-0,White,<=5s vs 10-15s,2535
5yPOG6yX,53,1-0,White,<=5s vs 15-20s,2575
aBA051oJ,39,0-1,White,<=5s vs 10-15s,1286
fieXSEz2,54,0-1,Black,<=5s vs 15-20s,1162
4QyAlvG2,95,1-0,White,<=5s vs <=5s,1756
KoNn6540,54,0-1,Black,<=5s vs 10-15s,2028
4sLLfn7r,70,0-1,Black,<=5s vs 10-15s,2015
z2tiPCRm,68,0-1,Black,<=5s vs 5-10s,1716
OdqBUNN7,86,0-1,Black,<=5s vs 10-15s,2289
DGWz602Q,74,0-1,Black,<=5s vs 5-10s,1173
9PtwJMLs,77,0-1,White,<=5s vs <=5s,2519
GtY6ns8F,62,0-1,Black,<=5s vs 10-15s,1655
0sCmv6Mr,76,0-1,Black,<=5s vs 5-10s,2277
eIZMeZhk,66,0-1,Black,<=5s vs 5-10s,1669
YJXJFy1d,79,1-0,White,<=5s vs 10-15s,1427
BIo56RaW,71,1-0,White,<=5s vs 15-20s,1826
yGOKRp4q,72,0-1,Black,<=5s vs 5-10s,1447
1JAOlsWw,87,1-0,White,<=5s vs 10-15s,2399
nE2UaYBf,50,0-1,Black,<=5s vs 5-10s,1253
pCzN7HAJ,46,0-1,Black,<=5s vs 10-15s,1631
48w9zZa1,73,1-0,White,<=5s vs 10-15s,1963
VdPegPe8,78,0-1,Black,<=5s vs <=5s,2021
KKEkKb9C,74,1-0,Black,<=5s vs 5-10s,1505
Qhy6nswW,66,0-1,Black,<=5s vs 5-10s,1932
wlbTgpW7,81,0-1,White,<=5s vs 5-10s,1629
XIawRzr3,65,1-0,White,<=5s vs 10-15s,1593
FEuJO3TZ,66,0-1,Black,<=5s vs 5-10s,1912
w2gp8M5L,70,0-1,Black,<=5s vs 5-10s,1847
928QvgPD,59,0-1,White,<=5s vs 10-15s,2162
A8N3Y1xT,42,1-0,Black,<=5s vs 5-10s,1205
vdFZwilW,68,0-1,Black,<=5s vs 10-15s,1810
KeASzfq5,94,0-1,Black,<=5s vs 15-20s,1896
BmEtJguT,82,0-1,Black,<=5s vs 5-10s,1891
5TlqXyvR,91,1-0,White,<=5s vs 15-20s,2009
IVciSPh4,73,1-0,White,<=5s vs 5-10s,1414
4sc4Fanz,64,1-0,Black,<=5s vs <=5s,2007
JYkVCwll,97,1-0,White,<=5s vs 5-10s,2181
29EiwpEj,67,0-1,White,<=5s vs <=5s,1586
1B4je97a,69,0-1,White,<=5s vs 5-10s,2500
bXqImObR,108,0-1,Black,<=5s vs 10-15s,2538
jLJhrSKP,61,1-0,White,<=5s vs 10-15s,2242
vScfWHYo,54,0-1,Black,<=5s vs 5-10s,783
aJTvnzKC,82,1-0,Black,<=5s vs <=5s,2441
zlCKMu5g,82,0-1,Black,<=5s vs 5-10s,1563
0ibw2hNg,38,1-0,Black,<=5s vs 10-15s,1333
OTv4YNGc,89,1-0,White,<=5s vs 5-10s,2057
JxSB1xG1,70,0-1,Black,<=5s vs 5-10s,1835
m52OCcYs,83,0-1,White,<=5s vs 10-15s,1703
k3tUIjCt,57,1-0,White,<=5s vs 5-10s,2516
3Akm4S9g,62,0-1,Black,<=5s vs 10-15s,2335
l5ePu7yT,50,0-1,Black,<=5s vs 10-15s,1055
DAKy6wtm,51,1-0,White,<=5s vs 15-20s,839
iefzKLAO,67,0-1,White,<=5s vs 5-10s,1453
s4zZrXYk,52,0-1,Black,<=5s vs 10-15s,1380
1TLxrHTX,48,0-1,Black,<=5s vs 5-10s,1034
cIBmkwcw,124,0-1,Black,<=5s vs 5-10s,3019
DjjR2EYt,83,1-0,White,<=5s vs 5-10s,2676
HQuedw9z,67,1-0,White,<=5s vs 5-10s,1657
t131lJ9d,54,0-1,Black,<=5s vs 10-15s,1237
BjuKzv8g,86,1-0,Black,<=5s vs 5-10s,2496
TPgq9Di2,62,0-1,Black,<=5s vs 15-20s,2020
PngzdG0s,60,0-1,Black,<=5s vs 15-20s,2399
WcA3OBTy,53,1-0,White,<=5s vs 15-20s,1651
WUaY9oLr,65,1-0,White,<=5s vs 5-10s,1694
0lnjVuvV,91,1-0,White,<=5s vs 15-20s,2243
VPPFCJXW,63,1-0,White,<=5s vs 15-20s,1908
IsWvHZB9,60,0-1,Black,<=5s vs 5-10s,1743
sjp9mTJP,58,0-1,Black,<=5s vs 15-20s,1859
VO8lYpet,44,0-1,Black,<=5s vs 15-20s,1835
4DMLZxav,47,1-0,White,<=5s vs 5-10s,1218
efcuwXDI,58,1-0,Black,<=5s vs 10-15s,1890
L3aTc3xJ,99,1-0,White,<=5s vs 5-10s,2461
sdR9Ere9,80,0-1,Black,<=5s vs 5-10s,2665
vbskYCjB,52,0-1,Black,<=5s vs 10-15s,1532
NG4xKNr1,76,0-1,Black,<=5s vs <=5s,1477
SC5DfPbJ,58,0-1,Black,<=5s vs 5-10s,1328
0ybE5mXI,54,0-1,Black,<=5s vs 5-10s,727
8TFvb4Wc,98,1-0,Black,<=5s vs 5-10s,2642
cJ8LcZ1o,73,1-0,White,<=5s vs 10-15s,1622
kKRvVsKr,78,0-1,Black,<=5s vs 10-15s,1937
YgKt9XBc,77,1-0,White,<=5s vs 5-10s,1590
Rksmmixe,70,0-1,Black,<=5s vs 10-15s,1368
OwmpLus7,127,1-0,White,<=5s vs 15-20s,2517
oVn2d2uJ,82,0-1,Black,<=5s vs 5-10s,2214
GpIdjIfK,79,0-1,White,<=5s vs <=5s,2463
Ihls5Yqk,54,1-0,Black,<=5s vs <=5s,1118
zdH0ABlR,72,0-1,Black,<=5s vs 10-15s,2120
ST8eG3jz,86,0-1,Black,<=5s vs 5-10s,2185
ZEigRhTx,138,0-1,Black,<=5s vs 15-20s,1891
EXwRR35s,58,0-1,Black,<=5s vs 10-15s,1861
IeZwMMAY,51,1-0,White,<=5s vs 15-20s,1237
Dl6VNREN,111,1/2-1/2,White,<=5s vs 15-20s,2374
90jA7HTf,101,1-0,White,<=5s vs <=5s,2272
JOVNya0o,66,1-0,Black,<=5s vs 5-10s,1826
NjiPcpOI,95,1/2-1/2,White,<=5s vs 10-15s,1985
qxFcXVJK,74,0-1,Black,<=5s vs <=5s,1238
ZspNzCg7,47,1-0,White,<=5s vs 15-20s,1140
1USSL9jT,132,1/2-1/2,Black,<=5s vs 5-10s,1981
zs81mGSK,77,0-1,White,<=5s vs 5-10s,2013
NEmMzHQN,49,1-0,White,<=5s vs 15-20s,645
qWyqqnk1,59,1-0,White,<=5s vs 5-10s,1490
zi24H4Az,71,1-0,White,<=5s vs 5-10s,1726
w8toWmP1,74,0-1,Black,<=5s vs 5-10s,2118
KUIg2d5O,81,0-1,White,<=5s vs <=5s,1790
VbdVumw5,40,1-0,Black,<=5s vs 10-15s,847
NnLFwf40,100,1/2-1/2,Black,<=5s vs 10-15s,1956
VK7FOEhZ,63,1-0,White,<=5s vs 15-20s,1956
6Umsaegk,92,0-1,Black,<=5s vs 5-10s,2482
EiZCcAmV,73,0-1,White,<=5s vs 5-10s,2201
WUR8QqTk,64,0-1,Black,<=5s vs 5-10s,1287
7IHULsPD,47,1-0,White,<=5s vs 15-20s,2052
MuHmodb9,71,1-0,White,<=5s vs 10-15s,2541
MB7D9CwH,49,1-0,White,<=5s vs 15-20s,1354
69s8cW0t,67,1-0,White,<=5s vs 5-10s,1243
jMn4GWYZ,39,1-0,White,<=5s vs 5-10s,793
JaKo6hxR,108,0-1,Black,<=5s vs 10-15s,2256
a2BqncoH,110,0-1,Black,<=5s vs 10-15s,2366
Mzy3FmAA,52,1-0,Black,<=5s vs 5-10s,968
jehEeNtm,74,0-1,Black,<=5s vs 5-10s,2228
MymDSqce,58,0-1,Black,<=5s vs <=5s,1133
kZoNdzZE,104,0-1,Black,<=5s vs 5-10s,2175
YcmScmeK,82,1-0,Black,<=5s vs <=5s,1954
aJmUl4bP,68,0-1,Black,<=5s vs 10-15s,1079
diFoMoNn,91,1-0,White,<=5s vs 5-10s,1780
zOKZzYqO,72,0-1,Black,<=5s vs 10-15s,2084
ZHkl5EP8,60,0-1,Black,<=5s vs 5-10s,1974
qHYFGR7r,104,1-0,Black,<=5s vs <=5s,2493
M8ge0m5D,86,1-0,Black,<=5s vs <=5s,1783
h6LEXQs1,58,0-1,Black,<=5s vs 5-10s,1572
ftMNFS6C,50,0-1,Black,<=5s vs 15-20s,2323
3HLOVgIk,74,1-0,Black,<=5s vs <=5s,1899
pTBDZDDW,51,1-0,White,<=5s vs 5-10s,1371
q4fie8Qh,83,1-0,White,<=5s vs 5-10s,2351
wc9EX1B6,68,0-1,Black,<=5s vs 5-10s,1862
CPIxPFSB,53,1-0,White,<=5s vs 15-20s,1542
6Yjb2AcP,65,1-0,White,<=5s vs 5-10s,1915
otm4Oxkt,74,0-1,Black,<=5s vs 5-10s,1608
LeyuIPiy,71,1-0,White,<=5s vs 10-15s,2295
FZSim2w4,85,1-0,White,<=5s vs 15-20s,1903
HNgwBnxX,83,1-0,White,<=5s vs 10-15s,1474
i4QXj3eB,70,0-1,Black,<=5s vs 10-15s,1957
8nj4C0U0,77,1-0,White,<=5s vs 5-10s,1777
xSFKk5Xx,70,0-1,Black,<=5s vs 10-15s,1729
cwij0u77,83,1-0,White,<=5s vs 15-20s,1933
b8pmK991,57,0-1,White,<=5s vs 10-15s,1771
XejgpBaE,82,1-0,Black,<=5s vs <=5s,1928
sz4LKA6t,102,0-1,Black,<=5s vs 10-15s,2725
GYlMeJoG,60,0-1,Black,<=5s vs 15-20s,1729
H5DRatGj,90,0-1,Black,<=5s vs 15-20s,2312
NVODQ7Nf,78,1-0,Black,<=5s vs 5-10s,2514
I9Pw73v5,66,0-1,Black,<=5s vs 5-10s,1958
8ZwfWWfX,70,0-1,Black,<=5s vs 15-20s,1529
6cSyHiUF,83,1/2-1/2,White,<=5s vs <=5s,2013
6gdEafXI,66,0-1,Black,<=5s vs 5-10s,1699
DYnNdv7D,97,0-1,White,<=5s vs <=5s,1541
HJnoGzqY,76,1-0,Black,<=5s vs <=5s,2734
QAUyCthV,73,1-0,White,<=5s vs 10-15s,2172
orLiGuZ6,96,0-1,Black,<=5s vs 5-10s,2128
rfcTv9b4,123,1-0,White,<=5s vs 15-20s,1802
mWvBDgZE,56,0-1,Black,<=5s vs 15-20s,1661
cdXgC2Cc,50,0-1,Black,<=5s vs 10-15s,1090
2OguDNe3,73,1-0,White,<=5s vs 5-10s,2537
OA0PMliu,92,0-1,Black,<=5s vs <=5s,2222
7pI4RHMK,90,1-0,Black,<=5s vs 5-10s,2292
dGtSYLkz,64,0-1,Black,<=5s vs 10-15s,2169
ZXZQ3VmH,67,1-0,White,<=5s vs 15-20s,1831
7PCyib1U,47,1-0,White,<=5s vs 10-15s,1609
8uQd5unY,41,1-0,White,<=5s vs 5-10s,658
Efl2nrv4,104,0-1,Black,<=5s vs 10-15s,2253
CJeeFPxQ,89,1-0,White,<=5s vs 15-20s,2894
jjFN72Fr,74,0-1,Black,<=5s vs 5-10s,2036
ODPLyfDk,71,1-0,White,<=5s vs <=5s,1849
3pmIkRPy,50,0-1,Black,<=5s vs 15-20s,2061
4eA0MmPQ,87,1-0,White,<=5s vs 5-10s,2261
SWzzeLyC,114,0-1,Black,<=5s vs 15-20s,2230
CayzPtAu,66,0-1,Black,<=5s vs 10-15s,2038
JWQc9kcz,62,0-1,Black,<=5s vs <=5s,2297
XUL3qNaw,51,1-0,White,<=5s vs 5-10s,1634
hy5gI291,53,1-0,White,<=5s vs 10-15s,1442
2vNaD7uX,70,1-0,Black,<=5s vs <=5s,2473
4bAFaliR,144,1/2-1/2,Black,<=5s vs 10-15s,1894
Zfin0GGl,68,0-1,Black,<=5s vs 5-10s,2081
HAor3LD1,58,0-1,Black,<=5s vs 10-15s,1261
nyfJKMmw,50,0-1,Black,<=5s vs 10-15s,2248
1W7bLJPp,90,0-1,Black,<=5s vs 10-15s,2317
e35S8gEm,135,0-1,White,<=5s vs <=5s,2071
eTgMXX8e,105,1-0,White,<=5s vs 15-20s,2647
oRPiQMpL,75,1-0,White,<=5s vs 5-10s,2163
KaqjduDI,57,0-1,White,<=5s vs 5-10s,1145
Icebyjuj,42,0-1,Black,<=5s vs 15-20s,1055
u20E5Lu8,62,0-1,Black,<=5s vs 10-15s,987
0bHDneEd,103,0-1,White,<=5s vs <=5s,2078
YPNNSW55,57,1-0,White,<=5s vs 15-20s,1222
pUgZTis7,76,0-1,Black,<=5s vs 15-20s,2053
pE0LhzJl,72,0-1,Black,<=5s vs 15-20s,1457
AzcjnI7u,75,1-0,White,<=5s vs <=5s,1246
pLqY1qN3,119,1-0,White,<=5s vs 15-20s,2436
a6IfxN8S,46,0-1,Black,<=5s vs 10-15s,1145
1yQMbNgP,67,1-0,White,<=5s vs 5-10s,2143
tJJB6Dmb,49,1-0,White,<=5s vs 5-10s,1390
8Owv7IoM,57,0-1,White,<=5s vs 5-10s,1376
087sqbyE,60,0-1,Black,<=5s vs 15-20s,1832
792Zi33Z,69,1-0,White,<=5s vs <=5s,2252
WULLotW7,48,0-1,Black,<=5s vs 10-15s,688
79GGBaPM,73,1-0,White,<=5s vs 5-10s,1246
67CW9qhv,67,1-0,White,<=5s vs 10-15s,1746
Ca3twumA,76,0-1,Black,<=5s vs 5-10s,1111
8OQlMnkT,69,1-0,White,<=5s vs 10-15s,2096
7WH3XE29,60,0-1,Black,<=5s vs 15-20s,1362
6Ckm7OF0,94,1-0,Black,<=5s vs <=5s,1980
GYZ4cjf2,54,1-0,Black,<=5s vs <=5s,1196
hxqXvGya,158,1-0,Black,<=5s vs 15-20s,1699
ueckylrh,89,0-1,White,<=5s vs <=5s,1438
cKqqEcBv,74,0-1,Black,<=5s vs 10-15s,1814
fmcvFlpL,45,1-0,White,<=5s vs 15-20s,1306
Q2sB04TZ,62,0-1,Black,<=5s vs 15-20s,1664
Rycmx1cT,59,1-0,White,<=5s vs 15-20s,1443
c4XXbGbm,84,0-1,Black,<=5s vs <=5s,888
qdZit71d,62,1-0,Black,<=5s vs <=5s,1460
hb5eqCYL,59,1-0,White,<=5s vs 10-15s,1773
YiEG15rZ,96,0-1,Black,<=5s vs 5-10s,1609
9kAT7Alf,61,1-0,White,<=5s vs 15-20s,1328
GCzcBabq,72,0-1,Black,<=5s vs 10-15s,2617
sVL06Gcb,117,1-0,White,<=5s vs 5-10s,2497
18nCQ2fl,52,0-1,Black,<=5s vs <=5s,1180
cdNEcXeW,124,1/2-1/2,Black,<=5s vs 5-10s,2132
TPtkixfc,56,0-1,Black,<=5s vs 15-20s,2319
G0Z9niYx,65,1-0,White,<=5s vs 5-10s,1680
c5iGrSfI,133,1-0,White,<=5s vs 10-15s,2128
GACbFqog,65,0-1,White,<=5s vs 5-10s,1875
7vmLw7ao,89,0-1,White,<=5s vs <=5s,1196
PFet3dB6,130,1-0,Black,<=5s vs 5-10s,1981
vnlhrjqK,112,0-1,Black,<=5s vs 5-10s,2115
1A8brGp9,64,0-1,Black,<=5s vs 5-10s,1953
C6BtU77K,135,1/2-1/2,White,<=5s vs 10-15s,2608
n3Scp3gT,66,0-1,Black,<=5s vs 10-15s,1654
GxvxqzmI,65,1-0,White,<=5s vs 10-15s,2031
WttGBChp,97,0-1,White,<=5s vs <=5s,1862
Guoc33hp,54,1-0,Black,<=5s vs <=5s,1150
0n2C8NG8,78,1-0,Black,<=5s vs 5-10s,2467
pIHCu0P4,125,1-0,White,<=5s vs 10-15s,1931
UtiBNJgi,59,1-0,White,<=5s vs 5-10s,1494
KWSP2pP5,67,1-0,White,<=5s vs 15-20s,1612
owBhMPNH,82,0-1,Black,<=5s vs <=5s,1602
TAJhUlQz,116,0-1,Black,<=5s vs <=5s,3141
Fu6Ycx8b,75,0-1,White,<=5s vs <=5s,1776
wCeKemsS,57,1-0,White,<=5s vs 10-15s,1580
YnzMXQGC,95,1/2-1/2,White,<=5s vs 10-15s,1671
V0qC8TUO,66,0-1,Black,<=5s vs 5-10s,1766
NL0hAnSu,67,1-0,White,<=5s vs <=5s,2339
4d1O8WKm,47,1-0,White,<=5s vs 5-10s,720
9Q4xy9Nn,99,1-0,White,<=5s vs 15-20s,1756
PSPoXryy,56,0-1,Black,<=5s vs 10-15s,1961
qWfcyepW,102,0-1,Black,<=5s vs 5-10s,2235
99lAOlMg,59,0-1,White,<=5s vs 5-10s,1198
ErWxvMEn,44,1-0,Black,<=5s vs 5-10s,1013
1XlusmLA,73,1-0,White,<=5s vs 15-20s,2422
Fl27jSfK,65,1-0,White,<=5s vs 15-20s,1626
9ynovcGe,64,0-1,Black,<=5s vs 15-20s,1400
rNy3t1Te,45,1-0,White,<=5s vs 5-10s,1181
INAmde4t,95,1-0,White,<=5s vs 15-20s,2044
XoDcWvqR,84,1-0,Black,<=5s vs <=5s,1600
whdQl2Ry,73,1-0,White,<=5s vs 5-10s,1715
luKfVwrW,62,0-1,Black,<=5s vs 10-15s,1549
U5xaToSi,78,0-1,Black,<=5s vs <=5s,1671
ZhR6ZFy1,65,1-0,White,<=5s vs 15-20s,1974
vRxRnb5V,51,1-0,White,<=5s vs 15-20s,1374
UjO2mkKx,81,1-0,White,<=5s vs 5-10s,2462
jdYshxP9,51,0-1,White,<=5s vs 10-15s,1720
JYtAMAcG,104,1-0,Black,<=5s vs 5-10s,1549
XvMiESSV,54,0-1,Black,<=5s vs 5-10s,1699
Xy18QUI4,71,1-0,White,<=5s vs 15-20s,2435
VMU2IJpj,81,1/2-1/2,White,<=5s vs 15-20s,2417
w9cfgcM5,50,0-1,Black,<=5s vs 5-10s,1249
wZs6hG5x,92,0-1,Black,<=5s vs <=5s,1598
33lt5Eok,113,0-1,White,<=5s vs 5-10s,2505
4An1R3pO,76,0-1,Black,<=5s vs 15-20s,1569
ZuTSgErl,69,0-1,White,<=5s vs 5-10s,1921
b4kZjeml,60,0-1,Black,<=5s vs 15-20s,2057
3JoqtaBE,77,1-0,White,<=5s vs 10-15s,1275
DH6F28Wx,66,0-1,Black,<=5s vs 5-10s,1838
CL4q7hjZ,51,1-0,White,<=5s vs 5-10s,1156
aESqasT4,125,0-1,White,<=5s vs <=5s,1544
M6o7QKkB,113,1-0,White,<=5s vs 5-10s,2491
TEIDjQGL,81,1-0,White,<=5s vs 5-10s,1748
pMCX7MpX,63,1-0,White,<=5s vs 5-10s,1594
EoKuZ1le,88,1-0,Black,<=5s vs <=5s,1870
Yy6W7572,60,0-1,Black,<=5s vs 15-20s,2175
BjSZmN9Q,111,1-0,White,<=5s vs <=5s,2470
H4r2UWly,79,1-0,White,<=5s vs 15-20s,3116
UjPBjBzi,119,1-0,White,<=5s vs 10-15s,2462
kiJHYGyk,79,1-0,White,<=5s vs 15-20s,1070
GWQO6kf5,87,0-1,White,<=5s vs 10-15s,2794
1jd0eqyh,66,0-1,Black,<=5s vs 5-10s,1083
4n9aAkVx,64,0-1,Black,<=5s vs 5-10s,998
jnPAWgE7,71,1-0,White,<=5s vs 15-20s,1634
sdX8zhsQ,68,0-1,Black,<=5s vs 5-10s,1370
9faOkLpj,89,1-0,White,<=5s vs 5-10s,2376
dbEvS30u,107,1-0,White,<=5s vs 5-10s,2082
ywc1AEiU,64,1-0,Black,<=5s vs 5-10s,2144
hLp15C2H,73,1-0,White,<=5s vs 15-20s,2105
hA2n1ZbI,49,1-0,White,<=5s vs 15-20s,1005
3SDldjPF,79,1-0,White,<=5s vs 10-15s,1815
tteRAGYv,89,1-0,White,<=5s vs <=5s,1124
0n0dnj2i,62,0-1,Black,<=5s vs 15-20s,2693
7EqXuYOg,83,1-0,White,<=5s vs 10-15s,2883
59GcExFM,108,0-1,Black,<=5s vs 5-10s,2236
Chjj6Bf4,46,0-1,Black,<=5s vs 15-20s,1193
TfhTd2SK,106,0-1,Black,<=5s vs 10-15s,2994
zq85MOTK,75,1-0,White,<=5s vs 5-10s,1200
dVjKHvzo,37,1-0,White,<=5s vs 10-15s,1048
2UPezVTL,60,0-1,Black,<=5s vs 10-15s,1707
NyV9ghva,80,0-1,Black,<=5s vs 5-10s,1801
IWEzxKTD,106,0-1,Black,<=5s vs 5-10s,2242
ZD75qwOY,106,1-0,Black,<=5s vs <=5s,2130
CzXVoFmo,61,1-0,White,<=5s vs 15-20s,1870
n0pC9InP,77,1-0,White,<=5s vs 15-20s,2611
8eI0SXLG,55,1-0,White,<=5s vs 15-20s,1588
zvCDiLsR,64,0-1,Black,<=5s vs 5-10s,1165
yXZ3qy7M,58,0-1,Black,<=5s vs 15-20s,2069
oYZkbpeS,71,1-0,White,<=5s vs 10-15s,1426
0Ki8tWCl,60,0-1,Black,<=5s vs 5-10s,1500
9eZhl7gx,68,0-1,Black,<=5s vs 10-15s,1980
BfIZFhY2,73,1-0,White,<=5s vs 15-20s,2311
LUdC7exB,75,1-0,White,<=5s vs 5-10s,1826
hXnQG3Xv,61,1-0,White,<=5s vs 15-20s,1579
ebIlgXB6,72,0-1,Black,<=5s vs <=5s,1249
6uaZotbT,124,0-1,Black,<=5s vs 5-10s,2242
NqV7Ui0n,78,0-1,Black,<=5s vs <=5s,2643
aOflg9Qz,60,0-1,Black,<=5s vs 15-20s,1202
5lhivGbh,47,0-1,White,<=5s vs 10-15s,1153
tS6MYk9h,81,1-0,White,<=5s vs <=5s,1109
Mhk37cPS,97,1/2-1/2,White,<=5s vs 5-10s,2143
ZqHJERh6,52,0-1,Black,<=5s vs 5-10s,1434
Dp9t20wM,54,0-1,Black,<=5s vs 15-20s,1033
3VfNvRqY,49,1-0,White,<=5s vs 15-20s,1915
ubNgfmBN,117,1-0,White,<=5s vs 15-20s,2351
IzNziZ89,74,0-1,Black,<=5s vs 10-15s,1673
E1xoh793,63,1-0,White,<=5s vs 5-10s,1044
H7jREhn6,98,1/2-1/2,Black,<=5s vs 10-15s,2213
TVS7U6Uo,54,0-1,Black,<=5s vs 10-15s,2028
lgZ7TX0W,63,1-0,White,<=5s vs 10-15s,1412
joU3PXhd,70,0-1,Black,<=5s vs 5-10s,1096
E1kMKtMY,63,1-0,White,<=5s vs 15-20s,2606
s248EMZO,94,0-1,Black,<=5s vs 5-10s,2268
MKlTnWb4,61,0-1,White,<=5s vs 15-20s,1980
ACc2mv0L,75,1-0,White,<=5s vs 5-10s,2569
llwlefAp,63,1-0,White,<=5s vs 10-15s,1661
AyPuujWB,62,0-1,Black,<=5s vs 15-20s,1834
bzFo2Vju,65,1-0,White,<=5s vs 5-10s,1434
KYvnzCln,68,0-1,Black,<=5s vs 5-10s,2285
WzYRpG0w,60,0-1,Black,<=5s vs 10-15s,927
ASonylw6,72,0-1,Black,<=5s vs 15-20s,1981
qPPKywri,98,0-1,Black,<=5s vs 10-15s,2276
1rx7Zo3b,46,1-0,Black,<=5s vs 10-15s,1367
XTsba1pp,65,1-0,White,<=5s vs 15-20s,1718
Qq1BOcXf,91,1-0,White,<=5s vs 5-10s,2711
bvhiB2nP,64,0-1,Black,<=5s vs 10-15s,1800
qvf0Zbic,78,0-1,Black,<=5s vs 15-20s,2068
j0QBhMOF,93,1-0,White,<=5s vs 5-10s,1741
QafVC83k,36,0-1,Black,<=5s vs 10-15s,1059
WD2qcjDC,102,1/2-1/2,Black,<=5s vs 5-10s,2468
EzLlPalp,61,1-0,White,<=5s vs <=5s,1461
9yozwzlZ,86,0-1,Black,<=5s vs 5-10s,1817
Vi8be1kL,58,0-1,Black,<=5s vs 10-15s,1946
YTX6Bu88,57,1-0,White,<=5s vs 5-10s,1839
kKjIy1O2,76,0-1,Black,<=5s vs 10-15s,2662
DPji4rfX,100,0-1,Black,<=5s vs <=5s,1880
n4SNXDIU,99,1-0,White,<=5s vs 5-10s,1973
M6Z5Jo6q,54,0-1,Black,<=5s vs 5-10s,1432
6zYdBNPW,92,0-1,Black,<=5s vs 10-15s,1754
IR5Dgrp9,79,0-1,White,<=5s vs 5-10s,2092
zuDK9bRD,100,0-1,Black,<=5s vs 5-10s,2416
ezYmFa40,85,1-0,White,<=5s vs 10-15s,1994
ui3dqdNS,132,1/2-1/2,Black,<=5s vs 15-20s,2207
SvTJwtfD,67,1-0,White,<=5s vs 15-20s,2545
R0wp1UL5,70,0-1,Black,<=5s vs 5-10s,1753
EDmYZGqY,68,0-1,Black,<=5s vs 10-15s,2145
31n5UYUA,65,1-0,White,<=5s vs 15-20s,2043
EZteBRj1,82,0-1,Black,<=5s vs 5-10s,2052
8JOkOX5w,92,0-1,Black,<=5s vs 5-10s,2506
1hpCauu6,60,0-1,Black,<=5s vs 5-10s,1834
6csetCfT,58,1-0,Black,<=5s vs 10-15s,1887
IQmIJP9H,45,1-0,White,<=5s vs 10-15s,1255
0r9N8vRA,66,0-1,Black,<=5s vs 15-20s,1287
TBTeu4qu,80,1-0,Black,<=5s vs 10-15s,1861
BzJNtDXN,57,0-1,White,<=5s vs 10-15s,1112
e9J20jso,65,1-0,White,<=5s vs 10-15s,1365
KP7hfFTL,50,0-1,Black,<=5s vs 15-20s,1421
O1VOGsDf,140,0-1,Black,<=5s vs 15-20s,2202
IiraUlAz,76,0-1,Black,<=5s vs 10-15s,1630
xCB2T5Jk,44,0-1,Black,<=5s vs 10-15s,1360
eNPigZo7,125,1-0,White,<=5s vs 10-15s,1697
jo8u0Ff6,95,1-0,White,<=5s vs 5-10s,2013
Zp7Hb33A,129,1-0,White,<=5s vs <=5s,1845
3Q1HR9Gc,56,0-1,Black,<=5s vs 15-20s,1360
MTP5Lnu7,88,0-1,Black,<=5s vs 15-20s,2513
JwfuXLcx,65,0-1,White,<=5s vs 5-10s,1087
jLucl5pU,57,1-0,White,<=5s vs 10-15s,1749
E4bJkvMX,96,0-1,Black,<=5s vs 15-20s,1790
4ojXrtOk,67,1-0,White,<=5s vs 10-15s,1479
5fISDG50,58,0-1,Black,<=5s vs 10-15s,1464
z6SVWDPn,61,1-0,White,<=5s vs 10-15s,1546
QOI5J7FE,61,1-0,White,<=5s vs 15-20s,957
EJF4pvZp,83,1/2-1/2,White,<=5s vs 10-15s,1827
87wn4VCd,60,0-1,Black,<=5s vs <=5s,1859
okoZpiZh,72,0-1,Black,<=5s vs 15-20s,2592
EfLpC2hL,63,0-1,White,<=5s vs 5-10s,2019
PioutGEN,68,1-0,Black,<=5s vs 5-10s,2354
OeW7prRy,87,1-0,White,<=5s vs 15-20s,2144
qhxYjbXb,36,0-1,Black,<=5s vs 15-20s,977
HyBQh48i,81,1-0,White,<=5s vs 5-10s,1715
cEdlf8sZ,91,1-0,White,<=5s vs 5-10s,1853
piha25fc,93,0-1,White,<=5s vs <=5s,2224
Al6rirIz,90,0-1,Black,<=5s vs <=5s,2617
7ueeYUyV,80,1-0,Black,<=5s vs <=5s,1277
Qq597fHE,94,0-1,Black,<=5s vs 5-10s,2842
xNyshXsr,61,1-0,White,<=5s vs 10-15s,1338
1eFJwG0c,70,0-1,Black,<=5s vs 10-15s,1854
Xwe5TcSb,57,1-0,White,<=5s vs 10-15s,2176
MfCvPI8F,93,1-0,White,<=5s vs 10-15s,2085
xfP2Fhhv,63,1-0,White,<=5s vs 10-15s,1606
gVl1crI3,106,0-1,Black,<=5s vs <=5s,1826
3mTOOqcy,87,1-0,White,<=5s vs 10-15s,1136
gVOJhzlc,61,1-0,White,<=5s vs 5-10s,1645
2sFSEhIA,80,0-1,Black,<=5s vs 10-15s,2627
KLwlSjmZ,82,0-1,Black,<=5s vs 5-10s,2323
WHf0bf6q,57,1-0,White,<=5s vs 15-20s,1398
2HYeyy6h,57,1-0,White,<=5s vs 15-20s,2164
JDi1Cwuq,84,0-1,Black,<=5s vs 15-20s,2008
b9Sqv3jB,100,1/2-1/2,Black,<=5s vs 5-10s,1869
UAhnJME1,72,1-0,Black,<=5s vs <=5s,1295
XuwNMgAw,51,0-1,White,<=5s vs 5-10s,1016
8SSMWLNb,82,0-1,Black,<=5s vs 5-10s,1886
iKg68SDA,58,0-1,Black,<=5s vs <=5s,1096
C2LgFJy6,58,0-1,Black,<=5s vs 10-15s,1171
CqabjDu8,81,0-1,White,<=5s vs <=5s,1291
fCHndB7Z,126,1/2-1/2,Black,<=5s vs 15-20s,1548
JfNUYn5f,55,0-1,White,<=5s vs 5-10s,915
PP72X2e6,69,1-0,White,<=5s vs 15-20s,1625
4ofuYGXg,72,0-1,Black,<=5s vs 5-10s,1783
A36yvQb4,105,1-0,White,<=5s vs 15-20s,2529
R1FRVk7G,64,0-1,Black,<=5s vs 10-15s,1452
0o5WsJsZ,67,0-1,White,<=5s vs 10-15s,2328
4WN09Y80,80,0-1,Black,<=5s vs 15-20s,2272
wCarbHet,48,0-1,Black,<=5s vs 15-20s,1368
3sUANrnY,108,1/2-1/2,Black,<=5s vs 15-20s,1976
val83o6A,68,0-1,Black,<=5s vs 15-20s,1890
g82i7cin,45,1-0,White,<=5s vs 10-15s,1116
9XWlGUx5,120,0-1,Black,<=5s vs 15-20s,1253
zWj8LQ1r,64,0-1,Black,<=5s vs 10-15s,1216
4nQiTXzk,52,0-1,Black,<=5s vs 5-10s,2059
VMVWrIzb,91,1/2-1/2,White,<=5s vs 5-10s,2191
QjB4ssoc,75,1-0,White,<=5s vs 15-20s,2151
CdTzOArh,153,1/2-1/2,White,<=5s vs 10-15s,2005
TNfxihLo,69,1-0,White,<=5s vs 5-10s,1903
0PVHP65w,66,1-0,Black,<=5s vs <=5s,1280
Wsx4j39X,54,0-1,Black,<=5s vs 5-10s,1429
pCA4ulHb,67,0-1,White,<=5s vs <=5s,1266
OlO4teyN,81,1-0,White,<=5s vs 15-20s,2030
XYV53eEK,95,1-0,White,<=5s vs 5-10s,2122
IKDDuSxD,55,1-0,White,<=5s vs 15-20s,1473
5Z9Kd5dD,69,1-0,White,<=5s vs 10-15s,2400
hFWAdiP7,60,0-1,Black,<=5s vs 10-15s,1102
PyUMsjKh,97,0-1,White,<=5s vs 15-20s,2269
ZRZQ7D9I,76,1-0,Black,<=5s vs <=5s,1407
YkciUw9e,68,0-1,Black,<=5s vs 15-20s,1968
8jBce253,72,1-0,Black,<=5s vs <=5s,1875
SFw9y112,50,0-1,Black,<=5s vs 15-20s,1112
01fyHSUq,116,1-0,Black,<=5s vs <=5s,2412
VmDFHOuV,92,0-1,Black,<=5s vs 5-10s,2141
LRcjQPkZ,69,1-0,White,<=5s vs 10-15s,1728
PiQ5ujWQ,59,1-0,White,<=5s vs 10-15s,1232
fpfYeAJZ,70,1-0,Black,<=5s vs 10-15s,2020
nVZJiYYq,51,1-0,White,<=5s vs <=5s,1323
Q3oOewGi,87,1-0,White,<=5s vs 5-10s,1591
KyOqaHNR,47,1-0,White,<=5s vs 15-20s,1251
bzFGm2Lh,54,0-1,Black,<=5s vs 15-20s,1457
6mkGWgCo,130,1/2-1/2,Black,<=5s vs 5-10s,1838
NC4YFakx,94,0-1,Black,<=5s vs 15-20s,2541
TXWENeAw,117,1-0,White,<=5s vs 15-20s,2422
oecOcbDt,54,0-1,Black,<=5s vs 5-10s,1693
1C0MZ4rm,55,1-0,White,<=5s vs 10-15s,1408
gaQV7z1T,74,0-1,Black,<=5s vs 10-15s,1564
e7qq8aQU,38,1-0,Black,<=5s vs 15-20s,1820
JJL5XxF6,71,1-0,White,<=5s vs 10-15s,1203
M8CXiQWk,65,1-0,White,<=5s vs 10-15s,1834
Zj4cwLgC,80,0-1,Black,<=5s vs 5-10s,1810
CS8496cH,67,1-0,White,<=5s vs 15-20s,1776
E8D8suhB,81,1-0,White,<=5s vs 5-10s,1766
hkkaE7no,72,0-1,Black,<=5s vs 10-15s,1651
TFIrZAg8,80,0-1,Black,<=5s vs 5-10s,2520
NTZElnb1,54,0-1,Black,<=5s vs 5-10s,1739
LzjWwmkB,66,1-0,Black,<=5s vs 5-10s,1783
6cmrwoKk,51,1-0,White,<=5s vs 5-10s,1500
30bo8qUq,61,1-0,White,<=5s vs 10-15s,1367
u1715N4g,112,0-1,Black,<=5s vs 5-10s,1901
Q1gQpxzw,78,1-0,Black,<=5s vs <=5s,2076
r5hGBas9,77,1-0,White,<=5s vs 10-15s,2533
pUGPd56L,73,1-0,White,<=5s vs <=5s,1668
498auGQo,61,1-0,White,<=5s vs 10-15s,1760
vJft136G,129,1/2-1/2,White,<=5s vs 5-10s,2740
leg5QZF5,59,1-0,White,<=5s vs 10-15s,1568
AIvCYiIF,81,1-0,White,<=5s vs 5-10s,2034
ZiFhtZYs,44,0-1,Black,<=5s vs 15-20s,1475
tCxq68eZ,79,1-0,White,<=5s vs 10-15s,2424
OgaGMPKB,85,1-0,White,<=5s vs 10-15s,2056
ficOSor7,129,0-1,White,<=5s vs 5-10s,2027
JTzIvQr6,87,0-1,White,<=5s vs <=5s,1599
yW7m7k4C,92,0-1,Black,<=5s vs 10-15s,2023
PWtHlbcv,81,0-1,White,<=5s vs 5-10s,2209
xV1qsJcV,77,1-0,White,<=5s vs 5-10s,1638
yaEMfDff,86,0-1,Black,<=5s vs 5-10s,2145
ueQi0NWY,69,1-0,White,<=5s vs 15-20s,1638
UlxP813r,76,0-1,Black,<=5s vs 5-10s,2563
6GutqIoa,63,1-0,White,<=5s vs 10-15s,1870
LF7WO9xJ,43,1-0,White,<=5s vs 10-15s,1401
CNQaL5qF,68,0-1,Black,<=5s vs 5-10s,1764
iNtiMKym,188,1/2-1/2,Black,<=5s vs 15-20s,1945
6I94C7tc,64,0-1,Black,<=5s vs <=5s,1590
iolVXkQ2,68,0-1,Black,<=5s vs 10-15s,2024
swY6LP8Q,56,0-1,Black,<=5s vs 10-15s,1657
4nv091r5,55,1-0,White,<=5s vs 10-15s,1980
h9DQFagk,95,1-0,White,<=5s vs 15-20s,2327
6Cf7VzCN,67,1-0,White,<=5s vs 5-10s,1856
kPrqAuQr,36,0-1,Black,<=5s vs 15-20s,976
3MMsi4XB,88,1/2-1/2,Black,<=5s vs 15-20s,2632
gXuvMJy8,76,0-1,Black,<=5s vs 5-10s,2034
2J57Oiin,63,1-0,White,<=5s vs 15-20s,1638
1Lb34z9p,71,1-0,White,<=5s vs 5-10s,1330
HOPzW9Ye,71,1-0,White,<=5s vs 5-10s,1319
uYUvmJSB,42,0-1,Black,<=5s vs 5-10s,914
Ia5W9dQF,83,1-0,White,<=5s vs 5-10s,2080
Vz7uINYl,93,0-1,White,<=5s vs <=5s,2841
akrJbpt2,57,1-0,White,<=5s vs 10-15s,977
MetuejiG,104,0-1,Black,<=5s vs 5-10s,2612
2Ni1y86k,93,1-0,White,<=5s vs 5-10s,2281
2J0T3mL8,62,0-1,Black,<=5s vs 10-15s,1577
187ZlIoR,51,1-0,White,<=5s vs 5-10s,1376
75VFtxvh,63,1-0,White,<=5s vs 10-15s,1649
Heyaw8yy,78,0-1,Black,<=5s vs 15-20s,2095
eiG81n3Y,70,0-1,Black,<=5s vs 15-20s,1491
jXyFsXFE,63,1-0,White,<=5s vs 5-10s,1086
uVhITJMR,66,0-1,Black,<=5s vs 15-20s,2054
OB4DcBLe,64,0-1,Black,<=5s vs 15-20s,2159
B60CvOXQ,55,1-0,White,<=5s vs 10-15s,1591
rwQFn4V6,121,1-0,White,<=5s vs 5-10s,2154
RJR3GcYQ,79,1-0,White,<=5s vs 5-10s,1839
2BNm2QVj,61,1-0,White,<=5s vs 5-10s,1554
NXIg5xLV,92,0-1,Black,<=5s vs 15-20s,2410
X93ZjPsa,63,0-1,White,<=5s vs 5-10s,2464
crayu7Em,71,0-1,White,<=5s vs 5-10s,2218
WKzDqIgj,71,1-0,White,<=5s vs 5-10s,1895
uGzLkLM6,61,1-0,White,<=5s vs 5-10s,1370
R1OgLXFi,112,0-1,Black,<=5s vs 10-15s,2442
bX0WA393,102,0-1,Black,<=5s vs 10-15s,1799
vLV5X5gT,73,1-0,White,<=5s vs 5-10s,1375
DioLE7np,57,1-0,White,<=5s vs 10-15s,1754
AdQ3jxIW,65,1-0,White,<=5s vs 5-10s,1816
a7P1GTb9,70,0-1,Black,<=5s vs 5-10s,1284
YLgFaWwS,46,0-1,Black,<=5s vs 15-20s,1152
jphJWnos,65,1-0,White,<=5s vs 10-15s,1703
7qNDp0jK,70,0-1,Black,<=5s vs 10-15s,1314
f2bddWem,42,0-1,Black,<=5s vs 10-15s,1752
TvZupL3o,77,1-0,White,<=5s vs 5-10s,1166
druhhdm3,100,1/2-1/2,Black,<=5s vs 10-15s,2481
BYwyeGMF,67,1-0,White,<=5s vs 10-15s,2148
WEQZ4lPm,78,0-1,Black,<=5s vs 15-20s,1980
8N9rWplL,76,0-1,Black,<=5s vs 10-15s,1925
6pRZy0IV,75,1-0,White,<=5s vs 10-15s,1766
JeRbGlwN,47,1-0,White,<=5s vs 15-20s,1388
5uZ7vz99,77,1-0,White,<=5s vs 5-10s,2024
bQpBxXd4,48,0-1,Black,<=5s vs 15-20s,1144
P1Q5tl79,76,0-1,Black,<=5s vs 5-10s,2550
4hFStdPA,71,1-0,White,<=5s vs 15-20s,1586
8sl7dLF6,80,0-1,Black,<=5s vs 15-20s,1957
b0AmEmOd,117,0-1,White,<=5s vs 5-10s,2180
2tF6lK3Y,83,0-1,White,<=5s vs 5-10s,2054
KhMJnemD,84,1-0,Black,<=5s vs 10-15s,2072
CEE9A7qB,52,0-1,Black,<=5s vs 10-15s,1627
XvKFVBnP,85,1-0,White,<=5s vs 10-15s,2379
jEWC7lvr,130,1/2-1/2,Black,<=5s vs 5-10s,2382
QJWLp3EC,108,0-1,Black,<=5s vs <=5s,2106
plWI0sX4,56,1-0,Black,<=5s vs <=5s,1075
wMiDpUR3,102,1-0,Black,<=5s vs 10-15s,2758
yU9jhVFQ,77,0-1,White,<=5s vs 5-10s,1782
TTuSqwPr,117,1-0,White,<=5s vs 5-10s,2150
795ESqev,91,0-1,White,<=5s vs <=5s,2174
QQhBA3Rn,105,1-0,White,<=5s vs 5-10s,2527
VWl6hpO5,79,1-0,White,<=5s vs 5-10s,2212
Kb6wQR29,62,1-0,Black,<=5s vs 5-10s,1530
V5KAnUUo,99,0-1,White,<=5s vs <=5s,1939
C5spUcR2,64,0-1,Black,<=5s vs 10-15s,1814
YEtgJQQu,47,1-0,White,<=5s vs 15-20s,1001
R5CPQntx,92,1/2-1/2,Black,<=5s vs 10-15s,2168
2ZNd1I6v,86,1-0,Black,<=5s vs <=5s,1422
ZNZA7aLj,76,1-0,Black,<=5s vs 10-15s,2257
ReMJ6zQS,88,0-1,Black,<=5s vs 5-10s,1880
EwiO4fJU,117,1-0,White,<=5s vs 15-20s,2081
Ro6L7F9U,68,0-1,Black,<=5s vs <=5s,2468
sUawWpHE,80,0-1,Black,<=5s vs 5-10s,2362
eZNE2VkM,59,1-0,White,<=5s vs 10-15s,1223
iX7SSvAB,108,0-1,Black,<=5s vs 10-15s,1587
J90kL8hC,108,0-1,Black,<=5s vs 5-10s,1841
7SmxtJPF,68,0-1,Black,<=5s vs 15-20s,1521
VhTAoWZP,131,1-0,White,<=5s vs 15-20s,2510
Br99g0UW,88,1-0,Black,<=5s vs <=5s,2031
NSYqQlAK,62,0-1,Black,<=5s vs 10-15s,1380
lYbpErFt,47,0-1,White,<=5s vs 5-10s,1391
GeLq0W0N,37,1-0,White,<=5s vs 15-20s,879
hLo4tlUp,76,0-1,Black,<=5s vs <=5s,1994
d2ohHCk5,91,0-1,White,<=5s vs 5-10s,2079
F7EHqNQj,62,0-1,Black,<=5s vs 5-10s,1965
cxi0hk3U,66,0-1,Black,<=5s vs 15-20s,1364
BumRb7EU,78,0-1,Black,<=5s vs 15-20s,2074
Gu0hUcPK,68,1-0,Black,<=5s vs 5-10s,2452
AKbWuPId,73,1-0,White,<=5s vs 5-10s,1701
nJ9OzHem,79,1-0,White,<=5s vs <=5s,893
6OeqSzrZ,51,1-0,White,<=5s vs 5-10s,1228
N8E1OaiD,57,1-0,White,<=5s vs 15-20s,1364
iuFTRWQP,74,0-1,Black,<=5s vs 5-10s,1823
vkCtzPOp,61,1-0,White,<=5s vs 10-15s,1248
8pkiboUL,59,0-1,White,<=5s vs 15-20s,904
C9Kqpwvc,48,0-1,Black,<=5s vs 10-15s,1449
NwTMtzEM,69,1/2-1/2,White,<=5s vs 15-20s,2592
pC2XNSMi,137,1/2-1/2,White,<=5s vs 10-15s,1678
I7f6Huvl,90,0-1,Black,<=5s vs <=5s,2146
xNhMz1Yh,56,1-0,Black,<=5s vs <=5s,1247
GRR5eKED,43,0-1,White,<=5s vs 5-10s,972
4qkLz9Nf,65,1-0,White,<=5s vs 15-20s,2061
W0otGgkZ,67,1-0,White,<=5s vs 10-15s,2039
9lcEgcKe,120,1/2-1/2,Black,<=5s vs 10-15s,2495
iWY29bf6,71,1-0,White,<=5s vs 5-10s,1615
GUINpdZi,58,0-1,Black,<=5s vs 5-10s,1302
bhs7XEse,64,1-0,Black,<=5s vs <=5s,1664
L3xNq8yp,61,1-0,White,<=5s vs 10-15s,1447
BfYUuDf5,110,1-0,Black,<=5s vs <=5s,2012
dxVHKxzM,83,0-1,White,<=5s vs <=5s,2181
H2zcEGsA,62,0-1,Black,<=5s vs 5-10s,2213
CR1nPS18,126,1/2-1/2,Black,<=5s vs 10-15s,1861
lyHi5W7m,88,1-0,Black,<=5s vs 5-10s,2311
HwG7SKfr,59,0-1,White,<=5s vs 15-20s,1744
JzzgpHfk,81,1-0,White,<=5s vs 15-20s,1657
MwYlDSCd,106,0-1,Black,<=5s vs 5-10s,2580
AyDsRc4j,55,1-0,White,<=5s vs 10-15s,1541
DiHYcpE0,60,0-1,Black,<=5s vs 15-20s,1856
cEtAexmN,88,0-1,Black,<=5s vs 15-20s,1849
7sLtrL9P,86,0-1,Black,<=5s vs 5-10s,2242
ydP0Mv6D,60,0-1,Black,<=5s vs 10-15s,1381
lPhiTVo3,55,1-0,White,<=5s vs 10-15s,1077
hG1jU3Ds,73,0-1,White,<=5s vs 5-10s,1500
FfxmsIY8,88,0-1,Black,<=5s vs 10-15s,2477
O5L7OnHp,48,0-1,Black,<=5s vs 10-15s,940
5BG8A0jq,48,1-0,Black,<=5s vs <=5s,1598
pysijr4u,41,1-0,White,<=5s vs 10-15s,810
GPks0cgr,59,1-0,White,<=5s vs 5-10s,1502
CjU71sI0,84,1/2-1/2,Black,<=5s vs 5-10s,2406
XG7L4Ec1,67,0-1,White,<=5s vs <=5s,2258
pezoLVVs,51,1-0,White,<=5s vs 15-20s,1338
3c9WkP7y,56,0-1,Black,<=5s vs 5-10s,1262
tydmqSvd,139,1-0,White,<=5s vs 10-15s,2616
oHehuQUr,55,0-1,White,<=5s vs 5-10s,1487
ulX7nyRw,69,1-0,White,<=5s vs 15-20s,1792
7i7w0CRm,71,1-0,White,<=5s vs 15-20s,1673
gIQPSryh,74,0-1,Black,<=5s vs <=5s,1820
fjEa3NA9,109,1-0,White,<=5s vs 10-15s,2922
ctiYOAiN,81,0-1,White,<=5s vs 15-20s,1698
9i5e08EA,71,1-0,White,<=5s vs 15-20s,2379
l5XEassO,100,0-1,Black,<=5s vs 5-10s,2334
s1akeU6j,70,0-1,Black,<=5s vs 15-20s,1498
X7bl9fSo,68,0-1,Black,<=5s vs 5-10s,1325
7eti3zX5,51,1-0,White,<=5s vs 5-10s,1536
RzyEifJx,53,1-0,White,<=5s vs 5-10s,1259
oTnzTMuu,53,1-0,White,<=5s vs 5-10s,1088
3EIAdx5K,73,1-0,White,<=5s vs <=5s,2557
Kc4zXk6a,53,1-0,White,<=5s vs 15-20s,967
WpaeXbN1,99,1-0,White,<=5s vs 5-10s,2362
70pBoa7t,67,1-0,White,<=5s vs 5-10s,1554
pPFC3Sq7,66,1/2-1/2,Black,<=5s vs 5-10s,1797
ONAMrIUI,44,0-1,Black,<=5s vs <=5s,1349
nA7Wvd37,73,1-0,White,<=5s vs 10-15s,1851
Fm4am0t3,103,1-0,White,<=5s vs 10-15s,2255
7ajwEei4,50,0-1,Black,<=5s vs 5-10s,1561
02THfmVJ,66,1-0,Black,<=5s vs <=5s,1965
n0CsV02u,54,1-0,Black,<=5s vs 5-10s,1709
nOlumZKx,62,0-1,Black,<=5s vs <=5s,1735
KfDdiiWL,63,1-0,White,<=5s vs 15-20s,2128
CZ4f0kHs,62,0-1,Black,<=5s vs 10-15s,1447
6dpJTmYA,52,1-0,Black,<=5s vs <=5s,1759
UCQ1XLtN,66,1-0,Black,<=5s vs <=5s,2192
x9xzt2qW,102,0-1,Black,<=5s vs 10-15s,2096
HjvvH5KS,48,0-1,Black,<=5s vs 10-15s,1470
if9nu3vj,75,0-1,White,<=5s vs 5-10s,2456
BUOzjRVk,78,0-1,Black,<=5s vs <=5s,1866
vKah82aY,79,1-0,White,<=5s vs 5-10s,2070
ZkUQV6Lx,52,0-1,Black,<=5s vs 15-20s,1010
wxKn5hID,75,1-0,White,<=5s vs 15-20s,1848
ZTZilzE9,65,1-0,White,<=5s vs 10-15s,1188
TsvhttVp,53,1-0,White,<=5s vs 5-10s,1040
DzqoQOlW,66,0-1,Black,<=5s vs <=5s,2118
9IGPa51n,56,1-0,Black,<=5s vs <=5s,1945
7trt7srv,93,0-1,White,<=5s vs 5-10s,2278
PJtkIA0M,63,0-1,White,<=5s vs 10-15s,1892
PcKUI99A,117,1-0,White,<=5s vs 10-15s,2153
pz6BPOLN,101,1-0,White,<=5s vs <=5s,2101
V0Mt0wD6,60,0-1,Black,<=5s vs 5-10s,840
AdxL3rmv,74,0-1,Black,<=5s vs 10-15s,1603
kvkZqVdl,71,1-0,White,<=5s vs 10-15s,1832
52lTtt3q,73,1-0,White,<=5s vs 15-20s,1814
TWX168L0,126,1/2-1/2,Black,<=5s vs 10-15s,1167
Jd0lSL65,56,0-1,Black,<=5s vs 15-20s,1706
AJ1tEifG,43,1-0,White,<=5s vs 10-15s,1029
ZK8gH7yN,48,0-1,Black,<=5s vs 10-15s,1330
3NtPjBBr,129,1-0,White,<=5s vs 10-15s,2470
PX3bCEfG,78,0-1,Black,<=5s vs 10-15s,1703
3eryH3KN,60,0-1,Black,<=5s vs 15-20s,1223
MpqxoeIr,66,0-1,Black,<=5s vs 5-10s,1630
4qMuUAfm,104,1-0,Black,<=5s vs 5-10s,2748
Lkrw5Jri,73,1-0,White,<=5s vs 15-20s,1982
g3Np7UxG,68,0-1,Black,<=5s vs 5-10s,1584
H7d4yXM4,85,1/2-1/2,White,<=5s vs 10-15s,2103
2FsxcLpK,91,1-0,White,<=5s vs 5-10s,2136
K612aTrE,60,0-1,Black,<=5s vs 10-15s,1470
0aNPPmbT,55,1-0,White,<=5s vs 5-10s,878
YO3yBtd6,74,0-1,Black,<=5s vs 5-10s,2180
T8JvsSMF,55,1-0,White,<=5s vs 10-15s,1684
F7LkNJlO,52,0-1,Black,<=5s vs 15-20s,2013
CJSuzmwj,76,0-1,Black,<=5s vs 10-15s,1895
aowpFqvP,72,0-1,Black,<=5s vs 10-15s,1750
ci09ALxA,80,1-0,Black,<=5s vs <=5s,1585
DxDRITda,55,1-0,White,<=5s vs 15-20s,1611
MWiIitNZ,51,1-0,White,<=5s vs 10-15s,980
ifTk3UGy,86,1-0,Black,<=5s vs 5-10s,1824
szAcY05p,58,0-1,Black,<=5s vs 10-15s,1578
6Lf3CN7V,65,1-0,White,<=5s vs 15-20s,953
e7s8uKz8,79,1-0,White,<=5s vs 15-20s,1409
5XBEhS7T,71,0-1,White,<=5s vs 10-15s,2175
LNDOBLTr,87,1-0,White,<=5s vs 10-15s,2138
Z4wAYouW,50,0-1,Black,<=5s vs 10-15s,1692
JCPYXPwZ,44,0-1,Black,<=5s vs 15-20s,1915
UlKKtIGU,52,0-1,Black,<=5s vs 15-20s,1205
k5IGurCC,154,1/2-1/2,Black,<=5s vs 5-10s,2049
WJAwloOp,89,1-0,White,<=5s vs 5-10s,2533
3fAKezMV,74,0-1,Black,<=5s vs 5-10s,1226
6mDZFew8,44,0-1,Black,<=5s vs 15-20s,1640
4ojXKvLP,67,1-0,White,<=5s vs 15-20s,1737
F6vkaRQl,91,1-0,White,<=5s vs 15-20s,1139
kAzYHI0l,69,1-0,White,<=5s vs 5-10s,1904
nyEn97nI,74,0-1,Black,<=5s vs 5-10s,2113
x57rVr8B,74,0-1,Black,<=5s vs 5-10s,2152
AKNEhQqW,75,1-0,White,<=5s vs 10-15s,1973
Q60eYhCW,85,1-0,White,<=5s vs <=5s,2018
v1pjHDm6,62,0-1,Black,<=5s vs 15-20s,1456
52YltfvA,83,1-0,White,<=5s vs 10-15s,1814
Q1OCps8B,65,1-0,White,<=5s vs 10-15s,1460
JtV3TUxX,66,0-1,Black,<=5s vs 10-15s,2256
X1yZQk7i,96,0-1,Black,<=5s vs 10-15s,2419
TJe8YGnU,83,1-0,White,<=5s vs 15-20s,1687
2B0eLq6b,59,1-0,White,<=5s vs 15-20s,1589
wsOFWpUv,59,1-0,White,<=5s vs 5-10s,1160
V4m6bi3u,51,1-0,White,<=5s vs 15-20s,2163
WKmTtnS3,70,0-1,Black,<=5s vs 5-10s,1892
FuP03PHh,84,0-1,Black,<=5s vs 5-10s,2487
vJl5xkp2,49,0-1,White,<=5s vs 5-10s,1140
URFAhgft,64,0-1,Black,<=5s vs 5-10s,1782
Jp9MbzBu,75,1-0,White,<=5s vs 10-15s,1469
3U3ya3wK,72,0-1,Black,<=5s vs 15-20s,2220
LuHKt42b,101,1-0,White,<=5s vs 10-15s,2260
KhU9goU1,119,1/2-1/2,White,<=5s vs 5-10s,2284
osjNopLp,71,0-1,White,<=5s vs 10-15s,1527
5NnHVnhg,53,1-0,White,<=5s vs 15-20s,2597
24kx59oq,31,1-0,White,<=5s vs 10-15s,866
dMIm6TvC,53,1-0,White,<=5s vs 15-20s,1165
UflMO0ro,54,0-1,Black,<=5s vs 5-10s,1975
9VVbvyGx,70,1-0,Black,<=5s vs <=5s,1894
N8KwhWnr,87,1-0,White,<=5s vs <=5s,1620
i7Iv3Nw1,112,1-0,Black,<=5s vs 5-10s,1871
nZgGeOQ0,114,1-0,Black,<=5s vs 5-10s,2048
xhFZs0hW,79,1-0,White,<=5s vs 10-15s,1238
GCgBqwkh,50,0-1,Black,<=5s vs 15-20s,1300
YNlpCKbH,112,0-1,Black,<=5s vs 5-10s,2081
66Ex1u1Q,67,1-0,White,<=5s vs 15-20s,1572
mYz6JuYb,115,1-0,White,<=5s vs 10-15s,2458
NI9Juqaq,102,0-1,Black,<=5s vs 5-10s,2631
Cojr9q1P,70,0-1,Black,<=5s vs <=5s,1699
E4j3yAzf,58,0-1,Black,<=5s vs 15-20s,1318
WCZNmZps,52,0-1,Black,<=5s vs 10-15s,1186
p2BVLy0t,52,0-1,Black,<=5s vs 15-20s,1802
Is8UW6nu,53,1-0,White,<=5s vs 15-20s,2087
GLiOBDAG,90,0-1,Black,<=5s vs 10-15s,2162
0Yi5glXW,58,0-1,Black,<=5s vs 5-10s,1744
4saO2FB3,80,0-1,Black,<=5s vs 10-15s,2340
13CWytbU,47,1-0,White,<=5s vs 5-10s,1566
7KDlQyUK,72,0-1,Black,<=5s vs <=5s,2142
mdJQ6kA2,72,1-0,Black,<=5s vs 5-10s,1731
BZT2ahaA,91,1-0,White,<=5s vs 10-15s,1881
M6H5Ma7C,81,0-1,White,<=5s vs 5-10s,1325
2zoaRWdV,71,1-0,White,<=5s vs 15-20s,2148
gzjUFYeK,97,1-0,White,<=5s vs 5-10s,2681
4EIM9oSm,79,0-1,White,<=5s vs 5-10s,1590
jkFFh71F,110,0-1,Black,<=5s vs 5-10s,2619
LhqIj5VB,42,0-1,Black,<=5s vs 10-15s,931
cIoTE2Ma,62,0-1,Black,<=5s vs 15-20s,1594
Zh2pYHyZ,50,0-1,Black,<=5s vs 10-15s,1296
3m067UW5,94,1-0,Black,<=5s vs <=5s,1971
A2Z658YJ,54,0-1,Black,<=5s vs 5-10s,1803
bBt1mKnM,59,1-0,White,<=5s vs 10-15s,2145
CDX9GCl4,89,1-0,White,<=5s vs 15-20s,2146
eBbpQnvk,48,1-0,Black,<=5s vs 15-20s,1557
0p3piKCq,126,1/2-1/2,Black,<=5s vs <=5s,1083
9idRSs7k,103,1-0,White,<=5s vs 5-10s,2359
47EsAkfd,73,1-0,White,<=5s vs 5-10s,1947
zrK1BxVV,63,1-0,White,<=5s vs 10-15s,1641
2bICntNd,88,1/2-1/2,Black,<=5s vs <=5s,2195
lEFNny6w,67,1-0,White,<=5s vs 10-15s,2171
nd0S7erK,72,0-1,Black,<=5s vs 5-10s,2414
SMyigY46,82,0-1,Black,<=5s vs 10-15s,2343
TeZz36Ci,93,1-0,White,<=5s vs 5-10s,2516
NdpUyk7u,72,1-0,Black,<=5s vs <=5s,1546
p2blMJ29,64,0-1,Black,<=5s vs 10-15s,1636
T6SJpHPd,127,1-0,White,<=5s vs 5-10s,2794
HhNWQwzC,77,1-0,White,<=5s vs 10-15s,1492
j4CcLm0U,72,0-1,Black,<=5s vs 5-10s,1889
IZUKIZbd,51,1-0,White,<=5s vs 10-15s,1091
xsoXBdld,69,0-1,White,<=5s vs 5-10s,1668
m0stABii,49,1-0,White,<=5s vs 5-10s,1674
KZoE94hX,63,1-0,White,<=5s vs <=5s,1282
zcHKqaJ5,110,1-0,Black,<=5s vs <=5s,2249
m8cWLzhX,49,1-0,White,<=5s vs 15-20s,680
mtKjYdHk,56,0-1,Black,<=5s vs 15-20s,1590
O8aJExHT,91,1-0,White,<=5s vs 10-15s,2222
rMECREQ6,94,0-1,Black,<=5s vs 15-20s,1745
CbzIff12,83,1-0,White,<=5s vs 5-10s,2077
FImGtAZP,60,0-1,Black,<=5s vs 10-15s,1174
QKj1fwoL,67,0-1,White,<=5s vs 5-10s,2221
398Au75W,73,1-0,White,<=5s vs 10-15s,1129
ViFJJOnX,176,0-1,Black,<=5s vs 10-15s,2796
x7bc3gQk,62,1-0,Black,<=5s vs <=5s,1994
LG1mw9jb,52,0-1,Black,<=5s vs 10-15s,1536
zaMvx2mo,180,1/2-1/2,Black,<=5s vs 5-10s,2417
CKYYHGUa,98,0-1,Black,<=5s vs 10-15s,2079
JMJfg4kc,71,1-0,White,<=5s vs 5-10s,1495
0HCtUyuS,108,0-1,Black,<=5s vs <=5s,2172
t04IHCfL,77,1-0,White,<=5s vs 5-10s,1436
OC9N116u,76,0-1,Black,<=5s vs 15-20s,1737
JSc34orr,49,1-0,White,<=5s vs 15-20s,1068
zNXlVETT,123,1/2-1/2,White,<=5s vs 5-10s,2452
CXGnOW6J,69,1-0,White,<=5s vs 5-10s,2434
jiBepT6q,111,0-1,White,<=5s vs 5-10s,2166
XZMofnLo,90,1-0,Black,<=5s vs <=5s,1482
FNi5mFWJ,97,1-0,White,<=5s vs 5-10s,1878
Shii4s1g,60,0-1,Black,<=5s vs <=5s,1998
G3Hcal7F,83,0-1,White,<=5s vs <=5s,1862
YoaH119p,54,1-0,Black,<=5s vs 5-10s,2176
bo3COl1e,59,1-0,White,<=5s vs 15-20s,1599
HsVYFPxi,60,0-1,Black,<=5s vs <=5s,1509
pf6R2yn1,78,0-1,Black,<=5s vs 5-10s,1984
TnSkfqSx,56,1-0,Black,<=5s vs 15-20s,1872
iHMB6O3C,79,1-0,White,<=5s vs 15-20s,2245
FwSUo2rX,48,0-1,Black,<=5s vs 5-10s,1564
BZM0NJNR,60,0-1,Black,<=5s vs 15-20s,2182
ivlVP1ZW,80,0-1,Black,<=5s vs 15-20s,2137
tEsa4CvE,61,1-0,White,<=5s vs 10-15s,1874
1hcwXXfM,62,0-1,Black,<=5s vs 5-10s,1903
gPI6o5RR,54,0-1,Black,<=5s vs 15-20s,1785
3kBryv0i,100,0-1,Black,<=5s vs 5-10s,2609
1752CULl,55,1-0,White,<=5s vs 10-15s,1652
PPqCaLSv,62,0-1,Black,<=5s vs 5-10s,1541
Ra999erG,82,0-1,Black,<=5s vs 15-20s,2628
cKON7lYm,77,1-0,White,<=5s vs 10-15s,1075
EALJ4XOd,91,1/2-1/2,White,<=5s vs 5-10s,1585
z9OaCE2X,49,1-0,White,<=5s vs 5-10s,968
VCMb3sv9,55,1-0,White,<=5s vs 5-10s,1627
CkrqnIJh,82,1-0,Black,<=5s vs 5-10s,2338
Cg9VFrqh,73,1-0,White,<=5s vs 15-20s,2139
NtVlLIls,45,1-0,White,<=5s vs 15-20s,1311
JuRZKDxT,94,1-0,Black,<=5s vs <=5s,2401
1qxWdKyu,81,1-0,White,<=5s vs 15-20s,2365
XyMN8hTS,84,1-0,Black,<=5s vs 5-10s,2089
Hn48HxRQ,64,0-1,Black,<=5s vs 10-15s,1712
7keoizEu,118,0-1,Black,<=5s vs <=5s,2296
cgLPqYBw,52,0-1,Black,<=5s vs 10-15s,2137
FyimbdN6,73,1-0,White,<=5s vs 5-10s,1923
RhTadf1I,67,1-0,White,<=5s vs 10-15s,1573
bAH8C83B,79,1-0,White,<=5s vs 10-15s,2080
sXPxSHOq,46,1-0,Black,<=5s vs 10-15s,753
OauYgm7z,65,1-0,White,<=5s vs 10-15s,2113
wBTWCf7e,151,0-1,White,<=5s vs <=5s,2364
e6FHEYqU,82,1-0,Black,<=5s vs <=5s,1672
AcSQgbQ6,48,0-1,Black,<=5s vs 15-20s,1163
vqQ9voQG,70,0-1,Black,<=5s vs 5-10s,1587
W51MNpGl,115,1/2-1/2,White,<=5s vs 5-10s,1752
4a7k3dlx,118,1/2-1/2,Black,<=5s vs 15-20s,2191
vuosatVm,63,1-0,White,<=5s vs 5-10s,1382
LD5S6nPM,53,1-0,White,<=5s vs 10-15s,1400
e5T5zG3u,88,0-1,Black,<=5s vs <=5s,2125
rNgqkjG9,61,1-0,White,<=5s vs 10-15s,2329
Fno2jhEQ,61,1-0,White,<=5s vs 10-15s,1657
lVsF8HXB,42,0-1,Black,<=5s vs 15-20s,1161
Ou0mb8BR,54,0-1,Black,<=5s vs 5-10s,1775
kXjifdqR,42,0-1,Black,<=5s vs 15-20s,1415
VRD9QMJ9,88,0-1,Black,<=5s vs 5-10s,2684
gxmsjswF,61,1-0,White,<=5s vs 15-20s,1683
1igGwXfC,80,0-1,Black,<=5s vs 15-20s,2231
ABYnn7Di,65,1-0,White,<=5s vs 10-15s,1310
SmiVPerX,101,0-1,White,<=5s vs 5-10s,2660
kOXEvPL0,88,0-1,Black,<=5s vs 10-15s,1968
I56hvriN,80,1-0,Black,<=5s vs <=5s,2301
RDJV6ls0,79,1-0,White,<=5s vs 15-20s,1844
vZjKE3B3,91,1-0,White,<=5s vs 15-20s,2421
C8wICNVG,38,0-1,Black,<=5s vs 15-20s,1350
TjbCVo4e,72,1-0,Black,<=5s vs <=5s,2479
AcbZ6yXD,64,0-1,Black,<=5s vs 10-15s,1774
XwwM42WW,57,0-1,White,<=5s vs 5-10s,2093
4BihwyB5,66,0-1,Black,<=5s vs 10-15s,1319
CXMzBgUz,78,0-1,Black,<=5s vs 5-10s,1948
JWjATSCP,104,0-1,Black,<=5s vs 5-10s,2355
MpoGRZKQ,52,0-1,Black,<=5s vs 10-15s,1511
lDp3wdF9,77,1-0,White,<=5s vs 5-10s,1115
o3PebJPl,55,1-0,White,<=5s vs 15-20s,1242
zLZoJJcb,73,1-0,White,<=5s vs 10-15s,2070
2E3vrn5t,55,1-0,White,<=5s vs 5-10s,937
vW2olMZ7,62,0-1,Black,<=5s vs 10-15s,1919
zqYKR4d7,85,1-0,White,<=5s vs 5-10s,1031
2z8BXmdS,100,0-1,Black,<=5s vs <=5s,2200
SgftalUC,57,1-0,White,<=5s vs 15-20s,1251
wSKJw2kW,52,0-1,Black,<=5s vs 10-15s,1519
QB24Y9Ep,85,1-0,White,<=5s vs 10-15s,2210
ZDcUbPL1,87,1-0,White,<=5s vs 15-20s,2402
SIuTHEme,50,0-1,Black,<=5s vs 10-15s,1500
3wATj738,76,0-1,Black,<=5s vs 5-10s,1484
V6N4Lio2,75,1-0,White,<=5s vs 15-20s,2551
Wnuz9o1s,57,1-0,White,<=5s vs 15-20s,1747
Va2iiztU,46,0-1,Black,<=5s vs 10-15s,824
Pw98iGK3,36,0-1,Black,<=5s vs 15-20s,1496
B3u5J2hN,83,0-1,White,<=5s vs <=5s,1382
2CRk2rLd,62,0-1,Black,<=5s vs 15-20s,1027
e4RgWKYs,38,0-1,Black,<=5s vs 5-10s,894
rrPZCySK,61,1-0,White,<=5s vs 5-10s,1696
VYq7oV1i,54,0-1,Black,<=5s vs 10-15s,1699
zq1x40dS,54,0-1,Black,<=5s vs 15-20s,1520
mMOrPK5C,83,1-0,White,<=5s vs 5-10s,1939
Db1qKAhw,93,1-0,White,<=5s vs 15-20s,2371
y1m3t7x7,80,0-1,Black,<=5s vs 15-20s,1348
mB35tNdJ,73,1-0,White,<=5s vs <=5s,1353
VsS0qRsA,127,0-1,White,<=5s vs 5-10s,2110
yiTioKPG,70,0-1,Black,<=5s vs 5-10s,2581
Hsk5fwzD,91,1-0,White,<=5s vs 15-20s,1842
zbHfgJyS,70,0-1,Black,<=5s vs 15-20s,2184
LGYyK0LQ,59,1-0,White,<=5s vs 15-20s,1432
H7m2j0qd,93,1/2-1/2,White,<=5s vs 5-10s,1848
WOvrniQa,78,1-0,Black,<=5s vs <=5s,2225
V0TCATGp,80,0-1,Black,<=5s vs 15-20s,1680
Dl3wyKWb,111,1-0,White,<=5s vs 15-20s,2302
xNctzfy8,55,1-0,White,<=5s vs 15-20s,1296
YOAH0BJN,68,0-1,Black,<=5s vs 15-20s,2283
jXsMJeP8,82,1/2-1/2,Black,<=5s vs 15-20s,2722
QqcoFPHi,79,1-0,White,<=5s vs 5-10s,2434
IJJbtH6a,62,0-1,Black,<=5s vs 5-10s,1664
t9PFM3o1,91,1/2-1/2,White,<=5s vs 5-10s,2408
YpsRzaeG,52,0-1,Black,<=5s vs 5-10s,1525
GFz7AHdn,54,0-1,Black,<=5s vs 5-10s,1277
kWPbDSD4,78,0-1,Black,<=5s vs 10-15s,2485
GaYFiLrT,58,0-1,Black,<=5s vs 10-15s,1716
nh6uzMKJ,87,0-1,White,<=5s vs <=5s,1910
nh20W3y5,107,1-0,White,<=5s vs 5-10s,2108
lgIMr59a,48,0-1,Black,<=5s vs 15-20s,1217
nqVYV5do,72,0-1,Black,<=5s vs 10-15s,2429
TUt6m4ww,61,1-0,White,<=5s vs 10-15s,1292
mYJfcPyN,74,0-1,Black,<=5s vs 10-15s,1751
4eTCZ5Fx,49,1-0,White,<=5s vs 15-20s,1596
N3vXx9u4,88,0-1,Black,<=5s vs 10-15s,2018
sZ87kFsT,86,0-1,Black,<=5s vs 15-20s,2172
Bm2NZejY,89,1-0,White,<=5s vs 5-10s,2185
DYYw13F7,75,0-1,White,<=5s vs <=5s,1535
4bql1ZbP,65,1-0,White,<=5s vs 5-10s,2030
RHz47o62,58,1-0,Black,<=5s vs <=5s,1532
omdxADAJ,64,0-1,Black,<=5s vs 10-15s,927
skXNwe8d,69,1-0,White,<=5s vs 10-15s,1352
T7PPtx7k,44,1-0,Black,<=5s vs 10-15s,1031
ZWjenUGZ,40,0-1,Black,<=5s vs 10-15s,889
IKoBcdfV,103,1/2-1/2,White,<=5s vs <=5s,2335
ndFs0Ofo,54,0-1,Black,<=5s vs 10-15s,1595
0l97abpW,53,1-0,White,<=5s vs 15-20s,1476
xc8KnP7R,73,1-0,White,<=5s vs <=5s,1914
Ivgx2A1g,86,0-1,Black,<=5s vs 5-10s,1801
3uQD7g92,57,1-0,White,<=5s vs 5-10s,1503
KNf11CbL,32,1/2-1/2,Black,<=5s vs 15-20s,707
QAvyYx01,77,1-0,White,<=5s vs 15-20s,2462
ZjZURO4N,70,0-1,Black,<=5s vs 15-20s,2029
Vafj4bn1,65,0-1,White,<=5s vs 5-10s,1509
5l4dmBHw,109,1/2-1/2,White,<=5s vs 15-20s,2483
uoRoniXJ,60,0-1,Black,<=5s vs 10-15s,1003
8nNe715G,65,1-0,White,<=5s vs 10-15s,2032
duGjKR7j,75,1-0,White,<=5s vs 10-15s,2020
mGmTgwfr,46,1-0,Black,<=5s vs 5-10s,1326
80R37P4n,127,1/2-1/2,White,<=5s vs <=5s,2642
xQLC8DOA,60,0-1,Black,<=5s vs 5-10s,1717
WlilIJoV,51,1-0,White,<=5s vs 10-15s,2055
TXtN8jUq,67,1-0,White,<=5s vs 5-10s,1298
vmaYItFC,81,1-0,White,<=5s vs 5-10s,1836
5dqZoEzh,45,1-0,White,<=5s vs 10-15s,503
X4PYWUW3,64,0-1,Black,<=5s vs <=5s,2136
6YdAaxhs,87,0-1,White,<=5s vs 10-15s,1899
EkyciWaF,60,0-1,Black,<=5s vs 15-20s,1257
OHUnMFTr,66,1-0,Black,<=5s vs 10-15s,1702
kR0XyVaD,74,0-1,Black,<=5s vs <=5s,2246
TKEd3mlf,79,1-0,White,<=5s vs 5-10s,1650
9nufXU9g,136,0-1,Black,<=5s vs 10-15s,2377
m6F9R16Y,133,1-0,White,<=5s vs <=5s,2434
iB86zFHk,108,0-1,Black,<=5s vs 5-10s,1691
IdNNGd27,46,0-1,Black,<=5s vs 15-20s,1641
372qOkch,61,1-0,White,<=5s vs 15-20s,1812
yLmNCG9w,56,0-1,Black,<=5s vs <=5s,1253
MMlzZa2X,60,0-1,Black,<=5s vs 10-15s,1901
pRglkTSh,92,0-1,Black,<=5s vs 15-20s,2254
esMVB4Kt,46,0-1,Black,<=5s vs 5-10s,1220
usg1EUsb,74,0-1,Black,<=5s vs 10-15s,2048
HRyOxvsO,73,1-0,White,<=5s vs 15-20s,2407
4qN5ftpS,112,0-1,Black,<=5s vs 5-10s,2413
VJXL6Ywz,60,0-1,Black,<=5s vs 5-10s,1679
YxZCWuuu,71,0-1,White,<=5s vs 5-10s,1732
CtsuTVx2,89,1-0,White,<=5s vs 5-10s,2466
Nz50mYit,80,1-0,Black,<=5s vs 10-15s,2716
Gd19g5W2,54,0-1,Black,<=5s vs 5-10s,1644
mpkEV4gC,80,0-1,Black,<=5s vs 10-15s,1826
4mDwfqDc,95,0-1,White,<=5s vs 5-10s,2339
GnXmLVIs,65,1-0,White,<=5s vs 10-15s,1412
6t5JlQAk,84,0-1,Black,<=5s vs 10-15s,2591
ZQAoxpb2,77,1-0,White,<=5s vs <=5s,1766
n2yVwLjF,118,0-1,Black,<=5s vs 5-10s,2179
DPVfLP9D,110,0-1,Black,<=5s vs <=5s,2407
1DNZoiGt,60,0-1,Black,<=5s vs 5-10s,1380
9wlRAn2d,97,1-0,White,<=5s vs <=5s,2279
F5yMphMf,155,1-0,White,<=5s vs 15-20s,2027
pyMq7gZ8,129,1-0,White,<=5s vs 5-10s,2347
ONXjJru1,75,1-0,White,<=5s vs 5-10s,1758
869ckr5k,52,1-0,Black,<=5s vs 5-10s,1067
k5XfOGCA,76,0-1,Black,<=5s vs 5-10s,2475
def2wpVb,66,0-1,Black,<=5s vs <=5s,1142
rLyNX5Za,102,0-1,Black,<=5s vs <=5s,2400
VyEz6Xv7,56,0-1,Black,<=5s vs 10-15s,1351
WznSW5ls,103,1-0,White,<=5s vs <=5s,1325
s5LaKotw,73,1-0,White,<=5s vs 5-10s,2031
qlc8QtML,85,1/2-1/2,White,<=5s vs 15-20s,1983
2c7EbFVh,63,1-0,White,<=5s vs 10-15s,2218
Xilh4qVx,57,1-0,White,<=5s vs 15-20s,2049
aM0YzBxm,106,0-1,Black,<=5s vs 5-10s,2472
d9WG4H9N,36,0-1,Black,<=5s vs 10-15s,788
qhYagG87,53,1-0,White,<=5s vs 5-10s,1459
4By1qswF,77,1-0,White,<=5s vs 5-10s,1306
c6Aj0Ey8,76,1-0,Black,<=5s vs 5-10s,1462
RykuxLSZ,65,0-1,White,<=5s vs 5-10s,2315
bpn2m7gX,52,0-1,Black,<=5s vs 10-15s,1494
9Cvg1yad,65,1-0,White,<=5s vs 5-10s,2143
bAbJA5mk,77,1-0,White,<=5s vs 10-15s,1991
bOqppyrP,56,1-0,Black,<=5s vs 5-10s,902
TyopG2xN,113,1/2-1/2,White,<=5s vs 5-10s,2278
adG3R8bV,59,0-1,White,<=5s vs 5-10s,1731
XUqcibLq,78,0-1,Black,<=5s vs 10-15s,2484
Kys8WIZY,51,0-1,White,<=5s vs 15-20s,1568
NQhBH9DZ,62,0-1,Black,<=5s vs 5-10s,1944
BdnJufku,62,1-0,Black,<=5s vs <=5s,1749
ppRBbon4,82,1-0,Black,<=5s vs <=5s,1651
Zf8PT33e,78,1-0,Black,<=5s vs 5-10s,1786
7OxYzjSy,65,1-0,White,<=5s vs 5-10s,1664
F5N41MB1,77,1-0,White,<=5s vs 10-15s,1074
WOGaLnZX,132,1-0,Black,<=5s vs <=5s,1636
55rdQyJx,90,0-1,Black,<=5s vs 5-10s,2047
czxyL9NR,63,1-0,White,<=5s vs 5-10s,1804
5tQQnDx6,50,0-1,Black,<=5s vs 15-20s,961
C1d23nIt,105,1-0,White,<=5s vs 5-10s,2163
orn4ZFMh,47,1-0,White,<=5s vs 15-20s,1268
9ksuaKDN,95,1-0,White,<=5s vs 5-10s,1429
w1eBTwh2,65,1-0,White,<=5s vs 15-20s,1465
6zkvTCCE,82,0-1,Black,<=5s vs <=5s,1833
JRh4jmpO,57,1-0,White,<=5s vs 5-10s,1202
JFH3ZckU,94,0-1,Black,<=5s vs 5-10s,2430
VXqHczvX,66,1-0,Black,<=5s vs <=5s,1577
1dXlUBGQ,68,0-1,Black,<=5s vs 10-15s,2469
kBoyDrxN,56,0-1,Black,<=5s vs 10-15s,1573
Gf4mY0aa,54,0-1,Black,<=5s vs 15-20s,2077
XJsKxPCl,68,0-1,Black,<=5s vs 5-10s,1574
5zS7KWv5,83,1-0,White,<=5s vs 10-15s,829
MfHveO6H,79,1-0,White,<=5s vs 5-10s,1280
k6xQZBTV,74,0-1,Black,<=5s vs 5-10s,1075
qNOkDe7F,59,1-0,White,<=5s vs 5-10s,1766
Eskninla,97,1/2-1/2,White,<=5s vs <=5s,2022
iZZCARui,121,0-1,White,<=5s vs 10-15s,2075
vikL9Hsu,54,1-0,Black,<=5s vs 5-10s,839
e8c09IrF,51,1-0,White,<=5s vs 5-10s,1764
rtahfC8K,85,1-0,White,<=5s vs 5-10s,2228
0EG5Pnvd,75,0-1,White,<=5s vs <=5s,972
EhTsz6Xp,108,1-0,Black,<=5s vs <=5s,2450
Ux6CfvWi,54,1-0,Black,<=5s vs <=5s,997
ZqrHg9sK,77,1-0,White,<=5s vs 15-20s,2320
VszI0Q62,70,1-0,Black,<=5s vs <=5s,1811
ikQmAtdU,40,0-1,Black,<=5s vs 10-15s,1453
xNbphjPM,56,0-1,Black,<=5s vs 10-15s,1879
3ZU14CW4,52,0-1,Black,<=5s vs 15-20s,1884
3xCGbKoC,64,0-1,Black,<=5s vs 10-15s,2015
Pas9r71X,125,1-0,White,<=5s vs 10-15s,1611
OF3yv1Df,152,1/2-1/2,Black,<=5s vs 5-10s,1857
Hvf2ERGm,69,1-0,White,<=5s vs 5-10s,1598
QVW6rSKz,72,0-1,Black,<=5s vs 15-20s,1947
8vloOI69,82,0-1,Black,<=5s vs <=5s,1564
auySvxzG,47,0-1,White,<=5s vs 5-10s,1207
xrEZJyAr,59,1-0,White,<=5s vs 5-10s,1180
etm5u68A,58,0-1,Black,<=5s vs <=5s,1294
JLOGpoHh,73,1-0,White,<=5s vs 10-15s,1317
axY1GWUp,116,0-1,Black,<=5s vs 10-15s,2616
4HjmaPtH,66,0-1,Black,<=5s vs 15-20s,1063
hY1c1mCp,89,1-0,White,<=5s vs <=5s,1945
fBrQ6oxe,81,1-0,White,<=5s vs 5-10s,1923
j9OgQ6Ih,73,1-0,White,<=5s vs 10-15s,1482
Hid9WWCI,81,1-0,White,<=5s vs 15-20s,1936
0Uk9FKqV,130,1/2-1/2,Black,<=5s vs 15-20s,1974
MZ3smIYA,92,0-1,Black,<=5s vs 5-10s,2382
S9Rty1lt,153,1/2-1/2,White,<=5s vs 5-10s,1440
CBqIaAE8,72,1-0,Black,<=5s vs <=5s,2123
uZTZxH7l,79,1-0,White,<=5s vs 15-20s,1605
etbMdfAA,61,1-0,White,<=5s vs 15-20s,1033
H3EJblth,172,1/2-1/2,Black,<=5s vs 5-10s,2239
h5rJTgeg,62,0-1,Black,<=5s vs 15-20s,1467
JdXmxO1R,82,0-1,Black,<=5s vs 5-10s,1666
Xcw2w8da,102,0-1,Black,<=5s vs <=5s,2695
6blaGoJw,74,0-1,Black,<=5s vs 15-20s,1838
zVouWVRV,117,0-1,White,<=5s vs <=5s,2299
mBlv8gk4,75,1-0,White,<=5s vs 15-20s,1402
k47mQMHH,43,1-0,White,<=5s vs 10-15s,806
HlIKH1QM,70,0-1,Black,<=5s vs 15-20s,2588
fUVHvWoD,103,1-0,White,<=5s vs <=5s,2258
fYMMxw1X,88,0-1,Black,<=5s vs <=5s,1302
BmF3tKQi,80,1-0,Black,<=5s vs <=5s,2140
4tUx6J8V,64,0-1,Black,<=5s vs 10-15s,1876
0hqbdh2R,125,1-0,White,<=5s vs 5-10s,2094
1QCmjq5f,79,0-1,White,<=5s vs 5-10s,1099
4aD4REHW,56,0-1,Black,<=5s vs 15-20s,960
Jtx2Zyic,113,1-0,White,<=5s vs 5-10s,2138
k2lxggg7,106,1-0,Black,<=5s vs <=5s,1889
mmdJeA3d,63,1-0,White,<=5s vs 15-20s,2006
aT1eU9k8,81,1-0,White,<=5s vs 10-15s,1895
jM7bP4f5,39,1-0,White,<=5s vs 15-20s,1529
B2DqvsG2,53,1-0,White,<=5s vs 15-20s,1085
eUPmb33w,119,1-0,White,<=5s vs <=5s,2467
PZgv73Nw,85,1-0,White,<=5s vs 5-10s,2185
zk5KAODt,99,0-1,White,<=5s vs 5-10s,1830
Unmh8sCu,95,1-0,White,<=5s vs 5-10s,3117
DV9vtFQV,68,0-1,Black,<=5s vs 5-10s,1519
QrmT848X,78,0-1,Black,<=5s vs <=5s,1547
1esBlMPf,64,0-1,Black,<=5s vs 5-10s,2029
03gSrj7l,83,1-0,White,<=5s vs 5-10s,1984
JKljjfGf,55,1-0,White,<=5s vs 10-15s,1777
gzxkG58O,61,1-0,White,<=5s vs 5-10s,1866
P2djW2hk,46,0-1,Black,<=5s vs 5-10s,1630
i3uhKkSH,76,1-0,Black,<=5s vs 5-10s,2643
43sHm4Cn,50,0-1,Black,<=5s vs 10-15s,2040
LZC43sIZ,66,0-1,Black,<=5s vs <=5s,1225
aJTVqlSO,42,0-1,Black,<=5s vs 15-20s,1884
q4nNJYhr,147,1-0,White,<=5s vs 5-10s,2298
Wyrlm6hy,72,0-1,Black,<=5s vs <=5s,1650
zLnWQxt1,112,0-1,Black,<=5s vs 15-20s,2242
3W8fM2ft,77,1-0,White,<=5s vs 15-20s,2713
iAMHE5ZH,102,1/2-1/2,Black,<=5s vs 5-10s,2169
ry6RN6u7,66,0-1,Black,<=5s vs 5-10s,1802
aDdJoKjE,104,0-1,Black,<=5s vs 5-10s,2681
EZ0YarqY,65,1-0,White,<=5s vs 5-10s,1917
zll5UCwb,117,1/2-1/2,White,<=5s vs <=5s,1862
bjGCh0Xo,72,1-0,Black,<=5s vs 5-10s,2304
73LsVbri,95,1-0,White,<=5s vs 15-20s,2113
DU07LDTM,55,1-0,White,<=5s vs 15-20s,2537
mxoFKFBZ,56,0-1,Black,<=5s vs 15-20s,1727
podmkhl8,83,1-0,White,<=5s vs 15-20s,2522
zmU36F5M,93,0-1,White,<=5s vs 10-15s,2835
QIYfCp7t,126,1-0,Black,<=5s vs <=5s,2369
no8RMjvc,49,1-0,White,<=5s vs 10-15s,1473
RZEHvtuG,72,0-1,Black,<=5s vs 10-15s,2004
7h6aqHfl,131,1-0,White,<=5s vs 15-20s,2002
NTWsBwAD,51,1-0,White,<=5s vs 10-15s,1893
eLqDsnO0,74,0-1,Black,<=5s vs <=5s,1208
W2n1xpAZ,39,1-0,White,<=5s vs 15-20s,1132
PlNH6zWM,64,1-0,Black,<=5s vs <=5s,1923
gJ2OkpkP,74,0-1,Black,<=5s vs 5-10s,1860
6xGyuWVE,96,1/2-1/2,Black,<=5s vs 5-10s,1981
2GyIEJpH,55,1-0,White,<=5s vs 10-15s,1568
avVGrQLn,44,0-1,Black,<=5s vs 5-10s,2455
1ZwU8sm3,69,1-0,White,<=5s vs 15-20s,1949
YoWXHlP5,62,0-1,Black,<=5s vs 15-20s,1532
baQevyCG,78,0-1,Black,<=5s vs 5-10s,1464
FopbK6bb,78,0-1,Black,<=5s vs 5-10s,1705
lr4NU7Km,52,1-0,Black,<=5s vs 5-10s,1692
5131rJb3,66,0-1,Black,<=5s vs 15-20s,1858
QQPxth13,169,1/2-1/2,White,<=5s vs 15-20s,1866
aFnYrOyM,34,0-1,Black,<=5s vs 15-20s,1284
Vs8rkcGP,77,0-1,White,<=5s vs <=5s,1983
ADuq9cxx,103,1-0,White,<=5s vs <=5s,2631
vdsyZSGE,51,0-1,White,<=5s vs <=5s,975
Svfk3Yvm,97,0-1,White,<=5s vs <=5s,2055
KMwy7n8y,63,1-0,White,<=5s vs 5-10s,2415
a6t4zDUT,58,1-0,Black,<=5s vs 5-10s,2030
1HC0kB4d,73,1-0,White,<=5s vs 10-15s,2486
rhYUdC5W,54,0-1,Black,<=5s vs 5-10s,1060
0fW6BXtr,100,1-0,Black,<=5s vs 5-10s,1534
kZJiRi3e,71,1-0,White,<=5s vs 15-20s,2515
KC6dlAMf,51,1-0,White,<=5s vs 5-10s,1460
qDIUiAD3,93,1-0,White,<=5s vs 5-10s,1209
DKpLohNs,71,1-0,White,<=5s vs 15-20s,1787
6CvvBtWk,54,0-1,Black,<=5s vs 10-15s,2478
mroTUAuR,59,1-0,White,<=5s vs 5-10s,1475
xagPrvvQ,71,1-0,White,<=5s vs 10-15s,2643
54LabRy1,66,0-1,Black,<=5s vs 15-20s,1974
lqUmulTX,36,0-1,Black,<=5s vs 15-20s,1160
GiZbvCTu,86,0-1,Black,<=5s vs 15-20s,2316
9cc4KZVz,113,1-0,White,<=5s vs 5-10s,3070
5eOIEJ3a,70,0-1,Black,<=5s vs 10-15s,1843
Rq0JLRra,53,1-0,White,<=5s vs 10-15s,1359
L0JYul63,50,0-1,Black,<=5s vs 5-10s,1027
yEH6YsFK,71,1-0,White,<=5s vs 15-20s,2005
sLdbTuxq,76,0-1,Black,<=5s vs 5-10s,2960
QIGejnJb,57,1-0,White,<=5s vs 10-15s,1875
0EkY91sT,100,1/2-1/2,Black,<=5s vs 10-15s,2725
H5B8Ax6w,140,0-1,Black,<=5s vs 15-20s,1809
GUS9PUGB,78,0-1,Black,<=5s vs <=5s,1709
RiJ5xW1P,74,1-0,Black,<=5s vs <=5s,2430
TSwudFDu,82,0-1,Black,<=5s vs 10-15s,2053
cPaZXhgX,108,1-0,Black,<=5s vs <=5s,2372
3Bp0v0X7,57,1-0,White,<=5s vs 5-10s,2058
zfB8tZ7Q,73,1-0,White,<=5s vs 5-10s,1770
3OOHoNFL,79,1-0,White,<=5s vs 15-20s,2304
l5KzXArV,52,0-1,Black,<=5s vs 15-20s,1693
0SYCG95X,76,1-0,Black,<=5s vs <=5s,2152
mnNqlKku,68,0-1,Black,<=5s vs 5-10s,2406
QiS8eB5o,56,0-1,Black,<=5s vs 5-10s,1399
HsiwNs9p,44,0-1,Black,<=5s vs 5-10s,1000
SrhCqVk7,82,0-1,Black,<=5s vs 15-20s,1759
PkWq6ASy,49,1-0,White,<=5s vs 5-10s,838
cfuNV9P8,76,1-0,Black,<=5s vs <=5s,1318
1c6Wunhm,70,0-1,Black,<=5s vs 15-20s,1429
wynwOLD2,71,1-0,White,<=5s vs 5-10s,1272
Nae68173,107,0-1,White,<=5s vs <=5s,1986
slVHDjNs,80,0-1,Black,<=5s vs 5-10s,2450
y6kgXdor,60,0-1,Black,<=5s vs 10-15s,1690
aUraNP1K,65,1-0,White,<=5s vs 15-20s,2357
FWiqGam8,69,1-0,White,<=5s vs 5-10s,2210
vCaYMMIV,73,1-0,White,<=5s vs 5-10s,1136
9C9Tla4b,62,0-1,Black,<=5s vs <=5s,1594
ke4Tq74N,48,1-0,Black,<=5s vs 5-10s,1118
xiYKxaVz,56,0-1,Black,<=5s vs 5-10s,1320
hGmBuPqT,84,0-1,Black,<=5s vs 15-20s,2440
GAlcV3Ga,63,1-0,White,<=5s vs 10-15s,1706
4tInwU7t,75,1-0,White,<=5s vs 10-15s,1307
fEZikeHd,73,0-1,White,<=5s vs <=5s,1343
cUHDEgeT,95,1-0,White,<=5s vs <=5s,1569
CQTOgX9M,91,0-1,White,<=5s vs <=5s,2244
3Ylq5t4W,71,0-1,White,<=5s vs <=5s,1944
zfQHJJKs,70,0-1,Black,<=5s vs <=5s,2425
p6Hpqbpw,52,0-1,Black,<=5s vs 10-15s,1382
azjnMoZK,122,1/2-1/2,Black,<=5s vs <=5s,2105
qNiRGLYY,75,1-0,White,<=5s vs <=5s,1823
5qhDaiQP,82,0-1,Black,<=5s vs <=5s,2296
ZpHX6VnH,94,0-1,Black,<=5s vs <=5s,2409
tQhSNiBP,45,0-1,White,<=5s vs 5-10s,1382
jw1qU4gr,57,1-0,White,<=5s vs 10-15s,1642
FxD31FvP,83,1-0,White,<=5s vs 10-15s,1642
rZPsMNTt,51,1-0,White,<=5s vs 15-20s,1872
5hGtI6KZ,109,1-0,White,<=5s vs 15-20s,1671
gSy7lEIA,73,1-0,White,<=5s vs 5-10s,1193
ELnmnNfS,69,1-0,White,<=5s vs 5-10s,1860
Gyf6nxil,70,0-1,Black,<=5s vs 5-10s,1045
MKPiOQKS,91,1/2-1/2,White,<=5s vs 5-10s,2315
QhcAxp7x,70,0-1,Black,<=5s vs 5-10s,2057
sMRY2oXb,79,1-0,White,<=5s vs 5-10s,1643
RIwda2VK,88,0-1,Black,<=5s vs 15-20s,2610
OFUlBr7x,69,1-0,White,<=5s vs <=5s,2202
GBZhEqGr,88,1-0,Black,<=5s vs <=5s,1967
PpuCJOFw,76,1-0,Black,<=5s vs 5-10s,1948
lRHmKj2i,75,1-0,White,<=5s vs 15-20s,2481
NwFPKJVZ,46,0-1,Black,<=5s vs 15-20s,1658
cPclBo4l,69,1-0,White,<=5s vs 10-15s,1475
wqHRwLpv,81,1-0,White,<=5s vs 5-10s,1531
5PuB6CGQ,44,0-1,Black,<=5s vs 15-20s,1693
puELMfZJ,85,1-0,White,<=5s vs 15-20s,996
UN08QPDa,95,1-0,White,<=5s vs <=5s,1946
Z1SV7fcX,93,1-0,White,<=5s vs 5-10s,1870
pD0JwAB2,48,0-1,Black,<=5s vs 10-15s,1136
bDg5yM5M,70,0-1,Black,<=5s vs 10-15s,1321
HurqWpwS,72,0-1,Black,<=5s vs 5-10s,2556
llyWXheo,83,1-0,White,<=5s vs 10-15s,1704
U90VZa8P,72,1-0,Black,<=5s vs <=5s,1891
B5bZ8SWt,76,0-1,Black,<=5s vs 15-20s,1276
Zmc0SX1S,60,0-1,Black,<=5s vs 5-10s,1144
8wJLTnJ2,74,1/2-1/2,Black,<=5s vs 5-10s,2083
GZ5Xr0SD,74,0-1,Black,<=5s vs 5-10s,1847
qrIx3qNj,42,0-1,Black,<=5s vs <=5s,1094
Ln8Hnnxv,141,0-1,White,<=5s vs 5-10s,2631
MUkERj2V,59,1-0,White,<=5s vs 15-20s,1812
KehcLPUl,59,1-0,White,<=5s vs 15-20s,1970
TQaI7zY9,61,0-1,White,<=5s vs 10-15s,1532
U1U5R0OW,39,1-0,White,<=5s vs 5-10s,954
b0OsF4z9,59,0-1,White,<=5s vs 5-10s,1547
Z5KO7I5W,108,0-1,Black,<=5s vs 10-15s,2547
uBpW6koJ,75,1-0,White,<=5s vs 5-10s,1849
mH0Hj0cs,68,0-1,Black,<=5s vs 15-20s,1657
4eGIGDAj,76,1-0,Black,<=5s vs <=5s,1381
MNyTbBHL,98,1/2-1/2,Black,<=5s vs 10-15s,1763
WWXU6jFe,64,0-1,Black,<=5s vs 5-10s,1782
2YibiZcH,112,0-1,Black,<=5s vs 5-10s,2554
Klvq56ZX,88,0-1,Black,<=5s vs 10-15s,2335
96JnrHae,90,0-1,Black,<=5s vs 10-15s,2179
BCru4F0p,78,0-1,Black,<=5s vs 5-10s,1898
VkFMLtB9,77,1-0,White,<=5s vs 15-20s,1951
EeWHvIYY,105,1/2-1/2,White,<=5s vs 5-10s,2188
a8lWs1N4,80,0-1,Black,<=5s vs 10-15s,2329
9qaF5tbA,92,0-1,Black,<=5s vs 5-10s,2447
LUgBOYmf,82,0-1,Black,<=5s vs 5-10s,2142
AR9jUmPL,84,0-1,Black,<=5s vs <=5s,1819
NO2skY1u,52,1-0,Black,<=5s vs 10-15s,739
LKnVYLdu,114,1/2-1/2,Black,<=5s vs 10-15s,2642
afbEm5Kc,52,0-1,Black,<=5s vs 15-20s,1167
sB8kE80m,67,1-0,White,<=5s vs 10-15s,2084
2tPgDW7x,59,1-0,White,<=5s vs 15-20s,1228
6DUpPgwG,92,1-0,Black,<=5s vs 5-10s,2079
H6TlNSGR,86,0-1,Black,<=5s vs 5-10s,2268
lFqUxEMQ,59,1-0,White,<=5s vs 10-15s,2131
mC5kldi5,70,0-1,Black,<=5s vs 15-20s,1223
k55HNUSy,65,1-0,White,<=5s vs 15-20s,1777
QJ3H34bP,76,0-1,Black,<=5s vs 15-20s,1962
PZhXwZaM,57,1-0,White,<=5s vs 5-10s,1375
U7u7yjXY,111,1/2-1/2,White,<=5s vs <=5s,2410
eMtud03u,63,0-1,White,<=5s vs 5-10s,2109
hvoP0Nl5,66,0-1,Black,<=5s vs 5-10s,1603
7kruJzYa,78,0-1,Black,<=5s vs 15-20s,1713
7Gcwh32H,135,1-0,White,<=5s vs 15-20s,2056
Z9x9BQ80,65,1-0,White,<=5s vs 5-10s,1575
mwRzZLy7,45,1-0,White,<=5s vs 10-15s,1171
p7hs671M,53,0-1,White,<=5s vs 10-15s,1103
P8PwjHsz,79,1-0,White,<=5s vs 5-10s,2157
UE6JcJ3c,68,0-1,Black,<=5s vs 15-20s,1960
H2eAkCq0,106,0-1,Black,<=5s vs 5-10s,2556
EEH0lpkA,91,1-0,White,<=5s vs 5-10s,2176
Bszt1RUH,67,0-1,White,<=5s vs <=5s,2488
Zv9kPnD6,76,0-1,Black,<=5s vs 10-15s,1841
1XXSs9BL,46,1-0,Black,<=5s vs 10-15s,1943
ws7xNzBk,78,0-1,Black,<=5s vs 15-20s,2430
Qj2IG1eb,40,0-1,Black,<=5s vs 15-20s,1251
QpffCDGP,70,0-1,Black,<=5s vs 5-10s,1878
nbSWn4Px,72,0-1,Black,<=5s vs 10-15s,1772
vvAGEZJe,68,0-1,Black,<=5s vs <=5s,1615
SMzqAJgP,92,0-1,Black,<=5s vs 5-10s,1982
zaI6wgvA,77,1-0,White,<=5s vs 5-10s,1517
1CS4en2W,101,1/2-1/2,White,<=5s vs 5-10s,2443
HpdIb5q2,62,1-0,Black,<=5s vs 10-15s,1307
TubrkNyy,58,0-1,Black,<=5s vs 5-10s,1175
yvCXHBet,91,1-0,White,<=5s vs 15-20s,2491
2FGYg6gh,64,0-1,Black,<=5s vs 10-15s,1115
dMusIIbC,74,0-1,Black,<=5s vs 5-10s,1526
ZJJ20e4l,53,1-0,White,<=5s vs 15-20s,1357
P8rHnn29,76,1-0,Black,<=5s vs 5-10s,2406
SKOtZiba,87,1-0,White,<=5s vs 5-10s,1838
shPh4IMv,98,0-1,Black,<=5s vs <=5s,1753
rBT6UOa8,70,0-1,Black,<=5s vs <=5s,1368
9GQka8Vz,63,1-0,White,<=5s vs 15-20s,1250
qcG0o7JL,59,0-1,White,<=5s vs <=5s,1776
Rf1YQeKv,70,0-1,Black,<=5s vs <=5s,1684
XR2NOnBU,114,1-0,Black,<=5s vs 5-10s,2335
QIOsxzCO,128,1/2-1/2,Black,<=5s vs 5-10s,2426
J7Y7yxr3,60,0-1,Black,<=5s vs 15-20s,958
gWjfygZS,61,1-0,White,<=5s vs 5-10s,1174
Frjtu42X,122,0-1,Black,<=5s vs 5-10s,1953
sgf8anWW,62,0-1,Black,<=5s vs <=5s,1236
woVInBk7,47,1-0,White,<=5s vs 15-20s,1906
MQy7oV84,68,0-1,Black,<=5s vs 15-20s,2047
QPBaTVWZ,81,1-0,White,<=5s vs 5-10s,2025
AtYkzG44,66,0-1,Black,<=5s vs 10-15s,1744
03w5FD4N,45,1-0,White,<=5s vs 10-15s,1925
Ahm8H7CI,117,1-0,White,<=5s vs 5-10s,2390
p42zmBtS,89,1-0,White,<=5s vs <=5s,1674
HRrf8oZo,95,0-1,White,<=5s vs 15-20s,2147
QzN3XeoK,62,0-1,Black,<=5s vs 15-20s,1598
uF9dbkPE,82,1-0,Black,<=5s vs 15-20s,1667
MhfDQYmH,80,1-0,Black,<=5s vs 5-10s,2109
SKlYFyQO,48,0-1,Black,<=5s vs 15-20s,828
f0IQeQbW,82,0-1,Black,<=5s vs 5-10s,1710
RwAvCegK,56,0-1,Black,<=5s vs 10-15s,1522
ruk1VOUZ,51,1-0,White,<=5s vs 15-20s,1941
hm5vktSk,125,1-0,White,<=5s vs 5-10s,2212
Nsr1sJEy,69,1-0,White,<=5s vs 5-10s,2598
CJHW6N7I,54,0-1,Black,<=5s vs 15-20s,2115
JCRHi37e,72,0-1,Black,<=5s vs 10-15s,2249
nlZtVJIO,45,1-0,White,<=5s vs 15-20s,1350
ZCARVVbx,78,0-1,Black,<=5s vs 15-20s,1807
GpoymGBu,99,0-1,White,<=5s vs <=5s,2529
4vC19nOG,71,1-0,White,<=5s vs 5-10s,1697
mObWL0iv,73,0-1,White,<=5s vs 5-10s,2035
8fj0nptW,82,1-0,Black,<=5s vs <=5s,2261
E3rFRP0A,79,0-1,White,<=5s vs 5-10s,1998
9SYQKI6V,64,0-1,Black,<=5s vs 10-15s,1668
Zm0jfPyJ,111,1-0,White,<=5s vs 15-20s,1642
Gagn6PVM,63,1-0,White,<=5s vs 15-20s,2043
FstR52K5,67,1-0,White,<=5s vs 15-20s,2055
jSufR3jw,65,0-1,White,<=5s vs 5-10s,1871
5njar7jN,50,0-1,Black,<=5s vs 15-20s,944
qdjjMnPx,44,0-1,Black,<=5s vs 10-15s,967
k64I5y6y,60,0-1,Black,<=5s vs 5-10s,1938
qrFvMtb1,72,0-1,Black,<=5s vs 15-20s,2449
MKGcW8HI,64,0-1,Black,<=5s vs 10-15s,1628
DmX6116D,56,0-1,Black,<=5s vs 5-10s,2265
I77pE297,49,1-0,White,<=5s vs 15-20s,1164
3kOSb03p,92,1-0,Black,<=5s vs <=5s,1777
iyvchBZP,74,0-1,Black,<=5s vs 5-10s,2226
neGtUO4i,80,0-1,Black,<=5s vs <=5s,2020
WLTEZzF9,123,1-0,White,<=5s vs 10-15s,1685
3zuyxfnU,61,1-0,White,<=5s vs 15-20s,2062
Q7RK9swL,74,0-1,Black,<=5s vs 10-15s,2060
yFjcu8pO,88,0-1,Black,<=5s vs 15-20s,2388
djPftnSg,61,1-0,White,<=5s vs 10-15s,1500
3YvQVWwy,99,1-0,White,<=5s vs 15-20s,2107
7LgWjTwt,177,1/2-1/2,White,<=5s vs 10-15s,1968
5OnfRpw9,82,0-1,Black,<=5s vs 5-10s,1449
WNkkxJNZ,72,0-1,Black,<=5s vs 10-15s,2163
bRnyiakE,50,0-1,Black,<=5s vs 5-10s,1093
hrCPY8b1,75,1-0,White,<=5s vs 15-20s,2110
BO8PmKca,85,1-0,White,<=5s vs 5-10s,1847
6ZsrmC1W,80,0-1,Black,<=5s vs 10-15s,2484
ECD6raPT,78,0-1,Black,<=5s vs 15-20s,2398
1qbmk3Uq,69,1-0,White,<=5s vs 10-15s,2105
r5AHnMcM,55,1-0,White,<=5s vs 15-20s,1830
DfUenlan,62,1-0,Black,<=5s vs 10-15s,1614
RGZ8Klbl,98,0-1,Black,<=5s vs 5-10s,2459
oJwkG1kR,59,1-0,White,<=5s vs 15-20s,1903
cA5Ab8XK,54,0-1,Black,<=5s vs 15-20s,2239
AqgycJO0,80,0-1,Black,<=5s vs 5-10s,2259
Md6J0TK5,61,0-1,White,<=5s vs 5-10s,2361
nmJuSgmk,80,0-1,Black,<=5s vs <=5s,2161
LwfOXkZi,82,0-1,Black,<=5s vs 5-10s,2067
Iz9R9xDy,74,0-1,Black,<=5s vs 5-10s,2444
y4IR9DFz,75,0-1,White,<=5s vs 5-10s,1734
YNtfW4iZ,68,0-1,Black,<=5s vs 10-15s,2392
YS3p9lmY,55,1-0,White,<=5s vs 10-15s,1034
B6YsbBho,61,0-1,White,<=5s vs 5-10s,2210
CCVd7gHV,81,1/2-1/2,White,<=5s vs 15-20s,2696
OaFzlsyM,90,1/2-1/2,Black,<=5s vs 10-15s,2195
KAVZIaW5,48,0-1,Black,<=5s vs 5-10s,917
FrTrsAv3,100,0-1,Black,<=5s vs 15-20s,2041
PtMQyN3J,36,0-1,Black,<=5s vs 15-20s,1402
ROYRyJDZ,72,0-1,Black,<=5s vs 15-20s,1654
kNUL3U0H,108,0-1,Black,<=5s vs 15-20s,1914
8rIMInA1,64,0-1,Black,<=5s vs 10-15s,2132
EmQ2z4C9,125,1-0,White,<=5s vs 10-15s,2309
HtP8KpXJ,145,0-1,White,<=5s vs <=5s,2412
apfn2Qx9,64,0-1,Black,<=5s vs 5-10s,1581
T0xMPoSh,43,1/2-1/2,White,<=5s vs 10-15s,1383
Jz4gqp1O,67,1-0,White,<=5s vs 10-15s,1890
mTYr2AqT,42,0-1,Black,<=5s vs 15-20s,1535
k4U5UhLj,71,1-0,White,<=5s vs 10-15s,2074
V5IRKN6m,95,1-0,White,<=5s vs <=5s,2361
Flg2PQcG,76,0-1,Black,<=5s vs 15-20s,1842
fWqN24Ja,110,0-1,Black,<=5s vs 5-10s,2268
R8hU74ni,102,1-0,Black,<=5s vs 15-20s,1945
lRW36yBS,73,1-0,White,<=5s vs 10-15s,2212
4z6H6A8p,71,1-0,White,<=5s vs 10-15s,1300
ip2KdhJ7,57,1-0,White,<=5s vs 15-20s,2045
cKqO9XKS,65,1-0,White,<=5s vs 5-10s,1938
qvhvP1XJ,43,1-0,White,<=5s vs 5-10s,1021
T8liKv0m,69,1-0,White,<=5s vs 15-20s,2243
2jJBzC7U,78,0-1,Black,<=5s vs 15-20s,1935
RqPAqwvF,110,0-1,Black,<=5s vs 5-10s,1639
RfkJYjVS,111,1-0,White,<=5s vs 10-15s,1962
Rq8p64j3,123,1/2-1/2,White,<=5s vs 10-15s,2347
RaPRay37,77,1-0,White,<=5s vs 5-10s,1575
DSNGj9c2,63,1-0,White,<=5s vs 10-15s,1883
ezeFqs8H,78,0-1,Black,<=5s vs 5-10s,1924
NaOx21Cp,51,0-1,White,<=5s vs 5-10s,1197
ccFYFIgf,38,0-1,Black,<=5s vs 15-20s,1429
JGKna9mU,67,0-1,White,<=5s vs <=5s,1557
b8W8Oi4q,53,1-0,White,<=5s vs 15-20s,1266
bEc0zDTi,79,1-0,White,<=5s vs 10-15s,2690
HuBcd1n2,76,1-0,Black,<=5s vs <=5s,1845
iZHN4YJf,70,0-1,Black,<=5s vs <=5s,2257
HaYuBSiA,72,0-1,Black,<=5s vs 15-20s,2200
yMWMH4YP,66,0-1,Black,<=5s vs <=5s,1369
ks2mw4gK,39,0-1,White,<=5s vs 5-10s,1553
bo1UUsnI,141,1-0,White,<=5s vs 15-20s,2245
9hZ8Tuvw,73,1-0,White,<=5s vs 5-10s,2567
VeNuZtEN,73,1-0,White,<=5s vs 5-10s,2322
6nLS6ox7,58,0-1,Black,<=5s vs 5-10s,1182
fG8fgLte,64,0-1,Black,<=5s vs 5-10s,1658
ElsOMpfb,77,1-0,White,<=5s vs 15-20s,1762
VA10KXoC,51,1-0,White,<=5s vs 15-20s,1515
uBAmetF1,55,1-0,White,<=5s vs 15-20s,2088
adTEzkql,66,0-1,Black,<=5s vs 15-20s,1285
f1KPF9ez,69,1-0,White,<=5s vs 15-20s,1496
XutOymU9,52,0-1,Black,<=5s vs 15-20s,1356
kL5GHrfC,61,0-1,White,<=5s vs <=5s,1796
RzLB5WOm,67,1-0,White,<=5s vs <=5s,1921
WHu1f2I7,78,0-1,Black,<=5s vs 10-15s,1093
JPz7Uiwv,55,1-0,White,<=5s vs 10-15s,1482
erq7xTdG,53,1-0,White,<=5s vs 10-15s,1562
6hknS7dw,95,1/2-1/2,White,<=5s vs 5-10s,2294
P3urFBsb,74,0-1,Black,<=5s vs 5-10s,1164
A5ya1202,64,0-1,Black,<=5s vs 10-15s,1544
spf9Lokv,55,1-0,White,<=5s vs 15-20s,2230
D9cTiy01,57,1-0,White,<=5s vs <=5s,1387
FJpmweHc,98,0-1,Black,<=5s vs <=5s,1569
rUEWTViE,40,0-1,Black,<=5s vs 10-15s,979
Wj1CptVp,91,1-0,White,<=5s vs 5-10s,1665
TEQxXViR,77,0-1,White,<=5s vs 15-20s,2045
Yt0GcETT,58,1-0,Black,<=5s vs 15-20s,1229
XNqxFFy0,95,1-0,White,<=5s vs 10-15s,1671
5K0LOd3Z,97,1-0,White,<=5s vs 5-10s,2050
e83krX5W,52,0-1,Black,<=5s vs 15-20s,1675
Ya7MU48J,193,1-0,White,<=5s vs <=5s,2394
kvmOVRjW,61,1-0,White,<=5s vs 15-20s,2187
QQxvVfai,57,1-0,White,<=5s vs 10-15s,1354
MuqZfcM2,83,1-0,White,<=5s vs 5-10s,2295
9aSzIAOj,40,0-1,Black,<=5s vs 15-20s,1019
LJZXQU3g,62,0-1,Black,<=5s vs 15-20s,2119
tyAhZ52o,82,1-0,Black,<=5s vs 5-10s,3057
esNZq3bl,116,1-0,Black,<=5s vs <=5s,2600
Z5RRqBrB,119,1/2-1/2,White,<=5s vs 5-10s,2329
z6PA8cBa,71,1-0,White,<=5s vs 10-15s,1893
1MRRvCoz,94,1-0,Black,<=5s vs <=5s,2021
LpV6UnOf,58,0-1,Black,<=5s vs 5-10s,1131
S7C3zPps,80,0-1,Black,<=5s vs 5-10s,2046
ejGqgW8T,56,0-1,Black,<=5s vs 5-10s,1332
iyplG1Zh,78,0-1,Black,<=5s vs 5-10s,1978
8bKaghuy,101,1-0,White,<=5s vs 5-10s,2433
qYOs9Bl2,57,1-0,White,<=5s vs 5-10s,1170
9fpLJ7Pd,65,1-0,White,<=5s vs 15-20s,1142
fFjkFC2w,117,0-1,White,<=5s vs <=5s,2129
0P0SQqok,66,1-0,Black,<=5s vs <=5s,1584
a4gUzrHB,64,0-1,Black,<=5s vs 5-10s,1385
P0IiNTiU,77,1/2-1/2,White,<=5s vs 10-15s,2215
SqC7u73F,120,1/2-1/2,Black,<=5s vs <=5s,2346
j7k2oj0Z,76,1-0,Black,<=5s vs 10-15s,1296
71DbTygh,78,0-1,Black,<=5s vs 10-15s,1459
QCCQbNZO,62,0-1,Black,<=5s vs 5-10s,1598
f84Rkyoz,70,0-1,Black,<=5s vs 10-15s,1761
334XEveV,83,1-0,White,<=5s vs 5-10s,2073
MrqPb9Ya,92,1/2-1/2,Black,<=5s vs 10-15s,1945
CSBuActG,92,1-0,Black,<=5s vs <=5s,2248
wsNhXqE9,77,1-0,White,<=5s vs 15-20s,1981
ASYcpznx,88,1/2-1/2,Black,<=5s vs 5-10s,1554
9BKECHxv,76,0-1,Black,<=5s vs 5-10s,2476
p3p0zqq2,67,1-0,White,<=5s vs 15-20s,1801
HeiJacvR,64,0-1,Black,<=5s vs <=5s,2116
MiitXYzj,66,0-1,Black,<=5s vs 10-15s,1794
9jbQQ0PY,108,1-0,Black,<=5s vs 5-10s,1709
M5OecY0t,70,1-0,Black,<=5s vs 5-10s,1986
jMxxx90h,46,0-1,Black,<=5s vs 5-10s,1001
dS0o7vtL,58,0-1,Black,<=5s vs 15-20s,1592
gHXOcwqu,36,0-1,Black,<=5s vs 10-15s,864
S2JlCUH4,84,0-1,Black,<=5s vs 10-15s,2380
VmP1ysDq,83,1-0,White,<=5s vs 10-15s,2673
CMiTx5V7,42,0-1,Black,<=5s vs <=5s,1365
rcUS5xOp,50,0-1,Black,<=5s vs 10-15s,1664
L76zY7Hv,80,0-1,Black,<=5s vs 5-10s,1160
nR3B0gYI,79,1-0,White,<=5s vs 10-15s,1661
ve69RKAE,70,1-0,Black,<=5s vs <=5s,1632
W1X4858W,91,1-0,White,<=5s vs 10-15s,2098
MDxWU5EI,57,1-0,White,<=5s vs 10-15s,1250
KgHEkLHg,58,0-1,Black,<=5s vs 5-10s,1625
ESRCBTBf,78,0-1,Black,<=5s vs <=5s,1895
OccjICFy,102,0-1,Black,<=5s vs 5-10s,2849
qB4sPUGk,54,0-1,Black,<=5s vs 15-20s,1238
bp5t8lUt,96,0-1,Black,<=5s vs 5-10s,2408
IiUBLCd0,95,1-0,White,<=5s vs 15-20s,2039
DMNPbzl9,61,1-0,White,<=5s vs 10-15s,1524
Qssz2Jaf,69,1-0,White,<=5s vs 10-15s,2329
t2SPQJu1,55,1-0,White,<=5s vs 5-10s,1452
equC1LeL,80,0-1,Black,<=5s vs <=5s,1876
azJQJf5M,90,0-1,Black,<=5s vs 10-15s,2490
7XsYwLWR,136,1/2-1/2,Black,<=5s vs 10-15s,1754
7ajiXoJl,95,1-0,White,<=5s vs 15-20s,2560
VAT9VpUT,113,1-0,White,<=5s vs 10-15s,2304
ZU0IMHAe,120,0-1,Black,<=5s vs 15-20s,2648
94XOblCz,85,1-0,White,<=5s vs <=5s,2412
gStZDwvZ,75,1-0,White,<=5s vs 10-15s,1826
p56ECjxI,56,0-1,Black,<=5s vs 10-15s,1241
B0oDhasB,60,0-1,Black,<=5s vs 15-20s,1844
VOt7SXok,63,1-0,White,<=5s vs 10-15s,1366
BWCE3S1g,89,1-0,White,<=5s vs 5-10s,2211
E0WEcy54,89,1-0,White,<=5s vs <=5s,2467
xdcEy2zk,46,0-1,Black,<=5s vs 15-20s,1299
wwlCzro9,64,0-1,Black,<=5s vs 15-20s,1661
GOexpDCn,64,0-1,Black,<=5s vs <=5s,1880
5FoU5kZq,66,0-1,Black,<=5s vs <=5s,1353
nYdIKrTY,55,0-1,White,<=5s vs <=5s,1319
Slj9WS99,74,0-1,Black,<=5s vs 15-20s,1855
HvbQW4wp,70,0-1,Black,<=5s vs 15-20s,2179
MCGzPJWa,112,0-1,Black,<=5s vs 10-15s,2028
9jtpCpvy,48,0-1,Black,<=5s vs 10-15s,1299
a15HbgYh,53,1-0,White,<=5s vs 5-10s,1303
AztgUhko,60,0-1,Black,<=5s vs 5-10s,1826
8uZBct4v,87,0-1,White,<=5s vs 5-10s,1850
IgwfMjiw,123,1-0,White,<=5s vs 5-10s,2483
HsO7NVr4,92,0-1,Black,<=5s vs 10-15s,2036
8ArqJlwu,134,1-0,Black,<=5s vs <=5s,2352
gSSvwreF,53,1-0,White,<=5s vs 5-10s,1241
FKaDcPSl,91,0-1,White,<=5s vs 15-20s,2229
BFsQdxac,68,1-0,Black,<=5s vs <=5s,1856
bw3a6e96,70,0-1,Black,<=5s vs 5-10s,1993
0gZcQz1Y,62,1-0,Black,<=5s vs <=5s,1494
opLbcV30,80,0-1,Black,<=5s vs 5-10s,1340
NRgMRabd,87,1-0,White,<=5s vs 15-20s,2115
hUVjKiYj,47,1-0,White,<=5s vs 15-20s,1005
ThcDvqIj,74,0-1,Black,<=5s vs 5-10s,2109
IK50amcd,90,0-1,Black,<=5s vs 5-10s,2378
q7BCjR19,119,1/2-1/2,White,<=5s vs 10-15s,1901
4JJB45I3,72,0-1,Black,<=5s vs 10-15s,1794
F5fcyrln,49,1-0,White,<=5s vs 10-15s,1022
ZTkxdDEq,85,1-0,White,<=5s vs 10-15s,1357
XCwMUs8b,127,1-0,White,<=5s vs <=5s,2270
drxNRlXL,63,1-0,White,<=5s vs 5-10s,1904
9czfJwx5,91,1-0,White,<=5s vs 5-10s,1808
IKHm15o0,101,1/2-1/2,White,<=5s vs 15-20s,2537
QsZ9b7fg,85,1-0,White,<=5s vs 15-20s,2466
y8kaUblm,74,0-1,Black,<=5s vs 10-15s,2425
Tweygk62,44,0-1,Black,<=5s vs 5-10s,1181
6qkjl6a5,49,1-0,White,<=5s vs 5-10s,820
knFMfvIf,112,1/2-1/2,Black,<=5s vs <=5s,2149
bD91Mcy2,77,1-0,White,<=5s vs <=5s,1960
bPrejAKv,92,0-1,Black,<=5s vs <=5s,1305
AxNplFUB,67,1-0,White,<=5s vs 10-15s,1701
vfsdxTSg,107,0-1,White,<=5s vs 5-10s,2421
7EIKifMc,36,0-1,Black,<=5s vs 15-20s,1045
DNxnyjSm,59,1-0,White,<=5s vs 15-20s,1672
RqTlzK8m,51,1-0,White,<=5s vs 10-15s,1057
nIJnjotM,58,1-0,Black,<=5s vs 5-10s,1487
lDyG2JtI,87,1-0,White,<=5s vs 5-10s,2089
3hSCOwTj,63,1-0,White,<=5s vs 10-15s,1542
TMvDbmET,89,1/2-1/2,White,<=5s vs 5-10s,2240
73ApNZ9b,58,0-1,Black,<=5s vs 15-20s,1769
Wi0dYRbq,52,0-1,Black,<=5s vs 15-20s,892
mUjI0UED,73,1-0,White,<=5s vs 10-15s,1457
E3AFODe2,55,1-0,White,<=5s vs 15-20s,2260
v1bs7wmd,55,1-0,White,<=5s vs 10-15s,1843
fm8kWsMB,68,0-1,Black,<=5s vs 10-15s,2272
FHqAqZDQ,98,0-1,Black,<=5s vs 15-20s,2127
J1xIfF9D,49,1-0,White,<=5s vs 10-15s,1509
8sjSTv5T,96,1-0,Black,<=5s vs <=5s,2146
Icqs9j1O,56,0-1,Black,<=5s vs 15-20s,1600
spwNx7cg,52,1-0,Black,<=5s vs 5-10s,868
jG4ZfYMy,81,1-0,White,<=5s vs 10-15s,1564
59ypXBra,93,1/2-1/2,White,<=5s vs 5-10s,2886
j7zROHfO,78,0-1,Black,<=5s vs 15-20s,1800
es5xGdL4,96,0-1,Black,<=5s vs 10-15s,1617
wUuf35PP,76,0-1,Black,<=5s vs 15-20s,2353
RBDb6K7O,66,0-1,Black,<=5s vs <=5s,1964
4D7AW3f1,86,0-1,Black,<=5s vs 10-15s,1884
kSF7VM4W,78,0-1,Black,<=5s vs 5-10s,1451
HtspRtUa,44,0-1,Black,<=5s vs 5-10s,1128
MMhCvELj,97,1-0,White,<=5s vs 10-15s,2006
5T8F3fZW,63,1-0,White,<=5s vs 10-15s,2062
ouKSmZto,59,0-1,White,<=5s vs 15-20s,2206
2Je6ssv9,95,1-0,White,<=5s vs 5-10s,2435
KWz2v1KW,94,0-1,Black,<=5s vs 5-10s,1749
jT0eK1GJ,68,0-1,Black,<=5s vs 15-20s,1443
eq8hc03J,61,1-0,White,<=5s vs 15-20s,1558
WOwTzRwj,70,0-1,Black,<=5s vs 5-10s,2335
YIkgElbA,64,0-1,Black,<=5s vs <=5s,1347
FxRkAMPW,62,0-1,Black,<=5s vs <=5s,2041
HyiDqJhI,68,0-1,Black,<=5s vs 5-10s,1345
ZvE18KWF,102,0-1,Black,<=5s vs <=5s,2465
Q7DULYpC,49,1-0,White,<=5s vs 15-20s,2003
nAzR3Scd,81,1-0,White,<=5s vs 5-10s,2228
At2pQVSK,86,0-1,Black,<=5s vs 15-20s,2014
m1V06U32,80,1-0,Black,<=5s vs 5-10s,2298
47Ua0hlC,56,0-1,Black,<=5s vs 10-15s,1837
18ljfJgl,116,1-0,Black,<=5s vs <=5s,2650
MSrVH8Qb,98,0-1,Black,<=5s vs <=5s,2663
Z22gsAQw,110,0-1,Black,<=5s vs 10-15s,2413
9qcCUC3Y,78,0-1,Black,<=5s vs 10-15s,2735
ERY1Qr70,77,0-1,White,<=5s vs <=5s,1559
2hCXgioI,102,1-0,Black,<=5s vs <=5s,2353
Mqp5AvR0,68,1-0,Black,<=5s vs <=5s,1604
vbSDMjtV,73,1-0,White,<=5s vs 5-10s,1563
fX759kOf,42,0-1,Black,<=5s vs 15-20s,1025
JuvAp4We,108,0-1,Black,<=5s vs 15-20s,2266
km6Kd0Tk,87,1-0,White,<=5s vs 5-10s,2067
iDoXYhU9,71,0-1,White,<=5s vs 10-15s,1933
VQ9TaI1Y,39,1-0,White,<=5s vs 5-10s,890
2yd7bpqG,49,1-0,White,<=5s vs 15-20s,1243
M2ivsWiR,65,1-0,White,<=5s vs 15-20s,1531
Nu84uNqW,39,1-0,White,<=5s vs 10-15s,1013
ci9NtHKZ,77,1-0,White,<=5s vs 10-15s,1599
ederi4QJ,106,1-0,Black,<=5s vs <=5s,2438
hXUIHqb1,48,0-1,Black,<=5s vs 15-20s,1272
KA68fBzq,68,1/2-1/2,Black,<=5s vs 10-15s,2234
QtiNlAMV,60,0-1,Black,<=5s vs <=5s,1047
YbsAXnfq,95,0-1,White,<=5s vs <=5s,1937
jLkoHaeT,57,1-0,White,<=5s vs 15-20s,1446
1ylVgM40,85,1-0,White,<=5s vs 10-15s,2325
QEXOxkRE,86,0-1,Black,<=5s vs <=5s,1968
9Br1d7ah,74,0-1,Black,<=5s vs 10-15s,1628
5rE91Q08,82,0-1,Black,<=5s vs 15-20s,1889
NZ4WnPVG,198,1/2-1/2,Black,<=5s vs 5-10s,2613
jpermSCR,59,1-0,White,<=5s vs 10-15s,1176
YuCDrPys,97,1-0,White,<=5s vs 5-10s,2274
e3OMuGtB,51,0-1,White,<=5s vs 5-10s,1526
SqF3p3oM,102,0-1,Black,<=5s vs 5-10s,2483
5Qy79qXB,97,1-0,White,<=5s vs 5-10s,2106
Y9RMSOEQ,69,1-0,White,<=5s vs 10-15s,1567
Fxw5D9ZR,94,0-1,Black,<=5s vs 5-10s,2446
yXpRFKUD,52,0-1,Black,<=5s vs 15-20s,1254
yLWbYXVS,56,0-1,Black,<=5s vs 5-10s,1221
iv1zMTRe,78,0-1,Black,<=5s vs 5-10s,2202
QMP1tDIH,106,0-1,Black,<=5s vs <=5s,2167
3qhSGuSw,66,0-1,Black,<=5s vs 5-10s,1474
ZnCHC964,58,0-1,Black,<=5s vs 5-10s,838
Ic7itx9X,111,1-0,White,<=5s vs 15-20s,1961
xgZUtsNR,78,1-0,Black,<=5s vs 5-10s,2509
CYatLycU,42,1-0,Black,<=5s vs <=5s,1103
KjgDOcT5,64,1-0,Black,<=5s vs <=5s,1740
GZoqgHFu,77,1-0,White,<=5s vs 5-10s,2306
lO5Rwz8v,74,0-1,Black,<=5s vs 15-20s,1537
d7dKD6V3,57,1-0,White,<=5s vs 10-15s,971
6UXApcNy,42,0-1,Black,<=5s vs 10-15s,1244
TpfDHg7D,69,1/2-1/2,White,<=5s vs <=5s,1626
fJC1WUsU,56,0-1,Black,<=5s vs 5-10s,1304
GEubeaeP,73,1-0,White,<=5s vs 5-10s,1739
LhWWNtMu,84,0-1,Black,<=5s vs <=5s,1845
AblXUc0k,81,1-0,White,<=5s vs 5-10s,1948
FTYQq8jw,93,0-1,White,<=5s vs <=5s,2546
yfIzDKeR,82,0-1,Black,<=5s vs 15-20s,2536
iErexR9k,84,1-0,Black,<=5s vs 5-10s,1822
6aqAMhoO,88,0-1,Black,<=5s vs 15-20s,2190
rx5ionLF,57,0-1,White,<=5s vs <=5s,1504
umgeYnml,60,0-1,Black,<=5s vs 10-15s,1730
kM07zw8N,79,1-0,White,<=5s vs 5-10s,1901
NODP1tOX,66,0-1,Black,<=5s vs 15-20s,1175
7i4qUXMt,46,0-1,Black,<=5s vs 5-10s,1264
f3wNssI0,83,1-0,White,<=5s vs 15-20s,2030
eX9aemeF,61,1-0,White,<=5s vs 10-15s,2027
CGPihSpM,54,0-1,Black,<=5s vs 10-15s,1606
v0goUr1y,69,0-1,White,<=5s vs <=5s,2009
shb9ClgW,87,1-0,White,<=5s vs 10-15s,1690
A3GuJFE2,92,0-1,Black,<=5s vs 5-10s,1778
CWflCdF2,85,1-0,White,<=5s vs 5-10s,1890
FCncRSpI,64,0-1,Black,<=5s vs 15-20s,1898
VrIyt2Fi,52,1-0,Black,<=5s vs <=5s,1893
OtUIo01C,93,0-1,White,<=5s vs 15-20s,2366
5AV1KD3L,61,1-0,White,<=5s vs 15-20s,2914
Syp03g23,59,1-0,White,<=5s vs 10-15s,1859
0y6h9MXe,81,1-0,White,<=5s vs 10-15s,1357
jIyhdScR,119,0-1,White,<=5s vs 5-10s,1412
rebRgx3w,76,0-1,Black,<=5s vs 5-10s,1678
2togPnFV,136,0-1,Black,<=5s vs 15-20s,2756
VkX7uQ1l,76,0-1,Black,<=5s vs 10-15s,2315
0kFPX9xR,114,1/2-1/2,Black,<=5s vs 15-20s,2018
6rp8hGD8,82,1-0,Black,<=5s vs 5-10s,1743
hIO9ow1d,77,0-1,White,<=5s vs 10-15s,1887
BjC5WmFs,47,1-0,White,<=5s vs 5-10s,1043
3Zj2EQUZ,59,1-0,White,<=5s vs 5-10s,1232
RdcRphik,119,0-1,White,<=5s vs <=5s,1368
0UCxSgTX,95,1-0,White,<=5s vs 10-15s,2239
SmvAqVtB,54,0-1,Black,<=5s vs 15-20s,1855
HznS0bZW,78,0-1,Black,<=5s vs 5-10s,1961
0L4L6ROv,61,1-0,White,<=5s vs 15-20s,2126
dpm0MSYl,67,1-0,White,<=5s vs 5-10s,1159
cAssai4Z,65,1-0,White,<=5s vs 10-15s,2585
ugaUR5Lh,55,1-0,White,<=5s vs 5-10s,1046
93n0tZKs,47,1-0,White,<=5s vs 10-15s,1109
L9SURQgT,123,0-1,White,<=5s vs <=5s,2819
PGElFRlM,107,0-1,White,<=5s vs <=5s,2294
jNH1MJhC,101,1-0,White,<=5s vs 15-20s,2578
tmdj2xh9,71,1-0,White,<=5s vs 10-15s,1810
Cthrxlat,101,1-0,White,<=5s vs 10-15s,2203
SJHBvTiE,66,0-1,Black,<=5s vs 10-15s,1781
aH09m0NV,85,1-0,White,<=5s vs 5-10s,2418
j20eJNQR,61,1-0,White,<=5s vs 5-10s,1500
1wroHuvQ,61,1-0,White,<=5s vs 10-15s,1567
OU2tvfu0,69,0-1,White,<=5s vs <=5s,2265
F8PrCp8v,52,0-1,Black,<=5s vs 10-15s,1159
2DFRTWo6,82,0-1,Black,<=5s vs 10-15s,1885
DG6HTrpa,57,1-0,White,<=5s vs 15-20s,1066
lZtNE21x,48,0-1,Black,<=5s vs 10-15s,1837
QcuU1uTu,60,0-1,Black,<=5s vs 15-20s,2156
Rodzrpnp,112,0-1,Black,<=5s vs 10-15s,2554
4RDOjhYb,58,0-1,Black,<=5s vs 5-10s,2418
eu2RTi11,79,1/2-1/2,White,<=5s vs 10-15s,2063
TYjEjCIK,128,1-0,Black,<=5s vs <=5s,2368
RoB4luMg,106,0-1,Black,<=5s vs <=5s,2538
bZeY7CFf,61,1-0,White,<=5s vs 10-15s,1760
8G8BjuRi,151,1-0,White,<=5s vs 15-20s,1764
rf8DuTPy,88,0-1,Black,<=5s vs 5-10s,1611
2gDWMtyW,55,1-0,White,<=5s vs 10-15s,1474
LMR2VdRo,73,0-1,White,<=5s vs 5-10s,1882
mLSGCpX1,55,1-0,White,<=5s vs 15-20s,1047
IcTy1MRb,80,0-1,Black,<=5s vs 15-20s,1922
ymzIqIyF,55,1-0,White,<=5s vs 15-20s,1597
RW0FzFwH,60,0-1,Black,<=5s vs 10-15s,1977
ZipJWI9S,46,0-1,Black,<=5s vs 10-15s,1686
QtARrbyu,75,1-0,White,<=5s vs 15-20s,1181
cdNFX9KM,59,0-1,White,<=5s vs 5-10s,1835
kFrAKsFy,64,0-1,Black,<=5s vs 10-15s,1715
rJqOvrZo,67,1-0,White,<=5s vs 5-10s,2288
4d7FLi02,110,0-1,Black,<=5s vs 5-10s,2119
vSYSOBHB,77,1-0,White,<=5s vs 5-10s,1962
8RN8pfUF,78,0-1,Black,<=5s vs 15-20s,1807
7Pr6fwJP,124,0-1,Black,<=5s vs 5-10s,2440
zzXVkbCz,116,0-1,Black,<=5s vs 15-20s,2759
Jtm7Pvkr,105,1-0,White,<=5s vs 5-10s,2282
1pphoaPt,119,1/2-1/2,White,<=5s vs 5-10s,1710
ruxGQrxx,65,1-0,White,<=5s vs 10-15s,1070
eLwQ4MMe,60,0-1,Black,<=5s vs 15-20s,1496
oaiN4OWl,77,1-0,White,<=5s vs 5-10s,1808
F66Dmmrz,94,1-0,Black,<=5s vs <=5s,2830
xRogbNXG,72,1-0,Black,<=5s vs 5-10s,1922
4RMQEZrV,71,1-0,White,<=5s vs 5-10s,1264
3hV2Kwcp,58,0-1,Black,<=5s vs 5-10s,1078
ZuOVqoS8,73,1-0,White,<=5s vs 5-10s,2023
Pph0PHkc,46,0-1,Black,<=5s vs 15-20s,1602
LWFa1Qop,92,1-0,Black,<=5s vs <=5s,3017
BGHuAbrh,54,0-1,Black,<=5s vs 5-10s,1565
1pEgYyhi,112,0-1,Black,<=5s vs 15-20s,1184
56axbYGx,82,0-1,Black,<=5s vs 5-10s,2187
ILlIpjca,64,0-1,Black,<=5s vs 15-20s,1457
6hQxvRvk,85,1-0,White,<=5s vs 15-20s,2655
lzonWPDD,96,1/2-1/2,Black,<=5s vs 5-10s,1752
mmXRbhzA,55,1-0,White,<=5s vs 5-10s,1472
gQVVrWYu,113,1-0,White,<=5s vs 15-20s,2567
HyLADQ45,104,1-0,Black,<=5s vs <=5s,1997
20TNaO03,44,0-1,Black,<=5s vs 15-20s,1028
QhqzaYyh,97,0-1,White,<=5s vs 15-20s,2505
wkUeZCQK,67,1-0,White,<=5s vs <=5s,1636
2BxKYaD2,42,1-0,Black,<=5s vs 10-15s,933
IUfL4P6Z,58,0-1,Black,<=5s vs 5-10s,2116
fYqI7Cef,72,0-1,Black,<=5s vs 5-10s,1234
Tpj4dZlu,61,1-0,White,<=5s vs 5-10s,1643
Tvnwt2WZ,40,0-1,Black,<=5s vs 15-20s,894
7Fvmuue8,52,0-1,Black,<=5s vs 15-20s,1546
sHhBqHlb,113,1-0,White,<=5s vs 15-20s,2472
w1wGhBI4,94,0-1,Black,<=5s vs 15-20s,1395
WpUEqMEH,88,0-1,Black,<=5s vs 5-10s,2741
UMUoqYbp,35,1-0,White,<=5s vs 15-20s,1232
FUbM5PQu,111,1-0,White,<=5s vs 15-20s,2411
X2Bk5Gb6,79,1-0,White,<=5s vs 15-20s,1790
HiGM3mrc,52,0-1,Black,<=5s vs 5-10s,1499
iM7brykM,71,1-0,White,<=5s vs 10-15s,1617
vRKZ9jcw,83,0-1,White,<=5s vs <=5s,776
Oe65uBsR,72,0-1,Black,<=5s vs 15-20s,1743
Yf5V1Z4Y,68,0-1,Black,<=5s vs 5-10s,1229
2kH2YL9K,69,1-0,White,<=5s vs 15-20s,2183
QgfBCLVL,61,1-0,White,<=5s vs 10-15s,1437
XQt5UFlN,97,1-0,White,<=5s vs <=5s,2344
KV244qiv,94,0-1,Black,<=5s vs 15-20s,2423
0JzoBY1k,112,0-1,Black,<=5s vs 15-20s,2786
capjVCah,56,0-1,Black,<=5s vs 5-10s,1794
afDr3J23,89,0-1,White,<=5s vs <=5s,2222
cpQlSPt0,60,0-1,Black,<=5s vs 15-20s,1964
2owe7fL5,70,0-1,Black,<=5s vs 15-20s,2156
SpeFtZ2p,74,0-1,Black,<=5s vs 5-10s,1561
8Pw8nskJ,61,1-0,White,<=5s vs 5-10s,1931
oTYx0eIV,67,1-0,White,<=5s vs <=5s,1609
keb5vMbO,46,0-1,Black,<=5s vs 5-10s,1822
mPYv7c73,52,0-1,Black,<=5s vs 15-20s,2271
9xJLVdwM,53,1-0,White,<=5s vs 15-20s,1812
7w8q2ndV,54,0-1,Black,<=5s vs 10-15s,1921
WCvq74wB,81,1-0,White,<=5s vs 15-20s,2661
HV8kdHBb,65,1-0,White,<=5s vs 10-15s,1453
BVbyqqln,53,1-0,White,<=5s vs 15-20s,1598
lobcvpmC,55,1-0,White,<=5s vs 5-10s,1235
rhL0alx8,108,0-1,Black,<=5s vs 10-15s,2212
nfUOIUHE,55,1-0,White,<=5s vs 15-20s,1642
ilnP8Q5l,63,1-0,White,<=5s vs 5-10s,1942
40xaYx3R,51,1-0,White,<=5s vs 15-20s,1349
gU9kJhn7,68,0-1,Black,<=5s vs <=5s,1013
gpha7Rki,75,1-0,White,<=5s vs 15-20s,2000
mLkPmMot,60,0-1,Black,<=5s vs 10-15s,2099
L9MiF1R7,57,1-0,White,<=5s vs 5-10s,1393
7l1zZXFI,52,0-1,Black,<=5s vs <=5s,2147
AZfqFljK,120,1/2-1/2,Black,<=5s vs 15-20s,2205
O1puYbZw,100,0-1,Black,<=5s vs 5-10s,2121
2kqfbRgZ,73,0-1,White,<=5s vs 10-15s,2234
yocLyhav,37,1-0,White,<=5s vs 5-10s,1065
IPixuGqp,73,1-0,White,<=5s vs 10-15s,1832
gTan79JP,49,1-0,White,<=5s vs 15-20s,2378
I6nMjcbD,72,0-1,Black,<=5s vs 10-15s,2197
MnbbGn4h,121,1-0,White,<=5s vs 5-10s,3051
EMxCqHtM,82,0-1,Black,<=5s vs 15-20s,2692
2AJAvaqP,67,1-0,White,<=5s vs <=5s,926
6mpXOTxq,80,0-1,Black,<=5s vs 10-15s,2673
7OLJTAKB,162,1/2-1/2,Black,<=5s vs 15-20s,2852
VcD3u4Fi,86,1-0,Black,<=5s vs <=5s,2406
sRMqpjwI,48,0-1,Black,<=5s vs <=5s,1052
hV5YJT2p,93,1-0,White,<=5s vs 5-10s,1820
iFNWhmgy,91,1-0,White,<=5s vs <=5s,1635
CNNrMFmB,98,1-0,Black,<=5s vs <=5s,2535
TQKXO13D,125,1-0,White,<=5s vs 15-20s,1824
0BmKQBJr,46,0-1,Black,<=5s vs 10-15s,1191
LUESjKWg,53,1-0,White,<=5s vs 15-20s,1757
lxLxW2hR,101,1-0,White,<=5s vs 15-20s,2560
EX0DpjwA,62,0-1,Black,<=5s vs 15-20s,1488
2mia6MS8,60,0-1,Black,<=5s vs 15-20s,1901
sWoUfauA,84,1-0,Black,<=5s vs 15-20s,1996
VYST3D5c,91,0-1,White,<=5s vs 5-10s,2684
sFQG0TT8,125,1/2-1/2,White,<=5s vs 15-20s,1663
9ZzTpkJ5,97,1-0,White,<=5s vs <=5s,1181
GFNXYFfI,60,0-1,Black,<=5s vs 5-10s,1135
PgXxqr7P,75,1-0,White,<=5s vs 5-10s,1767
KdoeSY7r,113,0-1,White,<=5s vs <=5s,1703
fErkdvjI,94,0-1,Black,<=5s vs <=5s,1945
VA4Ro84f,94,0-1,Black,<=5s vs 5-10s,2584
iM91Zokr,58,1-0,Black,<=5s vs 5-10s,1680
RCgoWxd7,91,0-1,White,<=5s vs 10-15s,1950
8g0VWyXh,81,1-0,White,<=5s vs 5-10s,1931
Zgi63hTH,84,0-1,Black,<=5s vs 10-15s,2583
lcZXi5FE,84,0-1,Black,<=5s vs 5-10s,2610
cEsplwkp,58,0-1,Black,<=5s vs 15-20s,644
fPfQpmeX,81,1-0,White,<=5s vs 15-20s,1855
qX0fzoND,70,0-1,Black,<=5s vs 10-15s,1489
R5HvtRyM,72,0-1,Black,<=5s vs 15-20s,1134
93B2Tj1g,58,1-0,Black,<=5s vs <=5s,1382
A64NYE64,86,0-1,Black,<=5s vs 5-10s,1716
uCCe3y9K,61,1-0,White,<=5s vs 10-15s,1554
8b5pjWRA,95,1-0,White,<=5s vs 15-20s,2115
EeTEwSQP,78,1-0,Black,<=5s vs <=5s,1146
LZkTYi2B,72,0-1,Black,<=5s vs 10-15s,2415
8V6kC3EX,64,1-0,Black,<=5s vs <=5s,1614
349RAoic,83,1-0,White,<=5s vs 10-15s,2071
OST4De87,72,0-1,Black,<=5s vs <=5s,2188
D3iZJFFl,63,1-0,White,<=5s vs 10-15s,1938
W8c6uMM1,81,1-0,White,<=5s vs 15-20s,760
JrVjO90y,46,0-1,Black,<=5s vs 15-20s,1081
uWAEu1BB,112,0-1,Black,<=5s vs 5-10s,2084
teBhqkpJ,130,1/2-1/2,Black,<=5s vs 15-20s,2606
N1UmvxJ1,142,0-1,Black,<=5s vs 15-20s,1422
JQQKzKC2,89,1-0,White,<=5s vs 5-10s,2356
ZHydEShR,38,0-1,Black,<=5s vs 15-20s,1028
aQoDwrEK,120,0-1,Black,<=5s vs <=5s,2612
EWP7TpXz,78,0-1,Black,<=5s vs 10-15s,1924
axlMQZ5Z,87,1-0,White,<=5s vs 10-15s,2075
On9RxZcL,117,0-1,White,<=5s vs <=5s,2977
EQO90pKi,45,0-1,White,<=5s vs 5-10s,939
TeQJOWPR,72,0-1,Black,<=5s vs 5-10s,1913
bcf0rutr,53,0-1,White,<=5s vs <=5s,955
hkTMoPEt,48,0-1,Black,<=5s vs 10-15s,1714
1cqoJAUr,51,1-0,White,<=5s vs <=5s,1375
6IncBpXI,88,0-1,Black,<=5s vs 10-15s,1901
dS74zqO9,64,0-1,Black,<=5s vs 10-15s,1805
DaoxMYga,74,0-1,Black,<=5s vs 5-10s,1692
SLtljwiu,100,1-0,Black,<=5s vs 10-15s,2147
TjJMXQzQ,64,0-1,Black,<=5s vs 10-15s,1664
wUGJxVsA,59,1-0,White,<=5s vs 5-10s,1494
9B9uZ6Yg,56,1-0,Black,<=5s vs <=5s,1802
kg4zmSm4,36,0-1,Black,<=5s vs <=5s,860
PIpBuKlz,133,1-0,White,<=5s vs <=5s,2387
52Nuff1w,53,1-0,White,<=5s vs 5-10s,1861
VTjv7VVz,66,0-1,Black,<=5s vs 5-10s,2502
1lJHidlh,103,1/2-1/2,White,<=5s vs 5-10s,2366
LlmMOlrX,76,0-1,Black,<=5s vs 5-10s,1539
U2l2tELc,53,1-0,White,<=5s vs <=5s,1329
SsC6niVz,91,1-0,White,<=5s vs 5-10s,1064
F23ICwn9,79,1-0,White,<=5s vs 5-10s,2048
xQ2gKTNF,57,0-1,White,<=5s vs 15-20s,1297
pVC9GUDG,66,0-1,Black,<=5s vs 15-20s,2041
pqZ0zH1L,82,0-1,Black,<=5s vs 5-10s,2470
FdsCGDOM,94,1-0,Black,<=5s vs 5-10s,2566
zyLLFBcS,60,0-1,Black,<=5s vs 10-15s,2562
UVfm9tKW,56,0-1,Black,<=5s vs 5-10s,1011
rW8mSB5j,66,1-0,Black,<=5s vs <=5s,1901
cyYsk2ei,81,1-0,White,<=5s vs 5-10s,2231
qAGe6pnN,95,1-0,White,<=5s vs 10-15s,2403
MTbZC21L,89,0-1,White,<=5s vs 5-10s,2108
vfj07zS8,54,0-1,Black,<=5s vs 5-10s,1513
K62aHlXu,74,0-1,Black,<=5s vs 5-10s,936
fiXBZHPM,71,1-0,White,<=5s vs 5-10s,1889
lCjq4C7W,56,0-1,Black,<=5s vs 15-20s,2357
Pq5ODLco,63,1-0,White,<=5s vs 10-15s,1344
agSXEqCK,67,1-0,White,<=5s vs 10-15s,1920
Tj93ITrS,54,0-1,Black,<=5s vs 5-10s,1668
vi8MWGtc,76,1-0,Black,<=5s vs <=5s,1512
j4pA5Pca,77,1-0,White,<=5s vs 15-20s,1703
SlTqw3G1,135,1-0,White,<=5s vs 15-20s,2171
xpQCUW4r,52,0-1,Black,<=5s vs 15-20s,1406
4VMjQlOM,46,0-1,Black,<=5s vs 15-20s,1190
iR9gC49F,59,1-0,White,<=5s vs 15-20s,1739
HtJKldsq,106,0-1,Black,<=5s vs 10-15s,2271
5yRpFCeR,70,0-1,Black,<=5s vs 5-10s,2702
7rHH2zTy,120,0-1,Black,<=5s vs 5-10s,2561
3AVJbl7U,81,1-0,White,<=5s vs 10-15s,1527
uoUVT2nk,100,0-1,Black,<=5s vs 5-10s,1617
lJ9idSDX,64,0-1,Black,<=5s vs 10-15s,1972
4EUhk30k,77,1-0,White,<=5s vs 5-10s,1905
GcK5A0tG,58,0-1,Black,<=5s vs 5-10s,1780
NKMnFNus,92,0-1,Black,<=5s vs <=5s,2110
eCipn50K,71,1-0,White,<=5s vs 5-10s,1121
FbvLKLtI,61,1-0,White,<=5s vs 15-20s,2191
KYxuIvb6,50,1-0,Black,<=5s vs 15-20s,1613
dFAu477c,61,1-0,White,<=5s vs 15-20s,1276
gsftzGdJ,63,0-1,White,<=5s vs 10-15s,1921
9OQjUmvy,60,0-1,Black,<=5s vs 10-15s,1761
bykEgO4X,49,1-0,White,<=5s vs 15-20s,1575
LEHuwgU6,44,1-0,Black,<=5s vs <=5s,861
Hi7YhPn5,69,1-0,White,<=5s vs <=5s,1913
AuBUYNbG,103,1-0,White,<=5s vs 10-15s,1500
08Yh4yaZ,62,0-1,Black,<=5s vs 5-10s,2055
LpyXUyYH,42,0-1,Black,<=5s vs 5-10s,1202
n8X6KXcW,129,1/2-1/2,White,<=5s vs 15-20s,1934
JtbR0kIO,123,0-1,White,<=5s vs 5-10s,2268
YRzpPTHB,59,0-1,White,<=5s vs 10-15s,1494
XGrg2I6r,66,0-1,Black,<=5s vs 10-15s,1912
YZa0QUlz,38,0-1,Black,<=5s vs 5-10s,1372
VAGPI83P,123,0-1,White,<=5s vs <=5s,2798
599xCdpo,76,0-1,Black,<=5s vs 5-10s,1896
zMuPx2nE,103,0-1,White,<=5s vs 5-10s,1611
fly9hMZY,125,1-0,White,<=5s vs 10-15s,2392
mIDXdDxb,71,1-0,White,<=5s vs 15-20s,1794
Mtn9jZRE,57,1-0,White,<=5s vs 10-15s,1305
i5WeBytS,75,1-0,White,<=5s vs <=5s,1638
kAAhmjfe,60,0-1,Black,<=5s vs 5-10s,1830
ums3AgdI,72,1-0,Black,<=5s vs 5-10s,2207
Y3uFhApB,55,1-0,White,<=5s vs 15-20s,991
ZEyV7WOQ,72,1-0,Black,<=5s vs 5-10s,1892
FJlY5OAw,41,0-1,White,<=5s vs 5-10s,1292
EXFuHyD2,64,0-1,Black,<=5s vs 15-20s,2054
GBUruFHS,88,0-1,Black,<=5s vs 15-20s,2074
X2SPJCpO,80,0-1,Black,<=5s vs 5-10s,2367
4HfthKz1,73,1-0,White,<=5s vs 10-15s,2033
QDiYBdFC,74,0-1,Black,<=5s vs <=5s,2210
L0ysseAe,101,0-1,White,<=5s vs <=5s,2506
6JBKEW7O,57,1-0,White,<=5s vs 10-15s,2031
6IbwhSVb,87,1-0,White,<=5s vs 5-10s,2345
AZTQCiX4,72,0-1,Black,<=5s vs 5-10s,2142
nU6pRe96,93,1-0,White,<=5s vs 5-10s,2693
YiV8GkaC,52,0-1,Black,<=5s vs 15-20s,1671
IujtLlJs,37,1-0,White,<=5s vs 5-10s,1038
42mWyGa2,96,0-1,Black,<=5s vs 10-15s,1750
TsGDfyFd,76,0-1,Black,<=5s vs <=5s,1428
0j2D7svn,74,0-1,Black,<=5s vs 15-20s,2873
b65FE9Hj,42,0-1,Black,<=5s vs 15-20s,1760
pyyKRWpO,60,1-0,Black,<=5s vs 10-15s,975
8tsFAjfS,84,0-1,Black,<=5s vs 5-10s,2177
Ot8E3Yza,56,0-1,Black,<=5s vs 5-10s,1144
JuCKaFLh,83,1-0,White,<=5s vs 5-10s,2354
3k52Tkmm,55,1-0,White,<=5s vs 15-20s,1359
gCWSSQXE,63,1-0,White,<=5s vs 10-15s,1743
fftf5cjW,107,1-0,White,<=5s vs 5-10s,2260
hSvyqbbs,121,1-0,White,<=5s vs 10-15s,2408
G8pwC8JM,62,0-1,Black,<=5s vs <=5s,1832
w1dMxYpL,73,1-0,White,<=5s vs 10-15s,1802
9WYMmWXi,63,1-0,White,<=5s vs 10-15s,1960
wFyoF7lx,112,1-0,Black,<=5s vs 15-20s,2721
AxxjGhpP,97,1-0,White,<=5s vs 10-15s,1926
0KxBzbwJ,62,1-0,Black,<=5s vs 5-10s,2035
LCjYitGy,63,0-1,White,<=5s vs <=5s,1864
IUhozpbb,91,1-0,White,<=5s vs 5-10s,2374
5BEkSCJV,58,0-1,Black,<=5s vs 10-15s,2115
qImu1QJ4,98,1/2-1/2,Black,<=5s vs 10-15s,2785
3dQNJV0j,77,1-0,White,<=5s vs 10-15s,1312
dclZ2yqE,47,1-0,White,<=5s vs 10-15s,1274
8pb6DpWA,99,1-0,White,<=5s vs <=5s,1972
EfaMUwWK,73,1/2-1/2,White,<=5s vs 15-20s,2442
VLBMk4l2,69,0-1,White,<=5s vs <=5s,1356
SxEiTXoM,129,1-0,White,<=5s vs 10-15s,2536
9QCe5e4g,60,0-1,Black,<=5s vs 15-20s,2600
cowySzNZ,67,1/2-1/2,White,<=5s vs 15-20s,968
wDrgJIpM,74,0-1,Black,<=5s vs 10-15s,1558
sJlEFRCO,92,0-1,Black,<=5s vs 5-10s,1799
Gq7NlFKN,45,1-0,White,<=5s vs 5-10s,1641
d5N7dfAE,70,0-1,Black,<=5s vs 5-10s,1665
AQlrhpMu,42,0-1,Black,<=5s vs 15-20s,1583
KR4GhUho,106,0-1,Black,<=5s vs 15-20s,1559
7I2Gpm2w,79,1-0,White,<=5s vs 10-15s,1225
uLnxMV3L,78,0-1,Black,<=5s vs 5-10s,2397
CTupiAoE,33,1-0,White,<=5s vs 10-15s,982
0RqzG1lf,51,1-0,White,<=5s vs 5-10s,1158
2amjQ5At,61,1-0,White,<=5s vs 15-20s,2021
2k0WBITi,82,0-1,Black,<=5s vs 15-20s,1621
7be8EkDC,60,0-1,Black,<=5s vs 5-10s,1975
7P8V8NnK,37,0-1,White,<=5s vs <=5s,955
yqobeGpC,120,1/2-1/2,Black,<=5s vs 10-15s,2451
tkCg0h7h,41,1-0,White,<=5s vs 15-20s,1318
Nv5IoTD9,47,0-1,White,<=5s vs 15-20s,1294
joyBH547,52,0-1,Black,<=5s vs 15-20s,1854
fHd5eQ7c,49,1-0,White,<=5s vs 15-20s,1459
MUYH68Zk,67,1-0,White,<=5s vs 5-10s,2065
99y1jBfF,118,1-0,Black,<=5s vs <=5s,2540
Oj0Zg8AP,46,0-1,Black,<=5s vs 10-15s,1369
vtnTOxX1,103,0-1,White,<=5s vs 10-15s,2380
G7yjyKLO,90,0-1,Black,<=5s vs 5-10s,1269
NPQe2bqv,76,0-1,Black,<=5s vs 10-15s,1416
OcfYGMME,68,0-1,Black,<=5s vs 5-10s,1193
lo4Hep3F,83,1-0,White,<=5s vs 5-10s,1656
ymKucsxl,64,0-1,Black,<=5s vs <=5s,1206
iJB9fO4t,49,1-0,White,<=5s vs 10-15s,869
ADLsawyl,61,1-0,White,<=5s vs 15-20s,2189
B35Tcazi,82,0-1,Black,<=5s vs 10-15s,1901
CeptSSWo,66,1-0,Black,<=5s vs 5-10s,1732
VLSpzmva,108,1/2-1/2,Black,<=5s vs <=5s,2396
8Zco93fa,58,0-1,Black,<=5s vs 15-20s,2136
HyoZUHMO,51,1-0,White,<=5s vs 5-10s,1497
qlrONeUt,53,1-0,White,<=5s vs 5-10s,1235
fMNFXxoA,70,0-1,Black,<=5s vs 10-15s,2382
bDDUnpDY,120,0-1,Black,<=5s vs 15-20s,2347
KEvQmiVn,83,1-0,White,<=5s vs 5-10s,2095
Iw0elFXC,88,0-1,Black,<=5s vs <=5s,2366
58Y35n1E,94,0-1,Black,<=5s vs 15-20s,1563
c3o7P8ow,97,0-1,White,<=5s vs <=5s,2404
VTIqSaJl,53,1-0,White,<=5s vs 10-15s,1470
SyQqORYD,45,1-0,White,<=5s vs 15-20s,1308
NS0wxw6j,38,0-1,Black,<=5s vs <=5s,926
CPDEfWxi,76,1-0,Black,<=5s vs 10-15s,1731
NUtaE5eA,90,0-1,Black,<=5s vs 15-20s,2211
ST3ChsGg,98,0-1,Black,<=5s vs 10-15s,2244
VFjZrkHe,54,1-0,Black,<=5s vs 5-10s,1239
kVLj6GZQ,90,0-1,Black,<=5s vs 15-20s,2237
Fn2NP78k,63,0-1,White,<=5s vs <=5s,1155
dffVAFYQ,42,0-1,Black,<=5s vs 15-20s,1123
8KapEQDI,59,1-0,White,<=5s vs 15-20s,2195
Saw9KVVT,52,0-1,Black,<=5s vs 5-10s,1185
SvCghdbK,47,1-0,White,<=5s vs 15-20s,1449
Kyru57am,52,1-0,Black,<=5s vs <=5s,1194
8rTP9zky,111,0-1,White,<=5s vs 5-10s,2163
Xa2PlYTV,51,1-0,White,<=5s vs 15-20s,1772
UrZX42TX,73,0-1,White,<=5s vs 5-10s,1865
JEsf0NiE,41,1-0,White,<=5s vs 10-15s,683
36NxtgTy,77,1-0,White,<=5s vs <=5s,1674
q6xNnvJK,57,1-0,White,<=5s vs 10-15s,1377
0swgd7kQ,55,0-1,White,<=5s vs <=5s,2315
aiddZadb,59,1-0,White,<=5s vs 10-15s,1818
dRoYVguv,45,1-0,White,<=5s vs 10-15s,1111
Q4e211Di,54,0-1,Black,<=5s vs <=5s,2098
P1nEK6LP,50,0-1,Black,<=5s vs 15-20s,1308
dPVOHBtk,48,0-1,Black,<=5s vs 5-10s,1333
srXraL1a,68,0-1,Black,<=5s vs 5-10s,1698
IGMY5va7,64,0-1,Black,<=5s vs 15-20s,1871
X1LsJVJD,94,0-1,Black,<=5s vs 15-20s,2300
e2IAtB8I,108,0-1,Black,<=5s vs 15-20s,2332
V6Cxkotb,62,1-0,Black,<=5s vs <=5s,1662
E1PnF4Hh,81,1-0,White,<=5s vs 15-20s,2033
fqzOsjZ5,58,0-1,Black,<=5s vs 15-20s,1363
GkrvNo1v,89,1-0,White,<=5s vs <=5s,1883
11V9S8hG,68,1-0,Black,<=5s vs 5-10s,1798
sPYankmg,76,0-1,Black,<=5s vs 10-15s,1494
eQi7g2x0,51,1-0,White,<=5s vs 15-20s,1195
le0MVQci,58,0-1,Black,<=5s vs 15-20s,1667
opZYP9ij,185,1/2-1/2,White,<=5s vs 10-15s,1866
4yTluE5Q,165,1-0,White,<=5s vs 10-15s,2203
KcJhyurk,65,1-0,White,<=5s vs 10-15s,1493
515SN76w,62,0-1,Black,<=5s vs 5-10s,1632
Z06oWGk1,109,1/2-1/2,White,<=5s vs 5-10s,2461
YAXaMkzh,99,1-0,White,<=5s vs 10-15s,2018
4FAtXjIf,50,0-1,Black,<=5s vs 15-20s,1931
MPJjaAvF,48,0-1,Black,<=5s vs 10-15s,1766
8RWyOOLM,105,1-0,White,<=5s vs 15-20s,1109
VyAgzYkx,91,0-1,White,<=5s vs 5-10s,2634
y87hJ0PG,72,0-1,Black,<=5s vs 5-10s,1348
iU9HyH41,92,0-1,Black,<=5s vs 10-15s,1912
BNlvMHE5,75,1-0,White,<=5s vs 10-15s,2332
Bk5wrcc2,57,1-0,White,<=5s vs 15-20s,1535
26JOCPyk,64,0-1,Black,<=5s vs 10-15s,2554
Bguh38yk,49,1-0,White,<=5s vs 10-15s,1442
ErNim5T0,55,1-0,White,<=5s vs 10-15s,1728
5cX73ntR,62,0-1,Black,<=5s vs 10-15s,1468
Gp8sPFiI,84,0-1,Black,<=5s vs 5-10s,2542
GeY4CWQt,75,1-0,White,<=5s vs 5-10s,1463
HNefl3cr,86,1-0,Black,<=5s vs 5-10s,2396
Ow5xbsYF,58,0-1,Black,<=5s vs 10-15s,1155
FvcQSQ5m,80,0-1,Black,<=5s vs <=5s,1762
HIGRGorQ,80,0-1,Black,<=5s vs 5-10s,1644
Xo2nDu23,60,0-1,Black,<=5s vs <=5s,1400
SviI4Dj6,96,0-1,Black,<=5s vs <=5s,2438
dxcPoNwn,72,0-1,Black,<=5s vs 10-15s,1970
5cznFjRL,51,1-0,White,<=5s vs 5-10s,1524
RHACyOkW,84,0-1,Black,<=5s vs 5-10s,2570
Cbkbn1fZ,44,0-1,Black,<=5s vs 10-15s,1090
d7L04vIq,66,0-1,Black,<=5s vs 10-15s,1851
0YudUfvH,70,0-1,Black,<=5s vs 10-15s,1676
PRxn1g4n,114,0-1,Black,<=5s vs 5-10s,3086
3mGm91Qm,38,0-1,Black,<=5s vs 10-15s,946
fA5mffQ6,68,0-1,Black,<=5s vs 15-20s,2329
ygaP5SNV,68,0-1,Black,<=5s vs 15-20s,1265
HHjnEIxo,65,1-0,White,<=5s vs 10-15s,2002
Lx0bxrEM,83,1-0,White,<=5s vs 5-10s,2224
2g1T1jo7,101,0-1,White,<=5s vs 10-15s,1801
R3bRqjZ3,40,0-1,Black,<=5s vs 15-20s,1889
xciSZTTW,61,0-1,White,<=5s vs <=5s,1377
GzFPLgIf,55,1-0,White,<=5s vs 15-20s,1508
Q5noNDl9,77,1-0,White,<=5s vs 5-10s,2027
3AijZqa5,55,1-0,White,<=5s vs 15-20s,1285
JhOnSwJJ,57,1-0,White,<=5s vs 15-20s,2200
QPaKjtbV,53,1-0,White,<=5s vs 5-10s,1114
6pr9SoNC,59,1-0,White,<=5s vs 10-15s,1699
EOjOmj5h,58,1-0,Black,<=5s vs 5-10s,1848
61H2WVgf,72,0-1,Black,<=5s vs 15-20s,2219
vhks63Q7,54,0-1,Black,<=5s vs 5-10s,938
qgATRmYY,42,0-1,Black,<=5s vs 5-10s,805
gzkRAc3e,57,1-0,White,<=5s vs 5-10s,1818
R6u0vd1X,48,1-0,Black,<=5s vs <=5s,1649
df0t3yBH,61,0-1,White,<=5s vs 10-15s,1258
wSVvQwRQ,67,1-0,White,<=5s vs 15-20s,1359
CXF4kuTE,58,0-1,Black,<=5s vs 15-20s,2299
p6bMfFfa,65,1-0,White,<=5s vs <=5s,1204
4R5hKY4Y,34,0-1,Black,<=5s vs 15-20s,928
J3jom3lx,55,1-0,White,<=5s vs 15-20s,1701
H1hdSCrM,73,1-0,White,<=5s vs <=5s,1829
uYn3pMaL,95,1/2-1/2,White,<=5s vs 5-10s,2358
Y7oLxgP7,63,1-0,White,<=5s vs 15-20s,2063
WyntBeZT,87,1-0,White,<=5s vs 15-20s,1601
am1F92nU,66,0-1,Black,<=5s vs 5-10s,1658
d9IhbMvz,76,0-1,Black,<=5s vs 15-20s,2184
Dgjes4Ku,90,0-1,Black,<=5s vs <=5s,2063
02gTg7fm,80,1/2-1/2,Black,<=5s vs 5-10s,2069
wTLBkxoq,47,0-1,White,<=5s vs <=5s,1099
Fr7RuBLE,125,0-1,White,<=5s vs 5-10s,2002
YS6yCinS,89,1-0,White,<=5s vs 15-20s,2027
HOW5PWu6,133,1/2-1/2,White,<=5s vs 5-10s,2547
FKxKtGbh,102,1/2-1/2,Black,<=5s vs 5-10s,2726
kyHG9Pn9,105,0-1,White,<=5s vs <=5s,2290
gyT5dhTg,79,1-0,White,<=5s vs 5-10s,1766
sdHGOj0Q,58,0-1,Black,<=5s vs 15-20s,1998
bEB0NdSL,44,0-1,Black,<=5s vs 15-20s,1367
8ZHRVLLg,84,0-1,Black,<=5s vs 5-10s,2564
G5Nxkhtg,53,1-0,White,<=5s vs 10-15s,1400
P4XRuh1k,105,1-0,White,<=5s vs 5-10s,2245
rdOXILZL,83,0-1,White,<=5s vs 5-10s,1650
I6WtoRMR,45,1-0,White,<=5s vs 5-10s,739
msN2ySnE,152,1/2-1/2,Black,<=5s vs 5-10s,2475
VZRI0fv0,76,0-1,Black,<=5s vs <=5s,1867
7AAG14A3,112,1-0,Black,<=5s vs <=5s,2027
jxNg0uBD,77,0-1,White,<=5s vs 10-15s,2000
btOBqeww,86,0-1,Black,<=5s vs 10-15s,1860
4GmOJGT1,61,1-0,White,<=5s vs 10-15s,1333
UsrXfgq5,71,1-0,White,<=5s vs 5-10s,2759
nqVhtACs,63,1-0,White,<=5s vs 15-20s,1853
9M0agh3B,63,1-0,White,<=5s vs 15-20s,2582
Y7lnYZ2O,81,1-0,White,<=5s vs 5-10s,1414
iQmEYoU8,161,1-0,White,<=5s vs 10-15s,2383
HoNtQJxP,63,1/2-1/2,White,<=5s vs 10-15s,1021
5PzXR6u7,55,1-0,White,<=5s vs 10-15s,1575
2Iq2zD98,97,1-0,White,<=5s vs 5-10s,2042
D6iVLqB4,83,1-0,White,<=5s vs 10-15s,2296
5131XuAa,76,0-1,Black,<=5s vs 15-20s,1897
5iVOUOX4,85,1-0,White,<=5s vs 15-20s,2171
nXvKx6Qy,107,1-0,White,<=5s vs 10-15s,2456
2i04NA6y,82,0-1,Black,<=5s vs 5-10s,1969
shbtwzLz,68,0-1,Black,<=5s vs 10-15s,1477
Fjt8Vmho,51,1-0,White,<=5s vs 5-10s,1014
ek4kv4wx,68,0-1,Black,<=5s vs <=5s,1740
jtwASCHP,75,1-0,White,<=5s vs 15-20s,1237
6tRuWFwA,47,1-0,White,<=5s vs 10-15s,2036
71dTivTb,72,1/2-1/2,Black,<=5s vs 15-20s,2002
ShhzOqrs,56,0-1,Black,<=5s vs 10-15s,1901
Ir4N9Ibr,64,0-1,Black,<=5s vs 15-20s,2022
oVbjnaeJ,52,0-1,Black,<=5s vs 10-15s,1547
hD0nyNaA,56,0-1,Black,<=5s vs 15-20s,1228
ZlutAnUm,109,1-0,White,<=5s vs 5-10s,1932
RZr59lZA,99,0-1,White,<=5s vs <=5s,2866
DV3hEtqg,60,0-1,Black,<=5s vs 15-20s,2189
QBxgig7i,65,1-0,White,<=5s vs 5-10s,1889
LBVYDels,72,1/2-1/2,Black,<=5s vs 10-15s,1647
NFw8POlO,52,0-1,Black,<=5s vs 10-15s,1154
AarkoKJ1,81,1-0,White,<=5s vs 10-15s,1840
l0QfcSy1,90,1-0,Black,<=5s vs <=5s,2145
QrC7oDVA,90,0-1,Black,<=5s vs 15-20s,2070
QP0K13x0,39,1-0,White,<=5s vs 15-20s,1139
QQA9rd4G,54,0-1,Black,<=5s vs 15-20s,2132
aE45CXIV,69,1-0,White,<=5s vs 15-20s,1502
53S3LXOG,66,0-1,Black,<=5s vs 15-20s,2149
mBYYvses,51,1-0,White,<=5s vs 15-20s,1655
DNFTahmc,65,0-1,White,<=5s vs 5-10s,1623
fxi74TPY,92,0-1,Black,<=5s vs <=5s,2144
3QM0wUwZ,62,0-1,Black,<=5s vs 15-20s,2475
897AkdpI,92,0-1,Black,<=5s vs 15-20s,2585
bLMS2JzX,90,1-0,Black,<=5s vs 5-10s,2224
iuDys3XK,61,1-0,White,<=5s vs 15-20s,1890
ptlbJ7QE,62,1-0,Black,<=5s vs 5-10s,1771
MZgxHX2V,108,0-1,Black,<=5s vs 10-15s,2280
0aV1T6xS,61,1-0,White,<=5s vs 5-10s,1845
556SluBx,56,0-1,Black,<=5s vs 10-15s,2180
Ak6Y4uUL,67,1-0,White,<=5s vs 5-10s,1270
FcUsn9SB,48,0-1,Black,<=5s vs 10-15s,1618
4gpXEeiI,58,0-1,Black,<=5s vs 5-10s,1977
TwkFTb36,68,0-1,Black,<=5s vs <=5s,1024
yIqT9uWz,71,1-0,White,<=5s vs 15-20s,1848
MxudrSxS,125,1-0,White,<=5s vs 15-20s,2410
3EVnoN0H,66,0-1,Black,<=5s vs 5-10s,1038
R00ACduD,71,0-1,White,<=5s vs 10-15s,1582
LvAbsfzO,70,0-1,Black,<=5s vs 5-10s,1700
ygh7yf0W,71,1-0,White,<=5s vs 10-15s,1672
OkziMV2X,96,0-1,Black,<=5s vs <=5s,2081
Iz8xYy9C,38,0-1,Black,<=5s vs 10-15s,974
v5lYdhVB,99,1-0,White,<=5s vs <=5s,1680
IRRMbxb6,165,1-0,White,<=5s vs <=5s,2303
l1mr4w4b,70,0-1,Black,<=5s vs 10-15s,2033
w745QmLV,73,1-0,White,<=5s vs 10-15s,2229
mJkpNrdv,77,1-0,White,<=5s vs 15-20s,1887
ud7NrSLf,98,1/2-1/2,Black,<=5s vs <=5s,2461
ahdkP8I6,60,0-1,Black,<=5s vs 15-20s,1476
23K39WQA,56,0-1,Black,<=5s vs 10-15s,1452
GvcilQCU,57,1-0,White,<=5s vs 5-10s,1742
KIg9hs14,58,0-1,Black,<=5s vs 10-15s,1078
v2jua301,53,1-0,White,<=5s vs 10-15s,1905
F6YOhWXs,51,0-1,White,<=5s vs 15-20s,1634
f4lk8eTZ,66,0-1,Black,<=5s vs 10-15s,1799
uW4KMJpj,64,0-1,Black,<=5s vs <=5s,1191
yuzscYTf,73,1-0,White,<=5s vs 10-15s,1665
TTrsbEaC,60,0-1,Black,<=5s vs 10-15s,1708
lc095Z1C,80,0-1,Black,<=5s vs 5-10s,1972
TWGrVvFb,71,1-0,White,<=5s vs 5-10s,1460
GdNXZJbB,99,1/2-1/2,White,<=5s vs 10-15s,2188
SLHxcJy1,61,1-0,White,<=5s vs 5-10s,1506
pCXbunpm,59,0-1,White,<=5s vs 5-10s,1710
hkj8a69H,72,0-1,Black,<=5s vs 10-15s,1861
AG5AY38A,71,1-0,White,<=5s vs 5-10s,1463
PWDns0pc,89,1-0,White,<=5s vs 5-10s,1247
uZ6Q2MC0,81,1-0,White,<=5s vs 10-15s,1383
ed6Ik02q,36,0-1,Black,<=5s vs 5-10s,1010
c78PYiek,86,1-0,Black,<=5s vs <=5s,1021
UcESSjyy,65,0-1,White,<=5s vs <=5s,1454
tNYuIdzO,97,1-0,White,<=5s vs 15-20s,2219
7sXMQyUe,124,1/2-1/2,Black,<=5s vs 5-10s,2342
NHupTTfi,42,0-1,Black,<=5s vs 15-20s,1013
ctvRRtdz,50,0-1,Black,<=5s vs 5-10s,1937
sfTJO8vG,64,0-1,Black,<=5s vs 5-10s,1740
TUUT1Ggu,64,0-1,Black,<=5s vs 15-20s,1601
TCzbEwTP,69,1-0,White,<=5s vs 15-20s,2265
Ue1lFWIG,69,0-1,White,<=5s vs 5-10s,1727
XgEm1hDU,55,1-0,White,<=5s vs 5-10s,1629
w1LuaLYp,85,1-0,White,<=5s vs <=5s,1783
DUNc4PB9,112,1/2-1/2,Black,<=5s vs 5-10s,1840
O0P9bvHJ,77,0-1,White,<=5s vs 5-10s,1448
yxny74zz,85,1-0,White,<=5s vs 15-20s,1378
Z0yMqabB,45,1-0,White,<=5s vs 5-10s,1526
Rco8jtIR,153,1/2-1/2,White,<=5s vs 5-10s,2289
bTqi4aD8,66,1-0,Black,<=5s vs 5-10s,2189
u1E8dbC8,82,0-1,Black,<=5s vs 5-10s,2571
1yGylqSP,88,0-1,Black,<=5s vs 10-15s,2171
FJRSBw3W,65,1-0,White,<=5s vs 10-15s,1951
lq7PxdoN,75,1-0,White,<=5s vs 10-15s,1972
JWUa6K2o,135,1-0,White,<=5s vs 15-20s,2337
3C1wpJrR,103,1/2-1/2,White,<=5s vs 15-20s,2488
Nf1q7zHT,46,0-1,Black,<=5s vs 10-15s,1365
CSRSLD8i,134,0-1,Black,<=5s vs 5-10s,1172
1rLt8Ee0,86,0-1,Black,<=5s vs 10-15s,2149
ZBPbqta0,106,0-1,Black,<=5s vs 15-20s,2460
2pwHLOzq,81,0-1,White,<=5s vs <=5s,2039
G0lyhRcM,68,0-1,Black,<=5s vs 15-20s,2326
gfavfjS5,42,0-1,Black,<=5s vs 10-15s,925
Wm8q6M0u,65,0-1,White,<=5s vs <=5s,1356
Tw7CX0eE,67,1-0,White,<=5s vs 15-20s,1795
Hprb7ypD,89,0-1,White,<=5s vs 5-10s,2666
SrpmM4iX,58,0-1,Black,<=5s vs 10-15s,2121
RG87vk9c,75,1-0,White,<=5s vs 15-20s,1790
03gZi7U7,69,1-0,White,<=5s vs 15-20s,1635
qjf9Jcaa,63,1-0,White,<=5s vs <=5s,1446
uNNlCNVB,64,1-0,Black,<=5s vs <=5s,909
wEcXEEXS,81,1-0,White,<=5s vs 15-20s,2122
Nk4pMaQp,74,0-1,Black,<=5s vs 10-15s,1525
Q7sDj4Zr,68,0-1,Black,<=5s vs 5-10s,2050
8iosFK1J,97,0-1,White,<=5s vs <=5s,2363
9m9VSRsu,60,0-1,Black,<=5s vs 15-20s,2412
b2dGpNNa,95,1/2-1/2,White,<=5s vs 5-10s,1863
P3RyDTBq,72,0-1,Black,<=5s vs 5-10s,1982
ISyjmbwE,100,0-1,Black,<=5s vs 15-20s,2416
VR8caK5s,75,1-0,White,<=5s vs 5-10s,1780
3xM53w73,62,0-1,Black,<=5s vs 5-10s,1440
3IXPoEr8,73,1-0,White,<=5s vs 5-10s,1606
HHK6KVbW,91,1-0,White,<=5s vs 10-15s,2074
CzSASDtI,146,1/2-1/2,Black,<=5s vs 5-10s,2630
Wn5owA7v,117,0-1,White,<=5s vs 5-10s,2567
JRz3JXbY,126,1/2-1/2,Black,<=5s vs 10-15s,2423
Ierln3l6,55,1-0,White,<=5s vs 15-20s,1221
FsFPsosX,66,0-1,Black,<=5s vs 15-20s,1923
viyBkv68,70,0-1,Black,<=5s vs 5-10s,2243
kN9vO9bO,73,1-0,White,<=5s vs 10-15s,1677
K0BnZsEj,105,0-1,White,<=5s vs 15-20s,2198
O0sXaUmm,70,0-1,Black,<=5s vs 10-15s,2695
X9ioZ2mV,84,0-1,Black,<=5s vs 5-10s,2142
149nzuz3,64,0-1,Black,<=5s vs 5-10s,1962
wzuJinhk,119,1-0,White,<=5s vs 5-10s,2260
6rtSMRi5,84,0-1,Black,<=5s vs 15-20s,2393
ZhSuiZRh,90,0-1,Black,<=5s vs 15-20s,2513
Tj9ZHiWD,51,0-1,White,<=5s vs 5-10s,1628
5GfXxe7N,85,1-0,White,<=5s vs 15-20s,2691
8scVEshN,76,0-1,Black,<=5s vs <=5s,1861
Ran0Ur2w,85,0-1,White,<=5s vs <=5s,2638
Evzme26t,78,1-0,Black,<=5s vs <=5s,1349
uevaJfvR,65,1-0,White,<=5s vs <=5s,2085
1XzbBs4v,50,0-1,Black,<=5s vs 10-15s,1304
MyyofiNZ,73,0-1,White,<=5s vs 10-15s,2408
e8SpwCYv,82,0-1,Black,<=5s vs 5-10s,2195
YIVFSwlt,88,0-1,Black,<=5s vs 5-10s,2304
AA5xptYu,56,0-1,Black,<=5s vs 15-20s,1588
3jXnxtI7,82,1-0,Black,<=5s vs 5-10s,1379
Ezjl89er,62,0-1,Black,<=5s vs <=5s,1966
M1gh0RRk,62,0-1,Black,<=5s vs 15-20s,1554
oDEvwRwz,79,0-1,White,<=5s vs 5-10s,1892
0jeYoT76,109,1-0,White,<=5s vs 15-20s,2073
kCGwM8Tb,83,1-0,White,<=5s vs 15-20s,1884
6UWDUmfg,77,1-0,White,<=5s vs 5-10s,2179
OAQoAzfF,66,1-0,Black,<=5s vs <=5s,1796
3oqEnbuV,73,1-0,White,<=5s vs 10-15s,1672
1iBd2bIL,130,1/2-1/2,Black,<=5s vs <=5s,2410
BXAlhCHJ,106,0-1,Black,<=5s vs 5-10s,2662
uEbFj1xU,104,0-1,Black,<=5s vs 5-10s,2544
oiJb7Bwf,55,1-0,White,<=5s vs 15-20s,1566
P434OEMs,79,1-0,White,<=5s vs 5-10s,2257
Ruxwmh7M,65,1-0,White,<=5s vs 15-20s,1707
DAsDwfaH,41,1-0,White,<=5s vs 10-15s,1344
KabQkauW,167,1-0,White,<=5s vs <=5s,1653
7kjE21B3,74,0-1,Black,<=5s vs 10-15s,1860
PmIb6bnk,54,0-1,Black,<=5s vs 10-15s,1238
0wOsdmdd,135,1/2-1/2,White,<=5s vs 5-10s,2361
7eFUykVz,80,0-1,Black,<=5s vs 10-15s,1622
25ozycBk,81,1-0,White,<=5s vs 10-15s,1347
XHrhM1CC,80,0-1,Black,<=5s vs 5-10s,2456
8duPvBlT,86,0-1,Black,<=5s vs 10-15s,2353
0zfrDO4q,90,0-1,Black,<=5s vs 15-20s,1653
tJvJKC6d,70,0-1,Black,<=5s vs 5-10s,1433
cUSkgszC,76,0-1,Black,<=5s vs 5-10s,1909
zrJIvNX7,77,1-0,White,<=5s vs 10-15s,1923
9dp8djzT,90,1/2-1/2,Black,<=5s vs 15-20s,1665
jaGF9eV8,91,1-0,White,<=5s vs 5-10s,2191
Vys5t26r,68,0-1,Black,<=5s vs 5-10s,1707
lWgOa9Vd,77,1-0,White,<=5s vs 15-20s,2441
4Q10GAxd,52,1-0,Black,<=5s vs 5-10s,1669
FMRh7IJk,108,1/2-1/2,Black,<=5s vs 10-15s,2176
i58VxXS2,96,0-1,Black,<=5s vs 10-15s,2546
VnamQ1s5,58,0-1,Black,<=5s vs 15-20s,2235
LqSxm1aD,80,0-1,Black,<=5s vs 10-15s,2391
2UmnGwV6,56,0-1,Black,<=5s vs 10-15s,2505
ZsTUPqvr,64,0-1,Black,<=5s vs 5-10s,1900
OdWRG9iq,61,1-0,White,<=5s vs 5-10s,1173
s9u3g4HR,45,1-0,White,<=5s vs 10-15s,873
m3GWsTbj,66,0-1,Black,<=5s vs 5-10s,1301
RL0RCCy8,73,1-0,White,<=5s vs 15-20s,2274
wJe9aL9e,87,0-1,White,<=5s vs 5-10s,2420
GBHo4XHr,72,0-1,Black,<=5s vs 10-15s,2485
dFfn3WTx,68,0-1,Black,<=5s vs 10-15s,2373
wvtHTI6T,53,1-0,White,<=5s vs 15-20s,2011
gMHqlGL1,70,1-0,Black,<=5s vs 5-10s,2312
7L7urLyz,84,0-1,Black,<=5s vs 5-10s,1911
8jFx8NK6,42,0-1,Black,<=5s vs 5-10s,888
8dcmTV9w,41,1-0,White,<=5s vs 15-20s,1628
WzExA2kj,60,0-1,Black,<=5s vs 5-10s,1689
XO6dc1Yb,54,0-1,Black,<=5s vs 15-20s,1902
04am7tWp,72,1-0,Black,<=5s vs 5-10s,1528
QOUAfP5v,64,0-1,Black,<=5s vs <=5s,1533
mOn85uG1,73,1-0,White,<=5s vs 10-15s,1939
vLLjLEo3,70,0-1,Black,<=5s vs <=5s,1422
vK8kwLLd,83,0-1,White,<=5s vs 5-10s,2479
LViIy5bm,99,1-0,White,<=5s vs 15-20s,2484
zz0Q2qHW,60,0-1,Black,<=5s vs 15-20s,2154
DRc5l8uS,103,1-0,White,<=5s vs 15-20s,2608
1UExFoeX,53,1-0,White,<=5s vs 15-20s,2133
Bw9DEBvs,61,1-0,White,<=5s vs 15-20s,1756
3HG1pCvr,56,0-1,Black,<=5s vs 5-10s,1309
LNXbIboV,66,0-1,Black,<=5s vs <=5s,2370
9bP45aLu,52,0-1,Black,<=5s vs 5-10s,1676
EnComx5v,73,1-0,White,<=5s vs 10-15s,1098
fqPdTyMM,57,1-0,White,<=5s vs 5-10s,1763
QPVioN6S,104,0-1,Black,<=5s vs 5-10s,1696
H73VmyXb,66,0-1,Black,<=5s vs 5-10s,2368
9MTZZSsM,51,1-0,White,<=5s vs 5-10s,982
lxcFKi7i,82,0-1,Black,<=5s vs 15-20s,2450
SzqWThHX,66,0-1,Black,<=5s vs 5-10s,2432
DUAZ6mCE,94,0-1,Black,<=5s vs <=5s,2007
6hRYwEWZ,72,1-0,Black,<=5s vs 10-15s,2521
Yz790j4W,56,0-1,Black,<=5s vs 15-20s,1542
MVFIp78W,50,0-1,Black,<=5s vs 10-15s,877
IkgeGuuW,80,0-1,Black,<=5s vs 5-10s,1956
ifjnpTps,57,1-0,White,<=5s vs 15-20s,1623
dCQ1HkXg,99,0-1,White,<=5s vs 10-15s,2575
8d7HOqfl,84,0-1,Black,<=5s vs 5-10s,2301
vPduKYy6,108,0-1,Black,<=5s vs 5-10s,2501
yhNwNHDt,84,0-1,Black,<=5s vs 10-15s,1913
hmWlLtJR,110,0-1,Black,<=5s vs 10-15s,2336
GNXLJJzk,78,0-1,Black,<=5s vs 5-10s,2254
3wqXWeSn,86,0-1,Black,<=5s vs 10-15s,1844
OcNDRSSy,64,0-1,Black,<=5s vs 5-10s,1681
Jc5QKJle,48,0-1,Black,<=5s vs 5-10s,1447
poA2lqXL,50,0-1,Black,<=5s vs 15-20s,1380
02rK8lw2,114,0-1,Black,<=5s vs 5-10s,2586
vu4HEYOc,100,1-0,Black,<=5s vs <=5s,1141
Db6X1GtI,87,1-0,White,<=5s vs 15-20s,1839
1Yb9lFDc,78,0-1,Black,<=5s vs 10-15s,1514
t4U9POEc,82,0-1,Black,<=5s vs 10-15s,2967
MO5KVexG,59,1-0,White,<=5s vs 10-15s,1337
wInGb7cx,92,0-1,Black,<=5s vs 15-20s,1678
Q4uH5GVH,81,1-0,White,<=5s vs 5-10s,1082
WoBq6MVq,59,0-1,White,<=5s vs 10-15s,1333
Oa7Ps9Mb,163,0-1,White,<=5s vs 10-15s,1990
at4R2r0Q,78,0-1,Black,<=5s vs 15-20s,2269
yySHdAaM,67,1-0,White,<=5s vs 5-10s,1816
wYL8mYkK,49,1-0,White,<=5s vs 15-20s,2189
K16wrnwa,68,0-1,Black,<=5s vs 15-20s,1996
llchBKTT,49,1-0,White,<=5s vs 15-20s,1596
MrelTmkW,53,1-0,White,<=5s vs 15-20s,2030
LtqfzyKx,85,0-1,White,<=5s vs 5-10s,2150
DtxgJEYT,139,0-1,White,<=5s vs <=5s,2440
b60shNmk,74,0-1,Black,<=5s vs 5-10s,2099
kBWI1PPn,61,1-0,White,<=5s vs 5-10s,2244
D2R1txhj,78,0-1,Black,<=5s vs 5-10s,1931
8bx9GNYy,68,0-1,Black,<=5s vs 15-20s,2528
B3ktuAoK,69,1-0,White,<=5s vs 5-10s,1830
1qmeIrUL,61,1-0,White,<=5s vs 15-20s,1340
RJQatxgt,105,1-0,White,<=5s vs 15-20s,2812
D2RLfuQD,114,0-1,Black,<=5s vs 5-10s,2473
WA6wNAHT,57,1-0,White,<=5s vs 15-20s,1526
uTN5xX0W,77,1-0,White,<=5s vs 10-15s,2115
55NyZqSd,79,1-0,White,<=5s vs 10-15s,2046
Ijdk4MXf,111,1-0,White,<=5s vs 5-10s,1910
Wbr2YKfv,99,1-0,White,<=5s vs <=5s,2220
Ad0O6u0f,50,0-1,Black,<=5s vs 5-10s,1123
3upIP1T0,62,0-1,Black,<=5s vs 10-15s,2318
TdyuxwFN,84,0-1,Black,<=5s vs <=5s,1603
4vSgKG8k,102,0-1,Black,<=5s vs 5-10s,2405
O1bfk0s8,70,0-1,Black,<=5s vs <=5s,2313
2LwK66iC,78,0-1,Black,<=5s vs 5-10s,1549
JN3eoKQq,54,0-1,Black,<=5s vs 5-10s,1518
tiyifnWh,83,1-0,White,<=5s vs 5-10s,1711
YxiSNxBT,75,0-1,White,<=5s vs 5-10s,1418
4qO9CZrC,38,0-1,Black,<=5s vs 15-20s,966
vcda4xva,89,1-0,White,<=5s vs <=5s,2335
1O7we0yr,77,1-0,White,<=5s vs 5-10s,1766
pzWs2xps,99,1-0,White,<=5s vs 15-20s,1881
En5BSOxM,103,1-0,White,<=5s vs 5-10s,2294
XZKkutww,64,0-1,Black,<=5s vs 15-20s,1001
9eij95rq,55,1-0,White,<=5s vs 10-15s,1545
MvWxNDLy,50,0-1,Black,<=5s vs 5-10s,1579
sJul9TOG,53,1-0,White,<=5s vs 5-10s,1243
tv3mFAQP,92,0-1,Black,<=5s vs 15-20s,1752
xd3lmrJD,107,1-0,White,<=5s vs 15-20s,2689
4GNwsevA,87,1-0,White,<=5s vs 5-10s,1260
x9n0tbYw,58,0-1,Black,<=5s vs 10-15s,1752
3ZM9OmFt,76,1-0,Black,<=5s vs <=5s,1209
7Jz2xwGb,48,0-1,Black,<=5s vs 5-10s,744
fSNDARmi,111,1/2-1/2,White,<=5s vs 10-15s,2587
tfm26vOt,101,1-0,White,<=5s vs 5-10s,2836
slPaRtdd,87,1-0,White,<=5s vs 5-10s,2860
lKEMVQKS,68,0-1,Black,<=5s vs 10-15s,2058
epEhAuvA,83,1-0,White,<=5s vs <=5s,2510
NCkNO3jQ,71,1-0,White,<=5s vs 5-10s,1328
FdhAIbsx,63,1-0,White,<=5s vs 15-20s,1947
dRx1b1kg,68,0-1,Black,<=5s vs 5-10s,2177
WRuFhM4m,83,0-1,White,<=5s vs 10-15s,1542
B75xsbtN,58,0-1,Black,<=5s vs 5-10s,1349
u3lFDZrJ,72,0-1,Black,<=5s vs 10-15s,1528
eI9Y1jzc,61,1-0,White,<=5s vs 5-10s,1738
KLUlz3F7,121,1-0,White,<=5s vs <=5s,1871
E6pZ4anF,51,1-0,White,<=5s vs 10-15s,1973
hlDIigdp,46,1-0,Black,<=5s vs 10-15s,1168
aWD7w8lT,77,1-0,White,<=5s vs 10-15s,1950
SHtRdclF,60,0-1,Black,<=5s vs <=5s,1570
ScKOkgI7,75,1-0,White,<=5s vs 10-15s,1186
JavnGpBm,57,1-0,White,<=5s vs 15-20s,1643
PTbEFO45,110,1-0,Black,<=5s vs <=5s,1826
4P3jETgd,59,1-0,White,<=5s vs 5-10s,1652
qauI7HrJ,46,0-1,Black,<=5s vs 15-20s,1256
fobl2hWV,70,1/2-1/2,Black,<=5s vs 5-10s,2424
Psg0CQUV,90,0-1,Black,<=5s vs 15-20s,1890
eO7fn05i,62,0-1,Black,<=5s vs 5-10s,1199
wxjYnDlI,52,0-1,Black,<=5s vs 10-15s,1263
nee2Ypuv,69,1-0,White,<=5s vs 10-15s,1011
wP5ID8HV,60,0-1,Black,<=5s vs 15-20s,1392
hgg479ke,88,0-1,Black,<=5s vs 10-15s,2190
MluVUtYZ,96,0-1,Black,<=5s vs 15-20s,2285
KTfpXXKs,57,1-0,White,<=5s vs 5-10s,990
Q6NPXWTa,80,0-1,Black,<=5s vs 5-10s,2271
NCenb0Dg,56,0-1,Black,<=5s vs 5-10s,1487
aNfpMWBp,71,1-0,White,<=5s vs 10-15s,2093
DBKPYGbM,50,1-0,Black,<=5s vs <=5s,1502
Al4vYe5K,94,0-1,Black,<=5s vs 5-10s,2186
UcCBDP0Z,134,1-0,Black,<=5s vs 5-10s,2709
7HKIsirQ,120,0-1,Black,<=5s vs 10-15s,2309
nDo02VlG,51,1-0,White,<=5s vs 15-20s,1416
Ynu1fuE6,50,0-1,Black,<=5s vs 15-20s,1767
oQOPknoQ,45,1-0,White,<=5s vs 5-10s,1632
HOhoHGGt,79,1-0,White,<=5s vs 10-15s,2351
n49j8jV5,49,1-0,White,<=5s vs 5-10s,1110
seCLV1oI,51,1-0,White,<=5s vs 10-15s,1113
Go5IPnEc,67,0-1,White,<=5s vs <=5s,1068
WSJ0mEPu,68,0-1,Black,<=5s vs <=5s,1661
hbPsCFz8,127,0-1,White,<=5s vs 5-10s,2521
TPSIYDY3,43,1-0,White,<=5s vs 5-10s,1232
BjieOqJ9,87,0-1,White,<=5s vs 5-10s,2178
aPS494ve,78,0-1,Black,<=5s vs 15-20s,1705
HyWOLIfR,74,0-1,Black,<=5s vs 5-10s,1913
Lw6r9DNG,122,0-1,Black,<=5s vs 10-15s,1813
G8WFW1mk,46,1-0,Black,<=5s vs <=5s,1066
IlnBNvNN,55,0-1,White,<=5s vs 5-10s,2304
UEhqoP1k,56,0-1,Black,<=5s vs 15-20s,1275
TCHhEYQv,54,1-0,Black,<=5s vs <=5s,1380
dFW8Gipn,114,0-1,Black,<=5s vs 10-15s,2525
4prm77qh,142,0-1,Black,<=5s vs 15-20s,2029
hhx0B3dE,75,1-0,White,<=5s vs <=5s,2083
MioLqBXx,55,0-1,White,<=5s vs 10-15s,1434
9JgUlLYM,93,1-0,White,<=5s vs 15-20s,1969
RceR6Xtk,56,0-1,Black,<=5s vs 15-20s,2028
IopIxkBP,80,0-1,Black,<=5s vs 5-10s,1744
wzZot4lC,34,0-1,Black,<=5s vs 15-20s,1109
BWsemvHP,58,0-1,Black,<=5s vs 15-20s,1156
ABlD1liQ,79,1-0,White,<=5s vs 5-10s,2277
jcZOHZVU,109,1-0,White,<=5s vs 5-10s,2331
t7Dbon6v,54,1-0,Black,<=5s vs <=5s,1524
smxYwy4n,42,0-1,Black,<=5s vs 5-10s,1509
LemOJPTp,54,0-1,Black,<=5s vs 15-20s,1981
GCAb0ZF4,83,1-0,White,<=5s vs 10-15s,2264
SZy8GSR9,145,1-0,White,<=5s vs 15-20s,1747
lwcKo5OA,68,0-1,Black,<=5s vs 5-10s,2363
9I16SxZz,45,1-0,White,<=5s vs 5-10s,1039
zQvyf9RS,115,1-0,White,<=5s vs 15-20s,2627
y93li7lG,58,0-1,Black,<=5s vs 15-20s,1585
OkuqlE4B,69,1-0,White,<=5s vs 15-20s,1400
oTrF9sWd,35,1-0,White,<=5s vs 5-10s,1104
39jxH25g,98,1/2-1/2,Black,<=5s vs 15-20s,2427
gvezwHXf,90,1/2-1/2,Black,<=5s vs 15-20s,2564
vE0dFxvq,58,0-1,Black,<=5s vs <=5s,1358
xL9seQKv,149,0-1,White,<=5s vs 10-15s,2206
iiZ45yW9,70,0-1,Black,<=5s vs 15-20s,894
k0HG7yg1,60,1-0,Black,<=5s vs 10-15s,1185
PG1IyBSu,65,1-0,White,<=5s vs 10-15s,1933
7uRK016T,64,0-1,Black,<=5s vs 10-15s,2059
AlgnteHf,98,1-0,Black,<=5s vs 5-10s,2290
cXpUT13G,67,1-0,White,<=5s vs 10-15s,2009
TPxwkonh,60,0-1,Black,<=5s vs 10-15s,1703
AUdAFGSD,58,0-1,Black,<=5s vs 15-20s,1767
ksGnFSk3,44,0-1,Black,<=5s vs 10-15s,845
CoyG1uii,66,1-0,Black,<=5s vs <=5s,1920
DOBQwzI3,75,1-0,White,<=5s vs 15-20s,2004
AsNDBJ72,100,1-0,Black,<=5s vs 5-10s,1768
9KTJNCIk,84,1/2-1/2,Black,<=5s vs 5-10s,2710
0Z2QuUW9,61,1-0,White,<=5s vs 15-20s,1766
b1r8Yfzq,70,1-0,Black,<=5s vs <=5s,1416
xXpGdzuu,82,1-0,Black,<=5s vs 5-10s,2526
m79zOh44,52,0-1,Black,<=5s vs 15-20s,1864
Vej21cSS,96,0-1,Black,<=5s vs 15-20s,2652
Dd1CbDms,72,0-1,Black,<=5s vs 15-20s,1703
BK4Ccg1k,53,1-0,White,<=5s vs 10-15s,1262
grozMkCW,137,1-0,White,<=5s vs 15-20s,2787
l4g1lDMU,47,1-0,White,<=5s vs 5-10s,2400
dqQHZvnb,133,1-0,White,<=5s vs 15-20s,1700
K70FSxNB,48,0-1,Black,<=5s vs 15-20s,1423
OyuGalIW,91,1-0,White,<=5s vs <=5s,1786
bCcralFm,79,0-1,White,<=5s vs 10-15s,1360
Mh4XUMOo,62,0-1,Black,<=5s vs 15-20s,1931
97aONwUe,74,0-1,Black,<=5s vs 15-20s,2541
IhmqQLs1,128,1/2-1/2,Black,<=5s vs 5-10s,1981
i1HmlAVy,79,1-0,White,<=5s vs <=5s,2052
auz5fAUu,60,1-0,Black,<=5s vs 10-15s,1100
bcA988es,72,0-1,Black,<=5s vs 5-10s,2491
KSGIfqww,83,1-0,White,<=5s vs <=5s,1945
9h5sMm8F,87,1-0,White,<=5s vs 5-10s,2082
b0mIKRED,106,0-1,Black,<=5s vs 15-20s,2349
M5mTeJXA,115,1-0,White,<=5s vs 5-10s,2242
22nYGZAc,80,0-1,Black,<=5s vs 10-15s,2389
RwZRM08o,125,1/2-1/2,White,<=5s vs 10-15s,2556
8ZyK36BK,72,0-1,Black,<=5s vs <=5s,1347
aP75E6UR,61,1-0,White,<=5s vs <=5s,1661
rK2BXyO3,113,1-0,White,<=5s vs 5-10s,2409
TwJxcmG9,88,1-0,Black,<=5s vs <=5s,2266
R8b2LCk3,88,0-1,Black,<=5s vs 10-15s,2085
OjAeDnqS,86,0-1,Black,<=5s vs 15-20s,2259
brwoX0w3,62,0-1,Black,<=5s vs 5-10s,1769
X5nXgpjX,48,1-0,Black,<=5s vs <=5s,1556
YHq3HdSD,62,0-1,Black,<=5s vs 10-15s,1837
IaM21Z8Z,76,0-1,Black,<=5s vs 10-15s,966
8XjX0UGZ,65,1-0,White,<=5s vs 10-15s,1643
TPlBLmPZ,87,0-1,White,<=5s vs <=5s,2452
Qlw6aGnW,78,0-1,Black,<=5s vs <=5s,1950
ROKxkojR,75,0-1,White,<=5s vs 5-10s,2021
x9O5J9kt,137,0-1,White,<=5s vs <=5s,2375
d3odGOWz,124,1/2-1/2,Black,<=5s vs 5-10s,2474
xkDA93zT,87,1-0,White,<=5s vs 5-10s,2591
26nPpgPS,82,0-1,Black,<=5s vs 5-10s,2258
21hsEkm8,63,1-0,White,<=5s vs 15-20s,1619
nLWReSQ0,65,1-0,White,<=5s vs 5-10s,1686
oxowUCdb,69,1-0,White,<=5s vs 10-15s,1612
L9Wr8Lk9,61,1-0,White,<=5s vs 5-10s,1002
OynX8Sgn,54,0-1,Black,<=5s vs 15-20s,2007
njBp58DZ,50,0-1,Black,<=5s vs 5-10s,1203
EsMcBocz,106,1-0,Black,<=5s vs 15-20s,1465
gBHuCknw,75,0-1,White,<=5s vs 5-10s,1920
Jvhwscgj,76,0-1,Black,<=5s vs 15-20s,1483
9wanF483,92,0-1,Black,<=5s vs 5-10s,1692
3W673jvC,50,0-1,Black,<=5s vs 10-15s,942
iEK7qMPY,70,1-0,Black,<=5s vs <=5s,2310
WLuCjoX2,113,1-0,White,<=5s vs 5-10s,2342
QUWfcFUN,75,1-0,White,<=5s vs 10-15s,1416
4th0Dni6,91,0-1,White,<=5s vs 5-10s,2039
SrUcB3uK,78,1-0,Black,<=5s vs 15-20s,1689
NArznfpF,123,0-1,White,<=5s vs 15-20s,2401
NOeIkxwq,83,1-0,White,<=5s vs 10-15s,1956
yvkFsZrp,54,0-1,Black,<=5s vs 5-10s,1345
Ew4QwUPB,71,1-0,White,<=5s vs 5-10s,1571
7LoDvQZ3,66,1/2-1/2,Black,<=5s vs <=5s,2108
Lk9HYgBg,74,0-1,Black,<=5s vs 5-10s,1724
lweYd7aS,57,1-0,White,<=5s vs <=5s,1041
lILCPxT1,58,1-0,Black,<=5s vs <=5s,1080
qMwssL2O,96,0-1,Black,<=5s vs 5-10s,2501
8BILwPwt,49,1-0,White,<=5s vs 15-20s,1357
xZKLCmdN,58,0-1,Black,<=5s vs 10-15s,1041
8dnVtVsD,46,0-1,Black,<=5s vs 15-20s,1473
DHWPlaSX,64,0-1,Black,<=5s vs 5-10s,2593
YuULPK03,76,0-1,Black,<=5s vs 5-10s,1643
a77kvvML,65,1-0,White,<=5s vs 10-15s,1325
2CPkdsJj,73,0-1,White,<=5s vs <=5s,1509
XhB4BFfi,98,0-1,Black,<=5s vs 5-10s,1020
jZCl4onp,71,1-0,White,<=5s vs 10-15s,1655
68zbG08S,111,1-0,White,<=5s vs 15-20s,2812
HyFAikIX,102,1/2-1/2,Black,<=5s vs 15-20s,2302
OdlFgQX8,64,0-1,Black,<=5s vs <=5s,1321
dO5KZg9B,63,1-0,White,<=5s vs 10-15s,2847
LAoZPEmL,52,0-1,Black,<=5s vs 10-15s,1345
N1xYtIPI,62,1-0,Black,<=5s vs 5-10s,1739
Jdq1bph2,134,1/2-1/2,Black,<=5s vs <=5s,1919
OKGoahQd,96,0-1,Black,<=5s vs 15-20s,2266
5vbo59RL,81,0-1,White,<=5s vs <=5s,2017
BilD9RiQ,75,1-0,White,<=5s vs 15-20s,1842
UZwWRj6E,109,1-0,White,<=5s vs 10-15s,1572
E6y3ryjN,62,0-1,Black,<=5s vs 5-10s,1653
ZFqpVJpy,51,1-0,White,<=5s vs 10-15s,1267
yRLBVvlt,49,1-0,White,<=5s vs 10-15s,1205
nTJFIeFi,115,1-0,White,<=5s vs 5-10s,1976
QwItpeIq,148,0-1,Black,<=5s vs 15-20s,1801
4Ma1Bjlj,41,1-0,White,<=5s vs 15-20s,1532
qQK1jRSJ,68,0-1,Black,<=5s vs 15-20s,1811
MMRd5JBv,63,1-0,White,<=5s vs 10-15s,1232
1mG5kJyD,70,0-1,Black,<=5s vs 5-10s,1759
q5eh48Q8,93,1-0,White,<=5s vs 5-10s,2412
W4a3gO4F,68,0-1,Black,<=5s vs 10-15s,2353
VUhpfJPz,141,1/2-1/2,White,<=5s vs 10-15s,2090
XqjJZfgA,71,0-1,White,<=5s vs <=5s,1338
Oga2iqag,53,1-0,White,<=5s vs 15-20s,1027
jiYQaqX5,118,1-0,Black,<=5s vs <=5s,2273
yM9YNklr,78,0-1,Black,<=5s vs 5-10s,2465
ghIBFJFI,122,0-1,Black,<=5s vs 15-20s,2462
IVKEXcqx,59,1-0,White,<=5s vs 15-20s,1569
4izDFHNe,110,1-0,Black,<=5s vs <=5s,2606
vcA4ueMe,53,1-0,White,<=5s vs 10-15s,1176
UI4sf6zi,65,1-0,White,<=5s vs 15-20s,1523
cL0g1rZh,86,0-1,Black,<=5s vs 5-10s,2257
UaAWXga9,63,1-0,White,<=5s vs 10-15s,1979
PUXU86CG,84,0-1,Black,<=5s vs 10-15s,1223
KNamoEgx,54,0-1,Black,<=5s vs 10-15s,1577
ePtExE8X,87,0-1,White,<=5s vs <=5s,2443
gqTFvO1b,55,0-1,White,<=5s vs 5-10s,858
PRXSA6Jq,53,1-0,White,<=5s vs 15-20s,1949
LRvjC2wJ,89,0-1,White,<=5s vs 10-15s,2281
sadLWpGO,131,0-1,White,<=5s vs <=5s,1503
AEktulPQ,77,0-1,White,<=5s vs 5-10s,2030
cgXwBhnV,57,1-0,White,<=5s vs 15-20s,2175
rsM1MMFb,44,0-1,Black,<=5s vs 15-20s,853
PRwOnH10,97,0-1,White,<=5s vs <=5s,2235
pnu84AFm,90,0-1,Black,<=5s vs 10-15s,2752
LxxzuxXC,100,0-1,Black,<=5s vs 5-10s,1686
gEB6D1Jm,52,0-1,Black,<=5s vs 10-15s,823
kLlxjSgG,76,1-0,Black,<=5s vs <=5s,1007
L6JmZja2,84,0-1,Black,<=5s vs 10-15s,1879
ATnQggvj,94,0-1,Black,<=5s vs 5-10s,2432
c0jUNfqS,69,1-0,White,<=5s vs 15-20s,1301
MpOfii74,189,1/2-1/2,White,<=5s vs 15-20s,2249
vOQveRNY,124,0-1,Black,<=5s vs <=5s,1985
Uc8mxA9v,49,1-0,White,<=5s vs 15-20s,1418
fupIY5b4,133,1-0,White,<=5s vs 15-20s,1787
3dMK6oLd,52,1-0,Black,<=5s vs 10-15s,1707
33on10lw,71,1-0,White,<=5s vs 5-10s,2436
pIvJpKUm,64,0-1,Black,<=5s vs 10-15s,1213
Qw9sDBvB,69,1-0,White,<=5s vs 10-15s,1976
foO73spK,61,1-0,White,<=5s vs 5-10s,1788
Xck7oR8V,126,0-1,Black,<=5s vs 15-20s,1896
QLqeUphz,60,0-1,Black,<=5s vs 15-20s,1803
mmvyNIyy,105,0-1,White,<=5s vs 5-10s,2458
Pqp5d8wH,53,1-0,White,<=5s vs 15-20s,1782
B3zKffJC,72,0-1,Black,<=5s vs 15-20s,1679
GuE05BqR,63,1-0,White,<=5s vs 10-15s,2126
1u0NsV9f,52,0-1,Black,<=5s vs 5-10s,1022
UuK0dBvr,56,0-1,Black,<=5s vs 10-15s,1554
0MpYhH9P,58,0-1,Black,<=5s vs 15-20s,1713
wfH5oZkf,74,1-0,Black,<=5s vs 5-10s,2673
33eFCneZ,126,1/2-1/2,Black,<=5s vs 5-10s,2495
ecTOHJhm,48,0-1,Black,<=5s vs 10-15s,1373
uPRF7QRj,79,1-0,White,<=5s vs 10-15s,2084
6zV2nBvy,59,1-0,White,<=5s vs 15-20s,2078
d3SWPmYV,79,1-0,White,<=5s vs 5-10s,2200
vky7NVBY,42,1-0,Black,<=5s vs <=5s,1469
2w8mSQ8p,72,0-1,Black,<=5s vs 10-15s,1264
7j0SgsvE,39,1-0,White,<=5s vs 15-20s,1233
SyKgvnSW,43,1-0,White,<=5s vs 15-20s,1437
FVqZpUJB,82,0-1,Black,<=5s vs 5-10s,1861
JfBnZ3y2,54,0-1,Black,<=5s vs 10-15s,1863
0oM6F32X,56,0-1,Black,<=5s vs <=5s,1384
zvRIzUeD,65,1-0,White,<=5s vs 10-15s,2112
3faJSRgH,86,0-1,Black,<=5s vs 15-20s,2014
WVBd0ciH,61,1-0,White,<=5s vs 5-10s,1709
0O8xwUtZ,90,0-1,Black,<=5s vs 10-15s,2430
zEIdDgH1,69,1-0,White,<=5s vs 10-15s,2286
nyH6VyjL,44,0-1,Black,<=5s vs 5-10s,1242
QvAiv4k3,100,0-1,Black,<=5s vs 10-15s,1693
xOKJP8P2,52,0-1,Black,<=5s vs 15-20s,1304
segbF35l,104,0-1,Black,<=5s vs 5-10s,1938
xqreaO7y,66,0-1,Black,<=5s vs 10-15s,1651
H8gOp6Kg,48,0-1,Black,<=5s vs 10-15s,1418
3GUdDOIX,87,1-0,White,<=5s vs 15-20s,1407
mdq2Qqjl,72,0-1,Black,<=5s vs 5-10s,1732
f3j4DSbT,84,0-1,Black,<=5s vs 10-15s,2758
dRsM9Sps,58,0-1,Black,<=5s vs 5-10s,1803
SHkmLsNZ,71,1-0,White,<=5s vs 15-20s,1856
TEPyzcTr,48,0-1,Black,<=5s vs 15-20s,916
J5cVRBic,84,0-1,Black,<=5s vs 5-10s,2055
dBFR341f,61,1-0,White,<=5s vs 10-15s,1740
8JQSyigD,109,0-1,White,<=5s vs 5-10s,2328
GgbkQkHY,69,1-0,White,<=5s vs 5-10s,2227
UPQp8MqZ,64,0-1,Black,<=5s vs 5-10s,1854
N95BDVci,128,1/2-1/2,Black,<=5s vs 15-20s,2640
rCB6z5df,63,1-0,White,<=5s vs 10-15s,1593
JeqxAObL,101,1-0,White,<=5s vs <=5s,2290
SlYwUiO7,45,0-1,White,<=5s vs 15-20s,1147
IlXE3B4I,79,1-0,White,<=5s vs 5-10s,2070
Ljah0coC,45,1-0,White,<=5s vs 15-20s,1988
uemqFaEh,71,1-0,White,<=5s vs 15-20s,1800
82Ft5COC,52,0-1,Black,<=5s vs 15-20s,2365
gI0Udert,59,1-0,White,<=5s vs 15-20s,1913
A2LL257E,92,0-1,Black,<=5s vs 5-10s,2482
7yJiHGYH,99,1-0,White,<=5s vs <=5s,2268
SqyLHVTf,74,0-1,Black,<=5s vs <=5s,1952
5U2aVTiJ,62,0-1,Black,<=5s vs 15-20s,1739
pFa2YyHM,62,0-1,Black,<=5s vs 10-15s,1983
CB8M08yH,73,1-0,White,<=5s vs 10-15s,2029
mzcsh7MS,60,0-1,Black,<=5s vs 5-10s,1944
75857QyN,160,1-0,Black,<=5s vs 5-10s,2414
XG2sscog,133,1-0,White,<=5s vs 15-20s,1987
EoBKKGq8,66,0-1,Black,<=5s vs 15-20s,1623
egZNO6XO,62,1-0,Black,<=5s vs <=5s,1340
E3xK5I2P,95,1/2-1/2,White,<=5s vs 5-10s,2177
Bb7wwzgM,56,0-1,Black,<=5s vs 15-20s,1845
pMExNpnS,169,0-1,White,<=5s vs 5-10s,2559
OQqABZZc,70,0-1,Black,<=5s vs 10-15s,2079
Ci5970Fc,59,1-0,White,<=5s vs 15-20s,1490
gOZ1kffu,98,1-0,Black,<=5s vs <=5s,2053
EtClkklH,95,0-1,White,<=5s vs <=5s,2154
0j03GCN5,79,1-0,White,<=5s vs 5-10s,2456
ft8AWcBA,131,1-0,White,<=5s vs 15-20s,1512
GFAM1Jfa,90,0-1,Black,<=5s vs 5-10s,2521
ErTGov4V,63,1-0,White,<=5s vs 10-15s,2049
aWaeRU9C,78,0-1,Black,<=5s vs 5-10s,1218
oUyXeHDQ,76,0-1,Black,<=5s vs 15-20s,1784
VEby2cKH,92,0-1,Black,<=5s vs 15-20s,1873
9XXLucqD,90,1/2-1/2,Black,<=5s vs 5-10s,2932
9q6pIK78,88,1-0,Black,<=5s vs 5-10s,2003
Bh2S66Jv,76,1-0,Black,<=5s vs 5-10s,2203
0tNgkl4Z,82,0-1,Black,<=5s vs 10-15s,1910
8jabcA7l,81,1-0,White,<=5s vs 10-15s,2090
h0t2mReJ,74,0-1,Black,<=5s vs 10-15s,2041
Xg9RZff9,98,0-1,Black,<=5s vs 10-15s,2140
U41sd5aB,65,1-0,White,<=5s vs 15-20s,1687
fYHFhqim,76,0-1,Black,<=5s vs 15-20s,1652
oMZVSZMr,107,0-1,White,<=5s vs <=5s,2236
aPgoxkrn,63,1-0,White,<=5s vs 5-10s,1336
suSwxKX9,49,1-0,White,<=5s vs 10-15s,901
PgI7zEFD,136,1/2-1/2,Black,<=5s vs 5-10s,2315
wNRM2FP3,84,1-0,Black,<=5s vs <=5s,2158
XSh3YDXh,43,1-0,White,<=5s vs 10-15s,1013
jyxVgQAb,61,0-1,White,<=5s vs <=5s,1233
A3nIhPr8,85,0-1,White,<=5s vs <=5s,1909
0vLlHy2j,102,0-1,Black,<=5s vs 5-10s,1995
CMUYG741,128,1/2-1/2,Black,<=5s vs <=5s,1463
fQfxMDP9,78,0-1,Black,<=5s vs <=5s,2090
dVbdUe1S,102,0-1,Black,<=5s vs 15-20s,1777
FFcLyCPm,53,1-0,White,<=5s vs <=5s,1034
xUdH9Onf,57,1-0,White,<=5s vs 5-10s,2020
j3bjjO1P,125,0-1,White,<=5s vs 5-10s,2381
pmDoqZsO,66,0-1,Black,<=5s vs <=5s,1899
7dXAWGVo,68,1-0,Black,<=5s vs 5-10s,1207
qn2TmnEG,103,1/2-1/2,White,<=5s vs 10-15s,2797
rIRdvvx9,96,1-0,Black,<=5s vs 5-10s,2321
0p6KyFwP,81,1-0,White,<=5s vs 15-20s,2107
pGXSer69,67,1-0,White,<=5s vs 5-10s,984
A4TIdc8a,125,1/2-1/2,White,<=5s vs 15-20s,2372
nxz6Pa11,63,1/2-1/2,White,<=5s vs 15-20s,1814
crSDbppb,41,1-0,White,<=5s vs 15-20s,1366
Xm0fBnJW,120,1/2-1/2,Black,<=5s vs 10-15s,2531
1JKtiqp7,65,1-0,White,<=5s vs <=5s,1614
ePszAKRS,87,1-0,White,<=5s vs 15-20s,2319
99FfeyN8,91,0-1,White,<=5s vs 10-15s,2099
L89lpf5M,66,0-1,Black,<=5s vs 10-15s,2239
TaAhBOOK,51,1-0,White,<=5s vs 10-15s,1810
Hhzf08hh,57,1-0,White,<=5s vs 5-10s,1474
gMlyyseK,77,1-0,White,<=5s vs 15-20s,2022
NQapPfDf,54,0-1,Black,<=5s vs 10-15s,1369
Ct2XWdsa,99,1-0,White,<=5s vs 5-10s,1925
05DpUInI,118,0-1,Black,<=5s vs 5-10s,2104
AIkGbAXs,58,0-1,Black,<=5s vs <=5s,1230
TjC4r9t8,72,0-1,Black,<=5s vs <=5s,1542
05rFBB5q,38,0-1,Black,<=5s vs 5-10s,784
Eg7wtu55,70,0-1,Black,<=5s vs 5-10s,2060
GBEDd4rW,103,1-0,White,<=5s vs 15-20s,2043
o2T6ViYo,86,0-1,Black,<=5s vs 5-10s,1372
PRrl3P2B,75,1-0,White,<=5s vs 5-10s,2247
52aoxIVu,68,0-1,Black,<=5s vs 5-10s,2262
MaGiW0tt,94,0-1,Black,<=5s vs 5-10s,1816
HjeO99Sa,79,1-0,White,<=5s vs 15-20s,2400
bQsoFHGy,59,1-0,White,<=5s vs 15-20s,1545
jBf1NoXP,108,0-1,Black,<=5s vs 5-10s,2167
FQI9bukn,68,1-0,Black,<=5s vs 5-10s,1855
jBOElTk1,55,1-0,White,<=5s vs 15-20s,1328
4mXPtM1l,128,0-1,Black,<=5s vs <=5s,2418
Deo5C4me,81,1-0,White,<=5s vs 5-10s,2102
oekV2a8n,70,0-1,Black,<=5s vs 5-10s,1949
AUgvfyQj,84,1-0,Black,<=5s vs <=5s,1960
qj1VGO3I,52,0-1,Black,<=5s vs <=5s,1878
dCpBbi64,80,0-1,Black,<=5s vs 5-10s,1361
4wpqGms3,62,1/2-1/2,Black,<=5s vs 5-10s,1697
QzQe0QX7,82,0-1,Black,<=5s vs <=5s,2674
6KyGKX6L,68,1-0,Black,<=5s vs 5-10s,1314
9kDLSMh2,63,1-0,White,<=5s vs 15-20s,1669
6UNIfh7L,60,0-1,Black,<=5s vs 10-15s,1118
2C8xPxwC,56,0-1,Black,<=5s vs 15-20s,1311
WgeoORYA,54,0-1,Black,<=5s vs 15-20s,1916
XvCU5F7g,69,1-0,White,<=5s vs 15-20s,1335
4dEHi249,63,0-1,White,<=5s vs 10-15s,977
trBwTc1x,87,0-1,White,<=5s vs 10-15s,2144
JuWCwq3n,55,1-0,White,<=5s vs 15-20s,1721
SJdSi1CB,79,1-0,White,<=5s vs <=5s,1842
b84uZiBp,81,1-0,White,<=5s vs 15-20s,1934
fBVCgsk1,72,0-1,Black,<=5s vs 5-10s,1657
jNSLbXQU,39,1-0,White,<=5s vs 5-10s,1253
MPlar5k4,97,1-0,White,<=5s vs <=5s,1577
Gcd58YiT,106,0-1,Black,<=5s vs 5-10s,2441
dOYk5Sdj,93,1-0,White,<=5s vs 5-10s,1827
L9qUPbzA,85,1-0,White,<=5s vs 5-10s,2457
ngxP3LEs,83,1-0,White,<=5s vs 5-10s,2063
mfd7ojUO,105,1-0,White,<=5s vs 10-15s,1946
1XWPeUvU,49,1-0,White,<=5s vs 5-10s,785
CkcN2aEL,77,1-0,White,<=5s vs 5-10s,2319
6DdBHBrP,149,1-0,White,<=5s vs 5-10s,2294
oTSnLTEV,51,1-0,White,<=5s vs 15-20s,1605
Gt48wWAL,113,0-1,White,<=5s vs <=5s,2197
20KXNRUQ,68,1-0,Black,<=5s vs 10-15s,2325
7F8NVmO4,74,0-1,Black,<=5s vs 15-20s,2191
HW9L5A0y,133,1-0,White,<=5s vs 5-10s,2030
Crf4Savg,46,0-1,Black,<=5s vs 10-15s,1251
fjgrIvmR,57,1-0,White,<=5s vs 15-20s,1321
lYw9iyVo,51,1-0,White,<=5s vs 5-10s,1814
hFGsK8V9,50,0-1,Black,<=5s vs 10-15s,1593
TLlzZRb1,89,1-0,White,<=5s vs 15-20s,2395
Q68VVPX8,120,0-1,Black,<=5s vs 10-15s,1877
6ySJZ6m2,111,1-0,White,<=5s vs 15-20s,1584
AiFH35Iw,111,1-0,White,<=5s vs 15-20s,1700
Dm86jglF,134,1-0,Black,<=5s vs <=5s,2315
6fvUMI5O,102,0-1,Black,<=5s vs <=5s,1757
0Vg8JCVa,92,0-1,Black,<=5s vs 15-20s,2079
pgby0mOY,100,0-1,Black,<=5s vs 10-15s,2754
Eq8uqNw0,74,0-1,Black,<=5s vs 5-10s,1986
j2jCyES0,70,0-1,Black,<=5s vs <=5s,1871
t2lhchhN,114,0-1,Black,<=5s vs 5-10s,2752
dmXYRrDJ,39,1-0,White,<=5s vs 15-20s,732
KbtVsqAi,94,0-1,Black,<=5s vs 10-15s,2624
SWTw5ygr,70,0-1,Black,<=5s vs 5-10s,2159
IUkyNoab,61,1-0,White,<=5s vs 15-20s,2076
j0uwgW9Z,78,0-1,Black,<=5s vs 5-10s,1201
5D356RsD,56,0-1,Black,<=5s vs 15-20s,1237
QIWXsjkS,88,1-0,Black,<=5s vs 5-10s,1992
JwYAq8Z3,75,1-0,White,<=5s vs 15-20s,1357
VtB0B8tr,67,1-0,White,<=5s vs 5-10s,1720
XuU5vLtO,71,1-0,White,<=5s vs 15-20s,1550
Imms4qXa,144,0-1,Black,<=5s vs 5-10s,1772
ooTIphb4,134,0-1,Black,<=5s vs 15-20s,1871
BO2Tg0lp,80,0-1,Black,<=5s vs 5-10s,2235
dnRyPtw4,46,0-1,Black,<=5s vs 10-15s,1061
Gv2zcXjF,26,0-1,Black,<=5s vs 15-20s,1225
0PYobrQ8,60,0-1,Black,<=5s vs 5-10s,1361
fgWcYrOU,58,0-1,Black,<=5s vs 15-20s,1452
Vdt7IoPk,70,0-1,Black,<=5s vs 10-15s,1932
kLntTM7f,117,0-1,White,<=5s vs 5-10s,1365
bMkweUe5,63,1/2-1/2,White,<=5s vs 5-10s,2233
6S7u0WJU,66,0-1,Black,<=5s vs 15-20s,2162
Hno3C7h3,80,0-1,Black,<=5s vs <=5s,1754
cogu0Lkf,59,1-0,White,<=5s vs 10-15s,1123
TtXuOkjH,61,1-0,White,<=5s vs 5-10s,2080
TezTillv,96,1-0,Black,<=5s vs 5-10s,2705
Cmm6jnGE,100,1-0,Black,<=5s vs 10-15s,2992
LaleFpt5,69,1-0,White,<=5s vs 5-10s,1691
DIl4L7EK,76,1-0,Black,<=5s vs 5-10s,2627
DHNjkWQb,35,1-0,White,<=5s vs 15-20s,1793
DzVLqpOa,108,1-0,Black,<=5s vs 10-15s,2214
zkGkZtol,76,0-1,Black,<=5s vs 10-15s,2451
J31MH3Kg,86,0-1,Black,<=5s vs <=5s,2152
gZkApFvJ,57,1-0,White,<=5s vs 10-15s,1210
iR8Puih0,74,0-1,Black,<=5s vs 10-15s,2027
xxf5lzGH,124,1-0,Black,<=5s vs <=5s,2238
OeojCZYj,63,1-0,White,<=5s vs 15-20s,1879
A5x54HVn,62,0-1,Black,<=5s vs 10-15s,1361
FLvl6heM,89,1-0,White,<=5s vs 5-10s,2450
rcgWJh8L,57,1-0,White,<=5s vs 5-10s,1545
wG4LEZqj,73,1-0,White,<=5s vs 5-10s,2457
S2okDrtg,89,1/2-1/2,White,<=5s vs 10-15s,2020
OXsLWAW5,65,1-0,White,<=5s vs <=5s,1738
BjqswWix,71,1-0,White,<=5s vs 5-10s,1422
TEQAIMyR,69,1-0,White,<=5s vs 15-20s,1144
kEJulFUh,77,1-0,White,<=5s vs 10-15s,1267
H62Zn9Se,74,0-1,Black,<=5s vs 10-15s,1449
3Enn5JpJ,52,0-1,Black,<=5s vs 5-10s,923
1KblyvJE,74,0-1,Black,<=5s vs 10-15s,2323
4nbG7mSm,91,1-0,White,<=5s vs <=5s,2147
Dp4YNDL5,42,0-1,Black,<=5s vs 10-15s,1475
uXy6Es9O,135,1-0,White,<=5s vs 15-20s,2589
wiQAPZ9e,56,0-1,Black,<=5s vs 10-15s,1309
3wAjyk5j,78,0-1,Black,<=5s vs 5-10s,2375
MeDkcsCz,47,1-0,White,<=5s vs 10-15s,1165
JGNNgLCq,92,1-0,Black,<=5s vs 5-10s,1258
YpnR22s1,73,1-0,White,<=5s vs 15-20s,2319
nXV3VnwV,68,0-1,Black,<=5s vs <=5s,1448
5O75qHLy,76,0-1,Black,<=5s vs 10-15s,1968
aBu6BMZy,116,1-0,Black,<=5s vs <=5s,1815
1CYjBag1,66,0-1,Black,<=5s vs 15-20s,1749
S828NaWm,66,0-1,Black,<=5s vs 5-10s,1913
A21na8Sc,71,1-0,White,<=5s vs 5-10s,1884
JSG3TZhK,79,0-1,White,<=5s vs <=5s,1042
OrTTeXGa,119,0-1,White,<=5s vs <=5s,2348
DcTAGYdt,99,1-0,White,<=5s vs 10-15s,1131
8IVwPDpP,63,0-1,White,<=5s vs <=5s,983
nBPdoEC6,54,0-1,Black,<=5s vs 15-20s,1335
mC0BiYOn,72,0-1,Black,<=5s vs 10-15s,2171
Zv8bgfIJ,83,1-0,White,<=5s vs 5-10s,2031
o9fFuXmR,184,1-0,Black,<=5s vs <=5s,2470
4zYvXisX,101,1-0,White,<=5s vs 10-15s,1678
nHIg3ge0,81,0-1,White,<=5s vs 5-10s,1882
saJUE6ZV,65,1-0,White,<=5s vs 15-20s,1606
9oAaamJx,67,1-0,White,<=5s vs <=5s,2077
cat9dJSK,117,1/2-1/2,White,<=5s vs 5-10s,2132
wpncS3NN,50,0-1,Black,<=5s vs 10-15s,937
Mo8teWQA,53,1-0,White,<=5s vs 15-20s,1283
mFGkIlHz,62,0-1,Black,<=5s vs 5-10s,2396
gxr7hNWo,43,1-0,White,<=5s vs 10-15s,1084
MAWSjCkd,51,1-0,White,<=5s vs 15-20s,1784
RNxBQGSU,51,1-0,White,<=5s vs 10-15s,787
u0aRkDxO,73,1-0,White,<=5s vs 15-20s,1781
BH2aKq0U,66,0-1,Black,<=5s vs 5-10s,1386
a5JWlVii,70,0-1,Black,<=5s vs 5-10s,2176
6gW5UmlY,71,1-0,White,<=5s vs 5-10s,1240
bcreh3tz,68,0-1,Black,<=5s vs 5-10s,1687
NLXOhNw9,69,1-0,White,<=5s vs 10-15s,2140
MeIHH9Ef,96,0-1,Black,<=5s vs 10-15s,2104
1ZUAoDW7,95,1-0,White,<=5s vs <=5s,1906
GUc6F6DF,43,0-1,White,<=5s vs <=5s,722
DDZEeNtA,58,1-0,Black,<=5s vs <=5s,1779
4Wed104c,60,0-1,Black,<=5s vs 15-20s,1416
7FctBqzG,55,0-1,White,<=5s vs <=5s,1150
Z27aZqcw,67,0-1,White,<=5s vs 10-15s,1837
DmtRR1Im,97,1-0,White,<=5s vs 5-10s,2005
3PKuC30V,105,1-0,White,<=5s vs 15-20s,2309
QvpHVqTG,95,1-0,White,<=5s vs 5-10s,1576
7iXPwbty,137,1-0,White,<=5s vs 15-20s,1768
KoNGGJ5p,69,1-0,White,<=5s vs 15-20s,2266
Fqv4kwwP,80,1-0,Black,<=5s vs 10-15s,2321
X1UsHWyc,60,0-1,Black,<=5s vs 15-20s,1798
ITxtLHLY,76,0-1,Black,<=5s vs 15-20s,2144
CBN7rZTF,74,0-1,Black,<=5s vs 10-15s,1634
K5i4ksuj,96,1-0,Black,<=5s vs 5-10s,2172
JSe7pomR,126,0-1,Black,<=5s vs 5-10s,2151
6Kv281ff,129,1-0,White,<=5s vs 5-10s,2234
3ks7z5u9,87,1-0,White,<=5s vs <=5s,1840
9RyCUKkw,66,0-1,Black,<=5s vs 5-10s,1794
3JBRiDib,117,1/2-1/2,White,<=5s vs 15-20s,1944
leDxp6Nv,110,0-1,Black,<=5s vs 5-10s,1369
Er76inJX,80,0-1,Black,<=5s vs 15-20s,1454
e0EuVWXi,127,1/2-1/2,White,<=5s vs 5-10s,2606
6PRg3Bjy,57,1-0,White,<=5s vs 15-20s,1216
r1Z0UECI,49,0-1,White,<=5s vs 10-15s,1387
O5EDehC2,89,1-0,White,<=5s vs 10-15s,1817
eGRTuwPQ,104,0-1,Black,<=5s vs 5-10s,2179
r1pICqlv,89,1-0,White,<=5s vs 5-10s,2079
YkzkkRFR,71,1-0,White,<=5s vs 5-10s,2208
KlGfehJr,101,0-1,White,<=5s vs 10-15s,2023
GyQotZpb,70,0-1,Black,<=5s vs 5-10s,1706
ItmfdYIu,86,1-0,Black,<=5s vs 5-10s,2794
cqmsZmMz,63,0-1,White,<=5s vs 5-10s,1767
8Wkz9IfK,56,1-0,Black,<=5s vs 5-10s,2058
9Tktb1OI,87,1-0,White,<=5s vs 10-15s,2106
AY3maDEv,95,1-0,White,<=5s vs 10-15s,2442
658ezXsU,58,1-0,Black,<=5s vs <=5s,1571
KfHuo1sM,89,1-0,White,<=5s vs 15-20s,1592
eOyPOVMc,84,0-1,Black,<=5s vs 5-10s,1866
MTLK29pe,34,0-1,Black,<=5s vs 5-10s,815
637ci2tI,78,0-1,Black,<=5s vs 5-10s,2608
Cw0QCVgB,80,0-1,Black,<=5s vs 5-10s,2422
VVZaoxHE,66,0-1,Black,<=5s vs 5-10s,1846
7VMOzL3C,81,1-0,White,<=5s vs 5-10s,1938
PBFuwbSK,75,1-0,White,<=5s vs 15-20s,1958
5MAQs9Md,65,1-0,White,<=5s vs 5-10s,1067
vAatFfim,64,0-1,Black,<=5s vs 10-15s,1979
b6pouHEi,85,1-0,White,<=5s vs 15-20s,1874
PUgVC4Zm,70,0-1,Black,<=5s vs 5-10s,1525
BX4nUuhb,86,0-1,Black,<=5s vs 5-10s,2135
UqEqeK2e,126,0-1,Black,<=5s vs 15-20s,2351
Gu7GW5YT,95,0-1,White,<=5s vs 5-10s,2314
SdqbSnFG,49,1-0,White,<=5s vs 15-20s,1040
kzoPZVZ4,87,1-0,White,<=5s vs 15-20s,2306
L8ao3cSc,56,0-1,Black,<=5s vs 15-20s,1379
4CFfOU0b,66,1-0,Black,<=5s vs 5-10s,1447
LorPBN1r,84,0-1,Black,<=5s vs 10-15s,2265
HrcVlKbo,51,1-0,White,<=5s vs 10-15s,1993
Bg9w0L3g,47,1-0,White,<=5s vs 10-15s,1091
SUHE0Jp3,54,1-0,Black,<=5s vs 5-10s,1464
K1kzICV5,71,1-0,White,<=5s vs 5-10s,1479
NO7tB4nj,69,1-0,White,<=5s vs 15-20s,2512
XHvHGSi5,104,0-1,Black,<=5s vs 5-10s,2275
G4iyX2lh,82,0-1,Black,<=5s vs 10-15s,1988
x856cl8p,70,0-1,Black,<=5s vs 10-15s,1500
NHtqMRGN,76,0-1,Black,<=5s vs 15-20s,2110
5mRkkemE,84,0-1,Black,<=5s vs 10-15s,2241
D6KsvMoI,100,1-0,Black,<=5s vs <=5s,2082
67S2eXRB,62,1-0,Black,<=5s vs <=5s,1982
h7vn0b5p,69,0-1,White,<=5s vs 10-15s,2396
1SQd4Y6A,125,1-0,White,<=5s vs 15-20s,2527
hVFHV1lp,98,0-1,Black,<=5s vs <=5s,2305
EGBVwUng,44,0-1,Black,<=5s vs <=5s,1547
Dc6REbFJ,84,0-1,Black,<=5s vs 5-10s,1617
IlZjC3Ii,81,1-0,White,<=5s vs 5-10s,2238
qz94Mhj5,113,1-0,White,<=5s vs 5-10s,2457
cGUGX1ps,78,0-1,Black,<=5s vs 10-15s,1595
YJiCNt6j,42,0-1,Black,<=5s vs 5-10s,1016
52Flx3be,83,1-0,White,<=5s vs 10-15s,2467
nCeXYLFG,107,1-0,White,<=5s vs <=5s,1879
eqzNmJuP,81,1-0,White,<=5s vs 15-20s,2502
p2D2a3T6,58,1-0,Black,<=5s vs 5-10s,1094
S4MT7mPM,64,0-1,Black,<=5s vs 5-10s,1616
lZxtzzzr,84,0-1,Black,<=5s vs <=5s,2169
gV4NGrNZ,97,1-0,White,<=5s vs 15-20s,1729
K09gJZ6F,48,0-1,Black,<=5s vs 15-20s,1307
5tCxcnZU,60,0-1,Black,<=5s vs 10-15s,1859
ld97ZLPr,56,0-1,Black,<=5s vs 10-15s,1977
jB3MORiu,50,0-1,Black,<=5s vs 10-15s,1755
wBUwhbdH,64,0-1,Black,<=5s vs 15-20s,1098
N2JfYQ74,38,0-1,Black,<=5s vs 10-15s,686
yW8TfrGo,77,1-0,White,<=5s vs 10-15s,1766
gVV0spJq,108,1-0,Black,<=5s vs 5-10s,2488
uzcTdvE1,52,0-1,Black,<=5s vs 10-15s,1549
7C88oBZX,39,1-0,White,<=5s vs 15-20s,1173
6HNZyJGb,49,1-0,White,<=5s vs 15-20s,1404
MbwzA44O,85,1-0,White,<=5s vs 10-15s,1661
02ic9bv8,45,1-0,White,<=5s vs 5-10s,1279
bqIuFl4Q,70,0-1,Black,<=5s vs 10-15s,1522
SfY6GxeH,123,1-0,White,<=5s vs 15-20s,2597
4nqawAOd,67,1-0,White,<=5s vs 10-15s,1409
G9nc8usi,42,0-1,Black,<=5s vs 5-10s,864
EkvKvogN,40,0-1,Black,<=5s vs 5-10s,933
9aEpCQ3X,67,1-0,White,<=5s vs 5-10s,2036
S28MQCjl,54,0-1,Black,<=5s vs 15-20s,2161
zTDb1Lsj,100,0-1,Black,<=5s vs 10-15s,2541
7RjScbOe,107,1-0,White,<=5s vs 10-15s,2277
1B29pnkC,80,0-1,Black,<=5s vs 10-15s,2135
XgwFLpHw,40,0-1,Black,<=5s vs 15-20s,1611
FdWHxqD5,65,1-0,White,<=5s vs 15-20s,2390
NQES7pHm,76,0-1,Black,<=5s vs 15-20s,1783
s6FnG7zO,105,0-1,White,<=5s vs 5-10s,2438
5QvJQ31P,56,0-1,Black,<=5s vs 15-20s,1232
RCuxY3Tm,79,0-1,White,<=5s vs 10-15s,1716
FhNBz3W4,75,1-0,White,<=5s vs 15-20s,2410
K2XD7zBe,73,1-0,White,<=5s vs 10-15s,2129
AZWMaifF,77,1-0,White,<=5s vs 15-20s,1937
11dnsY3a,98,0-1,Black,<=5s vs 15-20s,2286
fLgyrceu,62,0-1,Black,<=5s vs <=5s,1116
fqmz2nRX,90,0-1,Black,<=5s vs 5-10s,2000
uiErqnsP,66,0-1,Black,<=5s vs 15-20s,1994
8B3p5mZN,68,0-1,Black,<=5s vs 5-10s,1532
MQhxbPze,138,0-1,Black,<=5s vs 5-10s,2018
D7gOJPhL,50,0-1,Black,<=5s vs 10-15s,1354
tRfTLtGz,131,0-1,White,<=5s vs <=5s,1849
73RXeczo,71,1-0,White,<=5s vs 15-20s,2040
XId5hvIq,62,0-1,Black,<=5s vs 15-20s,1955
D6jersdW,74,0-1,Black,<=5s vs 10-15s,1137
IIhSqYMA,50,1-0,Black,<=5s vs <=5s,1227
ULUmn88i,49,1-0,White,<=5s vs 15-20s,2295
NP4x2iE7,69,1-0,White,<=5s vs 10-15s,2711
QAPK7gY7,56,0-1,Black,<=5s vs 5-10s,1341
GSq3aPnQ,66,1-0,Black,<=5s vs <=5s,1220
O11X7Ta5,83,1-0,White,<=5s vs 5-10s,2172
nWkN3ddp,68,0-1,Black,<=5s vs 15-20s,1227
nOeye7On,54,0-1,Black,<=5s vs 5-10s,1197
fQ0R2AHD,65,0-1,White,<=5s vs <=5s,1421
giKNzPiO,139,1-0,White,<=5s vs 5-10s,2612
EeiBmwEr,44,1-0,Black,<=5s vs <=5s,1129
bbLYW5EM,46,0-1,Black,<=5s vs 10-15s,1253
ryvEmzng,70,0-1,Black,<=5s vs <=5s,1455
KbIrLIVR,76,0-1,Black,<=5s vs 10-15s,1544
T9oBablY,96,0-1,Black,<=5s vs <=5s,2169
5wgx88Ar,66,0-1,Black,<=5s vs 10-15s,1132
Gy9zopGk,43,1-0,White,<=5s vs 15-20s,1526
rY0xq7oi,71,1-0,White,<=5s vs 10-15s,1005
cFcF9RPw,64,0-1,Black,<=5s vs 10-15s,1767
EFDcQamw,84,0-1,Black,<=5s vs 5-10s,1695
U7j2fuqJ,28,0-1,Black,<=5s vs 15-20s,804
xfM8NwOQ,124,0-1,Black,<=5s vs 5-10s,2083
XDykMhVx,71,1-0,White,<=5s vs 10-15s,1881
kG5OfEt7,63,1-0,White,<=5s vs 10-15s,2023
RYnAV8tQ,66,0-1,Black,<=5s vs 5-10s,1492
ZK0boLJT,80,0-1,Black,<=5s vs 5-10s,2644
TzsiPhf8,68,1-0,Black,<=5s vs <=5s,1774
5nbbjBjA,68,0-1,Black,<=5s vs 10-15s,2271
lffr6h6m,70,0-1,Black,<=5s vs 5-10s,2120
lTKf26XW,45,1-0,White,<=5s vs 10-15s,1377
MQnzf1LR,197,1-0,White,<=5s vs 15-20s,2605
FJe6Cbob,75,1-0,White,<=5s vs 5-10s,1491
lNepBQZC,66,0-1,Black,<=5s vs 5-10s,1412
hczdaFoY,87,1-0,White,<=5s vs 5-10s,1683
rW4RZZ5U,57,1-0,White,<=5s vs 10-15s,1715
GTVY9S1y,97,0-1,White,<=5s vs 15-20s,2697
AttWuFfn,60,0-1,Black,<=5s vs 10-15s,2048
xMvZ0ojL,115,1-0,White,<=5s vs 15-20s,2171
NM9wCCNa,57,1-0,White,<=5s vs 5-10s,1365
iQwQqpmd,78,0-1,Black,<=5s vs 10-15s,2444
4negrmiw,101,1-0,White,<=5s vs 10-15s,2170
66h1a44v,68,0-1,Black,<=5s vs 5-10s,1204
dms0Z7KM,60,0-1,Black,<=5s vs 5-10s,1392
ZguC1kjX,111,0-1,White,<=5s vs 15-20s,2446
5YJh0gRK,63,1-0,White,<=5s vs 10-15s,1994
yAbx6Isv,46,0-1,Black,<=5s vs 15-20s,1140
niq9ffb1,54,1-0,Black,<=5s vs 10-15s,1764
46icl6PL,60,0-1,Black,<=5s vs 5-10s,1621
s8jPCMbx,57,1-0,White,<=5s vs 15-20s,1812
EVxct5eh,88,0-1,Black,<=5s vs 5-10s,2338
EB4p45It,45,1-0,White,<=5s vs 10-15s,947
IeL9gdeK,71,1-0,White,<=5s vs 15-20s,2340
mootLf7I,87,1-0,White,<=5s vs 10-15s,1778
EwUWSVlF,61,1-0,White,<=5s vs 10-15s,2569
FBhX4ZYk,65,1-0,White,<=5s vs <=5s,1827
sNHC9m8G,75,1-0,White,<=5s vs 10-15s,1789
rH4eWk9Z,80,0-1,Black,<=5s vs 10-15s,1224
yhdmoGcp,67,1-0,White,<=5s vs 10-15s,2344
FyCc5q0h,55,1-0,White,<=5s vs 15-20s,1089
YGFca70C,45,1-0,White,<=5s vs 15-20s,1404
boXdNk28,59,1-0,White,<=5s vs 5-10s,798
dmckcoDk,72,0-1,Black,<=5s vs <=5s,1931
By4a5Fen,45,1-0,White,<=5s vs 5-10s,1181
wE2GsV47,61,1-0,White,<=5s vs 5-10s,1743
6y3ZrZvK,93,1-0,White,<=5s vs 15-20s,2226
qduZY8gY,65,1-0,White,<=5s vs 10-15s,1495
cYub9OhM,111,1-0,White,<=5s vs 15-20s,1338
qey6fjQe,78,0-1,Black,<=5s vs 15-20s,2007
a0Utux5F,71,1-0,White,<=5s vs 5-10s,1347
JR5CqrEI,62,0-1,Black,<=5s vs 15-20s,1712
FPBGQL7q,44,0-1,Black,<=5s vs 5-10s,1461
3GSTaWqh,73,1-0,White,<=5s vs 5-10s,1907
WG2DcDKq,138,0-1,Black,<=5s vs 5-10s,2322
jUY3Jb5z,70,0-1,Black,<=5s vs <=5s,1192
SzWfX9zP,87,1-0,White,<=5s vs 5-10s,1803
RplMp9lD,67,1-0,White,<=5s vs 15-20s,1580
A1QHkT4i,98,0-1,Black,<=5s vs 15-20s,1370
6WsBrHpS,58,0-1,Black,<=5s vs 10-15s,1632
Bxc2uMeW,76,0-1,Black,<=5s vs 10-15s,2073
UhR1RIYh,118,0-1,Black,<=5s vs 5-10s,2084
34pQMoOF,79,0-1,White,<=5s vs 5-10s,2043
WTlFKkJb,83,1-0,White,<=5s vs 15-20s,1827
H19cI8vt,94,1-0,Black,<=5s vs 5-10s,1916
CjDuIgAF,73,1-0,White,<=5s vs 10-15s,1913
4Pjs1vRX,57,1-0,White,<=5s vs 5-10s,1249
9OLCMFO3,45,1-0,White,<=5s vs 5-10s,1238
fs7Wx53G,46,0-1,Black,<=5s vs 15-20s,1085
JGbdueSg,51,1-0,White,<=5s vs 15-20s,1992
6rMBGPmN,63,1-0,White,<=5s vs 5-10s,1281
7lVi78iK,107,1-0,White,<=5s vs 5-10s,2449
FRohUZ8E,55,1-0,White,<=5s vs <=5s,1171
fwEXa8jO,76,0-1,Black,<=5s vs 10-15s,2022
H3zVxM8K,92,0-1,Black,<=5s vs 5-10s,2726
OWHOMK8q,72,1-0,Black,<=5s vs 5-10s,1748
SoEP4Uqt,58,0-1,Black,<=5s vs 5-10s,1092
zXmyYJPq,68,1-0,Black,<=5s vs 10-15s,2470
3hkHKaTu,82,1-0,Black,<=5s vs 15-20s,2591
gEd4oXy8,76,0-1,Black,<=5s vs 5-10s,1569
K5bBniQf,46,0-1,Black,<=5s vs 5-10s,1103
RoBXCyMo,111,1-0,White,<=5s vs 15-20s,2335
lFYhJRCs,69,0-1,White,<=5s vs 5-10s,2290
YX7EO3Y4,65,0-1,White,<=5s vs 5-10s,1629
dsf7IBtA,73,0-1,White,<=5s vs 5-10s,1801
Za0Fi9yB,76,0-1,Black,<=5s vs 10-15s,1402
uQUMAZT0,127,1/2-1/2,White,<=5s vs 15-20s,2241
u86D1JRM,66,0-1,Black,<=5s vs 10-15s,1219
SGFNuPIw,56,0-1,Black,<=5s vs 15-20s,1051
IGccJUE2,65,1-0,White,<=5s vs 5-10s,2109
4DFiHkMD,71,1-0,White,<=5s vs 15-20s,2514
itXiPjK5,43,1-0,White,<=5s vs 15-20s,2583
01uWawuj,71,0-1,White,<=5s vs 15-20s,1240
XnNMGZHU,62,0-1,Black,<=5s vs 10-15s,1426
RoWvceal,124,1/2-1/2,Black,<=5s vs 10-15s,2563
1FfT41Yu,60,0-1,Black,<=5s vs 10-15s,2763
6NVYw3J3,111,1-0,White,<=5s vs 15-20s,2105
PmRUPTNm,62,0-1,Black,<=5s vs 15-20s,1830
5N7UN1MO,46,0-1,Black,<=5s vs 15-20s,1313
S2XeBpZm,63,1-0,White,<=5s vs 15-20s,1171
3uWK3nUL,76,0-1,Black,<=5s vs <=5s,2193
iTQNXW8u,60,0-1,Black,<=5s vs <=5s,1336
4kdOwXAB,58,0-1,Black,<=5s vs 5-10s,1106
FIqwFIG7,72,1-0,Black,<=5s vs 10-15s,1776
PNeWZU28,78,0-1,Black,<=5s vs <=5s,1647
1mHT0zBo,64,0-1,Black,<=5s vs 15-20s,1644
cMzLFveB,48,0-1,Black,<=5s vs 15-20s,2261
vrqBGfTi,71,1-0,White,<=5s vs 5-10s,1765
DILJrNH9,62,1-0,Black,<=5s vs 5-10s,1100
2jWjDCVG,60,0-1,Black,<=5s vs 5-10s,1537
zWO72jV5,97,1-0,White,<=5s vs <=5s,2364
kYlJtQ4p,63,1-0,White,<=5s vs 15-20s,928
syKRw3LS,53,1-0,White,<=5s vs 15-20s,1363
kBesZLxB,65,1-0,White,<=5s vs 10-15s,1653
hK7Xy6Ip,98,0-1,Black,<=5s vs 5-10s,2168
0Y9rkPcl,76,0-1,Black,<=5s vs 5-10s,1288
kPr6Dup2,125,1-0,White,<=5s vs 15-20s,1489
cuUjCslz,99,1-0,White,<=5s vs 15-20s,2319
BNDL2jyP,79,1-0,White,<=5s vs 10-15s,1691
DOAxhZM4,61,0-1,White,<=5s vs 5-10s,1604
K5JfrArm,52,0-1,Black,<=5s vs 15-20s,1297
RxwBWxVQ,67,1-0,White,<=5s vs 10-15s,2269
eyoHkFu8,45,1-0,White,<=5s vs 15-20s,1233
sCChgDgy,38,0-1,Black,<=5s vs 10-15s,1585
18Z6hKrb,67,1-0,White,<=5s vs 15-20s,1368
cK7PV363,53,0-1,White,<=5s vs 5-10s,1459
WMw92XlF,76,1-0,Black,<=5s vs 15-20s,1140
D3mckMzh,63,1-0,White,<=5s vs 10-15s,1428
B0xUzWtr,65,1-0,White,<=5s vs 15-20s,1690
qwPtllU8,56,1-0,Black,<=5s vs 5-10s,1395
AV3VF97L,48,0-1,Black,<=5s vs 15-20s,1248
xCEA4VVh,53,1/2-1/2,White,<=5s vs 15-20s,1065
GIvw0Jes,81,1-0,White,<=5s vs 10-15s,1474
PY2KHrJB,74,1-0,Black,<=5s vs <=5s,2382
Jz1YRGy8,106,1-0,Black,<=5s vs <=5s,2244
zTNSTno2,84,0-1,Black,<=5s vs <=5s,1925
WZgkeesx,40,0-1,Black,<=5s vs 10-15s,1444
Hf1TIfcW,68,1-0,Black,<=5s vs 5-10s,2153
X7TGXQAv,42,0-1,Black,<=5s vs 15-20s,1256
1PuLRgMR,97,1-0,White,<=5s vs 10-15s,1905
xrsRrpGo,82,1-0,Black,<=5s vs <=5s,1348
VPtrASPD,83,1-0,White,<=5s vs 10-15s,2031
2oqATpW7,53,1-0,White,<=5s vs 10-15s,1642
7PFXAVtE,143,1-0,White,<=5s vs <=5s,2156
Eeg2wl1w,56,0-1,Black,<=5s vs 5-10s,1964
f9ygJaEi,66,0-1,Black,<=5s vs 10-15s,1337
YdQ9P1mY,126,0-1,Black,<=5s vs 10-15s,2088
55JeaAkn,89,1-0,White,<=5s vs 10-15s,2345
zfkfo0yC,51,1-0,White,<=5s vs 10-15s,1288
VfgZNSUn,91,1-0,White,<=5s vs 10-15s,1780
ikvnrpxn,56,0-1,Black,<=5s vs 15-20s,1978
KnLi0MSd,79,0-1,White,<=5s vs 10-15s,2206
4RDpiPCo,66,1-0,Black,<=5s vs 5-10s,1788
ot3232dB,63,1-0,White,<=5s vs 15-20s,1276
6prP9udD,75,1-0,White,<=5s vs 5-10s,1240
UxfetmRk,54,0-1,Black,<=5s vs 10-15s,1626
Xxtz4uwG,80,0-1,Black,<=5s vs 10-15s,2353
DFa3ebPW,82,1/2-1/2,Black,<=5s vs 5-10s,2192
CSx6VKTX,90,0-1,Black,<=5s vs 5-10s,1787
asdKVBkm,43,1-0,White,<=5s vs 10-15s,1311
UuQ4hj7W,47,1-0,White,<=5s vs 15-20s,1512
IhRLMRr1,74,0-1,Black,<=5s vs 15-20s,1971
RX74yP2K,52,0-1,Black,<=5s vs 5-10s,877
fq5nBJEy,89,1-0,White,<=5s vs 15-20s,1257
JjsBnIZg,62,0-1,Black,<=5s vs 5-10s,1622
bjgfMSLb,114,0-1,Black,<=5s vs 10-15s,2322
EQaeKNcA,55,1-0,White,<=5s vs 10-15s,1771
drItvDU8,51,1-0,White,<=5s vs 15-20s,1678
yMsuo4FP,37,1-0,White,<=5s vs 15-20s,1940
imDMoRWE,88,0-1,Black,<=5s vs 15-20s,2218
bJBUbeRe,50,0-1,Black,<=5s vs <=5s,1082
wOnwwLv1,59,1-0,White,<=5s vs 5-10s,1783
jaJOy7Nr,42,0-1,Black,<=5s vs 15-20s,836
JmsisB3B,68,0-1,Black,<=5s vs 5-10s,1522
WcocRZQx,54,0-1,Black,<=5s vs 15-20s,1977
6SNNezRq,100,0-1,Black,<=5s vs 15-20s,1915
dIw2QgPX,42,0-1,Black,<=5s vs <=5s,1000
wTR2ZXqq,53,1-0,White,<=5s vs 5-10s,1030
fvXepfQ8,137,1/2-1/2,White,<=5s vs <=5s,2899
2HtpaKAu,70,0-1,Black,<=5s vs 5-10s,1650
uxh6005V,97,1-0,White,<=5s vs 10-15s,2085
YRHeWkea,53,1-0,White,<=5s vs 5-10s,1567
2jlI89v2,36,0-1,Black,<=5s vs <=5s,746
Nmgq0A7a,76,0-1,Black,<=5s vs 15-20s,1878
AEOEsnJL,57,1-0,White,<=5s vs 15-20s,1723
krlUDnnf,89,1/2-1/2,White,<=5s vs 10-15s,2105
K6OLKck4,130,1/2-1/2,Black,<=5s vs <=5s,2940
Lm1Z6ZgN,100,0-1,Black,<=5s vs 5-10s,1786
zUhp2Bl9,51,1-0,White,<=5s vs 10-15s,1049
o1qAOONJ,87,1-0,White,<=5s vs 5-10s,1732
vHBLaMtz,82,0-1,Black,<=5s vs <=5s,2411
Wnsy3SEt,152,1-0,Black,<=5s vs <=5s,1773
oCkAMe38,90,0-1,Black,<=5s vs <=5s,2367
Nf2jrOyY,81,1-0,White,<=5s vs <=5s,2184
5rl40tam,105,1/2-1/2,White,<=5s vs <=5s,2370
umfdIgKJ,48,0-1,Black,<=5s vs 5-10s,724
pDyGJyMJ,64,0-1,Black,<=5s vs 5-10s,1202
vV0uKjAz,62,0-1,Black,<=5s vs 5-10s,952
hzTKfMdv,90,0-1,Black,<=5s vs 10-15s,2231
V5nt5xtl,72,0-1,Black,<=5s vs 10-15s,2001
fyutYmGt,63,0-1,White,<=5s vs 10-15s,1490
47MAqH6W,80,0-1,Black,<=5s vs 10-15s,1966
7T0NAQlQ,70,0-1,Black,<=5s vs 15-20s,1918
7Mb1KL5L,54,0-1,Black,<=5s vs 5-10s,2004
koRt3OCZ,56,0-1,Black,<=5s vs 10-15s,1249
vu0QGdRf,53,1-0,White,<=5s vs 15-20s,1679
X8YUaw0m,81,1-0,White,<=5s vs 15-20s,1916
Mg5YONGA,65,1-0,White,<=5s vs 10-15s,1843
wKKzVuNu,65,1-0,White,<=5s vs 10-15s,2322
O2IUz9BI,68,0-1,Black,<=5s vs <=5s,1103
1IfAmID6,84,1-0,Black,<=5s vs 10-15s,2359
9gbVXWs3,80,0-1,Black,<=5s vs 10-15s,2206
YFDl8dyW,76,0-1,Black,<=5s vs <=5s,1689
6i8NHKsY,85,1-0,White,<=5s vs 5-10s,2429
v0AmgvUo,89,1-0,White,<=5s vs 15-20s,1500
TbEbvfEP,72,0-1,Black,<=5s vs 15-20s,1638
yg8didgN,58,0-1,Black,<=5s vs 10-15s,1534
PZRviBcM,67,1-0,White,<=5s vs 5-10s,1588
5fJYqqPt,83,1-0,White,<=5s vs 15-20s,1663
8890Z1y1,100,1/2-1/2,Black,<=5s vs 5-10s,2192
Dwma19ml,64,1-0,Black,<=5s vs 5-10s,1575
6bcwsvUP,102,1-0,Black,<=5s vs <=5s,2657
lbN3sff8,83,1-0,White,<=5s vs 5-10s,2000
F5KrqP8q,63,1-0,White,<=5s vs 10-15s,1981
e1IKHKyf,82,0-1,Black,<=5s vs 15-20s,2422
k5kiHjrW,68,1-0,Black,<=5s vs 5-10s,2437
H5CoCLuy,80,0-1,Black,<=5s vs 5-10s,1918
yFZhZwst,60,0-1,Black,<=5s vs 15-20s,2452
pPsK1H5I,81,0-1,White,<=5s vs 5-10s,2255
kH0xDtXD,58,0-1,Black,<=5s vs 10-15s,1495
K5VophPR,54,0-1,Black,<=5s vs 10-15s,1887
IqpbdPdn,89,1-0,White,<=5s vs 15-20s,2310
8Ol00WxN,58,0-1,Black,<=5s vs 5-10s,1033
k5E5CqBL,88,0-1,Black,<=5s vs 5-10s,1913
mBL1a5Bz,67,1-0,White,<=5s vs 5-10s,1587
ZN1AcRJb,56,0-1,Black,<=5s vs 5-10s,1358
DpKzGTZk,46,0-1,Black,<=5s vs 15-20s,1660
L7FE10vD,100,1/2-1/2,Black,<=5s vs <=5s,1953
T1t78PDM,56,0-1,Black,<=5s vs 10-15s,929
nwmuTAbZ,58,0-1,Black,<=5s vs 15-20s,1384
lZfgtxhJ,132,1-0,Black,<=5s vs <=5s,2350
elWFm7ut,66,0-1,Black,<=5s vs <=5s,1499
NZDtk6BP,49,1-0,White,<=5s vs 15-20s,1737
lDnR3UsS,66,1-0,Black,<=5s vs 5-10s,1371
81EQp5nA,65,1-0,White,<=5s vs 5-10s,1983
dF2FDuGG,107,1-0,White,<=5s vs 5-10s,2214
5b53Idqg,59,0-1,White,<=5s vs 5-10s,1672
Q0A4rAfu,98,0-1,Black,<=5s vs <=5s,1893
M88CldYA,65,0-1,White,<=5s vs 5-10s,1829
DmuPfU6n,64,0-1,Black,<=5s vs 15-20s,2374
hGHUeLbT,74,0-1,Black,<=5s vs 15-20s,2028
HbbVv1mW,103,1-0,White,<=5s vs 10-15s,1848
f2cXPqGw,87,1-0,White,<=5s vs 5-10s,1876
Iu53itLm,65,1-0,White,<=5s vs 15-20s,2247
mF5yNEin,51,1-0,White,<=5s vs <=5s,1548
6tUURIuL,112,0-1,Black,<=5s vs 15-20s,1964
80bVgyOG,103,1-0,White,<=5s vs 5-10s,2578
sIawK19w,77,1-0,White,<=5s vs <=5s,2310
gSNcDwTY,64,0-1,Black,<=5s vs 5-10s,1663
Clfq1bhW,91,1-0,White,<=5s vs 10-15s,2243
UWph2TqT,84,1-0,Black,<=5s vs <=5s,813
NKspSVEv,85,1-0,White,<=5s vs 10-15s,1647
xfmCBfOr,187,1/2-1/2,White,<=5s vs 10-15s,2666
4AYe8gP5,59,1-0,White,<=5s vs 5-10s,1114
0pZvrYaW,61,1-0,White,<=5s vs 15-20s,1097
Nq7vhrCk,34,0-1,Black,<=5s vs 15-20s,1517
959sfm7P,59,1-0,White,<=5s vs 10-15s,2507
mRHrRcrh,118,0-1,Black,<=5s vs 10-15s,1951
xaaCMDvh,62,0-1,Black,<=5s vs 10-15s,1592
cY4rejxI,102,0-1,Black,<=5s vs 5-10s,2461
7SdJhTwY,67,1-0,White,<=5s vs 15-20s,1638
aPWE8Mgw,68,1-0,Black,<=5s vs 5-10s,1199
R8zYADjd,79,1-0,White,<=5s vs 15-20s,1862
123BkuL1,95,1-0,White,<=5s vs 5-10s,1563
ZGZ9jimt,61,1-0,White,<=5s vs 15-20s,1554
5vFnwuGf,69,1-0,White,<=5s vs 5-10s,1284
HjXAT9tb,56,0-1,Black,<=5s vs 5-10s,1421
O45UdgKB,117,1-0,White,<=5s vs 5-10s,2435
biS2VOOB,33,1-0,White,<=5s vs 15-20s,1136
Ns5n8ImP,86,0-1,Black,<=5s vs 5-10s,2497
Iq5ehAeQ,67,0-1,White,<=5s vs 5-10s,2255
kfuMZnPS,62,0-1,Black,<=5s vs <=5s,1867
ZtU5vpWy,69,1-0,White,<=5s vs 15-20s,2132
zYDeCbbI,110,1-0,Black,<=5s vs <=5s,1946
OUXth9z5,84,0-1,Black,<=5s vs 5-10s,1727
sH31FPCW,60,0-1,Black,<=5s vs 10-15s,2053
LBbUR0CU,61,1-0,White,<=5s vs 15-20s,1687
0fDQ6P4E,67,1-0,White,<=5s vs 5-10s,1836
hxhZrypM,72,0-1,Black,<=5s vs 15-20s,2127
7EkeorJp,35,1-0,White,<=5s vs 15-20s,1226
Gib4xUTN,42,0-1,Black,<=5s vs 10-15s,1090
xuAwZ9Ku,65,1-0,White,<=5s vs 5-10s,1501
i2WLEBQg,71,1-0,White,<=5s vs 5-10s,1157
tKSxtWYH,88,0-1,Black,<=5s vs 5-10s,2025
KGjpQ0h6,76,1-0,Black,<=5s vs <=5s,1308
GpmgANrC,84,0-1,Black,<=5s vs 10-15s,2735
dQy4ZGG4,103,1-0,White,<=5s vs 15-20s,2290
HbCSvgWJ,118,1/2-1/2,Black,<=5s vs 5-10s,1925
9sPuQnGA,91,1-0,White,<=5s vs 10-15s,2188
EfJZuSRc,75,1-0,White,<=5s vs 15-20s,2032
zmJVllNh,65,1-0,White,<=5s vs 15-20s,1595
83pS4d59,77,1-0,White,<=5s vs 15-20s,2305
FMKV94Kx,123,1/2-1/2,White,<=5s vs 5-10s,1495
fDTaoShk,78,0-1,Black,<=5s vs 10-15s,1672
Sox7Tua7,89,1-0,White,<=5s vs 5-10s,1730
NXlS5KxJ,66,0-1,Black,<=5s vs 15-20s,2239
7Rm9giPb,58,1-0,Black,<=5s vs 5-10s,1297
EAlvMOgt,79,1/2-1/2,White,<=5s vs 15-20s,1841
UTAxqdAx,74,0-1,Black,<=5s vs 10-15s,2602
oL1XOT4R,94,1-0,Black,<=5s vs 10-15s,1016
iegCyQxy,66,0-1,Black,<=5s vs 10-15s,2084
ZtkrbdtL,126,0-1,Black,<=5s vs 10-15s,2248
F8b3pzou,95,1/2-1/2,White,<=5s vs 5-10s,2092
VvTMgmtK,51,1-0,White,<=5s vs 15-20s,1059
QtiMHQyG,77,1-0,White,<=5s vs 5-10s,2481
8trj4Tke,80,0-1,Black,<=5s vs 5-10s,2259
CcWis1Qi,93,1-0,White,<=5s vs 10-15s,2551
EfbAD7mF,87,1-0,White,<=5s vs 15-20s,2244
dLTblAmG,51,1-0,White,<=5s vs 5-10s,2233
f0NYfJfU,71,0-1,White,<=5s vs 5-10s,1735
9ccM3pvE,124,0-1,Black,<=5s vs 5-10s,2510
95EyfjhA,64,0-1,Black,<=5s vs 10-15s,1458
732ktSE2,93,1-0,White,<=5s vs 5-10s,2071
eBtvNQ5z,57,1-0,White,<=5s vs 10-15s,1767
B8X8sALF,51,1-0,White,<=5s vs 15-20s,1296
IsnuMqrP,51,1-0,White,<=5s vs 5-10s,1910
k7C9uial,45,1-0,White,<=5s vs 10-15s,1446
RLNDUtoz,63,1-0,White,<=5s vs 15-20s,2060
UB9KFcGr,93,1-0,White,<=5s vs 5-10s,2397
OAolpGec,53,1-0,White,<=5s vs 15-20s,1860
5ePlrAwi,77,1-0,White,<=5s vs 15-20s,1930
abzI2ti4,83,1-0,White,<=5s vs 10-15s,2052
FzDVNV13,95,1-0,White,<=5s vs 15-20s,2087
1i9tnH2M,48,0-1,Black,<=5s vs 15-20s,1468
FrsP4lKR,58,0-1,Black,<=5s vs 10-15s,1721
292cpjTe,56,0-1,Black,<=5s vs 15-20s,1862
MXvW5fWD,91,1-0,White,<=5s vs 5-10s,1834
JRG8mM2S,44,0-1,Black,<=5s vs 5-10s,685
zgl0K68x,74,0-1,Black,<=5s vs 5-10s,1469
wDKvQCeY,85,1-0,White,<=5s vs 10-15s,2405
s5MnrSBH,58,0-1,Black,<=5s vs 10-15s,2248
HD9bVVkp,60,0-1,Black,<=5s vs 5-10s,1650
BSOR2TwD,78,0-1,Black,<=5s vs 5-10s,2195
jgnehkf8,65,1-0,White,<=5s vs 15-20s,1430
CniyyrCI,56,0-1,Black,<=5s vs 5-10s,1172
zA88ECin,55,1-0,White,<=5s vs 15-20s,1629
Y97jwK45,65,1-0,White,<=5s vs 15-20s,2216
bVOavf1B,109,1-0,White,<=5s vs 5-10s,2189
f2B8RC4p,78,0-1,Black,<=5s vs 10-15s,1746
WKnKPYxZ,102,0-1,Black,<=5s vs 15-20s,2488
YoMSmydq,61,1-0,White,<=5s vs 10-15s,1628
ChwAvAIe,56,0-1,Black,<=5s vs 5-10s,1325
cCidE09N,59,0-1,White,<=5s vs 5-10s,1971
RD7MlF04,58,1-0,Black,<=5s vs 15-20s,1442
AeRnekeR,53,1-0,White,<=5s vs 10-15s,1140
H31PrB3m,72,0-1,Black,<=5s vs <=5s,2448
iXBwXTq2,96,0-1,Black,<=5s vs 15-20s,2529
fR6UO9B3,69,1-0,White,<=5s vs 10-15s,1151
CCkQbE7q,55,1-0,White,<=5s vs 10-15s,1163
P642yLmn,89,1-0,White,<=5s vs 15-20s,1640
PZ5MPWMg,52,0-1,Black,<=5s vs 15-20s,1686
Exqp6nFk,64,0-1,Black,<=5s vs 15-20s,2068
hCVOfskh,63,1-0,White,<=5s vs 5-10s,1440
Ne80ZhMC,54,0-1,Black,<=5s vs 5-10s,2403
IvoB1iv6,78,0-1,Black,<=5s vs 5-10s,1834
NR7I8JhW,93,0-1,White,<=5s vs 5-10s,2140
vlWsNbYD,67,1-0,White,<=5s vs 15-20s,2122
tnijGiHk,63,1-0,White,<=5s vs 15-20s,2163
d7i2yWLm,77,1-0,White,<=5s vs 15-20s,1517
quxykRNg,86,0-1,Black,<=5s vs 10-15s,1687
ZiRBTHTn,71,1-0,White,<=5s vs 10-15s,2420
D0IPkkfi,75,1-0,White,<=5s vs 15-20s,2213
BLNEhUpI,108,1/2-1/2,Black,<=5s vs 15-20s,1901
StyEBepn,66,0-1,Black,<=5s vs 15-20s,1131
UB515tOU,85,1-0,White,<=5s vs 10-15s,1978
WJpnDMla,49,1-0,White,<=5s vs 15-20s,1536
5pwU4U7c,82,1/2-1/2,Black,<=5s vs 5-10s,3077
kirBGWqi,41,1-0,White,<=5s vs 15-20s,1246
FfPhubi4,87,1-0,White,<=5s vs 5-10s,2312
CPRNT3Q9,139,1/2-1/2,White,<=5s vs <=5s,2688
dzJUIcf0,65,1-0,White,<=5s vs 15-20s,1311
c07ZUTp6,60,0-1,Black,<=5s vs 15-20s,1974
WzAc9bKi,103,0-1,White,<=5s vs <=5s,1938
7cTxqLYG,104,0-1,Black,<=5s vs 10-15s,2007
fBvMOYEn,65,1-0,White,<=5s vs 5-10s,1723
gvHZjcr9,58,0-1,Black,<=5s vs 15-20s,1518
ODWB1kdA,65,1-0,White,<=5s vs 5-10s,1879
YYvioEZl,92,0-1,Black,<=5s vs 5-10s,2051
h9kZGCXW,71,1-0,White,<=5s vs 15-20s,1628
feewig0S,220,0-1,Black,<=5s vs 5-10s,2685
GnIEyaMb,38,0-1,Black,<=5s vs 15-20s,1594
1MdNYBoN,112,1/2-1/2,Black,<=5s vs 15-20s,1831
AWSDWnYx,69,0-1,White,<=5s vs 5-10s,2531
w7CStMYR,67,1-0,White,<=5s vs 5-10s,1478
7kwoKEio,58,0-1,Black,<=5s vs 5-10s,2222
zKDvv6Wc,76,1-0,Black,<=5s vs 5-10s,1688
BwmPx97I,66,0-1,Black,<=5s vs 5-10s,1470
QzN7HtmZ,70,0-1,Black,<=5s vs 15-20s,1929
e4CQEJZS,54,0-1,Black,<=5s vs 15-20s,1787
DQ2HnGEW,105,1-0,White,<=5s vs 10-15s,2380
BDD4RPH7,81,1-0,White,<=5s vs 15-20s,2323
rNyHBeYE,87,1-0,White,<=5s vs 5-10s,2417
NekGQ00l,53,1-0,White,<=5s vs 15-20s,1748
WhDPh1pG,85,0-1,White,<=5s vs 5-10s,1264
DDkhygUm,121,1-0,White,<=5s vs 15-20s,2674
C0dy53dI,59,1-0,White,<=5s vs 10-15s,1173
hiz5H7U0,48,0-1,Black,<=5s vs 10-15s,1850
XmfTIIa8,100,1-0,Black,<=5s vs 10-15s,2038
bphcIUQW,98,0-1,Black,<=5s vs 5-10s,2472
g8bqxxTu,73,1-0,White,<=5s vs 5-10s,1439
QQLUnr0H,69,1-0,White,<=5s vs 10-15s,1164
jTCT1oV1,82,0-1,Black,<=5s vs 5-10s,1194
X7wCfbQz,58,0-1,Black,<=5s vs 10-15s,1270
5gghauPa,71,1-0,White,<=5s vs <=5s,1840
VtjQEZ53,114,0-1,Black,<=5s vs 10-15s,2043
1BlbFwvZ,70,0-1,Black,<=5s vs 5-10s,1713
5e7mV94i,49,1-0,White,<=5s vs 5-10s,1053
K8ny2TX1,63,0-1,White,<=5s vs <=5s,1323
KXFfy6ri,49,1-0,White,<=5s vs 10-15s,1023
uSyIKdHU,60,0-1,Black,<=5s vs 15-20s,1141
BDgP72UV,51,1-0,White,<=5s vs 5-10s,1499
bN8ZLdPj,60,0-1,Black,<=5s vs 15-20s,1814
EQ65I5x0,103,1-0,White,<=5s vs 15-20s,1231
C4dxwr4G,66,0-1,Black,<=5s vs 5-10s,1012
lQGJgpEH,116,1/2-1/2,Black,<=5s vs 5-10s,2298
wuGizjCV,58,0-1,Black,<=5s vs 15-20s,1551
fpfEwmFI,110,0-1,Black,<=5s vs 10-15s,2644
OdHRBrj2,97,1-0,White,<=5s vs 10-15s,2112
IUdI1IaY,68,0-1,Black,<=5s vs 15-20s,1890
3WtlI3t2,76,0-1,Black,<=5s vs 5-10s,2132
NkO2nSKc,70,0-1,Black,<=5s vs 5-10s,2613
S4s0gxf3,76,0-1,Black,<=5s vs <=5s,1349
Iqhmy0aX,70,0-1,Black,<=5s vs 10-15s,1218
N9Qj0W5F,72,0-1,Black,<=5s vs 10-15s,1180
UFFEzh15,50,0-1,Black,<=5s vs 10-15s,1589
Q7Chab0W,67,1-0,White,<=5s vs 10-15s,2139
4JRWOEXM,89,0-1,White,<=5s vs <=5s,1852
QObNplYM,40,0-1,Black,<=5s vs 15-20s,960
enKUns99,109,1-0,White,<=5s vs 5-10s,1857
ZvTpfv04,95,1-0,White,<=5s vs 5-10s,1930
meJle9zn,63,1-0,White,<=5s vs 10-15s,1475
hFuh1o1M,50,0-1,Black,<=5s vs 5-10s,1529
Kku0fDTW,91,1-0,White,<=5s vs 15-20s,2574
keubBETr,115,1-0,White,<=5s vs 15-20s,2307
bixmk29w,60,0-1,Black,<=5s vs 10-15s,1395
nVS9SpvX,48,0-1,Black,<=5s vs 15-20s,948
9BQxNCRK,46,0-1,Black,<=5s vs 10-15s,2000
DbklCwQN,93,0-1,White,<=5s vs <=5s,1842
ExFcjd7b,66,0-1,Black,<=5s vs 10-15s,1397
Zzvje19y,110,0-1,Black,<=5s vs 5-10s,2368
vLgw57RF,52,0-1,Black,<=5s vs 10-15s,1160
TEYreZo4,78,0-1,Black,<=5s vs 5-10s,1991
F3E2lidS,87,1/2-1/2,White,<=5s vs 5-10s,2010
CsvX10Jo,50,0-1,Black,<=5s vs 15-20s,1481
AjzDwXF8,47,0-1,White,<=5s vs 5-10s,1516
ASIDDjCo,73,0-1,White,<=5s vs <=5s,1607
vqicU2EW,60,1-0,Black,<=5s vs 10-15s,1803
VAgQOokl,48,0-1,Black,<=5s vs <=5s,1124
2wSXRWrU,62,1-0,Black,<=5s vs 5-10s,1408
X5YvEPiK,129,1/2-1/2,White,<=5s vs 15-20s,2300
qDjPkTUo,79,1-0,White,<=5s vs <=5s,1459
JJG0Lfbz,52,1-0,Black,<=5s vs 5-10s,1442
EvZVanyc,116,0-1,Black,<=5s vs <=5s,2321
YRVUPOMI,57,1-0,White,<=5s vs <=5s,953
BMHNRoNs,85,1-0,White,<=5s vs 5-10s,2876
ZWdn7rpl,67,0-1,White,<=5s vs 5-10s,2084
WXY5Y0xN,41,1-0,White,<=5s vs 15-20s,1264
cJzxGVV0,80,0-1,Black,<=5s vs 5-10s,2542
BuoF4XDE,58,0-1,Black,<=5s vs 5-10s,1118
6mHYHJA0,73,1-0,White,<=5s vs 10-15s,1787
caQsgPwk,52,0-1,Black,<=5s vs 15-20s,1880
QKBJKRVh,57,1-0,White,<=5s vs 15-20s,1518
AFbFf7Wg,54,0-1,Black,<=5s vs 10-15s,2036
Jmqpdi9u,45,1-0,White,<=5s vs 15-20s,1435
cguimGKZ,65,0-1,White,<=5s vs <=5s,1919
qp1TrCLO,73,1-0,White,<=5s vs 15-20s,2020
ApiaOpO2,90,0-1,Black,<=5s vs 15-20s,2131
lKkWBPNC,68,0-1,Black,<=5s vs 15-20s,1171
Tee65Ezv,98,0-1,Black,<=5s vs 15-20s,1624
GF8XNTPq,70,0-1,Black,<=5s vs 5-10s,1567
5fdk9E0u,42,0-1,Black,<=5s vs 15-20s,1186
Cihfw1UA,40,0-1,Black,<=5s vs 10-15s,1566
JVIgTCj6,71,1-0,White,<=5s vs 10-15s,1495
TqaQRjxg,64,0-1,Black,<=5s vs 5-10s,2441
loF1uRmo,88,0-1,Black,<=5s vs 15-20s,2381
BSlUQCxQ,61,0-1,White,<=5s vs 5-10s,1642
EkUJM8d6,43,1-0,White,<=5s vs 5-10s,1362
o1okAcqU,48,0-1,Black,<=5s vs 15-20s,1292
gxZDUEA8,75,1-0,White,<=5s vs 5-10s,1816
4nGhGE4B,75,1-0,White,<=5s vs 5-10s,2113
yATVKy7K,72,0-1,Black,<=5s vs 5-10s,1420
FYL6eIOL,78,0-1,Black,<=5s vs 5-10s,2061
6FozOTcN,129,1-0,White,<=5s vs 10-15s,2377
My0p0T7D,67,1-0,White,<=5s vs 5-10s,1781
DdFlV3aG,59,1-0,White,<=5s vs 15-20s,2028
zkAu9rV2,59,1-0,White,<=5s vs 10-15s,1661
EjqYNxBb,84,0-1,Black,<=5s vs 5-10s,2260
y66tnTFV,67,1-0,White,<=5s vs 10-15s,2139
LmdOswiB,68,0-1,Black,<=5s vs 5-10s,2649
2vXrkiHG,44,0-1,Black,<=5s vs 5-10s,1071
xFpDmaEZ,60,0-1,Black,<=5s vs 15-20s,1123
NbFkeOB2,89,1-0,White,<=5s vs 15-20s,2382
1mpRqbsy,58,0-1,Black,<=5s vs 10-15s,2260
JfIQVVkr,83,1-0,White,<=5s vs 5-10s,2268
vXOWV3gK,63,1-0,White,<=5s vs <=5s,2282
IFE0ZbCZ,56,0-1,Black,<=5s vs 10-15s,1294
AofrzwAC,70,0-1,Black,<=5s vs 15-20s,2540
E8peGgcP,74,0-1,Black,<=5s vs <=5s,1823
QIGJOH1C,84,0-1,Black,<=5s vs 10-15s,1972
hiGYkAtC,62,0-1,Black,<=5s vs 5-10s,1245
vODnEfSM,94,0-1,Black,<=5s vs 5-10s,1750
XvF0NQjv,88,0-1,Black,<=5s vs 5-10s,1790
AVEGECuY,55,1-0,White,<=5s vs 10-15s,1785
eVHzZ6S7,81,0-1,White,<=5s vs 5-10s,2077
Jc1DfF5n,78,0-1,Black,<=5s vs 10-15s,2133
qCEILRCq,74,0-1,Black,<=5s vs 5-10s,2171
hxpy0IkI,37,1-0,White,<=5s vs 15-20s,820
FymjeFLP,57,1-0,White,<=5s vs 5-10s,1368
rS0h9dxM,94,0-1,Black,<=5s vs 15-20s,1084
nach6k2O,55,1-0,White,<=5s vs 15-20s,1045
v3gnvRzu,58,0-1,Black,<=5s vs 10-15s,929
OEaamAa1,89,1-0,White,<=5s vs 10-15s,1579
J1DF8E9T,45,0-1,White,<=5s vs 10-15s,1406
Ab4WxXId,116,1-0,Black,<=5s vs <=5s,1553
cRxd9pxu,73,1-0,White,<=5s vs 5-10s,1990
F8gF2kYD,76,0-1,Black,<=5s vs 5-10s,2474
IY6Sa5GT,47,1-0,White,<=5s vs 10-15s,980
N9SOqcxi,83,1-0,White,<=5s vs 15-20s,1397
ZIUkx9WE,90,1/2-1/2,Black,<=5s vs 5-10s,2388
gjtrUw2N,47,1-0,White,<=5s vs 15-20s,1298
MD5ZtWtq,107,1-0,White,<=5s vs 10-15s,2552
hDxYdX5o,56,1-0,Black,<=5s vs 5-10s,1804
aStk5ah4,61,1-0,White,<=5s vs 10-15s,1749
7bwrloVh,94,0-1,Black,<=5s vs 5-10s,1977
E9uVWs4f,49,1-0,White,<=5s vs 15-20s,1377
SRyvGSjp,55,1-0,White,<=5s vs 15-20s,1948
TtAa9861,71,1-0,White,<=5s vs 15-20s,2015
780RCGXc,77,1-0,White,<=5s vs 5-10s,2014
9c7EZtNl,69,1-0,White,<=5s vs 15-20s,1609
4HJVOWx7,102,1-0,Black,<=5s vs <=5s,2874
NQbOutIw,75,1-0,White,<=5s vs 10-15s,1836
eCaxcaM3,36,0-1,Black,<=5s vs 15-20s,1181
AcYmbBKe,82,0-1,Black,<=5s vs 15-20s,2014
MTFcr40X,86,1-0,Black,<=5s vs <=5s,2241
3fqvkq0L,85,1-0,White,<=5s vs 5-10s,2183
IuoOcbhU,102,0-1,Black,<=5s vs 10-15s,2453
jyc4Lftt,74,0-1,Black,<=5s vs <=5s,1151
Uk4TMoYI,95,1-0,White,<=5s vs 5-10s,1284
GF5wYPtc,81,1-0,White,<=5s vs 15-20s,2201
BerRJ6ku,101,1-0,White,<=5s vs 5-10s,2089
qkrKsafv,58,0-1,Black,<=5s vs 5-10s,2104
g9EqtDiu,57,1-0,White,<=5s vs 15-20s,1127
GgSKLEPS,79,1-0,White,<=5s vs 5-10s,1711
GqywiZ1h,83,1-0,White,<=5s vs 5-10s,2272
BmLutiZC,67,1-0,White,<=5s vs 15-20s,1655
BPXJ8D0Q,66,0-1,Black,<=5s vs 15-20s,1739
bzZIQG9w,89,1-0,White,<=5s vs 10-15s,2121
1sG7qUvM,96,1-0,Black,<=5s vs <=5s,2010
HFhAtp4n,54,0-1,Black,<=5s vs <=5s,1326
XzFcBcYK,50,0-1,Black,<=5s vs 15-20s,1601
uC4XJ6OR,37,0-1,White,<=5s vs 10-15s,795
73X5L38w,62,0-1,Black,<=5s vs 15-20s,1790
Xt3V3dJt,50,0-1,Black,<=5s vs 10-15s,1924
lAQZrJ4R,64,0-1,Black,<=5s vs 15-20s,2226
MfUa77Mm,53,1-0,White,<=5s vs 10-15s,1878
QKtAnznu,76,1-0,Black,<=5s vs 5-10s,1941
QHRmBc00,118,0-1,Black,<=5s vs 5-10s,2327
uTQjjtdl,60,0-1,Black,<=5s vs 15-20s,1794
VzHqfadV,56,0-1,Black,<=5s vs 10-15s,2598
okTdzmYC,68,0-1,Black,<=5s vs 5-10s,2211
3oKL3cV0,71,1/2-1/2,White,<=5s vs 10-15s,1516
WiqdnXZE,61,1-0,White,<=5s vs 10-15s,2154
hJCOp9rt,101,1-0,White,<=5s vs 10-15s,2489
AY55VVqC,83,1-0,White,<=5s vs 5-10s,1156
b2Kw6MXM,61,1-0,White,<=5s vs 15-20s,1680
vPwuin7K,78,0-1,Black,<=5s vs 5-10s,1195
Xol2pkPl,109,1-0,White,<=5s vs 10-15s,2661
MwwXTscd,42,0-1,Black,<=5s vs 15-20s,1747
6ee9czJ1,99,1-0,White,<=5s vs 5-10s,2529
IQ50ML0L,154,1/2-1/2,Black,<=5s vs 10-15s,2229
WP4605nL,50,0-1,Black,<=5s vs 10-15s,1196
k5E76N39,73,1-0,White,<=5s vs 5-10s,1799
WKhxE2m7,79,1-0,White,<=5s vs 10-15s,1167
LZCSkEgy,68,0-1,Black,<=5s vs 5-10s,1571
Y86ownhk,65,1-0,White,<=5s vs 5-10s,1872
KcOf0646,53,1-0,White,<=5s vs 15-20s,2323
bAyDSjdE,90,0-1,Black,<=5s vs 15-20s,1520
R5MfC53T,88,0-1,Black,<=5s vs 5-10s,1876
5L2ICCP5,49,1-0,White,<=5s vs 5-10s,1047
X6PPpt8c,102,0-1,Black,<=5s vs 10-15s,2739
7UxVnEO8,74,1-0,Black,<=5s vs 5-10s,1998
7Ev8tJwg,71,1-0,White,<=5s vs 10-15s,1216
O5WYMCmC,51,0-1,White,<=5s vs 5-10s,919
B7NEcmKg,67,1-0,White,<=5s vs 15-20s,1459
YS5i3Z95,65,0-1,White,<=5s vs 5-10s,1850
TAWCCb6E,126,1/2-1/2,Black,<=5s vs 5-10s,2554
RJeAOuwO,54,1/2-1/2,Black,<=5s vs <=5s,1686
BhHIUemI,59,1-0,White,<=5s vs 10-15s,1863
94wGiXJg,77,1-0,White,<=5s vs 10-15s,2000
MPTa6EPd,81,1-0,White,<=5s vs 10-15s,1726
Cik5n3Dk,58,0-1,Black,<=5s vs 15-20s,1860
JvcRdwNu,76,1-0,Black,<=5s vs <=5s,1956
QEPSz7sp,91,1-0,White,<=5s vs 5-10s,2742
6r0LE6mj,112,0-1,Black,<=5s vs 5-10s,2705
Gszrbee8,50,0-1,Black,<=5s vs 10-15s,670
ivMxT23Y,60,0-1,Black,<=5s vs 5-10s,1666
nuOLi4Xn,102,1/2-1/2,Black,<=5s vs 5-10s,2060
BDpRb0I9,84,0-1,Black,<=5s vs 10-15s,2451
OTBhJT6x,55,1-0,White,<=5s vs 10-15s,1442
MgdhB0Ox,37,1-0,White,<=5s vs 15-20s,1070
O7pa408J,49,1-0,White,<=5s vs 10-15s,1286
SzhQ9Hxr,92,1/2-1/2,Black,<=5s vs 5-10s,2637
HYD520wd,70,1-0,Black,<=5s vs <=5s,1342
9R8jCr5h,55,1-0,White,<=5s vs 10-15s,1856
D33wlDyf,67,1-0,White,<=5s vs 5-10s,1781
DPRyK9IJ,105,1-0,White,<=5s vs 15-20s,1586
JWb3zySY,75,1-0,White,<=5s vs 10-15s,1706
Envav2ET,67,1-0,White,<=5s vs 5-10s,1783
SXMjgHGx,69,1-0,White,<=5s vs 15-20s,2304
D5KjKg37,69,1-0,White,<=5s vs 15-20s,2369
lxQ03f0g,74,0-1,Black,<=5s vs 15-20s,1650
G7ceCn3o,80,0-1,Black,<=5s vs 5-10s,1725
CPcKlbVf,56,1-0,Black,<=5s vs <=5s,1240
TJwsCDxK,35,1-0,White,<=5s vs 15-20s,802
Zi1N6ukX,60,0-1,Black,<=5s vs 5-10s,1905
LkgHOgFP,54,0-1,Black,<=5s vs 10-15s,1769
I1scEdbI,58,0-1,Black,<=5s vs 15-20s,1452
uH9sik00,57,1-0,White,<=5s vs 5-10s,1232
NOgfHP9q,95,1-0,White,<=5s vs 5-10s,1778
1gZl81Q0,100,0-1,Black,<=5s vs <=5s,1633
AGwUj4SM,79,1-0,White,<=5s vs 15-20s,2047
mYrU2s0N,62,1-0,Black,<=5s vs 10-15s,2167
3H3OnNfu,55,1-0,White,<=5s vs 15-20s,1562
sh61BGgm,73,0-1,White,<=5s vs 10-15s,2336
Xy8cAacg,75,1-0,White,<=5s vs 5-10s,1400
J0bI1Uu6,78,0-1,Black,<=5s vs 5-10s,1965
43MjgeHn,69,0-1,White,<=5s vs 10-15s,1479
R0tHwl2g,59,0-1,White,<=5s vs 5-10s,2000
caqsREmD,62,1/2-1/2,Black,<=5s vs 5-10s,1453
IwXq6NIW,89,1-0,White,<=5s vs 15-20s,1931
DvDlauSb,80,1-0,Black,<=5s vs <=5s,2041
Bw0KFF9V,50,0-1,Black,<=5s vs 15-20s,1103
D8sWeyqV,53,1-0,White,<=5s vs 10-15s,1836
BcV6kgjr,53,1-0,White,<=5s vs 10-15s,2016
vF1rJay9,104,1-0,Black,<=5s vs <=5s,2728
3FFW9o3w,94,1-0,Black,<=5s vs <=5s,1889
Pa6Pxubv,78,0-1,Black,<=5s vs <=5s,1606
u2IJ313N,100,0-1,Black,<=5s vs 10-15s,2668
23YZVwmc,45,1-0,White,<=5s vs 10-15s,953
40Qt6KAI,87,1-0,White,<=5s vs 5-10s,2369
jNznQkt9,72,0-1,Black,<=5s vs 10-15s,1523
MdzV45s4,92,0-1,Black,<=5s vs 5-10s,2433
zqy6E7fw,88,0-1,Black,<=5s vs 10-15s,1240
lySq4aQr,51,1-0,White,<=5s vs 15-20s,1587
bNdXrovE,123,0-1,White,<=5s vs <=5s,1899
EMJTJuf5,49,1-0,White,<=5s vs 15-20s,978
Gm1O2hdr,75,1-0,White,<=5s vs 10-15s,1579
5G4IQEJF,72,0-1,Black,<=5s vs 10-15s,2671
06Oj8Qmp,69,1-0,White,<=5s vs 15-20s,1393
7kMpXAuK,69,1-0,White,<=5s vs 10-15s,1781
AOxw9994,67,1-0,White,<=5s vs 15-20s,1196
HjA2g3rz,79,1-0,White,<=5s vs 5-10s,2329
8wyzvx46,102,1-0,Black,<=5s vs 5-10s,1898
LE1Kf7hB,54,1-0,Black,<=5s vs <=5s,1213
1fJNX6Mm,88,1-0,Black,<=5s vs 10-15s,1399
FHXPQJpz,91,1-0,White,<=5s vs 15-20s,2559
g402rNJ7,60,0-1,Black,<=5s vs 10-15s,1572
wgTYiVUw,120,0-1,Black,<=5s vs 10-15s,2368
gvywoq1I,51,0-1,White,<=5s vs 5-10s,1317
KlZmgR6g,51,1-0,White,<=5s vs 5-10s,1197
VZso2WFN,79,0-1,White,<=5s vs 5-10s,2232
lvbhvw0I,88,0-1,Black,<=5s vs 15-20s,2546
Kel7JIaW,70,0-1,Black,<=5s vs 5-10s,2162
dikw51pX,69,1-0,White,<=5s vs 10-15s,1640
9xODtFv5,73,1-0,White,<=5s vs 10-15s,2123
ukUS8Y4m,65,1-0,White,<=5s vs 10-15s,2094
8qw26M3h,92,0-1,Black,<=5s vs 5-10s,1876
Zfp8C0kv,76,0-1,Black,<=5s vs 15-20s,2003
4Akdpzof,49,0-1,White,<=5s vs <=5s,1426
qkLVCpJy,48,0-1,Black,<=5s vs 15-20s,1086
fzO6ywqm,69,1-0,White,<=5s vs 10-15s,1883
Mt9sX3Mo,64,0-1,Black,<=5s vs 15-20s,1657
aaEb9AN1,54,0-1,Black,<=5s vs 10-15s,1513
7Vb0mIbk,94,0-1,Black,<=5s vs 15-20s,2015
U4OY59N2,56,1-0,Black,<=5s vs 10-15s,2092
Pz40v3aS,84,0-1,Black,<=5s vs 10-15s,1411
IkUycAwA,113,1-0,White,<=5s vs 15-20s,2509
M2X1ergh,74,0-1,Black,<=5s vs 5-10s,1349
L7TUR6OK,71,1-0,White,<=5s vs 15-20s,2063
XIDS5Eyb,61,1-0,White,<=5s vs 15-20s,1557
qeZ4K1tn,64,0-1,Black,<=5s vs 5-10s,1860
Ki8coQHZ,101,1/2-1/2,White,<=5s vs 5-10s,2030
VllRJS5Z,103,1/2-1/2,White,<=5s vs 10-15s,1699
lUo82Jrq,91,1-0,White,<=5s vs <=5s,1938
7VhV308R,46,0-1,Black,<=5s vs 15-20s,875
yuwHNaz3,70,1-0,Black,<=5s vs 15-20s,2120
Ii64ZjsI,48,0-1,Black,<=5s vs 10-15s,1985
toX8qjof,80,0-1,Black,<=5s vs 10-15s,1771
s1yekVcj,85,0-1,White,<=5s vs <=5s,2421
ddqLtBP2,71,0-1,White,<=5s vs 10-15s,1764
7nOD8O5L,99,1-0,White,<=5s vs 10-15s,1829
0R0s1xFU,69,1-0,White,<=5s vs 5-10s,1305
VUKkRKom,60,0-1,Black,<=5s vs <=5s,1746
o0DgBojT,98,0-1,Black,<=5s vs 5-10s,2492
CIv0deKR,45,0-1,White,<=5s vs 15-20s,1213
zl1dNPEI,67,1-0,White,<=5s vs 5-10s,1918
D9Ek74sF,70,0-1,Black,<=5s vs 10-15s,1671
Scmt7xvb,71,1-0,White,<=5s vs 15-20s,1832
MNY8PmRr,85,1-0,White,<=5s vs 5-10s,2533
HiE6kGzV,105,0-1,White,<=5s vs <=5s,2329
V7KZzAwn,67,1-0,White,<=5s vs <=5s,2336
gy1uR9Y0,83,1-0,White,<=5s vs 10-15s,1492
zmxJXEde,76,0-1,Black,<=5s vs 5-10s,1168
ol93wopx,70,0-1,Black,<=5s vs <=5s,1679
01DICDVE,129,1-0,White,<=5s vs 5-10s,2253
XsoJanm8,56,0-1,Black,<=5s vs 10-15s,1015
WpTxdLm2,129,0-1,White,<=5s vs <=5s,2607
XMK4NreD,80,1-0,Black,<=5s vs <=5s,1635
WplGya3z,52,0-1,Black,<=5s vs 15-20s,1949
9lW9po2L,52,0-1,Black,<=5s vs 5-10s,1120
pEADaaUk,53,1-0,White,<=5s vs 15-20s,2227
Sm6tTZwu,71,0-1,White,<=5s vs <=5s,2182
l3edurHo,76,0-1,Black,<=5s vs 10-15s,868
uoXZz2qI,74,0-1,Black,<=5s vs 10-15s,1635
MvuSqPJk,98,1/2-1/2,Black,<=5s vs 5-10s,2586
H8aiPT77,80,0-1,Black,<=5s vs 10-15s,1881
aEi83Ej2,87,1-0,White,<=5s vs 5-10s,1497
KnyiHytJ,72,0-1,Black,<=5s vs 5-10s,2418
rzUHFyPl,53,1-0,White,<=5s vs 10-15s,2314
SBGIyx39,77,1/2-1/2,White,<=5s vs <=5s,1609
aGK6RhTL,87,1-0,White,<=5s vs 5-10s,1616
gR1ZwjTV,84,0-1,Black,<=5s vs 10-15s,1757
MFjjb1Qt,62,0-1,Black,<=5s vs 15-20s,1534
b6jSXWim,80,0-1,Black,<=5s vs 15-20s,1844
JdUZqYYF,46,0-1,Black,<=5s vs 10-15s,1059
7vQwIzk1,64,0-1,Black,<=5s vs 10-15s,1247
7E68Dn4i,75,0-1,White,<=5s vs <=5s,2049
j7aebAF5,94,0-1,Black,<=5s vs 15-20s,2233
qOeXaEvb,49,1-0,White,<=5s vs 15-20s,1191
BrbzFCYx,43,1-0,White,<=5s vs 10-15s,1635
POOf2M5r,126,0-1,Black,<=5s vs 10-15s,2106
4tFibIms,77,0-1,White,<=5s vs 5-10s,2951
5C8QEbtN,58,0-1,Black,<=5s vs <=5s,1406
OZtayicq,103,1-0,White,<=5s vs 10-15s,2388
8c4Us8Oq,57,1-0,White,<=5s vs 5-10s,2351
9Of7cbHH,68,0-1,Black,<=5s vs <=5s,1643
t5UagNQk,70,1/2-1/2,Black,<=5s vs 15-20s,2210
nTEiXx1T,50,1-0,Black,<=5s vs 10-15s,1100
ICHMVh5e,50,0-1,Black,<=5s vs 10-15s,1323
8TfBUVg4,67,1-0,White,<=5s vs 5-10s,1641
NaMcofBO,83,1-0,White,<=5s vs 10-15s,2068
jtCQfvkg,71,1-0,White,<=5s vs 10-15s,1363
7oysZt2Q,90,0-1,Black,<=5s vs <=5s,2022
dn3GoV42,76,1-0,Black,<=5s vs <=5s,1431
GwsBd5Ci,50,0-1,Black,<=5s vs 10-15s,1595
RfR0ixK0,65,1-0,White,<=5s vs <=5s,1487
4OasAzPg,64,0-1,Black,<=5s vs 15-20s,1411
LFdxeFKm,81,1-0,White,<=5s vs 10-15s,2075
ucVTXSGE,68,0-1,Black,<=5s vs 10-15s,2030
9SXUmq1L,59,1-0,White,<=5s vs 15-20s,1208
LgXL97gE,42,0-1,Black,<=5s vs 10-15s,1146
krE9Wiwk,119,1-0,White,<=5s vs 10-15s,2669
2HJUXP7n,105,1-0,White,<=5s vs 10-15s,2432
AAGlC3ne,42,0-1,Black,<=5s vs 5-10s,756
7Us1lQWb,67,1-0,White,<=5s vs 10-15s,1674
fRinOlDu,86,0-1,Black,<=5s vs 15-20s,1836
Bbj96L3C,47,1-0,White,<=5s vs 10-15s,1131
AlgEHHWJ,95,1-0,White,<=5s vs 5-10s,1844
2sfqXMUe,89,1-0,White,<=5s vs 5-10s,2460
Co0Z5ekY,142,1-0,Black,<=5s vs 5-10s,2474
m8nv1oVy,78,0-1,Black,<=5s vs <=5s,1921
cR7WPc1O,66,0-1,Black,<=5s vs 10-15s,2212
qiipShWg,85,0-1,White,<=5s vs 15-20s,2008
oJPzBfPG,82,1-0,Black,<=5s vs <=5s,1252
JVLePIQ6,115,1-0,White,<=5s vs 15-20s,1842
Qmeevaxw,66,0-1,Black,<=5s vs 15-20s,1464
QuUYGfes,61,1-0,White,<=5s vs 15-20s,1635
N7MJCOVO,83,1-0,White,<=5s vs 10-15s,2005
GzrtVTpG,87,0-1,White,<=5s vs 5-10s,1774
k70cAeHP,102,0-1,Black,<=5s vs <=5s,1737
Yv1zhPIW,150,1/2-1/2,Black,<=5s vs 5-10s,2560
ZkGyNtYi,71,1-0,White,<=5s vs 10-15s,1772
q5PYqS3N,79,1-0,White,<=5s vs 15-20s,2209
42yxJnRa,64,0-1,Black,<=5s vs 15-20s,2160
T6prrjGg,54,0-1,Black,<=5s vs 15-20s,1427
Uda7rrOt,84,0-1,Black,<=5s vs 15-20s,2219
9LpSbf0T,87,1-0,White,<=5s vs 15-20s,1969
2rCAo5kK,80,1-0,Black,<=5s vs <=5s,1483
QImxPyur,82,0-1,Black,<=5s vs 5-10s,2632
lgPKI4vp,40,0-1,Black,<=5s vs 10-15s,1453
dmVtJcq0,112,0-1,Black,<=5s vs 15-20s,2465
L9kogDzs,47,1-0,White,<=5s vs 15-20s,1298
82peARfx,56,0-1,Black,<=5s vs 5-10s,1197
kFnbrwFN,116,1-0,Black,<=5s vs <=5s,2289
u62lW34r,82,0-1,Black,<=5s vs 5-10s,2580
wTxQK0zp,70,0-1,Black,<=5s vs 10-15s,1714
XSnBZHLC,108,0-1,Black,<=5s vs 10-15s,2380
6ABf56yV,71,1-0,White,<=5s vs 10-15s,1918
X6kSGnGc,78,0-1,Black,<=5s vs 15-20s,1346
JRJ8AN5n,74,0-1,Black,<=5s vs <=5s,1953
lnL08mUy,50,0-1,Black,<=5s vs 15-20s,1062
L7YFCY2v,86,0-1,Black,<=5s vs 10-15s,1784
4hTIfi8f,103,0-1,White,<=5s vs 5-10s,2280
x2Zmxv98,78,0-1,Black,<=5s vs 10-15s,1750
8UeCFpeT,110,1-0,Black,<=5s vs 5-10s,1808
MvRt2F0p,46,0-1,Black,<=5s vs 10-15s,1482
3ipavGmv,119,1-0,White,<=5s vs <=5s,2532
fYU3XI47,54,0-1,Black,<=5s vs 15-20s,1158
4sgqO9D6,70,0-1,Black,<=5s vs 5-10s,1794
GmhZUNst,54,0-1,Black,<=5s vs 15-20s,1849
AydNa52G,74,0-1,Black,<=5s vs 10-15s,1554
SgFQ2OlM,76,0-1,Black,<=5s vs 10-15s,2257
vW2JEaa2,64,1-0,Black,<=5s vs <=5s,1512
GUdJW7VW,66,0-1,Black,<=5s vs 5-10s,2003
QI9G3Oe7,128,1-0,Black,<=5s vs 15-20s,2012
flvqVMjj,122,1-0,Black,<=5s vs <=5s,2491
Nh58ZGdx,65,0-1,White,<=5s vs 15-20s,1988
FPfTqSty,76,1-0,Black,<=5s vs <=5s,2153
2Z87Ifn8,58,0-1,Black,<=5s vs 5-10s,1557
E8POTaJM,48,0-1,Black,<=5s vs 10-15s,1168
vlhoGO3J,50,0-1,Black,<=5s vs 10-15s,1318
hSMRjJ1N,80,1-0,Black,<=5s vs 5-10s,1907
PySV72mc,59,1-0,White,<=5s vs 5-10s,1322
L7AiYc06,94,0-1,Black,<=5s vs 10-15s,1994
Q6UaVeOM,74,0-1,Black,<=5s vs 15-20s,2064
qAR4rRDE,48,0-1,Black,<=5s vs 5-10s,1387
I3LOUvc5,58,0-1,Black,<=5s vs 15-20s,1771
87YJ7bU6,59,0-1,White,<=5s vs 5-10s,2047
Z04lyUoK,64,0-1,Black,<=5s vs 5-10s,978
Q9vId8ld,68,0-1,Black,<=5s vs 5-10s,1693
OwWSSOZ4,61,1-0,White,<=5s vs 10-15s,1557
lP1WwX0K,52,0-1,Black,<=5s vs <=5s,1221
HpIESXre,112,0-1,Black,<=5s vs 5-10s,2642
yIHBY1j5,58,0-1,Black,<=5s vs 10-15s,1407
CsruZ9U9,90,1-0,Black,<=5s vs <=5s,2198
IfhYwTBT,70,0-1,Black,<=5s vs 15-20s,2572
T29NOgkR,95,1-0,White,<=5s vs 15-20s,2178
L6IOxW3q,90,0-1,Black,<=5s vs 5-10s,1935
LOAyEi09,40,0-1,Black,<=5s vs 15-20s,877
ASvA35bB,154,1/2-1/2,Black,<=5s vs 5-10s,2309
FIZpxmkM,61,1-0,White,<=5s vs 5-10s,2195
706I6EP1,52,0-1,Black,<=5s vs 10-15s,1865
4DVhMM05,99,1-0,White,<=5s vs 5-10s,2564
DaMBVx14,92,0-1,Black,<=5s vs 15-20s,2479
9DUsMCPJ,176,0-1,Black,<=5s vs 15-20s,2481
9RKDoy8T,75,1-0,White,<=5s vs 15-20s,2198
4cZg7UOx,97,1-0,White,<=5s vs <=5s,2407
SkvwBDw6,43,1-0,White,<=5s vs 15-20s,1504
2G4EmJsQ,50,0-1,Black,<=5s vs 5-10s,1110
455oUPFV,60,0-1,Black,<=5s vs 15-20s,2042
upt8cLae,63,1-0,White,<=5s vs 10-15s,1473
YdyzVrIY,49,1-0,White,<=5s vs 10-15s,2135
zS6RRq5w,57,1-0,White,<=5s vs 5-10s,1340
Btdl9jTM,73,1-0,White,<=5s vs 10-15s,1902
MKtrVnUL,84,0-1,Black,<=5s vs 10-15s,1342
SSGV0OCS,78,0-1,Black,<=5s vs 10-15s,2263
TCdv5WZg,68,0-1,Black,<=5s vs 15-20s,1756
VZDkvGfj,60,0-1,Black,<=5s vs 15-20s,1725
Xn6ovUns,111,0-1,White,<=5s vs 5-10s,2665
TUXg5lg3,67,1-0,White,<=5s vs 15-20s,1739
fXs8HdMc,40,0-1,Black,<=5s vs 5-10s,967
uTB3H1a4,70,0-1,Black,<=5s vs 5-10s,1641
HrO85K7R,61,0-1,White,<=5s vs 5-10s,2033
gQ6VjOQn,67,1-0,White,<=5s vs <=5s,1266
VnXX4JWL,109,0-1,White,<=5s vs 5-10s,1299
2gzUY7pe,63,1-0,White,<=5s vs 5-10s,2258
8W6e26I3,66,0-1,Black,<=5s vs 10-15s,2508
CfZuhvMS,80,0-1,Black,<=5s vs 15-20s,2060
15kFph6S,101,0-1,White,<=5s vs <=5s,2578
L7rzg65x,53,1-0,White,<=5s vs 5-10s,1897
ECcsIYUs,108,0-1,Black,<=5s vs 15-20s,2618
EjYXlREH,125,1-0,White,<=5s vs 5-10s,2106
FEWoEyEd,41,1-0,White,<=5s vs 10-15s,1139
8XeNgUqb,96,0-1,Black,<=5s vs 15-20s,1821
zPokd3MR,39,1-0,White,<=5s vs 10-15s,672
00APGc0N,66,0-1,Black,<=5s vs 15-20s,1286
jCNlagMj,71,1-0,White,<=5s vs 5-10s,1651
ufyV7rWg,43,1-0,White,<=5s vs 15-20s,1423
dX1blI5X,82,0-1,Black,<=5s vs 15-20s,2234
PmWE6B7S,67,1-0,White,<=5s vs 15-20s,1816
u4Ez6p9U,109,1/2-1/2,White,<=5s vs 15-20s,1485
FxDafDhD,61,1-0,White,<=5s vs 15-20s,1119
rDOOYUh8,76,0-1,Black,<=5s vs 10-15s,2267
qxWcxmsu,78,0-1,Black,<=5s vs 5-10s,1505
2ifqTI8a,68,0-1,Black,<=5s vs 5-10s,2385
9sYt3qvo,45,1-0,White,<=5s vs 10-15s,1613
kP7qn56O,62,1-0,Black,<=5s vs 5-10s,1581
xRwYHo1w,79,1-0,White,<=5s vs 5-10s,2456
ScPJccMp,102,1-0,Black,<=5s vs <=5s,2410
MgHSNcRC,65,1/2-1/2,White,<=5s vs 10-15s,2128
3aWDW0BQ,81,1-0,White,<=5s vs <=5s,2015
EwpWUySw,77,0-1,White,<=5s vs 10-15s,2430
TvZHCIYc,64,0-1,Black,<=5s vs 15-20s,2128
vrWYwCi9,86,0-1,Black,<=5s vs 5-10s,1124
R2YQ7fwy,96,1-0,Black,<=5s vs <=5s,2461
b6PUKVPj,49,1-0,White,<=5s vs 10-15s,1638
0CvINeGR,56,0-1,Black,<=5s vs <=5s,1652
4Y69I308,78,0-1,Black,<=5s vs 15-20s,1600
T0HdEdZu,64,0-1,Black,<=5s vs 5-10s,1935
eENNyXu7,83,1-0,White,<=5s vs 10-15s,2104
qcLitbQB,101,0-1,White,<=5s vs 5-10s,2400
JWAgnfkU,105,0-1,White,<=5s vs <=5s,1959
rmk77Q9T,92,0-1,Black,<=5s vs 15-20s,1679
YVFMlAFE,79,1-0,White,<=5s vs 5-10s,1502
kJo3lxi9,77,1-0,White,<=5s vs 10-15s,1794
iNK0z70e,75,1-0,White,<=5s vs 5-10s,2103
Wh4Marwa,74,0-1,Black,<=5s vs 10-15s,2046
K5AYtJ2V,97,1/2-1/2,White,<=5s vs 5-10s,2493
Ghz1K39f,122,0-1,Black,<=5s vs <=5s,2364
xGdqP9X5,50,0-1,Black,<=5s vs 10-15s,1259
9nwJeqbI,52,0-1,Black,<=5s vs 15-20s,1311
6YY7ip9u,71,1-0,White,<=5s vs 15-20s,2565
7Og45hAw,47,1-0,White,<=5s vs 10-15s,1522
2gXsums5,59,1-0,White,<=5s vs 5-10s,1161
Br7Dw1CR,52,0-1,Black,<=5s vs 10-15s,1861
3NSA9xu4,44,0-1,Black,<=5s vs 15-20s,1239
SF2g1Nfi,63,1-0,White,<=5s vs 5-10s,2262
U9r1KFnh,53,1-0,White,<=5s vs 5-10s,1287
nJizRldK,103,1-0,White,<=5s vs <=5s,2350
dxwtemTS,84,0-1,Black,<=5s vs 10-15s,1644
UyJcLzEq,47,1-0,White,<=5s vs 5-10s,1004
2fntKPGs,56,0-1,Black,<=5s vs 10-15s,1399
JxNwHl0G,73,1-0,White,<=5s vs 10-15s,2521
DBlG8N6m,90,1/2-1/2,Black,<=5s vs <=5s,2002
Ex4DB27V,78,0-1,Black,<=5s vs <=5s,1753
z25hQUSV,106,1-0,Black,<=5s vs 5-10s,2326
kxcYYgI2,80,0-1,Black,<=5s vs 10-15s,2142
d6SsHUQM,117,1/2-1/2,White,<=5s vs 5-10s,2623
WH9DAuyZ,48,1-0,Black,<=5s vs <=5s,1057
VNzwqPn8,53,1-0,White,<=5s vs 5-10s,1479
DpUQEGcQ,74,0-1,Black,<=5s vs 15-20s,1529
VV3OQyUZ,71,0-1,White,<=5s vs 5-10s,2238
Si8dv84u,53,1-0,White,<=5s vs 10-15s,808
S6R1gMfv,79,0-1,White,<=5s vs <=5s,1508
XddhdMsU,52,0-1,Black,<=5s vs <=5s,1366
LV3kY3dw,71,1-0,White,<=5s vs 5-10s,1346
rWIQdL0e,82,0-1,Black,<=5s vs 15-20s,1627
RSa1YCnR,35,1-0,White,<=5s vs 10-15s,1181
1ZexuodB,69,0-1,White,<=5s vs 5-10s,2017
z6MX9SP2,52,0-1,Black,<=5s vs 15-20s,2141
APo73zhG,86,0-1,Black,<=5s vs 15-20s,1730
qJm7yDVJ,110,0-1,Black,<=5s vs <=5s,2473
HNY9bDCN,41,1-0,White,<=5s vs 15-20s,2098
5a8rhPo6,77,1-0,White,<=5s vs 10-15s,2639
EveKX1kM,56,0-1,Black,<=5s vs 10-15s,1965
FSdslsXM,130,0-1,Black,<=5s vs 10-15s,2034
2zwlGU0f,129,1-0,White,<=5s vs 5-10s,2549
D9M6sLL0,92,0-1,Black,<=5s vs 5-10s,2165
eXwWq4CR,65,1-0,White,<=5s vs 15-20s,1035
Zu7AMGOM,79,1-0,White,<=5s vs 10-15s,1616
BlUmCbDr,145,1/2-1/2,White,<=5s vs 15-20s,2126
SyhMqe2K,65,1-0,White,<=5s vs 10-15s,1927
KS2eBhO8,82,0-1,Black,<=5s vs 5-10s,2067
Xuj9tBLR,53,0-1,White,<=5s vs <=5s,1985
Px383ERv,117,1-0,White,<=5s vs 15-20s,2016
OKbUGMY0,70,1-0,Black,<=5s vs 5-10s,1867
K95VSgG2,69,1-0,White,<=5s vs <=5s,1524
BXSQbeUh,80,0-1,Black,<=5s vs 10-15s,2043
ysd6jkCR,60,0-1,Black,<=5s vs 5-10s,1617
vOXBbAet,47,0-1,White,<=5s vs 5-10s,1092
3lKsifyG,59,1-0,White,<=5s vs 10-15s,2322
XlLG6gWH,78,0-1,Black,<=5s vs 5-10s,1736
ZqUicvZ8,79,1-0,White,<=5s vs 15-20s,1873
CbQSj4BE,57,1-0,White,<=5s vs 10-15s,1547
SbJAHGlB,81,1-0,White,<=5s vs 10-15s,2430
GkDF1JMr,55,1-0,White,<=5s vs 15-20s,1363
MRHPqqsN,46,0-1,Black,<=5s vs 10-15s,1038
LsTRGLHF,76,0-1,Black,<=5s vs 15-20s,1953
3H6cGR1L,121,1-0,White,<=5s vs 10-15s,2545
CrIGF9Uv,52,0-1,Black,<=5s vs 5-10s,1594
DXYmftS4,95,1-0,White,<=5s vs 15-20s,2721
ajr14O1b,78,1-0,Black,<=5s vs 5-10s,971
5Jo50jtm,68,1-0,Black,<=5s vs <=5s,1944
MRzLcpet,86,0-1,Black,<=5s vs <=5s,1670
YMrunQ9V,62,1-0,Black,<=5s vs 5-10s,1595
cZlF0zqD,67,1-0,White,<=5s vs 10-15s,1382
WcCBecUA,62,0-1,Black,<=5s vs 15-20s,1962
mWDATT6T,92,0-1,Black,<=5s vs 15-20s,2105
XQ6Aql2D,67,1-0,White,<=5s vs 5-10s,1791
JVYUnMum,44,0-1,Black,<=5s vs 15-20s,836
77qYOKKA,118,1-0,Black,<=5s vs <=5s,2116
e92A072h,76,1-0,Black,<=5s vs <=5s,2242
c6Ud2PJt,51,1-0,White,<=5s vs 15-20s,1065
Tcd6zIEE,90,0-1,Black,<=5s vs 10-15s,2166
BeM5n20C,76,0-1,Black,<=5s vs 5-10s,1598
prwIwLcf,52,0-1,Black,<=5s vs <=5s,1240
jPIc7l2C,74,1/2-1/2,Black,<=5s vs 10-15s,2269
poVE5jwv,66,0-1,Black,<=5s vs 15-20s,1878
4zfMcANE,45,1-0,White,<=5s vs 15-20s,1311
FARutoHc,58,0-1,Black,<=5s vs 15-20s,1665
3rxNy9Js,79,1-0,White,<=5s vs 10-15s,2104
QpQs1ZUb,62,1-0,Black,<=5s vs <=5s,1282
Yumtrnw6,78,0-1,Black,<=5s vs 15-20s,1829
GL6FUSr3,48,0-1,Black,<=5s vs <=5s,1015
WN6T06Qk,68,0-1,Black,<=5s vs 5-10s,2283
gTvkNnqz,69,1-0,White,<=5s vs 10-15s,1957
p8xP6zvb,103,1-0,White,<=5s vs 5-10s,1610
cEtBFH8I,89,1-0,White,<=5s vs 5-10s,2391
fxrq93NR,67,0-1,White,<=5s vs 15-20s,1947
gpD9jt43,78,1-0,Black,<=5s vs <=5s,2389
4syTiBBy,70,0-1,Black,<=5s vs 10-15s,2003
qkQTajlM,77,1-0,White,<=5s vs 5-10s,2053
onDJIhmU,51,1-0,White,<=5s vs 10-15s,1548
IRwcHlC4,87,1-0,White,<=5s vs 5-10s,2224
RiaR9i01,61,1-0,White,<=5s vs 10-15s,1803
P7ep878J,88,0-1,Black,<=5s vs 10-15s,1955
Qrm09yuA,52,0-1,Black,<=5s vs 15-20s,2359
U2TRn9Fm,63,1-0,White,<=5s vs 10-15s,1346
o9vBwAuu,72,0-1,Black,<=5s vs 15-20s,1652
MNVog5bY,51,0-1,White,<=5s vs <=5s,1657
Lmz9EoWG,93,1-0,White,<=5s vs 5-10s,1754
V6VHQaBP,65,1-0,White,<=5s vs 10-15s,1411
UFKyOVQq,67,1-0,White,<=5s vs 10-15s,1668
V0RcpTQ0,59,1-0,White,<=5s vs 10-15s,1802
r2ljXfY6,61,1-0,White,<=5s vs 15-20s,1637
5MPYuE1v,61,1-0,White,<=5s vs 5-10s,1796
P7mp2cdc,106,0-1,Black,<=5s vs 10-15s,2342
iSMUhX2s,69,1-0,White,<=5s vs 5-10s,1806
7XH2AByr,89,1-0,White,<=5s vs <=5s,2305
59Y4guW5,54,0-1,Black,<=5s vs 10-15s,1742
GfaN5vdf,80,1-0,Black,<=5s vs 5-10s,2340
TPiU1jJB,73,0-1,White,<=5s vs 10-15s,2474
QFSHEIEa,77,1-0,White,<=5s vs 10-15s,3171
b5m8gly1,99,1-0,White,<=5s vs 5-10s,1754
Q1Cu2atC,93,1/2-1/2,White,<=5s vs 5-10s,1890
oPcKsrcx,38,0-1,Black,<=5s vs 15-20s,930
7punZU88,101,1-0,White,<=5s vs 5-10s,2104
DbFvWk9o,101,1/2-1/2,White,<=5s vs 5-10s,2109
UV8YhyAB,79,1-0,White,<=5s vs 5-10s,1721
AUXKq0Id,50,0-1,Black,<=5s vs 10-15s,1076
v9eK6aX2,56,0-1,Black,<=5s vs 10-15s,1585
amPeMZCo,40,0-1,Black,<=5s vs 5-10s,650
Zn2C55Cy,80,0-1,Black,<=5s vs 5-10s,1442
tqHV5X82,66,0-1,Black,<=5s vs 5-10s,1705
rg8iNh6g,83,1-0,White,<=5s vs 5-10s,1585
7bbxGdnV,60,0-1,Black,<=5s vs 15-20s,2671
g3iERVLC,61,1-0,White,<=5s vs 10-15s,1946
E8h3PlS7,40,1-0,Black,<=5s vs 15-20s,1583
G1vZBOOL,81,1-0,White,<=5s vs 15-20s,2334
Cwff3OCh,45,1-0,White,<=5s vs 15-20s,2072
TRSinGRs,90,0-1,Black,<=5s vs 5-10s,2284
A5aMe6ov,80,1-0,Black,<=5s vs 5-10s,2244
6r3ZfgJC,89,1-0,White,<=5s vs 15-20s,2354
g9NIh2Lr,134,0-1,Black,<=5s vs 15-20s,2134
obpvuOtr,44,0-1,Black,<=5s vs 15-20s,919
SkDozB59,101,1/2-1/2,White,<=5s vs 5-10s,2395
7WPNaVyQ,115,1-0,White,<=5s vs <=5s,1544
ZvrR5Sdy,74,0-1,Black,<=5s vs 10-15s,1958
EHxtdt00,58,0-1,Black,<=5s vs <=5s,1974
VQyV0qVU,67,1-0,White,<=5s vs 10-15s,2095
uMUF5g6w,73,1-0,White,<=5s vs 5-10s,2270
8kyM73Ez,66,0-1,Black,<=5s vs 10-15s,1550
MxidocpQ,41,1-0,White,<=5s vs 10-15s,991
pU2g8z3b,67,1-0,White,<=5s vs 15-20s,2317
HPAFgAiL,77,1-0,White,<=5s vs 15-20s,2605
X5UaRNks,84,1-0,Black,<=5s vs 5-10s,1754
aegkPQVB,105,0-1,White,<=5s vs <=5s,2358
qmTdMW81,86,0-1,Black,<=5s vs 5-10s,2400
3dLT1f84,106,0-1,Black,<=5s vs 10-15s,1770
n2zsr7Jw,89,1-0,White,<=5s vs 15-20s,1653
DbX1zptk,61,1-0,White,<=5s vs 5-10s,1818
iweqGN0h,47,1-0,White,<=5s vs 15-20s,1503
bRi64EdL,73,1-0,White,<=5s vs 5-10s,1852
A8BED0hA,98,0-1,Black,<=5s vs <=5s,2835
6vt7SXQr,167,1-0,White,<=5s vs 10-15s,2545
rCIjXS7m,80,0-1,Black,<=5s vs 15-20s,788
7hKdH7sU,55,1-0,White,<=5s vs 10-15s,1273
KimnCkjX,84,0-1,Black,<=5s vs 5-10s,2192
kDToGHCm,81,1-0,White,<=5s vs <=5s,1295
HtjbXV8d,56,0-1,Black,<=5s vs 10-15s,1316
fj1CY9Uv,98,0-1,Black,<=5s vs 10-15s,2422
6cJqDQD0,65,1-0,White,<=5s vs 5-10s,961
LKXFpkng,146,1/2-1/2,Black,<=5s vs 15-20s,2045
KBxVx1OO,75,1/2-1/2,White,<=5s vs 5-10s,1960
xKVan1mc,68,0-1,Black,<=5s vs <=5s,1072
D3qnn4rB,70,1-0,Black,<=5s vs <=5s,1320
d4FgX8tW,113,1-0,White,<=5s vs 10-15s,1864
almfGZ2J,39,1-0,White,<=5s vs 5-10s,1216
oic0SJ85,65,1-0,White,<=5s vs 5-10s,2424
VrcX2V1z,97,0-1,White,<=5s vs 5-10s,2368
npxApwhK,76,0-1,Black,<=5s vs 10-15s,1458
qXl9kZT8,69,1-0,White,<=5s vs 10-15s,1889
m3yZijyT,65,1-0,White,<=5s vs 10-15s,1547
XoFbq2an,75,1-0,White,<=5s vs 10-15s,2455
WybJhF3l,151,1-0,White,<=5s vs 5-10s,2293
r54Ntecq,60,0-1,Black,<=5s vs 15-20s,1776
wzwDIgmL,62,0-1,Black,<=5s vs 10-15s,1892
m3Rgi47Q,109,0-1,White,<=5s vs <=5s,1549
VRRbH4N4,49,1-0,White,<=5s vs 10-15s,1035
qZHEyEvl,58,0-1,Black,<=5s vs <=5s,1806
HxwFTU75,96,0-1,Black,<=5s vs 5-10s,2517
51MUwbT3,96,1-0,Black,<=5s vs <=5s,2608
WgD8CY9L,99,1-0,White,<=5s vs 10-15s,1018
glsR0j74,64,0-1,Black,<=5s vs 10-15s,1467
YBarvPku,71,1-0,White,<=5s vs 15-20s,2282
sTpH1xSe,67,1-0,White,<=5s vs 10-15s,1297
CfA9JjSl,102,0-1,Black,<=5s vs <=5s,2241
62Mio7Lc,50,0-1,Black,<=5s vs 10-15s,2304
bKV2UBcU,100,0-1,Black,<=5s vs <=5s,2395
PZ7Yb6XT,51,1-0,White,<=5s vs 10-15s,1011
UKyZkAd5,130,1/2-1/2,Black,<=5s vs 15-20s,1974
KGw0bX7z,36,0-1,Black,<=5s vs 15-20s,1029
0BeRbuFN,63,1-0,White,<=5s vs 5-10s,1217
2Dnzxr0A,58,0-1,Black,<=5s vs 10-15s,1231
aiSPmPgb,136,1/2-1/2,Black,<=5s vs 5-10s,2420
ng8OI82Z,60,1-0,Black,<=5s vs <=5s,1731
CvBJKi7O,47,1-0,White,<=5s vs 15-20s,1518
n6L6bIsh,114,0-1,Black,<=5s vs 15-20s,1611
HEz6k7qj,100,0-1,Black,<=5s vs 5-10s,1786
CYgOcY6m,74,0-1,Black,<=5s vs 5-10s,1663
ZB7UTtlz,56,0-1,Black,<=5s vs 15-20s,1122
FCB8moXH,45,1-0,White,<=5s vs 10-15s,1226
7BpQfgEz,75,0-1,White,<=5s vs <=5s,2540
BpeJoXHj,54,0-1,Black,<=5s vs 15-20s,1342
i9h0LWEK,55,1-0,White,<=5s vs 15-20s,932
fAK2FVcO,78,1-0,Black,<=5s vs <=5s,2270
7Z6qfPLD,56,0-1,Black,<=5s vs 10-15s,1683
sBRIxQFT,78,0-1,Black,<=5s vs 5-10s,2435
XPIuyxQE,73,1-0,White,<=5s vs 15-20s,1901
UZAFgZqK,96,0-1,Black,<=5s vs 5-10s,2251
KFkBc4EJ,87,1-0,White,<=5s vs 15-20s,2370
HvcQwgMR,83,1-0,White,<=5s vs 5-10s,1664
GYeJolu3,96,0-1,Black,<=5s vs 10-15s,2071
BUNTw06P,77,1-0,White,<=5s vs 15-20s,1972
9IbCLedX,88,0-1,Black,<=5s vs 5-10s,1606
91RFG9Mn,146,1/2-1/2,Black,<=5s vs 5-10s,2211
Tso4UklA,86,0-1,Black,<=5s vs 5-10s,1720
yLnAoANV,138,1-0,Black,<=5s vs <=5s,2917
XHKAIdZ3,72,0-1,Black,<=5s vs 5-10s,1308
N6JyjPyy,79,1-0,White,<=5s vs 5-10s,2333
kqQPw28A,70,0-1,Black,<=5s vs 5-10s,1287
pp8T7WsY,73,1-0,White,<=5s vs 15-20s,2090
8U2QTJVA,60,0-1,Black,<=5s vs 5-10s,1349
1obdvmJr,90,0-1,Black,<=5s vs 5-10s,2640
DWgbga9q,50,0-1,Black,<=5s vs 15-20s,973
Hk9qRgZc,67,1-0,White,<=5s vs 15-20s,2386
Fgaca7Rn,60,0-1,Black,<=5s vs 5-10s,1171
IlN346fb,55,1-0,White,<=5s vs 15-20s,2068
8GZVCuxP,66,0-1,Black,<=5s vs 15-20s,2322
FarFlRRH,78,0-1,Black,<=5s vs 5-10s,2031
rT6hv8En,45,1-0,White,<=5s vs 15-20s,1062
N5N4CNm0,57,1-0,White,<=5s vs 5-10s,1295
ADERxoR4,69,1-0,White,<=5s vs 10-15s,2492
6gFQlLuM,95,1-0,White,<=5s vs <=5s,1859
uCrB89kt,86,1-0,Black,<=5s vs <=5s,1901
GrbDsHex,111,1-0,White,<=5s vs <=5s,2241
3v1fRNOi,133,1/2-1/2,White,<=5s vs 15-20s,2026
xRESFmV6,107,1-0,White,<=5s vs 10-15s,2050
5a2rbcIG,55,1-0,White,<=5s vs 10-15s,879
lC36YrsL,61,0-1,White,<=5s vs 5-10s,1139
AV0rjAYS,117,1-0,White,<=5s vs 5-10s,2699
53pepFcI,98,1-0,Black,<=5s vs 5-10s,2324
RqmIFo8C,55,1-0,White,<=5s vs 5-10s,1088
MkzKa9lf,78,0-1,Black,<=5s vs 10-15s,2329
897lUyi8,76,1-0,Black,<=5s vs <=5s,2042
SA8VMBn3,94,0-1,Black,<=5s vs 5-10s,1993
a1hztvMs,96,0-1,Black,<=5s vs <=5s,2499
p8r0DRer,93,1-0,White,<=5s vs 10-15s,2900
bJ3v6oFU,107,1-0,White,<=5s vs 10-15s,2667
8OYTZltV,105,1-0,White,<=5s vs 5-10s,2210
e0bR5Wcb,136,1/2-1/2,Black,<=5s vs 5-10s,1218
ncOb2xOF,78,0-1,Black,<=5s vs 10-15s,1996
5HzHAo1H,71,1-0,White,<=5s vs 10-15s,2376
zKKQC1pz,84,0-1,Black,<=5s vs 5-10s,2114
w5fXU9BL,79,1-0,White,<=5s vs 10-15s,2353
L93ndCkF,62,0-1,Black,<=5s vs 10-15s,1915
KQvl5B5M,77,1-0,White,<=5s vs 10-15s,1736
UnQUDFhN,53,1-0,White,<=5s vs 5-10s,1646
S8pg5smN,43,0-1,White,<=5s vs 10-15s,1312
CBLlrWtT,55,0-1,White,<=5s vs 10-15s,1762
KghzmVs9,60,0-1,Black,<=5s vs <=5s,1551
KumGH1Xw,39,1-0,White,<=5s vs 15-20s,1261
JOtR7rbL,53,1/2-1/2,White,<=5s vs 10-15s,1173
BiGVoDWL,80,0-1,Black,<=5s vs 10-15s,1998
DFWe0NY5,72,0-1,Black,<=5s vs 5-10s,2171
UlGMNT70,55,1-0,White,<=5s vs 15-20s,1267
J0l10YKz,63,1-0,White,<=5s vs 10-15s,1744
I33Ug7Lg,62,0-1,Black,<=5s vs <=5s,2362
GFqotHGX,78,0-1,Black,<=5s vs 15-20s,2944
B1GPaj3h,78,0-1,Black,<=5s vs 15-20s,1884
WpVCdJEt,86,1/2-1/2,Black,<=5s vs 5-10s,2525
J7igJ62W,75,1-0,White,<=5s vs 5-10s,1671
amN89GAA,69,1-0,White,<=5s vs 15-20s,2012
idMx2og7,84,0-1,Black,<=5s vs 10-15s,1834
hO3Q8VB7,89,1-0,White,<=5s vs 5-10s,1834
l009LapS,74,0-1,Black,<=5s vs 5-10s,2214
0gtytBnX,105,1-0,White,<=5s vs 15-20s,1692
AzQVK8CT,58,0-1,Black,<=5s vs 15-20s,1505
ZDdWY1FU,59,1-0,White,<=5s vs 10-15s,802
3fYZW47Z,56,0-1,Black,<=5s vs 10-15s,1193
vzIe6IRq,81,1-0,White,<=5s vs 10-15s,2535
ljcQ1i4j,66,1-0,Black,<=5s vs 5-10s,1977
aZ3yLWyg,59,1-0,White,<=5s vs 10-15s,1153
94jBHW2G,67,1-0,White,<=5s vs 15-20s,1651
DfTKw6in,40,0-1,Black,<=5s vs 15-20s,1509
oI2zmBre,98,0-1,Black,<=5s vs <=5s,1714
GqbEQyDr,86,1/2-1/2,Black,<=5s vs <=5s,2135
ci5zsAbI,35,1-0,White,<=5s vs 15-20s,1342
eM5I49sj,95,1-0,White,<=5s vs 10-15s,2278
J6nT79hW,50,0-1,Black,<=5s vs 10-15s,1254
Dh8qvpq3,45,1-0,White,<=5s vs 15-20s,1338
Iqd2Z3YA,56,0-1,Black,<=5s vs 15-20s,2230
IC7GQlLP,35,0-1,White,<=5s vs <=5s,904
ZAviFJk3,93,0-1,White,<=5s vs 10-15s,1637
jFXCgEza,82,0-1,Black,<=5s vs <=5s,2314
FA05LIdS,57,1-0,White,<=5s vs 10-15s,1286
vPswtQ5H,33,0-1,White,<=5s vs 5-10s,1474
5FMiOJ6n,65,1-0,White,<=5s vs <=5s,2040
FWfYxR99,113,0-1,White,<=5s vs 10-15s,1740
Xp4PfyWJ,69,1-0,White,<=5s vs 10-15s,1620
OG2ZAjpT,133,1-0,White,<=5s vs 5-10s,2652
7Rp1amYH,63,1-0,White,<=5s vs 10-15s,2115
0D7ojlIp,51,1-0,White,<=5s vs 5-10s,1284
YxPLZV6B,64,0-1,Black,<=5s vs 15-20s,1619
mPatNGQ3,76,1-0,Black,<=5s vs <=5s,2048
hPCJ9am1,67,1-0,White,<=5s vs 5-10s,2261
BP0od7G0,83,0-1,White,<=5s vs 5-10s,2685
5QIaQbln,95,1-0,White,<=5s vs 10-15s,2405
VSGQpS2U,95,0-1,White,<=5s vs 5-10s,2262
TPRivlPY,94,0-1,Black,<=5s vs 10-15s,2043
J7tOSF77,119,1/2-1/2,White,<=5s vs 10-15s,2139
gUVyEocw,104,1/2-1/2,Black,<=5s vs 5-10s,2458
npzIHAmS,83,1-0,White,<=5s vs 15-20s,2277
AaqMsIVg,81,1-0,White,<=5s vs 15-20s,1551
8nCwt8SH,77,1-0,White,<=5s vs 5-10s,1980
Tb0tcHlQ,63,0-1,White,<=5s vs 10-15s,2093
WaPI8mtd,83,1-0,White,<=5s vs 5-10s,2050
7wlJggOq,69,1-0,White,<=5s vs 15-20s,1867
qX3gI2JO,54,0-1,Black,<=5s vs 5-10s,1429
WeCyxUDT,50,0-1,Black,<=5s vs 10-15s,1300
x5TmdBC5,48,0-1,Black,<=5s vs 10-15s,1059
hvj0FPOd,68,1-0,Black,<=5s vs <=5s,848
P41LfAQy,71,1-0,White,<=5s vs 5-10s,1441
TC2CwfMe,56,0-1,Black,<=5s vs 10-15s,1942
UFePPYnP,97,1-0,White,<=5s vs 10-15s,1881
wWdj5dLu,50,0-1,Black,<=5s vs 10-15s,1522
9og9NbWn,78,0-1,Black,<=5s vs 15-20s,1517
TbUZmibb,91,1-0,White,<=5s vs 5-10s,2205
5FoaVbU8,71,1-0,White,<=5s vs 15-20s,1735
Yn1FuW7W,66,0-1,Black,<=5s vs 10-15s,2051
HbQN95Jn,72,0-1,Black,<=5s vs <=5s,2314
NZyiUerh,96,1-0,Black,<=5s vs <=5s,2543
YMYPFffC,68,0-1,Black,<=5s vs <=5s,2335
7w39oxLq,70,0-1,Black,<=5s vs 15-20s,2137
TJRYNIds,53,1-0,White,<=5s vs 15-20s,787
d5nMnyNo,71,1-0,White,<=5s vs 5-10s,2088
zsnAIaAO,59,1-0,White,<=5s vs 15-20s,1859
2msynC0m,78,0-1,Black,<=5s vs 5-10s,1665
qmZwOeaC,70,0-1,Black,<=5s vs <=5s,1789
zLHt3m6c,72,0-1,Black,<=5s vs 5-10s,2133
41bn32vw,102,0-1,Black,<=5s vs 5-10s,2080
O1iD8o8O,85,1-0,White,<=5s vs 10-15s,1988
Zs5pCyji,48,0-1,Black,<=5s vs 10-15s,1121
JURCokUD,56,0-1,Black,<=5s vs 15-20s,1491
2f2TnwKs,105,0-1,White,<=5s vs <=5s,2445
IEYrV4aY,58,0-1,Black,<=5s vs 15-20s,1507
D2f4gTMz,94,0-1,Black,<=5s vs 5-10s,2510
VKnI18v5,65,1-0,White,<=5s vs <=5s,1531
cdPWhaHj,75,1-0,White,<=5s vs 10-15s,2219
39Vgl6SM,59,0-1,White,<=5s vs 10-15s,1080
clsrnoKE,112,0-1,Black,<=5s vs 5-10s,2821
ba0z1bCk,58,0-1,Black,<=5s vs 10-15s,1803
nFhk6M8T,79,1-0,White,<=5s vs 15-20s,2431
Z9g9dAiL,71,1-0,White,<=5s vs 15-20s,1804
R4fAfoSY,64,0-1,Black,<=5s vs <=5s,1607
OgMuAb5Q,97,1-0,White,<=5s vs 5-10s,1793
VQxspY4b,75,1-0,White,<=5s vs 10-15s,2036
UlcPy3r7,86,0-1,Black,<=5s vs 5-10s,1581
35cBAAqT,61,1-0,White,<=5s vs 10-15s,1478
kP4BktA0,48,0-1,Black,<=5s vs 15-20s,1244
NOdssvnR,51,1-0,White,<=5s vs 5-10s,794
QKEJOeUn,61,0-1,White,<=5s vs 5-10s,1647
eQBr5uzg,79,1-0,White,<=5s vs 5-10s,1308
A11UaSCS,65,1-0,White,<=5s vs 5-10s,1766
dE3G8f2A,43,1-0,White,<=5s vs 15-20s,1895
UJlG80jq,67,0-1,White,<=5s vs <=5s,1204
QAnkLSUR,63,1-0,White,<=5s vs 10-15s,2502
BZxXMTgf,134,0-1,Black,<=5s vs 15-20s,2548
5QHabI7j,77,0-1,White,<=5s vs 5-10s,2440
YEXvJpq3,51,1-0,White,<=5s vs 15-20s,1713
2z0U2UZX,67,1-0,White,<=5s vs 5-10s,1739
q2oszpU0,68,0-1,Black,<=5s vs 10-15s,1995
Ixg0hkdS,110,0-1,Black,<=5s vs 5-10s,1932
rCRrbAua,62,0-1,Black,<=5s vs 5-10s,2140
7qAfFr04,46,0-1,Black,<=5s vs 15-20s,880
Mxb21JI1,85,1-0,White,<=5s vs 15-20s,2299
WPSljFvI,59,1-0,White,<=5s vs 5-10s,2412
1OgiV8I9,39,1-0,White,<=5s vs 5-10s,1067
F8wRMxT0,70,1-0,Black,<=5s vs <=5s,2000
zX5qCwQw,48,0-1,Black,<=5s vs 5-10s,1086
0IIqRHuA,63,1-0,White,<=5s vs 10-15s,1540
V2LaXkuN,86,0-1,Black,<=5s vs 5-10s,1654
DddbUcJV,133,1-0,White,<=5s vs 10-15s,2140
CPB33pAo,85,1-0,White,<=5s vs 10-15s,2279
SsRn7yoM,67,1-0,White,<=5s vs 10-15s,2680
OuN6lHFQ,90,0-1,Black,<=5s vs <=5s,1928
Q4t5e8fW,69,1-0,White,<=5s vs 10-15s,1563
0XTxdlgj,77,1-0,White,<=5s vs 15-20s,2392
mVMGwSBH,73,1-0,White,<=5s vs 5-10s,2298
Lt8A3kW3,64,1-0,Black,<=5s vs <=5s,1858
xo4K6WHX,63,1-0,White,<=5s vs 10-15s,1476
FHNGAGrz,51,1-0,White,<=5s vs 10-15s,1387
73gVXl4m,65,1-0,White,<=5s vs 15-20s,1327
1UyP7Gw0,33,1-0,White,<=5s vs 10-15s,1127
rUEogU0M,72,0-1,Black,<=5s vs 15-20s,1752
w6qHwgq2,63,1-0,White,<=5s vs 5-10s,1198
8Jy4NTDx,58,0-1,Black,<=5s vs 5-10s,2172
oAQtIee2,61,1-0,White,<=5s vs 10-15s,1391
cckGjoJW,87,1/2-1/2,White,<=5s vs 10-15s,2842
LQRGJknG,66,0-1,Black,<=5s vs 5-10s,2695
16VUOFQa,99,1-0,White,<=5s vs 5-10s,1353
1uOlUewo,60,0-1,Black,<=5s vs 5-10s,1114
2OKy4D1M,70,0-1,Black,<=5s vs 5-10s,1553
DX0TqFsv,68,1-0,Black,<=5s vs 15-20s,2502
9Lg3bvaX,61,1-0,White,<=5s vs 15-20s,1901
576gMn9x,78,1-0,Black,<=5s vs 5-10s,2073
DgIoWDDl,75,1-0,White,<=5s vs 15-20s,2479
LQWiuuIz,91,1-0,White,<=5s vs 5-10s,2003
SyGrgXV9,45,1-0,White,<=5s vs 5-10s,1241
5BGxzQYK,76,1-0,Black,<=5s vs 10-15s,2022
GQcCgi8C,68,0-1,Black,<=5s vs 10-15s,2226
woRmR37g,50,0-1,Black,<=5s vs 10-15s,1171
rK34CAZL,67,0-1,White,<=5s vs 10-15s,1837
pVdSmFYk,113,1/2-1/2,White,<=5s vs 10-15s,2053
Ue7KRsSJ,74,0-1,Black,<=5s vs 10-15s,1799
2rn2dSjv,90,0-1,Black,<=5s vs 15-20s,2768
AvQqiu7o,44,0-1,Black,<=5s vs 10-15s,1341
8YVwSenE,77,0-1,White,<=5s vs 15-20s,1503
vB3oKSNg,75,1-0,White,<=5s vs 10-15s,1777
AeZRzREc,84,0-1,Black,<=5s vs 15-20s,2452
aGc8pC1J,65,1-0,White,<=5s vs 10-15s,2488
G1R6ltw8,116,0-1,Black,<=5s vs <=5s,2196
xB2KE3rx,72,0-1,Black,<=5s vs <=5s,1501
z7Gx1YEK,73,1-0,White,<=5s vs 10-15s,2273
KITE9CaE,95,1/2-1/2,White,<=5s vs 15-20s,1906
WDQw36N8,62,0-1,Black,<=5s vs <=5s,2061
7DfwZXti,79,1-0,White,<=5s vs 10-15s,1667
4kXLdAFn,57,1-0,White,<=5s vs 10-15s,2405
KABFe1Qj,106,1/2-1/2,Black,<=5s vs <=5s,3336
PDqiJ2Do,136,1/2-1/2,Black,<=5s vs 10-15s,2219
juFBJqaQ,83,0-1,White,<=5s vs <=5s,2125
KPvzLiuk,108,0-1,Black,<=5s vs 5-10s,2463
AufVmsj6,91,1-0,White,<=5s vs 5-10s,1522
qSCXdLJC,131,1/2-1/2,White,<=5s vs <=5s,2846
5i8vHMhm,60,0-1,Black,<=5s vs <=5s,1810
CEj8S7Aq,69,1-0,White,<=5s vs 15-20s,2490
iOj7baR3,80,0-1,Black,<=5s vs 5-10s,1384
U4IwMQsL,53,1-0,White,<=5s vs 15-20s,1586
NhB7YGSf,109,1-0,White,<=5s vs 15-20s,2372
OjKi2Z6a,51,1-0,White,<=5s vs 5-10s,1347
cfCAYLvJ,50,0-1,Black,<=5s vs 10-15s,1104
IIEHIJnG,89,1-0,White,<=5s vs 5-10s,2356
DW1OXzam,75,0-1,White,<=5s vs <=5s,1792
zM1ehsp4,108,0-1,Black,<=5s vs 10-15s,2388
9c8nh9z6,69,1-0,White,<=5s vs 10-15s,2345
vGEo5tK6,79,0-1,White,<=5s vs <=5s,2486
EXOJk9O4,141,1-0,White,<=5s vs 15-20s,1854
lv9oKXyP,71,1-0,White,<=5s vs 10-15s,2118
9fbmRld1,74,0-1,Black,<=5s vs 5-10s,2493
74wklqVl,64,1-0,Black,<=5s vs 5-10s,1495
O2mNuplh,60,1-0,Black,<=5s vs <=5s,824
u2f9t30Y,47,1-0,White,<=5s vs 10-15s,1192
NK2eoJvu,106,1/2-1/2,Black,<=5s vs 5-10s,2117
d1hFA4xY,103,1-0,White,<=5s vs 5-10s,1782
bwFxKEL0,81,1-0,White,<=5s vs <=5s,1571
EpXRCs7o,88,0-1,Black,<=5s vs 10-15s,2537
uF1r8Ti0,61,1-0,White,<=5s vs 10-15s,1042
G9xzuxVJ,51,1-0,White,<=5s vs 15-20s,1127
kJDsJE8P,63,1-0,White,<=5s vs 10-15s,1630
40RxsRjz,76,0-1,Black,<=5s vs 5-10s,2285
gOia0xWZ,107,1-0,White,<=5s vs 15-20s,1975
YqkDSr8s,74,0-1,Black,<=5s vs 5-10s,1873
O3vBMQAj,43,0-1,White,<=5s vs 5-10s,1450
B39HGb61,64,0-1,Black,<=5s vs 10-15s,1885
aCpK0PwI,64,0-1,Black,<=5s vs 15-20s,2238
6xkOv1U6,46,0-1,Black,<=5s vs 15-20s,951
J8a0mOeb,94,0-1,Black,<=5s vs 5-10s,2094
3kyaSHpF,70,1-0,Black,<=5s vs 5-10s,2216
gBG1OSMD,82,0-1,Black,<=5s vs 10-15s,1052
TnsL6omx,80,0-1,Black,<=5s vs 10-15s,2511
0pfspM13,55,1-0,White,<=5s vs 15-20s,2112
9KBffNPt,74,0-1,Black,<=5s vs 10-15s,2346
qsHIgh89,58,0-1,Black,<=5s vs 5-10s,680
YfKo2W2H,68,0-1,Black,<=5s vs 15-20s,2535
PFgi9yyx,93,1-0,White,<=5s vs 15-20s,2577
aO2b4hMJ,61,1-0,White,<=5s vs 5-10s,1942
RSgE4dSB,88,0-1,Black,<=5s vs 5-10s,2301
6EcWeNcI,71,1-0,White,<=5s vs <=5s,1157
ucYr4gjq,25,1-0,White,<=5s vs 15-20s,910
SL2DC1uy,94,0-1,Black,<=5s vs 5-10s,1806
ukHlVk3d,62,0-1,Black,<=5s vs 5-10s,1105
4E3LeDlR,107,1/2-1/2,White,<=5s vs <=5s,2079
145Ziip0,100,0-1,Black,<=5s vs 15-20s,1781
bYL8lwk3,61,1-0,White,<=5s vs 10-15s,1680
gBZjNyxS,61,1-0,White,<=5s vs 5-10s,1905
Ac8Q8A5Q,62,0-1,Black,<=5s vs <=5s,1887
21ojHN5q,55,0-1,White,<=5s vs 5-10s,1085
3tjzoK5s,77,1-0,White,<=5s vs <=5s,1875
KOlKZnCc,53,0-1,White,<=5s vs <=5s,1732
TpzR2iRz,126,1/2-1/2,Black,<=5s vs 5-10s,2580
woVtnNlc,129,1-0,White,<=5s vs 5-10s,2699
1PfHkkH0,89,1-0,White,<=5s vs 5-10s,1853
SIChExNs,101,1/2-1/2,White,<=5s vs 5-10s,2399
WgzBl3PH,70,0-1,Black,<=5s vs 15-20s,1370
Pxg38eTZ,60,0-1,Black,<=5s vs 5-10s,1590
NbOJ8d5d,117,1-0,White,<=5s vs 5-10s,2573
h758dnEI,48,0-1,Black,<=5s vs 10-15s,1686
L5il1USu,60,0-1,Black,<=5s vs 15-20s,2215
VfVigj4d,60,1/2-1/2,Black,<=5s vs 5-10s,2536
FiCQrxMu,76,1-0,Black,<=5s vs 5-10s,1417
7jUOzxRw,89,1-0,White,<=5s vs 10-15s,1671
QzNQ5iP6,75,1-0,White,<=5s vs 10-15s,2080
1SG2Q6He,114,1-0,Black,<=5s vs <=5s,2090
j8o8K7IE,106,1-0,Black,<=5s vs 5-10s,2530
RhWc66Qb,98,1-0,Black,<=5s vs <=5s,1889
NAtsDgWf,84,1/2-1/2,Black,<=5s vs 5-10s,2623
UDCkztH1,103,1/2-1/2,White,<=5s vs 5-10s,2633
JRl0ZTUT,47,1-0,White,<=5s vs 15-20s,1683
FqCj6Z3h,41,1-0,White,<=5s vs 15-20s,899
SprJl8U3,119,1-0,White,<=5s vs <=5s,2464
qQ7XxXmA,68,0-1,Black,<=5s vs 15-20s,2375
xvPTLw0j,77,1-0,White,<=5s vs 5-10s,2286
2pqpQRb5,65,1-0,White,<=5s vs 10-15s,2091
MHJWYHTX,60,0-1,Black,<=5s vs <=5s,1685
NBcGR2VI,126,0-1,Black,<=5s vs 5-10s,2598
b7YpGxQ5,90,1/2-1/2,Black,<=5s vs 15-20s,1963
gV6XMtdJ,72,0-1,Black,<=5s vs 10-15s,2031
OzGP7mMk,83,1-0,White,<=5s vs 10-15s,2227
BCEyWZIE,76,0-1,Black,<=5s vs 5-10s,2298
SA2mR8ZW,63,1-0,White,<=5s vs 5-10s,1398
NEQYJqpU,56,0-1,Black,<=5s vs 5-10s,2474
GozEQYkh,70,0-1,Black,<=5s vs 15-20s,1743
GSrrsT9Q,101,0-1,White,<=5s vs 10-15s,2160
h8Wd8Huc,109,1/2-1/2,White,<=5s vs 5-10s,2485
Imekz2Ru,61,1-0,White,<=5s vs 5-10s,1897
ibStuRk5,62,0-1,Black,<=5s vs 10-15s,1443
36sgJA4I,71,1-0,White,<=5s vs 10-15s,1346
3959PsW0,67,1-0,White,<=5s vs 10-15s,1684
2gvQ5rE2,42,0-1,Black,<=5s vs 10-15s,1100
R7vZxohy,82,0-1,Black,<=5s vs 5-10s,1696
1t1LjP9I,105,1-0,White,<=5s vs <=5s,2220
Lq2pntwK,50,0-1,Black,<=5s vs 10-15s,1580
c1oQr0zS,56,1-0,Black,<=5s vs <=5s,1561
Y3LCg7bp,58,0-1,Black,<=5s vs 5-10s,1032
v1o3AnNo,69,1-0,White,<=5s vs 15-20s,1307
QU2Pb2Eg,79,1-0,White,<=5s vs <=5s,2438
AenFY4OC,62,0-1,Black,<=5s vs 10-15s,1963
bvA5MqtE,119,1-0,White,<=5s vs 15-20s,2378
m6t2yBwh,102,0-1,Black,<=5s vs 10-15s,1847
lwBj4IqF,60,0-1,Black,<=5s vs 15-20s,1852
1Wq2c145,72,0-1,Black,<=5s vs 5-10s,1934
L5NOy7rk,96,1-0,Black,<=5s vs <=5s,2543
jHwhHz7F,72,0-1,Black,<=5s vs 5-10s,2342
HqAvGpJg,90,0-1,Black,<=5s vs 5-10s,1866
zO1J66pP,36,0-1,Black,<=5s vs 15-20s,1109
L4QOXpak,62,0-1,Black,<=5s vs 10-15s,1123
zCF8w0W3,85,1-0,White,<=5s vs 5-10s,1832
QnusY1AN,82,0-1,Black,<=5s vs 5-10s,1905
DOlubYU8,103,0-1,White,<=5s vs 10-15s,1140
ZlV3s6hI,89,1-0,White,<=5s vs 5-10s,1985
AuxkCHTZ,50,0-1,Black,<=5s vs 10-15s,1160
45Augo3w,69,1-0,White,<=5s vs 5-10s,936
dxV8ocb7,139,1-0,White,<=5s vs 10-15s,2522
ABi2PwHr,62,0-1,Black,<=5s vs 10-15s,1829
mmE0w2wS,85,1-0,White,<=5s vs 5-10s,2704
lfN0KB8V,86,1/2-1/2,Black,<=5s vs 15-20s,2140
wKibY4xR,57,1-0,White,<=5s vs 15-20s,1631
BVVVBfG6,60,0-1,Black,<=5s vs 15-20s,1478
3I2Rawm7,45,1-0,White,<=5s vs 5-10s,911
u4nnPzr0,98,0-1,Black,<=5s vs 5-10s,2204
nBmq2tl3,49,0-1,White,<=5s vs 5-10s,1020
OZ2LxUOg,70,0-1,Black,<=5s vs 15-20s,1030
yybHT618,56,0-1,Black,<=5s vs 5-10s,2043
r09fuL8B,79,1-0,White,<=5s vs 10-15s,2209
2vWFUHrH,57,1-0,White,<=5s vs 5-10s,1519
DbMmPQPi,58,0-1,Black,<=5s vs 15-20s,1824
8qEfxseu,74,0-1,Black,<=5s vs <=5s,1915
Gr4yJqsJ,60,0-1,Black,<=5s vs 10-15s,1933
EjXCPAIu,63,1-0,White,<=5s vs 10-15s,1856
mrVrDMiw,72,0-1,Black,<=5s vs <=5s,1711
DrC1zW5f,61,0-1,White,<=5s vs 10-15s,1913
W7fVNUz3,55,1-0,White,<=5s vs <=5s,1369
ShQNhrlP,116,1/2-1/2,Black,<=5s vs 5-10s,2451
8FR2SOyN,90,0-1,Black,<=5s vs 15-20s,2368
PuJQoqnk,112,1/2-1/2,Black,<=5s vs 10-15s,1892
GE4osedq,52,0-1,Black,<=5s vs 15-20s,1457
Ex0jxAdR,100,0-1,Black,<=5s vs 5-10s,1909
jn2X4GM8,71,1-0,White,<=5s vs 5-10s,1538
Z1jK4BFY,108,1-0,Black,<=5s vs <=5s,2188
IzoAGD73,91,1-0,White,<=5s vs 15-20s,2402
ntoV7wVs,64,1-0,Black,<=5s vs 5-10s,1148
RZSUNzwm,75,1-0,White,<=5s vs 5-10s,1709
zOyirbwY,57,1-0,White,<=5s vs 5-10s,1563
mo9PJHdg,59,0-1,White,<=5s vs <=5s,2307
RHCmdg26,69,1-0,White,<=5s vs <=5s,2156
g9Z7ZL7k,56,0-1,Black,<=5s vs 15-20s,2051
dkAGyX7p,62,0-1,Black,<=5s vs 10-15s,1308
Eir3s6po,171,1/2-1/2,White,<=5s vs 15-20s,2453
thU2lwdt,49,1-0,White,<=5s vs 15-20s,990
CFcnPlVS,61,1-0,White,<=5s vs 10-15s,2047
xpoPX5yZ,66,0-1,Black,<=5s vs 5-10s,1545
OjR2Tzoe,152,1/2-1/2,Black,<=5s vs <=5s,1453
pcX5oqGe,93,1-0,White,<=5s vs 15-20s,2473
xOUqQSku,91,1-0,White,<=5s vs 5-10s,1663
6TnPPet1,78,1-0,Black,<=5s vs <=5s,2164
ZQQa3tPC,70,1/2-1/2,Black,<=5s vs 15-20s,2710
55z8ajnB,104,0-1,Black,<=5s vs 10-15s,2075
uQYWiXTH,49,1-0,White,<=5s vs 15-20s,1930
7hXVudM2,84,0-1,Black,<=5s vs 5-10s,2173
5HnFiIV0,63,1-0,White,<=5s vs 15-20s,1824
ujDNzPfO,82,1-0,Black,<=5s vs <=5s,1117
6QTtQiA5,37,1-0,White,<=5s vs 15-20s,956
ckCJh7og,108,1-0,Black,<=5s vs 5-10s,2142
OJ314co5,121,1-0,White,<=5s vs <=5s,1405
UOnNozko,90,0-1,Black,<=5s vs 5-10s,2103
GFeJwoG9,34,1-0,Black,<=5s vs <=5s,1478
AX9UXgcq,59,1-0,White,<=5s vs 15-20s,1370
2a4HLyBy,67,1-0,White,<=5s vs 10-15s,1693
NK8Std1i,69,0-1,White,<=5s vs 10-15s,2099
f7FAsX93,115,0-1,White,<=5s vs <=5s,2470
BpWoA6IV,78,1-0,Black,<=5s vs <=5s,2278
DiHDbSXx,83,1-0,White,<=5s vs 15-20s,1971
WHgBiUhi,106,0-1,Black,<=5s vs 5-10s,2310
0uQtSlzn,83,0-1,White,<=5s vs <=5s,2163
EHcbNgLE,57,1-0,White,<=5s vs 15-20s,1205
NwVYjSjW,75,0-1,White,<=5s vs <=5s,1698
LGxmC7tV,42,0-1,Black,<=5s vs <=5s,1735
0uW8SnJE,66,0-1,Black,<=5s vs 10-15s,1872
usHmGDqI,72,0-1,Black,<=5s vs <=5s,1272
2Yhes9Ly,59,1-0,White,<=5s vs <=5s,1047
ouY1g7Rh,94,0-1,Black,<=5s vs 5-10s,1725
oi1s8Vu1,75,1-0,White,<=5s vs 10-15s,1190
nf5bTPHS,72,0-1,Black,<=5s vs 10-15s,1890
D9hUhZGb,102,0-1,Black,<=5s vs 5-10s,1326
1RsIeKAh,58,0-1,Black,<=5s vs 15-20s,1630
Wj05Pkmz,74,0-1,Black,<=5s vs 10-15s,2101
c2Rsgctr,77,1-0,White,<=5s vs 5-10s,1991
Cb9AquO7,101,1-0,White,<=5s vs 15-20s,2271
gCkyHbMi,58,0-1,Black,<=5s vs 15-20s,733
RpO5r6w7,101,1-0,White,<=5s vs 15-20s,1926
QMnsZCjs,59,1-0,White,<=5s vs 5-10s,1789
cQPciP6c,49,1-0,White,<=5s vs 5-10s,1356
M3VBEzB7,71,1-0,White,<=5s vs 5-10s,2487
5TnTSSVQ,99,1/2-1/2,White,<=5s vs 10-15s,2874
Nop8hgaV,60,0-1,Black,<=5s vs 10-15s,1705
s4VPCdnS,64,0-1,Black,<=5s vs 15-20s,1713
QzjAsELN,75,1-0,White,<=5s vs 15-20s,1894
dKMwR4hw,55,1-0,White,<=5s vs 10-15s,1276
UF4YhNhq,66,0-1,Black,<=5s vs 10-15s,2592
PJJcPxzi,72,0-1,Black,<=5s vs 15-20s,1523
Efi0Du6b,95,1-0,White,<=5s vs 5-10s,2447
5Uw6YwWA,60,0-1,Black,<=5s vs 10-15s,1756
NER4XTzg,95,1-0,White,<=5s vs 15-20s,2284
ClWO83FH,91,1-0,White,<=5s vs 10-15s,2331
WI4GTZ2l,84,0-1,Black,<=5s vs <=5s,1816
F4vQ2Df1,57,1-0,White,<=5s vs 15-20s,2011
Mvzs3fhW,79,0-1,White,<=5s vs 5-10s,2019
6DEvWjQp,78,1-0,Black,<=5s vs <=5s,2389
aEvyqPFj,46,1-0,Black,<=5s vs 15-20s,1686
GlELsvGd,76,0-1,Black,<=5s vs 10-15s,1539
N7UMonO0,45,1-0,White,<=5s vs 15-20s,1384
K8PeHIx8,98,0-1,Black,<=5s vs <=5s,2135
U0NjnD2D,48,0-1,Black,<=5s vs 15-20s,1574
ixK80EOQ,127,1-0,White,<=5s vs 5-10s,2065
RUGi5wEu,88,1/2-1/2,Black,<=5s vs 5-10s,2228
85WLpWp3,64,0-1,Black,<=5s vs 5-10s,2247
FIlOw6AF,72,0-1,Black,<=5s vs 10-15s,2207
EJae5nqv,63,1-0,White,<=5s vs <=5s,2131
cZ6thcby,127,1-0,White,<=5s vs 15-20s,1506
iYtNDJFS,72,0-1,Black,<=5s vs 15-20s,1563
ZDgyx1EL,59,1-0,White,<=5s vs 5-10s,1366
W3doyS2M,55,1-0,White,<=5s vs 15-20s,1637
O2BM6FdM,79,1-0,White,<=5s vs 5-10s,1319
LdTb0RXg,83,1-0,White,<=5s vs 5-10s,2296
vbRP3ehu,58,0-1,Black,<=5s vs 5-10s,1635
mwCVuCvY,107,0-1,White,<=5s vs 5-10s,1834
UHB5dPWc,49,1-0,White,<=5s vs 5-10s,703
MPCPD9kU,72,0-1,Black,<=5s vs 5-10s,1706
NPOWGoiy,103,1/2-1/2,White,<=5s vs 10-15s,2776
BlAvzXyK,56,0-1,Black,<=5s vs 10-15s,1435
lO9wyeOY,64,0-1,Black,<=5s vs 5-10s,1785
z7SMA5g3,52,0-1,Black,<=5s vs 10-15s,1923
EbWN6Vae,73,1-0,White,<=5s vs 15-20s,2219
TJ5eze9Y,59,1-0,White,<=5s vs 10-15s,1480
JC6zZn4l,101,1-0,White,<=5s vs 5-10s,2696
chAxA6k7,46,0-1,Black,<=5s vs 10-15s,1428
reakNHSD,82,1/2-1/2,Black,<=5s vs 5-10s,2356
1Z99EbBE,63,1-0,White,<=5s vs 10-15s,1730
j4CHAbBn,64,1-0,Black,<=5s vs <=5s,1188
SAVY1NjG,108,0-1,Black,<=5s vs 15-20s,1746
26ZWCeqB,46,0-1,Black,<=5s vs 5-10s,970
Z98Ty1mR,56,0-1,Black,<=5s vs 10-15s,1637
elus2ADE,69,1-0,White,<=5s vs 10-15s,1972
2YCdXU9H,91,1-0,White,<=5s vs 10-15s,1575
BBYMYkyW,82,1/2-1/2,Black,<=5s vs <=5s,1773
ZHvZl4Gd,125,1-0,White,<=5s vs 10-15s,2730
TotGtz9h,142,1/2-1/2,Black,<=5s vs 10-15s,1627
8Po3PQFH,80,1-0,Black,<=5s vs <=5s,2240
VZBbXvhM,83,1-0,White,<=5s vs 5-10s,1927
Qo9ViXwI,95,1-0,White,<=5s vs 5-10s,2437
egKHRJlT,115,0-1,White,<=5s vs 10-15s,1837
8yNiqBbC,55,1-0,White,<=5s vs 5-10s,2281
slBj1o6h,81,1-0,White,<=5s vs 5-10s,2058
vwc51hB2,63,1-0,White,<=5s vs 15-20s,2203
aNU6sjBx,41,1-0,White,<=5s vs 10-15s,824
dh5v1XAp,59,1-0,White,<=5s vs 15-20s,1757
tBKGoHJl,57,1-0,White,<=5s vs 5-10s,1100
zjzr2hLt,50,0-1,Black,<=5s vs 15-20s,1383
JI4oZUGc,82,0-1,Black,<=5s vs 15-20s,1634
gVHezBbI,105,1-0,White,<=5s vs 5-10s,2150
7WARWrW5,96,0-1,Black,<=5s vs 5-10s,2564
OwUQF5lx,76,0-1,Black,<=5s vs <=5s,1790
MUUesbfQ,69,1-0,White,<=5s vs 10-15s,1470
Jh4Kce8U,99,1/2-1/2,White,<=5s vs <=5s,2590
wxMECEA6,69,1-0,White,<=5s vs 5-10s,1868
VyNBj0Ux,64,0-1,Black,<=5s vs <=5s,1430
sRKUiqc8,55,1-0,White,<=5s vs 10-15s,2004
7ej4ZUaC,59,1-0,White,<=5s vs 15-20s,1486
XiXE7B9W,54,0-1,Black,<=5s vs 15-20s,1546
6FDhz6Tw,108,1-0,Black,<=5s vs <=5s,1998
02cIe44P,57,1-0,White,<=5s vs 10-15s,2313
zg1BBBG0,55,0-1,White,<=5s vs <=5s,1395
3oohjBaX,47,1-0,White,<=5s vs 10-15s,1318
4UurrA4J,76,0-1,Black,<=5s vs 10-15s,2064
8LKp8Vd2,83,1-0,White,<=5s vs 5-10s,2153
iXJTYc4f,37,1-0,White,<=5s vs 5-10s,869
F2XnSZSf,68,1-0,Black,<=5s vs <=5s,1645
WiinfNM4,75,1-0,White,<=5s vs 5-10s,2425
ChVsGosi,79,1-0,White,<=5s vs 5-10s,1476
tUr6FW9W,97,0-1,White,<=5s vs 5-10s,2135
kNqGHtml,76,0-1,Black,<=5s vs 5-10s,1320
aSupjz1s,67,1-0,White,<=5s vs 10-15s,1754
E6QWh7zv,59,0-1,White,<=5s vs 15-20s,1943
aJlObgux,51,1-0,White,<=5s vs 10-15s,1554
OTVp4Gwj,126,1-0,Black,<=5s vs <=5s,2299
V95rIKPR,98,1-0,Black,<=5s vs <=5s,2009
z1s4mUZf,63,1-0,White,<=5s vs 10-15s,1467
xya1K60W,118,1-0,Black,<=5s vs 5-10s,2071
0IklIFVw,93,1/2-1/2,White,<=5s vs 15-20s,1598
efo9fV0U,51,1-0,White,<=5s vs 15-20s,1631
lnf7BMjY,67,1-0,White,<=5s vs 15-20s,1748
eBlB74eH,70,0-1,Black,<=5s vs 10-15s,1987
dgfLcEpr,50,1-0,Black,<=5s vs 10-15s,1522
EVcI6oIK,72,0-1,Black,<=5s vs 5-10s,1380
ZKjoBk8x,53,1-0,White,<=5s vs 15-20s,1344
DuKSjVj0,88,0-1,Black,<=5s vs 5-10s,2101
U2zmG5vF,97,1-0,White,<=5s vs 10-15s,2227
G2oH0mad,93,1-0,White,<=5s vs 5-10s,1993
JhF6W3w8,74,1/2-1/2,Black,<=5s vs 5-10s,1459
3Mbbtsb9,55,1-0,White,<=5s vs 5-10s,2013
i4Z7BdQW,75,0-1,White,<=5s vs 5-10s,1925
SNXoxg2y,102,1/2-1/2,Black,<=5s vs 10-15s,1574
IMoFXhRo,84,0-1,Black,<=5s vs 5-10s,2149
L7FPT2j1,47,1-0,White,<=5s vs 15-20s,1116
HEGoSZJs,60,1-0,Black,<=5s vs 5-10s,1272
ZOjzcFoz,96,0-1,Black,<=5s vs 10-15s,2519
PUlTjryQ,84,0-1,Black,<=5s vs <=5s,2401
FIM7gAxb,53,0-1,White,<=5s vs <=5s,1521
YiSVZjlH,122,1/2-1/2,Black,<=5s vs 5-10s,2475
976RZBSX,126,1/2-1/2,Black,<=5s vs <=5s,2496
AE5zHeRF,124,0-1,Black,<=5s vs <=5s,2164
yVKpPHl5,115,1-0,White,<=5s vs 15-20s,2586
k6RXrN4I,56,0-1,Black,<=5s vs 15-20s,1985
SsqSXgI4,58,1-0,Black,<=5s vs <=5s,1749
1xOZTMuC,86,0-1,Black,<=5s vs <=5s,1979
qjmk0nbC,58,0-1,Black,<=5s vs 10-15s,1599
CEJLlCP0,80,0-1,Black,<=5s vs 5-10s,1440
FcAAB9n4,97,1/2-1/2,White,<=5s vs 10-15s,2231
aU44CJmA,108,1-0,Black,<=5s vs 5-10s,2658
hCKMgXCZ,78,0-1,Black,<=5s vs <=5s,1822
10IkI5lm,52,0-1,Black,<=5s vs 15-20s,1934
DXhvIvcM,148,1/2-1/2,Black,<=5s vs 5-10s,2810
4Woshv2Z,65,1-0,White,<=5s vs 5-10s,1402
NH0XSiwa,55,1-0,White,<=5s vs 15-20s,1505
prWgJJxm,63,1-0,White,<=5s vs 15-20s,1592
ihogeLRx,124,0-1,Black,<=5s vs <=5s,1587
PKl3F4Sa,46,0-1,Black,<=5s vs 10-15s,1736
XHrUePtL,50,0-1,Black,<=5s vs 10-15s,2252
RUox6vmh,48,0-1,Black,<=5s vs 10-15s,1230
DqjvbrWQ,83,1-0,White,<=5s vs 15-20s,1480
AzycjiP1,81,1-0,White,<=5s vs 10-15s,2842
RyPEjRwl,47,1/2-1/2,White,<=5s vs 5-10s,1746
UaNCGqNK,74,0-1,Black,<=5s vs 10-15s,2720
00DDsdK0,66,0-1,Black,<=5s vs 15-20s,1988
A38NwSdl,61,1-0,White,<=5s vs 15-20s,1795
dKZ7Zaij,59,0-1,White,<=5s vs 5-10s,1070
9rCHiGCr,60,0-1,Black,<=5s vs 10-15s,1359
AeooDKRr,55,1-0,White,<=5s vs 15-20s,1392
YTTQLTTk,68,0-1,Black,<=5s vs 5-10s,2067
PUk1V78c,98,0-1,Black,<=5s vs 5-10s,1881
SvKCntEM,95,1-0,White,<=5s vs 5-10s,1756
eXNVeXnw,88,0-1,Black,<=5s vs 15-20s,1510
5CIEVdoy,54,0-1,Black,<=5s vs 10-15s,1238
BrWnTT3b,87,0-1,White,<=5s vs <=5s,870
iI0ZMhko,70,0-1,Black,<=5s vs 15-20s,1558
bcgohSzs,65,1-0,White,<=5s vs 5-10s,2139
jHZGXijN,98,0-1,Black,<=5s vs 10-15s,2495
I1YR6WE6,35,1-0,White,<=5s vs 10-15s,577
vYt78ccn,60,0-1,Black,<=5s vs 10-15s,775
6AdelhPp,72,0-1,Black,<=5s vs 15-20s,2753
NRJ8zjqz,114,0-1,Black,<=5s vs 15-20s,2028
99H0Aa1W,49,1-0,White,<=5s vs 15-20s,897
hD7xx5GL,71,1-0,White,<=5s vs 5-10s,2592
yHleVAb2,65,1-0,White,<=5s vs 10-15s,1914
5aBmNCOg,122,0-1,Black,<=5s vs 5-10s,2019
tYIfunzY,114,0-1,Black,<=5s vs <=5s,2036
wqAjh0Av,100,1-0,Black,<=5s vs 5-10s,2343
06Q2FrOP,62,0-1,Black,<=5s vs 10-15s,2242
6fMxaTmx,75,1-0,White,<=5s vs <=5s,1268
oQii9NNb,59,1-0,White,<=5s vs 10-15s,1691
avq8EPbq,71,1-0,White,<=5s vs 15-20s,2114
DOnqMvjy,110,1/2-1/2,Black,<=5s vs 5-10s,1791
S6Fi4Obc,120,0-1,Black,<=5s vs 5-10s,2332
nLEJ6eok,62,0-1,Black,<=5s vs 10-15s,1709
E4PWyIHO,65,1-0,White,<=5s vs 10-15s,1679
ew67akUz,52,0-1,Black,<=5s vs 15-20s,2427
HFxeN7CE,71,1-0,White,<=5s vs 15-20s,1802
tgyG5u4q,62,0-1,Black,<=5s vs 5-10s,1516
XbjZIrqO,61,1-0,White,<=5s vs 10-15s,1774
yG1U3GdO,139,1-0,White,<=5s vs 15-20s,2642
NA0I0Dwp,100,0-1,Black,<=5s vs 5-10s,1385
X0jPaCJS,53,1-0,White,<=5s vs 15-20s,1409
rcBtNLEk,161,1-0,White,<=5s vs 15-20s,2688
UkdBXYYg,50,0-1,Black,<=5s vs 10-15s,2134
BcihLHBb,81,1-0,White,<=5s vs 10-15s,1839
GG4T55sw,79,0-1,White,<=5s vs <=5s,2180
Gx757Ehx,66,0-1,Black,<=5s vs 15-20s,1926
qUneEzJZ,74,0-1,Black,<=5s vs 5-10s,1503
X91y486Q,53,1-0,White,<=5s vs 15-20s,1254
7S7TJaMg,103,1/2-1/2,White,<=5s vs 5-10s,2975
7c5xQkJH,109,1-0,White,<=5s vs 5-10s,1791
mg9eesH9,89,1-0,White,<=5s vs 5-10s,2022
QC0GbaXZ,69,1-0,White,<=5s vs 5-10s,2170
Elysu8aD,81,1-0,White,<=5s vs 5-10s,2498
wb39HSv0,71,1-0,White,<=5s vs 10-15s,998
1qo2rpaj,80,0-1,Black,<=5s vs 10-15s,2375
m0G5p6Zm,93,1-0,White,<=5s vs 10-15s,2245
XA6MS8cV,53,1-0,White,<=5s vs 5-10s,1422
KvwiGVct,70,1-0,Black,<=5s vs <=5s,1780
1oXpPjvc,146,1/2-1/2,Black,<=5s vs 10-15s,2633
jmwPRhJg,59,0-1,White,<=5s vs 10-15s,1918
vnouO7VL,79,1-0,White,<=5s vs 5-10s,1563
Y7gp6kpj,62,0-1,Black,<=5s vs 15-20s,1873
98g0uUeA,90,0-1,Black,<=5s vs 10-15s,2011
lMcvhoRX,54,0-1,Black,<=5s vs 15-20s,1698
cT7sY6oT,113,0-1,White,<=5s vs 5-10s,1740
9D293OSg,112,0-1,Black,<=5s vs 5-10s,1305
GxmJiVGE,65,1-0,White,<=5s vs 15-20s,1864
tTLZEFlU,107,0-1,White,<=5s vs 5-10s,2272
xzcAtIXV,48,0-1,Black,<=5s vs 10-15s,755
1h7nD5DV,78,0-1,Black,<=5s vs 15-20s,1305
GDgyetZz,65,1-0,White,<=5s vs 10-15s,1796
kbrLJsFW,102,0-1,Black,<=5s vs <=5s,2447
5aVawcvq,76,0-1,Black,<=5s vs 5-10s,2371
EpPywdbU,123,1-0,White,<=5s vs 5-10s,2089
qHw2zabA,86,0-1,Black,<=5s vs 15-20s,2369
f3DxlKwf,49,1-0,White,<=5s vs 10-15s,1414
uvbGXSuu,92,0-1,Black,<=5s vs 5-10s,2025
c9iIXfLK,89,1/2-1/2,White,<=5s vs 10-15s,2646
R8Ki6qmO,64,0-1,Black,<=5s vs 10-15s,1747
RpRK4NBe,81,1-0,White,<=5s vs 5-10s,1961
u3lziMGR,52,0-1,Black,<=5s vs 5-10s,816
CS8uSV0m,82,0-1,Black,<=5s vs 10-15s,1607
oAOEDJor,75,1-0,White,<=5s vs 15-20s,2517
7uAkOL1r,54,0-1,Black,<=5s vs 15-20s,1390
On2HMJJU,139,1-0,White,<=5s vs 10-15s,2501
Gn4PScxx,72,0-1,Black,<=5s vs 5-10s,1951
3cDrVdxV,62,1-0,Black,<=5s vs <=5s,1904
djroLvi6,76,1-0,Black,<=5s vs <=5s,1680
MzLZnJIb,84,1-0,Black,<=5s vs 5-10s,2469
07AGCW3r,88,0-1,Black,<=5s vs 10-15s,2583
PeGHZgaC,110,0-1,Black,<=5s vs 15-20s,1946
7plrPdGr,94,1-0,Black,<=5s vs 5-10s,1460
jGj4yLpO,42,0-1,Black,<=5s vs 15-20s,1078
ziHcF6bi,80,0-1,Black,<=5s vs 15-20s,1713
LJayCikJ,81,1-0,White,<=5s vs 5-10s,1884
L7QRogT9,68,0-1,Black,<=5s vs 5-10s,2598
ux5gpra8,94,0-1,Black,<=5s vs 10-15s,1444
8XMVCJlc,75,1-0,White,<=5s vs 10-15s,1251
oTZjx5HH,87,1-0,White,<=5s vs 5-10s,1827
mkcI7zTf,110,0-1,Black,<=5s vs 15-20s,1821
gFLIaadX,97,0-1,White,<=5s vs 5-10s,2329
oz8nD8zb,60,0-1,Black,<=5s vs 15-20s,1494
1pNO8Wrr,96,0-1,Black,<=5s vs 5-10s,2667
AAcEAva1,56,0-1,Black,<=5s vs <=5s,1197
awutHz2G,81,0-1,White,<=5s vs <=5s,2072
AFJPyIDg,66,0-1,Black,<=5s vs 5-10s,1240
0bfwPBOr,76,1-0,Black,<=5s vs 10-15s,1247
LwZqvvD4,200,1/2-1/2,Black,<=5s vs 15-20s,2361
S1XfjSWq,56,0-1,Black,<=5s vs 10-15s,1665
7UbrsZAv,42,0-1,Black,<=5s vs 5-10s,922
qHILpGEL,47,0-1,White,<=5s vs <=5s,1201
y0n22Jx3,39,1-0,White,<=5s vs 15-20s,792
NTJACWOZ,52,0-1,Black,<=5s vs 15-20s,1480
3fLKdJmF,73,1-0,White,<=5s vs <=5s,2250
Zv59OF5C,84,1-0,Black,<=5s vs 5-10s,1878
kksEcmwY,84,0-1,Black,<=5s vs 10-15s,2117
GQ9hGRN1,98,0-1,Black,<=5s vs 5-10s,2363
ZcHK10GE,69,0-1,White,<=5s vs 15-20s,2397
Lb0gEInK,49,1-0,White,<=5s vs 10-15s,1278
UIOyM76J,56,0-1,Black,<=5s vs 15-20s,1322
AcHPRveJ,50,0-1,Black,<=5s vs 10-15s,1696
6zAOk9Jw,68,0-1,Black,<=5s vs 10-15s,2241
Z1lpybSx,56,0-1,Black,<=5s vs 15-20s,1258
hQk0IVBV,64,0-1,Black,<=5s vs 5-10s,1798
NUG2CT7V,52,0-1,Black,<=5s vs 10-15s,1236
AXulcxaP,103,0-1,White,<=5s vs 5-10s,2124
KmCf5FRI,71,1-0,White,<=5s vs 15-20s,2589
fboJ7V3p,49,1-0,White,<=5s vs 10-15s,1119
0Rn5TKaw,68,0-1,Black,<=5s vs <=5s,2062
RG0WIhTP,87,1-0,White,<=5s vs 5-10s,1821
DG0B93KH,63,0-1,White,<=5s vs 5-10s,2167
RCckq89U,69,1-0,White,<=5s vs 5-10s,1321
wN1ooo3T,57,1-0,White,<=5s vs 15-20s,1167
CEJ5MLNa,65,0-1,White,<=5s vs 15-20s,1367
Xa9l4E3f,54,0-1,Black,<=5s vs 10-15s,1556
umcfpzzv,36,0-1,Black,<=5s vs 5-10s,1013
83bGqTIL,49,0-1,White,<=5s vs <=5s,1773
rhBfJx9r,77,1-0,White,<=5s vs 5-10s,2075
k2BcstRO,80,0-1,Black,<=5s vs 5-10s,1646
6Z5kQZ1e,89,1-0,White,<=5s vs 5-10s,1311
S7N7WKTU,74,0-1,Black,<=5s vs 5-10s,1797
WtiHrxSa,44,0-1,Black,<=5s vs 15-20s,1157
sInXhKTg,92,0-1,Black,<=5s vs <=5s,1303
QLNLdyQI,66,0-1,Black,<=5s vs 15-20s,1947
aH3jxYgS,67,1-0,White,<=5s vs 5-10s,2177
N3HTOwZf,114,0-1,Black,<=5s vs 10-15s,2941
We4beP4y,51,1-0,White,<=5s vs 15-20s,1534
jju0l0AL,42,0-1,Black,<=5s vs 10-15s,1010
78OBeLQx,44,0-1,Black,<=5s vs <=5s,1185
7xDtnS4l,63,1-0,White,<=5s vs 10-15s,2350
EoR6sh3h,85,0-1,White,<=5s vs 5-10s,2833
0rUzVjNs,101,0-1,White,<=5s vs <=5s,1876
ghB3ogac,61,1-0,White,<=5s vs 15-20s,1933
9nyJcxQC,38,0-1,Black,<=5s vs 15-20s,751
WN9FlYqT,59,1-0,White,<=5s vs 5-10s,1828
LUrM0XLx,76,0-1,Black,<=5s vs 10-15s,1999
X8OhWlNQ,79,1-0,White,<=5s vs <=5s,1625
XGOZi2QJ,112,0-1,Black,<=5s vs 15-20s,1600
kahIxOLb,130,1/2-1/2,Black,<=5s vs 5-10s,1768
X8cBwBaa,85,1-0,White,<=5s vs 15-20s,2175
mezlTt4b,65,0-1,White,<=5s vs <=5s,1092
qarlRUH8,60,1-0,Black,<=5s vs <=5s,1459
NEYl7WX1,67,1-0,White,<=5s vs 15-20s,1724
P4CqIHb3,66,1-0,Black,<=5s vs 10-15s,740
D2jcweY3,82,0-1,Black,<=5s vs 5-10s,2444
NBXGsOHY,68,0-1,Black,<=5s vs 10-15s,2217
nJQTvpST,57,1-0,White,<=5s vs 15-20s,1941
x7Ol5EST,66,0-1,Black,<=5s vs 10-15s,1985
xIvPPOT0,39,1-0,White,<=5s vs 5-10s,1187
ciuiCw7q,102,1-0,Black,<=5s vs <=5s,2448
Vj7nsFp9,93,1-0,White,<=5s vs 5-10s,2757
Gcx17bbZ,103,1-0,White,<=5s vs 5-10s,2450
slofu0IK,154,0-1,Black,<=5s vs 10-15s,2158
YtSQ18tn,50,0-1,Black,<=5s vs 10-15s,1599
E9mYPZKy,111,0-1,White,<=5s vs 5-10s,2855
sX5pWFil,96,1/2-1/2,Black,<=5s vs 15-20s,2053
GBmGtCbO,75,0-1,White,<=5s vs 5-10s,1942
9Cwi1X1i,58,0-1,Black,<=5s vs 15-20s,1734
NMsvYuIb,35,1-0,White,<=5s vs 15-20s,840
HJhyancV,44,1-0,Black,<=5s vs <=5s,1269
DluDLEvI,61,1-0,White,<=5s vs 10-15s,1442
HS9Anasg,88,0-1,Black,<=5s vs 10-15s,1722
NekRYnGA,57,0-1,White,<=5s vs <=5s,1256
5ns8kjGE,100,1-0,Black,<=5s vs <=5s,2729
ss3uJuo8,122,0-1,Black,<=5s vs <=5s,2457
2YfULbBR,114,0-1,Black,<=5s vs <=5s,2462
yuA7322a,68,0-1,Black,<=5s vs 5-10s,1616
vLmb4Iar,65,0-1,White,<=5s vs 5-10s,1132
ZmtpRhnv,76,0-1,Black,<=5s vs <=5s,1794
on30Wzou,49,1-0,White,<=5s vs 10-15s,934
m2LoTEHv,72,0-1,Black,<=5s vs 15-20s,2213
zZpITaVQ,57,1-0,White,<=5s vs 15-20s,1929
lI3lVsdp,50,0-1,Black,<=5s vs <=5s,1150
LhXUu9ll,108,1-0,Black,<=5s vs <=5s,2477
0QgO67bb,58,0-1,Black,<=5s vs 5-10s,1210
vyMcNIr0,60,0-1,Black,<=5s vs 15-20s,1246
okSzD9cZ,55,1-0,White,<=5s vs 10-15s,1263
iU63o7Rp,114,0-1,Black,<=5s vs <=5s,2847
V09fk2r5,87,1-0,White,<=5s vs 5-10s,2501
gCbGP1a6,93,1-0,White,<=5s vs 5-10s,2508
FX6PTsrj,48,0-1,Black,<=5s vs 5-10s,2101
tp2dP7QP,74,1-0,Black,<=5s vs <=5s,1500
2vfxKbGP,73,0-1,White,<=5s vs 5-10s,1940
4fpfE6FG,78,0-1,Black,<=5s vs 10-15s,1979
fubaLOCp,57,1-0,White,<=5s vs 5-10s,2238
CFRUwQyx,96,0-1,Black,<=5s vs <=5s,2135
vBU5KMCu,170,1/2-1/2,Black,<=5s vs 10-15s,2437
3eMS8Ie7,72,0-1,Black,<=5s vs 10-15s,1992
1H3EXL4u,74,1-0,Black,<=5s vs 5-10s,2242
k8dE81O5,124,0-1,Black,<=5s vs 15-20s,2270
70eYKKlh,70,0-1,Black,<=5s vs 10-15s,1326
MajcWxcA,76,1/2-1/2,Black,<=5s vs 10-15s,2136
1l9zWsmo,63,1-0,White,<=5s vs 5-10s,2211
yMxhauhp,52,1-0,Black,<=5s vs <=5s,1170
WaUcwtaq,65,1-0,White,<=5s vs 15-20s,1720
W9L2dWk1,66,0-1,Black,<=5s vs 5-10s,2239
lIAbvHX1,94,0-1,Black,<=5s vs 15-20s,1686
AvgNUV8t,84,0-1,Black,<=5s vs 15-20s,2137
upb43vfC,47,1-0,White,<=5s vs 15-20s,804
Kj9dJapV,45,1-0,White,<=5s vs 15-20s,1028
Zdc9HnE0,100,0-1,Black,<=5s vs 15-20s,1466
fMQ6nCE9,97,1-0,White,<=5s vs 10-15s,2222
J4SA7YlZ,58,0-1,Black,<=5s vs 15-20s,1744
VbKvyCLF,106,1-0,Black,<=5s vs 5-10s,2558
HnbDbxtH,89,0-1,White,<=5s vs 5-10s,1284
d4aaUXZU,65,1-0,White,<=5s vs 5-10s,1703
hKOh5fsg,102,0-1,Black,<=5s vs 15-20s,1686
C8gKHeZz,60,0-1,Black,<=5s vs 10-15s,1275
xtbyN3m2,90,0-1,Black,<=5s vs 10-15s,2043
JeFYVGpr,47,1-0,White,<=5s vs 15-20s,1622
ca5WJprF,70,0-1,Black,<=5s vs <=5s,1540
ipjxAqtU,104,0-1,Black,<=5s vs 5-10s,2028
Wqe9LWAa,82,0-1,Black,<=5s vs 10-15s,2618
2Zwq1lmW,85,1-0,White,<=5s vs 5-10s,1541
0Qn5C2eK,83,1-0,White,<=5s vs 5-10s,1404
mGfPk9S2,70,1-0,Black,<=5s vs <=5s,1443
W4TN1Pw0,91,0-1,White,<=5s vs <=5s,1839
xwYGYqK2,126,0-1,Black,<=5s vs 15-20s,2478
75GUyjZa,47,1-0,White,<=5s vs 10-15s,1076
6y098o42,70,1-0,Black,<=5s vs <=5s,1939
otMvudh9,102,1-0,Black,<=5s vs 15-20s,2154
kXVxNyQk,62,0-1,Black,<=5s vs 5-10s,2284
VNwQoFx9,85,1-0,White,<=5s vs 5-10s,2310
5wPdQTN7,82,0-1,Black,<=5s vs 10-15s,1664
4AF1kFfE,93,1-0,White,<=5s vs 5-10s,2908
KUFcLZsx,71,1-0,White,<=5s vs 5-10s,1599
SHu9XzvF,51,1-0,White,<=5s vs 15-20s,1481
9lTwyocx,60,0-1,Black,<=5s vs 5-10s,1694
AzxA4KQ7,61,1-0,White,<=5s vs 5-10s,1087
BrIpcsXZ,75,1-0,White,<=5s vs 10-15s,1861
hvhiwNNO,107,1-0,White,<=5s vs 10-15s,1975
urUfH2St,102,1/2-1/2,Black,<=5s vs 5-10s,2986
aAxB19qi,43,1-0,White,<=5s vs 10-15s,1924
np01aZlx,63,1-0,White,<=5s vs 10-15s,2046
QNzGVI6A,72,0-1,Black,<=5s vs <=5s,1500
95R1lXP6,65,1-0,White,<=5s vs 15-20s,2211
ShDwlUHZ,82,0-1,Black,<=5s vs 5-10s,2202
3CWUNXEC,62,0-1,Black,<=5s vs 10-15s,1658
9vpZx3yi,66,0-1,Black,<=5s vs 5-10s,2028
RLMhtyTa,82,0-1,Black,<=5s vs 15-20s,2882
JRU4O46r,68,0-1,Black,<=5s vs <=5s,1369
015J9iAq,92,0-1,Black,<=5s vs 15-20s,2564
6GlRlmgb,72,0-1,Black,<=5s vs 10-15s,1401
MXzsKHFW,80,0-1,Black,<=5s vs 15-20s,2055
4Tg4Psx2,132,1-0,Black,<=5s vs <=5s,2537
CqsNWZIU,45,1-0,White,<=5s vs 5-10s,975
Nc9qykBk,48,0-1,Black,<=5s vs 15-20s,2020
2PPj2mVD,45,1-0,White,<=5s vs 10-15s,1355
i7i2ujKw,53,1-0,White,<=5s vs 10-15s,979
10uxzGbA,88,1-0,Black,<=5s vs 5-10s,2345
S92SRFA9,76,0-1,Black,<=5s vs 15-20s,2021
qkllAJnm,44,0-1,Black,<=5s vs <=5s,1022
UH39pEb6,53,1-0,White,<=5s vs 5-10s,1883
9QJfMGO7,68,1-0,Black,<=5s vs 10-15s,1305
pImbY5O0,65,1-0,White,<=5s vs 15-20s,1796
B2r45bCb,106,0-1,Black,<=5s vs <=5s,2642
MjlE0xgz,60,0-1,Black,<=5s vs 15-20s,993
ddk4gWA6,53,1-0,White,<=5s vs <=5s,993
X50XsU2b,97,1-0,White,<=5s vs <=5s,2466
zq1gTFiV,79,1-0,White,<=5s vs 10-15s,2248
KV9B7tqR,103,0-1,White,<=5s vs 15-20s,2047
rMdjn0Tc,63,1-0,White,<=5s vs 5-10s,1657
QwdARSlj,59,1-0,White,<=5s vs 10-15s,1535
S1kmc7vQ,45,0-1,White,<=5s vs 5-10s,1544
81xbFsCx,143,0-1,White,<=5s vs <=5s,2620
DjHwXcpj,78,0-1,Black,<=5s vs 5-10s,1939
qCYmlFoR,43,1-0,White,<=5s vs 5-10s,1210
XiFSBJ4r,59,1-0,White,<=5s vs 10-15s,1422
FIVgp7tc,72,0-1,Black,<=5s vs 5-10s,959
xW4xanII,53,1-0,White,<=5s vs 10-15s,1142
1N9jC2Ba,60,0-1,Black,<=5s vs 5-10s,1308
570pezED,59,1-0,White,<=5s vs 5-10s,890
6ieLRJNJ,44,0-1,Black,<=5s vs 10-15s,1236
YXkm4DgP,79,1-0,White,<=5s vs 15-20s,1890
wM5akSBr,62,0-1,Black,<=5s vs 15-20s,1543
TeFjETRA,78,0-1,Black,<=5s vs 5-10s,2048
cVans69H,72,0-1,Black,<=5s vs <=5s,1591
8F2niEqT,95,1-0,White,<=5s vs 15-20s,1566
O5Drrp6m,70,0-1,Black,<=5s vs 5-10s,1978
WeYSA4Zs,71,1-0,White,<=5s vs 10-15s,1965
131zbDlx,76,0-1,Black,<=5s vs 5-10s,2008
OuSIrGpd,64,0-1,Black,<=5s vs 10-15s,2081
DYI1HQlG,78,0-1,Black,<=5s vs 10-15s,2150
AcMv1W0E,67,1-0,White,<=5s vs 15-20s,1168
HwvQNNeN,70,0-1,Black,<=5s vs 5-10s,1800
sVad0Smw,48,1-0,Black,<=5s vs 5-10s,1386
lAO4iFWw,77,1-0,White,<=5s vs 5-10s,2361
dPQzwQnS,66,0-1,Black,<=5s vs 15-20s,1193
3bahoJp2,78,0-1,Black,<=5s vs 5-10s,2502
YOjgvWNT,56,0-1,Black,<=5s vs 10-15s,1564
6PutRvCm,59,1-0,White,<=5s vs <=5s,2234
MosY9Qp5,60,0-1,Black,<=5s vs 10-15s,1421
M6fsKxXw,68,0-1,Black,<=5s vs 15-20s,2416
S67YX26K,79,1-0,White,<=5s vs 5-10s,1737
jS3harq6,87,1-0,White,<=5s vs <=5s,2258
cxvqXFnw,46,0-1,Black,<=5s vs <=5s,898
Is7jfUT2,71,1-0,White,<=5s vs 5-10s,1770
U2eNc0RA,55,1-0,White,<=5s vs 10-15s,2095
cfDtPaBG,134,0-1,Black,<=5s vs <=5s,1969
Za9jbLgE,60,0-1,Black,<=5s vs 5-10s,1881
TXdplIr3,123,0-1,White,<=5s vs 15-20s,1569
aA00gKyt,80,0-1,Black,<=5s vs <=5s,1565
cetJybho,34,0-1,Black,<=5s vs 5-10s,1021
1x5VBgdH,51,1-0,White,<=5s vs 10-15s,1300
4wuQwhKZ,69,1-0,White,<=5s vs 10-15s,1748
emOMZvY0,118,0-1,Black,<=5s vs 10-15s,2375
a3WrgONQ,73,1-0,White,<=5s vs 15-20s,1958
w5YatoMD,65,1-0,White,<=5s vs 5-10s,2080
I4UKhtpQ,50,0-1,Black,<=5s vs 15-20s,1985
Rf8Kcisa,58,0-1,Black,<=5s vs 10-15s,1347
AkGL7Lxk,55,1-0,White,<=5s vs 15-20s,1408
VvD7yWGV,67,1-0,White,<=5s vs <=5s,1737
4deMbGGH,118,1/2-1/2,Black,<=5s vs 15-20s,2157
CDNYkRHA,63,1-0,White,<=5s vs 5-10s,2188
KQreIInO,105,1-0,White,<=5s vs 10-15s,2731
zLN2Np6J,38,0-1,Black,<=5s vs 10-15s,793
0e2zcLrH,134,0-1,Black,<=5s vs 5-10s,1736
zdGEEiwD,82,0-1,Black,<=5s vs <=5s,1211
CFPItr5h,78,0-1,Black,<=5s vs 15-20s,2051
nNmyXg6k,63,1-0,White,<=5s vs 10-15s,2404
yMl3SDXc,44,0-1,Black,<=5s vs 10-15s,1107
6oNquHpc,71,1-0,White,<=5s vs 10-15s,2407
04Fo5Fp0,42,0-1,Black,<=5s vs 15-20s,1654
xXT7rcDI,93,1-0,White,<=5s vs 5-10s,1575
0dB448Iy,65,1-0,White,<=5s vs 5-10s,1663
36IfgeSa,101,1-0,White,<=5s vs 5-10s,1522
N2LpZbiN,110,1/2-1/2,Black,<=5s vs 10-15s,2337
js3I6c9Z,80,0-1,Black,<=5s vs 15-20s,1858
HkTAyPbV,82,0-1,Black,<=5s vs 10-15s,1953
OLvf8sre,72,0-1,Black,<=5s vs 15-20s,1455
S54Jbrvg,71,1-0,White,<=5s vs 5-10s,1538
US1v4bqs,64,0-1,Black,<=5s vs <=5s,1310
rmrEoAZj,96,0-1,Black,<=5s vs 10-15s,2554
o6U9w6kt,70,0-1,Black,<=5s vs 5-10s,1976
gPN1ryKo,83,1-0,White,<=5s vs 5-10s,1393
xf14kkUO,52,0-1,Black,<=5s vs 10-15s,1469
wmBjSium,45,0-1,White,<=5s vs 5-10s,1702
wIysmNZW,116,0-1,Black,<=5s vs 5-10s,2356
oH5Zwast,52,1/2-1/2,Black,<=5s vs 5-10s,1573
ABbXEnuW,52,0-1,Black,<=5s vs <=5s,1144
ih9CzHkT,67,1-0,White,<=5s vs 15-20s,1066
Se9RDrXc,48,0-1,Black,<=5s vs <=5s,1987
Vx4PZVw0,98,0-1,Black,<=5s vs <=5s,2002
r7RhQxrd,70,0-1,Black,<=5s vs 5-10s,1876
L8nQN2DX,66,0-1,Black,<=5s vs 15-20s,1538
1fXj9Oiv,48,0-1,Black,<=5s vs 15-20s,1562
nrtVY8vi,93,1-0,White,<=5s vs 10-15s,2055
HuB6doOb,83,1-0,White,<=5s vs 15-20s,1553
jEPCM0yI,57,1-0,White,<=5s vs 15-20s,1314
N26A2YkG,54,1-0,Black,<=5s vs 10-15s,596
ZwAH2lqC,75,1-0,White,<=5s vs 5-10s,1843
gPZyvKIZ,67,0-1,White,<=5s vs <=5s,1596
58doRYhb,58,1-0,Black,<=5s vs <=5s,2281
E9AYSznt,62,0-1,Black,<=5s vs 10-15s,2382
Z4dsBdgV,48,0-1,Black,<=5s vs <=5s,2130
v6KuQRg6,83,1-0,White,<=5s vs 15-20s,2316
hjXOJ5l9,73,1-0,White,<=5s vs <=5s,1466
HxvI6Xqg,124,0-1,Black,<=5s vs 5-10s,2161
O684N0w2,94,1/2-1/2,Black,<=5s vs 5-10s,2575
zefWtJYM,92,1-0,Black,<=5s vs 5-10s,2947
38duzhXR,39,1-0,White,<=5s vs 10-15s,843
aBD6BAlJ,83,1-0,White,<=5s vs 10-15s,2015
vvo7Y2Ee,69,1-0,White,<=5s vs 5-10s,961
dVKiZEK3,90,1-0,Black,<=5s vs <=5s,1399
ienS3m9q,68,0-1,Black,<=5s vs 15-20s,2218
mdjEZe0r,173,1-0,White,<=5s vs 10-15s,2398
JaPdGBEF,52,1-0,Black,<=5s vs 10-15s,1394
5q6MnNzH,59,0-1,White,<=5s vs 10-15s,1583
g5DX7AfI,76,0-1,Black,<=5s vs 5-10s,1961
fsL1XsVp,78,0-1,Black,<=5s vs 15-20s,1319
5FliTDGN,61,1-0,White,<=5s vs 10-15s,1731
NZ11UimF,87,1-0,White,<=5s vs 5-10s,2437
dMcBgco5,98,0-1,Black,<=5s vs 15-20s,2197
wf2ZNSwE,52,0-1,Black,<=5s vs 10-15s,1526
Z02KF1KW,127,1/2-1/2,White,<=5s vs 15-20s,1447
INoRkJuj,97,1-0,White,<=5s vs 10-15s,1996
LmKJaZIV,82,0-1,Black,<=5s vs 5-10s,2041
xWw62jpU,84,0-1,Black,<=5s vs <=5s,1177
5UPWpeF4,54,0-1,Black,<=5s vs 15-20s,1962
Z9nHZ4MJ,73,1-0,White,<=5s vs 10-15s,1608
M7ZUzXQ1,85,1-0,White,<=5s vs 5-10s,2046
LTSe4dPg,59,0-1,White,<=5s vs 5-10s,1250
KqoGGtTO,85,1-0,White,<=5s vs 10-15s,2280
hnqHVims,87,1-0,White,<=5s vs 5-10s,2071
JA140Yzx,81,1-0,White,<=5s vs 5-10s,2195
enAaIjml,57,1-0,White,<=5s vs 15-20s,1327
c62jnkai,84,0-1,Black,<=5s vs 5-10s,2668
nNv6ZhkQ,110,0-1,Black,<=5s vs <=5s,2228
B3icF3D9,45,1-0,White,<=5s vs 5-10s,988
wvE92ZDI,97,1-0,White,<=5s vs 15-20s,2042
sNPipYrr,94,0-1,Black,<=5s vs <=5s,2062
bkJZTR6P,80,1-0,Black,<=5s vs 10-15s,2031
0Nb89Gfz,57,1-0,White,<=5s vs 5-10s,1465
K4yNTR7g,56,0-1,Black,<=5s vs 15-20s,2027
39URku2s,67,1-0,White,<=5s vs <=5s,1354
Lzbx9sgp,47,1-0,White,<=5s vs 10-15s,1218
6pFs9LKi,86,0-1,Black,<=5s vs 5-10s,2019
hJgDAsRe,61,1-0,White,<=5s vs 5-10s,1583
17mzH8kf,48,0-1,Black,<=5s vs 5-10s,1083
arEieU83,61,0-1,White,<=5s vs 10-15s,1350
DYjBNK7K,99,1/2-1/2,White,<=5s vs 5-10s,2268
NHqByECh,85,0-1,White,<=5s vs <=5s,2052
jMIGSK5e,66,0-1,Black,<=5s vs 5-10s,1973
KT6hpJ5j,92,0-1,Black,<=5s vs <=5s,2537
KQJq0lbW,68,0-1,Black,<=5s vs <=5s,1513
QCCDn2HB,43,1-0,White,<=5s vs 10-15s,1990
heuV2BpZ,83,1-0,White,<=5s vs 15-20s,2088
W3KJ3aTV,76,0-1,Black,<=5s vs 5-10s,2110
jiAgEhku,45,1-0,White,<=5s vs 10-15s,906
MTwoJiKQ,46,0-1,Black,<=5s vs 5-10s,1519
6JDpyRaU,75,1-0,White,<=5s vs 10-15s,2210
QWH6r1mF,81,1-0,White,<=5s vs 10-15s,1678
0L7UmN3q,67,1-0,White,<=5s vs 5-10s,2040
DccOSrNJ,69,0-1,White,<=5s vs <=5s,1724
0LrlwLxd,62,1-0,Black,<=5s vs <=5s,2129
aHQa21Wt,58,0-1,Black,<=5s vs 5-10s,1324
frlHrSFq,66,0-1,Black,<=5s vs 15-20s,1116
124mOFJ2,72,0-1,Black,<=5s vs <=5s,1937
QfjSVsOt,54,0-1,Black,<=5s vs 10-15s,1051
0LzreT3P,55,1-0,White,<=5s vs 15-20s,1487
AqjwAHgV,101,1/2-1/2,White,<=5s vs 5-10s,2253
NkNbzdg6,64,0-1,Black,<=5s vs 15-20s,1355
MxKKLuio,82,1-0,Black,<=5s vs <=5s,2301
rUfocT9N,63,1-0,White,<=5s vs 5-10s,1529
tnag1wbd,63,1-0,White,<=5s vs 10-15s,2398
h6KIR4HY,115,1-0,White,<=5s vs 10-15s,2560
2VWHNpIW,54,0-1,Black,<=5s vs <=5s,1073
tUVWWsoP,56,0-1,Black,<=5s vs 10-15s,1861
rKobtYA3,59,1-0,White,<=5s vs 15-20s,1601
xdyuVINa,69,1-0,White,<=5s vs 10-15s,1821
G2ScgYtP,118,1/2-1/2,Black,<=5s vs <=5s,2364
PEOG8PrY,63,0-1,White,<=5s vs 5-10s,2345
HKro8Qtv,78,0-1,Black,<=5s vs 5-10s,1886
Dc365s4d,71,1-0,White,<=5s vs 10-15s,1979
eH4Lgk3Q,49,1-0,White,<=5s vs 15-20s,1022
03YF4L3b,46,0-1,Black,<=5s vs 5-10s,1411
Syfmd9g9,133,0-1,White,<=5s vs <=5s,2504
KN6CzS5v,68,0-1,Black,<=5s vs <=5s,2098
CvN2Dseu,60,1-0,Black,<=5s vs 15-20s,2185
9Tuybkpy,108,0-1,Black,<=5s vs 5-10s,1662
ejzDSyLj,65,1-0,White,<=5s vs 10-15s,805
kamjM6wo,75,1-0,White,<=5s vs 10-15s,2069
ttaoCYrP,119,1-0,White,<=5s vs 15-20s,1976
UJteaQfo,95,1-0,White,<=5s vs 10-15s,2758
EKDoY4bf,56,0-1,Black,<=5s vs 10-15s,2056
nggSNYYK,122,0-1,Black,<=5s vs 5-10s,1773
zt2f6M4W,100,0-1,Black,<=5s vs 5-10s,2217
39Esr1n3,95,1-0,White,<=5s vs 5-10s,1473
bptZpgDa,65,1-0,White,<=5s vs 5-10s,1639
azf9EmDI,72,1-0,Black,<=5s vs 5-10s,1917
feAlWj2S,62,0-1,Black,<=5s vs 15-20s,1050
DEckFqXg,43,1-0,White,<=5s vs 5-10s,1254
Kg87XIWp,54,0-1,Black,<=5s vs 15-20s,1465
Ca1eBXNM,46,0-1,Black,<=5s vs 10-15s,1721
K5ieCfal,88,0-1,Black,<=5s vs <=5s,1934
UaLdE2vP,126,0-1,Black,<=5s vs 10-15s,2339
BtFnGIc2,74,0-1,Black,<=5s vs 15-20s,2066
MG3akihY,95,1-0,White,<=5s vs 10-15s,1383
3Ueqol32,71,1-0,White,<=5s vs 5-10s,2383
q4xaLBiY,57,1-0,White,<=5s vs 10-15s,1257
XNgswGic,46,0-1,Black,<=5s vs 15-20s,1115
Bi5LzCii,45,1-0,White,<=5s vs 5-10s,912
dqdB7DAY,85,1-0,White,<=5s vs 15-20s,1306
JYEEj7uL,53,1-0,White,<=5s vs 10-15s,1006
8EmBz9Rv,71,0-1,White,<=5s vs <=5s,2303
MK0nKuA4,124,1/2-1/2,Black,<=5s vs 5-10s,2590
5lvNsCLI,41,1-0,White,<=5s vs 5-10s,1024
8GkaG2j9,79,1-0,White,<=5s vs 15-20s,2866
TI6Xy6Vv,54,0-1,Black,<=5s vs <=5s,1238
gdW83Xsp,67,1-0,White,<=5s vs 5-10s,2222
Dm4YBMaW,65,1-0,White,<=5s vs 5-10s,1788
7TWzGAhK,67,0-1,White,<=5s vs 5-10s,1534
LaxbF3My,68,0-1,Black,<=5s vs 15-20s,1978
HeH1cDQ3,72,0-1,Black,<=5s vs <=5s,2387
NciEiifX,84,0-1,Black,<=5s vs 5-10s,2621
qu6zcvWe,64,0-1,Black,<=5s vs 5-10s,1843
QdkDIcXM,51,1-0,White,<=5s vs 5-10s,1188
tDtonsKF,79,1-0,White,<=5s vs 5-10s,1763
Jf4gnWaD,80,0-1,Black,<=5s vs 5-10s,1942
yniKxVIF,83,1-0,White,<=5s vs 15-20s,2284
EDtCW44N,45,1-0,White,<=5s vs 15-20s,1048
ronSVkHV,77,1-0,White,<=5s vs 15-20s,1999
1wVvPJYt,55,1-0,White,<=5s vs 15-20s,2145
Vi6lg2QL,69,1-0,White,<=5s vs 15-20s,1878
2YaOWKZS,112,1/2-1/2,Black,<=5s vs 15-20s,1834
ME0zzBAD,72,0-1,Black,<=5s vs 5-10s,2245
p7LtMGUb,74,0-1,Black,<=5s vs 5-10s,1715
mb5u8EXX,54,0-1,Black,<=5s vs <=5s,1496
SjqijYeE,89,1-0,White,<=5s vs 5-10s,1963
td61BCUn,41,0-1,White,<=5s vs 5-10s,1295
Iz0hSTIi,41,0-1,White,<=5s vs 5-10s,1242
aujlRkxn,58,0-1,Black,<=5s vs 5-10s,2212
IYavNNTo,104,0-1,Black,<=5s vs 5-10s,1749
I3NbZV8l,60,0-1,Black,<=5s vs <=5s,2339
nKfTUCh0,55,1-0,White,<=5s vs 5-10s,2115
M8EyjnPx,65,1-0,White,<=5s vs 5-10s,1887
v2gMZGO0,56,0-1,Black,<=5s vs 10-15s,1110
CHdSCAix,83,1-0,White,<=5s vs 5-10s,1937
2aLHUfXV,77,1-0,White,<=5s vs 15-20s,1645
Y0d8ziu0,85,1-0,White,<=5s vs 10-15s,1934
lLSufDB8,51,1-0,White,<=5s vs 15-20s,2533
IIBoRKdq,95,1-0,White,<=5s vs 15-20s,1956
4wv3X1OI,107,0-1,White,<=5s vs 10-15s,2421
N32p2Gv6,57,1-0,White,<=5s vs 5-10s,1226
MKjEEinX,89,0-1,White,<=5s vs 15-20s,2796
c23CtkPY,37,1-0,White,<=5s vs 5-10s,947
aMXtkn82,102,0-1,Black,<=5s vs <=5s,1833
KoJaokd0,77,1-0,White,<=5s vs 15-20s,1778
iQIsVzZb,67,1-0,White,<=5s vs 15-20s,1438
EDjZejc0,73,1-0,White,<=5s vs 10-15s,2348
mGI15r5j,89,1-0,White,<=5s vs 10-15s,2237
XpTgDVXu,67,0-1,White,<=5s vs <=5s,1476
8gDf4eFu,77,1-0,White,<=5s vs 10-15s,1203
C7ECcnNj,68,0-1,Black,<=5s vs 5-10s,1680
r2jEEe98,123,1-0,White,<=5s vs 10-15s,2556
XC3mh564,152,1/2-1/2,Black,<=5s vs <=5s,2346
eRStsash,56,0-1,Black,<=5s vs 5-10s,1943
Znwust6f,180,1/2-1/2,Black,<=5s vs 5-10s,2663
mxSNSaWS,105,1-0,White,<=5s vs 5-10s,1955
DqDbxi2p,49,0-1,White,<=5s vs 5-10s,1633
12qPxa0j,96,0-1,Black,<=5s vs <=5s,2416
mtGqHSA7,45,1-0,White,<=5s vs 15-20s,1749
CICRWCxt,34,0-1,Black,<=5s vs 15-20s,1828
mtomi198,137,1-0,White,<=5s vs 5-10s,2484
MRWTMPde,66,0-1,Black,<=5s vs 15-20s,1970
aiu5Lb3Y,46,0-1,Black,<=5s vs 15-20s,1898
ebAw2dtd,73,0-1,White,<=5s vs 10-15s,2731
ty6yCtKm,82,0-1,Black,<=5s vs 10-15s,2055
PP4p9mb9,53,0-1,White,<=5s vs 5-10s,1121
lk1M9Oe1,62,0-1,Black,<=5s vs 15-20s,1460
wTY6a9m7,107,1/2-1/2,White,<=5s vs 15-20s,2779
n2yLsDww,87,0-1,White,<=5s vs <=5s,1697
ygUkgqlq,66,0-1,Black,<=5s vs 15-20s,1663
XgeUGTcD,80,0-1,Black,<=5s vs 10-15s,2327
0SSWR5wp,83,1-0,White,<=5s vs 15-20s,1910
EKNBBt0A,50,0-1,Black,<=5s vs 5-10s,1210
m9FuaF4o,60,0-1,Black,<=5s vs 5-10s,1595
CvMGkSEz,35,1-0,White,<=5s vs 5-10s,967
TsxIgo7W,115,1-0,White,<=5s vs <=5s,2560
GtYqPlnY,86,1-0,Black,<=5s vs <=5s,2167
h32aeLfB,70,1-0,Black,<=5s vs <=5s,1635
fD84b6Pn,70,0-1,Black,<=5s vs 15-20s,2579
iqh6umff,49,1-0,White,<=5s vs 15-20s,1318
zG014Isz,62,0-1,Black,<=5s vs 5-10s,1451
1LyZqFcW,47,0-1,White,<=5s vs 5-10s,861
L6j7w9Pl,79,1-0,White,<=5s vs 15-20s,2086
BZFhjgCl,42,0-1,Black,<=5s vs 10-15s,1079
IJYg3ynm,123,0-1,White,<=5s vs <=5s,2061
OfzjU49D,97,1/2-1/2,White,<=5s vs 15-20s,2731
EVVY8MUt,58,0-1,Black,<=5s vs 5-10s,1133
eFtezdKb,73,0-1,White,<=5s vs <=5s,1722
5pteZ5fj,49,1-0,White,<=5s vs 15-20s,1665
A525SUr0,40,0-1,Black,<=5s vs 15-20s,1254
FLDxzcq7,73,1-0,White,<=5s vs 5-10s,1593
SXIRRhI9,92,1-0,Black,<=5s vs <=5s,1837
4cY7Cxei,60,0-1,Black,<=5s vs 10-15s,2485
H2w1FU43,42,0-1,Black,<=5s vs 5-10s,1294
GRZoKr4Q,104,1/2-1/2,Black,<=5s vs 5-10s,2377
sMNSiqXk,69,1-0,White,<=5s vs 10-15s,1654
JK84oVuI,52,0-1,Black,<=5s vs 15-20s,1512
2qEWfHK8,54,0-1,Black,<=5s vs 5-10s,1446
DSgy3oU0,52,0-1,Black,<=5s vs 5-10s,1738
OmDxocDZ,102,0-1,Black,<=5s vs 10-15s,2373
cA9UKSRF,56,0-1,Black,<=5s vs 5-10s,1381
27tkwIZX,69,1-0,White,<=5s vs 5-10s,1097
1yIW4UoR,52,0-1,Black,<=5s vs 15-20s,1073
XuLD2ZRt,70,0-1,Black,<=5s vs 10-15s,1653
3dttCqqu,85,1-0,White,<=5s vs 5-10s,1772
pbyFr210,55,1-0,White,<=5s vs 15-20s,1632
DwieCsvO,85,1-0,White,<=5s vs 10-15s,2562
fSh7qweD,47,1-0,White,<=5s vs 10-15s,2159
3ZJj4Qpn,74,0-1,Black,<=5s vs 5-10s,1078
lnOMw2y6,123,0-1,White,<=5s vs <=5s,1489
bNFS6l8o,162,0-1,Black,<=5s vs 15-20s,2534
mFBVP5qe,48,0-1,Black,<=5s vs 10-15s,1401
cVZvXdjx,84,0-1,Black,<=5s vs <=5s,2279
G5RhTRJy,56,0-1,Black,<=5s vs 5-10s,1395
8zHXPyHy,61,1-0,White,<=5s vs 10-15s,1923
5Fk7aNXm,55,1-0,White,<=5s vs 10-15s,871
QiolgISJ,51,1-0,White,<=5s vs 5-10s,1116
PdqOiWI4,56,1-0,Black,<=5s vs <=5s,1558
UKBrzJ3V,99,1-0,White,<=5s vs <=5s,2356
4B4Ypu2q,44,0-1,Black,<=5s vs 15-20s,1263
phvZEHbm,66,0-1,Black,<=5s vs 10-15s,1541
Laj9ke1P,52,0-1,Black,<=5s vs 15-20s,1033
WHwwEO3m,57,1-0,White,<=5s vs 15-20s,1461
tYaxTQrY,107,1-0,White,<=5s vs 10-15s,2504
jK25yOql,74,0-1,Black,<=5s vs <=5s,1818
l0oOLHPe,95,1-0,White,<=5s vs 5-10s,2193
7bXBV0ho,111,1-0,White,<=5s vs 5-10s,2535
4ayYZyNp,42,0-1,Black,<=5s vs 15-20s,1149
8znZVJNC,61,1-0,White,<=5s vs <=5s,1446
1K2PAuJN,83,1-0,White,<=5s vs 10-15s,2184
VwLgyEGU,63,1-0,White,<=5s vs 5-10s,1945
OFI9uCLv,69,1-0,White,<=5s vs 5-10s,2316
AYOarxP9,68,1-0,Black,<=5s vs <=5s,1898
sxZcnerq,65,1-0,White,<=5s vs 15-20s,2068
V6j57f0o,53,1-0,White,<=5s vs 10-15s,1258
Sqj5zAqc,59,1-0,White,<=5s vs 15-20s,1367
vwJNp4e1,65,1-0,White,<=5s vs 15-20s,2060
8woEwuXn,82,0-1,Black,<=5s vs 5-10s,2083
HhCe0gAe,76,0-1,Black,<=5s vs 10-15s,2889
4m4RhgHj,89,0-1,White,<=5s vs 5-10s,2650
N8n8U7wo,48,0-1,Black,<=5s vs 5-10s,779
c9YH5XaE,77,1-0,White,<=5s vs 10-15s,1802
6dfEMd7E,82,0-1,Black,<=5s vs 5-10s,2008
VVAnZAUR,89,1-0,White,<=5s vs <=5s,2109
AgGbtkqi,94,0-1,Black,<=5s vs 10-15s,2169
DbWhmy6d,91,1-0,White,<=5s vs 15-20s,2378
JwRywn9W,42,0-1,Black,<=5s vs 15-20s,693
0hHsIEda,61,1-0,White,<=5s vs 5-10s,1538
cjeDWdXz,55,1-0,White,<=5s vs 15-20s,1025
YoKiaZrg,56,0-1,Black,<=5s vs 5-10s,1523
Pjjrvehv,65,1/2-1/2,White,<=5s vs 5-10s,1402
0JLU0tw4,42,0-1,Black,<=5s vs 15-20s,2119
KMALixFn,85,1-0,White,<=5s vs 15-20s,2249
jid3gAx5,147,1-0,White,<=5s vs 10-15s,2452
6e1gPPEb,68,1-0,Black,<=5s vs 5-10s,1809
WyfYundv,54,0-1,Black,<=5s vs 10-15s,1571
0jFxuqh0,81,1-0,White,<=5s vs 5-10s,1113
KhMZRHQs,98,1-0,Black,<=5s vs <=5s,2035
G393ngFh,46,1-0,Black,<=5s vs <=5s,2327
5cI33mmq,81,0-1,White,<=5s vs 10-15s,2162
9tNZLiyn,70,0-1,Black,<=5s vs 5-10s,1938
8f6DbL6o,60,0-1,Black,<=5s vs 10-15s,1583
I0tbiMpv,52,0-1,Black,<=5s vs 5-10s,1214
wMobpR0M,97,1-0,White,<=5s vs 15-20s,1917
52IFiVvV,41,1-0,White,<=5s vs 15-20s,1060
mYOxRYTh,57,0-1,White,<=5s vs <=5s,1795
lRhssUPM,91,1-0,White,<=5s vs 10-15s,2642
AaBYg87U,120,0-1,Black,<=5s vs <=5s,2937
7B3JOosc,71,1-0,White,<=5s vs 15-20s,2105
mRUGnx1x,55,1-0,White,<=5s vs 15-20s,2148
o8G8qu6N,77,1-0,White,<=5s vs 10-15s,1391
JD3fTQ5x,59,1-0,White,<=5s vs 15-20s,1814
hZsv72YP,47,1-0,White,<=5s vs <=5s,1873
8QOkXmxn,72,1-0,Black,<=5s vs <=5s,1929
78OznJ7t,61,0-1,White,<=5s vs <=5s,2123
w4LfcRvz,55,1-0,White,<=5s vs 15-20s,1962
k7GFlnWs,72,0-1,Black,<=5s vs 5-10s,1238
ozusopXP,79,1-0,White,<=5s vs 10-15s,2003
RH80wwD5,104,0-1,Black,<=5s vs 5-10s,2620
Zu7iamAk,80,0-1,Black,<=5s vs 5-10s,2539
qVMOcVwn,55,1-0,White,<=5s vs 5-10s,1572
A0zI1tps,68,1-0,Black,<=5s vs 5-10s,2025
YsY9T7pg,53,0-1,White,<=5s vs 15-20s,2436
PZRSFb4H,52,0-1,Black,<=5s vs 15-20s,1930
PdtN3HUC,43,0-1,White,<=5s vs 10-15s,1526
3dbeEohi,77,1-0,White,<=5s vs 5-10s,2119
QLQDNozP,46,0-1,Black,<=5s vs 15-20s,902
rkiqm6Ce,61,1-0,White,<=5s vs 5-10s,1239
cdtVUAou,69,1-0,White,<=5s vs 10-15s,1274
wfnES0wt,98,0-1,Black,<=5s vs 15-20s,2460
M2TiIJBQ,52,0-1,Black,<=5s vs 5-10s,1155
LmwB2OjM,36,0-1,Black,<=5s vs 15-20s,1088
2fMAQRLZ,61,1-0,White,<=5s vs 15-20s,1693
5ZAwuGD3,82,0-1,Black,<=5s vs 15-20s,2430
9xHkCgWe,95,1-0,White,<=5s vs 15-20s,1968
DhdO9noK,78,0-1,Black,<=5s vs 10-15s,2607
Cgfgsv37,72,0-1,Black,<=5s vs 15-20s,1865
4Vekf0B1,121,0-1,White,<=5s vs <=5s,2931
ZfLs6VUs,68,0-1,Black,<=5s vs 5-10s,1822
fbJFN2IL,67,0-1,White,<=5s vs 5-10s,1188
qekmBguM,52,0-1,Black,<=5s vs 15-20s,1546
BaLaxbKF,67,1-0,White,<=5s vs 5-10s,1675
NrbIUJwh,122,1/2-1/2,Black,<=5s vs <=5s,2532
RZlKlDP0,58,0-1,Black,<=5s vs 15-20s,1796
XFwzzSZG,61,0-1,White,<=5s vs 5-10s,1178
KG182mZw,71,1-0,White,<=5s vs <=5s,2397
PdJGg6RL,90,1-0,Black,<=5s vs 5-10s,2166
9rybdhNm,59,1-0,White,<=5s vs 15-20s,1814
iRRY0bnw,71,1-0,White,<=5s vs 10-15s,1904
usuyxnbM,71,1-0,White,<=5s vs 10-15s,2530
kE9KC5CC,90,0-1,Black,<=5s vs 5-10s,1887
AbFXPWYY,78,0-1,Black,<=5s vs 10-15s,1762
ZJf0yqGi,44,0-1,Black,<=5s vs 5-10s,1235
LSq3cuhm,82,0-1,Black,<=5s vs 15-20s,2300
JrHYgevM,56,0-1,Black,<=5s vs 5-10s,2063
EgAyF4AC,90,0-1,Black,<=5s vs <=5s,2104
amKVodnz,112,1-0,Black,<=5s vs <=5s,2354
97VDHbSC,70,0-1,Black,<=5s vs 5-10s,2257
qcjtWm7Q,68,0-1,Black,<=5s vs 5-10s,2482
JCcP8ki5,108,1-0,Black,<=5s vs 5-10s,2540
wWErcLdw,81,1-0,White,<=5s vs 15-20s,2199
EvPGAqs5,84,1-0,Black,<=5s vs <=5s,2205
IwrctpVp,66,0-1,Black,<=5s vs <=5s,1227
6EFwBwmx,52,0-1,Black,<=5s vs 5-10s,965
GIvEUeLP,47,1-0,White,<=5s vs 15-20s,1172
1O0CRfqL,128,1/2-1/2,Black,<=5s vs 5-10s,2625
0XatjJV9,56,1-0,Black,<=5s vs 10-15s,1960
b1sHLODc,72,0-1,Black,<=5s vs 10-15s,1714
nyRcpB92,61,1-0,White,<=5s vs 15-20s,1753
BayBjPnj,95,1-0,White,<=5s vs 15-20s,2751
t6xujymR,40,0-1,Black,<=5s vs 5-10s,1053
bKmCqNMj,123,1/2-1/2,White,<=5s vs 5-10s,2590
XMOy0gXf,61,1/2-1/2,White,<=5s vs 5-10s,1292
252XAg0C,49,1-0,White,<=5s vs 10-15s,1990
RVMlFqB6,102,0-1,Black,<=5s vs 15-20s,2098
HSSXnn5c,72,0-1,Black,<=5s vs <=5s,1628
vWFlAZ1w,105,1-0,White,<=5s vs 15-20s,1370
5w6NrUVI,79,1-0,White,<=5s vs 10-15s,2411
qoUAVSnV,36,0-1,Black,<=5s vs 15-20s,2258
DujHIKFq,43,1-0,White,<=5s vs 5-10s,1045
8F37VEZk,155,1/2-1/2,White,<=5s vs 15-20s,2700
DqWcQMzf,63,1-0,White,<=5s vs 5-10s,1094
y0O9ZRti,80,0-1,Black,<=5s vs 5-10s,2004
OPaRgqO9,120,1-0,Black,<=5s vs 5-10s,1168
6NKPCp4e,114,1/2-1/2,Black,<=5s vs 10-15s,2124
QErttatS,84,1-0,Black,<=5s vs 5-10s,2328
GTeUPr6e,66,0-1,Black,<=5s vs 5-10s,1435
VJmKk9kX,130,1/2-1/2,Black,<=5s vs 15-20s,2597
DahdgXud,75,1-0,White,<=5s vs 5-10s,2340
Z1BDChzQ,51,1-0,White,<=5s vs 15-20s,1924
eo9THfj5,120,1-0,Black,<=5s vs <=5s,1790
HnpCPpuV,93,0-1,White,<=5s vs 5-10s,1599
EaZiGBHZ,130,1-0,Black,<=5s vs 5-10s,2410
LCjLPTOE,54,0-1,Black,<=5s vs 15-20s,1639
blBJH4RJ,85,1-0,White,<=5s vs 15-20s,2297
SGNl0lrF,49,1-0,White,<=5s vs 5-10s,1462
wPjfLhhE,71,0-1,White,<=5s vs <=5s,2033
43cYnXPa,82,1-0,Black,<=5s vs <=5s,1298
MPScfQV8,51,1-0,White,<=5s vs 10-15s,1793
8bJMZWrC,85,1-0,White,<=5s vs 5-10s,1742
L2hHH2NI,70,1-0,Black,<=5s vs 5-10s,1835
wIVKdj1v,55,1-0,White,<=5s vs 15-20s,1862
jEi8sKMV,83,1-0,White,<=5s vs 5-10s,1676
qiJxhdwb,106,1-0,Black,<=5s vs <=5s,2373
71dUPSqY,131,1-0,White,<=5s vs <=5s,2000
bbxWOOQI,55,0-1,White,<=5s vs <=5s,1166
RdJERnuR,94,1/2-1/2,Black,<=5s vs 5-10s,2648
2wFAwgpX,57,1-0,White,<=5s vs 15-20s,1432
cx9yuuD3,108,0-1,Black,<=5s vs 15-20s,1930
iMwsFDnV,71,1-0,White,<=5s vs 15-20s,1911
deCl72vQ,54,0-1,Black,<=5s vs 15-20s,1738
oUtXo6M8,66,0-1,Black,<=5s vs 15-20s,1621
kl8UMGbY,109,1-0,White,<=5s vs 5-10s,2223
Z47S21Or,65,1-0,White,<=5s vs 10-15s,1302
60byFhDp,88,0-1,Black,<=5s vs 5-10s,1889
KUD7XoWD,79,0-1,White,<=5s vs 5-10s,1635
NU6nWBBW,78,0-1,Black,<=5s vs <=5s,1398
xXAldd4r,119,1-0,White,<=5s vs 10-15s,1847
SKibKhCj,74,0-1,Black,<=5s vs 10-15s,1059
YjQR1qwf,53,1-0,White,<=5s vs 10-15s,1432
2zWZxJXW,51,1-0,White,<=5s vs 5-10s,1454
CNrU1UDF,55,1-0,White,<=5s vs 10-15s,990
4A3pU9BC,42,0-1,Black,<=5s vs 10-15s,945
0fgaDymx,78,0-1,Black,<=5s vs 10-15s,2052
5LSfT75A,65,1-0,White,<=5s vs 10-15s,1903
2ZOtlyb4,70,0-1,Black,<=5s vs <=5s,2134
r5KFsuDV,60,1-0,Black,<=5s vs 10-15s,2165
oxx9Np6h,53,1-0,White,<=5s vs 5-10s,2256
bvAqykCg,78,0-1,Black,<=5s vs 5-10s,1128
PkVlpzrN,114,1-0,Black,<=5s vs <=5s,2115
14j1s4tR,134,0-1,Black,<=5s vs 5-10s,2458
gfy3sdty,108,1-0,Black,<=5s vs <=5s,2808
5XBbFANm,71,1-0,White,<=5s vs 5-10s,1301
NJHjqCNZ,57,1-0,White,<=5s vs 5-10s,1681
BTHTCOI1,159,1/2-1/2,White,<=5s vs <=5s,2665
CBCuMPWy,75,1-0,White,<=5s vs <=5s,2100
OOWdEo6V,56,0-1,Black,<=5s vs <=5s,1853
oWjh5b0L,79,1-0,White,<=5s vs <=5s,2074
5daR7xrj,60,0-1,Black,<=5s vs 5-10s,1488
1fdp6yj2,124,1/2-1/2,Black,<=5s vs 5-10s,2311
LNVpfGrW,50,0-1,Black,<=5s vs 5-10s,1142
JtWkbvPQ,55,1-0,White,<=5s vs 5-10s,1212
dhBKWtcD,50,0-1,Black,<=5s vs <=5s,1159
hPDC3FNZ,30,1-0,Black,<=5s vs 15-20s,1427
PT25NMQz,63,1-0,White,<=5s vs <=5s,1297
5cmm8iOx,43,1-0,White,<=5s vs 15-20s,1400
0840BUva,44,0-1,Black,<=5s vs <=5s,880
EdBqRML4,72,0-1,Black,<=5s vs 10-15s,1375
2rx3fDNz,55,1-0,White,<=5s vs 5-10s,1318
mvtEaVgY,126,1/2-1/2,Black,<=5s vs 5-10s,2540
HV3zzcot,69,1-0,White,<=5s vs 10-15s,1701
t0BAiCJd,73,1-0,White,<=5s vs 5-10s,2214
0K8JU014,101,1/2-1/2,White,<=5s vs 10-15s,1743
38JGvWS8,97,1-0,White,<=5s vs 5-10s,2485
Gb7O5Aad,68,0-1,Black,<=5s vs 15-20s,1012
dFkkYhcb,58,1-0,Black,<=5s vs 15-20s,1448
GCMxgoL5,39,1-0,White,<=5s vs 5-10s,1592
gtF6yR70,77,1-0,White,<=5s vs 5-10s,2553
PSx6PPpN,117,1-0,White,<=5s vs 5-10s,1851
pBtIYI6v,74,0-1,Black,<=5s vs 5-10s,1064
Xz21nyXc,73,1-0,White,<=5s vs 5-10s,1798
ZkBWEx2J,65,1-0,White,<=5s vs 10-15s,1844
Li6zu9sM,73,1-0,White,<=5s vs 15-20s,2172
Wj9E52Uw,99,1-0,White,<=5s vs 10-15s,2217
bLNoDZQs,80,0-1,Black,<=5s vs 5-10s,2621
aJNbV5Xh,89,0-1,White,<=5s vs 5-10s,2697
Y6nisVv9,60,1-0,Black,<=5s vs <=5s,1385
uJvJOcoK,40,0-1,Black,<=5s vs 15-20s,1667
klatP2b4,64,0-1,Black,<=5s vs 10-15s,1353
QEQZfgDx,67,1-0,White,<=5s vs 15-20s,1870
u4phzOx8,75,1-0,White,<=5s vs 10-15s,2108
6O9z1D0q,61,1-0,White,<=5s vs 15-20s,1325
mRtHcR6g,87,0-1,White,<=5s vs 5-10s,2065
FY80C0Zn,88,0-1,Black,<=5s vs 10-15s,1906
eJe9uy7W,58,0-1,Black,<=5s vs 10-15s,1871
QUSD5GzE,57,1-0,White,<=5s vs 5-10s,1773
OpCzSGkq,54,1-0,Black,<=5s vs <=5s,1083
q76ztyI8,63,1-0,White,<=5s vs 15-20s,1723
TB6xT5Vj,89,1-0,White,<=5s vs 10-15s,2243
QHMynZIm,48,0-1,Black,<=5s vs 15-20s,1880
vThDwyTq,76,1-0,Black,<=5s vs 5-10s,1333
84776Ct2,81,1-0,White,<=5s vs 15-20s,2012
qIl8QtUa,142,1-0,Black,<=5s vs <=5s,1372
rWOzu2VK,65,1-0,White,<=5s vs 15-20s,1295
cq9Hi2vr,64,0-1,Black,<=5s vs 5-10s,2025
7sa2Fm5A,151,1-0,White,<=5s vs 10-15s,2454
2us8nCHB,90,1-0,Black,<=5s vs 5-10s,2242
oAj6OXlD,60,0-1,Black,<=5s vs <=5s,1641
7EwstvQW,59,0-1,White,<=5s vs 5-10s,961
tfkk2df6,50,0-1,Black,<=5s vs 15-20s,1365
aixQR1D5,85,1-0,White,<=5s vs 10-15s,2048
R6Pdhcns,111,0-1,White,<=5s vs <=5s,1758
Ox60yKdz,59,1-0,White,<=5s vs 10-15s,1984
QLdag45L,66,1-0,Black,<=5s vs 10-15s,1910
m5hUWDli,75,1-0,White,<=5s vs 10-15s,1867
LhdnBApz,70,0-1,Black,<=5s vs 5-10s,1656
p5MAULQg,77,1-0,White,<=5s vs 5-10s,1836
HshJuJnT,105,1-0,White,<=5s vs 15-20s,2396
Dfo6cV5i,61,1-0,White,<=5s vs 10-15s,1543
DwInSeBz,84,0-1,Black,<=5s vs 5-10s,2674
YhQptJ5s,57,0-1,White,<=5s vs <=5s,1104
wBxXX0vm,67,1-0,White,<=5s vs 10-15s,1903
vqWzgRx7,87,1-0,White,<=5s vs <=5s,2087
2VB3qD9M,94,0-1,Black,<=5s vs 5-10s,2400
mA1vY09v,108,0-1,Black,<=5s vs 5-10s,2135
UxoD3gfH,64,0-1,Black,<=5s vs 10-15s,2314
PD10CuBo,91,1-0,White,<=5s vs 10-15s,2466
7qYOGl1B,93,1-0,White,<=5s vs 5-10s,1939
BzROMIM6,59,1-0,White,<=5s vs 10-15s,1785
gRiKdLut,82,0-1,Black,<=5s vs 5-10s,1770
oA8V6Hgc,74,0-1,Black,<=5s vs <=5s,1849
E8nJQVr6,42,0-1,Black,<=5s vs 10-15s,1136
L4IuHWX7,60,0-1,Black,<=5s vs 5-10s,2086
AzAbM2iV,55,1-0,White,<=5s vs 15-20s,1291
WtXP7hJH,66,0-1,Black,<=5s vs 10-15s,1639
V3IsX7RK,76,0-1,Black,<=5s vs 10-15s,1948
GoCnlBUg,67,1-0,White,<=5s vs 10-15s,2029
EAcFeEfv,41,1-0,White,<=5s vs 15-20s,1452
nWsXsdsr,42,0-1,Black,<=5s vs 5-10s,1354
HdV6xpg1,64,0-1,Black,<=5s vs 10-15s,2867
0YF3xt3V,80,1-0,Black,<=5s vs <=5s,1884
QdbK9Fxz,59,1-0,White,<=5s vs 10-15s,1624
rsElTvWP,96,1-0,Black,<=5s vs 5-10s,2681
68ARQtr7,65,1-0,White,<=5s vs 15-20s,1935
GjgD1OYY,44,0-1,Black,<=5s vs 15-20s,868
nh1ovsrc,62,1-0,Black,<=5s vs 5-10s,2369
RmXX8imK,71,1-0,White,<=5s vs 10-15s,1451
r80Ong1c,108,1-0,Black,<=5s vs <=5s,1780
PKozM9qh,43,1-0,White,<=5s vs 15-20s,1479
Ju1YrmbK,41,1-0,White,<=5s vs 15-20s,1297
pgR6sh0J,108,0-1,Black,<=5s vs 15-20s,1947
2dJhLHN3,39,1-0,White,<=5s vs 15-20s,1273
FKy8hMWq,59,1-0,White,<=5s vs 10-15s,1223
2Vi9NRZA,56,1/2-1/2,Black,<=5s vs 5-10s,1555
MrpGp39D,67,1-0,White,<=5s vs 5-10s,1650
2RAq95di,77,0-1,White,<=5s vs <=5s,2635
Hsm9OfAq,105,0-1,White,<=5s vs <=5s,2045
GELchMK9,87,1/2-1/2,White,<=5s vs <=5s,2581
l8iUiK6Z,58,0-1,Black,<=5s vs 15-20s,2216
HtiwUQbT,90,0-1,Black,<=5s vs 10-15s,2795
xmTmEPLX,91,0-1,White,<=5s vs 5-10s,1746
myxZcWXQ,73,1-0,White,<=5s vs 10-15s,2199
F9Apiep5,101,1-0,White,<=5s vs 5-10s,2146
mdJiHwF0,99,0-1,White,<=5s vs 10-15s,2520
j8nz4WMB,104,0-1,Black,<=5s vs 5-10s,2585
J0cw6KLb,99,1-0,White,<=5s vs 10-15s,1913
K7RUsXaw,44,0-1,Black,<=5s vs 15-20s,1487
ZiMJ4ev3,127,1-0,White,<=5s vs 5-10s,2471
GMV0CXxT,69,0-1,White,<=5s vs 5-10s,1949
FnEfOpe6,75,1-0,White,<=5s vs 5-10s,1616
06ulDdtY,61,1-0,White,<=5s vs 15-20s,1776
aUaA4eow,69,0-1,White,<=5s vs 5-10s,1495
SE5IhbDF,76,1/2-1/2,Black,<=5s vs 5-10s,2515
HxlDOKHg,85,1-0,White,<=5s vs <=5s,1648
89lczayU,55,1-0,White,<=5s vs 5-10s,1416
P1gaR79F,42,0-1,Black,<=5s vs 5-10s,933
41LLihIe,98,0-1,Black,<=5s vs 10-15s,1695
9Bym3dWg,58,0-1,Black,<=5s vs 15-20s,1628
scoDfbj8,58,0-1,Black,<=5s vs 15-20s,2151
JbYnHein,61,1-0,White,<=5s vs <=5s,1708
idLSzGJ6,79,1-0,White,<=5s vs 10-15s,1452
27IMBmEI,61,1-0,White,<=5s vs 10-15s,1285
3ERaBiqe,69,1-0,White,<=5s vs 10-15s,2226
lHuhP7J6,48,0-1,Black,<=5s vs 15-20s,2043
tFb3cv0i,67,0-1,White,<=5s vs <=5s,1404
2CCuXKVC,88,0-1,Black,<=5s vs <=5s,1686
wfzoT2Gt,66,0-1,Black,<=5s vs 5-10s,2337
8v3OJDrT,61,0-1,White,<=5s vs <=5s,2105
6XvkddPH,58,0-1,Black,<=5s vs 15-20s,1971
Tz04R47u,134,0-1,Black,<=5s vs 15-20s,2298
34QzPRhT,76,0-1,Black,<=5s vs 15-20s,1903
jWiz0VgZ,126,0-1,Black,<=5s vs 5-10s,2044
RY3rvsNY,61,1-0,White,<=5s vs 5-10s,2138
dEjGTTWF,65,1-0,White,<=5s vs 10-15s,2024
mIvd35q7,57,1-0,White,<=5s vs 15-20s,2169
Sin5y7VN,134,0-1,Black,<=5s vs <=5s,2332
HIBJIMIT,61,0-1,White,<=5s vs 10-15s,1613
vZga0N0j,64,0-1,Black,<=5s vs 15-20s,2166
q7h9s2Bn,108,0-1,Black,<=5s vs 5-10s,2410
yvfekK9e,55,1-0,White,<=5s vs 10-15s,1588
qHW4ktnM,65,1-0,White,<=5s vs 15-20s,1488
NxYuuGxe,85,1-0,White,<=5s vs 5-10s,2238
Hho6lAOQ,69,1-0,White,<=5s vs 10-15s,2090
mmuHNXsN,52,0-1,Black,<=5s vs 5-10s,1545
Lz6me6hR,104,0-1,Black,<=5s vs 5-10s,2166
syKKez3W,85,1-0,White,<=5s vs 15-20s,1773
6oFpGV8B,29,1-0,White,<=5s vs 15-20s,989
ifYam4zO,85,1-0,White,<=5s vs 5-10s,1801
NISTCrdb,93,1-0,White,<=5s vs 5-10s,1769
d7balmeH,80,0-1,Black,<=5s vs 15-20s,1969
z0QO9h3S,39,1-0,White,<=5s vs 10-15s,1209
MD34vAPg,118,0-1,Black,<=5s vs 10-15s,1697
P2l0Egew,79,0-1,White,<=5s vs 5-10s,1590
RziDrgxO,70,0-1,Black,<=5s vs 10-15s,1940
WHtnM4P2,123,1-0,White,<=5s vs 15-20s,2150
RNPGQrUt,67,0-1,White,<=5s vs <=5s,1316
YJLGMIbw,85,1-0,White,<=5s vs <=5s,1677
1MXVUstz,61,1-0,White,<=5s vs 10-15s,2226
fjtjMizv,63,1-0,White,<=5s vs 10-15s,2216
ndybuL8r,111,0-1,White,<=5s vs <=5s,1897
RfIBRvCU,96,0-1,Black,<=5s vs 10-15s,2945
HzXy5LTj,67,1-0,White,<=5s vs 5-10s,1858
h1jpG8dn,75,1-0,White,<=5s vs 15-20s,1851
gRV2rv9j,76,0-1,Black,<=5s vs 5-10s,2453
rPzg7Cut,47,1-0,White,<=5s vs 15-20s,1028
dodiFMn2,66,0-1,Black,<=5s vs 10-15s,1452
YovyTtsN,76,0-1,Black,<=5s vs 15-20s,2441
UyvqF2UV,76,0-1,Black,<=5s vs 5-10s,2445
CohCozKP,62,0-1,Black,<=5s vs <=5s,1880
xWg3emVS,64,0-1,Black,<=5s vs 10-15s,1579
ByG5uZOr,60,1-0,Black,<=5s vs 5-10s,1197
p4gi5316,73,1-0,White,<=5s vs 15-20s,1389
ZhRn0zs9,84,0-1,Black,<=5s vs 5-10s,1784
M7mW3YeR,89,1-0,White,<=5s vs 5-10s,2406
tdMzBeE2,46,0-1,Black,<=5s vs 10-15s,1439
HkeCt2Ze,69,1-0,White,<=5s vs 5-10s,1562
cPDLkfFD,88,0-1,Black,<=5s vs 15-20s,2097
P20EIRy7,81,0-1,White,<=5s vs 10-15s,1832
T1n3CrBR,69,1-0,White,<=5s vs 5-10s,1428
5CDTN5eA,78,0-1,Black,<=5s vs 10-15s,2226
k5dYg6AB,73,1-0,White,<=5s vs 15-20s,2312
GbIQucBw,93,1-0,White,<=5s vs 10-15s,2032
Sb9swg4s,74,0-1,Black,<=5s vs 15-20s,2190
e7goPpqa,26,1-0,Black,<=5s vs 10-15s,650
Sr7DelFW,42,0-1,Black,<=5s vs 10-15s,1775
uUCpi7Oo,77,1-0,White,<=5s vs 15-20s,1823
WBzBA4QB,65,1-0,White,<=5s vs 15-20s,1752
dB7b4Q4e,67,1-0,White,<=5s vs 5-10s,1095
24B6caYM,102,0-1,Black,<=5s vs 5-10s,1998
AAu6YSQ9,73,1-0,White,<=5s vs 5-10s,1120
8Xd71faI,62,0-1,Black,<=5s vs 10-15s,1530
JlJTTcQ8,53,0-1,White,<=5s vs 5-10s,1321
G5lFnlvz,81,1-0,White,<=5s vs 5-10s,1237
VoUn1gkk,57,1-0,White,<=5s vs 10-15s,2025
UGKXjbmy,49,1-0,White,<=5s vs 15-20s,932
yy7AGhbw,70,0-1,Black,<=5s vs 5-10s,1965
HRbiD3S5,74,0-1,Black,<=5s vs 10-15s,2119
MFPB3XhT,80,0-1,Black,<=5s vs 5-10s,1621
yvCCAgvC,98,1-0,Black,<=5s vs <=5s,1512
zdvF8ki4,87,1-0,White,<=5s vs 15-20s,2767
FxNLMUIH,57,1-0,White,<=5s vs 15-20s,1651
Deyv5xw6,95,1-0,White,<=5s vs 10-15s,2388
hejt45hC,66,1-0,Black,<=5s vs 5-10s,1894
9ULpu6tT,126,0-1,Black,<=5s vs <=5s,2142
WGAV3IFo,54,0-1,Black,<=5s vs <=5s,1051
K95GoJZJ,53,1-0,White,<=5s vs 5-10s,1430
lWX4chlH,90,1-0,Black,<=5s vs <=5s,1658
kFfPmQ72,51,1-0,White,<=5s vs 15-20s,1397
UNghNGFm,55,1-0,White,<=5s vs 5-10s,1350
EoC1mfsU,50,0-1,Black,<=5s vs 15-20s,1611
Tu8Fvlae,83,1-0,White,<=5s vs 5-10s,2003
BHS27TVm,67,1-0,White,<=5s vs 15-20s,1410
lM59iZ0E,83,1-0,White,<=5s vs 15-20s,1928
sOW08xQJ,111,0-1,White,<=5s vs <=5s,2271
851MRwip,85,1-0,White,<=5s vs 5-10s,2185
2I1tVAZr,85,1-0,White,<=5s vs 5-10s,1903
jiABALK9,66,0-1,Black,<=5s vs <=5s,1889
2xA3Xim3,45,0-1,White,<=5s vs 10-15s,1548
rqQ8xW7U,55,0-1,White,<=5s vs 10-15s,1061
TGOv40oB,38,0-1,Black,<=5s vs 5-10s,846
dHhw1Y5R,57,1-0,White,<=5s vs 10-15s,1428
FSUrqXjg,58,1-0,Black,<=5s vs <=5s,1661
NKQPFkbK,44,0-1,Black,<=5s vs 10-15s,904
GdPCrLDc,73,1-0,White,<=5s vs <=5s,2521
JqBcCr4C,59,1-0,White,<=5s vs 5-10s,1700
K8ylXEvC,81,1-0,White,<=5s vs <=5s,2408
ONc2pN5e,84,0-1,Black,<=5s vs <=5s,1839
3EKHK3nc,87,0-1,White,<=5s vs <=5s,1820
WramRh4T,185,1-0,White,<=5s vs 15-20s,1817
rHaKMmXx,136,0-1,Black,<=5s vs 5-10s,1879
H0L4EF5L,133,1/2-1/2,White,<=5s vs <=5s,2487
ZhE7dHUz,85,0-1,White,<=5s vs <=5s,1727
KoLgiBj9,52,0-1,Black,<=5s vs 10-15s,1248
cj1lA37Z,63,1-0,White,<=5s vs 5-10s,1094
J9wzghWT,51,1-0,White,<=5s vs 15-20s,1428
ATrxnDxu,82,0-1,Black,<=5s vs <=5s,2174
q46rRbr2,73,1-0,White,<=5s vs 10-15s,1572
wFjotOcA,63,1-0,White,<=5s vs 5-10s,1468
6ndqiNuu,63,1-0,White,<=5s vs 10-15s,2214
TJoQCXp2,69,1-0,White,<=5s vs <=5s,1806
XFSSYF6v,90,0-1,Black,<=5s vs 15-20s,2029
dlcGLnrH,89,1-0,White,<=5s vs 15-20s,2291
g7h3fa9A,145,1/2-1/2,White,<=5s vs 5-10s,2172
XRFmYzSM,72,0-1,Black,<=5s vs <=5s,2331
jDDsNxOC,73,1-0,White,<=5s vs 10-15s,1312
agnTjScZ,95,1-0,White,<=5s vs 10-15s,2468
hWvY1qs2,133,1-0,White,<=5s vs 15-20s,1955
dEHbxwHn,77,1-0,White,<=5s vs 5-10s,1415
EhzRwDmO,89,1-0,White,<=5s vs 10-15s,2107
LPi7M4B4,80,1-0,Black,<=5s vs <=5s,1864
A7Bmngz9,56,0-1,Black,<=5s vs 5-10s,1064
rEHfVYnE,73,1-0,White,<=5s vs 10-15s,1763
HRewLXWl,47,1-0,White,<=5s vs 10-15s,1464
bHGaULKZ,55,1-0,White,<=5s vs 10-15s,1040
ShlASOqz,70,0-1,Black,<=5s vs 10-15s,2258
wLmTS2wa,50,0-1,Black,<=5s vs 15-20s,972
VdDn1lT8,88,1/2-1/2,Black,<=5s vs 15-20s,1918
DR9LrLNt,108,1/2-1/2,Black,<=5s vs 10-15s,2077
NQ82zGze,93,1-0,White,<=5s vs 5-10s,2103
653MJuNL,96,1-0,Black,<=5s vs 5-10s,2103
Z1gb2TUx,88,1-0,Black,<=5s vs 10-15s,1743
L1n9KEes,94,0-1,Black,<=5s vs 5-10s,1282
o6vDgM15,69,1-0,White,<=5s vs 15-20s,1810
09HjFFGv,71,1-0,White,<=5s vs 5-10s,1807
mg6qRz6V,54,0-1,Black,<=5s vs 15-20s,1557
BPTkebuf,69,1-0,White,<=5s vs 15-20s,1448
9oc6zjK4,88,0-1,Black,<=5s vs 10-15s,2164
YVzCcBH4,62,0-1,Black,<=5s vs <=5s,678
NwJj5rFV,69,1-0,White,<=5s vs 10-15s,2371
SBQzmFYc,91,1-0,White,<=5s vs 5-10s,2226
wQG2o778,70,0-1,Black,<=5s vs 10-15s,1643
IZiz5iIH,52,0-1,Black,<=5s vs 15-20s,1633
ioScP7ZM,62,0-1,Black,<=5s vs <=5s,1564
0EDsGYQv,70,0-1,Black,<=5s vs 15-20s,1533
4bZxQAQX,54,0-1,Black,<=5s vs 15-20s,1741
rjgdWVOi,100,1-0,Black,<=5s vs 15-20s,2184
8ja6PW2T,91,1-0,White,<=5s vs 5-10s,1584
jArlHukn,57,1-0,White,<=5s vs 10-15s,1286
255NrqVL,74,0-1,Black,<=5s vs <=5s,1915
DwXtYRiN,46,0-1,Black,<=5s vs 5-10s,1233
G5DIfNPt,69,1-0,White,<=5s vs 5-10s,2308
ew85HjLF,56,0-1,Black,<=5s vs 5-10s,1718
6bq6p2UX,82,1/2-1/2,Black,<=5s vs 5-10s,2845
SO8K5XDW,89,1-0,White,<=5s vs 10-15s,1816
O1nRanBw,102,0-1,Black,<=5s vs 5-10s,1821
HPyYAOAX,128,0-1,Black,<=5s vs 15-20s,2334
cT4kckxz,69,1-0,White,<=5s vs 5-10s,1229
AslIO0Tl,77,1-0,White,<=5s vs 10-15s,1970
QwRg5rJz,121,1-0,White,<=5s vs <=5s,2338
igKZ9Fix,68,1-0,Black,<=5s vs <=5s,1921
27j1ebwB,55,1-0,White,<=5s vs 15-20s,1338
VhhWpWOa,71,1-0,White,<=5s vs 15-20s,2095
7W3L5lUO,73,1-0,White,<=5s vs 10-15s,1729
BxTM8Pmj,75,1-0,White,<=5s vs 15-20s,1769
tpZXji70,98,1/2-1/2,Black,<=5s vs 5-10s,1840
CQSgEiTa,43,1-0,White,<=5s vs 15-20s,1139
ZhmLWZlA,40,0-1,Black,<=5s vs 10-15s,1236
IYGFAfA0,75,1-0,White,<=5s vs 10-15s,2344
JkKpzpnv,70,0-1,Black,<=5s vs 5-10s,2314
QXcQz6a0,97,1-0,White,<=5s vs 15-20s,1945
kJlUs1jP,98,0-1,Black,<=5s vs 15-20s,2648
7bQ7gFUn,59,0-1,White,<=5s vs <=5s,2793
rWUzl8DU,95,1-0,White,<=5s vs 15-20s,2347
pz0RZgak,78,0-1,Black,<=5s vs 5-10s,1318
E2KbDyUU,78,0-1,Black,<=5s vs 15-20s,1881
q5kUuTvx,65,1-0,White,<=5s vs <=5s,2136
NNsVrJSR,89,1-0,White,<=5s vs 10-15s,1876
KfkIp81I,82,0-1,Black,<=5s vs 5-10s,2160
vnjyPpZC,140,1/2-1/2,Black,<=5s vs 15-20s,2475
tsrCbf43,70,0-1,Black,<=5s vs 5-10s,1689
91ngqVkl,80,1-0,Black,<=5s vs <=5s,1191
3lDyU3el,68,0-1,Black,<=5s vs 5-10s,1761
muCGGMN8,75,1-0,White,<=5s vs 10-15s,2423
gOt36g9O,70,0-1,Black,<=5s vs 5-10s,1440
Vg1zxDuD,73,1-0,White,<=5s vs 5-10s,2438
Gbm769C1,82,1-0,Black,<=5s vs <=5s,1319
TPTA2Ky0,53,1-0,White,<=5s vs 10-15s,2336
l1pX3UyS,83,1/2-1/2,White,<=5s vs 5-10s,2689
VC8yC5yG,44,0-1,Black,<=5s vs 15-20s,1055
NBJSF8Yd,86,1-0,Black,<=5s vs 5-10s,2011
3qIhKaae,69,1-0,White,<=5s vs 15-20s,2158
oVVIxs0n,115,1-0,White,<=5s vs 5-10s,2581
aqCbypUy,81,0-1,White,<=5s vs 5-10s,2082
WrNjKo2p,90,0-1,Black,<=5s vs 15-20s,2560
oL7EuZhz,58,0-1,Black,<=5s vs 10-15s,1172
0e1HN0MQ,67,1-0,White,<=5s vs 15-20s,2430
ePnvK5Vd,48,0-1,Black,<=5s vs 10-15s,1074
uTrp1iG5,69,0-1,White,<=5s vs 5-10s,1720
Afk82i3V,121,1-0,White,<=5s vs 10-15s,2339
joNy4x71,69,1-0,White,<=5s vs 10-15s,2122
vWTYUMRy,73,0-1,White,<=5s vs 5-10s,1529
lRkwV7N6,88,1-0,Black,<=5s vs 5-10s,2309
OfWo6WkL,76,0-1,Black,<=5s vs 10-15s,1857
Zhmc7SBE,75,1-0,White,<=5s vs 5-10s,1522
BvjH6d4O,124,0-1,Black,<=5s vs <=5s,2239
XKFF4pSf,92,0-1,Black,<=5s vs 15-20s,1908
wG2cUg89,87,1-0,White,<=5s vs 5-10s,2478
IOnga572,82,0-1,Black,<=5s vs <=5s,2135
jNeuneab,70,0-1,Black,<=5s vs 5-10s,1500
qPpLtMd5,70,0-1,Black,<=5s vs 5-10s,2030
HaYm4KsA,50,0-1,Black,<=5s vs 15-20s,1102
0g8uYZMH,146,0-1,Black,<=5s vs 15-20s,2466
RrSIsgeM,93,0-1,White,<=5s vs <=5s,2508
HSAWylej,63,1-0,White,<=5s vs 15-20s,1743
CqdBPdG3,97,1/2-1/2,White,<=5s vs 15-20s,1993
pZKZqPu6,45,1-0,White,<=5s vs 10-15s,1343
Rg4doa03,71,1-0,White,<=5s vs 10-15s,2598
eKBXqMRl,58,0-1,Black,<=5s vs 15-20s,1537
NC3YGvVn,107,1/2-1/2,White,<=5s vs 5-10s,2333
oVXqzBVr,76,0-1,Black,<=5s vs 15-20s,2380
rw8A1VAL,64,1-0,Black,<=5s vs 5-10s,1542
21vJKG7N,59,1-0,White,<=5s vs 15-20s,1213
YHrx0prO,74,0-1,Black,<=5s vs 10-15s,2236
MagrVJHZ,68,0-1,Black,<=5s vs 15-20s,2057
496KA1DB,76,1-0,Black,<=5s vs <=5s,2133
TpbdpMMk,57,1-0,White,<=5s vs 15-20s,1259
eo7VEMGK,57,1-0,White,<=5s vs 10-15s,1865
myD6aLsR,135,1-0,White,<=5s vs 5-10s,1813
yALu6keY,96,0-1,Black,<=5s vs 15-20s,1676
raTb6uKc,48,0-1,Black,<=5s vs 15-20s,1227
Wk7k4lj9,62,0-1,Black,<=5s vs 5-10s,1923
TuJ3Ouz7,74,0-1,Black,<=5s vs 10-15s,2757
rqeTtPKM,62,0-1,Black,<=5s vs 15-20s,1546
qaguVgbZ,116,0-1,Black,<=5s vs 5-10s,2520
XAH6UThK,147,0-1,White,<=5s vs 10-15s,2016
HlP8sKF6,54,0-1,Black,<=5s vs 10-15s,1951
MFHgNXCv,76,1-0,Black,<=5s vs <=5s,1681
PSL57vBV,50,0-1,Black,<=5s vs 15-20s,1493
nuzLc4CX,90,0-1,Black,<=5s vs 15-20s,2227
SIjbvcLg,85,1-0,White,<=5s vs 15-20s,2332
bdObSNMO,115,1-0,White,<=5s vs 5-10s,2019
bKqVzYvV,78,0-1,Black,<=5s vs 10-15s,2322
UzdD9GhB,82,0-1,Black,<=5s vs 5-10s,2357
3F6RUB8E,56,0-1,Black,<=5s vs 5-10s,1826
aCScY3po,76,0-1,Black,<=5s vs 15-20s,2020
LKjsWfDV,38,0-1,Black,<=5s vs 5-10s,848
Qn42L1CR,63,0-1,White,<=5s vs 10-15s,1715
te2ax01d,73,1-0,White,<=5s vs 5-10s,2374
aCqkeUjt,87,1-0,White,<=5s vs 10-15s,2288
AtfW2rHu,73,1-0,White,<=5s vs 5-10s,2516
sFK7kxOQ,48,0-1,Black,<=5s vs 5-10s,1254
KPY1LtHC,99,1-0,White,<=5s vs 5-10s,2104
HhCF06Zc,86,0-1,Black,<=5s vs <=5s,941
371llfSZ,53,1-0,White,<=5s vs 5-10s,2145
s6qKFlJC,127,0-1,White,<=5s vs <=5s,2428
KDiac7xA,59,1-0,White,<=5s vs 10-15s,1161
UN7kpsqt,68,0-1,Black,<=5s vs 15-20s,2471
EisjTS8Y,57,0-1,White,<=5s vs 5-10s,1007
84WE0JRi,51,1-0,White,<=5s vs 15-20s,1166
VeIzMvPT,69,1-0,White,<=5s vs 15-20s,2131
b3lw3u2o,71,1-0,White,<=5s vs 5-10s,1843
ehkMVRX5,120,1/2-1/2,Black,<=5s vs <=5s,2644
iJ9IKX8p,58,0-1,Black,<=5s vs 15-20s,1795
aSkpl1Lr,84,0-1,Black,<=5s vs 10-15s,2111
0beS37Gy,60,0-1,Black,<=5s vs 5-10s,1375
d6I8mUeH,39,1-0,White,<=5s vs 15-20s,1746
6JKII1S3,60,0-1,Black,<=5s vs 15-20s,1703
MZ3rWGKF,61,1-0,White,<=5s vs 5-10s,2150
HxAXGrQ4,99,1-0,White,<=5s vs 5-10s,2282
8SCjYIkm,95,1-0,White,<=5s vs 10-15s,2678
rLmu8vVm,77,1-0,White,<=5s vs 5-10s,1557
VKzBDixq,56,0-1,Black,<=5s vs 10-15s,1370
jfMQbz6L,58,0-1,Black,<=5s vs 15-20s,2129
rFG9NLNP,76,1-0,Black,<=5s vs 5-10s,2500
NYDsBTds,66,0-1,Black,<=5s vs 10-15s,1792
AGXBHcuE,70,0-1,Black,<=5s vs 5-10s,2066
FnRjyjj8,65,1-0,White,<=5s vs 10-15s,2104
j3p8IZK3,68,0-1,Black,<=5s vs 5-10s,2290
IIp1DWh3,60,0-1,Black,<=5s vs 15-20s,1755
1HHCdvUz,72,0-1,Black,<=5s vs 5-10s,2340
bwRG9cGY,51,1-0,White,<=5s vs 15-20s,1345
rTMTDd5f,72,0-1,Black,<=5s vs 15-20s,2063
KuXBseHZ,63,1-0,White,<=5s vs 15-20s,1865
O0ulgX5V,79,1-0,White,<=5s vs <=5s,1959
OmI1XgTb,62,0-1,Black,<=5s vs 5-10s,1475
fR2qyk2Y,109,1/2-1/2,White,<=5s vs 5-10s,2767
k4tVQH6n,67,0-1,White,<=5s vs 10-15s,1754
GVLYlhKW,87,0-1,White,<=5s vs <=5s,2485
E7WWzKH4,55,1-0,White,<=5s vs 15-20s,1035
Jq7vsFxj,30,0-1,Black,<=5s vs 5-10s,940
YA8qgbsf,69,1-0,White,<=5s vs <=5s,1363
JNDuNqQO,72,0-1,Black,<=5s vs <=5s,1748
5MmPzBdK,76,0-1,Black,<=5s vs <=5s,1299
YkFwgw7o,47,1-0,White,<=5s vs 5-10s,1199
o1rYzzFf,54,1-0,Black,<=5s vs <=5s,1128
jl3pj3Ik,114,0-1,Black,<=5s vs 5-10s,2191
z1x0aXjc,35,1-0,White,<=5s vs 15-20s,1234
shSmkva7,72,0-1,Black,<=5s vs 10-15s,1892
dmOZWc8R,141,0-1,White,<=5s vs 5-10s,1755
l4CQoKSp,106,0-1,Black,<=5s vs <=5s,2492
lDBh8V0M,85,1-0,White,<=5s vs 15-20s,1707
RZywE5CZ,72,0-1,Black,<=5s vs 10-15s,1926
xAlllLw3,58,0-1,Black,<=5s vs 15-20s,1531
6pDlaIiu,99,1-0,White,<=5s vs 5-10s,2560
Ex3ziTX7,74,0-1,Black,<=5s vs 10-15s,2549
hGbmS2L8,91,1-0,White,<=5s vs <=5s,1856
6J3lbdPd,65,1-0,White,<=5s vs 10-15s,2639
LXHzzOhq,62,0-1,Black,<=5s vs <=5s,1082
Ax8L46lm,70,0-1,Black,<=5s vs 10-15s,1862
JVq9uX9c,85,1-0,White,<=5s vs 5-10s,2177
J09t1EEY,74,1-0,Black,<=5s vs 10-15s,2156
VPz2FFZU,64,0-1,Black,<=5s vs 5-10s,2096
wvP5pajt,73,1-0,White,<=5s vs 10-15s,1910
NYBvKQSK,69,1/2-1/2,White,<=5s vs 10-15s,2346
YOGVFq6I,139,0-1,White,<=5s vs <=5s,2651
GFa0NClr,61,0-1,White,<=5s vs 5-10s,1326
R1Sp0cN3,56,0-1,Black,<=5s vs 5-10s,1883
A4NbUUUJ,60,0-1,Black,<=5s vs 5-10s,1618
th1FK168,48,0-1,Black,<=5s vs 15-20s,1404
sRWY9P0g,53,1-0,White,<=5s vs 10-15s,2066
FQ4hT4ie,55,1-0,White,<=5s vs 10-15s,1582
Ok0Pfp0y,71,1/2-1/2,White,<=5s vs 15-20s,1750
3ImDj4mn,60,1/2-1/2,Black,<=5s vs <=5s,1087
bV2Yai7o,52,0-1,Black,<=5s vs 5-10s,2178
tWQtEh3x,82,0-1,Black,<=5s vs 15-20s,2049
waHxKM3j,92,1-0,Black,<=5s vs <=5s,2576
HYLCodKr,35,0-1,White,<=5s vs 5-10s,1087
AIZpnxjQ,80,1-0,Black,<=5s vs 5-10s,1605
5q3P2rnM,49,0-1,White,<=5s vs 5-10s,1158
FsEWp7Cn,75,1-0,White,<=5s vs 5-10s,1923
kDN0G9a3,85,1-0,White,<=5s vs <=5s,1582
667d8iXe,48,0-1,Black,<=5s vs 10-15s,1068
SFdooGf7,77,1-0,White,<=5s vs 15-20s,1683
lTdfQYq8,55,0-1,White,<=5s vs 10-15s,1526
1qLjSHy4,99,1-0,White,<=5s vs 5-10s,2605
l2VE7E3n,46,0-1,Black,<=5s vs 15-20s,1767
OygALz0d,114,1-0,Black,<=5s vs <=5s,2245
ZoxJzOwu,56,0-1,Black,<=5s vs 15-20s,1793
dxNgJwqe,86,0-1,Black,<=5s vs 5-10s,2479
5N65qvwt,107,0-1,White,<=5s vs <=5s,2458
ihZovWAf,73,1-0,White,<=5s vs 5-10s,1287
kijrlsjt,62,0-1,Black,<=5s vs 5-10s,1544
cq1qKBVF,60,0-1,Black,<=5s vs 15-20s,2154
7a13W49Z,67,1-0,White,<=5s vs 15-20s,1667
mhPGBv3m,60,1-0,Black,<=5s vs 5-10s,1752
tylH9ZZe,96,0-1,Black,<=5s vs 5-10s,2515
U20xdWNS,67,1-0,White,<=5s vs 5-10s,1824
00pOgrFn,62,0-1,Black,<=5s vs <=5s,1502
cEa9wawK,53,1-0,White,<=5s vs 10-15s,979
MO2xVQ2I,77,1-0,White,<=5s vs 5-10s,1797
7mvaykPy,147,1-0,White,<=5s vs 5-10s,2160
pu1DH26L,85,1-0,White,<=5s vs 5-10s,1349
hCzUuy5L,82,1-0,Black,<=5s vs <=5s,2072
1ruwXKsj,111,1-0,White,<=5s vs 5-10s,1585
02BLEWzY,113,1-0,White,<=5s vs 5-10s,2075
t4DMbyze,100,1-0,Black,<=5s vs 15-20s,1871
dch059L2,72,0-1,Black,<=5s vs 15-20s,1739
C11PD2OB,65,1-0,White,<=5s vs 10-15s,2277
6u8gPCkv,124,1/2-1/2,Black,<=5s vs <=5s,2073
ouFI2Rhy,85,1-0,White,<=5s vs <=5s,1332
VJFriEQU,63,1-0,White,<=5s vs 15-20s,1478
xgO1Ua52,59,1-0,White,<=5s vs 10-15s,2022
NNuaDNEX,75,1-0,White,<=5s vs 15-20s,2391
zCCgk2pu,68,0-1,Black,<=5s vs 5-10s,2217
fQkgMayx,87,1-0,White,<=5s vs 15-20s,1507
n2UR6yhM,75,1-0,White,<=5s vs 5-10s,1382
nyNazJdQ,66,0-1,Black,<=5s vs 10-15s,1445
Q2tcvW5H,61,1-0,White,<=5s vs 15-20s,1990
OwrJiYJo,62,0-1,Black,<=5s vs 15-20s,1805
waHsuoSA,81,1-0,White,<=5s vs 5-10s,1728
NdbEg49X,102,0-1,Black,<=5s vs 5-10s,2590
K9EkcNMN,36,0-1,Black,<=5s vs 5-10s,1695
HPvxoba7,45,1-0,White,<=5s vs 5-10s,1044
LuKZeqZA,66,0-1,Black,<=5s vs 15-20s,2084
oolVpSFr,95,1-0,White,<=5s vs 5-10s,1761
AFlZUWil,106,0-1,Black,<=5s vs 5-10s,2196
oMmieI6j,77,0-1,White,<=5s vs <=5s,2077
aIuis2Gt,54,1-0,Black,<=5s vs <=5s,1671
M5dtLA6k,121,1-0,White,<=5s vs 5-10s,2514
zSXtd2aT,52,0-1,Black,<=5s vs <=5s,1327
d3N0BZXZ,52,0-1,Black,<=5s vs 15-20s,1209
Vp8xyhsb,59,0-1,White,<=5s vs <=5s,945
g9SDtvFo,69,1-0,White,<=5s vs 10-15s,1649
PvfQTTR2,75,0-1,White,<=5s vs 10-15s,1774
LDaOFuB6,107,1-0,White,<=5s vs 5-10s,1792
MXEKLg64,74,0-1,Black,<=5s vs <=5s,1387
9wlJEWYT,75,1-0,White,<=5s vs 5-10s,2025
prgpaaLs,86,0-1,Black,<=5s vs 5-10s,1757
Vd7K5Fqz,75,1-0,White,<=5s vs 10-15s,1696
Lq3Yj2gu,51,1-0,White,<=5s vs 15-20s,1381
O1YEHQx4,81,0-1,White,<=5s vs 10-15s,2654
4trVzMVw,59,0-1,White,<=5s vs <=5s,2428
KpSlZoLj,70,1-0,Black,<=5s vs 5-10s,2338
c5FLNUVR,40,0-1,Black,<=5s vs 15-20s,1154
j52ZvS6f,38,0-1,Black,<=5s vs 15-20s,1320
7opiP6AX,63,0-1,White,<=5s vs 5-10s,1904
Ju8bz6FS,55,1-0,White,<=5s vs 15-20s,1667
RA2vn4Yb,76,0-1,Black,<=5s vs 5-10s,1943
AZhAhtxN,119,1-0,White,<=5s vs 10-15s,2521
PwX0c58b,97,1-0,White,<=5s vs 10-15s,1920
8UTrCnSv,58,0-1,Black,<=5s vs 10-15s,1870
7Sd2t0NG,58,1-0,Black,<=5s vs 10-15s,2292
f5zhKpMJ,74,0-1,Black,<=5s vs 10-15s,1031
TgS5hFhY,71,1-0,White,<=5s vs 5-10s,1192
jXCUChC6,100,1/2-1/2,Black,<=5s vs 5-10s,2542
X0s2cbIF,52,0-1,Black,<=5s vs 5-10s,1985
uSown0JF,63,1-0,White,<=5s vs 10-15s,1564
6SrjuYHr,75,0-1,White,<=5s vs 10-15s,2180
QnGhztHc,116,0-1,Black,<=5s vs 15-20s,2091
Fc2xLHfR,112,0-1,Black,<=5s vs 5-10s,2392
v0Yeml6B,57,1-0,White,<=5s vs 5-10s,2082
BmT1QQqw,43,1-0,White,<=5s vs 15-20s,1340
P0qqdEUR,65,1-0,White,<=5s vs 5-10s,1336
HVkumPXr,70,0-1,Black,<=5s vs 15-20s,2437
ZdnRd0Pm,120,1-0,Black,<=5s vs 5-10s,2756
2EHH89s5,112,1/2-1/2,Black,<=5s vs 15-20s,1918
XJ1LaBQz,42,0-1,Black,<=5s vs 15-20s,1473
YaXIQMxf,79,1-0,White,<=5s vs 5-10s,1711
vbrFs2v5,58,0-1,Black,<=5s vs 10-15s,1179
9Ri8FYRK,69,1-0,White,<=5s vs 10-15s,1854
rPIvzTcQ,54,0-1,Black,<=5s vs 15-20s,1020
cwCXDaqi,52,0-1,Black,<=5s vs <=5s,1259
MytXX1or,42,0-1,Black,<=5s vs 5-10s,1052
eVJSUNix,112,1-0,Black,<=5s vs 5-10s,1138
15b4shIf,83,1-0,White,<=5s vs 15-20s,2351
gxy3HGBO,74,1-0,Black,<=5s vs 5-10s,1687
5MvTwpTa,89,1-0,White,<=5s vs 5-10s,1931
j91DferK,91,1-0,White,<=5s vs <=5s,1150
MasGtWRE,73,1-0,White,<=5s vs 15-20s,845
QbkKvpT8,91,1-0,White,<=5s vs 10-15s,1775
nv2mBAnc,72,0-1,Black,<=5s vs 5-10s,1723
fua3eDos,95,1-0,White,<=5s vs 10-15s,1267
MgUc9yEy,64,0-1,Black,<=5s vs 15-20s,1197
MAdJomKx,64,0-1,Black,<=5s vs 5-10s,1676
Lj6wIvDK,67,1-0,White,<=5s vs 15-20s,1847
2GHR1sPA,60,0-1,Black,<=5s vs 5-10s,1546
z4Badnng,81,1-0,White,<=5s vs 15-20s,1960
l1TkHhAU,55,0-1,White,<=5s vs <=5s,1094
jMfQQYSV,63,1-0,White,<=5s vs 10-15s,1846
jqYEEVEq,37,1-0,White,<=5s vs 15-20s,807
MuZTDn5D,77,1-0,White,<=5s vs 15-20s,2462
OEY4I5D8,97,1-0,White,<=5s vs 5-10s,1687
fujiMoDb,52,0-1,Black,<=5s vs 5-10s,1106
MjGZzTdm,68,1-0,Black,<=5s vs 5-10s,2863
SDaKxrdI,64,1-0,Black,<=5s vs 5-10s,1621
SLY2SgGT,62,0-1,Black,<=5s vs 5-10s,2225
VAdAgH0m,118,0-1,Black,<=5s vs <=5s,2086
kN54qU82,42,0-1,Black,<=5s vs 15-20s,1146
sHGOvkJp,43,1-0,White,<=5s vs 15-20s,1215
CLG0von0,75,1-0,White,<=5s vs 15-20s,1429
34fHJiMV,98,0-1,Black,<=5s vs 10-15s,1991
Ao0nZ33o,94,0-1,Black,<=5s vs 10-15s,2134
CTAGREJk,41,1-0,White,<=5s vs 15-20s,841
xHPmiPhh,63,1-0,White,<=5s vs 15-20s,1765
okGkjufB,145,1-0,White,<=5s vs 5-10s,1617
QsuUENrI,75,1-0,White,<=5s vs 10-15s,2266
SGE3g2FZ,66,0-1,Black,<=5s vs 10-15s,1523
K5kjqqVc,54,0-1,Black,<=5s vs 5-10s,1057
EqFiw8KO,56,0-1,Black,<=5s vs <=5s,1091
URNAhkgt,60,0-1,Black,<=5s vs 5-10s,1539
9dBd39b9,77,1-0,White,<=5s vs 5-10s,2177
uwjXK4Qg,52,0-1,Black,<=5s vs 5-10s,1013
HeFbpx8F,72,0-1,Black,<=5s vs <=5s,1292
NtvL7grb,92,1/2-1/2,Black,<=5s vs 5-10s,2360
RbCeAvy5,56,0-1,Black,<=5s vs 5-10s,958
JBiEnVyO,47,1-0,White,<=5s vs <=5s,976
D1wN3HaV,57,1-0,White,<=5s vs 15-20s,1011
ZmJM3Gf6,56,0-1,Black,<=5s vs 10-15s,1361
ZpCGc4aL,49,1-0,White,<=5s vs 10-15s,1389
FRAdJTES,82,1-0,Black,<=5s vs <=5s,1737
PzcQqlWN,78,0-1,Black,<=5s vs 5-10s,2250
xW3ctuCi,106,0-1,Black,<=5s vs 10-15s,2610
50npzGfy,73,1-0,White,<=5s vs 10-15s,2413
JbwWqrd6,64,0-1,Black,<=5s vs 15-20s,1727
NTfQYipE,69,1-0,White,<=5s vs 10-15s,1530
RCKq86aJ,107,1-0,White,<=5s vs 5-10s,2728
VviyfMpc,78,0-1,Black,<=5s vs 5-10s,1776
pyqlBjem,81,1-0,White,<=5s vs 5-10s,2354
i1to7jXI,79,0-1,White,<=5s vs <=5s,2337
N9J7AVNw,77,1-0,White,<=5s vs 15-20s,1623
1AyL9YKu,51,0-1,White,<=5s vs 5-10s,904
J6ZmSrXS,47,1-0,White,<=5s vs 15-20s,1027
NYsZCBnp,104,1/2-1/2,Black,<=5s vs 5-10s,2245
2OV59O5O,101,1-0,White,<=5s vs 5-10s,2598
CETd2kzs,44,1-0,Black,<=5s vs <=5s,1905
bq0SeQRK,50,0-1,Black,<=5s vs 10-15s,1850
Gwt5N9Lv,114,0-1,Black,<=5s vs 15-20s,2631
kvNNtv8n,87,0-1,White,<=5s vs <=5s,1859
Pci2wMzC,70,0-1,Black,<=5s vs 10-15s,1792
45COjTid,110,0-1,Black,<=5s vs 5-10s,1899
zAKG5qtD,48,0-1,Black,<=5s vs 15-20s,1229
XMmmChCG,83,0-1,White,<=5s vs 5-10s,1311
PvCpnFEa,67,1-0,White,<=5s vs 10-15s,2363
GJmXF3pb,79,0-1,White,<=5s vs <=5s,1516
9zTS0DJT,140,1/2-1/2,Black,<=5s vs 5-10s,2162
wooawExw,48,0-1,Black,<=5s vs 15-20s,1000
ZrDZYSSW,74,0-1,Black,<=5s vs 10-15s,2136
3HtlcLIp,58,0-1,Black,<=5s vs 10-15s,2271
A0Xs8mn1,77,1-0,White,<=5s vs 15-20s,1845
nEai1xA1,68,1-0,Black,<=5s vs 5-10s,1673
rgizIcSB,72,0-1,Black,<=5s vs 5-10s,1614
MSqcEPCM,55,1-0,White,<=5s vs 15-20s,2048
BppM0toP,58,0-1,Black,<=5s vs 5-10s,1130
ZAZaaNF5,67,1-0,White,<=5s vs 5-10s,1969
D8h27sH8,73,1-0,White,<=5s vs 10-15s,1770
ajO3y8CZ,75,1-0,White,<=5s vs 5-10s,2029
ERy76v8Z,109,0-1,White,<=5s vs <=5s,2324
O53gw6f0,88,0-1,Black,<=5s vs 15-20s,2069
v49ZI9Sw,89,1-0,White,<=5s vs 5-10s,2330
ldG1tau9,37,1-0,White,<=5s vs 15-20s,902
zSuLVdPy,70,0-1,Black,<=5s vs 10-15s,1868
Zlo0KkCv,80,0-1,Black,<=5s vs 10-15s,1998
8oJcDXVZ,88,1-0,Black,<=5s vs <=5s,1893
JKMoxWW8,88,0-1,Black,<=5s vs <=5s,2360
acLp1ADG,96,1-0,Black,<=5s vs 5-10s,2581
m673xFQW,73,0-1,White,<=5s vs 5-10s,2633
AQpCSCzQ,57,1-0,White,<=5s vs 5-10s,1222
QlwYhwZk,57,1-0,White,<=5s vs 15-20s,1472
r9RuxzSE,69,1-0,White,<=5s vs 5-10s,1080
cJQxGVuo,63,1-0,White,<=5s vs 10-15s,1739
EclEzqwD,48,0-1,Black,<=5s vs <=5s,1371
tvL4B1Q9,96,1/2-1/2,Black,<=5s vs 10-15s,2177
MTcbeP3x,53,1-0,White,<=5s vs 15-20s,1482
AsXjumk5,73,1-0,White,<=5s vs 5-10s,1236
hTlyUZED,56,0-1,Black,<=5s vs 10-15s,1912
orPShpjI,127,1-0,White,<=5s vs 5-10s,2133
ZMlmeSbt,79,0-1,White,<=5s vs 10-15s,2369
a2TWbrt5,77,0-1,White,<=5s vs 5-10s,2110
zh0aKRUq,121,1-0,White,<=5s vs 15-20s,2120
LTF07Cc5,95,1-0,White,<=5s vs 5-10s,2326
tD6rm3pz,59,1-0,White,<=5s vs 15-20s,1748
Hwe68pGJ,52,1-0,Black,<=5s vs 5-10s,1686
EFUGp81Z,120,1/2-1/2,Black,<=5s vs 5-10s,2062
lHGxdoQS,58,0-1,Black,<=5s vs 5-10s,1164
azxaxwOv,115,1-0,White,<=5s vs 15-20s,1963
3BmPBlZ0,42,0-1,Black,<=5s vs 15-20s,1232
SIsQRkjm,107,1-0,White,<=5s vs 15-20s,2008
9O5ISkWh,64,0-1,Black,<=5s vs 15-20s,1671
PaxefNp6,107,1-0,White,<=5s vs 15-20s,2103
cmZ7THPl,55,1-0,White,<=5s vs 15-20s,1120
GJ6fsdWH,66,1/2-1/2,Black,<=5s vs 5-10s,1704
KJcBC0ei,67,1-0,White,<=5s vs <=5s,1098
KKOAAAB6,104,0-1,Black,<=5s vs 10-15s,2017
BXuGepKa,41,1-0,White,<=5s vs 10-15s,1482
c6QoWmBq,72,0-1,Black,<=5s vs 5-10s,2394
Po5bVl8D,76,0-1,Black,<=5s vs <=5s,2490
Ch5I002k,68,0-1,Black,<=5s vs 10-15s,1619
dLZJnNXP,42,1-0,Black,<=5s vs <=5s,921
JG69FOL9,92,0-1,Black,<=5s vs 5-10s,1921
eq3DTQpY,104,1-0,Black,<=5s vs <=5s,2433
3ucZGunB,60,0-1,Black,<=5s vs 15-20s,1026
EEE58DJ9,60,0-1,Black,<=5s vs 10-15s,1385
i8ceyx3K,123,1-0,White,<=5s vs 10-15s,2154
IuX1IqrE,94,0-1,Black,<=5s vs 5-10s,2388
YHnJ0e1Q,65,1-0,White,<=5s vs 10-15s,1919
GFPwxXV4,56,0-1,Black,<=5s vs 10-15s,1744
FGhOVBqv,69,0-1,White,<=5s vs 5-10s,1507
Ug1MI2J9,59,1-0,White,<=5s vs 5-10s,1499
ZugIXxGm,48,0-1,Black,<=5s vs 15-20s,1293
ynutLOC5,51,1-0,White,<=5s vs 15-20s,1350
ISiHOUzM,69,0-1,White,<=5s vs <=5s,1938
6VzjOLp5,92,1/2-1/2,Black,<=5s vs 10-15s,1952
YMeeOo62,120,1/2-1/2,Black,<=5s vs 5-10s,2476
hBcMVMh1,108,1-0,Black,<=5s vs 5-10s,2427
jC4624S5,80,0-1,Black,<=5s vs 10-15s,1925
WMyRD5rh,68,0-1,Black,<=5s vs 5-10s,1803
OHxGdazn,41,1-0,White,<=5s vs 10-15s,925
BMFwq8H1,55,0-1,White,<=5s vs 5-10s,1346
ZbnuRpGs,61,1-0,White,<=5s vs <=5s,1375
Rxs7aGYD,44,1-0,Black,<=5s vs 10-15s,1599
dJZHrKZB,41,1-0,White,<=5s vs 5-10s,1505
UjnKxCf0,72,0-1,Black,<=5s vs 10-15s,2198
WuYx5ta8,79,0-1,White,<=5s vs 5-10s,1994
Irsp8zR1,132,0-1,Black,<=5s vs 5-10s,2070
THtLu5Ft,66,0-1,Black,<=5s vs 10-15s,1157
J6GcUpfu,62,0-1,Black,<=5s vs 10-15s,2190
MLCxZ7QX,44,0-1,Black,<=5s vs 5-10s,1399
0UdbUerb,94,0-1,Black,<=5s vs 5-10s,1531
j3yyKzLg,113,1/2-1/2,White,<=5s vs 15-20s,2553
MfQFVkvu,80,0-1,Black,<=5s vs 15-20s,2273
ACjI2QxK,72,0-1,Black,<=5s vs <=5s,2351
W8M39Juf,122,1-0,Black,<=5s vs <=5s,2164
SzOu8vET,99,1-0,White,<=5s vs 10-15s,1973
4HTHkMJT,82,1-0,Black,<=5s vs 15-20s,1674
pAQYJwqL,82,0-1,Black,<=5s vs 15-20s,2017
dkxxmjQ2,54,0-1,Black,<=5s vs 5-10s,1719
jptRPoVV,70,0-1,Black,<=5s vs 10-15s,1605
QIPU3Ggz,79,1-0,White,<=5s vs 10-15s,1871
rpobnQ3B,92,0-1,Black,<=5s vs 15-20s,2204
LqOo6EQe,63,0-1,White,<=5s vs 5-10s,1840
Ye2i31Q3,75,1/2-1/2,White,<=5s vs 5-10s,2263
g8pUt3qB,87,1-0,White,<=5s vs 15-20s,2944
KaAHYPhd,72,0-1,Black,<=5s vs 5-10s,1455
iYhmL0qV,63,1-0,White,<=5s vs <=5s,1815
mLCJyPbw,89,1-0,White,<=5s vs 15-20s,2295
FQWIbVAL,58,0-1,Black,<=5s vs <=5s,1510
t7u2g1fG,78,1-0,Black,<=5s vs <=5s,2474
ySfBneJ0,83,1-0,White,<=5s vs 5-10s,1972
HEpGvGMm,47,1-0,White,<=5s vs 15-20s,1608
TbEgqMNa,119,0-1,White,<=5s vs 10-15s,2602
DhkOFKc4,66,0-1,Black,<=5s vs 15-20s,1753
Q4aJptCf,91,1-0,White,<=5s vs 5-10s,2248
0wS8tBIz,91,1-0,White,<=5s vs 15-20s,2134
yotjp4qc,82,1-0,Black,<=5s vs <=5s,1178
1mU66EPy,72,0-1,Black,<=5s vs 5-10s,1982
oI6FwMYb,78,0-1,Black,<=5s vs 5-10s,2226
aaqMcNJq,48,0-1,Black,<=5s vs 15-20s,1173
y1wTP8zS,55,1-0,White,<=5s vs 5-10s,1631
EgSi6emY,60,1-0,Black,<=5s vs <=5s,1535
NHjniEYB,47,1-0,White,<=5s vs 15-20s,778
8rDbrrst,155,1-0,White,<=5s vs 5-10s,2627
b3aYg4XC,77,1-0,White,<=5s vs 15-20s,1242
XtcSSmfY,73,0-1,White,<=5s vs 5-10s,2147
yLVddIQ5,94,0-1,Black,<=5s vs 5-10s,2630
8PK0LyTt,54,0-1,Black,<=5s vs 15-20s,2172
XcEwxLKm,81,0-1,White,<=5s vs 5-10s,1435
xHHGq0jI,97,1-0,White,<=5s vs 5-10s,1322
3z00saTs,119,1/2-1/2,White,<=5s vs 5-10s,1857
TLbtyS0L,65,1-0,White,<=5s vs 5-10s,1201
Gj2HQnnO,122,0-1,Black,<=5s vs 5-10s,2949
MBQTj6uF,58,0-1,Black,<=5s vs 5-10s,1496
Hqmg08YL,83,1-0,White,<=5s vs 15-20s,2546
ErZabpHN,47,1-0,White,<=5s vs 15-20s,1558
8hxh1lr1,62,0-1,Black,<=5s vs 10-15s,1696
SMu5FlG8,46,0-1,Black,<=5s vs 15-20s,1043
By8QUJ74,55,1-0,White,<=5s vs 15-20s,1130
5J63yekF,86,0-1,Black,<=5s vs <=5s,2182
tLBxdEOm,131,1-0,White,<=5s vs 15-20s,2113
6Sf7zOLu,47,1-0,White,<=5s vs 5-10s,1266
hODcjNEj,60,0-1,Black,<=5s vs 15-20s,2062
1cmzveJS,108,0-1,Black,<=5s vs 15-20s,2516
KLXpZztK,94,1-0,Black,<=5s vs <=5s,2439
LcCOB47h,148,0-1,Black,<=5s vs 15-20s,2135
VJFebFU4,42,0-1,Black,<=5s vs 5-10s,1049
2lDn8wWj,107,1-0,White,<=5s vs 15-20s,2193
I3MOt5l8,78,1-0,Black,<=5s vs <=5s,2295
SOEYq9HX,50,0-1,Black,<=5s vs 5-10s,1390
yvHPxwQB,60,1-0,Black,<=5s vs 5-10s,1371
7ImVtgJB,78,1-0,Black,<=5s vs 5-10s,2293
2yGLxcK3,55,1-0,White,<=5s vs 15-20s,2378
zBMLO3ph,68,0-1,Black,<=5s vs 15-20s,2111
9VjsZ537,89,1-0,White,<=5s vs 5-10s,2157
JG5Jxm7C,72,0-1,Black,<=5s vs 5-10s,1686
UlQ7sy1m,49,1-0,White,<=5s vs 15-20s,856
vas6Pjcr,67,1-0,White,<=5s vs 10-15s,2112
UtNEJfQA,68,0-1,Black,<=5s vs 15-20s,1807
4jy7yPfS,54,0-1,Black,<=5s vs 10-15s,2010
SwbeuTNH,112,0-1,Black,<=5s vs 10-15s,2225
pFNCnVDs,46,1-0,Black,<=5s vs 5-10s,1182
mO2mOVFH,62,0-1,Black,<=5s vs 5-10s,1600
ycUcGN1f,60,0-1,Black,<=5s vs 15-20s,1950
7Y50gMwP,73,1-0,White,<=5s vs 10-15s,2023
ScOXKlrg,71,1-0,White,<=5s vs 10-15s,2582
EZkgvMqX,94,1/2-1/2,Black,<=5s vs 15-20s,2129
y0TO44xS,103,1-0,White,<=5s vs 5-10s,2387
bnMcW9ou,62,0-1,Black,<=5s vs 15-20s,1673
4ZMKMKmw,78,1-0,Black,<=5s vs 5-10s,1829
JKFUT65P,105,1-0,White,<=5s vs 10-15s,1811
NNg2vb6R,67,1-0,White,<=5s vs 10-15s,1789
ePEtwjNd,63,1-0,White,<=5s vs 15-20s,1617
qQ6hm9sK,50,0-1,Black,<=5s vs 15-20s,1015
biMQyZbc,61,0-1,White,<=5s vs 15-20s,1894
BYzfoEtx,55,1-0,White,<=5s vs 5-10s,1121
Uokp0DoE,60,0-1,Black,<=5s vs 5-10s,1192
uM1dA8Cn,65,1-0,White,<=5s vs 5-10s,1340
H09sCKXG,93,0-1,White,<=5s vs 5-10s,1842
JINZMVpP,87,1-0,White,<=5s vs 5-10s,2013
2ocNVJXH,88,0-1,Black,<=5s vs 5-10s,2495
Hj6r6bhN,64,0-1,Black,<=5s vs 5-10s,2963
CRFoD7fI,66,0-1,Black,<=5s vs 5-10s,2126
qdFvDocJ,106,0-1,Black,<=5s vs 15-20s,2368
v9M4a64q,54,1-0,Black,<=5s vs <=5s,1322
I7jbaZ6q,54,0-1,Black,<=5s vs <=5s,1757
Yz4zXfVR,62,0-1,Black,<=5s vs 15-20s,2045
Koohrc2c,65,1-0,White,<=5s vs 10-15s,1922
ixwroUh9,96,1-0,Black,<=5s vs <=5s,2361
3NXEpdEU,78,1-0,Black,<=5s vs 5-10s,1558
qEOKU0sp,52,0-1,Black,<=5s vs 15-20s,1217
3i711LSw,73,1-0,White,<=5s vs 10-15s,2160
vSHy10kE,100,1-0,Black,<=5s vs 10-15s,2374
r9u8MGds,56,0-1,Black,<=5s vs 10-15s,1607
DWNW6pcO,55,1-0,White,<=5s vs 15-20s,1206
DaZa3bNg,88,0-1,Black,<=5s vs 5-10s,1429
2k5XHF7v,51,1-0,White,<=5s vs 10-15s,2113
xnd5IIL6,45,1-0,White,<=5s vs 5-10s,947
IfuFdUKf,46,0-1,Black,<=5s vs 15-20s,1719
SqxTdFuQ,109,0-1,White,<=5s vs 10-15s,1257
LEdkn2nR,55,1-0,White,<=5s vs 15-20s,1649
Fam9qN5L,93,0-1,White,<=5s vs <=5s,1841
056RRrpV,56,1-0,Black,<=5s vs 10-15s,1415
DMBugU2J,64,0-1,Black,<=5s vs 15-20s,2397
pcATbKF4,51,1-0,White,<=5s vs 5-10s,1565
RxvMESgh,87,1-0,White,<=5s vs 10-15s,2165
olRD9OCh,95,1/2-1/2,White,<=5s vs 10-15s,2294
6HQcqjIv,66,0-1,Black,<=5s vs 15-20s,2080
Ykr0ZKnm,72,0-1,Black,<=5s vs 15-20s,2326
KTCqoS9X,161,0-1,White,<=5s vs 5-10s,2512
RG1bFjBs,113,1-0,White,<=5s vs 15-20s,2176
T8cEVlkD,71,1-0,White,<=5s vs 5-10s,1444
70zFvKj3,56,0-1,Black,<=5s vs 15-20s,1634
FStyReWN,93,1-0,White,<=5s vs 5-10s,2206
BdPp3oWH,46,0-1,Black,<=5s vs 15-20s,1383
lKNY7kJT,103,1-0,White,<=5s vs <=5s,2309
tczyWegb,124,0-1,Black,<=5s vs 5-10s,2406
eX9fqhqg,54,0-1,Black,<=5s vs 10-15s,947
fOEGebw2,51,1-0,White,<=5s vs 5-10s,1074
qTZCbnSp,65,1-0,White,<=5s vs 5-10s,1184
flAT6vVb,84,1-0,Black,<=5s vs 10-15s,2328
Y6NOOb2X,106,1/2-1/2,Black,<=5s vs 5-10s,2097
B6IdD5SH,73,1-0,White,<=5s vs 10-15s,2345
EiWVEMeD,98,0-1,Black,<=5s vs <=5s,2394
uWKrjgfF,73,1-0,White,<=5s vs 5-10s,1897
0ItHFoSZ,65,0-1,White,<=5s vs 5-10s,1698
waYVDttw,59,0-1,White,<=5s vs 5-10s,1866
bId2VoOW,102,0-1,Black,<=5s vs 10-15s,1754
gJMCKeCV,78,0-1,Black,<=5s vs 10-15s,1976
0Fc1kXxM,67,1-0,White,<=5s vs 10-15s,1460
VteqGjmr,92,1/2-1/2,Black,<=5s vs 5-10s,1929
LXOAHwbR,64,0-1,Black,<=5s vs 15-20s,1284
b81BheAy,91,0-1,White,<=5s vs <=5s,2534
zZsZ7VbK,76,0-1,Black,<=5s vs 10-15s,1943
YJAPxXl0,74,0-1,Black,<=5s vs <=5s,1812
h8wZOaYb,51,1-0,White,<=5s vs 15-20s,1101
cNSLBlFR,49,1-0,White,<=5s vs 15-20s,1288
4LXNPFpO,138,0-1,Black,<=5s vs 10-15s,2126
f0UynHIL,76,0-1,Black,<=5s vs 10-15s,2255
HQoxxmmj,87,1-0,White,<=5s vs 5-10s,2510
EQNaYsvv,88,0-1,Black,<=5s vs 5-10s,1729
R0p4p21E,85,0-1,White,<=5s vs 10-15s,2515
8vmlNHsa,77,1-0,White,<=5s vs 5-10s,1620
7aYqcWIP,77,1-0,White,<=5s vs 5-10s,1115
zs4lNxyv,68,0-1,Black,<=5s vs 15-20s,1668
YDfLlZtk,98,1/2-1/2,Black,<=5s vs 5-10s,1405
C0W2N7iL,76,0-1,Black,<=5s vs 10-15s,1999
L1Td5kqX,64,0-1,Black,<=5s vs 10-15s,1619
wiBRIs0i,47,1-0,White,<=5s vs 15-20s,1500
pm5uboUM,74,1-0,Black,<=5s vs 5-10s,1605
UTrSxESF,57,0-1,White,<=5s vs <=5s,1433
1PBynpRw,59,1-0,White,<=5s vs 5-10s,1405
uuTu3Eqj,91,1-0,White,<=5s vs 5-10s,2498
F9Cr1geL,80,1-0,Black,<=5s vs <=5s,2155
EubrSTiT,67,1-0,White,<=5s vs 10-15s,1841
e9NEDS3t,72,0-1,Black,<=5s vs 10-15s,2471
itAb6lsN,102,0-1,Black,<=5s vs 15-20s,1783
fSYY189l,84,0-1,Black,<=5s vs 15-20s,1500
jLTdtx0B,89,1-0,White,<=5s vs 10-15s,1892
B8hixNVp,93,1-0,White,<=5s vs 5-10s,2172
HVYDotwj,77,1-0,White,<=5s vs 15-20s,2003
Cc9qFNS2,68,0-1,Black,<=5s vs 5-10s,1558
Dnxm1WIY,45,0-1,White,<=5s vs 10-15s,1523
qmRUGTqa,56,0-1,Black,<=5s vs 10-15s,1884
SfANRNOy,43,1-0,White,<=5s vs 5-10s,885
bVQrNQ7A,65,1-0,White,<=5s vs 10-15s,1861
qLBK8uXF,60,0-1,Black,<=5s vs 5-10s,1526
xSXqnAER,96,1-0,Black,<=5s vs 5-10s,2281
LLhmLOnI,92,1-0,Black,<=5s vs 5-10s,2641
oNLkqP2q,68,0-1,Black,<=5s vs 10-15s,1669
PrSd2S41,115,1-0,White,<=5s vs 15-20s,1173
EyjbttCX,82,0-1,Black,<=5s vs 5-10s,2147
rNFIBrj7,79,1-0,White,<=5s vs 5-10s,1512
Rwx6ZOAx,63,0-1,White,<=5s vs 5-10s,1918
upREkJKR,72,0-1,Black,<=5s vs <=5s,1489
tjWL1noI,113,1-0,White,<=5s vs 10-15s,1799
S16Tew7r,94,0-1,Black,<=5s vs 5-10s,1470
TD8DiUkU,56,0-1,Black,<=5s vs 15-20s,1986
jDMiteMJ,48,0-1,Black,<=5s vs <=5s,1453
ETSgpFmi,86,1/2-1/2,Black,<=5s vs 5-10s,1957
cG7gNL7A,61,1-0,White,<=5s vs 10-15s,1501
yih5aK3G,62,1-0,Black,<=5s vs <=5s,1808
a1bgirl9,64,0-1,Black,<=5s vs 10-15s,2180
N7xzH7FG,115,1/2-1/2,White,<=5s vs 5-10s,2598
tHqYiRzB,77,1-0,White,<=5s vs <=5s,1551
we46G0No,49,0-1,White,<=5s vs <=5s,871
U447osw8,106,0-1,Black,<=5s vs 15-20s,2051
dtEfkolM,59,1-0,White,<=5s vs 5-10s,1432
M2qlIPqA,49,0-1,White,<=5s vs 5-10s,1119
xwpka8oD,100,1/2-1/2,Black,<=5s vs 5-10s,2448
TaccJIn5,74,1-0,Black,<=5s vs 5-10s,2559
GMoThVha,57,1-0,White,<=5s vs 5-10s,1593
HahcIQb0,54,0-1,Black,<=5s vs 10-15s,1032
gZ9ERRwq,83,0-1,White,<=5s vs 10-15s,1317
62XbC2ZY,50,0-1,Black,<=5s vs 5-10s,858
wx05gPJa,78,0-1,Black,<=5s vs 5-10s,2665
ff2OPkIo,63,1-0,White,<=5s vs 15-20s,1535
G7fe9fyV,76,0-1,Black,<=5s vs 15-20s,1997
gpuu5OSR,77,0-1,White,<=5s vs 10-15s,1804
F46fSp1H,63,1-0,White,<=5s vs 15-20s,1429
RyFDjXIk,44,0-1,Black,<=5s vs 10-15s,1095
qKYrIATo,76,0-1,Black,<=5s vs 5-10s,2337
3549aCk6,122,0-1,Black,<=5s vs 15-20s,2255
Iv01iBQL,106,1/2-1/2,Black,<=5s vs <=5s,1787
NVFie5Pw,97,1-0,White,<=5s vs 10-15s,1809
dAMKj16U,47,1-0,White,<=5s vs 15-20s,1274
SJnJeNii,39,1-0,White,<=5s vs 5-10s,770
ojdBLEF0,100,0-1,Black,<=5s vs 10-15s,1991
6xNCFEMb,79,1-0,White,<=5s vs 10-15s,1537
dQaaYstE,69,1-0,White,<=5s vs 15-20s,1893
0PZKdPM7,109,1/2-1/2,White,<=5s vs 5-10s,2361
isjK9G04,50,0-1,Black,<=5s vs 15-20s,1218
HJkmgWra,71,0-1,White,<=5s vs 5-10s,1687
3iigwsPP,48,1-0,Black,<=5s vs <=5s,1363
tcz5nVDI,122,1-0,Black,<=5s vs 10-15s,2046
P4TUyWPC,83,0-1,White,<=5s vs <=5s,2290
e9oYbNWP,94,0-1,Black,<=5s vs 15-20s,2588
cAH6eDG6,70,0-1,Black,<=5s vs 10-15s,1869
Yt0FXZWn,70,0-1,Black,<=5s vs 10-15s,1730
0Dwnbfcd,87,1-0,White,<=5s vs <=5s,2128
ZcdsXZCI,58,1-0,Black,<=5s vs 5-10s,1671
8yDEJw3W,114,0-1,Black,<=5s vs 15-20s,1957
oFtf0LKY,73,1-0,White,<=5s vs 5-10s,1569
T0Q8sYkH,90,0-1,Black,<=5s vs 15-20s,2515
3OCvhjKM,112,1-0,Black,<=5s vs <=5s,2017
hfP3qgDz,109,0-1,White,<=5s vs 5-10s,2407
C6U2uE0j,70,0-1,Black,<=5s vs <=5s,2020
Sul04iS9,122,0-1,Black,<=5s vs 10-15s,2425
rODmz0A9,63,1-0,White,<=5s vs 10-15s,1526
wwopST3k,56,0-1,Black,<=5s vs <=5s,1337
0uhhRbQw,78,0-1,Black,<=5s vs <=5s,1144
Gz5NdCwa,104,0-1,Black,<=5s vs 10-15s,1478
4d8HhUT4,121,1-0,White,<=5s vs 15-20s,2986
XwJPsUDw,62,0-1,Black,<=5s vs 10-15s,1358
INa3ubrm,124,1-0,Black,<=5s vs <=5s,2184
IVaoetAT,51,1-0,White,<=5s vs 15-20s,1398
P96rsJ9R,63,0-1,White,<=5s vs <=5s,1420
V1qVlH1J,47,0-1,White,<=5s vs 10-15s,2361
HBNbxAnH,57,1-0,White,<=5s vs 15-20s,1393
8Ozdnrbn,69,1-0,White,<=5s vs 5-10s,1766
CEc0b6W9,85,0-1,White,<=5s vs <=5s,1804
jtWU3TRt,143,1/2-1/2,White,<=5s vs 10-15s,2471
a0kdb6Na,74,1-0,Black,<=5s vs <=5s,1823
y1RBAXNd,71,1-0,White,<=5s vs 15-20s,1709
NwpOJAVM,131,1-0,White,<=5s vs 10-15s,1974
bHht6HJ0,70,0-1,Black,<=5s vs 5-10s,1649
fP2ZUGMI,109,0-1,White,<=5s vs 15-20s,1996
QcdsL84X,44,0-1,Black,<=5s vs 10-15s,1111
eFGFA0NV,69,1-0,White,<=5s vs 10-15s,1737
Yerf83Cn,65,1-0,White,<=5s vs 5-10s,1681
RN35EQDI,82,0-1,Black,<=5s vs <=5s,1568
FTNDQhGP,95,0-1,White,<=5s vs 5-10s,2092
SWJRrHGx,47,1-0,White,<=5s vs 10-15s,1313
1GowG5iv,101,0-1,White,<=5s vs 10-15s,2005
rvWb0shS,90,1-0,Black,<=5s vs <=5s,1816
Brm5jXmu,96,0-1,Black,<=5s vs <=5s,2541
MUpzSRgL,100,0-1,Black,<=5s vs <=5s,1901
yXIseq3N,72,0-1,Black,<=5s vs 5-10s,2304
Ed9I5isK,45,1-0,White,<=5s vs 5-10s,913
gUi9Swvn,59,1-0,White,<=5s vs <=5s,1911
UGBkDgEa,80,0-1,Black,<=5s vs 15-20s,1894
9Dip0iba,102,1-0,Black,<=5s vs 5-10s,2233
K0nUGZL0,93,1-0,White,<=5s vs 15-20s,1530
kcADO11n,50,0-1,Black,<=5s vs 15-20s,1026
ZEvdceIL,89,1/2-1/2,White,<=5s vs 15-20s,2777
Rj3GhnNM,43,1-0,White,<=5s vs 5-10s,1480
OyJt6mAU,40,0-1,Black,<=5s vs 15-20s,1048
fAtr3JOQ,61,0-1,White,<=5s vs 10-15s,2379
50QKWghM,89,1-0,White,<=5s vs 15-20s,2457
eefqwgE2,67,1-0,White,<=5s vs <=5s,1580
vDf8Ssvv,89,1-0,White,<=5s vs 10-15s,2105
708uoTJO,64,0-1,Black,<=5s vs <=5s,1140
7AbMUu5n,52,0-1,Black,<=5s vs 15-20s,1771
537taSbv,68,0-1,Black,<=5s vs 15-20s,1523
uJLoXkzB,42,0-1,Black,<=5s vs 15-20s,1473
JZUcSjI4,56,0-1,Black,<=5s vs 10-15s,1887
mk1e1lyu,67,1-0,White,<=5s vs 10-15s,2661
xDGbF6IZ,66,0-1,Black,<=5s vs 15-20s,1733
LbxxU1pZ,57,1-0,White,<=5s vs 5-10s,1252
qGkpthsg,104,1/2-1/2,Black,<=5s vs 15-20s,2242
Wm8Ibghw,70,0-1,Black,<=5s vs 5-10s,2272
OxIGPrtB,48,0-1,Black,<=5s vs <=5s,1246
PmiE6R75,63,1-0,White,<=5s vs 15-20s,2236
yjLuEtHj,108,0-1,Black,<=5s vs 10-15s,2383
J7ornvpr,82,0-1,Black,<=5s vs 10-15s,2351
7rb9JlBi,69,1-0,White,<=5s vs 15-20s,2130
7JHpFxie,74,1-0,Black,<=5s vs 5-10s,2050
Pn70i8tU,68,0-1,Black,<=5s vs 5-10s,2066
DzEHziJo,51,1-0,White,<=5s vs 10-15s,1194
LpgkvHLD,70,0-1,Black,<=5s vs 10-15s,1610
fvrZKU9Z,75,1-0,White,<=5s vs 5-10s,2016
DtkaxGM9,81,1-0,White,<=5s vs 10-15s,1809
bZjyS85j,51,1-0,White,<=5s vs 15-20s,2300
umnQaZM7,66,0-1,Black,<=5s vs 10-15s,2157
5TafjYC7,110,0-1,Black,<=5s vs 10-15s,2894
5wnctauv,120,1/2-1/2,Black,<=5s vs 15-20s,2270
GG0sS678,72,1-0,Black,<=5s vs <=5s,1927
vqGqp8Ml,45,1-0,White,<=5s vs 15-20s,1286
PjXbEvpP,84,1-0,Black,<=5s vs 5-10s,1838
wvFj1h4d,76,0-1,Black,<=5s vs 5-10s,1824
qQAG8So0,68,0-1,Black,<=5s vs 15-20s,2429
fxhb1ekR,82,0-1,Black,<=5s vs <=5s,2114
AluUyagu,104,0-1,Black,<=5s vs 10-15s,2796
eb5fq30w,71,1-0,White,<=5s vs 10-15s,2366
S9VBUSIX,86,1/2-1/2,Black,<=5s vs 5-10s,2152
0q4Wo4jZ,56,0-1,Black,<=5s vs <=5s,1035
95FnwsDX,62,0-1,Black,<=5s vs 10-15s,2338
t9oYg8QF,74,0-1,Black,<=5s vs 10-15s,2563
6LOcmPOe,64,0-1,Black,<=5s vs 10-15s,1747
cTwEDvgG,81,1-0,White,<=5s vs 5-10s,1160
P0L309ma,72,0-1,Black,<=5s vs 10-15s,1500
Mc0tjugR,107,0-1,White,<=5s vs 5-10s,2403
K894hwq5,83,1-0,White,<=5s vs 5-10s,1964
sYH1TcGe,44,0-1,Black,<=5s vs 15-20s,1452
NaURQSMV,71,1-0,White,<=5s vs 5-10s,1353
0iR9nft5,106,0-1,Black,<=5s vs 5-10s,2539
YHG21B3u,66,1-0,Black,<=5s vs 5-10s,1630
FeXeTx6W,43,0-1,White,<=5s vs 5-10s,694
rwHNSiDO,86,0-1,Black,<=5s vs 15-20s,2589
CvhnMX0L,113,1/2-1/2,White,<=5s vs 15-20s,2163
6zB6Jmzv,96,0-1,Black,<=5s vs 10-15s,2400
7oO06kW9,44,0-1,Black,<=5s vs 15-20s,1208
ekplKSH3,119,1-0,White,<=5s vs 5-10s,2512
Hx99wwKR,84,0-1,Black,<=5s vs 10-15s,2306
4H0Urfll,33,1-0,White,<=5s vs 10-15s,695
aZK5AMpP,44,0-1,Black,<=5s vs 15-20s,1011
9Rqt1Ton,70,1-0,Black,<=5s vs <=5s,1988
6Gia384N,59,1-0,White,<=5s vs 5-10s,1758
QvQ3Cqbk,71,1-0,White,<=5s vs 10-15s,1311
pZm9Zlad,46,0-1,Black,<=5s vs <=5s,1259
FIBOX09o,47,1-0,White,<=5s vs 15-20s,1123
EtuZbYlF,54,0-1,Black,<=5s vs 5-10s,1226
W5S8ASEn,91,1-0,White,<=5s vs 5-10s,1760
YYFLP5XD,46,0-1,Black,<=5s vs 10-15s,1199
9NSz4dSw,71,1-0,White,<=5s vs 10-15s,1850
05BNJlOV,52,0-1,Black,<=5s vs 15-20s,1323
U8HEn3SL,65,1-0,White,<=5s vs 5-10s,1136
hUAPa3Bj,57,1-0,White,<=5s vs 10-15s,2447
Djny2ZtQ,76,0-1,Black,<=5s vs <=5s,1686
FttwtIZC,54,0-1,Black,<=5s vs 5-10s,2078
eJF305Fd,48,0-1,Black,<=5s vs 10-15s,1149
Fe0f6ZiQ,101,1-0,White,<=5s vs 10-15s,2282
6YpoZSqH,82,0-1,Black,<=5s vs 10-15s,2095
EBsim2QC,87,1-0,White,<=5s vs 10-15s,2140
JTHEpvwl,90,0-1,Black,<=5s vs 10-15s,2202
hYCvosv3,71,0-1,White,<=5s vs 5-10s,1416
G5bmD9Xm,74,0-1,Black,<=5s vs 10-15s,2010
Svh26kN4,87,1-0,White,<=5s vs 10-15s,1722
SmLTNxGx,161,0-1,White,<=5s vs <=5s,2639
oKElQPIM,48,0-1,Black,<=5s vs 5-10s,1295
lipAMwdG,64,0-1,Black,<=5s vs 15-20s,1628
C9SfcVZz,69,1-0,White,<=5s vs 15-20s,1818
Tuhg7cFj,69,1-0,White,<=5s vs 15-20s,2396
nGGcBLQo,65,1-0,White,<=5s vs 10-15s,1392
VnAH175w,56,0-1,Black,<=5s vs 15-20s,1394
L5jpOOjk,78,0-1,Black,<=5s vs <=5s,1258
VHiv5za9,78,0-1,Black,<=5s vs 15-20s,2168
5JI482Mb,49,1-0,White,<=5s vs 5-10s,1088
D7wzFl58,63,1-0,White,<=5s vs 15-20s,1789
r7wkTNUp,69,1-0,White,<=5s vs 10-15s,1387
CbIbc2hB,79,1-0,White,<=5s vs 5-10s,2282
8PmKYQrw,73,1-0,White,<=5s vs 10-15s,1014
vfLjAhRh,54,0-1,Black,<=5s vs 5-10s,923
Fv88UksO,38,0-1,Black,<=5s vs 10-15s,988
R8ZCKCYl,51,1-0,White,<=5s vs 10-15s,1350
ZXZV7hIx,40,0-1,Black,<=5s vs 15-20s,1133
MomJiH0j,68,0-1,Black,<=5s vs 10-15s,2494
FIYuev0l,57,0-1,White,<=5s vs <=5s,2007
2I3erRNF,60,0-1,Black,<=5s vs 10-15s,1837
0vp2NaJK,110,0-1,Black,<=5s vs 5-10s,1960
HMvKJtDn,73,1-0,White,<=5s vs 10-15s,2211
b4tqsZKe,70,0-1,Black,<=5s vs 5-10s,2218
jxDNCXtK,80,0-1,Black,<=5s vs 10-15s,2781
HGRzf1aL,73,1-0,White,<=5s vs 10-15s,1534
QzVIVPzX,73,1-0,White,<=5s vs <=5s,780
5yQYOEUc,62,0-1,Black,<=5s vs 10-15s,1836
3mih6Lbc,102,0-1,Black,<=5s vs 10-15s,2787
vBRUDDJB,160,0-1,Black,<=5s vs 10-15s,2388
naq3k8GD,48,0-1,Black,<=5s vs 5-10s,1139
aO4n1PyX,70,0-1,Black,<=5s vs 10-15s,2422
ItcCXwJ6,70,0-1,Black,<=5s vs 15-20s,1129
OyOjOcNT,59,1-0,White,<=5s vs 15-20s,1625
ASr5FXYn,27,1-0,White,<=5s vs 10-15s,1155
Aa2OlbdG,57,1-0,White,<=5s vs 15-20s,1586
8FQkaAWW,94,0-1,Black,<=5s vs 5-10s,2066
GtdYj9E3,71,1-0,White,<=5s vs 10-15s,2008
07EnEiW3,80,0-1,Black,<=5s vs 10-15s,1641
X7qaHVKY,112,0-1,Black,<=5s vs 5-10s,2493
lKeHJSUd,92,1-0,Black,<=5s vs 10-15s,2284
3KuJiS9b,74,0-1,Black,<=5s vs 15-20s,1785
H2dAm72L,60,1-0,Black,<=5s vs <=5s,1488
KffomIjE,74,0-1,Black,<=5s vs 10-15s,2068
gAqAC82O,59,1-0,White,<=5s vs 5-10s,2464
6h79WZ31,80,1-0,Black,<=5s vs <=5s,1980
ncVKwFUB,84,0-1,Black,<=5s vs 10-15s,1867
lEwjFM7L,77,1/2-1/2,White,<=5s vs <=5s,992
Eh9r8qAg,76,0-1,Black,<=5s vs 10-15s,1751
oXyCoEmV,106,0-1,Black,<=5s vs 10-15s,2420
JITcpqzU,55,1-0,White,<=5s vs 10-15s,1398
dKGbhvoY,58,1-0,Black,<=5s vs 10-15s,1894
djNeBPXv,50,0-1,Black,<=5s vs 15-20s,1931
8xvzucTZ,61,1-0,White,<=5s vs 15-20s,1927
4TLH31Ny,58,0-1,Black,<=5s vs 10-15s,1645
cimuoFKl,37,1-0,White,<=5s vs 5-10s,674
2E5LyFaL,78,0-1,Black,<=5s vs 15-20s,2010
GOwAJHPV,37,1-0,White,<=5s vs 5-10s,1369
mE2KUJai,79,1-0,White,<=5s vs 10-15s,1334
rZaeTBJL,58,0-1,Black,<=5s vs <=5s,1612
AdarkXBo,60,0-1,Black,<=5s vs 10-15s,2391
G7qgRA8s,47,1-0,White,<=5s vs 5-10s,1905
0dA2vYrx,78,0-1,Black,<=5s vs 5-10s,2080
Jx82BReb,74,1-0,Black,<=5s vs 5-10s,2493
9AWzcvRw,53,1-0,White,<=5s vs 5-10s,1724
Mp6A9ojl,119,1-0,White,<=5s vs 5-10s,2060
H4E58Be8,45,1-0,White,<=5s vs 5-10s,1848
DKh9bpAt,90,0-1,Black,<=5s vs 10-15s,2632
XZGu1Axc,61,1-0,White,<=5s vs 5-10s,1421
8UxYjcMX,68,0-1,Black,<=5s vs 5-10s,1631
aMuXWriF,115,1/2-1/2,White,<=5s vs 10-15s,2412
DRWzLtoY,61,1-0,White,<=5s vs 5-10s,1775
mSYK7ZMN,101,1/2-1/2,White,<=5s vs 10-15s,2444
SOq7Cq22,88,0-1,Black,<=5s vs 15-20s,2038
ilxqiqeB,57,1-0,White,<=5s vs 10-15s,1397
68fLEXUE,53,1-0,White,<=5s vs 5-10s,1051
Uf3uEWjp,86,0-1,Black,<=5s vs 15-20s,2513
mGlk8D2B,55,1-0,White,<=5s vs 15-20s,1570
bOr0dIWA,62,1-0,Black,<=5s vs 10-15s,1297
e5d6Nety,46,0-1,Black,<=5s vs 10-15s,1852
lwEeHZ6Z,46,0-1,Black,<=5s vs 5-10s,1873
reFqQcC0,95,1-0,White,<=5s vs 5-10s,2404
pkbJ9IBf,71,1-0,White,<=5s vs 10-15s,2055
dkFzl0gS,86,0-1,Black,<=5s vs <=5s,2262
rN4zASpP,49,1-0,White,<=5s vs 15-20s,1926
EpNrXChK,78,0-1,Black,<=5s vs 10-15s,1814
wnr4fZVC,106,0-1,Black,<=5s vs 5-10s,2575
0YwV2bqV,80,0-1,Black,<=5s vs 5-10s,1623
B7uxlTzA,55,1-0,White,<=5s vs 15-20s,1399
Ox23I2kQ,64,0-1,Black,<=5s vs 10-15s,1104
QRMK1Oes,42,0-1,Black,<=5s vs 15-20s,1336
6tdKRmO8,62,0-1,Black,<=5s vs 5-10s,1320
Qs8nzyKp,50,1-0,Black,<=5s vs <=5s,1403
LEcyPABi,46,0-1,Black,<=5s vs 10-15s,1158
9tjV7m6O,55,0-1,White,<=5s vs 5-10s,1730
Kx8WZ8nj,47,0-1,White,<=5s vs 10-15s,1408
7bzr17AR,55,1-0,White,<=5s vs 10-15s,2239
OhXTfvTy,51,1-0,White,<=5s vs 15-20s,1024
vK6NwtAs,51,1-0,White,<=5s vs 15-20s,1806
liFaVw90,79,1-0,White,<=5s vs 15-20s,1512
2ulctTzf,89,1-0,White,<=5s vs 10-15s,2145
kBCPh4b8,74,1-0,Black,<=5s vs <=5s,2204
wXb62Hr6,78,0-1,Black,<=5s vs 5-10s,1532
iPGqsy34,102,0-1,Black,<=5s vs 5-10s,1908
QR1kxAT5,75,0-1,White,<=5s vs 5-10s,1587
fpgmbSm4,69,1-0,White,<=5s vs 5-10s,1835
RwTJeqTO,66,0-1,Black,<=5s vs 15-20s,1825
qmZz3azn,121,1/2-1/2,White,<=5s vs 5-10s,2468
BsEEuJLI,98,1-0,Black,<=5s vs 5-10s,2198
l6PTPama,105,1-0,White,<=5s vs 5-10s,2366
hvd5hei8,49,1-0,White,<=5s vs 15-20s,1169
HQbaft3s,44,0-1,Black,<=5s vs 15-20s,903
OO7kkmbq,67,0-1,White,<=5s vs 5-10s,1653
6y27rnQk,114,1-0,Black,<=5s vs <=5s,2198
TIdmX6H4,47,1-0,White,<=5s vs 15-20s,954
RJ4UbbKV,68,0-1,Black,<=5s vs 15-20s,1611
3HQrUlld,68,0-1,Black,<=5s vs 5-10s,1522
TCvFZ3kB,43,1-0,White,<=5s vs 10-15s,1106
Wskg4JZL,65,1-0,White,<=5s vs 5-10s,2332
2aM2PZsj,93,1-0,White,<=5s vs 10-15s,2538
7mZwucuv,104,0-1,Black,<=5s vs 5-10s,2462
J7KltPfi,73,1-0,White,<=5s vs 10-15s,1394
bQSIe85n,89,1-0,White,<=5s vs 10-15s,2609
PGjSkrE5,94,0-1,Black,<=5s vs 10-15s,2202
UH7zF0rI,48,0-1,Black,<=5s vs 5-10s,1633
5EVvC9c6,94,1-0,Black,<=5s vs <=5s,1872
hr9ojSri,58,0-1,Black,<=5s vs 5-10s,1104
hHhiCbac,76,1-0,Black,<=5s vs 10-15s,1335
5MkgZcZB,74,0-1,Black,<=5s vs 15-20s,1634
QoGV3RkO,54,0-1,Black,<=5s vs 15-20s,1390
IKyce7Fu,35,1-0,White,<=5s vs 15-20s,984
J7Yi4m2P,76,0-1,Black,<=5s vs 15-20s,1614
UQvmN8tL,70,0-1,Black,<=5s vs 5-10s,1758
RkDiqx7u,82,0-1,Black,<=5s vs 10-15s,1353
gd7yoY7o,88,0-1,Black,<=5s vs <=5s,2419
OLRPFY2e,102,1-0,Black,<=5s vs <=5s,2566
mOTXS13i,84,0-1,Black,<=5s vs 5-10s,1830
wKb3gHqL,52,0-1,Black,<=5s vs 10-15s,1441
BXTuaP8I,42,0-1,Black,<=5s vs 15-20s,1013
77Gf0D7w,100,0-1,Black,<=5s vs 10-15s,2365
FnTrWNvh,76,0-1,Black,<=5s vs 15-20s,1472
KJNdtxoV,97,1-0,White,<=5s vs 15-20s,2404
YwAqpS22,68,1-0,Black,<=5s vs <=5s,1294
gRlmPuDA,65,1-0,White,<=5s vs 5-10s,2545
LTCVQjzd,110,0-1,Black,<=5s vs 5-10s,2420
yvfDqrAb,62,0-1,Black,<=5s vs 15-20s,2436
0VWqz5HS,83,1/2-1/2,White,<=5s vs 15-20s,1805
MrrMkzFt,103,0-1,White,<=5s vs 10-15s,2549
J0wp2KAs,110,1-0,Black,<=5s vs <=5s,2241
B5bSMQfG,48,0-1,Black,<=5s vs 10-15s,955
cctnyKfd,84,0-1,Black,<=5s vs 10-15s,1482
JlsLlTdL,78,1-0,Black,<=5s vs 15-20s,2448
L1AE7xuq,97,0-1,White,<=5s vs 5-10s,1814
FtGF9fFe,45,1-0,White,<=5s vs 15-20s,1921
rQfyYiS8,54,1-0,Black,<=5s vs 5-10s,1239
470ZTTlC,84,0-1,Black,<=5s vs 10-15s,2012
dDDmntPn,63,1-0,White,<=5s vs 10-15s,1941
yggKDMKK,132,1/2-1/2,Black,<=5s vs 10-15s,2381
OIoh8Y7v,137,0-1,White,<=5s vs <=5s,2325
ILy8Kb94,88,0-1,Black,<=5s vs 10-15s,1488
hj22GIXU,56,0-1,Black,<=5s vs 10-15s,1702
R4F0bOZA,72,0-1,Black,<=5s vs <=5s,2233
17kBgh4V,89,0-1,White,<=5s vs 5-10s,2156
yfHUnS7D,56,0-1,Black,<=5s vs 15-20s,1558
UPMNGQ0N,59,1-0,White,<=5s vs 10-15s,1943
CEVjEX0F,76,0-1,Black,<=5s vs <=5s,2758
UDxTmJlI,48,0-1,Black,<=5s vs 5-10s,1444
fmHrArBG,65,1-0,White,<=5s vs 5-10s,1449
gaNcB0V3,67,0-1,White,<=5s vs 5-10s,1769
UQzfYrkr,89,1-0,White,<=5s vs 5-10s,1910
YKhYuN2v,114,0-1,Black,<=5s vs 5-10s,2508
0NobkDtx,82,0-1,Black,<=5s vs 15-20s,1570
pjTWl8CK,115,1-0,White,<=5s vs 5-10s,2550
jpKWpVVE,63,1-0,White,<=5s vs 10-15s,1535
pF5XyeC9,125,1-0,White,<=5s vs 5-10s,2221
TxqkGLIP,132,1/2-1/2,Black,<=5s vs 15-20s,1656
L0w4rKHN,38,0-1,Black,<=5s vs 10-15s,594
1AFb1uD0,69,1-0,White,<=5s vs 5-10s,1866
deCdRSJq,102,0-1,Black,<=5s vs <=5s,2379
O8IzD7ot,50,0-1,Black,<=5s vs 15-20s,1844
XUaFiiEo,99,1-0,White,<=5s vs 5-10s,1983
OQ9CleZu,92,0-1,Black,<=5s vs 15-20s,2660
6Qgt5hy8,105,0-1,White,<=5s vs <=5s,2444
PHxx6Jao,65,0-1,White,<=5s vs 10-15s,1805
KpWwCreh,100,1-0,Black,<=5s vs <=5s,2288
sAGIwNYq,80,0-1,Black,<=5s vs 5-10s,2224
uqRzOyp3,73,1-0,White,<=5s vs <=5s,2197
OD3ZEhiM,63,0-1,White,<=5s vs 5-10s,2224
ArzM1P7Q,40,0-1,Black,<=5s vs 5-10s,1222
nZ8wA9b3,100,0-1,Black,<=5s vs 5-10s,2445
mEP7dVge,51,1-0,White,<=5s vs 10-15s,1606
6daT3xn8,66,0-1,Black,<=5s vs 15-20s,2164
dgp86gDf,93,0-1,White,<=5s vs 5-10s,2059
88ahu28p,50,1-0,Black,<=5s vs <=5s,924
XttV54cV,110,1-0,Black,<=5s vs <=5s,2438
P4SY4Ehm,118,0-1,Black,<=5s vs 10-15s,2040
79wTYrB7,108,0-1,Black,<=5s vs 10-15s,2039
FTEFdrc3,62,0-1,Black,<=5s vs 10-15s,1368
6J97ymjT,72,1/2-1/2,Black,<=5s vs 15-20s,2361
2NbQ1zMm,76,0-1,Black,<=5s vs 10-15s,1886
PxO8dSBU,42,0-1,Black,<=5s vs 5-10s,937
A3X08be9,61,1-0,White,<=5s vs 10-15s,1918
hZjNtEom,47,1-0,White,<=5s vs 5-10s,877
w5MK1cNH,98,0-1,Black,<=5s vs 15-20s,2183
FSBuhq2I,62,0-1,Black,<=5s vs 10-15s,1363
xIb2kqAH,67,1-0,White,<=5s vs <=5s,1939
Hnnymw7l,77,1-0,White,<=5s vs 10-15s,2134
yjtwzcjv,66,0-1,Black,<=5s vs 10-15s,1765
iTxeadd2,124,0-1,Black,<=5s vs 15-20s,1927
gRQX28bv,125,1-0,White,<=5s vs 10-15s,2694
xB2i6BJN,52,0-1,Black,<=5s vs 10-15s,1142
WMoX8R4a,38,1-0,Black,<=5s vs 10-15s,1100
B2mlGb9L,35,1-0,White,<=5s vs 5-10s,1251
riGfgUjK,67,1-0,White,<=5s vs 5-10s,1897
FQYAEp2v,111,1-0,White,<=5s vs 15-20s,2088
qBeHH8DO,64,1-0,Black,<=5s vs 10-15s,2004
o6jkSd25,86,1-0,Black,<=5s vs 10-15s,2207
iSsbwi2a,112,1/2-1/2,Black,<=5s vs 5-10s,2556
Bwgh4kRC,34,0-1,Black,<=5s vs 15-20s,1186
OnV3A4lQ,40,0-1,Black,<=5s vs 15-20s,1183
RMogY3Kj,63,1-0,White,<=5s vs 15-20s,1554
uM3aR7bn,90,0-1,Black,<=5s vs 10-15s,2531
IkmubYIj,69,1-0,White,<=5s vs 15-20s,1801
CJU7NXQh,64,0-1,Black,<=5s vs 5-10s,1602
7itfMLEF,83,1-0,White,<=5s vs 15-20s,2517
z2jS2fOY,77,1-0,White,<=5s vs 10-15s,1458
7nBvcvUN,69,0-1,White,<=5s vs 5-10s,2154
oWp634Iz,108,0-1,Black,<=5s vs 15-20s,2257
eH9plhUq,119,1-0,White,<=5s vs 5-10s,2493
35vOxlNK,78,0-1,Black,<=5s vs 5-10s,1834
kDSDR3xm,113,0-1,White,<=5s vs <=5s,2286
5tZQY03U,89,1-0,White,<=5s vs 10-15s,1715
48W6q6NH,88,0-1,Black,<=5s vs 10-15s,2016
43caMiJd,111,1/2-1/2,White,<=5s vs 15-20s,2024
bpnE3DV7,78,0-1,Black,<=5s vs 5-10s,2477
v2OgRkzm,117,1-0,White,<=5s vs 10-15s,2401
JMDb87c2,64,1-0,Black,<=5s vs 5-10s,1704
1djUCoHd,62,0-1,Black,<=5s vs <=5s,1836
zQNtkI5S,50,0-1,Black,<=5s vs 15-20s,1440
7Orcjsbw,76,0-1,Black,<=5s vs 5-10s,1929
TW55PaTo,60,0-1,Black,<=5s vs 10-15s,1214
6IqJB7tj,89,1-0,White,<=5s vs 5-10s,1397
ogWNJEgH,64,0-1,Black,<=5s vs 5-10s,1377
sXGxDgdk,38,0-1,Black,<=5s vs 15-20s,986
1NJRvRmu,47,1-0,White,<=5s vs 10-15s,1564
fnRXATqU,81,0-1,White,<=5s vs 5-10s,1839
e7nS4iVa,67,1-0,White,<=5s vs 15-20s,1973
1e8l7yk1,63,1-0,White,<=5s vs 10-15s,1615
0nDY4YLr,86,1-0,Black,<=5s vs 5-10s,1910
a1jxmmY9,60,1-0,Black,<=5s vs 10-15s,1733
IDUZM3PE,48,0-1,Black,<=5s vs 15-20s,1167
X49dlAZS,51,1-0,White,<=5s vs 15-20s,1680
Sx7LtACZ,61,1-0,White,<=5s vs 5-10s,1742
w6lI6QT1,56,1-0,Black,<=5s vs <=5s,1239
S1UZmp3Q,69,1-0,White,<=5s vs 10-15s,2373
2Hwu6h8G,67,1-0,White,<=5s vs 5-10s,1886
jHd3OJaS,62,0-1,Black,<=5s vs <=5s,1740
QnLe6Zh9,53,0-1,White,<=5s vs 5-10s,1283
w08UyB8o,61,1-0,White,<=5s vs 5-10s,1551
xDk3GWAc,106,0-1,Black,<=5s vs 15-20s,1867
errITvkn,75,1-0,White,<=5s vs 15-20s,2205
oC6vUuhq,62,0-1,Black,<=5s vs 15-20s,1931
8vBjB5xZ,56,0-1,Black,<=5s vs 10-15s,2067
KmyQoOiR,139,1/2-1/2,White,<=5s vs 5-10s,1848
EWUJiXJ1,58,0-1,Black,<=5s vs 5-10s,1623
MwKuaCa1,72,0-1,Black,<=5s vs 15-20s,1894
0NXWpRQR,94,0-1,Black,<=5s vs <=5s,2149
V0LpqMac,73,1-0,White,<=5s vs 5-10s,2181
vK2WIWhJ,79,1-0,White,<=5s vs 5-10s,1998
0lpGE2VE,120,1-0,Black,<=5s vs <=5s,2206
C89y1cY3,83,1-0,White,<=5s vs 15-20s,2575
lyE3nNWk,70,0-1,Black,<=5s vs 10-15s,1927
2P8xfo4D,114,1/2-1/2,Black,<=5s vs <=5s,1890
VROZZkZw,59,1-0,White,<=5s vs 5-10s,1505
W4TGhrZx,42,0-1,Black,<=5s vs 15-20s,1587
SWEYFcGd,84,0-1,Black,<=5s vs 15-20s,2512
KY4jwUHD,123,1-0,White,<=5s vs 5-10s,2078
1KmYw2Ul,77,1-0,White,<=5s vs 15-20s,2299
BFEUKrdo,113,1-0,White,<=5s vs 15-20s,1929
k3E1IUjA,49,0-1,White,<=5s vs 5-10s,928
BoJZFAkH,49,1-0,White,<=5s vs 10-15s,1509
n4WLAkIN,53,1-0,White,<=5s vs 5-10s,1168
56zL30GN,72,0-1,Black,<=5s vs 5-10s,1738
bE5DIcBV,91,1-0,White,<=5s vs 5-10s,2524
7oX9lJEP,55,0-1,White,<=5s vs 10-15s,1385
r0alqdt3,65,1-0,White,<=5s vs 15-20s,1900
WVHJHyjM,106,0-1,Black,<=5s vs 15-20s,2283
GIFvOCRg,98,1-0,Black,<=5s vs <=5s,2290
7TVyUHo5,77,0-1,White,<=5s vs 5-10s,2351
lGrMta4X,60,0-1,Black,<=5s vs 15-20s,1784
H3Mc9D10,94,1-0,Black,<=5s vs 5-10s,2398
nUnaleLo,63,1-0,White,<=5s vs 5-10s,1570
Bl2JVUPr,103,1/2-1/2,White,<=5s vs 5-10s,2474
k146lQHB,76,0-1,Black,<=5s vs 10-15s,1504
JxaFVqcM,51,0-1,White,<=5s vs 5-10s,1823
folcwdc6,75,0-1,White,<=5s vs <=5s,2391
UaOIWwNI,59,1-0,White,<=5s vs 10-15s,1700
0HaWbbUB,59,1-0,White,<=5s vs 15-20s,2218
f8rUrF4M,74,1-0,Black,<=5s vs 5-10s,2326
X4Z9zjh6,51,1-0,White,<=5s vs 10-15s,1868
IO3SxqG3,67,0-1,White,<=5s vs 5-10s,2094
D9vuUUDC,52,0-1,Black,<=5s vs 10-15s,1585
2tFT9liy,62,0-1,Black,<=5s vs 10-15s,1855
ul2Bldu8,75,1-0,White,<=5s vs 5-10s,2125
vuaZJFdV,52,0-1,Black,<=5s vs 15-20s,1550
5yJfIac3,46,0-1,Black,<=5s vs 5-10s,795
iux7lswz,66,0-1,Black,<=5s vs 10-15s,1535
C2KlyWTN,102,0-1,Black,<=5s vs 15-20s,2469
TmOGCeul,100,0-1,Black,<=5s vs 5-10s,2184
1PSIh4TD,121,1-0,White,<=5s vs 5-10s,2486
Nf2CE1xW,96,1-0,Black,<=5s vs 10-15s,2142
CiAbp7B5,47,1-0,White,<=5s vs 15-20s,965
Txa5Vmc4,55,1-0,White,<=5s vs 5-10s,1661
cOiIPQR4,77,1-0,White,<=5s vs <=5s,764
YLL3QUut,60,0-1,Black,<=5s vs 5-10s,1490
RBE2NaLB,60,0-1,Black,<=5s vs 10-15s,1566
86d2jVXL,69,1-0,White,<=5s vs 15-20s,1709
lQ9FnJor,55,1-0,White,<=5s vs 15-20s,1687
NSHeY984,59,1-0,White,<=5s vs 10-15s,1409
M93qkxZB,83,1-0,White,<=5s vs 5-10s,1313
Pyx0JCTb,72,1-0,Black,<=5s vs 5-10s,2221
56TlC2XR,113,1-0,White,<=5s vs 15-20s,1669
flLadtuV,86,1-0,Black,<=5s vs 5-10s,1461
384o8345,75,0-1,White,<=5s vs <=5s,1730
oMtsyrCg,74,0-1,Black,<=5s vs 5-10s,1410
yftFXgXe,89,1-0,White,<=5s vs 10-15s,2554
F4HpEDmk,81,1-0,White,<=5s vs 10-15s,1849
RUq2AXVZ,77,1-0,White,<=5s vs 10-15s,1949
YXu41tXZ,64,0-1,Black,<=5s vs 15-20s,1600
NXfD7hDS,72,1-0,Black,<=5s vs <=5s,2026
5Q55DcnF,82,0-1,Black,<=5s vs 10-15s,1605
2rywEwhn,52,0-1,Black,<=5s vs 15-20s,1432
MspLtRRT,73,1-0,White,<=5s vs <=5s,2048
PEG2A2lb,80,0-1,Black,<=5s vs <=5s,1921
RIcaOoVQ,71,1-0,White,<=5s vs 5-10s,1880
akXSGePu,62,0-1,Black,<=5s vs 10-15s,2426
Rc49o39N,68,0-1,Black,<=5s vs 5-10s,1300
SrUoCLBp,78,1/2-1/2,Black,<=5s vs <=5s,2151
Wia4E1DT,29,0-1,White,<=5s vs 5-10s,836
ufWDWyIH,72,0-1,Black,<=5s vs 10-15s,1502
HQi1dKQ6,91,0-1,White,<=5s vs <=5s,2490
2p9e1NL9,55,1-0,White,<=5s vs 15-20s,2063
Tq7HHPOy,46,0-1,Black,<=5s vs <=5s,1943
V44FOarF,83,1-0,White,<=5s vs 5-10s,2197
Z3AJhZOn,76,0-1,Black,<=5s vs 5-10s,1974
bIjD7fTa,46,0-1,Black,<=5s vs 15-20s,1044
8KCwHpCi,147,1-0,White,<=5s vs 15-20s,2412
NvFXvCrR,68,1/2-1/2,Black,<=5s vs 15-20s,2383
xhGIncJC,95,1-0,White,<=5s vs 5-10s,2180
ZgVbJHt8,77,1-0,White,<=5s vs 15-20s,1535
j9SQ9UQQ,53,1-0,White,<=5s vs 15-20s,1493
GxKAGDXc,58,0-1,Black,<=5s vs 10-15s,1838
8hWR8aJd,47,1-0,White,<=5s vs 15-20s,1287
fWEdqNuY,65,0-1,White,<=5s vs <=5s,1718
CENYTFc1,111,1-0,White,<=5s vs 15-20s,2281
pNjMekQr,64,0-1,Black,<=5s vs 10-15s,2181
02B1J6Ca,76,0-1,Black,<=5s vs 10-15s,2932
CK3YffRQ,46,0-1,Black,<=5s vs 10-15s,1844
T3tuN3B1,37,1-0,White,<=5s vs 5-10s,1073
sLTno33l,85,1-0,White,<=5s vs 10-15s,2223
9bH0Eqbg,46,0-1,Black,<=5s vs 15-20s,1126
8oyepel8,58,0-1,Black,<=5s vs 10-15s,1738
CA3vBI31,121,1/2-1/2,White,<=5s vs 5-10s,2680
Blv4EPQY,95,1-0,White,<=5s vs <=5s,2011
daJWcRUj,67,0-1,White,<=5s vs <=5s,1313
7mcxhQlR,71,0-1,White,<=5s vs 10-15s,2223
mDGgLs0F,57,1-0,White,<=5s vs 10-15s,1543
bV5BRwPv,116,1/2-1/2,Black,<=5s vs 5-10s,1533
OZpBtKRj,127,1/2-1/2,White,<=5s vs 15-20s,1555
D9MW1TJl,78,0-1,Black,<=5s vs 15-20s,2328
ExcVuau8,89,0-1,White,<=5s vs 5-10s,2634
VouqXqLs,63,1-0,White,<=5s vs 5-10s,1750
d6SNmrHZ,89,1-0,White,<=5s vs 15-20s,2343
EUpGKqc3,99,1-0,White,<=5s vs 10-15s,1393
dZliyxiz,90,0-1,Black,<=5s vs 5-10s,1573
YQX3l4Ka,77,0-1,White,<=5s vs 5-10s,1340
EB9MSDJK,87,1-0,White,<=5s vs 10-15s,1856
1PjHR8hZ,67,1-0,White,<=5s vs 15-20s,1521
VtbeIFd2,72,0-1,Black,<=5s vs 5-10s,1553
0C4JLFC8,60,0-1,Black,<=5s vs 5-10s,1800
zbzeh1du,40,0-1,Black,<=5s vs 15-20s,1092
4WC7koSO,84,0-1,Black,<=5s vs 15-20s,2086
0bDXVwxx,77,1-0,White,<=5s vs <=5s,1798
VYQzBtJI,66,0-1,Black,<=5s vs 10-15s,1437
TgFbPmHD,93,1-0,White,<=5s vs 10-15s,2139
AwQAMSaR,54,0-1,Black,<=5s vs 5-10s,1264
CiXxUWw7,100,0-1,Black,<=5s vs 5-10s,2607
dke9JmvU,52,0-1,Black,<=5s vs 5-10s,2041
uuRWhgSd,57,1-0,White,<=5s vs 15-20s,2008
uayigwHS,51,1-0,White,<=5s vs 15-20s,1405
U61EIMVQ,75,1-0,White,<=5s vs <=5s,1746
zuDqxkAs,50,0-1,Black,<=5s vs 15-20s,1288
BorWIJlE,71,1-0,White,<=5s vs 15-20s,2160
D3ToVrVb,75,1-0,White,<=5s vs 5-10s,1574
fLynyHih,70,0-1,Black,<=5s vs 15-20s,2303
CSJECtP1,79,1-0,White,<=5s vs 5-10s,1893
ja7NpVzm,67,0-1,White,<=5s vs 15-20s,1810
SEhc9gIB,57,1-0,White,<=5s vs 10-15s,1347
lmmFOEtQ,142,1/2-1/2,Black,<=5s vs 15-20s,1477
ESIbchjZ,76,1-0,Black,<=5s vs <=5s,1741
PxDcY90M,94,1-0,Black,<=5s vs <=5s,2934
tTKQK0jG,80,0-1,Black,<=5s vs 5-10s,2035
tLevJcM4,50,0-1,Black,<=5s vs 15-20s,1307
nyqUZNyZ,73,1-0,White,<=5s vs 5-10s,1982
PKFP1qZH,95,0-1,White,<=5s vs <=5s,2231
6HbKOAYu,59,1-0,White,<=5s vs 5-10s,1449
RCb7q7qA,78,0-1,Black,<=5s vs 5-10s,1481
1RrvuYXY,38,0-1,Black,<=5s vs 5-10s,1720
fAr9m4B3,54,0-1,Black,<=5s vs 15-20s,1314
zLcBgJzv,81,1-0,White,<=5s vs 15-20s,2005
KNufcuZW,72,0-1,Black,<=5s vs 10-15s,1859
HTVN94Nk,107,1-0,White,<=5s vs 5-10s,2458
2P7Rg6eL,50,0-1,Black,<=5s vs 5-10s,1377
XSWsB07B,68,0-1,Black,<=5s vs 10-15s,1812
KzN33Ucr,98,0-1,Black,<=5s vs <=5s,2385
P6503YVR,81,1/2-1/2,White,<=5s vs 15-20s,1738
6LMTkaYv,63,1-0,White,<=5s vs 15-20s,1500
4m8sTXhC,69,0-1,White,<=5s vs 5-10s,2057
eJIFojHb,92,0-1,Black,<=5s vs <=5s,2716
x7Ih1zkW,112,0-1,Black,<=5s vs 10-15s,2040
7TTTGItG,76,0-1,Black,<=5s vs <=5s,1594
o4pBOMrt,61,0-1,White,<=5s vs 15-20s,992
0LRsWjTK,50,0-1,Black,<=5s vs 10-15s,1108
7SbUjNSk,93,1-0,White,<=5s vs 15-20s,1894
7fGeS20L,75,1-0,White,<=5s vs 5-10s,1596
IrOwgTNO,46,0-1,Black,<=5s vs 10-15s,1081
ctlyBUUK,68,1-0,Black,<=5s vs <=5s,2357
H8yIWu7a,76,0-1,Black,<=5s vs 5-10s,1596
zvauLEz4,63,1-0,White,<=5s vs 10-15s,1776
dtQrL1md,71,1-0,White,<=5s vs 10-15s,1822
QLiWJI61,71,1-0,White,<=5s vs 5-10s,1260
Ucqxnb4d,45,1-0,White,<=5s vs 15-20s,966
bSp0rvgr,62,0-1,Black,<=5s vs 5-10s,1866
DGZUWkHU,76,0-1,Black,<=5s vs 15-20s,1776
GOfwT7Az,57,1-0,White,<=5s vs 5-10s,2237
HoYVWABa,79,1-0,White,<=5s vs 5-10s,2419
XcEYKFL4,143,0-1,White,<=5s vs 5-10s,2958
tvzES2kG,158,1-0,Black,<=5s vs <=5s,2417
j7RdtWwx,71,1-0,White,<=5s vs 5-10s,1119
xW0kRBiz,74,0-1,Black,<=5s vs 10-15s,891
1mI1rd7m,58,0-1,Black,<=5s vs 5-10s,1447
24ec1b8E,63,1-0,White,<=5s vs 15-20s,1936
DXo3a97o,89,1-0,White,<=5s vs 15-20s,2080
y4k7KrPS,50,0-1,Black,<=5s vs 5-10s,1123
s1wdaQNE,74,0-1,Black,<=5s vs 10-15s,2305
9sHx3SAR,60,0-1,Black,<=5s vs 15-20s,3046
gdHLOVl6,97,1-0,White,<=5s vs 10-15s,2253
nfMohaGq,84,0-1,Black,<=5s vs 5-10s,1583
7INM1Qch,102,1-0,Black,<=5s vs 5-10s,2087
CqHfSB8z,74,0-1,Black,<=5s vs 15-20s,2474
b828GRqj,59,1-0,White,<=5s vs 15-20s,1350
uDyP2XuZ,57,0-1,White,<=5s vs 5-10s,1073
G5pwkjHY,70,0-1,Black,<=5s vs 15-20s,1327
lbhIkugL,50,0-1,Black,<=5s vs 15-20s,1265
XH2MZb6v,45,1-0,White,<=5s vs 5-10s,1018
sg8PTKOj,69,1-0,White,<=5s vs 5-10s,1662
SHQGrNUX,52,0-1,Black,<=5s vs 15-20s,1695
vfDRYqx3,44,0-1,Black,<=5s vs 10-15s,978
5l155qbW,89,1-0,White,<=5s vs 5-10s,2322
QFLauer2,103,1-0,White,<=5s vs 15-20s,2141
SmhL3Y7i,69,1-0,White,<=5s vs 15-20s,1925
Kjm94MdC,76,0-1,Black,<=5s vs 5-10s,1529
9y9VHgB4,81,1-0,White,<=5s vs 5-10s,1376
ZNW06lNb,46,0-1,Black,<=5s vs 10-15s,1815
rkJOYCXM,62,1-0,Black,<=5s vs 5-10s,1820
K764wNLb,79,1-0,White,<=5s vs 15-20s,2377
JMlfpWPp,70,0-1,Black,<=5s vs 10-15s,1607
WVE9J5WU,82,1-0,Black,<=5s vs <=5s,2483
UngIByV4,66,0-1,Black,<=5s vs 5-10s,2140
DK4Q32FM,80,1-0,Black,<=5s vs 15-20s,2526
4qBNSN66,56,0-1,Black,<=5s vs <=5s,1101
GyhbgXcH,67,1-0,White,<=5s vs 15-20s,2002
hHz6C6VA,50,0-1,Black,<=5s vs 10-15s,1522
RLfV6HIL,60,1-0,Black,<=5s vs 5-10s,1975
cXrx3UTw,55,0-1,White,<=5s vs 15-20s,1866
dYbhxqBn,61,1-0,White,<=5s vs 10-15s,1205
571thibT,68,1-0,Black,<=5s vs <=5s,2242
vRW8CSPX,64,0-1,Black,<=5s vs 10-15s,2049
3R6MFOv2,99,1/2-1/2,White,<=5s vs 5-10s,1898
0E8WAvKL,43,1-0,White,<=5s vs <=5s,1494
Vi6K47FP,73,1-0,White,<=5s vs 15-20s,2461
JgZmoqEp,96,0-1,Black,<=5s vs 5-10s,1859
8Jow21kc,57,1-0,White,<=5s vs 15-20s,1515
o2urmn6c,84,0-1,Black,<=5s vs 5-10s,2437
DSYvdA3K,149,1/2-1/2,White,<=5s vs 15-20s,2186
YpgoDXHa,79,1-0,White,<=5s vs 10-15s,2091
22k39CJ3,51,1-0,White,<=5s vs 15-20s,1805
i0cgO5zD,50,0-1,Black,<=5s vs 15-20s,1127
ljS0Awju,59,1-0,White,<=5s vs 10-15s,1473
X3h8OliV,77,1-0,White,<=5s vs 5-10s,2128
T01lobHs,48,0-1,Black,<=5s vs 15-20s,1931
gEBD0RTX,76,1-0,Black,<=5s vs 5-10s,2561
oJZi0Spb,85,1-0,White,<=5s vs 10-15s,1880
ULV8bzi5,69,1-0,White,<=5s vs 15-20s,2381
WJOqmRJO,49,1-0,White,<=5s vs 5-10s,984
OUqcgOg1,50,0-1,Black,<=5s vs 15-20s,1719
N0qoFL9d,70,0-1,Black,<=5s vs <=5s,1902
THw7MTsj,71,1-0,White,<=5s vs 5-10s,1434
JP7pqosr,74,0-1,Black,<=5s vs 10-15s,1883
BIKWxmfz,59,1-0,White,<=5s vs 15-20s,1648
RMDCemh4,64,0-1,Black,<=5s vs <=5s,1256
7uCuAxMg,84,0-1,Black,<=5s vs 5-10s,2544
hLw4reJm,62,0-1,Black,<=5s vs 10-15s,1447
xOYaFkk9,69,1-0,White,<=5s vs 15-20s,1128
lCYbFSxn,70,0-1,Black,<=5s vs 15-20s,1656
qgoj1KdQ,101,1-0,White,<=5s vs 5-10s,2646
Dq8sE1bX,63,1-0,White,<=5s vs 15-20s,1612
UomWJmDZ,63,1-0,White,<=5s vs 15-20s,1652
rKBv0Vkp,69,1-0,White,<=5s vs 5-10s,2216
SjNMmUUK,72,1-0,Black,<=5s vs <=5s,1799
iQivv24w,47,1-0,White,<=5s vs 15-20s,1023
9Xh3fMBb,39,1-0,White,<=5s vs 10-15s,1112
hFpBiD2x,107,1-0,White,<=5s vs 10-15s,2344
z7zeD3Og,75,1-0,White,<=5s vs 5-10s,1014
C25kNMKk,45,0-1,White,<=5s vs 15-20s,1426
uPd1qXQP,57,1-0,White,<=5s vs 10-15s,1312
LPAOqeMq,67,1-0,White,<=5s vs 10-15s,1554
9bqPIymS,69,1-0,White,<=5s vs 15-20s,2582
CjCCFxsN,88,0-1,Black,<=5s vs <=5s,2292
EnlHWKMN,60,0-1,Black,<=5s vs 15-20s,1564
10iz0ZaY,80,0-1,Black,<=5s vs 15-20s,1946
g4dpZ6vQ,59,1-0,White,<=5s vs 15-20s,1853
L4PRe7uY,64,0-1,Black,<=5s vs <=5s,1608
Bib7wg7x,58,0-1,Black,<=5s vs 5-10s,1897
KfoMUqAE,62,0-1,Black,<=5s vs 15-20s,1457
Sb6Vehjt,62,0-1,Black,<=5s vs 5-10s,1593
ax4taQqI,56,0-1,Black,<=5s vs 10-15s,1021
SDKp2sGA,87,1/2-1/2,White,<=5s vs 5-10s,2384
zK70flP1,95,1-0,White,<=5s vs 15-20s,2598
UvMaTozS,86,0-1,Black,<=5s vs 15-20s,1820
1Id3kzIh,81,1-0,White,<=5s vs 10-15s,2039
L5Bb8VGp,54,0-1,Black,<=5s vs 10-15s,1897
mmO7ahNI,53,1-0,White,<=5s vs 15-20s,1078
NKNXbNRW,54,0-1,Black,<=5s vs 10-15s,1647
wqVRd6Fg,82,0-1,Black,<=5s vs 5-10s,2217
c6XcsgoI,56,1-0,Black,<=5s vs 5-10s,1861
167Ds6L8,77,1-0,White,<=5s vs 15-20s,1763
KAlCzq0D,60,1-0,Black,<=5s vs 10-15s,1496
HJRs30jT,96,0-1,Black,<=5s vs <=5s,2055
TnLICNed,80,0-1,Black,<=5s vs 15-20s,1769
eL0yoFvY,84,0-1,Black,<=5s vs 5-10s,1780
zPsK4qkr,60,0-1,Black,<=5s vs 5-10s,2369
2PEHRUeg,118,1/2-1/2,Black,<=5s vs 15-20s,1964
xAfQDoZC,58,0-1,Black,<=5s vs 15-20s,1061
lI2tJP4r,62,0-1,Black,<=5s vs 15-20s,1584
HP6SBiCn,76,0-1,Black,<=5s vs 10-15s,2486
dAx2OF22,47,1-0,White,<=5s vs 10-15s,1051
0rIAIdA3,61,1-0,White,<=5s vs 10-15s,2364
ax6YdvcZ,152,0-1,Black,<=5s vs 5-10s,2135
GjZtJxq5,57,1-0,White,<=5s vs 15-20s,1575
NmdmIJ5g,62,0-1,Black,<=5s vs 15-20s,1585
QYDonY3p,131,1/2-1/2,White,<=5s vs 5-10s,2078
J5wyVzDE,50,0-1,Black,<=5s vs 10-15s,1055
YxnNWLcZ,73,1-0,White,<=5s vs 15-20s,1786
L7DDlNwA,121,1/2-1/2,White,<=5s vs 5-10s,2416
UqtloUGF,84,0-1,Black,<=5s vs 15-20s,2279
TP8Hsmkd,135,1/2-1/2,White,<=5s vs <=5s,1442
REI0r5hL,112,1/2-1/2,Black,<=5s vs 5-10s,2179
BsKIJH44,75,1-0,White,<=5s vs 5-10s,1460
39cXlh73,114,1-0,Black,<=5s vs 10-15s,2160
kyv7sP33,94,0-1,Black,<=5s vs 10-15s,2775
42hCmItc,52,0-1,Black,<=5s vs 5-10s,910
F4NZ4bBb,83,0-1,White,<=5s vs <=5s,1287
ME78UARP,70,0-1,Black,<=5s vs 5-10s,2057
pNdpxLcs,79,1-0,White,<=5s vs 10-15s,2398
FpbBHqAZ,69,1-0,White,<=5s vs 10-15s,1951
CiZyg919,54,0-1,Black,<=5s vs 15-20s,1924
udAHKiXr,54,0-1,Black,<=5s vs 10-15s,1706
CiLPMFlB,75,1-0,White,<=5s vs 5-10s,1267
rknhyYFU,75,1-0,White,<=5s vs 15-20s,1499
w06mSIKs,87,1-0,White,<=5s vs 5-10s,2024
Baa4EdZB,144,1-0,Black,<=5s vs 5-10s,1981
qekz7mbp,75,0-1,White,<=5s vs <=5s,1742
vOFAi87R,149,1/2-1/2,White,<=5s vs 5-10s,2385
EMo0QXit,103,1-0,White,<=5s vs 10-15s,2738
essJbFrk,97,1-0,White,<=5s vs 15-20s,1744
ZVE6SAzl,87,1-0,White,<=5s vs 10-15s,1997
fTTo7kar,66,0-1,Black,<=5s vs 10-15s,1263
QFrxmX9d,77,1-0,White,<=5s vs 5-10s,2006
F2KQfL8H,71,1-0,White,<=5s vs 10-15s,1537
TrGB9t2J,78,1-0,Black,<=5s vs 5-10s,2489
oYZHjbvf,69,1-0,White,<=5s vs 10-15s,1692
sohZZPC4,80,0-1,Black,<=5s vs 15-20s,1512
SyTDTAmX,70,0-1,Black,<=5s vs 5-10s,1363
eAteTbTI,77,1-0,White,<=5s vs 10-15s,1270
yRBki3hQ,59,1-0,White,<=5s vs 15-20s,2051
1cAWa1oe,67,1-0,White,<=5s vs 15-20s,2117
TQBu63IH,76,0-1,Black,<=5s vs 15-20s,2408
UbCnUJrf,56,0-1,Black,<=5s vs 5-10s,1060
WdjkZeld,79,1-0,White,<=5s vs <=5s,1960
4Hn4bAyI,82,1-0,Black,<=5s vs <=5s,1920
drPE8IGe,141,1-0,White,<=5s vs 15-20s,1430
5JIbEXPV,67,1-0,White,<=5s vs 5-10s,1074
cTQ3rg13,62,0-1,Black,<=5s vs <=5s,1317
iO7hj1Lo,77,1-0,White,<=5s vs 10-15s,1945
N1qMEamv,71,1-0,White,<=5s vs 10-15s,802
vZZ1WF6q,58,0-1,Black,<=5s vs <=5s,1165
St7b6EyZ,67,1-0,White,<=5s vs 10-15s,1491
oezfjC1Z,142,0-1,Black,<=5s vs 5-10s,2336
C9OTGjVg,63,1-0,White,<=5s vs 15-20s,1053
d7hsU3E9,65,1-0,White,<=5s vs 15-20s,1594
t29YSOet,64,0-1,Black,<=5s vs 5-10s,1428
elSk5S41,70,0-1,Black,<=5s vs 5-10s,1467
W8AFZbqK,46,0-1,Black,<=5s vs 10-15s,1129
w6hnLcn6,49,1-0,White,<=5s vs 15-20s,1226
3YElK90T,64,0-1,Black,<=5s vs <=5s,1782
6Q1SIOG0,68,0-1,Black,<=5s vs 15-20s,1810
9W3g6Q4g,66,1-0,Black,<=5s vs <=5s,1753
Fuf02lMu,71,1-0,White,<=5s vs 15-20s,2001
3s5vUU9D,63,1-0,White,<=5s vs 5-10s,2150
jVaNXtZU,64,0-1,Black,<=5s vs <=5s,1114
igDTpYvB,80,1/2-1/2,Black,<=5s vs 5-10s,2404
dwMKLCim,92,1-0,Black,<=5s vs 5-10s,2045
BVUaXPww,56,0-1,Black,<=5s vs 10-15s,1178
Q2apBk2m,51,1-0,White,<=5s vs 15-20s,1703
KXrsPZ3q,92,1/2-1/2,Black,<=5s vs 5-10s,2488
5fzJ0mPQ,82,0-1,Black,<=5s vs 15-20s,2086
EyHDWDYY,67,1-0,White,<=5s vs 5-10s,1927
KobX0yJH,72,0-1,Black,<=5s vs 10-15s,1749
aR8utKts,82,0-1,Black,<=5s vs 5-10s,1943
OySZ0EOQ,42,0-1,Black,<=5s vs 5-10s,667
3hK06bpy,88,1-0,Black,<=5s vs 5-10s,1545
mfwVlTIv,74,0-1,Black,<=5s vs 5-10s,1340
Jbp0Kacj,38,0-1,Black,<=5s vs 10-15s,1641
1CRgprk5,35,1-0,White,<=5s vs 5-10s,1742
Frt0ipMP,67,1-0,White,<=5s vs 5-10s,1524
D2GIgIH3,121,1-0,White,<=5s vs 15-20s,2326
GXJynEZ9,74,0-1,Black,<=5s vs 5-10s,1873
GX8xycEj,60,0-1,Black,<=5s vs 5-10s,1433
T7kQE3ra,44,0-1,Black,<=5s vs 5-10s,1487
XxlSTBQ7,98,1-0,Black,<=5s vs <=5s,2067
ycocwNAt,98,1-0,Black,<=5s vs 10-15s,1829
BbK6mHtM,70,0-1,Black,<=5s vs 15-20s,2625
ayxXenWl,60,0-1,Black,<=5s vs 5-10s,2003
ZP34GOYp,99,0-1,White,<=5s vs 5-10s,1852
7jr4K7t3,61,1-0,White,<=5s vs 10-15s,1396
XcT9IKc4,64,0-1,Black,<=5s vs <=5s,1267
banQsj3O,64,0-1,Black,<=5s vs 15-20s,1781
gGVigEL9,104,0-1,Black,<=5s vs 5-10s,2680
0NtDatbJ,71,1-0,White,<=5s vs 15-20s,2276
dW9AeAxs,56,0-1,Black,<=5s vs 15-20s,1115
O82G4hKV,65,1-0,White,<=5s vs 5-10s,1374
LxUraBUL,98,1-0,Black,<=5s vs <=5s,2191
pBirUnaU,143,1-0,White,<=5s vs 15-20s,2476
JOQfM8sb,61,1-0,White,<=5s vs 15-20s,1428
30kWtSiT,52,0-1,Black,<=5s vs 10-15s,2013
SmDHdlJn,90,0-1,Black,<=5s vs <=5s,2497
V0w1Ln0C,72,0-1,Black,<=5s vs 15-20s,2531
iVYyCARx,60,0-1,Black,<=5s vs 10-15s,1580
p4l3lYhC,72,1/2-1/2,Black,<=5s vs 5-10s,1454
McOxnPoS,64,0-1,Black,<=5s vs 15-20s,2035
CnNZ3Yea,66,0-1,Black,<=5s vs <=5s,1245
DDxQI806,64,0-1,Black,<=5s vs 10-15s,1312
g1HPi3bb,42,0-1,Black,<=5s vs 10-15s,1166
PbbWjSvC,88,0-1,Black,<=5s vs 15-20s,2432
aJJ33ABT,58,0-1,Black,<=5s vs 5-10s,1558
dN2th2jK,81,0-1,White,<=5s vs <=5s,2342
eaMZCYQh,107,0-1,White,<=5s vs <=5s,2478
4CtffOqx,68,0-1,Black,<=5s vs 5-10s,1669
7cNYmamZ,66,0-1,Black,<=5s vs 5-10s,1165
eiUkxZ8M,79,1-0,White,<=5s vs 15-20s,2346
tVF3VQyH,50,0-1,Black,<=5s vs 10-15s,1610
CrSKya4N,72,0-1,Black,<=5s vs 10-15s,1638
5zv1msb6,58,0-1,Black,<=5s vs 5-10s,1639
Y2Ai9aO7,73,1-0,White,<=5s vs 5-10s,1493
MQ8rfeVr,78,0-1,Black,<=5s vs 5-10s,2304
nnLjOrfV,40,0-1,Black,<=5s vs 10-15s,867
jOKXGNin,73,1-0,White,<=5s vs 5-10s,1863
eX2PSyYQ,66,1-0,Black,<=5s vs 5-10s,1357
hR6MOzbv,55,1-0,White,<=5s vs 10-15s,1634
EOfTolGn,62,0-1,Black,<=5s vs 5-10s,1773
IPsVVhnN,63,1-0,White,<=5s vs 10-15s,1530
uTg0jw1w,106,1-0,Black,<=5s vs 5-10s,2543
D8EmDFVI,101,1-0,White,<=5s vs 5-10s,1702
bIrayGla,104,1-0,Black,<=5s vs <=5s,2299
Vp7ce7xr,71,1-0,White,<=5s vs 15-20s,1172
nvmayaKk,76,1/2-1/2,Black,<=5s vs 15-20s,2276
0wVZqKwn,99,1-0,White,<=5s vs <=5s,2079
f0mX5J1m,61,1-0,White,<=5s vs <=5s,1777
53kaZ9se,85,0-1,White,<=5s vs <=5s,1820
dtgpCd60,64,0-1,Black,<=5s vs 5-10s,2135
FMDifrc4,72,0-1,Black,<=5s vs 10-15s,1725
uNNmfGQO,80,0-1,Black,<=5s vs 10-15s,2270
uf3m92zN,76,0-1,Black,<=5s vs 5-10s,1835
tNeXFbib,59,1-0,White,<=5s vs 10-15s,1945
XyZLNBSA,65,1-0,White,<=5s vs 10-15s,1895
iNsfz8rg,51,1-0,White,<=5s vs 5-10s,1371
nJAng91O,65,1-0,White,<=5s vs 15-20s,1657
aSMZQnGT,126,0-1,Black,<=5s vs 10-15s,2299
WNfP8UFy,92,0-1,Black,<=5s vs 5-10s,2478
QP5Lbzer,64,0-1,Black,<=5s vs 15-20s,1826
iUpufO08,74,0-1,Black,<=5s vs 10-15s,2098
f3MInfM6,92,0-1,Black,<=5s vs 5-10s,2132
9C98fYzt,119,1/2-1/2,White,<=5s vs 15-20s,2128
QPRekEMR,48,0-1,Black,<=5s vs 10-15s,1516
7XnuzQBq,74,0-1,Black,<=5s vs 5-10s,1923
CCGqnyOK,84,1-0,Black,<=5s vs <=5s,2717
4XO0vaYH,69,1-0,White,<=5s vs 5-10s,2148
BiESGAX1,94,1/2-1/2,Black,<=5s vs 10-15s,2177
ckGgPWvd,161,1/2-1/2,White,<=5s vs 10-15s,1990
YrGf8idi,119,1-0,White,<=5s vs 10-15s,2234
C4yzfKpA,74,1-0,Black,<=5s vs 10-15s,1399
7DAd9a7z,65,1-0,White,<=5s vs 10-15s,1918
BX2jpLfK,65,1-0,White,<=5s vs 10-15s,1561
eZlMq4zO,63,1-0,White,<=5s vs 5-10s,1376
BQTW3YKY,85,1-0,White,<=5s vs 15-20s,2189
uzI1ebbT,80,0-1,Black,<=5s vs 5-10s,1886
390lQC2T,55,1-0,White,<=5s vs 10-15s,1996
CFsrQRYp,45,1-0,White,<=5s vs 15-20s,1221
FxYZnpMi,72,0-1,Black,<=5s vs 10-15s,1763
ikQWlORw,75,0-1,White,<=5s vs 5-10s,2010
nl3tQGzc,54,0-1,Black,<=5s vs 10-15s,1707
fk8URSsy,115,1/2-1/2,White,<=5s vs 10-15s,2737
3gsNuf6u,78,0-1,Black,<=5s vs 5-10s,2006
f0Jrgj30,57,1-0,White,<=5s vs 5-10s,1451
AvzakPef,60,0-1,Black,<=5s vs 10-15s,1526
PGHHfz9Y,88,0-1,Black,<=5s vs 5-10s,1267
aWD1e5gl,50,1-0,Black,<=5s vs <=5s,1462
3MuPoMYL,99,1-0,White,<=5s vs 15-20s,2270
EYpfuYiQ,66,0-1,Black,<=5s vs 15-20s,2348
2MLRL1Th,72,1-0,Black,<=5s vs 5-10s,1630
GHr9QXfT,73,1-0,White,<=5s vs 5-10s,2056
bhemYQhd,77,1-0,White,<=5s vs 5-10s,1480
wYjFgnZd,66,1-0,Black,<=5s vs 10-15s,1555
BvPZkkl3,81,1-0,White,<=5s vs 5-10s,1039
80CmcdhM,84,0-1,Black,<=5s vs 5-10s,1381
CK5BM55J,79,1-0,White,<=5s vs 5-10s,1656
ENU5CJuw,90,0-1,Black,<=5s vs 5-10s,1699
HIN6cKSC,72,0-1,Black,<=5s vs 15-20s,1372
f2eIabBM,83,1-0,White,<=5s vs 5-10s,1896
j1teE4R3,94,0-1,Black,<=5s vs 5-10s,2364
Kq5fNfEq,82,1-0,Black,<=5s vs 5-10s,1981
xVOt9kGl,69,1-0,White,<=5s vs 10-15s,2072
Wj0bQ4fN,74,0-1,Black,<=5s vs 5-10s,1853
sUqP9tXd,78,0-1,Black,<=5s vs <=5s,1464
HGNkV19z,62,0-1,Black,<=5s vs <=5s,1314
Kp2tTrhY,77,1-0,White,<=5s vs 10-15s,1649
uLP4rNqK,106,0-1,Black,<=5s vs 15-20s,2408
Q2BFml7b,114,1/2-1/2,Black,<=5s vs <=5s,2243
8eQYiWhI,70,0-1,Black,<=5s vs 15-20s,1530
EeHLin6G,80,0-1,Black,<=5s vs <=5s,2255
gKcjd1NF,66,0-1,Black,<=5s vs 5-10s,2244
ZW3flh0D,59,1-0,White,<=5s vs <=5s,1045
m6Voprvn,68,0-1,Black,<=5s vs <=5s,1814
xfpdaBBn,62,0-1,Black,<=5s vs 15-20s,1203
LtYcMQqO,73,0-1,White,<=5s vs 5-10s,1678
9eEpm1kI,71,0-1,White,<=5s vs 5-10s,1501
LPdtMR07,71,1-0,White,<=5s vs 10-15s,2604
i4DUBkbd,54,0-1,Black,<=5s vs 10-15s,1741
FGuzcKHn,127,1-0,White,<=5s vs 15-20s,2186
Pm7Ago6c,50,0-1,Black,<=5s vs 15-20s,1362
A8NjMkot,50,0-1,Black,<=5s vs 15-20s,1492
PpD8BzWO,59,1-0,White,<=5s vs 10-15s,1613
Qc2JGLR5,47,1-0,White,<=5s vs 15-20s,1607
yzz7gpEb,88,0-1,Black,<=5s vs <=5s,2183
TYb5BKD5,71,1-0,White,<=5s vs 5-10s,1842
GSQnhmUX,38,0-1,Black,<=5s vs 15-20s,1242
zDcyEIBL,35,1-0,White,<=5s vs 15-20s,1464
Z1ZB843B,118,1/2-1/2,Black,<=5s vs 5-10s,2214
5HBpBhwG,98,1/2-1/2,Black,<=5s vs 5-10s,1571
A3UoKOzf,99,1-0,White,<=5s vs 15-20s,1895
TIoM3RzG,69,1-0,White,<=5s vs 10-15s,2345
Vupim3MJ,59,1-0,White,<=5s vs 10-15s,1347
zwAXlioI,36,0-1,Black,<=5s vs 15-20s,1287
TMq0v71a,119,1-0,White,<=5s vs 15-20s,2084
to2P7tt7,61,1-0,White,<=5s vs 10-15s,1752
B1M0okPU,106,0-1,Black,<=5s vs 15-20s,2544
myHkdARh,55,1-0,White,<=5s vs 10-15s,2064
RoCsIJPt,82,0-1,Black,<=5s vs 10-15s,1929
cRwJ4J0i,65,1-0,White,<=5s vs 10-15s,1148
dXhWcBXg,85,1-0,White,<=5s vs 10-15s,2607
O2eX4Qcx,96,0-1,Black,<=5s vs 5-10s,2742
OCFDAEDl,99,0-1,White,<=5s vs 10-15s,2554
SM6SLguD,172,1/2-1/2,Black,<=5s vs 10-15s,2250
4q7mrehX,92,0-1,Black,<=5s vs 10-15s,2346
CvOBerct,80,0-1,Black,<=5s vs 10-15s,1774
1mjNztOQ,70,0-1,Black,<=5s vs 5-10s,2170
YwFPs0Mz,127,0-1,White,<=5s vs 5-10s,2517
gw5GANSA,53,1-0,White,<=5s vs 15-20s,1816
uGUk30ev,132,0-1,Black,<=5s vs 15-20s,2303
IMe24Jx0,51,1-0,White,<=5s vs 10-15s,1077
9urf7Nte,111,1/2-1/2,White,<=5s vs 10-15s,2301
5kv8rOZL,61,1-0,White,<=5s vs 5-10s,1718
QggHKy93,59,1-0,White,<=5s vs 15-20s,1697
uME2SW9U,67,1-0,White,<=5s vs 5-10s,1226
OPTZuWP7,69,1-0,White,<=5s vs 5-10s,2174
3VNzXXSK,126,1-0,Black,<=5s vs <=5s,2616
CZryoBvU,71,0-1,White,<=5s vs <=5s,2353
NgK7dXb3,97,1-0,White,<=5s vs 10-15s,2368
s92M4pSI,85,1-0,White,<=5s vs 15-20s,2208
S2HmFdY5,76,1-0,Black,<=5s vs 5-10s,1969
hi8aB5DC,135,1-0,White,<=5s vs 5-10s,2317
bwfvFXkp,104,0-1,Black,<=5s vs <=5s,1391
GqxFSeqc,100,0-1,Black,<=5s vs 5-10s,1871
Zf8ImmoJ,115,1-0,White,<=5s vs <=5s,2567
H6q0yi9w,61,1-0,White,<=5s vs 10-15s,2192
7KZjOdLd,68,0-1,Black,<=5s vs 5-10s,2118
q1ikNNMg,99,1-0,White,<=5s vs 5-10s,1295
zccJvtjK,67,1-0,White,<=5s vs 15-20s,2443
4xykTqFg,83,1-0,White,<=5s vs 5-10s,2397
6mtfO1By,71,1-0,White,<=5s vs 10-15s,1816
2pi6EkWw,77,1-0,White,<=5s vs 15-20s,1929
eUv7SxF6,32,0-1,Black,<=5s vs <=5s,928
DkD9MvZp,72,0-1,Black,<=5s vs 10-15s,2337
MNEPgqJc,54,0-1,Black,<=5s vs 10-15s,1353
9ARhvXLy,111,1-0,White,<=5s vs 5-10s,2051
RKsAzeax,102,0-1,Black,<=5s vs 10-15s,2290
2ToTKIOJ,67,1-0,White,<=5s vs 15-20s,1827
1eFLXtZz,71,1-0,White,<=5s vs 5-10s,1936
Lv1Afo9G,53,1-0,White,<=5s vs 5-10s,1130
G651350R,122,0-1,Black,<=5s vs 5-10s,1758
AByDgs1p,71,1-0,White,<=5s vs 5-10s,1559
QJH4KXrP,61,1-0,White,<=5s vs 5-10s,1324
1Ft1g1Sj,44,0-1,Black,<=5s vs 15-20s,1169
RkpKVaS0,82,1/2-1/2,Black,<=5s vs 5-10s,1887
rTjX7aba,117,1-0,White,<=5s vs 5-10s,2026
y02hsN3h,77,1-0,White,<=5s vs 5-10s,1747
LGWld5kN,87,1-0,White,<=5s vs 15-20s,2013
JqKnPw2p,73,1-0,White,<=5s vs 15-20s,2067
iLlt29wO,40,0-1,Black,<=5s vs 5-10s,1469
r46MM2N6,60,1-0,Black,<=5s vs 5-10s,1962
rSRXz0QZ,56,1-0,Black,<=5s vs <=5s,1479
ndluMbzN,79,1-0,White,<=5s vs 10-15s,1970
AEA7MBCA,73,1-0,White,<=5s vs 15-20s,2008
JU9LxZOA,74,1-0,Black,<=5s vs 10-15s,1918
X1F2l1Iz,104,0-1,Black,<=5s vs <=5s,2130
Ey8TCuYo,78,0-1,Black,<=5s vs 5-10s,1971
MlU2zAIm,65,1-0,White,<=5s vs 5-10s,1053
WWdvG08M,46,0-1,Black,<=5s vs 10-15s,1206
MLpU3tBO,66,0-1,Black,<=5s vs 5-10s,1551
xpPldCPC,120,0-1,Black,<=5s vs 5-10s,2132
Gls03RvE,61,1-0,White,<=5s vs 15-20s,1705
MqomGGNZ,59,0-1,White,<=5s vs 15-20s,1748
4w5wEtWJ,78,1-0,Black,<=5s vs 5-10s,2164
ixNzknf6,129,1/2-1/2,White,<=5s vs 5-10s,2364
upx2GEUs,89,1-0,White,<=5s vs 10-15s,2459
hAwAYUaZ,121,1-0,White,<=5s vs <=5s,1921
ISq1VhyN,64,0-1,Black,<=5s vs 10-15s,2144
VZw5b3ja,103,1/2-1/2,White,<=5s vs 5-10s,2225
V4AFrlw4,39,1-0,White,<=5s vs 15-20s,1088
4g9YdVDD,71,1-0,White,<=5s vs 10-15s,1599
0an4zSL6,58,1-0,Black,<=5s vs 5-10s,929
CdiUZ6Or,97,0-1,White,<=5s vs 10-15s,2111
AaeaTwTW,63,1-0,White,<=5s vs 15-20s,1710
ghecBayI,61,1-0,White,<=5s vs <=5s,1010
0f1DaUbi,63,1-0,White,<=5s vs 15-20s,1990
Uf0z4BEP,52,0-1,Black,<=5s vs 5-10s,1258
S2qNzRcH,83,0-1,White,<=5s vs 5-10s,1785
2pGkL2SJ,118,1-0,Black,<=5s vs 10-15s,2766
Jjug76s7,86,0-1,Black,<=5s vs 10-15s,2424
7OQOPpL5,115,1-0,White,<=5s vs <=5s,1793
PP9yprcl,54,0-1,Black,<=5s vs 15-20s,1982
Jw0Hwp0A,77,1-0,White,<=5s vs 15-20s,2196
1KGe3qdG,75,1-0,White,<=5s vs 5-10s,2437
FHkEC5tK,132,0-1,Black,<=5s vs <=5s,2562
8JFln3Y3,59,1-0,White,<=5s vs 5-10s,2606
aenwocU8,101,0-1,White,<=5s vs 15-20s,2787
fpbDRxqI,75,0-1,White,<=5s vs 10-15s,2404
E0ZVRTZk,59,1-0,White,<=5s vs 15-20s,2313
xroHgYq8,66,1-0,Black,<=5s vs <=5s,1894
EYcyZUP6,68,1-0,Black,<=5s vs 5-10s,1418
JOXzhUWi,72,0-1,Black,<=5s vs 5-10s,2191
D6XIOuOn,62,0-1,Black,<=5s vs 5-10s,1255
tfjC2a2h,85,1-0,White,<=5s vs 5-10s,2503
2RHXWESN,51,1-0,White,<=5s vs 5-10s,1396
T7W40vz2,41,1-0,White,<=5s vs 10-15s,1085
29UekhRu,70,1-0,Black,<=5s vs 5-10s,1552
TkJdLLa9,83,1-0,White,<=5s vs <=5s,2780
Z3VrImzq,64,0-1,Black,<=5s vs <=5s,1449
VEUkmOi8,75,1-0,White,<=5s vs 5-10s,1509
TL9tAXuT,109,1-0,White,<=5s vs 5-10s,2182
OtEpSf0c,58,0-1,Black,<=5s vs 5-10s,1326
28DVPkZB,84,1-0,Black,<=5s vs <=5s,1977
zWftUwOn,73,1-0,White,<=5s vs 15-20s,2131
GrOrC7VG,66,0-1,Black,<=5s vs 5-10s,1587
mEJ0AGE0,88,0-1,Black,<=5s vs 5-10s,1967
lBEBX6Xr,83,1-0,White,<=5s vs 5-10s,2044
kpNTE5l6,64,1-0,Black,<=5s vs 10-15s,1848
M3LlL4VI,60,0-1,Black,<=5s vs 10-15s,1831
2MKxSrC9,55,1-0,White,<=5s vs 15-20s,1224
CouPsRmz,67,1-0,White,<=5s vs 5-10s,1879
tz4b0hTL,63,1-0,White,<=5s vs 10-15s,1567
oMoH4VQq,72,0-1,Black,<=5s vs 15-20s,1116
jrnNtvAP,91,1-0,White,<=5s vs 15-20s,2237
y6mb1tFT,106,1-0,Black,<=5s vs 5-10s,2185
Yrs0oPYe,59,1-0,White,<=5s vs 10-15s,1334
gJmBMpoy,86,0-1,Black,<=5s vs <=5s,1471
QAKzUIBQ,101,1-0,White,<=5s vs 10-15s,2925
95oO1HwA,78,0-1,Black,<=5s vs 15-20s,2085
h1eyCwB7,71,1-0,White,<=5s vs 10-15s,1975
DtHgi2Ie,61,1-0,White,<=5s vs 15-20s,1773
Du7DBGU2,60,1-0,Black,<=5s vs 5-10s,1650
tCyqdIl8,74,0-1,Black,<=5s vs 5-10s,2026
1qqadufe,105,1-0,White,<=5s vs 5-10s,1723
7BlR0NYZ,72,0-1,Black,<=5s vs 10-15s,2187
ppdXXst4,76,0-1,Black,<=5s vs 5-10s,1631
duq28F0V,54,0-1,Black,<=5s vs 10-15s,1446
UdMdSc9C,104,0-1,Black,<=5s vs 5-10s,1795
s2mwmK3d,50,1-0,Black,<=5s vs 5-10s,1063
045Rk3da,52,0-1,Black,<=5s vs 10-15s,1105
ppEckB76,65,1-0,White,<=5s vs 15-20s,1151
EEzFrOff,97,1-0,White,<=5s vs 15-20s,2331
nXnfFUHn,80,0-1,Black,<=5s vs 15-20s,2492
IxqpGkIG,56,0-1,Black,<=5s vs 10-15s,1967
PQ4l5npm,100,0-1,Black,<=5s vs <=5s,2183
JbLwAcDI,62,0-1,Black,<=5s vs 10-15s,1514
3TPjMgQk,67,0-1,White,<=5s vs <=5s,1557
rqOrgBNn,68,0-1,Black,<=5s vs 10-15s,2126
MQhM6n9P,72,1-0,Black,<=5s vs <=5s,1270
LtUGVByM,67,1-0,White,<=5s vs 5-10s,1539
HBQPIpLO,104,0-1,Black,<=5s vs 5-10s,2531
jVJlkHRg,81,0-1,White,<=5s vs <=5s,1891
D1MfsB6y,70,1-0,Black,<=5s vs 10-15s,1765
B1K0TJRy,50,0-1,Black,<=5s vs 15-20s,1718
75472sO5,62,0-1,Black,<=5s vs 15-20s,2047
bAECED0H,152,1/2-1/2,Black,<=5s vs <=5s,2264
9cPK8cuP,74,0-1,Black,<=5s vs 10-15s,2512
AFHmPxps,109,0-1,White,<=5s vs 10-15s,1992
4ix0H4Eu,71,1-0,White,<=5s vs 10-15s,2234
3jD2MuAa,91,0-1,White,<=5s vs 5-10s,2594
GQsgTbaz,132,1/2-1/2,Black,<=5s vs <=5s,2858
6sDilJ6u,84,0-1,Black,<=5s vs 15-20s,1580
Gd7ecqpH,57,1-0,White,<=5s vs 15-20s,2075
KQaxdilk,37,1-0,White,<=5s vs 15-20s,1061
VzyNp4N1,107,1-0,White,<=5s vs 10-15s,2085
SEDyHfhG,67,1-0,White,<=5s vs 10-15s,1660
O50IF7Es,66,0-1,Black,<=5s vs 10-15s,1868
psjC8oCB,72,1-0,Black,<=5s vs <=5s,1982
Gnd4GxaU,68,1-0,Black,<=5s vs 5-10s,1466
c2E9eQ7z,70,0-1,Black,<=5s vs 10-15s,2273
LVXsxXOx,68,0-1,Black,<=5s vs 5-10s,1863
5VEEBuXK,73,1-0,White,<=5s vs 15-20s,2115
z4HjGGV2,57,1-0,White,<=5s vs 5-10s,1503
QpH2hAsy,99,1-0,White,<=5s vs 15-20s,2155
dKbWTwtB,45,1-0,White,<=5s vs 15-20s,799
xiE7iV0L,54,1-0,Black,<=5s vs <=5s,1431
Tzzqq6x1,62,0-1,Black,<=5s vs 10-15s,1319
oKr4AZ6m,85,1-0,White,<=5s vs <=5s,2059
eg0xRlRA,45,1-0,White,<=5s vs 10-15s,1385
LnQ3Woj7,67,0-1,White,<=5s vs <=5s,1359
V0t7wXbL,51,1-0,White,<=5s vs 10-15s,1348
DUsVvNl9,60,0-1,Black,<=5s vs 15-20s,2047
AYMP1ohC,59,1-0,White,<=5s vs 15-20s,1228
VwmgAphQ,73,1-0,White,<=5s vs 15-20s,1756
5jC8hPVk,60,0-1,Black,<=5s vs 10-15s,1455
1Xg2ZLDp,61,1-0,White,<=5s vs 5-10s,782
TvwD4QYM,85,1-0,White,<=5s vs 5-10s,2077
S9rVIq4W,44,0-1,Black,<=5s vs 5-10s,1168
sjkDBxZZ,61,1-0,White,<=5s vs 10-15s,1235
2BvQnavH,65,0-1,White,<=5s vs 5-10s,2860
3fE1qHGm,59,1-0,White,<=5s vs 10-15s,1468
uhNPuJF4,52,0-1,Black,<=5s vs 15-20s,950
TXxOMNng,107,1-0,White,<=5s vs 15-20s,1752
hD31otix,60,0-1,Black,<=5s vs 10-15s,1970
kSrhmtI2,39,1-0,White,<=5s vs 15-20s,1426
mQ1DIdYp,29,0-1,White,<=5s vs 5-10s,707
4R5TPX4D,108,1/2-1/2,Black,<=5s vs <=5s,2203
4IGnsu9N,68,1-0,Black,<=5s vs 5-10s,1815
UzZMNW7D,55,1-0,White,<=5s vs <=5s,979
XqN4vCvV,63,1-0,White,<=5s vs 5-10s,2085
G0vO6kXF,82,0-1,Black,<=5s vs 5-10s,1612
OoTsFabE,73,1-0,White,<=5s vs 5-10s,1416
OdorsUFK,59,1-0,White,<=5s vs 10-15s,1489
4JjPDqjA,56,0-1,Black,<=5s vs 5-10s,1180
7SMCPuOh,85,1-0,White,<=5s vs 15-20s,2296
OU7Dt7nb,113,1-0,White,<=5s vs 15-20s,1691
FrP94CVo,105,0-1,White,<=5s vs <=5s,2084
rTW3Ibid,69,0-1,White,<=5s vs 5-10s,2482
Cmqkb4bl,67,1-0,White,<=5s vs 15-20s,2147
TJgm6oaQ,83,1-0,White,<=5s vs 15-20s,1631
t55FM9fN,75,1-0,White,<=5s vs 10-15s,2455
Rfc8gZGp,50,0-1,Black,<=5s vs 15-20s,1518
9g1dGFQ4,65,0-1,White,<=5s vs <=5s,1475
gY0w23W6,52,0-1,Black,<=5s vs 15-20s,1810
pmQaEkCF,84,0-1,Black,<=5s vs 10-15s,2419
VBi5FfC7,75,1-0,White,<=5s vs 15-20s,1833
9taGF7wK,53,0-1,White,<=5s vs 10-15s,1599
6ErMQFjI,77,1-0,White,<=5s vs <=5s,1721
ijgGPjjh,60,0-1,Black,<=5s vs 10-15s,1392
iqhrotZc,93,0-1,White,<=5s vs 15-20s,2402
6kkjipHO,85,1-0,White,<=5s vs <=5s,2170
W2YaSj64,112,0-1,Black,<=5s vs 15-20s,2409
ViOK0ckO,80,0-1,Black,<=5s vs 10-15s,2308
BAil3lNe,61,1-0,White,<=5s vs 5-10s,1701
cxhuJ20B,89,1-0,White,<=5s vs 15-20s,1536
qBwPecOF,80,0-1,Black,<=5s vs 15-20s,2147
QjanLG4U,122,1-0,Black,<=5s vs 5-10s,1671
uEOPtOLv,56,0-1,Black,<=5s vs 15-20s,1577
N48OyreW,71,0-1,White,<=5s vs <=5s,2089
DJ5tPZz6,61,1-0,White,<=5s vs 5-10s,1583
zVGsXedm,66,0-1,Black,<=5s vs 5-10s,1976
MrqtroZe,73,1-0,White,<=5s vs 5-10s,1976
1HT81Fe8,102,0-1,Black,<=5s vs 15-20s,2192
Fg9ebUe0,45,0-1,White,<=5s vs 5-10s,1313
1gU518ZA,99,0-1,White,<=5s vs 5-10s,2587
F0rGHRHH,32,0-1,Black,<=5s vs 5-10s,903
UO6s5I0B,55,1-0,White,<=5s vs 10-15s,1419
UPmF0FvL,66,0-1,Black,<=5s vs 10-15s,2875
ith0o9M5,47,1-0,White,<=5s vs 15-20s,1401
17MoXGGW,65,1-0,White,<=5s vs 5-10s,1437
PN5j6Hq1,55,1-0,White,<=5s vs 15-20s,1401
9pIXYBDd,80,1-0,Black,<=5s vs 5-10s,1966
gsntICwX,47,1-0,White,<=5s vs 15-20s,1292
HgW3hvHV,104,0-1,Black,<=5s vs 5-10s,2727
Y3s2Tnz0,78,0-1,Black,<=5s vs 10-15s,1706
4qdsVTAU,79,1-0,White,<=5s vs 10-15s,1079
AUgHkkP9,62,0-1,Black,<=5s vs 15-20s,2155
ibFXMzzB,55,1-0,White,<=5s vs 15-20s,1755
SAfnRbzp,81,1-0,White,<=5s vs 5-10s,2074
M2HnCUQo,71,1-0,White,<=5s vs 10-15s,1980
EaJesGPR,57,1-0,White,<=5s vs 15-20s,1873
4s4vtubO,79,1-0,White,<=5s vs 15-20s,2308
m63ywVrU,58,0-1,Black,<=5s vs 5-10s,1421
bJKHkkPk,80,1-0,Black,<=5s vs 5-10s,1958
5AMoEkrm,89,0-1,White,<=5s vs <=5s,1881
ISJxHGOH,66,0-1,Black,<=5s vs 10-15s,2235
2rWmeca9,80,0-1,Black,<=5s vs 5-10s,1342
hl875ZbN,65,1-0,White,<=5s vs 10-15s,1228
GatFDg0M,68,1/2-1/2,Black,<=5s vs 10-15s,2321
90pg8XVx,79,1-0,White,<=5s vs 15-20s,2416
Ak92R0V3,51,1-0,White,<=5s vs 15-20s,706
OvKpZTIp,124,0-1,Black,<=5s vs 5-10s,1645
tzCq7Lye,60,0-1,Black,<=5s vs 5-10s,2145
sHRjCFH1,38,0-1,Black,<=5s vs 15-20s,843
BtTVvwYC,73,1-0,White,<=5s vs 10-15s,1636
QyfvEUgU,46,0-1,Black,<=5s vs 5-10s,1312
I82X8z24,73,1-0,White,<=5s vs 5-10s,2669
fxmPyxrB,51,1-0,White,<=5s vs 10-15s,1023
35eeeJ7r,67,1-0,White,<=5s vs 5-10s,1923
CprI1mFL,54,0-1,Black,<=5s vs 15-20s,1540
mFE0yMRE,65,1-0,White,<=5s vs <=5s,1859
7NzGqS6u,55,1-0,White,<=5s vs 10-15s,1667
IP13FOdp,64,1/2-1/2,Black,<=5s vs 10-15s,1737
qcIqvIZI,46,0-1,Black,<=5s vs 15-20s,1331
BatW4GD9,62,0-1,Black,<=5s vs 10-15s,2267
IcBip9PD,65,1-0,White,<=5s vs 10-15s,1518
Ff3U4A18,92,0-1,Black,<=5s vs <=5s,2110
pobj1HQH,69,0-1,White,<=5s vs 5-10s,1531
ioalYY8j,65,1-0,White,<=5s vs 5-10s,1207
QyilGbQw,86,0-1,Black,<=5s vs 15-20s,2210
MGvfwOqI,81,1-0,White,<=5s vs 5-10s,1725
xc4wPSpQ,80,0-1,Black,<=5s vs 5-10s,2138
rJtghFla,120,1/2-1/2,Black,<=5s vs 10-15s,2650
IT5XRNSy,104,0-1,Black,<=5s vs 10-15s,1981
BA65ifgW,98,0-1,Black,<=5s vs 15-20s,2191
39FbymqS,70,0-1,Black,<=5s vs 10-15s,2125
HsaFLJRC,56,0-1,Black,<=5s vs 5-10s,1680
MLh9MeA8,82,1-0,Black,<=5s vs 5-10s,1912
G7QPuI5g,92,0-1,Black,<=5s vs 15-20s,1813
AiKSQK3o,73,1-0,White,<=5s vs 15-20s,1371
EJvHljRV,61,1-0,White,<=5s vs 15-20s,1865
BJ6Gvu4a,55,1-0,White,<=5s vs 5-10s,1600
7zqISMz6,80,0-1,Black,<=5s vs 10-15s,1538
RLtESEbA,47,1-0,White,<=5s vs 10-15s,1849
SFonEhzI,53,1-0,White,<=5s vs <=5s,1189
SUFNbexZ,77,1-0,White,<=5s vs 10-15s,2473
0Q211CWe,119,1/2-1/2,White,<=5s vs 5-10s,2600
6yJfscBY,75,1-0,White,<=5s vs 10-15s,2161
2lkWnnMV,85,1-0,White,<=5s vs 10-15s,2207
ARqGJMzM,53,0-1,White,<=5s vs 5-10s,980
yYHYHr25,111,1-0,White,<=5s vs 15-20s,2546
WzmkifhF,61,1-0,White,<=5s vs 15-20s,1728
RZiRHg2m,80,0-1,Black,<=5s vs 15-20s,1719
XKxPPpt3,64,0-1,Black,<=5s vs 15-20s,1554
wpuRU9ro,85,1-0,White,<=5s vs 5-10s,1807
Yo6TnoHd,82,0-1,Black,<=5s vs 5-10s,1891
50n7VeeK,106,0-1,Black,<=5s vs <=5s,2270
rzaBcGWU,57,1-0,White,<=5s vs 10-15s,1264
19Qn7L7k,142,1/2-1/2,Black,<=5s vs 5-10s,2803
Q4n2eLzp,61,1-0,White,<=5s vs 15-20s,1782
6jiT6Ozu,51,1-0,White,<=5s vs <=5s,1717
L9Kbo1er,51,1-0,White,<=5s vs 10-15s,1695
0b352nHu,99,1-0,White,<=5s vs 15-20s,1909
N0eA1obJ,71,1-0,White,<=5s vs 15-20s,1789
lQc5lrgj,71,1-0,White,<=5s vs 5-10s,1638
199oZGTe,71,1-0,White,<=5s vs 15-20s,1969
RbhUAFWQ,73,1-0,White,<=5s vs 10-15s,2109
OcCDWeag,91,1-0,White,<=5s vs 10-15s,2300
ba47vjwv,63,1-0,White,<=5s vs 15-20s,2146
zNWdwgmK,70,1-0,Black,<=5s vs 5-10s,2171
WRjSozLM,61,1-0,White,<=5s vs 10-15s,1239
HF5egezS,81,1-0,White,<=5s vs 5-10s,1803
T09HHcit,63,1-0,White,<=5s vs 10-15s,1565
A93YjiJF,83,0-1,White,<=5s vs 5-10s,2260
c3DPsLGl,62,0-1,Black,<=5s vs 15-20s,2013
EHx0eJlA,76,0-1,Black,<=5s vs <=5s,1763
m0kXAZbv,47,0-1,White,<=5s vs 5-10s,1323
gAiAY6ID,92,0-1,Black,<=5s vs 5-10s,2378
ncCdX5BU,123,1-0,White,<=5s vs 15-20s,1604
jTTopkZl,93,1-0,White,<=5s vs 15-20s,2133
Qx6PKEZC,73,1-0,White,<=5s vs 10-15s,2292
Xn7N3nvf,102,1/2-1/2,Black,<=5s vs 5-10s,2705
tQVKswjw,51,0-1,White,<=5s vs 15-20s,1427
ZcpGxS6f,112,1-0,Black,<=5s vs <=5s,2515
rqCO360m,97,1/2-1/2,White,<=5s vs 5-10s,2064
FGw5RKYi,80,0-1,Black,<=5s vs 5-10s,2717
Wd5LI363,73,1-0,White,<=5s vs 5-10s,1411
UcF593b5,52,1-0,Black,<=5s vs 5-10s,1481
2t0wSt9O,34,0-1,Black,<=5s vs 15-20s,1120
7PVCQ12N,60,0-1,Black,<=5s vs 15-20s,1168
USOBEVxQ,57,1-0,White,<=5s vs 15-20s,1361
RzrYMy5G,59,1-0,White,<=5s vs 10-15s,1579
jF3FAy1T,35,1-0,White,<=5s vs 15-20s,1013
1p1z1mq1,103,1-0,White,<=5s vs 5-10s,2565
G4caub09,71,1-0,White,<=5s vs 15-20s,1976
OuKko1In,81,1-0,White,<=5s vs 10-15s,2135
aZgz9jpT,71,1-0,White,<=5s vs 15-20s,1398
FePdsjp8,68,1-0,Black,<=5s vs 10-15s,2291
LRUP2HUs,43,0-1,White,<=5s vs 10-15s,1982
tbMYJUEZ,83,1-0,White,<=5s vs 10-15s,2264
Q5N64mNv,44,1-0,Black,<=5s vs <=5s,952
Qq8oZaV1,65,0-1,White,<=5s vs 5-10s,1743
roqFw0K8,53,1-0,White,<=5s vs 10-15s,1213
GHhKDirS,62,0-1,Black,<=5s vs 15-20s,1488
8vKB57AY,79,1-0,White,<=5s vs 5-10s,1706
XH09bS6s,63,1-0,White,<=5s vs 5-10s,2235
KLRPzoTu,87,1-0,White,<=5s vs 15-20s,2551
LJuViXTP,74,0-1,Black,<=5s vs 5-10s,2283
tOsZsN8G,41,1-0,White,<=5s vs 10-15s,1411
McTsZjAl,83,1-0,White,<=5s vs 15-20s,1443
DOKQ7Sks,98,0-1,Black,<=5s vs 15-20s,2416
5HasEMdp,89,1-0,White,<=5s vs <=5s,1833
vwNL2FYN,61,0-1,White,<=5s vs 5-10s,1210
4lKktYto,133,1/2-1/2,White,<=5s vs <=5s,2124
Xke79S91,64,0-1,Black,<=5s vs 10-15s,1732
VKycuFWi,51,0-1,White,<=5s vs 5-10s,1468
jWpBmzu2,79,1-0,White,<=5s vs 10-15s,1955
is7vgFXe,35,1-0,White,<=5s vs 5-10s,679
3mDMil7P,60,0-1,Black,<=5s vs 15-20s,1691
8W2EQoaQ,55,1-0,White,<=5s vs 15-20s,1507
XMH8zQXG,77,0-1,White,<=5s vs 5-10s,941
ln0famVZ,110,1-0,Black,<=5s vs <=5s,2124
BnIiqmz9,64,0-1,Black,<=5s vs 15-20s,1915
KYyDdfJT,43,1-0,White,<=5s vs 15-20s,965
lgcURJCq,80,0-1,Black,<=5s vs 10-15s,1525
JdMoozdg,147,1/2-1/2,White,<=5s vs <=5s,2237
hJ8aVLaP,48,0-1,Black,<=5s vs 10-15s,1605
BLwcngVw,56,0-1,Black,<=5s vs 15-20s,1901
AtaJd0b2,77,1-0,White,<=5s vs 10-15s,2513
EsK5s6H8,106,0-1,Black,<=5s vs 5-10s,2296
aktG1UlO,102,0-1,Black,<=5s vs <=5s,2427
UT1MMWtf,59,1-0,White,<=5s vs 10-15s,1407
VA9VPa9t,60,0-1,Black,<=5s vs 10-15s,1168
2wPqouod,88,0-1,Black,<=5s vs 15-20s,2239
AHVGBpdb,71,1-0,White,<=5s vs 5-10s,1601
C1NFLOIX,51,0-1,White,<=5s vs 5-10s,1687
3YDAdREs,74,0-1,Black,<=5s vs 15-20s,1980
zu5bB2DA,92,1-0,Black,<=5s vs <=5s,2803
GtQjoTfN,43,1-0,White,<=5s vs 10-15s,1224
zeHkVBS4,66,0-1,Black,<=5s vs 5-10s,2178
Ay6vxlMY,88,1/2-1/2,Black,<=5s vs 10-15s,2212
bZhvDGxA,72,0-1,Black,<=5s vs 5-10s,1687
514sAeQl,94,1-0,Black,<=5s vs <=5s,1152
qCC7mGQA,98,1-0,Black,<=5s vs 5-10s,2414
AL322y0x,115,0-1,White,<=5s vs <=5s,2142
GLHjuZaU,122,0-1,Black,<=5s vs 15-20s,2104
Gfd7pl9r,74,0-1,Black,<=5s vs 5-10s,2113
2wSQI9fV,62,1-0,Black,<=5s vs 5-10s,1592
zPrMe9W5,43,1-0,White,<=5s vs 15-20s,1082
8BNKykjr,90,0-1,Black,<=5s vs 10-15s,2398
n5b0mUKG,124,0-1,Black,<=5s vs 5-10s,2499
6KEpGX5E,79,0-1,White,<=5s vs 5-10s,1759
NbeRgrqi,98,0-1,Black,<=5s vs <=5s,2299
gH35gozk,75,1-0,White,<=5s vs 10-15s,1541
FcNNN9e4,122,0-1,Black,<=5s vs <=5s,1916
KUPko7JF,104,1-0,Black,<=5s vs 10-15s,1453
5abjuX2l,65,1-0,White,<=5s vs 5-10s,1751
RPRtNZkS,99,1-0,White,<=5s vs 15-20s,2234
HjL22BgA,56,0-1,Black,<=5s vs 10-15s,1771
ICsQpbAP,57,1-0,White,<=5s vs 5-10s,1451
GjxWIXgM,80,0-1,Black,<=5s vs 5-10s,1587
honlMf3s,123,1/2-1/2,White,<=5s vs 5-10s,2255
mcKiEaFn,61,1-0,White,<=5s vs 10-15s,1650
zwImZnYw,63,1-0,White,<=5s vs 10-15s,1438
4HUgKl5V,60,0-1,Black,<=5s vs 5-10s,850
kjHFm8j0,115,1-0,White,<=5s vs 5-10s,2458
xJY687xj,74,1-0,Black,<=5s vs <=5s,1464
1mi8VO6F,56,0-1,Black,<=5s vs 15-20s,1633
fRbWZW5p,97,1-0,White,<=5s vs 5-10s,2032
8LAGTr9w,102,0-1,Black,<=5s vs 10-15s,2657
isECXnI6,54,0-1,Black,<=5s vs 10-15s,823
aiW4dxF2,98,1-0,Black,<=5s vs 10-15s,1712
6c8rF4sk,113,1/2-1/2,White,<=5s vs <=5s,1539
trwhnFqi,61,1-0,White,<=5s vs 10-15s,1494
yxfLOFSG,74,0-1,Black,<=5s vs <=5s,1560
85K7dBdF,63,1-0,White,<=5s vs 15-20s,1661
AJpMZ8rF,99,0-1,White,<=5s vs 5-10s,2586
f5iHsyut,58,0-1,Black,<=5s vs 15-20s,1349
wqQ4rx2P,70,0-1,Black,<=5s vs 10-15s,1163
S4tCFyNE,62,1-0,Black,<=5s vs <=5s,1989
wgw0hjZA,120,0-1,Black,<=5s vs 5-10s,2240
fhPZrK51,57,1-0,White,<=5s vs 5-10s,1562
xlstKlBR,119,1/2-1/2,White,<=5s vs 15-20s,2072
9A2ulLei,87,1-0,White,<=5s vs 5-10s,2627
lLAzHOHY,76,1-0,Black,<=5s vs 5-10s,2876
7sqafTQ0,73,1-0,White,<=5s vs 10-15s,2080
26Y5YliY,110,0-1,Black,<=5s vs 15-20s,2138
Ri9N7HvU,40,0-1,Black,<=5s vs 15-20s,1074
qfHup8HN,70,0-1,Black,<=5s vs 10-15s,1839
R9CVEaoP,72,0-1,Black,<=5s vs 5-10s,2214
R03CH9zl,36,0-1,Black,<=5s vs 5-10s,1017
WeQ1FMow,100,1-0,Black,<=5s vs <=5s,1961
KNgJdyB9,70,0-1,Black,<=5s vs 5-10s,1401
1UXqWdqL,58,0-1,Black,<=5s vs <=5s,1287
51VhFT74,89,1-0,White,<=5s vs <=5s,1674
HGM9w6u4,51,0-1,White,<=5s vs 5-10s,1243
9mo8boG5,101,1-0,White,<=5s vs 5-10s,2166
DQNbWRpu,70,0-1,Black,<=5s vs 5-10s,1590
8OwlX4H8,92,1/2-1/2,Black,<=5s vs 15-20s,3097
nCHp63dW,57,1-0,White,<=5s vs 10-15s,1910
5Fo5AzhL,52,0-1,Black,<=5s vs 15-20s,1199
FIknF142,61,1-0,White,<=5s vs 5-10s,1951
B41IeacC,58,0-1,Black,<=5s vs 5-10s,1138
jTgBfeod,85,1-0,White,<=5s vs 5-10s,1601
HokvOE0X,87,1-0,White,<=5s vs 10-15s,2313
UmpTeSFi,79,0-1,White,<=5s vs <=5s,1896
dEh96pL9,64,0-1,Black,<=5s vs 15-20s,2116
zWEYqph1,69,1-0,White,<=5s vs <=5s,1321
0caOXFYi,104,0-1,Black,<=5s vs <=5s,2468
uUo20J0q,101,0-1,White,<=5s vs 5-10s,2074
DIoGE5rE,98,0-1,Black,<=5s vs <=5s,2275
wCPzohjL,60,1-0,Black,<=5s vs 5-10s,844
Z6cPuszw,49,1-0,White,<=5s vs 10-15s,2040
JBOH6J9M,61,1-0,White,<=5s vs 10-15s,1393
t5O58qJA,95,1-0,White,<=5s vs 5-10s,2213
oqTEW7tJ,66,0-1,Black,<=5s vs <=5s,928
k2bqIWts,111,1-0,White,<=5s vs 10-15s,2361
HZssQIpn,64,0-1,Black,<=5s vs 15-20s,2164
tYoPglLk,56,0-1,Black,<=5s vs 15-20s,1157
r7c8ezG1,50,0-1,Black,<=5s vs 15-20s,1497
Hq4xpVmv,86,0-1,Black,<=5s vs 10-15s,2115
a3uDkH7B,98,0-1,Black,<=5s vs 10-15s,1692
U0rTrDca,91,1-0,White,<=5s vs 5-10s,1430
7fshTEqr,88,0-1,Black,<=5s vs 10-15s,2354
coSpf3JU,66,0-1,Black,<=5s vs 10-15s,1648
GdBkMKal,58,0-1,Black,<=5s vs 5-10s,1383
FiXP77YG,87,1-0,White,<=5s vs 5-10s,2045
wI30vbMJ,60,0-1,Black,<=5s vs 10-15s,1238
Q8VQLLBx,65,1-0,White,<=5s vs 15-20s,1312
6jrtj64C,35,0-1,White,<=5s vs 5-10s,695
ZsTf2gDo,51,1-0,White,<=5s vs 15-20s,2631
QC3AYwk7,60,0-1,Black,<=5s vs 5-10s,2003
E3Qdq1ey,142,0-1,Black,<=5s vs <=5s,2553
zHZd6O4j,77,0-1,White,<=5s vs 5-10s,1887
qoGPg5pp,81,1-0,White,<=5s vs 5-10s,1541
33Bfd3GC,68,1-0,Black,<=5s vs 5-10s,1850
xs67kaya,72,0-1,Black,<=5s vs 10-15s,1051
YQkkohwP,96,1-0,Black,<=5s vs 10-15s,2349
FnIYhJFL,91,1-0,White,<=5s vs 15-20s,2305
IOj15qnU,48,0-1,Black,<=5s vs 15-20s,1020
nk8ga32X,59,1-0,White,<=5s vs 5-10s,1223
S9fZW85G,137,1/2-1/2,White,<=5s vs <=5s,1495
g3jgb2OA,75,1-0,White,<=5s vs 5-10s,2165
sRGIXmym,79,1/2-1/2,White,<=5s vs 15-20s,2439
KpICl4jf,70,0-1,Black,<=5s vs 5-10s,1938
76lAjp04,81,1/2-1/2,White,<=5s vs 15-20s,2397
0Cc7Eaal,115,1/2-1/2,White,<=5s vs 5-10s,2133
SMoF8CFW,88,1-0,Black,<=5s vs <=5s,2695
5Z9BhCM9,91,0-1,White,<=5s vs <=5s,2288
YUdDeakJ,76,1-0,Black,<=5s vs <=5s,1544
wRtr1uMg,49,1-0,White,<=5s vs 10-15s,1524
X7oWn1St,64,0-1,Black,<=5s vs 10-15s,1881
XKpFknCE,50,0-1,Black,<=5s vs 15-20s,1379
BJGR4MYZ,88,0-1,Black,<=5s vs <=5s,2192
D1w6NXqY,60,0-1,Black,<=5s vs 10-15s,2483
5TkVJ8MJ,136,1/2-1/2,Black,<=5s vs <=5s,2211
wrG6efsz,115,1-0,White,<=5s vs 15-20s,2096
joVCxFoJ,92,0-1,Black,<=5s vs 15-20s,2259
HY1GlV1p,122,0-1,Black,<=5s vs 10-15s,1907
FZ2Z4kyp,68,0-1,Black,<=5s vs <=5s,2395
FmzewaYd,87,1-0,White,<=5s vs 10-15s,2008
QrLSXKUL,150,1/2-1/2,Black,<=5s vs 10-15s,2700
8XTH1iOC,128,0-1,Black,<=5s vs 15-20s,2155
1E5hW1JP,86,1-0,Black,<=5s vs <=5s,1919
mQHXhW4g,74,1-0,Black,<=5s vs <=5s,2298
YrrVNMFJ,80,0-1,Black,<=5s vs 5-10s,1289
VHnypgvO,49,1-0,White,<=5s vs 5-10s,1828
1xLUHkFf,105,1-0,White,<=5s vs 5-10s,2682
quWZDru4,52,0-1,Black,<=5s vs 10-15s,1225
QAoyzU4X,115,0-1,White,<=5s vs <=5s,2234
QK73tWlK,63,1-0,White,<=5s vs 15-20s,1735
rA33MyIq,62,0-1,Black,<=5s vs 5-10s,2315
9cGkL3H2,60,0-1,Black,<=5s vs 15-20s,1777
cCDR9Wns,66,0-1,Black,<=5s vs <=5s,1219
dW0uqM6a,53,0-1,White,<=5s vs 15-20s,1637
VDAXJ8Bl,119,1-0,White,<=5s vs 15-20s,1633
0SD3Vcow,74,0-1,Black,<=5s vs 5-10s,1673
04bi3e0h,86,0-1,Black,<=5s vs 5-10s,1893
adBKUhNK,123,0-1,White,<=5s vs 10-15s,2135
u5QjHgdo,61,1-0,White,<=5s vs 15-20s,2066
hgXIGLtm,54,0-1,Black,<=5s vs 10-15s,1731
CDngBK3Z,56,0-1,Black,<=5s vs 5-10s,1011
08p2S0TL,110,0-1,Black,<=5s vs 15-20s,1985
jpAU5S1o,104,0-1,Black,<=5s vs 5-10s,1886
ZUbI8O26,55,1-0,White,<=5s vs 15-20s,1417
m7hs1xdm,50,1-0,Black,<=5s vs 5-10s,884
XLmyugF5,87,1-0,White,<=5s vs 5-10s,2149
d3HpK3yw,39,1-0,White,<=5s vs 5-10s,1253
ODLChNX4,61,1-0,White,<=5s vs 10-15s,1260
0LCUJWUU,73,1-0,White,<=5s vs 15-20s,2386
U7tqdCtb,84,1-0,Black,<=5s vs <=5s,2645
tm1FvnLO,131,0-1,White,<=5s vs 10-15s,2398
RYsyr5Rt,61,1-0,White,<=5s vs 10-15s,2107
Qq1taxX6,65,1-0,White,<=5s vs 10-15s,1852
RD5ufJOW,51,0-1,White,<=5s vs 5-10s,1257
8oKnxTzl,49,1-0,White,<=5s vs 15-20s,957
mLZWAk1d,69,0-1,White,<=5s vs 5-10s,1829
ciUIEp7i,60,0-1,Black,<=5s vs 15-20s,1949
hjEL77vc,52,0-1,Black,<=5s vs 5-10s,1376
Hqqq6HyF,99,1-0,White,<=5s vs 5-10s,2626
Bsnf25Is,54,0-1,Black,<=5s vs <=5s,1282
A04D3Okg,66,0-1,Black,<=5s vs 5-10s,2274
RH84dxmF,98,0-1,Black,<=5s vs 5-10s,2356
tTKh7i7w,77,1-0,White,<=5s vs 5-10s,1926
hLwExg4N,48,0-1,Black,<=5s vs 10-15s,1261
6rAtC4Rk,61,1-0,White,<=5s vs 5-10s,1556
4uMHm7YL,54,0-1,Black,<=5s vs 5-10s,1715
za4LWitE,83,1-0,White,<=5s vs 10-15s,1231
ZK5CVRgZ,63,1-0,White,<=5s vs 10-15s,1956
YCB6zk6L,80,0-1,Black,<=5s vs 5-10s,1906
qhAWcpKx,97,1-0,White,<=5s vs 15-20s,2458
Xvh5oCop,69,1-0,White,<=5s vs 5-10s,1270
yveKxYnd,58,0-1,Black,<=5s vs 5-10s,953
ddldUW4x,57,1-0,White,<=5s vs 5-10s,1752
t9pveDKa,63,1-0,White,<=5s vs 5-10s,1978
7U4ePvZW,60,0-1,Black,<=5s vs 10-15s,1633
beSthK9C,80,0-1,Black,<=5s vs 5-10s,2324
ZUDjqqt2,82,1-0,Black,<=5s vs 5-10s,1762
aPqHS6fR,54,0-1,Black,<=5s vs 15-20s,1466
WpWdX05B,66,1-0,Black,<=5s vs <=5s,1355
7QcxBxqb,46,0-1,Black,<=5s vs 15-20s,1020
2O0iNVSl,104,0-1,Black,<=5s vs 10-15s,2608
eLmsphhy,59,1-0,White,<=5s vs 5-10s,1225
57TaffBU,71,1-0,White,<=5s vs 15-20s,1807
0X82a8JV,90,0-1,Black,<=5s vs 15-20s,2175
LO7UhWb4,60,0-1,Black,<=5s vs 15-20s,1322
ahcpm8Zu,93,1-0,White,<=5s vs 5-10s,1816
RSgR7cXG,93,1-0,White,<=5s vs 5-10s,2033
DjGzgfcz,55,1-0,White,<=5s vs 10-15s,1583
zJ5p0uCm,101,1-0,White,<=5s vs 5-10s,2520
Qg3H36vL,87,1-0,White,<=5s vs 10-15s,2853
cv8Y2IqP,99,1/2-1/2,White,<=5s vs 5-10s,2324
5ZuZxQKb,136,1-0,Black,<=5s vs 5-10s,2651
qddIzYxJ,128,0-1,Black,<=5s vs 5-10s,2574
fznWCQMK,56,1-0,Black,<=5s vs 10-15s,1077
j5QC15zj,56,0-1,Black,<=5s vs 5-10s,1037
qrQrrr0o,44,0-1,Black,<=5s vs 15-20s,1159
Gwk0DvKz,61,0-1,White,<=5s vs <=5s,1870
XGn7faDw,42,0-1,Black,<=5s vs <=5s,1563
Fxz5aRkG,73,1-0,White,<=5s vs 10-15s,1753
Iiv0wrRz,53,1-0,White,<=5s vs 15-20s,2056
8e2YWxe6,67,1-0,White,<=5s vs 15-20s,1596
zGTLFgDP,111,1/2-1/2,White,<=5s vs 15-20s,2647
CiEhKjdw,63,1-0,White,<=5s vs 5-10s,1925
nc4hxT8a,65,1-0,White,<=5s vs 10-15s,1940
N4r4FWnx,68,0-1,Black,<=5s vs 5-10s,1285
PWdEr7hw,56,0-1,Black,<=5s vs 5-10s,1464
5Ayuo2Nq,59,0-1,White,<=5s vs 10-15s,1516
GUCozPuq,65,1-0,White,<=5s vs 5-10s,1202
mJq80Pic,101,1-0,White,<=5s vs 10-15s,2638
p1ZibQMa,67,1-0,White,<=5s vs 15-20s,2147
AbPFKkQp,128,0-1,Black,<=5s vs 5-10s,2836
CIUm6cPZ,35,1-0,White,<=5s vs 15-20s,1198
P5DbTM7Z,85,0-1,White,<=5s vs 5-10s,1434
CkraWa7P,75,1-0,White,<=5s vs 5-10s,1847
l3ftsx7x,92,0-1,Black,<=5s vs 5-10s,2180
81zcS8Oa,48,0-1,Black,<=5s vs 5-10s,1577
H8IdFJBN,64,1-0,Black,<=5s vs 5-10s,1819
QjXP48em,113,1-0,White,<=5s vs <=5s,2137
WbZJ7IOB,111,0-1,White,<=5s vs 10-15s,2285
wBJ7ZtnU,54,1-0,Black,<=5s vs <=5s,1108
kNFs1qMN,129,1-0,White,<=5s vs 15-20s,2360
86dpmvGA,95,0-1,White,<=5s vs 5-10s,2165
qHY640Az,77,1-0,White,<=5s vs 15-20s,2056
1fsWgRsQ,68,0-1,Black,<=5s vs 5-10s,2217
gbfdTzdg,51,0-1,White,<=5s vs 5-10s,1423
6SkVu2iB,47,1-0,White,<=5s vs 15-20s,2167
WjbTS83W,85,1-0,White,<=5s vs 5-10s,1190
CB7Vjcov,113,1-0,White,<=5s vs 15-20s,2609
ak3ns7Is,46,1-0,Black,<=5s vs 5-10s,792
xHxAl0Jx,135,1/2-1/2,White,<=5s vs 10-15s,2363
IcXGvnpI,70,1-0,Black,<=5s vs 5-10s,2251
1YyK3Hhp,101,1-0,White,<=5s vs 10-15s,2390
yLjBnjWg,59,1-0,White,<=5s vs 10-15s,1321
6LIZY7Fp,62,0-1,Black,<=5s vs 10-15s,1062
HfLCqeDx,100,1-0,Black,<=5s vs 5-10s,2817
PdjKrQnV,72,0-1,Black,<=5s vs 10-15s,1564
0tODVb5G,41,1-0,White,<=5s vs 10-15s,1252
4DW5D42n,96,0-1,Black,<=5s vs 5-10s,2431
JRQP2ieK,64,1-0,Black,<=5s vs 5-10s,1709
1QcQslo1,59,1-0,White,<=5s vs 5-10s,1107
2Us6DOHQ,64,0-1,Black,<=5s vs 10-15s,2037
3JGS5uN7,87,1-0,White,<=5s vs 15-20s,1819
AW1106Kl,96,0-1,Black,<=5s vs 10-15s,2257
33bDEENs,47,1-0,White,<=5s vs 15-20s,2154
gtebJXTQ,108,1-0,Black,<=5s vs 5-10s,2148
ytDXqse1,77,1/2-1/2,White,<=5s vs 5-10s,1399
LDwDjxmv,41,0-1,White,<=5s vs 15-20s,1049
20i7qni1,44,0-1,Black,<=5s vs 10-15s,981
T35yIAO5,83,1-0,White,<=5s vs <=5s,1872
6QKKi253,48,0-1,Black,<=5s vs 5-10s,1380
6zguqIx2,61,1-0,White,<=5s vs <=5s,1841
YugJeAo4,60,0-1,Black,<=5s vs 15-20s,1813
2AgbbNxX,142,1/2-1/2,Black,<=5s vs 5-10s,2580
iGXmUDdt,70,0-1,Black,<=5s vs 10-15s,2544
j1aJQ3EY,90,0-1,Black,<=5s vs 5-10s,3051
spYmYqFm,100,1-0,Black,<=5s vs <=5s,2024
KBrlvwVm,48,0-1,Black,<=5s vs 15-20s,1606
5OdE8cZb,76,0-1,Black,<=5s vs 5-10s,1626
G9JdtaXq,66,0-1,Black,<=5s vs 10-15s,1818
MlkHbmby,69,1-0,White,<=5s vs 5-10s,1700
t7CiRyGi,45,1-0,White,<=5s vs 10-15s,1500
wsDQsJ6J,94,0-1,Black,<=5s vs 10-15s,2805
Akvvh7YS,118,1/2-1/2,Black,<=5s vs 5-10s,2496
u8pAfmsS,60,0-1,Black,<=5s vs 10-15s,1320
A0rHnGl2,73,1-0,White,<=5s vs 10-15s,2738
w3dbHM3s,66,0-1,Black,<=5s vs 15-20s,2260
ViJgxhkk,84,0-1,Black,<=5s vs 5-10s,2239
Agtiy3JX,102,0-1,Black,<=5s vs <=5s,2544
3sTm3DhC,48,1-0,Black,<=5s vs 5-10s,991
EVggFAsc,106,0-1,Black,<=5s vs 10-15s,1892
Gxx2emgB,58,0-1,Black,<=5s vs 10-15s,1648
6AzrZ6U4,72,0-1,Black,<=5s vs 15-20s,1560
ht1CIH2V,99,0-1,White,<=5s vs 5-10s,1756
7eNA6sst,62,1-0,Black,<=5s vs <=5s,1392
ooWNbe6H,74,0-1,Black,<=5s vs 15-20s,1882
TGe9Cyps,72,0-1,Black,<=5s vs 5-10s,2197
Y3tvg1io,35,1-0,White,<=5s vs 10-15s,936
J24HVYgm,59,0-1,White,<=5s vs 5-10s,2134
kAKoG21L,92,0-1,Black,<=5s vs 5-10s,2459
BnoluSGI,71,1-0,White,<=5s vs 5-10s,1895
gKooevIf,43,1-0,White,<=5s vs 5-10s,989
uM6C4N79,137,1-0,White,<=5s vs <=5s,2573
0V2vp2L7,54,0-1,Black,<=5s vs 5-10s,1420
CQiPV0jK,118,1/2-1/2,Black,<=5s vs 5-10s,1800
Vspozqlf,150,1/2-1/2,Black,<=5s vs <=5s,2284
SIcIc4BK,71,1-0,White,<=5s vs 10-15s,2462
YI4OSGoo,65,1-0,White,<=5s vs 10-15s,1564
TyyVkH2w,120,0-1,Black,<=5s vs 5-10s,2468
BW6BF67n,84,0-1,Black,<=5s vs 15-20s,1818
r8Gz4nU2,46,0-1,Black,<=5s vs 15-20s,1732
z6xmrtb0,84,0-1,Black,<=5s vs 5-10s,1809
GsJskNKX,84,0-1,Black,<=5s vs 10-15s,1612
tdpq2mtb,63,1-0,White,<=5s vs 5-10s,1361
8nXVbok8,74,1-0,Black,<=5s vs <=5s,1211
F2OcIule,105,1-0,White,<=5s vs 10-15s,2232
3mXC2zSl,64,0-1,Black,<=5s vs 5-10s,1793
Ooh8uquP,44,0-1,Black,<=5s vs 15-20s,1127
EpU0X6lL,54,0-1,Black,<=5s vs <=5s,1266
O4hPMCRd,53,1-0,White,<=5s vs 15-20s,1756
Eq6Gyfav,73,1-0,White,<=5s vs 10-15s,2249
CjFEghIO,65,1-0,White,<=5s vs 10-15s,1685
bg6wz24U,56,0-1,Black,<=5s vs 15-20s,1608
d2CXJ9DX,52,0-1,Black,<=5s vs 15-20s,1151
hn1st7DF,40,0-1,Black,<=5s vs 15-20s,1384
GgWMzZJX,40,1-0,Black,<=5s vs <=5s,1590
8vDsMHvP,113,1-0,White,<=5s vs 5-10s,2358
89nPn82j,56,1-0,Black,<=5s vs <=5s,1202
vMpYx9Hk,57,1-0,White,<=5s vs 10-15s,1359
6OoJgnq4,84,0-1,Black,<=5s vs 5-10s,1621
x3LwPwMR,99,1-0,White,<=5s vs 10-15s,1886
emvhh3HC,39,1-0,White,<=5s vs 15-20s,1116
HjCiJXri,65,1-0,White,<=5s vs 15-20s,2191
w7Bqj8FV,67,1-0,White,<=5s vs 5-10s,1701
0VSQfGEU,66,0-1,Black,<=5s vs 15-20s,2507
p93RV47m,105,1-0,White,<=5s vs 10-15s,2170
fjVJPLBg,72,1-0,Black,<=5s vs <=5s,1911
NXJoSVoJ,71,1-0,White,<=5s vs 10-15s,2386
Ahn6ndNx,76,0-1,Black,<=5s vs 5-10s,2132
Ykb7Zq3o,83,1-0,White,<=5s vs <=5s,1693
SttOnYJW,61,1-0,White,<=5s vs 5-10s,1436
ADmOgjsl,69,1-0,White,<=5s vs 5-10s,1144
3Y5JViCA,76,1-0,Black,<=5s vs 10-15s,1637
p1hvCgTR,63,0-1,White,<=5s vs 5-10s,2058
BI70wMn7,74,0-1,Black,<=5s vs <=5s,2315
a0f1y8wu,95,1-0,White,<=5s vs 5-10s,2839
hhEynyl2,87,1-0,White,<=5s vs <=5s,1712
BYz7VS6M,99,0-1,White,<=5s vs 5-10s,1867
8qslI3Bq,100,0-1,Black,<=5s vs <=5s,2298
z59NsKT6,77,1-0,White,<=5s vs 5-10s,1852
wRzwAXMN,72,0-1,Black,<=5s vs 15-20s,1484
DVL2Ghby,78,1-0,Black,<=5s vs <=5s,1541
TRFndz35,59,1-0,White,<=5s vs 5-10s,1182
jtqQ0NS1,61,1-0,White,<=5s vs 10-15s,2261
KwT3aLoz,50,0-1,Black,<=5s vs 10-15s,1234
9NpyzkUl,69,1-0,White,<=5s vs 15-20s,1331
7X6UidVR,96,1-0,Black,<=5s vs <=5s,2568
XJHYbomk,95,1-0,White,<=5s vs 5-10s,2832
FPRSgShc,74,0-1,Black,<=5s vs 5-10s,2040
2y5GPTfu,79,1-0,White,<=5s vs 5-10s,1406
K50K0kb5,74,0-1,Black,<=5s vs 15-20s,2291
ovpZo0Mp,88,0-1,Black,<=5s vs 5-10s,3000
zyleEUrT,62,0-1,Black,<=5s vs 5-10s,1336
SfODlXLJ,64,0-1,Black,<=5s vs 5-10s,1771
7SF0XZeX,116,1-0,Black,<=5s vs <=5s,1652
Pk6TwfYT,109,1-0,White,<=5s vs <=5s,1902
8isGU8rM,109,1-0,White,<=5s vs 15-20s,1463
NKc3o4sA,34,0-1,Black,<=5s vs 10-15s,838
N37Zivgp,79,1-0,White,<=5s vs <=5s,1753
1J1f6a2n,61,1-0,White,<=5s vs 15-20s,2027
W6gXCO3r,60,0-1,Black,<=5s vs 10-15s,1247
DaeunqjN,83,1-0,White,<=5s vs 5-10s,2312
LiBWBrpK,55,1-0,White,<=5s vs 5-10s,1302
XG9M2Mos,82,0-1,Black,<=5s vs 5-10s,1863
8f0Aj2ZV,53,1-0,White,<=5s vs 10-15s,1174
5P6NmZlh,52,0-1,Black,<=5s vs 10-15s,1658
GC9oyovR,63,1-0,White,<=5s vs 15-20s,1646
TGNuIABU,69,1-0,White,<=5s vs 5-10s,2110
I0mTEvD7,56,1-0,Black,<=5s vs 5-10s,1442
QIP83Bpy,91,1-0,White,<=5s vs 5-10s,1790
NVOBca5t,71,1-0,White,<=5s vs 10-15s,2007
297IltZX,58,0-1,Black,<=5s vs 10-15s,1792
aBFvNa8V,132,0-1,Black,<=5s vs 15-20s,1843
1v6DV5JO,67,0-1,White,<=5s vs 5-10s,1847
MKjLuK0Y,53,1-0,White,<=5s vs 15-20s,1860
79tx5wYI,53,1-0,White,<=5s vs 5-10s,2013
7vrbKhc9,65,0-1,White,<=5s vs 5-10s,2530
VSQDdoVi,62,0-1,Black,<=5s vs 15-20s,1709
aAqQzqwL,71,0-1,White,<=5s vs 10-15s,1353
aervvKo4,62,0-1,Black,<=5s vs 5-10s,1439
YNqrrvtR,42,0-1,Black,<=5s vs 15-20s,1337
MHDjg2K7,55,1-0,White,<=5s vs 15-20s,1432
buLbFKA7,74,1-0,Black,<=5s vs 5-10s,2206
D8ViL2Nj,76,0-1,Black,<=5s vs 5-10s,2824
Fo2Ob4I2,128,1-0,Black,<=5s vs <=5s,1966
blpV3BXa,49,0-1,White,<=5s vs 5-10s,1160
AmDAYthc,79,1-0,White,<=5s vs 10-15s,1362
PFNFWZEh,88,0-1,Black,<=5s vs 15-20s,2706
drZbzUa5,106,1-0,Black,<=5s vs 5-10s,2383
sDSBclfg,39,1-0,White,<=5s vs 15-20s,1160
D2ngBSP4,54,0-1,Black,<=5s vs 15-20s,1660
CTsEVJrQ,79,1-0,White,<=5s vs <=5s,1199
A7Yumt7p,93,0-1,White,<=5s vs 5-10s,2517
eiFs0gCX,89,1-0,White,<=5s vs 15-20s,2249
PBtyCsnQ,67,1-0,White,<=5s vs 15-20s,1997
Dg3TkNNk,85,1-0,White,<=5s vs 10-15s,2255
BCPbSPmm,80,1-0,Black,<=5s vs 5-10s,2025
p90t9pHr,62,0-1,Black,<=5s vs 5-10s,1424
26CqVIkO,125,1-0,White,<=5s vs <=5s,2559
M20Esd6t,100,0-1,Black,<=5s vs 15-20s,2234
wkxXXxiR,70,0-1,Black,<=5s vs 15-20s,1798
27lAPLgM,55,1-0,White,<=5s vs 15-20s,1638
CXt37RsG,105,1-0,White,<=5s vs 5-10s,2357
QcFXAnFK,109,1-0,White,<=5s vs <=5s,2245
ibQOWok2,147,1-0,White,<=5s vs 10-15s,2550
cCnazn70,62,0-1,Black,<=5s vs 15-20s,1303
Fy43f06a,48,0-1,Black,<=5s vs 15-20s,1330
9e8QlRSr,75,1-0,White,<=5s vs 15-20s,2047
g67xhEXH,63,1-0,White,<=5s vs 15-20s,2223
VRzBRXyX,53,1-0,White,<=5s vs 15-20s,1615
J9t1SvC0,64,0-1,Black,<=5s vs 5-10s,1260
fAq2cs5b,98,0-1,Black,<=5s vs 5-10s,2894
YDOuajvr,50,1-0,Black,<=5s vs 5-10s,1382
9kb48DGp,115,1-0,White,<=5s vs 10-15s,2323
WS8RU0jN,64,0-1,Black,<=5s vs 10-15s,1712
o99jLDJW,74,0-1,Black,<=5s vs 5-10s,2238
IGfpI3Bh,64,0-1,Black,<=5s vs 10-15s,1830
HMxgSvGK,127,1/2-1/2,White,<=5s vs 10-15s,2045
VEJPkdgf,74,1-0,Black,<=5s vs 5-10s,1864
3gtW1mqS,72,0-1,Black,<=5s vs 10-15s,1950
vQy30qs7,53,1-0,White,<=5s vs 15-20s,1090
ivrZvis6,121,1/2-1/2,White,<=5s vs 5-10s,2541
OExomUOM,93,1-0,White,<=5s vs 5-10s,2466
LJDHjwTI,49,1-0,White,<=5s vs 15-20s,1166
Xslma3YB,69,1-0,White,<=5s vs 15-20s,1845
3jXaQPit,96,1-0,Black,<=5s vs <=5s,2506
k82sP6am,122,0-1,Black,<=5s vs <=5s,2428
Rs0Wx6lN,68,0-1,Black,<=5s vs 5-10s,1702
VWxcx2k1,88,1-0,Black,<=5s vs <=5s,2051
MEL5oVvY,112,0-1,Black,<=5s vs 5-10s,2236
JKxUIkoF,86,0-1,Black,<=5s vs 5-10s,1921
c3J5pWDu,62,0-1,Black,<=5s vs 5-10s,2348
GQouu77n,47,1-0,White,<=5s vs 10-15s,1499
D0n85T0D,91,1-0,White,<=5s vs 5-10s,2419
zd95p1Jz,72,0-1,Black,<=5s vs 5-10s,1216
yEK0bmaw,76,0-1,Black,<=5s vs 15-20s,1451
LS2ALcCc,72,1/2-1/2,Black,<=5s vs 10-15s,2114
zERjXyGX,71,1-0,White,<=5s vs 10-15s,2143
zajkmtab,88,0-1,Black,<=5s vs 10-15s,2172
YnZpsoU9,115,1-0,White,<=5s vs 5-10s,1866
QWXuyeAy,54,0-1,Black,<=5s vs <=5s,1145
omkgnI2i,135,1-0,White,<=5s vs 15-20s,1703
4lKNFQZS,56,0-1,Black,<=5s vs 15-20s,1984
p9vzYJfV,61,1-0,White,<=5s vs 15-20s,1918
mtDSbOld,50,0-1,Black,<=5s vs <=5s,967
Au8NPOET,67,1-0,White,<=5s vs 15-20s,1558
tn7uhgjJ,70,0-1,Black,<=5s vs <=5s,1498
tjQKGMfo,74,0-1,Black,<=5s vs <=5s,1225
2FxQ59aj,46,0-1,Black,<=5s vs 15-20s,2203
WGnu2lhz,74,1-0,Black,<=5s vs <=5s,2076
TlrhCbd8,75,1-0,White,<=5s vs 5-10s,1737
32xpSI8p,69,1-0,White,<=5s vs 15-20s,1736
RTAaF5rd,70,0-1,Black,<=5s vs 10-15s,2869
IG29fkHq,62,0-1,Black,<=5s vs 5-10s,1350
3srMuy4V,96,0-1,Black,<=5s vs <=5s,2272
1j2XEUcF,59,1-0,White,<=5s vs 10-15s,1838
MeH0fZNV,78,1-0,Black,<=5s vs 15-20s,2910
gwSjlicH,86,0-1,Black,<=5s vs 5-10s,1996
Mfju7Oy8,79,1-0,White,<=5s vs 5-10s,2005
7gC1pogz,111,0-1,White,<=5s vs 5-10s,2598
S0Pc1lYz,91,1-0,White,<=5s vs 15-20s,2458
EauO8TVp,74,0-1,Black,<=5s vs 15-20s,1752
UaKKZ29d,57,1-0,White,<=5s vs 5-10s,1751
aiX5W5Z8,76,1-0,Black,<=5s vs <=5s,2091
bleZt69j,70,0-1,Black,<=5s vs 15-20s,2156
MbUSjhpy,98,0-1,Black,<=5s vs 5-10s,2415
uuL3kWEV,59,1-0,White,<=5s vs 10-15s,890
3OICgGIz,49,1-0,White,<=5s vs 15-20s,1039
ji3iw6DH,52,1-0,Black,<=5s vs 10-15s,1127
polzJQQe,109,1-0,White,<=5s vs 15-20s,2435
Jpl7mkii,109,1-0,White,<=5s vs 10-15s,2484
2SMZFeZW,70,1-0,Black,<=5s vs <=5s,2208
Th50Mt2i,58,0-1,Black,<=5s vs <=5s,1803
3AUIjIux,54,0-1,Black,<=5s vs 15-20s,1198
OTot1hO0,50,0-1,Black,<=5s vs 10-15s,1056
f6CzezAf,60,0-1,Black,<=5s vs 5-10s,1939
99pfA712,63,1-0,White,<=5s vs 10-15s,1500
HsmmFUaa,46,1-0,Black,<=5s vs 10-15s,1354
ZEMIw4U2,108,0-1,Black,<=5s vs 5-10s,2342
eSb0Fl92,77,1-0,White,<=5s vs 15-20s,2693
w4S0I0Se,64,0-1,Black,<=5s vs <=5s,1029
Bw6xlwkg,79,1-0,White,<=5s vs 15-20s,2365
LiPULkOF,76,1/2-1/2,Black,<=5s vs <=5s,2306
SWgVwB1F,86,0-1,Black,<=5s vs 10-15s,1942
JNjWsdBl,61,1-0,White,<=5s vs 15-20s,1901
d7FoQo8W,39,1-0,White,<=5s vs 10-15s,785
VhXV1nIB,83,1-0,White,<=5s vs 15-20s,1893
s9Qrv6TI,88,0-1,Black,<=5s vs 10-15s,1287
avO6W64X,53,0-1,White,<=5s vs 5-10s,1444
I7kUHYPh,62,1-0,Black,<=5s vs <=5s,2473
gg87lBGQ,106,0-1,Black,<=5s vs 15-20s,2315
0QX1xYDd,113,1-0,White,<=5s vs 15-20s,2350
X8Fl6ONF,62,0-1,Black,<=5s vs 10-15s,1933
QOW18dns,112,0-1,Black,<=5s vs 5-10s,2473
hNY3q5Gn,50,0-1,Black,<=5s vs 10-15s,1621
CcxbEjoD,78,0-1,Black,<=5s vs 10-15s,1946
CswQuFg3,63,1-0,White,<=5s vs 15-20s,1936
pL1dpEFA,63,0-1,White,<=5s vs <=5s,1634
XCJ88U0d,34,0-1,Black,<=5s vs 15-20s,725
URseAMQK,63,0-1,White,<=5s vs 5-10s,1221
czTXwO3Z,71,1-0,White,<=5s vs 15-20s,1450
ojsYcbPQ,64,0-1,Black,<=5s vs 15-20s,1269
6HzXv4VO,66,1-0,Black,<=5s vs 5-10s,1110
XmoC9JSR,119,1/2-1/2,White,<=5s vs 10-15s,2713
oMTQzlCB,45,1-0,White,<=5s vs 10-15s,998
3dTEP45R,72,0-1,Black,<=5s vs 5-10s,1652
2iSS7jZq,55,1-0,White,<=5s vs 5-10s,1170
f4t6cC0j,46,0-1,Black,<=5s vs <=5s,1327
O1cgi5Y6,70,0-1,Black,<=5s vs <=5s,2108
fHlUcOlG,50,0-1,Black,<=5s vs 10-15s,2139
P1PKJhzI,64,0-1,Black,<=5s vs 15-20s,1102
vMiBVrdu,62,0-1,Black,<=5s vs 10-15s,1601
HkTHIwqW,51,0-1,White,<=5s vs 5-10s,1606
tZkxAjKN,70,0-1,Black,<=5s vs 10-15s,1911
kD46pS1Y,38,0-1,Black,<=5s vs 15-20s,1067
nNO3Z4Hi,36,0-1,Black,<=5s vs 15-20s,1554
KB4epr7I,58,0-1,Black,<=5s vs 15-20s,1915
8jAVUOib,74,0-1,Black,<=5s vs 10-15s,1768
NevG5Efk,50,0-1,Black,<=5s vs 10-15s,1506
GFIu0FdE,60,0-1,Black,<=5s vs 15-20s,1885
xvCxLAqH,78,0-1,Black,<=5s vs <=5s,1246
1YEdEyiL,51,1-0,White,<=5s vs 5-10s,1329
LEOEnoWM,79,1-0,White,<=5s vs <=5s,1830
hsY7GVmm,106,1/2-1/2,Black,<=5s vs <=5s,2153
QvPSO1ac,87,1-0,White,<=5s vs 5-10s,2564
rqKOQEnt,73,1-0,White,<=5s vs 10-15s,1644
VvMm1Ezn,133,0-1,White,<=5s vs 10-15s,2914
qXJdCFR6,104,1/2-1/2,Black,<=5s vs 5-10s,2267
AC8W8UXH,63,1-0,White,<=5s vs 15-20s,1490
T0W4MiII,53,0-1,White,<=5s vs <=5s,1706
bW2A1Skt,61,0-1,White,<=5s vs <=5s,1740
FGePyFV5,85,0-1,White,<=5s vs <=5s,1781
cw12Ot1G,69,1-0,White,<=5s vs 15-20s,2130
yvQkD1xQ,62,0-1,Black,<=5s vs 5-10s,1370
3XIrWPwS,117,1-0,White,<=5s vs <=5s,1776
7FEw5BYX,78,0-1,Black,<=5s vs 5-10s,2216
fX2UoPJd,78,1-0,Black,<=5s vs 5-10s,1927
aHAcGHgv,89,0-1,White,<=5s vs <=5s,1402
KSpaylaZ,74,1/2-1/2,Black,<=5s vs 5-10s,1540
yENdtIxS,69,1-0,White,<=5s vs 5-10s,1456
MhQqnUGd,97,1-0,White,<=5s vs 10-15s,2488
nKSKjfcD,57,1-0,White,<=5s vs 10-15s,1830
UHSgR8oW,56,0-1,Black,<=5s vs 5-10s,1229
N8y07yPc,75,0-1,White,<=5s vs 10-15s,2121
QElMiTJ8,88,0-1,Black,<=5s vs 5-10s,2287
BSRi4nRv,77,0-1,White,<=5s vs <=5s,1489
XGMT9Nch,46,0-1,Black,<=5s vs 10-15s,1752
M23HzO4i,84,0-1,Black,<=5s vs 10-15s,1982
Pn27fOYU,54,0-1,Black,<=5s vs 10-15s,572
BHIJxRlO,53,1-0,White,<=5s vs 10-15s,1462
P0MGPJu6,40,0-1,Black,<=5s vs 5-10s,714
uizoxOl7,81,1-0,White,<=5s vs 5-10s,1794
bp5DjxUx,79,1-0,White,<=5s vs 5-10s,1375
WJyxz8zY,61,0-1,White,<=5s vs <=5s,1808
7usIcV8e,92,0-1,Black,<=5s vs <=5s,1518
8a6LprRF,67,1-0,White,<=5s vs 10-15s,1931
LNwfCaxG,126,0-1,Black,<=5s vs 5-10s,2200
jSr6y0mD,47,1-0,White,<=5s vs 10-15s,1093
PgpUaWqw,77,0-1,White,<=5s vs <=5s,1631
Z0itBBCm,52,1-0,Black,<=5s vs <=5s,1136
uIA9I1LF,90,0-1,Black,<=5s vs 5-10s,1641
NKP99Jmj,61,1-0,White,<=5s vs 10-15s,2010
zyOcq8yM,42,0-1,Black,<=5s vs 15-20s,761
0qpG8wfx,51,1-0,White,<=5s vs 15-20s,1292
oTTN739A,61,0-1,White,<=5s vs 10-15s,1147
j4RSzuju,80,0-1,Black,<=5s vs 10-15s,1864
vomv3uht,88,1/2-1/2,Black,<=5s vs 15-20s,1475
Axsis8fF,53,1-0,White,<=5s vs 15-20s,2041
oRrTAHJZ,65,0-1,White,<=5s vs <=5s,1639
fxDxunpk,89,0-1,White,<=5s vs 5-10s,2643
Ag8lKqrx,54,0-1,Black,<=5s vs 15-20s,1754
R6r7f1fM,64,0-1,Black,<=5s vs 10-15s,2340
KfFrQzID,42,0-1,Black,<=5s vs 5-10s,841
SlR1QOgN,64,0-1,Black,<=5s vs 5-10s,1536
2gB64QdB,79,0-1,White,<=5s vs <=5s,2031
0WljWit5,82,0-1,Black,<=5s vs <=5s,2146
mbSN73eh,98,0-1,Black,<=5s vs 10-15s,2637
KDwPvBdK,77,1-0,White,<=5s vs 10-15s,2075
dLLLsSaP,43,1-0,White,<=5s vs 10-15s,1188
rq29xdWK,76,0-1,Black,<=5s vs 15-20s,1571
qp5JJh22,101,1-0,White,<=5s vs 10-15s,2684
KqposRNN,72,1-0,Black,<=5s vs 5-10s,2235
SzNWOfsv,112,0-1,Black,<=5s vs 5-10s,2464
UBHEVgYK,56,0-1,Black,<=5s vs 15-20s,2339
aIeoGCD2,87,1-0,White,<=5s vs 15-20s,1171
U2mi92Di,51,0-1,White,<=5s vs 5-10s,1382
FGow6lI9,67,1-0,White,<=5s vs 10-15s,1826
3P1nESJ9,83,1-0,White,<=5s vs 5-10s,2302
6gywYfSr,80,0-1,Black,<=5s vs 10-15s,2144
GFckoz4B,57,1-0,White,<=5s vs 15-20s,2009
49PDgA7M,143,1/2-1/2,White,<=5s vs 5-10s,1838
LEP7YtYs,83,0-1,White,<=5s vs <=5s,1875
roGjtfHi,46,1-0,Black,<=5s vs <=5s,923
ZItYCbZi,66,0-1,Black,<=5s vs 5-10s,1758
zUWpeU2Z,55,0-1,White,<=5s vs <=5s,1126
tjDYenIk,58,1-0,Black,<=5s vs <=5s,806
yX0Tl5en,56,0-1,Black,<=5s vs 15-20s,1909
IkhRVwcG,88,1-0,Black,<=5s vs 15-20s,2018
6RbpIkfB,86,1-0,Black,<=5s vs <=5s,1594
MIxcDLAh,92,0-1,Black,<=5s vs 5-10s,2407
AUSk2fiy,76,1/2-1/2,Black,<=5s vs 5-10s,1790
SHv1tNTS,74,0-1,Black,<=5s vs 10-15s,1860
3DyAArCK,64,0-1,Black,<=5s vs 5-10s,1151
srHTgt9h,74,1-0,Black,<=5s vs <=5s,1515
RB4TeS4W,78,0-1,Black,<=5s vs 15-20s,2081
G3pTW6lc,69,1-0,White,<=5s vs 5-10s,1912
YwzwLDxd,89,0-1,White,<=5s vs 5-10s,2207
6ylnDpst,75,0-1,White,<=5s vs 15-20s,2628
7RXpp7by,105,1-0,White,<=5s vs 5-10s,2092
82nAGCSC,57,1-0,White,<=5s vs 15-20s,1761
vdQEjmq3,58,0-1,Black,<=5s vs 5-10s,1995
ZeyaTp90,61,1-0,White,<=5s vs 5-10s,2339
yZl3Df9t,104,0-1,Black,<=5s vs 5-10s,2678
GqGC61o2,61,0-1,White,<=5s vs 5-10s,1230
ibFjdeyz,55,1-0,White,<=5s vs 15-20s,2418
PJPM2yd0,73,1-0,White,<=5s vs 10-15s,1290
NHfALUeQ,60,1-0,Black,<=5s vs <=5s,1743
ZIFIiTAU,63,0-1,White,<=5s vs <=5s,1922
nr28sXLF,60,0-1,Black,<=5s vs <=5s,1492
QOhip4tM,85,1-0,White,<=5s vs 15-20s,2293
L0NhFKNg,68,1-0,Black,<=5s vs 5-10s,2163
F6p8XjKq,104,0-1,Black,<=5s vs 10-15s,2288
ajZVOF3H,68,0-1,Black,<=5s vs 15-20s,1988
dxUGJ352,72,0-1,Black,<=5s vs 15-20s,1841
IvSQHBUo,67,1-0,White,<=5s vs 15-20s,1301
AulftALB,119,1-0,White,<=5s vs 5-10s,2213
0dMsA2Wf,75,1-0,White,<=5s vs 5-10s,1191
31qbsjKK,88,0-1,Black,<=5s vs 15-20s,2266
ZHpNE1FP,84,0-1,Black,<=5s vs 15-20s,2017
M51x8Lm3,53,1-0,White,<=5s vs 15-20s,1519
hpmt5yLi,49,1-0,White,<=5s vs 15-20s,1943
9rVwF6gX,74,1/2-1/2,Black,<=5s vs 15-20s,1937
JUxwV0Pf,65,1-0,White,<=5s vs 15-20s,1625
01NfwoLg,109,0-1,White,<=5s vs 15-20s,1907
zRgLrVHr,66,0-1,Black,<=5s vs 10-15s,1702
GLPR3ntd,73,1-0,White,<=5s vs 5-10s,1747
I4fA9NZQ,58,0-1,Black,<=5s vs 10-15s,1332
mFVfJryo,48,0-1,Black,<=5s vs 15-20s,1149
uPhyFAhB,52,0-1,Black,<=5s vs <=5s,1423
ROIhMS6m,96,1-0,Black,<=5s vs 5-10s,2198
ef3AiErA,39,1-0,White,<=5s vs 10-15s,1365
TH2pLDqG,43,0-1,White,<=5s vs 5-10s,1158
Sr3UScHt,34,0-1,Black,<=5s vs 15-20s,1072
leY9w76h,98,0-1,Black,<=5s vs 5-10s,2352
14MrJyEX,56,0-1,Black,<=5s vs 15-20s,1631
bjM8lx4Z,58,0-1,Black,<=5s vs 5-10s,883
rhWUxfPj,96,0-1,Black,<=5s vs 5-10s,2094
zcQ5SAMA,61,1-0,White,<=5s vs 5-10s,1527
wyUWjw3F,75,1-0,White,<=5s vs 15-20s,2116
BPCLkkhy,96,0-1,Black,<=5s vs <=5s,1963
8g1cT0q4,49,1-0,White,<=5s vs 15-20s,1230
XgYo5PrE,68,1-0,Black,<=5s vs <=5s,1464
SW4Nor3V,107,1-0,White,<=5s vs 5-10s,2425
AvtsIQAN,117,1/2-1/2,White,<=5s vs 5-10s,2476
IEqxzz1F,115,1-0,White,<=5s vs 10-15s,1939
tjCxiTtb,79,1/2-1/2,White,<=5s vs 5-10s,2312
la5ivYnr,123,1-0,White,<=5s vs 10-15s,2649
e33Nhbva,62,0-1,Black,<=5s vs 15-20s,1777
IP3zQ8HM,60,0-1,Black,<=5s vs 5-10s,1922
GESlkHpO,65,1-0,White,<=5s vs 5-10s,1427
YKBnKG5K,65,1-0,White,<=5s vs 5-10s,1337
4YqSjKbS,85,1-0,White,<=5s vs 15-20s,1997
t0QymZ5s,61,1-0,White,<=5s vs 10-15s,1838
Xy5ly3c9,50,1-0,Black,<=5s vs 5-10s,1435
8NeH1Y3M,45,1-0,White,<=5s vs 10-15s,1031
6PIWs0YS,59,1-0,White,<=5s vs 15-20s,1914
lv9LssGS,57,0-1,White,<=5s vs 5-10s,2451
F8I13Bmy,101,1-0,White,<=5s vs 10-15s,2691
DeKsl799,81,1-0,White,<=5s vs 10-15s,2612
RDFB2lxd,78,0-1,Black,<=5s vs 15-20s,2495
jIvvZdWt,64,1-0,Black,<=5s vs 10-15s,1524
FIuUGcHh,83,1-0,White,<=5s vs <=5s,1891
i9Og1z0y,68,1-0,Black,<=5s vs 5-10s,1875
t2LmigGE,74,1-0,Black,<=5s vs 15-20s,2317
59TZmcbP,87,1-0,White,<=5s vs 15-20s,2068
BJ19REl6,65,0-1,White,<=5s vs 10-15s,1507
uwrd3Ya6,57,1-0,White,<=5s vs 10-15s,1841
SrlXRnJ0,60,0-1,Black,<=5s vs 10-15s,1152
7Byufyl8,59,1-0,White,<=5s vs 15-20s,1612
BS7ph8NK,75,1-0,White,<=5s vs 5-10s,2038
Om5IGMJz,52,1-0,Black,<=5s vs 5-10s,1666
1eNL80H0,83,1-0,White,<=5s vs 10-15s,3140
MnSkHtrl,92,0-1,Black,<=5s vs 5-10s,2263
FlrkJcmi,65,0-1,White,<=5s vs 5-10s,1573
